datetime_msk,chronos_zs_uni,chronos_zs_cov_fcst,chronos_ft_lora_cov_fcst,actual,chronos_ft_full_cov_fcst
2025-10-01 00:00:00,10798.111,10707.397,10685.695,10663.0,10781.695
2025-10-01 01:00:00,10298.695,10287.553,10226.877,10263.0,10335.561
2025-10-01 02:00:00,10057.41,10036.898,9979.029,10039.0,10099.523
2025-10-01 03:00:00,9950.901,9937.997,9854.115,9908.0,10012.732
2025-10-01 04:00:00,9920.741,9922.303,9855.743,9874.0,10015.081
2025-10-01 05:00:00,10000.421,10014.189,9964.061,10046.0,10106.418
2025-10-01 06:00:00,10358.256,10342.155,10269.877,10337.0,10423.12
2025-10-01 07:00:00,10768.554,10767.099,10716.595,10736.0,10863.395
2025-10-01 08:00:00,11305.407,11299.792,11312.511,11222.0,11410.785
2025-10-01 09:00:00,11840.918,11814.592,11834.882,11793.0,11956.908
2025-10-01 10:00:00,12084.41,12044.984,11998.344,12013.0,12200.732
2025-10-01 11:00:00,12101.955,12084.472,12066.085,11973.0,12220.585
2025-10-01 12:00:00,11993.44,11968.27,11953.931,11756.0,12089.168
2025-10-01 13:00:00,11967.1,11933.393,11896.907,11650.0,12054.768
2025-10-01 14:00:00,11928.008,11897.586,11864.033,11627.0,12006.019
2025-10-01 15:00:00,11889.98,11859.031,11822.46,11548.0,11942.079
2025-10-01 16:00:00,11892.026,11875.057,11880.095,11490.0,11987.199
2025-10-01 17:00:00,11769.468,11705.933,11774.896,11420.0,11785.742
2025-10-01 18:00:00,11860.046,11781.717,11833.642,11543.0,11878.284
2025-10-01 19:00:00,12084.354,12004.527,12066.811,12027.0,12154.332
2025-10-01 20:00:00,12180.125,12111.997,12101.49,11956.0,12215.842
2025-10-01 21:00:00,12015.665,11978.6045,11997.13,11812.0,12071.021
2025-10-01 22:00:00,11701.485,11661.424,11694.574,11575.0,11761.447
2025-10-01 23:00:00,11259.486,11193.003,11254.667,11093.0,11290.709
2025-10-02 00:00:00,10748.339,10685.061,10701.699,10646.0,10722.608
2025-10-02 01:00:00,10282.064,10257.042,10239.887,10251.0,10278.299
2025-10-02 02:00:00,10044.023,10007.03,9997.657,10020.0,10044.517
2025-10-02 03:00:00,9917.215,9889.848,9870.655,9889.0,9932.392
2025-10-02 04:00:00,9885.429,9862.051,9862.3955,9911.0,9912.953
2025-10-02 05:00:00,9984.734,9959.128,9972.971,9985.0,10019.932
2025-10-02 06:00:00,10325.149,10281.15,10289.163,10367.0,10327.689
2025-10-02 07:00:00,10715.096,10677.948,10723.599,10861.0,10730.791
2025-10-02 08:00:00,11237.693,11198.09,11315.677,11197.0,11278.763
2025-10-02 09:00:00,11754.315,11690.217,11835.57,11844.0,11806.526
2025-10-02 10:00:00,11993.055,11930.501,12000.564,12069.0,12058.653
2025-10-02 11:00:00,12012.053,11962.17,12053.863,12023.0,12057.245
2025-10-02 12:00:00,11895.315,11840.372,11920.964,11899.0,11901.559
2025-10-02 13:00:00,11851.986,11785.877,11851.247,11818.0,11845.993
2025-10-02 14:00:00,11814.151,11753.337,11812.623,11797.0,11803.131
2025-10-02 15:00:00,11780.633,11721.559,11774.129,11796.0,11751.521
2025-10-02 16:00:00,11793.65,11742.666,11819.705,11726.0,11805.614
2025-10-02 17:00:00,11651.201,11570.65,11698.208,11698.0,11601.824
2025-10-02 18:00:00,11759.092,11686.43,11806.842,11713.0,11735.792
2025-10-02 19:00:00,11991.588,11935.214,12055.543,12073.0,12048.254
2025-10-02 20:00:00,12086.655,12050.696,12094.044,12028.0,12125.5205
2025-10-02 21:00:00,11931.292,11913.578,11967.823,11926.0,11988.079
2025-10-02 22:00:00,11628.391,11606.254,11647.686,11663.0,11675.125
2025-10-02 23:00:00,11196.731,11152.836,11227.025,11174.0,11217.784
2025-10-03 00:00:00,10767.521,10715.955,10705.255,10705.0,10726.165
2025-10-03 01:00:00,10302.147,10293.31,10257.249,10358.0,10296.336
2025-10-03 02:00:00,10066.369,10045.477,10013.983,10194.0,10063.969
2025-10-03 03:00:00,9949.479,9945.422,9887.088,10079.0,9969.907
2025-10-03 04:00:00,9915.763,9937.985,9884.849,10006.0,9973.726
2025-10-03 05:00:00,10005.113,10041.507,10013.309,10099.0,10078.654
2025-10-03 06:00:00,10384.71,10396.601,10348.547,10487.0,10431.47
2025-10-03 07:00:00,10785.552,10799.627,10799.112,10916.0,10848.028
2025-10-03 08:00:00,11258.708,11269.959,11333.045,11431.0,11324.252
2025-10-03 09:00:00,11792.962,11762.888,11842.646,11976.0,11859.038
2025-10-03 10:00:00,12001.5205,11985.012,12002.253,12174.0,12097.852
2025-10-03 11:00:00,11987.32,11998.424,12049.114,12047.0,12086.806
2025-10-03 12:00:00,11855.433,11863.158,11917.131,11908.0,11921.725
2025-10-03 13:00:00,11815.654,11804.968,11843.185,11840.0,11854.126
2025-10-03 14:00:00,11766.365,11748.836,11788.034,11828.0,11789.107
2025-10-03 15:00:00,11713.975,11706.112,11731.033,11779.0,11718.887
2025-10-03 16:00:00,11710.053,11713.738,11762.395,11768.0,11746.347
2025-10-03 17:00:00,11575.792,11542.6455,11691.225,11681.0,11576.441
2025-10-03 18:00:00,11686.269,11659.853,11781.316,11806.0,11688.509
2025-10-03 19:00:00,11947.126,11920.241,12082.949,12138.0,12022.402
2025-10-03 20:00:00,12018.691,11995.372,12086.033,12055.0,12049.819
2025-10-03 21:00:00,11877.901,11877.705,11972.551,11983.0,11947.506
2025-10-03 22:00:00,11620.862,11620.469,11674.661,11740.0,11700.162
2025-10-03 23:00:00,11233.961,11209.434,11291.659,11306.0,11287.9
2025-10-04 00:00:00,10916.764,10864.186,10810.403,10941.0,10902.17
2025-10-04 01:00:00,10498.484,10478.833,10418.471,10477.0,10511.326
2025-10-04 02:00:00,10245.591,10207.297,10159.345,10217.0,10241.005
2025-10-04 03:00:00,10088.277,10077.484,10029.351,10089.0,10124.942
2025-10-04 04:00:00,10039.58,10038.551,10005.713,9998.0,10091.455
2025-10-04 05:00:00,10082.34,10085.366,10073.579,10022.0,10149.831
2025-10-04 06:00:00,10222.693,10236.855,10223.607,10234.0,10285.9795
2025-10-04 07:00:00,10361.562,10405.139,10349.551,10305.0,10417.598
2025-10-04 08:00:00,10714.483,10785.796,10724.611,10576.0,10807.956
2025-10-04 09:00:00,11291.803,11348.52,11293.918,11259.0,11431.668
2025-10-04 10:00:00,11679.875,11729.9375,11714.658,11700.0,11842.837
2025-10-04 11:00:00,11800.535,11840.325,11839.225,11871.0,11946.285
2025-10-04 12:00:00,11762.285,11785.907,11783.753,11839.0,11865.059
2025-10-04 13:00:00,11743.951,11729.561,11718.934,11802.0,11817.6045
2025-10-04 14:00:00,11702.476,11684.475,11669.488,11800.0,11770.039
2025-10-04 15:00:00,11653.909,11642.058,11633.2,11789.0,11712.678
2025-10-04 16:00:00,11637.612,11630.838,11651.64,11775.0,11725.558
2025-10-04 17:00:00,11649.596,11614.02,11697.893,11788.0,11697.882
2025-10-04 18:00:00,11806.128,11757.008,11853.6875,11957.0,11854.46
2025-10-04 19:00:00,12061.603,12003.879,12144.934,12248.0,12214.859
2025-10-04 20:00:00,12107.843,12059.551,12157.595,12050.0,12203.946
2025-10-04 21:00:00,11942.219,11923.982,12035.986,11985.0,12072.045
2025-10-04 22:00:00,11643.762,11629.536,11754.042,11597.0,11773.277
2025-10-04 23:00:00,11279.185,11244.715,11359.798,11200.0,11391.923
2025-10-05 00:00:00,10876.512,10760.109,10873.432,10851.0,10884.394
2025-10-05 01:00:00,10396.006,10345.934,10476.031,10393.0,10433.91
2025-10-05 02:00:00,10165.802,10105.881,10207.953,10274.0,10180.255
2025-10-05 03:00:00,10006.923,9970.4375,10051.453,10078.0,10030.25
2025-10-05 04:00:00,9929.074,9912.058,10000.768,9959.0,9965.631
2025-10-05 05:00:00,9925.243,9909.842,10028.867,9909.0,9987.859
2025-10-05 06:00:00,10040.753,10019.008,10151.057,10006.0,10085.023
2025-10-05 07:00:00,10077.457,10069.28,10205.521,10086.0,10124.953
2025-10-05 08:00:00,10315.576,10345.744,10513.163,10298.0,10398.767
2025-10-05 09:00:00,10865.671,10892.06,11079.036,10873.0,10963.0205
2025-10-05 10:00:00,11286.102,11325.327,11538.975,11316.0,11425.414
2025-10-05 11:00:00,11431.537,11441.966,11676.417,11453.0,11535.184
2025-10-05 12:00:00,11477.533,11456.067,11694.204,11525.0,11539.391
2025-10-05 13:00:00,11449.329,11413.318,11639.34,11548.0,11498.156
2025-10-05 14:00:00,11412.646,11415.062,11598.574,11518.0,11499.424
2025-10-05 15:00:00,11378.965,11402.319,11572.451,11517.0,11472.697
2025-10-05 16:00:00,11368.713,11441.81,11603.592,11526.0,11520.734
2025-10-05 17:00:00,11418.41,11435.9375,11611.809,11614.0,11538.616
2025-10-05 18:00:00,11646.975,11599.228,11797.243,11839.0,11740.893
2025-10-05 19:00:00,11953.611,11838.93,12073.534,12057.0,12022.662
2025-10-05 20:00:00,12070.206,11915.453,12079.009,11880.0,12069.647
2025-10-05 21:00:00,11936.621,11794.752,11961.291,11741.0,11935.05
2025-10-05 22:00:00,11603.201,11470.668,11642.852,11472.0,11593.262
2025-10-05 23:00:00,11190.484,11046.549,11195.155,10919.0,11148.064
2025-10-06 00:00:00,10745.197,10707.571,10690.536,10476.0,10745.112
2025-10-06 01:00:00,10359.052,10355.775,10211.592,10046.0,10341.162
2025-10-06 02:00:00,10131.314,10102.966,9968.121,9793.0,10080.925
2025-10-06 03:00:00,9994.17,9963.826,9832.303,9604.0,9952.882
2025-10-06 04:00:00,9947.317,9909.639,9806.481,9608.0,9903.007
2025-10-06 05:00:00,10044.767,9994.142,9895.237,9708.0,9973.76
2025-10-06 06:00:00,10428.505,10353.614,10232.909,10024.0,10273.071
2025-10-06 07:00:00,10853.09,10751.273,10657.832,10558.0,10687.586
2025-10-06 08:00:00,11353.43,11250.873,11180.685,10972.0,11221.719
2025-10-06 09:00:00,11907.263,11782.39,11806.425,11667.0,11801.139
2025-10-06 10:00:00,12114.718,12031.014,12032.995,11893.0,12076.44
2025-10-06 11:00:00,12114.68,12070.752,12104.914,11974.0,12120.076
2025-10-06 12:00:00,12005.207,11955.772,11995.617,11866.0,12013.635
2025-10-06 13:00:00,11971.513,11933.876,11939.702,11841.0,11987.75
2025-10-06 14:00:00,11921.199,11919.002,11919.652,11751.0,11960.902
2025-10-06 15:00:00,11873.765,11878.775,11878.252,11739.0,11926.984
2025-10-06 16:00:00,11878.54,11899.972,11881.72,11728.0,11948.784
2025-10-06 17:00:00,11772.2705,11764.139,11741.727,11602.0,11792.631
2025-10-06 18:00:00,11882.816,11884.58,11852.445,11710.0,11909.273
2025-10-06 19:00:00,12130.416,12087.952,12050.081,12038.0,12119.18
2025-10-06 20:00:00,12156.864,12119.127,12014.152,11857.0,12093.473
2025-10-06 21:00:00,12007.175,11967.87,11864.243,11648.0,11946.9375
2025-10-06 22:00:00,11686.678,11653.557,11540.008,11410.0,11615.464
2025-10-06 23:00:00,11261.428,11226.34,11098.831,10950.0,11171.7295
2025-10-07 00:00:00,10526.958,10501.107,10462.588,10398.0,10557.568
2025-10-07 01:00:00,10085.41,10114.022,10044.982,10063.0,10106.156
2025-10-07 02:00:00,9853.397,9865.196,9818.732,9861.0,9857.662
2025-10-07 03:00:00,9717.607,9746.643,9677.8125,9760.0,9746.961
2025-10-07 04:00:00,9679.935,9724.047,9655.124,9685.0,9730.952
2025-10-07 05:00:00,9779.455,9820.238,9749.433,9789.0,9815.3545
2025-10-07 06:00:00,10165.455,10197.266,10084.105,10145.0,10183.6455
2025-10-07 07:00:00,10594.91,10588.799,10505.193,10592.0,10606.001
2025-10-07 08:00:00,11089.566,11045.854,10982.657,10964.0,11050.163
2025-10-07 09:00:00,11644.059,11565.527,11552.895,11496.0,11590.962
2025-10-07 10:00:00,11857.8545,11786.179,11764.918,11711.0,11818.8
2025-10-07 11:00:00,11848.949,11807.5625,11798.118,11615.0,11822.715
2025-10-07 12:00:00,11718.365,11722.496,11733.764,11495.0,11727.156
2025-10-07 13:00:00,11684.528,11679.991,11673.437,11518.0,11681.306
2025-10-07 14:00:00,11652.941,11636.275,11626.97,11508.0,11655.836
2025-10-07 15:00:00,11610.021,11582.092,11575.827,11484.0,11603.41
2025-10-07 16:00:00,11614.905,11588.342,11572.065,11507.0,11608.686
2025-10-07 17:00:00,11503.6875,11480.103,11481.712,11475.0,11483.282
2025-10-07 18:00:00,11633.212,11610.086,11592.495,11582.0,11611.76
2025-10-07 19:00:00,11878.907,11821.392,11792.31,11928.0,11860.793
2025-10-07 20:00:00,11897.781,11841.884,11720.623,11794.0,11836.597
2025-10-07 21:00:00,11736.097,11691.383,11572.78,11624.0,11667.823
2025-10-07 22:00:00,11405.076,11354.954,11260.405,11361.0,11363.704
2025-10-07 23:00:00,10949.873,10908.408,10854.952,10890.0,10887.051
2025-10-08 00:00:00,10480.954,10416.35,10434.35,10487.0,10422.158
2025-10-08 01:00:00,10061.477,10028.022,10018.907,10043.0,9986.442
2025-10-08 02:00:00,9828.12,9774.756,9789.955,9783.0,9768.186
2025-10-08 03:00:00,9698.774,9658.873,9641.614,9705.0,9647.788
2025-10-08 04:00:00,9653.429,9619.57,9618.227,9587.0,9623.351
2025-10-08 05:00:00,9749.926,9722.319,9716.66,9774.0,9717.568
2025-10-08 06:00:00,10143.101,10115.13,10083.861,10179.0,10079.621
2025-10-08 07:00:00,10557.037,10524.896,10538.488,10732.0,10501.514
2025-10-08 08:00:00,11022.042,10986.301,10986.527,11012.0,10940.903
2025-10-08 09:00:00,11593.186,11519.696,11580.324,11564.0,11497.741
2025-10-08 10:00:00,11822.5,11757.804,11772.324,11611.0,11719.612
2025-10-08 11:00:00,11833.042,11787.409,11810.181,11657.0,11737.482
2025-10-08 12:00:00,11715.082,11656.52,11715.463,11533.0,11596.124
2025-10-08 13:00:00,11682.655,11597.184,11641.052,11491.0,11525.914
2025-10-08 14:00:00,11639.893,11556.007,11604.668,11458.0,11497.392
2025-10-08 15:00:00,11599.029,11520.156,11550.288,11409.0,11448.886
2025-10-08 16:00:00,11595.825,11521.845,11548.794,11462.0,11472.685
2025-10-08 17:00:00,11475.742,11384.103,11472.392,11344.0,11351.943
2025-10-08 18:00:00,11604.518,11522.811,11601.475,11547.0,11486.987
2025-10-08 19:00:00,11874.73,11784.146,11844.265,11855.0,11780.272
2025-10-08 20:00:00,11880.729,11789.862,11758.308,11712.0,11721.363
2025-10-08 21:00:00,11707.061,11617.095,11587.641,11605.0,11533.571
2025-10-08 22:00:00,11387.01,11301.677,11284.2705,11289.0,11256.493
2025-10-08 23:00:00,10960.125,10862.364,10879.091,10845.0,10797.9
2025-10-09 00:00:00,10550.943,10505.339,10494.242,10351.0,10463.594
2025-10-09 01:00:00,10112.34,10114.804,10082.581,10078.0,10035.722
2025-10-09 02:00:00,9883.771,9878.023,9871.774,9830.0,9826.739
2025-10-09 03:00:00,9758.939,9760.09,9743.297,9812.0,9725.553
2025-10-09 04:00:00,9698.408,9718.531,9720.833,9750.0,9698.266
2025-10-09 05:00:00,9797.422,9840.788,9833.922,9770.0,9813.007
2025-10-09 06:00:00,10222.852,10258.862,10209.795,10166.0,10206.702
2025-10-09 07:00:00,10658.857,10697.366,10676.821,10666.0,10659.988
2025-10-09 08:00:00,11072.582,11109.838,11130.967,11050.0,11052.622
2025-10-09 09:00:00,11618.66,11623.74,11673.952,11604.0,11556.621
2025-10-09 10:00:00,11816.746,11830.52,11840.702,11853.0,11746.981
2025-10-09 11:00:00,11787.319,11819.911,11846.245,11779.0,11723.229
2025-10-09 12:00:00,11666.486,11675.327,11732.827,11630.0,11578.148
2025-10-09 13:00:00,11642.999,11623.36,11675.238,11641.0,11527.502
2025-10-09 14:00:00,11621.541,11592.055,11649.408,11581.0,11512.608
2025-10-09 15:00:00,11586.178,11560.453,11606.601,11554.0,11448.986
2025-10-09 16:00:00,11579.358,11564.105,11629.18,11609.0,11489.951
2025-10-09 17:00:00,11484.596,11421.643,11581.844,11586.0,11400.61
2025-10-09 18:00:00,11631.845,11571.429,11688.767,11712.0,11535.132
2025-10-09 19:00:00,11898.699,11840.737,11929.605,12026.0,11841.91
2025-10-09 20:00:00,11883.16,11828.56,11846.039,11888.0,11785.33
2025-10-09 21:00:00,11702.918,11648.543,11663.25,11710.0,11596.143
2025-10-09 22:00:00,11398.22,11327.524,11353.389,11462.0,11319.837
2025-10-09 23:00:00,10972.548,10888.346,10928.889,10940.0,10841.195
2025-10-10 00:00:00,10507.165,10464.809,10501.894,10508.0,10461.221
2025-10-10 01:00:00,10108.177,10102.663,10071.973,10073.0,10070.434
2025-10-10 02:00:00,9879.022,9861.622,9866.023,9882.0,9854.489
2025-10-10 03:00:00,9777.22,9760.432,9737.234,9825.0,9762.783
2025-10-10 04:00:00,9705.876,9706.893,9710.529,9641.0,9722.669
2025-10-10 05:00:00,9772.782,9786.142,9807.611,9748.0,9799.242
2025-10-10 06:00:00,10202.6455,10163.071,10175.064,10118.0,10152.032
2025-10-10 07:00:00,10635.343,10579.26,10666.56,10714.0,10618.871
2025-10-10 08:00:00,11056.52,10990.004,11117.409,11091.0,11062.918
2025-10-10 09:00:00,11594.784,11516.547,11713.206,11677.0,11645.458
2025-10-10 10:00:00,11747.213,11729.997,11903.431,11880.0,11868.259
2025-10-10 11:00:00,11734.483,11760.584,11948.757,11918.0,11890.904
2025-10-10 12:00:00,11627.506,11678.255,11868.87,11853.0,11807.727
2025-10-10 13:00:00,11590.19,11656.037,11824.375,11785.0,11789.139
2025-10-10 14:00:00,11557.881,11631.931,11815.883,11736.0,11780.611
2025-10-10 15:00:00,11527.951,11605.7,11779.249,11621.0,11750.682
2025-10-10 16:00:00,11518.668,11607.705,11782.267,11687.0,11767.59
2025-10-10 17:00:00,11444.367,11482.155,11682.445,11748.0,11638.292
2025-10-10 18:00:00,11575.796,11609.7705,11810.92,11848.0,11753.561
2025-10-10 19:00:00,11839.817,11817.314,11987.426,12167.0,11985.734
2025-10-10 20:00:00,11808.494,11801.889,11902.689,11928.0,11904.117
2025-10-10 21:00:00,11657.287,11662.666,11730.312,11737.0,11754.489
2025-10-10 22:00:00,11386.285,11386.007,11442.358,11484.0,11491.777
2025-10-10 23:00:00,10993.843,11002.988,11061.304,11078.0,11098.386
2025-10-11 00:00:00,10657.1045,10629.115,10610.166,10696.0,10635.386
2025-10-11 01:00:00,10242.897,10245.701,10249.368,10271.0,10227.857
2025-10-11 02:00:00,9978.328,9978.583,9983.4375,9994.0,9958.114
2025-10-11 03:00:00,9829.971,9866.335,9843.833,9858.0,9839.043
2025-10-11 04:00:00,9742.599,9783.663,9769.232,9823.0,9770.048
2025-10-11 05:00:00,9766.154,9821.273,9811.373,9820.0,9801.386
2025-10-11 06:00:00,9940.281,10029.254,9980.864,9970.0,9972.671
2025-10-11 07:00:00,10066.464,10187.689,10121.353,10234.0,10133.6045
2025-10-11 08:00:00,10367.846,10476.1875,10425.089,10444.0,10444.237
2025-10-11 09:00:00,10953.167,11052.286,11038.1875,11067.0,11035.833
2025-10-11 10:00:00,11348.072,11458.444,11512.746,11584.0,11484.586
2025-10-11 11:00:00,11477.726,11594.025,11662.874,11698.0,11620.411
2025-10-11 12:00:00,11465.965,11585.075,11675.348,11719.0,11635.951
2025-10-11 13:00:00,11474.796,11533.759,11604.549,11700.0,11600.619
2025-10-11 14:00:00,11453.881,11543.643,11594.187,11687.0,11638.813
2025-10-11 15:00:00,11418.086,11541.939,11584.936,11622.0,11627.774
2025-10-11 16:00:00,11409.242,11544.287,11616.355,11632.0,11644.038
2025-10-11 17:00:00,11423.591,11535.54,11660.438,11660.0,11631.7705
2025-10-11 18:00:00,11622.43,11707.087,11840.232,11871.0,11807.624
2025-10-11 19:00:00,11853.337,11903.193,12032.906,12106.0,12022.253
2025-10-11 20:00:00,11796.108,11839.738,11938.758,11904.0,11898.58
2025-10-11 21:00:00,11624.692,11690.385,11775.677,11760.0,11734.773
2025-10-11 22:00:00,11294.413,11372.805,11474.459,11514.0,11414.93
2025-10-11 23:00:00,10919.059,10990.309,11075.363,11048.0,11023.963
2025-10-12 00:00:00,10690.802,10657.279,10719.903,10692.0,10729.724
2025-10-12 01:00:00,10221.755,10249.603,10260.978,10286.0,10295.171
2025-10-12 02:00:00,10022.317,10023.109,10020.412,10056.0,10064.986
2025-10-12 03:00:00,9859.182,9877.478,9870.224,9993.0,9911.913
2025-10-12 04:00:00,9760.002,9786.387,9772.225,9879.0,9816.766
2025-10-12 05:00:00,9756.244,9775.771,9792.337,9911.0,9820.429
2025-10-12 06:00:00,9859.091,9921.686,9910.697,9994.0,9916.627
2025-10-12 07:00:00,9941.932,10021.597,10014.877,10168.0,10036.99
2025-10-12 08:00:00,10172.203,10250.591,10263.3955,10305.0,10254.817
2025-10-12 09:00:00,10717.799,10795.788,10814.478,10808.0,10784.112
2025-10-12 10:00:00,11157.258,11241.557,11273.995,11280.0,11240.484
2025-10-12 11:00:00,11329.987,11398.494,11481.293,11389.0,11447.0205
2025-10-12 12:00:00,11386.166,11459.802,11536.406,11521.0,11540.718
2025-10-12 13:00:00,11378.871,11448.51,11519.981,11517.0,11536.699
2025-10-12 14:00:00,11358.232,11413.3125,11499.904,11518.0,11524.872
2025-10-12 15:00:00,11334.613,11385.143,11481.813,11525.0,11509.88
2025-10-12 16:00:00,11336.734,11393.416,11528.675,11535.0,11536.135
2025-10-12 17:00:00,11414.167,11424.58,11660.32,11600.0,11639.415
2025-10-12 18:00:00,11652.813,11648.94,11914.46,11849.0,11907.097
2025-10-12 19:00:00,11895.978,11885.132,12124.338,12085.0,12138.315
2025-10-12 20:00:00,11854.402,11834.25,11999.684,11887.0,11984.616
2025-10-12 21:00:00,11677.151,11665.629,11844.848,11730.0,11810.814
2025-10-12 22:00:00,11368.971,11362.254,11533.594,11450.0,11512.823
2025-10-12 23:00:00,10932.001,10944.445,11109.092,10994.0,11072.037
2025-10-13 00:00:00,10653.136,10663.371,10794.618,10566.0,10701.346
2025-10-13 01:00:00,10253.988,10317.511,10313.253,10094.0,10370.051
2025-10-13 02:00:00,10023.998,10070.438,10080.739,9830.0,10089.074
2025-10-13 03:00:00,9898.882,9958.179,9951.017,9696.0,9975.781
2025-10-13 04:00:00,9851.284,9898.412,9920.317,9690.0,9948.54
2025-10-13 05:00:00,9928.35,9985.763,10027.601,9756.0,10038.55
2025-10-13 06:00:00,10328.918,10368.642,10371.628,10077.0,10376.936
2025-10-13 07:00:00,10837.963,10829.1,10875.093,10666.0,10922.215
2025-10-13 08:00:00,11262.205,11233.626,11369.776,11151.0,11386.603
2025-10-13 09:00:00,11831.403,11769.8125,11993.733,11771.0,11988.645
2025-10-13 10:00:00,12033.195,11996.139,12239.16,12076.0,12269.559
2025-10-13 11:00:00,12031.114,12037.606,12329.511,12205.0,12303.409
2025-10-13 12:00:00,11931.876,11984.924,12262.025,12085.0,12280.754
2025-10-13 13:00:00,11909.32,11969.227,12223.339,12081.0,12259.708
2025-10-13 14:00:00,11865.069,11925.254,12187.547,12101.0,12200.915
2025-10-13 15:00:00,11809.656,11863.316,12154.714,12116.0,12135.378
2025-10-13 16:00:00,11819.877,11879.492,12188.499,12102.0,12170.915
2025-10-13 17:00:00,11752.729,11798.297,12173.806,12081.0,12131.972
2025-10-13 18:00:00,11915.369,11943.31,12336.429,12271.0,12289.456
2025-10-13 19:00:00,12158.81,12165.087,12474.837,12428.0,12534.085
2025-10-13 20:00:00,12053.65,12071.0625,12329.621,12211.0,12338.811
2025-10-13 21:00:00,11846.247,11892.957,12128.021,11994.0,12117.022
2025-10-13 22:00:00,11552.968,11592.181,11840.021,11776.0,11795.099
2025-10-13 23:00:00,11122.907,11166.256,11399.881,11281.0,11339.879
2025-10-14 00:00:00,10576.043,10620.042,10847.207,10820.0,10773.479
2025-10-14 01:00:00,10151.977,10226.866,10320.569,10416.0,10298.939
2025-10-14 02:00:00,9922.575,9981.15,10109.555,10200.0,10067.433
2025-10-14 03:00:00,9811.411,9867.161,9981.783,10146.0,9968.31
2025-10-14 04:00:00,9754.66,9803.831,9944.942,9967.0,9916.942
2025-10-14 05:00:00,9833.953,9898.667,10051.987,10039.0,10009.5625
2025-10-14 06:00:00,10227.518,10277.074,10399.844,10459.0,10357.724
2025-10-14 07:00:00,10732.791,10743.097,10918.838,11022.0,10892.353
2025-10-14 08:00:00,11159.657,11140.094,11381.017,11362.0,11308.936
2025-10-14 09:00:00,11712.138,11658.412,11958.762,11906.0,11869.025
2025-10-14 10:00:00,11898.236,11858.852,12174.235,12181.0,12084.647
2025-10-14 11:00:00,11891.932,11896.512,12233.349,12204.0,12132.2
2025-10-14 12:00:00,11786.577,11804.242,12169.697,12174.0,12041.218
2025-10-14 13:00:00,11761.751,11786.835,12133.941,12213.0,12040.275
2025-10-14 14:00:00,11728.452,11764.184,12132.58,12284.0,12027.15
2025-10-14 15:00:00,11689.237,11727.147,12107.379,12196.0,11986.931
2025-10-14 16:00:00,11701.252,11754.392,12157.342,12252.0,12044.377
2025-10-14 17:00:00,11647.717,11679.725,12117.867,12200.0,11990.965
2025-10-14 18:00:00,11828.923,11858.978,12331.101,12383.0,12199.54
2025-10-14 19:00:00,12066.179,12073.824,12440.064,12517.0,12428.751
2025-10-14 20:00:00,11971.231,11963.461,12277.576,12307.0,12220.055
2025-10-14 21:00:00,11755.051,11770.858,12082.985,12133.0,12010.249
2025-10-14 22:00:00,11457.222,11474.51,11795.664,11847.0,11705.339
2025-10-14 23:00:00,11021.257,11059.053,11399.367,11383.0,11267.043
2025-10-15 00:00:00,10871.658,10898.115,10990.686,10895.0,10977.295
2025-10-15 01:00:00,10415.713,10482.607,10495.441,10583.0,10543.166
2025-10-15 02:00:00,10199.042,10242.086,10269.048,10311.0,10319.535
2025-10-15 03:00:00,10101.663,10153.637,10119.761,10180.0,10226.981
2025-10-15 04:00:00,9999.85,10047.493,10056.288,10094.0,10142.0205
2025-10-15 05:00:00,10077.227,10127.432,10140.884,10179.0,10209.292
2025-10-15 06:00:00,10499.144,10550.826,10491.7705,10530.0,10577.49
2025-10-15 07:00:00,10992.931,11002.042,10999.344,10997.0,11079.073
2025-10-15 08:00:00,11425.593,11396.449,11469.752,11389.0,11470.849
2025-10-15 09:00:00,11965.404,11919.006,12036.51,11985.0,12010.854
2025-10-15 10:00:00,12186.847,12142.301,12251.292,12279.0,12256.717
2025-10-15 11:00:00,12198.243,12188.721,12311.495,12356.0,12308.316
2025-10-15 12:00:00,12081.413,12089.842,12218.568,12271.0,12208.173
2025-10-15 13:00:00,12076.849,12077.976,12174.803,12305.0,12209.036
2025-10-15 14:00:00,12042.696,12063.592,12160.783,12333.0,12193.426
2025-10-15 15:00:00,12000.339,12020.609,12132.691,12284.0,12153.543
2025-10-15 16:00:00,11983.558,12019.713,12163.124,12281.0,12165.809
2025-10-15 17:00:00,11944.002,11958.102,12184.948,12181.0,12168.781
2025-10-15 18:00:00,12136.485,12144.37,12390.416,12510.0,12384.663
2025-10-15 19:00:00,12377.189,12357.9,12505.341,12580.0,12598.117
2025-10-15 20:00:00,12248.626,12207.757,12327.315,12290.0,12337.434
2025-10-15 21:00:00,12014.88,12000.11,12131.797,12107.0,12118.708
2025-10-15 22:00:00,11723.388,11710.424,11855.758,11831.0,11836.362
2025-10-15 23:00:00,11306.783,11300.114,11438.381,11312.0,11383.539
2025-10-16 00:00:00,10922.136,10878.121,10940.96,10907.0,10945.643
2025-10-16 01:00:00,10490.313,10510.928,10516.191,10575.0,10549.587
2025-10-16 02:00:00,10249.947,10242.92,10278.83,10245.0,10293.212
2025-10-16 03:00:00,10137.983,10137.589,10133.436,10199.0,10176.859
2025-10-16 04:00:00,10033.665,10025.936,10058.898,10077.0,10074.919
2025-10-16 05:00:00,10103.117,10099.818,10127.152,10166.0,10139.723
2025-10-16 06:00:00,10520.403,10492.636,10480.602,10496.0,10496.517
2025-10-16 07:00:00,11007.078,10952.698,10990.719,11056.0,11008.436
2025-10-16 08:00:00,11413.164,11331.274,11424.698,11383.0,11384.854
2025-10-16 09:00:00,11940.997,11844.864,11986.259,11942.0,11919.235
2025-10-16 10:00:00,12171.877,12077.137,12203.915,12227.0,12159.09
2025-10-16 11:00:00,12205.322,12127.145,12264.7295,12267.0,12215.589
2025-10-16 12:00:00,12122.201,12061.335,12212.597,12144.0,12155.257
2025-10-16 13:00:00,12133.23,12046.822,12168.216,12217.0,12153.931
2025-10-16 14:00:00,12108.335,12027.741,12164.252,12204.0,12144.244
2025-10-16 15:00:00,12068.421,11998.363,12140.489,12194.0,12099.692
2025-10-16 16:00:00,12062.063,12007.679,12176.253,12267.0,12126.145
2025-10-16 17:00:00,12041.596,11970.641,12159.702,12262.0,12158.512
2025-10-16 18:00:00,12218.837,12135.309,12335.722,12519.0,12328.689
2025-10-16 19:00:00,12409.833,12306.055,12404.92,12564.0,12491.383
2025-10-16 20:00:00,12268.425,12160.434,12212.708,12349.0,12230.64
2025-10-16 21:00:00,12046.772,11950.112,12003.136,12207.0,12025.118
2025-10-16 22:00:00,11757.872,11658.821,11700.082,11903.0,11740.244
2025-10-16 23:00:00,11349.779,11262.796,11284.22,11483.0,11300.327
2025-10-17 00:00:00,10957.075,10941.666,10929.012,11029.0,10894.211
2025-10-17 01:00:00,10535.052,10551.145,10497.281,10546.0,10516.356
2025-10-17 02:00:00,10285.832,10296.371,10280.244,10311.0,10279.189
2025-10-17 03:00:00,10190.269,10216.152,10141.541,10271.0,10199.233
2025-10-17 04:00:00,10060.905,10126.514,10089.144,10228.0,10140.387
2025-10-17 05:00:00,10131.099,10217.011,10180.634,10295.0,10215.404
2025-10-17 06:00:00,10543.963,10645.794,10549.274,10663.0,10586.84
2025-10-17 07:00:00,11036.853,11101.413,11056.758,11247.0,11076.338
2025-10-17 08:00:00,11443.913,11506.09,11524.521,11645.0,11476.582
2025-10-17 09:00:00,11977.899,12020.602,12063.289,12177.0,11985.416
2025-10-17 10:00:00,12235.615,12227.486,12250.74,12431.0,12189.713
2025-10-17 11:00:00,12268.973,12268.915,12281.331,12456.0,12217.787
2025-10-17 12:00:00,12195.539,12172.927,12200.434,12262.0,12138.273
2025-10-17 13:00:00,12213.167,12159.894,12148.459,12254.0,12127.579
2025-10-17 14:00:00,12184.209,12147.28,12120.549,12246.0,12122.011
2025-10-17 15:00:00,12139.82,12100.613,12087.562,12143.0,12067.265
2025-10-17 16:00:00,12126.978,12116.443,12116.531,12139.0,12114.092
2025-10-17 17:00:00,12088.913,12061.173,12149.993,12107.0,12100.856
2025-10-17 18:00:00,12270.49,12235.212,12361.058,12414.0,12300.233
2025-10-17 19:00:00,12448.439,12399.131,12490.63,12615.0,12501.665
2025-10-17 20:00:00,12267.981,12297.227,12325.745,12401.0,12317.209
2025-10-17 21:00:00,12066.553,12138.041,12166.173,12232.0,12184.7295
2025-10-17 22:00:00,11799.551,11876.32,11912.912,12002.0,11939.989
2025-10-17 23:00:00,11421.804,11494.746,11503.107,11654.0,11533.697
2025-10-18 00:00:00,11156.283,11177.982,11143.153,11297.0,11207.48
2025-10-18 01:00:00,10746.808,10788.371,10760.983,10890.0,10820.302
2025-10-18 02:00:00,10458.903,10501.34,10506.386,10619.0,10552.483
2025-10-18 03:00:00,10318.036,10396.441,10368.467,10488.0,10467.916
2025-10-18 04:00:00,10235.7295,10319.978,10305.304,10315.0,10401.513
2025-10-18 05:00:00,10253.873,10359.008,10350.182,10397.0,10445.57
2025-10-18 06:00:00,10462.069,10614.61,10538.245,10570.0,10667.629
2025-10-18 07:00:00,10689.675,10866.904,10732.631,10827.0,10928.021
2025-10-18 08:00:00,10954.855,11156.135,11029.773,11003.0,11199.034
2025-10-18 09:00:00,11524.112,11742.392,11601.808,11653.0,11811.151
2025-10-18 10:00:00,11955.967,12074.113,12030.447,11973.0,12174.239
2025-10-18 11:00:00,12118.238,12185.066,12135.488,12091.0,12268.611
2025-10-18 12:00:00,12133.9375,12151.498,12124.106,12137.0,12240.018
2025-10-18 13:00:00,12161.762,12124.1875,12066.79,12013.0,12220.781
2025-10-18 14:00:00,12134.414,12102.169,12027.694,11957.0,12215.881
2025-10-18 15:00:00,12108.068,12078.416,12001.934,11905.0,12177.783
2025-10-18 16:00:00,12092.278,12085.907,12036.13,11922.0,12211.7
2025-10-18 17:00:00,12176.197,12097.544,12127.605,11971.0,12229.866
2025-10-18 18:00:00,12380.325,12317.294,12390.693,12364.0,12488.324
2025-10-18 19:00:00,12538.458,12502.695,12561.629,12491.0,12723.512
2025-10-18 20:00:00,12366.922,12393.357,12431.106,12380.0,12519.067
2025-10-18 21:00:00,12159.653,12229.368,12270.433,12200.0,12373.232
2025-10-18 22:00:00,11864.671,11933.577,12007.998,11966.0,12088.787
2025-10-18 23:00:00,11481.835,11567.35,11607.922,11555.0,11712.143
2025-10-19 00:00:00,11247.655,11193.109,11203.238,11217.0,11296.622
2025-10-19 01:00:00,10812.063,10819.699,10798.018,10898.0,10901.201
2025-10-19 02:00:00,10578.614,10595.446,10589.729,10661.0,10709.173
2025-10-19 03:00:00,10428.895,10466.594,10448.627,10497.0,10575.0205
2025-10-19 04:00:00,10315.761,10355.527,10347.66,10436.0,10447.056
2025-10-19 05:00:00,10317.534,10366.615,10373.472,10442.0,10466.518
2025-10-19 06:00:00,10445.936,10514.846,10515.463,10624.0,10625.718
2025-10-19 07:00:00,10577.419,10653.628,10650.82,10823.0,10769.63
2025-10-19 08:00:00,10757.695,10861.4795,10900.907,10946.0,10955.989
2025-10-19 09:00:00,11249.109,11380.332,11439.739,11503.0,11478.848
2025-10-19 10:00:00,11687.965,11811.242,11921.437,11910.0,11945.813
2025-10-19 11:00:00,11856.959,11962.239,12068.61,12005.0,12102.723
2025-10-19 12:00:00,11944.675,12010.205,12127.813,12011.0,12152.389
2025-10-19 13:00:00,11984.344,12012.614,12106.308,11954.0,12164.347
2025-10-19 14:00:00,11954.87,11990.523,12070.981,11895.0,12146.41
2025-10-19 15:00:00,11935.193,11966.951,12069.429,11820.0,12110.125
2025-10-19 16:00:00,11929.818,11972.171,12106.598,11816.0,12121.977
2025-10-19 17:00:00,12076.477,12037.601,12202.188,11898.0,12207.579
2025-10-19 18:00:00,12371.755,12313.208,12508.658,12352.0,12546.575
2025-10-19 19:00:00,12545.291,12496.036,12624.053,12534.0,12712.824
2025-10-19 20:00:00,12397.649,12381.1,12455.362,12280.0,12495.603
2025-10-19 21:00:00,12188.117,12203.665,12287.553,12159.0,12330.034
2025-10-19 22:00:00,11896.19,11899.266,12025.493,11833.0,12038.817
2025-10-19 23:00:00,11501.271,11497.572,11593.063,11396.0,11616.631
2025-10-20 00:00:00,11165.263,11136.182,11160.591,11015.0,11155.307
2025-10-20 01:00:00,10801.276,10773.768,10688.157,10668.0,10755.548
2025-10-20 02:00:00,10559.247,10506.553,10437.729,10390.0,10480.406
2025-10-20 03:00:00,10433.229,10399.292,10303.986,10268.0,10371.126
2025-10-20 04:00:00,10350.359,10318.526,10259.802,10213.0,10322.507
2025-10-20 05:00:00,10438.578,10413.813,10356.956,10283.0,10399.032
2025-10-20 06:00:00,10845.386,10804.512,10718.901,10631.0,10750.973
2025-10-20 07:00:00,11327.548,11306.548,11262.756,11189.0,11343.307
2025-10-20 08:00:00,11720.479,11710.004,11747.449,11642.0,11763.183
2025-10-20 09:00:00,12213.433,12211.641,12326.946,12266.0,12322.785
2025-10-20 10:00:00,12437.704,12432.583,12550.457,12552.0,12581.656
2025-10-20 11:00:00,12479.002,12489.217,12621.7295,12602.0,12638.959
2025-10-20 12:00:00,12394.883,12412.648,12541.9,12450.0,12575.545
2025-10-20 13:00:00,12399.483,12377.743,12487.573,12363.0,12518.8125
2025-10-20 14:00:00,12370.777,12357.76,12494.829,12347.0,12512.538
2025-10-20 15:00:00,12330.577,12323.956,12482.131,12308.0,12461.885
2025-10-20 16:00:00,12328.812,12333.644,12526.48,12339.0,12497.181
2025-10-20 17:00:00,12327.933,12287.742,12504.583,12304.0,12474.414
2025-10-20 18:00:00,12539.079,12496.744,12739.717,12632.0,12754.074
2025-10-20 19:00:00,12692.773,12651.553,12749.1455,12661.0,12853.731
2025-10-20 20:00:00,12527.928,12502.26,12581.833,12410.0,12571.9795
2025-10-20 21:00:00,12306.184,12307.875,12388.17,12307.0,12382.179
2025-10-20 22:00:00,12027.637,12008.011,12091.286,12018.0,12088.062
2025-10-20 23:00:00,11642.494,11610.661,11652.408,11504.0,11659.268
2025-10-21 00:00:00,11111.734,11101.589,11107.14,11012.0,11163.44
2025-10-21 01:00:00,10692.635,10727.549,10686.442,10643.0,10788.85
2025-10-21 02:00:00,10465.376,10477.227,10451.397,10431.0,10542.744
2025-10-21 03:00:00,10357.093,10378.997,10314.184,10344.0,10454.626
2025-10-21 04:00:00,10254.263,10296.639,10266.159,10264.0,10386.9
2025-10-21 05:00:00,10327.688,10394.817,10362.266,10381.0,10466.325
2025-10-21 06:00:00,10756.454,10812.363,10732.397,10679.0,10841.534
2025-10-21 07:00:00,11262.766,11289.963,11254.235,11292.0,11373.785
2025-10-21 08:00:00,11688.299,11694.768,11731.142,11718.0,11787.144
2025-10-21 09:00:00,12171.767,12187.975,12263.242,12244.0,12293.953
2025-10-21 10:00:00,12400.089,12388.143,12458.98,12449.0,12508.936
2025-10-21 11:00:00,12415.609,12428.28,12507.936,12410.0,12547.837
2025-10-21 12:00:00,12297.573,12307.248,12411.426,12309.0,12422.839
2025-10-21 13:00:00,12308.52,12275.873,12361.866,12233.0,12400.642
2025-10-21 14:00:00,12298.226,12249.788,12349.549,12256.0,12384.017
2025-10-21 15:00:00,12252.018,12197.841,12316.702,12228.0,12312.067
2025-10-21 16:00:00,12232.192,12201.281,12338.085,12265.0,12332.758
2025-10-21 17:00:00,12202.112,12147.815,12312.539,12156.0,12328.48
2025-10-21 18:00:00,12461.168,12414.654,12588.126,12534.0,12675.433
2025-10-21 19:00:00,12629.059,12599.667,12620.442,12604.0,12806.058
2025-10-21 20:00:00,12451.862,12447.005,12449.743,12424.0,12538.553
2025-10-21 21:00:00,12217.676,12240.242,12269.695,12286.0,12358.526
2025-10-21 22:00:00,11930.611,11939.78,11976.145,11996.0,12059.653
2025-10-21 23:00:00,11526.882,11522.846,11553.339,11533.0,11622.822
2025-10-22 00:00:00,11126.479,11143.448,11117.981,11106.0,11193.283
2025-10-22 01:00:00,10691.37,10747.19,10713.746,10657.0,10794.059
2025-10-22 02:00:00,10448.175,10490.731,10488.373,10395.0,10563.139
2025-10-22 03:00:00,10343.524,10396.085,10353.374,10317.0,10472.494
2025-10-22 04:00:00,10241.807,10310.376,10307.703,10265.0,10407.175
2025-10-22 05:00:00,10329.979,10413.983,10416.804,10345.0,10495.746
2025-10-22 06:00:00,10760.472,10836.542,10779.399,10717.0,10860.201
2025-10-22 07:00:00,11272.013,11349.569,11313.829,11309.0,11425.514
2025-10-22 08:00:00,11697.839,11762.344,11794.553,11818.0,11839.949
2025-10-22 09:00:00,12204.112,12275.526,12344.874,12285.0,12364.287
2025-10-22 10:00:00,12444.835,12474.968,12537.865,12622.0,12573.434
2025-10-22 11:00:00,12478.283,12506.2,12589.877,12661.0,12615.03
2025-10-22 12:00:00,12369.515,12382.78,12499.499,12624.0,12482.656
2025-10-22 13:00:00,12373.122,12344.723,12444.853,12535.0,12442.915
2025-10-22 14:00:00,12346.747,12317.481,12434.187,12520.0,12412.223
2025-10-22 15:00:00,12305.438,12274.705,12408.006,12388.0,12361.543
2025-10-22 16:00:00,12289.129,12281.801,12448.029,12454.0,12401.176
2025-10-22 17:00:00,12267.645,12220.393,12434.449,12455.0,12382.646
2025-10-22 18:00:00,12522.525,12480.973,12741.973,12820.0,12740.033
2025-10-22 19:00:00,12657.679,12641.009,12738.346,12745.0,12834.549
2025-10-22 20:00:00,12470.153,12476.918,12576.755,12525.0,12568.006
2025-10-22 21:00:00,12251.871,12279.843,12414.707,12309.0,12406.8125
2025-10-22 22:00:00,11961.896,11977.252,12105.792,12037.0,12104.131
2025-10-22 23:00:00,11555.534,11564.582,11670.714,11549.0,11664.077
2025-10-23 00:00:00,11184.556,11118.173,11128.875,11143.0,11165.17
2025-10-23 01:00:00,10752.37,10743.119,10726.394,10776.0,10773.986
2025-10-23 02:00:00,10513.116,10499.177,10498.755,10567.0,10522.29
2025-10-23 03:00:00,10409.639,10400.639,10365.493,10369.0,10419.003
2025-10-23 04:00:00,10314.325,10312.166,10319.923,10316.0,10358.995
2025-10-23 05:00:00,10389.966,10406.893,10416.991,10435.0,10437.108
2025-10-23 06:00:00,10812.445,10812.878,10765.732,10758.0,10782.864
2025-10-23 07:00:00,11329.583,11311.894,11304.449,11342.0,11326.179
2025-10-23 08:00:00,11778.596,11756.615,11799.099,11769.0,11804.877
2025-10-23 09:00:00,12274.813,12250.375,12347.707,12291.0,12318.872
2025-10-23 10:00:00,12497.5,12468.803,12560.227,12513.0,12553.139
2025-10-23 11:00:00,12508.832,12512.258,12620.988,12518.0,12600.985
2025-10-23 12:00:00,12395.438,12407.22,12537.158,12469.0,12509.346
2025-10-23 13:00:00,12390.467,12400.946,12498.693,12438.0,12514.269
2025-10-23 14:00:00,12367.099,12383.427,12501.226,12439.0,12495.537
2025-10-23 15:00:00,12329.45,12338.65,12478.82,12405.0,12450.598
2025-10-23 16:00:00,12311.732,12342.847,12519.209,12457.0,12476.756
2025-10-23 17:00:00,12301.371,12293.421,12485.349,12482.0,12466.709
2025-10-23 18:00:00,12560.217,12514.258,12753.536,12709.0,12774.645
2025-10-23 19:00:00,12690.914,12626.871,12718.976,12750.0,12772.343
2025-10-23 20:00:00,12524.529,12462.298,12528.253,12532.0,12523.372
2025-10-23 21:00:00,12313.311,12264.692,12360.304,12297.0,12350.78
2025-10-23 22:00:00,12028.287,11962.923,12035.901,12029.0,12057.107
2025-10-23 23:00:00,11610.341,11542.947,11601.753,11607.0,11606.849
2025-10-24 00:00:00,11218.287,11199.884,11134.17,11135.0,11174.594
2025-10-24 01:00:00,10773.272,10805.705,10726.105,10705.0,10777.258
2025-10-24 02:00:00,10527.935,10542.349,10479.683,10436.0,10519.391
2025-10-24 03:00:00,10410.604,10431.168,10339.813,10343.0,10401.503
2025-10-24 04:00:00,10305.084,10329.771,10283.345,10291.0,10327.78
2025-10-24 05:00:00,10391.251,10423.603,10370.98,10373.0,10417.273
2025-10-24 06:00:00,10812.275,10831.117,10721.992,10725.0,10769.36
2025-10-24 07:00:00,11341.272,11337.211,11273.438,11314.0,11326.032
2025-10-24 08:00:00,11785.109,11752.478,11735.059,11750.0,11753.211
2025-10-24 09:00:00,12278.739,12250.631,12282.057,12221.0,12276.653
2025-10-24 10:00:00,12526.801,12503.717,12532.696,12483.0,12544.566
2025-10-24 11:00:00,12568.251,12573.673,12614.164,12600.0,12619.1875
2025-10-24 12:00:00,12474.585,12522.234,12575.128,12547.0,12588.039
2025-10-24 13:00:00,12457.56,12514.535,12532.582,12513.0,12581.881
2025-10-24 14:00:00,12414.068,12488.198,12519.625,12512.0,12554.033
2025-10-24 15:00:00,12364.733,12437.21,12474.636,12463.0,12495.845
2025-10-24 16:00:00,12349.875,12427.591,12496.357,12491.0,12509.165
2025-10-24 17:00:00,12339.323,12401.442,12506.46,12485.0,12509.13
2025-10-24 18:00:00,12575.512,12587.678,12741.15,12697.0,12757.742
2025-10-24 19:00:00,12704.744,12696.25,12715.194,12667.0,12791.025
2025-10-24 20:00:00,12543.451,12516.934,12508.909,12394.0,12526.57
2025-10-24 21:00:00,12331.009,12322.801,12329.791,12215.0,12344.409
2025-10-24 22:00:00,12061.973,12042.756,12032.934,11912.0,12065.917
2025-10-24 23:00:00,11706.965,11684.461,11637.003,11503.0,11683.45
2025-10-25 00:00:00,11305.077,11240.129,11206.228,11121.0,11226.638
2025-10-25 01:00:00,10926.053,10863.955,10852.416,10705.0,10834.734
2025-10-25 02:00:00,10634.075,10564.915,10559.545,10471.0,10533.3955
2025-10-25 03:00:00,10460.729,10425.208,10394.4795,10237.0,10383.813
2025-10-25 04:00:00,10364.284,10325.524,10295.0,10186.0,10292.218
2025-10-25 05:00:00,10396.527,10356.174,10332.064,10180.0,10322.304
2025-10-25 06:00:00,10605.632,10578.923,10505.256,10319.0,10475.309
2025-10-25 07:00:00,10849.799,10849.884,10705.203,10539.0,10721.533
2025-10-25 08:00:00,11119.513,11125.821,10950.008,10828.0,10985.973
2025-10-25 09:00:00,11670.166,11665.316,11504.485,11257.0,11517.36
2025-10-25 10:00:00,12069.133,12051.014,11970.456,11769.0,11921.155
2025-10-25 11:00:00,12219.867,12194.823,12107.734,11981.0,12068.096
2025-10-25 12:00:00,12225.577,12211.268,12155.235,12024.0,12112.118
2025-10-25 13:00:00,12222.15,12195.232,12097.528,12023.0,12071.578
2025-10-25 14:00:00,12164.996,12146.1455,12031.763,12049.0,12037.977
2025-10-25 15:00:00,12122.956,12113.625,11984.655,11999.0,11997.117
2025-10-25 16:00:00,12110.493,12109.528,11989.711,12063.0,12001.903
2025-10-25 17:00:00,12202.037,12182.539,12079.02,12090.0,12123.689
2025-10-25 18:00:00,12512.198,12425.185,12339.018,12417.0,12424.83
2025-10-25 19:00:00,12635.332,12537.165,12435.042,12425.0,12503.159
2025-10-25 20:00:00,12485.229,12379.352,12224.913,12081.0,12291.812
2025-10-25 21:00:00,12264.265,12173.423,12051.483,11992.0,12103.879
2025-10-25 22:00:00,11977.213,11888.516,11783.941,11726.0,11818.26
2025-10-25 23:00:00,11607.276,11510.046,11393.276,11399.0,11418.498
2025-10-26 00:00:00,11064.453,10959.228,10961.795,11036.0,10947.97
2025-10-26 01:00:00,10648.108,10594.453,10539.201,10568.0,10532.864
2025-10-26 02:00:00,10406.008,10344.978,10281.471,10326.0,10301.765
2025-10-26 03:00:00,10235.882,10200.867,10154.364,10220.0,10163.861
2025-10-26 04:00:00,10130.553,10106.767,10056.459,10106.0,10087.87
2025-10-26 05:00:00,10139.052,10137.068,10071.327,10100.0,10119.437
2025-10-26 06:00:00,10290.077,10299.358,10196.003,10243.0,10237.5625
2025-10-26 07:00:00,10436.6045,10479.645,10355.645,10401.0,10427.395
2025-10-26 08:00:00,10649.174,10675.641,10587.262,10603.0,10646.176
2025-10-26 09:00:00,11146.387,11182.711,11104.19,11000.0,11118.952
2025-10-26 10:00:00,11568.1875,11633.55,11593.969,11547.0,11578.25
2025-10-26 11:00:00,11734.411,11803.753,11804.234,11747.0,11779.525
2025-10-26 12:00:00,11823.45,11899.012,11888.061,11855.0,11887.392
2025-10-26 13:00:00,11838.441,11881.202,11864.953,11878.0,11891.65
2025-10-26 14:00:00,11803.044,11862.42,11843.096,11947.0,11891.944
2025-10-26 15:00:00,11780.637,11851.947,11847.645,11883.0,11880.896
2025-10-26 16:00:00,11784.28,11868.147,11881.147,11960.0,11900.656
2025-10-26 17:00:00,11947.872,11963.537,11979.582,12071.0,11987.121
2025-10-26 18:00:00,12289.556,12267.636,12306.973,12408.0,12333.695
2025-10-26 19:00:00,12394.29,12346.798,12377.716,12416.0,12357.83
2025-10-26 20:00:00,12241.64,12170.655,12133.197,12235.0,12105.097
2025-10-26 21:00:00,12034.667,11972.795,11955.638,12093.0,11913.072
2025-10-26 22:00:00,11733.658,11675.767,11662.325,11747.0,11615.631
2025-10-26 23:00:00,11312.568,11276.579,11264.35,11318.0,11208.965
2025-10-27 00:00:00,10886.516,10925.969,10916.988,10922.0,10906.041
2025-10-27 01:00:00,10509.045,10568.09,10453.131,10471.0,10489.69
2025-10-27 02:00:00,10245.513,10299.476,10216.643,10277.0,10217.676
2025-10-27 03:00:00,10116.205,10166.283,10056.049,10080.0,10064.548
2025-10-27 04:00:00,10057.318,10100.07,10000.447,10107.0,10022.557
2025-10-27 05:00:00,10130.438,10190.081,10062.792,10099.0,10105.728
2025-10-27 06:00:00,10512.705,10556.533,10401.041,10445.0,10420.081
2025-10-27 07:00:00,11067.094,11075.039,10928.293,10899.0,10984.103
2025-10-27 08:00:00,11542.782,11536.455,11387.362,11389.0,11479.382
2025-10-27 09:00:00,12059.787,12052.131,11988.115,11912.0,12019.878
2025-10-27 10:00:00,12302.639,12324.734,12316.06,12248.0,12338.83
2025-10-27 11:00:00,12353.58,12407.039,12427.606,12373.0,12440.42
2025-10-27 12:00:00,12278.898,12356.609,12403.67,12310.0,12391.002
2025-10-27 13:00:00,12280.582,12343.443,12358.9375,12285.0,12368.71
2025-10-27 14:00:00,12251.724,12317.84,12365.711,12337.0,12372.506
2025-10-27 15:00:00,12214.895,12290.221,12347.41,12337.0,12338.799
2025-10-27 16:00:00,12227.585,12320.125,12395.546,12382.0,12383.283
2025-10-27 17:00:00,12232.739,12275.988,12390.25,12377.0,12395.19
2025-10-27 18:00:00,12474.891,12497.408,12636.794,12686.0,12664.132
2025-10-27 19:00:00,12517.055,12524.652,12564.053,12660.0,12603.857
2025-10-27 20:00:00,12301.773,12316.811,12301.708,12350.0,12337.496
2025-10-27 21:00:00,12084.582,12108.503,12108.69,12196.0,12137.285
2025-10-27 22:00:00,11803.889,11825.376,11813.404,11925.0,11850.294
2025-10-27 23:00:00,11383.461,11415.27,11418.376,11459.0,11423.687
2025-10-28 00:00:00,10921.299,10962.08,11001.773,11092.0,11013.278
2025-10-28 01:00:00,10515.908,10576.612,10556.229,10586.0,10593.979
2025-10-28 02:00:00,10285.272,10326.545,10323.756,10428.0,10347.392
2025-10-28 03:00:00,10157.542,10198.834,10180.02,10280.0,10213.268
2025-10-28 04:00:00,10085.31,10115.683,10122.784,10222.0,10162.358
2025-10-28 05:00:00,10150.094,10206.778,10197.282,10310.0,10254.754
2025-10-28 06:00:00,10536.674,10597.352,10549.043,10609.0,10592.134
2025-10-28 07:00:00,11051.01,11104.882,11082.205,11019.0,11128.097
2025-10-28 08:00:00,11504.947,11551.098,11558.56,11440.0,11596.855
2025-10-28 09:00:00,11991.857,12026.952,12077.419,11952.0,12062.851
2025-10-28 10:00:00,12239.928,12278.157,12350.439,12243.0,12327.188
2025-10-28 11:00:00,12280.602,12351.027,12443.962,12360.0,12398.974
2025-10-28 12:00:00,12208.515,12302.009,12422.683,12314.0,12370.81
2025-10-28 13:00:00,12214.294,12299.228,12385.56,12270.0,12369.871
2025-10-28 14:00:00,12193.256,12290.587,12402.852,12369.0,12377.18
2025-10-28 15:00:00,12163.274,12267.77,12390.239,12318.0,12353.704
2025-10-28 16:00:00,12166.337,12270.396,12423.455,12363.0,12390.925
2025-10-28 17:00:00,12170.176,12246.916,12428.388,12326.0,12395.865
2025-10-28 18:00:00,12433.7705,12493.354,12679.087,12620.0,12699.372
2025-10-28 19:00:00,12461.547,12515.347,12593.555,12639.0,12649.717
2025-10-28 20:00:00,12277.948,12304.049,12349.802,12336.0,12387.41
2025-10-28 21:00:00,12061.335,12103.372,12158.607,12214.0,12195.999
2025-10-28 22:00:00,11778.245,11825.398,11849.467,11949.0,11902.807
2025-10-28 23:00:00,11362.82,11421.138,11462.549,11526.0,11474.989
2025-10-29 00:00:00,11077.536,11087.871,11105.411,11104.0,11125.899
2025-10-29 01:00:00,10618.273,10688.714,10676.483,10628.0,10700.197
2025-10-29 02:00:00,10408.22,10443.271,10448.927,10413.0,10465.676
2025-10-29 03:00:00,10268.873,10305.538,10289.857,10310.0,10311.873
2025-10-29 04:00:00,10196.005,10225.257,10239.161,10200.0,10274.051
2025-10-29 05:00:00,10268.236,10305.74,10303.811,10303.0,10352.949
2025-10-29 06:00:00,10627.496,10652.134,10623.651,10653.0,10636.3
2025-10-29 07:00:00,11096.578,11114.68,11105.301,11102.0,11100.856
2025-10-29 08:00:00,11548.506,11546.09,11571.167,11540.0,11557.663
2025-10-29 09:00:00,12035.554,12039.697,12085.975,12061.0,12035.247
2025-10-29 10:00:00,12300.67,12304.881,12383.79,12331.0,12334.738
2025-10-29 11:00:00,12378.162,12394.764,12492.914,12362.0,12438.131
2025-10-29 12:00:00,12323.784,12360.753,12480.123,12380.0,12423.019
2025-10-29 13:00:00,12334.951,12372.113,12453.734,12275.0,12428.775
2025-10-29 14:00:00,12319.625,12372.512,12463.247,12300.0,12436.449
2025-10-29 15:00:00,12292.957,12350.768,12442.87,12260.0,12411.071
2025-10-29 16:00:00,12290.431,12344.06,12484.373,12359.0,12437.512
2025-10-29 17:00:00,12315.667,12326.772,12492.9375,12381.0,12462.758
2025-10-29 18:00:00,12594.467,12563.5,12737.445,12630.0,12758.615
2025-10-29 19:00:00,12600.63,12580.444,12655.884,12664.0,12692.873
2025-10-29 20:00:00,12370.159,12350.047,12390.541,12359.0,12412.648
2025-10-29 21:00:00,12158.071,12142.087,12206.694,12207.0,12221.711
2025-10-29 22:00:00,11882.123,11868.709,11912.493,11912.0,11931.424
2025-10-29 23:00:00,11481.378,11478.203,11538.971,11552.0,11524.79
2025-10-30 00:00:00,11117.672,11101.708,11151.277,11120.0,11122.771
2025-10-30 01:00:00,10647.727,10679.016,10701.648,10715.0,10669.229
2025-10-30 02:00:00,10420.127,10428.065,10470.559,10472.0,10438.085
2025-10-30 03:00:00,10286.8545,10283.812,10324.938,10287.0,10293.99
2025-10-30 04:00:00,10195.708,10185.775,10268.744,10251.0,10226.624
2025-10-30 05:00:00,10275.595,10276.63,10328.793,10340.0,10321.92
2025-10-30 06:00:00,10650.817,10648.369,10651.322,10657.0,10638.598
2025-10-30 07:00:00,11123.101,11115.165,11126.014,11112.0,11115.993
2025-10-30 08:00:00,11556.979,11547.334,11570.441,11586.0,11569.054
2025-10-30 09:00:00,12037.194,12020.501,12061.042,12055.0,12010.873
2025-10-30 10:00:00,12301.865,12282.445,12336.688,12265.0,12285.578
2025-10-30 11:00:00,12378.776,12361.788,12430.235,12371.0,12364.126
2025-10-30 12:00:00,12336.685,12318.691,12396.109,12307.0,12327.706
2025-10-30 13:00:00,12349.1455,12312.401,12353.829,12342.0,12314.234
2025-10-30 14:00:00,12339.346,12319.536,12377.478,12367.0,12334.725
2025-10-30 15:00:00,12322.754,12310.817,12389.963,12328.0,12330.523
2025-10-30 16:00:00,12329.012,12341.483,12446.696,12330.0,12380.577
2025-10-30 17:00:00,12359.408,12323.8545,12453.571,12466.0,12395.201
2025-10-30 18:00:00,12621.023,12572.108,12705.83,12675.0,12712.578
2025-10-30 19:00:00,12610.203,12571.924,12629.257,12592.0,12651.713
2025-10-30 20:00:00,12381.983,12342.127,12374.78,12385.0,12379.389
2025-10-30 21:00:00,12178.318,12140.526,12206.993,12248.0,12209.123
2025-10-30 22:00:00,11912.035,11874.031,11914.868,11955.0,11931.05
2025-10-30 23:00:00,11518.031,11476.451,11537.066,11516.0,11515.661
2025-10-31 00:00:00,11179.589,11160.821,11171.017,11102.0,11170.806
2025-10-31 01:00:00,10708.755,10756.476,10732.546,10723.0,10751.107
2025-10-31 02:00:00,10477.899,10517.729,10513.171,10543.0,10518.527
2025-10-31 03:00:00,10332.407,10376.853,10366.901,10353.0,10364.003
2025-10-31 04:00:00,10254.272,10301.658,10327.187,10271.0,10330.664
2025-10-31 05:00:00,10336.327,10394.767,10405.408,10345.0,10432.158
2025-10-31 06:00:00,10706.662,10750.365,10734.132,10663.0,10729.97
2025-10-31 07:00:00,11187.3125,11208.907,11209.436,11124.0,11193.307
2025-10-31 08:00:00,11646.43,11637.645,11673.064,11671.0,11663.096
2025-10-31 09:00:00,12109.502,12105.734,12165.055,12038.0,12119.962
2025-10-31 10:00:00,12365.515,12377.384,12453.032,12361.0,12413.733
2025-10-31 11:00:00,12439.485,12472.904,12560.52,12476.0,12514.138
2025-10-31 12:00:00,12400.711,12447.566,12537.098,12425.0,12514.549
2025-10-31 13:00:00,12391.711,12438.863,12492.326,12476.0,12488.926
2025-10-31 14:00:00,12371.083,12425.43,12501.911,12405.0,12490.431
2025-10-31 15:00:00,12344.824,12401.135,12481.817,12372.0,12461.489
2025-10-31 16:00:00,12349.749,12413.066,12534.92,12398.0,12505.38
2025-10-31 17:00:00,12378.5625,12397.463,12537.601,12426.0,12500.626
2025-10-31 18:00:00,12607.515,12610.838,12754.447,12727.0,12770.918
2025-10-31 19:00:00,12630.84,12644.338,12707.016,12679.0,12752.271
2025-10-31 20:00:00,12391.466,12425.168,12443.692,12425.0,12480.12
2025-10-31 21:00:00,12187.135,12239.089,12278.554,12229.0,12312.6455
2025-10-31 22:00:00,11947.345,11993.863,12003.154,12008.0,12061.936
2025-10-31 23:00:00,11619.484,11645.566,11675.097,11609.0,11711.765
2025-11-01 00:00:00,11272.186,11304.907,11273.81,11197.0,11312.037
2025-11-01 01:00:00,10846.166,10924.516,10911.922,10772.0,10886.519
2025-11-01 02:00:00,10570.023,10693.773,10697.015,10485.0,10676.05
2025-11-01 03:00:00,10379.421,10537.385,10545.497,10339.0,10518.861
2025-11-01 04:00:00,10275.371,10445.228,10474.915,10364.0,10455.573
2025-11-01 05:00:00,10300.024,10488.123,10534.405,10384.0,10515.447
2025-11-01 06:00:00,10469.863,10668.519,10774.599,10685.0,10719.541
2025-11-01 07:00:00,10690.694,10976.743,11160.588,11056.0,11088.551
2025-11-01 08:00:00,10963.509,11292.725,11540.04,11512.0,11480.19
2025-11-01 09:00:00,11444.719,11764.213,11973.525,11959.0,11941.41
2025-11-01 10:00:00,11879.516,12124.162,12270.055,12317.0,12269.561
2025-11-01 11:00:00,12068.066,12291.264,12376.331,12393.0,12409.894
2025-11-01 12:00:00,12125.367,12301.813,12369.4375,12533.0,12411.222
2025-11-01 13:00:00,12140.406,12308.973,12341.695,12513.0,12422.302
2025-11-01 14:00:00,12125.522,12306.195,12333.075,12498.0,12425.488
2025-11-01 15:00:00,12094.521,12254.372,12307.14,12359.0,12387.155
2025-11-01 16:00:00,12096.4375,12261.845,12337.699,12303.0,12398.32
2025-11-01 17:00:00,12182.314,12324.068,12444.238,12476.0,12482.995
2025-11-01 18:00:00,12466.891,12543.738,12680.334,12704.0,12722.763
2025-11-01 19:00:00,12490.194,12584.489,12616.234,12708.0,12697.763
2025-11-01 20:00:00,12274.502,12409.548,12377.092,12380.0,12470.458
2025-11-01 21:00:00,12075.138,12198.147,12236.814,12229.0,12300.905
2025-11-01 22:00:00,11832.745,11961.203,11959.861,11978.0,12060.975
2025-11-01 23:00:00,11516.426,11664.947,11647.351,11624.0,11723.949
2025-11-02 00:00:00,11348.838,11258.461,11243.796,11294.0,11257.776
2025-11-02 01:00:00,10901.293,10852.947,10887.423,10899.0,10817.936
2025-11-02 02:00:00,10655.485,10630.459,10629.902,10589.0,10593.076
2025-11-02 03:00:00,10490.878,10465.859,10496.143,10472.0,10449.1
2025-11-02 04:00:00,10405.156,10381.833,10411.578,10394.0,10391.715
2025-11-02 05:00:00,10419.194,10407.816,10436.146,10315.0,10415.223
2025-11-02 06:00:00,10596.185,10585.418,10565.94,10393.0,10523.892
2025-11-02 07:00:00,10776.7295,10786.357,10724.281,10637.0,10666.727
2025-11-02 08:00:00,11013.683,11037.906,10966.164,10910.0,10908.511
2025-11-02 09:00:00,11447.152,11484.367,11423.405,11208.0,11288.227
2025-11-02 10:00:00,11886.601,11902.458,11903.814,11757.0,11763.108
2025-11-02 11:00:00,12067.317,12074.325,12091.163,11971.0,11975.729
2025-11-02 12:00:00,12141.88,12129.366,12143.818,12166.0,12074.155
2025-11-02 13:00:00,12165.391,12136.239,12119.92,12128.0,12076.168
2025-11-02 14:00:00,12156.074,12124.906,12096.618,12115.0,12080.47
2025-11-02 15:00:00,12125.089,12107.14,12085.547,12055.0,12053.992
2025-11-02 16:00:00,12125.88,12116.287,12127.235,12151.0,12089.976
2025-11-02 17:00:00,12298.094,12237.115,12228.963,12408.0,12179.663
2025-11-02 18:00:00,12628.394,12508.441,12544.154,12627.0,12506.215
2025-11-02 19:00:00,12643.32,12520.445,12509.879,12620.0,12467.802
2025-11-02 20:00:00,12442.852,12324.76,12278.715,12319.0,12238.219
2025-11-02 21:00:00,12250.581,12129.857,12124.641,12179.0,12058.521
2025-11-02 22:00:00,11976.609,11839.827,11834.373,11886.0,11773.571
2025-11-02 23:00:00,11593.518,11460.166,11464.455,11609.0,11385.202
2025-11-03 00:00:00,11148.164,11108.322,11198.491,11228.0,11058.216
2025-11-03 01:00:00,10750.849,10683.063,10774.485,10789.0,10613.254
2025-11-03 02:00:00,10510.543,10438.131,10511.101,10589.0,10365.938
2025-11-03 03:00:00,10342.248,10275.064,10389.391,10395.0,10211.746
2025-11-03 04:00:00,10272.981,10202.758,10313.087,10253.0,10156.151
2025-11-03 05:00:00,10343.736,10278.068,10312.402,10286.0,10202.428
2025-11-03 06:00:00,10715.793,10611.254,10433.867,10446.0,10441.987
2025-11-03 07:00:00,11216.044,11059.711,10613.853,10655.0,10801.854
2025-11-03 08:00:00,11703.393,11529.103,10888.664,10893.0,11238.569
2025-11-03 09:00:00,12178.07,11980.646,11363.062,11360.0,11649.451
2025-11-03 10:00:00,12445.939,12254.557,11814.71,11878.0,11997.304
2025-11-03 11:00:00,12539.7705,12355.703,12020.447,12096.0,12136.393
2025-11-03 12:00:00,12507.271,12339.919,12083.495,12245.0,12181.46
2025-11-03 13:00:00,12519.191,12365.305,12046.778,12220.0,12191.482
2025-11-03 14:00:00,12499.914,12364.661,12030.15,12240.0,12190.515
2025-11-03 15:00:00,12464.353,12324.651,12004.872,12172.0,12166.624
2025-11-03 16:00:00,12458.595,12341.867,12036.365,12219.0,12193.284
2025-11-03 17:00:00,12529.953,12325.871,12143.302,12393.0,12207.07
2025-11-03 18:00:00,12786.22,12585.065,12394.167,12578.0,12474.704
2025-11-03 19:00:00,12730.671,12527.888,12362.15,12505.0,12377.766
2025-11-03 20:00:00,12478.598,12284.44,12138.612,12213.0,12106.945
2025-11-03 21:00:00,12276.481,12096.068,11972.956,12073.0,11926.449
2025-11-03 22:00:00,12010.133,11836.562,11699.667,11776.0,11676.699
2025-11-03 23:00:00,11617.315,11457.657,11364.899,11426.0,11296.879
2025-11-04 00:00:00,11122.806,10988.433,11052.672,11059.0,11084.166
2025-11-04 01:00:00,10730.067,10626.089,10605.831,10707.0,10639.154
2025-11-04 02:00:00,10524.45,10454.37,10359.97,10427.0,10450.617
2025-11-04 03:00:00,10365.496,10297.0,10218.095,10272.0,10262.042
2025-11-04 04:00:00,10283.389,10213.772,10114.784,10145.0,10179.645
2025-11-04 05:00:00,10320.472,10235.385,10076.418,10163.0,10195.468
2025-11-04 06:00:00,10589.801,10404.334,10172.549,10307.0,10368.452
2025-11-04 07:00:00,10993.512,10659.147,10303.415,10498.0,10586.269
2025-11-04 08:00:00,11443.115,10987.186,10554.087,10770.0,10896.602
2025-11-04 09:00:00,11910.73,11426.033,10977.192,11201.0,11300.811
2025-11-04 10:00:00,12200.865,11769.747,11508.143,11630.0,11700.555
2025-11-04 11:00:00,12329.06,11928.766,11740.932,11872.0,11911.58
2025-11-04 12:00:00,12350.124,11980.752,11863.7705,11931.0,11983.194
2025-11-04 13:00:00,12377.446,11998.283,11844.943,11985.0,12003.931
2025-11-04 14:00:00,12365.958,11995.408,11845.232,11938.0,12016.637
2025-11-04 15:00:00,12331.815,11945.209,11776.891,11916.0,11984.733
2025-11-04 16:00:00,12342.126,11955.256,11819.922,11967.0,12025.802
2025-11-04 17:00:00,12395.95,12022.15,11925.311,12193.0,12139.65
2025-11-04 18:00:00,12617.876,12269.339,12183.243,12505.0,12435.482
2025-11-04 19:00:00,12578.457,12243.058,12156.24,12474.0,12356.542
2025-11-04 20:00:00,12358.974,12030.641,11936.064,12216.0,12067.588
2025-11-04 21:00:00,12161.03,11871.848,11794.744,12074.0,11904.928
2025-11-04 22:00:00,11892.273,11615.659,11544.482,11771.0,11637.149
2025-11-04 23:00:00,11527.077,11300.737,11304.037,11303.0,11304.891
2025-11-05 00:00:00,11046.767,11107.927,11027.714,10993.0,11021.629
2025-11-05 01:00:00,10614.625,10642.664,10520.669,10514.0,10459.976
2025-11-05 02:00:00,10376.135,10383.876,10298.128,10268.0,10198.687
2025-11-05 03:00:00,10221.775,10219.3125,10137.006,10132.0,10044.744
2025-11-05 04:00:00,10159.137,10132.791,10073.729,10075.0,9985.586
2025-11-05 05:00:00,10211.314,10178.79,10133.535,10196.0,10062.596
2025-11-05 06:00:00,10510.361,10440.137,10447.729,10534.0,10339.396
2025-11-05 07:00:00,10925.462,10806.69,10923.404,11052.0,10804.594
2025-11-05 08:00:00,11369.541,11223.12,11384.5,11612.0,11304.877
2025-11-05 09:00:00,11816.766,11659.044,11904.222,11980.0,11800.926
2025-11-05 10:00:00,12101.079,12015.124,12228.41,12209.0,12131.865
2025-11-05 11:00:00,12244.585,12176.739,12340.739,12269.0,12260.721
2025-11-05 12:00:00,12258.073,12210.136,12338.609,12333.0,12258.545
2025-11-05 13:00:00,12280.889,12225.915,12295.164,12322.0,12244.617
2025-11-05 14:00:00,12265.383,12214.358,12300.815,12375.0,12240.645
2025-11-05 15:00:00,12232.93,12189.287,12269.677,12294.0,12220.023
2025-11-05 16:00:00,12246.105,12203.68,12300.08,12393.0,12230.739
2025-11-05 17:00:00,12365.334,12270.359,12326.945,12447.0,12276.729
2025-11-05 18:00:00,12571.925,12461.078,12516.379,12628.0,12512.814
2025-11-05 19:00:00,12501.677,12392.368,12416.83,12520.0,12404.878
2025-11-05 20:00:00,12260.551,12141.978,12148.612,12288.0,12117.52
2025-11-05 21:00:00,12057.495,11953.472,11947.209,12143.0,11926.224
2025-11-05 22:00:00,11787.805,11689.917,11685.855,11883.0,11659.419
2025-11-05 23:00:00,11433.841,11348.898,11337.554,11358.0,11283.344
2025-11-06 00:00:00,11087.82,11070.002,10995.846,10943.0,11020.582
2025-11-06 01:00:00,10631.666,10638.929,10532.413,10532.0,10549.621
2025-11-06 02:00:00,10408.934,10409.436,10294.608,10351.0,10335.633
2025-11-06 03:00:00,10257.716,10252.769,10142.9,10176.0,10198.295
2025-11-06 04:00:00,10194.201,10188.534,10068.761,10159.0,10151.88
2025-11-06 05:00:00,10273.143,10275.565,10119.064,10159.0,10232.97
2025-11-06 06:00:00,10622.412,10610.877,10444.693,10494.0,10526.219
2025-11-06 07:00:00,11107.846,11062.046,10915.253,11089.0,10986.278
2025-11-06 08:00:00,11602.094,11521.715,11400.544,11625.0,11466.605
2025-11-06 09:00:00,12063.2,11953.889,11815.428,11988.0,11864.611
2025-11-06 10:00:00,12297.517,12216.678,12093.85,12235.0,12138.369
2025-11-06 11:00:00,12373.889,12317.025,12188.452,12251.0,12219.515
2025-11-06 12:00:00,12343.092,12305.592,12177.939,12335.0,12222.923
2025-11-06 13:00:00,12355.184,12316.811,12153.6,12308.0,12217.457
2025-11-06 14:00:00,12350.8125,12313.088,12171.871,12360.0,12222.149
2025-11-06 15:00:00,12322.984,12287.741,12145.743,12275.0,12207.848
2025-11-06 16:00:00,12328.862,12296.53,12177.255,12344.0,12232.096
2025-11-06 17:00:00,12397.184,12357.791,12245.227,12513.0,12316.743
2025-11-06 18:00:00,12641.243,12574.556,12460.213,12604.0,12574.268
2025-11-06 19:00:00,12576.293,12512.192,12363.261,12570.0,12476.62
2025-11-06 20:00:00,12341.503,12273.204,12102.717,12292.0,12205.018
2025-11-06 21:00:00,12138.525,12074.632,11929.05,12195.0,12031.406
2025-11-06 22:00:00,11871.102,11802.299,11663.901,11890.0,11765.947
2025-11-06 23:00:00,11483.522,11427.391,11303.759,11470.0,11376.432
2025-11-07 00:00:00,11069.343,11106.451,11009.027,10994.0,11027.004
2025-11-07 01:00:00,10619.198,10660.097,10561.141,10601.0,10550.942
2025-11-07 02:00:00,10393.174,10427.856,10335.393,10388.0,10344.312
2025-11-07 03:00:00,10241.973,10267.799,10192.41,10265.0,10200.725
2025-11-07 04:00:00,10171.669,10194.834,10118.754,10169.0,10171.799
2025-11-07 05:00:00,10239.067,10265.952,10170.11,10241.0,10235.281
2025-11-07 06:00:00,10590.681,10620.404,10495.188,10581.0,10539.518
2025-11-07 07:00:00,11106.554,11111.127,10990.476,11178.0,11048.217
2025-11-07 08:00:00,11617.035,11589.997,11484.329,11698.0,11542.138
2025-11-07 09:00:00,12048.35,12015.508,11902.877,12058.0,11934.567
2025-11-07 10:00:00,12276.591,12266.032,12149.121,12351.0,12191.949
2025-11-07 11:00:00,12361.136,12360.611,12227.93,12316.0,12265.414
2025-11-07 12:00:00,12357.586,12363.5,12233.811,12350.0,12283.093
2025-11-07 13:00:00,12381.498,12374.789,12208.583,12339.0,12268.502
2025-11-07 14:00:00,12357.468,12359.462,12206.206,12416.0,12285.249
2025-11-07 15:00:00,12318.256,12313.602,12159.865,12376.0,12237.119
2025-11-07 16:00:00,12324.01,12325.174,12197.479,12429.0,12274.292
2025-11-07 17:00:00,12405.817,12384.133,12277.528,12561.0,12350.281
2025-11-07 18:00:00,12616.437,12591.174,12479.698,12701.0,12599.549
2025-11-07 19:00:00,12557.786,12537.083,12382.014,12577.0,12502.717
2025-11-07 20:00:00,12329.119,12310.447,12117.373,12349.0,12233.138
2025-11-07 21:00:00,12119.327,12111.088,11942.416,12257.0,12051.77
2025-11-07 22:00:00,11871.788,11860.904,11697.384,12043.0,11804.119
2025-11-07 23:00:00,11516.473,11516.406,11344.281,11606.0,11416.462
2025-11-08 00:00:00,11154.587,11163.031,11103.525,11275.0,11069.904
2025-11-08 01:00:00,10774.905,10767.5205,10715.906,10853.0,10675.391
2025-11-08 02:00:00,10507.342,10518.399,10447.434,10512.0,10426.298
2025-11-08 03:00:00,10330.326,10354.68,10307.722,10379.0,10276.741
2025-11-08 04:00:00,10261.945,10285.705,10205.996,10327.0,10221.318
2025-11-08 05:00:00,10289.706,10324.485,10207.718,10307.0,10239.296
2025-11-08 06:00:00,10483.73,10545.6875,10349.231,10379.0,10387.435
2025-11-08 07:00:00,10796.623,10859.338,10583.762,10598.0,10627.323
2025-11-08 08:00:00,11169.817,11221.911,10918.322,10924.0,10959.545
2025-11-08 09:00:00,11590.297,11634.972,11350.1,11332.0,11360.681
2025-11-08 10:00:00,11968.624,12027.369,11806.874,11803.0,11816.31
2025-11-08 11:00:00,12133.954,12191.418,12008.345,12054.0,12021.786
2025-11-08 12:00:00,12216.693,12262.412,12083.083,12193.0,12123.253
2025-11-08 13:00:00,12252.536,12278.113,12053.466,12246.0,12107.112
2025-11-08 14:00:00,12215.643,12255.857,12033.32,12246.0,12094.836
2025-11-08 15:00:00,12164.667,12208.738,11984.197,12246.0,12045.519
2025-11-08 16:00:00,12174.973,12225.164,12016.873,12306.0,12087.024
2025-11-08 17:00:00,12306.542,12305.391,12173.4795,12546.0,12222.951
2025-11-08 18:00:00,12557.059,12543.666,12418.697,12763.0,12495.76
2025-11-08 19:00:00,12538.109,12536.934,12393.116,12667.0,12459.152
2025-11-08 20:00:00,12293.443,12332.604,12167.539,12369.0,12187.73
2025-11-08 21:00:00,12097.794,12145.283,12023.098,12270.0,12032.834
2025-11-08 22:00:00,11853.018,11886.613,11784.763,11994.0,11776.053
2025-11-08 23:00:00,11522.928,11546.813,11466.1045,11563.0,11442.807
2025-11-09 00:00:00,11200.411,11271.672,11248.128,11195.0,11224.327
2025-11-09 01:00:00,10763.423,10851.796,10807.76,10895.0,10786.753
2025-11-09 02:00:00,10496.8125,10590.127,10541.448,10563.0,10525.178
2025-11-09 03:00:00,10345.1045,10441.943,10424.134,10379.0,10385.629
2025-11-09 04:00:00,10256.43,10357.578,10340.539,10345.0,10317.012
2025-11-09 05:00:00,10242.618,10352.787,10334.455,10295.0,10314.357
2025-11-09 06:00:00,10322.458,10451.66,10406.26,10466.0,10399.169
2025-11-09 07:00:00,10480.138,10634.168,10548.57,10580.0,10559.991
2025-11-09 08:00:00,10709.97,10891.499,10814.352,10820.0,10802.848
2025-11-09 09:00:00,11110.571,11285.916,11210.187,11174.0,11167.906
2025-11-09 10:00:00,11570.096,11772.547,11716.597,11714.0,11672.002
2025-11-09 11:00:00,11822.353,11996.233,11948.6,11937.0,11934.166
2025-11-09 12:00:00,11953.212,12140.538,12083.237,12118.0,12112.289
2025-11-09 13:00:00,11993.873,12139.938,12059.019,12140.0,12118.085
2025-11-09 14:00:00,11991.284,12134.119,12050.234,12155.0,12124.694
2025-11-09 15:00:00,11976.946,12108.592,12042.612,12199.0,12100.031
2025-11-09 16:00:00,12009.344,12156.887,12116.766,12351.0,12175.474
2025-11-09 17:00:00,12218.235,12323.762,12326.35,12587.0,12400.266
2025-11-09 18:00:00,12498.226,12593.485,12564.736,12717.0,12669.993
2025-11-09 19:00:00,12461.423,12535.655,12492.984,12632.0,12565.5205
2025-11-09 20:00:00,12260.59,12329.593,12256.969,12410.0,12314.611
2025-11-09 21:00:00,12101.548,12152.568,12123.095,12317.0,12164.132
2025-11-09 22:00:00,11834.243,11878.102,11855.954,12024.0,11879.858
2025-11-09 23:00:00,11446.807,11508.202,11529.584,11542.0,11506.553
2025-11-10 00:00:00,11148.578,11188.238,11196.962,11210.0,11168.519
2025-11-10 01:00:00,10733.705,10813.973,10743.818,10741.0,10724.227
2025-11-10 02:00:00,10491.007,10565.532,10531.203,10508.0,10489.114
2025-11-10 03:00:00,10333.439,10403.089,10392.431,10353.0,10324.828
2025-11-10 04:00:00,10267.282,10340.234,10341.713,10325.0,10288.715
2025-11-10 05:00:00,10316.437,10403.334,10389.779,10357.0,10361.071
2025-11-10 06:00:00,10619.663,10716.161,10697.713,10746.0,10650.736
2025-11-10 07:00:00,11101.814,11195.401,11175.665,11352.0,11164.047
2025-11-10 08:00:00,11600.168,11694.401,11675.696,11882.0,11710.257
2025-11-10 09:00:00,12051.286,12144.214,12160.328,12344.0,12205.295
2025-11-10 10:00:00,12318.253,12430.453,12491.13,12647.0,12536.158
2025-11-10 11:00:00,12419.629,12552.8545,12619.233,12726.0,12641.453
2025-11-10 12:00:00,12440.077,12581.418,12638.244,12750.0,12660.907
2025-11-10 13:00:00,12471.302,12604.205,12615.406,12718.0,12667.6875
2025-11-10 14:00:00,12466.284,12605.326,12637.221,12807.0,12693.737
2025-11-10 15:00:00,12442.781,12590.268,12637.293,12644.0,12679.07
2025-11-10 16:00:00,12471.962,12622.79,12685.2,12759.0,12722.197
2025-11-10 17:00:00,12546.016,12727.427,12794.301,12909.0,12865.163
2025-11-10 18:00:00,12703.588,12917.517,12964.428,12992.0,13090.33
2025-11-10 19:00:00,12611.34,12816.348,12815.265,12932.0,12938.394
2025-11-10 20:00:00,12382.776,12596.305,12580.642,12708.0,12689.348
2025-11-10 21:00:00,12200.443,12413.899,12448.5,12549.0,12523.777
2025-11-10 22:00:00,11941.086,12150.683,12170.988,12270.0,12245.964
2025-11-10 23:00:00,11574.582,11752.338,11773.946,11780.0,11805.128
2025-11-11 00:00:00,11286.771,11510.323,11442.325,11404.0,11501.423
2025-11-11 01:00:00,10880.476,11071.553,10980.226,10941.0,11041.244
2025-11-11 02:00:00,10656.074,10839.76,10770.016,10645.0,10824.371
2025-11-11 03:00:00,10508.17,10686.671,10635.397,10572.0,10663.636
2025-11-11 04:00:00,10428.145,10597.147,10597.659,10460.0,10611.585
2025-11-11 05:00:00,10478.139,10673.444,10670.042,10572.0,10693.744
2025-11-11 06:00:00,10785.89,11036.384,10978.04,10936.0,11012.056
2025-11-11 07:00:00,11274.361,11549.353,11454.592,11483.0,11555.646
2025-11-11 08:00:00,11745.419,12007.161,11933.451,12061.0,12039.126
2025-11-11 09:00:00,12166.35,12435.501,12381.019,12451.0,12470.965
2025-11-11 10:00:00,12411.342,12668.026,12661.13,12717.0,12725.414
2025-11-11 11:00:00,12501.349,12756.684,12767.424,12733.0,12787.601
2025-11-11 12:00:00,12520.444,12759.531,12776.791,12814.0,12811.127
2025-11-11 13:00:00,12557.799,12777.609,12757.523,12780.0,12828.747
2025-11-11 14:00:00,12563.727,12787.752,12759.96,12749.0,12863.725
2025-11-11 15:00:00,12527.39,12765.318,12749.357,12723.0,12815.0
2025-11-11 16:00:00,12560.109,12794.666,12801.818,12792.0,12883.429
2025-11-11 17:00:00,12711.817,12880.96,12901.026,12910.0,12990.577
2025-11-11 18:00:00,12882.781,13078.719,13044.483,12965.0,13192.368
2025-11-11 19:00:00,12775.876,12981.07,12906.805,12916.0,13032.881
2025-11-11 20:00:00,12557.734,12742.167,12690.1455,12688.0,12804.497
2025-11-11 21:00:00,12372.396,12560.553,12557.664,12480.0,12634.486
2025-11-11 22:00:00,12098.526,12291.46,12250.898,12242.0,12353.529
2025-11-11 23:00:00,11683.404,11892.449,11857.079,11765.0,11904.251
2025-11-12 00:00:00,11461.275,11488.037,11449.856,11331.0,11495.555
2025-11-12 01:00:00,10995.758,11045.98,11011.271,10943.0,11027.453
2025-11-12 02:00:00,10755.025,10787.4375,10764.063,10706.0,10784.683
2025-11-12 03:00:00,10611.103,10631.133,10604.567,10570.0,10622.419
2025-11-12 04:00:00,10526.932,10556.95,10570.273,10542.0,10584.88
2025-11-12 05:00:00,10602.295,10642.348,10631.844,10613.0,10655.842
2025-11-12 06:00:00,10983.712,11008.512,10942.063,10942.0,10979.235
2025-11-12 07:00:00,11552.12,11541.421,11447.173,11504.0,11540.286
2025-11-12 08:00:00,12091.374,12060.265,11998.806,12091.0,12098.828
2025-11-12 09:00:00,12523.659,12474.464,12439.094,12534.0,12522.411
2025-11-12 10:00:00,12754.001,12690.933,12685.738,12716.0,12752.465
2025-11-12 11:00:00,12822.096,12776.03,12787.68,12824.0,12814.274
2025-11-12 12:00:00,12802.248,12778.68,12785.03,12872.0,12828.662
2025-11-12 13:00:00,12831.98,12802.709,12760.298,12848.0,12836.584
2025-11-12 14:00:00,12812.579,12792.163,12763.033,12891.0,12844.87
2025-11-12 15:00:00,12777.236,12767.703,12736.752,12743.0,12786.242
2025-11-12 16:00:00,12776.29,12791.859,12797.592,12845.0,12851.531
2025-11-12 17:00:00,12921.117,12913.193,12923.854,13046.0,13009.237
2025-11-12 18:00:00,13083.092,13062.167,13039.895,13153.0,13173.094
2025-11-12 19:00:00,12992.902,12967.558,12907.001,13069.0,13013.374
2025-11-12 20:00:00,12772.854,12742.162,12693.621,12786.0,12786.892
2025-11-12 21:00:00,12586.973,12556.919,12546.622,12656.0,12623.653
2025-11-12 22:00:00,12306.667,12283.16,12243.914,12385.0,12335.326
2025-11-12 23:00:00,11880.151,11875.627,11832.666,11889.0,11874.871
2025-11-13 00:00:00,11422.568,11461.347,11437.013,11441.0,11450.867
2025-11-13 01:00:00,10989.376,11033.239,11018.727,11047.0,11021.207
2025-11-13 02:00:00,10750.71,10764.675,10758.875,10823.0,10760.017
2025-11-13 03:00:00,10599.297,10614.992,10615.322,10658.0,10613.115
2025-11-13 04:00:00,10526.059,10536.795,10571.583,10597.0,10573.207
2025-11-13 05:00:00,10601.194,10626.758,10635.8125,10732.0,10648.404
2025-11-13 06:00:00,10965.546,10977.474,10943.297,11081.0,10967.345
2025-11-13 07:00:00,11533.235,11529.653,11470.537,11609.0,11534.887
2025-11-13 08:00:00,12060.428,12056.577,12037.578,12144.0,12101.322
2025-11-13 09:00:00,12476.574,12472.588,12451.403,12649.0,12502.932
2025-11-13 10:00:00,12695.033,12688.344,12707.104,12835.0,12731.361
2025-11-13 11:00:00,12756.219,12769.025,12801.532,12851.0,12783.965
2025-11-13 12:00:00,12748.183,12767.414,12813.439,12949.0,12796.492
2025-11-13 13:00:00,12774.828,12794.765,12794.034,12917.0,12817.66
2025-11-13 14:00:00,12757.252,12782.521,12792.523,12986.0,12823.745
2025-11-13 15:00:00,12734.623,12763.965,12778.768,12937.0,12772.29
2025-11-13 16:00:00,12747.352,12788.093,12829.919,13002.0,12840.858
2025-11-13 17:00:00,12894.461,12895.83,12957.122,13195.0,12989.234
2025-11-13 18:00:00,13031.368,13010.866,13012.694,13095.0,13104.641
2025-11-13 19:00:00,12934.916,12915.084,12885.621,13133.0,12956.564
2025-11-13 20:00:00,12721.773,12700.04,12679.482,12787.0,12750.298
2025-11-13 21:00:00,12537.335,12511.207,12518.872,12594.0,12580.135
2025-11-13 22:00:00,12268.283,12230.424,12202.095,12432.0,12287.534
2025-11-13 23:00:00,11858.686,11819.708,11786.029,11940.0,11833.0
2025-11-14 00:00:00,11547.515,11546.325,11467.334,11419.0,11537.913
2025-11-14 01:00:00,11093.862,11117.975,11034.063,11093.0,11094.368
2025-11-14 02:00:00,10855.602,10862.139,10802.228,10830.0,10856.132
2025-11-14 03:00:00,10706.6,10716.759,10658.99,10698.0,10710.195
2025-11-14 04:00:00,10628.975,10650.204,10635.653,10690.0,10679.929
2025-11-14 05:00:00,10714.068,10748.772,10720.519,10734.0,10777.854
2025-11-14 06:00:00,11079.04,11109.821,11054.786,11039.0,11105.33
2025-11-14 07:00:00,11638.2295,11634.264,11571.886,11535.0,11648.622
2025-11-14 08:00:00,12181.637,12155.675,12146.7,12105.0,12206.508
2025-11-14 09:00:00,12591.84,12584.839,12575.85,12579.0,12653.18
2025-11-14 10:00:00,12813.428,12816.649,12809.601,12850.0,12909.343
2025-11-14 11:00:00,12896.9,12910.99,12899.709,12870.0,12982.427
2025-11-14 12:00:00,12898.321,12899.719,12881.826,12919.0,12988.688
2025-11-14 13:00:00,12915.018,12906.111,12847.863,12851.0,12980.606
2025-11-14 14:00:00,12884.587,12883.748,12838.953,12958.0,12965.117
2025-11-14 15:00:00,12854.684,12856.497,12806.083,12923.0,12913.396
2025-11-14 16:00:00,12853.398,12883.572,12875.77,12979.0,12974.373
2025-11-14 17:00:00,12997.637,12996.895,13060.307,13150.0,13105.405
2025-11-14 18:00:00,13139.387,13140.483,13197.528,13309.0,13287.128
2025-11-14 19:00:00,13055.851,13078.504,13092.782,13183.0,13165.068
2025-11-14 20:00:00,12830.241,12892.182,12883.833,12933.0,12963.633
2025-11-14 21:00:00,12643.097,12718.279,12738.022,12727.0,12794.916
2025-11-14 22:00:00,12394.589,12461.956,12447.485,12562.0,12539.408
2025-11-14 23:00:00,12036.605,12091.674,12043.07,12177.0,12131.778
2025-11-15 00:00:00,11632.727,11722.759,11693.0625,11858.0,11761.661
2025-11-15 01:00:00,11206.372,11314.82,11383.574,11432.0,11382.557
2025-11-15 02:00:00,10898.018,11011.02,11097.844,11165.0,11082.106
2025-11-15 03:00:00,10732.678,10861.661,10974.262,10984.0,10950.007
2025-11-15 04:00:00,10665.061,10807.357,10914.294,10929.0,10905.58
2025-11-15 05:00:00,10688.31,10836.644,10952.4,10918.0,10945.238
2025-11-15 06:00:00,10859.344,11024.485,11067.066,11059.0,11077.913
2025-11-15 07:00:00,11156.143,11299.731,11261.358,11307.0,11295.761
2025-11-15 08:00:00,11530.96,11648.416,11587.183,11689.0,11606.013
2025-11-15 09:00:00,11982.007,12128.485,12039.556,12126.0,12103.596
2025-11-15 10:00:00,12374.351,12530.211,12507.06,12566.0,12558.18
2025-11-15 11:00:00,12564.536,12719.263,12715.302,12809.0,12758.677
2025-11-15 12:00:00,12671.674,12796.637,12809.071,12900.0,12867.793
2025-11-15 13:00:00,12728.051,12794.723,12785.003,12904.0,12867.286
2025-11-15 14:00:00,12702.301,12770.19,12746.0,12895.0,12836.732
2025-11-15 15:00:00,12661.8545,12739.6,12761.704,12893.0,12807.547
2025-11-15 16:00:00,12672.585,12787.661,12855.793,12984.0,12881.522
2025-11-15 17:00:00,12888.12,12957.172,13091.471,13243.0,13103.103
2025-11-15 18:00:00,13062.553,13115.723,13228.546,13398.0,13271.429
2025-11-15 19:00:00,12991.953,13084.212,13179.627,13346.0,13190.937
2025-11-15 20:00:00,12740.3955,12884.371,12992.355,13111.0,12999.897
2025-11-15 21:00:00,12536.862,12699.313,12888.627,12954.0,12835.379
2025-11-15 22:00:00,12289.452,12441.6045,12634.494,12647.0,12581.117
2025-11-15 23:00:00,11953.575,12097.18,12239.82,12290.0,12189.7705
2025-11-16 00:00:00,11829.084,11893.371,11843.1,11959.0,11891.048
2025-11-16 01:00:00,11421.428,11481.026,11492.359,11528.0,11504.634
2025-11-16 02:00:00,11128.256,11203.442,11208.455,11309.0,11241.96
2025-11-16 03:00:00,10957.104,11024.841,11052.458,11209.0,11072.297
2025-11-16 04:00:00,10877.4375,10955.252,10995.106,11073.0,11012.649
2025-11-16 05:00:00,10841.855,10945.058,11000.262,11095.0,11013.079
2025-11-16 06:00:00,10940.977,11074.644,11091.935,11153.0,11115.951
2025-11-16 07:00:00,11106.748,11271.781,11241.982,11252.0,11273.003
2025-11-16 08:00:00,11358.918,11535.626,11514.307,11525.0,11536.1
2025-11-16 09:00:00,11726.443,11941.333,11947.46,11916.0,11944.71
2025-11-16 10:00:00,12199.18,12386.153,12464.195,12406.0,12429.93
2025-11-16 11:00:00,12446.395,12599.402,12713.341,12728.0,12659.769
2025-11-16 12:00:00,12587.917,12726.228,12826.5625,12804.0,12806.618
2025-11-16 13:00:00,12627.911,12745.856,12803.702,12806.0,12817.359
2025-11-16 14:00:00,12616.8125,12739.7,12777.574,12912.0,12816.51
2025-11-16 15:00:00,12601.836,12722.89,12785.793,12884.0,12801.459
2025-11-16 16:00:00,12652.176,12777.214,12912.404,13055.0,12895.404
2025-11-16 17:00:00,12953.098,13001.823,13149.912,13307.0,13142.915
2025-11-16 18:00:00,13144.002,13188.921,13302.305,13426.0,13316.787
2025-11-16 19:00:00,13078.922,13123.4,13222.636,13360.0,13216.283
2025-11-16 20:00:00,12878.612,12921.232,13027.714,13094.0,13021.709
2025-11-16 21:00:00,12710.634,12741.678,12903.014,13001.0,12855.464
2025-11-16 22:00:00,12436.348,12457.979,12610.402,12673.0,12572.518
2025-11-16 23:00:00,12030.894,12063.028,12196.851,12159.0,12133.683
2025-11-17 00:00:00,11821.88,11825.63,11838.169,11793.0,11810.748
2025-11-17 01:00:00,11381.275,11389.567,11340.795,11436.0,11373.644
2025-11-17 02:00:00,11133.522,11130.113,11102.6875,11125.0,11130.211
2025-11-17 03:00:00,10977.773,10962.647,10960.686,11001.0,10970.839
2025-11-17 04:00:00,10910.849,10911.811,10948.626,10967.0,10954.005
2025-11-17 05:00:00,10987.02,10995.251,11034.292,10995.0,11038.615
2025-11-17 06:00:00,11339.318,11331.63,11349.901,11407.0,11355.943
2025-11-17 07:00:00,11859.595,11831.707,11858.188,11978.0,11892.987
2025-11-17 08:00:00,12386.051,12361.884,12466.205,12630.0,12479.485
2025-11-17 09:00:00,12840.48,12820.176,12942.37,13259.0,12983.01
2025-11-17 10:00:00,13072.718,13075.931,13210.719,13507.0,13273.819
2025-11-17 11:00:00,13147.597,13188.515,13331.597,13615.0,13351.189
2025-11-17 12:00:00,13135.854,13206.367,13307.511,13610.0,13356.805
2025-11-17 13:00:00,13157.883,13219.4,13289.3955,13653.0,13347.358
2025-11-17 14:00:00,13136.628,13216.942,13294.08,13650.0,13346.987
2025-11-17 15:00:00,13118.196,13202.469,13287.476,13479.0,13308.52
2025-11-17 16:00:00,13131.881,13248.46,13361.121,13595.0,13376.422
2025-11-17 17:00:00,13334.975,13389.7,13516.284,13739.0,13556.793
2025-11-17 18:00:00,13420.774,13464.0205,13545.185,13715.0,13637.072
2025-11-17 19:00:00,13335.945,13355.277,13414.717,13587.0,13480.745
2025-11-17 20:00:00,13115.124,13137.365,13217.225,13325.0,13244.711
2025-11-17 21:00:00,12931.277,12947.832,13054.018,13157.0,13061.135
2025-11-17 22:00:00,12653.954,12659.096,12743.166,12858.0,12761.196
2025-11-17 23:00:00,12236.901,12245.663,12305.347,12364.0,12299.992
2025-11-18 00:00:00,11948.3955,11996.032,11848.2295,12023.0,11950.015
2025-11-18 01:00:00,11494.649,11579.852,11472.525,11539.0,11545.196
2025-11-18 02:00:00,11266.999,11328.052,11245.947,11337.0,11304.487
2025-11-18 03:00:00,11119.128,11182.156,11105.427,11205.0,11178.262
2025-11-18 04:00:00,11055.032,11105.412,11072.979,11222.0,11127.46
2025-11-18 05:00:00,11135.576,11187.626,11161.781,11273.0,11193.971
2025-11-18 06:00:00,11501.07,11540.205,11459.596,11624.0,11519.752
2025-11-18 07:00:00,12038.499,12072.247,11960.472,12208.0,12080.867
2025-11-18 08:00:00,12608.16,12636.998,12573.262,12805.0,12696.169
2025-11-18 09:00:00,13032.653,13049.34,12977.364,13310.0,13119.09
2025-11-18 10:00:00,13234.557,13260.846,13205.662,13521.0,13360.083
2025-11-18 11:00:00,13303.703,13358.976,13333.438,13573.0,13422.471
2025-11-18 12:00:00,13296.482,13391.562,13327.878,13652.0,13471.618
2025-11-18 13:00:00,13323.356,13416.466,13320.668,13670.0,13479.33
2025-11-18 14:00:00,13316.348,13412.769,13312.719,13770.0,13485.004
2025-11-18 15:00:00,13299.774,13398.706,13298.879,13709.0,13423.979
2025-11-18 16:00:00,13289.6875,13417.059,13368.334,13802.0,13480.667
2025-11-18 17:00:00,13504.749,13591.074,13580.515,14067.0,13680.146
2025-11-18 18:00:00,13582.347,13646.765,13632.811,13977.0,13742.236
2025-11-18 19:00:00,13493.703,13540.033,13498.328,13899.0,13584.302
2025-11-18 20:00:00,13270.137,13306.711,13313.418,13680.0,13348.179
2025-11-18 21:00:00,13087.854,13127.258,13171.9795,13460.0,13190.796
2025-11-18 22:00:00,12800.008,12842.685,12860.809,13171.0,12904.111
2025-11-18 23:00:00,12370.558,12413.74,12413.756,12589.0,12418.566
2025-11-19 00:00:00,12159.441,12156.391,12003.395,12179.0,12092.14
2025-11-19 01:00:00,11693.543,11725.703,11587.55,11746.0,11673.15
2025-11-19 02:00:00,11451.326,11463.074,11337.987,11483.0,11431.98
2025-11-19 03:00:00,11309.294,11324.94,11193.896,11346.0,11312.74
2025-11-19 04:00:00,11255.157,11262.222,11164.681,11276.0,11272.329
2025-11-19 05:00:00,11343.244,11349.102,11266.542,11338.0,11344.387
2025-11-19 06:00:00,11732.9375,11715.431,11576.23,11724.0,11683.566
2025-11-19 07:00:00,12270.305,12263.315,12105.588,12280.0,12244.634
2025-11-19 08:00:00,12872.0625,12846.576,12783.963,12900.0,12875.019
2025-11-19 09:00:00,13344.744,13305.742,13240.332,13437.0,13394.358
2025-11-19 10:00:00,13576.482,13546.871,13458.893,13750.0,13645.1
2025-11-19 11:00:00,13652.04,13623.641,13575.993,13767.0,13705.035
2025-11-19 12:00:00,13638.143,13640.104,13560.979,13743.0,13717.992
2025-11-19 13:00:00,13665.417,13664.988,13553.435,13688.0,13741.26
2025-11-19 14:00:00,13645.214,13658.234,13533.595,13736.0,13725.572
2025-11-19 15:00:00,13621.121,13644.223,13518.203,13635.0,13668.325
2025-11-19 16:00:00,13613.154,13668.936,13604.192,13681.0,13741.612
2025-11-19 17:00:00,13834.264,13817.78,13837.25,13871.0,13944.737
2025-11-19 18:00:00,13875.807,13865.872,13859.58,13909.0,13999.356
2025-11-19 19:00:00,13775.943,13759.936,13731.019,13882.0,13835.007
2025-11-19 20:00:00,13542.473,13522.568,13531.906,13595.0,13579.387
2025-11-19 21:00:00,13344.199,13321.626,13370.113,13399.0,13394.609
2025-11-19 22:00:00,13037.695,13023.867,13039.362,13111.0,13092.337
2025-11-19 23:00:00,12607.8,12601.929,12596.927,12641.0,12622.255
2025-11-20 00:00:00,12295.15,12308.142,12157.702,12197.0,12263.465
2025-11-20 01:00:00,11826.352,11871.899,11768.415,11791.0,11854.286
2025-11-20 02:00:00,11578.388,11602.878,11508.042,11522.0,11593.162
2025-11-20 03:00:00,11430.86,11461.89,11344.412,11387.0,11458.358
2025-11-20 04:00:00,11367.852,11389.777,11309.377,11319.0,11406.195
2025-11-20 05:00:00,11442.599,11466.109,11403.912,11391.0,11472.862
2025-11-20 06:00:00,11819.538,11819.488,11716.053,11821.0,11806.914
2025-11-20 07:00:00,12354.951,12346.223,12243.283,12364.0,12361.921
2025-11-20 08:00:00,12958.835,12934.314,12912.11,12916.0,13009.425
2025-11-20 09:00:00,13433.6455,13371.986,13336.553,13415.0,13471.994
2025-11-20 10:00:00,13660.439,13588.598,13519.558,13572.0,13711.699
2025-11-20 11:00:00,13736.973,13670.211,13633.36,13621.0,13764.721
2025-11-20 12:00:00,13739.9795,13690.776,13628.747,13603.0,13785.291
2025-11-20 13:00:00,13780.932,13737.926,13625.203,13580.0,13829.473
2025-11-20 14:00:00,13774.713,13746.031,13616.63,13677.0,13819.84
2025-11-20 15:00:00,13759.213,13749.453,13621.158,13596.0,13801.793
2025-11-20 16:00:00,13755.388,13767.853,13714.967,13705.0,13856.475
2025-11-20 17:00:00,13991.516,13930.942,13954.135,13849.0,14072.768
2025-11-20 18:00:00,14006.034,13938.801,13941.548,13916.0,14074.86
2025-11-20 19:00:00,13894.47,13815.832,13829.908,13798.0,13926.659
2025-11-20 20:00:00,13672.977,13601.627,13641.382,13569.0,13702.884
2025-11-20 21:00:00,13475.307,13412.039,13473.426,13432.0,13534.066
2025-11-20 22:00:00,13163.931,13112.943,13147.665,13114.0,13229.856
2025-11-20 23:00:00,12726.866,12684.808,12694.399,12623.0,12739.695
2025-11-21 00:00:00,12330.93,12322.369,12209.041,12240.0,12261.131
2025-11-21 01:00:00,11843.592,11876.256,11793.652,11818.0,11837.655
2025-11-21 02:00:00,11581.486,11609.304,11521.518,11562.0,11579.421
2025-11-21 03:00:00,11433.229,11471.804,11382.163,11426.0,11444.939
2025-11-21 04:00:00,11361.613,11402.054,11345.373,11365.0,11398.3125
2025-11-21 05:00:00,11437.235,11477.026,11452.689,11462.0,11469.057
2025-11-21 06:00:00,11831.257,11845.133,11781.538,11878.0,11813.11
2025-11-21 07:00:00,12356.125,12373.955,12307.821,12487.0,12356.087
2025-11-21 08:00:00,12946.477,12957.9375,12960.202,13025.0,12974.66
2025-11-21 09:00:00,13417.383,13416.666,13432.392,13589.0,13465.615
2025-11-21 10:00:00,13656.837,13649.937,13663.469,13697.0,13717.288
2025-11-21 11:00:00,13731.313,13732.326,13770.984,13704.0,13773.545
2025-11-21 12:00:00,13721.676,13728.563,13748.645,13728.0,13779.491
2025-11-21 13:00:00,13743.874,13742.771,13727.398,13726.0,13791.623
2025-11-21 14:00:00,13724.697,13725.887,13695.268,13793.0,13763.066
2025-11-21 15:00:00,13703.242,13710.771,13688.264,13697.0,13739.39
2025-11-21 16:00:00,13705.048,13731.881,13744.948,13789.0,13804.742
2025-11-21 17:00:00,13912.454,13848.543,13912.706,13928.0,13982.019
2025-11-21 18:00:00,13965.656,13877.999,13902.127,13923.0,14020.714
2025-11-21 19:00:00,13873.233,13771.102,13802.858,13794.0,13864.568
2025-11-21 20:00:00,13651.125,13558.069,13593.726,13545.0,13622.763
2025-11-21 21:00:00,13447.912,13364.94,13414.405,13371.0,13434.623
2025-11-21 22:00:00,13170.607,13089.219,13089.096,13147.0,13150.584
2025-11-21 23:00:00,12829.041,12721.149,12657.143,12701.0,12744.095
2025-11-22 00:00:00,12480.05,12371.537,12205.598,12294.0,12338.472
2025-11-22 01:00:00,12075.346,11975.845,11881.107,11913.0,11954.946
2025-11-22 02:00:00,11769.73,11664.876,11578.524,11588.0,11647.883
2025-11-22 03:00:00,11599.147,11490.439,11431.226,11394.0,11493.225
2025-11-22 04:00:00,11511.117,11415.988,11370.319,11377.0,11432.265
2025-11-22 05:00:00,11533.988,11441.935,11393.385,11355.0,11451.241
2025-11-22 06:00:00,11704.943,11611.987,11498.939,11489.0,11577.198
2025-11-22 07:00:00,11950.434,11865.727,11691.205,11847.0,11830.591
2025-11-22 08:00:00,12338.293,12251.288,12058.5625,12111.0,12205.703
2025-11-22 09:00:00,12754.596,12661.935,12460.034,12723.0,12630.692
2025-11-22 10:00:00,13160.5625,13065.633,12913.743,13101.0,13066.586
2025-11-22 11:00:00,13379.3125,13274.502,13181.602,13362.0,13298.008
2025-11-22 12:00:00,13483.329,13378.436,13301.174,13388.0,13422.552
2025-11-22 13:00:00,13522.718,13403.413,13285.616,13387.0,13465.401
2025-11-22 14:00:00,13505.341,13398.154,13245.418,13451.0,13449.86
2025-11-22 15:00:00,13478.266,13379.575,13261.328,13396.0,13422.377
2025-11-22 16:00:00,13491.429,13424.838,13356.711,13477.0,13499.6
2025-11-22 17:00:00,13787.384,13655.998,13625.433,13825.0,13757.473
2025-11-22 18:00:00,13906.605,13773.709,13716.389,13920.0,13888.575
2025-11-22 19:00:00,13863.299,13717.084,13663.904,13807.0,13812.784
2025-11-22 20:00:00,13636.712,13525.445,13471.96,13526.0,13626.888
2025-11-22 21:00:00,13431.247,13342.283,13333.969,13402.0,13462.189
2025-11-22 22:00:00,13156.243,13071.702,13050.656,13136.0,13177.559
2025-11-22 23:00:00,12829.788,12738.793,12652.874,12761.0,12797.681
2025-11-23 00:00:00,12360.132,12451.3125,12271.904,12422.0,12383.115
2025-11-23 01:00:00,11898.356,12029.002,11904.777,12041.0,11980.734
2025-11-23 02:00:00,11609.862,11749.971,11600.967,11706.0,11687.692
2025-11-23 03:00:00,11448.601,11566.194,11448.85,11556.0,11531.874
2025-11-23 04:00:00,11353.74,11465.751,11392.809,11486.0,11442.918
2025-11-23 05:00:00,11345.19,11472.724,11421.338,11517.0,11452.374
2025-11-23 06:00:00,11435.101,11588.747,11513.743,11623.0,11544.927
2025-11-23 07:00:00,11597.394,11741.619,11644.4795,11808.0,11690.387
2025-11-23 08:00:00,11851.6,12009.471,11918.996,12101.0,11933.438
2025-11-23 09:00:00,12242.705,12384.219,12292.524,12565.0,12326.219
2025-11-23 10:00:00,12696.405,12859.558,12766.477,12972.0,12835.366
2025-11-23 11:00:00,12979.682,13109.073,13074.638,13179.0,13125.341
2025-11-23 12:00:00,13124.986,13237.988,13201.177,13330.0,13263.551
2025-11-23 13:00:00,13164.821,13240.147,13178.09,13350.0,13270.37
2025-11-23 14:00:00,13164.631,13253.787,13159.768,13354.0,13274.641
2025-11-23 15:00:00,13176.694,13260.1875,13211.977,13352.0,13283.596
2025-11-23 16:00:00,13233.17,13347.325,13370.439,13500.0,13412.122
2025-11-23 17:00:00,13618.632,13599.411,13582.408,13807.0,13670.534
2025-11-23 18:00:00,13704.846,13715.958,13681.148,13859.0,13761.583
2025-11-23 19:00:00,13625.937,13639.853,13612.738,13742.0,13664.143
2025-11-23 20:00:00,13435.689,13443.025,13420.855,13489.0,13468.875
2025-11-23 21:00:00,13258.074,13267.817,13297.213,13439.0,13305.78
2025-11-23 22:00:00,12962.756,12965.476,12953.988,13094.0,12994.023
2025-11-23 23:00:00,12547.428,12546.053,12519.274,12655.0,12533.55
2025-11-24 00:00:00,12358.2,12290.46,12156.03,12284.0,12239.725
2025-11-24 01:00:00,11919.425,11884.317,11703.364,11750.0,11823.986
2025-11-24 02:00:00,11653.4,11610.879,11437.536,11571.0,11558.853
2025-11-24 03:00:00,11496.588,11450.271,11288.628,11403.0,11410.058
2025-11-24 04:00:00,11439.707,11385.77,11258.766,11443.0,11361.98
2025-11-24 05:00:00,11518.2,11464.607,11347.691,11537.0,11423.95
2025-11-24 06:00:00,11924.688,11854.21,11711.38,11995.0,11806.553
2025-11-24 07:00:00,12463.098,12392.922,12277.953,12624.0,12419.885
2025-11-24 08:00:00,13056.354,12995.75,12941.74,13255.0,13067.314
2025-11-24 09:00:00,13530.295,13460.885,13453.608,13860.0,13579.939
2025-11-24 10:00:00,13761.059,13706.314,13674.281,14001.0,13828.074
2025-11-24 11:00:00,13828.948,13797.798,13811.896,14081.0,13893.78
2025-11-24 12:00:00,13816.374,13805.752,13798.64,14128.0,13895.434
2025-11-24 13:00:00,13842.161,13826.468,13797.32,14127.0,13915.674
2025-11-24 14:00:00,13825.816,13818.264,13790.728,14158.0,13917.498
2025-11-24 15:00:00,13806.553,13801.771,13777.338,14030.0,13849.807
2025-11-24 16:00:00,13812.363,13823.014,13846.728,14142.0,13902.404
2025-11-24 17:00:00,14038.029,13999.275,14029.006,14218.0,14120.752
2025-11-24 18:00:00,14040.1875,14001.224,14001.27,14237.0,14114.533
2025-11-24 19:00:00,13930.418,13875.218,13884.551,14137.0,13944.841
2025-11-24 20:00:00,13712.455,13655.99,13674.771,13888.0,13715.267
2025-11-24 21:00:00,13524.414,13465.134,13500.444,13662.0,13532.707
2025-11-24 22:00:00,13221.0625,13159.259,13153.027,13381.0,13217.94
2025-11-24 23:00:00,12780.412,12706.367,12696.191,12852.0,12712.712
2025-11-25 00:00:00,12508.166,12422.422,12246.32,12454.0,12386.11
2025-11-25 01:00:00,12030.339,11990.51,11830.49,11953.0,11931.097
2025-11-25 02:00:00,11781.661,11729.91,11548.66,11711.0,11688.036
2025-11-25 03:00:00,11637.154,11574.44,11390.816,11583.0,11526.825
2025-11-25 04:00:00,11573.669,11502.019,11348.927,11525.0,11478.984
2025-11-25 05:00:00,11664.645,11583.291,11435.964,11567.0,11536.768
2025-11-25 06:00:00,12096.025,11981.892,11795.138,11914.0,11925.199
2025-11-25 07:00:00,12662.16,12528.97,12358.668,12521.0,12490.128
2025-11-25 08:00:00,13275.082,13149.428,13032.25,13023.0,13137.094
2025-11-25 09:00:00,13732.967,13586.155,13471.987,13603.0,13602.661
2025-11-25 10:00:00,13936.748,13797.799,13644.096,13712.0,13812.453
2025-11-25 11:00:00,13981.398,13859.912,13723.239,13760.0,13819.723
2025-11-25 12:00:00,13972.923,13867.035,13718.297,13862.0,13820.634
2025-11-25 13:00:00,13999.751,13888.632,13707.264,13816.0,13833.751
2025-11-25 14:00:00,13989.962,13893.412,13712.866,13949.0,13838.812
2025-11-25 15:00:00,13984.104,13894.64,13720.863,13856.0,13809.742
2025-11-25 16:00:00,13982.803,13925.205,13791.73,13958.0,13897.213
2025-11-25 17:00:00,14216.148,14136.572,14005.022,14108.0,14125.517
2025-11-25 18:00:00,14201.56,14136.943,13994.039,14135.0,14138.982
2025-11-25 19:00:00,14084.951,14005.649,13866.563,14069.0,13978.733
2025-11-25 20:00:00,13857.096,13778.183,13664.035,13823.0,13770.204
2025-11-25 21:00:00,13668.001,13585.681,13496.322,13521.0,13591.979
2025-11-25 22:00:00,13365.212,13292.579,13148.0,13276.0,13307.968
2025-11-25 23:00:00,12929.515,12860.479,12702.124,12780.0,12843.499
2025-11-26 00:00:00,12426.238,12514.723,12367.704,12319.0,12477.576
2025-11-26 01:00:00,11965.429,12068.617,11930.226,11929.0,12036.965
2025-11-26 02:00:00,11724.801,11815.7,11678.813,11701.0,11798.409
2025-11-26 03:00:00,11575.804,11670.926,11515.036,11486.0,11660.792
2025-11-26 04:00:00,11515.518,11605.479,11488.7,11462.0,11625.871
2025-11-26 05:00:00,11596.337,11693.991,11603.664,11626.0,11708.05
2025-11-26 06:00:00,11996.39,12089.359,11964.575,11951.0,12082.129
2025-11-26 07:00:00,12546.908,12645.189,12539.731,12495.0,12673.027
2025-11-26 08:00:00,13145.864,13261.246,13224.384,13066.0,13326.854
2025-11-26 09:00:00,13621.897,13722.135,13695.6045,13685.0,13833.135
2025-11-26 10:00:00,13828.021,13941.293,13863.821,13834.0,14048.063
2025-11-26 11:00:00,13887.303,14026.46,13978.657,13838.0,14096.0625
2025-11-26 12:00:00,13893.548,14035.034,13967.547,13899.0,14105.326
2025-11-26 13:00:00,13941.133,14063.25,13954.632,13927.0,14126.268
2025-11-26 14:00:00,13926.5,14047.543,13940.114,13953.0,14106.833
2025-11-26 15:00:00,13900.789,14029.787,13926.994,13860.0,14044.914
2025-11-26 16:00:00,13903.428,14039.678,14008.279,13968.0,14121.641
2025-11-26 17:00:00,14127.302,14229.293,14217.738,14123.0,14321.335
2025-11-26 18:00:00,14126.496,14221.972,14218.213,14192.0,14339.389
2025-11-26 19:00:00,14013.532,14094.212,14104.643,14083.0,14188.766
2025-11-26 20:00:00,13798.924,13877.228,13914.225,13823.0,13961.301
2025-11-26 21:00:00,13594.359,13681.21,13741.822,13686.0,13784.068
2025-11-26 22:00:00,13294.325,13383.944,13398.19,13448.0,13475.881
2025-11-26 23:00:00,12860.306,12949.141,12955.063,12964.0,12991.08
2025-11-27 00:00:00,12441.8545,12502.987,12503.883,12490.0,12529.988
2025-11-27 01:00:00,11974.4,12075.008,12069.245,12074.0,12072.937
2025-11-27 02:00:00,11722.553,11805.692,11811.271,11796.0,11825.435
2025-11-27 03:00:00,11559.509,11648.376,11638.362,11657.0,11666.42
2025-11-27 04:00:00,11498.806,11580.677,11598.46,11614.0,11625.535
2025-11-27 05:00:00,11589.817,11674.719,11723.762,11768.0,11714.729
2025-11-27 06:00:00,11986.857,12069.848,12107.235,12064.0,12094.712
2025-11-27 07:00:00,12527.665,12619.301,12687.193,12694.0,12677.85
2025-11-27 08:00:00,13113.998,13221.534,13358.805,13280.0,13311.233
2025-11-27 09:00:00,13582.584,13676.933,13826.332,13873.0,13818.715
2025-11-27 10:00:00,13779.912,13889.529,13991.333,14076.0,14023.451
2025-11-27 11:00:00,13833.55,13957.365,14079.817,14073.0,14061.245
2025-11-27 12:00:00,13846.771,13964.877,14063.881,14141.0,14066.038
2025-11-27 13:00:00,13890.108,13999.5,14054.146,14134.0,14095.899
2025-11-27 14:00:00,13889.347,13997.212,14045.383,14161.0,14099.565
2025-11-27 15:00:00,13883.974,13997.175,14039.479,14061.0,14055.822
2025-11-27 16:00:00,13895.628,14020.953,14117.259,14113.0,14128.768
2025-11-27 17:00:00,14130.92,14191.873,14307.183,14298.0,14293.582
2025-11-27 18:00:00,14115.004,14174.893,14289.307,14300.0,14308.031
2025-11-27 19:00:00,13996.125,14041.718,14182.602,14186.0,14156.687
2025-11-27 20:00:00,13780.583,13829.09,14005.87,13876.0,13941.069
2025-11-27 21:00:00,13577.672,13627.92,13835.728,13666.0,13742.137
2025-11-27 22:00:00,13281.656,13327.934,13471.868,13435.0,13437.07
2025-11-27 23:00:00,12854.903,12886.656,13024.54,12948.0,12955.277
2025-11-28 00:00:00,12603.541,12579.599,12518.235,12558.0,12562.303
2025-11-28 01:00:00,12131.199,12150.424,12119.82,12065.0,12117.67
2025-11-28 02:00:00,11878.561,11876.067,11868.214,11825.0,11868.344
2025-11-28 03:00:00,11725.519,11715.437,11680.706,11685.0,11704.207
2025-11-28 04:00:00,11664.849,11635.891,11653.032,11619.0,11658.694
2025-11-28 05:00:00,11752.455,11718.638,11753.217,11744.0,11745.722
2025-11-28 06:00:00,12150.645,12082.109,12092.393,12058.0,12077.242
2025-11-28 07:00:00,12693.689,12619.008,12648.082,12533.0,12655.821
2025-11-28 08:00:00,13292.774,13223.25,13276.673,13200.0,13268.612
2025-11-28 09:00:00,13757.42,13675.61,13739.102,13703.0,13751.496
2025-11-28 10:00:00,13956.227,13878.138,13874.716,13964.0,13934.768
2025-11-28 11:00:00,14010.279,13934.233,13946.578,14026.0,13966.41
2025-11-28 12:00:00,14018.283,13952.883,13952.732,13984.0,13983.985
2025-11-28 13:00:00,14054.555,13991.169,13943.992,13990.0,14031.818
2025-11-28 14:00:00,14051.068,13988.797,13951.789,14020.0,14026.577
2025-11-28 15:00:00,14042.857,13983.871,13922.535,13808.0,13977.393
2025-11-28 16:00:00,14040.332,14012.848,14009.349,13916.0,14036.35
2025-11-28 17:00:00,14230.231,14139.702,14163.842,14103.0,14168.852
2025-11-28 18:00:00,14250.021,14149.358,14142.96,14045.0,14199.326
2025-11-28 19:00:00,14136.973,14008.343,14051.874,13932.0,14040.577
2025-11-28 20:00:00,13906.546,13794.762,13824.783,13637.0,13814.211
2025-11-28 21:00:00,13701.01,13595.131,13613.757,13415.0,13620.201
2025-11-28 22:00:00,13435.408,13325.22,13307.43,13158.0,13339.385
2025-11-28 23:00:00,13087.104,12935.1,12897.076,12718.0,12913.751
2025-11-29 00:00:00,12700.32,12539.805,12459.248,12273.0,12473.191
2025-11-29 01:00:00,12266.263,12097.6,12088.598,11915.0,12071.303
2025-11-29 02:00:00,11936.651,11786.936,11748.709,11602.0,11740.499
2025-11-29 03:00:00,11754.159,11611.84,11575.62,11403.0,11559.636
2025-11-29 04:00:00,11684.823,11551.119,11506.8545,11380.0,11487.911
2025-11-29 05:00:00,11712.152,11578.1875,11532.698,11349.0,11507.818
2025-11-29 06:00:00,11875.207,11735.676,11656.011,11450.0,11610.563
2025-11-29 07:00:00,12164.047,12030.934,11900.646,11688.0,11840.498
2025-11-29 08:00:00,12563.954,12432.448,12231.944,12073.0,12156.098
2025-11-29 09:00:00,13039.352,12895.516,12708.894,12638.0,12640.749
2025-11-29 10:00:00,13443.428,13316.828,13163.713,13012.0,13096.451
2025-11-29 11:00:00,13655.458,13513.637,13424.797,13332.0,13356.821
2025-11-29 12:00:00,13752.394,13617.303,13543.143,13462.0,13499.874
2025-11-29 13:00:00,13794.646,13657.239,13536.356,13436.0,13554.386
2025-11-29 14:00:00,13773.331,13651.785,13535.572,13507.0,13554.977
2025-11-29 15:00:00,13750.725,13642.122,13540.955,13485.0,13533.656
2025-11-29 16:00:00,13773.178,13680.866,13641.613,13570.0,13599.034
2025-11-29 17:00:00,14062.881,13934.297,13857.217,13800.0,13867.956
2025-11-29 18:00:00,14134.486,13988.279,13913.215,13814.0,13934.04
2025-11-29 19:00:00,14062.945,13900.982,13830.936,13649.0,13814.425
2025-11-29 20:00:00,13838.328,13684.44,13602.646,13359.0,13585.297
2025-11-29 21:00:00,13618.882,13461.291,13411.63,13209.0,13393.562
2025-11-29 22:00:00,13348.934,13180.432,13115.378,12871.0,13105.047
2025-11-29 23:00:00,13020.417,12818.557,12740.827,12508.0,12737.121
2025-11-30 00:00:00,12286.23,12301.669,12287.692,12138.0,12222.5205
2025-11-30 01:00:00,11848.317,11880.401,11838.352,11693.0,11831.029
2025-11-30 02:00:00,11532.808,11585.194,11510.244,11445.0,11517.048
2025-11-30 03:00:00,11356.035,11397.849,11342.622,11262.0,11353.227
2025-11-30 04:00:00,11274.523,11319.734,11265.768,11174.0,11288.357
2025-11-30 05:00:00,11253.481,11311.692,11255.908,11163.0,11298.953
2025-11-30 06:00:00,11343.888,11404.437,11314.146,11236.0,11368.747
2025-11-30 07:00:00,11498.71,11554.048,11459.562,11402.0,11515.997
2025-11-30 08:00:00,11792.903,11834.703,11756.507,11667.0,11790.218
2025-11-30 09:00:00,12206.203,12259.639,12203.787,12186.0,12198.817
2025-11-30 10:00:00,12655.124,12741.493,12687.6875,12514.0,12646.826
2025-11-30 11:00:00,12937.839,13011.118,13039.004,12827.0,12944.141
2025-11-30 12:00:00,13085.691,13161.901,13188.062,12949.0,13080.721
2025-11-30 13:00:00,13127.4,13196.5205,13191.98,12921.0,13120.535
2025-11-30 14:00:00,13135.828,13216.472,13200.9,13051.0,13142.447
2025-11-30 15:00:00,13150.466,13229.136,13228.374,13020.0,13147.496
2025-11-30 16:00:00,13226.963,13300.544,13356.217,13104.0,13254.943
2025-11-30 17:00:00,13641.836,13631.18,13568.694,13404.0,13573.881
2025-11-30 18:00:00,13687.274,13672.544,13616.157,13477.0,13654.422
2025-11-30 19:00:00,13591.125,13549.768,13501.662,13386.0,13541.216
2025-11-30 20:00:00,13394.703,13357.903,13336.433,13165.0,13333.299
2025-11-30 21:00:00,13218.158,13179.959,13187.291,13008.0,13167.081
2025-11-30 22:00:00,12905.7295,12870.797,12839.494,12691.0,12851.838
2025-11-30 23:00:00,12473.068,12433.771,12419.9795,12269.0,12410.027
2025-12-01 00:00:00,11993.547,12051.861,11964.158,11879.0,12006.624
2025-12-01 01:00:00,11569.735,11632.835,11498.017,11422.0,11551.077
2025-12-01 02:00:00,11311.063,11354.745,11247.035,11162.0,11309.058
2025-12-01 03:00:00,11141.554,11190.643,11078.994,11014.0,11155.098
2025-12-01 04:00:00,11087.649,11127.941,11053.108,10928.0,11111.409
2025-12-01 05:00:00,11180.887,11221.627,11138.783,11075.0,11188.13
2025-12-01 06:00:00,11576.194,11590.5205,11521.388,11447.0,11552.426
2025-12-01 07:00:00,12153.394,12154.35,12119.868,12046.0,12165.971
2025-12-01 08:00:00,12774.975,12777.104,12750.603,12621.0,12807.671
2025-12-01 09:00:00,13273.27,13266.709,13323.54,13237.0,13346.635
2025-12-01 10:00:00,13509.533,13508.383,13557.714,13413.0,13567.354
2025-12-01 11:00:00,13584.254,13592.3125,13678.707,13488.0,13624.557
2025-12-01 12:00:00,13594.623,13596.401,13693.924,13390.0,13627.678
2025-12-01 13:00:00,13633.159,13620.047,13680.297,13475.0,13644.4
2025-12-01 14:00:00,13613.331,13610.781,13699.799,13477.0,13646.841
2025-12-01 15:00:00,13580.821,13589.85,13652.721,13470.0,13586.431
2025-12-01 16:00:00,13607.884,13624.949,13710.577,13571.0,13625.892
2025-12-01 17:00:00,13820.606,13766.604,13819.32,13647.0,13786.233
2025-12-01 18:00:00,13811.596,13761.974,13785.642,13674.0,13779.266
2025-12-01 19:00:00,13671.594,13601.974,13625.723,13558.0,13613.483
2025-12-01 20:00:00,13438.625,13371.858,13400.299,13306.0,13374.12
2025-12-01 21:00:00,13234.075,13170.797,13179.338,13102.0,13175.638
2025-12-01 22:00:00,12917.162,12858.233,12857.07,12813.0,12874.538
2025-12-01 23:00:00,12459.602,12402.693,12418.156,12379.0,12392.055
2025-12-02 00:00:00,11926.017,11933.274,11963.541,11988.0,11903.276
2025-12-02 01:00:00,11492.293,11514.724,11486.815,11570.0,11422.97
2025-12-02 02:00:00,11249.075,11257.264,11230.994,11236.0,11186.493
2025-12-02 03:00:00,11084.541,11094.591,11064.173,11152.0,11048.301
2025-12-02 04:00:00,11025.018,11030.375,11023.306,11107.0,11002.965
2025-12-02 05:00:00,11119.909,11130.631,11123.113,11100.0,11094.581
2025-12-02 06:00:00,11492.349,11486.825,11477.062,11454.0,11417.054
2025-12-02 07:00:00,12040.735,12035.337,12051.494,11967.0,12000.816
2025-12-02 08:00:00,12639.366,12647.75,12658.23,12579.0,12597.916
2025-12-02 09:00:00,13103.953,13104.969,13133.408,13261.0,13089.9795
2025-12-02 10:00:00,13301.473,13309.043,13336.374,13378.0,13266.92
2025-12-02 11:00:00,13356.506,13375.163,13426.333,13479.0,13309.222
2025-12-02 12:00:00,13375.466,13393.584,13463.406,13441.0,13333.924
2025-12-02 13:00:00,13414.19,13419.61,13446.531,13525.0,13335.754
2025-12-02 14:00:00,13417.678,13424.387,13465.754,13456.0,13357.322
2025-12-02 15:00:00,13402.397,13406.404,13434.802,13479.0,13303.902
2025-12-02 16:00:00,13423.433,13443.624,13485.805,13604.0,13357.933
2025-12-02 17:00:00,13629.91,13623.938,13637.973,13715.0,13545.938
2025-12-02 18:00:00,13633.374,13620.586,13645.666,13801.0,13559.031
2025-12-02 19:00:00,13502.161,13465.983,13504.647,13675.0,13421.701
2025-12-02 20:00:00,13281.286,13238.962,13299.026,13382.0,13191.641
2025-12-02 21:00:00,13078.801,13049.849,13074.69,13161.0,12998.384
2025-12-02 22:00:00,12771.908,12759.824,12769.664,12910.0,12719.675
2025-12-02 23:00:00,12322.239,12313.797,12370.121,12454.0,12246.412
2025-12-03 00:00:00,11969.866,12009.806,11992.01,12023.0,11984.158
2025-12-03 01:00:00,11533.603,11596.802,11546.657,11634.0,11532.157
2025-12-03 02:00:00,11266.219,11319.12,11283.463,11350.0,11263.847
2025-12-03 03:00:00,11112.119,11159.368,11115.891,11183.0,11127.602
2025-12-03 04:00:00,11047.266,11093.819,11071.771,11128.0,11076.198
2025-12-03 05:00:00,11126.29,11190.008,11162.325,11272.0,11149.867
2025-12-03 06:00:00,11510.577,11566.853,11538.401,11521.0,11500.325
2025-12-03 07:00:00,12060.717,12122.976,12121.824,12097.0,12066.526
2025-12-03 08:00:00,12671.148,12728.355,12740.205,12679.0,12669.088
2025-12-03 09:00:00,13154.827,13206.81,13266.013,13400.0,13198.348
2025-12-03 10:00:00,13356.387,13411.941,13460.053,13491.0,13360.24
2025-12-03 11:00:00,13408.988,13468.216,13523.355,13494.0,13387.002
2025-12-03 12:00:00,13416.961,13483.686,13543.672,13464.0,13393.706
2025-12-03 13:00:00,13462.375,13512.896,13530.321,13574.0,13412.515
2025-12-03 14:00:00,13460.613,13518.326,13555.738,13555.0,13437.8
2025-12-03 15:00:00,13440.678,13496.756,13540.701,13505.0,13392.225
2025-12-03 16:00:00,13467.948,13549.816,13598.439,13622.0,13460.19
2025-12-03 17:00:00,13673.761,13708.302,13720.201,13743.0,13659.119
2025-12-03 18:00:00,13674.5205,13699.737,13723.128,13726.0,13666.957
2025-12-03 19:00:00,13542.547,13551.889,13594.889,13725.0,13530.097
2025-12-03 20:00:00,13316.687,13330.776,13369.6,13366.0,13303.34
2025-12-03 21:00:00,13111.436,13129.34,13144.021,13228.0,13103.027
2025-12-03 22:00:00,12811.528,12839.373,12832.111,12955.0,12818.417
2025-12-03 23:00:00,12375.059,12401.094,12430.106,12475.0,12364.166
2025-12-04 00:00:00,12069.046,12086.509,12119.242,12038.0,12016.574
2025-12-04 01:00:00,11636.455,11664.676,11665.97,11603.0,11583.786
2025-12-04 02:00:00,11376.617,11388.659,11385.483,11346.0,11318.62
2025-12-04 03:00:00,11207.296,11218.667,11210.025,11193.0,11174.74
2025-12-04 04:00:00,11147.334,11159.049,11164.871,11118.0,11137.102
2025-12-04 05:00:00,11239.046,11254.163,11230.356,11163.0,11225.616
2025-12-04 06:00:00,11596.778,11605.134,11561.224,11508.0,11536.218
2025-12-04 07:00:00,12143.791,12147.784,12098.312,12066.0,12093.8545
2025-12-04 08:00:00,12748.616,12754.674,12725.297,12610.0,12699.379
2025-12-04 09:00:00,13238.291,13252.412,13300.508,13296.0,13262.066
2025-12-04 10:00:00,13438.632,13462.097,13492.497,13413.0,13425.36
2025-12-04 11:00:00,13496.622,13530.494,13570.368,13443.0,13466.176
2025-12-04 12:00:00,13510.238,13555.883,13589.505,13361.0,13476.198
2025-12-04 13:00:00,13549.119,13586.351,13586.476,13488.0,13490.666
2025-12-04 14:00:00,13551.186,13587.96,13590.416,13473.0,13504.122
2025-12-04 15:00:00,13538.233,13576.76,13583.193,13526.0,13471.571
2025-12-04 16:00:00,13563.257,13621.271,13649.591,13625.0,13549.711
2025-12-04 17:00:00,13770.805,13788.779,13750.996,13728.0,13726.103
2025-12-04 18:00:00,13764.281,13770.214,13778.94,13712.0,13737.418
2025-12-04 19:00:00,13629.009,13615.781,13648.693,13576.0,13593.198
2025-12-04 20:00:00,13408.637,13395.533,13421.006,13279.0,13365.679
2025-12-04 21:00:00,13209.557,13204.812,13195.336,13204.0,13168.813
2025-12-04 22:00:00,12917.959,12918.2295,12894.103,12961.0,12884.479
2025-12-04 23:00:00,12491.752,12487.138,12503.834,12451.0,12442.406
2025-12-05 00:00:00,12064.417,12055.17,12099.977,11980.0,12033.875
2025-12-05 01:00:00,11621.283,11644.3125,11651.142,11578.0,11579.153
2025-12-05 02:00:00,11350.53,11357.559,11383.838,11311.0,11314.4
2025-12-05 03:00:00,11187.324,11186.3545,11212.054,11119.0,11165.924
2025-12-05 04:00:00,11113.854,11118.274,11168.641,11108.0,11122.859
2025-12-05 05:00:00,11193.248,11204.505,11246.925,11140.0,11187.076
2025-12-05 06:00:00,11563.305,11564.032,11583.461,11535.0,11516.093
2025-12-05 07:00:00,12108.142,12103.054,12123.617,12045.0,12069.96
2025-12-05 08:00:00,12707.968,12699.633,12713.081,12642.0,12661.918
2025-12-05 09:00:00,13218.255,13198.425,13287.525,13278.0,13244.289
2025-12-05 10:00:00,13419.343,13395.175,13466.851,13458.0,13380.777
2025-12-05 11:00:00,13470.508,13445.103,13519.963,13478.0,13396.25
2025-12-05 12:00:00,13486.363,13464.067,13526.237,13447.0,13406.568
2025-12-05 13:00:00,13527.079,13492.439,13531.314,13510.0,13431.862
2025-12-05 14:00:00,13525.257,13491.96,13528.647,13499.0,13452.784
2025-12-05 15:00:00,13510.631,13474.953,13506.303,13446.0,13420.812
2025-12-05 16:00:00,13542.103,13523.513,13566.181,13476.0,13494.769
2025-12-05 17:00:00,13718.282,13668.8,13678.059,13608.0,13666.418
2025-12-05 18:00:00,13740.422,13672.672,13708.384,13595.0,13691.706
2025-12-05 19:00:00,13607.673,13534.472,13584.856,13459.0,13559.376
2025-12-05 20:00:00,13382.152,13310.132,13335.505,13189.0,13313.959
2025-12-05 21:00:00,13170.326,13109.08,13112.475,12996.0,13125.497
2025-12-05 22:00:00,12905.598,12849.387,12840.826,12779.0,12870.914
2025-12-05 23:00:00,12540.724,12471.13,12472.698,12446.0,12456.868
2025-12-06 00:00:00,12119.916,12042.103,12087.122,12073.0,12033.045
2025-12-06 01:00:00,11736.379,11656.723,11661.859,11671.0,11639.905
2025-12-06 02:00:00,11417.892,11346.404,11369.777,11370.0,11338.856
2025-12-06 03:00:00,11223.231,11177.758,11213.922,11166.0,11175.336
2025-12-06 04:00:00,11152.322,11111.148,11153.259,11131.0,11140.068
2025-12-06 05:00:00,11151.41,11119.183,11155.067,11106.0,11130.4
2025-12-06 06:00:00,11273.136,11255.874,11270.329,11260.0,11229.099
2025-12-06 07:00:00,11533.035,11539.335,11527.99,11527.0,11464.834
2025-12-06 08:00:00,11916.064,11929.746,11916.955,11869.0,11831.941
2025-12-06 09:00:00,12412.164,12429.814,12454.493,12408.0,12394.533
2025-12-06 10:00:00,12814.795,12820.593,12842.748,12749.0,12756.736
2025-12-06 11:00:00,13058.418,13042.457,13125.807,12987.0,13048.419
2025-12-06 12:00:00,13162.284,13153.412,13215.018,13099.0,13151.146
2025-12-06 13:00:00,13203.17,13190.23,13203.72,13097.0,13192.492
2025-12-06 14:00:00,13205.306,13198.392,13235.25,13272.0,13230.877
2025-12-06 15:00:00,13195.0205,13187.521,13271.376,13292.0,13242.644
2025-12-06 16:00:00,13241.764,13248.574,13366.953,13398.0,13317.246
2025-12-06 17:00:00,13502.268,13490.084,13576.937,13590.0,13601.3
2025-12-06 18:00:00,13589.755,13547.331,13618.455,13590.0,13630.241
2025-12-06 19:00:00,13495.853,13423.143,13473.627,13477.0,13475.354
2025-12-06 20:00:00,13267.217,13194.547,13244.829,13210.0,13208.929
2025-12-06 21:00:00,13059.834,12995.496,13048.308,13021.0,13016.305
2025-12-06 22:00:00,12790.025,12720.479,12779.657,12830.0,12728.578
2025-12-06 23:00:00,12444.851,12366.513,12438.974,12402.0,12364.904
2025-12-07 00:00:00,12091.144,12110.716,12166.346,12102.0,12057.046
2025-12-07 01:00:00,11662.886,11742.02,11722.974,11750.0,11683.587
2025-12-07 02:00:00,11376.074,11471.098,11444.363,11423.0,11420.794
2025-12-07 03:00:00,11202.607,11317.758,11300.798,11313.0,11275.967
2025-12-07 04:00:00,11114.376,11235.358,11228.704,11162.0,11225.483
2025-12-07 05:00:00,11112.214,11249.906,11229.58,11115.0,11242.217
2025-12-07 06:00:00,11199.223,11369.295,11304.187,11230.0,11324.32
2025-12-07 07:00:00,11362.9375,11558.109,11488.473,11461.0,11505.118
2025-12-07 08:00:00,11643.522,11866.462,11825.614,11733.0,11808.284
2025-12-07 09:00:00,12060.1455,12296.012,12299.198,12326.0,12288.511
2025-12-07 10:00:00,12467.854,12713.2,12705.321,12707.0,12680.657
2025-12-07 11:00:00,12759.3955,12973.769,12990.476,12951.0,12977.576
2025-12-07 12:00:00,12903.83,13115.139,13113.28,13107.0,13105.152
2025-12-07 13:00:00,12950.75,13150.949,13129.782,13146.0,13147.279
2025-12-07 14:00:00,12979.86,13182.805,13182.211,13210.0,13200.689
2025-12-07 15:00:00,13010.25,13203.519,13245.308,13250.0,13243.605
2025-12-07 16:00:00,13094.889,13284.217,13362.573,13427.0,13337.707
2025-12-07 17:00:00,13404.71,13558.231,13608.844,13638.0,13642.31
2025-12-07 18:00:00,13460.85,13624.385,13662.511,13637.0,13688.445
2025-12-07 19:00:00,13361.476,13513.019,13564.768,13657.0,13562.932
2025-12-07 20:00:00,13160.692,13319.16,13376.116,13367.0,13370.297
2025-12-07 21:00:00,12987.455,13148.156,13217.47,13253.0,13211.342
2025-12-07 22:00:00,12691.798,12846.153,12918.355,12929.0,12913.108
2025-12-07 23:00:00,12284.38,12440.155,12540.997,12460.0,12509.526
2025-12-08 00:00:00,12007.145,12089.328,12221.214,12117.0,12144.1
2025-12-08 01:00:00,11573.576,11721.798,11704.274,11671.0,11699.198
2025-12-08 02:00:00,11305.088,11437.693,11481.139,11415.0,11439.014
2025-12-08 03:00:00,11154.368,11283.775,11329.796,11221.0,11307.649
2025-12-08 04:00:00,11093.248,11231.389,11308.966,11130.0,11273.359
2025-12-08 05:00:00,11166.515,11324.291,11391.601,11292.0,11363.755
2025-12-08 06:00:00,11540.365,11693.623,11744.052,11632.0,11718.231
2025-12-08 07:00:00,12100.742,12258.904,12322.518,12211.0,12336.745
2025-12-08 08:00:00,12717.777,12878.821,12955.758,12814.0,12988.909
2025-12-08 09:00:00,13244.434,13419.102,13604.402,13505.0,13595.103
2025-12-08 10:00:00,13445.575,13640.008,13820.1045,13709.0,13789.711
2025-12-08 11:00:00,13501.877,13706.628,13915.213,13837.0,13816.339
2025-12-08 12:00:00,13496.13,13703.418,13917.947,13803.0,13805.091
2025-12-08 13:00:00,13547.686,13743.466,13924.0625,13887.0,13839.025
2025-12-08 14:00:00,13546.728,13746.449,13951.477,13856.0,13855.374
2025-12-08 15:00:00,13532.699,13730.174,13950.606,13866.0,13804.097
2025-12-08 16:00:00,13559.899,13778.609,14028.212,13980.0,13892.189
2025-12-08 17:00:00,13743.324,13932.485,14111.315,13971.0,14046.676
2025-12-08 18:00:00,13717.348,13914.6,14105.164,13957.0,14045.269
2025-12-08 19:00:00,13574.868,13752.697,13974.318,13910.0,13886.821
2025-12-08 20:00:00,13352.35,13534.056,13725.086,13581.0,13651.87
2025-12-08 21:00:00,13166.227,13358.477,13522.826,13426.0,13475.333
2025-12-08 22:00:00,12881.57,13085.417,13246.334,13134.0,13199.084
2025-12-08 23:00:00,12456.479,12657.6045,12822.67,12598.0,12735.439
2025-12-09 00:00:00,12187.432,12210.223,12377.171,12200.0,12226.861
2025-12-09 01:00:00,11769.796,11814.015,11924.647,11657.0,11768.187
2025-12-09 02:00:00,11506.451,11525.477,11637.833,11474.0,11481.052
2025-12-09 03:00:00,11342.965,11367.827,11479.902,11315.0,11331.153
2025-12-09 04:00:00,11268.426,11282.755,11436.744,11249.0,11273.111
2025-12-09 05:00:00,11346.291,11369.486,11509.328,11292.0,11358.201
2025-12-09 06:00:00,11713.888,11720.409,11835.888,11723.0,11668.499
2025-12-09 07:00:00,12261.233,12258.462,12365.428,12195.0,12210.094
2025-12-09 08:00:00,12865.53,12856.49,12984.33,12826.0,12823.511
2025-12-09 09:00:00,13389.166,13367.907,13571.437,13489.0,13438.847
2025-12-09 10:00:00,13584.613,13553.675,13736.173,13637.0,13578.357
2025-12-09 11:00:00,13631.604,13593.347,13781.082,13671.0,13575.596
2025-12-09 12:00:00,13647.548,13605.309,13797.502,13649.0,13582.627
2025-12-09 13:00:00,13702.307,13642.431,13799.971,13710.0,13608.823
2025-12-09 14:00:00,13698.442,13642.217,13796.109,13684.0,13622.274
2025-12-09 15:00:00,13686.871,13630.49,13795.615,13612.0,13597.159
2025-12-09 16:00:00,13711.6875,13678.131,13862.254,13726.0,13666.727
2025-12-09 17:00:00,13899.916,13810.377,13925.535,13791.0,13801.286
2025-12-09 18:00:00,13871.27,13775.329,13883.471,13788.0,13780.868
2025-12-09 19:00:00,13744.154,13622.886,13770.649,13685.0,13641.243
2025-12-09 20:00:00,13530.997,13406.485,13517.326,13390.0,13398.266
2025-12-09 21:00:00,13330.896,13211.909,13289.522,13207.0,13212.884
2025-12-09 22:00:00,13043.075,12929.567,13000.819,12886.0,12945.109
2025-12-09 23:00:00,12613.722,12504.255,12567.088,12363.0,12489.804
2025-12-10 00:00:00,12198.021,12151.119,12136.6875,11983.0,12046.75
2025-12-10 01:00:00,11765.354,11715.669,11659.661,11482.0,11564.754
2025-12-10 02:00:00,11502.412,11428.93,11394.228,11217.0,11303.703
2025-12-10 03:00:00,11337.457,11257.161,11204.729,11099.0,11145.171
2025-12-10 04:00:00,11270.657,11189.359,11138.637,11002.0,11104.511
2025-12-10 05:00:00,11351.765,11271.147,11175.492,11111.0,11163.743
2025-12-10 06:00:00,11724.367,11640.404,11506.588,11451.0,11501.035
2025-12-10 07:00:00,12275.905,12178.87,12023.609,11967.0,12021.468
2025-12-10 08:00:00,12908.02,12809.467,12615.357,12600.0,12628.269
2025-12-10 09:00:00,13448.353,13329.733,13233.641,13211.0,13259.066
2025-12-10 10:00:00,13650.334,13520.966,13406.424,13344.0,13386.425
2025-12-10 11:00:00,13699.939,13575.323,13458.611,13369.0,13400.675
2025-12-10 12:00:00,13709.867,13592.477,13461.073,13348.0,13397.815
2025-12-10 13:00:00,13759.72,13630.804,13481.179,13376.0,13423.907
2025-12-10 14:00:00,13757.523,13629.337,13481.296,13359.0,13436.682
2025-12-10 15:00:00,13742.742,13606.757,13484.297,13409.0,13414.351
2025-12-10 16:00:00,13777.422,13660.623,13545.648,13569.0,13478.264
2025-12-10 17:00:00,13970.676,13821.594,13669.229,13632.0,13663.131
2025-12-10 18:00:00,13946.438,13783.075,13650.446,13556.0,13650.758
2025-12-10 19:00:00,13814.288,13632.416,13538.655,13449.0,13516.015
2025-12-10 20:00:00,13594.206,13401.568,13278.303,13178.0,13261.77
2025-12-10 21:00:00,13389.699,13208.861,13079.844,13115.0,13068.839
2025-12-10 22:00:00,13096.039,12929.777,12825.594,12832.0,12822.625
2025-12-10 23:00:00,12652.1,12487.39,12403.692,12383.0,12362.85
2025-12-11 00:00:00,11944.642,11962.192,11959.721,11940.0,11896.898
2025-12-11 01:00:00,11519.979,11544.733,11485.723,11473.0,11406.207
2025-12-11 02:00:00,11252.613,11260.128,11221.151,11205.0,11156.919
2025-12-11 03:00:00,11093.654,11095.538,11035.587,11033.0,11020.402
2025-12-11 04:00:00,11019.493,11016.331,10948.8125,10827.0,10965.11
2025-12-11 05:00:00,11095.721,11085.149,10967.849,10843.0,11016.421
2025-12-11 06:00:00,11462.329,11415.482,11327.266,11229.0,11332.279
2025-12-11 07:00:00,12018.6875,11938.962,11837.7705,11716.0,11831.361
2025-12-11 08:00:00,12619.924,12539.45,12445.921,12314.0,12452.741
2025-12-11 09:00:00,13160.651,13092.115,13034.408,12943.0,13091.823
2025-12-11 10:00:00,13346.143,13277.814,13220.833,13023.0,13220.215
2025-12-11 11:00:00,13384.346,13325.5,13256.668,13095.0,13232.804
2025-12-11 12:00:00,13402.947,13351.496,13258.507,13089.0,13237.095
2025-12-11 13:00:00,13455.411,13389.411,13272.235,13188.0,13271.89
2025-12-11 14:00:00,13463.771,13398.191,13293.749,13097.0,13289.325
2025-12-11 15:00:00,13455.878,13386.283,13276.08,13111.0,13282.6
2025-12-11 16:00:00,13493.804,13438.785,13336.722,13210.0,13329.972
2025-12-11 17:00:00,13687.44,13596.783,13470.452,13317.0,13507.494
2025-12-11 18:00:00,13656.462,13558.886,13464.013,13373.0,13487.046
2025-12-11 19:00:00,13525.826,13423.122,13348.321,13349.0,13345.068
2025-12-11 20:00:00,13302.812,13198.638,13080.943,13054.0,13095.265
2025-12-11 21:00:00,13105.811,13002.852,12899.952,12917.0,12900.862
2025-12-11 22:00:00,12816.397,12729.905,12643.654,12710.0,12648.433
2025-12-11 23:00:00,12377.072,12306.166,12232.316,12228.0,12198.533
2025-12-12 00:00:00,11747.373,11966.074,11885.279,11856.0,11900.77
2025-12-12 01:00:00,11307.14,11554.429,11448.523,11420.0,11435.124
2025-12-12 02:00:00,11043.681,11276.834,11241.101,11141.0,11206.819
2025-12-12 03:00:00,10871.474,11132.108,11081.008,11041.0,11087.621
2025-12-12 04:00:00,10778.136,11064.583,11008.473,10946.0,11035.633
2025-12-12 05:00:00,10841.597,11139.938,11060.616,11070.0,11104.073
2025-12-12 06:00:00,11184.223,11462.622,11411.788,11446.0,11405.0
2025-12-12 07:00:00,11707.705,11960.487,11942.517,11976.0,11897.77
2025-12-12 08:00:00,12306.686,12562.906,12547.468,12553.0,12515.378
2025-12-12 09:00:00,12833.83,13128.676,13186.844,13209.0,13161.132
2025-12-12 10:00:00,13022.752,13361.9,13435.5,13429.0,13370.552
2025-12-12 11:00:00,13060.238,13444.242,13502.596,13500.0,13427.741
2025-12-12 12:00:00,13082.592,13474.389,13505.602,13443.0,13451.599
2025-12-12 13:00:00,13115.477,13516.484,13488.245,13451.0,13487.991
2025-12-12 14:00:00,13135.344,13545.5,13522.639,13458.0,13534.557
2025-12-12 15:00:00,13136.28,13557.922,13550.457,13477.0,13554.331
2025-12-12 16:00:00,13176.94,13630.197,13641.664,13562.0,13657.753
2025-12-12 17:00:00,13330.3545,13772.841,13863.199,13741.0,13838.801
2025-12-12 18:00:00,13326.97,13775.532,13864.648,13806.0,13850.445
2025-12-12 19:00:00,13200.233,13644.563,13747.983,13703.0,13723.871
2025-12-12 20:00:00,12953.043,13455.059,13516.293,13423.0,13487.344
2025-12-12 21:00:00,12740.031,13289.27,13331.329,13285.0,13330.541
2025-12-12 22:00:00,12497.979,13055.9375,13093.305,13017.0,13103.509
2025-12-12 23:00:00,12144.983,12682.712,12702.601,12583.0,12707.483
2025-12-13 00:00:00,12018.186,12200.83,12440.576,12303.0,12289.728
2025-12-13 01:00:00,11626.068,11855.78,12046.741,11852.0,11928.184
2025-12-13 02:00:00,11305.922,11540.502,11746.876,11595.0,11621.701
2025-12-13 03:00:00,11140.208,11391.738,11611.844,11350.0,11484.133
2025-12-13 04:00:00,11062.281,11326.373,11544.31,11358.0,11450.424
2025-12-13 05:00:00,11071.333,11348.326,11581.952,11390.0,11493.624
2025-12-13 06:00:00,11200.771,11495.8125,11715.372,11476.0,11621.274
2025-12-13 07:00:00,11477.373,11780.051,11979.335,11743.0,11876.521
2025-12-13 08:00:00,11859.699,12164.346,12357.707,12121.0,12255.589
2025-12-13 09:00:00,12366.058,12676.916,12886.158,12748.0,12796.415
2025-12-13 10:00:00,12746.361,13060.373,13317.797,13081.0,13195.048
2025-12-13 11:00:00,12967.886,13267.927,13547.81,13291.0,13428.03
2025-12-13 12:00:00,13071.374,13356.06,13625.881,13414.0,13517.82
2025-12-13 13:00:00,13112.403,13377.315,13599.449,13433.0,13534.926
2025-12-13 14:00:00,13135.696,13391.723,13614.516,13420.0,13564.019
2025-12-13 15:00:00,13151.453,13388.861,13655.566,13441.0,13579.182
2025-12-13 16:00:00,13207.618,13471.98,13781.622,13570.0,13685.923
2025-12-13 17:00:00,13439.905,13663.125,14011.848,13912.0,13962.14
2025-12-13 18:00:00,13476.541,13704.941,14059.467,13922.0,14023.191
2025-12-13 19:00:00,13375.193,13606.939,13984.908,13825.0,13919.033
2025-12-13 20:00:00,13153.285,13420.625,13762.896,13585.0,13688.059
2025-12-13 21:00:00,12945.618,13236.308,13582.58,13477.0,13513.233
2025-12-13 22:00:00,12682.82,12977.399,13315.064,13221.0,13236.966
2025-12-13 23:00:00,12340.451,12623.301,12941.627,12895.0,12848.468
2025-12-14 00:00:00,12338.084,12426.541,12517.294,12505.0,12499.858
2025-12-14 01:00:00,11935.946,12050.225,12116.715,12126.0,12126.087
2025-12-14 02:00:00,11630.272,11766.476,11847.457,11801.0,11827.126
2025-12-14 03:00:00,11448.213,11609.535,11709.843,11639.0,11689.241
2025-12-14 04:00:00,11351.729,11517.507,11633.9795,11554.0,11633.354
2025-12-14 05:00:00,11341.112,11512.175,11645.765,11532.0,11660.359
2025-12-14 06:00:00,11417.679,11600.475,11722.84,11650.0,11740.773
2025-12-14 07:00:00,11591.179,11765.488,11893.328,11860.0,11909.479
2025-12-14 08:00:00,11880.27,12066.253,12186.7,12156.0,12193.614
2025-12-14 09:00:00,12332.285,12537.525,12681.483,12744.0,12698.707
2025-12-14 10:00:00,12744.842,12961.862,13110.903,13108.0,13099.354
2025-12-14 11:00:00,13035.99,13226.653,13416.152,13429.0,13406.303
2025-12-14 12:00:00,13172.159,13346.521,13517.661,13575.0,13526.039
2025-12-14 13:00:00,13221.095,13368.853,13499.262,13548.0,13544.5
2025-12-14 14:00:00,13259.108,13392.921,13527.307,13613.0,13586.025
2025-12-14 15:00:00,13296.744,13415.828,13590.82,13646.0,13619.76
2025-12-14 16:00:00,13393.762,13499.87,13743.499,13728.0,13756.449
2025-12-14 17:00:00,13719.342,13776.145,13987.906,14010.0,14056.852
2025-12-14 18:00:00,13742.522,13801.584,14023.009,14045.0,14112.395
2025-12-14 19:00:00,13657.477,13703.929,13974.606,13975.0,14020.078
2025-12-14 20:00:00,13471.357,13529.951,13777.171,13750.0,13810.464
2025-12-14 21:00:00,13296.672,13369.929,13656.221,13612.0,13671.091
2025-12-14 22:00:00,12994.236,13075.678,13327.901,13278.0,13346.566
2025-12-14 23:00:00,12558.796,12640.46,12882.062,12922.0,12859.643
2025-12-15 00:00:00,12424.73,12392.975,12503.122,12540.0,12541.088
2025-12-15 01:00:00,12013.973,11989.115,12017.984,12157.0,12078.157
2025-12-15 02:00:00,11752.534,11704.991,11765.236,11854.0,11803.301
2025-12-15 03:00:00,11580.01,11536.659,11579.607,11678.0,11615.858
2025-12-15 04:00:00,11511.314,11467.604,11573.393,11650.0,11577.23
2025-12-15 05:00:00,11610.734,11558.281,11654.496,11668.0,11676.289
2025-12-15 06:00:00,12016.596,11934.015,12013.712,12091.0,12039.576
2025-12-15 07:00:00,12603.598,12506.942,12556.468,12609.0,12637.445
2025-12-15 08:00:00,13237.963,13126.393,13210.369,13160.0,13284.526
2025-12-15 09:00:00,13790.875,13681.284,13867.672,13797.0,13909.574
2025-12-15 10:00:00,13994.178,13883.013,14065.619,13996.0,14103.88
2025-12-15 11:00:00,14040.585,13934.762,14154.998,14066.0,14140.31
2025-12-15 12:00:00,14027.441,13928.209,14145.152,14054.0,14139.529
2025-12-15 13:00:00,14082.006,13955.164,14128.955,14137.0,14176.41
2025-12-15 14:00:00,14065.826,13946.32,14118.417,14093.0,14163.332
2025-12-15 15:00:00,14046.003,13909.082,14086.031,14088.0,14084.665
2025-12-15 16:00:00,14058.391,13953.1455,14159.172,14139.0,14152.355
2025-12-15 17:00:00,14237.234,14050.938,14175.804,14355.0,14220.544
2025-12-15 18:00:00,14202.388,14012.272,14148.785,14195.0,14195.404
2025-12-15 19:00:00,14067.668,13848.139,14035.363,14170.0,14048.796
2025-12-15 20:00:00,13864.13,13645.536,13795.606,13858.0,13822.803
2025-12-15 21:00:00,13671.605,13452.274,13597.2705,13623.0,13629.94
2025-12-15 22:00:00,13374.261,13152.242,13277.596,13395.0,13314.145
2025-12-15 23:00:00,12930.042,12697.901,12801.806,12944.0,12815.454
2025-12-16 00:00:00,12577.044,12402.121,12402.811,12504.0,12391.767
2025-12-16 01:00:00,12135.305,11964.805,11951.96,11965.0,11944.693
2025-12-16 02:00:00,11880.928,11682.044,11688.489,11732.0,11660.387
2025-12-16 03:00:00,11718.53,11523.21,11515.441,11615.0,11515.205
2025-12-16 04:00:00,11641.308,11432.627,11471.517,11496.0,11465.483
2025-12-16 05:00:00,11728.065,11500.733,11523.706,11509.0,11504.167
2025-12-16 06:00:00,12110.937,11851.71,11846.876,11886.0,11838.94
2025-12-16 07:00:00,12660.695,12372.83,12337.168,12414.0,12345.398
2025-12-16 08:00:00,13272.522,12972.916,12936.041,12988.0,12937.069
2025-12-16 09:00:00,13810.94,13490.974,13544.538,13649.0,13547.486
2025-12-16 10:00:00,14011.616,13665.537,13698.863,13761.0,13682.168
2025-12-16 11:00:00,14056.583,13704.668,13739.878,13758.0,13694.972
2025-12-16 12:00:00,14049.75,13719.806,13754.241,13708.0,13701.07
2025-12-16 13:00:00,14099.1045,13754.24,13747.058,13799.0,13716.387
2025-12-16 14:00:00,14097.781,13755.639,13722.576,13712.0,13709.432
2025-12-16 15:00:00,14085.494,13730.738,13721.15,13666.0,13667.185
2025-12-16 16:00:00,14104.458,13781.201,13796.324,13850.0,13739.649
2025-12-16 17:00:00,14304.797,13906.118,13874.206,13901.0,13866.1
2025-12-16 18:00:00,14290.455,13877.72,13855.791,13884.0,13865.864
2025-12-16 19:00:00,14162.855,13726.8545,13728.881,13760.0,13719.27
2025-12-16 20:00:00,13964.317,13515.795,13494.417,13503.0,13478.435
2025-12-16 21:00:00,13764.391,13335.227,13280.863,13355.0,13291.287
2025-12-16 22:00:00,13467.617,13056.476,13004.364,13073.0,13022.503
2025-12-16 23:00:00,13027.02,12616.979,12558.684,12621.0,12550.494
2025-12-17 00:00:00,12394.22,12361.788,12215.373,12154.0,12219.159
2025-12-17 01:00:00,11965.318,11941.339,11747.506,11669.0,11749.856
2025-12-17 02:00:00,11695.524,11663.867,11507.474,11421.0,11498.446
2025-12-17 03:00:00,11531.858,11497.015,11327.117,11276.0,11351.733
2025-12-17 04:00:00,11451.982,11417.917,11271.421,11253.0,11293.237
2025-12-17 05:00:00,11517.935,11492.963,11320.587,11300.0,11362.65
2025-12-17 06:00:00,11895.276,11871.133,11681.237,11730.0,11714.299
2025-12-17 07:00:00,12447.383,12420.937,12201.685,12223.0,12267.236
2025-12-17 08:00:00,13068.341,13025.029,12812.794,12828.0,12843.006
2025-12-17 09:00:00,13619.213,13563.676,13453.862,13467.0,13453.851
2025-12-17 10:00:00,13818.141,13761.09,13623.883,13586.0,13600.082
2025-12-17 11:00:00,13863.314,13805.971,13668.355,13694.0,13617.403
2025-12-17 12:00:00,13861.511,13803.069,13674.225,13593.0,13616.177
2025-12-17 13:00:00,13917.301,13840.768,13683.398,13657.0,13630.691
2025-12-17 14:00:00,13910.67,13835.834,13674.582,13671.0,13641.686
2025-12-17 15:00:00,13888.992,13809.504,13659.072,13683.0,13596.936
2025-12-17 16:00:00,13907.705,13845.24,13730.874,13872.0,13669.384
2025-12-17 17:00:00,14122.445,14012.572,13900.1,13882.0,13854.438
2025-12-17 18:00:00,14090.577,13973.485,13869.531,13877.0,13860.702
2025-12-17 19:00:00,13959.826,13828.339,13756.9,13771.0,13734.693
2025-12-17 20:00:00,13762.913,13620.752,13516.387,13514.0,13491.525
2025-12-17 21:00:00,13568.028,13426.113,13310.147,13316.0,13291.595
2025-12-17 22:00:00,13291.877,13151.074,13054.869,13081.0,13034.196
2025-12-17 23:00:00,12860.818,12734.562,12617.191,12690.0,12586.208
2025-12-18 00:00:00,12174.764,12216.283,12181.032,12257.0,12140.136
2025-12-18 01:00:00,11741.719,11795.445,11717.814,11780.0,11708.289
2025-12-18 02:00:00,11474.241,11509.518,11466.736,11579.0,11443.256
2025-12-18 03:00:00,11319.17,11356.045,11295.919,11391.0,11305.393
2025-12-18 04:00:00,11244.493,11270.893,11229.01,11305.0,11233.857
2025-12-18 05:00:00,11307.489,11327.227,11254.45,11402.0,11281.357
2025-12-18 06:00:00,11674.7,11660.822,11611.678,11721.0,11619.227
2025-12-18 07:00:00,12209.447,12169.888,12120.641,12267.0,12110.266
2025-12-18 08:00:00,12805.916,12763.489,12721.963,12857.0,12693.46
2025-12-18 09:00:00,13341.141,13320.419,13352.234,13435.0,13316.872
2025-12-18 10:00:00,13527.6455,13505.493,13518.977,13575.0,13436.584
2025-12-18 11:00:00,13567.913,13546.877,13557.687,13619.0,13457.182
2025-12-18 12:00:00,13576.43,13568.517,13542.613,13532.0,13456.507
2025-12-18 13:00:00,13613.22,13592.224,13527.359,13633.0,13462.66
2025-12-18 14:00:00,13622.484,13600.54,13517.163,13616.0,13456.659
2025-12-18 15:00:00,13614.151,13584.625,13517.159,13647.0,13442.5205
2025-12-18 16:00:00,13656.531,13647.747,13612.197,13717.0,13530.421
2025-12-18 17:00:00,13864.517,13823.256,13730.826,13818.0,13672.317
2025-12-18 18:00:00,13836.284,13787.871,13741.408,13857.0,13697.422
2025-12-18 19:00:00,13706.895,13642.845,13631.098,13737.0,13566.752
2025-12-18 20:00:00,13502.959,13429.058,13395.234,13509.0,13346.278
2025-12-18 21:00:00,13319.316,13254.634,13201.349,13282.0,13167.426
2025-12-18 22:00:00,13038.145,12988.259,12931.011,13076.0,12911.791
2025-12-18 23:00:00,12603.348,12556.454,12503.336,12597.0,12467.184
2025-12-19 00:00:00,12277.365,12280.959,12140.926,12215.0,12157.291
2025-12-19 01:00:00,11833.183,11871.135,11685.564,11719.0,11733.129
2025-12-19 02:00:00,11571.257,11602.956,11455.371,11534.0,11502.874
2025-12-19 03:00:00,11413.916,11457.136,11286.727,11379.0,11360.413
2025-12-19 04:00:00,11338.914,11383.3545,11237.503,11297.0,11323.1875
2025-12-19 05:00:00,11406.794,11460.3125,11299.026,11359.0,11405.69
2025-12-19 06:00:00,11768.176,11816.799,11675.925,11750.0,11740.929
2025-12-19 07:00:00,12302.614,12341.751,12204.673,12251.0,12264.28
2025-12-19 08:00:00,12900.8545,12935.773,12801.673,12824.0,12846.757
2025-12-19 09:00:00,13447.085,13491.365,13434.25,13572.0,13451.842
2025-12-19 10:00:00,13641.37,13679.814,13613.708,13681.0,13593.785
2025-12-19 11:00:00,13687.856,13722.795,13660.311,13753.0,13621.506
2025-12-19 12:00:00,13679.691,13725.342,13642.524,13658.0,13607.711
2025-12-19 13:00:00,13714.639,13742.669,13635.1,13819.0,13614.598
2025-12-19 14:00:00,13726.682,13754.424,13632.82,13786.0,13631.045
2025-12-19 15:00:00,13717.826,13749.74,13634.983,13693.0,13617.188
2025-12-19 16:00:00,13748.527,13815.145,13720.129,13754.0,13696.782
2025-12-19 17:00:00,13917.743,13936.139,13845.245,13828.0,13840.45
2025-12-19 18:00:00,13909.742,13905.517,13838.7705,13816.0,13841.1455
2025-12-19 19:00:00,13763.957,13757.218,13708.973,13715.0,13704.403
2025-12-19 20:00:00,13562.909,13549.841,13456.434,13431.0,13469.486
2025-12-19 21:00:00,13353.814,13345.331,13252.494,13215.0,13276.468
2025-12-19 22:00:00,13090.887,13086.967,13005.662,13024.0,13039.666
2025-12-19 23:00:00,12730.029,12715.796,12620.942,12639.0,12672.987
2025-12-20 00:00:00,12309.69,12268.63,12231.092,12249.0,12226.301
2025-12-20 01:00:00,11896.24,11858.235,11816.866,11788.0,11816.583
2025-12-20 02:00:00,11582.716,11544.027,11506.746,11539.0,11516.054
2025-12-20 03:00:00,11399.8,11384.191,11338.523,11335.0,11360.092
2025-12-20 04:00:00,11326.418,11306.536,11268.99,11206.0,11311.434
2025-12-20 05:00:00,11332.662,11313.941,11241.914,11202.0,11312.678
2025-12-20 06:00:00,11441.908,11430.67,11358.076,11340.0,11424.676
2025-12-20 07:00:00,11702.718,11693.832,11592.637,11672.0,11667.1455
2025-12-20 08:00:00,12074.377,12068.053,11995.122,11962.0,12031.539
2025-12-20 09:00:00,12590.584,12586.987,12568.388,12602.0,12584.572
2025-12-20 10:00:00,12975.957,12957.261,12938.03,12953.0,12910.185
2025-12-20 11:00:00,13204.039,13182.669,13171.388,13154.0,13177.515
2025-12-20 12:00:00,13299.64,13276.4375,13254.277,13276.0,13263.522
2025-12-20 13:00:00,13333.922,13294.945,13251.022,13306.0,13292.243
2025-12-20 14:00:00,13361.686,13325.884,13299.992,13372.0,13338.89
2025-12-20 15:00:00,13375.17,13337.131,13319.479,13362.0,13364.488
2025-12-20 16:00:00,13444.08,13406.48,13419.654,13538.0,13439.548
2025-12-20 17:00:00,13688.335,13625.697,13594.47,13644.0,13633.309
2025-12-20 18:00:00,13731.88,13637.473,13583.674,13623.0,13651.33
2025-12-20 19:00:00,13619.334,13515.039,13463.395,13518.0,13483.422
2025-12-20 20:00:00,13419.615,13279.189,13208.356,13153.0,13224.478
2025-12-20 21:00:00,13214.791,13074.307,13015.708,13040.0,13031.076
2025-12-20 22:00:00,12955.201,12807.988,12796.9,12730.0,12780.081
2025-12-20 23:00:00,12612.01,12446.1455,12432.096,12364.0,12415.108
2025-12-21 00:00:00,12226.1455,12127.694,12025.368,11995.0,12027.177
2025-12-21 01:00:00,11792.015,11702.708,11666.312,11627.0,11599.375
2025-12-21 02:00:00,11479.783,11394.378,11350.674,11322.0,11285.84
2025-12-21 03:00:00,11311.63,11239.875,11170.482,11120.0,11109.638
2025-12-21 04:00:00,11208.755,11125.523,11060.646,11034.0,11005.868
2025-12-21 05:00:00,11188.636,11110.361,10971.048,10976.0,10981.902
2025-12-21 06:00:00,11270.083,11195.059,11062.971,11156.0,11064.06
2025-12-21 07:00:00,11449.405,11365.739,11199.354,11231.0,11237.291
2025-12-21 08:00:00,11751.907,11655.276,11519.202,11560.0,11515.191
2025-12-21 09:00:00,12212.227,12087.923,12047.77,12074.0,12020.061
2025-12-21 10:00:00,12603.518,12484.42,12425.323,12407.0,12365.122
2025-12-21 11:00:00,12896.853,12768.104,12678.893,12691.0,12657.8
2025-12-21 12:00:00,13034.599,12899.357,12799.26,12885.0,12785.104
2025-12-21 13:00:00,13089.709,12948.789,12811.794,12897.0,12831.283
2025-12-21 14:00:00,13126.252,12982.949,12868.482,12948.0,12880.952
2025-12-21 15:00:00,13169.559,13026.09,12916.509,13024.0,12909.895
2025-12-21 16:00:00,13276.637,13123.439,13057.314,13128.0,13042.497
2025-12-21 17:00:00,13589.311,13366.061,13263.204,13435.0,13258.345
2025-12-21 18:00:00,13599.194,13414.969,13314.161,13477.0,13284.009
2025-12-21 19:00:00,13519.159,13330.769,13240.914,13436.0,13201.75
2025-12-21 20:00:00,13318.233,13148.316,13026.108,13151.0,13013.983
2025-12-21 21:00:00,13136.519,12981.709,12881.655,13045.0,12872.912
2025-12-21 22:00:00,12846.337,12708.149,12625.253,12801.0,12608.252
2025-12-21 23:00:00,12449.166,12319.06,12242.779,12319.0,12210.039
2025-12-22 00:00:00,11840.396,12052.419,11884.434,11982.0,11974.883
2025-12-22 01:00:00,11429.379,11670.47,11457.213,11607.0,11535.327
2025-12-22 02:00:00,11178.7295,11401.245,11245.223,11281.0,11300.196
2025-12-22 03:00:00,11025.192,11249.434,11077.303,11189.0,11149.304
2025-12-22 04:00:00,10945.902,11180.726,11016.726,11172.0,11095.2
2025-12-22 05:00:00,11011.514,11261.957,11091.2,11265.0,11174.147
2025-12-22 06:00:00,11388.979,11623.529,11466.13,11615.0,11544.911
2025-12-22 07:00:00,11955.977,12148.226,12007.16,12166.0,12080.639
2025-12-22 08:00:00,12562.454,12764.97,12621.813,12846.0,12695.776
2025-12-22 09:00:00,13131.518,13353.19,13279.649,13508.0,13338.552
2025-12-22 10:00:00,13318.642,13589.344,13531.767,13759.0,13559.54
2025-12-22 11:00:00,13365.214,13677.803,13621.261,13797.0,13634.141
2025-12-22 12:00:00,13373.158,13699.132,13611.064,13869.0,13641.286
2025-12-22 13:00:00,13403.138,13743.816,13612.765,13970.0,13671.758
2025-12-22 14:00:00,13414.711,13769.199,13637.69,13964.0,13694.956
2025-12-22 15:00:00,13401.442,13774.113,13664.627,13910.0,13698.078
2025-12-22 16:00:00,13460.149,13856.82,13744.539,14055.0,13801.253
2025-12-22 17:00:00,13604.771,13996.466,13939.601,14113.0,13975.34
2025-12-22 18:00:00,13577.359,13990.404,13953.621,14176.0,14006.806
2025-12-22 19:00:00,13457.82,13872.051,13850.197,14100.0,13896.945
2025-12-22 20:00:00,13229.999,13670.782,13620.637,13875.0,13675.049
2025-12-22 21:00:00,13027.356,13498.193,13427.409,13722.0,13493.24
2025-12-22 22:00:00,12751.343,13242.283,13182.041,13500.0,13240.479
2025-12-22 23:00:00,12320.447,12812.568,12789.387,13034.0,12810.258
2025-12-23 00:00:00,12182.382,12469.124,12541.184,12553.0,12574.65
2025-12-23 01:00:00,11737.111,12063.162,12089.471,12125.0,12144.69
2025-12-23 02:00:00,11481.319,11783.728,11874.437,11886.0,11891.91
2025-12-23 03:00:00,11340.039,11651.256,11724.673,11712.0,11752.257
2025-12-23 04:00:00,11274.554,11586.985,11715.046,11663.0,11725.056
2025-12-23 05:00:00,11336.696,11671.119,11807.525,11801.0,11823.644
2025-12-23 06:00:00,11706.468,12041.823,12157.914,12167.0,12162.803
2025-12-23 07:00:00,12258.451,12589.189,12645.55,12712.0,12688.29
2025-12-23 08:00:00,12863.316,13185.241,13214.133,13309.0,13286.031
2025-12-23 09:00:00,13423.236,13769.093,13840.846,13962.0,13919.423
2025-12-23 10:00:00,13604.876,13959.149,14038.304,14109.0,14113.274
2025-12-23 11:00:00,13641.4795,14020.971,14124.262,14174.0,14167.514
2025-12-23 12:00:00,13643.624,14024.873,14106.729,14093.0,14160.663
2025-12-23 13:00:00,13683.856,14049.088,14093.283,14131.0,14194.884
2025-12-23 14:00:00,13693.371,14052.555,14075.457,14080.0,14198.532
2025-12-23 15:00:00,13685.594,14028.862,14073.251,14122.0,14167.473
2025-12-23 16:00:00,13716.665,14089.146,14167.543,14182.0,14257.729
2025-12-23 17:00:00,13886.965,14221.139,14331.849,14339.0,14415.332
2025-12-23 18:00:00,13852.353,14182.779,14341.853,14392.0,14428.179
2025-12-23 19:00:00,13729.98,14053.3545,14240.541,14324.0,14303.287
2025-12-23 20:00:00,13518.039,13851.002,14009.881,14047.0,14082.779
2025-12-23 21:00:00,13320.841,13650.912,13830.755,13856.0,13885.912
2025-12-23 22:00:00,13034.393,13374.085,13547.015,13589.0,13588.758
2025-12-23 23:00:00,12594.512,12926.636,13114.383,13138.0,13127.813
2025-12-24 00:00:00,12670.624,12636.813,12758.207,12711.0,12735.86
2025-12-24 01:00:00,12215.022,12211.631,12298.191,12255.0,12263.936
2025-12-24 02:00:00,11957.247,11932.066,12074.115,12019.0,12001.347
2025-12-24 03:00:00,11784.972,11764.691,11915.266,11850.0,11841.098
2025-12-24 04:00:00,11709.561,11686.201,11896.3545,11832.0,11804.453
2025-12-24 05:00:00,11799.253,11748.964,11979.167,11872.0,11880.83
2025-12-24 06:00:00,12173.09,12114.822,12307.43,12197.0,12211.334
2025-12-24 07:00:00,12719.492,12649.42,12794.166,12786.0,12735.591
2025-12-24 08:00:00,13349.041,13261.413,13406.023,13373.0,13329.397
2025-12-24 09:00:00,13903.265,13840.764,14040.489,13988.0,13942.518
2025-12-24 10:00:00,14108.22,14010.641,14213.872,14117.0,14104.336
2025-12-24 11:00:00,14155.432,14045.307,14285.374,14146.0,14128.234
2025-12-24 12:00:00,14141.701,14047.266,14273.559,14095.0,14117.37
2025-12-24 13:00:00,14192.997,14082.373,14257.794,14140.0,14151.641
2025-12-24 14:00:00,14188.476,14081.79,14231.506,14113.0,14134.692
2025-12-24 15:00:00,14162.375,14054.725,14199.123,14131.0,14080.874
2025-12-24 16:00:00,14179.72,14099.525,14269.2,14185.0,14159.084
2025-12-24 17:00:00,14372.049,14227.857,14300.786,14306.0,14243.944
2025-12-24 18:00:00,14324.395,14158.534,14278.457,14245.0,14227.572
2025-12-24 19:00:00,14196.643,14014.301,14160.22,14140.0,14099.624
2025-12-24 20:00:00,14008.167,13819.957,13926.165,13893.0,13877.272
2025-12-24 21:00:00,13812.95,13624.545,13714.293,13728.0,13685.248
2025-12-24 22:00:00,13528.23,13360.65,13438.1875,13429.0,13420.282
2025-12-24 23:00:00,13097.751,12930.652,13019.505,13003.0,12963.322
2025-12-25 00:00:00,12747.956,12597.392,12617.388,12496.0,12586.599
2025-12-25 01:00:00,12295.613,12185.536,12165.223,12076.0,12148.516
2025-12-25 02:00:00,12033.602,11908.805,11926.926,11796.0,11902.9
2025-12-25 03:00:00,11863.461,11761.048,11742.174,11763.0,11732.104
2025-12-25 04:00:00,11785.886,11669.907,11699.283,11633.0,11667.605
2025-12-25 05:00:00,11867.796,11735.514,11756.636,11698.0,11725.08
2025-12-25 06:00:00,12231.46,12102.595,12107.103,12025.0,12068.167
2025-12-25 07:00:00,12775.909,12651.672,12601.329,12539.0,12599.406
2025-12-25 08:00:00,13385.303,13223.475,13181.747,13091.0,13162.05
2025-12-25 09:00:00,13929.452,13770.908,13791.752,13816.0,13766.298
2025-12-25 10:00:00,14130.93,13929.347,13948.756,13972.0,13898.441
2025-12-25 11:00:00,14172.865,13945.722,13998.8125,13948.0,13903.864
2025-12-25 12:00:00,14166.131,13939.059,13986.462,13897.0,13871.756
2025-12-25 13:00:00,14209.105,13948.256,13984.113,13966.0,13876.777
2025-12-25 14:00:00,14213.551,13954.871,13950.628,13924.0,13873.089
2025-12-25 15:00:00,14198.806,13934.614,13940.434,13981.0,13841.539
2025-12-25 16:00:00,14205.491,13976.854,14004.149,14108.0,13897.186
2025-12-25 17:00:00,14401.714,14098.129,14087.691,14108.0,14000.813
2025-12-25 18:00:00,14352.588,14035.964,14044.286,14096.0,13978.825
2025-12-25 19:00:00,14226.538,13904.705,13934.43,13970.0,13836.191
2025-12-25 20:00:00,14046.234,13688.492,13694.021,13714.0,13598.759
2025-12-25 21:00:00,13847.363,13483.746,13462.867,13442.0,13384.879
2025-12-25 22:00:00,13563.676,13196.553,13194.021,13203.0,13129.729
2025-12-25 23:00:00,13136.493,12766.503,12755.653,12826.0,12683.062
2025-12-26 00:00:00,12500.118,12356.5,12278.348,12400.0,12198.432
2025-12-26 01:00:00,12060.326,11893.029,11783.112,11872.0,11749.047
2025-12-26 02:00:00,11796.129,11627.401,11564.114,11622.0,11506.805
2025-12-26 03:00:00,11643.892,11504.032,11395.031,11421.0,11380.664
2025-12-26 04:00:00,11566.727,11441.27,11344.104,11354.0,11330.056
2025-12-26 05:00:00,11635.039,11504.034,11387.829,11407.0,11401.943
2025-12-26 06:00:00,11994.429,11846.419,11743.674,11738.0,11730.934
2025-12-26 07:00:00,12522.658,12377.302,12242.124,12255.0,12244.184
2025-12-26 08:00:00,13124.1875,12950.949,12832.85,12854.0,12817.76
2025-12-26 09:00:00,13669.44,13515.031,13466.134,13389.0,13424.287
2025-12-26 10:00:00,13866.502,13716.135,13659.578,13619.0,13585.497
2025-12-26 11:00:00,13908.772,13753.219,13704.138,13603.0,13607.458
2025-12-26 12:00:00,13908.339,13749.628,13697.191,13496.0,13591.097
2025-12-26 13:00:00,13945.137,13765.501,13700.996,13552.0,13599.182
2025-12-26 14:00:00,13944.098,13766.012,13694.167,13494.0,13611.598
2025-12-26 15:00:00,13927.65,13754.545,13667.618,13494.0,13602.755
2025-12-26 16:00:00,13954.67,13810.77,13717.702,13523.0,13655.818
2025-12-26 17:00:00,14137.961,13940.176,13813.1875,13800.0,13790.504
2025-12-26 18:00:00,14122.159,13923.291,13821.773,13793.0,13814.818
2025-12-26 19:00:00,13980.733,13791.777,13703.391,13713.0,13666.344
2025-12-26 20:00:00,13776.493,13579.464,13451.194,13385.0,13433.539
2025-12-26 21:00:00,13567.036,13391.655,13258.499,13275.0,13243.279
2025-12-26 22:00:00,13308.513,13152.456,13039.604,13034.0,13036.841
2025-12-26 23:00:00,12942.1455,12781.946,12677.081,12625.0,12666.305
2025-12-27 00:00:00,12324.351,12348.208,12247.503,12306.0,12313.09
2025-12-27 01:00:00,11943.997,11973.556,11912.316,11809.0,11912.67
2025-12-27 02:00:00,11623.928,11654.937,11616.894,11558.0,11613.114
2025-12-27 03:00:00,11442.061,11486.245,11442.701,11368.0,11438.561
2025-12-27 04:00:00,11357.839,11401.966,11347.385,11281.0,11361.639
2025-12-27 05:00:00,11361.434,11408.087,11313.27,11215.0,11364.024
2025-12-27 06:00:00,11488.958,11531.755,11436.957,11377.0,11468.137
2025-12-27 07:00:00,11776.351,11808.948,11646.984,11683.0,11731.216
2025-12-27 08:00:00,12161.645,12181.45,12009.709,12056.0,12066.927
2025-12-27 09:00:00,12693.805,12747.993,12558.016,12642.0,12640.634
2025-12-27 10:00:00,13075.269,13124.871,12960.208,13007.0,13008.152
2025-12-27 11:00:00,13286.166,13342.833,13201.475,13220.0,13280.317
2025-12-27 12:00:00,13394.09,13446.828,13312.837,13376.0,13383.41
2025-12-27 13:00:00,13425.543,13451.099,13308.487,13442.0,13404.9375
2025-12-27 14:00:00,13451.674,13477.492,13350.774,13555.0,13442.556
2025-12-27 15:00:00,13477.409,13492.646,13377.969,13609.0,13459.138
2025-12-27 16:00:00,13557.5205,13568.225,13500.097,13710.0,13545.447
2025-12-27 17:00:00,13767.905,13780.562,13689.056,13954.0,13753.698
2025-12-27 18:00:00,13776.277,13789.98,13697.453,13932.0,13781.817
2025-12-27 19:00:00,13669.795,13683.4375,13606.668,13854.0,13639.569
2025-12-27 20:00:00,13450.548,13468.205,13340.214,13559.0,13372.227
2025-12-27 21:00:00,13236.595,13272.957,13161.759,13403.0,13190.343
2025-12-27 22:00:00,12975.465,13022.009,12963.097,13099.0,12957.359
2025-12-27 23:00:00,12647.559,12669.009,12637.103,12738.0,12628.218
2025-12-28 00:00:00,12262.562,12299.2705,12274.955,12320.0,12291.923
2025-12-28 01:00:00,11846.268,11937.523,11920.56,11896.0,11919.125
2025-12-28 02:00:00,11537.108,11648.762,11643.126,11633.0,11631.022
2025-12-28 03:00:00,11370.943,11497.907,11488.387,11477.0,11467.431
2025-12-28 04:00:00,11262.901,11388.54,11376.807,11325.0,11358.51
2025-12-28 05:00:00,11233.518,11361.208,11318.5,11373.0,11338.708
2025-12-28 06:00:00,11314.086,11445.553,11398.949,11519.0,11413.446
2025-12-28 07:00:00,11486.628,11608.92,11552.867,11708.0,11590.342
2025-12-28 08:00:00,11783.094,11906.213,11864.312,11929.0,11875.978
2025-12-28 09:00:00,12243.453,12410.061,12374.946,12544.0,12389.941
2025-12-28 10:00:00,12632.006,12811.579,12785.903,12890.0,12762.915
2025-12-28 11:00:00,12922.506,13111.615,13078.182,13167.0,13063.103
2025-12-28 12:00:00,13054.194,13246.632,13211.961,13266.0,13211.887
2025-12-28 13:00:00,13101.712,13284.463,13237.645,13386.0,13253.382
2025-12-28 14:00:00,13145.273,13341.492,13304.039,13450.0,13307.879
2025-12-28 15:00:00,13200.36,13390.989,13374.504,13534.0,13357.171
2025-12-28 16:00:00,13289.639,13487.494,13504.887,13678.0,13475.786
2025-12-28 17:00:00,13650.252,13791.794,13778.99,13953.0,13786.423
2025-12-28 18:00:00,13648.633,13823.841,13823.461,13957.0,13832.0205
2025-12-28 19:00:00,13571.758,13747.09,13759.513,13890.0,13769.768
2025-12-28 20:00:00,13362.311,13559.771,13543.352,13707.0,13567.278
2025-12-28 21:00:00,13187.569,13393.46,13382.055,13560.0,13400.288
2025-12-28 22:00:00,12890.401,13120.018,13110.87,13293.0,13130.131
2025-12-28 23:00:00,12478.352,12699.521,12710.297,12923.0,12709.742
2025-12-29 00:00:00,12291.147,12421.064,12419.367,12483.0,12364.716
2025-12-29 01:00:00,11849.917,12037.828,11943.31,12041.0,11924.467
2025-12-29 02:00:00,11590.686,11747.352,11715.4,11790.0,11676.179
2025-12-29 03:00:00,11420.402,11593.427,11541.376,11587.0,11528.582
2025-12-29 04:00:00,11358.881,11524.436,11498.242,11562.0,11475.617
2025-12-29 05:00:00,11435.549,11602.625,11557.964,11521.0,11561.663
2025-12-29 06:00:00,11818.262,11978.781,11924.215,11935.0,11920.862
2025-12-29 07:00:00,12398.186,12528.157,12442.783,12447.0,12475.84
2025-12-29 08:00:00,13021.892,13139.673,13033.109,12975.0,13098.235
2025-12-29 09:00:00,13625.956,13738.589,13716.001,13697.0,13735.1045
2025-12-29 10:00:00,13815.447,13937.202,13931.311,13868.0,13917.564
2025-12-29 11:00:00,13855.132,13980.43,14017.465,13859.0,13954.51
2025-12-29 12:00:00,13838.914,13975.817,14000.682,13834.0,13930.499
2025-12-29 13:00:00,13883.191,13997.765,14004.6045,13834.0,13961.231
2025-12-29 14:00:00,13884.282,14019.125,14000.892,13754.0,13954.429
2025-12-29 15:00:00,13868.19,14017.475,14011.272,13777.0,13942.734
2025-12-29 16:00:00,13900.186,14087.168,14085.755,13933.0,14027.296
2025-12-29 17:00:00,14076.447,14176.587,14169.601,14039.0,14150.041
2025-12-29 18:00:00,14023.574,14150.807,14177.041,14041.0,14165.893
2025-12-29 19:00:00,13895.083,14023.394,14068.559,13980.0,14050.002
2025-12-29 20:00:00,13689.911,13838.601,13839.221,13737.0,13831.117
2025-12-29 21:00:00,13491.243,13652.351,13625.755,13628.0,13640.721
2025-12-29 22:00:00,13195.799,13384.245,13353.969,13418.0,13381.175
2025-12-29 23:00:00,12756.09,12956.465,12939.74,13051.0,12939.817
2025-12-30 00:00:00,12461.666,12541.937,12573.808,12677.0,12612.119
2025-12-30 01:00:00,12014.584,12128.453,12080.935,12213.0,12120.075
2025-12-30 02:00:00,11757.476,11866.156,11880.2295,11877.0,11892.461
2025-12-30 03:00:00,11611.283,11746.447,11734.838,11719.0,11764.385
2025-12-30 04:00:00,11538.707,11677.001,11705.228,11671.0,11710.453
2025-12-30 05:00:00,11589.371,11732.904,11763.804,11788.0,11760.206
2025-12-30 06:00:00,11950.653,12091.723,12110.633,12053.0,12098.811
2025-12-30 07:00:00,12493.856,12619.525,12631.237,12525.0,12634.913
2025-12-30 08:00:00,13101.456,13218.512,13212.92,12976.0,13228.419
2025-12-30 09:00:00,13680.692,13798.874,13834.21,13620.0,13851.914
2025-12-30 10:00:00,13856.764,13990.565,14032.125,13776.0,14030.977
2025-12-30 11:00:00,13883.933,14027.467,14106.396,13838.0,14057.105
2025-12-30 12:00:00,13881.015,14031.518,14109.817,13794.0,14042.975
2025-12-30 13:00:00,13923.207,14059.841,14101.4,13829.0,14072.801
2025-12-30 14:00:00,13929.758,14066.652,14101.168,13758.0,14082.362
2025-12-30 15:00:00,13922.85,14055.177,14110.486,13664.0,14065.975
2025-12-30 16:00:00,13959.634,14120.974,14198.468,13761.0,14157.063
2025-12-30 17:00:00,14157.892,14263.015,14310.402,14043.0,14286.734
2025-12-30 18:00:00,14109.85,14231.145,14309.154,14048.0,14309.938
2025-12-30 19:00:00,13976.123,14101.18,14213.929,13995.0,14191.291
2025-12-30 20:00:00,13781.289,13918.419,13993.378,13834.0,13984.195
2025-12-30 21:00:00,13585.146,13727.935,13786.302,13728.0,13798.005
2025-12-30 22:00:00,13299.44,13462.188,13499.182,13504.0,13530.74
2025-12-30 23:00:00,12864.783,13032.319,13097.718,13135.0,13097.583
2025-12-31 00:00:00,12549.452,12618.772,12724.761,12746.0,12682.42
2025-12-31 01:00:00,12129.867,12221.192,12428.535,12282.0,12251.497
2025-12-31 02:00:00,11843.888,11910.316,12145.549,11952.0,11969.938
2025-12-31 03:00:00,11701.277,11755.911,12004.8545,11704.0,11795.068
2025-12-31 04:00:00,11626.498,11671.886,11949.434,11547.0,11734.063
2025-12-31 05:00:00,11679.862,11720.614,11962.07,11562.0,11778.504
2025-12-31 06:00:00,12032.947,12006.815,12082.503,11658.0,11960.193
2025-12-31 07:00:00,12546.296,12427.354,12302.441,11774.0,12288.447
2025-12-31 08:00:00,13102.425,12902.282,12618.446,12070.0,12693.072
2025-12-31 09:00:00,13683.225,13464.881,13178.71,12568.0,13251.36
2025-12-31 10:00:00,13858.359,13734.513,13551.918,12987.0,13589.016
2025-12-31 11:00:00,13889.0625,13835.842,13806.959,13279.0,13769.23
2025-12-31 12:00:00,13881.097,13882.918,13894.805,13424.0,13840.768
2025-12-31 13:00:00,13903.414,13919.341,13856.932,13408.0,13858.652
2025-12-31 14:00:00,13910.407,13935.609,13882.409,13499.0,13898.645
2025-12-31 15:00:00,13896.944,13920.561,13900.809,13525.0,13909.5
2025-12-31 16:00:00,13941.106,14009.839,14049.7705,13661.0,14019.789
2025-12-31 17:00:00,14134.469,14041.768,14348.448,13947.0,14126.355
2025-12-31 18:00:00,14097.242,14049.148,14334.647,14047.0,14141.026
2025-12-31 19:00:00,13987.534,13956.599,14259.262,13907.0,14077.9375
2025-12-31 20:00:00,13800.289,13773.166,14050.082,13745.0,13868.067
2025-12-31 21:00:00,13614.725,13630.176,13881.426,13503.0,13729.966
2025-12-31 22:00:00,13354.086,13417.752,13602.861,13282.0,13461.95
2025-12-31 23:00:00,12957.127,13035.337,13261.315,12910.0,13103.795
2026-01-01 00:00:00,12322.041,12581.351,12547.243,12369.0,12565.3955
2026-01-01 01:00:00,11904.193,12354.965,12112.57,12281.0,12208.984
2026-01-01 02:00:00,11641.257,12077.956,11847.765,12107.0,11938.485
2026-01-01 03:00:00,11465.638,11880.158,11693.193,11974.0,11768.999
2026-01-01 04:00:00,11369.523,11757.436,11616.85,11820.0,11698.273
2026-01-01 05:00:00,11385.952,11752.315,11579.314,11673.0,11698.154
2026-01-01 06:00:00,11556.211,11890.79,11624.786,11674.0,11811.685
2026-01-01 07:00:00,11858.118,12067.211,11671.786,11691.0,12008.097
2026-01-01 08:00:00,12313.969,12353.077,11896.767,11726.0,12305.93
2026-01-01 09:00:00,12872.658,12882.188,12394.384,11917.0,12866.994
2026-01-01 10:00:00,13213.441,13269.602,12830.672,11923.0,13203.853
2026-01-01 11:00:00,13352.431,13502.665,13097.244,12170.0,13444.39
2026-01-01 12:00:00,13411.499,13585.785,13237.715,12406.0,13554.824
2026-01-01 13:00:00,13443.231,13600.048,13205.619,12480.0,13569.159
2026-01-01 14:00:00,13452.1455,13602.756,13214.976,12580.0,13584.1875
2026-01-01 15:00:00,13450.111,13615.009,13273.626,12647.0,13611.176
2026-01-01 16:00:00,13542.5,13682.922,13447.825,12792.0,13732.434
2026-01-01 17:00:00,13770.875,13877.7,13664.783,13154.0,13940.796
2026-01-01 18:00:00,13779.578,13940.403,13691.261,13325.0,13983.318
2026-01-01 19:00:00,13692.79,13889.24,13638.044,13314.0,13908.834
2026-01-01 20:00:00,13515.112,13743.74,13485.943,13240.0,13772.071
2026-01-01 21:00:00,13339.038,13594.876,13370.536,13233.0,13617.049
2026-01-01 22:00:00,13058.248,13346.7,13130.403,13065.0,13369.901
2026-01-01 23:00:00,12688.289,13024.432,12881.422,12822.0,13070.319
2026-01-02 00:00:00,12337.637,12517.569,12550.692,12544.0,12497.648
2026-01-02 01:00:00,12054.182,12283.082,12200.615,12160.0,12225.88
2026-01-02 02:00:00,11865.978,12091.477,11995.379,11893.0,12088.648
2026-01-02 03:00:00,11734.871,11983.699,11854.484,11764.0,11998.907
2026-01-02 04:00:00,11641.889,11883.274,11767.263,11658.0,11902.792
2026-01-02 05:00:00,11593.305,11807.49,11715.038,11630.0,11816.33
2026-01-02 06:00:00,11651.422,11799.025,11747.326,11764.0,11812.351
2026-01-02 07:00:00,11800.398,11856.373,11836.021,11868.0,11887.091
2026-01-02 08:00:00,12094.252,12020.838,12065.67,12076.0,12081.758
2026-01-02 09:00:00,12531.051,12418.274,12650.472,12439.0,12526.263
2026-01-02 10:00:00,12887.636,12835.998,13128.015,12736.0,12903.491
2026-01-02 11:00:00,13130.34,13122.995,13417.182,12973.0,13198.369
2026-01-02 12:00:00,13262.485,13281.619,13536.167,13145.0,13349.026
2026-01-02 13:00:00,13348.671,13402.514,13529.533,13202.0,13464.442
2026-01-02 14:00:00,13417.751,13499.4375,13593.353,13231.0,13565.821
2026-01-02 15:00:00,13465.5205,13605.278,13675.835,13296.0,13649.959
2026-01-02 16:00:00,13574.14,13720.904,13818.492,13394.0,13758.897
2026-01-02 17:00:00,13735.73,13887.274,14152.666,13651.0,13969.583
2026-01-02 18:00:00,13746.598,13904.32,14220.729,13718.0,14010.048
2026-01-02 19:00:00,13672.567,13826.505,14159.125,13681.0,13873.277
2026-01-02 20:00:00,13483.932,13654.353,13996.319,13542.0,13690.811
2026-01-02 21:00:00,13291.265,13468.295,13839.14,13423.0,13478.62
2026-01-02 22:00:00,13030.364,13218.658,13589.195,13294.0,13236.271
2026-01-02 23:00:00,12685.679,12892.139,13268.068,12959.0,12895.653
2026-01-03 00:00:00,12646.261,12630.909,12652.632,12721.0,12606.623
2026-01-03 01:00:00,12198.871,12278.281,12269.68,12344.0,12299.777
2026-01-03 02:00:00,11926.053,12055.075,12015.417,12087.0,12077.772
2026-01-03 03:00:00,11772.298,11929.769,11862.564,11924.0,11970.423
2026-01-03 04:00:00,11660.0,11835.854,11780.496,11790.0,11879.752
2026-01-03 05:00:00,11623.602,11815.118,11779.789,11775.0,11861.672
2026-01-03 06:00:00,11664.086,11854.564,11845.66,11910.0,11923.226
2026-01-03 07:00:00,11766.917,11949.695,11987.094,12054.0,12044.758
2026-01-03 08:00:00,11962.965,12111.232,12222.514,12323.0,12216.429
2026-01-03 09:00:00,12336.284,12367.702,12699.003,12814.0,12532.034
2026-01-03 10:00:00,12689.842,12632.797,13068.596,13052.0,12751.927
2026-01-03 11:00:00,12975.451,12843.369,13348.085,13316.0,12993.31
2026-01-03 12:00:00,13127.881,12965.369,13505.646,13470.0,13135.27
2026-01-03 13:00:00,13200.689,13045.236,13524.113,13516.0,13207.005
2026-01-03 14:00:00,13273.542,13079.319,13572.686,13484.0,13266.888
2026-01-03 15:00:00,13327.193,13141.136,13624.371,13538.0,13314.075
2026-01-03 16:00:00,13451.348,13258.375,13736.109,13625.0,13432.111
2026-01-03 17:00:00,13728.087,13595.802,13985.644,13880.0,13706.142
2026-01-03 18:00:00,13797.898,13711.252,14045.058,13924.0,13788.1875
2026-01-03 19:00:00,13748.295,13687.544,13943.894,13869.0,13719.426
2026-01-03 20:00:00,13613.502,13586.69,13805.912,13681.0,13612.744
2026-01-03 21:00:00,13444.811,13445.057,13644.974,13528.0,13491.549
2026-01-03 22:00:00,13192.8125,13240.523,13407.68,13246.0,13306.871
2026-01-03 23:00:00,12878.549,12979.294,13119.584,12982.0,13056.258
2026-01-04 00:00:00,12733.596,12685.789,12711.155,12646.0,12674.528
2026-01-04 01:00:00,12399.722,12363.58,12313.622,12273.0,12380.304
2026-01-04 02:00:00,12106.995,12077.967,12013.325,12055.0,12103.695
2026-01-04 03:00:00,11944.542,11926.152,11854.644,11876.0,11962.4375
2026-01-04 04:00:00,11830.702,11802.828,11764.72,11758.0,11837.906
2026-01-04 05:00:00,11803.11,11775.566,11753.184,11721.0,11795.197
2026-01-04 06:00:00,11868.916,11843.274,11835.456,11842.0,11860.433
2026-01-04 07:00:00,11998.401,11970.444,11952.822,12002.0,11954.865
2026-01-04 08:00:00,12214.148,12186.295,12226.381,12289.0,12146.204
2026-01-04 09:00:00,12611.014,12553.164,12668.028,12707.0,12530.073
2026-01-04 10:00:00,12963.017,12916.792,13035.671,12920.0,12843.746
2026-01-04 11:00:00,13228.385,13160.995,13285.6875,13274.0,13109.576
2026-01-04 12:00:00,13353.785,13292.574,13440.824,13393.0,13243.854
2026-01-04 13:00:00,13405.643,13341.955,13463.41,13412.0,13296.497
2026-01-04 14:00:00,13446.224,13384.566,13483.572,13491.0,13339.261
2026-01-04 15:00:00,13472.79,13412.271,13542.943,13510.0,13373.5
2026-01-04 16:00:00,13575.923,13513.7295,13648.746,13652.0,13464.597
2026-01-04 17:00:00,13815.871,13752.326,13853.539,13834.0,13695.457
2026-01-04 18:00:00,13874.023,13802.264,13889.191,13893.0,13759.666
2026-01-04 19:00:00,13822.704,13757.277,13838.166,13802.0,13693.801
2026-01-04 20:00:00,13687.551,13630.863,13690.107,13683.0,13566.663
2026-01-04 21:00:00,13536.35,13480.246,13538.085,13549.0,13419.829
2026-01-04 22:00:00,13308.021,13220.594,13310.427,13339.0,13203.584
2026-01-04 23:00:00,12989.49,12859.232,12970.951,12988.0,12880.512
2026-01-05 00:00:00,12648.0625,12660.694,12673.352,12743.0,12577.966
2026-01-05 01:00:00,12271.851,12301.26,12296.125,12325.0,12216.277
2026-01-05 02:00:00,12016.492,12055.896,12033.861,12043.0,11992.141
2026-01-05 03:00:00,11863.49,11903.611,11889.0,11861.0,11844.036
2026-01-05 04:00:00,11772.34,11779.692,11781.287,11785.0,11738.845
2026-01-05 05:00:00,11795.202,11769.273,11751.119,11809.0,11712.113
2026-01-05 06:00:00,12054.794,11857.103,11826.641,11942.0,11798.94
2026-01-05 07:00:00,12451.074,12030.031,11940.672,12185.0,11933.114
2026-01-05 08:00:00,12918.719,12269.428,12163.266,12503.0,12140.852
2026-01-05 09:00:00,13463.598,12666.963,12549.969,13044.0,12502.758
2026-01-05 10:00:00,13675.996,12995.939,12845.92,13352.0,12756.895
2026-01-05 11:00:00,13784.368,13233.969,13092.158,13677.0,13021.89
2026-01-05 12:00:00,13815.473,13360.682,13255.896,13872.0,13173.005
2026-01-05 13:00:00,13850.928,13410.022,13260.125,13860.0,13237.507
2026-01-05 14:00:00,13854.145,13436.375,13262.167,13889.0,13264.135
2026-01-05 15:00:00,13832.437,13451.299,13282.081,13912.0,13288.742
2026-01-05 16:00:00,13899.127,13552.275,13402.43,14030.0,13399.263
2026-01-05 17:00:00,14090.173,13728.838,13647.19,14353.0,13618.781
2026-01-05 18:00:00,14093.095,13849.199,13722.728,14438.0,13745.933
2026-01-05 19:00:00,13996.063,13810.335,13662.07,14414.0,13688.433
2026-01-05 20:00:00,13851.033,13677.372,13527.476,14147.0,13579.71
2026-01-05 21:00:00,13685.493,13550.435,13380.577,14086.0,13448.92
2026-01-05 22:00:00,13446.479,13347.406,13177.796,13821.0,13279.37
2026-01-05 23:00:00,13084.156,13044.985,12896.317,13386.0,12999.907
2026-01-06 00:00:00,12678.138,12654.068,12625.124,13051.0,12674.029
2026-01-06 01:00:00,12345.61,12316.551,12242.674,12697.0,12369.414
2026-01-06 02:00:00,12075.021,12071.204,11979.342,12389.0,12133.369
2026-01-06 03:00:00,11912.605,11903.457,11795.626,12228.0,11970.873
2026-01-06 04:00:00,11794.269,11766.64,11710.62,12098.0,11842.716
2026-01-06 05:00:00,11774.864,11741.765,11701.166,12111.0,11797.376
2026-01-06 06:00:00,11883.252,11797.854,11785.009,12207.0,11848.325
2026-01-06 07:00:00,12078.6455,11925.691,11943.478,12384.0,11958.473
2026-01-06 08:00:00,12360.202,12120.051,12216.318,12770.0,12132.721
2026-01-06 09:00:00,12789.9795,12450.474,12620.55,13309.0,12458.1875
2026-01-06 10:00:00,13043.104,12733.82,12949.334,13674.0,12704.755
2026-01-06 11:00:00,13235.188,12946.6045,13204.916,13980.0,12981.727
2026-01-06 12:00:00,13355.037,13066.752,13333.71,14067.0,13123.47
2026-01-06 13:00:00,13402.615,13149.332,13346.455,14085.0,13194.584
2026-01-06 14:00:00,13450.185,13187.587,13357.346,14164.0,13236.586
2026-01-06 15:00:00,13484.129,13233.289,13375.084,14165.0,13264.623
2026-01-06 16:00:00,13592.98,13366.663,13498.395,14268.0,13382.681
2026-01-06 17:00:00,13829.6045,13614.156,13757.839,14550.0,13629.532
2026-01-06 18:00:00,13860.921,13719.606,13865.675,14603.0,13738.349
2026-01-06 19:00:00,13797.239,13690.564,13840.03,14551.0,13671.811
2026-01-06 20:00:00,13652.445,13557.6045,13725.555,14288.0,13562.524
2026-01-06 21:00:00,13501.675,13418.83,13576.523,14106.0,13429.404
2026-01-06 22:00:00,13283.964,13201.739,13371.744,13845.0,13233.046
2026-01-06 23:00:00,12971.958,12900.503,13081.847,13483.0,12942.433
2026-01-07 00:00:00,13104.416,13029.798,13037.834,13216.0,13009.568
2026-01-07 01:00:00,12687.49,12597.969,12594.546,12735.0,12637.913
2026-01-07 02:00:00,12413.418,12311.593,12300.346,12476.0,12365.832
2026-01-07 03:00:00,12242.187,12161.647,12121.279,12354.0,12216.599
2026-01-07 04:00:00,12110.682,12032.546,12024.747,12307.0,12097.033
2026-01-07 05:00:00,12095.632,12016.745,12041.644,12204.0,12080.996
2026-01-07 06:00:00,12193.967,12127.315,12149.808,12351.0,12179.508
2026-01-07 07:00:00,12390.833,12318.671,12362.171,12538.0,12357.347
2026-01-07 08:00:00,12718.281,12628.665,12713.475,12740.0,12684.354
2026-01-07 09:00:00,13210.978,13067.817,13198.019,13143.0,13122.686
2026-01-07 10:00:00,13539.569,13366.461,13513.547,13429.0,13371.296
2026-01-07 11:00:00,13775.878,13585.798,13779.61,13703.0,13643.55
2026-01-07 12:00:00,13894.12,13690.382,13909.781,13820.0,13776.054
2026-01-07 13:00:00,13945.011,13733.426,13891.305,13828.0,13810.763
2026-01-07 14:00:00,13972.764,13767.952,13885.242,13827.0,13836.765
2026-01-07 15:00:00,13976.383,13789.256,13911.466,13814.0,13844.073
2026-01-07 16:00:00,14064.627,13888.75,14014.811,13903.0,13928.563
2026-01-07 17:00:00,14302.971,14131.772,14207.245,14206.0,14177.562
2026-01-07 18:00:00,14356.948,14174.441,14305.287,14358.0,14295.695
2026-01-07 19:00:00,14277.404,14127.024,14236.135,14306.0,14234.662
2026-01-07 20:00:00,14140.125,14010.61,14083.142,14098.0,14075.48
2026-01-07 21:00:00,13943.357,13844.349,13933.179,14050.0,13935.391
2026-01-07 22:00:00,13706.655,13614.19,13683.138,13905.0,13705.551
2026-01-07 23:00:00,13374.209,13286.246,13357.955,13523.0,13340.777
2026-01-08 00:00:00,13057.85,13115.527,13129.418,13252.0,13052.9
2026-01-08 01:00:00,12791.97,12751.9795,12706.432,12869.0,12699.036
2026-01-08 02:00:00,12585.6,12495.5,12431.878,12650.0,12449.439
2026-01-08 03:00:00,12434.245,12335.243,12259.466,12494.0,12306.206
2026-01-08 04:00:00,12300.757,12217.689,12174.467,12324.0,12210.778
2026-01-08 05:00:00,12219.814,12190.637,12187.914,12288.0,12178.427
2026-01-08 06:00:00,12208.132,12294.9375,12312.289,12393.0,12261.384
2026-01-08 07:00:00,12283.379,12452.969,12524.721,12653.0,12415.891
2026-01-08 08:00:00,12414.651,12726.344,12864.055,12901.0,12673.035
2026-01-08 09:00:00,12685.843,13145.352,13361.432,13436.0,13110.475
2026-01-08 10:00:00,12918.175,13443.219,13707.934,13767.0,13408.57
2026-01-08 11:00:00,13104.91,13675.611,13976.568,14080.0,13692.871
2026-01-08 12:00:00,13255.739,13789.17,14080.15,14172.0,13820.219
2026-01-08 13:00:00,13348.24,13835.915,14065.389,14143.0,13867.633
2026-01-08 14:00:00,13435.529,13883.34,14070.89,14197.0,13916.532
2026-01-08 15:00:00,13511.354,13913.598,14110.795,14192.0,13932.48
2026-01-08 16:00:00,13670.702,14041.75,14245.293,14368.0,14044.951
2026-01-08 17:00:00,13960.414,14291.598,14450.653,14619.0,14328.908
2026-01-08 18:00:00,14053.161,14340.518,14542.373,14708.0,14440.352
2026-01-08 19:00:00,14007.975,14293.408,14501.298,14683.0,14381.593
2026-01-08 20:00:00,13859.125,14153.604,14324.182,14438.0,14212.259
2026-01-08 21:00:00,13693.575,13990.134,14185.012,14289.0,14060.418
2026-01-08 22:00:00,13476.928,13762.808,13913.302,14081.0,13822.559
2026-01-08 23:00:00,13196.752,13435.334,13556.566,13758.0,13459.797
2026-01-09 00:00:00,13285.779,13257.575,13308.112,13352.0,13289.396
2026-01-09 01:00:00,12819.279,12847.812,12896.739,12949.0,12885.895
2026-01-09 02:00:00,12561.524,12581.799,12629.299,12659.0,12623.873
2026-01-09 03:00:00,12400.503,12428.892,12454.812,12467.0,12477.829
2026-01-09 04:00:00,12284.1045,12319.519,12362.313,12353.0,12369.144
2026-01-09 05:00:00,12266.744,12285.747,12371.719,12352.0,12350.814
2026-01-09 06:00:00,12387.595,12415.127,12490.402,12464.0,12456.791
2026-01-09 07:00:00,12608.306,12611.469,12692.015,12626.0,12636.416
2026-01-09 08:00:00,12912.969,12884.918,12986.787,13007.0,12914.76
2026-01-09 09:00:00,13336.783,13301.029,13426.699,13558.0,13322.185
2026-01-09 10:00:00,13646.2705,13635.698,13799.143,13856.0,13641.605
2026-01-09 11:00:00,13841.361,13829.37,14061.931,14152.0,13923.016
2026-01-09 12:00:00,13941.854,13931.814,14162.774,14265.0,14046.375
2026-01-09 13:00:00,13986.028,13956.218,14130.553,14233.0,14066.334
2026-01-09 14:00:00,14009.064,13968.117,14110.048,14257.0,14070.518
2026-01-09 15:00:00,14009.643,13962.886,14105.414,14267.0,14045.797
2026-01-09 16:00:00,14104.418,14055.42,14219.402,14374.0,14137.632
2026-01-09 17:00:00,14384.738,14265.764,14422.329,14655.0,14397.803
2026-01-09 18:00:00,14404.761,14314.302,14505.248,14683.0,14517.805
2026-01-09 19:00:00,14313.446,14260.809,14470.582,14635.0,14428.348
2026-01-09 20:00:00,14180.184,14150.324,14303.882,14406.0,14258.5
2026-01-09 21:00:00,14007.033,13986.605,14165.502,14227.0,14108.584
2026-01-09 22:00:00,13786.224,13764.457,13896.674,13962.0,13868.839
2026-01-09 23:00:00,13488.059,13459.399,13556.378,13572.0,13518.214
2026-01-10 00:00:00,13281.301,13284.276,13256.581,13289.0,13281.321
2026-01-10 01:00:00,12880.395,12872.119,12846.256,12833.0,12848.801
2026-01-10 02:00:00,12606.893,12582.1,12576.311,12493.0,12567.597
2026-01-10 03:00:00,12418.713,12409.85,12403.205,12409.0,12402.757
2026-01-10 04:00:00,12295.254,12282.11,12291.096,12277.0,12282.588
2026-01-10 05:00:00,12266.272,12239.961,12288.582,12215.0,12254.611
2026-01-10 06:00:00,12363.783,12341.206,12376.77,12347.0,12351.885
2026-01-10 07:00:00,12553.818,12509.101,12549.518,12524.0,12521.797
2026-01-10 08:00:00,12870.253,12793.925,12868.698,12763.0,12816.329
2026-01-10 09:00:00,13324.95,13239.496,13321.009,13259.0,13273.8545
2026-01-10 10:00:00,13662.859,13574.528,13701.01,13586.0,13594.144
2026-01-10 11:00:00,13906.038,13845.422,14020.552,13895.0,13897.568
2026-01-10 12:00:00,14029.237,13981.73,14149.765,14095.0,14030.439
2026-01-10 13:00:00,14080.225,14035.458,14148.123,14135.0,14069.126
2026-01-10 14:00:00,14102.519,14085.545,14158.575,14196.0,14099.283
2026-01-10 15:00:00,14101.421,14101.375,14187.701,14178.0,14087.649
2026-01-10 16:00:00,14173.637,14187.167,14304.52,14258.0,14176.528
2026-01-10 17:00:00,14465.652,14456.625,14529.716,14479.0,14412.267
2026-01-10 18:00:00,14499.585,14507.702,14614.073,14546.0,14519.002
2026-01-10 19:00:00,14416.12,14444.3125,14576.206,14484.0,14444.319
2026-01-10 20:00:00,14250.258,14301.554,14399.307,14228.0,14265.8955
2026-01-10 21:00:00,14049.033,14119.213,14242.685,14095.0,14099.304
2026-01-10 22:00:00,13813.164,13881.33,13977.369,13835.0,13855.617
2026-01-10 23:00:00,13513.769,13580.313,13662.433,13433.0,13530.599
2026-01-11 00:00:00,13196.393,13301.659,13333.251,13168.0,13256.501
2026-01-11 01:00:00,12784.1875,12862.862,12890.376,12724.0,12821.76
2026-01-11 02:00:00,12502.501,12583.953,12614.031,12459.0,12550.156
2026-01-11 03:00:00,12329.247,12416.308,12432.99,12219.0,12399.238
2026-01-11 04:00:00,12188.503,12286.324,12317.305,12075.0,12286.2705
2026-01-11 05:00:00,12162.178,12230.682,12296.694,12102.0,12254.741
2026-01-11 06:00:00,12248.231,12317.892,12381.529,12136.0,12335.124
2026-01-11 07:00:00,12408.872,12464.985,12536.203,12292.0,12479.682
2026-01-11 08:00:00,12653.316,12696.952,12812.196,12528.0,12709.035
2026-01-11 09:00:00,13070.351,13101.497,13236.962,13071.0,13123.229
2026-01-11 10:00:00,13391.5205,13426.687,13582.957,13357.0,13431.024
2026-01-11 11:00:00,13693.771,13739.215,13908.136,13667.0,13780.043
2026-01-11 12:00:00,13833.234,13901.384,14034.993,13855.0,13927.408
2026-01-11 13:00:00,13885.607,13941.422,14023.416,13928.0,13951.682
2026-01-11 14:00:00,13936.657,13984.8125,14017.065,13980.0,13997.214
2026-01-11 15:00:00,13960.315,13994.076,14042.275,13994.0,13994.995
2026-01-11 16:00:00,14047.564,14083.087,14148.561,14119.0,14084.983
2026-01-11 17:00:00,14367.558,14332.928,14319.707,14411.0,14331.597
2026-01-11 18:00:00,14395.959,14372.203,14431.586,14505.0,14428.722
2026-01-11 19:00:00,14311.799,14302.246,14387.178,14442.0,14360.698
2026-01-11 20:00:00,14167.078,14168.039,14221.453,14191.0,14187.795
2026-01-11 21:00:00,14012.121,14014.121,14091.8955,14137.0,14039.802
2026-01-11 22:00:00,13775.566,13777.811,13825.087,13785.0,13790.146
2026-01-11 23:00:00,13436.638,13443.405,13476.525,13322.0,13443.09
2026-01-12 00:00:00,13078.079,13133.067,13061.444,12929.0,13166.697
2026-01-12 01:00:00,12666.898,12712.521,12567.596,12436.0,12688.37
2026-01-12 02:00:00,12369.453,12413.233,12307.979,12210.0,12395.469
2026-01-12 03:00:00,12181.77,12250.744,12131.03,11995.0,12212.342
2026-01-12 04:00:00,12073.495,12151.841,12087.803,12004.0,12154.8955
2026-01-12 05:00:00,12083.266,12206.854,12157.175,12093.0,12234.848
2026-01-12 06:00:00,12296.607,12475.357,12407.72,12417.0,12508.364
2026-01-12 07:00:00,12637.821,12886.596,12849.508,12970.0,12957.496
2026-01-12 08:00:00,13079.535,13365.513,13372.592,13575.0,13483.495
2026-01-12 09:00:00,13665.628,13952.931,14036.233,14307.0,14060.532
2026-01-12 10:00:00,13959.974,14218.241,14347.888,14550.0,14342.795
2026-01-12 11:00:00,14137.439,14392.981,14504.37,14687.0,14493.348
2026-01-12 12:00:00,14208.348,14432.852,14516.834,14676.0,14530.623
2026-01-12 13:00:00,14236.807,14462.645,14507.357,14625.0,14562.653
2026-01-12 14:00:00,14224.0205,14471.276,14492.034,14596.0,14551.877
2026-01-12 15:00:00,14200.477,14451.713,14452.412,14615.0,14502.861
2026-01-12 16:00:00,14271.387,14527.036,14532.72,14642.0,14595.246
2026-01-12 17:00:00,14528.09,14741.6045,14717.021,14819.0,14830.492
2026-01-12 18:00:00,14535.23,14773.024,14767.957,14859.0,14917.918
2026-01-12 19:00:00,14431.571,14678.487,14681.441,14801.0,14825.455
2026-01-12 20:00:00,14256.846,14540.68,14502.328,14512.0,14664.693
2026-01-12 21:00:00,14072.571,14367.338,14363.419,14363.0,14489.685
2026-01-12 22:00:00,13828.732,14113.281,14053.817,14114.0,14220.459
2026-01-12 23:00:00,13452.896,13742.995,13654.796,13595.0,13831.334
2026-01-13 00:00:00,13084.583,13270.583,13208.095,13237.0,13389.077
2026-01-13 01:00:00,12652.58,12883.234,12749.032,12785.0,12977.292
2026-01-13 02:00:00,12390.637,12609.383,12502.767,12538.0,12704.098
2026-01-13 03:00:00,12203.3125,12447.977,12343.063,12404.0,12546.1045
2026-01-13 04:00:00,12125.847,12372.9,12313.565,12356.0,12490.993
2026-01-13 05:00:00,12185.239,12423.281,12400.0625,12422.0,12564.18
2026-01-13 06:00:00,12518.631,12720.6,12663.231,12763.0,12836.993
2026-01-13 07:00:00,13029.477,13219.498,13125.514,13226.0,13317.895
2026-01-13 08:00:00,13627.023,13792.109,13696.312,13822.0,13893.647
2026-01-13 09:00:00,14187.921,14366.744,14288.627,14529.0,14486.896
2026-01-13 10:00:00,14379.329,14572.019,14531.093,14695.0,14731.758
2026-01-13 11:00:00,14419.459,14656.109,14659.545,14828.0,14806.904
2026-01-13 12:00:00,14407.393,14656.078,14638.77,14821.0,14779.389
2026-01-13 13:00:00,14437.2,14678.869,14613.179,14725.0,14786.994
2026-01-13 14:00:00,14450.934,14690.701,14593.704,14775.0,14771.359
2026-01-13 15:00:00,14433.805,14671.413,14578.334,14748.0,14725.15
2026-01-13 16:00:00,14479.624,14728.593,14659.183,14791.0,14811.882
2026-01-13 17:00:00,14692.959,14904.331,14858.25,14937.0,15012.529
2026-01-13 18:00:00,14697.834,14904.684,14921.77,14931.0,15121.562
2026-01-13 19:00:00,14574.456,14791.536,14828.414,14867.0,15003.537
2026-01-13 20:00:00,14403.608,14621.077,14636.0,14573.0,14792.981
2026-01-13 21:00:00,14215.552,14443.371,14493.004,14398.0,14605.708
2026-01-13 22:00:00,13946.892,14176.182,14145.912,14137.0,14287.275
2026-01-13 23:00:00,13514.836,13764.977,13740.111,13664.0,13825.438
2026-01-14 00:00:00,13296.938,13431.795,13309.009,13269.0,13373.113
2026-01-14 01:00:00,12841.15,13005.399,12867.669,12749.0,12951.261
2026-01-14 02:00:00,12581.765,12729.435,12620.2,12457.0,12707.666
2026-01-14 03:00:00,12423.937,12575.213,12453.159,12351.0,12574.694
2026-01-14 04:00:00,12337.357,12499.046,12427.536,12336.0,12530.861
2026-01-14 05:00:00,12403.433,12558.914,12540.152,12402.0,12603.171
2026-01-14 06:00:00,12739.349,12878.371,12815.221,12799.0,12911.504
2026-01-14 07:00:00,13250.621,13382.6455,13308.383,13287.0,13400.798
2026-01-14 08:00:00,13857.738,13984.004,13921.727,13881.0,14014.274
2026-01-14 09:00:00,14430.602,14567.05,14507.148,14537.0,14631.193
2026-01-14 10:00:00,14634.377,14774.402,14714.25,14747.0,14852.722
2026-01-14 11:00:00,14674.873,14842.6,14820.524,14832.0,14925.931
2026-01-14 12:00:00,14649.548,14833.294,14784.106,14744.0,14882.849
2026-01-14 13:00:00,14672.149,14851.426,14743.715,14669.0,14876.301
2026-01-14 14:00:00,14679.026,14854.619,14709.558,14704.0,14855.288
2026-01-14 15:00:00,14666.889,14840.592,14683.163,14619.0,14824.155
2026-01-14 16:00:00,14689.876,14893.296,14756.487,14706.0,14894.418
2026-01-14 17:00:00,14927.037,15054.802,14925.611,14822.0,15055.063
2026-01-14 18:00:00,14917.4375,15037.896,14979.444,14896.0,15130.799
2026-01-14 19:00:00,14807.712,14931.185,14893.605,14804.0,15018.98
2026-01-14 20:00:00,14617.444,14751.604,14699.694,14563.0,14794.632
2026-01-14 21:00:00,14421.765,14561.276,14551.34,14338.0,14603.246
2026-01-14 22:00:00,14148.348,14280.753,14230.186,14083.0,14306.202
2026-01-14 23:00:00,13722.441,13871.914,13808.883,13577.0,13851.407
2026-01-15 00:00:00,13316.036,13386.203,13281.818,13140.0,13407.972
2026-01-15 01:00:00,12845.683,12934.772,12832.605,12699.0,12958.867
2026-01-15 02:00:00,12580.197,12657.724,12590.829,12431.0,12711.309
2026-01-15 03:00:00,12418.18,12506.881,12440.214,12350.0,12577.087
2026-01-15 04:00:00,12335.42,12437.155,12412.011,12221.0,12538.82
2026-01-15 05:00:00,12407.055,12497.654,12508.07,12299.0,12622.889
2026-01-15 06:00:00,12759.441,12819.54,12812.358,12679.0,12935.277
2026-01-15 07:00:00,13267.735,13340.694,13307.932,13224.0,13443.769
2026-01-15 08:00:00,13874.539,13957.588,13936.27,13735.0,14066.868
2026-01-15 09:00:00,14440.208,14535.456,14514.64,14373.0,14691.659
2026-01-15 10:00:00,14641.922,14722.282,14705.831,14584.0,14889.54
2026-01-15 11:00:00,14690.483,14781.352,14798.205,14591.0,14948.191
2026-01-15 12:00:00,14671.865,14754.174,14751.779,14566.0,14881.016
2026-01-15 13:00:00,14694.492,14764.488,14697.595,14527.0,14854.92
2026-01-15 14:00:00,14704.66,14756.384,14677.614,14499.0,14829.087
2026-01-15 15:00:00,14698.556,14731.021,14664.426,14477.0,14793.812
2026-01-15 16:00:00,14723.768,14768.371,14731.407,14549.0,14839.003
2026-01-15 17:00:00,14942.51,14899.411,14862.884,14690.0,14963.424
2026-01-15 18:00:00,14908.752,14872.295,14914.753,14763.0,15021.002
2026-01-15 19:00:00,14784.752,14753.357,14827.154,14703.0,14904.388
2026-01-15 20:00:00,14600.0,14575.422,14606.843,14457.0,14681.577
2026-01-15 21:00:00,14406.607,14386.198,14442.719,14267.0,14485.377
2026-01-15 22:00:00,14130.704,14108.982,14096.861,13996.0,14178.115
2026-01-15 23:00:00,13698.644,13674.376,13644.18,13461.0,13698.588
2026-01-16 00:00:00,13188.029,13153.469,13128.867,13051.0,13178.328
2026-01-16 01:00:00,12736.814,12721.139,12657.459,12639.0,12677.097
2026-01-16 02:00:00,12460.011,12429.779,12403.989,12368.0,12431.067
2026-01-16 03:00:00,12302.787,12285.597,12249.306,12237.0,12305.835
2026-01-16 04:00:00,12217.872,12207.196,12225.119,12171.0,12267.159
2026-01-16 05:00:00,12287.26,12283.114,12326.382,12277.0,12340.993
2026-01-16 06:00:00,12676.535,12660.043,12680.496,12629.0,12719.287
2026-01-16 07:00:00,13200.455,13186.692,13191.387,13119.0,13240.725
2026-01-16 08:00:00,13804.707,13797.367,13802.72,13734.0,13847.847
2026-01-16 09:00:00,14375.747,14377.412,14428.846,14449.0,14476.33
2026-01-16 10:00:00,14567.342,14576.447,14627.44,14594.0,14677.627
2026-01-16 11:00:00,14601.339,14621.645,14704.55,14664.0,14717.984
2026-01-16 12:00:00,14582.832,14596.109,14666.765,14647.0,14651.136
2026-01-16 13:00:00,14600.992,14600.145,14611.477,14639.0,14623.582
2026-01-16 14:00:00,14597.465,14590.026,14587.884,14656.0,14605.131
2026-01-16 15:00:00,14574.725,14567.775,14563.418,14608.0,14572.195
2026-01-16 16:00:00,14597.7295,14624.665,14625.009,14587.0,14612.686
2026-01-16 17:00:00,14804.192,14768.824,14745.823,14674.0,14753.986
2026-01-16 18:00:00,14805.261,14766.505,14820.64,14803.0,14830.361
2026-01-16 19:00:00,14673.594,14635.544,14744.307,14804.0,14716.813
2026-01-16 20:00:00,14476.369,14451.501,14506.394,14465.0,14485.354
2026-01-16 21:00:00,14259.488,14247.173,14313.904,14255.0,14285.952
2026-01-16 22:00:00,14001.473,14004.776,13994.296,14098.0,14010.99
2026-01-16 23:00:00,13625.465,13621.403,13572.416,13705.0,13567.987
2026-01-17 00:00:00,13175.434,13146.862,13095.539,13313.0,13146.634
2026-01-17 01:00:00,12792.372,12745.861,12772.241,12909.0,12728.276
2026-01-17 02:00:00,12476.205,12432.558,12473.375,12564.0,12436.699
2026-01-17 03:00:00,12281.012,12261.158,12311.831,12387.0,12271.461
2026-01-17 04:00:00,12191.834,12190.474,12240.429,12282.0,12209.047
2026-01-17 05:00:00,12195.034,12186.071,12260.863,12313.0,12230.084
2026-01-17 06:00:00,12344.42,12312.885,12370.898,12468.0,12336.742
2026-01-17 07:00:00,12632.441,12617.856,12600.299,12712.0,12584.932
2026-01-17 08:00:00,12988.192,12968.081,12913.148,13066.0,12899.488
2026-01-17 09:00:00,13521.945,13560.777,13481.568,13678.0,13500.486
2026-01-17 10:00:00,13891.39,13917.425,13841.605,14072.0,13858.632
2026-01-17 11:00:00,14100.206,14117.785,14080.135,14380.0,14061.029
2026-01-17 12:00:00,14204.157,14206.392,14190.839,14439.0,14159.992
2026-01-17 13:00:00,14237.592,14203.111,14156.004,14439.0,14144.275
2026-01-17 14:00:00,14259.66,14209.338,14163.221,14397.0,14177.53
2026-01-17 15:00:00,14254.041,14190.477,14152.22,14327.0,14178.899
2026-01-17 16:00:00,14318.215,14255.107,14257.112,14427.0,14265.614
2026-01-17 17:00:00,14587.3,14492.017,14521.295,14617.0,14516.199
2026-01-17 18:00:00,14630.234,14522.751,14576.523,14729.0,14586.476
2026-01-17 19:00:00,14526.395,14412.38,14502.778,14658.0,14479.174
2026-01-17 20:00:00,14333.077,14215.241,14275.867,14384.0,14234.218
2026-01-17 21:00:00,14119.172,13998.197,14078.176,14226.0,14026.852
2026-01-17 22:00:00,13860.713,13723.979,13787.988,13964.0,13743.178
2026-01-17 23:00:00,13508.85,13372.585,13388.209,13552.0,13346.572
2026-01-18 00:00:00,13321.226,13116.961,13073.795,13155.0,13103.938
2026-01-18 01:00:00,12919.007,12722.62,12707.211,12694.0,12715.994
2026-01-18 02:00:00,12598.212,12394.835,12391.4,12417.0,12384.979
2026-01-18 03:00:00,12397.789,12245.325,12209.317,12272.0,12236.555
2026-01-18 04:00:00,12272.184,12122.672,12123.188,12159.0,12125.25
2026-01-18 05:00:00,12256.343,12084.888,12104.333,12194.0,12104.861
2026-01-18 06:00:00,12351.388,12169.46,12191.52,12275.0,12184.294
2026-01-18 07:00:00,12530.155,12324.738,12323.662,12379.0,12335.486
2026-01-18 08:00:00,12812.615,12585.217,12609.448,12640.0,12586.643
2026-01-18 09:00:00,13284.58,13039.172,13079.374,13132.0,13069.267
2026-01-18 10:00:00,13673.405,13432.41,13422.737,13482.0,13418.308
2026-01-18 11:00:00,13976.153,13715.698,13714.881,13772.0,13732.71
2026-01-18 12:00:00,14124.621,13841.668,13860.9795,13915.0,13857.9375
2026-01-18 13:00:00,14177.305,13858.203,13869.931,13924.0,13891.608
2026-01-18 14:00:00,14210.425,13882.447,13894.197,14017.0,13925.129
2026-01-18 15:00:00,14231.894,13910.619,13915.696,13950.0,13937.472
2026-01-18 16:00:00,14322.101,13997.392,14033.7705,14040.0,14005.097
2026-01-18 17:00:00,14603.255,14223.811,14198.192,14230.0,14185.612
2026-01-18 18:00:00,14624.33,14239.921,14295.915,14362.0,14267.427
2026-01-18 19:00:00,14553.48,14176.962,14238.105,14390.0,14202.385
2026-01-18 20:00:00,14387.354,13988.524,14037.286,14135.0,13987.694
2026-01-18 21:00:00,14216.207,13817.785,13863.369,14032.0,13809.713
2026-01-18 22:00:00,13940.853,13527.823,13575.838,13742.0,13524.939
2026-01-18 23:00:00,13530.182,13117.8545,13167.817,13288.0,13103.546
2026-01-19 00:00:00,13076.246,12967.261,12862.346,12882.0,12899.752
2026-01-19 01:00:00,12629.875,12517.828,12352.069,12405.0,12404.894
2026-01-19 02:00:00,12345.387,12223.3125,12103.8955,12171.0,12141.724
2026-01-19 03:00:00,12180.096,12079.187,11935.004,12037.0,11984.094
2026-01-19 04:00:00,12114.619,12004.003,11879.449,11947.0,11929.154
2026-01-19 05:00:00,12183.315,12056.084,11932.205,11991.0,12010.736
2026-01-19 06:00:00,12563.528,12402.567,12275.144,12372.0,12349.225
2026-01-19 07:00:00,13105.251,12915.436,12790.658,12963.0,12901.439
2026-01-19 08:00:00,13713.624,13505.055,13383.365,13496.0,13507.2705
2026-01-19 09:00:00,14304.124,14087.493,14045.309,14118.0,14113.065
2026-01-19 10:00:00,14550.199,14307.26,14266.671,14342.0,14331.636
2026-01-19 11:00:00,14626.975,14392.905,14330.658,14363.0,14399.8125
2026-01-19 12:00:00,14598.127,14362.816,14325.6045,14297.0,14374.663
2026-01-19 13:00:00,14624.825,14373.264,14290.168,14330.0,14371.431
2026-01-19 14:00:00,14599.025,14366.783,14260.729,14286.0,14347.231
2026-01-19 15:00:00,14558.007,14340.236,14234.147,14290.0,14312.486
2026-01-19 16:00:00,14585.582,14402.729,14288.722,14323.0,14356.279
2026-01-19 17:00:00,14779.827,14567.883,14373.248,14431.0,14489.363
2026-01-19 18:00:00,14767.09,14558.524,14405.666,14437.0,14517.971
2026-01-19 19:00:00,14656.334,14445.461,14305.3955,14374.0,14405.8
2026-01-19 20:00:00,14471.646,14254.19,14064.137,14124.0,14177.162
2026-01-19 21:00:00,14275.45,14066.93,13855.818,14001.0,14002.428
2026-01-19 22:00:00,13999.857,13795.775,13594.254,13728.0,13748.88
2026-01-19 23:00:00,13545.01,13347.091,13165.899,13339.0,13253.889
2026-01-20 00:00:00,12949.6,12905.618,12778.215,12865.0,12860.103
2026-01-20 01:00:00,12525.008,12481.256,12285.3955,12436.0,12357.123
2026-01-20 02:00:00,12241.007,12201.459,12055.361,12211.0,12128.102
2026-01-20 03:00:00,12093.448,12072.173,11897.515,11997.0,12009.797
2026-01-20 04:00:00,12010.29,11994.239,11853.396,11975.0,11951.984
2026-01-20 05:00:00,12067.716,12049.6045,11925.98,12058.0,12016.129
2026-01-20 06:00:00,12452.329,12430.085,12311.625,12402.0,12413.037
2026-01-20 07:00:00,12992.029,12974.57,12822.775,12930.0,12967.283
2026-01-20 08:00:00,13587.332,13580.947,13401.06,13528.0,13566.595
2026-01-20 09:00:00,14170.769,14184.906,14039.284,14217.0,14208.937
2026-01-20 10:00:00,14369.848,14357.597,14222.149,14358.0,14361.211
2026-01-20 11:00:00,14397.8545,14390.279,14277.5625,14437.0,14382.173
2026-01-20 12:00:00,14370.595,14375.731,14267.548,14434.0,14322.291
2026-01-20 13:00:00,14391.852,14388.137,14245.106,14324.0,14313.09
2026-01-20 14:00:00,14382.893,14384.862,14232.824,14333.0,14296.963
2026-01-20 15:00:00,14357.908,14361.897,14207.653,14277.0,14266.158
2026-01-20 16:00:00,14395.729,14420.309,14264.333,14313.0,14307.641
2026-01-20 17:00:00,14604.864,14600.913,14354.387,14403.0,14434.008
2026-01-20 18:00:00,14598.71,14598.893,14429.672,14478.0,14532.717
2026-01-20 19:00:00,14488.625,14481.164,14342.168,14409.0,14422.952
2026-01-20 20:00:00,14298.479,14288.439,14122.574,14148.0,14196.65
2026-01-20 21:00:00,14096.159,14094.687,13921.016,13976.0,14022.669
2026-01-20 22:00:00,13822.96,13828.932,13646.547,13749.0,13759.337
2026-01-20 23:00:00,13368.226,13374.959,13225.15,13239.0,13277.928
2026-01-21 00:00:00,12901.5625,12924.868,12861.327,12803.0,12884.716
2026-01-21 01:00:00,12492.146,12521.7,12420.324,12376.0,12419.128
2026-01-21 02:00:00,12219.593,12251.619,12188.106,12128.0,12196.63
2026-01-21 03:00:00,12054.656,12104.625,12035.333,12037.0,12049.593
2026-01-21 04:00:00,11984.07,12046.12,11993.309,11985.0,12007.006
2026-01-21 05:00:00,12051.367,12115.533,12078.152,12047.0,12099.113
2026-01-21 06:00:00,12405.423,12474.361,12443.131,12430.0,12453.796
2026-01-21 07:00:00,12941.31,13009.766,12985.146,12994.0,12995.024
2026-01-21 08:00:00,13535.377,13620.908,13577.771,13617.0,13594.409
2026-01-21 09:00:00,14100.689,14208.703,14173.778,14239.0,14184.488
2026-01-21 10:00:00,14297.5,14420.918,14361.728,14441.0,14379.386
2026-01-21 11:00:00,14334.002,14482.276,14409.795,14559.0,14418.233
2026-01-21 12:00:00,14307.93,14457.926,14384.965,14550.0,14371.833
2026-01-21 13:00:00,14314.465,14458.72,14346.069,14447.0,14352.498
2026-01-21 14:00:00,14315.663,14446.476,14340.104,14476.0,14341.827
2026-01-21 15:00:00,14297.028,14409.436,14325.178,14420.0,14312.34
2026-01-21 16:00:00,14335.882,14468.711,14369.324,14394.0,14351.191
2026-01-21 17:00:00,14524.776,14638.648,14514.88,14525.0,14523.741
2026-01-21 18:00:00,14525.448,14658.818,14609.507,14724.0,14649.924
2026-01-21 19:00:00,14416.966,14559.996,14535.001,14722.0,14562.441
2026-01-21 20:00:00,14234.096,14392.709,14317.908,14431.0,14357.666
2026-01-21 21:00:00,14043.537,14217.805,14135.9375,14265.0,14191.973
2026-01-21 22:00:00,13778.322,13969.319,13860.096,14016.0,13928.233
2026-01-21 23:00:00,13344.739,13530.782,13439.287,13529.0,13467.835
2026-01-22 00:00:00,12931.343,13066.753,13044.088,13153.0,13011.872
2026-01-22 01:00:00,12501.686,12688.719,12607.451,12693.0,12555.014
2026-01-22 02:00:00,12230.65,12388.586,12384.065,12422.0,12324.9795
2026-01-22 03:00:00,12084.026,12243.1045,12235.422,12355.0,12204.428
2026-01-22 04:00:00,12007.542,12173.056,12210.573,12317.0,12162.141
2026-01-22 05:00:00,12065.558,12246.224,12304.8125,12419.0,12259.762
2026-01-22 06:00:00,12447.1045,12603.38,12665.379,12797.0,12623.963
2026-01-22 07:00:00,12996.057,13136.432,13192.6875,13251.0,13176.762
2026-01-22 08:00:00,13600.904,13766.988,13817.62,13902.0,13833.079
2026-01-22 09:00:00,14187.262,14374.51,14452.08,14605.0,14488.502
2026-01-22 10:00:00,14370.8125,14612.657,14646.111,14796.0,14744.629
2026-01-22 11:00:00,14397.334,14685.634,14711.817,14898.0,14818.014
2026-01-22 12:00:00,14363.799,14650.86,14667.943,14888.0,14760.556
2026-01-22 13:00:00,14364.215,14642.669,14604.592,14816.0,14704.188
2026-01-22 14:00:00,14359.387,14625.744,14590.904,14768.0,14686.896
2026-01-22 15:00:00,14344.315,14606.763,14566.144,14777.0,14648.725
2026-01-22 16:00:00,14369.417,14633.638,14609.608,14787.0,14677.137
2026-01-22 17:00:00,14557.445,14808.873,14755.192,14820.0,14844.496
2026-01-22 18:00:00,14557.308,14830.79,14888.486,15083.0,15010.418
2026-01-22 19:00:00,14448.756,14739.057,14817.027,14969.0,14932.39
2026-01-22 20:00:00,14261.042,14573.1045,14619.854,14698.0,14721.287
2026-01-22 21:00:00,14068.937,14391.772,14449.218,14495.0,14531.99
2026-01-22 22:00:00,13796.527,14130.387,14141.443,14299.0,14242.498
2026-01-22 23:00:00,13347.961,13687.727,13684.915,13834.0,13741.289
2026-01-23 00:00:00,13243.957,13476.739,13365.962,13379.0,13547.2705
2026-01-23 01:00:00,12818.984,13054.781,12951.743,12927.0,13089.262
2026-01-23 02:00:00,12549.193,12774.545,12716.062,12674.0,12835.832
2026-01-23 03:00:00,12394.623,12650.089,12587.554,12522.0,12738.135
2026-01-23 04:00:00,12324.877,12588.832,12557.695,12502.0,12702.42
2026-01-23 05:00:00,12391.719,12659.695,12679.267,12655.0,12794.538
2026-01-23 06:00:00,12759.551,12981.778,13010.914,12929.0,13118.433
2026-01-23 07:00:00,13262.946,13471.729,13528.402,13528.0,13620.005
2026-01-23 08:00:00,13865.739,14062.6,14180.984,14119.0,14277.242
2026-01-23 09:00:00,14422.993,14634.8125,14777.173,14735.0,14903.56
2026-01-23 10:00:00,14631.018,14867.861,14989.12,14992.0,15138.535
2026-01-23 11:00:00,14687.752,14953.867,15072.212,15039.0,15202.386
2026-01-23 12:00:00,14646.684,14911.833,14987.049,15068.0,15143.559
2026-01-23 13:00:00,14641.112,14866.796,14921.145,14999.0,15069.763
2026-01-23 14:00:00,14618.984,14818.716,14894.697,14904.0,15020.849
2026-01-23 15:00:00,14588.431,14771.214,14851.936,14834.0,14969.17
2026-01-23 16:00:00,14593.451,14779.515,14878.201,14826.0,14982.42
2026-01-23 17:00:00,14778.546,14926.219,14991.301,14910.0,15109.01
2026-01-23 18:00:00,14826.902,14969.498,15137.532,15035.0,15275.85
2026-01-23 19:00:00,14735.295,14900.712,15084.059,14962.0,15227.376
2026-01-23 20:00:00,14543.746,14733.957,14856.221,14626.0,15001.329
2026-01-23 21:00:00,14334.049,14554.296,14683.9375,14420.0,14805.968
2026-01-23 22:00:00,14085.454,14312.854,14387.723,14206.0,14531.366
2026-01-23 23:00:00,13721.92,13944.091,13975.948,13805.0,14122.628
2026-01-24 00:00:00,13513.699,13533.135,13524.802,13447.0,13573.776
2026-01-24 01:00:00,13129.515,13136.921,13190.726,12936.0,13164.968
2026-01-24 02:00:00,12814.687,12826.394,12892.34,12660.0,12856.152
2026-01-24 03:00:00,12619.56,12636.508,12711.62,12546.0,12674.293
2026-01-24 04:00:00,12524.154,12562.747,12661.609,12457.0,12620.441
2026-01-24 05:00:00,12541.409,12577.002,12720.429,12468.0,12658.655
2026-01-24 06:00:00,12704.016,12738.102,12871.575,12648.0,12788.168
2026-01-24 07:00:00,12990.33,13056.197,13110.523,12867.0,13062.598
2026-01-24 08:00:00,13366.499,13458.932,13493.251,13200.0,13452.313
2026-01-24 09:00:00,13913.707,14026.295,14028.939,13770.0,14036.338
2026-01-24 10:00:00,14305.793,14404.735,14410.328,14197.0,14430.869
2026-01-24 11:00:00,14521.707,14601.654,14608.349,14433.0,14644.075
2026-01-24 12:00:00,14610.983,14656.071,14660.811,14501.0,14701.493
2026-01-24 13:00:00,14637.616,14634.396,14614.611,14508.0,14671.523
2026-01-24 14:00:00,14626.374,14613.618,14566.808,14492.0,14639.267
2026-01-24 15:00:00,14601.836,14587.401,14520.26,14431.0,14591.952
2026-01-24 16:00:00,14639.913,14651.933,14621.05,14498.0,14685.785
2026-01-24 17:00:00,14884.658,14881.7295,14762.545,14639.0,14837.374
2026-01-24 18:00:00,14930.404,14933.722,14904.476,14938.0,15013.984
2026-01-24 19:00:00,14852.326,14851.17,14878.801,14895.0,14947.718
2026-01-24 20:00:00,14663.592,14678.057,14653.704,14567.0,14726.141
2026-01-24 21:00:00,14442.916,14476.453,14481.821,14483.0,14535.851
2026-01-24 22:00:00,14179.561,14215.767,14222.029,14146.0,14276.704
2026-01-24 23:00:00,13824.857,13857.947,13843.835,13735.0,13873.243
2026-01-25 00:00:00,13379.146,13456.83,13373.496,13458.0,13422.748
2026-01-25 01:00:00,12963.254,13075.96,12971.089,13046.0,13024.602
2026-01-25 02:00:00,12653.579,12781.912,12694.303,12756.0,12735.982
2026-01-25 03:00:00,12475.449,12628.093,12544.406,12602.0,12606.269
2026-01-25 04:00:00,12367.4,12524.632,12465.396,12477.0,12516.9
2026-01-25 05:00:00,12365.71,12521.176,12489.648,12533.0,12523.871
2026-01-25 06:00:00,12455.111,12612.46,12580.913,12673.0,12616.02
2026-01-25 07:00:00,12616.416,12771.156,12743.286,12812.0,12759.028
2026-01-25 08:00:00,12874.37,13038.968,13050.583,13083.0,13037.91
2026-01-25 09:00:00,13355.661,13540.532,13567.698,13611.0,13556.612
2026-01-25 10:00:00,13740.087,13958.665,13933.534,14041.0,13948.766
2026-01-25 11:00:00,14057.625,14263.004,14224.82,14309.0,14297.82
2026-01-25 12:00:00,14200.498,14399.558,14355.943,14430.0,14439.471
2026-01-25 13:00:00,14236.541,14404.736,14344.326,14419.0,14433.7295
2026-01-25 14:00:00,14262.979,14400.531,14338.378,14394.0,14446.98
2026-01-25 15:00:00,14278.578,14398.916,14339.885,14340.0,14436.401
2026-01-25 16:00:00,14352.38,14475.935,14435.388,14404.0,14506.598
2026-01-25 17:00:00,14661.922,14792.911,14663.753,14601.0,14752.658
2026-01-25 18:00:00,14702.254,14835.899,14878.311,14937.0,14955.123
2026-01-25 19:00:00,14643.303,14781.512,14847.113,14942.0,14895.832
2026-01-25 20:00:00,14474.707,14641.048,14630.818,14689.0,14693.097
2026-01-25 21:00:00,14304.759,14463.656,14485.806,14540.0,14522.062
2026-01-25 22:00:00,14025.182,14177.438,14173.741,14239.0,14238.824
2026-01-25 23:00:00,13615.234,13759.266,13744.399,13834.0,13793.195
2026-01-26 00:00:00,13398.3125,13534.937,13434.504,13397.0,13545.029
2026-01-26 01:00:00,12966.324,13099.669,12900.523,12931.0,13061.972
2026-01-26 02:00:00,12705.052,12812.466,12665.006,12726.0,12811.4
2026-01-26 03:00:00,12533.124,12675.547,12503.847,12570.0,12702.753
2026-01-26 04:00:00,12457.201,12596.882,12499.6455,12484.0,12668.995
2026-01-26 05:00:00,12524.125,12667.005,12593.6,12615.0,12753.376
2026-01-26 06:00:00,12918.575,13026.895,12949.186,13011.0,13107.272
2026-01-26 07:00:00,13464.105,13542.17,13488.832,13554.0,13643.108
2026-01-26 08:00:00,14065.189,14135.364,14143.245,14238.0,14290.811
2026-01-26 09:00:00,14657.006,14738.972,14826.101,14884.0,14938.414
2026-01-26 10:00:00,14879.751,15005.227,15073.713,15207.0,15203.541
2026-01-26 11:00:00,14958.031,15113.318,15187.015,15276.0,15278.786
2026-01-26 12:00:00,14929.982,15092.619,15131.771,15226.0,15257.28
2026-01-26 13:00:00,14928.357,15075.431,15083.501,15207.0,15199.028
2026-01-26 14:00:00,14880.422,15031.227,15052.69,15176.0,15145.907
2026-01-26 15:00:00,14830.893,14975.978,15022.114,15092.0,15084.116
2026-01-26 16:00:00,14852.623,15004.35,15053.398,15085.0,15094.427
2026-01-26 17:00:00,15014.367,15102.383,15090.872,15116.0,15192.509
2026-01-26 18:00:00,15023.083,15128.914,15213.083,15280.0,15325.0
2026-01-26 19:00:00,14926.617,15023.764,15110.791,15244.0,15191.053
2026-01-26 20:00:00,14734.926,14838.832,14884.631,14935.0,14947.344
2026-01-26 21:00:00,14542.231,14648.407,14673.867,14766.0,14746.69
2026-01-26 22:00:00,14264.348,14364.52,14354.626,14490.0,14445.056
2026-01-26 23:00:00,13834.167,13926.378,13894.665,13983.0,13969.596
2026-01-27 00:00:00,13557.851,13491.168,13420.123,13465.0,13533.556
2026-01-27 01:00:00,13116.762,13037.625,12957.085,13017.0,13046.587
2026-01-27 02:00:00,12862.641,12772.932,12724.05,12758.0,12826.198
2026-01-27 03:00:00,12699.934,12653.823,12589.871,12620.0,12727.753
2026-01-27 04:00:00,12612.6045,12595.15,12576.7,12612.0,12709.919
2026-01-27 05:00:00,12697.016,12687.165,12696.406,12694.0,12821.904
2026-01-27 06:00:00,13078.372,13048.261,13039.704,13187.0,13167.924
2026-01-27 07:00:00,13611.3125,13579.3955,13574.744,13580.0,13696.303
2026-01-27 08:00:00,14257.261,14201.025,14231.732,14188.0,14329.806
2026-01-27 09:00:00,14837.563,14776.523,14820.681,14874.0,14932.97
2026-01-27 10:00:00,15038.9375,14986.385,15016.493,15044.0,15158.197
2026-01-27 11:00:00,15100.399,15065.309,15095.927,15090.0,15224.723
2026-01-27 12:00:00,15046.607,15021.671,15028.706,15021.0,15159.889
2026-01-27 13:00:00,15030.023,14977.964,14955.442,14936.0,15069.338
2026-01-27 14:00:00,14989.166,14912.559,14909.98,14906.0,14991.986
2026-01-27 15:00:00,14946.381,14857.015,14872.389,14887.0,14924.618
2026-01-27 16:00:00,14942.875,14863.224,14897.621,14926.0,14914.717
2026-01-27 17:00:00,15126.594,15007.934,14982.05,14925.0,14972.559
2026-01-27 18:00:00,15180.868,15094.641,15185.774,15102.0,15243.076
2026-01-27 19:00:00,15080.334,15014.526,15084.654,15119.0,15159.835
2026-01-27 20:00:00,14882.179,14826.822,14852.3,14845.0,14922.945
2026-01-27 21:00:00,14679.432,14642.756,14659.632,14629.0,14737.284
2026-01-27 22:00:00,14395.756,14368.922,14339.043,14419.0,14452.938
2026-01-27 23:00:00,13960.18,13924.207,13905.282,13925.0,13973.632
2026-01-28 00:00:00,13495.771,13572.0,13458.653,13437.0,13574.289
2026-01-28 01:00:00,13052.572,13121.884,12999.078,13056.0,13096.899
2026-01-28 02:00:00,12791.125,12843.494,12760.882,12839.0,12856.43
2026-01-28 03:00:00,12631.774,12700.232,12618.207,12657.0,12729.545
2026-01-28 04:00:00,12559.342,12622.963,12604.506,12665.0,12701.768
2026-01-28 05:00:00,12644.968,12705.644,12711.924,12792.0,12801.081
2026-01-28 06:00:00,13054.019,13084.503,13080.26,13214.0,13159.458
2026-01-28 07:00:00,13578.245,13609.279,13596.304,13664.0,13671.787
2026-01-28 08:00:00,14221.173,14246.509,14267.59,14260.0,14317.122
2026-01-28 09:00:00,14816.709,14823.721,14887.189,14893.0,14935.378
2026-01-28 10:00:00,15015.406,15039.69,15096.524,15106.0,15183.702
2026-01-28 11:00:00,15075.168,15112.314,15181.7295,15121.0,15255.845
2026-01-28 12:00:00,15023.459,15069.305,15118.236,15032.0,15186.499
2026-01-28 13:00:00,15017.387,15024.576,15045.391,15055.0,15099.891
2026-01-28 14:00:00,14978.189,14968.025,14996.508,15048.0,15027.25
2026-01-28 15:00:00,14937.818,14917.681,14961.42,14990.0,14952.586
2026-01-28 16:00:00,14937.282,14933.442,14984.819,15041.0,14943.783
2026-01-28 17:00:00,15117.357,15067.497,15040.348,15055.0,15008.52
2026-01-28 18:00:00,15163.191,15168.74,15251.956,15262.0,15295.857
2026-01-28 19:00:00,15078.504,15112.255,15174.673,15267.0,15222.6
2026-01-28 20:00:00,14875.484,14918.662,14949.314,15059.0,14965.0
2026-01-28 21:00:00,14663.547,14726.197,14744.956,14823.0,14774.425
2026-01-28 22:00:00,14381.817,14446.949,14421.235,14569.0,14489.867
2026-01-28 23:00:00,13941.511,14014.215,13970.731,14084.0,14022.717
2026-01-29 00:00:00,13553.633,13650.104,13549.534,13703.0,13638.616
2026-01-29 01:00:00,13123.245,13254.033,13138.286,13252.0,13221.186
2026-01-29 02:00:00,12874.618,12990.184,12893.905,12998.0,13007.998
2026-01-29 03:00:00,12714.359,12859.944,12755.367,12853.0,12899.336
2026-01-29 04:00:00,12642.394,12802.027,12731.291,12822.0,12874.141
2026-01-29 05:00:00,12735.457,12887.24,12864.285,12931.0,12980.985
2026-01-29 06:00:00,13133.888,13254.864,13227.882,13352.0,13328.082
2026-01-29 07:00:00,13638.849,13743.916,13731.389,13963.0,13804.099
2026-01-29 08:00:00,14261.177,14344.219,14406.789,14543.0,14432.003
2026-01-29 09:00:00,14822.49,14934.6045,15001.022,15138.0,15055.545
2026-01-29 10:00:00,15021.008,15156.219,15202.07,15457.0,15302.459
2026-01-29 11:00:00,15076.864,15244.148,15287.728,15541.0,15377.83
2026-01-29 12:00:00,15029.519,15202.84,15209.597,15490.0,15330.502
2026-01-29 13:00:00,15015.193,15135.926,15143.816,15394.0,15233.348
2026-01-29 14:00:00,14983.417,15070.756,15084.652,15312.0,15153.338
2026-01-29 15:00:00,14947.661,15016.697,15050.507,15248.0,15085.57
2026-01-29 16:00:00,14951.414,15014.364,15082.468,15204.0,15070.694
2026-01-29 17:00:00,15112.133,15141.708,15121.369,15238.0,15098.481
2026-01-29 18:00:00,15173.543,15269.066,15370.273,15465.0,15426.85
2026-01-29 19:00:00,15089.914,15224.85,15291.253,15454.0,15373.345
2026-01-29 20:00:00,14896.833,15035.087,15067.336,15240.0,15124.189
2026-01-29 21:00:00,14697.373,14863.698,14874.6045,15006.0,14944.0
2026-01-29 22:00:00,14423.87,14588.431,14555.115,14733.0,14673.849
2026-01-29 23:00:00,13992.746,14159.268,14119.713,14340.0,14220.247
2026-01-30 00:00:00,13809.791,13856.57,13709.321,13879.0,13876.906
2026-01-30 01:00:00,13328.966,13421.138,13248.475,13455.0,13419.654
2026-01-30 02:00:00,13082.526,13145.689,13008.247,13214.0,13184.8125
2026-01-30 03:00:00,12925.487,13008.648,12864.786,13065.0,13073.221
2026-01-30 04:00:00,12849.331,12957.605,12842.638,13033.0,13051.8
2026-01-30 05:00:00,12944.258,13060.522,12995.247,13203.0,13166.514
2026-01-30 06:00:00,13363.988,13440.556,13377.718,13569.0,13532.619
2026-01-30 07:00:00,13901.874,13968.205,13898.365,14056.0,14053.149
2026-01-30 08:00:00,14531.242,14597.567,14576.955,14736.0,14713.131
2026-01-30 09:00:00,15111.508,15186.184,15166.906,15319.0,15370.0205
2026-01-30 10:00:00,15297.215,15418.154,15372.18,15586.0,15605.94
2026-01-30 11:00:00,15345.209,15512.215,15460.556,15723.0,15672.137
2026-01-30 12:00:00,15281.092,15461.114,15379.059,15551.0,15596.326
2026-01-30 13:00:00,15271.918,15400.737,15316.236,15503.0,15523.289
2026-01-30 14:00:00,15234.895,15335.838,15250.73,15360.0,15449.123
2026-01-30 15:00:00,15188.918,15274.434,15212.143,15199.0,15372.994
2026-01-30 16:00:00,15170.06,15265.701,15246.409,15164.0,15351.515
2026-01-30 17:00:00,15337.273,15389.86,15323.837,15251.0,15382.6
2026-01-30 18:00:00,15399.062,15478.928,15547.617,15569.0,15640.964
2026-01-30 19:00:00,15319.447,15419.601,15506.738,15623.0,15613.974
2026-01-30 20:00:00,15101.002,15220.396,15271.62,15364.0,15340.765
2026-01-30 21:00:00,14884.71,15026.379,15077.366,15125.0,15148.914
2026-01-30 22:00:00,14618.073,14768.933,14761.518,14930.0,14884.927
2026-01-30 23:00:00,14258.371,14400.667,14341.623,14471.0,14478.991
2026-01-31 00:00:00,14054.371,14113.26,13950.491,14088.0,14096.391
2026-01-31 01:00:00,13638.815,13711.364,13556.036,13638.0,13664.8
2026-01-31 02:00:00,13337.568,13394.012,13270.034,13369.0,13392.739
2026-01-31 03:00:00,13158.47,13239.507,13109.447,13271.0,13269.825
2026-01-31 04:00:00,13084.651,13175.941,13035.491,13076.0,13189.601
2026-01-31 05:00:00,13116.521,13207.762,13108.648,13161.0,13237.605
2026-01-31 06:00:00,13282.443,13379.93,13289.493,13353.0,13409.506
2026-01-31 07:00:00,13550.061,13664.952,13508.288,13527.0,13633.3545
2026-01-31 08:00:00,13929.37,14082.357,13898.101,13891.0,14009.24
2026-01-31 09:00:00,14479.289,14652.831,14472.999,14441.0,14594.829
2026-01-31 10:00:00,14882.76,15052.132,14924.174,14952.0,15076.757
2026-01-31 11:00:00,15115.3955,15276.195,15124.766,15215.0,15337.473
2026-01-31 12:00:00,15165.103,15320.267,15161.318,15257.0,15383.349
2026-01-31 13:00:00,15177.462,15274.928,15126.487,15189.0,15325.625
2026-01-31 14:00:00,15134.636,15222.316,15054.921,15177.0,15222.475
2026-01-31 15:00:00,15092.207,15172.183,15005.658,15064.0,15140.669
2026-01-31 16:00:00,15109.772,15192.599,15066.508,15101.0,15162.522
2026-01-31 17:00:00,15374.744,15438.585,15247.836,15241.0,15277.979
2026-01-31 18:00:00,15489.177,15550.502,15507.073,15611.0,15633.942
2026-01-31 19:00:00,15442.875,15520.896,15499.014,15617.0,15616.4
2026-01-31 20:00:00,15233.144,15323.976,15264.129,15329.0,15359.165
2026-01-31 21:00:00,15013.166,15126.298,15111.013,15168.0,15183.211
2026-01-31 22:00:00,14729.822,14839.341,14785.182,14867.0,14892.965
2026-01-31 23:00:00,14389.565,14496.504,14396.055,14460.0,14505.3545
2026-02-01 00:00:00,14057.704,14102.576,13997.965,14152.0,14116.689
2026-02-01 01:00:00,13630.252,13710.238,13609.31,13669.0,13705.866
2026-02-01 02:00:00,13331.205,13401.385,13345.336,13415.0,13447.873
2026-02-01 03:00:00,13143.78,13253.456,13166.194,13233.0,13306.192
2026-02-01 04:00:00,13028.832,13160.987,13097.144,13152.0,13217.026
2026-02-01 05:00:00,13054.36,13193.274,13163.436,13223.0,13283.77
2026-02-01 06:00:00,13174.692,13324.524,13332.269,13430.0,13453.307
2026-02-01 07:00:00,13335.467,13500.581,13475.626,13626.0,13606.463
2026-02-01 08:00:00,13623.039,13802.106,13797.883,13856.0,13924.279
2026-02-01 09:00:00,14085.902,14302.711,14300.942,14356.0,14399.911
2026-02-01 10:00:00,14490.451,14737.589,14735.357,14864.0,14839.529
2026-02-01 11:00:00,14771.372,15012.807,14998.06,15216.0,15118.774
2026-02-01 12:00:00,14892.545,15112.288,15079.135,15338.0,15190.884
2026-02-01 13:00:00,14934.137,15095.996,15050.08,15257.0,15160.736
2026-02-01 14:00:00,14920.768,15054.027,14997.414,15260.0,15096.36
2026-02-01 15:00:00,14899.543,15003.765,14963.692,15229.0,15001.965
2026-02-01 16:00:00,14945.769,15044.067,15032.965,15188.0,15015.305
2026-02-01 17:00:00,15242.3125,15312.841,15195.264,15323.0,15183.226
2026-02-01 18:00:00,15385.615,15446.571,15556.95,15703.0,15599.795
2026-02-01 19:00:00,15365.203,15443.445,15547.677,15769.0,15636.428
2026-02-01 20:00:00,15197.836,15278.753,15359.513,15519.0,15420.749
2026-02-01 21:00:00,15010.723,15093.252,15208.038,15361.0,15220.716
2026-02-01 22:00:00,14719.508,14790.226,14876.095,14906.0,14912.129
2026-02-01 23:00:00,14324.596,14383.104,14449.08,14418.0,14497.162
2026-02-02 00:00:00,14079.747,13971.708,14027.077,14027.0,14079.74
2026-02-02 01:00:00,13638.937,13506.61,13487.894,13610.0,13582.647
2026-02-02 02:00:00,13414.251,13236.425,13222.876,13314.0,13341.941
2026-02-02 03:00:00,13233.958,13070.337,13054.657,13163.0,13168.307
2026-02-02 04:00:00,13153.336,12995.784,13024.333,13057.0,13118.67
2026-02-02 05:00:00,13261.627,13096.156,13161.36,13126.0,13238.836
2026-02-02 06:00:00,13706.678,13513.881,13559.612,13556.0,13646.759
2026-02-02 07:00:00,14234.413,14030.361,14095.207,14032.0,14225.075
2026-02-02 08:00:00,14874.665,14634.99,14814.078,14785.0,14906.27
2026-02-02 09:00:00,15450.36,15199.588,15425.826,15314.0,15494.119
2026-02-02 10:00:00,15660.637,15436.654,15632.52,15648.0,15746.924
2026-02-02 11:00:00,15722.165,15535.649,15742.535,15772.0,15805.072
2026-02-02 12:00:00,15667.872,15511.355,15661.148,15716.0,15758.986
2026-02-02 13:00:00,15642.934,15464.619,15603.517,15684.0,15676.278
2026-02-02 14:00:00,15569.209,15364.42,15516.754,15743.0,15579.324
2026-02-02 15:00:00,15507.231,15265.275,15458.431,15722.0,15457.883
2026-02-02 16:00:00,15488.724,15251.177,15480.166,15530.0,15437.469
2026-02-02 17:00:00,15648.682,15356.547,15472.654,15509.0,15444.035
2026-02-02 18:00:00,15707.586,15416.145,15654.278,15739.0,15654.675
2026-02-02 19:00:00,15660.366,15355.975,15562.55,15687.0,15583.521
2026-02-02 20:00:00,15469.187,15171.992,15359.102,15388.0,15349.988
2026-02-02 21:00:00,15272.418,14972.426,15139.434,15106.0,15148.383
2026-02-02 22:00:00,14976.606,14676.109,14786.235,14799.0,14846.824
2026-02-02 23:00:00,14546.202,14234.113,14317.333,14263.0,14386.352
2026-02-03 00:00:00,14014.518,13912.155,13830.799,13821.0,13909.054
2026-02-03 01:00:00,13578.854,13480.213,13360.779,13356.0,13475.982
2026-02-03 02:00:00,13338.847,13215.106,13096.1455,13105.0,13232.873
2026-02-03 03:00:00,13167.57,13070.109,12942.366,12976.0,13097.99
2026-02-03 04:00:00,13088.063,12990.553,12922.796,12952.0,13054.5
2026-02-03 05:00:00,13183.12,13083.361,13064.346,12995.0,13143.744
2026-02-03 06:00:00,13635.791,13510.281,13480.808,13435.0,13555.191
2026-02-03 07:00:00,14151.757,14039.604,13986.993,13904.0,14031.567
2026-02-03 08:00:00,14806.558,14697.934,14685.011,14597.0,14734.088
2026-02-03 09:00:00,15414.136,15314.101,15298.541,15114.0,15358.728
2026-02-03 10:00:00,15617.217,15542.063,15493.772,15401.0,15615.596
2026-02-03 11:00:00,15657.914,15616.143,15578.972,15488.0,15681.457
2026-02-03 12:00:00,15579.717,15552.3,15491.314,15359.0,15596.542
2026-02-03 13:00:00,15550.324,15470.514,15422.909,15319.0,15479.717
2026-02-03 14:00:00,15495.08,15387.178,15338.879,15299.0,15397.017
2026-02-03 15:00:00,15436.365,15303.119,15289.064,15236.0,15287.594
2026-02-03 16:00:00,15407.181,15259.319,15282.059,15126.0,15246.622
2026-02-03 17:00:00,15592.805,15403.6045,15362.401,15083.0,15300.083
2026-02-03 18:00:00,15686.205,15572.977,15630.941,15342.0,15650.162
2026-02-03 19:00:00,15641.473,15545.572,15567.73,15442.0,15634.568
2026-02-03 20:00:00,15439.981,15341.248,15375.736,15180.0,15409.649
2026-02-03 21:00:00,15215.947,15139.628,15162.16,15001.0,15195.63
2026-02-03 22:00:00,14910.144,14841.518,14812.653,14720.0,14893.602
2026-02-03 23:00:00,14452.711,14388.104,14350.839,14161.0,14414.118
2026-02-04 00:00:00,13786.052,13885.411,13846.831,13697.0,13905.386
2026-02-04 01:00:00,13373.232,13464.848,13406.512,13172.0,13462.186
2026-02-04 02:00:00,13116.718,13204.643,13146.489,12983.0,13225.096
2026-02-04 03:00:00,12948.163,13063.365,12995.515,12899.0,13094.317
2026-02-04 04:00:00,12877.281,13005.862,12970.875,12896.0,13066.633
2026-02-04 05:00:00,12977.207,13110.488,13107.295,13012.0,13172.271
2026-02-04 06:00:00,13431.191,13520.838,13518.848,13391.0,13579.602
2026-02-04 07:00:00,13946.661,14064.162,14057.118,13939.0,14116.501
2026-02-04 08:00:00,14611.607,14718.592,14771.797,14582.0,14817.442
2026-02-04 09:00:00,15203.323,15306.66,15356.389,15100.0,15418.181
2026-02-04 10:00:00,15404.752,15515.141,15566.035,15371.0,15654.992
2026-02-04 11:00:00,15451.441,15605.0205,15663.779,15436.0,15711.527
2026-02-04 12:00:00,15375.755,15532.3125,15587.848,15381.0,15626.5625
2026-02-04 13:00:00,15356.305,15477.816,15527.25,15306.0,15540.059
2026-02-04 14:00:00,15308.262,15396.537,15451.137,15363.0,15464.12
2026-02-04 15:00:00,15247.312,15318.639,15411.355,15257.0,15365.726
2026-02-04 16:00:00,15225.672,15272.194,15409.878,15112.0,15301.468
2026-02-04 17:00:00,15392.387,15369.895,15411.689,15026.0,15301.137
2026-02-04 18:00:00,15497.327,15533.767,15662.954,15375.0,15635.457
2026-02-04 19:00:00,15444.5625,15495.521,15598.59,15361.0,15609.851
2026-02-04 20:00:00,15238.413,15280.51,15392.504,15150.0,15361.762
2026-02-04 21:00:00,15016.955,15065.862,15160.173,14914.0,15112.851
2026-02-04 22:00:00,14722.029,14767.8,14794.401,14667.0,14786.168
2026-02-04 23:00:00,14266.826,14309.064,14333.05,14098.0,14290.879
2026-02-05 00:00:00,13772.845,13740.242,13742.067,13693.0,13738.646
2026-02-05 01:00:00,13341.702,13294.343,13300.315,13255.0,13254.148
2026-02-05 02:00:00,13102.31,13025.811,13038.181,13009.0,13044.14
2026-02-05 03:00:00,12945.648,12882.523,12889.078,12847.0,12918.779
2026-02-05 04:00:00,12874.235,12819.037,12871.685,12773.0,12899.319
2026-02-05 05:00:00,12977.89,12918.66,12986.321,12910.0,13002.928
2026-02-05 06:00:00,13421.018,13342.444,13400.5625,13241.0,13397.841
2026-02-05 07:00:00,13958.474,13886.438,13945.183,13807.0,13908.018
2026-02-05 08:00:00,14621.975,14535.758,14626.061,14521.0,14577.195
2026-02-05 09:00:00,15208.576,15104.117,15194.993,15013.0,15145.298
2026-02-05 10:00:00,15419.621,15323.769,15406.476,15353.0,15398.8955
2026-02-05 11:00:00,15462.484,15395.035,15480.336,15394.0,15458.469
2026-02-05 12:00:00,15383.875,15342.391,15386.798,15278.0,15359.739
2026-02-05 13:00:00,15359.054,15276.622,15315.967,15208.0,15283.801
2026-02-05 14:00:00,15302.298,15193.502,15251.042,15231.0,15223.4375
2026-02-05 15:00:00,15236.213,15117.792,15201.961,15108.0,15128.143
2026-02-05 16:00:00,15192.428,15069.35,15160.506,15015.0,15070.466
2026-02-05 17:00:00,15324.534,15113.567,15134.665,14988.0,15031.646
2026-02-05 18:00:00,15463.385,15324.994,15403.401,15291.0,15385.442
2026-02-05 19:00:00,15412.157,15299.863,15379.151,15332.0,15362.27
2026-02-05 20:00:00,15211.845,15093.621,15166.328,15111.0,15130.629
2026-02-05 21:00:00,14991.355,14881.587,14951.638,14996.0,14923.43
2026-02-05 22:00:00,14707.369,14605.569,14618.252,14685.0,14636.256
2026-02-05 23:00:00,14262.883,14151.844,14162.093,14158.0,14137.414
2026-02-06 00:00:00,13703.611,13704.038,13658.772,13804.0,13680.486
2026-02-06 01:00:00,13277.293,13283.072,13216.193,13392.0,13235.2295
2026-02-06 02:00:00,13021.313,13012.746,12969.546,13105.0,13019.477
2026-02-06 03:00:00,12853.021,12860.699,12819.093,13034.0,12884.763
2026-02-06 04:00:00,12786.385,12806.535,12802.707,13028.0,12866.21
2026-02-06 05:00:00,12892.489,12923.65,12935.379,13051.0,12987.123
2026-02-06 06:00:00,13309.256,13307.4375,13330.383,13541.0,13345.971
2026-02-06 07:00:00,13833.205,13856.81,13879.36,14012.0,13886.033
2026-02-06 08:00:00,14500.926,14516.844,14546.704,14668.0,14569.216
2026-02-06 09:00:00,15066.098,15076.943,15112.354,15276.0,15103.37
2026-02-06 10:00:00,15299.203,15319.497,15336.346,15603.0,15365.414
2026-02-06 11:00:00,15348.834,15401.787,15403.803,15738.0,15431.609
2026-02-06 12:00:00,15285.547,15335.509,15337.622,15563.0,15346.807
2026-02-06 13:00:00,15257.129,15269.066,15269.241,15555.0,15274.28
2026-02-06 14:00:00,15197.148,15192.329,15213.493,15546.0,15225.39
2026-02-06 15:00:00,15118.384,15108.252,15161.758,15415.0,15133.76
2026-02-06 16:00:00,15057.988,15042.867,15101.409,15261.0,15046.344
2026-02-06 17:00:00,15201.218,15132.624,15095.9375,15199.0,15026.787
2026-02-06 18:00:00,15359.898,15341.586,15372.869,15477.0,15380.367
2026-02-06 19:00:00,15313.678,15308.33,15366.83,15577.0,15369.702
2026-02-06 20:00:00,15099.707,15094.022,15121.467,15156.0,15096.483
2026-02-06 21:00:00,14869.222,14876.879,14903.377,14955.0,14891.767
2026-02-06 22:00:00,14607.418,14614.801,14588.096,14685.0,14620.613
2026-02-06 23:00:00,14216.591,14192.356,14151.876,14223.0,14159.497
2026-02-07 00:00:00,13963.269,13855.479,13750.418,13829.0,13860.912
2026-02-07 01:00:00,13574.227,13474.65,13354.892,13366.0,13429.503
2026-02-07 02:00:00,13285.98,13172.225,13048.756,13094.0,13151.952
2026-02-07 03:00:00,13112.341,13023.533,12902.427,12961.0,13026.626
2026-02-07 04:00:00,13002.909,12937.911,12819.78,12928.0,12932.818
2026-02-07 05:00:00,13041.837,12984.074,12872.139,12940.0,12987.711
2026-02-07 06:00:00,13253.782,13194.303,13062.094,13148.0,13174.194
2026-02-07 07:00:00,13490.683,13449.91,13270.011,13326.0,13373.827
2026-02-07 08:00:00,13861.905,13849.266,13630.032,13756.0,13748.159
2026-02-07 09:00:00,14376.758,14373.655,14161.863,14262.0,14232.537
2026-02-07 10:00:00,14816.382,14823.371,14639.008,14833.0,14705.437
2026-02-07 11:00:00,15066.511,15056.128,14843.568,15009.0,14934.755
2026-02-07 12:00:00,15125.778,15100.1,14887.78,14996.0,14962.555
2026-02-07 13:00:00,15118.099,15040.725,14831.399,14899.0,14889.996
2026-02-07 14:00:00,15060.008,14968.25,14767.867,14830.0,14846.352
2026-02-07 15:00:00,15003.43,14873.683,14695.945,14783.0,14730.514
2026-02-07 16:00:00,14996.633,14854.601,14726.52,14752.0,14735.758
2026-02-07 17:00:00,15196.196,14979.783,14825.71,14852.0,14789.034
2026-02-07 18:00:00,15384.664,15219.06,15103.628,15186.0,15184.066
2026-02-07 19:00:00,15370.508,15206.852,15135.592,15297.0,15169.68
2026-02-07 20:00:00,15178.005,15022.029,14884.873,14968.0,14921.281
2026-02-07 21:00:00,14959.094,14812.237,14703.85,14845.0,14760.28
2026-02-07 22:00:00,14683.593,14529.619,14382.78,14472.0,14460.095
2026-02-07 23:00:00,14310.109,14133.229,13972.224,14129.0,14029.449
2026-02-08 00:00:00,13855.784,13718.925,13667.093,13730.0,13670.3
2026-02-08 01:00:00,13420.385,13264.811,13224.118,13241.0,13191.992
2026-02-08 02:00:00,13114.696,12995.041,12930.077,12985.0,12944.684
2026-02-08 03:00:00,12928.956,12822.355,12770.538,12810.0,12786.879
2026-02-08 04:00:00,12835.534,12741.071,12691.737,12649.0,12715.531
2026-02-08 05:00:00,12865.914,12773.066,12724.76,12672.0,12772.522
2026-02-08 06:00:00,13017.03,12930.866,12871.122,12756.0,12921.028
2026-02-08 07:00:00,13173.885,13106.162,13018.862,12979.0,13088.676
2026-02-08 08:00:00,13452.515,13387.411,13318.544,13143.0,13355.066
2026-02-08 09:00:00,13934.281,13848.743,13815.446,13546.0,13798.629
2026-02-08 10:00:00,14380.906,14298.141,14246.113,14074.0,14229.109
2026-02-08 11:00:00,14680.383,14571.681,14505.107,14402.0,14514.668
2026-02-08 12:00:00,14797.506,14657.376,14577.363,14434.0,14573.885
2026-02-08 13:00:00,14818.453,14606.756,14546.051,14435.0,14554.366
2026-02-08 14:00:00,14797.356,14568.589,14509.172,14415.0,14529.537
2026-02-08 15:00:00,14769.8125,14540.629,14450.432,14291.0,14448.289
2026-02-08 16:00:00,14782.505,14564.99,14489.779,14361.0,14461.6045
2026-02-08 17:00:00,15016.365,14719.227,14560.601,14403.0,14524.973
2026-02-08 18:00:00,15251.512,15006.57,14938.149,14850.0,14951.714
2026-02-08 19:00:00,15256.179,15024.707,14991.247,15009.0,15005.413
2026-02-08 20:00:00,15095.754,14848.126,14786.859,14779.0,14800.389
2026-02-08 21:00:00,14882.187,14644.19,14626.414,14633.0,14626.616
2026-02-08 22:00:00,14570.391,14319.398,14256.739,14344.0,14281.476
2026-02-08 23:00:00,14127.539,13877.554,13833.625,13893.0,13814.128
2026-02-09 00:00:00,13520.064,13578.251,13445.299,13490.0,13509.288
2026-02-09 01:00:00,13083.661,13157.316,12952.907,13087.0,12993.744
2026-02-09 02:00:00,12819.732,12890.415,12719.024,12890.0,12771.329
2026-02-09 03:00:00,12652.465,12752.822,12551.376,12695.0,12620.34
2026-02-09 04:00:00,12575.202,12694.836,12513.2295,12680.0,12564.789
2026-02-09 05:00:00,12652.517,12772.35,12597.211,12747.0,12637.381
2026-02-09 06:00:00,13095.404,13199.527,13038.473,13171.0,13042.551
2026-02-09 07:00:00,13638.834,13733.585,13586.588,13784.0,13605.59
2026-02-09 08:00:00,14308.395,14380.898,14236.332,14430.0,14266.96
2026-02-09 09:00:00,14895.022,14937.407,14893.024,14949.0,14836.093
2026-02-09 10:00:00,15165.039,15185.265,15173.6,15234.0,15116.991
2026-02-09 11:00:00,15219.333,15252.907,15248.802,15301.0,15159.533
2026-02-09 12:00:00,15159.625,15181.169,15193.104,15247.0,15083.17
2026-02-09 13:00:00,15146.842,15159.306,15133.348,15106.0,15047.559
2026-02-09 14:00:00,15093.987,15111.141,15100.911,15177.0,15019.705
2026-02-09 15:00:00,15012.247,15031.364,15068.951,15070.0,14954.382
2026-02-09 16:00:00,14956.647,14983.176,15010.337,14978.0,14891.878
2026-02-09 17:00:00,15078.801,15012.341,14939.813,14916.0,14854.622
2026-02-09 18:00:00,15227.426,15189.257,15146.682,15205.0,15126.956
2026-02-09 19:00:00,15180.284,15149.1455,15137.732,15217.0,15086.039
2026-02-09 20:00:00,14991.017,14951.878,14883.441,14907.0,14846.362
2026-02-09 21:00:00,14769.633,14721.805,14643.441,14721.0,14648.386
2026-02-09 22:00:00,14478.383,14398.737,14307.11,14415.0,14342.677
2026-02-09 23:00:00,13989.896,13917.437,13835.397,13963.0,13817.508
2026-02-10 00:00:00,13652.312,13523.196,13415.675,13498.0,13488.151
2026-02-10 01:00:00,13219.156,13111.412,12931.516,13044.0,13043.89
2026-02-10 02:00:00,12972.787,12835.773,12682.684,12779.0,12805.132
2026-02-10 03:00:00,12827.618,12686.384,12519.082,12599.0,12648.4
2026-02-10 04:00:00,12774.152,12624.966,12469.243,12575.0,12601.46
2026-02-10 05:00:00,12851.335,12704.364,12534.1455,12649.0,12677.447
2026-02-10 06:00:00,13299.404,13115.109,12959.164,13056.0,13072.531
2026-02-10 07:00:00,13824.544,13640.422,13477.96,13571.0,13602.905
2026-02-10 08:00:00,14490.876,14290.528,14095.875,14119.0,14244.148
2026-02-10 09:00:00,15052.185,14877.281,14679.525,14557.0,14817.865
2026-02-10 10:00:00,15297.308,15104.246,14879.376,14934.0,15053.471
2026-02-10 11:00:00,15338.51,15179.559,14925.332,15052.0,15115.662
2026-02-10 12:00:00,15245.544,15106.373,14872.007,14922.0,15000.158
2026-02-10 13:00:00,15214.791,15052.785,14810.013,14901.0,14945.523
2026-02-10 14:00:00,15168.021,15001.141,14778.039,14977.0,14918.618
2026-02-10 15:00:00,15079.828,14922.206,14712.588,14873.0,14829.209
2026-02-10 16:00:00,15002.103,14881.324,14694.804,14754.0,14776.6
2026-02-10 17:00:00,15079.279,14898.982,14698.217,14710.0,14729.547
2026-02-10 18:00:00,15304.653,15146.496,14929.604,15027.0,15054.615
2026-02-10 19:00:00,15284.932,15131.986,14933.792,15102.0,15063.0205
2026-02-10 20:00:00,15103.818,14952.46,14710.106,14812.0,14836.361
2026-02-10 21:00:00,14874.662,14745.309,14491.728,14656.0,14651.075
2026-02-10 22:00:00,14582.6875,14445.511,14180.216,14397.0,14355.817
2026-02-10 23:00:00,14091.017,13956.406,13721.6045,13839.0,13836.685
2026-02-11 00:00:00,13399.018,13451.097,13361.4795,13444.0,13387.222
2026-02-11 01:00:00,12974.524,13051.561,12902.953,13008.0,12953.2705
2026-02-11 02:00:00,12732.968,12796.174,12675.117,12735.0,12747.562
2026-02-11 03:00:00,12573.336,12652.489,12512.129,12663.0,12606.554
2026-02-11 04:00:00,12521.553,12602.211,12483.65,12647.0,12574.335
2026-02-11 05:00:00,12608.487,12701.868,12581.471,12801.0,12668.126
2026-02-11 06:00:00,13028.97,13092.108,13007.352,13164.0,13034.843
2026-02-11 07:00:00,13569.665,13638.729,13571.268,13707.0,13586.519
2026-02-11 08:00:00,14216.303,14304.06,14203.24,14284.0,14226.615
2026-02-11 09:00:00,14769.797,14881.5,14792.759,14727.0,14792.057
2026-02-11 10:00:00,15014.95,15138.131,15022.179,15078.0,15057.736
2026-02-11 11:00:00,15066.897,15223.473,15084.7,15133.0,15129.2
2026-02-11 12:00:00,14983.425,15145.234,15036.994,15046.0,15034.519
2026-02-11 13:00:00,14955.677,15080.638,14976.598,14981.0,14970.363
2026-02-11 14:00:00,14913.229,15032.362,14972.524,15034.0,14961.857
2026-02-11 15:00:00,14826.879,14934.075,14909.893,14905.0,14867.164
2026-02-11 16:00:00,14761.268,14867.884,14870.169,14862.0,14783.755
2026-02-11 17:00:00,14824.365,14889.535,14856.152,14841.0,14743.055
2026-02-11 18:00:00,15060.432,15126.663,15098.795,15086.0,15070.971
2026-02-11 19:00:00,15033.237,15108.355,15105.726,15209.0,15080.949
2026-02-11 20:00:00,14844.8125,14909.273,14842.428,14889.0,14830.072
2026-02-11 21:00:00,14626.826,14689.349,14616.538,14725.0,14631.671
2026-02-11 22:00:00,14330.415,14380.217,14308.237,14420.0,14338.964
2026-02-11 23:00:00,13863.989,13910.578,13854.167,13983.0,13852.566
2026-02-12 00:00:00,13538.147,13607.802,13522.416,13498.0,13543.046
2026-02-12 01:00:00,13120.851,13159.715,13061.657,13035.0,13059.53
2026-02-12 02:00:00,12869.483,12907.044,12799.874,12872.0,12831.961
2026-02-12 03:00:00,12720.437,12772.263,12653.213,12676.0,12700.614
2026-02-12 04:00:00,12668.265,12716.47,12611.619,12654.0,12651.17
2026-02-12 05:00:00,12755.68,12808.159,12700.931,12744.0,12760.817
2026-02-12 06:00:00,13167.301,13188.699,13096.319,13126.0,13123.668
2026-02-12 07:00:00,13703.6,13723.909,13621.65,13610.0,13665.927
2026-02-12 08:00:00,14335.589,14360.298,14221.559,14176.0,14279.135
2026-02-12 09:00:00,14858.147,14902.597,14761.037,14696.0,14800.345
2026-02-12 10:00:00,15116.802,15171.551,15022.52,14981.0,15095.726
2026-02-12 11:00:00,15176.529,15262.806,15084.93,15084.0,15169.202
2026-02-12 12:00:00,15087.791,15175.781,15010.243,14899.0,15059.186
2026-02-12 13:00:00,15059.956,15107.521,14944.767,14817.0,14993.015
2026-02-12 14:00:00,15022.293,15057.072,14931.833,14917.0,14969.843
2026-02-12 15:00:00,14941.989,14972.842,14875.957,14829.0,14878.843
2026-02-12 16:00:00,14855.441,14891.559,14817.03,14764.0,14795.283
2026-02-12 17:00:00,14891.072,14871.817,14788.535,14731.0,14735.5
2026-02-12 18:00:00,15158.785,15176.192,15090.74,15004.0,15116.836
2026-02-12 19:00:00,15136.32,15188.356,15149.213,15101.0,15175.011
2026-02-12 20:00:00,14954.515,15016.691,14918.146,14846.0,14971.458
2026-02-12 21:00:00,14740.467,14820.355,14738.557,14671.0,14809.656
2026-02-12 22:00:00,14447.083,14531.081,14419.705,14423.0,14521.576
2026-02-12 23:00:00,13973.598,14068.754,13972.469,13952.0,14038.887
2026-02-13 00:00:00,13482.871,13623.081,13620.326,13568.0,13633.399
2026-02-13 01:00:00,13066.39,13228.791,13193.008,13115.0,13186.231
2026-02-13 02:00:00,12830.5,12978.496,12959.29,12958.0,12987.124
2026-02-13 03:00:00,12672.099,12835.128,12813.476,12812.0,12849.511
2026-02-13 04:00:00,12628.351,12802.276,12796.867,12832.0,12831.145
2026-02-13 05:00:00,12719.354,12904.645,12912.223,12956.0,12936.707
2026-02-13 06:00:00,13107.187,13283.025,13320.859,13278.0,13298.918
2026-02-13 07:00:00,13635.804,13816.727,13877.041,13824.0,13829.534
2026-02-13 08:00:00,14261.006,14458.256,14515.026,14503.0,14489.684
2026-02-13 09:00:00,14783.336,14993.586,15072.607,15001.0,15001.751
2026-02-13 10:00:00,15057.136,15297.016,15369.776,15350.0,15331.254
2026-02-13 11:00:00,15116.489,15392.266,15466.441,15343.0,15419.858
2026-02-13 12:00:00,15033.594,15330.706,15375.088,15326.0,15334.336
2026-02-13 13:00:00,15009.261,15270.689,15319.648,15207.0,15270.973
2026-02-13 14:00:00,14962.573,15216.115,15315.196,15255.0,15256.423
2026-02-13 15:00:00,14865.527,15117.489,15248.449,15184.0,15149.501
2026-02-13 16:00:00,14790.42,15042.8545,15189.107,15038.0,15068.91
2026-02-13 17:00:00,14855.6,15085.166,15195.114,15083.0,15018.276
2026-02-13 18:00:00,15076.798,15318.887,15497.549,15339.0,15376.925
2026-02-13 19:00:00,15067.825,15327.523,15544.286,15470.0,15436.769
2026-02-13 20:00:00,14838.778,15127.596,15287.18,15215.0,15157.398
2026-02-13 21:00:00,14623.496,14925.794,15095.237,15068.0,14989.727
2026-02-13 22:00:00,14354.97,14668.428,14780.694,14861.0,14715.054
2026-02-13 23:00:00,13964.684,14263.038,14355.912,14398.0,14276.003
2026-02-14 00:00:00,13776.968,13826.564,13908.0,14007.0,13852.889
2026-02-14 01:00:00,13388.745,13429.096,13487.941,13706.0,13409.835
2026-02-14 02:00:00,13120.284,13169.787,13206.776,13365.0,13183.616
2026-02-14 03:00:00,12952.733,13029.681,13075.523,13170.0,13056.335
2026-02-14 04:00:00,12870.381,12941.942,13000.16,13145.0,12977.835
2026-02-14 05:00:00,12903.088,12970.212,13044.259,13151.0,13018.369
2026-02-14 06:00:00,13086.561,13151.956,13222.7295,13300.0,13183.722
2026-02-14 07:00:00,13311.326,13383.286,13417.8125,13592.0,13389.417
2026-02-14 08:00:00,13671.035,13741.404,13794.364,13955.0,13751.448
2026-02-14 09:00:00,14182.246,14262.313,14320.804,14357.0,14237.789
2026-02-14 10:00:00,14658.499,14758.566,14830.1875,14876.0,14780.507
2026-02-14 11:00:00,14896.669,14984.547,15035.439,15121.0,15016.146
2026-02-14 12:00:00,14918.97,14994.061,15050.924,15160.0,14999.776
2026-02-14 13:00:00,14877.398,14916.776,14967.267,15083.0,14916.7705
2026-02-14 14:00:00,14817.433,14857.622,14894.196,14967.0,14869.607
2026-02-14 15:00:00,14748.428,14791.578,14817.401,14915.0,14778.243
2026-02-14 16:00:00,14728.131,14766.95,14826.363,14879.0,14771.692
2026-02-14 17:00:00,14880.064,14904.838,14901.559,14968.0,14818.597
2026-02-14 18:00:00,15185.984,15235.886,15269.452,15204.0,15267.592
2026-02-14 19:00:00,15204.377,15277.167,15360.191,15390.0,15345.391
2026-02-14 20:00:00,14992.6,15094.314,15154.773,15183.0,15091.673
2026-02-14 21:00:00,14775.679,14897.747,14990.336,15023.0,14944.321
2026-02-14 22:00:00,14490.136,14628.707,14675.264,14711.0,14634.578
2026-02-14 23:00:00,14138.44,14260.088,14290.247,14307.0,14256.731
2026-02-15 00:00:00,14085.624,14073.502,14044.97,13961.0,14034.722
2026-02-15 01:00:00,13666.995,13668.08,13642.239,13613.0,13613.169
2026-02-15 02:00:00,13375.404,13375.455,13355.624,13335.0,13335.429
2026-02-15 03:00:00,13177.811,13189.684,13188.869,13151.0,13173.312
2026-02-15 04:00:00,13069.547,13098.622,13111.728,13183.0,13105.103
2026-02-15 05:00:00,13084.234,13131.581,13155.623,13149.0,13156.268
2026-02-15 06:00:00,13213.639,13286.965,13293.886,13331.0,13292.556
2026-02-15 07:00:00,13385.668,13470.479,13490.654,13545.0,13487.379
2026-02-15 08:00:00,13648.631,13740.193,13762.586,13774.0,13755.874
2026-02-15 09:00:00,14095.677,14190.783,14221.811,14256.0,14181.308
2026-02-15 10:00:00,14564.105,14666.88,14696.312,14824.0,14709.619
2026-02-15 11:00:00,14862.365,14924.744,14957.602,15027.0,14984.241
2026-02-15 12:00:00,14954.599,14988.604,14993.424,15061.0,15038.87
2026-02-15 13:00:00,14935.816,14902.271,14916.846,14848.0,14969.279
2026-02-15 14:00:00,14892.397,14822.35,14843.03,14821.0,14918.543
2026-02-15 15:00:00,14850.789,14713.918,14730.177,14732.0,14812.303
2026-02-15 16:00:00,14853.936,14677.871,14740.335,14694.0,14785.812
2026-02-15 17:00:00,14993.254,14750.23,14738.516,14780.0,14795.837
2026-02-15 18:00:00,15360.245,15162.248,15133.512,15058.0,15243.631
2026-02-15 19:00:00,15416.449,15251.428,15296.297,15329.0,15396.208
2026-02-15 20:00:00,15247.966,15100.673,15113.574,15200.0,15197.169
2026-02-15 21:00:00,15043.967,14924.6875,14969.995,15020.0,15038.97
2026-02-15 22:00:00,14745.705,14637.205,14633.707,14695.0,14709.24
2026-02-15 23:00:00,14323.069,14188.956,14201.52,14211.0,14238.15
2026-02-16 00:00:00,13966.658,13868.75,13882.461,13830.0,13856.362
2026-02-16 01:00:00,13561.446,13437.557,13408.189,13384.0,13385.656
2026-02-16 02:00:00,13337.622,13204.63,13186.376,13154.0,13169.33
2026-02-16 03:00:00,13152.509,13047.498,13037.167,12949.0,13005.675
2026-02-16 04:00:00,13083.83,12996.121,13028.156,12966.0,12977.163
2026-02-16 05:00:00,13167.498,13058.549,13113.051,13035.0,13061.18
2026-02-16 06:00:00,13607.534,13462.832,13495.854,13396.0,13441.939
2026-02-16 07:00:00,14158.666,14015.484,14039.094,13939.0,14032.933
2026-02-16 08:00:00,14794.099,14642.198,14644.587,14549.0,14678.588
2026-02-16 09:00:00,15296.918,15134.784,15187.12,14996.0,15172.523
2026-02-16 10:00:00,15569.659,15414.046,15469.137,15457.0,15485.35
2026-02-16 11:00:00,15625.143,15481.722,15557.977,15504.0,15529.451
2026-02-16 12:00:00,15539.207,15413.753,15449.818,15331.0,15417.668
2026-02-16 13:00:00,15516.546,15336.636,15375.03,15212.0,15368.78
2026-02-16 14:00:00,15481.381,15311.772,15359.085,15271.0,15379.701
2026-02-16 15:00:00,15380.357,15219.992,15291.43,15168.0,15291.9
2026-02-16 16:00:00,15272.928,15124.4375,15200.0205,15036.0,15196.032
2026-02-16 17:00:00,15302.39,15069.928,15125.325,14938.0,15101.78
2026-02-16 18:00:00,15528.859,15336.17,15361.46,15094.0,15417.329
2026-02-16 19:00:00,15529.0625,15359.051,15431.62,15335.0,15477.351
2026-02-16 20:00:00,15340.811,15189.065,15224.225,15116.0,15268.324
2026-02-16 21:00:00,15120.243,14982.654,15028.003,14856.0,15056.547
2026-02-16 22:00:00,14829.931,14692.691,14699.007,14555.0,14721.799
2026-02-16 23:00:00,14379.333,14222.281,14244.759,14027.0,14208.537
2026-02-17 00:00:00,13763.502,13786.712,13820.326,13576.0,13733.26
2026-02-17 01:00:00,13364.675,13388.935,13377.542,13162.0,13257.59
2026-02-17 02:00:00,13132.015,13147.082,13133.122,12977.0,13039.541
2026-02-17 03:00:00,12977.03,12977.258,12975.381,12848.0,12878.705
2026-02-17 04:00:00,12933.941,12942.054,12966.248,12784.0,12877.219
2026-02-17 05:00:00,13015.012,13037.645,13074.583,12932.0,12983.813
2026-02-17 06:00:00,13419.183,13431.064,13462.07,13237.0,13336.118
2026-02-17 07:00:00,13943.982,13942.134,13971.69,13765.0,13854.403
2026-02-17 08:00:00,14579.734,14575.4795,14565.991,14341.0,14483.587
2026-02-17 09:00:00,15078.423,15049.99,15046.084,14823.0,14970.354
2026-02-17 10:00:00,15359.102,15306.522,15298.604,15231.0,15253.797
2026-02-17 11:00:00,15410.614,15376.743,15358.957,15242.0,15299.138
2026-02-17 12:00:00,15304.392,15290.714,15261.292,15057.0,15187.328
2026-02-17 13:00:00,15263.952,15198.44,15173.889,14970.0,15094.201
2026-02-17 14:00:00,15235.878,15138.798,15139.602,15061.0,15075.211
2026-02-17 15:00:00,15136.396,15022.058,15055.352,14893.0,14965.278
2026-02-17 16:00:00,15026.744,14921.319,14965.04,14785.0,14864.289
2026-02-17 17:00:00,15046.385,14877.133,14891.028,14687.0,14769.107
2026-02-17 18:00:00,15324.195,15172.311,15103.837,14882.0,15065.259
2026-02-17 19:00:00,15360.0625,15244.955,15230.479,15168.0,15204.164
2026-02-17 20:00:00,15187.436,15077.241,15039.466,14968.0,15018.621
2026-02-17 21:00:00,14962.947,14859.494,14841.996,14804.0,14826.202
2026-02-17 22:00:00,14671.384,14566.566,14519.703,14544.0,14535.974
2026-02-17 23:00:00,14203.396,14081.805,14059.47,14010.0,14014.572
2026-02-18 00:00:00,13556.784,13594.794,13580.86,13673.0,13530.371
2026-02-18 01:00:00,13164.973,13164.397,13159.882,13161.0,13067.456
2026-02-18 02:00:00,12951.519,12950.827,12934.3545,12986.0,12864.14
2026-02-18 03:00:00,12798.888,12796.755,12781.568,12826.0,12735.051
2026-02-18 04:00:00,12763.576,12756.4795,12752.662,12902.0,12726.262
2026-02-18 05:00:00,12857.578,12851.673,12836.529,13008.0,12824.8545
2026-02-18 06:00:00,13238.81,13224.701,13201.901,13371.0,13162.258
2026-02-18 07:00:00,13767.6455,13779.191,13748.287,13933.0,13723.892
2026-02-18 08:00:00,14370.768,14387.735,14315.01,14549.0,14300.868
2026-02-18 09:00:00,14859.614,14853.508,14794.191,15017.0,14763.767
2026-02-18 10:00:00,15143.568,15136.877,15064.608,15402.0,15095.724
2026-02-18 11:00:00,15198.139,15203.589,15125.772,15373.0,15153.668
2026-02-18 12:00:00,15092.559,15092.918,15024.398,15247.0,15020.307
2026-02-18 13:00:00,15055.867,15006.535,14942.794,15040.0,14928.91
2026-02-18 14:00:00,15041.262,14975.903,14944.27,15116.0,14930.981
2026-02-18 15:00:00,14946.227,14867.654,14861.529,15037.0,14817.533
2026-02-18 16:00:00,14842.583,14726.221,14782.964,14876.0,14698.01
2026-02-18 17:00:00,14858.227,14725.692,14724.841,14771.0,14648.116
2026-02-18 18:00:00,15134.921,15046.59,14961.5,14944.0,14929.787
2026-02-18 19:00:00,15179.807,15144.0,15139.701,15225.0,15131.22
2026-02-18 20:00:00,15002.105,14972.085,14966.659,15058.0,14949.915
2026-02-18 21:00:00,14780.555,14759.284,14747.938,14860.0,14751.664
2026-02-18 22:00:00,14485.939,14459.141,14431.085,14592.0,14436.31
2026-02-18 23:00:00,14027.381,13993.688,13978.74,14125.0,13934.021
2026-02-19 00:00:00,13745.133,13716.911,13639.834,13781.0,13655.105
2026-02-19 01:00:00,13329.97,13334.056,13201.926,13303.0,13227.092
2026-02-19 02:00:00,13113.765,13124.83,12979.69,13032.0,13033.331
2026-02-19 03:00:00,12968.761,12989.845,12840.016,12909.0,12917.059
2026-02-19 04:00:00,12932.18,12965.941,12834.374,12891.0,12922.658
2026-02-19 05:00:00,13022.623,13059.243,12939.278,13026.0,13031.839
2026-02-19 06:00:00,13404.968,13419.766,13310.024,13424.0,13363.171
2026-02-19 07:00:00,13946.794,13952.702,13859.719,13876.0,13916.181
2026-02-19 08:00:00,14572.898,14575.1,14457.309,14576.0,14530.635
2026-02-19 09:00:00,15065.413,15056.986,14963.618,15023.0,15024.667
2026-02-19 10:00:00,15354.367,15350.065,15249.552,15341.0,15341.642
2026-02-19 11:00:00,15413.349,15421.366,15320.582,15368.0,15391.217
2026-02-19 12:00:00,15274.204,15295.8545,15216.493,15363.0,15243.704
2026-02-19 13:00:00,15226.295,15207.945,15135.893,15235.0,15156.012
2026-02-19 14:00:00,15201.302,15173.8955,15142.537,15310.0,15153.007
2026-02-19 15:00:00,15105.36,15090.577,15065.523,15215.0,15037.852
2026-02-19 16:00:00,14986.995,14972.691,14965.311,15086.0,14904.1875
2026-02-19 17:00:00,14972.965,14912.478,14902.152,14956.0,14812.024
2026-02-19 18:00:00,15248.613,15182.819,15077.776,15084.0,15053.934
2026-02-19 19:00:00,15321.921,15265.445,15253.526,15309.0,15226.697
2026-02-19 20:00:00,15163.524,15110.61,15087.316,15052.0,15045.418
2026-02-19 21:00:00,14939.467,14894.793,14870.407,14845.0,14861.035
2026-02-19 22:00:00,14647.106,14593.69,14533.162,14560.0,14570.726
2026-02-19 23:00:00,14188.104,14124.547,14050.614,14125.0,14048.357
2026-02-20 00:00:00,13779.781,13710.046,13677.988,13695.0,13684.018
2026-02-20 01:00:00,13360.4,13266.432,13200.508,13256.0,13217.952
2026-02-20 02:00:00,13122.959,13039.955,12943.211,13032.0,13002.103
2026-02-20 03:00:00,12975.349,12892.714,12783.154,12825.0,12842.905
2026-02-20 04:00:00,12943.189,12853.024,12758.311,12786.0,12819.776
2026-02-20 05:00:00,13037.089,12934.84,12833.108,12974.0,12914.386
2026-02-20 06:00:00,13417.47,13306.881,13209.217,13260.0,13270.439
2026-02-20 07:00:00,13938.703,13820.295,13741.344,13702.0,13775.587
2026-02-20 08:00:00,14584.555,14436.634,14332.5625,14335.0,14370.606
2026-02-20 09:00:00,15077.525,14905.387,14859.156,14804.0,14844.044
2026-02-20 10:00:00,15385.367,15212.705,15153.634,15177.0,15189.094
2026-02-20 11:00:00,15432.715,15277.73,15218.512,15208.0,15246.268
2026-02-20 12:00:00,15304.828,15187.075,15119.915,15086.0,15117.782
2026-02-20 13:00:00,15242.415,15125.096,15041.605,15025.0,15040.814
2026-02-20 14:00:00,15212.045,15111.251,15052.007,15119.0,15058.677
2026-02-20 15:00:00,15104.128,15004.611,14978.061,14988.0,14932.264
2026-02-20 16:00:00,14974.189,14885.329,14881.832,14816.0,14826.517
2026-02-20 17:00:00,15020.512,14877.258,14846.285,14740.0,14798.4
2026-02-20 18:00:00,15274.821,15097.268,14985.926,14868.0,15002.196
2026-02-20 19:00:00,15356.902,15148.44,15123.248,15050.0,15151.123
2026-02-20 20:00:00,15151.108,14926.152,14925.075,14836.0,14908.289
2026-02-20 21:00:00,14931.095,14701.398,14681.443,14682.0,14710.019
2026-02-20 22:00:00,14669.964,14423.719,14380.539,14466.0,14461.915
2026-02-20 23:00:00,14278.49,14022.539,13948.41,14017.0,14036.7295
2026-02-21 00:00:00,13674.722,13587.111,13519.402,13611.0,13598.573
2026-02-21 01:00:00,13303.861,13181.5,13202.617,13236.0,13190.743
2026-02-21 02:00:00,13011.993,12886.598,12900.244,12920.0,12928.635
2026-02-21 03:00:00,12847.141,12712.1,12729.8,12802.0,12764.029
2026-02-21 04:00:00,12776.983,12628.551,12643.313,12692.0,12704.555
2026-02-21 05:00:00,12810.175,12671.887,12645.317,12666.0,12747.244
2026-02-21 06:00:00,12963.38,12826.608,12806.862,12862.0,12884.522
2026-02-21 07:00:00,13209.075,13057.442,13016.152,13166.0,13103.533
2026-02-21 08:00:00,13569.892,13413.601,13378.5625,13428.0,13441.28
2026-02-21 09:00:00,14051.828,13875.153,13873.579,13859.0,13882.657
2026-02-21 10:00:00,14532.79,14359.876,14343.267,14398.0,14391.843
2026-02-21 11:00:00,14734.61,14548.63,14511.975,14519.0,14587.747
2026-02-21 12:00:00,14767.46,14562.944,14513.698,14410.0,14580.56
2026-02-21 13:00:00,14698.896,14451.282,14430.021,14311.0,14470.069
2026-02-21 14:00:00,14643.361,14358.414,14369.398,14261.0,14388.577
2026-02-21 15:00:00,14587.645,14249.999,14266.16,14200.0,14293.737
2026-02-21 16:00:00,14544.486,14216.365,14268.936,14193.0,14255.021
2026-02-21 17:00:00,14666.896,14262.038,14242.465,14201.0,14241.092
2026-02-21 18:00:00,14959.975,14524.24,14460.842,14414.0,14479.017
2026-02-21 19:00:00,15029.814,14647.337,14617.923,14617.0,14660.63
2026-02-21 20:00:00,14866.102,14460.761,14437.639,14387.0,14492.789
2026-02-21 21:00:00,14653.292,14271.516,14280.593,14262.0,14335.326
2026-02-21 22:00:00,14351.441,13949.41,13987.947,14003.0,14037.205
2026-02-21 23:00:00,14000.668,13559.966,13595.791,13568.0,13654.814
2026-02-22 00:00:00,13577.897,13337.472,13230.896,13226.0,13295.469
2026-02-22 01:00:00,13178.59,12929.311,12874.952,12805.0,12852.903
2026-02-22 02:00:00,12872.863,12669.034,12605.236,12561.0,12593.004
2026-02-22 03:00:00,12695.692,12516.776,12438.4,12370.0,12432.032
2026-02-22 04:00:00,12606.443,12446.386,12343.74,12234.0,12352.963
2026-02-22 05:00:00,12625.675,12475.257,12300.092,12298.0,12372.822
2026-02-22 06:00:00,12744.305,12581.714,12420.945,12452.0,12488.796
2026-02-22 07:00:00,12914.246,12747.067,12584.548,12552.0,12678.517
2026-02-22 08:00:00,13131.185,12983.227,12846.756,12836.0,12933.906
2026-02-22 09:00:00,13533.207,13377.78,13255.643,13192.0,13331.607
2026-02-22 10:00:00,14007.39,13840.447,13689.739,13727.0,13743.88
2026-02-22 11:00:00,14321.931,14142.222,13965.533,13910.0,14031.212
2026-02-22 12:00:00,14381.044,14202.551,14034.988,14008.0,14100.741
2026-02-22 13:00:00,14336.494,14166.912,14020.494,13938.0,14102.687
2026-02-22 14:00:00,14316.43,14132.626,14042.993,13923.0,14116.297
2026-02-22 15:00:00,14264.425,14084.772,13971.321,13876.0,14058.491
2026-02-22 16:00:00,14256.609,14111.68,14024.192,13921.0,14070.948
2026-02-22 17:00:00,14372.32,14199.207,14063.45,13978.0,14100.545
2026-02-22 18:00:00,14706.482,14485.107,14292.646,14219.0,14337.152
2026-02-22 19:00:00,14875.112,14605.27,14411.567,14430.0,14499.311
2026-02-22 20:00:00,14751.407,14440.759,14263.712,14286.0,14334.226
2026-02-22 21:00:00,14569.541,14245.833,14117.889,14100.0,14192.818
2026-02-22 22:00:00,14241.678,13950.525,13814.262,13839.0,13916.492
2026-02-22 23:00:00,13819.811,13548.411,13369.748,13504.0,13485.242
2026-02-23 00:00:00,13074.254,13098.268,13038.283,13179.0,12954.939
2026-02-23 01:00:00,12662.145,12699.594,12780.42,12690.0,12515.085
2026-02-23 02:00:00,12448.645,12463.15,12509.664,12469.0,12251.29
2026-02-23 03:00:00,12284.823,12267.945,12372.112,12372.0,12074.014
2026-02-23 04:00:00,12216.009,12198.174,12253.939,12196.0,12000.445
2026-02-23 05:00:00,12304.275,12251.932,12246.957,12265.0,12072.793
2026-02-23 06:00:00,12697.259,12533.695,12388.846,12381.0,12339.676
2026-02-23 07:00:00,13245.432,12932.399,12576.682,12596.0,12739.836
2026-02-23 08:00:00,13846.393,13436.703,12870.979,12779.0,13221.379
2026-02-23 09:00:00,14333.469,13903.918,13317.857,13281.0,13666.106
2026-02-23 10:00:00,14633.543,14267.08,13820.814,13735.0,14057.584
2026-02-23 11:00:00,14680.728,14337.192,13995.023,13933.0,14158.174
2026-02-23 12:00:00,14574.099,14257.184,13994.118,13979.0,14059.4
2026-02-23 13:00:00,14522.658,14178.168,13929.323,13835.0,13974.244
2026-02-23 14:00:00,14524.593,14121.02,13912.119,13834.0,13967.136
2026-02-23 15:00:00,14468.871,14025.737,13826.342,13696.0,13879.514
2026-02-23 16:00:00,14336.397,13958.193,13806.149,13640.0,13794.663
2026-02-23 17:00:00,14314.021,13919.615,13777.73,13718.0,13656.423
2026-02-23 18:00:00,14523.917,14178.925,14002.946,13914.0,13865.575
2026-02-23 19:00:00,14643.281,14333.149,14156.467,14239.0,14078.193
2026-02-23 20:00:00,14457.491,14158.173,14017.433,14104.0,13887.2
2026-02-23 21:00:00,14245.219,13969.553,13890.405,14010.0,13750.751
2026-02-23 22:00:00,13956.411,13696.525,13606.768,13719.0,13493.976
2026-02-23 23:00:00,13519.935,13308.845,13216.234,13279.0,13092.303
2026-02-24 00:00:00,13162.247,13138.312,12855.377,13037.0,12900.142
2026-02-24 01:00:00,12706.822,12663.491,12423.097,12613.0,12413.973
2026-02-24 02:00:00,12501.115,12484.029,12205.265,12350.0,12269.912
2026-02-24 03:00:00,12323.124,12334.344,12076.413,12235.0,12131.26
2026-02-24 04:00:00,12238.801,12290.227,12034.707,12253.0,12099.84
2026-02-24 05:00:00,12229.876,12381.684,12136.317,12351.0,12206.196
2026-02-24 06:00:00,12380.137,12705.671,12508.794,12834.0,12559.692
2026-02-24 07:00:00,12652.33,13218.3545,13086.139,13279.0,13123.114
2026-02-24 08:00:00,13021.7295,13765.866,13658.001,13799.0,13724.432
2026-02-24 09:00:00,13464.114,14234.854,14177.36,14375.0,14209.298
2026-02-24 10:00:00,13864.652,14519.54,14475.585,14698.0,14533.481
2026-02-24 11:00:00,14025.009,14593.694,14510.158,14758.0,14587.19
2026-02-24 12:00:00,14050.425,14561.757,14427.75,14599.0,14518.46
2026-02-24 13:00:00,14056.176,14498.821,14355.537,14466.0,14459.52
2026-02-24 14:00:00,14074.445,14463.445,14381.679,14510.0,14464.952
2026-02-24 15:00:00,14063.209,14405.92,14326.65,14391.0,14380.3955
2026-02-24 16:00:00,14082.186,14354.696,14242.673,14296.0,14308.6875
2026-02-24 17:00:00,14131.34,14306.272,14177.687,14206.0,14278.638
2026-02-24 18:00:00,14376.573,14526.098,14310.255,14349.0,14429.925
2026-02-24 19:00:00,14498.972,14691.662,14507.246,14605.0,14614.243
2026-02-24 20:00:00,14359.553,14548.972,14353.0205,14423.0,14456.881
2026-02-24 21:00:00,14166.994,14379.757,14167.861,14256.0,14283.503
2026-02-24 22:00:00,13882.825,14103.002,13876.132,14025.0,13993.26
2026-02-24 23:00:00,13510.543,13646.22,13403.458,13509.0,13485.197
2026-02-25 00:00:00,13149.115,13203.383,13062.804,13154.0,13201.718
2026-02-25 01:00:00,12700.835,12775.492,12706.156,12795.0,12726.919
2026-02-25 02:00:00,12488.538,12574.596,12432.155,12512.0,12517.303
2026-02-25 03:00:00,12359.454,12437.909,12295.098,12406.0,12375.19
2026-02-25 04:00:00,12310.123,12408.096,12246.938,12379.0,12368.725
2026-02-25 05:00:00,12401.879,12521.336,12357.049,12566.0,12497.703
2026-02-25 06:00:00,12769.009,12879.674,12754.26,12877.0,12851.222
2026-02-25 07:00:00,13264.496,13374.737,13299.279,13466.0,13354.869
2026-02-25 08:00:00,13822.303,13933.867,13858.655,13940.0,13928.271
2026-02-25 09:00:00,14301.033,14392.697,14304.189,14548.0,14403.975
2026-02-25 10:00:00,14597.282,14726.303,14580.695,14853.0,14752.0
2026-02-25 11:00:00,14635.234,14777.095,14607.992,14818.0,14786.78
2026-02-25 12:00:00,14520.57,14657.32,14499.524,14581.0,14658.134
2026-02-25 13:00:00,14458.957,14527.627,14408.611,14415.0,14529.471
2026-02-25 14:00:00,14457.538,14492.295,14413.624,14438.0,14529.546
2026-02-25 15:00:00,14380.77,14388.137,14355.279,14384.0,14426.202
2026-02-25 16:00:00,14246.863,14247.181,14253.812,14225.0,14307.675
2026-02-25 17:00:00,14201.231,14172.376,14165.798,14108.0,14179.73
2026-02-25 18:00:00,14408.312,14424.747,14298.307,14328.0,14353.705
2026-02-25 19:00:00,14554.47,14682.244,14563.034,14664.0,14649.463
2026-02-25 20:00:00,14396.798,14545.959,14446.4795,14494.0,14554.409
2026-02-25 21:00:00,14196.012,14389.195,14299.313,14419.0,14405.211
2026-02-25 22:00:00,13919.023,14097.575,14001.531,14195.0,14129.065
2026-02-25 23:00:00,13495.341,13663.746,13558.896,13672.0,13649.78
2026-02-26 00:00:00,13260.73,13358.713,13194.383,13290.0,13315.558
2026-02-26 01:00:00,12852.525,12943.704,12795.393,12868.0,12830.573
2026-02-26 02:00:00,12615.98,12712.581,12533.026,12633.0,12572.816
2026-02-26 03:00:00,12468.826,12555.481,12371.887,12507.0,12417.062
2026-02-26 04:00:00,12426.7295,12527.199,12331.468,12412.0,12412.536
2026-02-26 05:00:00,12538.818,12634.671,12418.79,12642.0,12547.14
2026-02-26 06:00:00,12883.694,12948.475,12798.861,12965.0,12869.505
2026-02-26 07:00:00,13410.256,13437.261,13336.996,13468.0,13361.698
2026-02-26 08:00:00,13973.248,13977.584,13877.221,13970.0,13914.543
2026-02-26 09:00:00,14470.567,14452.377,14349.431,14484.0,14399.427
2026-02-26 10:00:00,14765.848,14762.33,14636.298,14729.0,14735.923
2026-02-26 11:00:00,14807.807,14814.59,14694.55,14795.0,14795.762
2026-02-26 12:00:00,14672.359,14729.379,14621.142,14553.0,14696.615
2026-02-26 13:00:00,14615.427,14670.605,14559.804,14501.0,14637.831
2026-02-26 14:00:00,14608.314,14673.199,14597.607,14684.0,14662.011
2026-02-26 15:00:00,14534.218,14577.425,14525.328,14579.0,14552.079
2026-02-26 16:00:00,14385.836,14404.492,14433.15,14512.0,14392.676
2026-02-26 17:00:00,14325.122,14294.684,14298.3125,14398.0,14244.033
2026-02-26 18:00:00,14537.798,14474.521,14406.006,14539.0,14388.529
2026-02-26 19:00:00,14697.5625,14648.065,14600.937,14711.0,14575.625
2026-02-26 20:00:00,14543.39,14500.723,14433.953,14519.0,14422.104
2026-02-26 21:00:00,14355.493,14309.898,14245.081,14293.0,14233.505
2026-02-26 22:00:00,14069.769,14009.132,13951.77,14033.0,13958.983
2026-02-26 23:00:00,13635.781,13572.172,13465.493,13512.0,13482.3125
2026-02-27 00:00:00,13331.262,13153.859,13039.535,13153.0,13129.8125
2026-02-27 01:00:00,12905.86,12664.521,12642.605,12663.0,12628.058
2026-02-27 02:00:00,12662.826,12439.036,12381.74,12358.0,12368.078
2026-02-27 03:00:00,12512.79,12258.123,12196.304,12171.0,12201.208
2026-02-27 04:00:00,12467.437,12171.482,12127.873,12205.0,12140.171
2026-02-27 05:00:00,12602.266,12270.809,12191.916,12230.0,12262.963
2026-02-27 06:00:00,12934.144,12582.532,12542.908,12562.0,12544.298
2026-02-27 07:00:00,13447.387,13061.898,13057.661,12987.0,13031.544
2026-02-27 08:00:00,14019.878,13597.345,13593.339,13396.0,13571.26
2026-02-27 09:00:00,14548.666,14111.702,14118.2295,13925.0,14115.526
2026-02-27 10:00:00,14842.105,14389.232,14400.965,14224.0,14403.646
2026-02-27 11:00:00,14863.434,14421.484,14448.911,14348.0,14448.592
2026-02-27 12:00:00,14708.4795,14336.071,14383.02,14167.0,14384.422
2026-02-27 13:00:00,14631.399,14275.317,14315.247,14170.0,14337.16
2026-02-27 14:00:00,14611.225,14230.655,14327.201,14265.0,14342.851
2026-02-27 15:00:00,14554.5205,14131.183,14258.613,14146.0,14265.882
2026-02-27 16:00:00,14396.983,14020.145,14178.476,13973.0,14172.668
2026-02-27 17:00:00,14347.925,13933.835,14040.075,13893.0,14054.63
2026-02-27 18:00:00,14535.994,14078.656,14145.63,13947.0,14156.883
2026-02-27 19:00:00,14699.093,14184.668,14278.994,14188.0,14293.014
2026-02-27 20:00:00,14565.101,14013.853,14108.242,13921.0,14080.283
2026-02-27 21:00:00,14411.308,13855.696,13971.247,13776.0,13965.871
2026-02-27 22:00:00,14177.477,13615.881,13724.913,13492.0,13758.404
2026-02-27 23:00:00,13796.673,13260.093,13288.314,13111.0,13367.166
2026-02-28 00:00:00,12955.355,12787.353,12842.889,12750.0,12840.149
2026-02-28 01:00:00,12603.05,12295.092,12493.296,12325.0,12358.732
2026-02-28 02:00:00,12316.763,12036.175,12198.053,12071.0,12098.137
2026-02-28 03:00:00,12150.441,11853.894,12027.876,11921.0,11920.837
2026-02-28 04:00:00,12062.777,11741.732,11920.209,11814.0,11805.476
2026-02-28 05:00:00,12098.132,11739.819,11915.409,11815.0,11837.68
2026-02-28 06:00:00,12258.442,11856.895,12070.392,11930.0,11954.394
2026-02-28 07:00:00,12495.194,12072.455,12263.013,12112.0,12175.217
2026-02-28 08:00:00,12798.227,12386.162,12586.38,12327.0,12490.237
2026-02-28 09:00:00,13259.984,12850.548,13028.455,12764.0,12948.136
2026-02-28 10:00:00,13716.906,13260.133,13528.85,13232.0,13379.35
2026-02-28 11:00:00,13905.753,13468.279,13737.807,13416.0,13600.395
2026-02-28 12:00:00,13920.636,13513.523,13781.069,13478.0,13637.336
2026-02-28 13:00:00,13866.907,13494.001,13716.849,13431.0,13598.947
2026-02-28 14:00:00,13811.871,13480.453,13690.563,13427.0,13569.772
2026-02-28 15:00:00,13761.514,13463.842,13635.873,13364.0,13540.379
2026-02-28 16:00:00,13748.67,13497.11,13657.455,13328.0,13556.912
2026-02-28 17:00:00,13809.55,13517.109,13689.236,13399.0,13598.93
2026-02-28 18:00:00,14062.459,13680.322,13848.285,13508.0,13734.882
2026-02-28 19:00:00,14211.24,13732.767,13949.419,13756.0,13849.568
2026-02-28 20:00:00,14071.294,13549.671,13779.143,13612.0,13648.048
2026-02-28 21:00:00,13897.754,13387.718,13620.482,13457.0,13517.833
2026-02-28 22:00:00,13630.372,13125.528,13368.783,13182.0,13286.486
2026-02-28 23:00:00,13286.113,12792.479,12963.904,12780.0,12899.63
2026-03-01 00:00:00,12547.236,12518.119,12427.753,12444.0,12448.02
2026-03-01 01:00:00,12154.348,12072.298,12165.004,11986.0,12032.498
2026-03-01 02:00:00,11902.802,11853.174,11893.328,11691.0,11775.601
2026-03-01 03:00:00,11743.697,11687.388,11694.866,11494.0,11592.758
2026-03-01 04:00:00,11660.5625,11568.506,11579.17,11387.0,11478.186
2026-03-01 05:00:00,11669.589,11588.853,11563.18,11433.0,11534.2295
2026-03-01 06:00:00,11770.945,11715.158,11665.851,11492.0,11647.139
2026-03-01 07:00:00,11918.434,11899.11,11841.111,11713.0,11824.53
2026-03-01 08:00:00,12151.004,12152.862,12121.718,11834.0,12076.443
2026-03-01 09:00:00,12555.942,12546.662,12586.699,12280.0,12480.935
2026-03-01 10:00:00,13009.217,12983.458,13091.826,12755.0,12907.042
2026-03-01 11:00:00,13234.92,13205.813,13331.174,13055.0,13153.752
2026-03-01 12:00:00,13306.8955,13270.957,13399.057,13122.0,13219.081
2026-03-01 13:00:00,13271.792,13274.836,13393.164,13118.0,13219.475
2026-03-01 14:00:00,13261.25,13315.508,13425.665,13161.0,13230.872
2026-03-01 15:00:00,13230.272,13319.225,13390.933,13129.0,13201.677
2026-03-01 16:00:00,13246.19,13345.116,13393.442,13137.0,13208.845
2026-03-01 17:00:00,13310.998,13387.059,13354.641,13231.0,13247.86
2026-03-01 18:00:00,13587.069,13559.772,13528.0625,13447.0,13417.061
2026-03-01 19:00:00,13762.399,13670.138,13707.791,13666.0,13606.1045
2026-03-01 20:00:00,13651.298,13515.013,13573.627,13498.0,13450.883
2026-03-01 21:00:00,13489.305,13367.443,13394.365,13417.0,13314.162
2026-03-01 22:00:00,13223.942,13095.947,13101.073,13053.0,13045.597
2026-03-01 23:00:00,12857.294,12723.442,12674.076,12594.0,12645.03
2026-03-02 00:00:00,12235.334,12345.739,12191.791,12180.0,12341.929
2026-03-02 01:00:00,11854.651,11960.274,11802.121,11831.0,11888.994
2026-03-02 02:00:00,11620.462,11751.09,11551.072,11553.0,11671.739
2026-03-02 03:00:00,11480.256,11598.081,11360.345,11422.0,11502.642
2026-03-02 04:00:00,11397.66,11514.134,11288.189,11392.0,11427.955
2026-03-02 05:00:00,11472.207,11603.123,11367.844,11450.0,11508.566
2026-03-02 06:00:00,11791.384,11928.88,11754.235,11893.0,11848.803
2026-03-02 07:00:00,12270.0625,12417.068,12356.645,12349.0,12357.397
2026-03-02 08:00:00,12793.395,12972.711,12908.012,12734.0,12888.972
2026-03-02 09:00:00,13330.737,13487.3545,13499.45,13335.0,13432.545
2026-03-02 10:00:00,13625.414,13806.282,13811.971,13586.0,13747.485
2026-03-02 11:00:00,13681.399,13908.943,13904.553,13699.0,13859.739
2026-03-02 12:00:00,13590.597,13880.419,13858.022,13691.0,13802.3
2026-03-02 13:00:00,13540.447,13861.781,13836.588,13648.0,13811.188
2026-03-02 14:00:00,13546.208,13856.287,13887.094,13602.0,13855.817
2026-03-02 15:00:00,13490.152,13787.802,13851.173,13634.0,13810.428
2026-03-02 16:00:00,13405.039,13711.9795,13767.919,13580.0,13738.156
2026-03-02 17:00:00,13355.376,13701.965,13644.411,13520.0,13720.001
2026-03-02 18:00:00,13536.877,13861.297,13721.598,13594.0,13830.326
2026-03-02 19:00:00,13685.35,13970.844,13869.084,13868.0,13960.337
2026-03-02 20:00:00,13539.157,13820.696,13695.547,13637.0,13769.319
2026-03-02 21:00:00,13362.798,13660.125,13494.937,13511.0,13598.278
2026-03-02 22:00:00,13095.655,13384.419,13212.466,13262.0,13328.576
2026-03-02 23:00:00,12656.401,12969.176,12741.651,12792.0,12852.061
2026-03-03 00:00:00,12210.077,12480.313,12330.128,12280.0,12409.7295
2026-03-03 01:00:00,11859.072,12067.853,11934.395,11903.0,11975.698
2026-03-03 02:00:00,11625.196,11851.869,11637.243,11756.0,11736.598
2026-03-03 03:00:00,11483.9,11728.33,11439.444,11577.0,11582.523
2026-03-03 04:00:00,11416.301,11669.593,11389.554,11553.0,11571.66
2026-03-03 05:00:00,11521.966,11790.095,11479.785,11683.0,11702.414
2026-03-03 06:00:00,11866.019,12112.624,11858.328,12114.0,12026.663
2026-03-03 07:00:00,12344.336,12561.41,12424.432,12544.0,12484.735
2026-03-03 08:00:00,12843.793,13035.862,12914.436,12985.0,12941.998
2026-03-03 09:00:00,13384.602,13542.705,13496.909,13524.0,13507.126
2026-03-03 10:00:00,13673.579,13857.493,13795.543,13698.0,13827.329
2026-03-03 11:00:00,13709.097,13909.635,13846.015,13790.0,13904.17
2026-03-03 12:00:00,13558.637,13775.459,13742.916,13586.0,13751.705
2026-03-03 13:00:00,13497.873,13669.832,13658.964,13579.0,13662.538
2026-03-03 14:00:00,13505.567,13667.773,13704.078,13562.0,13711.76
2026-03-03 15:00:00,13437.107,13587.602,13665.788,13540.0,13638.868
2026-03-03 16:00:00,13326.049,13463.914,13547.872,13548.0,13514.792
2026-03-03 17:00:00,13303.554,13400.917,13437.075,13433.0,13393.246
2026-03-03 18:00:00,13483.035,13611.717,13558.183,13600.0,13545.895
2026-03-03 19:00:00,13634.075,13837.924,13791.836,13880.0,13817.031
2026-03-03 20:00:00,13494.396,13733.908,13663.473,13761.0,13670.567
2026-03-03 21:00:00,13316.869,13599.847,13524.495,13543.0,13546.429
2026-03-03 22:00:00,13051.741,13324.631,13233.196,13305.0,13290.182
2026-03-03 23:00:00,12597.922,12876.469,12718.627,12841.0,12773.643
2026-03-04 00:00:00,12414.445,12466.914,12246.137,12447.0,12398.185
2026-03-04 01:00:00,12013.656,12064.395,11920.976,12047.0,11993.113
2026-03-04 02:00:00,11793.938,11846.3955,11637.673,11786.0,11761.895
2026-03-04 03:00:00,11662.147,11714.973,11473.425,11612.0,11626.109
2026-03-04 04:00:00,11598.009,11660.558,11434.54,11559.0,11606.561
2026-03-04 05:00:00,11709.219,11782.802,11518.736,11672.0,11756.577
2026-03-04 06:00:00,12065.455,12118.77,11918.302,11978.0,12105.843
2026-03-04 07:00:00,12549.542,12560.388,12475.457,12455.0,12555.701
2026-03-04 08:00:00,13046.894,13062.815,12977.225,12833.0,13033.169
2026-03-04 09:00:00,13574.327,13555.733,13490.323,13393.0,13556.238
2026-03-04 10:00:00,13847.264,13853.129,13766.773,13590.0,13876.304
2026-03-04 11:00:00,13881.5205,13870.085,13800.505,13556.0,13894.521
2026-03-04 12:00:00,13759.117,13744.619,13718.5205,13486.0,13747.987
2026-03-04 13:00:00,13706.42,13649.418,13626.728,13408.0,13634.615
2026-03-04 14:00:00,13714.693,13645.673,13646.117,13253.0,13676.471
2026-03-04 15:00:00,13658.81,13574.261,13598.478,13238.0,13611.163
2026-03-04 16:00:00,13563.517,13471.933,13496.18,13173.0,13495.655
2026-03-04 17:00:00,13501.532,13392.245,13420.917,13192.0,13386.152
2026-03-04 18:00:00,13674.854,13599.301,13544.276,13306.0,13530.259
2026-03-04 19:00:00,13876.315,13829.514,13810.288,13621.0,13820.469
2026-03-04 20:00:00,13717.293,13713.565,13698.259,13539.0,13711.286
2026-03-04 21:00:00,13540.862,13557.033,13564.186,13445.0,13582.081
2026-03-04 22:00:00,13279.247,13282.256,13278.79,13215.0,13331.105
2026-03-04 23:00:00,12834.25,12842.741,12754.832,12743.0,12822.023
2026-03-05 00:00:00,12349.835,12441.641,12286.183,12277.0,12414.984
2026-03-05 01:00:00,11961.363,12022.545,11937.405,11846.0,11945.795
2026-03-05 02:00:00,11722.106,11817.489,11662.087,11632.0,11718.406
2026-03-05 03:00:00,11577.018,11694.228,11457.346,11442.0,11552.274
2026-03-05 04:00:00,11505.757,11640.504,11410.186,11459.0,11546.024
2026-03-05 05:00:00,11600.086,11744.633,11470.831,11551.0,11664.44
2026-03-05 06:00:00,11926.952,12065.502,11853.996,11902.0,12011.0
2026-03-05 07:00:00,12396.578,12507.706,12391.6,12356.0,12445.166
2026-03-05 08:00:00,12866.679,12970.637,12850.3125,12761.0,12880.733
2026-03-05 09:00:00,13388.936,13465.3,13436.252,13310.0,13462.89
2026-03-05 10:00:00,13646.977,13763.763,13714.217,13581.0,13741.444
2026-03-05 11:00:00,13694.475,13821.392,13791.976,13531.0,13833.065
2026-03-05 12:00:00,13584.047,13695.76,13701.552,13516.0,13695.131
2026-03-05 13:00:00,13540.019,13638.358,13653.495,13465.0,13652.639
2026-03-05 14:00:00,13540.832,13639.685,13693.615,13503.0,13677.229
2026-03-05 15:00:00,13491.977,13556.793,13644.619,13422.0,13607.204
2026-03-05 16:00:00,13415.563,13452.105,13556.118,13425.0,13516.023
2026-03-05 17:00:00,13370.397,13332.677,13435.188,13344.0,13365.959
2026-03-05 18:00:00,13555.23,13559.056,13549.108,13467.0,13522.072
2026-03-05 19:00:00,13760.367,13824.182,13805.137,13772.0,13826.326
2026-03-05 20:00:00,13609.326,13693.773,13675.882,13562.0,13686.321
2026-03-05 21:00:00,13436.74,13546.769,13509.683,13416.0,13535.964
2026-03-05 22:00:00,13176.51,13289.635,13255.539,13201.0,13298.091
2026-03-05 23:00:00,12756.161,12852.297,12804.822,12729.0,12819.251
2026-03-06 00:00:00,12300.198,12431.844,12292.374,12341.0,12363.82
2026-03-06 01:00:00,11887.72,11981.49,11917.361,11817.0,11907.01
2026-03-06 02:00:00,11653.16,11745.198,11655.658,11671.0,11656.432
2026-03-06 03:00:00,11510.152,11622.048,11507.123,11596.0,11512.24
2026-03-06 04:00:00,11440.072,11576.021,11474.132,11513.0,11507.021
2026-03-06 05:00:00,11543.651,11687.686,11559.005,11693.0,11660.332
2026-03-06 06:00:00,11868.23,12001.021,11957.129,11907.0,11983.87
2026-03-06 07:00:00,12318.177,12428.179,12508.799,12453.0,12424.876
2026-03-06 08:00:00,12782.938,12866.129,12950.5625,12835.0,12867.032
2026-03-06 09:00:00,13280.484,13336.305,13451.0,13366.0,13399.762
2026-03-06 10:00:00,13530.319,13600.52,13674.242,13571.0,13651.816
2026-03-06 11:00:00,13578.315,13612.256,13675.774,13635.0,13663.454
2026-03-06 12:00:00,13483.39,13469.174,13586.607,13469.0,13539.94
2026-03-06 13:00:00,13434.942,13346.595,13483.742,13314.0,13421.338
2026-03-06 14:00:00,13416.18,13310.458,13437.687,13236.0,13370.805
2026-03-06 15:00:00,13372.937,13239.768,13414.355,13093.0,13314.195
2026-03-06 16:00:00,13284.197,13122.204,13304.606,13045.0,13216.516
2026-03-06 17:00:00,13270.559,13035.844,13231.767,12939.0,13162.036
2026-03-06 18:00:00,13407.818,13236.854,13328.987,13048.0,13272.398
2026-03-06 19:00:00,13598.722,13495.741,13608.497,13376.0,13557.96
2026-03-06 20:00:00,13458.203,13387.334,13529.646,13316.0,13455.282
2026-03-06 21:00:00,13298.75,13251.545,13395.866,13201.0,13338.885
2026-03-06 22:00:00,13076.089,13008.905,13141.137,13065.0,13114.337
2026-03-06 23:00:00,12726.168,12623.158,12720.5625,12664.0,12686.304
2026-03-07 00:00:00,12434.109,12244.968,12289.118,12282.0,12267.431
2026-03-07 01:00:00,12044.467,11833.469,12007.018,11901.0,11867.354
2026-03-07 02:00:00,11804.864,11628.564,11728.151,11669.0,11609.766
2026-03-07 03:00:00,11666.037,11500.482,11561.383,11549.0,11460.262
2026-03-07 04:00:00,11582.006,11411.641,11477.451,11469.0,11383.672
2026-03-07 05:00:00,11604.36,11429.388,11486.048,11502.0,11465.01
2026-03-07 06:00:00,11736.375,11560.533,11650.984,11608.0,11619.639
2026-03-07 07:00:00,11967.514,11767.157,11946.967,11740.0,11863.961
2026-03-07 08:00:00,12244.58,12059.465,12279.849,11940.0,12147.758
2026-03-07 09:00:00,12695.769,12479.056,12808.425,12543.0,12619.795
2026-03-07 10:00:00,13130.58,12928.668,13239.412,12956.0,13064.875
2026-03-07 11:00:00,13290.985,13062.761,13367.336,13078.0,13197.447
2026-03-07 12:00:00,13314.407,13038.831,13360.477,13152.0,13180.181
2026-03-07 13:00:00,13267.819,12928.954,13284.563,13020.0,13089.548
2026-03-07 14:00:00,13222.368,12861.208,13252.408,12963.0,13014.343
2026-03-07 15:00:00,13164.93,12797.47,13207.997,12822.0,12956.907
2026-03-07 16:00:00,13122.241,12778.743,13180.783,12850.0,12937.74
2026-03-07 17:00:00,13198.023,12799.421,13094.412,12843.0,12939.948
2026-03-07 18:00:00,13401.989,13106.361,13252.207,13015.0,13128.9375
2026-03-07 19:00:00,13604.9375,13371.345,13526.628,13305.0,13458.746
2026-03-07 20:00:00,13488.16,13288.147,13469.902,13284.0,13355.029
2026-03-07 21:00:00,13328.087,13150.861,13346.509,13181.0,13248.996
2026-03-07 22:00:00,13064.193,12885.644,13080.637,12966.0,13004.649
2026-03-07 23:00:00,12717.877,12531.727,12675.401,12626.0,12591.627
2026-03-08 00:00:00,12159.429,12234.997,12244.936,12283.0,12185.7
2026-03-08 01:00:00,11793.81,11858.688,11941.715,11885.0,11792.205
2026-03-08 02:00:00,11550.733,11628.818,11652.729,11653.0,11522.451
2026-03-08 03:00:00,11403.768,11498.957,11469.349,11484.0,11365.61
2026-03-08 04:00:00,11321.221,11424.708,11365.535,11382.0,11290.865
2026-03-08 05:00:00,11330.049,11485.824,11376.958,11382.0,11400.575
2026-03-08 06:00:00,11411.281,11610.552,11496.875,11534.0,11520.6875
2026-03-08 07:00:00,11528.868,11770.301,11692.586,11678.0,11720.306
2026-03-08 08:00:00,11729.768,11960.532,11947.899,11769.0,11928.164
2026-03-08 09:00:00,12106.891,12329.046,12411.092,12326.0,12347.576
2026-03-08 10:00:00,12539.274,12789.434,12912.801,12809.0,12791.769
2026-03-08 11:00:00,12790.703,12999.053,13117.609,12923.0,13008.53
2026-03-08 12:00:00,12856.243,13036.209,13172.244,12967.0,13042.615
2026-03-08 13:00:00,12807.681,12925.149,13100.8,12879.0,12920.381
2026-03-08 14:00:00,12757.721,12868.428,13073.395,12822.0,12867.76
2026-03-08 15:00:00,12720.841,12830.789,13044.455,12767.0,12821.714
2026-03-08 16:00:00,12712.277,12809.025,13055.299,12728.0,12820.232
2026-03-08 17:00:00,12805.542,12795.61,13015.145,12738.0,12804.27
2026-03-08 18:00:00,13065.721,13056.486,13182.174,12932.0,12978.96
2026-03-08 19:00:00,13311.822,13390.491,13459.408,13100.0,13323.445
2026-03-08 20:00:00,13250.488,13361.197,13409.399,13043.0,13296.701
2026-03-08 21:00:00,13107.748,13238.712,13288.202,13012.0,13192.849
2026-03-08 22:00:00,12847.555,12956.642,13030.042,12748.0,12943.632
2026-03-08 23:00:00,12452.556,12570.436,12590.739,12359.0,12497.865
2026-03-09 00:00:00,12168.762,12145.866,12165.992,12173.0,12136.145
2026-03-09 01:00:00,11792.408,11783.148,11889.908,11718.0,11754.881
2026-03-09 02:00:00,11601.973,11606.825,11627.525,11517.0,11533.057
2026-03-09 03:00:00,11476.192,11406.1455,11470.03,11331.0,11344.358
2026-03-09 04:00:00,11415.768,11320.003,11345.076,11260.0,11281.201
2026-03-09 05:00:00,11506.223,11344.951,11350.348,11273.0,11360.956
2026-03-09 06:00:00,11795.643,11531.378,11517.221,11383.0,11548.021
2026-03-09 07:00:00,12257.479,11799.489,11734.949,11630.0,11824.578
2026-03-09 08:00:00,12696.697,12077.1,11986.412,11649.0,12087.866
2026-03-09 09:00:00,13191.156,12545.729,12496.753,12177.0,12643.397
2026-03-09 10:00:00,13429.441,12816.788,12971.234,12668.0,12935.813
2026-03-09 11:00:00,13466.607,12895.3125,13129.727,12826.0,13029.911
2026-03-09 12:00:00,13390.888,12814.595,13165.533,12792.0,12989.058
2026-03-09 13:00:00,13309.61,12705.61,13064.354,12799.0,12885.715
2026-03-09 14:00:00,13267.752,12651.773,13011.191,12784.0,12826.082
2026-03-09 15:00:00,13200.588,12561.436,12931.363,12844.0,12729.752
2026-03-09 16:00:00,13134.871,12502.956,12895.685,12924.0,12678.1
2026-03-09 17:00:00,13086.389,12471.404,12870.231,12949.0,12657.688
2026-03-09 18:00:00,13235.421,12650.482,13001.648,13057.0,12763.443
2026-03-09 19:00:00,13494.186,12909.801,13259.123,13234.0,13047.575
2026-03-09 20:00:00,13408.375,12861.076,13230.378,13286.0,12993.785
2026-03-09 21:00:00,13257.931,12768.456,13119.74,13157.0,12900.043
2026-03-09 22:00:00,13013.425,12582.166,12867.463,12824.0,12681.733
2026-03-09 23:00:00,12581.141,12237.613,12476.397,12278.0,12297.157
2026-03-10 00:00:00,11920.42,11951.294,11938.476,11893.0,11959.07
2026-03-10 01:00:00,11562.661,11514.199,11538.396,11415.0,11449.61
2026-03-10 02:00:00,11384.459,11329.716,11303.227,11133.0,11213.003
2026-03-10 03:00:00,11271.99,11151.422,11129.582,10970.0,11034.543
2026-03-10 04:00:00,11201.4795,11078.737,11068.141,11042.0,11004.01
2026-03-10 05:00:00,11247.707,11185.6875,11168.564,11093.0,11151.452
2026-03-10 06:00:00,11442.164,11464.404,11559.678,11564.0,11521.965
2026-03-10 07:00:00,11783.228,11848.221,12108.898,11962.0,11971.156
2026-03-10 08:00:00,12106.598,12203.048,12535.008,12257.0,12366.355
2026-03-10 09:00:00,12665.594,12727.6455,13120.191,12820.0,12960.365
2026-03-10 10:00:00,12928.494,13007.709,13410.946,13218.0,13203.745
2026-03-10 11:00:00,12993.328,13034.295,13457.546,13277.0,13250.439
2026-03-10 12:00:00,12923.359,12953.205,13404.668,13145.0,13185.76
2026-03-10 13:00:00,12853.983,12825.824,13311.112,13038.0,13084.538
2026-03-10 14:00:00,12824.307,12765.225,13269.246,12934.0,13013.367
2026-03-10 15:00:00,12760.495,12686.726,13242.831,12756.0,12920.32
2026-03-10 16:00:00,12679.362,12595.663,13140.116,12713.0,12826.454
2026-03-10 17:00:00,12640.115,12464.779,13002.702,12535.0,12696.032
2026-03-10 18:00:00,12813.287,12668.197,13090.63,12654.0,12807.634
2026-03-10 19:00:00,13059.173,12960.762,13344.146,12891.0,13084.344
2026-03-10 20:00:00,13016.151,12904.202,13282.203,12934.0,12994.947
2026-03-10 21:00:00,12886.725,12785.416,13141.329,12811.0,12872.788
2026-03-10 22:00:00,12643.258,12550.169,12888.002,12623.0,12630.281
2026-03-10 23:00:00,12251.679,12143.289,12424.99,12054.0,12171.615
2026-03-11 00:00:00,11862.195,11817.775,11792.955,11681.0,11732.569
2026-03-11 01:00:00,11457.43,11385.002,11476.766,11226.0,11284.528
2026-03-11 02:00:00,11253.099,11159.003,11205.448,10986.0,11032.91
2026-03-11 03:00:00,11127.366,11018.368,11012.94,10918.0,10885.828
2026-03-11 04:00:00,11081.66,10977.753,10981.099,10860.0,10876.364
2026-03-11 05:00:00,11195.918,11109.64,11052.358,10951.0,11042.355
2026-03-11 06:00:00,11507.484,11402.332,11423.563,11366.0,11386.076
2026-03-11 07:00:00,11927.898,11805.074,11954.055,11781.0,11822.712
2026-03-11 08:00:00,12308.36,12189.508,12335.877,12110.0,12187.386
2026-03-11 09:00:00,12821.46,12633.029,12882.825,12675.0,12744.815
2026-03-11 10:00:00,13059.331,12882.358,13145.086,12875.0,12958.971
2026-03-11 11:00:00,13079.361,12915.6045,13184.737,12819.0,12989.882
2026-03-11 12:00:00,12994.014,12826.127,13128.273,12656.0,12914.873
2026-03-11 13:00:00,12917.973,12715.676,13066.331,12542.0,12834.442
2026-03-11 14:00:00,12876.498,12662.045,13051.038,12506.0,12779.301
2026-03-11 15:00:00,12826.536,12591.043,13009.121,12444.0,12702.892
2026-03-11 16:00:00,12761.265,12533.166,12948.233,12479.0,12668.3955
2026-03-11 17:00:00,12717.287,12498.723,12848.333,12391.0,12602.559
2026-03-11 18:00:00,12889.773,12638.116,12933.528,12454.0,12698.625
2026-03-11 19:00:00,13132.139,12894.716,13181.839,12637.0,12981.156
2026-03-11 20:00:00,13079.617,12849.839,13134.488,12785.0,12927.2
2026-03-11 21:00:00,12938.938,12731.494,13016.545,12646.0,12829.148
2026-03-11 22:00:00,12699.073,12506.328,12742.759,12471.0,12599.931
2026-03-11 23:00:00,12259.529,12093.693,12280.64,11984.0,12110.392
2026-03-12 00:00:00,11645.397,11604.265,11573.278,11501.0,11525.709
2026-03-12 01:00:00,11274.93,11158.234,11266.737,11078.0,11082.038
2026-03-12 02:00:00,11076.391,10947.473,10981.194,10792.0,10839.506
2026-03-12 03:00:00,10957.139,10803.889,10789.5,10750.0,10680.281
2026-03-12 04:00:00,10897.08,10738.412,10727.176,10729.0,10634.967
2026-03-12 05:00:00,11008.318,10873.04,10781.203,10805.0,10818.084
2026-03-12 06:00:00,11321.374,11144.877,11141.944,11152.0,11159.919
2026-03-12 07:00:00,11736.699,11541.684,11665.127,11622.0,11574.632
2026-03-12 08:00:00,12148.26,11942.795,12045.384,11932.0,11952.785
2026-03-12 09:00:00,12654.363,12440.174,12620.308,12496.0,12528.36
2026-03-12 10:00:00,12902.041,12699.686,12930.128,12700.0,12764.702
2026-03-12 11:00:00,12932.317,12736.445,12978.447,12774.0,12797.58
2026-03-12 12:00:00,12828.613,12631.045,12926.142,12536.0,12708.585
2026-03-12 13:00:00,12756.932,12514.629,12843.831,12407.0,12636.775
2026-03-12 14:00:00,12712.809,12462.613,12804.882,12458.0,12577.423
2026-03-12 15:00:00,12650.529,12374.122,12745.175,12461.0,12477.238
2026-03-12 16:00:00,12566.816,12265.021,12644.895,12418.0,12391.181
2026-03-12 17:00:00,12501.76,12164.498,12556.811,12410.0,12286.356
2026-03-12 18:00:00,12658.175,12343.027,12676.069,12515.0,12409.494
2026-03-12 19:00:00,12880.472,12625.78,12932.007,12667.0,12687.75
2026-03-12 20:00:00,12847.019,12571.376,12874.337,12664.0,12615.71
2026-03-12 21:00:00,12710.952,12431.929,12745.343,12489.0,12503.267
2026-03-12 22:00:00,12470.923,12181.553,12470.097,12317.0,12272.909
2026-03-12 23:00:00,12042.366,11784.668,11996.237,11769.0,11812.377
2026-03-13 00:00:00,11433.624,11435.847,11344.227,11421.0,11354.645
2026-03-13 01:00:00,11070.051,11056.074,11097.346,10995.0,10980.967
2026-03-13 02:00:00,10865.699,10834.205,10822.55,10741.0,10737.549
2026-03-13 03:00:00,10749.074,10704.644,10658.7,10701.0,10602.739
2026-03-13 04:00:00,10690.539,10665.361,10621.843,10626.0,10590.473
2026-03-13 05:00:00,10792.886,10810.862,10712.168,10699.0,10774.188
2026-03-13 06:00:00,11070.445,11072.056,11090.088,11060.0,11083.408
2026-03-13 07:00:00,11457.239,11442.557,11621.99,11478.0,11474.203
2026-03-13 08:00:00,11852.344,11822.2705,12004.582,11842.0,11816.416
2026-03-13 09:00:00,12350.221,12308.9375,12587.616,12384.0,12414.543
2026-03-13 10:00:00,12571.21,12554.68,12844.852,12577.0,12620.742
2026-03-13 11:00:00,12608.0625,12569.742,12841.304,12633.0,12628.502
2026-03-13 12:00:00,12474.136,12407.734,12724.844,12525.0,12475.33
2026-03-13 13:00:00,12393.418,12258.302,12591.209,12412.0,12338.252
2026-03-13 14:00:00,12348.679,12152.34,12537.544,12410.0,12246.161
2026-03-13 15:00:00,12264.422,12071.251,12483.039,12276.0,12158.508
2026-03-13 16:00:00,12208.326,12010.052,12384.962,12224.0,12122.204
2026-03-13 17:00:00,12162.061,11912.771,12173.773,12149.0,12003.259
2026-03-13 18:00:00,12271.816,12058.932,12256.802,12278.0,12085.888
2026-03-13 19:00:00,12509.396,12356.811,12545.747,12414.0,12389.043
2026-03-13 20:00:00,12476.858,12386.413,12607.689,12554.0,12417.702
2026-03-13 21:00:00,12355.676,12318.79,12557.344,12384.0,12394.279
2026-03-13 22:00:00,12148.754,12144.702,12334.163,12235.0,12239.36
2026-03-13 23:00:00,11810.028,11806.1875,11903.104,11789.0,11844.32
2026-03-14 00:00:00,11453.576,11431.911,11357.444,11462.0,11389.807
2026-03-14 01:00:00,11096.579,11038.389,11220.904,11045.0,11049.222
2026-03-14 02:00:00,10856.125,10785.663,10924.639,10761.0,10768.822
2026-03-14 03:00:00,10702.82,10638.031,10740.165,10610.0,10604.701
2026-03-14 04:00:00,10625.421,10557.108,10635.369,10536.0,10553.988
2026-03-14 05:00:00,10664.975,10620.899,10673.061,10508.0,10645.149
2026-03-14 06:00:00,10769.285,10742.763,10839.937,10651.0,10765.451
2026-03-14 07:00:00,10951.746,10977.246,11070.893,10769.0,10966.383
2026-03-14 08:00:00,11229.216,11249.582,11330.202,11054.0,11203.195
2026-03-14 09:00:00,11672.96,11680.466,11869.638,11645.0,11696.883
2026-03-14 10:00:00,12042.124,12058.231,12330.198,12039.0,12078.82
2026-03-14 11:00:00,12195.04,12185.407,12427.191,12163.0,12211.773
2026-03-14 12:00:00,12213.815,12138.633,12414.049,12126.0,12187.005
2026-03-14 13:00:00,12142.093,11989.403,12302.8,12023.0,12061.033
2026-03-14 14:00:00,12060.534,11848.185,12216.328,12030.0,11923.136
2026-03-14 15:00:00,11984.101,11773.622,12152.141,11881.0,11858.244
2026-03-14 16:00:00,11962.801,11736.383,12103.394,11840.0,11829.219
2026-03-14 17:00:00,11996.981,11688.449,12006.085,11822.0,11754.554
2026-03-14 18:00:00,12165.361,11907.668,12119.416,11931.0,11883.491
2026-03-14 19:00:00,12372.552,12171.254,12381.553,12080.0,12160.498
2026-03-14 20:00:00,12338.893,12179.626,12437.377,12210.0,12193.8125
2026-03-14 21:00:00,12201.131,12087.781,12377.316,12130.0,12156.559
2026-03-14 22:00:00,11962.55,11878.998,12136.303,11869.0,11965.021
2026-03-14 23:00:00,11660.52,11564.102,11734.593,11520.0,11624.008
2026-03-15 00:00:00,11254.205,11245.276,11118.012,11195.0,11258.936
2026-03-15 01:00:00,10860.886,10859.16,10931.018,10776.0,10903.639
2026-03-15 02:00:00,10630.433,10640.057,10634.787,10510.0,10630.535
2026-03-15 03:00:00,10450.404,10498.858,10453.658,10358.0,10456.139
2026-03-15 04:00:00,10376.871,10435.16,10333.605,10289.0,10381.35
2026-03-15 05:00:00,10421.277,10516.751,10353.504,10301.0,10455.01
2026-03-15 06:00:00,10474.354,10612.612,10472.347,10481.0,10570.833
2026-03-15 07:00:00,10594.261,10767.066,10657.07,10531.0,10721.426
2026-03-15 08:00:00,10805.923,10963.541,10922.67,10742.0,10889.928
2026-03-15 09:00:00,11182.188,11373.997,11506.895,11315.0,11420.074
2026-03-15 10:00:00,11579.352,11787.968,12018.544,11704.0,11864.453
2026-03-15 11:00:00,11786.06,11955.006,12162.385,11898.0,12057.299
2026-03-15 12:00:00,11843.577,11957.583,12187.148,11906.0,12079.43
2026-03-15 13:00:00,11805.933,11837.958,12094.53,11845.0,11990.393
2026-03-15 14:00:00,11733.104,11733.212,12026.059,11791.0,11899.364
2026-03-15 15:00:00,11692.667,11682.203,12005.376,11704.0,11850.481
2026-03-15 16:00:00,11680.01,11654.103,11981.8125,11732.0,11840.692
2026-03-15 17:00:00,11768.796,11685.585,11882.847,11712.0,11824.562
2026-03-15 18:00:00,11940.475,11909.985,12029.089,11915.0,11969.153
2026-03-15 19:00:00,12147.397,12214.862,12306.594,12122.0,12219.907
2026-03-15 20:00:00,12147.3125,12269.484,12362.428,12301.0,12287.373
2026-03-15 21:00:00,12035.081,12199.385,12314.038,12255.0,12233.092
2026-03-15 22:00:00,11780.797,11964.043,12026.676,11964.0,11997.555
2026-03-15 23:00:00,11428.166,11605.204,11583.01,11473.0,11581.548
2026-03-16 00:00:00,11065.94,11278.501,11029.616,11030.0,11220.0
2026-03-16 01:00:00,10732.424,10897.232,10677.525,10621.0,10765.547
2026-03-16 02:00:00,10541.3,10702.795,10413.785,10338.0,10512.539
2026-03-16 03:00:00,10435.541,10579.891,10243.347,10265.0,10358.7705
2026-03-16 04:00:00,10358.957,10520.787,10177.529,10257.0,10338.334
2026-03-16 05:00:00,10449.413,10660.966,10278.881,10344.0,10470.51
2026-03-16 06:00:00,10709.908,10972.39,10696.958,10732.0,10842.071
2026-03-16 07:00:00,11059.791,11307.999,11237.04,11211.0,11206.327
2026-03-16 08:00:00,11430.925,11649.126,11650.286,11631.0,11540.828
2026-03-16 09:00:00,11916.831,12182.331,12324.192,12233.0,12198.802
2026-03-16 10:00:00,12174.168,12473.024,12643.807,12529.0,12484.406
2026-03-16 11:00:00,12213.012,12532.745,12718.184,12543.0,12573.386
2026-03-16 12:00:00,12098.8125,12477.8125,12674.821,12550.0,12554.396
2026-03-16 13:00:00,12023.092,12408.905,12613.566,12462.0,12523.405
2026-03-16 14:00:00,11988.307,12387.686,12610.898,12462.0,12511.663
2026-03-16 15:00:00,11934.437,12350.651,12608.816,12402.0,12499.8125
2026-03-16 16:00:00,11895.624,12295.925,12522.236,12450.0,12473.701
2026-03-16 17:00:00,11859.084,12204.778,12355.848,12335.0,12341.3
2026-03-16 18:00:00,11966.629,12343.25,12435.586,12388.0,12449.367
2026-03-16 19:00:00,12174.485,12565.755,12637.535,12593.0,12648.196
2026-03-16 20:00:00,12181.826,12588.574,12636.371,12571.0,12643.519
2026-03-16 21:00:00,12075.467,12472.409,12513.6455,12464.0,12515.3545
2026-03-16 22:00:00,11825.475,12217.259,12245.88,12206.0,12260.779
2026-03-16 23:00:00,11425.968,11791.321,11725.379,11625.0,11761.3125
2026-03-17 00:00:00,11166.543,11266.766,11219.56,11240.0,11271.885
2026-03-17 01:00:00,10819.191,10871.977,10832.63,10846.0,10808.459
2026-03-17 02:00:00,10616.74,10661.668,10571.405,10618.0,10565.33
2026-03-17 03:00:00,10513.283,10532.913,10421.072,10548.0,10435.665
2026-03-17 04:00:00,10445.857,10499.736,10370.596,10568.0,10411.979
2026-03-17 05:00:00,10557.036,10643.488,10442.084,10568.0,10593.255
2026-03-17 06:00:00,10866.6875,10959.916,10863.96,10865.0,10954.735
2026-03-17 07:00:00,11259.295,11345.331,11407.727,11300.0,11352.8125
2026-03-17 08:00:00,11666.79,11738.962,11818.454,11631.0,11714.443
2026-03-17 09:00:00,12162.225,12207.103,12396.72,12106.0,12290.262
2026-03-17 10:00:00,12383.981,12420.634,12640.448,12413.0,12471.363
2026-03-17 11:00:00,12403.705,12429.032,12655.719,12265.0,12495.5205
2026-03-17 12:00:00,12249.043,12255.572,12521.2295,12169.0,12338.433
2026-03-17 13:00:00,12161.462,12114.656,12413.08,12157.0,12214.147
2026-03-17 14:00:00,12123.668,12019.808,12379.918,12233.0,12141.894
2026-03-17 15:00:00,12042.3125,11939.205,12324.904,12150.0,12051.757
2026-03-17 16:00:00,11983.208,11878.197,12239.944,12155.0,11997.7295
2026-03-17 17:00:00,11924.206,11839.016,12129.613,12010.0,11935.604
2026-03-17 18:00:00,12039.483,11981.4,12210.86,12088.0,12027.863
2026-03-17 19:00:00,12262.4,12279.994,12464.875,12284.0,12287.158
2026-03-17 20:00:00,12285.033,12362.33,12532.059,12405.0,12395.208
2026-03-17 21:00:00,12175.589,12268.471,12427.187,12335.0,12316.028
2026-03-17 22:00:00,11928.644,12035.261,12179.778,12129.0,12101.4
2026-03-17 23:00:00,11513.495,11593.975,11679.058,11668.0,11602.655
2026-03-18 00:00:00,11213.947,11226.355,11153.619,11262.0,11196.635
2026-03-18 01:00:00,10863.608,10831.838,10792.516,10841.0,10737.744
2026-03-18 02:00:00,10661.789,10631.555,10532.146,10636.0,10505.725
2026-03-18 03:00:00,10556.521,10527.349,10390.98,10552.0,10396.92
2026-03-18 04:00:00,10490.022,10489.799,10346.712,10553.0,10396.429
2026-03-18 05:00:00,10596.059,10648.64,10416.785,10549.0,10557.262
2026-03-18 06:00:00,10892.675,10936.838,10824.752,11007.0,10902.122
2026-03-18 07:00:00,11301.459,11341.635,11374.661,11391.0,11318.719
2026-03-18 08:00:00,11723.455,11754.568,11810.485,11779.0,11713.376
2026-03-18 09:00:00,12240.873,12268.785,12426.914,12286.0,12320.0205
2026-03-18 10:00:00,12455.733,12515.845,12705.585,12521.0,12522.843
2026-03-18 11:00:00,12461.758,12536.832,12709.861,12532.0,12547.284
2026-03-18 12:00:00,12321.038,12410.582,12634.177,12489.0,12445.069
2026-03-18 13:00:00,12229.572,12305.367,12539.002,12451.0,12367.176
2026-03-18 14:00:00,12196.295,12288.534,12523.312,12401.0,12337.529
2026-03-18 15:00:00,12131.638,12237.544,12508.53,12338.0,12282.29
2026-03-18 16:00:00,12081.048,12167.69,12434.131,12278.0,12241.872
2026-03-18 17:00:00,12027.981,12055.969,12309.553,12181.0,12131.246
2026-03-18 18:00:00,12137.629,12189.821,12386.382,12316.0,12227.157
2026-03-18 19:00:00,12363.051,12476.376,12609.997,12470.0,12476.803
2026-03-18 20:00:00,12398.295,12533.947,12658.166,12643.0,12531.418
2026-03-18 21:00:00,12289.665,12429.952,12555.723,12490.0,12438.525
2026-03-18 22:00:00,12041.395,12192.928,12322.843,12288.0,12223.861
2026-03-18 23:00:00,11597.246,11737.402,11816.554,11815.0,11712.852
2026-03-19 00:00:00,11307.184,11425.662,11324.128,11389.0,11334.081
2026-03-19 01:00:00,10950.889,11050.012,10915.282,10943.0,10956.777
2026-03-19 02:00:00,10742.554,10833.2,10659.12,10769.0,10706.072
2026-03-19 03:00:00,10647.405,10719.844,10510.404,10662.0,10595.025
2026-03-19 04:00:00,10587.532,10666.838,10450.262,10627.0,10570.994
2026-03-19 05:00:00,10676.309,10789.6045,10497.994,10746.0,10698.274
2026-03-19 06:00:00,10968.627,11064.906,10874.141,11126.0,11040.656
2026-03-19 07:00:00,11365.606,11425.934,11399.964,11415.0,11413.891
2026-03-19 08:00:00,11771.078,11806.507,11830.478,11828.0,11797.868
2026-03-19 09:00:00,12260.996,12303.643,12463.246,12504.0,12364.61
2026-03-19 10:00:00,12471.54,12535.717,12740.108,12611.0,12555.123
2026-03-19 11:00:00,12473.53,12545.553,12748.356,12672.0,12571.424
2026-03-19 12:00:00,12333.253,12455.8955,12696.511,12619.0,12519.72
2026-03-19 13:00:00,12262.4375,12395.622,12634.557,12644.0,12497.523
2026-03-19 14:00:00,12250.735,12414.39,12669.562,12612.0,12530.618
2026-03-19 15:00:00,12186.991,12401.088,12680.305,12530.0,12530.107
2026-03-19 16:00:00,12136.377,12371.436,12655.758,12555.0,12516.558
2026-03-19 17:00:00,12080.876,12306.364,12553.992,12357.0,12452.735
2026-03-19 18:00:00,12203.686,12424.879,12605.106,12497.0,12526.164
2026-03-19 19:00:00,12405.554,12628.065,12793.613,12662.0,12667.284
2026-03-19 20:00:00,12427.464,12644.436,12766.605,12646.0,12657.854
2026-03-19 21:00:00,12316.601,12525.439,12645.152,12497.0,12532.818
2026-03-19 22:00:00,12081.891,12285.178,12416.799,12287.0,12304.594
2026-03-19 23:00:00,11662.705,11862.341,11940.883,11891.0,11827.65
2026-03-20 00:00:00,11410.788,11510.423,11460.827,11421.0,11481.894
2026-03-20 01:00:00,11023.721,11082.425,11035.109,11030.0,11033.427
2026-03-20 02:00:00,10826.104,10867.027,10783.619,10779.0,10792.618
2026-03-20 03:00:00,10724.162,10745.024,10648.473,10777.0,10649.727
2026-03-20 04:00:00,10662.277,10694.492,10576.868,10665.0,10617.637
2026-03-20 05:00:00,10757.651,10836.567,10631.108,10766.0,10755.524
2026-03-20 06:00:00,11049.345,11117.096,11024.631,11086.0,11087.678
2026-03-20 07:00:00,11431.708,11489.891,11510.752,11455.0,11460.834
2026-03-20 08:00:00,11859.178,11903.302,11923.669,11834.0,11858.454
2026-03-20 09:00:00,12363.372,12402.713,12484.725,12425.0,12433.486
2026-03-20 10:00:00,12578.994,12638.759,12736.218,12665.0,12635.115
2026-03-20 11:00:00,12599.834,12672.2295,12748.448,12653.0,12669.447
2026-03-20 12:00:00,12485.504,12576.53,12699.232,12530.0,12598.669
2026-03-20 13:00:00,12407.443,12467.223,12601.255,12462.0,12515.978
2026-03-20 14:00:00,12364.98,12412.832,12556.604,12388.0,12462.531
2026-03-20 15:00:00,12292.533,12341.437,12510.799,12249.0,12374.875
2026-03-20 16:00:00,12223.192,12256.984,12423.929,12229.0,12294.213
2026-03-20 17:00:00,12141.017,12155.336,12294.722,12074.0,12201.657
2026-03-20 18:00:00,12237.6875,12266.019,12363.824,12163.0,12266.04
2026-03-20 19:00:00,12446.087,12502.431,12578.647,12264.0,12465.444
2026-03-20 20:00:00,12483.794,12576.167,12629.063,12535.0,12549.794
2026-03-20 21:00:00,12367.396,12467.986,12545.441,12447.0,12473.241
2026-03-20 22:00:00,12169.611,12269.108,12342.131,12279.0,12299.919
2026-03-20 23:00:00,11804.466,11890.83,11916.306,11881.0,11886.211
2026-03-21 00:00:00,11486.141,11515.837,11449.021,11491.0,11496.587
2026-03-21 01:00:00,11122.221,11065.557,11175.56,11203.0,11078.063
2026-03-21 02:00:00,10892.572,10831.506,10911.025,10827.0,10825.374
2026-03-21 03:00:00,10747.688,10674.672,10752.187,10749.0,10673.991
2026-03-21 04:00:00,10665.714,10600.473,10643.41,10695.0,10613.979
2026-03-21 05:00:00,10685.8125,10633.961,10636.221,10708.0,10650.969
2026-03-21 06:00:00,10790.136,10738.236,10785.971,10800.0,10763.17
2026-03-21 07:00:00,10966.651,10924.619,10980.822,10883.0,10906.154
2026-03-21 08:00:00,11249.133,11182.689,11266.618,11278.0,11132.667
2026-03-21 09:00:00,11719.244,11633.297,11857.833,11826.0,11655.799
2026-03-21 10:00:00,12092.529,12010.064,12274.3955,12127.0,12024.907
2026-03-21 11:00:00,12228.908,12106.196,12377.633,12326.0,12133.612
2026-03-21 12:00:00,12226.326,12085.455,12390.796,12182.0,12138.663
2026-03-21 13:00:00,12148.043,11996.969,12318.3,12152.0,12085.625
2026-03-21 14:00:00,12082.514,11910.693,12260.638,12103.0,12012.998
2026-03-21 15:00:00,12006.348,11856.797,12197.782,12035.0,11942.122
2026-03-21 16:00:00,11976.369,11843.837,12179.102,12002.0,11920.907
2026-03-21 17:00:00,11993.876,11827.779,12143.275,11931.0,11910.224
2026-03-21 18:00:00,12139.144,11985.797,12236.495,12001.0,12002.008
2026-03-21 19:00:00,12335.082,12202.699,12407.761,12128.0,12178.204
2026-03-21 20:00:00,12372.265,12307.304,12493.601,12373.0,12301.249
2026-03-21 21:00:00,12252.854,12222.809,12418.164,12352.0,12244.154
2026-03-21 22:00:00,12021.802,11997.33,12180.562,12142.0,12034.55
2026-03-21 23:00:00,11702.86,11656.926,11835.566,11731.0,11668.745
2026-03-22 00:00:00,11407.615,11267.156,11271.275,11376.0,11251.412
2026-03-22 01:00:00,11071.554,10881.197,11073.268,11011.0,10892.82
2026-03-22 02:00:00,10828.483,10650.564,10790.378,10756.0,10616.996
2026-03-22 03:00:00,10676.817,10490.28,10617.299,10590.0,10447.087
2026-03-22 04:00:00,10580.135,10418.787,10505.22,10488.0,10374.724
2026-03-22 05:00:00,10608.521,10470.295,10474.413,10489.0,10419.74
2026-03-22 06:00:00,10685.865,10535.162,10575.168,10596.0,10511.264
2026-03-22 07:00:00,10807.758,10643.0,10706.074,10596.0,10591.391
2026-03-22 08:00:00,11040.614,10827.517,10956.803,10900.0,10769.529
2026-03-22 09:00:00,11481.61,11264.6,11490.67,11490.0,11284.784
2026-03-22 10:00:00,11888.701,11655.523,11940.217,11817.0,11690.331
2026-03-22 11:00:00,12078.224,11802.396,12081.939,11998.0,11860.318
2026-03-22 12:00:00,12117.706,11804.139,12109.42,11957.0,11881.012
2026-03-22 13:00:00,12062.482,11727.303,12051.736,11892.0,11826.089
2026-03-22 14:00:00,12003.899,11652.0625,12009.721,11913.0,11768.087
2026-03-22 15:00:00,11933.461,11615.967,11965.119,11774.0,11682.696
2026-03-22 16:00:00,11929.457,11597.524,11932.822,11761.0,11660.326
2026-03-22 17:00:00,11987.516,11576.796,11848.545,11693.0,11612.4
2026-03-22 18:00:00,12169.614,11758.234,11954.409,11755.0,11757.209
2026-03-22 19:00:00,12383.12,12033.054,12134.338,11909.0,11956.513
2026-03-22 20:00:00,12457.633,12198.06,12295.083,12142.0,12153.146
2026-03-22 21:00:00,12367.332,12157.987,12273.87,12128.0,12128.713
2026-03-22 22:00:00,12109.037,11911.969,12017.962,11885.0,11885.546
2026-03-22 23:00:00,11691.765,11495.403,11565.645,11402.0,11431.795
2026-03-23 00:00:00,11249.59,11211.334,11026.083,11055.0,11123.598
2026-03-23 01:00:00,10893.398,10850.637,10693.311,10702.0,10745.115
2026-03-23 02:00:00,10701.053,10654.778,10463.102,10477.0,10527.211
2026-03-23 03:00:00,10605.685,10537.84,10322.189,10326.0,10407.101
2026-03-23 04:00:00,10539.263,10483.303,10285.105,10256.0,10372.074
2026-03-23 05:00:00,10614.199,10588.545,10366.432,10329.0,10471.92
2026-03-23 06:00:00,10892.806,10864.182,10737.45,10679.0,10810.519
2026-03-23 07:00:00,11259.04,11197.039,11229.29,11017.0,11152.384
2026-03-23 08:00:00,11682.36,11581.891,11643.711,11531.0,11558.86
2026-03-23 09:00:00,12179.2295,12079.26,12221.176,12066.0,12092.829
2026-03-23 10:00:00,12392.856,12319.071,12473.868,12371.0,12301.876
2026-03-23 11:00:00,12421.703,12345.502,12453.004,12255.0,12316.855
2026-03-23 12:00:00,12329.506,12239.322,12398.138,12173.0,12261.1455
2026-03-23 13:00:00,12278.918,12174.482,12354.666,12132.0,12227.909
2026-03-23 14:00:00,12244.263,12161.257,12347.702,12050.0,12200.676
2026-03-23 15:00:00,12183.926,12129.466,12319.136,12053.0,12143.902
2026-03-23 16:00:00,12142.992,12085.339,12255.565,11982.0,12088.86
2026-03-23 17:00:00,12070.151,11977.371,12139.139,11895.0,11974.124
2026-03-23 18:00:00,12175.67,12081.156,12169.077,11941.0,12020.409
2026-03-23 19:00:00,12367.863,12295.667,12323.196,11953.0,12176.065
2026-03-23 20:00:00,12421.82,12387.817,12370.937,12158.0,12254.786
2026-03-23 21:00:00,12315.131,12292.152,12295.783,12074.0,12176.666
2026-03-23 22:00:00,12068.694,12042.77,12058.49,11888.0,11939.322
2026-03-23 23:00:00,11631.088,11602.873,11601.629,11452.0,11467.327
2026-03-24 00:00:00,11116.301,11151.003,11103.363,10968.0,11060.113
2026-03-24 01:00:00,10779.102,10771.967,10734.88,10574.0,10676.974
2026-03-24 02:00:00,10598.932,10590.768,10508.406,10338.0,10452.992
2026-03-24 03:00:00,10500.756,10496.225,10374.654,10219.0,10328.451
2026-03-24 04:00:00,10414.111,10449.138,10298.018,10194.0,10292.713
2026-03-24 05:00:00,10505.78,10572.584,10332.242,10224.0,10420.106
2026-03-24 06:00:00,10810.006,10860.276,10720.63,10703.0,10737.84
2026-03-24 07:00:00,11177.373,11205.662,11161.512,10996.0,11068.213
2026-03-24 08:00:00,11617.546,11625.198,11586.66,11504.0,11507.873
2026-03-24 09:00:00,12122.883,12165.6045,12159.509,12117.0,12095.07
2026-03-24 10:00:00,12323.422,12380.085,12390.069,12297.0,12282.519
2026-03-24 11:00:00,12322.601,12370.077,12352.923,12258.0,12252.769
2026-03-24 12:00:00,12192.115,12194.98,12244.226,12149.0,12122.786
2026-03-24 13:00:00,12145.893,12115.955,12187.618,12030.0,12093.295
2026-03-24 14:00:00,12120.252,12095.09,12161.679,12020.0,12054.147
2026-03-24 15:00:00,12049.343,12037.608,12112.574,12028.0,11968.315
2026-03-24 16:00:00,11992.639,11963.512,12027.618,11941.0,11895.065
2026-03-24 17:00:00,11896.779,11825.458,11901.909,11839.0,11801.114
2026-03-24 18:00:00,11984.921,11938.64,11936.158,11837.0,11861.936
2026-03-24 19:00:00,12183.951,12179.723,12087.975,11868.0,12025.662
2026-03-24 20:00:00,12267.876,12350.5625,12257.393,12199.0,12211.203
2026-03-24 21:00:00,12187.977,12298.905,12231.321,12127.0,12175.312
2026-03-24 22:00:00,11955.845,12081.391,12032.826,11964.0,11963.968
2026-03-24 23:00:00,11523.161,11602.51,11567.308,11452.0,11465.583
2026-03-25 00:00:00,11000.027,11074.088,10933.175,10985.0,10966.417
2026-03-25 01:00:00,10670.52,10720.668,10566.088,10608.0,10603.176
2026-03-25 02:00:00,10481.113,10515.257,10319.902,10406.0,10362.583
2026-03-25 03:00:00,10392.639,10399.709,10165.319,10259.0,10238.086
2026-03-25 04:00:00,10311.305,10332.833,10096.825,10109.0,10205.542
2026-03-25 05:00:00,10408.624,10449.57,10154.914,10200.0,10329.752
2026-03-25 06:00:00,10706.738,10739.3955,10570.986,10541.0,10677.086
2026-03-25 07:00:00,11065.364,11073.71,11017.604,10838.0,10983.956
2026-03-25 08:00:00,11514.585,11494.581,11493.052,11313.0,11433.01
2026-03-25 09:00:00,12027.795,12009.575,12132.79,11870.0,12025.715
2026-03-25 10:00:00,12222.041,12226.64,12370.184,12239.0,12201.103
2026-03-25 11:00:00,12209.321,12247.414,12369.635,12102.0,12218.676
2026-03-25 12:00:00,12079.824,12170.146,12339.767,11991.0,12196.231
2026-03-25 13:00:00,12018.69,12133.41,12296.974,11941.0,12197.311
2026-03-25 14:00:00,11981.55,12113.656,12282.411,11910.0,12180.367
2026-03-25 15:00:00,11912.053,12067.8955,12262.1875,11824.0,12122.012
2026-03-25 16:00:00,11857.176,12019.46,12217.793,11839.0,12090.705
2026-03-25 17:00:00,11772.312,11924.945,12080.315,11742.0,11984.427
2026-03-25 18:00:00,11859.971,12015.195,12130.802,11762.0,12047.727
2026-03-25 19:00:00,12042.061,12165.104,12243.388,11838.0,12125.771
2026-03-25 20:00:00,12130.623,12245.922,12291.628,11974.0,12188.772
2026-03-25 21:00:00,12053.789,12138.246,12183.464,11906.0,12074.831
2026-03-25 22:00:00,11825.386,11900.376,11955.902,11699.0,11849.201
2026-03-25 23:00:00,11411.836,11474.346,11500.228,11198.0,11377.1455
2026-03-26 00:00:00,10870.002,10909.347,10935.93,10795.0,10939.71
2026-03-26 01:00:00,10520.615,10527.536,10591.662,10439.0,10526.301
2026-03-26 02:00:00,10329.636,10311.608,10337.129,10146.0,10263.855
2026-03-26 03:00:00,10222.868,10197.877,10179.275,9968.0,10118.033
2026-03-26 04:00:00,10132.383,10134.242,10071.967,9913.0,10047.564
2026-03-26 05:00:00,10216.764,10220.062,10073.782,10009.0,10151.185
2026-03-26 06:00:00,10517.615,10517.262,10446.911,10341.0,10486.559
2026-03-26 07:00:00,10856.506,10844.052,10866.724,10673.0,10781.956
2026-03-26 08:00:00,11311.613,11259.785,11337.405,11142.0,11234.573
2026-03-26 09:00:00,11851.498,11775.75,11914.291,11635.0,11825.447
2026-03-26 10:00:00,12046.873,11976.967,12143.059,11890.0,12002.655
2026-03-26 11:00:00,12024.401,11957.654,12123.479,11894.0,11996.198
2026-03-26 12:00:00,11892.253,11845.765,12059.087,11765.0,11907.533
2026-03-26 13:00:00,11835.069,11772.356,11995.331,11719.0,11865.553
2026-03-26 14:00:00,11806.738,11731.2295,11978.67,11789.0,11836.885
2026-03-26 15:00:00,11751.174,11696.207,11961.553,11700.0,11769.643
2026-03-26 16:00:00,11692.303,11659.001,11887.003,11730.0,11709.938
2026-03-26 17:00:00,11624.25,11530.406,11796.378,11645.0,11630.514
2026-03-26 18:00:00,11678.624,11587.465,11810.902,11742.0,11653.761
2026-03-26 19:00:00,11839.158,11759.166,11897.034,11781.0,11742.114
2026-03-26 20:00:00,11941.961,11895.164,12043.289,11907.0,11924.146
2026-03-26 21:00:00,11880.247,11851.062,11996.42,11851.0,11884.44
2026-03-26 22:00:00,11652.223,11633.914,11776.758,11649.0,11685.166
2026-03-26 23:00:00,11239.674,11214.272,11327.236,11156.0,11209.251
2026-03-27 00:00:00,10698.235,10828.356,10674.115,10768.0,10778.336
2026-03-27 01:00:00,10373.745,10508.531,10399.766,10338.0,10455.894
2026-03-27 02:00:00,10177.67,10296.512,10145.483,10024.0,10210.406
2026-03-27 03:00:00,10070.172,10182.682,9994.526,9940.0,10058.828
2026-03-27 04:00:00,9996.779,10100.073,9895.697,9954.0,9993.704
2026-03-27 05:00:00,10087.601,10229.377,9934.698,9950.0,10125.622
2026-03-27 06:00:00,10335.743,10489.152,10296.819,10252.0,10426.411
2026-03-27 07:00:00,10660.723,10812.579,10698.452,10623.0,10726.457
2026-03-27 08:00:00,11098.545,11242.564,11187.145,11072.0,11193.466
2026-03-27 09:00:00,11623.943,11764.971,11810.408,11749.0,11770.622
2026-03-27 10:00:00,11856.736,12008.256,12077.813,11952.0,11980.541
2026-03-27 11:00:00,11841.356,11997.706,12049.805,11925.0,11963.925
2026-03-27 12:00:00,11707.445,11876.574,11954.707,11886.0,11862.803
2026-03-27 13:00:00,11640.011,11810.543,11884.97,11800.0,11830.094
2026-03-27 14:00:00,11565.237,11758.067,11861.495,11754.0,11785.746
2026-03-27 15:00:00,11490.081,11726.212,11842.209,11690.0,11741.479
2026-03-27 16:00:00,11422.337,11682.251,11755.646,11712.0,11691.59
2026-03-27 17:00:00,11321.679,11581.605,11665.314,11545.0,11621.971
2026-03-27 18:00:00,11392.583,11643.807,11655.493,11579.0,11644.219
2026-03-27 19:00:00,11552.93,11810.917,11716.872,11687.0,11719.131
2026-03-27 20:00:00,11673.271,11981.467,11936.583,11880.0,11951.237
2026-03-27 21:00:00,11624.596,11951.653,11926.649,11850.0,11939.552
2026-03-27 22:00:00,11439.106,11763.819,11724.133,11715.0,11780.811
2026-03-27 23:00:00,11086.638,11392.413,11330.009,11377.0,11375.748
2026-03-28 00:00:00,10711.2295,10928.852,10809.725,10959.0,10989.109
2026-03-28 01:00:00,10381.17,10538.115,10628.003,10522.0,10623.205
2026-03-28 02:00:00,10170.652,10296.08,10345.207,10284.0,10325.878
2026-03-28 03:00:00,10002.532,10156.475,10175.537,10127.0,10184.681
2026-03-28 04:00:00,9931.178,10098.611,10071.748,10102.0,10133.563
2026-03-28 05:00:00,9964.961,10151.248,10065.046,10135.0,10178.806
2026-03-28 06:00:00,10017.938,10232.617,10200.064,10263.0,10269.68
2026-03-28 07:00:00,10165.662,10409.09,10372.592,10339.0,10392.2705
2026-03-28 08:00:00,10490.112,10706.805,10755.654,10693.0,10734.982
2026-03-28 09:00:00,10985.441,11218.854,11364.057,11265.0,11324.774
2026-03-28 10:00:00,11315.198,11550.32,11738.388,11623.0,11658.056
2026-03-28 11:00:00,11430.243,11631.058,11831.33,11745.0,11752.057
2026-03-28 12:00:00,11393.18,11556.827,11782.118,11708.0,11710.262
2026-03-28 13:00:00,11335.781,11472.605,11705.48,11612.0,11667.116
2026-03-28 14:00:00,11258.044,11393.611,11659.549,11552.0,11612.766
2026-03-28 15:00:00,11200.863,11358.133,11626.164,11517.0,11544.506
2026-03-28 16:00:00,11143.092,11310.903,11558.895,11485.0,11477.426
2026-03-28 17:00:00,11119.018,11231.059,11475.49,11429.0,11425.718
2026-03-28 18:00:00,11215.602,11335.149,11489.407,11481.0,11479.535
2026-03-28 19:00:00,11369.224,11496.901,11606.542,11529.0,11586.053
2026-03-28 20:00:00,11491.674,11696.893,11855.3955,11729.0,11839.91
2026-03-28 21:00:00,11454.779,11699.663,11872.941,11886.0,11844.995
2026-03-28 22:00:00,11267.418,11504.933,11676.574,11640.0,11666.108
2026-03-28 23:00:00,10927.18,11146.422,11291.586,11209.0,11243.77
2026-03-29 00:00:00,10838.864,10782.026,10792.045,10922.0,10841.377
2026-03-29 01:00:00,10504.965,10411.893,10575.175,10436.0,10470.429
2026-03-29 02:00:00,10302.746,10197.282,10281.938,10232.0,10209.719
2026-03-29 03:00:00,10130.185,10020.595,10095.811,10088.0,10009.814
2026-03-29 04:00:00,10062.31,9958.788,9976.635,9929.0,9942.509
2026-03-29 05:00:00,10092.826,10018.527,9961.004,9921.0,10015.365
2026-03-29 06:00:00,10129.531,10062.649,10040.3125,10030.0,10087.889
2026-03-29 07:00:00,10230.97,10178.386,10154.041,10070.0,10171.781
2026-03-29 08:00:00,10490.396,10430.85,10485.958,10334.0,10470.521
2026-03-29 09:00:00,10951.718,10894.011,11063.574,10899.0,11024.853
2026-03-29 10:00:00,11290.305,11242.818,11486.478,11246.0,11392.481
2026-03-29 11:00:00,11449.115,11397.077,11629.403,11368.0,11545.182
2026-03-29 12:00:00,11454.933,11400.387,11642.706,11355.0,11536.17
2026-03-29 13:00:00,11413.644,11358.585,11596.647,11246.0,11530.924
2026-03-29 14:00:00,11340.858,11302.023,11561.937,11287.0,11482.186
2026-03-29 15:00:00,11294.499,11277.316,11533.533,11177.0,11415.364
2026-03-29 16:00:00,11261.231,11244.778,11498.17,11148.0,11374.733
2026-03-29 17:00:00,11288.086,11172.748,11436.044,11249.0,11324.361
2026-03-29 18:00:00,11386.303,11281.529,11475.195,11408.0,11375.593
2026-03-29 19:00:00,11549.415,11482.53,11607.402,11518.0,11512.945
2026-03-29 20:00:00,11701.941,11706.959,11840.991,11722.0,11762.289
2026-03-29 21:00:00,11681.532,11703.991,11861.373,11805.0,11759.1875
2026-03-29 22:00:00,11453.076,11471.057,11632.015,11468.0,11540.37
2026-03-29 23:00:00,11048.41,11060.969,11194.456,11032.0,11081.643
2026-03-30 00:00:00,10638.491,10733.587,10669.732,10640.0,10713.412
2026-03-30 01:00:00,10304.566,10357.178,10302.678,10221.0,10295.69
2026-03-30 02:00:00,10117.266,10152.292,10046.374,10026.0,10032.95
2026-03-30 03:00:00,10010.059,10033.193,9894.533,9921.0,9892.933
2026-03-30 04:00:00,9908.617,9957.434,9809.22,9900.0,9851.487
2026-03-30 05:00:00,9986.969,10069.135,9871.333,9965.0,9974.238
2026-03-30 06:00:00,10258.392,10328.644,10236.809,10289.0,10283.605
2026-03-30 07:00:00,10594.382,10657.298,10661.105,10535.0,10604.798
2026-03-30 08:00:00,11063.0,11110.294,11185.389,11031.0,11092.01
2026-03-30 09:00:00,11604.593,11671.304,11829.816,11658.0,11729.947
2026-03-30 10:00:00,11829.67,11905.817,12103.28,11924.0,11972.427
2026-03-30 11:00:00,11784.822,11876.913,12081.52,11971.0,11971.991
2026-03-30 12:00:00,11676.968,11775.269,12005.568,11788.0,11926.887
2026-03-30 13:00:00,11630.783,11701.741,11910.857,11715.0,11852.89
2026-03-30 14:00:00,11594.533,11661.435,11873.221,11692.0,11796.11
2026-03-30 15:00:00,11555.194,11638.75,11871.697,11586.0,11752.222
2026-03-30 16:00:00,11521.538,11591.519,11809.596,11537.0,11709.781
2026-03-30 17:00:00,11429.638,11448.518,11644.2705,11445.0,11559.571
2026-03-30 18:00:00,11454.654,11505.106,11639.502,11478.0,11580.464
2026-03-30 19:00:00,11586.621,11686.529,11713.945,11544.0,11678.124
2026-03-30 20:00:00,11727.519,11867.757,11895.057,11753.0,11857.212
2026-03-30 21:00:00,11690.243,11834.829,11899.957,11795.0,11836.109
2026-03-30 22:00:00,11462.192,11597.934,11703.986,11580.0,11641.074
2026-03-30 23:00:00,11028.76,11137.182,11244.102,11090.0,11157.897
2026-03-31 00:00:00,10620.265,10635.559,10670.234,10598.0,10652.358
2026-03-31 01:00:00,10287.922,10302.072,10250.054,10109.0,10276.691
2026-03-31 02:00:00,10098.633,10108.332,9999.417,9903.0,10040.279
2026-03-31 03:00:00,9998.424,9987.6875,9849.411,9854.0,9899.79
2026-03-31 04:00:00,9915.198,9917.732,9769.478,9750.0,9846.419
2026-03-31 05:00:00,9999.737,10033.506,9827.525,9865.0,9993.645
2026-03-31 06:00:00,10253.646,10274.92,10207.761,10145.0,10298.967
2026-03-31 07:00:00,10565.812,10567.384,10605.51,10350.0,10581.574
2026-03-31 08:00:00,11000.879,10989.551,11113.028,10862.0,11055.804
2026-03-31 09:00:00,11539.753,11537.931,11742.26,11483.0,11681.423
2026-03-31 10:00:00,11764.001,11769.592,12004.149,11866.0,11877.787
2026-03-31 11:00:00,11727.761,11738.372,11968.201,11740.0,11838.79
2026-03-31 12:00:00,11596.992,11641.913,11913.632,11696.0,11773.737
2026-03-31 13:00:00,11546.328,11576.15,11840.501,11633.0,11730.651
2026-03-31 14:00:00,11491.444,11500.583,11808.126,11650.0,11673.023
2026-03-31 15:00:00,11440.375,11464.27,11795.535,11567.0,11612.876
2026-03-31 16:00:00,11399.465,11439.641,11746.824,11531.0,11583.064
2026-03-31 17:00:00,11314.713,11344.072,11633.962,11526.0,11487.459
2026-03-31 18:00:00,11367.311,11420.122,11658.61,11529.0,11552.987
2026-03-31 19:00:00,11509.447,11580.159,11736.768,11687.0,11641.07
2026-03-31 20:00:00,11649.454,11722.18,11874.845,11780.0,11797.242
2026-03-31 21:00:00,11626.299,11692.059,11862.815,11848.0,11763.197
2026-03-31 22:00:00,11400.293,11455.988,11658.231,11586.0,11554.032
2026-03-31 23:00:00,10978.244,11039.547,11201.234,11153.0,11085.215
2026-04-01 00:00:00,10488.915,10623.514,10601.687,10683.0,10659.225
2026-04-01 01:00:00,10130.122,10255.383,10224.403,10324.0,10255.551
2026-04-01 02:00:00,9946.504,10061.97,9983.791,10018.0,10014.658
2026-04-01 03:00:00,9840.622,9965.41,9847.212,9970.0,9884.045
2026-04-01 04:00:00,9753.529,9891.791,9761.875,9993.0,9844.619
2026-04-01 05:00:00,9832.699,10025.244,9810.756,10001.0,9986.799
2026-04-01 06:00:00,10082.954,10271.536,10152.093,10299.0,10252.602
2026-04-01 07:00:00,10408.633,10610.133,10527.766,10549.0,10545.442
2026-04-01 08:00:00,10862.072,11064.393,11051.254,11031.0,11042.0205
2026-04-01 09:00:00,11426.064,11629.998,11694.012,11545.0,11671.204
2026-04-01 10:00:00,11654.956,11868.847,11954.857,11837.0,11893.342
2026-04-01 11:00:00,11621.301,11851.474,11933.84,11837.0,11895.04
2026-04-01 12:00:00,11485.16,11762.281,11878.036,11728.0,11841.229
2026-04-01 13:00:00,11431.372,11708.791,11803.686,11650.0,11786.056
2026-04-01 14:00:00,11373.071,11671.692,11779.288,11708.0,11738.4795
2026-04-01 15:00:00,11317.988,11626.622,11768.567,11639.0,11683.08
2026-04-01 16:00:00,11271.577,11558.256,11692.516,11736.0,11619.835
2026-04-01 17:00:00,11182.471,11406.93,11580.869,11505.0,11519.979
2026-04-01 18:00:00,11230.091,11457.39,11606.563,11502.0,11537.159
2026-04-01 19:00:00,11372.648,11637.359,11694.847,11568.0,11624.832
2026-04-01 20:00:00,11530.788,11859.072,11877.575,11668.0,11841.137
2026-04-01 21:00:00,11510.342,11861.998,11914.229,11860.0,11883.508
2026-04-01 22:00:00,11289.283,11643.435,11718.895,11690.0,11696.628
2026-04-01 23:00:00,10862.176,11200.243,11282.634,11238.0,11252.326
2026-04-02 00:00:00,10646.105,10832.232,10823.484,10819.0,10836.949
2026-04-02 01:00:00,10280.026,10411.655,10394.193,10409.0,10367.381
2026-04-02 02:00:00,10084.537,10191.225,10158.265,10214.0,10107.121
2026-04-02 03:00:00,9984.623,10064.453,10030.254,10029.0,9966.039
2026-04-02 04:00:00,9897.245,9999.64,9950.595,10065.0,9921.978
2026-04-02 05:00:00,9979.656,10101.615,9977.241,10223.0,10041.807
2026-04-02 06:00:00,10218.68,10317.543,10286.781,10409.0,10285.599
2026-04-02 07:00:00,10524.707,10608.286,10606.902,10720.0,10534.53
2026-04-02 08:00:00,10975.094,11052.604,11081.16,11213.0,11004.006
2026-04-02 09:00:00,11549.106,11636.337,11730.712,11746.0,11648.168
2026-04-02 10:00:00,11789.531,11885.538,11989.541,11969.0,11889.423
2026-04-02 11:00:00,11760.938,11848.318,11946.276,11952.0,11857.482
2026-04-02 12:00:00,11631.85,11708.17,11864.015,11807.0,11759.965
2026-04-02 13:00:00,11582.131,11640.304,11778.671,11755.0,11693.846
2026-04-02 14:00:00,11552.187,11596.738,11751.112,11752.0,11648.575
2026-04-02 15:00:00,11495.824,11539.575,11727.88,11627.0,11575.8125
2026-04-02 16:00:00,11449.84,11483.704,11646.288,11737.0,11508.71
2026-04-02 17:00:00,11394.871,11379.559,11547.891,11395.0,11424.685
2026-04-02 18:00:00,11437.771,11433.734,11575.02,11494.0,11453.845
2026-04-02 19:00:00,11569.174,11592.329,11656.134,11511.0,11528.089
2026-04-02 20:00:00,11685.523,11800.281,11836.705,11657.0,11738.221
2026-04-02 21:00:00,11673.659,11828.205,11916.612,11853.0,11801.233
2026-04-02 22:00:00,11463.261,11629.582,11718.715,11703.0,11617.814
2026-04-02 23:00:00,11045.389,11186.535,11315.691,11261.0,11166.236
2026-04-03 00:00:00,10872.721,10841.612,10812.562,10865.0,10830.335
2026-04-03 01:00:00,10486.375,10463.438,10395.39,10412.0,10431.819
2026-04-03 02:00:00,10285.495,10231.469,10158.258,10160.0,10156.545
2026-04-03 03:00:00,10183.081,10109.447,10016.297,10088.0,10013.076
2026-04-03 04:00:00,10104.709,10033.312,9952.648,10032.0,9974.764
2026-04-03 05:00:00,10194.034,10147.46,9993.864,10113.0,10113.67
2026-04-03 06:00:00,10422.482,10341.121,10310.002,10268.0,10339.0
2026-04-03 07:00:00,10727.559,10644.157,10631.367,10568.0,10619.876
2026-04-03 08:00:00,11196.776,11100.922,11137.504,11050.0,11124.757
2026-04-03 09:00:00,11764.506,11698.727,11787.804,11673.0,11742.126
2026-04-03 10:00:00,11998.245,11961.741,12055.534,11995.0,12004.63
2026-04-03 11:00:00,11996.729,11979.299,12065.69,12035.0,12025.282
2026-04-03 12:00:00,11859.677,11904.395,12029.695,11933.0,11965.791
2026-04-03 13:00:00,11800.978,11866.131,11972.343,11933.0,11941.098
2026-04-03 14:00:00,11768.778,11864.957,11971.323,11951.0,11943.338
2026-04-03 15:00:00,11698.421,11844.8545,11959.409,11894.0,11912.836
2026-04-03 16:00:00,11646.393,11805.215,11932.529,12020.0,11885.711
2026-04-03 17:00:00,11556.905,11649.885,11873.022,11735.0,11833.164
2026-04-03 18:00:00,11576.103,11664.427,11869.33,11849.0,11828.591
2026-04-03 19:00:00,11693.436,11756.429,11899.649,11871.0,11855.284
2026-04-03 20:00:00,11839.681,11880.83,11970.743,11804.0,11922.795
2026-04-03 21:00:00,11838.468,11876.516,12021.793,11927.0,11943.034
2026-04-03 22:00:00,11685.819,11696.309,11828.973,11756.0,11764.403
2026-04-03 23:00:00,11319.33,11328.736,11453.256,11386.0,11390.787
2026-04-04 00:00:00,10840.446,10855.026,10904.303,11007.0,10942.3
2026-04-04 01:00:00,10462.582,10462.866,10574.832,10510.0,10574.3125
2026-04-04 02:00:00,10253.697,10268.51,10305.045,10233.0,10312.031
2026-04-04 03:00:00,10109.31,10142.234,10167.1455,10091.0,10153.258
2026-04-04 04:00:00,10041.521,10071.124,10050.652,10007.0,10063.007
2026-04-04 05:00:00,10066.771,10100.472,10055.16,10023.0,10119.024
2026-04-04 06:00:00,10119.094,10158.841,10163.314,10084.0,10211.262
2026-04-04 07:00:00,10247.392,10305.751,10319.49,10286.0,10356.582
2026-04-04 08:00:00,10604.609,10664.789,10714.391,10555.0,10712.705
2026-04-04 09:00:00,11145.215,11185.712,11322.881,11213.0,11281.516
2026-04-04 10:00:00,11484.529,11550.676,11757.799,11631.0,11654.646
2026-04-04 11:00:00,11574.567,11656.209,11887.59,11771.0,11793.912
2026-04-04 12:00:00,11511.711,11654.814,11922.488,11753.0,11833.107
2026-04-04 13:00:00,11451.382,11626.543,11885.664,11732.0,11841.761
2026-04-04 14:00:00,11372.999,11613.869,11874.188,11657.0,11849.05
2026-04-04 15:00:00,11312.72,11581.287,11847.735,11626.0,11821.843
2026-04-04 16:00:00,11285.435,11550.354,11819.138,11615.0,11808.663
2026-04-04 17:00:00,11258.36,11457.319,11754.024,11591.0,11739.0
2026-04-04 18:00:00,11297.075,11500.862,11776.745,11663.0,11782.992
2026-04-04 19:00:00,11397.681,11616.31,11840.11,11692.0,11857.439
2026-04-04 20:00:00,11563.083,11746.075,11920.73,11758.0,11918.578
2026-04-04 21:00:00,11637.371,11765.672,11982.606,11812.0,11937.446
2026-04-04 22:00:00,11459.455,11542.632,11758.705,11545.0,11702.782
2026-04-04 23:00:00,11099.964,11181.6455,11396.769,11167.0,11304.901
2026-04-05 00:00:00,10820.805,10877.897,10947.27,10828.0,10952.314
2026-04-05 01:00:00,10422.696,10467.55,10581.596,10477.0,10549.773
2026-04-05 02:00:00,10208.884,10240.651,10301.153,10159.0,10263.861
2026-04-05 03:00:00,10050.347,10074.861,10126.213,10079.0,10080.661
2026-04-05 04:00:00,9951.228,9983.73,10005.033,10000.0,9984.984
2026-04-05 05:00:00,9966.797,10011.12,9941.47,9918.0,10031.523
2026-04-05 06:00:00,9996.722,10065.476,10024.316,9931.0,10116.758
2026-04-05 07:00:00,10084.7295,10160.608,10128.842,10042.0,10213.431
2026-04-05 08:00:00,10351.806,10416.507,10432.078,10254.0,10450.665
2026-04-05 09:00:00,10859.496,10924.293,11027.181,10766.0,10972.067
2026-04-05 10:00:00,11229.023,11299.091,11465.547,11256.0,11361.368
2026-04-05 11:00:00,11384.47,11461.074,11650.105,11410.0,11537.54
2026-04-05 12:00:00,11380.232,11482.548,11691.472,11493.0,11565.909
2026-04-05 13:00:00,11342.395,11428.793,11635.51,11492.0,11519.843
2026-04-05 14:00:00,11280.306,11360.464,11611.106,11563.0,11471.124
2026-04-05 15:00:00,11225.626,11337.26,11580.882,11493.0,11438.331
2026-04-05 16:00:00,11218.402,11372.802,11605.16,11521.0,11454.108
2026-04-05 17:00:00,11234.224,11392.511,11575.383,11491.0,11509.53
2026-04-05 18:00:00,11328.67,11446.215,11631.495,11659.0,11575.171
2026-04-05 19:00:00,11462.296,11571.442,11669.071,11680.0,11626.444
2026-04-05 20:00:00,11611.738,11735.935,11761.529,11731.0,11732.096
2026-04-05 21:00:00,11696.276,11778.725,11856.733,11913.0,11821.298
2026-04-05 22:00:00,11481.496,11535.628,11622.48,11588.0,11569.391
2026-04-05 23:00:00,11056.797,11091.845,11216.293,11159.0,11142.146
2026-04-06 00:00:00,10633.878,10720.695,10661.104,10739.0,10733.456
2026-04-06 01:00:00,10265.511,10359.279,10248.044,10364.0,10310.628
2026-04-06 02:00:00,10083.058,10156.994,10017.816,10097.0,10076.957
2026-04-06 03:00:00,9987.682,10025.008,9882.049,9995.0,9938.657
2026-04-06 04:00:00,9901.934,9946.774,9806.781,9982.0,9880.579
2026-04-06 05:00:00,9977.982,10017.961,9846.099,9995.0,9969.541
2026-04-06 06:00:00,10175.15,10222.863,10117.879,10268.0,10199.183
2026-04-06 07:00:00,10461.967,10502.832,10460.422,10645.0,10481.184
2026-04-06 08:00:00,10914.768,10927.403,10965.167,11157.0,10954.406
2026-04-06 09:00:00,11515.994,11478.457,11591.957,11745.0,11538.008
2026-04-06 10:00:00,11780.873,11762.649,11910.033,11917.0,11826.725
2026-04-06 11:00:00,11771.391,11790.445,11933.833,11943.0,11833.273
2026-04-06 12:00:00,11649.12,11709.041,11860.331,11921.0,11775.945
2026-04-06 13:00:00,11611.993,11714.422,11832.195,11836.0,11786.381
2026-04-06 14:00:00,11599.271,11741.911,11847.409,11888.0,11769.133
2026-04-06 15:00:00,11558.204,11727.353,11830.319,11817.0,11751.04
2026-04-06 16:00:00,11541.754,11724.057,11807.489,11965.0,11753.53
2026-04-06 17:00:00,11411.423,11590.617,11738.449,11722.0,11631.668
2026-04-06 18:00:00,11427.196,11581.424,11727.01,11697.0,11635.698
2026-04-06 19:00:00,11513.95,11669.241,11763.039,11827.0,11662.852
2026-04-06 20:00:00,11611.747,11762.528,11809.114,11890.0,11720.716
2026-04-06 21:00:00,11661.496,11777.038,11877.665,12019.0,11766.965
2026-04-06 22:00:00,11466.842,11567.196,11666.662,11778.0,11566.576
2026-04-06 23:00:00,11047.566,11149.538,11260.1875,11279.0,11152.893
2026-04-07 00:00:00,10780.71,10834.382,10831.086,10813.0,10853.079
2026-04-07 01:00:00,10385.666,10436.607,10440.044,10395.0,10406.091
2026-04-07 02:00:00,10182.538,10201.372,10202.361,10160.0,10155.297
2026-04-07 03:00:00,10086.975,10091.017,10083.475,10071.0,10040.096
2026-04-07 04:00:00,10007.469,10034.084,10013.508,10093.0,10008.997
2026-04-07 05:00:00,10091.8125,10137.267,10050.623,10024.0,10111.287
2026-04-07 06:00:00,10334.391,10388.694,10351.866,10280.0,10372.652
2026-04-07 07:00:00,10653.223,10730.402,10709.853,10594.0,10716.852
2026-04-07 08:00:00,11137.523,11193.686,11164.471,11104.0,11161.561
2026-04-07 09:00:00,11720.051,11733.018,11745.511,11699.0,11729.692
2026-04-07 10:00:00,11956.271,11995.301,12037.019,12025.0,11984.491
2026-04-07 11:00:00,11943.596,12039.503,12068.056,12072.0,12010.536
2026-04-07 12:00:00,11814.958,11992.377,12036.437,12083.0,11977.0625
2026-04-07 13:00:00,11788.631,12000.089,12015.138,12002.0,11997.487
2026-04-07 14:00:00,11772.45,12003.633,12006.046,12089.0,11988.79
2026-04-07 15:00:00,11729.242,11976.447,11965.823,12058.0,11956.865
2026-04-07 16:00:00,11697.717,11890.128,11937.089,12173.0,11942.048
2026-04-07 17:00:00,11586.155,11723.953,11823.506,11880.0,11773.3125
2026-04-07 18:00:00,11623.91,11787.33,11857.465,11850.0,11792.625
2026-04-07 19:00:00,11716.391,11918.21,11882.561,11934.0,11853.828
2026-04-07 20:00:00,11815.457,12010.251,11915.701,11867.0,11895.379
2026-04-07 21:00:00,11835.015,11999.999,11984.99,12079.0,11955.528
2026-04-07 22:00:00,11639.332,11810.224,11769.5,11833.0,11762.187
2026-04-07 23:00:00,11197.917,11392.414,11372.839,11317.0,11355.646
2026-04-08 00:00:00,10812.035,10974.244,10962.666,10943.0,10965.317
2026-04-08 01:00:00,10402.283,10590.051,10557.486,10543.0,10580.523
2026-04-08 02:00:00,10199.362,10384.046,10349.825,10388.0,10356.269
2026-04-08 03:00:00,10104.255,10297.721,10227.284,10254.0,10237.085
2026-04-08 04:00:00,10033.639,10239.678,10186.522,10222.0,10211.166
2026-04-08 05:00:00,10101.34,10346.188,10212.574,10286.0,10294.554
2026-04-08 06:00:00,10302.535,10556.3545,10468.035,10542.0,10499.543
2026-04-08 07:00:00,10616.991,10889.416,10860.685,10980.0,10821.202
2026-04-08 08:00:00,11103.704,11355.012,11375.987,11519.0,11250.609
2026-04-08 09:00:00,11707.408,11967.612,11979.486,12070.0,11882.582
2026-04-08 10:00:00,11936.447,12227.117,12215.323,12331.0,12127.868
2026-04-08 11:00:00,11933.089,12246.384,12234.893,12262.0,12146.112
2026-04-08 12:00:00,11829.371,12180.462,12218.857,12227.0,12106.537
2026-04-08 13:00:00,11792.364,12119.7295,12159.577,12178.0,12082.984
2026-04-08 14:00:00,11773.093,12074.055,12141.8545,12168.0,12061.228
2026-04-08 15:00:00,11738.622,12055.413,12100.993,12111.0,12020.47
2026-04-08 16:00:00,11733.094,12046.099,12121.392,12146.0,12038.812
2026-04-08 17:00:00,11592.285,11886.445,11997.988,11977.0,11883.905
2026-04-08 18:00:00,11622.803,11904.73,11975.186,11972.0,11870.351
2026-04-08 19:00:00,11704.803,12020.83,12005.172,12021.0,11936.084
2026-04-08 20:00:00,11793.84,12151.519,12052.668,11952.0,12026.454
2026-04-08 21:00:00,11840.48,12199.735,12234.513,12235.0,12175.4
2026-04-08 22:00:00,11656.405,12021.827,12038.418,12066.0,12014.689
2026-04-08 23:00:00,11222.935,11598.111,11627.055,11592.0,11632.532
2026-04-09 00:00:00,11092.349,11184.213,11255.345,11204.0,11178.965
2026-04-09 01:00:00,10678.587,10756.745,10807.862,10725.0,10740.38
2026-04-09 02:00:00,10488.999,10545.858,10581.475,10467.0,10531.011
2026-04-09 03:00:00,10379.94,10430.301,10459.099,10338.0,10411.105
2026-04-09 04:00:00,10313.042,10376.656,10403.504,10334.0,10404.514
2026-04-09 05:00:00,10371.508,10461.412,10417.906,10443.0,10471.973
2026-04-09 06:00:00,10589.551,10676.988,10672.961,10635.0,10666.647
2026-04-09 07:00:00,10938.616,11000.912,10990.385,10989.0,10949.169
2026-04-09 08:00:00,11448.429,11461.819,11467.301,11577.0,11406.891
2026-04-09 09:00:00,12002.778,12023.93,12026.223,12115.0,11968.7
2026-04-09 10:00:00,12242.663,12267.012,12292.278,12348.0,12210.068
2026-04-09 11:00:00,12270.17,12290.134,12318.962,12339.0,12232.962
2026-04-09 12:00:00,12213.513,12211.881,12262.619,12206.0,12163.042
2026-04-09 13:00:00,12172.604,12151.298,12190.775,12190.0,12123.297
2026-04-09 14:00:00,12157.092,12121.171,12164.745,12211.0,12108.732
2026-04-09 15:00:00,12152.816,12091.84,12124.735,12091.0,12062.258
2026-04-09 16:00:00,12151.053,12060.504,12130.597,12209.0,12070.652
2026-04-09 17:00:00,11958.585,11866.783,11954.938,11995.0,11845.428
2026-04-09 18:00:00,11997.103,11892.25,11923.004,11938.0,11812.593
2026-04-09 19:00:00,12029.602,11973.451,11940.267,11928.0,11838.761
2026-04-09 20:00:00,12052.012,12087.075,12007.1045,11990.0,11914.56
2026-04-09 21:00:00,12104.048,12143.335,12207.698,12208.0,12117.488
2026-04-09 22:00:00,11921.029,11955.747,12019.768,12104.0,11951.868
2026-04-09 23:00:00,11480.288,11509.22,11603.171,11558.0,11531.89
2026-04-10 00:00:00,11250.078,11130.459,11125.592,11122.0,11177.209
2026-04-10 01:00:00,10798.295,10687.674,10677.552,10654.0,10697.974
2026-04-10 02:00:00,10585.523,10458.286,10467.668,10419.0,10460.332
2026-04-10 03:00:00,10474.784,10342.455,10345.483,10327.0,10343.162
2026-04-10 04:00:00,10408.617,10298.056,10323.528,10269.0,10320.185
2026-04-10 05:00:00,10470.732,10386.988,10371.014,10386.0,10425.635
2026-04-10 06:00:00,10653.694,10564.502,10593.261,10546.0,10596.417
2026-04-10 07:00:00,10973.654,10857.02,10935.728,11009.0,10881.1875
2026-04-10 08:00:00,11510.805,11357.136,11474.176,11495.0,11389.43
2026-04-10 09:00:00,12099.667,11927.2295,12008.713,11902.0,11931.807
2026-04-10 10:00:00,12348.781,12159.441,12239.259,12163.0,12169.785
2026-04-10 11:00:00,12358.144,12149.932,12202.369,12136.0,12144.777
2026-04-10 12:00:00,12299.404,12052.336,12138.917,12007.0,12073.508
2026-04-10 13:00:00,12255.72,12003.653,12057.217,12028.0,12034.522
2026-04-10 14:00:00,12230.506,11975.731,12029.622,12022.0,12004.267
2026-04-10 15:00:00,12219.301,11940.397,11969.435,11896.0,11950.142
2026-04-10 16:00:00,12199.478,11909.418,11987.487,11883.0,11947.917
2026-04-10 17:00:00,12029.283,11715.38,11805.826,11622.0,11757.667
2026-04-10 18:00:00,12069.071,11713.691,11763.361,11619.0,11729.933
2026-04-10 19:00:00,12104.112,11771.795,11743.19,11722.0,11727.126
2026-04-10 20:00:00,12137.813,11899.119,11771.947,11708.0,11797.448
2026-04-10 21:00:00,12184.672,12026.043,12019.941,12043.0,12027.281
2026-04-10 22:00:00,12046.747,11893.134,11885.802,11897.0,11918.904
2026-04-10 23:00:00,11675.02,11511.055,11498.178,11511.0,11550.729
2026-04-11 00:00:00,11265.476,11154.801,11088.337,11108.0,11129.641
2026-04-11 01:00:00,10807.808,10685.916,10736.492,10708.0,10689.375
2026-04-11 02:00:00,10568.714,10453.819,10468.292,10450.0,10416.891
2026-04-11 03:00:00,10438.351,10323.135,10309.805,10237.0,10276.734
2026-04-11 04:00:00,10342.98,10257.984,10240.428,10241.0,10240.001
2026-04-11 05:00:00,10348.408,10272.023,10214.461,10178.0,10278.538
2026-04-11 06:00:00,10414.549,10347.209,10303.638,10143.0,10331.447
2026-04-11 07:00:00,10578.227,10511.769,10427.411,10381.0,10473.323
2026-04-11 08:00:00,10933.165,10868.993,10786.717,10741.0,10822.948
2026-04-11 09:00:00,11475.258,11387.611,11346.434,11360.0,11391.738
2026-04-11 10:00:00,11868.737,11767.74,11725.883,11709.0,11740.596
2026-04-11 11:00:00,12008.289,11876.673,11822.99,11790.0,11837.397
2026-04-11 12:00:00,12017.628,11831.837,11795.9795,11781.0,11809.481
2026-04-11 13:00:00,11990.32,11773.1045,11717.103,11724.0,11772.147
2026-04-11 14:00:00,11939.939,11727.041,11671.03,11713.0,11723.073
2026-04-11 15:00:00,11908.546,11679.602,11593.534,11641.0,11658.711
2026-04-11 16:00:00,11896.253,11667.311,11594.663,11580.0,11675.985
2026-04-11 17:00:00,11843.418,11576.645,11524.774,11485.0,11570.766
2026-04-11 18:00:00,11908.493,11624.502,11553.493,11536.0,11592.44
2026-04-11 19:00:00,11941.127,11703.607,11564.95,11557.0,11614.37
2026-04-11 20:00:00,12003.951,11831.604,11664.068,11536.0,11703.342
2026-04-11 21:00:00,12053.796,11944.836,11851.323,11884.0,11925.927
2026-04-11 22:00:00,11875.631,11751.311,11678.85,11682.0,11737.57
2026-04-11 23:00:00,11513.644,11352.447,11279.197,11342.0,11326.89
2026-04-12 00:00:00,10978.191,10850.59,10785.046,10965.0,10879.654
2026-04-12 01:00:00,10569.893,10415.98,10492.566,10493.0,10477.162
2026-04-12 02:00:00,10366.701,10216.815,10240.375,10216.0,10226.847
2026-04-12 03:00:00,10211.361,10044.069,10073.884,10073.0,10042.913
2026-04-12 04:00:00,10106.205,9951.259,9965.6045,10116.0,9962.047
2026-04-12 05:00:00,10082.389,9935.578,9881.094,9986.0,9931.513
2026-04-12 06:00:00,10111.536,9931.986,9912.277,9934.0,9901.324
2026-04-12 07:00:00,10201.754,10027.326,9994.437,10129.0,10005.951
2026-04-12 08:00:00,10476.774,10313.233,10283.72,10304.0,10267.994
2026-04-12 09:00:00,10980.261,10798.318,10809.828,10815.0,10809.949
2026-04-12 10:00:00,11362.752,11174.41,11204.8545,11188.0,11184.81
2026-04-12 11:00:00,11524.979,11314.042,11332.411,11283.0,11324.987
2026-04-12 12:00:00,11552.715,11315.413,11352.108,11308.0,11346.839
2026-04-12 13:00:00,11542.04,11283.072,11284.724,11194.0,11313.538
2026-04-12 14:00:00,11536.427,11259.808,11274.53,11112.0,11298.682
2026-04-12 15:00:00,11492.558,11232.789,11222.067,11051.0,11249.727
2026-04-12 16:00:00,11481.675,11208.788,11208.32,11079.0,11243.696
2026-04-12 17:00:00,11487.24,11129.862,11193.044,11022.0,11141.352
2026-04-12 18:00:00,11549.162,11170.992,11272.3955,11114.0,11198.135
2026-04-12 19:00:00,11643.554,11281.541,11310.121,11206.0,11248.216
2026-04-12 20:00:00,11728.215,11443.301,11405.79,11218.0,11343.045
2026-04-12 21:00:00,11866.353,11620.885,11643.562,11560.0,11631.861
2026-04-12 22:00:00,11653.614,11392.218,11411.44,11350.0,11398.711
2026-04-12 23:00:00,11223.173,10950.892,10971.96,10947.0,10946.717
2026-04-13 00:00:00,10724.381,10609.053,10488.138,10578.0,10620.008
2026-04-13 01:00:00,10358.99,10239.024,10095.605,10173.0,10174.026
2026-04-13 02:00:00,10174.195,10041.648,9872.81,9955.0,9943.529
2026-04-13 03:00:00,10075.056,9929.909,9746.707,9835.0,9827.438
2026-04-13 04:00:00,10004.738,9864.588,9707.025,9771.0,9815.998
2026-04-13 05:00:00,10071.42,9937.875,9708.671,9759.0,9888.82
2026-04-13 06:00:00,10259.59,10116.394,9922.124,10045.0,10049.795
2026-04-13 07:00:00,10609.8125,10431.876,10257.557,10533.0,10370.8
2026-04-13 08:00:00,11126.254,10957.58,10781.808,10932.0,10867.678
2026-04-13 09:00:00,11650.855,11488.941,11370.403,11394.0,11455.661
2026-04-13 10:00:00,11872.342,11710.517,11633.556,11742.0,11686.325
2026-04-13 11:00:00,11865.068,11698.622,11638.388,11643.0,11689.033
2026-04-13 12:00:00,11775.268,11577.018,11555.94,11565.0,11609.416
2026-04-13 13:00:00,11766.573,11548.616,11486.06,11575.0,11578.621
2026-04-13 14:00:00,11759.04,11552.669,11479.521,11563.0,11549.282
2026-04-13 15:00:00,11725.929,11520.8545,11425.602,11450.0,11488.974
2026-04-13 16:00:00,11718.691,11493.684,11393.463,11560.0,11482.439
2026-04-13 17:00:00,11539.623,11300.633,11223.277,11276.0,11272.867
2026-04-13 18:00:00,11532.075,11291.229,11207.663,11287.0,11252.088
2026-04-13 19:00:00,11579.042,11368.283,11217.374,11313.0,11267.433
2026-04-13 20:00:00,11624.3545,11446.155,11265.018,11234.0,11308.295
2026-04-13 21:00:00,11795.397,11663.602,11532.269,11575.0,11633.2
2026-04-13 22:00:00,11614.907,11484.289,11362.092,11443.0,11453.951
2026-04-13 23:00:00,11163.596,11023.901,10930.709,10935.0,11007.226
2026-04-14 00:00:00,10625.561,10537.909,10425.869,10482.0,10570.765
2026-04-14 01:00:00,10211.345,10124.562,10017.233,10122.0,10106.548
2026-04-14 02:00:00,10034.05,9933.941,9783.287,9890.0,9869.163
2026-04-14 03:00:00,9935.572,9830.107,9645.398,9781.0,9750.823
2026-04-14 04:00:00,9854.291,9776.787,9595.701,9697.0,9716.243
2026-04-14 05:00:00,9920.626,9853.484,9626.715,9835.0,9770.047
2026-04-14 06:00:00,10107.072,10030.316,9874.606,10009.0,9951.537
2026-04-14 07:00:00,10464.156,10366.426,10276.148,10456.0,10363.795
2026-04-14 08:00:00,10930.361,10832.843,10757.811,10930.0,10805.185
2026-04-14 09:00:00,11464.969,11332.16,11305.491,11466.0,11312.618
2026-04-14 10:00:00,11684.091,11565.819,11558.893,11660.0,11561.564
2026-04-14 11:00:00,11660.708,11541.246,11540.156,11596.0,11537.713
2026-04-14 12:00:00,11564.959,11432.359,11490.984,11521.0,11458.895
2026-04-14 13:00:00,11539.156,11388.716,11431.014,11434.0,11427.953
2026-04-14 14:00:00,11529.727,11375.014,11416.901,11454.0,11396.376
2026-04-14 15:00:00,11485.469,11331.686,11363.37,11386.0,11329.716
2026-04-14 16:00:00,11481.434,11253.861,11322.298,11451.0,11306.865
2026-04-14 17:00:00,11320.638,11086.06,11178.838,11237.0,11095.275
2026-04-14 18:00:00,11304.16,11068.197,11173.774,11283.0,11074.211
2026-04-14 19:00:00,11361.809,11145.493,11195.041,11247.0,11102.016
2026-04-14 20:00:00,11408.447,11252.673,11221.665,11271.0,11136.811
2026-04-14 21:00:00,11589.541,11479.167,11475.942,11526.0,11461.894
2026-04-14 22:00:00,11427.162,11304.87,11304.033,11376.0,11297.018
2026-04-14 23:00:00,11006.102,10859.657,10870.157,10890.0,10858.806
2026-04-15 00:00:00,10583.67,10484.368,10411.768,10433.0,10448.154
2026-04-15 01:00:00,10160.066,10093.742,10018.371,10011.0,10036.919
2026-04-15 02:00:00,9964.893,9890.872,9772.815,9772.0,9790.814
2026-04-15 03:00:00,9855.32,9792.332,9629.94,9670.0,9681.74
2026-04-15 04:00:00,9781.656,9721.708,9565.418,9596.0,9644.52
2026-04-15 05:00:00,9841.017,9810.545,9600.354,9676.0,9723.339
2026-04-15 06:00:00,10039.802,10005.809,9861.908,9849.0,9908.102
2026-04-15 07:00:00,10443.071,10371.617,10271.967,10302.0,10328.529
2026-04-15 08:00:00,10937.828,10875.971,10793.586,10841.0,10815.622
2026-04-15 09:00:00,11438.199,11372.172,11360.904,11364.0,11350.464
2026-04-15 10:00:00,11677.439,11642.477,11649.044,11648.0,11622.331
2026-04-15 11:00:00,11643.391,11665.409,11659.421,11633.0,11624.46
2026-04-15 12:00:00,11538.865,11594.93,11610.789,11520.0,11579.082
2026-04-15 13:00:00,11528.888,11576.064,11558.678,11472.0,11559.161
2026-04-15 14:00:00,11514.67,11561.367,11556.943,11484.0,11542.297
2026-04-15 15:00:00,11461.385,11543.932,11516.941,11438.0,11496.835
2026-04-15 16:00:00,11465.514,11567.954,11540.507,11520.0,11547.864
2026-04-15 17:00:00,11285.522,11374.93,11407.699,11253.0,11357.34
2026-04-15 18:00:00,11262.521,11345.887,11397.99,11247.0,11337.558
2026-04-15 19:00:00,11310.186,11410.468,11428.998,11336.0,11369.957
2026-04-15 20:00:00,11336.316,11433.321,11425.967,11289.0,11337.647
2026-04-15 21:00:00,11555.198,11602.922,11590.04,11542.0,11553.037
2026-04-15 22:00:00,11407.021,11416.318,11422.521,11404.0,11372.302
2026-04-15 23:00:00,10959.137,10959.168,10979.4795,10819.0,10912.732
2026-04-16 00:00:00,10469.827,10521.54,10433.37,10428.0,10490.365
2026-04-16 01:00:00,10045.075,10067.456,10004.686,10007.0,10022.033
2026-04-16 02:00:00,9853.346,9858.174,9764.371,9798.0,9775.384
2026-04-16 03:00:00,9740.597,9731.203,9618.467,9656.0,9647.974
2026-04-16 04:00:00,9664.2705,9653.083,9557.259,9601.0,9601.505
2026-04-16 05:00:00,9733.713,9733.893,9568.465,9704.0,9678.59
2026-04-16 06:00:00,9927.143,9918.39,9803.929,9900.0,9853.353
2026-04-16 07:00:00,10316.351,10277.295,10236.944,10280.0,10257.063
2026-04-16 08:00:00,10822.197,10776.856,10750.637,10812.0,10730.567
2026-04-16 09:00:00,11354.998,11319.629,11307.476,11309.0,11306.3545
2026-04-16 10:00:00,11563.118,11558.407,11535.008,11515.0,11532.51
2026-04-16 11:00:00,11524.598,11545.025,11518.139,11550.0,11495.27
2026-04-16 12:00:00,11419.372,11410.59,11446.486,11345.0,11410.427
2026-04-16 13:00:00,11394.635,11351.393,11378.38,11351.0,11362.869
2026-04-16 14:00:00,11402.123,11336.425,11381.3955,11308.0,11345.583
2026-04-16 15:00:00,11359.034,11288.346,11327.852,11254.0,11269.811
2026-04-16 16:00:00,11366.978,11291.276,11338.474,11416.0,11307.251
2026-04-16 17:00:00,11186.009,11142.161,11165.289,11233.0,11103.581
2026-04-16 18:00:00,11175.809,11191.779,11210.766,11227.0,11150.941
2026-04-16 19:00:00,11212.695,11241.1455,11215.507,11259.0,11150.765
2026-04-16 20:00:00,11228.757,11263.814,11201.793,11235.0,11174.085
2026-04-16 21:00:00,11428.285,11460.432,11419.65,11419.0,11398.3955
2026-04-16 22:00:00,11290.979,11295.594,11264.665,11306.0,11242.866
2026-04-16 23:00:00,10849.444,10844.28,10831.127,10820.0,10787.513
2026-04-17 00:00:00,10467.171,10489.814,10355.217,10367.0,10406.572
2026-04-17 01:00:00,10032.403,10060.992,9930.403,9988.0,9979.277
2026-04-17 02:00:00,9832.808,9857.024,9682.579,9723.0,9738.622
2026-04-17 03:00:00,9717.586,9735.18,9543.024,9636.0,9620.42
2026-04-17 04:00:00,9637.723,9664.973,9479.468,9551.0,9576.543
2026-04-17 05:00:00,9699.183,9750.105,9494.53,9589.0,9649.633
2026-04-17 06:00:00,9888.873,9934.336,9741.211,9762.0,9819.602
2026-04-17 07:00:00,10277.285,10304.693,10157.975,10160.0,10229.729
2026-04-17 08:00:00,10790.826,10850.262,10707.398,10730.0,10756.682
2026-04-17 09:00:00,11316.44,11371.156,11264.125,11302.0,11302.633
2026-04-17 10:00:00,11548.297,11597.913,11512.132,11531.0,11538.2
2026-04-17 11:00:00,11535.2295,11587.333,11509.702,11560.0,11522.987
2026-04-17 12:00:00,11425.25,11491.989,11454.602,11441.0,11464.007
2026-04-17 13:00:00,11399.352,11452.139,11393.572,11395.0,11419.055
2026-04-17 14:00:00,11382.505,11434.563,11385.173,11471.0,11400.178
2026-04-17 15:00:00,11334.156,11394.453,11347.134,11409.0,11343.974
2026-04-17 16:00:00,11325.79,11405.363,11367.526,11507.0,11380.445
2026-04-17 17:00:00,11133.96,11208.527,11208.424,11246.0,11170.351
2026-04-17 18:00:00,11118.301,11204.053,11201.402,11270.0,11177.517
2026-04-17 19:00:00,11169.827,11265.897,11200.1455,11230.0,11194.294
2026-04-17 20:00:00,11213.893,11338.281,11191.399,11139.0,11212.297
2026-04-17 21:00:00,11389.099,11570.448,11444.176,11419.0,11490.65
2026-04-17 22:00:00,11279.575,11445.832,11314.924,11436.0,11356.21
2026-04-17 23:00:00,10903.966,11029.846,10895.361,10952.0,10943.647
2026-04-18 00:00:00,10473.107,10603.14,10449.441,10632.0,10559.231
2026-04-18 01:00:00,10046.573,10207.527,10105.447,10164.0,10159.307
2026-04-18 02:00:00,9828.471,10005.469,9845.746,9894.0,9893.6045
2026-04-18 03:00:00,9696.861,9876.043,9698.909,9719.0,9757.672
2026-04-18 04:00:00,9612.724,9793.387,9608.584,9689.0,9703.308
2026-04-18 05:00:00,9596.198,9816.168,9561.967,9651.0,9725.507
2026-04-18 06:00:00,9639.101,9887.199,9643.812,9592.0,9764.007
2026-04-18 07:00:00,9817.113,10093.276,9814.77,9756.0,9986.284
2026-04-18 08:00:00,10195.644,10490.621,10233.286,10171.0,10379.417
2026-04-18 09:00:00,10730.961,11042.6045,10841.208,10870.0,10974.863
2026-04-18 10:00:00,11071.822,11435.144,11241.056,11240.0,11350.67
2026-04-18 11:00:00,11163.63,11511.034,11342.2295,11405.0,11447.537
2026-04-18 12:00:00,11131.654,11501.682,11352.387,11403.0,11453.44
2026-04-18 13:00:00,11083.914,11503.858,11304.197,11337.0,11433.218
2026-04-18 14:00:00,11036.923,11492.906,11285.004,11376.0,11406.958
2026-04-18 15:00:00,10988.224,11480.038,11248.552,11327.0,11379.8545
2026-04-18 16:00:00,10970.102,11450.255,11241.744,11326.0,11395.95
2026-04-18 17:00:00,10920.5205,11342.031,11207.726,11347.0,11304.441
2026-04-18 18:00:00,10932.497,11385.094,11250.393,11381.0,11322.359
2026-04-18 19:00:00,10981.273,11451.695,11270.497,11316.0,11362.559
2026-04-18 20:00:00,11032.484,11508.661,11278.711,11324.0,11349.773
2026-04-18 21:00:00,11222.587,11679.776,11527.371,11632.0,11640.489
2026-04-18 22:00:00,11053.117,11512.727,11376.751,11487.0,11450.197
2026-04-18 23:00:00,10706.191,11147.145,11019.705,11142.0,11117.313
2026-04-19 00:00:00,10489.357,10727.215,10692.714,10707.0,10758.605
2026-04-19 01:00:00,10033.636,10271.332,10319.722,10349.0,10314.331
2026-04-19 02:00:00,9823.002,10051.303,10049.588,10113.0,10036.51
2026-04-19 03:00:00,9684.392,9909.01,9906.257,9954.0,9902.798
2026-04-19 04:00:00,9602.822,9825.604,9810.663,9892.0,9842.078
2026-04-19 05:00:00,9558.83,9793.817,9705.399,9806.0,9791.494
2026-04-19 06:00:00,9558.14,9806.845,9727.624,9842.0,9767.063
2026-04-19 07:00:00,9647.256,9941.115,9825.303,9894.0,9910.822
2026-04-19 08:00:00,9921.865,10261.385,10154.227,10211.0,10221.9375
2026-04-19 09:00:00,10412.995,10758.072,10713.17,10769.0,10739.55
2026-04-19 10:00:00,10795.47,11162.049,11126.463,11155.0,11133.1
2026-04-19 11:00:00,10945.942,11305.736,11285.929,11252.0,11267.934
2026-04-19 12:00:00,10966.072,11346.483,11324.225,11328.0,11317.012
2026-04-19 13:00:00,10935.645,11334.597,11281.882,11237.0,11315.404
2026-04-19 14:00:00,10893.282,11313.272,11270.079,11246.0,11296.448
2026-04-19 15:00:00,10845.82,11256.86,11228.329,11201.0,11239.053
2026-04-19 16:00:00,10856.891,11239.883,11246.835,11188.0,11252.606
2026-04-19 17:00:00,10871.439,11146.043,11151.903,11162.0,11154.737
2026-04-19 18:00:00,10928.261,11180.975,11223.471,11281.0,11194.349
2026-04-19 19:00:00,11000.799,11249.62,11237.129,11235.0,11216.396
2026-04-19 20:00:00,11032.451,11291.9,11223.931,11283.0,11193.346
2026-04-19 21:00:00,11298.5205,11572.322,11533.596,11613.0,11556.374
2026-04-19 22:00:00,11106.412,11407.373,11385.558,11404.0,11406.24
2026-04-19 23:00:00,10661.893,10957.174,10957.857,10928.0,10967.88
2026-04-20 00:00:00,10573.033,10601.492,10611.209,10523.0,10718.522
2026-04-20 01:00:00,10170.052,10204.88,10176.858,10074.0,10250.409
2026-04-20 02:00:00,9982.656,10014.733,9976.266,9893.0,10030.033
2026-04-20 03:00:00,9874.86,9903.153,9851.779,9769.0,9915.716
2026-04-20 04:00:00,9801.545,9826.647,9795.902,9666.0,9883.46
2026-04-20 05:00:00,9852.391,9919.388,9829.448,9703.0,9949.168
2026-04-20 06:00:00,10032.592,10118.498,10053.07,9891.0,10139.302
2026-04-20 07:00:00,10406.284,10505.835,10489.745,10345.0,10568.804
2026-04-20 08:00:00,10928.891,11040.683,11015.577,10766.0,11100.464
2026-04-20 09:00:00,11444.949,11527.506,11539.329,11347.0,11586.365
2026-04-20 10:00:00,11665.034,11758.442,11783.08,11607.0,11820.216
2026-04-20 11:00:00,11641.271,11760.627,11796.524,11588.0,11806.831
2026-04-20 12:00:00,11538.955,11690.725,11747.689,11501.0,11761.401
2026-04-20 13:00:00,11532.775,11670.621,11694.012,11430.0,11742.395
2026-04-20 14:00:00,11525.715,11653.745,11682.186,11449.0,11717.698
2026-04-20 15:00:00,11501.925,11626.713,11630.642,11371.0,11659.486
2026-04-20 16:00:00,11538.3125,11632.964,11646.258,11467.0,11702.383
2026-04-20 17:00:00,11338.562,11408.737,11482.745,11278.0,11467.514
2026-04-20 18:00:00,11322.435,11366.317,11443.849,11259.0,11417.45
2026-04-20 19:00:00,11333.905,11375.308,11392.728,11268.0,11384.347
2026-04-20 20:00:00,11316.944,11379.325,11341.092,11149.0,11344.197
2026-04-20 21:00:00,11554.914,11670.036,11664.6045,11407.0,11728.609
2026-04-20 22:00:00,11424.284,11548.409,11574.834,11364.0,11624.151
2026-04-20 23:00:00,10951.435,11063.615,11121.239,10887.0,11156.697
2026-04-21 00:00:00,10459.793,10551.899,10588.696,10499.0,10647.948
2026-04-21 01:00:00,10059.328,10065.328,10154.675,10094.0,10110.778
2026-04-21 02:00:00,9870.383,9846.174,9941.212,9812.0,9865.353
2026-04-21 03:00:00,9751.274,9710.643,9801.775,9774.0,9741.703
2026-04-21 04:00:00,9677.515,9638.117,9743.253,9727.0,9692.023
2026-04-21 05:00:00,9725.656,9706.476,9724.852,9704.0,9745.375
2026-04-21 06:00:00,9903.824,9871.049,9920.305,10028.0,9883.719
2026-04-21 07:00:00,10302.324,10239.572,10296.939,10268.0,10301.11
2026-04-21 08:00:00,10821.54,10758.923,10780.579,10800.0,10792.945
2026-04-21 09:00:00,11333.552,11260.056,11275.812,11224.0,11329.6
2026-04-21 10:00:00,11556.097,11498.356,11517.762,11385.0,11572.008
2026-04-21 11:00:00,11533.944,11491.682,11524.836,11320.0,11554.883
2026-04-21 12:00:00,11417.945,11389.719,11463.537,11220.0,11479.079
2026-04-21 13:00:00,11403.658,11361.343,11399.011,11194.0,11441.655
2026-04-21 14:00:00,11400.004,11355.953,11383.792,11227.0,11415.725
2026-04-21 15:00:00,11372.973,11325.949,11343.371,11196.0,11355.502
2026-04-21 16:00:00,11393.971,11336.381,11372.787,11275.0,11393.266
2026-04-21 17:00:00,11216.363,11114.003,11215.972,11083.0,11166.636
2026-04-21 18:00:00,11212.155,11072.025,11197.88,11132.0,11146.01
2026-04-21 19:00:00,11225.527,11068.588,11149.905,11072.0,11115.249
2026-04-21 20:00:00,11220.907,11099.377,11120.032,10973.0,11098.041
2026-04-21 21:00:00,11465.48,11438.168,11429.464,11285.0,11468.557
2026-04-21 22:00:00,11327.025,11322.629,11326.799,11293.0,11340.419
2026-04-21 23:00:00,10848.492,10805.36,10864.916,10817.0,10836.363
2026-04-22 00:00:00,10485.782,10380.6875,10427.069,10346.0,10425.696
2026-04-22 01:00:00,10082.395,9971.998,10007.537,9917.0,9975.946
2026-04-22 02:00:00,9894.693,9775.555,9787.918,9706.0,9736.818
2026-04-22 03:00:00,9782.16,9654.4,9624.439,9629.0,9624.842
2026-04-22 04:00:00,9710.369,9594.9795,9543.942,9496.0,9565.345
2026-04-22 05:00:00,9754.184,9670.107,9554.703,9594.0,9620.895
2026-04-22 06:00:00,9931.371,9866.219,9776.99,9720.0,9843.013
2026-04-22 07:00:00,10304.885,10228.932,10152.008,10228.0,10208.483
2026-04-22 08:00:00,10828.0,10770.92,10701.516,10680.0,10737.179
2026-04-22 09:00:00,11358.523,11277.031,11236.901,11230.0,11271.103
2026-04-22 10:00:00,11581.599,11500.251,11473.395,11535.0,11505.366
2026-04-22 11:00:00,11560.537,11507.607,11492.284,11481.0,11506.184
2026-04-22 12:00:00,11449.133,11478.131,11467.66,11433.0,11482.153
2026-04-22 13:00:00,11428.834,11466.002,11413.231,11335.0,11441.07
2026-04-22 14:00:00,11421.047,11472.925,11412.297,11330.0,11439.604
2026-04-22 15:00:00,11398.809,11451.137,11375.127,11338.0,11383.979
2026-04-22 16:00:00,11424.07,11497.231,11410.281,11413.0,11467.675
2026-04-22 17:00:00,11234.809,11287.644,11326.413,11259.0,11291.03
2026-04-22 18:00:00,11220.863,11263.096,11298.653,11263.0,11264.305
2026-04-22 19:00:00,11233.838,11257.795,11265.587,11356.0,11232.064
2026-04-22 20:00:00,11205.1,11265.563,11206.948,11281.0,11159.094
2026-04-22 21:00:00,11448.644,11512.979,11470.34,11525.0,11459.464
2026-04-22 22:00:00,11342.569,11393.514,11396.008,11374.0,11351.263
2026-04-22 23:00:00,10888.888,10928.641,10943.445,10952.0,10886.897
2026-04-23 00:00:00,10326.393,10556.029,10524.873,10526.0,10527.955
2026-04-23 01:00:00,9920.001,10079.745,10094.627,10147.0,10040.338
2026-04-23 02:00:00,9733.79,9894.028,9889.471,9899.0,9827.126
2026-04-23 03:00:00,9620.224,9767.486,9761.205,9776.0,9712.268
2026-04-23 04:00:00,9539.078,9692.29,9703.094,9709.0,9669.434
2026-04-23 05:00:00,9584.689,9764.0,9712.297,9711.0,9729.049
2026-04-23 06:00:00,9755.675,9945.223,9962.05,10068.0,9927.307
2026-04-23 07:00:00,10156.258,10326.018,10368.349,10366.0,10368.56
2026-04-23 08:00:00,10670.092,10833.53,10875.072,10917.0,10849.443
2026-04-23 09:00:00,11160.551,11361.133,11398.584,11516.0,11383.144
2026-04-23 10:00:00,11359.702,11591.535,11629.389,11770.0,11591.618
2026-04-23 11:00:00,11341.04,11604.406,11652.731,11787.0,11611.822
2026-04-23 12:00:00,11224.878,11511.504,11591.126,11615.0,11556.957
2026-04-23 13:00:00,11204.762,11481.365,11533.858,11591.0,11527.933
2026-04-23 14:00:00,11212.117,11486.448,11539.407,11634.0,11531.022
2026-04-23 15:00:00,11191.378,11467.47,11516.955,11605.0,11497.572
2026-04-23 16:00:00,11216.701,11486.403,11539.464,11744.0,11562.745
2026-04-23 17:00:00,11061.709,11298.712,11445.168,11541.0,11399.631
2026-04-23 18:00:00,11051.917,11281.625,11437.62,11600.0,11395.845
2026-04-23 19:00:00,11040.979,11265.282,11393.304,11655.0,11356.46
2026-04-23 20:00:00,11008.995,11248.864,11333.085,11492.0,11290.246
2026-04-23 21:00:00,11255.179,11514.467,11578.418,11655.0,11593.138
2026-04-23 22:00:00,11177.336,11409.707,11503.398,11635.0,11493.243
2026-04-23 23:00:00,10726.802,10940.173,11079.317,11171.0,11037.07
2026-04-24 00:00:00,10570.662,10616.801,10621.239,10770.0,10651.096
2026-04-24 01:00:00,10150.64,10183.355,10200.666,10382.0,10222.44
2026-04-24 02:00:00,9957.335,9970.432,9989.257,10098.0,9962.162
2026-04-24 03:00:00,9837.245,9834.099,9869.926,10064.0,9860.042
2026-04-24 04:00:00,9755.428,9740.765,9789.919,9936.0,9775.203
2026-04-24 05:00:00,9794.803,9793.139,9790.934,9901.0,9815.917
2026-04-24 06:00:00,9954.982,9953.603,10014.918,10112.0,9998.857
2026-04-24 07:00:00,10332.874,10324.969,10405.337,10598.0,10414.124
2026-04-24 08:00:00,10858.184,10873.9795,10896.126,10990.0,10918.722
2026-04-24 09:00:00,11379.254,11353.084,11388.317,11568.0,11404.015
2026-04-24 10:00:00,11599.806,11608.756,11656.214,11803.0,11684.627
2026-04-24 11:00:00,11591.978,11655.541,11709.162,11838.0,11707.882
2026-04-24 12:00:00,11495.359,11616.147,11689.406,11680.0,11680.801
2026-04-24 13:00:00,11469.208,11601.177,11625.835,11661.0,11654.791
2026-04-24 14:00:00,11453.339,11567.973,11607.703,11692.0,11617.051
2026-04-24 15:00:00,11435.124,11596.133,11599.974,11739.0,11626.587
2026-04-24 16:00:00,11454.444,11614.431,11604.585,11768.0,11674.084
2026-04-24 17:00:00,11289.012,11392.078,11484.375,11547.0,11473.272
2026-04-24 18:00:00,11275.801,11406.903,11463.751,11517.0,11462.025
2026-04-24 19:00:00,11264.932,11396.419,11436.95,11553.0,11452.262
2026-04-24 20:00:00,11225.622,11348.365,11344.708,11345.0,11377.309
2026-04-24 21:00:00,11474.595,11606.559,11589.016,11517.0,11680.157
2026-04-24 22:00:00,11416.688,11530.622,11520.17,11619.0,11565.668
2026-04-24 23:00:00,11034.794,11116.799,11141.595,11269.0,11176.349
2026-04-25 00:00:00,10870.381,10821.493,10794.315,10935.0,10861.627
2026-04-25 01:00:00,10448.727,10362.922,10474.335,10461.0,10449.396
2026-04-25 02:00:00,10207.351,10107.279,10220.852,10250.0,10143.48
2026-04-25 03:00:00,10061.731,9965.318,10071.67,10092.0,9990.846
2026-04-25 04:00:00,9984.703,9894.89,9991.648,10006.0,9908.65
2026-04-25 05:00:00,9931.762,9848.458,9909.558,9891.0,9879.417
2026-04-25 06:00:00,9958.534,9868.242,9949.465,9922.0,9885.726
2026-04-25 07:00:00,10130.826,10044.306,10079.762,10116.0,10066.352
2026-04-25 08:00:00,10490.877,10416.686,10441.88,10465.0,10390.485
2026-04-25 09:00:00,11042.109,10918.113,11040.568,11040.0,10994.688
2026-04-25 10:00:00,11406.702,11262.274,11415.583,11408.0,11349.523
2026-04-25 11:00:00,11532.37,11385.304,11551.269,11612.0,11479.856
2026-04-25 12:00:00,11529.435,11414.305,11573.907,11621.0,11529.11
2026-04-25 13:00:00,11498.421,11459.222,11524.617,11702.0,11546.323
2026-04-25 14:00:00,11462.505,11497.156,11537.541,11727.0,11574.359
2026-04-25 15:00:00,11423.105,11535.067,11524.633,11704.0,11573.517
2026-04-25 16:00:00,11402.8,11571.367,11540.569,11703.0,11607.874
2026-04-25 17:00:00,11381.363,11505.397,11550.337,11666.0,11599.378
2026-04-25 18:00:00,11423.124,11536.675,11581.441,11806.0,11618.317
2026-04-25 19:00:00,11389.921,11498.176,11549.473,11744.0,11588.741
2026-04-25 20:00:00,11373.596,11460.552,11478.189,11665.0,11508.938
2026-04-25 21:00:00,11613.052,11587.819,11668.976,11797.0,11701.943
2026-04-25 22:00:00,11496.557,11446.622,11555.885,11632.0,11544.948
2026-04-25 23:00:00,11159.275,11086.385,11189.652,11295.0,11180.638
2026-04-26 00:00:00,10795.101,10793.078,10838.418,10930.0,10856.628
2026-04-26 01:00:00,10370.037,10399.963,10465.373,10607.0,10484.103
2026-04-26 02:00:00,10159.761,10199.971,10240.294,10307.0,10251.706
2026-04-26 03:00:00,10004.889,10053.504,10109.017,10121.0,10092.567
2026-04-26 04:00:00,9919.453,9953.936,10011.238,10026.0,10014.018
2026-04-26 05:00:00,9849.046,9906.967,9929.431,9923.0,9971.993
2026-04-26 06:00:00,9842.976,9930.484,9971.922,9949.0,9980.139
2026-04-26 07:00:00,9947.895,10061.58,10089.127,10158.0,10146.368
2026-04-26 08:00:00,10211.0625,10374.209,10379.701,10483.0,10432.442
2026-04-26 09:00:00,10698.186,10878.17,10933.692,11144.0,11003.537
2026-04-26 10:00:00,11081.447,11323.512,11360.182,11536.0,11412.126
2026-04-26 11:00:00,11240.191,11497.085,11547.869,11807.0,11607.566
2026-04-26 12:00:00,11280.459,11560.012,11598.216,11934.0,11662.816
2026-04-26 13:00:00,11244.054,11555.345,11553.498,11926.0,11658.953
2026-04-26 14:00:00,11214.301,11535.389,11551.254,11941.0,11671.22
2026-04-26 15:00:00,11180.234,11559.052,11530.573,11954.0,11658.674
2026-04-26 16:00:00,11178.956,11581.292,11548.675,11864.0,11688.0625
2026-04-26 17:00:00,11185.847,11543.205,11577.657,11897.0,11663.146
2026-04-26 18:00:00,11278.444,11641.449,11674.506,11930.0,11739.8
2026-04-26 19:00:00,11288.798,11663.971,11693.913,11897.0,11748.389
2026-04-26 20:00:00,11265.027,11621.225,11653.548,11855.0,11691.206
2026-04-26 21:00:00,11524.932,11759.491,11855.718,11922.0,11863.369
2026-04-26 22:00:00,11382.458,11572.905,11689.172,11782.0,11672.42
2026-04-26 23:00:00,10986.529,11171.614,11276.447,11333.0,11282.334
2026-04-27 00:00:00,10792.63,10950.149,10927.805,10982.0,10927.279
2026-04-27 01:00:00,10375.495,10476.384,10469.489,10505.0,10497.71
2026-04-27 02:00:00,10172.687,10254.543,10278.219,10264.0,10257.92
2026-04-27 03:00:00,10041.301,10121.854,10151.187,10154.0,10130.729
2026-04-27 04:00:00,9948.325,10033.217,10089.748,10041.0,10061.275
2026-04-27 05:00:00,9976.883,10056.164,10067.598,10111.0,10065.173
2026-04-27 06:00:00,10174.457,10253.907,10311.841,10404.0,10304.809
2026-04-27 07:00:00,10608.145,10654.109,10696.342,10846.0,10712.771
2026-04-27 08:00:00,11106.644,11158.276,11170.644,11340.0,11172.283
2026-04-27 09:00:00,11586.207,11629.693,11719.981,11955.0,11687.17
2026-04-27 10:00:00,11821.562,11832.577,11947.747,12137.0,11896.457
2026-04-27 11:00:00,11819.666,11824.711,11975.121,12208.0,11892.322
2026-04-27 12:00:00,11743.466,11744.383,11897.854,12155.0,11824.151
2026-04-27 13:00:00,11724.95,11715.875,11834.805,12116.0,11808.307
2026-04-27 14:00:00,11727.584,11713.06,11845.683,12054.0,11806.104
2026-04-27 15:00:00,11741.504,11712.644,11806.315,11945.0,11759.209
2026-04-27 16:00:00,11760.554,11740.426,11833.423,12102.0,11815.176
2026-04-27 17:00:00,11573.044,11548.616,11683.842,11821.0,11599.984
2026-04-27 18:00:00,11571.244,11554.702,11693.033,11751.0,11594.683
2026-04-27 19:00:00,11554.968,11562.447,11694.859,11765.0,11585.809
2026-04-27 20:00:00,11484.58,11524.886,11577.487,11682.0,11533.08
2026-04-27 21:00:00,11685.843,11716.05,11756.0625,11754.0,11745.1045
2026-04-27 22:00:00,11602.369,11610.165,11684.304,11864.0,11656.188
2026-04-27 23:00:00,11171.431,11169.109,11264.527,11430.0,11211.207
2026-04-28 00:00:00,11017.844,10839.75,10924.479,10964.0,10862.677
2026-04-28 01:00:00,10554.562,10434.425,10481.734,10564.0,10482.584
2026-04-28 02:00:00,10345.893,10220.286,10280.36,10325.0,10242.73
2026-04-28 03:00:00,10211.862,10085.328,10144.417,10204.0,10131.017
2026-04-28 04:00:00,10127.424,10017.333,10090.418,10182.0,10073.477
2026-04-28 05:00:00,10171.389,10097.032,10098.3,10063.0,10138.277
2026-04-28 06:00:00,10396.921,10313.461,10359.46,10366.0,10374.086
2026-04-28 07:00:00,10822.596,10707.263,10776.0625,10838.0,10790.812
2026-04-28 08:00:00,11346.75,11246.709,11267.498,11286.0,11292.672
2026-04-28 09:00:00,11853.016,11758.951,11822.0625,11893.0,11821.793
2026-04-28 10:00:00,12077.84,11996.189,12074.694,12195.0,12043.396
2026-04-28 11:00:00,12076.681,12006.817,12130.652,12151.0,12056.342
2026-04-28 12:00:00,11998.906,11928.505,12080.795,12246.0,11992.96
2026-04-28 13:00:00,11979.699,11903.467,12024.957,12210.0,11955.079
2026-04-28 14:00:00,11991.151,11951.544,12044.054,12317.0,11975.792
2026-04-28 15:00:00,11992.396,11941.598,12026.102,12213.0,11946.776
2026-04-28 16:00:00,12005.657,11964.485,12046.374,12389.0,12001.639
2026-04-28 17:00:00,11829.887,11811.829,11960.704,12096.0,11876.058
2026-04-28 18:00:00,11837.035,11805.489,11943.823,12105.0,11853.2705
2026-04-28 19:00:00,11832.482,11781.185,11922.745,12108.0,11814.682
2026-04-28 20:00:00,11771.141,11716.88,11807.301,12011.0,11741.852
2026-04-28 21:00:00,11900.062,11884.908,11951.222,12048.0,11929.752
2026-04-28 22:00:00,11798.083,11779.965,11837.47,12076.0,11832.537
2026-04-28 23:00:00,11384.192,11350.647,11413.582,11623.0,11407.532
2026-04-29 00:00:00,10980.679,11048.076,11036.396,11141.0,11042.31
2026-04-29 01:00:00,10522.153,10572.904,10572.7295,10704.0,10615.898
2026-04-29 02:00:00,10310.127,10354.625,10352.979,10467.0,10368.37
2026-04-29 03:00:00,10179.889,10225.674,10208.705,10363.0,10247.133
2026-04-29 04:00:00,10089.087,10134.767,10138.67,10316.0,10175.066
2026-04-29 05:00:00,10106.328,10168.08,10116.133,10221.0,10181.623
2026-04-29 06:00:00,10335.695,10362.777,10365.914,10532.0,10406.527
2026-04-29 07:00:00,10785.314,10785.742,10759.879,10908.0,10827.0625
2026-04-29 08:00:00,11289.145,11285.387,11238.564,11348.0,11288.191
2026-04-29 09:00:00,11787.824,11757.64,11781.455,11986.0,11815.573
2026-04-29 10:00:00,12014.866,11971.582,12001.506,12239.0,12007.807
2026-04-29 11:00:00,12018.516,11984.182,12046.842,12269.0,12042.763
2026-04-29 12:00:00,11944.129,11910.446,11999.7,12176.0,11963.878
2026-04-29 13:00:00,11924.599,11875.388,11926.761,12142.0,11935.778
2026-04-29 14:00:00,11912.051,11883.464,11910.362,12205.0,11932.227
2026-04-29 15:00:00,11904.987,11902.157,11887.086,12107.0,11915.469
2026-04-29 16:00:00,11937.929,11939.337,11915.828,12180.0,11963.528
2026-04-29 17:00:00,11733.832,11751.094,11761.594,11940.0,11784.292
2026-04-29 18:00:00,11733.283,11752.984,11731.656,11949.0,11755.634
2026-04-29 19:00:00,11719.96,11718.084,11705.596,11960.0,11710.96
2026-04-29 20:00:00,11649.122,11642.954,11580.856,11890.0,11602.99
2026-04-29 21:00:00,11810.064,11842.013,11738.088,11996.0,11831.503
2026-04-29 22:00:00,11765.871,11786.31,11714.835,12098.0,11823.494
2026-04-29 23:00:00,11350.933,11357.353,11310.957,11614.0,11399.809
2026-04-30 00:00:00,11140.662,11144.891,11017.6455,11208.0,11098.815
2026-04-30 01:00:00,10662.868,10629.842,10604.621,10711.0,10642.234
2026-04-30 02:00:00,10449.535,10409.757,10395.401,10519.0,10405.068
2026-04-30 03:00:00,10314.243,10264.181,10255.514,10397.0,10286.569
2026-04-30 04:00:00,10220.324,10154.445,10192.242,10317.0,10212.842
2026-04-30 05:00:00,10221.503,10164.796,10173.912,10189.0,10198.111
2026-04-30 06:00:00,10455.909,10357.996,10385.939,10511.0,10421.786
2026-04-30 07:00:00,10880.267,10768.809,10779.533,10934.0,10828.715
2026-04-30 08:00:00,11376.13,11254.423,11212.999,11351.0,11270.541
2026-04-30 09:00:00,11903.041,11741.611,11726.022,11857.0,11786.36
2026-04-30 10:00:00,12136.886,11972.195,11935.863,12030.0,11997.031
2026-04-30 11:00:00,12147.432,11967.328,11957.303,12041.0,12004.377
2026-04-30 12:00:00,12106.697,11943.574,11916.424,11985.0,11981.279
2026-04-30 13:00:00,12102.699,11974.043,11868.319,11946.0,11974.243
2026-04-30 14:00:00,12103.336,12028.255,11884.397,11929.0,12000.141
2026-04-30 15:00:00,12092.971,12034.83,11853.708,11813.0,11970.13
2026-04-30 16:00:00,12138.505,12102.781,11889.692,11893.0,12055.286
2026-04-30 17:00:00,11940.956,11926.933,11797.739,11710.0,11898.965
2026-04-30 18:00:00,11932.572,11935.459,11800.098,11810.0,11917.094
2026-04-30 19:00:00,11923.967,11921.249,11767.776,11860.0,11863.748
2026-04-30 20:00:00,11844.668,11822.742,11648.095,11679.0,11764.648
2026-04-30 21:00:00,11953.605,11931.708,11785.775,11732.0,11876.4375
2026-04-30 22:00:00,11909.571,11834.95,11745.349,11809.0,11826.465
2026-04-30 23:00:00,11517.16,11426.985,11358.664,11497.0,11430.287
2026-05-01 00:00:00,11188.042,11076.638,11118.351,11086.0,11065.339
2026-05-01 01:00:00,10689.884,10487.88,10648.819,10691.0,10542.134
2026-05-01 02:00:00,10477.898,10259.213,10375.153,10425.0,10298.064
2026-05-01 03:00:00,10341.814,10090.956,10239.704,10246.0,10160.848
2026-05-01 04:00:00,10236.992,9995.633,10175.99,10208.0,10066.707
2026-05-01 05:00:00,10215.731,9963.431,10105.04,10005.0,10011.732
2026-05-01 06:00:00,10449.972,10110.124,10148.929,10076.0,10163.751
2026-05-01 07:00:00,10873.182,10439.618,10269.678,10206.0,10429.584
2026-05-01 08:00:00,11352.25,10857.051,10595.594,10496.0,10795.119
2026-05-01 09:00:00,11884.674,11338.1875,11156.871,10970.0,11305.336
2026-05-01 10:00:00,12132.01,11599.32,11544.521,11293.0,11575.286
2026-05-01 11:00:00,12148.405,11686.036,11679.0,11425.0,11659.939
2026-05-01 12:00:00,12096.934,11639.154,11686.839,11408.0,11622.461
2026-05-01 13:00:00,12096.383,11576.24,11600.048,11398.0,11571.157
2026-05-01 14:00:00,12094.591,11547.51,11542.432,11326.0,11517.142
2026-05-01 15:00:00,12078.755,11529.3545,11474.542,11223.0,11459.1045
2026-05-01 16:00:00,12107.064,11534.145,11463.545,11254.0,11465.648
2026-05-01 17:00:00,11920.155,11252.839,11404.528,11210.0,11295.668
2026-05-01 18:00:00,11900.667,11249.177,11467.269,11205.0,11294.78
2026-05-01 19:00:00,11892.424,11206.574,11412.402,11188.0,11266.49
2026-05-01 20:00:00,11790.672,11177.498,11364.932,11137.0,11218.799
2026-05-01 21:00:00,11929.271,11365.505,11559.937,11290.0,11404.187
2026-05-01 22:00:00,11930.964,11344.567,11476.842,11386.0,11358.99
2026-05-01 23:00:00,11617.929,11043.932,11171.218,11082.0,11046.901
2026-05-02 00:00:00,10812.195,10556.82,10598.695,10707.0,10599.328
2026-05-02 01:00:00,10428.552,10042.184,10209.219,10323.0,10109.696
2026-05-02 02:00:00,10218.705,9859.752,9948.518,10026.0,9877.274
2026-05-02 03:00:00,10057.341,9717.306,9797.744,9895.0,9710.82
2026-05-02 04:00:00,9964.868,9627.587,9728.623,9812.0,9642.813
2026-05-02 05:00:00,9876.535,9563.666,9610.187,9641.0,9583.534
2026-05-02 06:00:00,9874.834,9573.273,9626.458,9705.0,9593.679
2026-05-02 07:00:00,10002.191,9766.848,9726.057,9912.0,9784.497
2026-05-02 08:00:00,10338.088,10100.059,10017.592,10201.0,10070.688
2026-05-02 09:00:00,10834.394,10535.348,10542.027,10790.0,10552.91
2026-05-02 10:00:00,11204.285,10843.819,10911.518,11087.0,10870.535
2026-05-02 11:00:00,11390.778,10942.088,11037.218,11235.0,10994.975
2026-05-02 12:00:00,11433.049,10915.537,11059.082,11211.0,11017.005
2026-05-02 13:00:00,11436.862,10857.687,10976.823,11100.0,10947.265
2026-05-02 14:00:00,11424.38,10819.982,10926.712,11044.0,10909.784
2026-05-02 15:00:00,11416.0,10778.012,10864.145,10996.0,10854.579
2026-05-02 16:00:00,11378.083,10789.207,10863.3,10993.0,10850.481
2026-05-02 17:00:00,11378.098,10637.578,10829.615,10968.0,10724.455
2026-05-02 18:00:00,11410.831,10641.467,10877.351,10938.0,10754.055
2026-05-02 19:00:00,11391.701,10665.831,10849.296,11006.0,10755.417
2026-05-02 20:00:00,11348.955,10694.395,10802.206,10981.0,10724.597
2026-05-02 21:00:00,11472.709,10937.708,11085.77,11074.0,10997.669
2026-05-02 22:00:00,11405.856,10863.551,11034.441,11182.0,10935.249
2026-05-02 23:00:00,11110.134,10532.058,10667.9375,10864.0,10582.067
2026-05-03 00:00:00,10649.47,10462.633,10328.116,10438.0,10457.963
2026-05-03 01:00:00,10264.459,10070.064,9993.761,10014.0,10087.86
2026-05-03 02:00:00,10037.975,9873.662,9749.831,9752.0,9832.893
2026-05-03 03:00:00,9872.096,9721.575,9604.01,9545.0,9696.133
2026-05-03 04:00:00,9771.213,9624.06,9501.073,9516.0,9607.526
2026-05-03 05:00:00,9702.374,9560.074,9402.93,9284.0,9532.879
2026-05-03 06:00:00,9724.126,9583.102,9445.7705,9354.0,9590.12
2026-05-03 07:00:00,9852.2705,9734.451,9590.504,9495.0,9782.553
2026-05-03 08:00:00,10139.331,10019.322,9919.918,9805.0,10080.686
2026-05-03 09:00:00,10612.394,10434.588,10413.025,10324.0,10546.453
2026-05-03 10:00:00,10980.203,10775.327,10779.97,10755.0,10862.48
2026-05-03 11:00:00,11160.32,10903.984,10915.66,10907.0,10987.636
2026-05-03 12:00:00,11226.265,10979.121,10972.284,10911.0,11055.2
2026-05-03 13:00:00,11225.292,10998.569,10931.579,10902.0,11044.548
2026-05-03 14:00:00,11186.543,11005.863,10919.019,10914.0,11036.377
2026-05-03 15:00:00,11159.766,11003.989,10884.61,10903.0,11012.506
2026-05-03 16:00:00,11135.633,11011.809,10895.771,10889.0,11029.542
2026-05-03 17:00:00,11131.582,10927.748,10855.089,10927.0,10910.845
2026-05-03 18:00:00,11189.443,10976.662,10903.406,10953.0,10980.228
2026-05-03 19:00:00,11198.848,10979.09,10879.048,10980.0,10977.975
2026-05-03 20:00:00,11169.827,10957.779,10824.458,10869.0,10932.939
2026-05-03 21:00:00,11314.639,11173.47,11045.097,10964.0,11120.799
2026-05-03 22:00:00,11265.743,11117.866,10990.359,11073.0,11096.842
2026-05-03 23:00:00,10886.498,10725.947,10598.939,10610.0,10731.15
2026-05-04 00:00:00,10192.27,10294.402,10125.417,10164.0,10222.533
2026-05-04 01:00:00,9803.063,9894.7295,9697.523,9778.0,9768.442
2026-05-04 02:00:00,9622.442,9709.562,9464.948,9531.0,9543.816
2026-05-04 03:00:00,9500.212,9575.117,9301.448,9393.0,9409.911
2026-05-04 04:00:00,9401.435,9473.295,9218.492,9295.0,9331.025
2026-05-04 05:00:00,9425.283,9490.537,9235.23,9331.0,9323.664
2026-05-04 06:00:00,9604.127,9663.097,9479.975,9519.0,9536.21
2026-05-04 07:00:00,9982.861,10065.979,9920.875,9933.0,9971.601
2026-05-04 08:00:00,10436.621,10533.557,10448.819,10573.0,10431.212
2026-05-04 09:00:00,10912.819,11016.773,11028.366,11085.0,11006.25
2026-05-04 10:00:00,11128.287,11284.56,11283.058,11356.0,11253.35
2026-05-04 11:00:00,11137.214,11261.137,11277.711,11364.0,11233.668
2026-05-04 12:00:00,11075.858,11212.049,11239.74,11232.0,11193.573
2026-05-04 13:00:00,11057.863,11173.4375,11179.512,11186.0,11133.176
2026-05-04 14:00:00,11035.115,11172.418,11173.899,11183.0,11108.398
2026-05-04 15:00:00,11004.618,11161.248,11135.397,11131.0,11049.502
2026-05-04 16:00:00,11037.676,11233.288,11163.511,11359.0,11119.772
2026-05-04 17:00:00,10889.332,11027.376,11011.782,11248.0,10946.471
2026-05-04 18:00:00,10875.725,11052.634,10993.826,11355.0,10939.117
2026-05-04 19:00:00,10881.923,11042.954,10973.458,11276.0,10942.709
2026-05-04 20:00:00,10819.582,10965.413,10892.044,11047.0,10851.403
2026-05-04 21:00:00,10958.493,11143.477,11041.748,11056.0,10990.62
2026-05-04 22:00:00,10965.256,11112.448,11020.884,11145.0,10987.321
2026-05-04 23:00:00,10584.884,10708.492,10620.793,10700.0,10566.688
2026-05-05 00:00:00,10253.164,10329.368,10198.823,10185.0,10223.849
2026-05-05 01:00:00,9805.384,9883.403,9750.18,9818.0,9767.892
2026-05-05 02:00:00,9615.032,9688.336,9513.749,9619.0,9522.054
2026-05-05 03:00:00,9493.764,9557.695,9347.454,9327.0,9393.806
2026-05-05 04:00:00,9394.4795,9463.837,9271.81,9154.0,9332.263
2026-05-05 05:00:00,9417.625,9481.053,9266.435,9093.0,9328.573
2026-05-05 06:00:00,9607.049,9677.047,9509.47,9426.0,9554.098
2026-05-05 07:00:00,9995.387,10080.261,9914.242,9709.0,9999.838
2026-05-05 08:00:00,10509.2705,10599.758,10481.469,10237.0,10523.083
2026-05-05 09:00:00,10995.9795,11114.96,11008.302,10800.0,11065.371
2026-05-05 10:00:00,11215.127,11337.228,11212.518,11074.0,11276.806
2026-05-05 11:00:00,11215.6455,11330.641,11204.338,10986.0,11289.666
2026-05-05 12:00:00,11135.507,11201.005,11132.284,10995.0,11209.448
2026-05-05 13:00:00,11125.436,11174.159,11082.717,10908.0,11167.513
2026-05-05 14:00:00,11119.073,11192.436,11101.161,10899.0,11169.011
2026-05-05 15:00:00,11113.281,11217.316,11087.129,10861.0,11147.362
2026-05-05 16:00:00,11139.863,11274.735,11116.538,11007.0,11224.948
2026-05-05 17:00:00,10981.928,11083.0625,11004.128,10921.0,11036.497
2026-05-05 18:00:00,10975.685,11099.922,10992.26,10909.0,11019.771
2026-05-05 19:00:00,10962.855,11114.2,10995.701,10802.0,11024.979
2026-05-05 20:00:00,10881.099,11052.254,10915.786,10693.0,10930.419
2026-05-05 21:00:00,11019.096,11243.09,11035.894,10687.0,11085.92
2026-05-05 22:00:00,11054.32,11267.748,11048.006,10942.0,11166.749
2026-05-05 23:00:00,10652.99,10840.951,10648.461,10466.0,10711.187
2026-05-06 00:00:00,10041.07,10256.625,10145.756,10016.0,10247.86
2026-05-06 01:00:00,9654.664,9818.429,9732.22,9553.0,9776.349
2026-05-06 02:00:00,9449.816,9611.069,9491.635,9379.0,9541.817
2026-05-06 03:00:00,9291.155,9471.691,9307.525,9263.0,9372.584
2026-05-06 04:00:00,9169.01,9362.441,9211.44,9227.0,9265.291
2026-05-06 05:00:00,9174.87,9361.27,9202.622,9196.0,9242.2705
2026-05-06 06:00:00,9338.429,9518.884,9417.422,9503.0,9441.226
2026-05-06 07:00:00,9732.883,9899.979,9818.699,9887.0,9833.764
2026-05-06 08:00:00,10236.939,10405.502,10372.871,10402.0,10359.1
2026-05-06 09:00:00,10749.641,10922.872,10930.04,10983.0,10911.524
2026-05-06 10:00:00,10987.324,11192.224,11165.951,11167.0,11157.478
2026-05-06 11:00:00,11010.248,11216.756,11180.198,11188.0,11193.009
2026-05-06 12:00:00,10930.017,11171.329,11141.555,11125.0,11143.0205
2026-05-06 13:00:00,10914.5625,11165.005,11087.353,11097.0,11119.431
2026-05-06 14:00:00,10900.293,11164.463,11085.91,11185.0,11111.991
2026-05-06 15:00:00,10880.276,11176.429,11063.558,11095.0,11089.686
2026-05-06 16:00:00,10946.274,11232.177,11113.862,11219.0,11192.92
2026-05-06 17:00:00,10817.8955,11070.664,11027.829,11126.0,11067.507
2026-05-06 18:00:00,10842.654,11095.975,11028.721,11117.0,11076.358
2026-05-06 19:00:00,10833.768,11057.768,11007.877,11080.0,11038.272
2026-05-06 20:00:00,10733.888,10957.021,10873.523,10892.0,10853.358
2026-05-06 21:00:00,10819.547,11143.609,11014.274,11000.0,10972.367
2026-05-06 22:00:00,10855.592,11172.978,11090.845,11209.0,11104.906
2026-05-06 23:00:00,10473.208,10758.656,10700.977,10752.0,10711.701
2026-05-07 00:00:00,10114.555,10236.498,10120.207,10304.0,10205.079
2026-05-07 01:00:00,9708.49,9801.074,9702.26,9884.0,9747.697
2026-05-07 02:00:00,9510.617,9597.963,9455.592,9625.0,9496.94
2026-05-07 03:00:00,9377.05,9472.834,9299.524,9544.0,9388.205
2026-05-07 04:00:00,9260.523,9376.399,9218.219,9487.0,9322.283
2026-05-07 05:00:00,9272.227,9397.583,9216.415,9335.0,9319.252
2026-05-07 06:00:00,9491.948,9613.025,9493.645,9608.0,9615.238
2026-05-07 07:00:00,9853.103,10003.024,9902.886,10022.0,10000.4375
2026-05-07 08:00:00,10349.098,10507.602,10438.666,10521.0,10518.596
2026-05-07 09:00:00,10835.704,11008.224,10981.3,11118.0,11047.047
2026-05-07 10:00:00,11061.318,11280.698,11233.683,11332.0,11301.162
2026-05-07 11:00:00,11066.106,11313.385,11265.859,11354.0,11325.951
2026-05-07 12:00:00,10994.744,11245.742,11218.544,11358.0,11254.837
2026-05-07 13:00:00,10968.683,11206.883,11166.738,11230.0,11218.438
2026-05-07 14:00:00,10953.3545,11157.1875,11151.0625,11257.0,11185.375
2026-05-07 15:00:00,10941.931,11137.838,11128.972,11305.0,11151.786
2026-05-07 16:00:00,10999.489,11185.176,11156.561,11436.0,11234.921
2026-05-07 17:00:00,10867.408,11016.795,11076.261,11321.0,11072.507
2026-05-07 18:00:00,10885.862,11054.72,11078.07,11312.0,11078.432
2026-05-07 19:00:00,10858.505,11012.197,11036.535,11191.0,11036.335
2026-05-07 20:00:00,10745.828,10872.129,10884.986,11016.0,10907.735
2026-05-07 21:00:00,10824.844,10998.295,10954.425,11061.0,10971.325
2026-05-07 22:00:00,10916.848,11071.239,11027.523,11269.0,11097.236
2026-05-07 23:00:00,10556.301,10670.425,10643.621,10859.0,10666.547
2026-05-08 00:00:00,10371.609,10404.865,10291.063,10490.0,10390.938
2026-05-08 01:00:00,9930.62,9892.7705,9837.567,10052.0,9874.688
2026-05-08 02:00:00,9716.854,9682.578,9619.378,9808.0,9639.668
2026-05-08 03:00:00,9581.0,9545.474,9455.889,9709.0,9512.889
2026-05-08 04:00:00,9468.532,9443.756,9385.934,9551.0,9424.904
2026-05-08 05:00:00,9448.014,9437.477,9358.09,9515.0,9361.926
2026-05-08 06:00:00,9604.454,9589.088,9566.439,9809.0,9549.684
2026-05-08 07:00:00,9977.739,9957.477,9971.993,10154.0,9942.834
2026-05-08 08:00:00,10465.569,10417.647,10459.379,10618.0,10389.431
2026-05-08 09:00:00,10968.797,10897.178,10947.359,11175.0,10889.948
2026-05-08 10:00:00,11205.302,11145.109,11141.512,11408.0,11073.661
2026-05-08 11:00:00,11256.894,11208.281,11159.484,11254.0,11119.52
2026-05-08 12:00:00,11220.273,11163.251,11122.6045,11218.0,11081.595
2026-05-08 13:00:00,11196.027,11136.547,11079.551,11192.0,11060.43
2026-05-08 14:00:00,11164.532,11096.9,11076.194,11156.0,11044.27
2026-05-08 15:00:00,11152.135,11061.504,11038.521,11113.0,10985.632
2026-05-08 16:00:00,11186.5,11100.448,11081.334,11144.0,11055.612
2026-05-08 17:00:00,11069.623,10918.248,11007.255,11067.0,10885.343
2026-05-08 18:00:00,11066.791,10921.674,10987.399,11098.0,10865.17
2026-05-08 19:00:00,11031.493,10869.59,10932.674,10972.0,10833.292
2026-05-08 20:00:00,10909.603,10788.322,10774.518,10767.0,10667.113
2026-05-08 21:00:00,10995.942,10973.098,10873.906,10838.0,10782.068
2026-05-08 22:00:00,11135.32,11079.7295,11007.979,11132.0,10997.696
2026-05-08 23:00:00,10838.88,10771.849,10675.341,10824.0,10688.6455
2026-05-09 00:00:00,10621.873,10473.053,10398.629,10491.0,10416.708
2026-05-09 01:00:00,10186.43,9984.244,9980.65,10104.0,10013.889
2026-05-09 02:00:00,9956.511,9793.548,9724.096,9832.0,9777.068
2026-05-09 03:00:00,9781.021,9633.004,9555.782,9666.0,9613.277
2026-05-09 04:00:00,9672.1,9529.227,9465.299,9538.0,9525.573
2026-05-09 05:00:00,9601.797,9445.498,9372.698,9427.0,9387.286
2026-05-09 06:00:00,9654.889,9466.131,9443.893,9454.0,9395.839
2026-05-09 07:00:00,9862.847,9657.674,9601.638,9758.0,9536.248
2026-05-09 08:00:00,10234.703,10065.379,10005.342,9894.0,9844.604
2026-05-09 09:00:00,10732.126,10567.178,10581.259,10466.0,10337.977
2026-05-09 10:00:00,11071.254,10934.615,10959.411,10862.0,10698.592
2026-05-09 11:00:00,11225.02,11072.931,11074.403,10887.0,10856.782
2026-05-09 12:00:00,11254.013,11103.792,11092.562,10855.0,10903.757
2026-05-09 13:00:00,11227.579,11084.628,11034.132,10826.0,10886.769
2026-05-09 14:00:00,11196.845,11052.118,11007.948,10797.0,10858.143
2026-05-09 15:00:00,11189.027,11041.053,10972.299,10704.0,10818.263
2026-05-09 16:00:00,11171.414,11069.971,10998.473,10712.0,10846.657
2026-05-09 17:00:00,11155.922,10999.481,11010.455,10655.0,10847.026
2026-05-09 18:00:00,11187.199,11040.402,11023.652,10658.0,10853.737
2026-05-09 19:00:00,11154.67,10988.528,10980.107,10779.0,10827.047
2026-05-09 20:00:00,11082.767,10919.014,10898.399,10663.0,10748.669
2026-05-09 21:00:00,11166.385,11103.3955,11021.552,10687.0,10898.3
2026-05-09 22:00:00,11190.748,11130.201,11091.352,10888.0,11029.506
2026-05-09 23:00:00,10909.37,10811.712,10767.166,10628.0,10713.959
2026-05-10 00:00:00,10341.34,10345.561,10359.123,10333.0,10400.76
2026-05-10 01:00:00,9938.665,9923.268,9990.844,9897.0,9973.276
2026-05-10 02:00:00,9709.25,9709.527,9703.672,9771.0,9706.535
2026-05-10 03:00:00,9540.073,9526.646,9545.439,9493.0,9553.006
2026-05-10 04:00:00,9434.671,9415.21,9438.769,9385.0,9453.402
2026-05-10 05:00:00,9359.859,9326.809,9312.097,9323.0,9343.92
2026-05-10 06:00:00,9365.916,9339.006,9332.415,9425.0,9386.305
2026-05-10 07:00:00,9515.363,9519.196,9487.301,9622.0,9589.115
2026-05-10 08:00:00,9789.752,9836.759,9763.323,9835.0,9851.304
2026-05-10 09:00:00,10268.001,10302.508,10308.872,10402.0,10399.493
2026-05-10 10:00:00,10645.466,10677.46,10722.536,10825.0,10745.216
2026-05-10 11:00:00,10815.174,10824.374,10862.743,10911.0,10881.642
2026-05-10 12:00:00,10869.5625,10882.672,10903.0,10861.0,10927.045
2026-05-10 13:00:00,10845.981,10875.273,10843.08,10778.0,10895.814
2026-05-10 14:00:00,10804.533,10833.647,10821.177,10740.0,10866.667
2026-05-10 15:00:00,10781.601,10811.653,10802.317,10753.0,10834.525
2026-05-10 16:00:00,10786.066,10825.332,10842.049,10733.0,10853.573
2026-05-10 17:00:00,10834.785,10817.106,10906.324,10684.0,10895.112
2026-05-10 18:00:00,10897.038,10873.006,10970.162,10735.0,10953.763
2026-05-10 19:00:00,10867.05,10830.08,10948.93,10767.0,10927.086
2026-05-10 20:00:00,10777.146,10745.704,10841.976,10698.0,10834.029
2026-05-10 21:00:00,10855.806,10867.926,10919.188,10771.0,10902.86
2026-05-10 22:00:00,10929.748,10905.117,11000.952,10875.0,11013.509
2026-05-10 23:00:00,10590.238,10536.465,10627.1455,10548.0,10633.138
2026-05-11 00:00:00,10165.007,10106.439,10205.305,10258.0,10193.031
2026-05-11 01:00:00,9790.914,9749.088,9871.521,9813.0,9787.762
2026-05-11 02:00:00,9602.889,9562.795,9628.9,9524.0,9591.567
2026-05-11 03:00:00,9472.59,9392.906,9471.09,9349.0,9415.236
2026-05-11 04:00:00,9357.838,9268.11,9364.246,9181.0,9318.262
2026-05-11 05:00:00,9356.307,9267.763,9285.265,9158.0,9279.841
2026-05-11 06:00:00,9562.108,9435.183,9380.939,9226.0,9480.74
2026-05-11 07:00:00,9936.713,9720.492,9566.924,9406.0,9819.342
2026-05-11 08:00:00,10425.276,10045.105,9887.264,9882.0,10217.527
2026-05-11 09:00:00,10902.525,10539.356,10423.283,10441.0,10729.18
2026-05-11 10:00:00,11102.264,10825.869,10823.281,10940.0,10982.661
2026-05-11 11:00:00,11100.467,10893.104,10926.01,10998.0,11047.408
2026-05-11 12:00:00,11037.054,10758.893,10909.68,10982.0,10983.657
2026-05-11 13:00:00,11002.175,10714.751,10855.211,11025.0,10941.097
2026-05-11 14:00:00,10977.98,10706.791,10825.806,10942.0,10920.688
2026-05-11 15:00:00,10973.77,10706.324,10777.74,10897.0,10893.945
2026-05-11 16:00:00,11043.226,10826.008,10818.8545,10906.0,10990.407
2026-05-11 17:00:00,10938.796,10674.011,10805.693,10860.0,10872.699
2026-05-11 18:00:00,10951.235,10658.808,10817.371,10925.0,10861.331
2026-05-11 19:00:00,10893.127,10647.983,10807.6875,10884.0,10855.173
2026-05-11 20:00:00,10738.144,10562.637,10708.553,10786.0,10734.669
2026-05-11 21:00:00,10772.912,10622.565,10730.467,10908.0,10736.466
2026-05-11 22:00:00,10952.545,10742.799,10848.711,10950.0,10871.039
2026-05-11 23:00:00,10577.448,10392.634,10586.417,10569.0,10541.083
2026-05-12 00:00:00,10003.432,10155.575,10045.863,10106.0,10111.916
2026-05-12 01:00:00,9615.6045,9666.937,9597.762,9659.0,9598.009
2026-05-12 02:00:00,9422.2705,9474.74,9375.174,9408.0,9362.515
2026-05-12 03:00:00,9280.31,9327.396,9192.703,9313.0,9203.006
2026-05-12 04:00:00,9147.327,9204.031,9089.788,9159.0,9074.51
2026-05-12 05:00:00,9130.911,9223.613,9094.031,9131.0,9098.258
2026-05-12 06:00:00,9286.217,9418.425,9335.917,9443.0,9319.127
2026-05-12 07:00:00,9624.532,9766.449,9712.781,9884.0,9712.69
2026-05-12 08:00:00,10097.805,10249.271,10236.402,10409.0,10258.595
2026-05-12 09:00:00,10623.428,10720.871,10796.619,10993.0,10815.752
2026-05-12 10:00:00,10842.348,10964.13,11047.305,11140.0,11048.308
2026-05-12 11:00:00,10846.421,10998.896,11069.431,11112.0,11071.346
2026-05-12 12:00:00,10787.409,10940.733,11030.679,11125.0,11017.321
2026-05-12 13:00:00,10767.761,10883.675,10976.148,11082.0,10967.376
2026-05-12 14:00:00,10745.628,10855.097,10959.695,11110.0,10946.205
2026-05-12 15:00:00,10726.52,10849.092,10940.571,11010.0,10925.35
2026-05-12 16:00:00,10803.748,10909.506,10988.633,11106.0,11000.296
2026-05-12 17:00:00,10693.154,10765.67,10913.825,11036.0,10874.851
2026-05-12 18:00:00,10712.767,10793.667,10915.651,10984.0,10870.721
2026-05-12 19:00:00,10674.908,10765.862,10866.351,10844.0,10856.477
2026-05-12 20:00:00,10551.773,10608.621,10707.883,10694.0,10670.916
2026-05-12 21:00:00,10595.211,10683.831,10711.8,10736.0,10694.053
2026-05-12 22:00:00,10757.803,10803.055,10820.646,10760.0,10785.859
2026-05-12 23:00:00,10406.85,10416.24,10458.72,10432.0,10362.938
2026-05-13 00:00:00,10178.794,10119.131,10037.462,9951.0,10055.892
2026-05-13 01:00:00,9730.245,9629.01,9646.248,9500.0,9573.974
2026-05-13 02:00:00,9528.458,9427.582,9395.354,9281.0,9324.562
2026-05-13 03:00:00,9390.12,9283.085,9213.248,9109.0,9171.754
2026-05-13 04:00:00,9263.859,9150.568,9091.774,8937.0,9058.66
2026-05-13 05:00:00,9238.731,9134.547,9071.644,8931.0,9039.093
2026-05-13 06:00:00,9444.152,9361.561,9319.927,9170.0,9308.682
2026-05-13 07:00:00,9827.343,9752.91,9719.026,9598.0,9713.88
2026-05-13 08:00:00,10321.242,10239.434,10264.447,10144.0,10210.567
2026-05-13 09:00:00,10842.366,10721.934,10761.083,10775.0,10771.02
2026-05-13 10:00:00,11071.812,10943.442,10996.607,10983.0,10995.133
2026-05-13 11:00:00,11078.683,10958.6045,11008.043,10918.0,10988.877
2026-05-13 12:00:00,11031.739,10914.691,10983.145,10859.0,10917.541
2026-05-13 13:00:00,11000.174,10875.661,10934.419,10744.0,10879.54
2026-05-13 14:00:00,10977.83,10831.492,10915.25,10805.0,10864.323
2026-05-13 15:00:00,10976.435,10814.573,10901.185,10762.0,10828.322
2026-05-13 16:00:00,11022.777,10886.545,10950.681,10882.0,10898.319
2026-05-13 17:00:00,10914.238,10718.552,10879.852,10757.0,10762.459
2026-05-13 18:00:00,10923.158,10703.294,10863.324,10713.0,10735.042
2026-05-13 19:00:00,10867.296,10651.555,10806.209,10566.0,10705.695
2026-05-13 20:00:00,10720.143,10532.4,10636.001,10412.0,10548.59
2026-05-13 21:00:00,10785.381,10615.3,10663.21,10441.0,10600.346
2026-05-13 22:00:00,10947.818,10745.139,10774.85,10565.0,10755.66
2026-05-13 23:00:00,10586.796,10356.731,10404.975,10199.0,10332.557
2026-05-14 00:00:00,9940.232,9860.269,9842.02,9751.0,9805.751
2026-05-14 01:00:00,9480.621,9435.752,9429.74,9213.0,9370.072
2026-05-14 02:00:00,9284.998,9236.004,9182.732,9021.0,9141.629
2026-05-14 03:00:00,9136.215,9091.458,8995.943,8885.0,8997.939
2026-05-14 04:00:00,9003.789,8982.852,8906.931,8765.0,8902.445
2026-05-14 05:00:00,8991.09,9008.359,8910.658,8758.0,8920.326
2026-05-14 06:00:00,9193.336,9243.947,9158.917,9003.0,9161.324
2026-05-14 07:00:00,9621.322,9673.932,9612.839,9466.0,9605.1045
2026-05-14 08:00:00,10138.214,10216.519,10191.718,10050.0,10161.818
2026-05-14 09:00:00,10676.086,10754.377,10764.49,10594.0,10747.128
2026-05-14 10:00:00,10863.088,10986.13,10988.007,10881.0,10965.026
2026-05-14 11:00:00,10870.281,11006.165,11009.573,10896.0,10971.044
2026-05-14 12:00:00,10830.174,10934.287,10976.481,10812.0,10903.182
2026-05-14 13:00:00,10812.443,10903.364,10918.21,10791.0,10873.075
2026-05-14 14:00:00,10791.703,10874.726,10908.609,10771.0,10852.733
2026-05-14 15:00:00,10778.417,10885.521,10879.183,10707.0,10831.898
2026-05-14 16:00:00,10839.558,10957.388,10924.138,10814.0,10904.146
2026-05-14 17:00:00,10761.102,10788.959,10842.354,10703.0,10781.55
2026-05-14 18:00:00,10761.38,10789.021,10821.693,10678.0,10755.817
2026-05-14 19:00:00,10685.48,10728.153,10741.679,10514.0,10703.008
2026-05-14 20:00:00,10529.078,10565.46,10578.914,10423.0,10517.285
2026-05-14 21:00:00,10574.387,10652.3,10618.882,10439.0,10586.742
2026-05-14 22:00:00,10714.28,10774.752,10714.368,10498.0,10712.391
2026-05-14 23:00:00,10379.767,10409.626,10384.467,10225.0,10312.809
2026-05-15 00:00:00,9742.243,9921.927,9814.681,9776.0,9893.927
2026-05-15 01:00:00,9299.088,9427.94,9365.914,9297.0,9385.848
2026-05-15 02:00:00,9107.685,9215.032,9116.697,9059.0,9137.568
2026-05-15 03:00:00,8962.023,9083.696,8924.259,8979.0,9010.453
2026-05-15 04:00:00,8824.9,8959.109,8807.719,8810.0,8902.126
2026-05-15 05:00:00,8839.47,8973.549,8819.108,8742.0,8913.144
2026-05-15 06:00:00,9009.628,9176.665,9048.58,9203.0,9140.929
2026-05-15 07:00:00,9394.555,9556.221,9482.306,9565.0,9558.909
2026-05-15 08:00:00,9890.845,10068.934,10059.526,10157.0,10105.254
2026-05-15 09:00:00,10443.966,10585.058,10642.154,10675.0,10723.41
2026-05-15 10:00:00,10654.09,10812.575,10890.448,10935.0,10938.082
2026-05-15 11:00:00,10661.587,10832.075,10910.549,10878.0,10943.469
2026-05-15 12:00:00,10600.554,10814.583,10900.615,10900.0,10945.405
2026-05-15 13:00:00,10570.986,10798.676,10852.659,10925.0,10918.687
2026-05-15 14:00:00,10561.288,10799.229,10865.777,10945.0,10940.153
2026-05-15 15:00:00,10543.389,10814.45,10857.538,10932.0,10919.418
2026-05-15 16:00:00,10590.946,10882.076,10909.268,11038.0,11008.463
2026-05-15 17:00:00,10487.734,10768.087,10860.689,10845.0,10919.139
2026-05-15 18:00:00,10470.815,10777.899,10839.596,10831.0,10907.708
2026-05-15 19:00:00,10394.954,10687.924,10731.847,10660.0,10801.8545
2026-05-15 20:00:00,10231.84,10538.996,10565.034,10541.0,10620.941
2026-05-15 21:00:00,10289.872,10592.309,10567.723,10554.0,10651.593
2026-05-15 22:00:00,10495.464,10719.721,10660.841,10716.0,10783.706
2026-05-15 23:00:00,10214.075,10421.852,10383.658,10425.0,10480.117
2026-05-16 00:00:00,9961.899,10025.84,9986.388,9945.0,10062.444
2026-05-16 01:00:00,9550.043,9553.515,9583.23,9458.0,9621.299
2026-05-16 02:00:00,9336.549,9332.934,9303.471,9221.0,9363.384
2026-05-16 03:00:00,9157.393,9162.02,9111.24,8975.0,9166.7
2026-05-16 04:00:00,9028.653,9019.013,8980.154,8789.0,9010.821
2026-05-16 05:00:00,8985.004,8973.665,8910.697,8739.0,8947.407
2026-05-16 06:00:00,9048.673,9062.329,9022.8,8889.0,9057.357
2026-05-16 07:00:00,9301.313,9305.898,9260.603,9054.0,9307.623
2026-05-16 08:00:00,9666.574,9682.371,9647.959,9495.0,9669.678
2026-05-16 09:00:00,10194.135,10194.885,10267.278,10120.0,10299.821
2026-05-16 10:00:00,10533.486,10567.368,10680.239,10571.0,10644.701
2026-05-16 11:00:00,10642.605,10705.23,10814.836,10798.0,10775.508
2026-05-16 12:00:00,10639.522,10740.599,10833.505,10824.0,10801.959
2026-05-16 13:00:00,10602.308,10738.796,10794.25,10803.0,10790.288
2026-05-16 14:00:00,10555.148,10691.868,10756.876,10768.0,10762.932
2026-05-16 15:00:00,10511.709,10667.756,10718.324,10747.0,10736.605
2026-05-16 16:00:00,10509.687,10668.106,10717.113,10706.0,10749.7295
2026-05-16 17:00:00,10493.545,10601.956,10669.658,10631.0,10725.309
2026-05-16 18:00:00,10518.835,10640.659,10688.132,10603.0,10735.997
2026-05-16 19:00:00,10488.967,10571.837,10634.512,10507.0,10664.334
2026-05-16 20:00:00,10400.348,10469.954,10553.802,10418.0,10561.595
2026-05-16 21:00:00,10449.425,10503.978,10532.583,10435.0,10553.071
2026-05-16 22:00:00,10553.435,10564.784,10527.452,10506.0,10585.061
2026-05-16 23:00:00,10316.676,10311.697,10316.745,10343.0,10351.367
2026-05-17 00:00:00,9841.915,9820.769,9870.238,9941.0,9931.7
2026-05-17 01:00:00,9415.633,9307.115,9481.275,9404.0,9460.901
2026-05-17 02:00:00,9196.246,9085.499,9169.478,9219.0,9186.036
2026-05-17 03:00:00,8994.602,8866.225,8970.373,8990.0,8946.361
2026-05-17 04:00:00,8852.179,8745.33,8835.492,8715.0,8780.417
2026-05-17 05:00:00,8791.596,8670.035,8706.613,8697.0,8715.186
2026-05-17 06:00:00,8828.09,8731.417,8757.167,8739.0,8779.395
2026-05-17 07:00:00,9011.883,8886.008,8914.904,8906.0,8944.58
2026-05-17 08:00:00,9356.568,9203.933,9279.939,9218.0,9315.171
2026-05-17 09:00:00,9852.401,9702.043,9884.981,9814.0,9903.295
2026-05-17 10:00:00,10248.777,10102.01,10362.417,10205.0,10310.558
2026-05-17 11:00:00,10406.859,10213.346,10473.271,10420.0,10440.415
2026-05-17 12:00:00,10448.554,10206.114,10475.614,10419.0,10475.143
2026-05-17 13:00:00,10432.001,10163.945,10397.933,10415.0,10458.51
2026-05-17 14:00:00,10413.047,10119.925,10354.8,10424.0,10425.264
2026-05-17 15:00:00,10378.414,10073.091,10335.895,10370.0,10386.63
2026-05-17 16:00:00,10373.166,10081.067,10346.523,10324.0,10383.342
2026-05-17 17:00:00,10440.463,10090.333,10349.736,10305.0,10357.588
2026-05-17 18:00:00,10473.776,10148.278,10405.149,10352.0,10381.895
2026-05-17 19:00:00,10419.12,10122.807,10357.163,10385.0,10313.549
2026-05-17 20:00:00,10335.777,10057.743,10251.559,10220.0,10224.437
2026-05-17 21:00:00,10387.471,10104.467,10261.535,10332.0,10252.819
2026-05-17 22:00:00,10432.624,10139.39,10319.221,10311.0,10342.318
2026-05-17 23:00:00,10141.953,9828.979,10051.207,10082.0,10029.537
2026-05-18 00:00:00,9717.026,9648.665,9567.176,9597.0,9662.09
2026-05-18 01:00:00,9272.65,9181.88,9120.855,9105.0,9159.008
2026-05-18 02:00:00,9075.522,8994.319,8877.666,8876.0,8934.172
2026-05-18 03:00:00,8911.008,8850.425,8685.765,8727.0,8784.946
2026-05-18 04:00:00,8764.194,8692.654,8557.884,8564.0,8626.631
2026-05-18 05:00:00,8773.358,8700.15,8567.605,8563.0,8636.594
2026-05-18 06:00:00,8986.805,8897.639,8819.164,8825.0,8887.207
2026-05-18 07:00:00,9402.328,9263.953,9256.759,9291.0,9320.056
2026-05-18 08:00:00,9932.917,9788.352,9854.871,9894.0,9903.524
2026-05-18 09:00:00,10465.595,10329.235,10446.982,10449.0,10486.945
2026-05-18 10:00:00,10712.138,10571.981,10702.547,10699.0,10704.512
2026-05-18 11:00:00,10746.337,10588.181,10735.742,10735.0,10710.5625
2026-05-18 12:00:00,10724.176,10586.285,10724.678,10631.0,10710.474
2026-05-18 13:00:00,10698.279,10594.205,10696.553,10674.0,10705.161
2026-05-18 14:00:00,10679.315,10575.523,10694.873,10730.0,10698.641
2026-05-18 15:00:00,10687.517,10567.785,10683.901,10696.0,10679.596
2026-05-18 16:00:00,10736.815,10661.4375,10740.633,10726.0,10753.377
2026-05-18 17:00:00,10651.177,10492.433,10660.198,10638.0,10613.662
2026-05-18 18:00:00,10620.195,10467.75,10628.422,10563.0,10572.561
2026-05-18 19:00:00,10509.246,10349.818,10490.432,10421.0,10462.787
2026-05-18 20:00:00,10367.124,10212.277,10333.83,10244.0,10312.709
2026-05-18 21:00:00,10396.49,10234.647,10318.263,10323.0,10287.953
2026-05-18 22:00:00,10473.361,10333.619,10370.426,10344.0,10390.06
2026-05-18 23:00:00,10189.7705,10042.563,10114.392,9953.0,10094.889
2026-05-19 00:00:00,9603.861,9590.435,9652.409,9451.0,9628.886
2026-05-19 01:00:00,9159.255,9036.246,9199.823,9017.0,9085.78
2026-05-19 02:00:00,8966.273,8845.416,8938.158,8825.0,8856.981
2026-05-19 03:00:00,8813.632,8669.518,8730.181,8616.0,8657.686
2026-05-19 04:00:00,8665.513,8515.888,8609.123,8429.0,8489.693
2026-05-19 05:00:00,8672.266,8510.622,8576.725,8396.0,8511.789
2026-05-19 06:00:00,8908.246,8705.244,8785.308,8771.0,8735.061
2026-05-19 07:00:00,9325.495,9053.924,9177.247,9221.0,9133.3955
2026-05-19 08:00:00,9865.476,9555.142,9770.0205,9805.0,9689.246
2026-05-19 09:00:00,10393.079,10058.199,10339.7705,10371.0,10262.462
2026-05-19 10:00:00,10610.871,10285.875,10576.317,10639.0,10473.818
2026-05-19 11:00:00,10619.227,10284.468,10586.003,10693.0,10468.243
2026-05-19 12:00:00,10579.867,10200.712,10559.026,10651.0,10429.784
2026-05-19 13:00:00,10561.311,10147.61,10490.944,10585.0,10382.708
2026-05-19 14:00:00,10549.431,10123.169,10478.05,10702.0,10356.666
2026-05-19 15:00:00,10552.44,10106.631,10469.976,10668.0,10327.181
2026-05-19 16:00:00,10603.77,10170.869,10509.638,10797.0,10390.421
2026-05-19 17:00:00,10516.618,9969.186,10438.056,10660.0,10213.381
2026-05-19 18:00:00,10486.4795,9947.169,10411.825,10643.0,10186.591
2026-05-19 19:00:00,10374.596,9844.297,10279.696,10406.0,10079.54
2026-05-19 20:00:00,10224.886,9720.373,10076.972,10218.0,9888.1
2026-05-19 21:00:00,10262.094,9801.148,10074.234,10217.0,9932.928
2026-05-19 22:00:00,10354.199,9912.894,10136.596,10302.0,10035.371
2026-05-19 23:00:00,10074.475,9598.33,9877.594,9962.0,9717.601
2026-05-20 00:00:00,9537.361,9237.557,9254.261,9419.0,9204.702
2026-05-20 01:00:00,9060.284,8762.984,8902.226,8861.0,8698.824
2026-05-20 02:00:00,8871.435,8571.09,8642.077,8676.0,8465.101
2026-05-20 03:00:00,8709.639,8435.344,8430.494,8508.0,8293.066
2026-05-20 04:00:00,8564.356,8307.309,8296.567,8365.0,8186.408
2026-05-20 05:00:00,8561.948,8342.141,8297.804,8300.0,8213.0
2026-05-20 06:00:00,8814.348,8616.31,8566.94,8652.0,8482.997
2026-05-20 07:00:00,9268.386,9074.648,9014.813,9116.0,8961.88
2026-05-20 08:00:00,9828.0625,9618.462,9611.589,9668.0,9542.743
2026-05-20 09:00:00,10370.748,10161.0205,10187.8545,10291.0,10131.264
2026-05-20 10:00:00,10586.757,10396.587,10467.179,10553.0,10353.712
2026-05-20 11:00:00,10599.55,10413.83,10501.943,10573.0,10369.9375
2026-05-20 12:00:00,10558.816,10368.481,10484.207,10513.0,10357.076
2026-05-20 13:00:00,10551.074,10352.318,10450.386,10542.0,10342.109
2026-05-20 14:00:00,10542.205,10345.709,10464.205,10600.0,10351.107
2026-05-20 15:00:00,10542.934,10341.139,10453.233,10504.0,10329.487
2026-05-20 16:00:00,10588.927,10427.204,10489.98,10660.0,10400.312
2026-05-20 17:00:00,10498.278,10316.378,10437.356,10522.0,10314.127
2026-05-20 18:00:00,10447.156,10291.465,10405.143,10265.0,10268.072
2026-05-20 19:00:00,10330.803,10199.301,10285.641,10169.0,10137.184
2026-05-20 20:00:00,10175.943,10071.906,10124.819,10072.0,9965.322
2026-05-20 21:00:00,10210.8955,10110.29,10124.319,9990.0,10001.333
2026-05-20 22:00:00,10290.089,10214.998,10173.012,10094.0,10087.887
2026-05-20 23:00:00,10009.436,9901.412,9923.584,9827.0,9810.007
2026-05-21 00:00:00,9412.17,9536.713,9404.064,9353.0,9458.75
2026-05-21 01:00:00,8920.582,9012.543,8981.453,8838.0,8922.133
2026-05-21 02:00:00,8722.285,8817.939,8727.139,8544.0,8699.539
2026-05-21 03:00:00,8556.387,8666.619,8509.809,8439.0,8534.755
2026-05-21 04:00:00,8404.334,8520.36,8357.301,8288.0,8383.527
2026-05-21 05:00:00,8403.543,8517.6,8328.676,8246.0,8380.671
2026-05-21 06:00:00,8665.318,8778.549,8613.937,8495.0,8672.65
2026-05-21 07:00:00,9116.958,9213.675,9065.254,8991.0,9144.692
2026-05-21 08:00:00,9682.794,9757.035,9682.988,9607.0,9720.701
2026-05-21 09:00:00,10239.422,10300.489,10296.522,10258.0,10309.756
2026-05-21 10:00:00,10477.306,10531.965,10568.323,10394.0,10550.14
2026-05-21 11:00:00,10508.54,10557.756,10620.487,10493.0,10587.919
2026-05-21 12:00:00,10466.59,10558.354,10612.245,10384.0,10578.091
2026-05-21 13:00:00,10461.072,10543.2,10580.984,10403.0,10574.087
2026-05-21 14:00:00,10465.461,10526.236,10600.682,10483.0,10596.364
2026-05-21 15:00:00,10477.263,10516.036,10600.667,10476.0,10571.531
2026-05-21 16:00:00,10528.535,10594.791,10650.83,10524.0,10654.474
2026-05-21 17:00:00,10428.838,10457.68,10548.175,10463.0,10524.148
2026-05-21 18:00:00,10384.516,10438.573,10519.114,10428.0,10479.279
2026-05-21 19:00:00,10238.925,10312.049,10372.279,10220.0,10331.081
2026-05-21 20:00:00,10069.473,10150.47,10209.029,10012.0,10156.172
2026-05-21 21:00:00,10096.442,10182.536,10210.853,10023.0,10167.002
2026-05-21 22:00:00,10169.418,10281.569,10223.214,10175.0,10230.71
2026-05-21 23:00:00,9893.008,10004.099,9963.682,9833.0,9945.808
2026-05-22 00:00:00,9361.756,9420.952,9389.967,9350.0,9415.337
2026-05-22 01:00:00,8850.795,8924.349,8929.047,8977.0,8889.77
2026-05-22 02:00:00,8637.931,8715.013,8659.836,8618.0,8631.139
2026-05-22 03:00:00,8477.718,8580.877,8467.867,8530.0,8485.623
2026-05-22 04:00:00,8323.522,8415.492,8304.295,8382.0,8327.1455
2026-05-22 05:00:00,8321.79,8399.601,8280.903,8366.0,8306.578
2026-05-22 06:00:00,8570.831,8650.105,8544.918,8678.0,8568.074
2026-05-22 07:00:00,9026.607,9076.071,9005.3125,9087.0,9058.972
2026-05-22 08:00:00,9592.813,9630.301,9652.651,9692.0,9666.344
2026-05-22 09:00:00,10153.426,10152.355,10231.059,10355.0,10264.986
2026-05-22 10:00:00,10399.01,10449.494,10544.817,10607.0,10524.2295
2026-05-22 11:00:00,10439.549,10508.957,10602.637,10643.0,10576.706
2026-05-22 12:00:00,10410.218,10540.166,10601.446,10619.0,10586.954
2026-05-22 13:00:00,10423.673,10544.221,10593.916,10609.0,10590.18
2026-05-22 14:00:00,10422.812,10532.893,10623.971,10679.0,10616.028
2026-05-22 15:00:00,10430.123,10563.744,10640.441,10594.0,10622.863
2026-05-22 16:00:00,10462.222,10632.309,10678.411,10721.0,10692.432
2026-05-22 17:00:00,10357.043,10475.39,10584.748,10559.0,10564.787
2026-05-22 18:00:00,10288.441,10412.142,10510.749,10559.0,10467.338
2026-05-22 19:00:00,10134.435,10268.021,10356.739,10382.0,10314.768
2026-05-22 20:00:00,9954.829,10099.958,10196.83,10224.0,10146.199
2026-05-22 21:00:00,9965.317,10107.782,10177.971,10212.0,10137.853
2026-05-22 22:00:00,10106.344,10245.496,10244.983,10280.0,10269.831
2026-05-22 23:00:00,9890.293,10037.662,10047.835,10059.0,10063.618
2026-05-23 00:00:00,9519.286,9620.605,9570.973,9626.0,9671.717
2026-05-23 01:00:00,9072.686,9138.198,9199.614,9190.0,9186.921
2026-05-23 02:00:00,8831.681,8891.417,8875.137,8917.0,8903.194
2026-05-23 03:00:00,8632.534,8694.168,8654.299,8723.0,8656.001
2026-05-23 04:00:00,8456.921,8520.74,8498.673,8560.0,8480.047
2026-05-23 05:00:00,8436.979,8489.482,8415.742,8506.0,8424.701
2026-05-23 06:00:00,8502.104,8623.636,8523.01,8632.0,8530.178
2026-05-23 07:00:00,8710.307,8881.481,8706.192,8899.0,8767.086
2026-05-23 08:00:00,9125.128,9298.701,9152.118,9319.0,9212.291
2026-05-23 09:00:00,9681.044,9853.4,9765.08,9993.0,9826.077
2026-05-23 10:00:00,10089.787,10284.128,10226.541,10380.0,10280.323
2026-05-23 11:00:00,10285.891,10477.972,10427.04,10509.0,10523.58
2026-05-23 12:00:00,10332.751,10526.336,10475.589,10572.0,10585.818
2026-05-23 13:00:00,10344.286,10524.476,10450.357,10468.0,10608.962
2026-05-23 14:00:00,10309.154,10476.196,10412.97,10485.0,10593.73
2026-05-23 15:00:00,10279.57,10455.194,10388.325,10419.0,10558.79
2026-05-23 16:00:00,10238.431,10442.769,10373.422,10339.0,10545.754
2026-05-23 17:00:00,10229.718,10381.827,10309.39,10312.0,10476.453
2026-05-23 18:00:00,10194.442,10363.467,10283.54,10381.0,10402.266
2026-05-23 19:00:00,10120.105,10258.505,10228.122,10288.0,10316.173
2026-05-23 20:00:00,10006.996,10127.199,10108.719,10078.0,10179.97
2026-05-23 21:00:00,9999.809,10111.301,10077.259,10090.0,10155.801
2026-05-23 22:00:00,10082.869,10172.619,10146.927,10114.0,10241.779
2026-05-23 23:00:00,9906.969,9983.844,10016.288,9977.0,10069.153
2026-05-24 00:00:00,9690.786,9686.551,9639.209,9492.0,9750.462
2026-05-24 01:00:00,9215.554,9195.752,9199.429,9113.0,9288.951
2026-05-24 02:00:00,8985.744,8950.115,8890.201,8807.0,9025.939
2026-05-24 03:00:00,8764.107,8719.807,8662.306,8575.0,8768.153
2026-05-24 04:00:00,8585.227,8528.775,8514.59,8362.0,8576.553
2026-05-24 05:00:00,8544.645,8489.148,8416.042,8309.0,8521.434
2026-05-24 06:00:00,8585.706,8568.64,8504.61,8400.0,8589.692
2026-05-24 07:00:00,8743.261,8792.576,8686.04,8620.0,8830.811
2026-05-24 08:00:00,9092.016,9189.32,9090.624,8950.0,9214.136
2026-05-24 09:00:00,9621.802,9729.419,9715.7,9551.0,9800.388
2026-05-24 10:00:00,10034.012,10150.343,10184.577,10058.0,10191.09
2026-05-24 11:00:00,10258.568,10376.836,10391.375,10256.0,10439.717
2026-05-24 12:00:00,10314.832,10438.411,10419.698,10280.0,10486.544
2026-05-24 13:00:00,10310.112,10437.847,10391.767,10268.0,10507.538
2026-05-24 14:00:00,10275.458,10391.73,10372.012,10257.0,10498.91
2026-05-24 15:00:00,10231.754,10372.293,10351.246,10276.0,10463.928
2026-05-24 16:00:00,10193.184,10357.371,10340.549,10240.0,10444.352
2026-05-24 17:00:00,10286.297,10323.788,10298.083,10265.0,10402.409
2026-05-24 18:00:00,10291.963,10341.056,10324.344,10384.0,10386.967
2026-05-24 19:00:00,10229.187,10275.1455,10293.51,10376.0,10339.074
2026-05-24 20:00:00,10123.42,10174.032,10196.507,10207.0,10228.508
2026-05-24 21:00:00,10140.67,10156.434,10172.745,10237.0,10202.798
2026-05-24 22:00:00,10135.2705,10177.162,10154.406,10135.0,10195.375
2026-05-24 23:00:00,9911.512,9958.729,9980.651,9956.0,9989.188
2026-05-25 00:00:00,9370.108,9473.574,9467.402,9512.0,9470.779
2026-05-25 01:00:00,8900.423,9011.121,8947.051,8992.0,8958.075
2026-05-25 02:00:00,8685.545,8805.984,8695.396,8728.0,8717.084
2026-05-25 03:00:00,8527.586,8652.799,8469.839,8561.0,8554.826
2026-05-25 04:00:00,8398.73,8507.149,8337.099,8330.0,8413.3
2026-05-25 05:00:00,8391.478,8499.23,8304.954,8420.0,8428.571
2026-05-25 06:00:00,8638.108,8765.249,8589.226,8702.0,8716.976
2026-05-25 07:00:00,9087.351,9204.307,9053.745,9170.0,9203.431
2026-05-25 08:00:00,9667.044,9725.355,9670.097,9737.0,9754.838
2026-05-25 09:00:00,10211.302,10350.846,10283.688,10371.0,10389.411
2026-05-25 10:00:00,10426.02,10569.087,10526.727,10690.0,10562.818
2026-05-25 11:00:00,10472.753,10624.989,10578.292,10692.0,10621.415
2026-05-25 12:00:00,10437.03,10632.001,10565.551,10703.0,10618.642
2026-05-25 13:00:00,10442.917,10628.028,10549.105,10655.0,10629.16
2026-05-25 14:00:00,10455.575,10636.654,10579.802,10639.0,10667.057
2026-05-25 15:00:00,10470.414,10648.428,10580.549,10590.0,10635.263
2026-05-25 16:00:00,10517.114,10736.522,10613.2,10763.0,10702.906
2026-05-25 17:00:00,10422.455,10560.454,10540.047,10645.0,10554.349
2026-05-25 18:00:00,10344.271,10483.154,10503.021,10588.0,10484.892
2026-05-25 19:00:00,10204.67,10343.092,10372.667,10401.0,10354.892
2026-05-25 20:00:00,10029.961,10144.541,10185.159,10268.0,10139.385
2026-05-25 21:00:00,10020.725,10129.732,10162.659,10341.0,10123.707
2026-05-25 22:00:00,10065.088,10204.627,10200.06,10332.0,10192.468
2026-05-25 23:00:00,9802.432,9942.66,9952.415,10063.0,9899.601
2026-05-26 00:00:00,9441.981,9540.301,9516.003,9570.0,9563.325
2026-05-26 01:00:00,8994.941,9073.277,9052.353,9070.0,9075.208
2026-05-26 02:00:00,8784.83,8852.102,8808.277,8834.0,8816.439
2026-05-26 03:00:00,8625.214,8705.609,8605.049,8630.0,8673.703
2026-05-26 04:00:00,8481.502,8550.519,8469.529,8440.0,8518.317
2026-05-26 05:00:00,8479.365,8555.655,8458.428,8514.0,8535.038
2026-05-26 06:00:00,8756.867,8812.26,8744.021,8770.0,8804.875
2026-05-26 07:00:00,9214.208,9281.212,9188.627,9241.0,9288.928
2026-05-26 08:00:00,9767.656,9810.969,9755.86,9754.0,9821.402
2026-05-26 09:00:00,10317.955,10406.654,10340.218,10553.0,10467.3955
2026-05-26 10:00:00,10531.836,10640.678,10590.237,10796.0,10674.772
2026-05-26 11:00:00,10562.157,10691.819,10640.709,10787.0,10726.919
2026-05-26 12:00:00,10535.186,10707.784,10642.261,10778.0,10732.368
2026-05-26 13:00:00,10534.091,10692.391,10623.564,10687.0,10723.1875
2026-05-26 14:00:00,10557.061,10730.43,10645.7705,10725.0,10766.379
2026-05-26 15:00:00,10568.111,10726.577,10634.533,10691.0,10743.758
2026-05-26 16:00:00,10628.339,10818.341,10669.799,10767.0,10830.049
2026-05-26 17:00:00,10531.961,10655.283,10657.04,10690.0,10692.908
2026-05-26 18:00:00,10478.329,10623.594,10632.74,10702.0,10662.6045
2026-05-26 19:00:00,10327.552,10501.699,10503.444,10502.0,10546.582
2026-05-26 20:00:00,10144.956,10295.146,10330.156,10396.0,10350.504
2026-05-26 21:00:00,10140.813,10286.28,10294.279,10412.0,10333.292
2026-05-26 22:00:00,10192.175,10371.473,10344.507,10500.0,10377.637
2026-05-26 23:00:00,9939.191,10092.942,10107.872,10198.0,10121.746
2026-05-27 00:00:00,9532.23,9636.052,9642.067,9690.0,9651.373
2026-05-27 01:00:00,9058.499,9195.717,9221.549,9233.0,9186.769
2026-05-27 02:00:00,8837.568,8942.692,8989.015,8919.0,8926.131
2026-05-27 03:00:00,8673.939,8806.974,8789.926,8813.0,8781.506
2026-05-27 04:00:00,8532.575,8669.836,8651.6,8642.0,8641.902
2026-05-27 05:00:00,8529.16,8673.876,8659.626,8629.0,8663.863
2026-05-27 06:00:00,8785.748,8922.204,8930.816,8915.0,8943.354
2026-05-27 07:00:00,9238.813,9379.21,9379.972,9347.0,9402.755
2026-05-27 08:00:00,9785.706,9955.127,9936.105,9958.0,9957.131
2026-05-27 09:00:00,10360.967,10512.681,10504.452,10542.0,10571.397
2026-05-27 10:00:00,10598.33,10755.07,10749.561,10819.0,10807.326
2026-05-27 11:00:00,10625.687,10806.009,10809.62,11000.0,10846.441
2026-05-27 12:00:00,10604.446,10819.82,10832.288,10970.0,10854.354
2026-05-27 13:00:00,10595.826,10855.246,10825.137,10997.0,10879.698
2026-05-27 14:00:00,10609.891,10881.723,10843.066,11033.0,10909.746
2026-05-27 15:00:00,10605.928,10915.809,10850.303,10916.0,10918.437
2026-05-27 16:00:00,10676.504,10986.299,10906.533,11030.0,10980.41
2026-05-27 17:00:00,10582.052,10878.538,10887.807,11024.0,10893.553
2026-05-27 18:00:00,10506.994,10808.753,10837.751,10943.0,10843.52
2026-05-27 19:00:00,10362.751,10692.539,10720.042,10845.0,10733.599
2026-05-27 20:00:00,10190.026,10521.135,10567.542,10757.0,10563.692
2026-05-27 21:00:00,10189.543,10513.984,10561.437,10786.0,10572.584
2026-05-27 22:00:00,10247.927,10576.729,10582.434,10784.0,10613.44
2026-05-27 23:00:00,10004.425,10310.572,10351.268,10515.0,10365.366
2026-05-28 00:00:00,9700.958,9936.854,9947.264,9984.0,9975.448
2026-05-28 01:00:00,9214.066,9413.817,9490.418,9489.0,9457.543
2026-05-28 02:00:00,8980.754,9173.412,9251.498,9243.0,9207.909
2026-05-28 03:00:00,8809.118,9020.065,9083.304,9045.0,9058.071
2026-05-28 04:00:00,8668.554,8885.947,8976.457,8839.0,8940.685
2026-05-28 05:00:00,8666.068,8888.395,8965.731,8850.0,8945.748
2026-05-28 06:00:00,8923.194,9138.419,9231.582,9179.0,9193.901
2026-05-28 07:00:00,9369.501,9579.271,9664.316,9556.0,9619.714
2026-05-28 08:00:00,9932.486,10153.047,10183.236,10192.0,10171.326
2026-05-28 09:00:00,10513.587,10721.873,10778.53,10904.0,10806.963
2026-05-28 10:00:00,10740.062,10949.677,11052.38,11218.0,11048.443
2026-05-28 11:00:00,10766.969,11003.248,11113.505,11355.0,11093.212
2026-05-28 12:00:00,10740.97,10999.8125,11112.421,11355.0,11088.803
2026-05-28 13:00:00,10731.486,11012.069,11072.764,11353.0,11094.692
2026-05-28 14:00:00,10736.937,11035.95,11101.069,11401.0,11125.324
2026-05-28 15:00:00,10731.077,11056.794,11100.228,11333.0,11130.715
2026-05-28 16:00:00,10794.428,11126.398,11142.24,11432.0,11181.0
2026-05-28 17:00:00,10704.272,10991.953,11134.267,11315.0,11094.968
2026-05-28 18:00:00,10651.641,10954.574,11110.571,11275.0,11073.289
2026-05-28 19:00:00,10501.169,10813.556,10963.794,11137.0,10935.88
2026-05-28 20:00:00,10334.444,10652.438,10838.429,11063.0,10792.928
2026-05-28 21:00:00,10341.338,10623.129,10848.975,11029.0,10778.435
2026-05-28 22:00:00,10393.65,10677.469,10844.625,11048.0,10810.413
2026-05-28 23:00:00,10153.835,10443.061,10623.031,10744.0,10558.685
2026-05-29 00:00:00,10024.35,10138.018,10185.061,10364.0,10180.938
2026-05-29 01:00:00,9517.66,9611.47,9707.576,9841.0,9696.032
2026-05-29 02:00:00,9274.189,9349.243,9444.757,9471.0,9422.813
2026-05-29 03:00:00,9092.578,9170.108,9248.295,9331.0,9236.455
2026-05-29 04:00:00,8920.108,9006.518,9144.327,9121.0,9083.257
2026-05-29 05:00:00,8910.188,8976.361,9113.622,9184.0,9087.325
2026-05-29 06:00:00,9166.391,9233.489,9380.791,9442.0,9365.107
2026-05-29 07:00:00,9599.45,9667.5,9809.973,9793.0,9760.23
2026-05-29 08:00:00,10171.758,10213.449,10352.175,10365.0,10317.694
2026-05-29 09:00:00,10742.677,10779.168,10933.475,11100.0,10943.263
2026-05-29 10:00:00,10988.958,11037.404,11233.134,11417.0,11190.436
2026-05-29 11:00:00,11043.538,11126.957,11330.01,11454.0,11270.975
2026-05-29 12:00:00,11029.599,11131.11,11335.485,11512.0,11271.742
2026-05-29 13:00:00,11033.232,11143.695,11288.082,11508.0,11268.909
2026-05-29 14:00:00,11025.544,11159.814,11304.587,11485.0,11286.327
2026-05-29 15:00:00,11011.774,11146.67,11271.328,11477.0,11262.365
2026-05-29 16:00:00,11055.877,11207.855,11316.217,11558.0,11307.318
2026-05-29 17:00:00,10981.863,11088.624,11255.535,11397.0,11216.84
2026-05-29 18:00:00,10925.445,11031.593,11195.463,11446.0,11155.192
2026-05-29 19:00:00,10785.208,10872.027,11055.847,11228.0,11019.862
2026-05-29 20:00:00,10623.226,10713.4375,10920.42,11044.0,10881.699
2026-05-29 21:00:00,10619.279,10689.507,10915.087,11066.0,10865.445
2026-05-29 22:00:00,10700.855,10753.743,10901.557,11108.0,10893.331
2026-05-29 23:00:00,10520.789,10564.114,10715.438,10894.0,10690.659
2026-05-30 00:00:00,10397.867,10372.204,10358.843,10474.0,10403.146
2026-05-30 01:00:00,9900.718,9830.297,9962.99,9976.0,9921.962
2026-05-30 02:00:00,9601.691,9525.241,9641.232,9657.0,9604.727
2026-05-30 03:00:00,9359.365,9306.405,9442.329,9440.0,9400.064
2026-05-30 04:00:00,9203.353,9158.353,9300.611,9230.0,9226.105
2026-05-30 05:00:00,9163.503,9106.62,9242.844,9072.0,9163.058
2026-05-30 06:00:00,9251.845,9206.424,9307.146,9230.0,9211.585
2026-05-30 07:00:00,9520.43,9471.117,9462.393,9343.0,9414.906
2026-05-30 08:00:00,9943.029,9909.072,9867.7705,9746.0,9830.377
2026-05-30 09:00:00,10550.673,10500.803,10467.891,10490.0,10452.444
2026-05-30 10:00:00,10963.615,10898.021,10928.0,10844.0,10882.041
2026-05-30 11:00:00,11149.814,11088.946,11156.902,11052.0,11141.211
2026-05-30 12:00:00,11205.184,11141.903,11227.448,11097.0,11221.633
2026-05-30 13:00:00,11203.736,11148.394,11184.806,11150.0,11228.105
2026-05-30 14:00:00,11160.63,11128.022,11153.638,11198.0,11217.542
2026-05-30 15:00:00,11115.106,11111.937,11117.135,11124.0,11195.021
2026-05-30 16:00:00,11090.562,11129.174,11101.092,11143.0,11183.269
2026-05-30 17:00:00,11083.945,11052.588,11094.16,11121.0,11164.529
2026-05-30 18:00:00,11087.759,11048.089,11092.397,11126.0,11154.811
2026-05-30 19:00:00,11013.763,10963.299,11036.295,11123.0,11094.075
2026-05-30 20:00:00,10900.317,10859.58,10957.331,10911.0,11011.814
2026-05-30 21:00:00,10875.465,10836.719,10922.475,10941.0,10967.72
2026-05-30 22:00:00,10884.468,10815.353,10885.279,10804.0,10901.914
2026-05-30 23:00:00,10736.348,10641.483,10709.405,10584.0,10719.282
2026-05-31 00:00:00,10363.549,10346.817,10368.399,10196.0,10446.232
2026-05-31 01:00:00,9858.698,9833.571,9933.495,9730.0,9979.528
2026-05-31 02:00:00,9579.936,9535.699,9623.789,9465.0,9696.261
2026-05-31 03:00:00,9320.83,9290.773,9410.359,9160.0,9461.249
2026-05-31 04:00:00,9136.201,9088.542,9256.573,8961.0,9247.36
2026-05-31 05:00:00,9037.979,9003.176,9146.236,8939.0,9168.436
2026-05-31 06:00:00,9073.264,9067.304,9188.456,9050.0,9201.109
2026-05-31 07:00:00,9218.002,9240.736,9274.355,9202.0,9339.828
2026-05-31 08:00:00,9561.479,9592.194,9585.663,9483.0,9658.612
2026-05-31 09:00:00,10149.618,10143.493,10172.302,10019.0,10273.973
2026-05-31 10:00:00,10611.434,10525.256,10618.992,10459.0,10674.544
2026-05-31 11:00:00,10850.331,10714.269,10816.237,10645.0,10900.512
2026-05-31 12:00:00,10929.44,10792.951,10880.1,10644.0,10975.514
2026-05-31 13:00:00,10948.152,10794.258,10842.787,10580.0,10970.965
2026-05-31 14:00:00,10931.517,10773.318,10808.527,10617.0,10960.653
2026-05-31 15:00:00,10906.733,10754.41,10765.262,10589.0,10910.708
2026-05-31 16:00:00,10889.729,10756.211,10741.117,10603.0,10868.972
2026-05-31 17:00:00,10939.452,10712.283,10720.824,10546.0,10841.043
2026-05-31 18:00:00,10982.142,10734.327,10797.025,10633.0,10888.593
2026-05-31 19:00:00,10931.069,10659.473,10768.842,10695.0,10828.887
2026-05-31 20:00:00,10832.047,10556.656,10679.401,10547.0,10740.438
2026-05-31 21:00:00,10824.04,10568.467,10711.302,10661.0,10742.312
2026-05-31 22:00:00,10773.721,10555.428,10650.704,10561.0,10700.807
2026-05-31 23:00:00,10562.427,10324.497,10451.667,10422.0,10468.698
2026-06-01 00:00:00,10048.733,9908.404,9821.231,9957.0,9919.328
2026-06-01 01:00:00,9504.573,9388.756,9364.2,9363.0,9356.38
2026-06-01 02:00:00,9247.4375,9128.855,9128.971,9089.0,9107.748
2026-06-01 03:00:00,9048.976,8963.64,8921.756,8829.0,8950.454
2026-06-01 04:00:00,8879.347,8801.658,8791.024,8653.0,8799.385
2026-06-01 05:00:00,8889.94,8804.289,8787.692,8688.0,8832.289
2026-06-01 06:00:00,9141.842,9072.321,9052.951,9057.0,9125.84
2026-06-01 07:00:00,9593.8955,9549.666,9516.324,9429.0,9579.293
2026-06-01 08:00:00,10180.758,10134.91,10100.276,9967.0,10170.68
2026-06-01 09:00:00,10788.757,10701.651,10720.071,10634.0,10755.85
2026-06-01 10:00:00,11030.591,10920.414,10987.512,10942.0,10954.743
2026-06-01 11:00:00,11086.63,10951.081,11026.284,10993.0,10980.428
2026-06-01 12:00:00,11081.823,10952.64,11030.223,10966.0,10967.51
2026-06-01 13:00:00,11087.72,10953.969,10990.59,10985.0,10974.589
2026-06-01 14:00:00,11076.149,10947.142,11012.204,11002.0,10992.902
2026-06-01 15:00:00,11068.717,10922.32,10976.397,10906.0,10954.836
2026-06-01 16:00:00,11134.91,10994.984,11024.139,10846.0,11019.787
2026-06-01 17:00:00,11046.613,10892.18,10933.311,10902.0,10936.848
2026-06-01 18:00:00,10990.013,10805.042,10841.195,10899.0,10833.31
2026-06-01 19:00:00,10854.505,10655.653,10672.856,10758.0,10681.002
2026-06-01 20:00:00,10707.661,10486.263,10507.043,10649.0,10511.187
2026-06-01 21:00:00,10696.634,10489.293,10511.876,10637.0,10508.598
2026-06-01 22:00:00,10679.524,10522.688,10473.254,10666.0,10494.493
2026-06-01 23:00:00,10438.029,10260.627,10218.693,10462.0,10215.699
2026-06-02 00:00:00,9809.792,9804.473,9668.063,9904.0,9758.58
2026-06-02 01:00:00,9302.057,9284.708,9234.343,9500.0,9201.317
2026-06-02 02:00:00,9051.864,9018.242,8980.983,9235.0,8930.791
2026-06-02 03:00:00,8859.7,8843.263,8755.205,8944.0,8752.48
2026-06-02 04:00:00,8686.377,8656.903,8614.841,8796.0,8561.19
2026-06-02 05:00:00,8682.952,8633.858,8591.077,8782.0,8573.377
2026-06-02 06:00:00,8968.32,8910.892,8866.92,9148.0,8913.3545
2026-06-02 07:00:00,9393.438,9338.467,9256.588,9501.0,9294.793
2026-06-02 08:00:00,9954.293,9906.062,9827.537,9996.0,9861.271
2026-06-02 09:00:00,10554.896,10476.844,10402.567,10519.0,10479.205
2026-06-02 10:00:00,10801.913,10720.017,10661.316,10751.0,10688.4375
2026-06-02 11:00:00,10852.9795,10766.322,10717.89,10881.0,10725.523
2026-06-02 12:00:00,10837.782,10763.961,10718.102,10767.0,10719.506
2026-06-02 13:00:00,10833.993,10774.914,10688.546,10782.0,10708.156
2026-06-02 14:00:00,10834.544,10789.626,10703.999,10787.0,10727.686
2026-06-02 15:00:00,10830.158,10766.131,10689.994,10772.0,10696.333
2026-06-02 16:00:00,10896.775,10831.847,10739.401,10664.0,10771.438
2026-06-02 17:00:00,10810.547,10712.61,10653.747,10684.0,10659.416
2026-06-02 18:00:00,10749.3,10680.1,10628.576,10657.0,10623.221
2026-06-02 19:00:00,10608.569,10522.89,10485.782,10517.0,10483.258
2026-06-02 20:00:00,10460.505,10340.226,10324.32,10369.0,10314.49
2026-06-02 21:00:00,10447.673,10340.117,10333.37,10326.0,10315.435
2026-06-02 22:00:00,10462.16,10389.157,10302.744,10408.0,10302.885
2026-06-02 23:00:00,10229.452,10141.617,10082.554,10126.0,10082.603
2026-06-03 00:00:00,9924.068,9874.275,9752.928,9690.0,9826.099
2026-06-03 01:00:00,9393.523,9343.371,9318.533,9132.0,9310.284
2026-06-03 02:00:00,9140.75,9076.843,9043.494,8948.0,9054.058
2026-06-03 03:00:00,8935.369,8886.044,8821.294,8699.0,8823.6455
2026-06-03 04:00:00,8765.277,8702.265,8676.441,8527.0,8663.105
2026-06-03 05:00:00,8761.805,8692.948,8657.866,8539.0,8666.95
2026-06-03 06:00:00,9050.293,8978.817,8937.516,8792.0,8972.738
2026-06-03 07:00:00,9476.5625,9426.094,9331.368,9175.0,9360.681
2026-06-03 08:00:00,10032.819,10004.091,9903.246,9769.0,9918.763
2026-06-03 09:00:00,10633.772,10578.352,10476.839,10435.0,10527.866
2026-06-03 10:00:00,10884.251,10821.466,10728.372,10712.0,10760.011
2026-06-03 11:00:00,10935.414,10855.522,10761.826,10723.0,10797.078
2026-06-03 12:00:00,10925.149,10851.208,10757.633,10698.0,10779.871
2026-06-03 13:00:00,10932.83,10847.921,10722.778,10630.0,10773.794
2026-06-03 14:00:00,10930.949,10847.704,10722.059,10717.0,10794.994
2026-06-03 15:00:00,10915.509,10812.232,10676.763,10605.0,10711.158
2026-06-03 16:00:00,10959.873,10885.866,10710.568,10598.0,10778.446
2026-06-03 17:00:00,10881.351,10790.574,10667.8545,10622.0,10711.079
2026-06-03 18:00:00,10830.071,10723.518,10611.143,10571.0,10652.769
2026-06-03 19:00:00,10708.097,10570.305,10460.355,10415.0,10506.827
2026-06-03 20:00:00,10573.037,10424.868,10322.752,10182.0,10376.419
2026-06-03 21:00:00,10553.027,10427.119,10319.847,10163.0,10384.774
2026-06-03 22:00:00,10561.065,10483.5205,10316.453,10212.0,10408.044
2026-06-03 23:00:00,10350.9795,10251.738,10081.974,10041.0,10176.465
2026-06-04 00:00:00,9635.156,9581.1875,9485.512,9511.0,9564.601
2026-06-04 01:00:00,9107.538,9074.186,9042.985,9011.0,9003.543
2026-06-04 02:00:00,8861.794,8810.833,8785.519,8784.0,8753.491
2026-06-04 03:00:00,8657.473,8629.982,8548.001,8515.0,8532.935
2026-06-04 04:00:00,8486.581,8455.229,8419.972,8402.0,8379.4375
2026-06-04 05:00:00,8474.968,8429.523,8368.85,8397.0,8364.104
2026-06-04 06:00:00,8752.801,8702.721,8636.58,8718.0,8671.926
2026-06-04 07:00:00,9174.243,9127.636,9030.076,9103.0,9062.656
2026-06-04 08:00:00,9741.6455,9676.897,9613.321,9649.0,9643.963
2026-06-04 09:00:00,10309.044,10241.518,10216.739,10280.0,10239.327
2026-06-04 10:00:00,10561.07,10491.057,10480.613,10607.0,10474.61
2026-06-04 11:00:00,10627.458,10544.198,10553.703,10694.0,10538.238
2026-06-04 12:00:00,10606.373,10548.74,10544.279,10636.0,10523.872
2026-06-04 13:00:00,10612.746,10568.342,10537.446,10642.0,10534.163
2026-06-04 14:00:00,10626.215,10594.362,10563.767,10701.0,10549.52
2026-06-04 15:00:00,10618.832,10555.603,10523.989,10616.0,10508.276
2026-06-04 16:00:00,10656.701,10614.92,10539.381,10564.0,10520.616
2026-06-04 17:00:00,10585.457,10489.195,10499.772,10638.0,10470.662
2026-06-04 18:00:00,10532.962,10428.304,10455.013,10628.0,10442.57
2026-06-04 19:00:00,10397.224,10289.588,10301.944,10505.0,10306.731
2026-06-04 20:00:00,10247.826,10111.055,10139.024,10255.0,10141.703
2026-06-04 21:00:00,10221.046,10104.271,10105.935,10198.0,10110.765
2026-06-04 22:00:00,10246.488,10159.76,10103.195,10275.0,10139.065
2026-06-04 23:00:00,10036.277,9937.372,9897.189,9960.0,9915.871
2026-06-05 00:00:00,9534.157,9480.438,9309.202,9499.0,9455.721
2026-06-05 01:00:00,9000.002,8953.1,8866.1875,9035.0,8887.727
2026-06-05 02:00:00,8744.361,8693.102,8586.026,8757.0,8627.285
2026-06-05 03:00:00,8547.075,8499.15,8364.374,8480.0,8400.866
2026-06-05 04:00:00,8389.808,8328.694,8228.816,8371.0,8253.127
2026-06-05 05:00:00,8387.299,8322.656,8196.922,8374.0,8264.891
2026-06-05 06:00:00,8666.999,8558.909,8450.866,8681.0,8528.047
2026-06-05 07:00:00,9078.893,8981.979,8868.15,9087.0,8942.308
2026-06-05 08:00:00,9645.959,9551.519,9443.372,9683.0,9532.446
2026-06-05 09:00:00,10232.136,10102.786,10052.49,10340.0,10147.112
2026-06-05 10:00:00,10489.254,10360.033,10335.29,10644.0,10394.254
2026-06-05 11:00:00,10550.109,10421.055,10398.443,10617.0,10444.693
2026-06-05 12:00:00,10538.158,10404.538,10383.515,10699.0,10419.207
2026-06-05 13:00:00,10548.738,10391.932,10359.487,10700.0,10413.942
2026-06-05 14:00:00,10560.886,10409.773,10383.872,10705.0,10440.482
2026-06-05 15:00:00,10550.567,10409.98,10349.688,10661.0,10389.074
2026-06-05 16:00:00,10576.877,10427.3,10355.624,10530.0,10406.108
2026-06-05 17:00:00,10518.127,10311.873,10297.454,10558.0,10341.24
2026-06-05 18:00:00,10470.026,10275.766,10270.205,10561.0,10292.91
2026-06-05 19:00:00,10318.117,10111.347,10105.979,10302.0,10135.0
2026-06-05 20:00:00,10140.868,9925.752,9917.5205,10030.0,9939.278
2026-06-05 21:00:00,10118.04,9934.893,9889.485,9997.0,9920.647
2026-06-05 22:00:00,10186.522,10036.767,9901.634,9981.0,9994.866
2026-06-05 23:00:00,10017.736,9848.292,9719.253,9795.0,9805.363
2026-06-06 00:00:00,9659.532,9560.523,9349.005,9457.0,9485.838
2026-06-06 01:00:00,9164.058,9057.4795,8972.529,8863.0,9010.77
2026-06-06 02:00:00,8886.074,8799.053,8659.35,8585.0,8744.174
2026-06-06 03:00:00,8656.084,8574.309,8428.214,8288.0,8498.092
2026-06-06 04:00:00,8478.608,8394.219,8266.996,8230.0,8331.0205
2026-06-06 05:00:00,8433.553,8332.832,8200.105,8028.0,8290.393
2026-06-06 06:00:00,8545.208,8441.132,8323.564,8237.0,8400.699
2026-06-06 07:00:00,8777.755,8681.407,8543.248,8502.0,8645.227
2026-06-06 08:00:00,9210.986,9122.346,9019.992,8956.0,9081.506
2026-06-06 09:00:00,9806.65,9715.097,9657.283,9615.0,9717.41
2026-06-06 10:00:00,10206.378,10110.027,10091.908,10020.0,10090.734
2026-06-06 11:00:00,10412.45,10282.721,10249.471,10217.0,10259.558
2026-06-06 12:00:00,10471.381,10323.512,10272.52,10234.0,10288.709
2026-06-06 13:00:00,10483.96,10313.715,10246.373,10278.0,10284.253
2026-06-06 14:00:00,10480.068,10306.66,10251.245,10301.0,10294.351
2026-06-06 15:00:00,10438.906,10276.507,10200.086,10211.0,10231.925
2026-06-06 16:00:00,10385.193,10247.995,10171.6455,10226.0,10203.565
2026-06-06 17:00:00,10383.117,10208.423,10178.842,10266.0,10184.936
2026-06-06 18:00:00,10385.0205,10227.588,10204.014,10212.0,10201.839
2026-06-06 19:00:00,10309.695,10153.529,10114.087,10191.0,10142.189
2026-06-06 20:00:00,10166.429,10022.905,9946.767,9938.0,9968.348
2026-06-06 21:00:00,10120.4,10009.792,9892.401,9964.0,9929.461
2026-06-06 22:00:00,10127.282,10018.589,9870.315,9818.0,9935.981
2026-06-06 23:00:00,9983.227,9834.0625,9705.077,9687.0,9747.333
2026-06-07 00:00:00,9348.274,9320.885,9184.227,9306.0,9227.943
2026-06-07 01:00:00,8815.394,8828.836,8784.347,8899.0,8748.462
2026-06-07 02:00:00,8559.347,8611.064,8477.683,8558.0,8500.369
2026-06-07 03:00:00,8310.939,8385.275,8252.742,8339.0,8245.585
2026-06-07 04:00:00,8113.4375,8202.573,8079.9053,8180.0,8081.4414
2026-06-07 05:00:00,8071.8438,8153.5747,7991.782,8071.0,8040.835
2026-06-07 06:00:00,8164.4297,8263.016,8099.567,8275.0,8156.8936
2026-06-07 07:00:00,8342.348,8461.967,8278.446,8384.0,8373.303
2026-06-07 08:00:00,8697.71,8806.782,8694.039,8708.0,8718.799
2026-06-07 09:00:00,9261.313,9392.504,9326.083,9286.0,9321.205
2026-06-07 10:00:00,9708.301,9823.688,9818.708,9764.0,9775.207
2026-06-07 11:00:00,9943.131,10007.379,9995.233,9994.0,9971.261
2026-06-07 12:00:00,10001.003,10050.272,10025.088,10065.0,10003.907
2026-06-07 13:00:00,10001.925,10028.099,9982.101,9982.0,9996.992
2026-06-07 14:00:00,9972.481,10005.457,9981.692,10110.0,10005.043
2026-06-07 15:00:00,9934.52,9967.894,9960.995,10062.0,9959.163
2026-06-07 16:00:00,9878.667,9943.947,9937.283,10045.0,9913.725
2026-06-07 17:00:00,9935.814,9959.845,9927.594,10037.0,9939.235
2026-06-07 18:00:00,9998.502,10016.584,10008.48,10083.0,9980.452
2026-06-07 19:00:00,9975.508,9965.809,9961.667,10118.0,9964.142
2026-06-07 20:00:00,9855.943,9838.643,9814.452,9926.0,9813.369
2026-06-07 21:00:00,9848.617,9862.338,9794.95,9952.0,9802.731
2026-06-07 22:00:00,9800.995,9845.525,9732.65,9829.0,9771.383
2026-06-07 23:00:00,9616.274,9646.856,9565.415,9599.0,9575.535
2026-06-08 00:00:00,9248.43,9277.495,9110.618,9291.0,9327.69
2026-06-08 01:00:00,8749.093,8784.405,8612.535,8814.0,8742.935
2026-06-08 02:00:00,8499.133,8538.113,8308.602,8505.0,8467.41
2026-06-08 03:00:00,8281.312,8305.409,8063.6084,8292.0,8222.488
2026-06-08 04:00:00,8124.4883,8136.0264,7932.5244,8146.0,8077.077
2026-06-08 05:00:00,8148.1406,8161.7524,7944.1084,8139.0,8129.4414
2026-06-08 06:00:00,8447.435,8460.881,8241.954,8471.0,8446.505
2026-06-08 07:00:00,8869.841,8880.961,8668.745,8875.0,8859.014
2026-06-08 08:00:00,9447.456,9428.859,9312.688,9487.0,9458.976
2026-06-08 09:00:00,10029.005,10003.784,9974.616,10211.0,10092.667
2026-06-08 10:00:00,10296.721,10294.848,10313.198,10501.0,10382.944
2026-06-08 11:00:00,10361.582,10393.948,10410.545,10605.0,10454.433
2026-06-08 12:00:00,10352.172,10416.7705,10415.659,10553.0,10446.097
2026-06-08 13:00:00,10361.299,10423.034,10410.961,10534.0,10455.313
2026-06-08 14:00:00,10379.692,10409.766,10415.422,10556.0,10460.516
2026-06-08 15:00:00,10354.981,10345.917,10364.535,10521.0,10398.947
2026-06-08 16:00:00,10359.527,10374.415,10356.798,10530.0,10393.102
2026-06-08 17:00:00,10311.978,10322.938,10337.594,10593.0,10372.971
2026-06-08 18:00:00,10275.419,10277.014,10328.526,10559.0,10373.422
2026-06-08 19:00:00,10129.804,10134.027,10167.144,10370.0,10231.033
2026-06-08 20:00:00,9937.246,9932.494,9948.087,10133.0,10019.428
2026-06-08 21:00:00,9906.429,9913.123,9897.102,10030.0,9974.192
2026-06-08 22:00:00,9914.551,9934.904,9861.564,10103.0,9966.568
2026-06-08 23:00:00,9701.424,9717.873,9656.718,9746.0,9754.335
2026-06-09 00:00:00,9276.511,9318.293,9278.17,9345.0,9390.847
2026-06-09 01:00:00,8816.451,8848.099,8796.694,8848.0,8831.966
2026-06-09 02:00:00,8566.779,8577.751,8502.617,8501.0,8568.455
2026-06-09 03:00:00,8336.98,8354.877,8244.296,8295.0,8306.338
2026-06-09 04:00:00,8175.4253,8165.892,8101.1875,8061.0,8154.4985
2026-06-09 05:00:00,8192.798,8194.285,8102.715,8079.0,8175.907
2026-06-09 06:00:00,8489.4,8498.682,8382.165,8364.0,8471.284
2026-06-09 07:00:00,8910.8955,8919.882,8782.865,8863.0,8882.621
2026-06-09 08:00:00,9484.419,9501.455,9398.965,9447.0,9466.868
2026-06-09 09:00:00,10078.5205,10075.1045,10027.158,10178.0,10129.739
2026-06-09 10:00:00,10338.59,10348.396,10325.031,10418.0,10406.807
2026-06-09 11:00:00,10393.726,10409.237,10395.443,10572.0,10457.001
2026-06-09 12:00:00,10380.532,10438.469,10413.212,10505.0,10459.057
2026-06-09 13:00:00,10389.024,10448.919,10406.427,10485.0,10457.465
2026-06-09 14:00:00,10407.375,10453.622,10413.974,10562.0,10474.853
2026-06-09 15:00:00,10383.485,10388.34,10361.546,10545.0,10407.751
2026-06-09 16:00:00,10384.606,10398.059,10351.479,10540.0,10386.398
2026-06-09 17:00:00,10337.345,10368.803,10354.282,10540.0,10371.517
2026-06-09 18:00:00,10298.208,10367.535,10357.851,10512.0,10344.62
2026-06-09 19:00:00,10157.08,10223.3545,10204.971,10318.0,10200.4375
2026-06-09 20:00:00,9972.251,10019.707,9977.77,10138.0,9988.471
2026-06-09 21:00:00,9933.993,9978.344,9923.518,10047.0,9932.031
2026-06-09 22:00:00,9947.365,10010.0205,9864.101,9932.0,9918.118
2026-06-09 23:00:00,9732.023,9783.969,9654.692,9640.0,9687.7295
2026-06-10 00:00:00,9299.254,9346.13,9247.77,9215.0,9308.335
2026-06-10 01:00:00,8789.368,8856.048,8748.105,8790.0,8749.823
2026-06-10 02:00:00,8522.87,8576.814,8452.407,8557.0,8445.69
2026-06-10 03:00:00,8277.051,8349.066,8184.158,8336.0,8224.385
2026-06-10 04:00:00,8112.42,8164.496,8036.379,8104.0,8069.873
2026-06-10 05:00:00,8116.901,8178.8975,8017.24,8138.0,8066.532
2026-06-10 06:00:00,8410.287,8483.639,8307.025,8364.0,8353.804
2026-06-10 07:00:00,8849.753,8904.695,8738.788,8802.0,8788.762
2026-06-10 08:00:00,9436.796,9505.391,9388.648,9393.0,9403.205
2026-06-10 09:00:00,10075.038,10127.199,10039.291,10080.0,10087.251
2026-06-10 10:00:00,10349.167,10404.536,10334.756,10322.0,10354.643
2026-06-10 11:00:00,10423.773,10505.16,10442.8,10388.0,10474.746
2026-06-10 12:00:00,10416.56,10539.597,10472.031,10334.0,10488.779
2026-06-10 13:00:00,10433.113,10567.321,10462.23,10300.0,10503.625
2026-06-10 14:00:00,10449.35,10589.28,10482.871,10326.0,10539.617
2026-06-10 15:00:00,10418.123,10562.86,10448.0205,10276.0,10469.397
2026-06-10 16:00:00,10422.955,10591.686,10453.088,10319.0,10477.891
2026-06-10 17:00:00,10387.481,10514.309,10461.483,10353.0,10464.113
2026-06-10 18:00:00,10338.671,10479.652,10425.523,10305.0,10442.314
2026-06-10 19:00:00,10188.58,10326.564,10263.61,10091.0,10272.949
2026-06-10 20:00:00,9974.335,10113.974,10047.306,9869.0,10056.845
2026-06-10 21:00:00,9925.954,10054.159,9971.545,9893.0,9988.162
2026-06-10 22:00:00,9945.533,10081.613,9939.01,9918.0,10005.469
2026-06-10 23:00:00,9739.145,9873.421,9718.993,9605.0,9770.323
2026-06-11 00:00:00,9241.193,9382.173,9318.72,9211.0,9325.509
2026-06-11 01:00:00,8749.251,8842.805,8843.9,8821.0,8797.516
2026-06-11 02:00:00,8485.57,8564.859,8562.009,8501.0,8518.722
2026-06-11 03:00:00,8248.522,8340.279,8316.127,8172.0,8295.487
2026-06-11 04:00:00,8086.093,8170.505,8170.715,7996.0,8140.085
2026-06-11 05:00:00,8085.2373,8162.9233,8148.3423,8057.0,8142.133
2026-06-11 06:00:00,8361.458,8456.404,8400.311,8363.0,8433.207
2026-06-11 07:00:00,8816.556,8908.49,8802.917,8933.0,8855.0205
2026-06-11 08:00:00,9401.986,9479.934,9383.68,9500.0,9413.204
2026-06-11 09:00:00,10045.956,10079.017,10011.847,10147.0,10074.726
2026-06-11 10:00:00,10312.348,10340.06,10290.403,10462.0,10303.78
2026-06-11 11:00:00,10404.002,10435.255,10381.671,10490.0,10394.892
2026-06-11 12:00:00,10392.58,10436.9795,10381.531,10455.0,10388.438
2026-06-11 13:00:00,10412.12,10451.511,10363.736,10376.0,10383.345
2026-06-11 14:00:00,10434.979,10468.11,10379.617,10407.0,10408.74
2026-06-11 15:00:00,10414.92,10440.887,10350.076,10336.0,10351.702
2026-06-11 16:00:00,10421.772,10489.49,10359.77,10294.0,10373.111
2026-06-11 17:00:00,10392.138,10402.749,10389.67,10355.0,10366.524
2026-06-11 18:00:00,10352.091,10380.493,10373.806,10351.0,10360.116
2026-06-11 19:00:00,10196.118,10151.32,10206.091,10109.0,10174.547
2026-06-11 20:00:00,9980.674,9973.115,10027.621,9893.0,9968.619
2026-06-11 21:00:00,9918.479,9922.02,9963.258,9879.0,9894.546
2026-06-11 22:00:00,9910.42,9977.19,9907.164,9870.0,9902.041
2026-06-11 23:00:00,9695.391,9768.758,9685.463,9678.0,9661.616
2026-06-12 00:00:00,9350.998,9337.041,9323.514,9410.0,9337.379
2026-06-12 01:00:00,8848.148,8810.859,8901.449,8947.0,8872.3545
2026-06-12 02:00:00,8577.658,8533.534,8586.476,8635.0,8574.573
2026-06-12 03:00:00,8340.804,8283.559,8332.339,8324.0,8293.089
2026-06-12 04:00:00,8162.216,8046.8877,8171.1743,8157.0,8108.0664
2026-06-12 05:00:00,8172.38,8027.2007,8084.33,8095.0,8050.516
2026-06-12 06:00:00,8458.524,8285.33,8220.832,8242.0,8236.743
2026-06-12 07:00:00,8897.433,8641.057,8452.667,8589.0,8553.247
2026-06-12 08:00:00,9488.865,9150.172,8900.327,8977.0,8967.036
2026-06-12 09:00:00,10101.227,9783.303,9550.717,9621.0,9625.453
2026-06-12 10:00:00,10370.093,10130.676,9969.68,10040.0,9955.458
2026-06-12 11:00:00,10455.503,10246.104,10120.711,10200.0,10099.695
2026-06-12 12:00:00,10451.002,10266.005,10151.034,10251.0,10131.299
2026-06-12 13:00:00,10466.5,10289.512,10124.708,10137.0,10159.572
2026-06-12 14:00:00,10481.02,10313.033,10127.365,10194.0,10173.139
2026-06-12 15:00:00,10460.504,10286.371,10073.202,10094.0,10115.863
2026-06-12 16:00:00,10463.822,10320.777,10070.264,10095.0,10126.07
2026-06-12 17:00:00,10443.989,10291.053,10117.321,10034.0,10148.241
2026-06-12 18:00:00,10409.862,10281.193,10148.352,10086.0,10137.846
2026-06-12 19:00:00,10238.116,10104.766,10060.164,10009.0,10026.327
2026-06-12 20:00:00,10005.815,9880.439,9887.325,9778.0,9815.602
2026-06-12 21:00:00,9943.217,9848.115,9835.357,9754.0,9781.222
2026-06-12 22:00:00,9958.237,9879.383,9761.436,9646.0,9745.633
2026-06-12 23:00:00,9794.648,9717.251,9604.5205,9526.0,9593.583
2026-06-13 00:00:00,9213.371,9354.2,9247.6045,9261.0,9293.829
2026-06-13 01:00:00,8762.547,8864.752,8863.611,8838.0,8836.956
2026-06-13 02:00:00,8493.29,8589.373,8546.833,8503.0,8531.935
2026-06-13 03:00:00,8259.733,8340.053,8298.841,8264.0,8289.066
2026-06-13 04:00:00,8097.875,8147.11,8125.574,8093.0,8116.821
2026-06-13 05:00:00,8036.002,8072.63,8064.794,8021.0,8048.996
2026-06-13 06:00:00,8110.539,8219.914,8181.532,8101.0,8183.342
2026-06-13 07:00:00,8294.252,8490.224,8365.017,8351.0,8418.082
2026-06-13 08:00:00,8687.013,8932.57,8752.013,8733.0,8798.922
2026-06-13 09:00:00,9272.239,9517.231,9378.915,9409.0,9466.483
2026-06-13 10:00:00,9687.002,9930.943,9847.373,9821.0,9876.369
2026-06-13 11:00:00,9923.385,10151.483,10067.933,10033.0,10107.0625
2026-06-13 12:00:00,9994.965,10219.682,10125.064,10157.0,10181.551
2026-06-13 13:00:00,10004.288,10256.133,10109.493,10105.0,10198.3955
2026-06-13 14:00:00,9996.905,10242.971,10111.629,10146.0,10204.385
2026-06-13 15:00:00,9950.211,10211.739,10088.91,10114.0,10170.695
2026-06-13 16:00:00,9888.3,10203.888,10088.81,10136.0,10157.498
2026-06-13 17:00:00,9975.475,10167.742,10118.075,10077.0,10206.262
2026-06-13 18:00:00,9964.348,10173.682,10155.985,10201.0,10214.419
2026-06-13 19:00:00,9892.765,10105.539,10105.819,10187.0,10150.1045
2026-06-13 20:00:00,9720.231,9962.428,9972.646,9977.0,9987.986
2026-06-13 21:00:00,9655.088,9903.019,9915.205,9902.0,9946.522
2026-06-13 22:00:00,9594.825,9845.676,9808.603,9813.0,9837.185
2026-06-13 23:00:00,9471.614,9706.358,9679.259,9608.0,9709.073
2026-06-14 00:00:00,9169.062,9344.885,9309.866,9286.0,9371.741
2026-06-14 01:00:00,8742.976,8816.385,8897.402,8882.0,8889.995
2026-06-14 02:00:00,8471.438,8568.9,8567.5,8538.0,8603.706
2026-06-14 03:00:00,8220.473,8309.641,8308.987,8206.0,8335.748
2026-06-14 04:00:00,8032.9937,8109.829,8142.059,8130.0,8161.287
2026-06-14 05:00:00,7998.9805,8083.7373,8057.5986,8037.0,8104.606
2026-06-14 06:00:00,8073.5933,8199.966,8135.875,8086.0,8211.837
2026-06-14 07:00:00,8233.139,8372.392,8269.583,8265.0,8382.996
2026-06-14 08:00:00,8539.367,8675.091,8601.112,8624.0,8669.443
2026-06-14 09:00:00,9068.599,9187.982,9185.3955,9237.0,9225.527
2026-06-14 10:00:00,9495.009,9595.203,9657.266,9666.0,9646.8
2026-06-14 11:00:00,9731.715,9792.757,9887.5625,9857.0,9849.655
2026-06-14 12:00:00,9799.113,9864.325,9947.926,9922.0,9911.367
2026-06-14 13:00:00,9793.8545,9892.344,9938.088,9951.0,9920.916
2026-06-14 14:00:00,9784.316,9891.137,9964.634,9883.0,9944.733
2026-06-14 15:00:00,9764.653,9860.162,9939.309,9869.0,9918.786
2026-06-14 16:00:00,9724.642,9831.89,9933.345,9764.0,9907.616
2026-06-14 17:00:00,9812.402,9883.599,9942.313,9883.0,9917.282
2026-06-14 18:00:00,9870.943,9934.805,10025.086,10031.0,9980.418
2026-06-14 19:00:00,9844.532,9888.029,10013.54,9999.0,9987.441
2026-06-14 20:00:00,9710.993,9742.38,9866.808,9902.0,9835.774
2026-06-14 21:00:00,9665.84,9712.071,9830.519,9889.0,9821.709
2026-06-14 22:00:00,9588.992,9660.475,9704.391,9728.0,9721.127
2026-06-14 23:00:00,9410.221,9463.834,9529.483,9501.0,9532.033
2026-06-15 00:00:00,9184.18,9208.312,9170.953,9115.0,9263.863
2026-06-15 01:00:00,8735.696,8749.129,8698.658,8660.0,8751.297
2026-06-15 02:00:00,8472.888,8486.699,8407.63,8386.0,8454.034
2026-06-15 03:00:00,8236.126,8239.82,8146.8643,8176.0,8206.738
2026-06-15 04:00:00,8066.291,8058.4585,8025.705,7941.0,8073.0327
2026-06-15 05:00:00,8085.828,8076.085,8029.978,7980.0,8091.008
2026-06-15 06:00:00,8343.4795,8351.234,8288.373,8321.0,8356.851
2026-06-15 07:00:00,8781.02,8768.636,8705.873,8717.0,8794.285
2026-06-15 08:00:00,9358.411,9345.248,9330.788,9318.0,9388.701
2026-06-15 09:00:00,9984.716,10010.587,10023.294,10098.0,10117.552
2026-06-15 10:00:00,10263.723,10293.288,10331.632,10457.0,10380.997
2026-06-15 11:00:00,10350.563,10363.084,10426.136,10479.0,10451.639
2026-06-15 12:00:00,10333.544,10370.427,10431.384,10460.0,10445.594
2026-06-15 13:00:00,10326.027,10375.427,10403.666,10483.0,10433.218
2026-06-15 14:00:00,10332.344,10372.663,10425.181,10559.0,10450.028
2026-06-15 15:00:00,10305.113,10343.201,10401.433,10413.0,10408.668
2026-06-15 16:00:00,10304.805,10364.082,10415.451,10445.0,10413.863
2026-06-15 17:00:00,10287.172,10331.8125,10424.003,10484.0,10442.636
2026-06-15 18:00:00,10255.27,10316.653,10417.908,10479.0,10432.147
2026-06-15 19:00:00,10111.414,10176.741,10263.805,10314.0,10274.311
2026-06-15 20:00:00,9913.034,9965.146,10053.307,10139.0,10065.472
2026-06-15 21:00:00,9839.473,9897.942,9973.813,10036.0,9996.118
2026-06-15 22:00:00,9806.557,9872.244,9905.04,10009.0,9952.465
2026-06-15 23:00:00,9589.79,9644.303,9667.223,9785.0,9698.214
2026-06-16 00:00:00,9155.564,9247.05,9262.781,9324.0,9278.924
2026-06-16 01:00:00,8690.282,8772.318,8828.3545,8872.0,8777.406
2026-06-16 02:00:00,8431.15,8515.992,8541.299,8571.0,8499.958
2026-06-16 03:00:00,8191.0605,8306.025,8281.838,8243.0,8277.751
2026-06-16 04:00:00,8014.9473,8146.1025,8146.6826,8132.0,8127.334
2026-06-16 05:00:00,8021.3984,8166.296,8137.5967,8150.0,8139.826
2026-06-16 06:00:00,8299.807,8441.59,8410.678,8406.0,8409.263
2026-06-16 07:00:00,8734.684,8852.435,8836.117,8917.0,8833.871
2026-06-16 08:00:00,9316.78,9422.62,9422.635,9469.0,9405.9
2026-06-16 09:00:00,9921.422,10039.906,10035.303,10115.0,10098.308
2026-06-16 10:00:00,10188.107,10311.234,10315.939,10460.0,10369.984
2026-06-16 11:00:00,10271.405,10424.957,10434.477,10483.0,10474.78
2026-06-16 12:00:00,10257.696,10409.572,10419.604,10410.0,10458.702
2026-06-16 13:00:00,10253.373,10414.9795,10391.151,10356.0,10448.453
2026-06-16 14:00:00,10264.566,10428.048,10417.1455,10377.0,10463.225
2026-06-16 15:00:00,10244.705,10406.974,10395.127,10287.0,10439.789
2026-06-16 16:00:00,10240.148,10427.792,10397.075,10243.0,10454.825
2026-06-16 17:00:00,10237.628,10357.629,10395.95,10336.0,10422.614
2026-06-16 18:00:00,10206.396,10341.027,10408.828,10365.0,10423.164
2026-06-16 19:00:00,10052.278,10189.01,10265.829,10158.0,10271.301
2026-06-16 20:00:00,9855.609,10015.0,10103.675,9998.0,10110.532
2026-06-16 21:00:00,9783.0625,9944.122,10033.719,9932.0,10055.772
2026-06-16 22:00:00,9749.836,9912.8125,9923.013,9941.0,9980.093
2026-06-16 23:00:00,9537.365,9684.607,9694.685,9643.0,9727.65
2026-06-17 00:00:00,9337.538,9459.561,9351.274,9260.0,9442.102
2026-06-17 01:00:00,8838.803,8955.903,8955.039,8792.0,8936.291
2026-06-17 02:00:00,8583.131,8657.294,8663.043,8502.0,8639.296
2026-06-17 03:00:00,8328.164,8398.239,8400.292,8282.0,8364.966
2026-06-17 04:00:00,8144.7617,8206.143,8257.314,8195.0,8203.815
2026-06-17 05:00:00,8153.622,8219.817,8234.762,8073.0,8210.201
2026-06-17 06:00:00,8416.199,8494.205,8458.063,8404.0,8437.068
2026-06-17 07:00:00,8871.027,8916.668,8856.024,8919.0,8866.243
2026-06-17 08:00:00,9461.963,9490.012,9409.904,9498.0,9420.602
2026-06-17 09:00:00,10111.169,10148.64,10061.658,10135.0,10154.744
2026-06-17 10:00:00,10403.211,10467.7,10396.396,10368.0,10476.003
2026-06-17 11:00:00,10481.502,10583.468,10499.738,10538.0,10578.2705
2026-06-17 12:00:00,10474.432,10617.926,10513.027,10559.0,10604.449
2026-06-17 13:00:00,10479.041,10633.392,10474.146,10513.0,10596.544
2026-06-17 14:00:00,10488.138,10647.517,10499.172,10603.0,10609.745
2026-06-17 15:00:00,10452.608,10613.024,10438.25,10558.0,10551.865
2026-06-17 16:00:00,10446.926,10626.794,10452.397,10485.0,10581.414
2026-06-17 17:00:00,10458.532,10604.195,10477.078,10528.0,10591.38
2026-06-17 18:00:00,10422.962,10566.218,10481.914,10527.0,10576.611
2026-06-17 19:00:00,10268.453,10412.766,10341.108,10404.0,10430.22
2026-06-17 20:00:00,10069.01,10226.303,10182.57,10250.0,10252.486
2026-06-17 21:00:00,9990.89,10129.844,10113.327,10215.0,10179.784
2026-06-17 22:00:00,9956.991,10084.592,10028.168,10244.0,10098.461
2026-06-17 23:00:00,9743.896,9879.036,9822.643,9915.0,9882.029
2026-06-18 00:00:00,9349.949,9440.713,9386.21,9531.0,9385.867
2026-06-18 01:00:00,8849.437,8920.95,8962.07,8937.0,8910.287
2026-06-18 02:00:00,8591.955,8640.084,8656.45,8636.0,8610.092
2026-06-18 03:00:00,8336.719,8393.816,8398.879,8464.0,8362.9
2026-06-18 04:00:00,8157.698,8226.637,8260.209,8204.0,8236.827
2026-06-18 05:00:00,8161.657,8230.131,8244.283,8230.0,8225.218
2026-06-18 06:00:00,8443.729,8522.862,8505.965,8575.0,8495.786
2026-06-18 07:00:00,8895.479,8939.605,8944.933,8931.0,8947.297
2026-06-18 08:00:00,9479.712,9513.896,9491.146,9533.0,9515.197
2026-06-18 09:00:00,10099.608,10138.101,10124.416,10196.0,10175.339
2026-06-18 10:00:00,10386.152,10433.7,10456.797,10508.0,10481.615
2026-06-18 11:00:00,10458.432,10530.593,10559.595,10632.0,10555.899
2026-06-18 12:00:00,10445.087,10539.546,10562.436,10565.0,10540.761
2026-06-18 13:00:00,10439.95,10543.354,10528.956,10478.0,10524.671
2026-06-18 14:00:00,10444.085,10543.921,10544.783,10510.0,10530.712
2026-06-18 15:00:00,10402.1045,10497.167,10472.88,10517.0,10463.623
2026-06-18 16:00:00,10391.546,10498.446,10463.951,10485.0,10462.348
2026-06-18 17:00:00,10396.307,10454.103,10493.047,10500.0,10476.206
2026-06-18 18:00:00,10379.77,10415.26,10479.042,10367.0,10455.334
2026-06-18 19:00:00,10223.253,10254.448,10332.547,10194.0,10300.764
2026-06-18 20:00:00,10015.962,10066.66,10182.801,9941.0,10123.597
2026-06-18 21:00:00,9935.866,9995.594,10110.863,9917.0,10078.589
2026-06-18 22:00:00,9906.435,9981.958,10021.535,9951.0,10033.701
2026-06-18 23:00:00,9707.455,9785.547,9809.786,9734.0,9802.454
2026-06-19 00:00:00,9482.582,9558.25,9415.04,9372.0,9534.315
2026-06-19 01:00:00,8968.593,8966.821,8986.011,8806.0,8978.113
2026-06-19 02:00:00,8695.578,8672.812,8711.616,8544.0,8689.98
2026-06-19 03:00:00,8435.525,8387.297,8468.189,8307.0,8418.457
2026-06-19 04:00:00,8250.518,8201.115,8341.014,8192.0,8277.284
2026-06-19 05:00:00,8247.502,8217.061,8325.944,8152.0,8283.544
2026-06-19 06:00:00,8505.408,8502.672,8582.1045,8481.0,8556.712
2026-06-19 07:00:00,8934.56,8942.948,9002.008,8955.0,8983.062
2026-06-19 08:00:00,9499.072,9507.262,9565.38,9448.0,9562.955
2026-06-19 09:00:00,10142.019,10130.318,10176.954,10137.0,10208.304
2026-06-19 10:00:00,10440.791,10393.803,10459.799,10444.0,10489.5625
2026-06-19 11:00:00,10534.391,10474.179,10529.933,10541.0,10559.076
2026-06-19 12:00:00,10545.955,10486.888,10533.649,10410.0,10573.938
2026-06-19 13:00:00,10551.187,10484.633,10482.4375,10419.0,10553.058
2026-06-19 14:00:00,10551.646,10488.56,10498.372,10440.0,10571.554
2026-06-19 15:00:00,10508.502,10447.746,10438.613,10369.0,10520.1875
2026-06-19 16:00:00,10484.07,10441.38,10429.358,10284.0,10492.965
2026-06-19 17:00:00,10486.444,10406.242,10445.938,10323.0,10492.599
2026-06-19 18:00:00,10483.38,10385.914,10447.1455,10215.0,10481.682
2026-06-19 19:00:00,10336.222,10234.721,10295.676,10013.0,10329.309
2026-06-19 20:00:00,10120.642,10006.704,10111.243,9847.0,10116.223
2026-06-19 21:00:00,10039.86,9930.767,10048.2705,9756.0,10058.195
2026-06-19 22:00:00,10016.404,9935.867,9995.429,9808.0,10030.146
2026-06-19 23:00:00,9866.686,9793.511,9808.694,9586.0,9865.817
2026-06-20 00:00:00,9442.691,9427.614,9378.757,9369.0,9435.944
2026-06-20 01:00:00,8967.559,8872.365,9008.655,8940.0,8912.145
2026-06-20 02:00:00,8676.363,8569.5,8673.33,8543.0,8606.731
2026-06-20 03:00:00,8427.746,8317.256,8427.645,8314.0,8344.0205
2026-06-20 04:00:00,8248.294,8140.9614,8283.466,8151.0,8191.915
2026-06-20 05:00:00,8192.703,8068.8467,8194.043,8121.0,8100.417
2026-06-20 06:00:00,8299.729,8196.2,8289.583,8262.0,8216.929
2026-06-20 07:00:00,8541.178,8449.686,8471.284,8508.0,8464.047
2026-06-20 08:00:00,8953.995,8885.935,8861.273,8909.0,8857.83
2026-06-20 09:00:00,9545.14,9463.461,9471.352,9544.0,9488.868
2026-06-20 10:00:00,9939.143,9849.149,9898.832,9983.0,9904.212
2026-06-20 11:00:00,10148.837,10033.058,10074.504,10148.0,10097.297
2026-06-20 12:00:00,10222.737,10088.354,10137.196,10207.0,10176.273
2026-06-20 13:00:00,10240.264,10084.786,10117.082,10174.0,10178.142
2026-06-20 14:00:00,10233.715,10079.713,10107.063,10210.0,10177.746
2026-06-20 15:00:00,10190.918,10036.315,10050.595,10160.0,10130.25
2026-06-20 16:00:00,10152.559,10005.87,10034.8125,10151.0,10105.361
2026-06-20 17:00:00,10159.457,10001.57,10059.703,10105.0,10106.598
2026-06-20 18:00:00,10175.643,10018.123,10098.542,10083.0,10123.69
2026-06-20 19:00:00,10127.115,9957.648,10044.856,10072.0,10080.971
2026-06-20 20:00:00,9960.93,9796.536,9868.5205,9898.0,9874.687
2026-06-20 21:00:00,9879.197,9747.5,9773.908,9882.0,9807.275
2026-06-20 22:00:00,9810.908,9689.073,9667.138,9765.0,9713.848
2026-06-20 23:00:00,9664.099,9518.974,9525.087,9581.0,9569.799
2026-06-21 00:00:00,9310.249,9250.772,9130.183,9350.0,9229.425
2026-06-21 01:00:00,8838.869,8760.711,8766.028,8900.0,8759.956
2026-06-21 02:00:00,8542.106,8477.333,8410.211,8541.0,8435.6455
2026-06-21 03:00:00,8308.717,8232.083,8164.1875,8161.0,8180.1953
2026-06-21 04:00:00,8146.749,8063.301,8010.04,8056.0,8009.9854
2026-06-21 05:00:00,8104.102,7999.6104,7924.5234,7984.0,7959.4185
2026-06-21 06:00:00,8183.5327,8102.9287,8003.503,8071.0,8060.515
2026-06-21 07:00:00,8332.491,8294.7705,8155.7607,8334.0,8250.275
2026-06-21 08:00:00,8659.163,8695.706,8532.697,8694.0,8598.198
2026-06-21 09:00:00,9195.561,9219.978,9133.268,9306.0,9188.148
2026-06-21 10:00:00,9621.732,9646.457,9608.921,9754.0,9607.173
2026-06-21 11:00:00,9848.561,9825.852,9810.979,9979.0,9813.989
2026-06-21 12:00:00,9921.609,9893.361,9880.389,10086.0,9884.904
2026-06-21 13:00:00,9905.762,9851.561,9847.739,10170.0,9862.001
2026-06-21 14:00:00,9893.14,9831.852,9857.765,10263.0,9870.436
2026-06-21 15:00:00,9866.785,9832.377,9850.829,10214.0,9837.927
2026-06-21 16:00:00,9805.828,9781.403,9829.983,10231.0,9799.862
2026-06-21 17:00:00,9895.359,9796.996,9829.104,10214.0,9824.763
2026-06-21 18:00:00,9988.604,9861.073,9926.025,10255.0,9896.63
2026-06-21 19:00:00,9977.449,9839.93,9907.719,10243.0,9872.969
2026-06-21 20:00:00,9880.756,9719.443,9776.841,10038.0,9748.676
2026-06-21 21:00:00,9825.776,9698.815,9721.738,10012.0,9714.784
2026-06-21 22:00:00,9734.76,9642.971,9569.498,9811.0,9612.43
2026-06-21 23:00:00,9537.578,9449.07,9347.342,9636.0,9413.976
2026-06-22 00:00:00,9218.773,9206.207,9054.8955,9224.0,9187.235
2026-06-22 01:00:00,8752.261,8731.49,8589.212,8770.0,8673.734
2026-06-22 02:00:00,8491.359,8481.936,8296.967,8500.0,8402.748
2026-06-22 03:00:00,8245.9795,8234.385,8022.384,8183.0,8134.6465
2026-06-22 04:00:00,8062.587,8065.0737,7886.4795,8007.0,7993.1694
2026-06-22 05:00:00,8090.2314,8080.3887,7874.0205,8038.0,8016.0137
2026-06-22 06:00:00,8382.268,8378.14,8155.3887,8300.0,8294.032
2026-06-22 07:00:00,8814.294,8825.088,8595.636,8772.0,8748.726
2026-06-22 08:00:00,9400.918,9382.278,9207.645,9367.0,9342.403
2026-06-22 09:00:00,10021.009,10020.314,9897.469,10124.0,10048.085
2026-06-22 10:00:00,10309.395,10291.169,10226.824,10479.0,10356.948
2026-06-22 11:00:00,10383.76,10360.221,10314.047,10576.0,10419.875
2026-06-22 12:00:00,10362.446,10346.542,10312.974,10575.0,10400.181
2026-06-22 13:00:00,10361.097,10358.821,10284.721,10554.0,10392.496
2026-06-22 14:00:00,10359.657,10374.136,10314.76,10526.0,10401.83
2026-06-22 15:00:00,10319.49,10306.825,10257.602,10449.0,10339.821
2026-06-22 16:00:00,10311.23,10294.588,10255.941,10469.0,10320.059
2026-06-22 17:00:00,10312.325,10285.665,10275.188,10452.0,10365.08
2026-06-22 18:00:00,10276.29,10271.897,10231.484,10429.0,10322.35
2026-06-22 19:00:00,10136.935,10141.291,10067.421,10216.0,10157.724
2026-06-22 20:00:00,9947.849,9928.415,9857.484,9969.0,9945.119
2026-06-22 21:00:00,9869.791,9860.17,9776.837,9934.0,9866.229
2026-06-22 22:00:00,9834.91,9836.786,9704.176,9896.0,9820.446
2026-06-22 23:00:00,9612.477,9607.869,9478.621,9695.0,9567.078
2026-06-23 00:00:00,9236.941,9254.439,9187.521,9276.0,9236.537
2026-06-23 01:00:00,8739.074,8782.328,8726.473,8805.0,8744.951
2026-06-23 02:00:00,8471.0205,8511.608,8441.477,8462.0,8475.398
2026-06-23 03:00:00,8201.754,8245.829,8169.4136,8206.0,8196.225
2026-06-23 04:00:00,8020.9834,8070.878,8035.8984,8106.0,8066.1216
2026-06-23 05:00:00,8032.5996,8084.8145,8021.7104,8095.0,8070.5044
2026-06-23 06:00:00,8314.951,8356.427,8289.095,8308.0,8312.447
2026-06-23 07:00:00,8792.443,8839.798,8738.961,8660.0,8806.507
2026-06-23 08:00:00,9391.556,9421.106,9319.115,9320.0,9376.97
2026-06-23 09:00:00,10029.174,10045.895,9958.108,10115.0,10069.653
2026-06-23 10:00:00,10315.135,10341.719,10262.935,10389.0,10354.613
2026-06-23 11:00:00,10391.183,10431.004,10348.166,10441.0,10430.26
2026-06-23 12:00:00,10373.324,10432.897,10343.712,10388.0,10409.933
2026-06-23 13:00:00,10373.488,10434.565,10311.5625,10373.0,10388.227
2026-06-23 14:00:00,10383.163,10456.614,10340.251,10418.0,10413.71
2026-06-23 15:00:00,10344.065,10425.873,10284.687,10320.0,10360.64
2026-06-23 16:00:00,10322.736,10418.108,10280.73,10334.0,10351.339
2026-06-23 17:00:00,10340.423,10399.616,10315.24,10393.0,10376.229
2026-06-23 18:00:00,10304.974,10377.497,10280.274,10357.0,10327.732
2026-06-23 19:00:00,10159.809,10237.199,10140.482,10187.0,10169.816
2026-06-23 20:00:00,9961.239,10029.391,9960.732,10015.0,9976.125
2026-06-23 21:00:00,9874.017,9961.547,9893.942,9879.0,9909.626
2026-06-23 22:00:00,9827.942,9942.354,9818.965,9835.0,9856.212
2026-06-23 23:00:00,9600.462,9718.335,9589.433,9569.0,9625.821
2026-06-24 00:00:00,9220.924,9341.302,9270.882,9242.0,9271.685
2026-06-24 01:00:00,8695.985,8876.596,8827.285,8745.0,8812.939
2026-06-24 02:00:00,8433.183,8602.066,8530.035,8507.0,8517.933
2026-06-24 03:00:00,8182.0137,8343.236,8280.362,8194.0,8260.955
2026-06-24 04:00:00,8011.9277,8172.2656,8160.6714,8128.0,8135.377
2026-06-24 05:00:00,8015.749,8179.723,8147.878,8149.0,8135.5166
2026-06-24 06:00:00,8276.931,8456.156,8392.053,8291.0,8368.798
2026-06-24 07:00:00,8721.804,8895.63,8812.532,8697.0,8803.421
2026-06-24 08:00:00,9323.897,9473.243,9400.708,9283.0,9364.641
2026-06-24 09:00:00,9967.6875,10152.355,10056.624,9963.0,10079.143
2026-06-24 10:00:00,10266.607,10467.469,10396.406,10235.0,10421.347
2026-06-24 11:00:00,10352.276,10578.843,10521.798,10389.0,10549.479
2026-06-24 12:00:00,10342.765,10594.078,10539.12,10394.0,10559.6
2026-06-24 13:00:00,10345.872,10591.236,10502.906,10410.0,10542.533
2026-06-24 14:00:00,10351.658,10596.444,10523.613,10501.0,10578.798
2026-06-24 15:00:00,10311.586,10568.849,10483.969,10468.0,10534.542
2026-06-24 16:00:00,10294.566,10582.7295,10482.296,10485.0,10521.486
2026-06-24 17:00:00,10311.042,10569.444,10539.7705,10598.0,10548.628
2026-06-24 18:00:00,10266.705,10522.201,10498.925,10502.0,10510.711
2026-06-24 19:00:00,10106.636,10367.047,10342.275,10351.0,10359.076
2026-06-24 20:00:00,9902.47,10163.504,10145.5,10129.0,10170.277
2026-06-24 21:00:00,9821.88,10087.589,10087.15,10084.0,10118.767
2026-06-24 22:00:00,9784.952,10075.357,10031.585,10018.0,10091.3955
2026-06-24 23:00:00,9574.925,9894.524,9827.127,9751.0,9850.961
2026-06-25 00:00:00,9211.322,9467.441,9389.398,9394.0,9499.537
2026-06-25 01:00:00,8711.23,8915.526,8908.629,8906.0,8953.54
2026-06-25 02:00:00,8440.59,8619.197,8600.594,8609.0,8645.904
2026-06-25 03:00:00,8182.897,8321.866,8352.615,8385.0,8374.044
2026-06-25 04:00:00,8025.9336,8142.472,8236.913,8202.0,8258.416
2026-06-25 05:00:00,8033.8926,8162.3623,8220.025,8177.0,8268.258
2026-06-25 06:00:00,8277.009,8400.728,8445.438,8487.0,8471.328
2026-06-25 07:00:00,8722.449,8852.872,8868.044,8803.0,8921.3125
2026-06-25 08:00:00,9319.465,9439.288,9429.239,9380.0,9503.118
2026-06-25 09:00:00,9967.982,10090.112,10089.926,10044.0,10214.471
2026-06-25 10:00:00,10257.477,10383.532,10413.869,10364.0,10512.847
2026-06-25 11:00:00,10334.555,10472.799,10509.318,10435.0,10607.988
2026-06-25 12:00:00,10322.276,10480.313,10505.09,10441.0,10585.279
2026-06-25 13:00:00,10323.879,10480.196,10457.1045,10475.0,10573.856
2026-06-25 14:00:00,10333.1875,10473.94,10464.289,10494.0,10600.266
2026-06-25 15:00:00,10292.897,10417.807,10398.621,10363.0,10534.237
2026-06-25 16:00:00,10273.162,10413.312,10386.774,10326.0,10518.201
2026-06-25 17:00:00,10295.9375,10396.554,10418.688,10389.0,10519.427
2026-06-25 18:00:00,10259.788,10375.532,10387.427,10395.0,10481.122
2026-06-25 19:00:00,10102.874,10235.648,10232.129,10226.0,10321.662
2026-06-25 20:00:00,9902.374,10033.911,10046.692,9991.0,10132.942
2026-06-25 21:00:00,9817.249,9934.453,9959.534,9985.0,10045.556
2026-06-25 22:00:00,9782.043,9896.118,9898.852,9961.0,9993.506
2026-06-25 23:00:00,9584.068,9701.153,9709.535,9730.0,9774.739
2026-06-26 00:00:00,9396.491,9385.358,9349.224,9356.0,9418.873
2026-06-26 01:00:00,8884.877,8842.74,8869.393,8864.0,8911.295
2026-06-26 02:00:00,8598.161,8539.155,8576.301,8604.0,8619.786
2026-06-26 03:00:00,8338.765,8288.1875,8335.377,8361.0,8358.883
2026-06-26 04:00:00,8165.029,8140.5947,8213.094,8165.0,8236.501
2026-06-26 05:00:00,8172.859,8188.6143,8204.591,8147.0,8254.395
2026-06-26 06:00:00,8420.045,8430.054,8468.381,8454.0,8502.094
2026-06-26 07:00:00,8825.29,8850.383,8874.082,8838.0,8884.707
2026-06-26 08:00:00,9393.855,9424.295,9441.149,9358.0,9437.917
2026-06-26 09:00:00,10037.11,10070.304,10076.679,10120.0,10133.798
2026-06-26 10:00:00,10341.06,10374.111,10400.622,10425.0,10452.398
2026-06-26 11:00:00,10440.943,10448.162,10496.035,10498.0,10544.428
2026-06-26 12:00:00,10451.39,10470.527,10505.683,10509.0,10546.221
2026-06-26 13:00:00,10462.248,10456.739,10466.331,10442.0,10527.442
2026-06-26 14:00:00,10457.641,10441.501,10476.912,10486.0,10546.248
2026-06-26 15:00:00,10416.822,10399.73,10425.297,10363.0,10495.202
2026-06-26 16:00:00,10392.801,10398.905,10412.327,10369.0,10479.066
2026-06-26 17:00:00,10396.269,10345.436,10450.25,10423.0,10463.822
2026-06-26 18:00:00,10363.508,10320.411,10401.628,10321.0,10400.794
2026-06-26 19:00:00,10217.704,10185.212,10244.11,10104.0,10249.783
2026-06-26 20:00:00,10009.457,9995.249,10050.309,9895.0,10053.831
2026-06-26 21:00:00,9917.092,9898.813,9958.072,9821.0,9977.575
2026-06-26 22:00:00,9879.532,9858.566,9878.598,9844.0,9916.543
2026-06-26 23:00:00,9730.602,9693.346,9696.795,9724.0,9736.291
2026-06-27 00:00:00,9397.682,9386.492,9375.733,9368.0,9404.304
2026-06-27 01:00:00,8961.546,8917.315,8973.653,8966.0,8983.384
2026-06-27 02:00:00,8631.051,8592.408,8595.889,8680.0,8626.846
2026-06-27 03:00:00,8367.033,8333.57,8351.632,8411.0,8374.496
2026-06-27 04:00:00,8191.834,8165.9365,8205.738,8240.0,8227.246
2026-06-27 05:00:00,8145.573,8116.063,8139.2397,8215.0,8171.5444
2026-06-27 06:00:00,8255.238,8245.712,8246.307,8330.0,8249.452
2026-06-27 07:00:00,8515.362,8500.842,8440.372,8512.0,8461.297
2026-06-27 08:00:00,8929.65,8940.063,8848.695,8950.0,8850.214
2026-06-27 09:00:00,9515.66,9531.796,9456.031,9592.0,9503.65
2026-06-27 10:00:00,9910.48,9924.761,9911.974,9987.0,9921.3545
2026-06-27 11:00:00,10116.179,10133.303,10105.769,10171.0,10130.287
2026-06-27 12:00:00,10197.045,10206.306,10170.271,10248.0,10196.88
2026-06-27 13:00:00,10221.452,10229.45,10155.1045,10197.0,10212.797
2026-06-27 14:00:00,10222.739,10220.074,10175.6875,10246.0,10218.903
2026-06-27 15:00:00,10177.072,10180.398,10134.677,10156.0,10166.022
2026-06-27 16:00:00,10141.974,10153.698,10123.808,10117.0,10138.95
2026-06-27 17:00:00,10154.1455,10146.594,10103.402,10082.0,10165.913
2026-06-27 18:00:00,10156.065,10153.467,10123.172,10099.0,10167.859
2026-06-27 19:00:00,10111.11,10087.439,10067.652,10106.0,10099.702
2026-06-27 20:00:00,9952.679,9941.511,9924.439,9845.0,9922.441
2026-06-27 21:00:00,9850.197,9865.79,9844.797,9839.0,9860.78
2026-06-27 22:00:00,9762.206,9799.153,9730.812,9729.0,9761.303
2026-06-27 23:00:00,9621.975,9663.214,9585.251,9671.0,9616.3125
2026-06-28 00:00:00,9393.261,9410.554,9297.606,9404.0,9381.2
2026-06-28 01:00:00,8954.607,8917.302,8908.535,8973.0,8922.801
2026-06-28 02:00:00,8638.947,8595.553,8550.218,8688.0,8576.672
2026-06-28 03:00:00,8369.668,8324.77,8284.867,8509.0,8273.02
2026-06-28 04:00:00,8195.743,8163.1064,8135.449,8243.0,8127.6714
2026-06-28 05:00:00,8147.4795,8108.951,8057.547,8136.0,8072.7305
2026-06-28 06:00:00,8227.753,8209.76,8127.1846,8251.0,8146.2803
2026-06-28 07:00:00,8401.703,8388.04,8262.228,8414.0,8316.377
2026-06-28 08:00:00,8728.988,8726.731,8600.387,8784.0,8642.865
2026-06-28 09:00:00,9261.487,9257.956,9194.918,9402.0,9240.877
2026-06-28 10:00:00,9691.39,9683.384,9666.226,9816.0,9671.783
2026-06-28 11:00:00,9923.488,9887.683,9878.414,10077.0,9881.181
2026-06-28 12:00:00,10016.608,9975.096,9963.943,10182.0,9980.87
2026-06-28 13:00:00,10056.739,9997.771,9974.315,10132.0,10011.488
2026-06-28 14:00:00,10071.427,10005.4,9985.83,10223.0,10039.248
2026-06-28 15:00:00,10040.233,9963.501,9947.058,10175.0,9988.654
2026-06-28 16:00:00,10005.171,9916.901,9939.054,10200.0,9957.525
2026-06-28 17:00:00,10059.283,9957.939,9984.367,10128.0,9991.388
2026-06-28 18:00:00,10120.398,9995.213,10052.593,10182.0,10038.779
2026-06-28 19:00:00,10118.316,9987.453,10027.262,10169.0,10037.809
2026-06-28 20:00:00,9992.143,9856.387,9898.699,10062.0,9894.4375
2026-06-28 21:00:00,9917.028,9817.25,9838.471,10066.0,9854.309
2026-06-28 22:00:00,9808.149,9709.322,9690.838,9927.0,9703.696
2026-06-28 23:00:00,9615.428,9509.14,9497.791,9745.0,9516.819
2026-06-29 00:00:00,9325.337,9256.236,9188.611,9348.0,9258.343
2026-06-29 01:00:00,8879.704,8831.547,8724.308,8874.0,8791.616
2026-06-29 02:00:00,8625.165,8567.904,8443.588,8622.0,8520.25
2026-06-29 03:00:00,8368.76,8315.144,8163.158,8404.0,8257.078
2026-06-29 04:00:00,8180.7075,8148.1426,8046.297,8271.0,8118.1787
2026-06-29 05:00:00,8196.924,8158.333,8038.3247,8185.0,8126.7373
2026-06-29 06:00:00,8459.394,8413.067,8302.027,8476.0,8371.478
2026-06-29 07:00:00,8885.947,8846.738,8730.64,8850.0,8790.403
2026-06-29 08:00:00,9485.07,9448.143,9346.12,9469.0,9380.089
2026-06-29 09:00:00,10124.677,10088.698,10060.715,10166.0,10111.004
2026-06-29 10:00:00,10406.8545,10349.73,10392.818,10490.0,10406.078
2026-06-29 11:00:00,10479.939,10428.504,10492.802,10609.0,10471.436
2026-06-29 12:00:00,10471.939,10431.115,10502.036,10604.0,10471.082
2026-06-29 13:00:00,10472.845,10443.357,10489.263,10566.0,10473.643
2026-06-29 14:00:00,10465.83,10438.992,10513.919,10612.0,10496.165
2026-06-29 15:00:00,10417.108,10384.5205,10451.29,10575.0,10423.268
2026-06-29 16:00:00,10402.993,10371.528,10451.805,10600.0,10421.892
2026-06-29 17:00:00,10430.4375,10364.17,10452.091,10658.0,10434.877
2026-06-29 18:00:00,10395.934,10333.457,10422.962,10595.0,10392.628
2026-06-29 19:00:00,10246.7705,10176.26,10246.331,10439.0,10231.342
2026-06-29 20:00:00,10049.595,9986.931,10027.124,10261.0,10029.611
2026-06-29 21:00:00,9961.913,9918.606,9949.304,10119.0,9960.06
2026-06-29 22:00:00,9913.638,9867.2,9859.499,10137.0,9885.877
2026-06-29 23:00:00,9712.695,9661.002,9651.954,9910.0,9677.569
2026-06-30 00:00:00,9388.721,9397.411,9393.145,9529.0,9437.688
2026-06-30 01:00:00,8899.28,8866.714,8891.006,8929.0,8906.315
2026-06-30 02:00:00,8645.912,8610.221,8597.65,8647.0,8628.621
2026-06-30 03:00:00,8397.835,8361.005,8341.77,8448.0,8371.735
2026-06-30 04:00:00,8217.973,8181.635,8213.443,8234.0,8225.117
2026-06-30 05:00:00,8219.865,8166.0586,8199.695,8214.0,8216.916
2026-06-30 06:00:00,8471.148,8426.171,8454.19,8505.0,8488.4375
2026-06-30 07:00:00,8899.168,8864.091,8856.314,8864.0,8915.813
2026-06-30 08:00:00,9482.486,9440.734,9443.682,9438.0,9501.255
2026-06-30 09:00:00,10127.215,10075.639,10086.644,10163.0,10195.527
2026-06-30 10:00:00,10415.972,10360.073,10399.466,10470.0,10480.632
2026-06-30 11:00:00,10490.177,10421.225,10495.084,10691.0,10554.43
2026-06-30 12:00:00,10473.728,10406.984,10504.171,10681.0,10544.024
2026-06-30 13:00:00,10463.158,10403.675,10475.203,10645.0,10514.033
2026-06-30 14:00:00,10460.241,10434.5625,10495.26,10682.0,10533.0205
2026-06-30 15:00:00,10419.995,10380.751,10430.542,10644.0,10453.532
2026-06-30 16:00:00,10410.336,10355.826,10430.303,10576.0,10439.49
2026-06-30 17:00:00,10447.201,10356.529,10430.938,10695.0,10480.284
2026-06-30 18:00:00,10409.565,10322.1875,10408.541,10615.0,10430.268
2026-06-30 19:00:00,10264.468,10174.47,10243.376,10398.0,10262.072
2026-06-30 20:00:00,10082.256,9983.648,10046.942,10198.0,10072.074
2026-06-30 21:00:00,9998.487,9910.637,9973.774,10084.0,10017.87
2026-06-30 22:00:00,9943.128,9880.729,9877.064,10032.0,9967.653
2026-06-30 23:00:00,9730.298,9668.141,9660.677,9845.0,9743.433
2026-07-01 00:00:00,9406.778,9371.48,9339.813,9436.0,9383.791
2026-07-01 01:00:00,8879.251,8839.043,8854.143,8934.0,8853.397
2026-07-01 02:00:00,8631.479,8576.664,8566.939,8607.0,8583.21
2026-07-01 03:00:00,8387.776,8330.307,8316.74,8345.0,8324.735
2026-07-01 04:00:00,8213.316,8166.1104,8186.7617,8199.0,8187.9893
2026-07-01 05:00:00,8198.985,8148.037,8166.8896,8180.0,8167.217
2026-07-01 06:00:00,8441.701,8382.787,8401.873,8414.0,8411.485
2026-07-01 07:00:00,8880.356,8819.15,8809.368,8824.0,8815.978
2026-07-01 08:00:00,9472.097,9423.092,9420.497,9371.0,9406.169
2026-07-01 09:00:00,10127.053,10068.729,10107.422,10119.0,10119.798
2026-07-01 10:00:00,10420.344,10356.74,10436.947,10415.0,10405.931
2026-07-01 11:00:00,10507.006,10450.985,10538.538,10596.0,10484.903
2026-07-01 12:00:00,10506.453,10459.143,10563.656,10557.0,10481.124
2026-07-01 13:00:00,10502.923,10456.872,10529.513,10450.0,10472.158
2026-07-01 14:00:00,10507.545,10468.277,10547.426,10502.0,10508.107
2026-07-01 15:00:00,10464.748,10422.413,10490.008,10485.0,10442.35
2026-07-01 16:00:00,10454.52,10420.191,10499.868,10446.0,10431.277
2026-07-01 17:00:00,10493.7295,10405.727,10526.2705,10387.0,10472.066
2026-07-01 18:00:00,10443.326,10366.205,10480.931,10442.0,10405.51
2026-07-01 19:00:00,10287.283,10210.318,10320.284,10231.0,10235.611
2026-07-01 20:00:00,10092.089,10012.458,10097.954,10011.0,10033.591
2026-07-01 21:00:00,10010.799,9928.73,10009.52,9921.0,9954.829
2026-07-01 22:00:00,9968.631,9908.375,9956.617,9957.0,9921.055
2026-07-01 23:00:00,9773.52,9723.626,9761.126,9773.0,9717.107
2026-07-02 00:00:00,9366.359,9345.604,9406.713,9261.0,9346.763
2026-07-02 01:00:00,8833.596,8857.641,8904.846,8858.0,8876.09
2026-07-02 02:00:00,8569.806,8600.379,8609.144,8606.0,8596.007
2026-07-02 03:00:00,8320.185,8367.632,8364.449,8291.0,8344.624
2026-07-02 04:00:00,8145.2134,8207.336,8236.377,8221.0,8214.68
2026-07-02 05:00:00,8137.1855,8207.946,8202.793,8140.0,8205.424
2026-07-02 06:00:00,8373.084,8442.194,8441.344,8384.0,8424.06
2026-07-02 07:00:00,8803.526,8865.62,8839.294,8695.0,8834.0625
2026-07-02 08:00:00,9374.99,9451.646,9444.1875,9280.0,9409.231
2026-07-02 09:00:00,10035.961,10104.606,10117.276,9945.0,10097.0625
2026-07-02 10:00:00,10344.2,10408.561,10461.007,10312.0,10416.294
2026-07-02 11:00:00,10457.006,10537.155,10610.869,10469.0,10543.228
2026-07-02 12:00:00,10459.424,10542.873,10634.376,10452.0,10560.357
2026-07-02 13:00:00,10449.356,10529.493,10594.599,10488.0,10542.048
2026-07-02 14:00:00,10448.609,10547.161,10621.339,10542.0,10591.873
2026-07-02 15:00:00,10406.155,10533.743,10581.959,10449.0,10567.817
2026-07-02 16:00:00,10387.092,10530.403,10592.613,10353.0,10566.031
2026-07-02 17:00:00,10437.144,10530.834,10621.809,10302.0,10623.171
2026-07-02 18:00:00,10386.186,10474.556,10566.062,10395.0,10551.534
2026-07-02 19:00:00,10224.4,10324.41,10400.113,10253.0,10382.336
2026-07-02 20:00:00,10020.683,10127.996,10202.217,10022.0,10198.0
2026-07-02 21:00:00,9928.421,10037.003,10103.737,9942.0,10118.036
2026-07-02 22:00:00,9886.624,9992.441,10029.913,9862.0,10060.79
2026-07-02 23:00:00,9703.043,9816.807,9835.796,9618.0,9842.064
2026-07-03 00:00:00,9300.274,9419.642,9337.279,9266.0,9416.709
2026-07-03 01:00:00,8817.047,8921.229,8873.512,8803.0,8930.555
2026-07-03 02:00:00,8551.904,8620.636,8584.052,8519.0,8644.882
2026-07-03 03:00:00,8297.548,8389.124,8352.621,8310.0,8385.348
2026-07-03 04:00:00,8136.1357,8218.158,8207.684,8100.0,8236.507
2026-07-03 05:00:00,8119.251,8210.064,8175.9844,8087.0,8204.184
2026-07-03 06:00:00,8344.585,8440.822,8392.243,8352.0,8431.034
2026-07-03 07:00:00,8738.854,8834.022,8754.729,8798.0,8801.327
2026-07-03 08:00:00,9293.699,9382.725,9321.044,9326.0,9359.026
2026-07-03 09:00:00,9947.903,10034.822,9977.431,9985.0,10052.485
2026-07-03 10:00:00,10258.523,10321.792,10314.615,10335.0,10362.821
2026-07-03 11:00:00,10370.097,10456.75,10449.952,10469.0,10484.635
2026-07-03 12:00:00,10382.483,10477.407,10466.186,10402.0,10495.252
2026-07-03 13:00:00,10370.714,10447.577,10405.594,10387.0,10460.121
2026-07-03 14:00:00,10366.653,10455.35,10415.751,10421.0,10486.322
2026-07-03 15:00:00,10321.764,10438.675,10383.903,10349.0,10445.368
2026-07-03 16:00:00,10290.488,10449.298,10387.847,10343.0,10433.105
2026-07-03 17:00:00,10315.552,10454.91,10445.416,10233.0,10449.162
2026-07-03 18:00:00,10266.152,10401.2705,10412.962,10285.0,10395.811
2026-07-03 19:00:00,10097.888,10230.223,10232.372,10096.0,10213.091
2026-07-03 20:00:00,9881.344,9998.895,10011.663,9862.0,9995.82
2026-07-03 21:00:00,9778.18,9909.549,9921.915,9808.0,9931.567
2026-07-03 22:00:00,9764.331,9888.989,9873.581,9821.0,9922.91
2026-07-03 23:00:00,9643.422,9774.295,9738.182,9625.0,9771.853
2026-07-04 00:00:00,9344.951,9410.307,9339.768,9265.0,9391.864
2026-07-04 01:00:00,8890.104,8933.939,8965.661,8820.0,8957.978
2026-07-04 02:00:00,8594.6,8635.223,8639.951,8483.0,8657.391
2026-07-04 03:00:00,8344.08,8382.079,8417.758,8275.0,8403.999
2026-07-04 04:00:00,8179.9536,8198.349,8275.396,8137.0,8253.27
2026-07-04 05:00:00,8127.1597,8151.181,8207.613,8050.0,8186.548
2026-07-04 06:00:00,8230.939,8278.086,8311.725,8122.0,8279.202
2026-07-04 07:00:00,8462.707,8527.653,8492.228,8345.0,8491.609
2026-07-04 08:00:00,8878.319,8940.868,8882.43,8651.0,8867.168
2026-07-04 09:00:00,9471.987,9543.494,9504.231,9288.0,9527.316
2026-07-04 10:00:00,9863.781,9950.615,9944.991,9736.0,9941.815
2026-07-04 11:00:00,10077.988,10149.555,10152.94,9969.0,10150.217
2026-07-04 12:00:00,10147.225,10214.551,10202.898,10055.0,10219.395
2026-07-04 13:00:00,10164.473,10223.622,10165.486,10000.0,10204.227
2026-07-04 14:00:00,10166.972,10227.639,10182.965,10071.0,10217.693
2026-07-04 15:00:00,10121.108,10187.1875,10127.055,10034.0,10166.661
2026-07-04 16:00:00,10080.04,10151.95,10104.008,9994.0,10136.119
2026-07-04 17:00:00,10074.322,10155.729,10071.779,9953.0,10163.508
2026-07-04 18:00:00,10087.544,10152.923,10094.104,10021.0,10165.412
2026-07-04 19:00:00,10046.341,10107.054,10074.777,9927.0,10130.844
2026-07-04 20:00:00,9863.005,9925.517,9899.457,9697.0,9935.383
2026-07-04 21:00:00,9763.427,9833.778,9800.078,9704.0,9866.807
2026-07-04 22:00:00,9669.599,9739.3955,9701.172,9551.0,9743.331
2026-07-04 23:00:00,9550.659,9619.988,9589.23,9398.0,9613.347
2026-07-05 00:00:00,9193.435,9211.3,9196.867,9187.0,9226.303
2026-07-05 01:00:00,8758.067,8784.032,8835.205,8763.0,8808.137
2026-07-05 02:00:00,8450.765,8484.648,8494.865,8485.0,8481.007
2026-07-05 03:00:00,8211.743,8245.923,8281.793,8157.0,8240.336
2026-07-05 04:00:00,8040.463,8071.3613,8123.3813,8026.0,8078.6387
2026-07-05 05:00:00,7971.0186,8013.171,8034.163,7962.0,8005.7886
2026-07-05 06:00:00,8032.542,8095.5176,8097.081,8058.0,8062.2793
2026-07-05 07:00:00,8184.1123,8259.193,8235.438,8243.0,8232.33
2026-07-05 08:00:00,8516.15,8610.65,8562.762,8588.0,8552.949
2026-07-05 09:00:00,9066.51,9195.829,9158.553,9192.0,9180.58
2026-07-05 10:00:00,9486.813,9616.858,9635.441,9652.0,9620.887
2026-07-05 11:00:00,9734.388,9843.236,9877.43,9848.0,9856.567
2026-07-05 12:00:00,9837.604,9922.67,9956.657,9936.0,9950.124
2026-07-05 13:00:00,9870.71,9953.533,9958.065,9973.0,9963.758
2026-07-05 14:00:00,9892.157,9976.031,9996.526,9982.0,9988.481
2026-07-05 15:00:00,9863.191,9966.637,9972.976,9981.0,9966.602
2026-07-05 16:00:00,9830.573,9924.748,9959.062,10013.0,9939.493
2026-07-05 17:00:00,9857.831,9899.58,9924.158,10002.0,9930.215
2026-07-05 18:00:00,9923.968,9967.471,10010.623,10017.0,10025.781
2026-07-05 19:00:00,9918.498,9946.934,10004.182,9971.0,9997.924
2026-07-05 20:00:00,9804.163,9814.145,9884.766,9822.0,9875.657
2026-07-05 21:00:00,9724.842,9749.961,9827.695,9810.0,9829.41
2026-07-05 22:00:00,9606.233,9660.197,9696.525,9709.0,9704.037
2026-07-05 23:00:00,9417.738,9488.391,9518.277,9479.0,9526.829
2026-07-06 00:00:00,9095.836,9166.113,9087.0205,9171.0,9166.955
2026-07-06 01:00:00,8658.458,8712.902,8634.811,8687.0,8662.617
2026-07-06 02:00:00,8414.715,8459.896,8378.545,8424.0,8416.247
2026-07-06 03:00:00,8183.649,8224.194,8155.4736,8180.0,8170.428
2026-07-06 04:00:00,8013.2095,8051.5513,8016.493,8051.0,8028.223
2026-07-06 05:00:00,8009.092,8054.7754,7999.3657,7978.0,8027.298
2026-07-06 06:00:00,8250.854,8306.86,8256.082,8174.0,8277.652
2026-07-06 07:00:00,8656.464,8717.008,8659.672,8551.0,8692.424
2026-07-06 08:00:00,9238.172,9306.044,9212.937,9120.0,9277.923
2026-07-06 09:00:00,9895.178,9950.332,9877.904,9791.0,10003.168
2026-07-06 10:00:00,10206.17,10272.425,10245.765,10196.0,10341.064
2026-07-06 11:00:00,10312.818,10376.317,10372.292,10349.0,10434.119
2026-07-06 12:00:00,10308.403,10381.091,10380.066,10371.0,10426.479
2026-07-06 13:00:00,10305.551,10369.721,10343.289,10379.0,10408.989
2026-07-06 14:00:00,10305.608,10365.501,10368.666,10443.0,10422.839
2026-07-06 15:00:00,10262.252,10333.114,10337.095,10421.0,10375.493
2026-07-06 16:00:00,10246.094,10326.623,10323.848,10334.0,10367.111
2026-07-06 17:00:00,10274.003,10329.252,10298.879,10229.0,10345.798
2026-07-06 18:00:00,10245.4795,10308.933,10313.582,10338.0,10365.875
2026-07-06 19:00:00,10092.178,10161.1875,10157.847,10220.0,10208.724
2026-07-06 20:00:00,9887.976,9960.936,9960.42,9976.0,10016.505
2026-07-06 21:00:00,9786.345,9857.662,9878.033,9902.0,9930.468
2026-07-06 22:00:00,9735.81,9811.213,9794.131,9876.0,9875.466
2026-07-06 23:00:00,9533.972,9629.98,9588.903,9552.0,9644.063
2026-07-07 00:00:00,9151.131,9226.382,9169.999,9153.0,9242.853
2026-07-07 01:00:00,8647.586,8728.453,8751.941,8677.0,8743.027
2026-07-07 02:00:00,8392.356,8458.956,8463.955,8401.0,8482.665
2026-07-07 03:00:00,8145.6084,8209.306,8235.972,8116.0,8231.724
2026-07-07 04:00:00,7984.205,8039.285,8097.7334,7993.0,8093.809
2026-07-07 05:00:00,7959.6104,8018.42,8060.156,7977.0,8066.4126
2026-07-07 06:00:00,8182.9204,8246.176,8268.018,8205.0,8259.119
2026-07-07 07:00:00,8591.48,8624.912,8655.733,8634.0,8663.681
2026-07-07 08:00:00,9171.399,9187.895,9212.202,9194.0,9217.146
2026-07-07 09:00:00,9835.816,9859.341,9854.815,9858.0,9916.471
2026-07-07 10:00:00,10143.491,10158.844,10175.645,10081.0,10240.599
2026-07-07 11:00:00,10252.829,10271.817,10301.424,10220.0,10346.838
2026-07-07 12:00:00,10242.4,10288.983,10318.533,10156.0,10339.14
2026-07-07 13:00:00,10238.202,10274.412,10280.725,10104.0,10319.763
2026-07-07 14:00:00,10244.63,10288.867,10308.436,10166.0,10342.601
2026-07-07 15:00:00,10202.63,10257.633,10267.042,10141.0,10292.277
2026-07-07 16:00:00,10180.879,10240.905,10248.899,10132.0,10280.031
2026-07-07 17:00:00,10228.253,10245.443,10275.334,10103.0,10293.676
2026-07-07 18:00:00,10198.136,10219.372,10273.274,10200.0,10280.832
2026-07-07 19:00:00,10040.665,10066.32,10116.976,10037.0,10128.36
2026-07-07 20:00:00,9844.012,9868.619,9941.887,9833.0,9940.953
2026-07-07 21:00:00,9736.589,9772.487,9872.63,9765.0,9873.204
2026-07-07 22:00:00,9682.704,9734.069,9808.081,9807.0,9836.016
2026-07-07 23:00:00,9478.601,9536.855,9598.831,9504.0,9608.177
2026-07-08 00:00:00,9174.332,9201.094,9153.362,9095.0,9186.437
2026-07-08 01:00:00,8652.855,8672.034,8763.701,8661.0,8670.619
2026-07-08 02:00:00,8402.407,8412.771,8472.403,8405.0,8418.664
2026-07-08 03:00:00,8149.9873,8158.741,8237.662,8096.0,8157.1123
2026-07-08 04:00:00,7993.584,8000.073,8098.8545,7932.0,8037.926
2026-07-08 05:00:00,7968.3623,7980.084,8061.282,7963.0,8013.035
2026-07-08 06:00:00,8193.682,8214.757,8268.0205,8220.0,8226.554
2026-07-08 07:00:00,8614.641,8622.778,8650.719,8616.0,8629.921
2026-07-08 08:00:00,9187.91,9190.5,9199.755,9148.0,9177.51
2026-07-08 09:00:00,9847.773,9824.383,9817.461,9794.0,9858.146
2026-07-08 10:00:00,10164.536,10147.586,10152.501,10065.0,10193.949
2026-07-08 11:00:00,10292.386,10273.557,10299.234,10197.0,10312.336
2026-07-08 12:00:00,10298.965,10299.348,10318.381,10155.0,10307.726
2026-07-08 13:00:00,10296.5,10282.665,10279.32,10139.0,10292.533
2026-07-08 14:00:00,10311.13,10301.944,10312.051,10185.0,10324.749
2026-07-08 15:00:00,10271.075,10267.71,10272.416,10119.0,10278.475
2026-07-08 16:00:00,10236.153,10237.289,10243.674,10091.0,10245.292
2026-07-08 17:00:00,10265.364,10203.54,10238.641,10010.0,10218.074
2026-07-08 18:00:00,10239.496,10181.376,10262.903,10137.0,10233.507
2026-07-08 19:00:00,10082.023,10040.012,10113.48,9985.0,10084.167
2026-07-08 20:00:00,9876.29,9840.832,9918.085,9865.0,9877.621
2026-07-08 21:00:00,9780.352,9747.974,9853.907,9774.0,9815.779
2026-07-08 22:00:00,9736.1455,9713.433,9784.309,9802.0,9782.632
2026-07-08 23:00:00,9528.67,9519.39,9563.935,9536.0,9549.909
2026-07-09 00:00:00,9146.962,9130.344,9113.556,9108.0,9125.042
2026-07-09 01:00:00,8650.724,8641.898,8714.02,8674.0,8658.9375
2026-07-09 02:00:00,8397.991,8375.421,8413.697,8366.0,8401.614
2026-07-09 03:00:00,8140.9556,8122.614,8158.9966,8138.0,8142.74
2026-07-09 04:00:00,7979.0576,7960.789,8025.1562,7860.0,8022.9463
2026-07-09 05:00:00,7955.8945,7941.579,7979.1445,7843.0,8002.364
2026-07-09 06:00:00,8197.928,8185.868,8201.715,8147.0,8226.693
2026-07-09 07:00:00,8616.696,8597.342,8609.26,8501.0,8633.94
2026-07-09 08:00:00,9183.8,9192.177,9186.929,9029.0,9194.184
2026-07-09 09:00:00,9824.64,9817.855,9854.659,9715.0,9875.309
2026-07-09 10:00:00,10128.731,10116.259,10180.672,10082.0,10194.735
2026-07-09 11:00:00,10240.538,10218.544,10318.089,10157.0,10309.129
2026-07-09 12:00:00,10234.247,10230.454,10332.3,10107.0,10305.047
2026-07-09 13:00:00,10230.046,10208.395,10301.194,10066.0,10282.074
2026-07-09 14:00:00,10243.654,10222.072,10331.661,10150.0,10310.803
2026-07-09 15:00:00,10204.802,10186.81,10287.515,10172.0,10264.137
2026-07-09 16:00:00,10173.066,10156.76,10265.76,10140.0,10234.841
2026-07-09 17:00:00,10185.177,10147.762,10263.836,10038.0,10234.112
2026-07-09 18:00:00,10177.714,10138.01,10291.543,10232.0,10247.713
2026-07-09 19:00:00,10027.573,9986.547,10134.596,10042.0,10098.557
2026-07-09 20:00:00,9821.646,9781.913,9925.732,9831.0,9883.968
2026-07-09 21:00:00,9726.671,9684.3,9837.844,9786.0,9809.565
2026-07-09 22:00:00,9693.329,9661.993,9799.089,9841.0,9790.133
2026-07-09 23:00:00,9496.203,9474.908,9578.278,9609.0,9567.16
2026-07-10 00:00:00,9095.722,9111.299,9094.085,9201.0,9131.712
2026-07-10 01:00:00,8616.312,8582.53,8678.319,8717.0,8603.382
2026-07-10 02:00:00,8358.064,8297.316,8393.465,8411.0,8341.663
2026-07-10 03:00:00,8099.8335,8031.8164,8151.227,8136.0,8078.607
2026-07-10 04:00:00,7911.6196,7862.5693,8008.5806,7973.0,7942.784
2026-07-10 05:00:00,7886.083,7848.784,7971.0537,7951.0,7925.241
2026-07-10 06:00:00,8112.1743,8101.92,8211.505,8221.0,8181.5684
2026-07-10 07:00:00,8500.369,8493.893,8630.372,8570.0,8563.479
2026-07-10 08:00:00,9024.07,9042.799,9194.023,9189.0,9106.2295
2026-07-10 09:00:00,9659.57,9643.829,9841.589,9878.0,9779.25
2026-07-10 10:00:00,9980.602,9967.042,10176.824,10156.0,10102.85
2026-07-10 11:00:00,10101.165,10074.987,10310.571,10283.0,10223.417
2026-07-10 12:00:00,10104.586,10090.452,10323.225,10313.0,10211.374
2026-07-10 13:00:00,10102.997,10084.78,10281.296,10278.0,10194.716
2026-07-10 14:00:00,10112.672,10091.07,10305.393,10356.0,10215.191
2026-07-10 15:00:00,10067.129,10064.895,10261.736,10310.0,10172.522
2026-07-10 16:00:00,10023.967,10051.16,10236.921,10318.0,10127.914
2026-07-10 17:00:00,10007.886,10008.439,10230.171,10226.0,10077.984
2026-07-10 18:00:00,9999.168,10004.396,10255.389,10284.0,10100.573
2026-07-10 19:00:00,9849.277,9865.514,10083.484,10029.0,9935.749
2026-07-10 20:00:00,9637.288,9657.239,9877.789,9795.0,9729.01
2026-07-10 21:00:00,9546.042,9571.994,9811.584,9748.0,9678.806
2026-07-10 22:00:00,9521.601,9559.028,9758.507,9797.0,9673.088
2026-07-10 23:00:00,9379.411,9414.595,9568.535,9567.0,9498.2295
2026-07-11 00:00:00,9235.661,9219.65,9190.3125,9228.0,9194.585
2026-07-11 01:00:00,8790.422,8745.476,8814.867,8792.0,8715.424
2026-07-11 02:00:00,8480.709,8420.959,8467.464,8480.0,8382.107
2026-07-11 03:00:00,8223.379,8177.293,8246.425,8339.0,8141.5796
2026-07-11 04:00:00,8056.3564,8000.319,8085.96,8185.0,7986.416
2026-07-11 05:00:00,8004.495,7918.4326,8010.5,8059.0,7913.87
2026-07-11 06:00:00,8096.207,8024.758,8109.541,8134.0,8012.338
2026-07-11 07:00:00,8315.571,8248.945,8292.59,8366.0,8218.191
2026-07-11 08:00:00,8712.51,8661.135,8664.965,8681.0,8619.651
2026-07-11 09:00:00,9299.888,9257.942,9279.58,9411.0,9275.638
2026-07-11 10:00:00,9698.94,9659.522,9731.569,9864.0,9698.773
2026-07-11 11:00:00,9910.956,9864.881,9929.06,10069.0,9899.0205
2026-07-11 12:00:00,9985.422,9940.9795,9999.336,10155.0,9970.846
2026-07-11 13:00:00,10003.671,9951.964,9979.764,10140.0,9981.011
2026-07-11 14:00:00,10019.051,9970.969,10000.997,10197.0,10012.967
2026-07-11 15:00:00,9978.571,9941.798,9962.943,10138.0,9976.488
2026-07-11 16:00:00,9943.921,9918.052,9966.791,10087.0,9957.85
2026-07-11 17:00:00,9916.802,9872.461,9914.997,10091.0,9908.987
2026-07-11 18:00:00,9950.685,9877.343,9961.708,10030.0,9948.018
2026-07-11 19:00:00,9898.912,9837.239,9905.726,9866.0,9873.598
2026-07-11 20:00:00,9722.472,9665.383,9729.869,9757.0,9668.363
2026-07-11 21:00:00,9628.606,9580.901,9661.393,9779.0,9616.676
2026-07-11 22:00:00,9547.352,9514.24,9573.751,9660.0,9535.96
2026-07-11 23:00:00,9428.029,9389.27,9427.05,9513.0,9399.712
2026-07-12 00:00:00,9219.144,9157.295,9139.171,9157.0,9168.501
2026-07-12 01:00:00,8789.066,8737.266,8719.265,8755.0,8736.315
2026-07-12 02:00:00,8492.578,8413.693,8391.935,8408.0,8424.086
2026-07-12 03:00:00,8245.861,8184.8887,8155.615,8249.0,8186.522
2026-07-12 04:00:00,8072.691,8026.8516,7995.145,8028.0,8040.7075
2026-07-12 05:00:00,8004.41,7957.371,7892.497,7958.0,7956.1655
2026-07-12 06:00:00,8068.8574,8036.1016,7954.35,8045.0,8021.8955
2026-07-12 07:00:00,8225.79,8198.308,8101.129,8296.0,8186.903
2026-07-12 08:00:00,8548.747,8520.396,8446.217,8665.0,8499.593
2026-07-12 09:00:00,9113.3,9079.682,9062.8955,9255.0,9095.366
2026-07-12 10:00:00,9521.52,9504.111,9538.416,9823.0,9525.314
2026-07-12 11:00:00,9754.455,9723.2705,9799.69,9986.0,9763.446
2026-07-12 12:00:00,9857.96,9804.91,9894.689,10109.0,9865.488
2026-07-12 13:00:00,9885.227,9815.402,9896.907,10074.0,9884.938
2026-07-12 14:00:00,9906.199,9835.444,9930.8955,10113.0,9926.698
2026-07-12 15:00:00,9887.404,9815.053,9906.094,10095.0,9910.856
2026-07-12 16:00:00,9871.3545,9790.212,9924.096,10100.0,9911.495
2026-07-12 17:00:00,9884.897,9804.547,9885.637,10117.0,9891.492
2026-07-12 18:00:00,9962.507,9875.1875,9967.003,10177.0,9984.504
2026-07-12 19:00:00,9936.453,9845.269,9928.454,10179.0,9925.89
2026-07-12 20:00:00,9816.198,9712.369,9799.119,9995.0,9786.427
2026-07-12 21:00:00,9756.291,9650.285,9759.068,9989.0,9742.251
2026-07-12 22:00:00,9658.279,9568.316,9636.1455,9830.0,9639.764
2026-07-12 23:00:00,9464.593,9358.16,9421.201,9647.0,9425.855
2026-07-13 00:00:00,9176.221,9142.19,9129.34,9260.0,9176.413
2026-07-13 01:00:00,8718.717,8700.234,8643.625,8850.0,8695.807
2026-07-13 02:00:00,8468.341,8453.959,8360.06,8483.0,8415.309
2026-07-13 03:00:00,8216.986,8202.724,8111.44,8322.0,8174.382
2026-07-13 04:00:00,8026.644,8013.699,7969.43,8029.0,8024.049
2026-07-13 05:00:00,8001.3003,7994.196,7934.1035,8047.0,7990.7314
2026-07-13 06:00:00,8241.344,8245.193,8160.9326,8323.0,8236.145
2026-07-13 07:00:00,8664.632,8661.098,8566.77,8697.0,8639.947
2026-07-13 08:00:00,9241.966,9270.302,9163.958,9344.0,9235.57
2026-07-13 09:00:00,9910.269,9921.999,9878.605,10054.0,9974.373
2026-07-13 10:00:00,10227.78,10251.288,10260.511,10440.0,10304.999
2026-07-13 11:00:00,10332.581,10339.311,10398.106,10578.0,10405.722
2026-07-13 12:00:00,10323.388,10341.112,10426.085,10641.0,10400.671
2026-07-13 13:00:00,10321.67,10332.546,10395.811,10604.0,10380.682
2026-07-13 14:00:00,10338.438,10333.64,10426.799,10677.0,10419.175
2026-07-13 15:00:00,10310.187,10297.375,10386.874,10551.0,10376.419
2026-07-13 16:00:00,10277.367,10289.913,10390.422,10526.0,10365.099
2026-07-13 17:00:00,10252.474,10257.697,10360.354,10450.0,10333.187
2026-07-13 18:00:00,10268.001,10258.355,10372.984,10498.0,10368.343
2026-07-13 19:00:00,10122.258,10100.093,10188.645,10324.0,10173.788
2026-07-13 20:00:00,9924.298,9898.627,9984.375,10106.0,9970.424
2026-07-13 21:00:00,9837.967,9816.531,9915.558,10058.0,9889.705
2026-07-13 22:00:00,9795.018,9787.557,9859.082,10027.0,9868.717
2026-07-13 23:00:00,9586.616,9587.599,9620.915,9817.0,9623.417
2026-07-14 00:00:00,9312.382,9310.379,9323.414,9337.0,9348.627
2026-07-14 01:00:00,8841.388,8827.299,8849.4795,8906.0,8880.101
2026-07-14 02:00:00,8565.242,8547.382,8531.621,8574.0,8566.7
2026-07-14 03:00:00,8310.15,8290.818,8289.402,8419.0,8322.364
2026-07-14 04:00:00,8095.801,8105.2334,8145.6226,8170.0,8154.4805
2026-07-14 05:00:00,8081.383,8089.9683,8115.6055,8131.0,8142.421
2026-07-14 06:00:00,8323.811,8333.29,8346.939,8352.0,8373.8
2026-07-14 07:00:00,8753.658,8755.916,8725.697,8741.0,8760.103
2026-07-14 08:00:00,9343.146,9331.03,9302.102,9299.0,9337.737
2026-07-14 09:00:00,9989.747,9987.385,9941.124,9971.0,10024.013
2026-07-14 10:00:00,10303.88,10297.372,10280.476,10332.0,10350.002
2026-07-14 11:00:00,10416.48,10405.211,10413.604,10387.0,10469.33
2026-07-14 12:00:00,10396.511,10397.204,10431.439,10376.0,10459.562
2026-07-14 13:00:00,10384.291,10382.711,10383.847,10388.0,10442.084
2026-07-14 14:00:00,10401.49,10399.7,10399.994,10443.0,10477.181
2026-07-14 15:00:00,10379.315,10372.429,10366.053,10371.0,10424.739
2026-07-14 16:00:00,10342.663,10363.179,10366.563,10291.0,10414.483
2026-07-14 17:00:00,10344.84,10344.0,10336.65,10263.0,10402.49
2026-07-14 18:00:00,10363.248,10344.592,10375.053,10370.0,10429.541
2026-07-14 19:00:00,10215.824,10187.63,10231.328,10165.0,10263.65
2026-07-14 20:00:00,10010.525,9981.598,10036.127,9866.0,10073.014
2026-07-14 21:00:00,9924.542,9908.301,9958.718,9896.0,9993.868
2026-07-14 22:00:00,9867.946,9866.471,9873.854,9925.0,9948.916
2026-07-14 23:00:00,9655.367,9661.162,9653.182,9752.0,9708.376
2026-07-15 00:00:00,9304.298,9311.451,9319.97,9199.0,9337.212
2026-07-15 01:00:00,8827.287,8831.748,8858.294,8762.0,8861.666
2026-07-15 02:00:00,8561.145,8550.257,8559.84,8484.0,8563.664
2026-07-15 03:00:00,8310.991,8298.361,8318.645,8329.0,8335.432
2026-07-15 04:00:00,8111.237,8098.6963,8160.951,8138.0,8153.09
2026-07-15 05:00:00,8080.5273,8070.5474,8134.9897,8076.0,8124.036
2026-07-15 06:00:00,8312.164,8309.093,8353.19,8295.0,8353.385
2026-07-15 07:00:00,8742.2295,8746.488,8750.452,8728.0,8758.02
2026-07-15 08:00:00,9315.08,9333.255,9325.584,9300.0,9341.087
2026-07-15 09:00:00,9993.824,10012.588,10009.719,9947.0,10062.937
2026-07-15 10:00:00,10317.699,10331.633,10361.47,10391.0,10393.644
2026-07-15 11:00:00,10435.368,10436.132,10496.055,10488.0,10514.437
2026-07-15 12:00:00,10431.604,10441.486,10526.008,10431.0,10506.781
2026-07-15 13:00:00,10425.985,10430.684,10489.309,10439.0,10477.781
2026-07-15 14:00:00,10444.547,10449.683,10505.929,10541.0,10519.36
2026-07-15 15:00:00,10413.761,10418.753,10457.418,10448.0,10452.883
2026-07-15 16:00:00,10369.12,10391.091,10454.228,10453.0,10427.127
2026-07-15 17:00:00,10373.607,10381.364,10451.865,10395.0,10410.33
2026-07-15 18:00:00,10379.657,10354.559,10478.409,10437.0,10445.135
2026-07-15 19:00:00,10226.032,10196.333,10312.403,10223.0,10244.008
2026-07-15 20:00:00,10014.188,9989.4375,10122.269,10037.0,10041.968
2026-07-15 21:00:00,9933.12,9916.615,10052.522,9959.0,9976.512
2026-07-15 22:00:00,9887.347,9882.498,9983.786,10078.0,9964.515
2026-07-15 23:00:00,9696.972,9693.704,9765.23,9847.0,9737.811
2026-07-16 00:00:00,9276.224,9274.835,9300.799,9289.0,9298.1045
2026-07-16 01:00:00,8815.462,8797.637,8844.348,8878.0,8842.795
2026-07-16 02:00:00,8544.916,8521.678,8542.434,8535.0,8538.906
2026-07-16 03:00:00,8305.832,8288.229,8324.609,8333.0,8327.271
2026-07-16 04:00:00,8097.134,8099.311,8172.6196,8158.0,8151.0537
2026-07-16 05:00:00,8062.985,8069.658,8124.782,8164.0,8114.6377
2026-07-16 06:00:00,8295.627,8313.666,8323.347,8394.0,8324.998
2026-07-16 07:00:00,8702.905,8711.059,8692.208,8783.0,8692.079
2026-07-16 08:00:00,9270.185,9272.025,9248.244,9270.0,9261.779
2026-07-16 09:00:00,9913.443,9911.444,9896.397,9968.0,9938.265
2026-07-16 10:00:00,10248.088,10241.218,10252.802,10303.0,10293.54
2026-07-16 11:00:00,10361.301,10345.535,10367.734,10470.0,10397.78
2026-07-16 12:00:00,10354.55,10345.381,10389.318,10402.0,10392.292
2026-07-16 13:00:00,10354.088,10337.29,10353.962,10377.0,10393.686
2026-07-16 14:00:00,10373.7,10345.578,10375.768,10368.0,10427.653
2026-07-16 15:00:00,10340.093,10317.201,10321.602,10370.0,10372.724
2026-07-16 16:00:00,10282.35,10287.654,10291.627,10308.0,10331.994
2026-07-16 17:00:00,10277.717,10274.744,10283.682,10150.0,10300.871
2026-07-16 18:00:00,10306.719,10287.574,10343.138,10326.0,10359.141
2026-07-16 19:00:00,10154.517,10134.417,10175.68,10204.0,10187.123
2026-07-16 20:00:00,9936.51,9925.314,9943.503,9998.0,9977.732
2026-07-16 21:00:00,9873.305,9868.441,9918.457,9872.0,9933.329
2026-07-16 22:00:00,9839.724,9846.124,9881.193,9852.0,9927.557
2026-07-16 23:00:00,9660.555,9665.45,9696.136,9785.0,9715.871
2026-07-17 00:00:00,9324.046,9354.904,9248.566,9337.0,9325.506
2026-07-17 01:00:00,8859.635,8886.275,8821.653,8746.0,8873.098
2026-07-17 02:00:00,8575.013,8579.477,8531.285,8529.0,8575.347
2026-07-17 03:00:00,8330.436,8336.416,8307.359,8351.0,8353.661
2026-07-17 04:00:00,8137.3174,8149.9966,8166.7544,8154.0,8194.33
2026-07-17 05:00:00,8109.2295,8118.72,8142.9917,8157.0,8177.21
2026-07-17 06:00:00,8344.314,8358.76,8372.97,8470.0,8410.399
2026-07-17 07:00:00,8755.056,8776.627,8781.95,8750.0,8811.278
2026-07-17 08:00:00,9308.474,9350.729,9328.938,9286.0,9359.337
2026-07-17 09:00:00,9974.048,10012.409,9988.179,10043.0,10052.953
2026-07-17 10:00:00,10320.91,10341.919,10349.277,10266.0,10410.074
2026-07-17 11:00:00,10425.206,10442.116,10470.477,10477.0,10513.102
2026-07-17 12:00:00,10421.001,10447.796,10493.002,10459.0,10508.149
2026-07-17 13:00:00,10416.952,10444.29,10459.879,10457.0,10507.834
2026-07-17 14:00:00,10430.899,10460.446,10483.487,10487.0,10548.529
2026-07-17 15:00:00,10396.277,10434.032,10420.08,10374.0,10481.935
2026-07-17 16:00:00,10342.267,10403.419,10410.527,10320.0,10463.972
2026-07-17 17:00:00,10323.971,10372.172,10383.064,10324.0,10427.671
2026-07-17 18:00:00,10303.875,10348.628,10401.61,10429.0,10437.929
2026-07-17 19:00:00,10113.958,10164.5625,10190.896,10216.0,10197.581
2026-07-17 20:00:00,9886.919,9937.614,9969.477,9995.0,9974.341
2026-07-17 21:00:00,9813.196,9875.447,9953.337,9935.0,9929.084
2026-07-17 22:00:00,9808.066,9880.972,9938.418,9991.0,9966.566
2026-07-17 23:00:00,9681.138,9749.081,9777.887,9871.0,9801.416
2026-07-18 00:00:00,9351.343,9368.961,9318.101,9458.0,9372.715
2026-07-18 01:00:00,8891.367,8900.242,8897.088,8924.0,8905.703
2026-07-18 02:00:00,8596.701,8598.567,8573.284,8725.0,8605.908
2026-07-18 03:00:00,8376.961,8379.912,8385.497,8435.0,8393.473
2026-07-18 04:00:00,8221.671,8215.83,8244.774,8219.0,8253.111
2026-07-18 05:00:00,8156.407,8151.145,8169.143,8182.0,8188.3486
2026-07-18 06:00:00,8226.142,8232.868,8250.702,8295.0,8236.247
2026-07-18 07:00:00,8431.047,8452.846,8438.645,8474.0,8426.476
2026-07-18 08:00:00,8800.626,8843.957,8817.098,8971.0,8786.54
2026-07-18 09:00:00,9397.587,9454.809,9453.414,9641.0,9453.181
2026-07-18 10:00:00,9821.218,9890.334,9945.346,10063.0,9933.475
2026-07-18 11:00:00,10039.703,10088.272,10152.3125,10268.0,10144.36
2026-07-18 12:00:00,10125.183,10175.973,10226.068,10351.0,10221.543
2026-07-18 13:00:00,10133.919,10178.587,10193.681,10258.0,10216.262
2026-07-18 14:00:00,10137.7,10180.01,10206.4,10262.0,10245.408
2026-07-18 15:00:00,10101.469,10145.218,10173.052,10220.0,10214.115
2026-07-18 16:00:00,10048.926,10107.566,10154.003,10232.0,10177.613
2026-07-18 17:00:00,10025.752,10065.236,10128.744,10273.0,10137.688
2026-07-18 18:00:00,10039.679,10074.81,10140.164,10244.0,10141.014
2026-07-18 19:00:00,9963.747,9998.378,10049.743,10233.0,10054.509
2026-07-18 20:00:00,9803.438,9846.191,9911.787,10055.0,9908.43
2026-07-18 21:00:00,9735.765,9783.602,9882.247,10000.0,9864.304
2026-07-18 22:00:00,9645.762,9705.701,9780.665,9869.0,9773.501
2026-07-18 23:00:00,9530.379,9576.634,9648.883,9786.0,9637.841
2026-07-19 00:00:00,9396.614,9426.088,9317.127,9349.0,9382.379
2026-07-19 01:00:00,8946.707,8978.88,8880.603,8934.0,8939.715
2026-07-19 02:00:00,8638.617,8672.201,8556.687,8575.0,8635.617
2026-07-19 03:00:00,8376.732,8397.0,8340.588,8359.0,8362.557
2026-07-19 04:00:00,8188.6167,8190.793,8168.8105,8139.0,8175.644
2026-07-19 05:00:00,8110.105,8105.6553,8077.7354,8102.0,8104.443
2026-07-19 06:00:00,8185.629,8208.374,8141.0015,8169.0,8178.037
2026-07-19 07:00:00,8385.238,8435.471,8322.436,8433.0,8384.402
2026-07-19 08:00:00,8756.487,8835.897,8695.742,8754.0,8751.445
2026-07-19 09:00:00,9345.435,9433.964,9294.009,9349.0,9353.252
2026-07-19 10:00:00,9784.441,9854.509,9789.267,9850.0,9822.2
2026-07-19 11:00:00,10009.834,10068.164,10024.628,10086.0,10070.282
2026-07-19 12:00:00,10107.167,10167.576,10129.285,10167.0,10164.241
2026-07-19 13:00:00,10132.282,10199.447,10135.164,10194.0,10185.117
2026-07-19 14:00:00,10143.856,10205.869,10161.401,10164.0,10210.529
2026-07-19 15:00:00,10130.716,10189.595,10137.967,10196.0,10199.922
2026-07-19 16:00:00,10108.493,10160.214,10133.406,10186.0,10173.493
2026-07-19 17:00:00,10130.297,10140.583,10112.188,10269.0,10144.942
2026-07-19 18:00:00,10205.202,10216.212,10189.929,10269.0,10249.191
2026-07-19 19:00:00,10169.574,10189.208,10135.501,10178.0,10187.969
2026-07-19 20:00:00,10037.931,10052.18,10002.696,10020.0,10063.748
2026-07-19 21:00:00,9972.864,9993.586,9936.865,9997.0,9989.454
2026-07-19 22:00:00,9860.58,9893.584,9821.757,9907.0,9902.823
2026-07-19 23:00:00,9699.53,9719.581,9641.224,9693.0,9707.496
2026-07-20 00:00:00,9334.944,9355.031,9254.98,9260.0,9322.836
2026-07-20 01:00:00,8890.981,8906.372,8744.752,8784.0,8843.961
2026-07-20 02:00:00,8614.413,8621.512,8459.1045,8463.0,8576.31
2026-07-20 03:00:00,8368.946,8380.001,8236.818,8292.0,8354.652
2026-07-20 04:00:00,8140.246,8168.493,8097.0645,8049.0,8183.9365
2026-07-20 05:00:00,8115.8315,8148.9243,8058.499,8057.0,8152.1045
2026-07-20 06:00:00,8369.035,8407.446,8283.147,8373.0,8401.628
2026-07-20 07:00:00,8785.62,8825.001,8672.633,8669.0,8781.094
2026-07-20 08:00:00,9389.887,9415.322,9242.624,9185.0,9359.103
2026-07-20 09:00:00,10062.336,10095.448,9931.789,9925.0,10087.592
2026-07-20 10:00:00,10414.759,10446.12,10303.421,10209.0,10444.17
2026-07-20 11:00:00,10528.403,10552.768,10431.665,10342.0,10554.326
2026-07-20 12:00:00,10533.156,10548.007,10448.534,10303.0,10559.83
2026-07-20 13:00:00,10532.358,10542.221,10422.181,10310.0,10542.84
2026-07-20 14:00:00,10539.238,10552.577,10451.233,10346.0,10573.92
2026-07-20 15:00:00,10508.228,10518.155,10392.723,10420.0,10514.243
2026-07-20 16:00:00,10457.415,10500.716,10382.652,10389.0,10494.514
2026-07-20 17:00:00,10454.561,10456.709,10323.486,10216.0,10425.513
2026-07-20 18:00:00,10472.126,10478.322,10394.393,10337.0,10501.586
2026-07-20 19:00:00,10337.162,10341.764,10238.632,10112.0,10324.267
2026-07-20 20:00:00,10113.874,10135.957,10024.179,9977.0,10126.373
2026-07-20 21:00:00,10027.805,10058.129,9940.554,10007.0,10040.283
2026-07-20 22:00:00,9985.246,10014.727,9880.404,9990.0,10033.538
2026-07-20 23:00:00,9804.914,9826.316,9708.854,9786.0,9817.729
2026-07-21 00:00:00,9250.641,9271.4795,9258.977,9304.0,9273.433
2026-07-21 01:00:00,8769.655,8818.12,8782.203,8823.0,8790.557
2026-07-21 02:00:00,8496.15,8541.853,8500.419,8487.0,8509.595
2026-07-21 03:00:00,8265.966,8307.235,8290.909,8391.0,8296.353
2026-07-21 04:00:00,8061.9526,8120.966,8148.889,8185.0,8140.5737
2026-07-21 05:00:00,8033.5117,8094.8423,8120.96,8220.0,8115.2676
2026-07-21 06:00:00,8278.045,8325.298,8365.121,8483.0,8392.148
2026-07-21 07:00:00,8680.507,8730.502,8753.402,8759.0,8791.969
2026-07-21 08:00:00,9231.652,9275.032,9292.844,9393.0,9322.848
2026-07-21 09:00:00,9912.611,9951.973,9919.215,10097.0,9993.083
2026-07-21 10:00:00,10246.418,10274.793,10262.428,10476.0,10317.861
2026-07-21 11:00:00,10352.6,10390.36,10401.74,10528.0,10437.217
2026-07-21 12:00:00,10334.677,10384.957,10415.325,10523.0,10411.434
2026-07-21 13:00:00,10326.791,10373.904,10386.542,10532.0,10392.585
2026-07-21 14:00:00,10343.394,10391.57,10418.968,10568.0,10439.554
2026-07-21 15:00:00,10312.069,10357.337,10366.91,10491.0,10385.154
2026-07-21 16:00:00,10262.381,10331.1045,10325.252,10441.0,10351.815
2026-07-21 17:00:00,10269.891,10303.213,10303.992,10427.0,10315.486
2026-07-21 18:00:00,10303.38,10332.029,10355.114,10428.0,10387.05
2026-07-21 19:00:00,10150.15,10190.295,10207.135,10272.0,10213.811
2026-07-21 20:00:00,9940.2705,9998.398,10021.667,10102.0,10027.362
2026-07-21 21:00:00,9862.564,9922.128,9958.057,10027.0,9959.05
2026-07-21 22:00:00,9830.649,9880.848,9902.542,10071.0,9963.129
2026-07-21 23:00:00,9652.308,9695.901,9701.35,9801.0,9720.746
2026-07-22 00:00:00,9339.346,9395.465,9308.014,9262.0,9342.064
2026-07-22 01:00:00,8863.006,8909.917,8840.846,8840.0,8839.852
2026-07-22 02:00:00,8595.582,8634.7705,8577.04,8614.0,8576.176
2026-07-22 03:00:00,8385.092,8418.577,8371.378,8458.0,8381.193
2026-07-22 04:00:00,8177.5522,8215.637,8237.055,8230.0,8217.365
2026-07-22 05:00:00,8155.3525,8196.5,8217.216,8128.0,8210.988
2026-07-22 06:00:00,8418.018,8469.036,8469.881,8361.0,8488.742
2026-07-22 07:00:00,8790.78,8849.277,8834.813,8727.0,8847.745
2026-07-22 08:00:00,9361.691,9415.01,9368.206,9309.0,9406.069
2026-07-22 09:00:00,10004.742,10046.303,9961.31,9980.0,10069.772
2026-07-22 10:00:00,10331.751,10344.183,10262.66,10365.0,10358.602
2026-07-22 11:00:00,10438.352,10456.251,10377.783,10458.0,10463.354
2026-07-22 12:00:00,10420.826,10451.046,10387.237,10408.0,10426.461
2026-07-22 13:00:00,10418.748,10453.844,10362.462,10462.0,10424.502
2026-07-22 14:00:00,10434.152,10465.9,10372.358,10447.0,10460.758
2026-07-22 15:00:00,10422.849,10456.3125,10344.814,10413.0,10426.759
2026-07-22 16:00:00,10371.412,10423.604,10323.141,10428.0,10390.654
2026-07-22 17:00:00,10364.6045,10364.174,10306.898,10340.0,10341.699
2026-07-22 18:00:00,10385.011,10384.541,10386.316,10455.0,10433.395
2026-07-22 19:00:00,10239.743,10233.199,10223.976,10310.0,10224.583
2026-07-22 20:00:00,10034.077,10061.548,10061.851,10033.0,10061.744
2026-07-22 21:00:00,9969.4375,10007.143,10019.095,10029.0,10014.996
2026-07-22 22:00:00,9950.29,9978.905,9974.45,10084.0,10037.595
2026-07-22 23:00:00,9776.185,9791.764,9774.782,9784.0,9809.855
2026-07-23 00:00:00,9305.936,9320.794,9294.245,9300.0,9300.286
2026-07-23 01:00:00,8834.872,8858.021,8836.096,8843.0,8842.038
2026-07-23 02:00:00,8563.368,8577.627,8570.199,8512.0,8576.46
2026-07-23 03:00:00,8342.758,8368.941,8373.055,8373.0,8383.127
2026-07-23 04:00:00,8141.327,8169.8496,8229.225,8226.0,8216.828
2026-07-23 05:00:00,8105.4346,8127.9766,8187.335,8235.0,8177.741
2026-07-23 06:00:00,8358.111,8358.483,8442.621,8459.0,8443.654
2026-07-23 07:00:00,8745.346,8739.536,8796.702,8744.0,8774.92
2026-07-23 08:00:00,9315.106,9308.225,9339.938,9314.0,9325.89
2026-07-23 09:00:00,9994.593,9966.751,9984.251,9916.0,10005.41
2026-07-23 10:00:00,10340.807,10295.354,10317.661,10319.0,10335.141
2026-07-23 11:00:00,10439.097,10405.367,10451.314,10389.0,10443.187
2026-07-23 12:00:00,10423.48,10398.272,10453.166,10368.0,10410.778
2026-07-23 13:00:00,10423.618,10388.231,10424.096,10367.0,10397.49
2026-07-23 14:00:00,10435.883,10396.436,10435.06,10456.0,10428.736
2026-07-23 15:00:00,10415.45,10384.658,10393.01,10398.0,10402.544
2026-07-23 16:00:00,10352.559,10342.858,10358.1455,10306.0,10367.384
2026-07-23 17:00:00,10340.4795,10320.601,10332.125,10220.0,10300.14
2026-07-23 18:00:00,10366.282,10338.537,10376.933,10339.0,10385.237
2026-07-23 19:00:00,10215.134,10189.781,10228.323,10172.0,10196.183
2026-07-23 20:00:00,10006.92,9983.658,10048.715,9969.0,10014.594
2026-07-23 21:00:00,9938.326,9912.99,10002.039,9941.0,9959.482
2026-07-23 22:00:00,9918.548,9899.842,9959.714,10073.0,9993.758
2026-07-23 23:00:00,9748.781,9727.183,9764.418,9817.0,9784.978
2026-07-24 00:00:00,9350.752,9343.415,9287.553,9358.0,9328.154
2026-07-24 01:00:00,8874.229,8879.243,8848.597,8873.0,8862.873
2026-07-24 02:00:00,8592.316,8592.644,8580.08,8625.0,8585.026
2026-07-24 03:00:00,8380.896,8389.185,8381.93,8411.0,8403.355
2026-07-24 04:00:00,8179.1616,8185.3804,8249.826,8250.0,8237.865
2026-07-24 05:00:00,8150.5176,8151.5654,8210.488,8211.0,8215.669
2026-07-24 06:00:00,8398.458,8410.704,8445.575,8455.0,8469.836
2026-07-24 07:00:00,8752.315,8760.029,8771.105,8785.0,8769.671
2026-07-24 08:00:00,9295.812,9297.3545,9305.802,9332.0,9326.286
2026-07-24 09:00:00,9969.701,9984.952,9994.586,9922.0,10030.831
2026-07-24 10:00:00,10308.852,10289.146,10322.379,10239.0,10343.081
2026-07-24 11:00:00,10419.706,10401.009,10459.406,10395.0,10460.916
2026-07-24 12:00:00,10426.16,10405.488,10471.563,10447.0,10450.033
2026-07-24 13:00:00,10417.388,10406.735,10443.8955,10403.0,10451.334
2026-07-24 14:00:00,10421.028,10414.799,10446.352,10451.0,10471.005
2026-07-24 15:00:00,10394.176,10386.306,10392.734,10303.0,10415.777
2026-07-24 16:00:00,10340.772,10369.938,10384.061,10323.0,10400.106
2026-07-24 17:00:00,10335.249,10338.876,10350.784,10277.0,10376.33
2026-07-24 18:00:00,10332.709,10317.31,10377.254,10372.0,10414.931
2026-07-24 19:00:00,10170.139,10160.235,10210.739,10124.0,10219.263
2026-07-24 20:00:00,9934.358,9939.002,9985.66,9962.0,9999.712
2026-07-24 21:00:00,9865.876,9880.201,9946.094,9890.0,9953.455
2026-07-24 22:00:00,9863.062,9881.948,9928.316,9990.0,9996.943
2026-07-24 23:00:00,9743.731,9749.831,9780.737,9892.0,9838.593
2026-07-25 00:00:00,9414.428,9425.568,9348.931,9389.0,9423.919
2026-07-25 01:00:00,8958.174,8967.839,8912.922,8852.0,8979.884
2026-07-25 02:00:00,8666.471,8665.383,8599.708,8692.0,8681.11
2026-07-25 03:00:00,8435.524,8443.957,8408.951,8500.0,8480.943
2026-07-25 04:00:00,8277.627,8278.309,8268.256,8291.0,8320.552
2026-07-25 05:00:00,8216.174,8209.098,8205.219,8262.0,8276.928
2026-07-25 06:00:00,8290.488,8300.318,8289.259,8336.0,8338.277
2026-07-25 07:00:00,8504.512,8532.732,8453.217,8525.0,8529.863
2026-07-25 08:00:00,8893.745,8937.906,8846.415,8913.0,8909.59
2026-07-25 09:00:00,9516.829,9573.184,9458.854,9562.0,9560.302
2026-07-25 10:00:00,9943.723,9988.9,9927.38,9974.0,10015.493
2026-07-25 11:00:00,10165.301,10193.093,10144.427,10100.0,10207.601
2026-07-25 12:00:00,10229.857,10250.316,10212.289,10217.0,10274.076
2026-07-25 13:00:00,10231.195,10250.088,10166.172,10113.0,10247.732
2026-07-25 14:00:00,10236.085,10256.743,10159.436,10155.0,10258.717
2026-07-25 15:00:00,10204.746,10228.919,10127.83,10146.0,10232.173
2026-07-25 16:00:00,10167.854,10193.681,10124.836,10091.0,10213.24
2026-07-25 17:00:00,10154.337,10165.803,10143.041,10093.0,10205.696
2026-07-25 18:00:00,10167.259,10181.734,10149.974,10065.0,10221.899
2026-07-25 19:00:00,10088.874,10107.991,10088.755,10014.0,10138.491
2026-07-25 20:00:00,9928.428,9953.304,9935.969,9842.0,9993.504
2026-07-25 21:00:00,9861.257,9893.395,9873.304,9893.0,9941.985
2026-07-25 22:00:00,9783.285,9824.929,9800.549,9865.0,9890.868
2026-07-25 23:00:00,9671.552,9696.7705,9660.614,9698.0,9750.67
2026-07-26 00:00:00,9371.517,9382.162,9322.803,9258.0,9377.432
2026-07-26 01:00:00,8914.179,8910.403,8868.161,8787.0,8928.654
2026-07-26 02:00:00,8619.134,8636.072,8553.249,8500.0,8628.093
2026-07-26 03:00:00,8380.726,8405.788,8361.976,8356.0,8405.685
2026-07-26 04:00:00,8200.355,8230.54,8197.512,8250.0,8236.527
2026-07-26 05:00:00,8131.0283,8167.647,8113.7554,8008.0,8187.953
2026-07-26 06:00:00,8197.742,8239.987,8178.331,8093.0,8228.856
2026-07-26 07:00:00,8392.592,8437.059,8338.735,8348.0,8418.789
2026-07-26 08:00:00,8745.549,8805.174,8702.113,8691.0,8752.067
2026-07-26 09:00:00,9320.978,9369.433,9285.98,9342.0,9326.887
2026-07-26 10:00:00,9774.317,9817.228,9781.163,9771.0,9825.078
2026-07-26 11:00:00,9996.166,10019.843,10029.384,9959.0,10056.646
2026-07-26 12:00:00,10088.9375,10099.447,10120.643,10047.0,10150.257
2026-07-26 13:00:00,10109.921,10116.429,10099.564,9995.0,10151.904
2026-07-26 14:00:00,10123.334,10131.211,10112.761,10067.0,10166.319
2026-07-26 15:00:00,10111.676,10117.599,10104.439,10020.0,10157.191
2026-07-26 16:00:00,10102.233,10112.592,10118.715,10039.0,10157.284
2026-07-26 17:00:00,10116.831,10137.031,10139.391,10050.0,10170.845
2026-07-26 18:00:00,10179.806,10197.1875,10198.151,10137.0,10239.421
2026-07-26 19:00:00,10132.897,10139.132,10147.137,10105.0,10170.366
2026-07-26 20:00:00,10003.93,10002.223,10024.16,9934.0,10052.047
2026-07-26 21:00:00,9950.566,9948.178,9982.445,9948.0,10014.847
2026-07-26 22:00:00,9853.715,9866.558,9889.601,9949.0,9942.666
2026-07-26 23:00:00,9676.992,9686.402,9702.82,9705.0,9742.173
2026-07-27 00:00:00,9241.769,9242.393,9268.574,9294.0,9260.87
2026-07-27 01:00:00,8786.4,8787.941,8784.292,8743.0,8786.461
2026-07-27 02:00:00,8511.44,8515.123,8506.54,8506.0,8514.595
2026-07-27 03:00:00,8305.924,8317.718,8301.316,8403.0,8333.432
2026-07-27 04:00:00,8093.7417,8125.9565,8152.3574,8245.0,8160.411
2026-07-27 05:00:00,8065.868,8101.798,8114.5547,8118.0,8128.096
2026-07-27 06:00:00,8321.11,8353.649,8333.953,8344.0,8378.242
2026-07-27 07:00:00,8686.4,8733.678,8706.878,8694.0,8731.356
2026-07-27 08:00:00,9250.312,9323.0,9271.633,9327.0,9295.828
2026-07-27 09:00:00,9938.274,9963.468,9971.209,10092.0,9999.636
2026-07-27 10:00:00,10278.964,10299.228,10368.059,10474.0,10372.962
2026-07-27 11:00:00,10367.112,10384.278,10519.456,10635.0,10475.0625
2026-07-27 12:00:00,10366.499,10377.657,10549.017,10625.0,10467.569
2026-07-27 13:00:00,10373.516,10382.141,10522.471,10684.0,10471.119
2026-07-27 14:00:00,10393.659,10396.127,10553.363,10730.0,10504.669
2026-07-27 15:00:00,10374.756,10394.001,10519.13,10708.0,10459.235
2026-07-27 16:00:00,10333.837,10374.507,10515.34,10677.0,10433.329
2026-07-27 17:00:00,10285.41,10306.637,10468.037,10615.0,10350.417
2026-07-27 18:00:00,10314.995,10318.724,10505.727,10598.0,10430.176
2026-07-27 19:00:00,10171.688,10188.11,10347.41,10386.0,10256.442
2026-07-27 20:00:00,9984.96,9994.217,10170.2705,10198.0,10087.293
2026-07-27 21:00:00,9939.465,9956.316,10138.997,10173.0,10052.569
2026-07-27 22:00:00,9930.597,9944.098,10097.63,10239.0,10085.765
2026-07-27 23:00:00,9717.78,9718.534,9874.785,9929.0,9838.1045
2026-07-28 00:00:00,9303.756,9275.269,9369.518,9400.0,9371.626
2026-07-28 01:00:00,8832.816,8827.526,8845.864,8973.0,8870.201
2026-07-28 02:00:00,8572.269,8560.247,8558.734,8725.0,8598.077
2026-07-28 03:00:00,8373.909,8366.586,8366.553,8522.0,8411.374
2026-07-28 04:00:00,8173.1255,8168.956,8228.598,8375.0,8257.118
2026-07-28 05:00:00,8137.6377,8132.3228,8183.923,8394.0,8214.239
2026-07-28 06:00:00,8376.708,8377.071,8396.65,8522.0,8447.28
2026-07-28 07:00:00,8745.323,8736.947,8742.793,8890.0,8762.213
2026-07-28 08:00:00,9331.823,9308.57,9341.083,9411.0,9344.665
2026-07-28 09:00:00,9971.7295,9953.472,9998.023,10137.0,10015.969
2026-07-28 10:00:00,10305.033,10291.424,10362.628,10439.0,10359.277
2026-07-28 11:00:00,10384.895,10371.095,10495.703,10557.0,10448.597
2026-07-28 12:00:00,10366.716,10354.035,10494.469,10522.0,10432.563
2026-07-28 13:00:00,10366.547,10319.165,10448.192,10466.0,10410.363
2026-07-28 14:00:00,10384.537,10338.438,10466.841,10573.0,10456.583
2026-07-28 15:00:00,10365.436,10335.033,10434.648,10475.0,10410.124
2026-07-28 16:00:00,10314.679,10307.456,10429.728,10511.0,10382.301
2026-07-28 17:00:00,10299.095,10263.6875,10352.408,10420.0,10285.303
2026-07-28 18:00:00,10337.928,10285.684,10407.012,10446.0,10389.276
2026-07-28 19:00:00,10190.228,10158.424,10270.586,10309.0,10241.314
2026-07-28 20:00:00,9991.922,9962.785,10074.145,10116.0,10054.305
2026-07-28 21:00:00,9948.385,9919.839,10027.782,10043.0,10016.002
2026-07-28 22:00:00,9963.723,9931.694,10015.148,10097.0,10071.907
2026-07-28 23:00:00,9741.45,9706.933,9770.063,9913.0,9785.428
2026-07-29 00:00:00,9416.078,9377.791,9339.798,9447.0,9366.31
2026-07-29 01:00:00,8936.759,8911.882,8853.144,8943.0,8879.618
2026-07-29 02:00:00,8685.721,8638.437,8588.477,8690.0,8622.978
2026-07-29 03:00:00,8486.859,8442.864,8398.203,8541.0,8441.204
2026-07-29 04:00:00,8306.196,8258.571,8263.656,8312.0,8301.93
2026-07-29 05:00:00,8261.144,8215.221,8221.531,8296.0,8271.367
2026-07-29 06:00:00,8481.97,8443.799,8431.732,8476.0,8482.683
2026-07-29 07:00:00,8867.046,8830.223,8792.279,8866.0,8842.461
2026-07-29 08:00:00,9430.058,9379.286,9361.576,9464.0,9400.597
2026-07-29 09:00:00,10096.527,10026.73,10010.598,10130.0,10072.149
2026-07-29 10:00:00,10452.399,10375.765,10360.655,10491.0,10425.856
2026-07-29 11:00:00,10547.956,10469.576,10470.697,10583.0,10523.571
2026-07-29 12:00:00,10540.166,10468.842,10479.182,10499.0,10503.742
2026-07-29 13:00:00,10547.595,10465.486,10452.508,10478.0,10511.234
2026-07-29 14:00:00,10571.308,10476.738,10466.176,10584.0,10531.882
2026-07-29 15:00:00,10536.4375,10459.395,10414.442,10548.0,10471.793
2026-07-29 16:00:00,10494.533,10435.188,10391.153,10561.0,10442.059
2026-07-29 17:00:00,10472.344,10400.051,10349.043,10539.0,10402.145
2026-07-29 18:00:00,10488.708,10411.197,10403.092,10556.0,10480.176
2026-07-29 19:00:00,10323.508,10254.96,10244.382,10336.0,10270.797
2026-07-29 20:00:00,10126.585,10056.0,10047.618,10136.0,10081.24
2026-07-29 21:00:00,10079.349,10007.567,10031.654,10057.0,10043.963
2026-07-29 22:00:00,10106.266,10036.095,10044.777,10151.0,10133.279
2026-07-29 23:00:00,9879.87,9822.045,9814.497,9857.0,9875.436
2026-07-30 00:00:00,9442.587,9441.912,9423.17,9410.0,9458.51
2026-07-30 01:00:00,8965.051,8970.715,8961.331,8938.0,8970.882
2026-07-30 02:00:00,8700.762,8696.5,8685.546,8627.0,8698.157
2026-07-30 03:00:00,8495.133,8497.98,8486.677,8436.0,8520.102
2026-07-30 04:00:00,8306.041,8305.02,8358.066,8316.0,8358.064
2026-07-30 05:00:00,8272.095,8268.764,8314.486,8218.0,8329.859
2026-07-30 06:00:00,8494.237,8489.808,8498.861,8443.0,8518.642
2026-07-30 07:00:00,8866.721,8860.867,8845.948,8836.0,8853.296
2026-07-30 08:00:00,9434.406,9419.512,9395.161,9447.0,9422.668
2026-07-30 09:00:00,10080.832,10069.748,10049.601,10201.0,10105.985
2026-07-30 10:00:00,10429.328,10412.275,10407.472,10543.0,10463.419
2026-07-30 11:00:00,10527.253,10513.457,10539.793,10606.0,10575.711
2026-07-30 12:00:00,10514.594,10512.781,10556.97,10656.0,10571.28
2026-07-30 13:00:00,10519.066,10502.711,10519.309,10518.0,10566.095
2026-07-30 14:00:00,10537.51,10519.921,10540.201,10631.0,10590.906
2026-07-30 15:00:00,10504.169,10497.451,10492.197,10565.0,10527.21
2026-07-30 16:00:00,10458.095,10460.864,10483.437,10518.0,10485.078
2026-07-30 17:00:00,10427.621,10400.333,10455.326,10490.0,10430.54
2026-07-30 18:00:00,10454.055,10427.11,10501.505,10573.0,10505.8545
2026-07-30 19:00:00,10307.471,10288.559,10356.3955,10347.0,10341.793
2026-07-30 20:00:00,10109.938,10087.335,10162.218,10151.0,10148.416
2026-07-30 21:00:00,10056.83,10026.837,10113.315,9992.0,10089.27
2026-07-30 22:00:00,10079.782,10049.369,10116.313,10193.0,10159.832
2026-07-30 23:00:00,9878.875,9859.302,9921.046,9910.0,9947.8545
2026-07-31 00:00:00,9424.12,9416.508,9451.3125,9416.0,9439.793
2026-07-31 01:00:00,8944.95,8940.878,8955.286,8967.0,8937.029
2026-07-31 02:00:00,8674.092,8658.924,8688.478,8672.0,8664.919
2026-07-31 03:00:00,8465.741,8458.166,8488.9,8416.0,8489.606
2026-07-31 04:00:00,8279.486,8277.766,8359.512,8287.0,8351.41
2026-07-31 05:00:00,8239.785,8235.491,8321.787,8237.0,8311.172
2026-07-31 06:00:00,8483.58,8477.684,8527.998,8539.0,8530.147
2026-07-31 07:00:00,8866.387,8860.082,8898.252,8866.0,8874.3125
2026-07-31 08:00:00,9441.882,9458.328,9472.296,9457.0,9469.504
2026-07-31 09:00:00,10098.42,10101.934,10146.129,10170.0,10147.544
2026-07-31 10:00:00,10430.808,10426.605,10508.984,10576.0,10477.467
2026-07-31 11:00:00,10528.315,10524.3125,10652.672,10712.0,10599.825
2026-07-31 12:00:00,10526.877,10523.931,10653.5,10686.0,10588.443
2026-07-31 13:00:00,10523.621,10518.601,10623.293,10684.0,10579.701
2026-07-31 14:00:00,10540.568,10541.59,10638.917,10802.0,10611.91
2026-07-31 15:00:00,10492.83,10505.074,10573.02,10743.0,10534.518
2026-07-31 16:00:00,10449.512,10476.235,10566.27,10643.0,10516.496
2026-07-31 17:00:00,10421.397,10426.606,10551.469,10552.0,10481.428
2026-07-31 18:00:00,10420.029,10424.765,10588.341,10625.0,10516.86
2026-07-31 19:00:00,10235.016,10243.252,10404.148,10353.0,10301.282
2026-07-31 20:00:00,10013.963,10027.211,10203.873,10160.0,10098.445
2026-07-31 21:00:00,9954.071,9972.65,10161.894,10093.0,10052.457
2026-07-31 22:00:00,10006.399,10015.619,10168.832,10186.0,10141.514
2026-07-31 23:00:00,9873.142,9868.737,10000.112,9910.0,9968.927
2026-08-01 00:00:00,9487.75,9488.39,9485.97,9485.0,9517.761
2026-08-01 01:00:00,8991.279,9038.823,9030.263,8941.0,9047.748
2026-08-01 02:00:00,8724.965,8756.002,8727.768,8713.0,8769.392
2026-08-01 03:00:00,8497.12,8544.708,8543.082,8517.0,8573.972
2026-08-01 04:00:00,8343.212,8385.793,8401.782,8443.0,8416.434
2026-08-01 05:00:00,8267.436,8293.77,8323.592,8210.0,8370.62
2026-08-01 06:00:00,8333.485,8387.372,8393.769,8364.0,8414.472
2026-08-01 07:00:00,8567.297,8612.807,8590.428,8659.0,8608.954
2026-08-01 08:00:00,8963.085,9041.109,9017.487,8951.0,8995.663
2026-08-01 09:00:00,9605.852,9657.277,9654.361,9525.0,9636.567
2026-08-01 10:00:00,10033.091,10074.714,10116.383,10042.0,10080.929
2026-08-01 11:00:00,10233.337,10236.356,10297.39,10280.0,10255.867
2026-08-01 12:00:00,10295.615,10323.271,10376.928,10467.0,10358.159
2026-08-01 13:00:00,10269.937,10302.293,10331.875,10376.0,10305.242
2026-08-01 14:00:00,10274.157,10305.388,10332.922,10403.0,10315.927
2026-08-01 15:00:00,10250.188,10300.905,10312.246,10363.0,10289.32
2026-08-01 16:00:00,10202.562,10252.93,10297.058,10355.0,10255.371
2026-08-01 17:00:00,10198.919,10190.257,10257.893,10264.0,10210.152
2026-08-01 18:00:00,10195.377,10208.448,10260.121,10292.0,10214.157
2026-08-01 19:00:00,10129.0205,10152.889,10207.654,10236.0,10157.01
2026-08-01 20:00:00,9976.917,9999.895,10070.655,9980.0,10017.107
2026-08-01 21:00:00,9922.044,9939.479,10019.772,10007.0,9977.6875
2026-08-01 22:00:00,9859.306,9874.625,9976.676,9981.0,9935.291
2026-08-01 23:00:00,9736.134,9738.396,9812.466,9731.0,9795.185
2026-08-02 00:00:00,9429.974,9406.39,9315.156,9279.0,9382.105
2026-08-02 01:00:00,8947.671,8942.476,8870.445,8850.0,8914.136
2026-08-02 02:00:00,8652.998,8657.033,8565.873,8609.0,8631.3
2026-08-02 03:00:00,8431.101,8433.4375,8387.471,8414.0,8414.104
2026-08-02 04:00:00,8272.828,8258.878,8241.819,8314.0,8277.24
2026-08-02 05:00:00,8166.4634,8168.529,8129.921,8207.0,8167.8423
2026-08-02 06:00:00,8234.483,8265.7295,8180.292,8306.0,8228.778
2026-08-02 07:00:00,8456.122,8481.503,8362.856,8412.0,8440.096
2026-08-02 08:00:00,8797.59,8850.329,8716.857,8697.0,8760.407
2026-08-02 09:00:00,9402.712,9445.746,9313.5205,9330.0,9369.4
2026-08-02 10:00:00,9863.764,9904.293,9787.954,9794.0,9841.177
2026-08-02 11:00:00,10083.132,10111.672,10002.23,10058.0,10056.131
2026-08-02 12:00:00,10165.452,10187.379,10083.111,10099.0,10149.443
2026-08-02 13:00:00,10178.295,10191.218,10053.801,10034.0,10153.215
2026-08-02 14:00:00,10198.901,10212.322,10070.562,10118.0,10180.992
2026-08-02 15:00:00,10198.231,10212.827,10047.786,10111.0,10174.012
2026-08-02 16:00:00,10180.442,10213.577,10046.644,10081.0,10172.288
2026-08-02 17:00:00,10213.422,10223.397,10066.667,10093.0,10188.047
2026-08-02 18:00:00,10259.141,10268.497,10108.148,10070.0,10245.683
2026-08-02 19:00:00,10205.881,10211.256,10059.236,10086.0,10176.504
2026-08-02 20:00:00,10078.146,10083.459,9921.766,9967.0,10049.294
2026-08-02 21:00:00,10032.781,10036.809,9916.524,9988.0,10026.405
2026-08-02 22:00:00,9966.488,9981.487,9878.08,10034.0,10006.192
2026-08-02 23:00:00,9759.066,9788.076,9653.954,9699.0,9767.145
2026-08-03 00:00:00,9324.709,9349.96,9298.499,9238.0,9324.901
2026-08-03 01:00:00,8859.891,8883.909,8788.603,8789.0,8843.969
2026-08-03 02:00:00,8608.592,8618.367,8531.285,8505.0,8580.223
2026-08-03 03:00:00,8416.27,8429.151,8345.886,8363.0,8407.477
2026-08-03 04:00:00,8232.326,8232.263,8208.065,8352.0,8260.155
2026-08-03 05:00:00,8175.0273,8187.409,8156.838,8194.0,8196.947
2026-08-03 06:00:00,8404.707,8437.053,8349.311,8403.0,8413.806
2026-08-03 07:00:00,8776.587,8819.307,8709.458,8729.0,8775.097
2026-08-03 08:00:00,9362.02,9395.03,9276.496,9314.0,9346.147
2026-08-03 09:00:00,10057.654,10067.737,9977.832,9963.0,10069.364
2026-08-03 10:00:00,10412.8,10409.475,10340.089,10359.0,10405.27
2026-08-03 11:00:00,10523.148,10506.856,10476.364,10499.0,10520.943
2026-08-03 12:00:00,10525.277,10506.146,10490.148,10503.0,10525.243
2026-08-03 13:00:00,10534.894,10505.561,10460.323,10448.0,10500.307
2026-08-03 14:00:00,10562.516,10547.165,10508.162,10556.0,10552.217
2026-08-03 15:00:00,10534.984,10512.817,10470.045,10431.0,10510.369
2026-08-03 16:00:00,10499.368,10499.141,10463.802,10458.0,10490.227
2026-08-03 17:00:00,10463.516,10436.718,10426.495,10404.0,10425.946
2026-08-03 18:00:00,10473.242,10465.374,10466.975,10340.0,10497.097
2026-08-03 19:00:00,10300.556,10291.005,10283.746,10272.0,10282.91
2026-08-03 20:00:00,10111.25,10101.176,10070.15,10138.0,10098.616
2026-08-03 21:00:00,10048.552,10030.601,10029.158,10048.0,10026.514
2026-08-03 22:00:00,10066.5205,10045.681,10044.078,10242.0,10114.096
2026-08-03 23:00:00,9814.284,9815.205,9794.725,9828.0,9843.629
2026-08-04 00:00:00,9314.908,9321.101,9318.394,9343.0,9348.493
2026-08-04 01:00:00,8844.741,8859.896,8838.232,8887.0,8868.822
2026-08-04 02:00:00,8584.181,8595.18,8571.795,8655.0,8603.317
2026-08-04 03:00:00,8398.617,8403.192,8386.023,8474.0,8430.069
2026-08-04 04:00:00,8230.992,8236.149,8267.466,8348.0,8318.81
2026-08-04 05:00:00,8175.6304,8189.049,8227.487,8274.0,8271.828
2026-08-04 06:00:00,8411.255,8443.81,8452.224,8533.0,8506.871
2026-08-04 07:00:00,8786.106,8810.121,8799.635,8879.0,8827.492
2026-08-04 08:00:00,9358.969,9392.702,9372.447,9385.0,9410.463
2026-08-04 09:00:00,10055.499,10060.299,10026.405,10091.0,10094.785
2026-08-04 10:00:00,10387.595,10376.426,10373.272,10459.0,10423.382
2026-08-04 11:00:00,10474.101,10464.586,10490.762,10543.0,10525.776
2026-08-04 12:00:00,10450.2,10461.237,10490.791,10540.0,10506.574
2026-08-04 13:00:00,10444.776,10443.66,10457.257,10534.0,10481.055
2026-08-04 14:00:00,10482.901,10483.437,10489.103,10566.0,10528.568
2026-08-04 15:00:00,10459.421,10446.85,10448.124,10564.0,10463.77
2026-08-04 16:00:00,10419.108,10416.363,10431.088,10513.0,10433.589
2026-08-04 17:00:00,10397.402,10378.447,10392.109,10446.0,10401.629
2026-08-04 18:00:00,10404.682,10391.48,10400.471,10412.0,10448.322
2026-08-04 19:00:00,10236.924,10232.668,10263.268,10399.0,10261.457
2026-08-04 20:00:00,10048.376,10045.578,10074.326,10130.0,10079.4795
2026-08-04 21:00:00,9992.158,9984.722,10032.941,10117.0,10013.96
2026-08-04 22:00:00,10035.796,10030.159,10062.27,10380.0,10137.35
2026-08-04 23:00:00,9776.145,9784.284,9821.764,9988.0,9852.305
2026-08-05 00:00:00,9367.04,9350.503,9357.711,9423.0,9383.004
2026-08-05 01:00:00,8898.508,8908.084,8924.633,8995.0,8926.783
2026-08-05 02:00:00,8657.472,8652.232,8640.441,8690.0,8665.54
2026-08-05 03:00:00,8469.575,8463.084,8444.261,8465.0,8473.458
2026-08-05 04:00:00,8309.378,8301.612,8321.984,8392.0,8355.027
2026-08-05 05:00:00,8239.126,8237.119,8272.396,8317.0,8295.434
2026-08-05 06:00:00,8463.24,8473.275,8476.283,8520.0,8513.505
2026-08-05 07:00:00,8842.752,8857.071,8851.993,8879.0,8863.363
2026-08-05 08:00:00,9410.012,9425.289,9415.273,9455.0,9418.848
2026-08-05 09:00:00,10068.01,10068.487,10061.835,10108.0,10091.971
2026-08-05 10:00:00,10411.588,10397.115,10417.374,10472.0,10441.939
2026-08-05 11:00:00,10510.717,10495.872,10549.798,10567.0,10551.64
2026-08-05 12:00:00,10491.711,10494.995,10559.04,10617.0,10549.627
2026-08-05 13:00:00,10489.053,10475.931,10519.229,10612.0,10523.975
2026-08-05 14:00:00,10526.953,10518.475,10550.936,10708.0,10572.942
2026-08-05 15:00:00,10493.652,10488.374,10515.084,10619.0,10507.5625
2026-08-05 16:00:00,10463.746,10455.296,10511.425,10650.0,10471.591
2026-08-05 17:00:00,10438.138,10418.915,10496.613,10604.0,10445.104
2026-08-05 18:00:00,10433.144,10404.856,10482.507,10544.0,10458.8
2026-08-05 19:00:00,10274.957,10255.819,10353.518,10536.0,10304.353
2026-08-05 20:00:00,10097.434,10075.652,10164.293,10284.0,10136.1875
2026-08-05 21:00:00,10043.243,10026.029,10102.226,10298.0,10063.239
2026-08-05 22:00:00,10122.449,10093.838,10170.244,10503.0,10219.6
2026-08-05 23:00:00,9852.805,9849.356,9892.774,10090.0,9904.381
2026-08-06 00:00:00,9439.858,9448.226,9451.534,9551.0,9459.786
2026-08-06 01:00:00,8965.588,8992.675,8983.297,9096.0,8985.293
2026-08-06 02:00:00,8691.944,8718.413,8700.925,8775.0,8709.733
2026-08-06 03:00:00,8501.098,8530.859,8510.433,8601.0,8543.002
2026-08-06 04:00:00,8350.625,8390.785,8397.504,8571.0,8454.843
2026-08-06 05:00:00,8281.396,8314.029,8342.723,8378.0,8393.07
2026-08-06 06:00:00,8514.444,8549.547,8536.992,8564.0,8605.481
2026-08-06 07:00:00,8885.062,8918.141,8881.66,8937.0,8916.965
2026-08-06 08:00:00,9457.738,9485.921,9448.841,9504.0,9488.347
2026-08-06 09:00:00,10138.68,10138.815,10124.184,10309.0,10161.898
2026-08-06 10:00:00,10495.471,10488.541,10503.475,10610.0,10560.545
2026-08-06 11:00:00,10587.348,10585.853,10652.063,10781.0,10657.567
2026-08-06 12:00:00,10567.051,10595.193,10661.799,10842.0,10666.24
2026-08-06 13:00:00,10569.049,10579.681,10634.433,10880.0,10649.618
2026-08-06 14:00:00,10598.741,10621.729,10669.636,10878.0,10700.209
2026-08-06 15:00:00,10565.236,10595.717,10627.802,10864.0,10648.124
2026-08-06 16:00:00,10517.458,10551.155,10614.5625,10916.0,10598.045
2026-08-06 17:00:00,10483.264,10498.504,10570.179,10775.0,10562.989
2026-08-06 18:00:00,10485.994,10470.016,10509.815,10732.0,10529.498
2026-08-06 19:00:00,10335.147,10343.953,10430.525,10599.0,10410.776
2026-08-06 20:00:00,10149.863,10156.811,10234.32,10360.0,10226.936
2026-08-06 21:00:00,10089.805,10101.748,10188.091,10324.0,10152.607
2026-08-06 22:00:00,10200.168,10215.318,10284.869,10483.0,10369.893
2026-08-06 23:00:00,9930.738,9945.926,9954.781,10073.0,9996.978
2026-08-07 00:00:00,9552.614,9549.62,9501.942,9542.0,9550.295
2026-08-07 01:00:00,9110.458,9119.952,9074.252,9064.0,9115.569
2026-08-07 02:00:00,8813.3125,8829.342,8778.632,8827.0,8825.576
2026-08-07 03:00:00,8608.846,8631.873,8578.284,8611.0,8624.003
2026-08-07 04:00:00,8480.428,8486.057,8471.575,8505.0,8537.475
2026-08-07 05:00:00,8377.861,8392.138,8408.505,8310.0,8440.106
2026-08-07 06:00:00,8610.394,8644.658,8595.818,8541.0,8643.461
2026-08-07 07:00:00,8982.844,9017.754,8947.065,8914.0,9000.14
2026-08-07 08:00:00,9528.174,9540.825,9490.587,9507.0,9523.41
2026-08-07 09:00:00,10209.136,10193.034,10132.005,10207.0,10206.541
2026-08-07 10:00:00,10560.548,10532.61,10492.107,10570.0,10565.499
2026-08-07 11:00:00,10672.587,10647.606,10636.315,10763.0,10689.8955
2026-08-07 12:00:00,10679.767,10637.956,10638.622,10588.0,10683.529
2026-08-07 13:00:00,10692.044,10638.214,10600.396,10657.0,10683.074
2026-08-07 14:00:00,10700.508,10654.073,10624.964,10696.0,10720.334
2026-08-07 15:00:00,10664.951,10613.554,10572.3125,10653.0,10640.713
2026-08-07 16:00:00,10629.035,10614.164,10569.188,10544.0,10624.258
2026-08-07 17:00:00,10594.676,10578.816,10528.961,10454.0,10599.259
2026-08-07 18:00:00,10574.984,10533.519,10466.928,10377.0,10552.541
2026-08-07 19:00:00,10415.015,10377.667,10377.15,10214.0,10409.101
2026-08-07 20:00:00,10210.725,10190.009,10164.369,10000.0,10208.389
2026-08-07 21:00:00,10152.375,10138.648,10142.372,10024.0,10145.1455
2026-08-07 22:00:00,10257.334,10232.7,10219.09,10249.0,10304.104
2026-08-07 23:00:00,10043.235,10011.03,9929.636,9886.0,10011.104
2026-08-08 00:00:00,9579.719,9521.401,9452.962,9355.0,9482.187
2026-08-08 01:00:00,9100.382,9070.607,8986.422,8958.0,9026.3545
2026-08-08 02:00:00,8836.658,8810.254,8714.484,8714.0,8792.37
2026-08-08 03:00:00,8624.471,8605.458,8542.927,8566.0,8601.442
2026-08-08 04:00:00,8503.615,8472.321,8435.372,8455.0,8499.654
2026-08-08 05:00:00,8357.323,8337.908,8337.688,8284.0,8382.048
2026-08-08 06:00:00,8447.306,8454.5205,8406.983,8383.0,8461.1
2026-08-08 07:00:00,8691.38,8678.738,8584.721,8619.0,8670.009
2026-08-08 08:00:00,9053.072,9057.047,8936.678,9046.0,8996.688
2026-08-08 09:00:00,9728.4375,9703.491,9543.647,9735.0,9624.817
2026-08-08 10:00:00,10186.613,10155.112,10003.918,10095.0,10077.271
2026-08-08 11:00:00,10399.376,10343.866,10214.086,10325.0,10263.283
2026-08-08 12:00:00,10496.478,10416.501,10270.456,10318.0,10339.41
2026-08-08 13:00:00,10485.088,10391.296,10220.722,10334.0,10296.02
2026-08-08 14:00:00,10499.39,10412.345,10225.378,10256.0,10324.939
2026-08-08 15:00:00,10472.54,10399.821,10185.111,10247.0,10297.615
2026-08-08 16:00:00,10443.337,10375.56,10183.258,10251.0,10278.34
2026-08-08 17:00:00,10407.691,10346.127,10179.498,10204.0,10265.36
2026-08-08 18:00:00,10385.342,10342.995,10152.078,10257.0,10251.101
2026-08-08 19:00:00,10307.247,10266.103,10141.417,10188.0,10189.029
2026-08-08 20:00:00,10144.337,10107.299,9972.486,9993.0,10014.001
2026-08-08 21:00:00,10116.291,10069.483,9989.193,10035.0,10006.366
2026-08-08 22:00:00,10109.931,10052.481,10004.892,10096.0,10018.98
2026-08-08 23:00:00,9911.92,9871.814,9749.224,9767.0,9794.099
2026-08-09 00:00:00,9376.961,9385.0205,9279.685,9246.0,9324.75
2026-08-09 01:00:00,8924.817,8956.703,8877.791,8864.0,8916.066
2026-08-09 02:00:00,8667.415,8695.04,8606.33,8584.0,8647.142
2026-08-09 03:00:00,8488.251,8508.423,8439.871,8359.0,8470.986
2026-08-09 04:00:00,8366.347,8375.764,8309.072,8265.0,8369.703
2026-08-09 05:00:00,8216.869,8228.9375,8193.555,8101.0,8224.495
2026-08-09 06:00:00,8279.181,8316.426,8242.037,8285.0,8289.595
2026-08-09 07:00:00,8478.407,8521.484,8409.896,8387.0,8492.311
2026-08-09 08:00:00,8803.143,8875.301,8755.551,8742.0,8824.712
2026-08-09 09:00:00,9409.434,9462.975,9332.251,9365.0,9428.067
2026-08-09 10:00:00,9854.597,9921.452,9795.479,9806.0,9877.562
2026-08-09 11:00:00,10082.959,10134.219,10013.391,10000.0,10093.966
2026-08-09 12:00:00,10153.231,10193.091,10086.612,10103.0,10165.807
2026-08-09 13:00:00,10153.071,10191.001,10052.938,10150.0,10143.385
2026-08-09 14:00:00,10181.222,10218.99,10078.36,10100.0,10167.761
2026-08-09 15:00:00,10182.039,10223.164,10061.782,10063.0,10159.456
2026-08-09 16:00:00,10168.277,10194.296,10082.287,10117.0,10156.402
2026-08-09 17:00:00,10179.834,10183.428,10114.5625,10114.0,10166.129
2026-08-09 18:00:00,10197.738,10229.028,10104.226,10188.0,10162.424
2026-08-09 19:00:00,10176.889,10187.536,10124.781,10168.0,10143.183
2026-08-09 20:00:00,10068.983,10064.467,10008.8955,10035.0,10028.836
2026-08-09 21:00:00,10061.408,10049.01,10026.268,10087.0,10026.153
2026-08-09 22:00:00,10088.489,10059.988,10101.52,10170.0,10122.389
2026-08-09 23:00:00,9802.944,9808.602,9766.804,9773.0,9774.149
2026-08-10 00:00:00,9294.302,9299.478,9256.616,9276.0,9296.557
2026-08-10 01:00:00,8844.1875,8851.955,8789.637,8786.0,8855.325
2026-08-10 02:00:00,8584.552,8588.202,8540.265,8485.0,8608.383
2026-08-10 03:00:00,8415.563,8424.451,8369.506,8348.0,8464.955
2026-08-10 04:00:00,8295.384,8306.535,8259.015,8261.0,8382.621
2026-08-10 05:00:00,8189.9497,8209.78,8198.068,8169.0,8286.218
2026-08-10 06:00:00,8410.459,8434.718,8389.961,8372.0,8482.285
2026-08-10 07:00:00,8781.016,8807.385,8744.203,8806.0,8822.512
2026-08-10 08:00:00,9359.063,9404.5205,9335.684,9329.0,9413.565
2026-08-10 09:00:00,10062.139,10095.42,10059.526,10052.0,10141.23
2026-08-10 10:00:00,10406.91,10443.527,10438.309,10463.0,10498.2295
2026-08-10 11:00:00,10507.152,10539.805,10585.147,10643.0,10620.001
2026-08-10 12:00:00,10495.0625,10526.381,10588.643,10568.0,10605.835
2026-08-10 13:00:00,10517.037,10535.444,10565.949,10556.0,10623.4795
2026-08-10 14:00:00,10551.829,10578.205,10601.622,10650.0,10664.619
2026-08-10 15:00:00,10518.446,10540.625,10560.708,10611.0,10612.488
2026-08-10 16:00:00,10493.395,10514.097,10561.016,10566.0,10589.361
2026-08-10 17:00:00,10446.734,10446.595,10501.145,10461.0,10537.818
2026-08-10 18:00:00,10392.032,10400.328,10431.075,10351.0,10484.293
2026-08-10 19:00:00,10276.994,10286.416,10384.602,10361.0,10385.886
2026-08-10 20:00:00,10111.119,10116.129,10203.264,10134.0,10216.291
2026-08-10 21:00:00,10080.311,10087.587,10204.428,10152.0,10184.6045
2026-08-10 22:00:00,10226.522,10217.251,10320.83,10255.0,10389.498
2026-08-10 23:00:00,9860.574,9884.693,9938.251,9810.0,9975.328
2026-08-11 00:00:00,9345.454,9362.406,9407.22,9268.0,9442.075
2026-08-11 01:00:00,8888.547,8921.431,8915.454,8880.0,8953.969
2026-08-11 02:00:00,8618.861,8650.772,8637.265,8519.0,8690.287
2026-08-11 03:00:00,8438.214,8468.838,8453.545,8403.0,8505.12
2026-08-11 04:00:00,8305.5,8343.383,8344.286,8301.0,8416.216
2026-08-11 05:00:00,8207.061,8245.159,8283.4,8244.0,8330.185
2026-08-11 06:00:00,8422.753,8450.523,8478.608,8450.0,8518.018
2026-08-11 07:00:00,8812.11,8837.075,8849.649,8884.0,8907.538
2026-08-11 08:00:00,9376.974,9395.532,9426.618,9377.0,9460.702
2026-08-11 09:00:00,10066.091,10053.272,10083.242,10030.0,10139.327
2026-08-11 10:00:00,10410.697,10402.843,10429.43,10458.0,10479.289
2026-08-11 11:00:00,10499.03,10507.707,10560.416,10576.0,10590.935
2026-08-11 12:00:00,10483.613,10496.178,10554.885,10495.0,10562.445
2026-08-11 13:00:00,10499.071,10490.382,10525.88,10476.0,10574.789
2026-08-11 14:00:00,10529.489,10512.99,10552.846,10472.0,10612.808
2026-08-11 15:00:00,10494.472,10486.555,10509.472,10361.0,10543.079
2026-08-11 16:00:00,10461.628,10481.77,10514.212,10381.0,10523.342
2026-08-11 17:00:00,10419.328,10414.909,10455.624,10276.0,10452.414
2026-08-11 18:00:00,10393.707,10390.693,10415.925,10258.0,10440.585
2026-08-11 19:00:00,10278.979,10262.607,10336.517,10162.0,10322.453
2026-08-11 20:00:00,10098.0625,10080.673,10148.246,9987.0,10146.441
2026-08-11 21:00:00,10059.87,10044.1045,10133.415,10072.0,10103.224
2026-08-11 22:00:00,10222.803,10168.46,10233.031,10250.0,10285.488
2026-08-11 23:00:00,9849.826,9831.052,9866.814,9782.0,9854.471
2026-08-12 00:00:00,9316.48,9328.114,9287.96,9271.0,9303.959
2026-08-12 01:00:00,8861.558,8874.107,8856.89,8779.0,8851.35
2026-08-12 02:00:00,8587.076,8615.182,8582.221,8574.0,8571.334
2026-08-12 03:00:00,8416.35,8441.764,8401.416,8401.0,8418.372
2026-08-12 04:00:00,8294.809,8307.448,8288.701,8324.0,8319.476
2026-08-12 05:00:00,8201.071,8222.882,8234.749,8219.0,8258.665
2026-08-12 06:00:00,8409.706,8437.058,8427.76,8422.0,8462.203
2026-08-12 07:00:00,8816.236,8828.152,8814.762,8783.0,8843.5205
2026-08-12 08:00:00,9376.829,9390.511,9373.078,9346.0,9376.936
2026-08-12 09:00:00,10073.281,10040.2705,10004.336,10057.0,10020.43
2026-08-12 10:00:00,10428.433,10383.4375,10360.479,10423.0,10367.416
2026-08-12 11:00:00,10524.678,10485.273,10476.444,10511.0,10470.42
2026-08-12 12:00:00,10500.073,10472.051,10477.619,10465.0,10422.371
2026-08-12 13:00:00,10522.349,10472.43,10452.602,10416.0,10431.078
2026-08-12 14:00:00,10563.953,10517.6,10491.18,10554.0,10476.243
2026-08-12 15:00:00,10532.928,10487.713,10450.1045,10516.0,10421.195
2026-08-12 16:00:00,10498.942,10468.006,10436.911,10530.0,10399.321
2026-08-12 17:00:00,10462.793,10407.037,10371.934,10418.0,10342.429
2026-08-12 18:00:00,10400.611,10367.005,10316.251,10395.0,10309.202
2026-08-12 19:00:00,10293.133,10249.291,10273.364,10419.0,10221.247
2026-08-12 20:00:00,10112.245,10074.219,10098.503,10155.0,10060.8955
2026-08-12 21:00:00,10082.817,10042.889,10100.414,10321.0,10042.096
2026-08-12 22:00:00,10247.928,10174.355,10180.453,10388.0,10216.008
2026-08-12 23:00:00,9864.848,9833.644,9799.081,9849.0,9779.637
2026-08-13 00:00:00,9303.18,9294.094,9251.275,9397.0,9277.398
2026-08-13 01:00:00,8839.457,8841.131,8845.188,8865.0,8824.226
2026-08-13 02:00:00,8575.373,8578.949,8583.218,8661.0,8561.523
2026-08-13 03:00:00,8416.82,8422.229,8404.315,8510.0,8397.378
2026-08-13 04:00:00,8299.596,8295.609,8287.385,8434.0,8306.564
2026-08-13 05:00:00,8185.178,8190.1167,8227.572,8360.0,8216.4795
2026-08-13 06:00:00,8390.762,8401.801,8423.149,8520.0,8409.341
2026-08-13 07:00:00,8788.557,8775.051,8800.86,8922.0,8779.635
2026-08-13 08:00:00,9353.479,9327.6455,9343.28,9468.0,9320.283
2026-08-13 09:00:00,10028.551,9974.345,9959.583,10104.0,9970.152
2026-08-13 10:00:00,10390.182,10342.876,10321.041,10475.0,10331.472
2026-08-13 11:00:00,10499.035,10457.759,10447.896,10539.0,10446.974
2026-08-13 12:00:00,10465.214,10456.285,10442.563,10502.0,10421.482
2026-08-13 13:00:00,10479.462,10441.884,10410.627,10447.0,10410.827
2026-08-13 14:00:00,10504.915,10466.396,10431.77,10386.0,10446.953
2026-08-13 15:00:00,10471.254,10438.194,10383.908,10451.0,10385.049
2026-08-13 16:00:00,10433.256,10407.032,10365.322,10341.0,10361.243
2026-08-13 17:00:00,10373.903,10330.034,10307.417,10371.0,10284.999
2026-08-13 18:00:00,10335.367,10308.724,10263.2,10357.0,10270.088
2026-08-13 19:00:00,10232.734,10205.203,10222.366,10311.0,10197.837
2026-08-13 20:00:00,10055.592,10024.846,10060.228,10131.0,10036.238
2026-08-13 21:00:00,10033.49,9997.053,10083.526,10163.0,10022.636
2026-08-13 22:00:00,10206.785,10142.598,10183.307,10361.0,10221.624
2026-08-13 23:00:00,9821.499,9804.725,9789.332,9913.0,9790.546
2026-08-14 00:00:00,9435.026,9459.96,9363.32,9441.0,9435.617
2026-08-14 01:00:00,8958.277,8992.231,8905.968,8874.0,8941.217
2026-08-14 02:00:00,8708.24,8731.365,8668.202,8662.0,8709.842
2026-08-14 03:00:00,8541.04,8558.256,8501.957,8516.0,8553.565
2026-08-14 04:00:00,8427.895,8440.082,8398.62,8430.0,8471.409
2026-08-14 05:00:00,8321.582,8345.962,8349.956,8292.0,8402.691
2026-08-14 06:00:00,8535.033,8562.56,8554.934,8446.0,8598.174
2026-08-14 07:00:00,8927.172,8942.766,8927.148,8886.0,8970.746
2026-08-14 08:00:00,9480.73,9505.531,9474.21,9418.0,9521.359
2026-08-14 09:00:00,10185.822,10188.608,10122.365,10132.0,10209.374
2026-08-14 10:00:00,10537.031,10540.715,10468.71,10473.0,10564.4375
2026-08-14 11:00:00,10648.416,10650.573,10590.0625,10567.0,10678.437
2026-08-14 12:00:00,10610.17,10631.22,10563.689,10522.0,10636.494
2026-08-14 13:00:00,10628.231,10627.576,10524.701,10545.0,10629.524
2026-08-14 14:00:00,10652.721,10654.946,10549.084,10503.0,10674.88
2026-08-14 15:00:00,10609.988,10625.755,10496.12,10437.0,10617.454
2026-08-14 16:00:00,10563.297,10595.386,10484.971,10381.0,10599.04
2026-08-14 17:00:00,10503.603,10499.355,10424.459,10360.0,10521.72
2026-08-14 18:00:00,10447.78,10467.654,10368.629,10342.0,10488.185
2026-08-14 19:00:00,10298.267,10339.26,10326.617,10277.0,10384.111
2026-08-14 20:00:00,10114.45,10159.577,10130.068,10025.0,10194.541
2026-08-14 21:00:00,10109.932,10134.654,10185.085,10145.0,10208.052
2026-08-14 22:00:00,10280.501,10288.268,10291.421,10299.0,10389.113
2026-08-14 23:00:00,9953.294,9967.655,9917.852,9958.0,9974.082
2026-08-15 00:00:00,9424.862,9417.118,9405.346,9481.0,9432.244
2026-08-15 01:00:00,8960.761,8986.53,8973.879,9047.0,8973.942
2026-08-15 02:00:00,8723.018,8747.042,8718.203,8813.0,8738.6875
2026-08-15 03:00:00,8545.762,8573.777,8563.405,8644.0,8584.776
2026-08-15 04:00:00,8426.344,8464.699,8458.881,8508.0,8490.145
2026-08-15 05:00:00,8285.204,8325.467,8360.428,8445.0,8367.732
2026-08-15 06:00:00,8365.697,8418.291,8434.106,8475.0,8424.718
2026-08-15 07:00:00,8629.43,8672.666,8634.293,8710.0,8671.261
2026-08-15 08:00:00,9030.979,9078.313,9044.85,9064.0,9031.672
2026-08-15 09:00:00,9674.642,9706.248,9625.929,9717.0,9651.567
2026-08-15 10:00:00,10098.603,10136.741,10058.356,10174.0,10081.374
2026-08-15 11:00:00,10278.206,10305.474,10264.964,10376.0,10267.2705
2026-08-15 12:00:00,10330.433,10365.623,10330.969,10477.0,10336.659
2026-08-15 13:00:00,10301.605,10335.35,10286.857,10449.0,10297.355
2026-08-15 14:00:00,10279.827,10337.028,10258.53,10455.0,10286.395
2026-08-15 15:00:00,10267.349,10338.239,10225.251,10390.0,10265.3955
2026-08-15 16:00:00,10239.953,10324.434,10224.052,10334.0,10251.374
2026-08-15 17:00:00,10197.789,10258.435,10213.477,10338.0,10228.751
2026-08-15 18:00:00,10196.965,10259.423,10191.081,10348.0,10223.658
2026-08-15 19:00:00,10148.88,10213.981,10184.978,10280.0,10195.705
2026-08-15 20:00:00,10002.416,10071.193,10030.385,10110.0,10039.935
2026-08-15 21:00:00,10020.617,10071.564,10087.191,10254.0,10082.485
2026-08-15 22:00:00,10073.037,10092.475,10136.278,10348.0,10147.176
2026-08-15 23:00:00,9779.542,9818.153,9778.06,9911.0,9775.7
2026-08-16 00:00:00,9403.692,9422.909,9340.674,9531.0,9376.129
2026-08-16 01:00:00,8960.36,9021.643,8926.335,9064.0,8980.446
2026-08-16 02:00:00,8691.323,8744.4375,8665.075,8791.0,8712.522
2026-08-16 03:00:00,8507.699,8561.936,8505.197,8664.0,8528.07
2026-08-16 04:00:00,8390.738,8449.277,8386.922,8463.0,8425.89
2026-08-16 05:00:00,8267.375,8332.316,8290.707,8374.0,8332.116
2026-08-16 06:00:00,8336.209,8407.3125,8352.567,8402.0,8378.547
2026-08-16 07:00:00,8524.286,8583.049,8491.582,8610.0,8545.906
2026-08-16 08:00:00,8846.154,8900.216,8835.247,8952.0,8837.207
2026-08-16 09:00:00,9464.91,9503.569,9426.645,9549.0,9450.502
2026-08-16 10:00:00,9897.463,9939.505,9878.829,9960.0,9892.268
2026-08-16 11:00:00,10115.472,10153.959,10110.697,10211.0,10119.625
2026-08-16 12:00:00,10173.369,10213.074,10170.546,10226.0,10189.491
2026-08-16 13:00:00,10175.674,10221.067,10146.225,10279.0,10198.228
2026-08-16 14:00:00,10177.249,10235.923,10147.746,10250.0,10207.549
2026-08-16 15:00:00,10176.61,10236.883,10131.576,10214.0,10196.912
2026-08-16 16:00:00,10176.98,10238.067,10150.908,10218.0,10207.763
2026-08-16 17:00:00,10208.656,10239.437,10177.442,10244.0,10222.449
2026-08-16 18:00:00,10236.281,10247.3125,10152.497,10319.0,10211.665
2026-08-16 19:00:00,10220.067,10214.678,10179.477,10236.0,10208.77
2026-08-16 20:00:00,10123.945,10116.0625,10067.707,10122.0,10108.336
2026-08-16 21:00:00,10162.0,10145.116,10170.893,10218.0,10185.499
2026-08-16 22:00:00,10213.183,10205.354,10223.447,10270.0,10274.219
2026-08-16 23:00:00,9861.809,9857.842,9804.784,9836.0,9821.202
2026-08-17 00:00:00,9529.566,9509.583,9401.389,9355.0,9505.956
2026-08-17 01:00:00,9050.294,9063.548,8922.355,8948.0,9038.921
2026-08-17 02:00:00,8787.359,8813.123,8683.883,8577.0,8787.563
2026-08-17 03:00:00,8619.509,8646.736,8535.457,8410.0,8623.329
2026-08-17 04:00:00,8500.678,8521.299,8424.76,8339.0,8523.09
2026-08-17 05:00:00,8405.347,8423.82,8373.314,8256.0,8459.751
2026-08-17 06:00:00,8588.317,8618.955,8532.431,8425.0,8616.474
2026-08-17 07:00:00,9018.839,9030.174,8909.178,8826.0,9015.996
2026-08-17 08:00:00,9577.0,9582.295,9463.695,9353.0,9541.353
2026-08-17 09:00:00,10268.161,10258.352,10134.272,10080.0,10259.807
2026-08-17 10:00:00,10621.323,10598.36,10531.146,10376.0,10627.667
2026-08-17 11:00:00,10733.462,10707.527,10679.12,10512.0,10729.158
2026-08-17 12:00:00,10699.322,10696.034,10676.357,10584.0,10718.063
2026-08-17 13:00:00,10721.036,10699.377,10642.837,10520.0,10712.182
2026-08-17 14:00:00,10721.755,10711.937,10674.573,10585.0,10749.076
2026-08-17 15:00:00,10689.366,10682.906,10630.217,10550.0,10705.558
2026-08-17 16:00:00,10657.752,10661.407,10620.312,10519.0,10673.741
2026-08-17 17:00:00,10590.789,10573.932,10535.842,10424.0,10583.432
2026-08-17 18:00:00,10525.138,10524.084,10471.128,10368.0,10531.888
2026-08-17 19:00:00,10450.012,10444.487,10451.07,10322.0,10475.135
2026-08-17 20:00:00,10307.591,10300.962,10284.021,10210.0,10323.993
2026-08-17 21:00:00,10323.568,10303.208,10363.9,10326.0,10370.055
2026-08-17 22:00:00,10443.182,10414.821,10428.53,10355.0,10522.753
2026-08-17 23:00:00,10022.428,10027.345,9953.892,9898.0,10013.6
2026-08-18 00:00:00,9378.804,9385.923,9449.226,9369.0,9424.466
2026-08-18 01:00:00,8902.968,8939.507,8971.961,8900.0,8954.665
2026-08-18 02:00:00,8626.623,8665.471,8716.298,8655.0,8686.882
2026-08-18 03:00:00,8468.241,8508.141,8552.136,8506.0,8534.522
2026-08-18 04:00:00,8350.684,8388.944,8448.999,8410.0,8445.431
2026-08-18 05:00:00,8266.42,8304.625,8397.906,8356.0,8388.108
2026-08-18 06:00:00,8444.736,8492.841,8580.753,8542.0,8559.141
2026-08-18 07:00:00,8860.061,8890.742,8951.386,8844.0,8954.106
2026-08-18 08:00:00,9413.461,9437.457,9490.742,9449.0,9479.464
2026-08-18 09:00:00,10108.958,10092.935,10119.078,10086.0,10147.087
2026-08-18 10:00:00,10466.891,10446.037,10464.947,10326.0,10506.747
2026-08-18 11:00:00,10554.433,10541.494,10585.926,10484.0,10605.875
2026-08-18 12:00:00,10510.956,10503.097,10558.19,10452.0,10554.83
2026-08-18 13:00:00,10506.541,10488.708,10518.654,10433.0,10550.51
2026-08-18 14:00:00,10513.814,10493.52,10526.7705,10418.0,10555.2295
2026-08-18 15:00:00,10476.419,10467.422,10493.206,10337.0,10501.536
2026-08-18 16:00:00,10433.672,10432.393,10483.417,10337.0,10473.391
2026-08-18 17:00:00,10387.383,10363.279,10428.696,10291.0,10398.613
2026-08-18 18:00:00,10342.366,10336.985,10398.348,10324.0,10368.182
2026-08-18 19:00:00,10265.768,10253.391,10373.704,10269.0,10308.662
2026-08-18 20:00:00,10123.343,10116.834,10226.025,10221.0,10181.945
2026-08-18 21:00:00,10158.928,10125.512,10312.497,10300.0,10242.684
2026-08-18 22:00:00,10297.932,10273.553,10372.824,10374.0,10405.697
2026-08-18 23:00:00,9864.816,9869.467,9922.24,9872.0,9904.651
2026-08-19 00:00:00,9390.201,9387.765,9428.235,9418.0,9451.788
2026-08-19 01:00:00,8912.774,8957.446,8980.033,8935.0,8989.811
2026-08-19 02:00:00,8670.055,8699.242,8721.861,8721.0,8717.463
2026-08-19 03:00:00,8516.546,8539.68,8556.896,8565.0,8564.128
2026-08-19 04:00:00,8394.088,8423.648,8451.849,8491.0,8469.94
2026-08-19 05:00:00,8302.652,8337.156,8403.8955,8467.0,8425.778
2026-08-19 06:00:00,8481.831,8511.441,8558.792,8608.0,8576.114
2026-08-19 07:00:00,8876.181,8912.133,8941.896,8969.0,8955.956
2026-08-19 08:00:00,9453.079,9471.008,9505.395,9470.0,9502.291
2026-08-19 09:00:00,10139.734,10130.376,10155.403,10144.0,10200.278
2026-08-19 10:00:00,10482.227,10469.68,10511.377,10469.0,10529.696
2026-08-19 11:00:00,10572.305,10583.547,10645.176,10675.0,10632.199
2026-08-19 12:00:00,10545.069,10563.98,10654.575,10727.0,10615.463
2026-08-19 13:00:00,10552.16,10559.504,10614.12,10721.0,10616.797
2026-08-19 14:00:00,10566.733,10583.395,10639.921,10751.0,10637.805
2026-08-19 15:00:00,10538.894,10557.738,10606.337,10694.0,10588.66
2026-08-19 16:00:00,10500.783,10532.605,10607.607,10725.0,10565.004
2026-08-19 17:00:00,10442.984,10457.748,10537.877,10686.0,10484.0625
2026-08-19 18:00:00,10400.218,10419.239,10485.613,10597.0,10443.723
2026-08-19 19:00:00,10328.297,10339.949,10460.305,10585.0,10387.215
2026-08-19 20:00:00,10188.975,10199.121,10316.716,10418.0,10263.1045
2026-08-19 21:00:00,10242.167,10240.116,10441.726,10456.0,10358.801
2026-08-19 22:00:00,10355.689,10346.246,10446.718,10493.0,10462.788
2026-08-19 23:00:00,9914.31,9947.081,9946.562,9985.0,9949.418
2026-08-20 00:00:00,9458.865,9463.982,9497.04,9470.0,9483.917
2026-08-20 01:00:00,8980.387,8980.023,9009.47,8974.0,8970.693
2026-08-20 02:00:00,8742.954,8740.621,8756.617,8794.0,8744.952
2026-08-20 03:00:00,8594.947,8591.807,8582.869,8526.0,8594.886
2026-08-20 04:00:00,8477.927,8474.547,8485.759,8493.0,8507.727
2026-08-20 05:00:00,8409.494,8395.977,8428.683,8484.0,8456.276
2026-08-20 06:00:00,8564.343,8559.818,8587.277,8639.0,8593.2
2026-08-20 07:00:00,8946.504,8925.785,8948.37,8950.0,8959.328
2026-08-20 08:00:00,9498.897,9480.031,9500.253,9447.0,9504.061
2026-08-20 09:00:00,10178.937,10134.056,10129.892,10161.0,10174.27
2026-08-20 10:00:00,10496.694,10469.747,10446.006,10412.0,10495.326
2026-08-20 11:00:00,10593.713,10574.369,10572.429,10540.0,10596.941
2026-08-20 12:00:00,10577.414,10551.442,10560.261,10478.0,10566.512
2026-08-20 13:00:00,10567.672,10533.229,10516.918,10416.0,10549.954
2026-08-20 14:00:00,10558.462,10531.48,10510.022,10445.0,10554.134
2026-08-20 15:00:00,10526.559,10505.942,10470.566,10518.0,10497.947
2026-08-20 16:00:00,10478.569,10466.352,10458.494,10509.0,10465.129
2026-08-20 17:00:00,10437.219,10402.017,10416.969,10394.0,10403.995
2026-08-20 18:00:00,10409.292,10373.09,10372.742,10332.0,10377.778
2026-08-20 19:00:00,10344.184,10304.919,10371.872,10345.0,10337.339
2026-08-20 20:00:00,10238.547,10196.358,10267.032,10195.0,10256.324
2026-08-20 21:00:00,10291.619,10227.716,10385.29,10343.0,10341.809
2026-08-20 22:00:00,10397.296,10359.577,10415.957,10408.0,10480.985
2026-08-20 23:00:00,9967.747,9925.155,9939.536,9928.0,9941.509
2026-08-21 00:00:00,9486.224,9474.039,9480.777,9465.0,9492.523
2026-08-21 01:00:00,9003.427,9029.899,9034.095,9039.0,9033.165
2026-08-21 02:00:00,8774.12,8787.689,8773.722,8811.0,8794.737
2026-08-21 03:00:00,8598.674,8616.401,8599.974,8631.0,8615.928
2026-08-21 04:00:00,8490.929,8511.797,8501.857,8569.0,8538.211
2026-08-21 05:00:00,8426.342,8450.493,8460.596,8469.0,8521.23
2026-08-21 06:00:00,8576.531,8605.1875,8638.736,8637.0,8660.731
2026-08-21 07:00:00,8958.454,8986.75,9005.791,8960.0,9019.287
2026-08-21 08:00:00,9496.087,9503.825,9544.171,9535.0,9525.707
2026-08-21 09:00:00,10178.126,10149.772,10178.153,10163.0,10186.323
2026-08-21 10:00:00,10517.8545,10509.216,10530.252,10507.0,10520.521
2026-08-21 11:00:00,10642.387,10632.895,10683.01,10638.0,10649.684
2026-08-21 12:00:00,10634.125,10648.565,10693.102,10606.0,10675.542
2026-08-21 13:00:00,10643.355,10637.138,10653.708,10628.0,10655.948
2026-08-21 14:00:00,10633.806,10635.9795,10647.141,10632.0,10670.109
2026-08-21 15:00:00,10570.065,10586.907,10587.194,10522.0,10575.38
2026-08-21 16:00:00,10527.573,10548.894,10568.305,10471.0,10553.268
2026-08-21 17:00:00,10497.507,10486.885,10498.143,10413.0,10509.889
2026-08-21 18:00:00,10447.68,10451.726,10441.18,10425.0,10469.584
2026-08-21 19:00:00,10341.082,10355.692,10407.282,10354.0,10400.968
2026-08-21 20:00:00,10190.845,10209.63,10276.824,10142.0,10264.373
2026-08-21 21:00:00,10221.489,10239.251,10403.282,10380.0,10353.739
2026-08-21 22:00:00,10340.877,10350.83,10426.127,10439.0,10471.42
2026-08-21 23:00:00,9977.971,10001.442,9981.73,10019.0,10027.296
2026-08-22 00:00:00,9562.668,9533.777,9520.439,9526.0,9542.767
2026-08-22 01:00:00,9111.834,9099.159,9085.805,9106.0,9091.753
2026-08-22 02:00:00,8894.524,8870.083,8821.979,8803.0,8869.209
2026-08-22 03:00:00,8721.563,8687.991,8649.914,8609.0,8671.19
2026-08-22 04:00:00,8601.53,8572.289,8544.768,8493.0,8584.647
2026-08-22 05:00:00,8507.492,8480.148,8456.923,8420.0,8528.637
2026-08-22 06:00:00,8549.795,8553.945,8519.631,8403.0,8568.689
2026-08-22 07:00:00,8760.734,8788.465,8697.483,8644.0,8782.923
2026-08-22 08:00:00,9145.994,9182.967,9099.68,9049.0,9160.146
2026-08-22 09:00:00,9795.149,9812.824,9704.853,9681.0,9799.3
2026-08-22 10:00:00,10186.6,10210.255,10127.832,10110.0,10190.024
2026-08-22 11:00:00,10386.889,10392.656,10334.511,10327.0,10390.23
2026-08-22 12:00:00,10445.839,10444.732,10388.337,10381.0,10442.33
2026-08-22 13:00:00,10443.09,10414.922,10341.504,10343.0,10423.216
2026-08-22 14:00:00,10419.23,10412.284,10328.686,10260.0,10418.445
2026-08-22 15:00:00,10387.292,10400.226,10302.992,10169.0,10389.584
2026-08-22 16:00:00,10357.055,10386.026,10314.032,10234.0,10382.09
2026-08-22 17:00:00,10329.2295,10344.947,10332.324,10227.0,10363.201
2026-08-22 18:00:00,10317.317,10321.024,10315.241,10311.0,10328.727
2026-08-22 19:00:00,10274.108,10278.06,10322.868,10387.0,10295.587
2026-08-22 20:00:00,10172.892,10177.564,10220.404,10245.0,10198.512
2026-08-22 21:00:00,10254.724,10245.827,10362.938,10487.0,10323.888
2026-08-22 22:00:00,10278.418,10293.459,10389.365,10278.0,10404.29
2026-08-22 23:00:00,9919.698,9924.64,9938.893,9843.0,9927.315
2026-08-23 00:00:00,9449.879,9460.155,9481.56,9485.0,9503.249
2026-08-23 01:00:00,8975.61,9033.862,9065.145,9036.0,9091.523
2026-08-23 02:00:00,8718.429,8780.737,8784.213,8723.0,8828.903
2026-08-23 03:00:00,8538.498,8601.767,8614.137,8563.0,8650.003
2026-08-23 04:00:00,8415.468,8477.346,8496.939,8431.0,8529.941
2026-08-23 05:00:00,8297.78,8367.813,8393.387,8435.0,8455.968
2026-08-23 06:00:00,8349.31,8413.785,8438.013,8359.0,8474.636
2026-08-23 07:00:00,8545.173,8617.889,8599.127,8478.0,8662.008
2026-08-23 08:00:00,8895.583,8979.743,8978.014,8821.0,8999.064
2026-08-23 09:00:00,9487.236,9568.095,9560.62,9403.0,9590.636
2026-08-23 10:00:00,9901.709,9991.551,10000.983,9950.0,10014.141
2026-08-23 11:00:00,10135.68,10216.819,10254.762,10212.0,10266.627
2026-08-23 12:00:00,10205.06,10292.379,10328.744,10347.0,10358.965
2026-08-23 13:00:00,10211.734,10284.08,10301.341,10351.0,10364.643
2026-08-23 14:00:00,10200.137,10274.843,10287.318,10405.0,10348.831
2026-08-23 15:00:00,10185.724,10261.651,10260.402,10344.0,10315.657
2026-08-23 16:00:00,10182.901,10247.029,10272.4,10421.0,10304.353
2026-08-23 17:00:00,10204.291,10241.048,10323.27,10473.0,10302.382
2026-08-23 18:00:00,10237.956,10246.75,10331.006,10589.0,10299.495
2026-08-23 19:00:00,10213.584,10222.871,10354.253,10595.0,10282.17
2026-08-23 20:00:00,10156.104,10162.117,10284.63,10451.0,10243.106
2026-08-23 21:00:00,10243.316,10235.994,10438.533,10676.0,10347.728
2026-08-23 22:00:00,10265.653,10232.516,10432.896,10376.0,10357.639
2026-08-23 23:00:00,9856.919,9853.324,9946.878,9983.0,9885.458
2026-08-24 00:00:00,9423.749,9401.294,9458.404,9467.0,9441.135
2026-08-24 01:00:00,8944.957,8966.129,8971.17,9025.0,8993.507
2026-08-24 02:00:00,8681.359,8711.547,8711.705,8797.0,8699.051
2026-08-24 03:00:00,8522.084,8545.348,8535.452,8646.0,8540.886
2026-08-24 04:00:00,8414.64,8439.972,8440.899,8442.0,8449.031
2026-08-24 05:00:00,8349.973,8386.56,8411.06,8435.0,8434.685
2026-08-24 06:00:00,8497.341,8542.863,8559.155,8645.0,8572.991
2026-08-24 07:00:00,8864.151,8904.8,8919.28,8944.0,8916.571
2026-08-24 08:00:00,9417.589,9438.361,9470.871,9558.0,9467.436
2026-08-24 09:00:00,10116.525,10112.509,10156.129,10278.0,10164.124
2026-08-24 10:00:00,10448.104,10427.282,10511.162,10644.0,10470.148
2026-08-24 11:00:00,10571.359,10559.121,10678.109,10793.0,10609.325
2026-08-24 12:00:00,10564.277,10558.8955,10687.264,10782.0,10625.963
2026-08-24 13:00:00,10572.771,10550.588,10647.84,10766.0,10625.117
2026-08-24 14:00:00,10585.631,10569.152,10674.7,10811.0,10653.172
2026-08-24 15:00:00,10543.563,10529.699,10634.909,10759.0,10587.92
2026-08-24 16:00:00,10513.305,10505.55,10632.348,10774.0,10555.382
2026-08-24 17:00:00,10463.156,10421.221,10521.231,10715.0,10449.6045
2026-08-24 18:00:00,10411.295,10379.459,10475.738,10729.0,10404.27
2026-08-24 19:00:00,10365.734,10332.705,10484.856,10731.0,10378.324
2026-08-24 20:00:00,10283.453,10260.377,10413.669,10587.0,10321.657
2026-08-24 21:00:00,10362.366,10332.199,10564.663,10770.0,10441.423
2026-08-24 22:00:00,10400.567,10340.759,10492.922,10686.0,10421.95
2026-08-24 23:00:00,9920.077,9896.611,9983.401,10146.0,9893.317
2026-08-25 00:00:00,9551.877,9567.539,9535.48,9670.0,9533.95
2026-08-25 01:00:00,9090.955,9125.465,9120.381,9255.0,9111.155
2026-08-25 02:00:00,8862.097,8873.221,8869.951,8979.0,8855.787
2026-08-25 03:00:00,8673.577,8692.402,8696.992,8793.0,8674.601
2026-08-25 04:00:00,8550.866,8568.032,8609.619,8674.0,8576.548
2026-08-25 05:00:00,8516.745,8516.807,8577.962,8755.0,8562.679
2026-08-25 06:00:00,8679.477,8685.157,8753.861,8819.0,8720.849
2026-08-25 07:00:00,9005.053,9038.02,9081.465,9136.0,9032.051
2026-08-25 08:00:00,9571.207,9598.545,9642.191,9707.0,9606.728
2026-08-25 09:00:00,10254.483,10259.055,10232.028,10369.0,10273.912
2026-08-25 10:00:00,10587.986,10567.992,10560.585,10690.0,10551.295
2026-08-25 11:00:00,10710.551,10687.463,10685.417,10830.0,10664.959
2026-08-25 12:00:00,10700.78,10672.607,10685.776,10705.0,10657.252
2026-08-25 13:00:00,10707.652,10659.847,10646.616,10670.0,10656.705
2026-08-25 14:00:00,10695.297,10672.398,10636.351,10600.0,10673.625
2026-08-25 15:00:00,10651.699,10626.874,10579.862,10592.0,10583.572
2026-08-25 16:00:00,10612.581,10590.652,10559.372,10547.0,10561.588
2026-08-25 17:00:00,10587.002,10553.888,10518.715,10533.0,10528.172
2026-08-25 18:00:00,10582.015,10542.493,10537.802,10547.0,10544.237
2026-08-25 19:00:00,10536.971,10497.2295,10525.635,10517.0,10512.468
2026-08-25 20:00:00,10443.901,10401.342,10452.811,10445.0,10426.254
2026-08-25 21:00:00,10538.708,10473.3545,10603.974,10744.0,10566.734
2026-08-25 22:00:00,10467.869,10474.447,10486.045,10669.0,10499.137
2026-08-25 23:00:00,10000.244,10034.407,10006.945,10169.0,10002.286
2026-08-26 00:00:00,9674.925,9646.888,9650.64,9632.0,9655.984
2026-08-26 01:00:00,9219.773,9240.191,9210.743,9171.0,9206.084
2026-08-26 02:00:00,8985.392,8990.068,8964.069,8919.0,8971.852
2026-08-26 03:00:00,8789.371,8804.161,8774.963,8722.0,8771.12
2026-08-26 04:00:00,8680.603,8693.026,8693.963,8644.0,8700.03
2026-08-26 05:00:00,8667.71,8649.488,8666.005,8635.0,8689.938
2026-08-26 06:00:00,8773.955,8766.885,8811.5,8795.0,8801.328
2026-08-26 07:00:00,9099.976,9139.897,9141.402,9148.0,9139.186
2026-08-26 08:00:00,9669.459,9699.669,9704.909,9615.0,9708.025
2026-08-26 09:00:00,10366.391,10364.609,10332.249,10293.0,10384.665
2026-08-26 10:00:00,10701.768,10688.167,10635.576,10678.0,10679.944
2026-08-26 11:00:00,10815.363,10808.561,10754.625,10750.0,10788.451
2026-08-26 12:00:00,10802.059,10782.828,10729.634,10729.0,10752.184
2026-08-26 13:00:00,10823.182,10771.851,10672.109,10694.0,10734.65
2026-08-26 14:00:00,10818.05,10782.628,10659.632,10731.0,10733.823
2026-08-26 15:00:00,10794.34,10764.474,10620.141,10686.0,10689.863
2026-08-26 16:00:00,10766.466,10752.357,10634.393,10655.0,10687.953
2026-08-26 17:00:00,10751.658,10716.267,10590.713,10540.0,10676.426
2026-08-26 18:00:00,10714.555,10670.146,10569.324,10573.0,10644.425
2026-08-26 19:00:00,10661.656,10636.752,10581.531,10543.0,10632.956
2026-08-26 20:00:00,10555.754,10529.623,10492.6875,10471.0,10521.172
2026-08-26 21:00:00,10642.612,10610.1455,10655.819,10749.0,10679.212
2026-08-26 22:00:00,10610.091,10632.394,10584.214,10625.0,10677.036
2026-08-26 23:00:00,10121.917,10145.67,10076.864,10067.0,10103.623
2026-08-27 00:00:00,9635.232,9631.601,9602.473,9603.0,9652.015
2026-08-27 01:00:00,9160.78,9194.697,9150.175,9126.0,9168.552
2026-08-27 02:00:00,8924.502,8928.348,8901.982,8862.0,8913.688
2026-08-27 03:00:00,8739.941,8756.195,8730.6045,8732.0,8737.3545
2026-08-27 04:00:00,8637.007,8660.6455,8655.723,8610.0,8668.416
2026-08-27 05:00:00,8615.101,8615.69,8633.998,8655.0,8662.077
2026-08-27 06:00:00,8736.065,8741.138,8801.413,8819.0,8782.487
2026-08-27 07:00:00,9079.38,9093.922,9151.021,9142.0,9129.606
2026-08-27 08:00:00,9609.185,9629.288,9700.617,9671.0,9654.784
2026-08-27 09:00:00,10282.58,10299.699,10355.432,10335.0,10349.588
2026-08-27 10:00:00,10608.018,10633.691,10681.575,10695.0,10655.42
2026-08-27 11:00:00,10726.655,10747.879,10810.696,10798.0,10770.196
2026-08-27 12:00:00,10702.914,10719.531,10770.604,10732.0,10733.908
2026-08-27 13:00:00,10691.078,10690.753,10712.639,10742.0,10691.746
2026-08-27 14:00:00,10679.445,10684.765,10689.841,10804.0,10678.916
2026-08-27 15:00:00,10644.413,10659.77,10652.272,10723.0,10624.723
2026-08-27 16:00:00,10617.267,10630.787,10644.452,10725.0,10606.549
2026-08-27 17:00:00,10583.75,10564.414,10574.994,10616.0,10537.701
2026-08-27 18:00:00,10577.713,10570.029,10585.388,10543.0,10549.809
2026-08-27 19:00:00,10541.473,10534.4,10576.406,10584.0,10520.99
2026-08-27 20:00:00,10466.214,10446.173,10492.921,10431.0,10439.038
2026-08-27 21:00:00,10588.509,10552.906,10697.785,10738.0,10635.524
2026-08-27 22:00:00,10569.581,10580.984,10620.55,10692.0,10652.177
2026-08-27 23:00:00,10096.237,10125.562,10128.315,10175.0,10119.244
2026-08-28 00:00:00,9647.697,9631.604,9650.3125,9769.0,9659.936
2026-08-28 01:00:00,9158.352,9189.553,9183.211,9255.0,9175.549
2026-08-28 02:00:00,8933.546,8944.086,8940.432,8978.0,8940.304
2026-08-28 03:00:00,8753.648,8765.477,8778.278,8822.0,8762.189
2026-08-28 04:00:00,8647.429,8660.458,8698.159,8788.0,8682.151
2026-08-28 05:00:00,8627.122,8645.155,8680.894,8764.0,8692.897
2026-08-28 06:00:00,8759.067,8794.733,8863.01,8847.0,8846.967
2026-08-28 07:00:00,9095.367,9140.322,9207.557,9186.0,9162.764
2026-08-28 08:00:00,9651.28,9682.223,9759.944,9723.0,9715.465
2026-08-28 09:00:00,10328.766,10342.415,10416.155,10395.0,10408.076
2026-08-28 10:00:00,10654.851,10677.268,10765.507,10744.0,10729.656
2026-08-28 11:00:00,10748.857,10776.556,10886.834,10785.0,10832.838
2026-08-28 12:00:00,10728.625,10740.85,10830.109,10783.0,10783.686
2026-08-28 13:00:00,10734.787,10725.24,10765.69,10709.0,10759.542
2026-08-28 14:00:00,10718.631,10724.287,10740.068,10764.0,10756.036
2026-08-28 15:00:00,10668.631,10694.252,10702.731,10687.0,10691.765
2026-08-28 16:00:00,10613.74,10656.058,10687.337,10593.0,10666.057
2026-08-28 17:00:00,10567.024,10605.826,10600.182,10524.0,10618.838
2026-08-28 18:00:00,10552.939,10589.334,10602.322,10551.0,10597.3125
2026-08-28 19:00:00,10487.615,10532.295,10591.24,10510.0,10557.669
2026-08-28 20:00:00,10370.647,10416.443,10499.912,10427.0,10441.776
2026-08-28 21:00:00,10525.321,10556.489,10724.455,10698.0,10683.064
2026-08-28 22:00:00,10535.654,10573.653,10629.144,10617.0,10663.889
2026-08-28 23:00:00,10109.296,10143.94,10134.262,10127.0,10150.825
2026-08-29 00:00:00,9755.952,9733.609,9694.875,9672.0,9781.406
2026-08-29 01:00:00,9304.715,9299.587,9284.611,9266.0,9322.58
2026-08-29 02:00:00,9032.481,9023.911,8990.317,8979.0,9052.817
2026-08-29 03:00:00,8853.751,8854.1875,8830.799,8844.0,8872.633
2026-08-29 04:00:00,8734.371,8737.633,8732.087,8716.0,8780.073
2026-08-29 05:00:00,8664.539,8657.571,8667.422,8721.0,8734.014
2026-08-29 06:00:00,8684.165,8700.808,8716.137,8704.0,8757.997
2026-08-29 07:00:00,8921.785,8945.539,8896.287,8952.0,8973.26
2026-08-29 08:00:00,9306.301,9346.788,9286.014,9283.0,9365.968
2026-08-29 09:00:00,9928.278,9972.296,9879.224,9874.0,10012.586
2026-08-29 10:00:00,10369.478,10408.038,10345.403,10324.0,10434.526
2026-08-29 11:00:00,10568.555,10589.421,10541.54,10421.0,10620.6
2026-08-29 12:00:00,10626.521,10633.807,10589.265,10451.0,10663.791
2026-08-29 13:00:00,10619.233,10597.712,10508.712,10428.0,10646.588
2026-08-29 14:00:00,10571.842,10571.876,10447.581,10378.0,10596.778
2026-08-29 15:00:00,10510.028,10532.026,10376.728,10328.0,10538.6
2026-08-29 16:00:00,10493.811,10515.267,10392.941,10331.0,10528.481
2026-08-29 17:00:00,10468.909,10462.419,10385.721,10309.0,10499.725
2026-08-29 18:00:00,10490.853,10478.937,10436.194,10404.0,10505.3545
2026-08-29 19:00:00,10493.21,10476.185,10471.137,10417.0,10506.914
2026-08-29 20:00:00,10410.051,10398.288,10401.3125,10323.0,10421.265
2026-08-29 21:00:00,10549.574,10520.903,10604.014,10655.0,10635.411
2026-08-29 22:00:00,10465.335,10462.214,10486.323,10442.0,10555.068
2026-08-29 23:00:00,10048.978,10059.614,10020.681,10096.0,10084.86
2026-08-30 00:00:00,9670.948,9610.206,9606.436,9667.0,9614.293
2026-08-30 01:00:00,9209.63,9197.907,9179.857,9182.0,9195.414
2026-08-30 02:00:00,8923.527,8929.079,8886.956,8865.0,8905.886
2026-08-30 03:00:00,8758.498,8774.431,8723.296,8755.0,8738.933
2026-08-30 04:00:00,8643.26,8649.991,8614.424,8603.0,8633.833
2026-08-30 05:00:00,8576.826,8593.987,8532.934,8540.0,8587.544
2026-08-30 06:00:00,8573.456,8605.506,8567.488,8461.0,8579.307
2026-08-30 07:00:00,8721.115,8759.324,8688.969,8580.0,8696.393
2026-08-30 08:00:00,9044.088,9092.303,9027.356,8928.0,9004.835
2026-08-30 09:00:00,9627.918,9661.509,9612.187,9600.0,9571.704
2026-08-30 10:00:00,10060.446,10110.663,10087.368,10023.0,10032.272
2026-08-30 11:00:00,10302.59,10342.851,10351.311,10249.0,10304.755
2026-08-30 12:00:00,10374.863,10417.259,10438.658,10438.0,10414.771
2026-08-30 13:00:00,10392.462,10422.368,10410.732,10479.0,10430.08
2026-08-30 14:00:00,10382.294,10425.21,10404.969,10578.0,10420.633
2026-08-30 15:00:00,10368.761,10410.508,10372.016,10492.0,10380.671
2026-08-30 16:00:00,10377.419,10410.674,10407.331,10559.0,10392.718
2026-08-30 17:00:00,10426.797,10402.325,10451.857,10569.0,10418.506
2026-08-30 18:00:00,10479.409,10452.842,10540.412,10589.0,10493.41
2026-08-30 19:00:00,10489.233,10468.708,10577.8,10625.0,10515.579
2026-08-30 20:00:00,10447.075,10436.844,10527.215,10599.0,10474.067
2026-08-30 21:00:00,10581.097,10571.321,10710.205,10822.0,10688.779
2026-08-30 22:00:00,10453.351,10458.239,10557.545,10516.0,10479.693
2026-08-30 23:00:00,9995.909,9989.046,10040.7295,10041.0,9959.493
2026-08-31 00:00:00,9557.473,9544.067,9582.179,9633.0,9562.193
2026-08-31 01:00:00,9096.074,9116.502,9123.281,9128.0,9116.286
2026-08-31 02:00:00,8847.532,8849.126,8854.572,8794.0,8813.098
2026-08-31 03:00:00,8674.891,8689.307,8686.035,8659.0,8657.358
2026-08-31 04:00:00,8563.118,8582.282,8580.9795,8566.0,8554.486
2026-08-31 05:00:00,8540.645,8547.555,8557.499,8647.0,8536.413
2026-08-31 06:00:00,8666.849,8674.207,8720.22,8704.0,8671.276
2026-08-31 07:00:00,8991.687,9027.653,9047.578,9055.0,9002.549
2026-08-31 08:00:00,9556.247,9586.774,9618.784,9593.0,9575.107
2026-08-31 09:00:00,10240.509,10246.407,10276.02,10284.0,10269.222
2026-08-31 10:00:00,10572.457,10583.952,10649.752,10694.0,10604.044
2026-08-31 11:00:00,10671.617,10697.929,10771.465,10816.0,10723.137
2026-08-31 12:00:00,10659.572,10675.736,10754.379,10736.0,10722.371
2026-08-31 13:00:00,10665.611,10676.962,10710.797,10783.0,10723.986
2026-08-31 14:00:00,10669.756,10692.685,10719.264,10844.0,10761.931
2026-08-31 15:00:00,10645.39,10650.916,10674.255,10776.0,10680.514
2026-08-31 16:00:00,10608.264,10623.831,10668.088,10711.0,10670.824
2026-08-31 17:00:00,10549.094,10541.498,10563.852,10587.0,10572.497
2026-08-31 18:00:00,10537.571,10536.226,10564.379,10622.0,10573.11
2026-08-31 19:00:00,10515.284,10526.035,10567.398,10618.0,10563.856
2026-08-31 20:00:00,10471.29,10478.79,10521.629,10649.0,10518.834
2026-08-31 21:00:00,10638.543,10638.87,10732.93,10852.0,10737.322
2026-08-31 22:00:00,10562.925,10582.857,10592.0,10720.0,10614.274
2026-08-31 23:00:00,10051.442,10069.607,10058.768,10145.0,10060.353
2026-09-01 00:00:00,9669.976,9643.834,9618.564,9625.0,9689.217
2026-09-01 01:00:00,9171.512,9199.775,9130.574,9071.0,9207.755
2026-09-01 02:00:00,8915.052,8936.754,8876.919,8752.0,8946.009
2026-09-01 03:00:00,8748.101,8767.793,8716.909,8581.0,8784.769
2026-09-01 04:00:00,8653.93,8677.79,8647.108,8464.0,8713.549
2026-09-01 05:00:00,8659.267,8680.401,8632.171,8564.0,8739.933
2026-09-01 06:00:00,8768.153,8804.615,8787.797,8664.0,8861.514
2026-09-01 07:00:00,9095.59,9148.597,9115.343,9180.0,9177.925
2026-09-01 08:00:00,9659.401,9705.487,9677.716,9803.0,9737.0625
2026-09-01 09:00:00,10343.101,10359.255,10321.704,10300.0,10401.654
2026-09-01 10:00:00,10682.706,10689.748,10652.965,10516.0,10728.07
2026-09-01 11:00:00,10762.527,10792.076,10790.062,10652.0,10835.237
2026-09-01 12:00:00,10729.161,10741.104,10754.756,10564.0,10779.341
2026-09-01 13:00:00,10722.945,10718.298,10694.435,10534.0,10757.694
2026-09-01 14:00:00,10710.28,10710.289,10696.23,10630.0,10766.13
2026-09-01 15:00:00,10672.172,10670.62,10644.188,10562.0,10686.816
2026-09-01 16:00:00,10630.535,10639.533,10625.117,10708.0,10670.994
2026-09-01 17:00:00,10578.37,10576.332,10563.222,10468.0,10590.739
2026-09-01 18:00:00,10566.578,10579.229,10561.791,10464.0,10599.336
2026-09-01 19:00:00,10552.178,10570.733,10560.057,10462.0,10594.66
2026-09-01 20:00:00,10524.516,10539.186,10531.138,10447.0,10568.08
2026-09-01 21:00:00,10722.5625,10727.07,10755.8955,10693.0,10837.987
2026-09-01 22:00:00,10616.485,10639.327,10595.286,10461.0,10692.889
2026-09-01 23:00:00,10081.536,10111.585,10066.283,9872.0,10118.61
2026-09-02 00:00:00,9660.085,9652.899,9598.443,9399.0,9684.38
2026-09-02 01:00:00,9145.537,9201.705,9142.866,8977.0,9185.739
2026-09-02 02:00:00,8873.693,8922.331,8867.973,8712.0,8897.267
2026-09-02 03:00:00,8698.984,8739.413,8695.097,8679.0,8715.484
2026-09-02 04:00:00,8596.48,8632.519,8604.947,8579.0,8638.723
2026-09-02 05:00:00,8606.757,8641.496,8602.335,8663.0,8665.041
2026-09-02 06:00:00,8725.978,8768.533,8766.587,8827.0,8780.542
2026-09-02 07:00:00,9128.381,9170.561,9136.528,9343.0,9180.378
2026-09-02 08:00:00,9709.847,9738.895,9699.289,9808.0,9752.923
2026-09-02 09:00:00,10414.816,10413.257,10350.896,10374.0,10434.688
2026-09-02 10:00:00,10755.864,10745.673,10717.118,10741.0,10771.038
2026-09-02 11:00:00,10828.262,10842.922,10863.978,10794.0,10882.731
2026-09-02 12:00:00,10792.619,10815.029,10842.867,10749.0,10878.511
2026-09-02 13:00:00,10802.516,10797.484,10789.297,10768.0,10860.227
2026-09-02 14:00:00,10802.111,10802.237,10797.894,10768.0,10876.565
2026-09-02 15:00:00,10767.404,10767.034,10758.919,10665.0,10803.675
2026-09-02 16:00:00,10711.399,10718.302,10742.75,10822.0,10771.172
2026-09-02 17:00:00,10650.045,10626.699,10628.814,10624.0,10656.986
2026-09-02 18:00:00,10631.229,10609.274,10624.577,10573.0,10647.56
2026-09-02 19:00:00,10624.088,10603.358,10626.891,10555.0,10652.991
2026-09-02 20:00:00,10593.967,10573.502,10604.993,10501.0,10641.712
2026-09-02 21:00:00,10778.854,10752.941,10800.213,10751.0,10880.823
2026-09-02 22:00:00,10671.345,10669.043,10632.428,10497.0,10737.122
2026-09-02 23:00:00,10131.801,10141.383,10112.337,9927.0,10152.665
2026-09-03 00:00:00,9599.745,9590.483,9582.778,9473.0,9583.635
2026-09-03 01:00:00,9096.007,9123.207,9098.946,9058.0,9076.934
2026-09-03 02:00:00,8853.715,8876.558,8852.127,8786.0,8847.248
2026-09-03 03:00:00,8731.247,8732.401,8693.055,8603.0,8722.164
2026-09-03 04:00:00,8647.974,8649.214,8621.842,8609.0,8666.894
2026-09-03 05:00:00,8669.676,8655.103,8616.558,8650.0,8693.6875
2026-09-03 06:00:00,8802.56,8777.306,8785.466,8821.0,8829.131
2026-09-03 07:00:00,9229.112,9188.957,9182.611,9322.0,9243.998
2026-09-03 08:00:00,9752.962,9696.907,9722.086,9831.0,9744.671
2026-09-03 09:00:00,10361.996,10306.352,10321.219,10534.0,10365.214
2026-09-03 10:00:00,10644.114,10607.939,10622.893,10747.0,10646.4795
2026-09-03 11:00:00,10716.422,10701.547,10736.2,10834.0,10746.543
2026-09-03 12:00:00,10675.328,10666.105,10711.137,10778.0,10701.557
2026-09-03 13:00:00,10678.118,10642.719,10657.768,10733.0,10680.693
2026-09-03 14:00:00,10694.363,10673.373,10698.191,10755.0,10720.178
2026-09-03 15:00:00,10677.086,10658.778,10682.675,10714.0,10683.148
2026-09-03 16:00:00,10649.485,10635.21,10693.644,10789.0,10675.627
2026-09-03 17:00:00,10549.807,10540.284,10589.26,10646.0,10566.714
2026-09-03 18:00:00,10533.617,10526.013,10568.67,10622.0,10554.269
2026-09-03 19:00:00,10532.472,10526.559,10599.021,10562.0,10560.423
2026-09-03 20:00:00,10515.044,10502.183,10580.367,10545.0,10523.509
2026-09-03 21:00:00,10721.143,10686.346,10769.273,10731.0,10787.014
2026-09-03 22:00:00,10607.98,10595.171,10580.666,10581.0,10642.892
2026-09-03 23:00:00,10060.74,10057.336,10042.3955,9973.0,10025.249
2026-09-04 00:00:00,9558.441,9582.793,9570.599,9513.0,9580.441
2026-09-04 01:00:00,9121.208,9157.675,9173.874,9059.0,9143.069
2026-09-04 02:00:00,8878.604,8899.168,8945.41,8781.0,8890.307
2026-09-04 03:00:00,8739.601,8759.982,8802.53,8665.0,8778.701
2026-09-04 04:00:00,8677.467,8689.393,8746.99,8619.0,8739.676
2026-09-04 05:00:00,8699.539,8710.435,8772.123,8691.0,8783.723
2026-09-04 06:00:00,8844.507,8853.054,8933.892,8877.0,8922.382
2026-09-04 07:00:00,9281.728,9270.403,9349.87,9389.0,9344.755
2026-09-04 08:00:00,9810.152,9767.385,9870.049,9955.0,9836.595
2026-09-04 09:00:00,10413.364,10382.85,10488.888,10585.0,10457.356
2026-09-04 10:00:00,10718.515,10691.216,10824.245,10956.0,10771.188
2026-09-04 11:00:00,10782.468,10789.813,10950.458,11070.0,10877.986
2026-09-04 12:00:00,10752.291,10779.533,10924.094,11032.0,10883.166
2026-09-04 13:00:00,10757.635,10771.009,10879.384,11038.0,10875.725
2026-09-04 14:00:00,10754.559,10786.708,10906.058,11094.0,10907.934
2026-09-04 15:00:00,10702.813,10753.902,10862.377,11066.0,10836.307
2026-09-04 16:00:00,10683.969,10746.494,10880.591,11158.0,10864.484
2026-09-04 17:00:00,10565.1455,10618.981,10763.0,10984.0,10719.708
2026-09-04 18:00:00,10536.984,10594.305,10747.955,10915.0,10696.545
2026-09-04 19:00:00,10501.059,10570.507,10739.989,10914.0,10675.123
2026-09-04 20:00:00,10448.721,10502.941,10689.241,10853.0,10599.335
2026-09-04 21:00:00,10655.057,10691.122,10881.216,10942.0,10853.324
2026-09-04 22:00:00,10552.413,10587.859,10680.33,10801.0,10663.775
2026-09-04 23:00:00,10049.908,10096.795,10200.5625,10281.0,10130.548
2026-09-05 00:00:00,9628.641,9611.472,9724.667,9837.0,9676.287
2026-09-05 01:00:00,9193.962,9213.221,9349.612,9380.0,9263.258
2026-09-05 02:00:00,8933.675,8942.302,9053.512,9053.0,8974.548
2026-09-05 03:00:00,8780.974,8791.876,8904.151,8912.0,8825.802
2026-09-05 04:00:00,8703.588,8707.44,8827.262,8872.0,8760.026
2026-09-05 05:00:00,8680.327,8688.32,8791.111,8780.0,8754.739
2026-09-05 06:00:00,8732.516,8743.6,8847.738,8874.0,8800.105
2026-09-05 07:00:00,9041.504,9045.42,9069.488,9023.0,9065.959
2026-09-05 08:00:00,9461.726,9471.629,9490.45,9444.0,9472.236
2026-09-05 09:00:00,10073.739,10069.368,10069.824,10011.0,10081.819
2026-09-05 10:00:00,10452.659,10443.005,10494.184,10479.0,10446.53
2026-09-05 11:00:00,10591.957,10584.085,10650.124,10622.0,10592.839
2026-09-05 12:00:00,10619.6,10591.674,10676.292,10620.0,10608.434
2026-09-05 13:00:00,10602.354,10557.282,10619.87,10597.0,10594.3955
2026-09-05 14:00:00,10569.092,10530.613,10579.746,10633.0,10560.447
2026-09-05 15:00:00,10513.867,10495.549,10529.345,10593.0,10501.805
2026-09-05 16:00:00,10515.948,10512.483,10557.308,10593.0,10535.039
2026-09-05 17:00:00,10432.224,10426.62,10552.283,10548.0,10485.094
2026-09-05 18:00:00,10473.256,10464.464,10603.156,10607.0,10515.45
2026-09-05 19:00:00,10503.056,10494.16,10638.641,10646.0,10531.0625
2026-09-05 20:00:00,10466.526,10455.799,10617.388,10671.0,10489.555
2026-09-05 21:00:00,10660.491,10644.565,10799.073,10918.0,10755.748
2026-09-05 22:00:00,10471.749,10477.071,10613.289,10669.0,10539.797
2026-09-05 23:00:00,10010.354,10026.473,10150.072,10172.0,10029.097
2026-09-06 00:00:00,9788.945,9723.004,9755.093,9825.0,9739.23
2026-09-06 01:00:00,9301.604,9304.22,9354.244,9346.0,9317.68
2026-09-06 02:00:00,8994.404,8998.556,9041.769,9081.0,8981.294
2026-09-06 03:00:00,8850.771,8874.659,8885.825,8840.0,8846.731
2026-09-06 04:00:00,8743.394,8755.044,8786.765,8776.0,8748.174
2026-09-06 05:00:00,8673.083,8690.525,8708.071,8794.0,8699.352
2026-09-06 06:00:00,8659.446,8696.619,8705.946,8723.0,8679.634
2026-09-06 07:00:00,8811.328,8895.987,8827.273,8845.0,8813.44
2026-09-06 08:00:00,9149.0,9240.74,9188.709,9192.0,9138.774
2026-09-06 09:00:00,9761.24,9841.988,9782.889,9844.0,9752.363
2026-09-06 10:00:00,10216.114,10286.097,10243.181,10279.0,10168.761
2026-09-06 11:00:00,10459.538,10515.227,10501.363,10502.0,10430.003
2026-09-06 12:00:00,10570.357,10608.386,10614.931,10606.0,10561.169
2026-09-06 13:00:00,10618.67,10610.84,10602.519,10610.0,10603.409
2026-09-06 14:00:00,10640.843,10648.796,10619.626,10673.0,10652.071
2026-09-06 15:00:00,10612.475,10619.693,10595.168,10642.0,10599.5
2026-09-06 16:00:00,10626.394,10643.903,10646.255,10692.0,10634.304
2026-09-06 17:00:00,10625.3,10587.8545,10691.339,10755.0,10613.732
2026-09-06 18:00:00,10658.388,10623.936,10772.131,10881.0,10664.257
2026-09-06 19:00:00,10689.317,10673.885,10838.706,10868.0,10704.457
2026-09-06 20:00:00,10695.762,10671.879,10827.139,10994.0,10709.283
2026-09-06 21:00:00,10846.377,10837.796,10977.58,11187.0,10916.407
2026-09-06 22:00:00,10594.368,10603.244,10697.894,10829.0,10601.6
2026-09-06 23:00:00,10115.418,10148.927,10221.083,10317.0,10122.56
2026-09-07 00:00:00,9780.07,9763.169,9853.567,9730.0,9809.112
2026-09-07 01:00:00,9262.106,9284.912,9336.746,9310.0,9282.599
2026-09-07 02:00:00,8987.14,9012.467,9068.198,9097.0,8993.017
2026-09-07 03:00:00,8838.399,8858.555,8921.477,8964.0,8840.3125
2026-09-07 04:00:00,8759.5625,8771.547,8866.683,8969.0,8778.767
2026-09-07 05:00:00,8769.335,8777.521,8870.586,8993.0,8795.69
2026-09-07 06:00:00,8894.685,8914.573,9011.997,9175.0,8920.294
2026-09-07 07:00:00,9294.103,9309.059,9367.554,9649.0,9269.843
2026-09-07 08:00:00,9852.987,9866.608,9925.035,10244.0,9841.022
2026-09-07 09:00:00,10520.51,10508.35,10566.012,10868.0,10497.725
2026-09-07 10:00:00,10841.039,10830.25,10907.45,11151.0,10848.609
2026-09-07 11:00:00,10931.5625,10931.822,11033.249,11183.0,10952.183
2026-09-07 12:00:00,10918.327,10898.375,10985.186,11110.0,10905.844
2026-09-07 13:00:00,10925.724,10891.934,10928.576,11000.0,10907.1455
2026-09-07 14:00:00,10929.535,10899.719,10950.594,10964.0,10930.959
2026-09-07 15:00:00,10922.729,10877.281,10903.375,10899.0,10889.068
2026-09-07 16:00:00,10896.954,10865.906,10900.636,10986.0,10886.597
2026-09-07 17:00:00,10803.874,10761.294,10778.139,10781.0,10761.969
2026-09-07 18:00:00,10760.445,10740.871,10769.229,10702.0,10755.563
2026-09-07 19:00:00,10753.633,10754.223,10808.621,10796.0,10776.49
2026-09-07 20:00:00,10752.801,10740.783,10823.92,10927.0,10789.562
2026-09-07 21:00:00,10900.196,10902.716,11001.42,11126.0,11034.949
2026-09-07 22:00:00,10711.3545,10756.172,10801.996,10931.0,10818.656
2026-09-07 23:00:00,10155.224,10202.887,10246.8125,10346.0,10203.099
2026-09-08 00:00:00,9902.496,9929.41,9865.199,9909.0,9956.328
2026-09-08 01:00:00,9451.556,9484.81,9458.9375,9429.0,9493.409
2026-09-08 02:00:00,9190.29,9207.978,9204.3955,9116.0,9226.909
2026-09-08 03:00:00,9035.344,9067.052,9046.266,9031.0,9074.153
2026-09-08 04:00:00,8971.168,9008.895,9026.25,9004.0,9056.58
2026-09-08 05:00:00,9009.64,9040.903,9070.429,9006.0,9112.759
2026-09-08 06:00:00,9172.698,9194.943,9238.506,9202.0,9262.345
2026-09-08 07:00:00,9618.883,9626.332,9645.2705,9585.0,9682.303
2026-09-08 08:00:00,10190.595,10157.298,10203.554,10157.0,10229.138
2026-09-08 09:00:00,10794.325,10782.694,10820.732,10820.0,10869.833
2026-09-08 10:00:00,11091.539,11084.109,11124.148,11008.0,11179.123
2026-09-08 11:00:00,11163.305,11173.508,11232.11,11025.0,11251.52
2026-09-08 12:00:00,11117.984,11110.817,11137.906,10968.0,11173.539
2026-09-08 13:00:00,11100.521,11098.525,11068.646,10877.0,11162.249
2026-09-08 14:00:00,11093.581,11107.169,11086.753,10906.0,11174.6
2026-09-08 15:00:00,11057.809,11084.826,11038.131,10823.0,11120.259
2026-09-08 16:00:00,11051.898,11083.036,11054.743,10909.0,11142.008
2026-09-08 17:00:00,10954.147,10943.45,10926.996,10739.0,10969.124
2026-09-08 18:00:00,10927.926,10943.313,10927.378,10730.0,10993.716
2026-09-08 19:00:00,10932.857,10969.994,10953.554,10729.0,11013.319
2026-09-08 20:00:00,10970.915,10996.197,10975.628,10857.0,11075.091
2026-09-08 21:00:00,11117.753,11160.3545,11136.731,10967.0,11276.092
2026-09-08 22:00:00,10892.84,10959.609,10887.382,10715.0,11016.748
2026-09-08 23:00:00,10317.647,10407.617,10330.057,10185.0,10401.704
2026-09-09 00:00:00,9830.709,9858.995,9834.935,9616.0,9888.12
2026-09-09 01:00:00,9363.488,9430.545,9392.233,9119.0,9390.134
2026-09-09 02:00:00,9116.576,9156.963,9127.713,8885.0,9129.637
2026-09-09 03:00:00,8988.9795,9036.33,8966.026,8654.0,8996.294
2026-09-09 04:00:00,8938.074,8983.841,8936.988,8674.0,8974.196
2026-09-09 05:00:00,8961.958,8995.867,8960.806,8775.0,9006.707
2026-09-09 06:00:00,9126.393,9144.042,9137.916,8958.0,9162.129
2026-09-09 07:00:00,9553.956,9577.097,9582.151,9337.0,9602.36
2026-09-09 08:00:00,10120.713,10137.208,10147.756,9886.0,10162.4375
2026-09-09 09:00:00,10731.154,10747.653,10758.792,10513.0,10816.421
2026-09-09 10:00:00,11005.667,11040.898,11023.1,10765.0,11090.124
2026-09-09 11:00:00,11059.316,11120.861,11100.27,10842.0,11170.243
2026-09-09 12:00:00,11014.6455,11067.615,11026.315,10665.0,11104.464
2026-09-09 13:00:00,11004.677,11071.968,10978.8545,10655.0,11109.298
2026-09-09 14:00:00,10991.3545,11081.763,11009.44,10701.0,11134.42
2026-09-09 15:00:00,10952.416,11029.798,10933.684,10622.0,11034.904
2026-09-09 16:00:00,10950.609,11013.894,10931.785,10775.0,11042.994
2026-09-09 17:00:00,10850.06,10879.242,10766.908,10572.0,10836.1455
2026-09-09 18:00:00,10800.657,10846.467,10721.439,10561.0,10800.811
2026-09-09 19:00:00,10822.373,10893.073,10755.625,10551.0,10848.979
2026-09-09 20:00:00,10874.798,10927.387,10785.102,10666.0,10917.075
2026-09-09 21:00:00,11035.369,11109.151,10951.645,10707.0,11164.2705
2026-09-09 22:00:00,10825.472,10922.651,10688.43,10494.0,10891.818
2026-09-09 23:00:00,10259.211,10344.148,10101.952,9909.0,10251.18
2026-09-10 00:00:00,9618.966,9604.863,9529.569,9444.0,9561.557
2026-09-10 01:00:00,9146.836,9164.773,9083.143,8977.0,9069.694
2026-09-10 02:00:00,8897.11,8917.138,8845.908,8773.0,8813.473
2026-09-10 03:00:00,8760.705,8781.659,8674.914,8673.0,8675.521
2026-09-10 04:00:00,8715.114,8720.827,8618.104,8626.0,8649.805
2026-09-10 05:00:00,8760.546,8764.655,8643.149,8649.0,8723.496
2026-09-10 06:00:00,8937.507,8927.427,8856.589,8850.0,8895.912
2026-09-10 07:00:00,9360.385,9341.419,9290.615,9224.0,9322.505
2026-09-10 08:00:00,9915.103,9870.777,9850.012,9814.0,9870.647
2026-09-10 09:00:00,10547.074,10464.7,10431.854,10414.0,10472.479
2026-09-10 10:00:00,10816.902,10773.51,10739.057,10646.0,10779.522
2026-09-10 11:00:00,10886.977,10878.588,10859.392,10751.0,10883.27
2026-09-10 12:00:00,10832.851,10866.473,10858.1045,10665.0,10881.075
2026-09-10 13:00:00,10810.999,10834.737,10809.315,10693.0,10880.781
2026-09-10 14:00:00,10815.142,10844.521,10841.86,10716.0,10916.536
2026-09-10 15:00:00,10786.871,10825.528,10814.886,10746.0,10865.941
2026-09-10 16:00:00,10790.972,10835.15,10856.534,10878.0,10904.126
2026-09-10 17:00:00,10669.395,10684.667,10736.954,10696.0,10751.22
2026-09-10 18:00:00,10641.344,10654.612,10713.603,10603.0,10727.496
2026-09-10 19:00:00,10654.37,10668.564,10712.948,10636.0,10729.786
2026-09-10 20:00:00,10712.196,10712.8545,10764.883,10679.0,10797.694
2026-09-10 21:00:00,10863.106,10883.017,10902.26,10751.0,10986.744
2026-09-10 22:00:00,10647.511,10672.633,10626.711,10538.0,10696.826
2026-09-10 23:00:00,10105.078,10141.825,10101.648,9944.0,10117.41
2026-09-11 00:00:00,9525.215,9549.646,9613.546,9509.0,9594.832
2026-09-11 01:00:00,9041.597,9080.314,9163.135,9065.0,9104.656
2026-09-11 02:00:00,8819.427,8859.498,8955.273,8765.0,8888.022
2026-09-11 03:00:00,8702.588,8740.912,8800.449,8712.0,8773.199
2026-09-11 04:00:00,8654.263,8685.141,8766.0,8615.0,8750.648
2026-09-11 05:00:00,8679.573,8710.513,8791.396,8719.0,8793.506
2026-09-11 06:00:00,8844.41,8866.975,8995.035,8933.0,8959.192
2026-09-11 07:00:00,9268.041,9263.42,9443.237,9320.0,9386.023
2026-09-11 08:00:00,9845.191,9821.814,9994.188,9867.0,9948.666
2026-09-11 09:00:00,10463.92,10391.428,10606.834,10468.0,10553.665
2026-09-11 10:00:00,10741.324,10671.57,10897.56,10800.0,10809.203
2026-09-11 11:00:00,10797.626,10772.555,11017.596,10844.0,10909.918
2026-09-11 12:00:00,10731.864,10689.557,10943.072,10774.0,10828.863
2026-09-11 13:00:00,10728.317,10683.901,10897.073,10787.0,10828.609
2026-09-11 14:00:00,10746.3,10729.381,10958.248,10903.0,10879.99
2026-09-11 15:00:00,10704.686,10702.725,10932.459,10850.0,10852.37
2026-09-11 16:00:00,10702.1045,10711.788,10979.588,10986.0,10899.697
2026-09-11 17:00:00,10609.479,10598.765,10895.159,10736.0,10800.421
2026-09-11 18:00:00,10576.415,10578.716,10858.547,10798.0,10770.066
2026-09-11 19:00:00,10560.3955,10570.888,10871.077,10917.0,10753.39
2026-09-11 20:00:00,10566.482,10580.442,10901.369,11050.0,10775.476
2026-09-11 21:00:00,10701.446,10724.328,11022.836,11005.0,10929.975
2026-09-11 22:00:00,10533.384,10549.77,10762.571,10807.0,10708.359
2026-09-11 23:00:00,10020.421,10034.186,10245.475,10295.0,10175.909
2026-09-12 00:00:00,9620.441,9580.298,9781.397,9874.0,9700.581
2026-09-12 01:00:00,9195.086,9187.242,9393.868,9459.0,9256.982
2026-09-12 02:00:00,8924.448,8903.146,9080.512,9078.0,8975.997
2026-09-12 03:00:00,8797.064,8788.399,8935.9795,8946.0,8853.138
2026-09-12 04:00:00,8727.367,8729.083,8873.051,8899.0,8807.628
2026-09-12 05:00:00,8706.396,8710.831,8856.302,8920.0,8804.3545
2026-09-12 06:00:00,8770.869,8774.171,8904.667,8913.0,8866.203
2026-09-12 07:00:00,8996.741,9013.516,9067.3,9122.0,9054.183
2026-09-12 08:00:00,9395.025,9439.696,9482.418,9431.0,9447.978
2026-09-12 09:00:00,9971.701,9980.412,10028.628,10074.0,10001.205
2026-09-12 10:00:00,10385.424,10369.123,10463.252,10520.0,10394.303
2026-09-12 11:00:00,10515.271,10492.253,10591.632,10664.0,10512.725
2026-09-12 12:00:00,10533.666,10492.75,10593.223,10651.0,10509.85
2026-09-12 13:00:00,10525.906,10445.716,10531.142,10568.0,10485.575
2026-09-12 14:00:00,10499.982,10422.686,10508.697,10648.0,10473.616
2026-09-12 15:00:00,10482.379,10420.606,10469.598,10574.0,10450.161
2026-09-12 16:00:00,10486.488,10459.83,10489.48,10568.0,10491.337
2026-09-12 17:00:00,10441.9795,10379.913,10470.994,10526.0,10446.623
2026-09-12 18:00:00,10485.047,10443.367,10560.3125,10634.0,10515.307
2026-09-12 19:00:00,10529.866,10495.649,10624.419,10627.0,10557.142
2026-09-12 20:00:00,10564.201,10523.313,10667.777,10865.0,10600.21
2026-09-12 21:00:00,10724.35,10688.514,10820.688,10950.0,10807.801
2026-09-12 22:00:00,10463.308,10475.863,10588.469,10630.0,10548.3125
2026-09-12 23:00:00,9994.664,9991.069,10142.765,10222.0,10072.6
2026-09-13 00:00:00,9845.072,9793.321,9758.3125,9857.0,9822.768
2026-09-13 01:00:00,9355.689,9354.26,9361.734,9387.0,9382.306
2026-09-13 02:00:00,9058.281,9051.415,9039.608,9055.0,9046.985
2026-09-13 03:00:00,8891.024,8908.536,8875.196,8907.0,8881.082
2026-09-13 04:00:00,8816.521,8826.371,8794.652,8838.0,8802.598
2026-09-13 05:00:00,8770.314,8790.426,8733.914,8871.0,8776.869
2026-09-13 06:00:00,8741.022,8768.846,8742.014,8873.0,8731.64
2026-09-13 07:00:00,8848.742,8908.202,8834.654,8888.0,8834.896
2026-09-13 08:00:00,9178.777,9243.207,9183.245,9225.0,9150.474
2026-09-13 09:00:00,9802.656,9818.85,9765.206,9836.0,9745.825
2026-09-13 10:00:00,10214.577,10246.935,10198.484,10277.0,10172.301
2026-09-13 11:00:00,10442.983,10476.75,10441.781,10515.0,10421.1
2026-09-13 12:00:00,10548.929,10579.939,10536.738,10592.0,10544.456
2026-09-13 13:00:00,10590.211,10595.185,10519.069,10600.0,10576.867
2026-09-13 14:00:00,10621.098,10637.033,10545.041,10636.0,10633.933
2026-09-13 15:00:00,10608.589,10622.473,10523.695,10631.0,10587.551
2026-09-13 16:00:00,10642.044,10661.254,10573.738,10622.0,10645.951
2026-09-13 17:00:00,10683.452,10686.373,10608.268,10692.0,10694.393
2026-09-13 18:00:00,10738.839,10722.695,10689.556,10798.0,10757.702
2026-09-13 19:00:00,10806.981,10779.8955,10756.656,10912.0,10817.57
2026-09-13 20:00:00,10871.494,10840.293,10835.377,11083.0,10900.261
2026-09-13 21:00:00,10966.488,10941.388,10926.537,11092.0,11011.278
2026-09-13 22:00:00,10659.252,10651.663,10607.14,10598.0,10649.208
2026-09-13 23:00:00,10145.066,10130.817,10111.295,10122.0,10127.749
2026-09-14 00:00:00,9794.409,9749.329,9757.645,9670.0,9794.541
2026-09-14 01:00:00,9283.832,9273.039,9235.178,9245.0,9283.914
2026-09-14 02:00:00,9029.35,8986.53,8989.611,8988.0,8975.01
2026-09-14 03:00:00,8913.258,8881.605,8851.314,8861.0,8868.213
2026-09-14 04:00:00,8864.538,8823.85,8805.136,8804.0,8826.661
2026-09-14 05:00:00,8893.225,8861.284,8824.326,8889.0,8882.466
2026-09-14 06:00:00,9079.338,9038.936,9010.539,9123.0,9051.789
2026-09-14 07:00:00,9494.218,9437.503,9388.828,9501.0,9436.628
2026-09-14 08:00:00,10064.393,9987.737,9948.767,10099.0,10001.797
2026-09-14 09:00:00,10681.542,10604.886,10591.989,10740.0,10627.506
2026-09-14 10:00:00,10953.484,10891.201,10898.203,11014.0,10943.428
2026-09-14 11:00:00,11006.224,10961.665,10987.99,11040.0,11002.514
2026-09-14 12:00:00,10937.019,10881.318,10924.076,10946.0,10909.397
2026-09-14 13:00:00,10935.916,10861.342,10852.581,10864.0,10890.677
2026-09-14 14:00:00,10941.352,10874.152,10864.055,10867.0,10916.862
2026-09-14 15:00:00,10936.51,10871.43,10843.0,10761.0,10894.703
2026-09-14 16:00:00,10942.98,10904.876,10866.559,10878.0,10933.514
2026-09-14 17:00:00,10786.197,10728.32,10737.971,10648.0,10739.04
2026-09-14 18:00:00,10759.1,10712.851,10704.1455,10669.0,10729.282
2026-09-14 19:00:00,10808.288,10771.3545,10764.949,10790.0,10777.158
2026-09-14 20:00:00,10936.74,10877.474,10868.015,11054.0,10956.289
2026-09-14 21:00:00,11019.784,10981.564,10957.107,11073.0,11048.334
2026-09-14 22:00:00,10762.532,10743.024,10684.013,10866.0,10776.8545
2026-09-14 23:00:00,10201.647,10193.371,10145.318,10299.0,10219.007
2026-09-15 00:00:00,9747.245,9797.114,9769.826,9808.0,9803.765
2026-09-15 01:00:00,9279.285,9346.553,9307.229,9385.0,9318.862
2026-09-15 02:00:00,9041.783,9084.563,9084.656,9180.0,9076.562
2026-09-15 03:00:00,8918.803,8969.641,8944.95,9137.0,8970.974
2026-09-15 04:00:00,8874.764,8939.248,8925.847,8987.0,8955.934
2026-09-15 05:00:00,8926.8,8974.074,8971.294,9112.0,9009.471
2026-09-15 06:00:00,9132.295,9171.057,9169.039,9443.0,9197.293
2026-09-15 07:00:00,9544.509,9584.426,9576.186,9715.0,9603.33
2026-09-15 08:00:00,10136.983,10140.639,10118.303,10307.0,10163.706
2026-09-15 09:00:00,10721.941,10702.225,10707.285,10856.0,10761.903
2026-09-15 10:00:00,10960.373,10946.389,10965.302,11134.0,11006.059
2026-09-15 11:00:00,11003.585,11018.901,11045.965,11116.0,11054.663
2026-09-15 12:00:00,10918.815,10947.75,10986.658,10960.0,10961.505
2026-09-15 13:00:00,10903.93,10918.357,10914.992,10973.0,10922.658
2026-09-15 14:00:00,10903.632,10921.775,10927.058,11017.0,10945.565
2026-09-15 15:00:00,10891.935,10911.616,10897.749,11001.0,10919.212
2026-09-15 16:00:00,10914.212,10928.847,10934.343,11033.0,10943.621
2026-09-15 17:00:00,10782.668,10798.358,10834.8,10802.0,10816.177
2026-09-15 18:00:00,10762.289,10781.6,10831.3125,10795.0,10815.5625
2026-09-15 19:00:00,10816.12,10850.481,10901.42,10946.0,10878.65
2026-09-15 20:00:00,10938.312,10950.486,11027.4,11155.0,11051.207
2026-09-15 21:00:00,11000.635,11036.645,11074.271,11173.0,11138.2705
2026-09-15 22:00:00,10702.032,10781.242,10736.028,10931.0,10802.342
2026-09-15 23:00:00,10167.085,10235.812,10254.451,10421.0,10238.322
2026-09-16 00:00:00,9841.8,9855.7295,9858.061,9966.0,9863.569
2026-09-16 01:00:00,9389.062,9439.574,9413.896,9535.0,9411.868
2026-09-16 02:00:00,9162.598,9165.647,9190.953,9301.0,9158.238
2026-09-16 03:00:00,9053.269,9086.803,9054.869,9168.0,9066.257
2026-09-16 04:00:00,8982.123,9015.4,9029.219,9086.0,9027.161
2026-09-16 05:00:00,9055.673,9079.605,9094.007,9188.0,9124.696
2026-09-16 06:00:00,9306.475,9303.695,9314.872,9521.0,9343.298
2026-09-16 07:00:00,9681.521,9669.054,9700.382,9815.0,9689.586
2026-09-16 08:00:00,10252.327,10237.479,10262.135,10337.0,10279.422
2026-09-16 09:00:00,10825.421,10802.913,10888.779,10879.0,10882.295
2026-09-16 10:00:00,11057.48,11040.583,11150.141,11189.0,11130.01
2026-09-16 11:00:00,11098.417,11108.94,11212.598,11232.0,11186.491
2026-09-16 12:00:00,11012.178,11024.996,11134.509,11159.0,11091.332
2026-09-16 13:00:00,10998.36,10960.8,11052.281,11082.0,11034.758
2026-09-16 14:00:00,10982.071,10953.085,11033.308,11006.0,11030.919
2026-09-16 15:00:00,10952.057,10924.546,11000.83,10941.0,10978.214
2026-09-16 16:00:00,10972.951,10949.135,11048.684,11052.0,11018.895
2026-09-16 17:00:00,10824.621,10805.159,10900.988,10795.0,10841.234
2026-09-16 18:00:00,10807.084,10809.0205,10900.268,10833.0,10850.334
2026-09-16 19:00:00,10892.709,10904.389,10968.228,10952.0,10924.105
2026-09-16 20:00:00,11055.415,11045.942,11092.051,11237.0,11133.674
2026-09-16 21:00:00,11077.021,11090.713,11102.59,11092.0,11152.574
2026-09-16 22:00:00,10785.569,10792.084,10787.774,10890.0,10803.763
2026-09-16 23:00:00,10278.756,10288.508,10272.166,10405.0,10265.861
2026-09-17 00:00:00,9925.041,9882.443,9851.789,9848.0,9840.856
2026-09-17 01:00:00,9472.097,9494.611,9398.571,9398.0,9395.995
2026-09-17 02:00:00,9250.969,9240.957,9185.955,9149.0,9165.011
2026-09-17 03:00:00,9136.04,9149.017,9027.173,9071.0,9041.834
2026-09-17 04:00:00,9061.646,9057.548,8997.923,8939.0,8954.612
2026-09-17 05:00:00,9136.706,9127.584,9052.442,9054.0,9060.42
2026-09-17 06:00:00,9410.787,9396.631,9283.098,9353.0,9331.728
2026-09-17 07:00:00,9759.121,9726.22,9656.479,9650.0,9652.48
2026-09-17 08:00:00,10313.107,10261.83,10212.947,10229.0,10208.07
2026-09-17 09:00:00,10879.886,10812.569,10816.084,10877.0,10797.07
2026-09-17 10:00:00,11098.886,11070.956,11091.051,11208.0,11058.695
2026-09-17 11:00:00,11130.373,11142.948,11168.562,11248.0,11121.691
2026-09-17 12:00:00,11032.616,11083.562,11124.507,11210.0,11042.679
2026-09-17 13:00:00,11027.295,11069.26,11073.724,11146.0,11044.068
2026-09-17 14:00:00,11026.418,11053.568,11073.877,11109.0,11056.237
2026-09-17 15:00:00,11005.809,10996.633,11037.965,11111.0,10975.695
2026-09-17 16:00:00,11022.6455,11068.423,11105.166,11153.0,11075.452
2026-09-17 17:00:00,10877.483,10904.8,10942.226,10853.0,10881.517
2026-09-17 18:00:00,10859.283,10879.255,10913.458,10846.0,10845.973
2026-09-17 19:00:00,10956.244,10987.866,11011.449,10994.0,10947.086
2026-09-17 20:00:00,11113.527,11134.174,11147.748,11172.0,11160.331
2026-09-17 21:00:00,11129.325,11142.52,11128.417,11106.0,11139.062
2026-09-17 22:00:00,10860.981,10874.424,10796.044,10911.0,10803.409
2026-09-17 23:00:00,10361.489,10381.536,10281.855,10352.0,10288.729
2026-09-18 00:00:00,9857.33,9880.222,9884.818,9883.0,9889.576
2026-09-18 01:00:00,9393.913,9442.268,9418.278,9532.0,9427.085
2026-09-18 02:00:00,9157.749,9170.688,9197.236,9241.0,9174.332
2026-09-18 03:00:00,9040.7,9076.786,9060.549,9159.0,9065.909
2026-09-18 04:00:00,8965.926,9004.399,9023.131,9076.0,8994.899
2026-09-18 05:00:00,9036.219,9083.007,9086.707,9095.0,9095.085
2026-09-18 06:00:00,9289.35,9323.08,9322.687,9360.0,9335.209
2026-09-18 07:00:00,9645.91,9676.559,9698.898,9627.0,9662.554
2026-09-18 08:00:00,10218.536,10239.939,10267.652,10166.0,10235.383
2026-09-18 09:00:00,10788.908,10789.867,10855.334,10828.0,10801.282
2026-09-18 10:00:00,11068.44,11046.829,11125.77,11015.0,11062.623
2026-09-18 11:00:00,11109.27,11118.389,11195.225,11137.0,11120.124
2026-09-18 12:00:00,11032.435,11042.129,11128.21,11050.0,11034.102
2026-09-18 13:00:00,11018.684,10990.241,11032.828,10996.0,10984.148
2026-09-18 14:00:00,11004.389,10986.731,11016.098,10980.0,10995.28
2026-09-18 15:00:00,10978.957,10974.782,11032.346,10957.0,10973.28
2026-09-18 16:00:00,10989.163,11033.751,11092.9375,11042.0,11040.212
2026-09-18 17:00:00,10838.667,10895.946,10990.2705,10893.0,10923.365
2026-09-18 18:00:00,10838.304,10885.743,10979.866,10901.0,10927.215
2026-09-18 19:00:00,10917.985,10957.59,11068.719,11046.0,10986.795
2026-09-18 20:00:00,11073.282,11093.313,11214.692,11169.0,11183.499
2026-09-18 21:00:00,11061.179,11100.41,11179.341,11123.0,11164.225
2026-09-18 22:00:00,10820.269,10859.679,10883.146,10894.0,10880.983
2026-09-18 23:00:00,10366.902,10397.241,10422.176,10424.0,10432.489
2026-09-19 00:00:00,9986.802,9908.906,9940.903,10028.0,9968.482
2026-09-19 01:00:00,9559.979,9536.596,9568.008,9563.0,9586.627
2026-09-19 02:00:00,9259.528,9237.967,9246.25,9291.0,9269.453
2026-09-19 03:00:00,9128.667,9126.957,9103.087,9193.0,9140.129
2026-09-19 04:00:00,9059.934,9051.42,9038.914,9078.0,9070.5205
2026-09-19 05:00:00,9051.178,9063.952,9028.933,9118.0,9070.45
2026-09-19 06:00:00,9120.134,9157.038,9080.791,9243.0,9129.687
2026-09-19 07:00:00,9269.871,9356.0625,9214.377,9333.0,9275.7705
2026-09-19 08:00:00,9635.807,9776.801,9605.571,9664.0,9653.712
2026-09-19 09:00:00,10228.354,10351.871,10206.566,10343.0,10246.8955
2026-09-19 10:00:00,10655.482,10764.639,10704.548,10809.0,10697.544
2026-09-19 11:00:00,10792.338,10886.179,10840.627,10989.0,10820.925
2026-09-19 12:00:00,10783.898,10858.04,10840.799,11013.0,10829.627
2026-09-19 13:00:00,10757.511,10824.48,10783.974,10927.0,10814.727
2026-09-19 14:00:00,10743.696,10831.319,10800.174,10922.0,10817.845
2026-09-19 15:00:00,10721.028,10815.099,10766.828,10914.0,10790.715
2026-09-19 16:00:00,10705.301,10810.559,10746.7,10850.0,10800.321
2026-09-19 17:00:00,10641.933,10691.848,10697.677,10817.0,10720.631
2026-09-19 18:00:00,10723.125,10761.014,10808.041,10941.0,10804.328
2026-09-19 19:00:00,10814.924,10865.543,10910.856,11005.0,10900.279
2026-09-19 20:00:00,10995.731,11002.644,11074.728,11211.0,11096.57
2026-09-19 21:00:00,11048.955,11057.27,11072.026,11217.0,11114.32
2026-09-19 22:00:00,10730.7295,10778.2705,10756.805,10860.0,10792.311
2026-09-19 23:00:00,10328.668,10343.643,10330.21,10437.0,10371.357
2026-09-20 00:00:00,10009.972,9931.386,9936.359,9980.0,9940.088
2026-09-20 01:00:00,9524.596,9527.651,9502.764,9557.0,9523.607
2026-09-20 02:00:00,9223.619,9233.904,9182.204,9360.0,9207.171
2026-09-20 03:00:00,9076.395,9115.174,9027.778,9126.0,9055.757
2026-09-20 04:00:00,9004.396,9028.503,8953.325,9073.0,8976.116
2026-09-20 05:00:00,8993.754,9023.525,8932.398,9053.0,8975.291
2026-09-20 06:00:00,8999.523,9039.358,8941.189,9177.0,8973.419
2026-09-20 07:00:00,9058.707,9127.314,9002.088,9269.0,9031.863
2026-09-20 08:00:00,9364.547,9460.558,9332.475,9486.0,9342.347
2026-09-20 09:00:00,9960.655,10023.393,9915.559,10139.0,9931.687
2026-09-20 10:00:00,10389.715,10457.2295,10376.781,10623.0,10344.277
2026-09-20 11:00:00,10612.425,10652.552,10625.298,10810.0,10581.649
2026-09-20 12:00:00,10693.429,10738.349,10723.253,10987.0,10711.889
2026-09-20 13:00:00,10720.443,10751.953,10715.327,10901.0,10744.804
2026-09-20 14:00:00,10735.627,10778.689,10726.188,10942.0,10792.203
2026-09-20 15:00:00,10722.25,10774.404,10708.329,10908.0,10770.988
2026-09-20 16:00:00,10732.686,10802.296,10748.548,10846.0,10794.534
2026-09-20 17:00:00,10752.326,10765.793,10736.838,10890.0,10796.262
2026-09-20 18:00:00,10840.555,10848.008,10880.038,10956.0,10912.787
2026-09-20 19:00:00,10977.072,10982.775,10997.015,11110.0,11040.047
2026-09-20 20:00:00,11144.025,11131.693,11145.611,11264.0,11232.119
2026-09-20 21:00:00,11111.114,11106.706,11078.147,11228.0,11176.141
2026-09-20 22:00:00,10724.487,10738.792,10667.376,10831.0,10742.334
2026-09-20 23:00:00,10292.652,10305.247,10236.826,10281.0,10320.412
2026-09-21 00:00:00,9940.372,9954.506,9873.145,9878.0,9914.183
2026-09-21 01:00:00,9482.132,9543.882,9431.296,9393.0,9507.537
2026-09-21 02:00:00,9254.244,9273.008,9223.977,9153.0,9257.369
2026-09-21 03:00:00,9129.593,9176.892,9089.587,9046.0,9134.975
2026-09-21 04:00:00,9051.729,9072.26,9041.09,8981.0,9045.657
2026-09-21 05:00:00,9106.449,9136.618,9089.744,9036.0,9118.065
2026-09-21 06:00:00,9373.459,9400.344,9343.867,9384.0,9374.191
2026-09-21 07:00:00,9725.096,9730.416,9703.021,9803.0,9679.526
2026-09-21 08:00:00,10294.955,10306.276,10259.368,10318.0,10275.086
2026-09-21 09:00:00,10901.649,10872.628,10893.027,11007.0,10894.73
2026-09-21 10:00:00,11160.093,11151.834,11200.533,11332.0,11226.322
2026-09-21 11:00:00,11207.55,11232.451,11295.456,11430.0,11296.198
2026-09-21 12:00:00,11136.075,11183.123,11242.422,11362.0,11263.306
2026-09-21 13:00:00,11110.481,11148.082,11196.97,11426.0,11216.788
2026-09-21 14:00:00,11083.892,11143.59,11200.703,11411.0,11238.033
2026-09-21 15:00:00,11060.217,11068.142,11157.975,11308.0,11139.743
2026-09-21 16:00:00,11082.086,11145.535,11194.943,11438.0,11234.005
2026-09-21 17:00:00,10895.825,10934.546,11065.019,11211.0,11001.969
2026-09-21 18:00:00,10896.569,10924.79,11051.6875,11115.0,11025.412
2026-09-21 19:00:00,11019.3125,11043.541,11186.465,11326.0,11173.867
2026-09-21 20:00:00,11213.733,11237.042,11344.03,11483.0,11437.417
2026-09-21 21:00:00,11174.762,11209.091,11294.835,11378.0,11354.478
2026-09-21 22:00:00,10900.726,10945.848,10985.635,11085.0,11056.728
2026-09-21 23:00:00,10394.623,10436.306,10493.425,10541.0,10566.026
2026-09-22 00:00:00,9901.924,9960.728,10049.476,10064.0,10058.745
2026-09-22 01:00:00,9461.081,9529.48,9614.203,9648.0,9613.277
2026-09-22 02:00:00,9231.263,9257.156,9398.852,9365.0,9360.211
2026-09-22 03:00:00,9125.289,9170.425,9271.904,9293.0,9270.11
2026-09-22 04:00:00,9042.11,9091.943,9238.728,9248.0,9198.106
2026-09-22 05:00:00,9101.725,9159.89,9303.994,9309.0,9272.254
2026-09-22 06:00:00,9413.772,9471.583,9597.337,9659.0,9576.501
2026-09-22 07:00:00,9770.752,9826.818,9928.105,9936.0,9903.928
2026-09-22 08:00:00,10321.472,10364.494,10482.307,10486.0,10429.889
2026-09-22 09:00:00,10914.999,10920.634,11083.313,11105.0,11033.186
2026-09-22 10:00:00,11152.3125,11138.261,11304.321,11431.0,11248.187
2026-09-22 11:00:00,11190.139,11203.1,11358.615,11471.0,11299.367
2026-09-22 12:00:00,11100.653,11121.51,11264.36,11296.0,11201.632
2026-09-22 13:00:00,11070.428,11060.508,11182.26,11279.0,11140.151
2026-09-22 14:00:00,11042.758,11047.367,11143.033,11304.0,11130.08
2026-09-22 15:00:00,11017.1455,11022.699,11133.576,11241.0,11096.307
2026-09-22 16:00:00,11032.338,11050.668,11158.561,11362.0,11134.817
2026-09-22 17:00:00,10836.981,10840.185,11014.156,11075.0,10892.556
2026-09-22 18:00:00,10847.6875,10868.014,11040.389,11113.0,10932.095
2026-09-22 19:00:00,10987.639,11023.145,11223.913,11262.0,11094.279
2026-09-22 20:00:00,11182.463,11214.994,11401.267,11485.0,11372.217
2026-09-22 21:00:00,11130.762,11187.363,11327.796,11440.0,11308.861
2026-09-22 22:00:00,10829.606,10892.189,10987.515,11182.0,10998.233
2026-09-22 23:00:00,10330.096,10399.445,10515.738,10684.0,10501.754
2026-09-23 00:00:00,10044.523,10037.396,10055.479,10107.0,10077.795
2026-09-23 01:00:00,9604.012,9616.947,9624.782,9668.0,9624.737
2026-09-23 02:00:00,9367.011,9352.464,9401.007,9438.0,9372.408
2026-09-23 03:00:00,9268.275,9267.728,9263.554,9250.0,9268.179
2026-09-23 04:00:00,9198.975,9197.787,9232.174,9239.0,9218.688
2026-09-23 05:00:00,9265.352,9265.046,9304.723,9295.0,9315.268
2026-09-23 06:00:00,9581.299,9578.725,9605.681,9606.0,9637.258
2026-09-23 07:00:00,9911.0,9904.895,9938.65,9929.0,9942.351
2026-09-23 08:00:00,10455.248,10451.963,10509.548,10423.0,10498.436
2026-09-23 09:00:00,11052.688,11027.679,11128.15,11094.0,11094.473
2026-09-23 10:00:00,11325.744,11313.812,11413.36,11460.0,11405.983
2026-09-23 11:00:00,11377.787,11403.656,11500.213,11498.0,11477.063
2026-09-23 12:00:00,11304.291,11334.541,11431.721,11372.0,11419.128
2026-09-23 13:00:00,11285.153,11287.456,11363.08,11278.0,11370.46
2026-09-23 14:00:00,11251.444,11251.953,11302.864,11340.0,11337.024
2026-09-23 15:00:00,11216.029,11171.382,11257.371,11231.0,11224.195
2026-09-23 16:00:00,11243.199,11218.14,11290.78,11294.0,11298.386
2026-09-23 17:00:00,11079.274,11007.791,11090.422,11075.0,11047.903
2026-09-23 18:00:00,11065.204,11029.758,11099.15,11064.0,11086.461
2026-09-23 19:00:00,11216.99,11194.065,11276.265,11254.0,11268.898
2026-09-23 20:00:00,11375.018,11362.645,11437.033,11362.0,11518.452
2026-09-23 21:00:00,11297.456,11295.072,11330.222,11308.0,11374.971
2026-09-23 22:00:00,11003.318,10985.479,10997.321,11183.0,11040.359
2026-09-23 23:00:00,10506.731,10488.688,10514.058,10535.0,10536.681
2026-09-24 00:00:00,10076.478,10081.823,10065.338,10036.0,10102.385
2026-09-24 01:00:00,9640.596,9676.209,9663.871,9566.0,9666.806
2026-09-24 02:00:00,9393.518,9410.262,9439.941,9304.0,9421.315
2026-09-24 03:00:00,9278.732,9315.334,9306.1455,9159.0,9309.597
2026-09-24 04:00:00,9211.361,9255.046,9278.407,9199.0,9256.95
2026-09-24 05:00:00,9265.802,9315.04,9339.952,9247.0,9339.862
2026-09-24 06:00:00,9561.111,9603.817,9627.634,9574.0,9632.481
2026-09-24 07:00:00,9900.263,9934.16,9957.956,9877.0,9979.29
2026-09-24 08:00:00,10427.074,10456.058,10497.626,10445.0,10507.279
2026-09-24 09:00:00,11027.668,11018.959,11117.808,11006.0,11103.65
2026-09-24 10:00:00,11305.938,11319.914,11426.0205,11418.0,11429.13
2026-09-24 11:00:00,11357.079,11418.571,11532.736,11460.0,11520.807
2026-09-24 12:00:00,11281.865,11361.964,11475.538,11479.0,11477.341
2026-09-24 13:00:00,11273.037,11333.817,11422.827,11403.0,11459.476
2026-09-24 14:00:00,11243.885,11306.452,11392.328,11359.0,11428.01
2026-09-24 15:00:00,11218.199,11272.407,11378.708,11217.0,11392.064
2026-09-24 16:00:00,11245.333,11299.484,11405.687,11415.0,11427.821
2026-09-24 17:00:00,11051.122,11090.963,11197.349,11206.0,11191.058
2026-09-24 18:00:00,11052.696,11080.867,11168.283,11182.0,11162.662
2026-09-24 19:00:00,11213.141,11236.332,11322.61,11375.0,11323.383
2026-09-24 20:00:00,11375.169,11399.26,11447.604,11377.0,11514.6045
2026-09-24 21:00:00,11297.144,11325.461,11347.799,11259.0,11401.414
2026-09-24 22:00:00,11018.112,11008.571,10999.485,11050.0,11067.901
2026-09-24 23:00:00,10537.462,10546.421,10539.264,10510.0,10597.679
2026-09-25 00:00:00,10063.549,10026.899,10037.207,9927.0,10046.616
2026-09-25 01:00:00,9606.225,9595.695,9597.9795,9497.0,9597.29
2026-09-25 02:00:00,9352.863,9330.829,9368.789,9232.0,9332.239
2026-09-25 03:00:00,9237.669,9236.246,9226.285,9126.0,9217.637
2026-09-25 04:00:00,9182.445,9185.824,9181.3125,9107.0,9175.149
2026-09-25 05:00:00,9234.334,9245.288,9226.796,9148.0,9247.094
2026-09-25 06:00:00,9531.245,9538.68,9510.804,9502.0,9520.647
2026-09-25 07:00:00,9860.613,9872.132,9862.685,9879.0,9839.346
2026-09-25 08:00:00,10410.219,10399.69,10388.1875,10410.0,10359.89
2026-09-25 09:00:00,11024.797,10989.032,11018.615,11015.0,11016.6
2026-09-25 10:00:00,11310.297,11268.257,11312.739,11316.0,11294.898
2026-09-25 11:00:00,11358.966,11351.85,11411.987,11381.0,11384.155
2026-09-25 12:00:00,11287.729,11283.034,11352.582,11365.0,11293.475
2026-09-25 13:00:00,11271.805,11259.424,11297.333,11289.0,11290.71
2026-09-25 14:00:00,11252.813,11247.416,11289.552,11286.0,11291.179
2026-09-25 15:00:00,11229.771,11233.785,11285.98,11231.0,11269.004
2026-09-25 16:00:00,11251.825,11267.387,11329.871,11221.0,11308.813
2026-09-25 17:00:00,11091.853,11054.776,11117.847,11046.0,11104.49
2026-09-25 18:00:00,11124.341,11082.802,11120.01,11087.0,11139.33
2026-09-25 19:00:00,11223.503,11219.47,11258.87,11282.0,11299.506
2026-09-25 20:00:00,11360.374,11344.198,11356.583,11394.0,11446.571
2026-09-25 21:00:00,11304.46,11292.52,11276.969,11292.0,11359.513
2026-09-25 22:00:00,11052.932,11026.081,10960.541,11087.0,11090.713
2026-09-25 23:00:00,10592.334,10573.643,10525.757,10633.0,10638.193
2026-09-26 00:00:00,10108.863,10102.83,10120.435,10136.0,10141.917
2026-09-26 01:00:00,9673.795,9698.986,9705.928,9782.0,9719.667
2026-09-26 02:00:00,9375.268,9399.403,9415.735,9419.0,9428.789
2026-09-26 03:00:00,9243.022,9289.954,9283.563,9365.0,9307.034
2026-09-26 04:00:00,9183.394,9238.631,9226.756,9187.0,9268.754
2026-09-26 05:00:00,9189.819,9259.861,9259.578,9200.0,9305.871
2026-09-26 06:00:00,9292.684,9400.352,9366.326,9411.0,9411.677
2026-09-26 07:00:00,9463.9,9593.835,9501.777,9442.0,9555.067
2026-09-26 08:00:00,9805.018,9947.05,9844.574,9747.0,9866.937
2026-09-26 09:00:00,10426.564,10540.652,10459.549,10398.0,10493.097
2026-09-26 10:00:00,10888.953,10972.656,10970.213,10882.0,10978.038
2026-09-26 11:00:00,11043.176,11134.212,11149.36,11048.0,11145.048
2026-09-26 12:00:00,11046.672,11160.056,11187.828,11097.0,11195.121
2026-09-26 13:00:00,11012.629,11106.902,11128.908,11156.0,11152.969
2026-09-26 14:00:00,10992.861,11083.0205,11100.723,11180.0,11149.297
2026-09-26 15:00:00,10952.108,11060.44,11088.352,11105.0,11118.231
2026-09-26 16:00:00,10926.956,11064.855,11110.231,11098.0,11117.734
2026-09-26 17:00:00,10887.597,10966.839,11093.113,11086.0,11093.262
2026-09-26 18:00:00,10974.099,11051.415,11214.135,11179.0,11203.589
2026-09-26 19:00:00,11083.855,11179.607,11331.033,11362.0,11313.904
2026-09-26 20:00:00,11258.966,11316.109,11459.674,11382.0,11486.698
2026-09-26 21:00:00,11264.607,11282.707,11391.214,11270.0,11435.789
2026-09-26 22:00:00,10912.5,10948.124,11049.111,10979.0,11057.775
2026-09-26 23:00:00,10497.548,10536.424,10639.657,10555.0,10662.3955
2026-09-27 00:00:00,10114.499,10086.09,10172.637,10065.0,10193.451
2026-09-27 01:00:00,9655.647,9652.39,9733.127,9695.0,9747.471
2026-09-27 02:00:00,9381.323,9355.763,9433.619,9358.0,9446.4375
2026-09-27 03:00:00,9217.249,9218.084,9283.61,9212.0,9282.064
2026-09-27 04:00:00,9135.935,9151.049,9200.737,9176.0,9228.515
2026-09-27 05:00:00,9135.651,9157.038,9201.09,9171.0,9254.741
2026-09-27 06:00:00,9183.886,9222.09,9262.075,9277.0,9324.4375
2026-09-27 07:00:00,9251.015,9322.023,9327.304,9336.0,9404.206
2026-09-27 08:00:00,9531.072,9633.014,9627.98,9616.0,9690.0205
2026-09-27 09:00:00,10144.764,10230.929,10220.874,10173.0,10299.655
2026-09-27 10:00:00,10605.871,10709.065,10714.932,10666.0,10777.155
2026-09-27 11:00:00,10831.032,10909.367,10925.784,10909.0,10990.347
2026-09-27 12:00:00,10934.802,10964.609,10971.444,10870.0,11054.867
2026-09-27 13:00:00,10951.946,10920.272,10923.234,10847.0,11023.832
2026-09-27 14:00:00,10947.873,10918.412,10918.733,10782.0,11037.184
2026-09-27 15:00:00,10927.248,10906.495,10903.584,10758.0,11006.533
2026-09-27 16:00:00,10914.441,10912.499,10933.332,10786.0,11002.283
2026-09-27 17:00:00,10960.556,10913.316,10952.179,10802.0,10977.292
2026-09-27 18:00:00,11052.123,10998.306,11081.869,10911.0,11103.679
2026-09-27 19:00:00,11211.009,11174.683,11255.484,11185.0,11307.663
2026-09-27 20:00:00,11382.274,11327.949,11387.93,11296.0,11499.17
2026-09-27 21:00:00,11308.806,11263.687,11306.1875,11321.0,11415.62
2026-09-27 22:00:00,10908.144,10915.195,10936.736,10972.0,11051.844
2026-09-27 23:00:00,10417.596,10444.967,10448.872,10468.0,10585.129
2026-09-28 00:00:00,10037.748,10035.388,10036.7705,10025.0,10072.615
2026-09-28 01:00:00,9583.942,9632.393,9571.676,9516.0,9638.538
2026-09-28 02:00:00,9339.76,9364.226,9365.703,9302.0,9387.693
2026-09-28 03:00:00,9216.09,9261.946,9235.072,9207.0,9282.661
2026-09-28 04:00:00,9166.41,9232.669,9225.001,9105.0,9262.269
2026-09-28 05:00:00,9220.806,9291.326,9292.022,9211.0,9348.874
2026-09-28 06:00:00,9536.509,9625.411,9586.538,9555.0,9650.976
2026-09-28 07:00:00,9912.922,9982.806,9958.799,9948.0,10006.194
2026-09-28 08:00:00,10453.65,10535.085,10507.744,10467.0,10567.514
2026-09-28 09:00:00,11051.37,11085.218,11146.852,11176.0,11158.331
2026-09-28 10:00:00,11354.037,11375.53,11447.829,11412.0,11478.087
2026-09-28 11:00:00,11404.787,11438.261,11551.307,11424.0,11527.393
2026-09-28 12:00:00,11359.205,11381.82,11469.373,11339.0,11449.194
2026-09-28 13:00:00,11353.766,11328.57,11409.09,11297.0,11414.219
2026-09-28 14:00:00,11306.121,11304.311,11384.652,11180.0,11406.145
2026-09-28 15:00:00,11263.34,11211.878,11315.548,11160.0,11303.896
2026-09-28 16:00:00,11291.254,11268.628,11358.081,11224.0,11364.275
2026-09-28 17:00:00,11122.974,11045.193,11140.144,11073.0,11127.001
2026-09-28 18:00:00,11117.863,11079.797,11148.694,11003.0,11152.876
2026-09-28 19:00:00,11278.068,11271.632,11363.526,11383.0,11384.529
2026-09-28 20:00:00,11433.081,11437.566,11505.792,11481.0,11586.1875
2026-09-28 21:00:00,11345.021,11354.748,11406.854,11403.0,11482.23
2026-09-28 22:00:00,11069.025,11081.167,11100.919,11151.0,11202.95
2026-09-28 23:00:00,10555.028,10590.051,10620.107,10631.0,10723.443
2026-09-29 00:00:00,10052.77,10038.945,10122.599,10153.0,10159.17
2026-09-29 01:00:00,9596.764,9606.511,9666.504,9709.0,9683.258
2026-09-29 02:00:00,9359.492,9348.439,9455.336,9457.0,9445.735
2026-09-29 03:00:00,9245.347,9257.843,9332.942,9320.0,9362.574
2026-09-29 04:00:00,9184.901,9211.917,9318.074,9280.0,9327.904
2026-09-29 05:00:00,9257.191,9280.285,9395.676,9403.0,9411.42
2026-09-29 06:00:00,9603.129,9620.52,9733.032,9803.0,9755.4
2026-09-29 07:00:00,9959.961,9966.437,10092.948,10091.0,10063.025
2026-09-29 08:00:00,10508.317,10511.866,10634.353,10623.0,10621.125
2026-09-29 09:00:00,11073.234,11031.202,11218.975,11144.0,11171.565
2026-09-29 10:00:00,11354.679,11293.935,11509.67,11521.0,11466.147
2026-09-29 11:00:00,11396.74,11372.65,11593.305,11504.0,11521.291
2026-09-29 12:00:00,11309.787,11305.659,11512.67,11384.0,11434.653
2026-09-29 13:00:00,11284.91,11266.796,11456.609,11430.0,11412.896
2026-09-29 14:00:00,11248.693,11251.849,11441.566,11383.0,11433.418
2026-09-29 15:00:00,11215.275,11218.147,11441.921,11394.0,11388.446
2026-09-29 16:00:00,11253.424,11275.893,11482.303,11455.0,11449.371
2026-09-29 17:00:00,11054.857,11055.549,11301.014,11278.0,11215.704
2026-09-29 18:00:00,11063.089,11065.192,11305.385,11271.0,11232.677
2026-09-29 19:00:00,11243.047,11231.955,11472.899,11605.0,11416.148
2026-09-29 20:00:00,11397.457,11369.848,11575.577,11602.0,11574.382
2026-09-29 21:00:00,11311.473,11282.045,11474.36,11437.0,11455.836
2026-09-29 22:00:00,11046.138,10987.905,11169.482,11245.0,11155.535
2026-09-29 23:00:00,10547.622,10504.786,10688.627,10743.0,10670.456
