datetime_msk,actual,naive_week,ridge_fcst,lgb_noweather,lgb_fcst,lgb_oracle
2025-10-01 00:00:00,10663.0,10255.0,10669.957824437697,10739.51457392899,10561.16996760929,10608.569580099622
2025-10-01 01:00:00,10263.0,9786.0,10215.397592967429,10341.472819424454,10147.182748808791,10217.654318215013
2025-10-01 02:00:00,10039.0,9514.0,9963.484309867328,10086.841015674685,9924.932580500517,9982.205351226945
2025-10-01 03:00:00,9908.0,9421.0,9853.17049307456,9950.404252926635,9771.261124799339,9870.804065027323
2025-10-01 04:00:00,9874.0,9383.0,9801.940468092323,9934.802920437372,9737.78601928139,9841.7443110371
2025-10-01 05:00:00,10046.0,9493.0,9871.471023896609,10003.924151670699,9851.711733332824,9944.553545816098
2025-10-01 06:00:00,10337.0,9827.0,10164.161361634287,10304.119002750835,10147.123735213821,10224.036036065592
2025-10-01 07:00:00,10736.0,10261.0,10555.668177002775,10766.251031809188,10616.232056788373,10753.431064629724
2025-10-01 08:00:00,11222.0,10771.0,11035.87909960572,11269.86608390135,11120.485774589235,11167.484927316327
2025-10-01 09:00:00,11793.0,11424.0,11621.743656820094,11790.98242343113,11732.493130572268,11823.61248519095
2025-10-01 10:00:00,12013.0,11748.0,11922.575314657104,12148.324787392266,11994.92306117386,12121.629306853943
2025-10-01 11:00:00,11973.0,11772.0,11936.086294508723,12135.744791232437,11968.499817071568,12106.866389878698
2025-10-01 12:00:00,11756.0,11726.0,11871.401577250115,12051.048489698116,11881.182151236237,11967.1403342585
2025-10-01 13:00:00,11650.0,11740.0,11846.139666434581,12031.51932963455,11851.673669554162,11946.491049171678
2025-10-01 14:00:00,11627.0,11787.0,11862.445158301798,11951.33812088818,11771.092529388958,11904.633324483526
2025-10-01 15:00:00,11548.0,11776.0,11821.180023257746,11893.938058882268,11702.841438769296,11823.021942844225
2025-10-01 16:00:00,11490.0,11797.0,11858.555871047645,11977.174451348606,11781.591909735824,11873.746538329258
2025-10-01 17:00:00,11420.0,11588.0,11757.421926324934,11785.245611184717,11597.236627656332,11671.124642840205
2025-10-01 18:00:00,11543.0,11618.0,11821.825260739408,11941.19180635002,11708.10264339026,11826.782013248801
2025-10-01 19:00:00,12027.0,11848.0,12017.370160275445,12217.810996234628,12041.387656441198,12157.095583062377
2025-10-01 20:00:00,11956.0,11970.0,12091.77437829009,12192.979861102942,12045.18566811033,12113.390446443214
2025-10-01 21:00:00,11812.0,11792.0,11987.456064907477,12064.132253884916,11942.7941986215,12055.033676950863
2025-10-01 22:00:00,11575.0,11535.0,11761.180218743866,11837.099937882975,11723.095799652074,11849.463700840975
2025-10-01 23:00:00,11093.0,11067.0,11314.970953145028,11308.700796052695,11210.295656451406,11293.582470058665
2025-10-02 00:00:00,10646.0,10542.0,10778.851089173624,10927.259741651906,10720.705992690357,10826.69667129075
2025-10-02 01:00:00,10251.0,10061.0,10321.949047394737,10434.183944216998,10249.019734007297,10355.44370698272
2025-10-02 02:00:00,10020.0,9815.0,10068.56155574488,10198.998180004563,10036.128332390737,10134.324544027675
2025-10-02 03:00:00,9889.0,9665.0,9928.125923035834,10071.411114377044,9913.592155889728,10018.305743527284
2025-10-02 04:00:00,9911.0,9706.0,9924.914103946927,10096.561624047998,9921.277337369556,10011.59557419953
2025-10-02 05:00:00,9985.0,9797.0,9987.78365135891,10175.763603059097,10025.930000517732,10122.83764052391
2025-10-02 06:00:00,10367.0,10065.0,10259.78614660675,10425.039086649975,10288.243912674165,10371.061077136896
2025-10-02 07:00:00,10861.0,10467.0,10660.413893678606,10877.54680194266,10738.469856715685,10820.180069391557
2025-10-02 08:00:00,11197.0,10986.0,11176.285026715119,11447.6880318101,11285.918473211372,11336.747798961711
2025-10-02 09:00:00,11844.0,11617.0,11769.18263765016,11939.966825857395,11792.95017534509,11896.141426396138
2025-10-02 10:00:00,12069.0,11835.0,12014.811173438222,12184.578357426783,12097.006757324614,12198.128253889268
2025-10-02 11:00:00,12023.0,11806.0,11996.00587774567,12166.505814978536,12033.441441506204,12196.635360577104
2025-10-02 12:00:00,11899.0,11680.0,11861.282958066859,12004.787505287104,11838.729487169363,11989.945535264924
2025-10-02 13:00:00,11818.0,11644.0,11813.243968362185,11974.215549409073,11798.121267250355,11935.522695630876
2025-10-02 14:00:00,11797.0,11649.0,11803.428515718384,11946.09438838549,11757.628273815333,11900.982236791588
2025-10-02 15:00:00,11796.0,11646.0,11769.977774791663,11914.37519948869,11702.694757088608,11851.895984116456
2025-10-02 16:00:00,11726.0,11689.0,11829.018307677261,11978.998373823246,11741.724325952562,11889.02179405033
2025-10-02 17:00:00,11698.0,11539.0,11721.806641273368,11813.959759611393,11596.009453827392,11740.282680478535
2025-10-02 18:00:00,11713.0,11579.0,11812.858651143475,11933.509411799781,11710.548093045441,11883.201282743617
2025-10-02 19:00:00,12073.0,11821.0,12027.402565436872,12209.476314522431,12130.278027491782,12213.358618398239
2025-10-02 20:00:00,12028.0,11955.0,12081.131816618265,12194.971529168068,12078.442437449354,12156.938525256399
2025-10-02 21:00:00,11926.0,11846.0,11999.036532826374,12092.699855536897,11989.450720322553,12091.49279397988
2025-10-02 22:00:00,11663.0,11583.0,11759.503822166595,11859.45816261664,11730.339388364697,11890.746027595977
2025-10-02 23:00:00,11174.0,11070.0,11287.80960732301,11358.609206460906,11220.859609976846,11336.827400936569
2025-10-03 00:00:00,10705.0,10590.0,10805.79129844182,10934.152566629344,10821.843241847195,10856.12915289844
2025-10-03 01:00:00,10358.0,10071.0,10328.633031249467,10495.384026816251,10416.60646452915,10465.528503778512
2025-10-03 02:00:00,10194.0,9822.0,10087.014005879131,10250.16852582444,10181.596678155616,10212.752968682005
2025-10-03 03:00:00,10079.0,9744.0,9986.73569837533,10154.940441969,10081.051999950283,10101.286448838764
2025-10-03 04:00:00,10006.0,9676.0,9927.448125507173,10079.33625178275,10003.508632494715,10021.285119918235
2025-10-03 05:00:00,10099.0,9759.0,10002.098584209918,10225.504494345247,10117.051350552429,10163.054146426994
2025-10-03 06:00:00,10487.0,10154.0,10331.207178275827,10511.312341566747,10432.146683768431,10467.721796073301
2025-10-03 07:00:00,10916.0,10514.0,10727.346650917227,10914.752270810011,10809.183423558981,10861.241176422685
2025-10-03 08:00:00,11431.0,11009.0,11222.155407263972,11408.10178714266,11337.665052453802,11342.74288430545
2025-10-03 09:00:00,11976.0,11598.0,11793.541989171315,11952.723595097566,11879.514831110138,12009.019039024788
2025-10-03 10:00:00,12174.0,11819.0,12027.976037044891,12174.415881913605,12126.183732060728,12236.278451025502
2025-10-03 11:00:00,12047.0,11851.0,12040.429809305588,12172.870249217303,12112.621525694913,12222.85092805571
2025-10-03 12:00:00,11908.0,11745.0,11911.89340142821,11977.746072272555,11861.085003053708,12041.285835943761
2025-10-03 13:00:00,11840.0,11672.0,11844.878572573258,11906.765355931593,11793.782073741555,11978.417001358783
2025-10-03 14:00:00,11828.0,11633.0,11812.19743053609,11835.850605995487,11716.55198353571,11872.441226443994
2025-10-03 15:00:00,11779.0,11495.0,11707.810798352979,11814.293078170742,11663.55110325222,11768.836448066979
2025-10-03 16:00:00,11768.0,11612.0,11778.599932249143,11813.661270639062,11655.71244865167,11766.59318404741
2025-10-03 17:00:00,11681.0,11375.0,11634.246695240585,11661.115571036129,11506.055404754547,11620.692212170417
2025-10-03 18:00:00,11806.0,11379.0,11686.968667872045,11809.565646281502,11606.358842322668,11748.961746484647
2025-10-03 19:00:00,12138.0,11716.0,11943.811253947124,12146.968177202696,12081.936697106385,12174.833513239391
2025-10-03 20:00:00,12055.0,11774.0,11972.095557981627,12073.232451088856,12033.030611721386,12120.158549748527
2025-10-03 21:00:00,11983.0,11706.0,11909.036019318699,11954.189128960572,11903.968557473852,12023.61608063269
2025-10-03 22:00:00,11740.0,11470.0,11686.448245057038,11784.812539606812,11678.108486599942,11796.57802997442
2025-10-03 23:00:00,11306.0,11018.0,11250.315713698714,11298.916536852788,11251.257910506096,11294.213592078724
2025-10-04 00:00:00,10941.0,10593.0,10824.127277517193,10957.809177596337,10872.928357316918,10884.61340381805
2025-10-04 01:00:00,10477.0,10129.0,10380.376229054791,10496.34678208334,10464.23911603905,10488.305917776715
2025-10-04 02:00:00,10217.0,9828.0,10108.531530490733,10265.669478944963,10213.231678269574,10220.456941771976
2025-10-04 03:00:00,10089.0,9664.0,9986.433154022969,10104.285497218207,10049.436001032944,10054.561339380007
2025-10-04 04:00:00,9998.0,9646.0,9951.038776181804,10083.907388692101,10042.47758490052,10051.118210527116
2025-10-04 05:00:00,10022.0,9655.0,9984.437738618326,10063.344628931054,10030.437115105635,10052.982946469494
2025-10-04 06:00:00,10234.0,9764.0,10170.629688500823,10195.603709789633,10209.76176968709,10229.127911966345
2025-10-04 07:00:00,10305.0,9838.0,10393.209942571308,10311.778463116938,10278.430394024921,10323.432366080287
2025-10-04 08:00:00,10576.0,10218.0,10813.547816686403,10628.550234253753,10653.316212670774,10636.118332308599
2025-10-04 09:00:00,11259.0,10791.0,11406.093067704107,11286.92773083567,11378.019278150481,11312.26218428868
2025-10-04 10:00:00,11700.0,11181.0,11750.866290025351,11670.29833973754,11774.40011243339,11721.145215912607
2025-10-04 11:00:00,11871.0,11340.0,11851.462143934237,11740.454037847243,11834.14868280495,11810.336442097945
2025-10-04 12:00:00,11839.0,11267.0,11746.801016994583,11719.92967115267,11793.110584577958,11741.23383836534
2025-10-04 13:00:00,11802.0,11205.0,11688.996982547193,11615.881616438932,11698.900841038483,11677.32804596484
2025-10-04 14:00:00,11800.0,11196.0,11651.029458422285,11596.679594388283,11645.17702926611,11645.457419062395
2025-10-04 15:00:00,11789.0,11107.0,11585.279971533335,11567.367151055214,11576.894786278146,11567.097856697013
2025-10-04 16:00:00,11775.0,11147.0,11603.47954042827,11550.7245882111,11537.490014590949,11566.756030778606
2025-10-04 17:00:00,11788.0,11157.0,11585.384183585398,11557.943580783549,11517.92560310545,11578.256344349851
2025-10-04 18:00:00,11957.0,11280.0,11704.509120018458,11658.993054206212,11611.690750608428,11666.237271284406
2025-10-04 19:00:00,12248.0,11641.0,11985.212842373587,11961.09626898578,12067.701900688997,12041.77003565217
2025-10-04 20:00:00,12050.0,11653.0,11961.030562607577,11931.965235453152,12003.141754857066,11966.350329175304
2025-10-04 21:00:00,11985.0,11543.0,11875.519245746125,11883.588191254263,11926.427852021963,11891.558779061035
2025-10-04 22:00:00,11597.0,11239.0,11614.945489930124,11593.096974659109,11625.082836186783,11588.48310493912
2025-10-04 23:00:00,11200.0,10838.0,11200.562937108603,11191.500671703125,11256.88612001966,11201.379507233485
2025-10-05 00:00:00,10851.0,10471.0,10681.118206726109,10834.124153720144,10748.709705695246,10729.571336401252
2025-10-05 01:00:00,10393.0,9970.0,10217.094685461474,10391.483292572833,10316.57772692056,10292.42669191099
2025-10-05 02:00:00,10274.0,9791.0,9999.78386816029,10218.719747862977,10166.079123027246,10139.543071128133
2025-10-05 03:00:00,10078.0,9623.0,9843.404625898173,10035.062562505589,9993.618305477545,9918.06065024634
2025-10-05 04:00:00,9959.0,9524.0,9767.158076005178,9939.25759484606,9921.34570630428,9805.006218378729
2025-10-05 05:00:00,9909.0,9553.0,9788.350996892807,9905.501998669793,9894.1097676773,9770.97878421257
2025-10-05 06:00:00,10006.0,9678.0,9983.042363054568,10104.160768365688,10080.806418667022,9962.6381880903
2025-10-05 07:00:00,10086.0,9655.0,10154.252815413294,10096.63578427441,10050.201546166485,9927.164737667605
2025-10-05 08:00:00,10298.0,10000.0,10542.185223287695,10510.033568321478,10469.542809500681,10372.276602138138
2025-10-05 09:00:00,10873.0,10548.0,11101.953539373988,10912.9459911186,10956.21799069411,10878.938692195374
2025-10-05 10:00:00,11316.0,11002.0,11467.239283427494,11406.70300277828,11430.992528751996,11377.391220563351
2025-10-05 11:00:00,11453.0,11138.0,11543.421535368867,11448.472072529468,11447.373440933103,11397.15192874491
2025-10-05 12:00:00,11525.0,11168.0,11505.228074306273,11409.4638925908,11382.530713770799,11349.38465058412
2025-10-05 13:00:00,11548.0,11075.0,11432.862227885738,11324.664637090164,11320.736203587183,11290.672980509404
2025-10-05 14:00:00,11518.0,11126.0,11456.81808414564,11305.569924495905,11291.22259982651,11271.65075724512
2025-10-05 15:00:00,11517.0,10999.0,11381.594946346218,11269.410770730028,11266.027474090324,11222.018686818294
2025-10-05 16:00:00,11526.0,11079.0,11432.697514910096,11268.99781805008,11324.76456581396,11263.135383205961
2025-10-05 17:00:00,11614.0,11079.0,11423.995588412554,11295.341786571878,11317.409394987362,11253.289235776307
2025-10-05 18:00:00,11839.0,11278.0,11544.591927459618,11517.089555166942,11547.295905376439,11483.50970104695
2025-10-05 19:00:00,12057.0,11588.0,11762.893488541913,11811.340723366899,11794.118055578945,11729.088870696183
2025-10-05 20:00:00,11880.0,11769.0,11813.84990964603,11852.00260548252,11844.742709612321,11742.078574404131
2025-10-05 21:00:00,11741.0,11726.0,11759.727435285244,11791.953340962491,11710.626552463604,11693.085050732087
2025-10-05 22:00:00,11472.0,11369.0,11461.409726890366,11517.643573493207,11446.061710668415,11415.225577339914
2025-10-05 23:00:00,10919.0,10931.0,11031.75276679351,11054.302848347987,11007.193868437535,10964.76262946198
2025-10-06 00:00:00,10476.0,10437.0,10694.178813386412,10743.608721023276,10631.716209437414,10649.91047791532
2025-10-06 01:00:00,10046.0,10105.0,10310.143567109615,10386.863604760585,10201.737922382341,10211.687743606817
2025-10-06 02:00:00,9793.0,9815.0,10042.907075539793,10129.375624952298,9977.348455690078,9978.705124214464
2025-10-06 03:00:00,9604.0,9700.0,9906.80018684965,10012.3898925609,9868.11827478788,9861.893158754016
2025-10-06 04:00:00,9608.0,9713.0,9866.646878732527,9987.203031697161,9838.677690345774,9832.408157567912
2025-10-06 05:00:00,9708.0,9768.0,9912.471424484182,10028.661605856887,9888.651822826874,9873.518169538182
2025-10-06 06:00:00,10024.0,10116.0,10215.651079265823,10441.296989132192,10278.237300000632,10267.775937625347
2025-10-06 07:00:00,10558.0,10571.0,10633.365317178923,10924.680814897825,10762.686521063775,10748.831811151664
2025-10-06 08:00:00,10972.0,11085.0,11130.452861745665,11395.634449011075,11208.606560845652,11153.615848784922
2025-10-06 09:00:00,11667.0,11700.0,11735.343181761024,11919.02294931417,11747.709016969957,11589.18396045661
2025-10-06 10:00:00,11893.0,12058.0,12071.264702556931,12204.720271496975,12100.81037003732,12066.978068350498
2025-10-06 11:00:00,11974.0,11994.0,12064.711302722873,12178.823674252732,12137.63539162632,12103.290283236955
2025-10-06 12:00:00,11866.0,11887.0,11953.821664894927,12087.68352949869,12059.320136088652,12026.98984101818
2025-10-06 13:00:00,11841.0,11880.0,11945.415845517311,12035.428796234228,11984.480600822677,11940.11101838425
2025-10-06 14:00:00,11751.0,11778.0,11886.50414612292,12015.93511356322,11988.90576989851,11914.509798486148
2025-10-06 15:00:00,11739.0,11679.0,11822.076253709607,11996.701569350545,11935.945541591364,11842.64636748025
2025-10-06 16:00:00,11728.0,11825.0,11885.844067105367,12023.658452883696,11971.248279059395,11916.036575800514
2025-10-06 17:00:00,11602.0,11570.0,11725.793419665653,11953.166650654724,11861.903548971573,11789.019261130908
2025-10-06 18:00:00,11710.0,11713.0,11837.50553419816,12050.015338861602,11991.255637688775,11943.408159867418
2025-10-06 19:00:00,12038.0,12016.0,12040.942769380925,12289.564820918577,12268.414989602625,12237.446961162965
2025-10-06 20:00:00,11857.0,11970.0,11966.654827002652,12146.128410418845,12032.152233380904,12007.532649537488
2025-10-06 21:00:00,11648.0,11876.0,11885.477260286294,12073.91343840873,11959.203566516977,11958.294397602758
2025-10-06 22:00:00,11410.0,11637.0,11641.807116610089,11691.008111981033,11564.260876316142,11562.879468999998
2025-10-06 23:00:00,10950.0,11083.0,11160.126540044386,11327.170553841692,11149.464565546688,11046.149762197727
2025-10-07 00:00:00,10398.0,10675.0,10638.730133315523,10727.724692367763,10662.657847696768,10658.334617464841
2025-10-07 01:00:00,10063.0,10168.0,10147.088694297081,10229.625429134427,10212.049978169194,10221.482362779145
2025-10-07 02:00:00,9861.0,9958.0,9922.318840790162,10121.814248781478,10095.256293397424,10105.257431580872
2025-10-07 03:00:00,9760.0,9854.0,9798.414171527764,9966.898194349273,9943.205117564848,9967.578066932942
2025-10-07 04:00:00,9685.0,9884.0,9761.875487315103,9927.904207123012,9908.649170415865,9899.446962360089
2025-10-07 05:00:00,9789.0,9961.0,9811.024194575264,9976.385574703594,9931.283770904924,9948.915273590048
2025-10-07 06:00:00,10145.0,10241.0,10066.450797447947,10342.605511860007,10295.053719276359,10317.881910297685
2025-10-07 07:00:00,10592.0,10734.0,10456.701380751676,10770.450313012458,10691.29299138014,10698.95705988683
2025-10-07 08:00:00,10964.0,11290.0,10945.142207672376,11285.068184970894,11145.319954441467,11120.819982027173
2025-10-07 09:00:00,11496.0,11829.0,11519.650429911237,11781.61793396667,11535.278140497829,11547.901030170648
2025-10-07 10:00:00,11711.0,12076.0,11814.82409469569,12007.93930638099,11870.99229642469,11837.767504350595
2025-10-07 11:00:00,11615.0,12012.0,11826.584393702879,12018.44580559653,11907.473777784657,11896.115037490707
2025-10-07 12:00:00,11495.0,11826.0,11728.762580744022,11946.173538156454,11857.916884771128,11855.387337299075
2025-10-07 13:00:00,11518.0,11745.0,11673.422897287828,11911.19977319589,11809.859459311472,11781.177391432026
2025-10-07 14:00:00,11508.0,11781.0,11675.973498436042,11881.166725464987,11811.744277056383,11736.308921505552
2025-10-07 15:00:00,11484.0,11706.0,11579.726525374228,11875.015520244415,11741.329841575816,11670.722558204367
2025-10-07 16:00:00,11507.0,11816.0,11631.122700895388,11916.447424418006,11789.194719896219,11748.940491151576
2025-10-07 17:00:00,11475.0,11586.0,11517.604574354738,11891.866358566278,11654.25385142241,11680.474987036105
2025-10-07 18:00:00,11582.0,11671.0,11621.988990098078,12094.883346237251,11940.619053858858,11932.794362943063
2025-10-07 19:00:00,11928.0,12011.0,11868.333119024688,12240.825176468166,12219.901698162386,12227.318608579259
2025-10-07 20:00:00,11794.0,12080.0,11849.441202876602,12086.15494472408,12005.660071264423,12024.71630601016
2025-10-07 21:00:00,11624.0,11956.0,11756.455021568923,11975.150223667833,11885.795430599752,11880.094654746385
2025-10-07 22:00:00,11361.0,11635.0,11476.685014748715,11593.775614909002,11494.749939581221,11452.90885151011
2025-10-07 23:00:00,10890.0,11159.0,11025.092154224807,11241.322520539348,10986.707985670242,10970.183921258133
2025-10-08 00:00:00,10487.0,10663.0,10522.964350416603,10686.487078637267,10602.14322112241,10552.739677575011
2025-10-08 01:00:00,10043.0,10263.0,10103.289947915113,10230.164028671652,10197.876839864266,10171.327905878075
2025-10-08 02:00:00,9783.0,10039.0,9877.664740060976,10022.545609608324,9942.895904163664,9931.405571356032
2025-10-08 03:00:00,9705.0,9908.0,9728.812419018299,9817.060251091532,9755.641344448735,9744.953253505395
2025-10-08 04:00:00,9587.0,9874.0,9667.747715410249,9779.33121781619,9733.367705386132,9719.103985389715
2025-10-08 05:00:00,9774.0,10046.0,9767.021164661077,9870.829613653528,9807.57361507447,9791.695310462292
2025-10-08 06:00:00,10179.0,10337.0,10046.819454069793,10211.617285422015,10174.401137384924,10150.099468240294
2025-10-08 07:00:00,10732.0,10736.0,10432.9036049381,10664.90432903798,10638.985677951763,10607.496564653879
2025-10-08 08:00:00,11012.0,11222.0,10894.777014289582,11210.53285670463,11009.754955400003,11003.430912021373
2025-10-08 09:00:00,11564.0,11793.0,11473.626195738134,11814.211393208683,11724.048427955939,11681.407633309482
2025-10-08 10:00:00,11611.0,12013.0,11737.695231711532,12013.593623219167,11948.446104807814,11956.890725471085
2025-10-08 11:00:00,11657.0,11973.0,11747.804037469534,12064.772544528274,12007.55318509582,12004.947535726664
2025-10-08 12:00:00,11533.0,11756.0,11600.580051870307,11955.60126828881,11844.029528832529,11871.11490297584
2025-10-08 13:00:00,11491.0,11650.0,11515.430116203945,11939.445255573963,11771.915491388525,11805.59355693471
2025-10-08 14:00:00,11458.0,11627.0,11495.80369629299,11877.742438854557,11699.017562313871,11735.242122553467
2025-10-08 15:00:00,11409.0,11548.0,11426.577093194392,11877.836450954132,11658.461769825577,11674.145397700378
2025-10-08 16:00:00,11462.0,11490.0,11409.41303513453,11873.888176399489,11630.307491429618,11641.959144593146
2025-10-08 17:00:00,11344.0,11420.0,11360.052018358045,11785.534274238078,11504.630432421718,11552.417793155058
2025-10-08 18:00:00,11547.0,11543.0,11492.95602543308,11921.398239604943,11678.498323606802,11709.959090144073
2025-10-08 19:00:00,11855.0,12027.0,11801.226350294413,12197.148747298586,12147.753404300393,12154.693645169145
2025-10-08 20:00:00,11712.0,11956.0,11725.95978521199,12035.073912629154,11935.780703502032,11955.926117800434
2025-10-08 21:00:00,11605.0,11812.0,11623.013417008204,11862.665934847368,11787.515928487299,11746.037139991422
2025-10-08 22:00:00,11289.0,11575.0,11404.711139458816,11616.764987503027,11461.799567698443,11441.032538126246
2025-10-08 23:00:00,10845.0,11093.0,10954.344303473155,11179.823239706917,11024.17306343894,11010.79652152431
2025-10-09 00:00:00,10351.0,10646.0,10512.513539608944,10583.188228442223,10539.381103612246,10528.153566720772
2025-10-09 01:00:00,10078.0,10251.0,10105.573338009675,10157.463159809147,10150.085323706784,10139.11970772501
2025-10-09 02:00:00,9830.0,10020.0,9867.142608170003,9950.897704035207,9925.39271997721,9897.323465840886
2025-10-09 03:00:00,9812.0,9889.0,9745.31412934673,9849.950846593601,9834.663278112086,9826.883352300363
2025-10-09 04:00:00,9750.0,9911.0,9728.527787050409,9770.335400152362,9748.876963635086,9749.209222848638
2025-10-09 05:00:00,9770.0,9985.0,9797.678978589993,9913.792900849645,9879.006130994103,9863.861701352187
2025-10-09 06:00:00,10166.0,10367.0,10134.890611334984,10246.490214558455,10247.181484390914,10219.243382980647
2025-10-09 07:00:00,10666.0,10861.0,10597.270709992143,10698.022468612953,10685.534728611628,10659.219170914657
2025-10-09 08:00:00,11050.0,11197.0,10998.182324645928,11142.648602648536,11031.988228623095,10984.294676695941
2025-10-09 09:00:00,11604.0,11844.0,11614.892779496513,11678.577243221867,11649.553307330381,11561.6195810522
2025-10-09 10:00:00,11853.0,12069.0,11839.25643428121,11874.230455897494,11853.169262602622,11849.989950014156
2025-10-09 11:00:00,11779.0,12023.0,11804.497598979235,11840.64937636457,11810.224704886155,11828.306520301325
2025-10-09 12:00:00,11630.0,11899.0,11676.581089793362,11764.886371592012,11680.26360321918,11695.98686516203
2025-10-09 13:00:00,11641.0,11818.0,11613.994077261423,11772.064837450074,11643.11318896931,11654.194127008817
2025-10-09 14:00:00,11581.0,11797.0,11587.304603808301,11739.020398998377,11624.408895812903,11608.841318954757
2025-10-09 15:00:00,11554.0,11796.0,11560.072367117617,11739.837881762083,11588.283130551486,11605.880237666479
2025-10-09 16:00:00,11609.0,11726.0,11549.137253912828,11729.77641801972,11547.080481816602,11576.95252538544
2025-10-09 17:00:00,11586.0,11698.0,11527.245276461455,11686.808815539673,11541.06078231676,11554.70564496449
2025-10-09 18:00:00,11712.0,11713.0,11589.948105173062,11770.224080837355,11670.008315161987,11706.407489897558
2025-10-09 19:00:00,12026.0,12073.0,11853.627898157878,12026.112494260655,12075.787879332986,12066.700835798041
2025-10-09 20:00:00,11888.0,12028.0,11790.542161386995,11866.307984272704,11858.204168711534,11837.75092869264
2025-10-09 21:00:00,11710.0,11926.0,11698.56677168308,11749.74239853733,11778.35134820766,11713.113130456733
2025-10-09 22:00:00,11462.0,11663.0,11459.261940235278,11551.033995820464,11495.606752964712,11396.72804728058
2025-10-09 23:00:00,10940.0,11174.0,11002.03653710225,11048.741348911455,11047.243662476621,10975.504048756813
2025-10-10 00:00:00,10508.0,10705.0,10612.314879997886,10672.485183262246,10663.099290350581,10638.126224534564
2025-10-10 01:00:00,10073.0,10358.0,10225.814549787301,10199.133352990832,10212.822431319491,10174.598437781306
2025-10-10 02:00:00,9882.0,10194.0,10034.641325758139,9963.270052906679,9971.817962205463,9943.145912555525
2025-10-10 03:00:00,9825.0,10079.0,9914.065653561245,9827.700286175483,9855.419873861938,9807.41083052572
2025-10-10 04:00:00,9641.0,10006.0,9838.253177024966,9765.401745417463,9816.995331366958,9760.642056839732
2025-10-10 05:00:00,9748.0,10099.0,9917.020786826932,9937.911753889177,9929.092105446884,9891.682191446649
2025-10-10 06:00:00,10118.0,10487.0,10255.216551145455,10287.757401835255,10327.343170236185,10283.745273379067
2025-10-10 07:00:00,10714.0,10916.0,10674.358896660338,10815.454195970708,10829.974146754279,10776.243758862023
2025-10-10 08:00:00,11091.0,11431.0,11166.15916371862,11253.256519781486,11136.431223851863,11099.21090880439
2025-10-10 09:00:00,11677.0,11976.0,11735.137553521845,11724.99878505156,11617.469573977365,11568.802890757406
2025-10-10 10:00:00,11880.0,12174.0,11974.242995098244,11821.013076667843,11782.166399488655,11714.593416384256
2025-10-10 11:00:00,11918.0,12047.0,11946.156430932915,11861.25982818684,11860.107271552994,11837.407527886795
2025-10-10 12:00:00,11853.0,11908.0,11843.638899560641,11753.973594735877,11778.163293300564,11719.178601915579
2025-10-10 13:00:00,11785.0,11840.0,11811.472207529732,11737.099455803796,11765.970593397707,11684.162457483122
2025-10-10 14:00:00,11736.0,11828.0,11807.08128343229,11695.026486335248,11729.66878179714,11658.443570488602
2025-10-10 15:00:00,11621.0,11779.0,11751.66645845769,11629.87536085112,11675.358973988825,11584.773645215499
2025-10-10 16:00:00,11687.0,11768.0,11763.124455294415,11665.96569659095,11721.951761897775,11591.958624395274
2025-10-10 17:00:00,11748.0,11681.0,11689.046708129757,11637.009680320936,11660.013107902334,11502.234090866574
2025-10-10 18:00:00,11848.0,11806.0,11791.365055350707,11791.680484509734,11831.02608591853,11738.978980109116
2025-10-10 19:00:00,12167.0,12138.0,12019.459748496238,11993.419948946112,12101.478967238098,12040.914901576412
2025-10-10 20:00:00,11928.0,12055.0,11924.764415428132,11845.859578782116,11826.979000894376,11808.033702093531
2025-10-10 21:00:00,11737.0,11983.0,11836.62033437076,11751.212131525217,11730.9885893327,11675.07129598772
2025-10-10 22:00:00,11484.0,11740.0,11608.279668332862,11528.643566974026,11498.725722848463,11348.69623833359
2025-10-10 23:00:00,11078.0,11306.0,11178.756629827458,11105.321755451772,11099.267936242615,11016.494587908453
2025-10-11 00:00:00,10696.0,10941.0,10646.114550587321,10731.651023153589,10689.928037217634,10669.309595238301
2025-10-11 01:00:00,10271.0,10477.0,10196.321066842012,10291.584083316391,10334.288333123495,10316.22915081152
2025-10-11 02:00:00,9994.0,10217.0,9928.417116300907,10012.384744811803,10013.498826933517,9999.625252459653
2025-10-11 03:00:00,9858.0,10089.0,9796.710304460627,9941.238858300188,9924.863058416875,9921.198608336732
2025-10-11 04:00:00,9823.0,9998.0,9709.710977295641,9869.674406540253,9865.546996940739,9854.477434602879
2025-10-11 05:00:00,9820.0,10022.0,9748.19553363681,9838.17547984508,9865.783067576369,9851.659007928292
2025-10-11 06:00:00,9970.0,10234.0,10000.745376013432,10140.226572189826,10110.74561617548,10095.31863366549
2025-10-11 07:00:00,10234.0,10305.0,10235.653673078394,10347.55636039021,10280.082971376029,10276.310243790922
2025-10-11 08:00:00,10444.0,10576.0,10583.032988175613,10622.38898170691,10572.227865997358,10554.291758057558
2025-10-11 09:00:00,11067.0,11259.0,11232.81430433593,11195.893059680435,11044.994522631365,11058.429184190049
2025-10-11 10:00:00,11584.0,11700.0,11649.390151637672,11664.147940831217,11571.959392837774,11591.118376021657
2025-10-11 11:00:00,11698.0,11871.0,11763.662958558882,11684.903405792267,11679.888246223147,11713.898806058232
2025-10-11 12:00:00,11719.0,11839.0,11722.242955841359,11660.448208576545,11658.581535765312,11625.335722174877
2025-10-11 13:00:00,11700.0,11802.0,11623.624562919678,11657.479161962265,11615.832186564743,11577.364715293172
2025-10-11 14:00:00,11687.0,11800.0,11641.683101272585,11583.191683662173,11555.776945265481,11502.324347426558
2025-10-11 15:00:00,11622.0,11789.0,11602.625695364231,11574.255519936147,11541.214063428451,11523.724751189991
2025-10-11 16:00:00,11632.0,11775.0,11607.522694769432,11616.3781983922,11546.386147717778,11504.352120615316
2025-10-11 17:00:00,11660.0,11788.0,11597.813663871884,11645.671313316343,11570.376671903176,11497.98045341846
2025-10-11 18:00:00,11871.0,11957.0,11739.14525603434,11792.899317253563,11780.060113314445,11650.955295419424
2025-10-11 19:00:00,12106.0,12248.0,11945.547987039707,12002.799644476061,11976.654062975516,11933.183106650722
2025-10-11 20:00:00,11904.0,12050.0,11780.02798678216,11893.463597125896,11874.231650556258,11884.958302105773
2025-10-11 21:00:00,11760.0,11985.0,11712.594832806288,11742.660732643828,11725.045710260298,11737.480436274416
2025-10-11 22:00:00,11514.0,11597.0,11399.083719184908,11533.895879950505,11471.69239239866,11447.960403776091
2025-10-11 23:00:00,11048.0,11200.0,10988.485677734834,11145.523262810751,11144.614874524072,11105.21834410898
2025-10-12 00:00:00,10692.0,10851.0,10647.805387975463,10786.365640898774,10762.577786572872,10754.112492834141
2025-10-12 01:00:00,10286.0,10393.0,10202.88164019453,10331.861280989811,10294.165158769672,10285.04705643528
2025-10-12 02:00:00,10056.0,10274.0,10016.483450392963,10119.0270717367,10076.979796888227,10068.36703541308
2025-10-12 03:00:00,9993.0,10078.0,9856.62344908901,10006.606531116207,9947.581931397879,9941.314891211132
2025-10-12 04:00:00,9879.0,9959.0,9751.491910835419,9857.464058936026,9798.635403409584,9789.167772392946
2025-10-12 05:00:00,9911.0,9909.0,9735.574951737326,9874.505816893725,9823.269502383524,9832.25151241896
2025-10-12 06:00:00,9994.0,10006.0,9927.192034284099,10021.891147292581,9940.737214732299,9947.74898280632
2025-10-12 07:00:00,10168.0,10086.0,10159.441231677347,10194.256711997163,10139.366610162062,10138.736520816483
2025-10-12 08:00:00,10305.0,10298.0,10492.47423074043,10387.416145614237,10370.25399515498,10334.284247195485
2025-10-12 09:00:00,10808.0,10873.0,11097.881678953825,10893.50555877339,10944.753024121956,10885.58618523869
2025-10-12 10:00:00,11280.0,11316.0,11485.160493508276,11375.619700020208,11468.617596011412,11438.682184789694
2025-10-12 11:00:00,11389.0,11453.0,11589.406272703782,11519.102803880281,11577.499114084672,11601.08245164976
2025-10-12 12:00:00,11521.0,11525.0,11609.880781991014,11565.593523813575,11637.213309207886,11649.881805669273
2025-10-12 13:00:00,11517.0,11548.0,11612.302671379102,11582.393259887342,11618.465473857654,11620.715220239814
2025-10-12 14:00:00,11518.0,11518.0,11578.200958838852,11579.505300751156,11576.189416178724,11608.583854928142
2025-10-12 15:00:00,11525.0,11517.0,11531.981443799794,11507.852672267918,11450.757861344191,11528.203784502557
2025-10-12 16:00:00,11535.0,11526.0,11558.87619068215,11555.829100307577,11577.300485909413,11617.645563981047
2025-10-12 17:00:00,11600.0,11614.0,11619.044505365388,11668.599979906452,11709.294624530956,11712.94585210432
2025-10-12 18:00:00,11849.0,11839.0,11785.557223181508,11871.907585754254,11939.323103878063,11966.586452596734
2025-10-12 19:00:00,12085.0,12057.0,11974.37394422625,12119.37020877017,12172.366120509014,12170.723183907332
2025-10-12 20:00:00,11887.0,11880.0,11873.88386965385,11914.864478305348,12018.534883856713,12017.371468711031
2025-10-12 21:00:00,11730.0,11741.0,11766.9237217595,11765.434588682787,11886.26471604438,11864.963645138649
2025-10-12 22:00:00,11450.0,11472.0,11517.46086594766,11527.009957494423,11584.80451782885,11574.3925272349
2025-10-12 23:00:00,10994.0,10919.0,11029.790451233943,11106.337112797331,11145.468057577156,11132.007623097255
2025-10-13 00:00:00,10566.0,10476.0,10902.135082256427,10684.440537037133,10700.216906102305,10681.564904776436
2025-10-13 01:00:00,10094.0,10046.0,10478.996769753361,10184.526692727452,10245.417815396553,10270.814519337804
2025-10-13 02:00:00,9830.0,9793.0,10232.67298311531,9939.385089330595,10056.240274627962,10025.752817988681
2025-10-13 03:00:00,9696.0,9604.0,10064.884773322952,9826.155444912392,9884.516050226852,9874.456659673164
2025-10-13 04:00:00,9690.0,9608.0,10023.75046767541,9811.3805678218,9857.69392275437,9871.604794689121
2025-10-13 05:00:00,9756.0,9708.0,10097.215365910532,9895.920406371846,9917.028955573662,9920.646307533776
2025-10-13 06:00:00,10077.0,10024.0,10384.619062238782,10218.194990192762,10231.5843352116,10248.445449671455
2025-10-13 07:00:00,10666.0,10558.0,10875.852695208661,10938.026258174661,10997.806679279849,10965.439965353386
2025-10-13 08:00:00,11151.0,10972.0,11318.49242636564,11237.662317890785,11341.336984094396,11315.37343425666
2025-10-13 09:00:00,11771.0,11667.0,11976.56230363896,11894.370010649975,11908.785990789627,11886.541043217476
2025-10-13 10:00:00,12076.0,11893.0,12287.59080067711,12181.256082254522,12267.076634967802,12277.387948301197
2025-10-13 11:00:00,12205.0,11974.0,12375.819166930556,12214.032168246618,12312.762654225964,12309.239320294259
2025-10-13 12:00:00,12085.0,11866.0,12312.916026956087,12140.61438841267,12247.544263755372,12226.416002736221
2025-10-13 13:00:00,12081.0,11841.0,12314.724157974353,12106.001679948144,12223.488531924155,12205.05940716422
2025-10-13 14:00:00,12101.0,11751.0,12245.831153557834,12074.640410332915,12218.419638181209,12143.545772136116
2025-10-13 15:00:00,12116.0,11739.0,12189.35662274721,12028.444070911339,12149.949834708555,12120.53265727331
2025-10-13 16:00:00,12102.0,11728.0,12208.581460597474,12067.534897769763,12224.425986879296,12154.886450097529
2025-10-13 17:00:00,12081.0,11602.0,12114.892889586115,12044.841452041592,12126.262580635452,12074.614914683289
2025-10-13 18:00:00,12271.0,11710.0,12214.08191809677,12129.10041130352,12265.009867693594,12225.133416887618
2025-10-13 19:00:00,12428.0,12038.0,12439.144821197355,12300.199140383524,12503.621133715336,12470.764522926487
2025-10-13 20:00:00,12211.0,11857.0,12283.72591020671,12117.877046892676,12280.920013595243,12253.820317446423
2025-10-13 21:00:00,11994.0,11648.0,12143.426693655158,11940.144500229108,12064.485381320234,12038.264091179024
2025-10-13 22:00:00,11776.0,11410.0,11912.284908373527,11646.582048593944,11780.79352897598,11771.49814298469
2025-10-13 23:00:00,11281.0,10950.0,11456.282216343247,11226.819991976441,11292.533667316868,11254.790305673838
2025-10-14 00:00:00,10820.0,10398.0,10897.60605858738,10826.93991768831,10743.131754348073,10741.671858671214
2025-10-14 01:00:00,10416.0,10063.0,10503.701354892104,10340.103254070422,10342.725020912712,10335.283124226267
2025-10-14 02:00:00,10200.0,9861.0,10281.474845280982,10141.842454747353,10139.686841912739,10120.553324812623
2025-10-14 03:00:00,10146.0,9760.0,10170.226410925245,10068.574086351924,10070.274760317576,10026.51712071799
2025-10-14 04:00:00,9967.0,9685.0,10109.741736462107,9995.304153419891,10007.321215337824,9949.941785226061
2025-10-14 05:00:00,10039.0,9789.0,10161.32382106272,10097.11486472947,10090.324343096905,10059.477466954171
2025-10-14 06:00:00,10459.0,10145.0,10450.69635995453,10430.157296194702,10353.684114691425,10319.811853472967
2025-10-14 07:00:00,11022.0,10592.0,10854.449077285146,11028.501612840097,10968.551200740594,10959.36072565891
2025-10-14 08:00:00,11362.0,10964.0,11262.357323297974,11358.206773103519,11298.122221262383,11277.354779165531
2025-10-14 09:00:00,11906.0,11496.0,11844.517462457203,11943.437856576065,11837.163414560835,11819.92242108691
2025-10-14 10:00:00,12181.0,11711.0,12130.100920624858,12197.950478784222,12168.436289922836,12127.697137113346
2025-10-14 11:00:00,12204.0,11615.0,12142.566257672901,12117.212123593676,12118.496623283621,12107.534749611817
2025-10-14 12:00:00,12174.0,11495.0,12052.040804356804,12120.576474383884,12076.293650485055,12083.715599683006
2025-10-14 13:00:00,12213.0,11518.0,12069.422298062073,12109.789663185637,12083.035255791707,12074.123073900795
2025-10-14 14:00:00,12284.0,11508.0,12083.629851870885,12126.126884020046,12096.72276694207,12086.304621282881
2025-10-14 15:00:00,12196.0,11484.0,12063.942571249754,12094.00421000915,12030.6960416686,12015.079903056872
2025-10-14 16:00:00,12252.0,11507.0,12096.099372566456,12150.054639300784,12131.529061402713,12103.495333498051
2025-10-14 17:00:00,12200.0,11475.0,12062.349171506616,12108.69984279848,12072.901587528555,12029.82924636193
2025-10-14 18:00:00,12383.0,11582.0,12162.409325366649,12261.008297989076,12271.742858976178,12272.824193183204
2025-10-14 19:00:00,12517.0,11928.0,12381.926425898466,12395.753065905606,12483.965001922354,12468.259885131363
2025-10-14 20:00:00,12307.0,11794.0,12256.180392702512,12259.390073496856,12236.62894079412,12232.141822816424
2025-10-14 21:00:00,12133.0,11624.0,12133.524924918662,12058.96181079562,12041.314038078437,12017.194950574547
2025-10-14 22:00:00,11847.0,11361.0,11882.744414889125,11719.45552087451,11738.351095689924,11686.98425806594
2025-10-14 23:00:00,11383.0,10890.0,11422.151544312028,11318.77380542735,11256.93442948535,11216.7307642133
2025-10-15 00:00:00,10895.0,10487.0,11054.355541160787,10955.078626634391,10851.881165475188,10825.167672185571
2025-10-15 01:00:00,10583.0,10043.0,10615.250094463794,10461.456007335584,10369.70991386959,10316.593407024413
2025-10-15 02:00:00,10311.0,9783.0,10359.100797663654,10259.269573733836,10164.879044430501,10094.669138817397
2025-10-15 03:00:00,10180.0,9705.0,10254.333272401967,10067.533872085818,10017.822126745377,9973.98968891278
2025-10-15 04:00:00,10094.0,9587.0,10145.759583429544,10023.885164767169,9984.850822604312,9944.929845864846
2025-10-15 05:00:00,10179.0,9774.0,10257.123052228008,10167.168762903353,10122.776484736509,10088.776642817951
2025-10-15 06:00:00,10530.0,10179.0,10566.675384433465,10442.837315060138,10380.573926557128,10345.160930388447
2025-10-15 07:00:00,10997.0,10732.0,11030.440973895633,10993.25020075674,11017.111168723883,10945.986395032915
2025-10-15 08:00:00,11389.0,11012.0,11395.834413502964,11536.848697914304,11445.683989350322,11362.549027757666
2025-10-15 09:00:00,11985.0,11564.0,11974.091764948977,12004.712909387657,11947.818545300037,11889.50311402236
2025-10-15 10:00:00,12279.0,11611.0,12179.530743966889,12232.798123236655,12192.88168724082,12168.475971952685
2025-10-15 11:00:00,12356.0,11657.0,12240.030816389502,12300.690686453976,12272.468165990273,12267.482237511924
2025-10-15 12:00:00,12271.0,11533.0,12132.624424324466,12199.563498009573,12164.701038418501,12125.946228178947
2025-10-15 13:00:00,12305.0,11491.0,12100.91775328897,12206.183702434975,12147.667167656637,12122.789210684696
2025-10-15 14:00:00,12333.0,11458.0,12089.27217879796,12179.028084903854,12110.391675236133,12091.634694234655
2025-10-15 15:00:00,12284.0,11409.0,12050.546432238036,12173.19381369563,12080.369764221072,12048.033883546645
2025-10-15 16:00:00,12281.0,11462.0,12064.572568286041,12187.162113557168,12088.803327660613,12082.122535752313
2025-10-15 17:00:00,12181.0,11344.0,12000.938242429154,12153.327421631408,12088.983284042793,12036.710928026927
2025-10-15 18:00:00,12510.0,11547.0,12161.283854212765,12284.511069384573,12294.626923898266,12295.760255224406
2025-10-15 19:00:00,12580.0,11855.0,12379.363120024427,12460.614094579265,12565.40589746475,12575.667625817416
2025-10-15 20:00:00,12290.0,11712.0,12240.441164872203,12299.452279249594,12289.271483377652,12277.68115044061
2025-10-15 21:00:00,12107.0,11605.0,12139.571644962543,12134.328884345516,12072.94110445676,12067.552618073065
2025-10-15 22:00:00,11831.0,11289.0,11875.922039567573,11851.905612603638,11786.325104158797,11748.446682967302
2025-10-15 23:00:00,11312.0,10845.0,11430.789576683475,11474.178459957935,11364.889572787613,11348.268578881503
2025-10-16 00:00:00,10907.0,10351.0,10945.385132597265,10922.931834689629,10777.964390076913,10792.009850074086
2025-10-16 01:00:00,10575.0,10078.0,10582.55023258414,10475.73713289592,10400.08824196491,10409.20912002408
2025-10-16 02:00:00,10245.0,9830.0,10326.569803182289,10273.404796300121,10155.433455335908,10180.171285250584
2025-10-16 03:00:00,10199.0,9812.0,10242.682765739042,10175.683661990508,10088.5664197031,10106.250053603408
2025-10-16 04:00:00,10077.0,9750.0,10168.163834375622,10076.348483554833,9976.54368896184,9999.512124490175
2025-10-16 05:00:00,10166.0,9770.0,10189.184400037066,10117.951752685281,10031.439941091054,10034.696899960492
2025-10-16 06:00:00,10496.0,10166.0,10517.97591174288,10478.29351272282,10398.529914812829,10427.246244392192
2025-10-16 07:00:00,11056.0,10666.0,10994.814253092803,11078.801304910608,10977.102446299852,10987.730639999343
2025-10-16 08:00:00,11383.0,11050.0,11415.508776972354,11441.551634230236,11344.822746965185,11326.744709668772
2025-10-16 09:00:00,11942.0,11604.0,11999.651991576044,11874.569372516047,11802.318579150711,11791.731178237233
2025-10-16 10:00:00,12227.0,11853.0,12287.799247303024,12133.86127269103,12059.47109460044,12071.722611412639
2025-10-16 11:00:00,12267.0,11779.0,12300.859398469005,12129.67456598593,12097.60987183814,12113.936980712173
2025-10-16 12:00:00,12144.0,11630.0,12193.341426437724,12047.896531007136,12009.56931699626,12042.13744157502
2025-10-16 13:00:00,12217.0,11641.0,12181.833344771765,12060.858453982446,12016.251542099679,12020.46505100831
2025-10-16 14:00:00,12204.0,11581.0,12155.505260534705,12026.977252982148,11998.481766025221,12002.675609854348
2025-10-16 15:00:00,12194.0,11554.0,12132.281839607176,12008.064843042954,12017.728980961672,12044.497528295522
2025-10-16 16:00:00,12267.0,11609.0,12168.408761130597,12009.852802848452,12083.530748583726,12103.341169020532
2025-10-16 17:00:00,12262.0,11586.0,12142.891690236074,12019.049990887503,12123.607366048765,12121.962085828927
2025-10-16 18:00:00,12519.0,11712.0,12282.909289775904,12153.233617189708,12256.594079274759,12259.50809651279
2025-10-16 19:00:00,12564.0,12026.0,12468.290491054697,12409.369516390316,12334.413742768313,12383.460864624645
2025-10-16 20:00:00,12349.0,11888.0,12340.987732387075,12161.79586749024,12160.862869893412,12096.653050973422
2025-10-16 21:00:00,12207.0,11710.0,12141.266159046314,11991.628231909495,11972.981629943733,11964.074428011309
2025-10-16 22:00:00,11903.0,11462.0,11885.133837233214,11776.971274761905,11717.364628453983,11714.630748206962
2025-10-16 23:00:00,11483.0,10940.0,11401.886137158985,11433.687687407019,11350.490499574342,11357.642642523133
2025-10-17 00:00:00,11029.0,10508.0,10928.073811621774,10961.900452837554,10950.70494528582,10991.05902852266
2025-10-17 01:00:00,10546.0,10073.0,10501.783391363047,10544.297694637098,10539.714084265557,10594.336733278926
2025-10-17 02:00:00,10311.0,9882.0,10297.157468537494,10275.924220171784,10320.550986387625,10377.267224234727
2025-10-17 03:00:00,10271.0,9825.0,10206.553793845713,10204.4705598861,10234.966332704895,10283.526371583755
2025-10-17 04:00:00,10228.0,9641.0,10085.49640774768,10051.35223869179,10102.639043805922,10126.243038040438
2025-10-17 05:00:00,10295.0,9748.0,10162.499497604394,10181.209801134886,10224.8003645214,10274.354710439997
2025-10-17 06:00:00,10663.0,10118.0,10498.57637846637,10539.177297660463,10548.618119172936,10629.053385922329
2025-10-17 07:00:00,11247.0,10714.0,11014.703185462084,11041.04073185679,11064.968880179676,11097.865400451628
2025-10-17 08:00:00,11645.0,11091.0,11440.186409716642,11422.329481435801,11486.221386170346,11538.416749803497
2025-10-17 09:00:00,12177.0,11677.0,12021.230451264912,11949.687511545011,12084.165612393066,12210.529441483795
2025-10-17 10:00:00,12431.0,11880.0,12245.191529114649,12168.54160850918,12318.003463123021,12480.530266258205
2025-10-17 11:00:00,12456.0,11918.0,12271.058432290205,12178.199061646503,12350.776167771,12523.666925518788
2025-10-17 12:00:00,12262.0,11853.0,12190.773662225069,12113.33616226833,12300.074734234344,12438.870047945242
2025-10-17 13:00:00,12254.0,11785.0,12139.79236786737,12089.717376343777,12267.375597483966,12419.172853784494
2025-10-17 14:00:00,12246.0,11736.0,12115.965685239911,12124.406591010273,12279.23272709911,12454.907650580166
2025-10-17 15:00:00,12143.0,11621.0,12023.345945125395,11983.713711851633,12115.81935875864,12284.628617606026
2025-10-17 16:00:00,12139.0,11687.0,12071.119713289827,12026.822754460985,12153.240291032447,12336.276109481869
2025-10-17 17:00:00,12107.0,11748.0,12102.22618081954,12024.734980938654,12120.43120710371,12314.920297912982
2025-10-17 18:00:00,12414.0,11848.0,12236.340400885336,12295.101372664261,12430.345444024428,12597.614329242073
2025-10-17 19:00:00,12615.0,12167.0,12453.004592167317,12366.167413345347,12541.530870303815,12700.432146501482
2025-10-17 20:00:00,12401.0,11928.0,12274.292337142919,12135.260333075406,12308.826289209404,12471.538620618288
2025-10-17 21:00:00,12232.0,11737.0,12152.81707084617,11961.586937352045,12156.193895190467,12267.671460070076
2025-10-17 22:00:00,12002.0,11484.0,11924.230720715146,11717.476765407973,11849.436722416602,11989.383002384038
2025-10-17 23:00:00,11654.0,11078.0,11512.474083563973,11426.171043122678,11508.555376008664,11616.515662022905
2025-10-18 00:00:00,11297.0,10696.0,11128.290865889505,11158.427857211094,11070.81124653248,11215.563250548556
2025-10-18 01:00:00,10890.0,10271.0,10714.928395972867,10792.679526905433,10734.258226576598,10887.291781949738
2025-10-18 02:00:00,10619.0,9994.0,10451.315171902575,10488.435484335207,10429.151730067431,10565.837254602597
2025-10-18 03:00:00,10488.0,9858.0,10328.329486930754,10425.821937749095,10383.195750879166,10463.283505189716
2025-10-18 04:00:00,10315.0,9823.0,10254.908905732998,10255.811048965099,10228.509275285009,10320.009561473255
2025-10-18 05:00:00,10397.0,9820.0,10273.048907703922,10322.511723687636,10300.29804782107,10394.018958108458
2025-10-18 06:00:00,10570.0,9970.0,10476.335011124016,10437.466015664748,10438.401748378095,10609.55010826624
2025-10-18 07:00:00,10827.0,10234.0,10809.405663355412,10548.935973891093,10661.316183561396,10782.657219438775
2025-10-18 08:00:00,11003.0,10444.0,11137.962305789573,10847.986633585926,10909.651767885198,11024.154255809128
2025-10-18 09:00:00,11653.0,11067.0,11746.450187820908,11404.353435494406,11570.747258906678,11619.004387302886
2025-10-18 10:00:00,11973.0,11584.0,12147.015672820893,11817.182628151786,11990.76099051356,12048.178005776554
2025-10-18 11:00:00,12091.0,11698.0,12223.08840475247,12052.39996246861,12158.555798914103,12261.484032419265
2025-10-18 12:00:00,12137.0,11719.0,12190.962814353596,11972.362872201445,12109.832970153753,12195.670080530313
2025-10-18 13:00:00,12013.0,11700.0,12170.13567372899,12018.798822005107,12158.072150718963,12249.992057341016
2025-10-18 14:00:00,11957.0,11687.0,12157.899701176913,12041.953147236633,12158.506767447696,12258.22149535863
2025-10-18 15:00:00,11905.0,11622.0,12111.469060517235,11950.290035896654,12090.809299489048,12159.448878276133
2025-10-18 16:00:00,11922.0,11632.0,12132.322136855924,12000.498076827564,12084.782459371583,12172.34696245237
2025-10-18 17:00:00,11971.0,11660.0,12160.59193651171,12148.463568341764,12164.635761898397,12277.016895347786
2025-10-18 18:00:00,12364.0,11871.0,12370.87501592418,12436.761546532041,12480.529439274385,12571.242549029683
2025-10-18 19:00:00,12491.0,12106.0,12538.53819519652,12494.068267987466,12578.155120243984,12677.575484025885
2025-10-18 20:00:00,12380.0,11904.0,12369.462732307871,12274.294364474377,12384.499620236054,12476.010232947603
2025-10-18 21:00:00,12200.0,11760.0,12260.559004823474,12118.506439605784,12275.011807800549,12343.948408920318
2025-10-18 22:00:00,11966.0,11514.0,12018.3841280873,11845.398657221145,12014.349143290927,12092.747863656423
2025-10-18 23:00:00,11555.0,11048.0,11571.38554887063,11483.360399215331,11513.19430639845,11588.276844843229
2025-10-19 00:00:00,11217.0,10692.0,11128.096150670686,11212.65557675883,11123.93749850034,11216.038760150599
2025-10-19 01:00:00,10898.0,10286.0,10707.39997824107,10845.064847388127,10685.146434821952,10808.34290047631
2025-10-19 02:00:00,10661.0,10056.0,10472.967806519693,10561.08005804506,10469.285433076531,10614.356450346408
2025-10-19 03:00:00,10497.0,9993.0,10386.418287142491,10481.048270740202,10400.973206797185,10555.495679432393
2025-10-19 04:00:00,10436.0,9879.0,10280.44430581123,10380.231495714064,10298.364640439588,10434.061344800337
2025-10-19 05:00:00,10442.0,9911.0,10308.759728841203,10407.35102211239,10314.917635949294,10468.345628467767
2025-10-19 06:00:00,10624.0,9994.0,10477.210075901317,10483.170757995062,10415.365328834356,10544.945337470652
2025-10-19 07:00:00,10823.0,10168.0,10772.506533491722,10530.13594411052,10644.249899812674,10712.849986811412
2025-10-19 08:00:00,10946.0,10305.0,11053.545245077985,10725.05197827126,10755.024448018534,10817.146030302745
2025-10-19 09:00:00,11503.0,10808.0,11597.653009918173,11236.134195087669,11287.233935242628,11348.590881588207
2025-10-19 10:00:00,11910.0,11280.0,11987.828445573223,11641.71536409151,11700.809544246908,11783.076993313574
2025-10-19 11:00:00,12005.0,11389.0,12076.19242404842,11757.64769034269,11833.039013351205,11847.07284714365
2025-10-19 12:00:00,12011.0,11521.0,12096.017226800115,11789.748115680715,11784.567642856093,11847.279042294911
2025-10-19 13:00:00,11954.0,11517.0,12090.16827023579,11803.688293865209,11799.561181991348,11824.175348633593
2025-10-19 14:00:00,11895.0,11518.0,12083.113302491658,11782.710339876277,11776.66628100298,11793.140561508388
2025-10-19 15:00:00,11820.0,11525.0,12056.688045517896,11774.516011957301,11726.506063349867,11724.391697622841
2025-10-19 16:00:00,11816.0,11535.0,12080.863526311014,11827.418591455764,11759.556201076835,11790.402210729433
2025-10-19 17:00:00,11898.0,11600.0,12126.763621188666,11915.257520834159,11846.671070764241,11878.267945958381
2025-10-19 18:00:00,12352.0,11849.0,12331.934217831831,12362.33081576239,12303.236653394075,12367.612809991666
2025-10-19 19:00:00,12534.0,12085.0,12494.174022659605,12602.364393961781,12531.891123924124,12595.806383991205
2025-10-19 20:00:00,12280.0,11887.0,12321.26461586219,12395.536639963966,12309.505588323855,12350.810558454536
2025-10-19 21:00:00,12159.0,11730.0,12207.290095034256,12212.241727694092,12149.803554938122,12199.389492349197
2025-10-19 22:00:00,11833.0,11450.0,11954.614434976844,11896.098254896802,11852.93639763729,11913.246277975742
2025-10-19 23:00:00,11396.0,10994.0,11516.165910716707,11428.35570688659,11359.1282416724,11377.283824246862
2025-10-20 00:00:00,11015.0,10566.0,11285.842893009125,11109.391581418959,11025.299786720409,11083.327032790248
2025-10-20 01:00:00,10668.0,10094.0,10830.591657229406,10626.304872072358,10587.022370506655,10611.034811003554
2025-10-20 02:00:00,10390.0,9830.0,10572.565502690415,10403.048035721391,10336.516381998417,10346.17503380709
2025-10-20 03:00:00,10268.0,9696.0,10437.00853563903,10260.759895062181,10228.066041246513,10249.410238922994
2025-10-20 04:00:00,10213.0,9690.0,10395.335666796698,10177.50539830539,10178.378521802937,10179.524478969252
2025-10-20 05:00:00,10283.0,9756.0,10455.126248715862,10297.715879588848,10304.465866223874,10292.003837602044
2025-10-20 06:00:00,10631.0,10077.0,10745.439670175081,10678.415048604711,10653.685699641464,10668.803863795878
2025-10-20 07:00:00,11189.0,10666.0,11257.217173786476,11201.286018128081,11203.690644055947,11160.849762176242
2025-10-20 08:00:00,11642.0,11151.0,11720.823249656185,11667.659710382652,11629.65918797148,11585.114174237471
2025-10-20 09:00:00,12266.0,11771.0,12341.228816823703,12317.720997541255,12274.294066292541,12291.099745676753
2025-10-20 10:00:00,12552.0,12076.0,12639.704977162995,12545.06458789472,12483.512223435506,12555.157520850045
2025-10-20 11:00:00,12602.0,12205.0,12729.615114951272,12543.117094212796,12511.313537094038,12545.780502936514
2025-10-20 12:00:00,12450.0,12085.0,12631.846053321678,12404.843116457134,12387.782238110367,12412.599568848796
2025-10-20 13:00:00,12363.0,12081.0,12599.75868785983,12393.58433279169,12379.799211622123,12391.005575551277
2025-10-20 14:00:00,12347.0,12101.0,12601.11413290344,12312.135085447795,12343.692656178482,12339.929716810882
2025-10-20 15:00:00,12308.0,12116.0,12602.180011816437,12294.93932303076,12324.1544025074,12337.727287356867
2025-10-20 16:00:00,12339.0,12102.0,12598.872133479654,12292.910974301349,12314.831653779842,12318.650959768174
2025-10-20 17:00:00,12304.0,12081.0,12582.257194782464,12332.159314917795,12322.694922747634,12329.392660830956
2025-10-20 18:00:00,12632.0,12271.0,12744.603067788605,12494.304153480527,12567.188323116421,12610.408483532825
2025-10-20 19:00:00,12661.0,12428.0,12874.169752127471,12621.396132563661,12710.491774144124,12712.599853892958
2025-10-20 20:00:00,12410.0,12211.0,12693.617764155408,12418.677039515698,12482.07346263487,12461.908869200337
2025-10-20 21:00:00,12307.0,11994.0,12534.68210888778,12250.682650626879,12256.505371429126,12175.304845894649
2025-10-20 22:00:00,12018.0,11776.0,12315.154231549841,12022.082705295388,12045.311058927653,11994.373932271621
2025-10-20 23:00:00,11504.0,11281.0,11864.51029456816,11614.621450670065,11542.081996836981,11489.235146547704
2025-10-21 00:00:00,11012.0,10820.0,11249.810356164253,11100.396015382992,11012.447777768644,10977.927377458
2025-10-21 01:00:00,10643.0,10416.0,10841.346191999015,10791.909612454989,10722.579618348898,10687.048773486938
2025-10-21 02:00:00,10431.0,10200.0,10613.415286243939,10629.576800250152,10556.903662752584,10529.177182424137
2025-10-21 03:00:00,10344.0,10146.0,10515.689094910811,10493.593020977283,10432.333732867597,10432.06033089672
2025-10-21 04:00:00,10264.0,9967.0,10376.009475186298,10335.639311592982,10327.54128188688,10312.901042318521
2025-10-21 05:00:00,10381.0,10039.0,10428.43755940442,10443.227453645737,10402.375519670839,10391.205951945029
2025-10-21 06:00:00,10679.0,10459.0,10761.41773717623,10807.691292713633,10768.195547852403,10752.121430598638
2025-10-21 07:00:00,11292.0,11022.0,11227.851265574134,11446.00245491607,11351.857323936818,11305.38828896662
2025-10-21 08:00:00,11718.0,11362.0,11588.339527463046,11782.81903533171,11642.494157866304,11579.200380918137
2025-10-21 09:00:00,12244.0,11906.0,12165.223722426923,12346.906522666493,12270.57955727778,12227.06610663595
2025-10-21 10:00:00,12449.0,12181.0,12456.223383322704,12522.066738181044,12412.346899757933,12414.78148980562
2025-10-21 11:00:00,12410.0,12204.0,12481.621718234213,12520.096194392758,12426.776994516807,12437.790767031287
2025-10-21 12:00:00,12309.0,12174.0,12423.768625085922,12417.47398443652,12318.259914772676,12322.2981855421
2025-10-21 13:00:00,12233.0,12213.0,12399.568110035301,12364.790356667629,12235.041280115873,12250.674108400146
2025-10-21 14:00:00,12256.0,12284.0,12414.16644202016,12377.608531901204,12223.03432509739,12239.904149208272
2025-10-21 15:00:00,12228.0,12196.0,12335.91662376331,12328.668176182633,12158.712593114264,12170.851758874947
2025-10-21 16:00:00,12265.0,12252.0,12371.213771434095,12336.890933454824,12166.947000554292,12162.032082130474
2025-10-21 17:00:00,12156.0,12200.0,12376.581137450718,12325.438201475648,12143.690471038426,12151.454959492872
2025-10-21 18:00:00,12534.0,12383.0,12576.185903624964,12594.002946137944,12543.745953271044,12517.800938852322
2025-10-21 19:00:00,12604.0,12517.0,12704.935588451639,12675.369385749747,12703.790073656239,12713.936504224364
2025-10-21 20:00:00,12424.0,12307.0,12535.373136410946,12462.814621373944,12434.41667567353,12419.953236484374
2025-10-21 21:00:00,12286.0,12133.0,12415.409553395326,12253.586430897321,12233.205682808715,12219.40908108793
2025-10-21 22:00:00,11996.0,11847.0,12175.288414507128,12019.02901913831,12029.344347287157,12022.846493502773
2025-10-21 23:00:00,11533.0,11383.0,11737.728276956886,11568.050306617408,11495.89830425196,11494.351185033322
2025-10-22 00:00:00,11106.0,10895.0,11233.431968995012,11087.83164405619,11085.355692904808,11085.413390265452
2025-10-22 01:00:00,10657.0,10583.0,10870.337499241357,10724.42483652724,10797.787540369822,10815.228414457439
2025-10-22 02:00:00,10395.0,10311.0,10609.334317612474,10449.86663642218,10508.097059638978,10528.173704522154
2025-10-22 03:00:00,10317.0,10180.0,10474.778579294234,10352.83955849049,10440.16802103794,10440.663868165826
2025-10-22 04:00:00,10265.0,10094.0,10391.237402882361,10312.548622514576,10348.52851753022,10359.33568253041
2025-10-22 05:00:00,10345.0,10179.0,10456.10220270207,10383.866846566678,10455.247495966882,10471.80334228465
2025-10-22 06:00:00,10717.0,10530.0,10769.51272308277,10737.92389119073,10764.36221446841,10780.13071722777
2025-10-22 07:00:00,11309.0,10997.0,11208.081914010832,11246.883323271111,11257.42655497331,11216.701112236044
2025-10-22 08:00:00,11818.0,11389.0,11612.341033391953,11713.122933446726,11728.231203445444,11711.343000212662
2025-10-22 09:00:00,12285.0,11985.0,12209.057143424263,12293.574356877476,12307.91298283932,12273.609805542486
2025-10-22 10:00:00,12622.0,12279.0,12491.202993722727,12517.197993257505,12569.980683794309,12563.636797309679
2025-10-22 11:00:00,12661.0,12356.0,12548.806451609804,12575.637414733274,12648.113879383038,12646.794996315466
2025-10-22 12:00:00,12624.0,12271.0,12461.286837990787,12447.904701158022,12509.566277930864,12529.640348721427
2025-10-22 13:00:00,12535.0,12305.0,12441.6220937108,12387.727868776556,12437.870662660127,12456.809239525428
2025-10-22 14:00:00,12520.0,12333.0,12440.429912549991,12397.34024260402,12429.51480013206,12452.790338492649
2025-10-22 15:00:00,12388.0,12284.0,12394.302873611912,12371.999122464802,12332.811532543357,12351.597824562046
2025-10-22 16:00:00,12454.0,12281.0,12414.538928130638,12401.808067525715,12428.259554155311,12438.995532738416
2025-10-22 17:00:00,12455.0,12181.0,12384.696153664463,12356.670455352856,12328.978413632403,12336.724375936868
2025-10-22 18:00:00,12820.0,12510.0,12658.95405280724,12680.574674393501,12770.253808198378,12764.160604715738
2025-10-22 19:00:00,12745.0,12580.0,12730.719418857787,12679.126168792347,12805.371547862147,12789.628178305069
2025-10-22 20:00:00,12525.0,12290.0,12511.66062146278,12446.021817399744,12518.618859547409,12480.962350543568
2025-10-22 21:00:00,12309.0,12107.0,12387.962987310486,12349.00587642013,12358.615662946904,12296.932521274266
2025-10-22 22:00:00,12037.0,11831.0,12122.20493472312,12065.241827756949,12122.855420603239,12045.376870925627
2025-10-22 23:00:00,11549.0,11312.0,11646.743090618824,11592.511737068926,11642.897181962917,11574.96136914441
2025-10-23 00:00:00,11143.0,10907.0,11229.39635939427,11111.137181049791,11119.702696736464,11046.30965617404
2025-10-23 01:00:00,10776.0,10575.0,10859.349511490484,10787.934860003463,10776.536664684074,10734.84073565995
2025-10-23 02:00:00,10567.0,10245.0,10580.695478734679,10514.202676128623,10519.864477408859,10484.081821820873
2025-10-23 03:00:00,10369.0,10199.0,10493.8739253214,10444.928335161921,10428.808026844252,10393.331013709874
2025-10-23 04:00:00,10316.0,10077.0,10393.892222576636,10368.12252005949,10397.497627985493,10351.868279808212
2025-10-23 05:00:00,10435.0,10166.0,10455.592307752051,10451.799087428939,10468.64256861541,10423.085358110658
2025-10-23 06:00:00,10758.0,10496.0,10759.653635621324,10775.417231393603,10764.128257637694,10709.32468613796
2025-10-23 07:00:00,11342.0,11056.0,11274.984217165851,11407.250449921416,11429.457620664323,11347.990244216338
2025-10-23 08:00:00,11769.0,11383.0,11680.314364860935,11813.323293427458,11814.082127875221,11704.833176858136
2025-10-23 09:00:00,12291.0,11942.0,12265.356583531611,12357.988572844875,12342.330649775526,12222.22126762163
2025-10-23 10:00:00,12513.0,12227.0,12563.081550261317,12616.883555350092,12551.401896500547,12437.7581703196
2025-10-23 11:00:00,12518.0,12267.0,12604.400503806175,12603.57733974005,12529.034069994259,12425.811911976889
2025-10-23 12:00:00,12469.0,12144.0,12478.327102309198,12510.378051472037,12382.873795837388,12305.42510701241
2025-10-23 13:00:00,12438.0,12217.0,12500.213677525882,12474.047004783099,12359.127684957873,12278.795478792932
2025-10-23 14:00:00,12439.0,12204.0,12473.255566450944,12493.343914393605,12379.715742388329,12313.670326367805
2025-10-23 15:00:00,12405.0,12194.0,12447.313198227745,12495.724815357802,12330.486443817454,12257.01474652581
2025-10-23 16:00:00,12457.0,12267.0,12497.125788904481,12551.921059861945,12394.331684691373,12310.323665378994
2025-10-23 17:00:00,12482.0,12262.0,12483.969953512222,12451.285822339563,12379.449145260984,12275.445130704942
2025-10-23 18:00:00,12709.0,12519.0,12694.603437052836,12756.914581049898,12754.545656579932,12648.211757453186
2025-10-23 19:00:00,12750.0,12564.0,12744.331200360682,12814.256436769938,12826.059820726146,12709.068052532079
2025-10-23 20:00:00,12532.0,12349.0,12541.988111602132,12619.638491633697,12525.058354092354,12446.791384826021
2025-10-23 21:00:00,12297.0,12207.0,12420.137137061614,12494.695042670068,12343.318337184332,12247.60679893309
2025-10-23 22:00:00,12029.0,11903.0,12141.557932620964,12153.026552571178,12092.476245884975,11943.775501306452
2025-10-23 23:00:00,11607.0,11483.0,11698.68673899787,11755.235288627553,11632.680674224192,11530.719468200808
2025-10-24 00:00:00,11135.0,11029.0,11247.713323049187,11138.1379677199,11151.723341537487,11077.390169072598
2025-10-24 01:00:00,10705.0,10546.0,10787.115656814523,10692.214561787945,10671.245566772493,10677.722800796508
2025-10-24 02:00:00,10436.0,10311.0,10547.305880905938,10439.323854930717,10443.301327652143,10445.61539864962
2025-10-24 03:00:00,10343.0,10271.0,10473.12812976676,10358.313776978766,10370.655188952142,10356.638971404112
2025-10-24 04:00:00,10291.0,10228.0,10396.498429756477,10317.044631959956,10329.487658040569,10327.435089591703
2025-10-24 05:00:00,10373.0,10295.0,10455.625704399898,10391.513281504349,10365.582935706723,10360.493822761237
2025-10-24 06:00:00,10725.0,10663.0,10787.728339216032,10732.152258223934,10698.90418767078,10677.638901357326
2025-10-24 07:00:00,11314.0,11247.0,11307.054739771536,11360.068759714004,11250.90330028793,11233.582853793116
2025-10-24 08:00:00,11750.0,11645.0,11745.90722706173,11836.487966306846,11711.602699641788,11681.499021555246
2025-10-24 09:00:00,12221.0,12177.0,12296.078896871406,12328.459899688178,12179.214603731369,12127.980296571208
2025-10-24 10:00:00,12483.0,12431.0,12586.336764617414,12630.077974276252,12549.377812067978,12361.372732559938
2025-10-24 11:00:00,12600.0,12456.0,12638.781570371399,12639.018293080553,12617.23677893998,12398.382720194773
2025-10-24 12:00:00,12547.0,12262.0,12528.602502085683,12613.146271132702,12590.007854732698,12382.525563146068
2025-10-24 13:00:00,12513.0,12254.0,12513.879091065428,12555.890251175926,12525.489347346951,12362.30512435411
2025-10-24 14:00:00,12512.0,12246.0,12511.418443109056,12548.65867164362,12501.646934834691,12349.42552705454
2025-10-24 15:00:00,12463.0,12143.0,12433.380875021207,12380.95346307548,12357.416167541456,12235.682583079455
2025-10-24 16:00:00,12491.0,12139.0,12441.882119729458,12447.843454695705,12422.178650728825,12255.107072621833
2025-10-24 17:00:00,12485.0,12107.0,12406.264429780756,12452.701681617711,12477.870954720844,12286.212321507552
2025-10-24 18:00:00,12697.0,12414.0,12622.092300668224,12757.331953201923,12751.798883058329,12551.078093804956
2025-10-24 19:00:00,12667.0,12615.0,12737.842492372656,12718.233774440569,12678.62881462984,12506.702984686313
2025-10-24 20:00:00,12394.0,12401.0,12539.398979048978,12554.106177882619,12467.063367697985,12312.230919090838
2025-10-24 21:00:00,12215.0,12232.0,12392.817281429401,12371.590160774569,12220.476383778816,12178.718031435503
2025-10-24 22:00:00,11912.0,12002.0,12157.17328357933,12064.676968017095,11936.51162469491,11915.055577993051
2025-10-24 23:00:00,11503.0,11654.0,11760.12303587608,11736.192681094655,11580.912979321778,11580.662247836644
2025-10-25 00:00:00,11121.0,11297.0,11212.031332271526,11289.239559165975,11214.36580668748,11164.214946165535
2025-10-25 01:00:00,10705.0,10890.0,10782.006658515396,10922.777849897773,10895.449818860767,10839.203502804947
2025-10-25 02:00:00,10471.0,10619.0,10512.281774799063,10681.58209803305,10615.529468561728,10576.627725663582
2025-10-25 03:00:00,10237.0,10488.0,10360.078031306593,10524.099985602263,10452.697522482937,10416.97181058144
2025-10-25 04:00:00,10186.0,10315.0,10229.530842174507,10436.25199195993,10342.95612319239,10300.535495642565
2025-10-25 05:00:00,10180.0,10397.0,10278.189075049311,10460.45040716644,10376.207296638006,10321.460800558558
2025-10-25 06:00:00,10319.0,10570.0,10486.047343334925,10642.799021246083,10594.98876787883,10513.53327956618
2025-10-25 07:00:00,10539.0,10827.0,10823.099611225805,10887.430454446303,10823.172158158288,10730.57278490389
2025-10-25 08:00:00,10828.0,11003.0,11132.009433585317,11113.028413980017,10970.760722874518,10899.100640723118
2025-10-25 09:00:00,11257.0,11653.0,11745.818717334412,11709.705175755838,11452.348992394036,11372.727531097187
2025-10-25 10:00:00,11769.0,11973.0,12086.713974204995,12222.085451702624,11835.083762245855,11781.721456721103
2025-10-25 11:00:00,11981.0,12091.0,12194.649866389429,12327.420419323116,11960.396047218745,11888.197501559207
2025-10-25 12:00:00,12024.0,12137.0,12209.974571502515,12279.944351123064,11954.722462948519,11902.844850214125
2025-10-25 13:00:00,12023.0,12013.0,12126.853480203294,12244.371637150934,11949.91858478153,11879.885816691472
2025-10-25 14:00:00,12049.0,11957.0,12083.519572699428,12255.142118489755,11988.737505258341,11893.938393476823
2025-10-25 15:00:00,11999.0,11905.0,12020.719762161112,12255.314269346427,11985.112841797976,11894.27141123743
2025-10-25 16:00:00,12063.0,11922.0,12029.187824972183,12269.960098879943,12009.917307712174,11911.273529909959
2025-10-25 17:00:00,12090.0,11971.0,12048.41558631407,12350.020433490075,12008.596394106042,11939.555786124647
2025-10-25 18:00:00,12417.0,12364.0,12307.493216844538,12682.059845926686,12329.831776663767,12230.983670480542
2025-10-25 19:00:00,12425.0,12491.0,12381.373354228943,12700.262852907324,12314.755744760463,12236.587992225235
2025-10-25 20:00:00,12081.0,12380.0,12238.153829810128,12505.667267192046,12140.75271374575,12094.544729465217
2025-10-25 21:00:00,11992.0,12200.0,12088.536946655706,12290.476845990563,11861.561727149843,11826.177535950534
2025-10-25 22:00:00,11726.0,11966.0,11853.036955842272,12026.941855413463,11653.404285024795,11588.551192845533
2025-10-25 23:00:00,11399.0,11555.0,11425.175511162697,11715.9015923961,11395.257116244671,11276.487231589781
2025-10-26 00:00:00,11036.0,11217.0,10875.573238652898,11079.59732916179,10941.04254211135,10903.022179538568
2025-10-26 01:00:00,10568.0,10898.0,10495.621441969412,10733.839287704537,10626.544650758957,10587.071623565545
2025-10-26 02:00:00,10326.0,10661.0,10246.311252879732,10411.589042451278,10427.435110349203,10399.688846533994
2025-10-26 03:00:00,10220.0,10497.0,10092.101685572266,10324.687372690627,10297.717124868239,10257.841012760327
2025-10-26 04:00:00,10106.0,10436.0,10015.860761462769,10253.888292044921,10200.368279614615,10171.024269075806
2025-10-26 05:00:00,10100.0,10442.0,10028.831080636479,10262.88453759601,10189.140251399716,10160.781404704172
2025-10-26 06:00:00,10243.0,10624.0,10226.045122387724,10454.48946874892,10361.295858010697,10353.684701107528
2025-10-26 07:00:00,10401.0,10823.0,10533.680928212068,10574.71294536331,10508.762106337781,10502.499797105758
2025-10-26 08:00:00,10603.0,10946.0,10819.482965030085,10728.009879981826,10572.78675901832,10537.245388888257
2025-10-26 09:00:00,11000.0,11503.0,11388.080268910282,11198.82885814424,11096.78118390891,11045.8550424546
2025-10-26 10:00:00,11547.0,11910.0,11773.372036049086,11712.935860122034,11623.070677407086,11607.213229579136
2025-10-26 11:00:00,11747.0,12005.0,11877.372481200942,11950.949486838563,11930.262230307642,11887.763985529205
2025-10-26 12:00:00,11855.0,12011.0,11883.54630885,12004.132861391836,11947.031344300558,11919.460058030716
2025-10-26 13:00:00,11878.0,11954.0,11857.224506573008,12008.870748863466,11970.530190070276,11959.453601931704
2025-10-26 14:00:00,11947.0,11895.0,11831.522943815473,12011.573842033045,11998.266285398231,12008.01435625348
2025-10-26 15:00:00,11883.0,11820.0,11783.54256209996,11925.735377796085,11980.408762463287,11968.529410254194
2025-10-26 16:00:00,11960.0,11816.0,11798.123084519231,11961.890344803265,12003.716963095354,11944.455103103763
2025-10-26 17:00:00,12071.0,11898.0,11845.526024723946,12084.504095477256,12077.395101004933,11970.291735228404
2025-10-26 18:00:00,12408.0,12352.0,12131.396064214414,12508.712766567098,12376.341422120204,12359.633389155504
2025-10-26 19:00:00,12416.0,12534.0,12246.041093299566,12525.01198717744,12397.493890072526,12374.855049826461
2025-10-26 20:00:00,12235.0,12280.0,12028.591546123087,12268.787074954153,12114.80436359396,12080.293727346705
2025-10-26 21:00:00,12093.0,12159.0,11910.701281338654,12077.810393222864,11876.194233719969,11851.301085805939
2025-10-26 22:00:00,11747.0,11833.0,11658.292115399445,11773.05639230173,11697.385514000927,11672.462068846595
2025-10-26 23:00:00,11318.0,11396.0,11230.94239713063,11333.802234190578,11265.707726998888,11225.619924538025
2025-10-27 00:00:00,10922.0,11015.0,11083.650909940341,10823.548393283909,10854.85074643638,10809.185854679847
2025-10-27 01:00:00,10471.0,10668.0,10676.42861375067,10552.321226710783,10524.08114305031,10488.08890205023
2025-10-27 02:00:00,10277.0,10390.0,10399.751522025006,10335.638375661902,10318.001001689043,10295.380956956895
2025-10-27 03:00:00,10080.0,10268.0,10253.4276585985,10141.539506768839,10105.997915562522,10090.168551030336
2025-10-27 04:00:00,10107.0,10213.0,10185.665329514553,10130.81517546108,10096.27938335788,10063.495638913979
2025-10-27 05:00:00,10099.0,10283.0,10239.39037139983,10191.719736778166,10170.414248618337,10154.08422193411
2025-10-27 06:00:00,10445.0,10631.0,10542.970160758457,10530.747665448855,10570.082173958963,10536.641335548724
2025-10-27 07:00:00,10899.0,11189.0,11040.217058336273,11116.331783335381,11006.762770385048,10968.252106450434
2025-10-27 08:00:00,11389.0,11642.0,11501.311650446176,11515.720234148948,11544.078751980045,11492.881828487838
2025-10-27 09:00:00,11912.0,12266.0,12103.244637138601,12029.897686342878,12041.481030005512,12001.837814527129
2025-10-27 10:00:00,12248.0,12552.0,12424.477697755203,12314.250695897948,12406.423145370656,12359.03259983692
2025-10-27 11:00:00,12373.0,12602.0,12535.734732696592,12483.614845482594,12527.73524564712,12491.53404850709
2025-10-27 12:00:00,12310.0,12450.0,12431.80250219788,12376.657746261122,12463.39287199556,12446.416579157958
2025-10-27 13:00:00,12285.0,12363.0,12370.87426300878,12352.595773625015,12464.11130511226,12444.397778905506
2025-10-27 14:00:00,12337.0,12347.0,12354.278244406087,12384.576659693064,12490.094614722346,12467.032687381934
2025-10-27 15:00:00,12337.0,12308.0,12315.874768245036,12327.16140286627,12445.509642744024,12425.479978320827
2025-10-27 16:00:00,12382.0,12339.0,12354.879755035543,12379.352928064933,12506.855478407233,12494.922556359517
2025-10-27 17:00:00,12377.0,12304.0,12335.939439354144,12348.218020936978,12485.016795093747,12456.000109733997
2025-10-27 18:00:00,12686.0,12632.0,12558.624619365031,12579.326331769484,12781.934852993383,12756.663120843918
2025-10-27 19:00:00,12660.0,12661.0,12583.041181244771,12661.081039278046,12730.837794887575,12742.99407453391
2025-10-27 20:00:00,12350.0,12410.0,12366.59010187846,12351.262800755883,12396.005743275779,12357.020135559173
2025-10-27 21:00:00,12196.0,12307.0,12272.049157281048,12147.368960081429,12241.533895222272,12232.150174600942
2025-10-27 22:00:00,11925.0,12018.0,12008.157090248025,11873.107575076645,11968.015563958952,11987.619199071314
2025-10-27 23:00:00,11459.0,11504.0,11536.781272465792,11472.90721262952,11534.162482136995,11563.491849481405
2025-10-28 00:00:00,11092.0,11012.0,11088.013586223862,10965.874814241479,10939.014905607688,10951.105444385676
2025-10-28 01:00:00,10586.0,10643.0,10691.719599836142,10610.894234475221,10571.876105113783,10593.34170843954
2025-10-28 02:00:00,10428.0,10431.0,10466.430567600191,10402.13789961618,10407.209002620242,10401.504494533863
2025-10-28 03:00:00,10280.0,10344.0,10336.539123148705,10301.844227878753,10270.026221856118,10275.228517290354
2025-10-28 04:00:00,10222.0,10264.0,10235.178224702644,10225.491722316237,10208.476856355426,10218.24177997796
2025-10-28 05:00:00,10310.0,10381.0,10292.435682828453,10318.482434704589,10283.756934407971,10301.214056486751
2025-10-28 06:00:00,10609.0,10679.0,10548.027055502569,10677.62977984821,10655.873317884618,10634.049633915467
2025-10-28 07:00:00,11019.0,11292.0,11041.05611854111,11229.332018445933,11113.739313260989,11093.222353318233
2025-10-28 08:00:00,11440.0,11718.0,11476.962269906971,11651.695783506877,11627.350129860315,11571.702819918137
2025-10-28 09:00:00,11952.0,12244.0,12036.233485070252,12091.00001371857,12019.68584362296,12040.173437024985
2025-10-28 10:00:00,12243.0,12449.0,12338.971799839825,12411.424476151691,12366.459297668915,12373.243164203619
2025-10-28 11:00:00,12360.0,12410.0,12384.476937624575,12479.29069733759,12356.82169437148,12376.875693286045
2025-10-28 12:00:00,12314.0,12309.0,12350.734770958543,12368.251228418061,12334.854407963774,12344.610108214005
2025-10-28 13:00:00,12270.0,12233.0,12321.760202054353,12398.004572606065,12364.621363193044,12361.579973649616
2025-10-28 14:00:00,12369.0,12256.0,12339.41734537179,12432.431304468499,12406.309007443091,12378.730382118365
2025-10-28 15:00:00,12318.0,12228.0,12310.31758829334,12380.774448456867,12367.60224786115,12333.293514142819
2025-10-28 16:00:00,12363.0,12265.0,12332.17483776783,12416.011703070397,12399.86987108133,12364.420355813038
2025-10-28 17:00:00,12326.0,12156.0,12271.132403089972,12417.795874067679,12435.252895911768,12396.985241057533
2025-10-28 18:00:00,12620.0,12534.0,12546.934952061221,12730.487522577923,12815.144720392906,12785.039491658445
2025-10-28 19:00:00,12639.0,12604.0,12612.366804048423,12752.561476309906,12732.736780003983,12726.156157354595
2025-10-28 20:00:00,12336.0,12424.0,12399.216799283375,12463.109784540762,12445.203651792328,12463.832064644592
2025-10-28 21:00:00,12214.0,12286.0,12285.773965608583,12283.201839242069,12228.736342490472,12239.74874608238
2025-10-28 22:00:00,11949.0,11996.0,12020.131020077039,11988.823750000302,11973.424239458365,11992.408852281334
2025-10-28 23:00:00,11526.0,11533.0,11588.299048101164,11623.651493070578,11577.487851880383,11596.863644851905
2025-10-29 00:00:00,11104.0,11106.0,11136.506597020687,11189.754932710946,11064.517078065744,11037.590644504617
2025-10-29 01:00:00,10628.0,10657.0,10696.219011683195,10717.470392468182,10671.003289585595,10636.772647624044
2025-10-29 02:00:00,10413.0,10395.0,10434.348591693475,10484.877435254268,10434.642138786407,10435.706138677135
2025-10-29 03:00:00,10310.0,10317.0,10319.292223354567,10341.58749178237,10266.066021379578,10250.560435178697
2025-10-29 04:00:00,10200.0,10265.0,10253.479836917191,10296.88714185236,10250.302078678147,10233.903745684009
2025-10-29 05:00:00,10303.0,10345.0,10301.617429821365,10320.990677897935,10231.397577486467,10214.184724567927
2025-10-29 06:00:00,10653.0,10717.0,10614.60375959219,10661.708195814912,10613.52543840457,10592.481570732216
2025-10-29 07:00:00,11102.0,11309.0,11092.3785403562,11169.107020061057,11070.603190468142,11035.3650740387
2025-10-29 08:00:00,11540.0,11818.0,11571.888596880617,11692.704490770688,11629.231166076941,11636.144754519957
2025-10-29 09:00:00,12061.0,12285.0,12100.926213931933,12202.28516731189,12063.253763841934,12031.5432513807
2025-10-29 10:00:00,12331.0,12622.0,12464.243609984765,12379.991553343003,12379.699046049687,12348.402675189223
2025-10-29 11:00:00,12362.0,12661.0,12552.020976779768,12457.70890095204,12502.074113589459,12451.729714860878
2025-10-29 12:00:00,12380.0,12624.0,12529.418111361765,12417.1890484935,12375.833085676313,12383.527098855446
2025-10-29 13:00:00,12275.0,12535.0,12507.219467308429,12436.144972449707,12439.612926122629,12403.320869136847
2025-10-29 14:00:00,12300.0,12520.0,12508.951378759373,12468.334917640666,12502.651453899125,12449.22351908927
2025-10-29 15:00:00,12260.0,12388.0,12421.292329300099,12440.20880192507,12484.99248730913,12442.07431404321
2025-10-29 16:00:00,12359.0,12454.0,12456.129845222467,12463.790993087165,12501.579019687695,12463.352042605005
2025-10-29 17:00:00,12381.0,12455.0,12449.74902251453,12481.590889068042,12563.427383710696,12486.091572444246
2025-10-29 18:00:00,12630.0,12820.0,12708.483103597535,12758.916112056304,12873.581287348794,12817.789848946353
2025-10-29 19:00:00,12664.0,12745.0,12680.077634035946,12723.349362039187,12775.894272436237,12746.042779821857
2025-10-29 20:00:00,12359.0,12525.0,12473.811515845731,12449.628976567139,12413.33947160006,12423.421892209628
2025-10-29 21:00:00,12207.0,12309.0,12318.349227017421,12394.78668291875,12284.627937312272,12328.550599871365
2025-10-29 22:00:00,11912.0,12037.0,12058.42637157991,12131.631281021595,11979.264478835355,12015.035228057079
2025-10-29 23:00:00,11552.0,11549.0,11599.743958637624,11657.183954694769,11523.951234606751,11549.749306907688
2025-10-30 00:00:00,11120.0,11143.0,11176.584721502639,11226.144021999597,11082.160137441891,11086.013287015516
2025-10-30 01:00:00,10715.0,10776.0,10772.994653141897,10796.846058341427,10717.694319382046,10734.434120728
2025-10-30 02:00:00,10472.0,10567.0,10541.734127744705,10595.2628292595,10525.456947167699,10541.63200870319
2025-10-30 03:00:00,10287.0,10369.0,10361.765737658883,10484.527237881071,10365.083399772739,10396.06900473777
2025-10-30 04:00:00,10251.0,10316.0,10293.483723767135,10422.096759750279,10301.610849811867,10324.870156642775
2025-10-30 05:00:00,10340.0,10435.0,10363.587474029804,10499.486032719142,10369.787709850187,10421.504682894285
2025-10-30 06:00:00,10657.0,10758.0,10653.03293942571,10775.456850265442,10660.92292068876,10719.877676027982
2025-10-30 07:00:00,11112.0,11342.0,11153.150129518297,11272.424802136762,11138.084596676565,11165.868022290457
2025-10-30 08:00:00,11586.0,11769.0,11604.337030465726,11734.078569782456,11588.113605565637,11659.970357190125
2025-10-30 09:00:00,12055.0,12291.0,12159.82008914966,12235.129392309711,12036.340809541782,12052.409430142707
2025-10-30 10:00:00,12265.0,12513.0,12443.999241332167,12450.056412781356,12304.78249456458,12320.947530130004
2025-10-30 11:00:00,12371.0,12518.0,12498.979953891148,12548.148117869794,12386.88694230145,12411.204290300866
2025-10-30 12:00:00,12307.0,12469.0,12437.762438427879,12573.6149789683,12391.424799609997,12434.21353156478
2025-10-30 13:00:00,12342.0,12438.0,12414.39315680918,12568.365014685003,12405.86756290875,12395.701709769479
2025-10-30 14:00:00,12367.0,12439.0,12420.939537793492,12565.800691728782,12436.245030604705,12458.754557355312
2025-10-30 15:00:00,12328.0,12405.0,12422.24152214095,12585.065050865669,12426.07260995258,12440.570365349495
2025-10-30 16:00:00,12330.0,12457.0,12468.269167082126,12580.407141451678,12464.452331171351,12485.04024433651
2025-10-30 17:00:00,12466.0,12482.0,12486.014309266106,12604.32530272649,12523.284054829723,12493.28272026375
2025-10-30 18:00:00,12675.0,12709.0,12659.383196577837,12813.443350415135,12789.36884894285,12798.37275489703
2025-10-30 19:00:00,12592.0,12750.0,12684.171692158307,12797.906686688588,12727.40068531447,12743.98420033712
2025-10-30 20:00:00,12385.0,12532.0,12478.6309686317,12579.980148661987,12421.571003246938,12437.99043024748
2025-10-30 21:00:00,12248.0,12297.0,12326.387839440116,12467.881028492702,12286.680692411192,12275.60598665689
2025-10-30 22:00:00,11955.0,12029.0,12086.816440783536,12201.931468285944,12069.036582565672,12016.452735430186
2025-10-30 23:00:00,11516.0,11607.0,11682.537954588166,11793.798015680186,11653.254806799327,11667.586795316744
2025-10-31 00:00:00,11102.0,11135.0,11285.898429521649,11251.545938528418,11135.786125396622,11123.1968750549
2025-10-31 01:00:00,10723.0,10705.0,10827.943942926411,10829.760229789625,10758.009444463973,10762.45573034646
2025-10-31 02:00:00,10543.0,10436.0,10571.353805408502,10587.038049345249,10517.28485260637,10530.70861483856
2025-10-31 03:00:00,10353.0,10343.0,10453.28180363972,10478.070018803057,10408.906881272764,10412.785309697269
2025-10-31 04:00:00,10271.0,10291.0,10382.617186572343,10434.829252057521,10357.557822794073,10358.431638512178
2025-10-31 05:00:00,10345.0,10373.0,10441.96385642626,10486.653405914272,10436.834988798018,10438.817188173152
2025-10-31 06:00:00,10663.0,10725.0,10756.673149660102,10814.922675610373,10752.970528626849,10747.344981072092
2025-10-31 07:00:00,11124.0,11314.0,11256.191893191031,11308.087301663352,11201.4244117891,11151.685876100202
2025-10-31 08:00:00,11671.0,11750.0,11713.541126438122,11845.108652920433,11738.384077894994,11649.363948703254
2025-10-31 09:00:00,12038.0,12221.0,12249.137776278398,12359.667347586503,12231.563089876434,12137.592912277645
2025-10-31 10:00:00,12361.0,12483.0,12556.609000093635,12536.69788886264,12497.563535121122,12429.043360865588
2025-10-31 11:00:00,12476.0,12600.0,12673.341677255392,12603.169267552996,12549.566883257308,12510.860277543405
2025-10-31 12:00:00,12425.0,12547.0,12622.835942271762,12598.470035665188,12520.27869476688,12505.98883514092
2025-10-31 13:00:00,12476.0,12513.0,12599.708851366722,12530.65006848662,12447.90115997635,12411.879943975564
2025-10-31 14:00:00,12405.0,12512.0,12604.671902813252,12584.720340968748,12456.997882517593,12408.164974273108
2025-10-31 15:00:00,12372.0,12463.0,12553.872838941514,12559.5857745872,12429.992181860338,12370.95312949146
2025-10-31 16:00:00,12398.0,12491.0,12574.93817963827,12589.117132136795,12514.879569547697,12455.56761465532
2025-10-31 17:00:00,12426.0,12485.0,12556.34184521359,12614.435105175795,12548.559694784339,12462.734690019199
2025-10-31 18:00:00,12727.0,12697.0,12729.953981281042,12768.337968714008,12829.755541088985,12772.171123258351
2025-10-31 19:00:00,12679.0,12667.0,12734.551849438554,12749.671216176444,12798.215016755306,12742.935270016007
2025-10-31 20:00:00,12425.0,12394.0,12510.205289747451,12544.393959795614,12497.558442560754,12439.399442626787
2025-10-31 21:00:00,12229.0,12215.0,12376.71597686929,12424.035596072066,12361.629508034237,12293.086134478559
2025-10-31 22:00:00,12008.0,11912.0,12127.274547364786,12128.046739728225,12086.814281469924,11980.872499353867
2025-10-31 23:00:00,11609.0,11503.0,11731.57772619401,11839.803332231275,11768.566186443759,11675.279124037086
2025-11-01 00:00:00,11197.0,11121.0,11528.830712609057,11370.991623344456,11315.925262637693,11295.07541351906
2025-11-01 01:00:00,10772.0,10705.0,11097.584193443954,10986.725946745008,10919.916227100352,10883.104312902522
2025-11-01 02:00:00,10485.0,10471.0,10851.921228884368,10775.452287504357,10646.569778518986,10640.756006164134
2025-11-01 03:00:00,10339.0,10237.0,10658.957446055,10605.002406734471,10461.502755201791,10451.958319841766
2025-11-01 04:00:00,10364.0,10186.0,10570.782040746304,10556.208741275343,10395.828739809369,10390.41521119057
2025-11-01 05:00:00,10384.0,10180.0,10590.098445324356,10585.326297581789,10400.62020875306,10386.956689987375
2025-11-01 06:00:00,10685.0,10319.0,10783.988298891227,10780.040391177503,10620.014706872294,10604.588392435051
2025-11-01 07:00:00,11056.0,10539.0,11089.229417214912,11081.890048981615,10896.133592194605,10892.838621906541
2025-11-01 08:00:00,11512.0,10828.0,11458.598268756621,11361.932681494773,11184.547866083718,11180.134285562754
2025-11-01 09:00:00,11959.0,11257.0,11980.336631110382,11985.919734192914,11704.169126076262,11696.455910715791
2025-11-01 10:00:00,12317.0,11769.0,12403.936366369688,12406.990559918513,12101.892671371124,12078.337240887624
2025-11-01 11:00:00,12393.0,11981.0,12569.083963848365,12523.82332719091,12350.793116337178,12316.304329646384
2025-11-01 12:00:00,12533.0,12024.0,12584.490487142832,12525.451011670322,12305.020267579586,12256.176369067236
2025-11-01 13:00:00,12513.0,12023.0,12572.134331619929,12477.917780360169,12341.426090885201,12317.065530492438
2025-11-01 14:00:00,12498.0,12049.0,12584.70283943679,12431.792840756174,12333.11392155065,12320.30251736438
2025-11-01 15:00:00,12359.0,11999.0,12533.792018586413,12368.928526038102,12301.085755396873,12261.433476962442
2025-11-01 16:00:00,12303.0,12063.0,12573.948599918718,12422.966112247374,12304.703845752352,12282.990691432555
2025-11-01 17:00:00,12476.0,12090.0,12593.035150721662,12518.88319399385,12394.35748427086,12354.642050306984
2025-11-01 18:00:00,12704.0,12417.0,12826.400799043871,12756.123459795675,12599.657767786139,12584.320877941494
2025-11-01 19:00:00,12708.0,12425.0,12838.78068337701,12720.651361787035,12557.683940564888,12541.107811767035
2025-11-01 20:00:00,12380.0,12081.0,12581.950127643857,12496.273022915026,12351.724831773896,12300.538418081598
2025-11-01 21:00:00,12229.0,11992.0,12480.9104326124,12392.82297944502,12181.947923292568,12154.362338493895
2025-11-01 22:00:00,11978.0,11726.0,12229.252251912301,12155.782895487626,11956.842801784698,11935.90438501006
2025-11-01 23:00:00,11624.0,11399.0,11861.249333024138,11757.75568602638,11602.85495409714,11597.189368192443
2025-11-02 00:00:00,11294.0,11036.0,11103.733432484798,11378.50612211552,11280.687886399786,11298.867700844967
2025-11-02 01:00:00,10899.0,10568.0,10671.906567807539,11049.230407193958,10856.822539679468,10868.315572919011
2025-11-02 02:00:00,10589.0,10326.0,10432.368814139532,10821.48524189896,10597.367847098145,10593.112044919793
2025-11-02 03:00:00,10472.0,10220.0,10292.868691065709,10669.784615450073,10429.397249784854,10423.275076818827
2025-11-02 04:00:00,10394.0,10106.0,10186.452008695913,10600.43379902288,10374.05518157108,10355.734958617772
2025-11-02 05:00:00,10315.0,10100.0,10212.825712359872,10586.287518405516,10354.192602262126,10343.468544702353
2025-11-02 06:00:00,10393.0,10243.0,10417.939146942448,10689.770745701744,10532.615731490336,10516.323632409476
2025-11-02 07:00:00,10637.0,10401.0,10697.472278886928,10695.168639063746,10695.179442047061,10680.818644438927
2025-11-02 08:00:00,10910.0,10603.0,11022.55997042396,11000.499883399018,10921.695308195114,10939.64138981809
2025-11-02 09:00:00,11208.0,11000.0,11492.66779928749,11462.544518898923,11305.582106533735,11318.751694666546
2025-11-02 10:00:00,11757.0,11547.0,11934.271457764293,11842.263813842506,11810.620311307073,11823.122112828147
2025-11-02 11:00:00,11971.0,11747.0,12086.635290223054,12105.401313968223,12037.362258865569,12051.065789683973
2025-11-02 12:00:00,12166.0,11855.0,12125.466653326626,12141.810486247092,12115.687381609385,12124.376697911866
2025-11-02 13:00:00,12128.0,11878.0,12139.288763210958,12166.081065339951,12102.391411146586,12114.442001027184
2025-11-02 14:00:00,12115.0,11947.0,12164.203616039817,12167.653468173712,12104.93113409299,12111.715008976198
2025-11-02 15:00:00,12055.0,11883.0,12105.376093183486,12163.00041550006,12113.508688859849,12111.391101645528
2025-11-02 16:00:00,12151.0,11960.0,12146.459708601931,12217.37755425519,12117.21829421437,12114.432315528795
2025-11-02 17:00:00,12408.0,12071.0,12208.499917606994,12324.422189022593,12274.733462357148,12255.63970791743
2025-11-02 18:00:00,12627.0,12408.0,12454.177589870738,12689.260408472226,12572.435486545895,12579.518251256846
2025-11-02 19:00:00,12620.0,12416.0,12464.819825162356,12657.96289358548,12536.228413357703,12529.422116862015
2025-11-02 20:00:00,12319.0,12235.0,12289.746233098384,12451.05250031541,12341.443517589214,12339.682960269784
2025-11-02 21:00:00,12179.0,12093.0,12166.488358006596,12342.953897363466,12177.942400873279,12189.965299428808
2025-11-02 22:00:00,11886.0,11747.0,11872.731038752183,12106.156080310191,11925.684299311572,11932.379220410829
2025-11-02 23:00:00,11609.0,11318.0,11479.360177458502,11685.806929594633,11550.029783865164,11540.444453159555
2025-11-03 00:00:00,11228.0,10922.0,11061.405182595385,11246.652988696784,11060.905123302076,11050.291951710142
2025-11-03 01:00:00,10789.0,10471.0,10618.119184475541,10989.535525518973,10771.245181748713,10719.840948196066
2025-11-03 02:00:00,10589.0,10277.0,10373.680142295081,10677.15245148284,10429.126459197421,10417.105570601361
2025-11-03 03:00:00,10395.0,10080.0,10224.263891284045,10520.39725292301,10255.337257410669,10245.80259292655
2025-11-03 04:00:00,10253.0,10107.0,10211.802567284294,10483.771605426762,10246.835481221502,10223.43123748497
2025-11-03 05:00:00,10286.0,10099.0,10187.082787985059,10454.977998985818,10212.413677046867,10199.642861774073
2025-11-03 06:00:00,10446.0,10445.0,10513.905392479894,10777.654012937952,10554.226342862348,10495.079752485368
2025-11-03 07:00:00,10655.0,10899.0,10950.70491593175,11073.76365763806,10875.570654954428,10801.176041499482
2025-11-03 08:00:00,10893.0,11389.0,11438.320763675683,11300.80161700418,11191.564380186088,11168.23286625255
2025-11-03 09:00:00,11360.0,11912.0,12000.912435289898,11783.948636269064,11669.9719109364,11661.793288795769
2025-11-03 10:00:00,11878.0,12248.0,12346.080668911554,12250.50708042963,12071.333504343178,12059.395948184314
2025-11-03 11:00:00,12096.0,12373.0,12471.990537257274,12394.108334025479,12266.895752021368,12244.811078147426
2025-11-03 12:00:00,12245.0,12310.0,12447.99204717843,12524.532401133769,12387.988368010296,12354.960376204512
2025-11-03 13:00:00,12220.0,12285.0,12432.453858564399,12527.30557209766,12398.090071867953,12349.680516621193
2025-11-03 14:00:00,12240.0,12337.0,12448.940006822831,12475.176968342053,12334.683198719084,12297.740228473765
2025-11-03 15:00:00,12172.0,12337.0,12394.636760363483,12372.53641986714,12304.868213049722,12274.390225970265
2025-11-03 16:00:00,12219.0,12382.0,12404.915892237874,12403.25950096482,12265.192595581542,12217.685620550577
2025-11-03 17:00:00,12393.0,12377.0,12388.441915138399,12545.34447117652,12379.494214117332,12336.79898350896
2025-11-03 18:00:00,12578.0,12686.0,12606.720853307987,12857.532980853346,12619.655202746233,12585.842097577352
2025-11-03 19:00:00,12505.0,12660.0,12589.024435116093,12866.100339138602,12592.147847773236,12600.290915197875
2025-11-03 20:00:00,12213.0,12350.0,12333.68715498733,12525.96459134796,12358.840105775327,12355.627056609675
2025-11-03 21:00:00,12073.0,12196.0,12202.154357916952,12318.110695080022,12161.793012063028,12137.062373863384
2025-11-03 22:00:00,11776.0,11925.0,11947.456237782078,12084.425847053042,11887.652738250885,11861.618040283334
2025-11-03 23:00:00,11426.0,11459.0,11494.365694267563,11729.419463685032,11471.448027074139,11461.965732324374
2025-11-04 00:00:00,11059.0,11092.0,10932.324918361322,11248.809086158097,11091.661700744373,11088.391610832128
2025-11-04 01:00:00,10707.0,10586.0,10462.32726542614,10935.456929145352,10680.06549222607,10668.608017693557
2025-11-04 02:00:00,10427.0,10428.0,10249.203060957372,10658.452674460123,10462.498415128977,10446.525497417233
2025-11-04 03:00:00,10272.0,10280.0,10096.771145524355,10532.140549744981,10342.174188674617,10338.330741695156
2025-11-04 04:00:00,10145.0,10222.0,10024.620022512363,10463.240583755072,10208.1493472472,10209.989843038053
2025-11-04 05:00:00,10163.0,10310.0,10076.529335952262,10449.560259445252,10203.606579055338,10195.221576327875
2025-11-04 06:00:00,10307.0,10609.0,10354.153929087617,10689.537126061692,10380.407110872318,10359.775925445585
2025-11-04 07:00:00,10498.0,11019.0,10737.114273487587,11042.198039356605,10666.451603480475,10661.17159311859
2025-11-04 08:00:00,10770.0,11440.0,11172.938502073855,11446.391833285592,11088.065668673904,11088.474643853107
2025-11-04 09:00:00,11201.0,11952.0,11698.691468637848,11869.525006928145,11595.013718279608,11534.283659116172
2025-11-04 10:00:00,11630.0,12243.0,12022.946486560593,12113.038868382893,11913.03350705924,11853.864060924861
2025-11-04 11:00:00,11872.0,12360.0,12133.246742620764,12264.655281643843,12059.584983534933,12025.663494972929
2025-11-04 12:00:00,11931.0,12314.0,12102.734944585183,12299.345271898093,12140.563148953639,12137.142964717386
2025-11-04 13:00:00,11985.0,12270.0,12077.986462274455,12281.076207135635,12118.714153857734,12133.933974589285
2025-11-04 14:00:00,11938.0,12369.0,12135.131757669225,12295.927010304273,12122.974656030423,12114.104452938274
2025-11-04 15:00:00,11916.0,12318.0,12068.785520928313,12303.727965986282,12127.921789945209,12104.055075501796
2025-11-04 16:00:00,11967.0,12363.0,12082.060578085464,12313.092464636311,12087.842445269018,12087.1122894034
2025-11-04 17:00:00,12193.0,12326.0,12079.580223891664,12517.387409038087,12292.780296756146,12283.554673118106
2025-11-04 18:00:00,12505.0,12620.0,12310.957117493506,12875.29245296787,12603.171471061605,12580.110375098398
2025-11-04 19:00:00,12474.0,12639.0,12338.148027096835,12851.659439628409,12565.953096438243,12550.30759385926
2025-11-04 20:00:00,12216.0,12336.0,12093.926577035374,12492.917759556283,12336.078062267672,12287.534153238239
2025-11-04 21:00:00,12074.0,12214.0,11992.93610497233,12332.099206555236,12158.578090081424,12120.655077547555
2025-11-04 22:00:00,11771.0,11949.0,11743.655207577687,12063.421595757693,11888.836681078685,11846.38837853791
2025-11-04 23:00:00,11303.0,11526.0,11337.897264708241,11728.215856443632,11545.890722499342,11517.583044576764
2025-11-05 00:00:00,10993.0,11104.0,11075.996416531638,10997.765938025028,11053.26429239834,11034.365139412166
2025-11-05 01:00:00,10514.0,10628.0,10616.532404027854,10650.609712020743,10633.984419187094,10584.121048620831
2025-11-05 02:00:00,10268.0,10413.0,10392.025816483772,10454.074795525727,10451.08134594136,10367.833283979966
2025-11-05 03:00:00,10132.0,10310.0,10266.439377563107,10269.804687062322,10269.229206456519,10240.986715620165
2025-11-05 04:00:00,10075.0,10200.0,10135.6199252542,10220.270806669658,10176.538537271683,10149.162620802797
2025-11-05 05:00:00,10196.0,10303.0,10176.035710865444,10230.150876222842,10231.338137034083,10224.686209302376
2025-11-05 06:00:00,10534.0,10653.0,10454.581661609756,10464.959390648552,10516.068515294059,10486.440919996643
2025-11-05 07:00:00,11052.0,11102.0,10866.139480300308,10796.01431281935,10748.038464238045,10726.144639439766
2025-11-05 08:00:00,11612.0,11540.0,11302.781716495218,11259.09199011049,11223.028347030617,11198.209102878036
2025-11-05 09:00:00,11980.0,12061.0,11834.658730439938,11861.50813313325,11713.33699136003,11583.313264727714
2025-11-05 10:00:00,12209.0,12331.0,12173.973877164883,12233.604398742928,12035.172602073635,11923.185463654412
2025-11-05 11:00:00,12269.0,12362.0,12252.09477417165,12340.84668593524,12153.658954690593,12110.998144647003
2025-11-05 12:00:00,12333.0,12380.0,12274.435119942977,12463.331955164163,12275.742947168777,12258.086572766402
2025-11-05 13:00:00,12322.0,12275.0,12220.07895793866,12413.084417908438,12244.574925457424,12220.59012557319
2025-11-05 14:00:00,12375.0,12300.0,12240.554111087375,12425.83318384729,12287.54406664382,12244.02186039231
2025-11-05 15:00:00,12294.0,12260.0,12164.278874415673,12384.963721324964,12257.681966192515,12247.255290311505
2025-11-05 16:00:00,12393.0,12359.0,12224.453398041054,12441.320281190801,12304.549569377645,12267.148243982698
2025-11-05 17:00:00,12447.0,12381.0,12257.237168687665,12600.811982817242,12464.485021756951,12438.945360824693
2025-11-05 18:00:00,12628.0,12630.0,12447.52589966655,12799.787224759084,12632.162463922432,12608.336835109676
2025-11-05 19:00:00,12520.0,12664.0,12463.176561410342,12742.923162009269,12481.834390109274,12448.626946201606
2025-11-05 20:00:00,12288.0,12359.0,12165.111398891455,12500.555566411324,12265.905521437182,12227.689025953126
2025-11-05 21:00:00,12143.0,12207.0,12016.656928615761,12220.464457723598,12021.760073447362,11963.824895939295
2025-11-05 22:00:00,11883.0,11912.0,11744.701153417673,11893.298664047445,11727.687886825379,11640.592949506523
2025-11-05 23:00:00,11358.0,11552.0,11358.14509638869,11427.547622989812,11358.026711139873,11309.470842537197
2025-11-06 00:00:00,10943.0,11120.0,11074.758059786594,11165.196547684905,11071.547252677472,10986.202081815512
2025-11-06 01:00:00,10532.0,10715.0,10663.384097052238,10818.683749310965,10705.168608260707,10599.033438831468
2025-11-06 02:00:00,10351.0,10472.0,10415.809851564318,10612.818056728382,10517.661164792984,10430.513463877996
2025-11-06 03:00:00,10176.0,10287.0,10227.967509765445,10425.708314306858,10315.834516806824,10271.91245700231
2025-11-06 04:00:00,10159.0,10251.0,10150.973329219614,10351.681429825141,10235.051561119115,10183.66947688577
2025-11-06 05:00:00,10159.0,10340.0,10207.019019237025,10402.893487888516,10300.776994649137,10246.763599336453
2025-11-06 06:00:00,10494.0,10657.0,10472.662452777478,10622.426479098029,10560.912262488335,10505.047335302452
2025-11-06 07:00:00,11089.0,11112.0,10885.538735283795,10950.2400206339,10835.321074474066,10774.476064128607
2025-11-06 08:00:00,11625.0,11586.0,11335.987013177071,11460.521238389512,11299.244254465159,11231.709608127541
2025-11-06 09:00:00,11988.0,12055.0,11862.019367379362,11956.056725995475,11745.726678873825,11682.133797278591
2025-11-06 10:00:00,12235.0,12265.0,12167.756859348005,12384.778522145973,12100.084507312322,12048.053687996162
2025-11-06 11:00:00,12251.0,12371.0,12296.45895822734,12477.313337200145,12181.218620825655,12139.410772389314
2025-11-06 12:00:00,12335.0,12307.0,12269.800238716736,12430.406995061076,12145.690149249183,12132.119917223386
2025-11-06 13:00:00,12308.0,12342.0,12290.609550225548,12465.470351599733,12163.541976635208,12162.963743402594
2025-11-06 14:00:00,12360.0,12367.0,12317.894930192628,12430.242012722973,12163.327255272594,12155.196291370457
2025-11-06 15:00:00,12275.0,12328.0,12269.85765665373,12424.503168993651,12147.714002907042,12145.139900449278
2025-11-06 16:00:00,12344.0,12330.0,12281.265314113565,12484.306635706685,12211.914158638943,12142.957036837452
2025-11-06 17:00:00,12513.0,12466.0,12365.186544447151,12774.414349386865,12429.637059038181,12349.012027334311
2025-11-06 18:00:00,12604.0,12675.0,12528.98904601962,12907.639563705332,12522.16096081675,12500.729894628988
2025-11-06 19:00:00,12570.0,12592.0,12476.475896413318,12846.608633524387,12486.901643739959,12473.77975513293
2025-11-06 20:00:00,12292.0,12385.0,12275.963775257454,12577.88546704538,12212.335340250478,12178.915910760705
2025-11-06 21:00:00,12195.0,12248.0,12152.093575293751,12367.340762452302,12063.583682937486,12033.90112124062
2025-11-06 22:00:00,11890.0,11955.0,11879.15605764935,12032.526819085302,11801.768246985737,11776.437162520779
2025-11-06 23:00:00,11470.0,11516.0,11446.262553199014,11590.249671077045,11424.5156726743,11353.747995632259
2025-11-07 00:00:00,10994.0,11102.0,11122.491138821375,11179.334382175173,11031.4954319775,11025.448913271313
2025-11-07 01:00:00,10601.0,10723.0,10714.685693590558,10755.548819278252,10600.95535201201,10628.41785530083
2025-11-07 02:00:00,10388.0,10543.0,10487.464411725723,10494.434931837963,10375.783542044415,10399.098229984664
2025-11-07 03:00:00,10265.0,10353.0,10321.351317657176,10329.556990680985,10195.419587410672,10216.579073532892
2025-11-07 04:00:00,10169.0,10271.0,10225.527477253589,10289.860144633507,10195.650768399524,10214.557939328257
2025-11-07 05:00:00,10241.0,10345.0,10274.009440050779,10366.485167706498,10223.979081080819,10239.339493499783
2025-11-07 06:00:00,10581.0,10663.0,10557.764054515914,10698.42245534737,10571.534094348192,10584.31039164102
2025-11-07 07:00:00,11178.0,11124.0,10994.470972436191,11150.744308827821,11021.838217909513,11018.429591159267
2025-11-07 08:00:00,11698.0,11671.0,11499.374136532952,11785.145797000914,11629.575867849371,11650.724157549821
2025-11-07 09:00:00,12058.0,12038.0,11956.011160923132,12243.490832371795,12024.591096016047,12035.107326703295
2025-11-07 10:00:00,12351.0,12361.0,12293.331355010498,12456.356653178023,12157.911374025154,12175.80762771181
2025-11-07 11:00:00,12316.0,12476.0,12420.740790534845,12508.522543006988,12211.9641502519,12219.958892857961
2025-11-07 12:00:00,12350.0,12425.0,12421.379840458674,12528.62956338964,12275.37671787132,12289.392922844672
2025-11-07 13:00:00,12339.0,12476.0,12452.490826116446,12506.780308923377,12245.743747997734,12267.824453043315
2025-11-07 14:00:00,12416.0,12405.0,12413.380735112052,12519.786523408204,12288.266454523507,12325.515717298575
2025-11-07 15:00:00,12376.0,12372.0,12374.55790622163,12463.102865677201,12260.54331238174,12255.197919767448
2025-11-07 16:00:00,12429.0,12398.0,12401.158651296655,12513.931191331576,12339.370649575687,12318.053010842857
2025-11-07 17:00:00,12561.0,12426.0,12424.484560670768,12589.155038982766,12401.269817474627,12434.818325534994
2025-11-07 18:00:00,12701.0,12727.0,12633.044568838433,12744.321620132581,12612.127215201663,12649.532670909222
2025-11-07 19:00:00,12577.0,12679.0,12603.080753007533,12656.842850164625,12477.119448540872,12510.410051664094
2025-11-07 20:00:00,12349.0,12425.0,12375.653712411955,12429.101889217305,12200.49427845598,12238.580115965904
2025-11-07 21:00:00,12257.0,12229.0,12236.923976987508,12336.080706845498,12096.004303722442,12113.717792279223
2025-11-07 22:00:00,12043.0,12008.0,12009.277282255856,12044.083705797251,11934.65930806545,11959.154239513902
2025-11-07 23:00:00,11606.0,11609.0,11594.670713277132,11637.417551580767,11514.935591765714,11546.280983753537
2025-11-08 00:00:00,11275.0,11197.0,11160.119437580188,11310.181880053664,11098.317237043664,11106.45682355011
2025-11-08 01:00:00,10853.0,10772.0,10718.15140965923,10877.646036249827,10706.871943674927,10764.48099709315
2025-11-08 02:00:00,10512.0,10485.0,10447.695531386773,10622.55484124146,10475.010517215096,10530.413749855936
2025-11-08 03:00:00,10379.0,10339.0,10307.862719065657,10443.805359206382,10280.436414025875,10322.06356136996
2025-11-08 04:00:00,10327.0,10364.0,10275.774863464923,10408.333981406646,10241.739007310098,10306.378889125366
2025-11-08 05:00:00,10307.0,10384.0,10291.518692221915,10392.309417999542,10210.695509575211,10270.921547745618
2025-11-08 06:00:00,10379.0,10685.0,10542.886107763852,10630.476559535764,10464.375365687883,10556.615281490664
2025-11-08 07:00:00,10598.0,11056.0,10947.385282426356,10923.902980976554,10836.987070477868,10890.80868421087
2025-11-08 08:00:00,10924.0,11512.0,11416.435396102575,11299.689327350308,11279.732056913836,11309.543645298072
2025-11-08 09:00:00,11332.0,11959.0,11920.694457411428,11627.32760034249,11656.421345899267,11683.561791281076
2025-11-08 10:00:00,11803.0,12317.0,12285.482890379972,12056.592707895552,12013.765976401683,11980.3275666443
2025-11-08 11:00:00,12054.0,12393.0,12384.5526972013,12207.113408030971,12063.73405019186,12068.283122088073
2025-11-08 12:00:00,12193.0,12533.0,12456.645486427678,12287.693227364496,12216.599280776336,12274.943479013484
2025-11-08 13:00:00,12246.0,12513.0,12449.259149172782,12274.992012629642,12144.876890606884,12184.252039344998
2025-11-08 14:00:00,12246.0,12498.0,12454.801836840126,12295.262087237561,12236.726461708435,12292.925358245484
2025-11-08 15:00:00,12246.0,12359.0,12359.782754521468,12248.218090041019,12133.27139852484,12185.206424284335
2025-11-08 16:00:00,12306.0,12303.0,12352.476020751985,12303.545189613624,12253.92457084321,12316.83353125913
2025-11-08 17:00:00,12546.0,12476.0,12455.463538512937,12475.42440030694,12420.401153667472,12462.341278275368
2025-11-08 18:00:00,12763.0,12704.0,12632.391027211615,12601.711335496659,12579.273622704946,12624.174525404458
2025-11-08 19:00:00,12667.0,12708.0,12625.652750441059,12504.840381395548,12500.764584785651,12548.88204426136
2025-11-08 20:00:00,12369.0,12380.0,12368.740494514781,12321.115294793415,12215.450132572336,12273.518964526003
2025-11-08 21:00:00,12270.0,12229.0,12268.007151176786,12276.381014825549,12131.399852626831,12150.752154331123
2025-11-08 22:00:00,11994.0,11978.0,12025.011791495295,12014.60632519106,11894.738224807323,11894.027230206888
2025-11-08 23:00:00,11563.0,11624.0,11644.975368275645,11703.34105772648,11503.809511543792,11508.617172076538
2025-11-09 00:00:00,11195.0,11294.0,11191.475731252476,11286.923863828288,11073.927637528925,11101.078482040632
2025-11-09 01:00:00,10895.0,10899.0,10772.156506733574,10943.769855484505,10730.072843943202,10721.306080752436
2025-11-09 02:00:00,10563.0,10589.0,10492.981097302942,10681.658363817553,10508.650307427553,10511.882585930638
2025-11-09 03:00:00,10379.0,10472.0,10366.574593292064,10547.589459855648,10400.290595166754,10414.08891575946
2025-11-09 04:00:00,10345.0,10394.0,10285.792584247496,10410.698049895576,10215.818726505397,10231.505912323468
2025-11-09 05:00:00,10295.0,10315.0,10258.804341100431,10422.338780905291,10262.30967740598,10266.664648810973
2025-11-09 06:00:00,10466.0,10393.0,10426.985573473885,10582.674953251048,10360.25245447126,10370.604922712262
2025-11-09 07:00:00,10580.0,10637.0,10756.454506588872,10733.060149859548,10649.380754859474,10617.802357904304
2025-11-09 08:00:00,10820.0,10910.0,11135.894371621021,10847.268569719166,10786.408232222204,10787.267209953
2025-11-09 09:00:00,11174.0,11208.0,11561.090570735892,11279.167143237139,11160.10894358623,11175.118776855501
2025-11-09 10:00:00,11714.0,11757.0,12023.850779819153,11879.552238958344,11854.661529096134,11841.694163498052
2025-11-09 11:00:00,11937.0,11971.0,12183.744784941868,11960.642701705143,11910.666867997794,11875.229588753817
2025-11-09 12:00:00,12118.0,12166.0,12303.384616969724,12133.917263355064,12085.140805426972,12077.619325061625
2025-11-09 13:00:00,12140.0,12128.0,12288.919630273816,12098.544947149083,12100.414300604709,12093.538558332584
2025-11-09 14:00:00,12155.0,12115.0,12301.434467550698,12174.417828744301,12170.554792159965,12152.371910848138
2025-11-09 15:00:00,12199.0,12055.0,12244.102751431143,12122.208328517956,12194.08370904517,12165.214612530395
2025-11-09 16:00:00,12351.0,12151.0,12306.803445296688,12242.961770009388,12276.132971680776,12243.366433051482
2025-11-09 17:00:00,12587.0,12408.0,12451.883289192514,12455.76923250787,12477.730880179859,12435.456285479078
2025-11-09 18:00:00,12717.0,12627.0,12613.673454732436,12694.199824508114,12624.66872228699,12618.116824437271
2025-11-09 19:00:00,12632.0,12620.0,12598.264282208238,12592.063820343239,12527.236533163816,12513.589202320998
2025-11-09 20:00:00,12410.0,12319.0,12353.65033938634,12421.366225663623,12355.779564403962,12359.626051679288
2025-11-09 21:00:00,12317.0,12179.0,12246.946273251573,12366.357833740658,12216.227495532192,12211.496701017657
2025-11-09 22:00:00,12024.0,11886.0,11980.112120309692,12092.600903070974,11961.331993123442,11966.152151385937
2025-11-09 23:00:00,11542.0,11609.0,11634.011757304997,11616.580048856666,11570.61372152218,11587.24095994382
2025-11-10 00:00:00,11210.0,11228.0,11485.820970297842,11230.314168676789,11145.584386710356,11118.601078361937
2025-11-10 01:00:00,10741.0,10789.0,11051.956294482263,10893.33154810997,10728.082618366177,10734.166280883663
2025-11-10 02:00:00,10508.0,10589.0,10824.68968802233,10654.70723246703,10445.812013390747,10471.90476847784
2025-11-10 03:00:00,10353.0,10395.0,10667.409983101816,10507.365628154581,10331.047649721082,10338.597649205867
2025-11-10 04:00:00,10325.0,10253.0,10560.021159383517,10432.532673509108,10275.021487345199,10281.390011320476
2025-11-10 05:00:00,10357.0,10286.0,10585.904354680326,10464.902838067374,10325.823182480779,10329.883779079626
2025-11-10 06:00:00,10746.0,10446.0,10796.000489338287,10786.151094953671,10590.347281437538,10596.896231904926
2025-11-10 07:00:00,11352.0,10655.0,11120.567782413895,11280.196379669722,11093.043470680323,11121.986772707693
2025-11-10 08:00:00,11882.0,10893.0,11492.243758261606,11735.778969126779,11440.29742816844,11468.495899498272
2025-11-10 09:00:00,12344.0,11360.0,12003.073151391478,12230.494988428409,11937.560075213181,11926.909362389062
2025-11-10 10:00:00,12647.0,11878.0,12449.792658369886,12921.169026209507,12500.119658235668,12477.043314755962
2025-11-10 11:00:00,12726.0,12096.0,12619.121338298763,12957.096576672488,12611.3683951925,12616.125416779252
2025-11-10 12:00:00,12750.0,12245.0,12697.641699873298,12939.394302920855,12623.656949009906,12630.221850210595
2025-11-10 13:00:00,12718.0,12220.0,12690.862010212812,12928.983711771669,12631.145412464333,12622.988643769222
2025-11-10 14:00:00,12807.0,12240.0,12712.236878233567,12972.734857191308,12653.424104339407,12676.24049363024
2025-11-10 15:00:00,12644.0,12172.0,12673.28171092166,12967.486870384071,12659.083199665138,12657.833752669716
2025-11-10 16:00:00,12759.0,12219.0,12711.301822465106,13004.558550423644,12659.138511269828,12687.985054253548
2025-11-10 17:00:00,12909.0,12393.0,12814.409256206824,13114.02238566281,12780.6449965653,12820.791748790922
2025-11-10 18:00:00,12992.0,12578.0,12975.136808400992,13193.860814229338,12901.72316964633,12936.952694855147
2025-11-10 19:00:00,12932.0,12505.0,12911.458006866971,13098.65145706504,12783.488947683341,12812.65472403349
2025-11-10 20:00:00,12708.0,12213.0,12672.552977027119,12938.146708320084,12607.15136202393,12616.159799830291
2025-11-10 21:00:00,12549.0,12073.0,12560.766581109805,12768.489168537082,12458.095192082015,12454.622112187091
2025-11-10 22:00:00,12270.0,11776.0,12302.179043505179,12344.460399714395,12168.25909169125,12164.231767907188
2025-11-10 23:00:00,11780.0,11426.0,11920.564126250463,11807.522328670668,11712.485301346198,11695.695465511035
2025-11-11 00:00:00,11404.0,11059.0,11635.617592281207,11330.306041669965,11284.984150861219,11269.690694354487
2025-11-11 01:00:00,10941.0,10707.0,11246.711460427596,10986.507880936702,10944.837207666165,10909.039706925612
2025-11-11 02:00:00,10645.0,10427.0,10973.504438475065,10747.7495997353,10632.917646861331,10639.676266099345
2025-11-11 03:00:00,10572.0,10272.0,10818.004234702297,10560.99426044333,10467.826655522593,10471.046415695626
2025-11-11 04:00:00,10460.0,10145.0,10714.020602521012,10530.747264165715,10412.9772601478,10431.952740484896
2025-11-11 05:00:00,10572.0,10163.0,10730.83917597229,10584.117331129008,10444.064037381213,10467.940794386372
2025-11-11 06:00:00,10936.0,10307.0,10917.108043060769,10902.160929853238,10741.600909667392,10751.257430407293
2025-11-11 07:00:00,11483.0,10498.0,11184.755697487884,11360.026015674383,11146.909702329447,11154.988827486906
2025-11-11 08:00:00,12061.0,10770.0,11536.983732607896,11786.087847315275,11527.302901733305,11490.442109171625
2025-11-11 09:00:00,12451.0,11201.0,12044.153132964257,12234.35577336076,11934.087926748469,11935.015915852468
2025-11-11 10:00:00,12717.0,11630.0,12457.294323401105,12834.307964108024,12519.57076917853,12506.356291614688
2025-11-11 11:00:00,12733.0,11872.0,12649.231568180083,12880.364664129265,12632.397379043392,12588.415590017436
2025-11-11 12:00:00,12814.0,11931.0,12707.166742496911,12765.351151632369,12512.9050200467,12478.607962747828
2025-11-11 13:00:00,12780.0,11985.0,12743.442774827663,12784.167435278761,12527.229848526908,12495.468856651883
2025-11-11 14:00:00,12749.0,11938.0,12724.480609919721,12815.05459957997,12539.189482859341,12517.491215123251
2025-11-11 15:00:00,12723.0,11916.0,12700.949142022939,12821.308232559582,12569.672220926072,12556.601453716667
2025-11-11 16:00:00,12792.0,11967.0,12741.718433856371,12953.57537155473,12687.98351452426,12664.896181227992
2025-11-11 17:00:00,12910.0,12193.0,12871.282170825236,13068.417231710431,12843.907926621509,12832.40391624104
2025-11-11 18:00:00,12965.0,12505.0,13076.313623068947,13185.782732396781,12935.872837933768,12952.097027900072
2025-11-11 19:00:00,12916.0,12474.0,13045.131226175521,13108.86636162347,12827.546096907266,12835.134089713667
2025-11-11 20:00:00,12688.0,12216.0,12814.616508786392,12905.757038923199,12633.669983030364,12645.157958745789
2025-11-11 21:00:00,12480.0,12074.0,12701.295877799064,12716.817000592557,12490.854563961951,12503.134531543714
2025-11-11 22:00:00,12242.0,11771.0,12427.287361177614,12273.774967416644,12216.131572079363,12251.425033106047
2025-11-11 23:00:00,11765.0,11303.0,11983.912001451672,11784.452636967117,11736.701367867332,11748.412146819617
2025-11-12 00:00:00,11331.0,10993.0,11573.451990013911,11441.772234611266,11358.08631290908,11355.953295389423
2025-11-12 01:00:00,10943.0,10514.0,11123.865049274815,11015.021373436106,10949.160896541867,10939.268911733334
2025-11-12 02:00:00,10706.0,10268.0,10870.169345109121,10807.434892931728,10685.35527483614,10702.19267270427
2025-11-12 03:00:00,10570.0,10132.0,10725.505367888649,10620.32743622594,10464.328403468624,10470.858763898781
2025-11-12 04:00:00,10542.0,10075.0,10658.440857015858,10589.053385955049,10425.217753582108,10426.284476699791
2025-11-12 05:00:00,10613.0,10196.0,10725.019026057833,10658.421287282361,10483.377351006679,10474.915029293887
2025-11-12 06:00:00,10942.0,10534.0,11018.993178694516,11046.038979591818,10932.368761103447,10945.993830676403
2025-11-12 07:00:00,11504.0,11052.0,11471.151024802079,11595.399700304242,11460.985546328293,11459.768248300421
2025-11-12 08:00:00,12091.0,11612.0,11979.071257454762,12189.401132949644,12018.639790636282,12031.476955147726
2025-11-12 09:00:00,12534.0,11980.0,12443.081767524462,12529.589613623873,12456.311888068978,12476.108536469088
2025-11-12 10:00:00,12716.0,12209.0,12746.09940927899,12852.441949646933,12722.447157901603,12711.13809763305
2025-11-12 11:00:00,12824.0,12269.0,12838.875871816652,12906.943390241382,12755.886142843101,12741.564343678563
2025-11-12 12:00:00,12872.0,12333.0,12885.518396401048,12923.222109460907,12752.216005182026,12757.330879290543
2025-11-12 13:00:00,12848.0,12322.0,12871.82930375545,12922.879923117405,12766.470086768017,12768.221585452487
2025-11-12 14:00:00,12891.0,12375.0,12903.884866265951,12951.603268646524,12827.801711541573,12814.78541214298
2025-11-12 15:00:00,12743.0,12294.0,12845.167922298415,12879.359580602571,12754.97504633062,12741.559751904568
2025-11-12 16:00:00,12845.0,12393.0,12922.164760474227,12948.440439777396,12775.096186837716,12791.13641408992
2025-11-12 17:00:00,13046.0,12447.0,12971.993628731547,13038.789104427635,12920.012711034482,12893.0262562661
2025-11-12 18:00:00,13153.0,12628.0,13116.38658619895,13123.170152664277,13051.120356217409,13042.241662255505
2025-11-12 19:00:00,13069.0,12520.0,13049.57416167593,13046.149634293546,12958.727690709435,12943.553826234607
2025-11-12 20:00:00,12786.0,12288.0,12836.792423748517,12834.25581394852,12741.51726390897,12732.149448339696
2025-11-12 21:00:00,12656.0,12143.0,12719.378914660983,12709.042627892806,12595.654904444895,12577.633024915844
2025-11-12 22:00:00,12385.0,11883.0,12474.472863240298,12342.682278153992,12298.932329510011,12296.102436035491
2025-11-12 23:00:00,11889.0,11358.0,12009.143669046165,11926.234091287686,11831.148376708365,11833.466851127187
2025-11-13 00:00:00,11441.0,10943.0,11503.491124788923,11426.981221355374,11429.151989879812,11427.520429311386
2025-11-13 01:00:00,11047.0,10532.0,11072.09470928782,10987.014019154067,11017.812304806781,11009.363947136682
2025-11-13 02:00:00,10823.0,10351.0,10844.681262130653,10786.970128314364,10789.108086725977,10772.805271069818
2025-11-13 03:00:00,10658.0,10176.0,10680.054953076919,10655.394188217555,10577.579679884173,10602.63003487757
2025-11-13 04:00:00,10597.0,10159.0,10622.961152310078,10581.665407140894,10539.3009881886,10563.923297464211
2025-11-13 05:00:00,10732.0,10159.0,10630.512296823981,10674.413223287387,10588.684324181542,10621.251306807559
2025-11-13 06:00:00,11081.0,10494.0,10937.371401492575,10984.92978728731,11004.551265541346,11044.21559746689
2025-11-13 07:00:00,11609.0,11089.0,11479.619892023464,11502.317591098074,11494.12032187863,11514.589891749516
2025-11-13 08:00:00,12144.0,11625.0,12019.918889149654,12141.739157241444,12126.596157291318,12108.449553498993
2025-11-13 09:00:00,12649.0,11988.0,12493.919914633952,12532.980695909035,12545.266606903017,12460.148246963963
2025-11-13 10:00:00,12835.0,12235.0,12768.329176287605,12797.030490677953,12737.374991774495,12661.176969710135
2025-11-13 11:00:00,12851.0,12251.0,12829.623617692312,12796.897482612572,12759.680731632505,12672.346812133806
2025-11-13 12:00:00,12949.0,12335.0,12847.494246251788,12837.62441126541,12786.968956436933,12736.447544828563
2025-11-13 13:00:00,12917.0,12308.0,12848.497688858173,12805.34229154292,12800.508424981916,12709.856069478747
2025-11-13 14:00:00,12986.0,12360.0,12887.056193482964,12829.565806049082,12811.139431859547,12715.746775378491
2025-11-13 15:00:00,12937.0,12275.0,12799.747655540032,12817.988058358225,12801.070736254787,12737.7586924224
2025-11-13 16:00:00,13002.0,12344.0,12847.392027266818,12850.756169507378,12878.922735472888,12783.498310884543
2025-11-13 17:00:00,13195.0,12513.0,12977.37626086095,12991.704818641694,12979.89003243185,12932.911840950748
2025-11-13 18:00:00,13095.0,12604.0,13052.056427188663,13073.201054978445,13041.56696042239,12998.108330901983
2025-11-13 19:00:00,13133.0,12570.0,12997.845203964389,13003.458654293805,12949.05730144732,12894.646629760153
2025-11-13 20:00:00,12787.0,12292.0,12750.819001592949,12762.274595346531,12726.023649815825,12612.741595365653
2025-11-13 21:00:00,12594.0,12195.0,12643.93421686954,12612.5904513538,12553.325449391206,12431.952746176281
2025-11-13 22:00:00,12432.0,11890.0,12390.947066548979,12277.471166558325,12364.824678942254,12328.907740863155
2025-11-13 23:00:00,11940.0,11470.0,11946.675219602675,11823.928577513278,11819.950850387051,11813.159969282931
2025-11-14 00:00:00,11419.0,10994.0,11504.411946390223,11403.144611365831,11425.21984922741,11471.036209427139
2025-11-14 01:00:00,11093.0,10601.0,11071.582626016465,10996.249916122675,11028.739265900105,11039.68878070496
2025-11-14 02:00:00,10830.0,10388.0,10844.610002535788,10771.831312340533,10807.863615237378,10836.986015513552
2025-11-14 03:00:00,10698.0,10265.0,10715.791989714076,10664.834500996776,10659.426092337842,10680.067768756642
2025-11-14 04:00:00,10690.0,10169.0,10618.701659580023,10600.155948990729,10572.408116814075,10578.239979030008
2025-11-14 05:00:00,10734.0,10241.0,10671.938079942029,10718.301147843351,10718.864969749198,10764.713379012774
2025-11-14 06:00:00,11039.0,10581.0,10985.108122469223,10976.306356245392,10983.523146656757,11055.913217488043
2025-11-14 07:00:00,11535.0,11178.0,11491.42696426094,11518.813415804017,11563.180766583517,11632.901601662674
2025-11-14 08:00:00,12105.0,11698.0,12007.375371941753,12163.142303833718,12139.166655545234,12189.595286519432
2025-11-14 09:00:00,12579.0,12058.0,12456.042978601128,12572.591280684386,12646.110157572102,12708.643060206507
2025-11-14 10:00:00,12850.0,12351.0,12759.339207616573,12789.270199903809,12755.66710885996,12843.822265578985
2025-11-14 11:00:00,12870.0,12316.0,12796.976523065305,12825.961211050044,12770.99952474197,12845.511489419285
2025-11-14 12:00:00,12919.0,12350.0,12812.452666897383,12871.244149911801,12809.058333650855,12913.019021666023
2025-11-14 13:00:00,12851.0,12339.0,12807.36145174602,12847.231373527811,12768.421943060057,12882.225061917201
2025-11-14 14:00:00,12958.0,12416.0,12841.487011194848,12894.22746649947,12787.481846695888,12900.080535530291
2025-11-14 15:00:00,12923.0,12376.0,12803.110431924328,12775.01578758399,12706.005925242252,12841.94499032385
2025-11-14 16:00:00,12979.0,12429.0,12862.36416415885,12855.964814637942,12779.701179636648,12883.093409893292
2025-11-14 17:00:00,13150.0,12561.0,12952.809930382582,13025.42704969387,13020.340685299776,13110.430101126134
2025-11-14 18:00:00,13309.0,12701.0,13080.329963829055,13149.771865826175,13107.05322049814,13172.856765783432
2025-11-14 19:00:00,13183.0,12577.0,13021.701165013284,13059.399840205442,13030.351295079025,13121.536440352444
2025-11-14 20:00:00,12933.0,12349.0,12899.548650815132,12711.05865424556,12770.471949289678,12845.199760643556
2025-11-14 21:00:00,12727.0,12257.0,12864.883845340537,12612.26867622404,12696.412555024508,12740.104422776662
2025-11-14 22:00:00,12562.0,12043.0,12683.718056470016,12360.967630300309,12472.564089276557,12547.407671403971
2025-11-14 23:00:00,12177.0,11606.0,12142.262419160697,11925.140085257171,12009.464202447081,12105.233636001478
2025-11-15 00:00:00,11858.0,11275.0,11561.912249709962,11556.8475673197,11678.902290171582,11788.683240104416
2025-11-15 01:00:00,11432.0,10853.0,11134.031019909891,11135.598070698172,11332.672318033445,11385.025823958733
2025-11-15 02:00:00,11165.0,10512.0,10843.507119402197,10843.04939739474,11054.112591935838,11085.672988141318
2025-11-15 03:00:00,10984.0,10379.0,10695.297654375328,10740.618548738346,10859.546747259676,10899.223486711286
2025-11-15 04:00:00,10929.0,10327.0,10634.122306449706,10693.998238496522,10814.954900561834,10835.007908992722
2025-11-15 05:00:00,10918.0,10307.0,10641.227501717476,10684.760322084103,10848.679068322132,10870.870792189084
2025-11-15 06:00:00,11059.0,10379.0,10827.541405001117,10780.530382738538,11022.8200170043,11079.808432745831
2025-11-15 07:00:00,11307.0,10598.0,11159.423255755992,11029.67536260874,11303.194929010244,11438.763404102849
2025-11-15 08:00:00,11689.0,10924.0,11585.08376064945,11422.715305457694,11683.036896362197,11704.41889531631
2025-11-15 09:00:00,12126.0,11332.0,12075.076373263566,11847.79457949096,12116.781805411596,12251.18399728252
2025-11-15 10:00:00,12566.0,11803.0,12478.168110135437,12233.04383884456,12491.278278152276,12626.590795103995
2025-11-15 11:00:00,12809.0,12054.0,12637.096351579396,12433.321416444283,12631.87618679147,12887.411994092197
2025-11-15 12:00:00,12900.0,12193.0,12716.042666868712,12654.98968258931,12764.078504824098,13039.691891536762
2025-11-15 13:00:00,12904.0,12246.0,12741.774962814237,12601.748262118128,12760.957699180723,13036.758233568711
2025-11-15 14:00:00,12895.0,12246.0,12749.022696437481,12679.295156473423,12767.473222365754,13047.541204255567
2025-11-15 15:00:00,12893.0,12246.0,12726.030737631185,12636.29719389062,12745.126124285463,13022.350537021666
2025-11-15 16:00:00,12984.0,12306.0,12771.895886638067,12655.695474286766,12784.08105916751,13046.26320810983
2025-11-15 17:00:00,13243.0,12546.0,12925.037452889675,12882.915299427073,12970.000475474284,13263.614133759676
2025-11-15 18:00:00,13398.0,12763.0,13073.660848956735,12917.886952184424,13053.303418222331,13314.766900763667
2025-11-15 19:00:00,13346.0,12667.0,13031.583522635887,12891.125483786682,13051.486998183047,13303.832063216232
2025-11-15 20:00:00,13111.0,12369.0,12794.589224764051,12561.753395481086,12823.67386145501,12981.072675754976
2025-11-15 21:00:00,12954.0,12270.0,12724.11615584401,12472.752296051249,12707.584215037574,12888.978050804277
2025-11-15 22:00:00,12647.0,11994.0,12501.271393147908,12268.163717832762,12548.760277430621,12661.81766362225
2025-11-15 23:00:00,12290.0,11563.0,12079.929864083851,11879.611642813732,12109.305505865163,12158.281479233494
2025-11-16 00:00:00,11959.0,11195.0,11777.611852951255,11488.749830590757,11562.417457038282,11668.567005267685
2025-11-16 01:00:00,11528.0,10895.0,11407.787885153895,11218.68324242992,11330.270415470111,11450.737916885999
2025-11-16 02:00:00,11309.0,10563.0,11108.036298989005,10969.206803755584,11098.542715378775,11200.728594134005
2025-11-16 03:00:00,11209.0,10379.0,10920.449303459121,10799.675383524595,10927.851179970352,11004.014019895247
2025-11-16 04:00:00,11073.0,10345.0,10862.525627503775,10774.228272714163,10888.079246832998,10953.746008413707
2025-11-16 05:00:00,11095.0,10295.0,10853.465535096693,10665.399364290128,10813.065287387306,10854.724398439268
2025-11-16 06:00:00,11153.0,10466.0,11062.435792466884,10828.18930478529,10999.212996565893,11075.369608023464
2025-11-16 07:00:00,11252.0,10580.0,11329.1030518618,10861.756623371066,11054.230907693383,11127.165623482933
2025-11-16 08:00:00,11525.0,10820.0,11695.360610245622,11170.606392366424,11367.700732971007,11437.103494633304
2025-11-16 09:00:00,11916.0,11174.0,12169.927713465164,11466.186325171491,11690.99724055701,11728.778043036218
2025-11-16 10:00:00,12406.0,11714.0,12625.359192523181,12005.07964696553,12250.108542306985,12210.512088953443
2025-11-16 11:00:00,12728.0,11937.0,12780.748145247673,12193.143888028946,12457.76556459506,12466.631853494198
2025-11-16 12:00:00,12804.0,12118.0,12883.132219865145,12358.056150806631,12560.36657847215,12636.403733853627
2025-11-16 13:00:00,12806.0,12140.0,12883.432086639774,12363.555248511106,12572.472391960435,12608.583094271635
2025-11-16 14:00:00,12912.0,12155.0,12904.018002870556,12436.826101009065,12614.879345347304,12633.20481764297
2025-11-16 15:00:00,12884.0,12199.0,12922.836495267391,12466.61513554332,12661.48122921245,12670.072773534734
2025-11-16 16:00:00,13055.0,12351.0,13016.926769614663,12519.750070757387,12724.875319413857,12720.571866989543
2025-11-16 17:00:00,13307.0,12587.0,13168.176415727186,12755.691935984378,12945.70646494149,12990.741350702981
2025-11-16 18:00:00,13426.0,12717.0,13270.58102409567,12945.104604346947,13084.689465554738,13166.853314661195
2025-11-16 19:00:00,13360.0,12632.0,13218.667556734526,12885.386654499784,13026.276037132082,13092.270755233389
2025-11-16 20:00:00,13094.0,12410.0,13000.884888288792,12703.040356223128,12864.83325976705,12913.741559053977
2025-11-16 21:00:00,13001.0,12317.0,12899.955858517844,12513.286469864162,12768.022166240724,12829.774972999416
2025-11-16 22:00:00,12673.0,12024.0,12645.237438777722,12296.428001492546,12592.611589777942,12627.793969944045
2025-11-16 23:00:00,12159.0,11542.0,12205.330173055314,11977.476321403637,12116.420227786575,12123.652832487578
2025-11-17 00:00:00,11793.0,11210.0,11951.167515082572,11724.981506879096,11704.266844058788,11656.88157538844
2025-11-17 01:00:00,11436.0,10741.0,11497.561403851543,11304.32089605057,11373.404473585566,11328.334644211067
2025-11-17 02:00:00,11125.0,10508.0,11251.059396067512,11108.2537323314,11215.388155748538,11144.971071284803
2025-11-17 03:00:00,11001.0,10353.0,11101.51581964142,10935.474051232446,10998.956811788119,10932.753655467444
2025-11-17 04:00:00,10967.0,10325.0,11043.44618879648,10855.907265213766,10931.733874377416,10891.057127215057
2025-11-17 05:00:00,10995.0,10357.0,11066.552310444375,10918.749319377821,10938.939601098433,10895.8822722129
2025-11-17 06:00:00,11407.0,10746.0,11369.78182151539,11293.27076646742,11288.46841635488,11224.44903151115
2025-11-17 07:00:00,11978.0,11352.0,11860.529375486945,11780.851582651834,11788.369587537556,11736.709534154243
2025-11-17 08:00:00,12630.0,11882.0,12353.219639088744,12502.717485321315,12527.351376459335,12479.949620323425
2025-11-17 09:00:00,13259.0,12344.0,12873.489845388962,12846.926154797542,12840.412392510287,12813.37011997285
2025-11-17 10:00:00,13507.0,12647.0,13217.93561914851,13166.892841862358,13119.270677097453,13126.597723461582
2025-11-17 11:00:00,13615.0,12726.0,13324.407534509177,13205.315562831767,13229.89456475661,13208.484324857398
2025-11-17 12:00:00,13610.0,12750.0,13347.62208923752,13141.024003099208,13153.70517410824,13138.261856555493
2025-11-17 13:00:00,13653.0,12718.0,13327.880085705257,13119.493145797383,13135.291411856198,13145.578941990916
2025-11-17 14:00:00,13650.0,12807.0,13384.09753450306,13140.403016378361,13151.380531183437,13154.77155393925
2025-11-17 15:00:00,13479.0,12644.0,13286.133982106148,13127.729691418725,13104.985187090899,13102.974590168187
2025-11-17 16:00:00,13595.0,12759.0,13361.42941065769,13237.956499192047,13167.177318033173,13165.980642146622
2025-11-17 17:00:00,13739.0,12909.0,13470.76741635715,13424.831272481515,13387.180228674926,13379.751874915159
2025-11-17 18:00:00,13715.0,12992.0,13565.27181616583,13595.973046587824,13593.563665138745,13600.614537516129
2025-11-17 19:00:00,13587.0,12932.0,13509.403121918445,13464.158816882657,13395.110200606247,13390.501310250336
2025-11-17 20:00:00,13325.0,12708.0,13292.695605082941,13208.776616527364,13107.719986593422,13095.770655277305
2025-11-17 21:00:00,13157.0,12549.0,13166.429825357707,13028.32856590182,12933.551269273374,12940.068604195498
2025-11-17 22:00:00,12858.0,12270.0,12912.428592352167,12709.45825647072,12692.439324607602,12694.3035692518
2025-11-17 23:00:00,12364.0,11780.0,12476.840012654377,12302.26698649412,12290.973863913398,12285.931057009378
2025-11-18 00:00:00,12023.0,11404.0,12150.881151612275,11933.290041423541,11924.30344156092,11934.63628704249
2025-11-18 01:00:00,11539.0,10941.0,11706.613683142345,11481.384113472775,11587.484733630221,11591.790394065178
2025-11-18 02:00:00,11337.0,10645.0,11423.94292704767,11264.419670527652,11368.531409142057,11377.8950115224
2025-11-18 03:00:00,11205.0,10572.0,11314.17774769808,11087.317976539664,11196.957038173492,11196.030180337786
2025-11-18 04:00:00,11222.0,10460.0,11206.878588053905,11015.721795163125,11093.410385040235,11073.284419180465
2025-11-18 05:00:00,11273.0,10572.0,11265.131746672607,11073.94553176861,11117.55026969961,11108.415443914964
2025-11-18 06:00:00,11624.0,10936.0,11537.632937647631,11362.718338310406,11426.737596048244,11440.984692714825
2025-11-18 07:00:00,12208.0,11483.0,11962.169528294035,11866.00127908237,11896.921074265234,11950.064975092308
2025-11-18 08:00:00,12805.0,12061.0,12467.397102926961,12500.689031829917,12608.345057873259,12681.983196173298
2025-11-18 09:00:00,13310.0,12451.0,12940.727798233002,12797.995474718968,13010.65010790554,13033.218636395746
2025-11-18 10:00:00,13521.0,12717.0,13287.28570913332,13171.98385835029,13287.935090132278,13336.589361427867
2025-11-18 11:00:00,13573.0,12733.0,13396.352683029232,13205.205695746174,13412.273833550276,13462.99800969806
2025-11-18 12:00:00,13652.0,12814.0,13473.760273818742,13174.258711132294,13426.271899469519,13412.03210387165
2025-11-18 13:00:00,13670.0,12780.0,13473.70123901777,13173.918239685188,13412.765458132737,13425.320617809693
2025-11-18 14:00:00,13770.0,12749.0,13467.807024837857,13170.160258033511,13434.180364980632,13402.052956313235
2025-11-18 15:00:00,13709.0,12723.0,13443.296494387427,13171.934622358247,13423.758886498665,13431.384841786115
2025-11-18 16:00:00,13802.0,12792.0,13495.108809822674,13301.00917836058,13510.116857733332,13515.536622504662
2025-11-18 17:00:00,14067.0,12910.0,13594.307846016505,13478.748862911725,13632.102838438504,13663.884366717448
2025-11-18 18:00:00,13977.0,12965.0,13671.37333532475,13536.940955132819,13775.732093322173,13766.458188959146
2025-11-18 19:00:00,13899.0,12916.0,13630.124918078927,13446.48477807019,13617.042227911,13637.457679499881
2025-11-18 20:00:00,13680.0,12688.0,13415.527688712833,13141.502324633268,13295.513333160885,13299.016789682235
2025-11-18 21:00:00,13460.0,12480.0,13258.872157723703,12994.644091218757,13179.228204170511,13200.521283509806
2025-11-18 22:00:00,13171.0,12242.0,13007.080761194824,12673.176273244284,12862.058638388053,12932.933677195975
2025-11-18 23:00:00,12589.0,11765.0,12547.236218810061,12254.048086004854,12341.246316313389,12388.867117025695
2025-11-19 00:00:00,12179.0,11331.0,12131.871042408999,11837.415613219833,11858.41765453625,11889.56668423708
2025-11-19 01:00:00,11746.0,10943.0,11720.827688740028,11486.649358307272,11614.54994095293,11658.75796622976
2025-11-19 02:00:00,11483.0,10706.0,11470.767424992899,11154.62390983731,11269.75498826649,11253.99804442682
2025-11-19 03:00:00,11346.0,10570.0,11337.36131820542,10979.77082455084,11128.637884106049,11104.09359680088
2025-11-19 04:00:00,11276.0,10542.0,11271.672233439072,10976.013944510009,11093.966728088984,11078.995475933372
2025-11-19 05:00:00,11338.0,10613.0,11331.593062534785,11047.540114798208,11133.636613639494,11130.235180088894
2025-11-19 06:00:00,11724.0,10942.0,11604.851089864489,11443.555806708473,11552.844311364917,11585.908652252949
2025-11-19 07:00:00,12280.0,11504.0,12082.375195482758,12093.044217975063,12142.813092255257,12168.825102656852
2025-11-19 08:00:00,12900.0,12091.0,12625.161352840963,12638.892506913313,12747.740166440366,12795.217072203697
2025-11-19 09:00:00,13437.0,12534.0,13126.555569478925,13119.069175162029,13194.267438734054,13298.506689940847
2025-11-19 10:00:00,13750.0,12716.0,13403.63125711974,13353.609344476503,13485.01993142956,13583.64526548828
2025-11-19 11:00:00,13767.0,12824.0,13538.711029934258,13411.695097402508,13512.790979703725,13657.186405881965
2025-11-19 12:00:00,13743.0,12872.0,13585.399735916095,13415.922016927792,13546.42948822047,13660.207153304802
2025-11-19 13:00:00,13688.0,12848.0,13567.812046234982,13473.443103422842,13538.702216956553,13685.259329595152
2025-11-19 14:00:00,13736.0,12891.0,13603.726485793295,13487.598695643564,13547.56339598351,13667.256688282367
2025-11-19 15:00:00,13635.0,12743.0,13508.515974461889,13312.610064506334,13416.524277255,13533.861474962703
2025-11-19 16:00:00,13681.0,12845.0,13592.417146918833,13475.813351962888,13542.148910694208,13648.16797629914
2025-11-19 17:00:00,13871.0,13046.0,13709.993634856522,13657.537283877093,13736.626794495709,13828.312451231272
2025-11-19 18:00:00,13909.0,13153.0,13799.952582712951,13657.008034132528,13768.645481458481,13834.8978633249
2025-11-19 19:00:00,13882.0,13069.0,13741.260787441568,13569.657496048992,13685.037623200034,13761.311689730246
2025-11-19 20:00:00,13595.0,12786.0,13504.534475376548,13250.733369785035,13303.005226204068,13389.572596921158
2025-11-19 21:00:00,13399.0,12656.0,13390.558085242652,13090.137641953215,13153.152336174633,13214.906346781341
2025-11-19 22:00:00,13111.0,12385.0,13132.01742907787,12792.821419525111,12890.375216163335,12977.348642749283
2025-11-19 23:00:00,12641.0,11889.0,12657.522642009268,12302.259147881343,12382.023982210158,12467.454723078095
2025-11-20 00:00:00,12197.0,11441.0,12201.85572366284,12096.100986295029,11929.504180067226,11924.620321346316
2025-11-20 01:00:00,11791.0,11047.0,11794.267955208921,11712.181119528768,11558.406669054144,11556.946927129466
2025-11-20 02:00:00,11522.0,10823.0,11552.731156057844,11554.353945846105,11369.230894539076,11370.35150936313
2025-11-20 03:00:00,11387.0,10658.0,11379.324746168248,11332.200759644076,11157.675692054605,11183.136143106436
2025-11-20 04:00:00,11319.0,10597.0,11303.821705500814,11317.759873356816,11144.90991709657,11176.685813045813
2025-11-20 05:00:00,11391.0,10732.0,11374.829310228693,11450.472660177162,11254.81718540402,11300.328021492063
2025-11-20 06:00:00,11821.0,11081.0,11700.615962800612,11768.368488782467,11527.90327057014,11592.197808638188
2025-11-20 07:00:00,12364.0,11609.0,12199.606867842664,12255.168015661318,12143.117858173708,12157.723897947228
2025-11-20 08:00:00,12916.0,12144.0,12730.601136602603,12853.171480882384,12723.271275215517,12739.196303301751
2025-11-20 09:00:00,13415.0,12649.0,13267.731916595649,13469.903777311889,13261.477225948562,13276.650846193948
2025-11-20 10:00:00,13572.0,12835.0,13514.484345336901,13624.870584031401,13418.17279743939,13497.639892326937
2025-11-20 11:00:00,13621.0,12851.0,13571.711867728704,13671.670230761816,13464.082241233695,13539.657183206875
2025-11-20 12:00:00,13603.0,12949.0,13624.550693781603,13717.340854380325,13486.590959537885,13574.872711429956
2025-11-20 13:00:00,13580.0,12917.0,13610.054561343444,13728.62805396183,13486.132737176655,13572.692443279662
2025-11-20 14:00:00,13677.0,12986.0,13653.209419344159,13792.916539732623,13585.509281444278,13680.262770905807
2025-11-20 15:00:00,13596.0,12937.0,13606.165439268394,13724.957387692979,13505.467485121198,13567.929192341902
2025-11-20 16:00:00,13705.0,13002.0,13667.35967349577,13841.091818912853,13631.705037004418,13689.974009498153
2025-11-20 17:00:00,13849.0,13195.0,13800.752573649213,13963.376001594457,13779.25200526634,13841.943041705681
2025-11-20 18:00:00,13916.0,13095.0,13769.722788812403,13879.677005496998,13778.070447742492,13843.984847544018
2025-11-20 19:00:00,13798.0,13133.0,13770.849489702747,13862.533501045318,13733.112312349998,13788.310420313617
2025-11-20 20:00:00,13569.0,12787.0,13504.313878643421,13681.110438087,13453.50090285641,13527.967047655664
2025-11-20 21:00:00,13432.0,12594.0,13357.942048790474,13438.075312324721,13265.093867910007,13292.14054413877
2025-11-20 22:00:00,13114.0,12432.0,13158.336298023696,13183.043329263828,13037.240790454125,13068.143611939215
2025-11-20 23:00:00,12623.0,11940.0,12697.528708647487,12604.649866940243,12587.821586634544,12610.583128671233
2025-11-21 00:00:00,12240.0,11419.0,12167.366554569931,12179.051127847611,12111.486453170837,12118.762297667643
2025-11-21 01:00:00,11818.0,11093.0,11782.840697034795,11775.743992347025,11671.85689508098,11670.586022330614
2025-11-21 02:00:00,11562.0,10830.0,11520.247115247332,11553.64739637773,11461.80494042168,11440.014539662485
2025-11-21 03:00:00,11426.0,10698.0,11380.83011512418,11482.175441247091,11336.70461338507,11320.606048435371
2025-11-21 04:00:00,11365.0,10690.0,11332.008670570147,11399.642878696519,11270.200219390541,11279.18061905087
2025-11-21 05:00:00,11462.0,10734.0,11365.191096028582,11496.663757538912,11305.112475234455,11317.82671794912
2025-11-21 06:00:00,11878.0,11039.0,11653.326724600496,11811.170816823922,11602.507701890963,11616.7932763663
2025-11-21 07:00:00,12487.0,11535.0,12144.598226756474,12242.071753861372,12126.78186247775,12139.614101593714
2025-11-21 08:00:00,13025.0,12105.0,12692.72090229897,12948.736246651048,12768.712469033599,12788.835384859942
2025-11-21 09:00:00,13589.0,12579.0,13210.700151033663,13501.479743542732,13331.1836384087,13358.435133422041
2025-11-21 10:00:00,13697.0,12850.0,13512.875609998415,13788.79754169503,13570.080661135384,13642.447213022924
2025-11-21 11:00:00,13704.0,12870.0,13561.965470086714,13793.443649102752,13591.947053115704,13657.286106176085
2025-11-21 12:00:00,13728.0,12919.0,13589.986726226725,13782.118352986663,13567.325319736288,13643.69827474891
2025-11-21 13:00:00,13726.0,12851.0,13552.119273897473,13763.706661866147,13530.547262596945,13590.459717258722
2025-11-21 14:00:00,13793.0,12958.0,13618.714894454415,13816.093929094912,13612.450561343509,13671.09790844269
2025-11-21 15:00:00,13697.0,12923.0,13576.164267355553,13648.714255722738,13498.769528180983,13542.255215082214
2025-11-21 16:00:00,13789.0,12979.0,13613.744408811855,13781.800958172551,13573.760246041496,13641.759746936537
2025-11-21 17:00:00,13928.0,13150.0,13722.421282500683,13938.214163422075,13752.075652993666,13832.200611854534
2025-11-21 18:00:00,13923.0,13309.0,13816.246205507467,13905.547746773693,13744.688526165868,13871.65889440931
2025-11-21 19:00:00,13794.0,13183.0,13727.399470088336,13873.069587748663,13694.624494090109,13795.556473005885
2025-11-21 20:00:00,13545.0,12933.0,13504.383690004564,13621.980953858965,13425.576810744024,13526.176778489174
2025-11-21 21:00:00,13371.0,12727.0,13345.006822311818,13458.396354434884,13268.835174090682,13296.262112999842
2025-11-21 22:00:00,13147.0,12562.0,13141.620688502455,13209.897697538552,13047.469329661879,13080.039430248022
2025-11-21 23:00:00,12701.0,12177.0,12716.520054605717,12782.383057776347,12650.35918421128,12656.451540640946
2025-11-22 00:00:00,12294.0,11858.0,12216.943372551337,12319.611823426048,12251.046038649649,12246.651786203814
2025-11-22 01:00:00,11913.0,11432.0,11778.87218944688,11924.378378567073,11789.471015871974,11777.991411303157
2025-11-22 02:00:00,11588.0,11165.0,11511.55500972432,11690.421018827468,11574.042057264338,11568.79190736778
2025-11-22 03:00:00,11394.0,10984.0,11338.636440427734,11541.497467739424,11380.627960888827,11382.496276350297
2025-11-22 04:00:00,11377.0,10929.0,11259.707342003625,11458.147285215207,11314.180203642649,11338.552377958555
2025-11-22 05:00:00,11355.0,10918.0,11265.190801578168,11444.38186297378,11304.929544450708,11324.576404799049
2025-11-22 06:00:00,11489.0,11059.0,11464.064897574612,11572.10946205814,11452.797962482355,11444.973423935953
2025-11-22 07:00:00,11847.0,11307.0,11808.794393994236,11793.513708894612,11658.245953472711,11669.241292384026
2025-11-22 08:00:00,12111.0,11689.0,12246.929646657973,12123.58987746098,12089.250108698181,12082.33521662369
2025-11-22 09:00:00,12723.0,12126.0,12746.359670808717,12491.37983620317,12458.691870135737,12474.090200775614
2025-11-22 10:00:00,13101.0,12566.0,13144.35988821455,12917.40093187962,12890.797204969442,12939.617252156866
2025-11-22 11:00:00,13362.0,12809.0,13317.092319186875,13184.942927793742,13074.151623967291,13184.410722536717
2025-11-22 12:00:00,13388.0,12900.0,13366.133823964377,13204.529823942848,13141.7660274622,13236.90348330493
2025-11-22 13:00:00,13387.0,12904.0,13357.345646078524,13193.816158802847,13135.344339661668,13187.305674221514
2025-11-22 14:00:00,13451.0,12895.0,13346.344534349986,13246.085738188067,13158.684029722168,13254.535285493965
2025-11-22 15:00:00,13396.0,12893.0,13328.690313849087,13214.684317439205,13121.589785130058,13217.03081353753
2025-11-22 16:00:00,13477.0,12984.0,13385.919406131132,13408.775802014707,13293.37883610326,13330.79373607058
2025-11-22 17:00:00,13825.0,13243.0,13555.264355913025,13576.00790220543,13542.957194890389,13566.332880721728
2025-11-22 18:00:00,13920.0,13398.0,13683.041130735495,13665.11053345726,13615.342780458408,13657.445970851477
2025-11-22 19:00:00,13807.0,13346.0,13655.848016907803,13598.969294972263,13578.591892108723,13601.273051510569
2025-11-22 20:00:00,13526.0,13111.0,13445.817218142329,13389.728192649845,13375.499221434913,13387.54220196481
2025-11-22 21:00:00,13402.0,12954.0,13329.462091194568,13244.415021038598,13263.711397457722,13304.08877533751
2025-11-22 22:00:00,13136.0,12647.0,13062.046069056443,13046.523795774752,13008.864359330546,13066.121737043824
2025-11-22 23:00:00,12761.0,12290.0,12678.483495793145,12651.300492482762,12576.411068918327,12648.212499375091
2025-11-23 00:00:00,12422.0,11959.0,12092.974558249643,12233.1657642715,12196.61383349598,12249.574170573636
2025-11-23 01:00:00,12041.0,11528.0,11670.15065888094,11865.263540486198,11855.274449132768,11912.76626836985
2025-11-23 02:00:00,11706.0,11309.0,11421.487956024292,11552.878002848369,11609.356998198726,11649.411515723968
2025-11-23 03:00:00,11556.0,11209.0,11291.445622982388,11373.467109820229,11453.072491664137,11509.732836937723
2025-11-23 04:00:00,11486.0,11073.0,11182.905564526069,11324.928516572965,11411.619916998734,11465.04826205592
2025-11-23 05:00:00,11517.0,11095.0,11203.664569336175,11333.030488714752,11391.988947196072,11452.77846743066
2025-11-23 06:00:00,11623.0,11153.0,11374.798475017933,11416.532305763296,11508.335027974188,11524.57019935236
2025-11-23 07:00:00,11808.0,11252.0,11629.576973079871,11639.723026549864,11632.234213444948,11618.084631695952
2025-11-23 08:00:00,12101.0,11525.0,12007.261307308327,11894.484603609195,11992.360214774846,11984.580889286979
2025-11-23 09:00:00,12565.0,11916.0,12486.107915894292,12297.387460891614,12366.60845554667,12354.739852964512
2025-11-23 10:00:00,12972.0,12406.0,12903.818798980727,12637.777708981846,12796.701078393464,12747.86123085726
2025-11-23 11:00:00,13179.0,12728.0,13109.979929720157,12877.737074295988,13006.143022688488,13010.135145804243
2025-11-23 12:00:00,13330.0,12804.0,13139.28041275057,12992.20368925263,13121.278133266029,13129.698754486348
2025-11-23 13:00:00,13350.0,12806.0,13128.483214859743,13018.491223105702,13139.575900746877,13163.909032027133
2025-11-23 14:00:00,13354.0,12912.0,13189.979244811671,13019.44162569883,13138.66822179839,13156.34100660657
2025-11-23 15:00:00,13352.0,12884.0,13159.549760125014,13041.173128230312,13109.605891874704,13098.921019062953
2025-11-23 16:00:00,13500.0,13055.0,13264.806426299887,13138.423088552632,13289.836226707012,13292.164813105359
2025-11-23 17:00:00,13807.0,13307.0,13413.854239642578,13394.541504070088,13508.639392265173,13519.749291990782
2025-11-23 18:00:00,13859.0,13426.0,13503.63631766307,13521.77532688264,13583.805883415233,13582.64170856773
2025-11-23 19:00:00,13742.0,13360.0,13444.711777688814,13457.568876784684,13508.820869639172,13527.30856569961
2025-11-23 20:00:00,13489.0,13094.0,13219.988739952521,13288.16894487538,13271.888556104115,13348.107303516941
2025-11-23 21:00:00,13439.0,13001.0,13123.751245569674,13156.145264471994,13158.929446193752,13245.342092396431
2025-11-23 22:00:00,13094.0,12673.0,12834.294248517923,12934.642861528719,12941.945789843932,13039.814056441614
2025-11-23 23:00:00,12655.0,12159.0,12356.4950587537,12450.339512144412,12477.886434560121,12470.037877916653
2025-11-24 00:00:00,12284.0,11793.0,12304.225658596917,12226.174706081154,12142.496598533275,12154.334010292809
2025-11-24 01:00:00,11750.0,11436.0,11909.387773441254,11895.12354776211,11747.009078679548,11736.244798022637
2025-11-24 02:00:00,11571.0,11125.0,11628.508484948248,11665.435008771788,11533.96718073288,11570.863909444357
2025-11-24 03:00:00,11403.0,11001.0,11481.349149486303,11538.010168873747,11378.790290159264,11437.823614448662
2025-11-24 04:00:00,11443.0,10967.0,11426.859186468915,11526.090209119648,11361.598666217764,11426.543149684017
2025-11-24 05:00:00,11537.0,10995.0,11447.676820715322,11579.520823459077,11399.254233170657,11509.635226205604
2025-11-24 06:00:00,11995.0,11407.0,11795.7551168008,11929.548383591291,11829.264315724213,11917.737124993871
2025-11-24 07:00:00,12624.0,11978.0,12305.673532519537,12488.750684925164,12503.008332249216,12517.904400121355
2025-11-24 08:00:00,13255.0,12630.0,12887.44938214238,13028.072402378546,12935.119446985029,12955.835383909714
2025-11-24 09:00:00,13860.0,13259.0,13514.534049021262,13695.381971803614,13524.077589292316,13610.590534651918
2025-11-24 10:00:00,14001.0,13507.0,13822.469832434237,13904.380526430676,13677.229132212808,13772.286826592766
2025-11-24 11:00:00,14081.0,13615.0,13945.237817363122,14038.492686940615,13771.113946406653,13885.71326152885
2025-11-24 12:00:00,14128.0,13610.0,13930.863554409394,13958.304504270673,13783.49621112046,13789.839653011464
2025-11-24 13:00:00,14127.0,13653.0,13951.287314151281,13927.383094872119,13747.739392850784,13766.511165671505
2025-11-24 14:00:00,14158.0,13650.0,13965.281633958417,14047.352891635608,13804.000351691682,13830.500562773874
2025-11-24 15:00:00,14030.0,13479.0,13837.112452513145,13890.11429033864,13756.887325264192,13774.757285573081
2025-11-24 16:00:00,14142.0,13595.0,13909.685068013703,14077.378405244654,13792.998728366307,13842.425987786648
2025-11-24 17:00:00,14218.0,13739.0,14014.446441660666,14271.539184069225,13949.380856509051,13967.356242725753
2025-11-24 18:00:00,14237.0,13715.0,14030.541299502402,14290.067214441406,13992.047037108661,13989.915246869252
2025-11-24 19:00:00,14137.0,13587.0,13937.230163732358,14239.796355887718,13911.431496038489,13901.912890695805
2025-11-24 20:00:00,13888.0,13325.0,13698.743829956158,13900.31771777218,13653.140943326604,13723.088970477425
2025-11-24 21:00:00,13662.0,13157.0,13575.054549637669,13654.38746175861,13491.592094556585,13544.15274256082
2025-11-24 22:00:00,13381.0,12858.0,13311.121434199045,13248.505919426143,13175.226948649975,13201.836380024853
2025-11-24 23:00:00,12852.0,12364.0,12853.238991550503,12801.96872259218,12785.153846053445,12734.117346752693
2025-11-25 00:00:00,12454.0,12023.0,12523.696240348174,12411.542823952566,12256.29543404839,12288.931195530513
2025-11-25 01:00:00,11953.0,11539.0,12063.924482749213,11999.459677246188,11830.611597477831,11905.297594498248
2025-11-25 02:00:00,11711.0,11337.0,11806.720213919158,11797.606197656292,11554.42334863645,11670.330522471078
2025-11-25 03:00:00,11583.0,11205.0,11656.594332382088,11668.080954016637,11497.609947875506,11560.32492620367
2025-11-25 04:00:00,11525.0,11222.0,11607.60726143825,11604.007022697317,11427.192013992608,11506.460357692036
2025-11-25 05:00:00,11567.0,11273.0,11639.892118103911,11731.37270178276,11479.355686161192,11552.244451151195
2025-11-25 06:00:00,11914.0,11624.0,11922.906020272134,12121.958450943233,11946.450630534091,12016.947432394412
2025-11-25 07:00:00,12521.0,12208.0,12413.678514241694,12519.322966765807,12522.482039083421,12583.978699296267
2025-11-25 08:00:00,13023.0,12805.0,12937.887285103225,13044.144790886323,12925.154402670321,12986.387850351299
2025-11-25 09:00:00,13603.0,13310.0,13479.374120781951,13714.8768865165,13535.093634263654,13642.474346731033
2025-11-25 10:00:00,13712.0,13521.0,13783.79303138034,13821.562922563235,13668.080428886913,13709.465108372457
2025-11-25 11:00:00,13760.0,13573.0,13875.67150163689,13928.19940124456,13744.12766886731,13782.910892107575
2025-11-25 12:00:00,13862.0,13652.0,13919.637046077234,13911.632405439164,13672.838395306877,13740.909820226372
2025-11-25 13:00:00,13816.0,13670.0,13932.559496592587,13907.055831588932,13650.19201205868,13732.038308615294
2025-11-25 14:00:00,13949.0,13770.0,13988.077939304698,13869.920501557634,13698.104731998772,13764.341401086576
2025-11-25 15:00:00,13856.0,13709.0,13952.110903294639,13824.475885072949,13662.910618092446,13728.244303945305
2025-11-25 16:00:00,13958.0,13802.0,14020.481375266516,13944.338756947587,13789.947612291891,13881.816876928791
2025-11-25 17:00:00,14108.0,14067.0,14191.447065496464,14145.012331480866,13925.20546211912,14042.8743780956
2025-11-25 18:00:00,14135.0,13977.0,14183.88714082526,14171.321564737022,13966.940767639673,14066.679888724455
2025-11-25 19:00:00,14069.0,13899.0,14134.76340458222,14093.84871417721,13874.730506818241,13973.558180882961
2025-11-25 20:00:00,13823.0,13680.0,13928.729969881962,13731.748589427441,13596.245046208942,13630.242855854869
2025-11-25 21:00:00,13521.0,13460.0,13769.208832984164,13591.910559867281,13465.082957071267,13468.995486119793
2025-11-25 22:00:00,13276.0,13171.0,13509.521813160254,13267.506009740215,13161.450506620535,13169.748466555127
2025-11-25 23:00:00,12780.0,12589.0,13006.609176732602,12844.766318206914,12723.295429476964,12828.944588976976
2025-11-26 00:00:00,12319.0,12179.0,12455.366455244619,12499.568659968863,12419.354862884422,12436.332258763154
2025-11-26 01:00:00,11929.0,11746.0,12016.944193472758,11911.275837922321,11908.614287722006,11999.224457933897
2025-11-26 02:00:00,11701.0,11483.0,11751.6937406268,11736.591275715957,11707.07835023001,11838.869093797737
2025-11-26 03:00:00,11486.0,11346.0,11606.54430613891,11629.108818867886,11576.927066669652,11674.305396610967
2025-11-26 04:00:00,11462.0,11276.0,11526.32107994861,11615.308951223786,11557.288824669735,11642.549629621242
2025-11-26 05:00:00,11626.0,11338.0,11572.272913146755,11702.693384552906,11644.224131829425,11762.670631799221
2025-11-26 06:00:00,11951.0,11724.0,11895.626906179297,12090.2342070008,12075.039839596784,12190.9410202072
2025-11-26 07:00:00,12495.0,12280.0,12378.990872929979,12662.897439680934,12698.937781254377,12766.557226350056
2025-11-26 08:00:00,13066.0,12900.0,12946.305077379075,13239.059762603947,13197.143666389735,13270.44236670132
2025-11-26 09:00:00,13685.0,13437.0,13507.766984605349,13756.313632053108,13725.546234460977,13774.182699139397
2025-11-26 10:00:00,13834.0,13750.0,13834.153694072995,13894.299732248386,13795.320444054187,13869.817800296854
2025-11-26 11:00:00,13838.0,13767.0,13931.035714289956,14016.724366847506,13888.770615078494,13964.088241705133
2025-11-26 12:00:00,13899.0,13743.0,13921.715789240805,13967.262708760363,13897.12260180881,13937.178910208891
2025-11-26 13:00:00,13927.0,13688.0,13903.39497999351,13975.49670462286,13888.294107413041,13934.626089042606
2025-11-26 14:00:00,13953.0,13736.0,13939.155158413005,13990.587004000876,13910.708083575988,13950.41686599177
2025-11-26 15:00:00,13860.0,13635.0,13858.059059847543,13931.891276987048,13839.045862914907,13858.538478593215
2025-11-26 16:00:00,13968.0,13681.0,13909.268407074662,14067.69716776203,13950.106741651649,13926.05425625277
2025-11-26 17:00:00,14123.0,13871.0,14039.940618278579,14238.46801431509,14033.712313105883,14063.01414319321
2025-11-26 18:00:00,14192.0,13909.0,14093.064739595038,14266.14808901231,14063.039269272609,14091.907583273724
2025-11-26 19:00:00,14083.0,13882.0,14055.667954423887,14199.085587424717,14005.47615603563,14031.816441945728
2025-11-26 20:00:00,13823.0,13595.0,13819.6175090703,13954.783022907231,13820.609021310145,13823.320113645672
2025-11-26 21:00:00,13686.0,13399.0,13670.69177882906,13736.655074370847,13684.33630002349,13700.310634952844
2025-11-26 22:00:00,13448.0,13111.0,13421.469298914413,13477.268513738933,13443.987906391394,13480.419132297395
2025-11-26 23:00:00,12964.0,12641.0,12971.936829843557,12977.534252338994,12983.878939791015,13009.174807803562
2025-11-27 00:00:00,12490.0,12197.0,12510.115809240098,12502.13572875079,12549.162359045604,12503.087713119929
2025-11-27 01:00:00,12074.0,11791.0,12080.314560620935,11944.520200683404,12064.401551346791,12108.94013548765
2025-11-27 02:00:00,11796.0,11522.0,11820.414340935866,11698.661069832795,11792.424154634537,11894.145113191613
2025-11-27 03:00:00,11657.0,11387.0,11664.567522187655,11604.906647052188,11665.833332624732,11715.990008098852
2025-11-27 04:00:00,11614.0,11319.0,11583.723126274688,11571.61500415793,11624.50917377665,11697.327552486693
2025-11-27 05:00:00,11768.0,11391.0,11645.24266877986,11631.186933755793,11707.631717270287,11771.36074406566
2025-11-27 06:00:00,12064.0,11821.0,12031.288122511904,11912.748822422926,12022.059414991681,12067.002071430867
2025-11-27 07:00:00,12694.0,12364.0,12537.804263729913,12617.216554504303,12699.200758768393,12735.3802913775
2025-11-27 08:00:00,13280.0,12916.0,13078.113602417274,13166.886108379067,13178.278780307548,13212.303924877957
2025-11-27 09:00:00,13873.0,13415.0,13634.378166921264,13726.77749006833,13791.513451982042,13770.96821427508
2025-11-27 10:00:00,14076.0,13572.0,13858.455665964622,13860.713586566219,13845.554540737054,13851.517181878391
2025-11-27 11:00:00,14073.0,13621.0,13932.860278473841,13957.288360507813,13879.534984177846,13867.24945616443
2025-11-27 12:00:00,14141.0,13603.0,13935.926327004347,13974.125463594995,13877.834929247292,13875.462885607822
2025-11-27 13:00:00,14134.0,13580.0,13917.605338257548,13979.518771587691,13873.396520195423,13860.15431525477
2025-11-27 14:00:00,14161.0,13677.0,13978.705476963887,14031.90952735613,13863.972634421789,13872.377925902829
2025-11-27 15:00:00,14061.0,13596.0,13906.071345787908,13940.921974763118,13831.771879371301,13850.041692069564
2025-11-27 16:00:00,14113.0,13705.0,13976.37561411257,14042.044783593987,13904.703567232325,13899.033456190498
2025-11-27 17:00:00,14298.0,13849.0,14064.416303059461,14226.051495184376,14030.443864104685,14031.97874956184
2025-11-27 18:00:00,14300.0,13916.0,14107.660834725444,14253.65170319536,14036.209080227578,14029.586337687077
2025-11-27 19:00:00,14186.0,13798.0,14037.02874376719,14176.524343576993,13970.650280368945,13949.13434339858
2025-11-27 20:00:00,13876.0,13569.0,13816.405234230633,13902.308839543704,13770.415914402265,13786.635557357153
2025-11-27 21:00:00,13666.0,13432.0,13682.889012570213,13655.86188205405,13624.136864791846,13652.602748565945
2025-11-27 22:00:00,13435.0,13114.0,13414.265847109007,13367.771037057075,13322.743365709832,13388.610524066899
2025-11-27 23:00:00,12948.0,12623.0,12934.607122720707,12860.39560135189,12874.86801812666,12920.75279704453
2025-11-28 00:00:00,12558.0,12240.0,12606.034211809585,12575.962152957922,12416.771220385028,12419.36253416342
2025-11-28 01:00:00,12065.0,11818.0,12176.71477240745,12123.339060439896,12002.231148201778,11977.98634889341
2025-11-28 02:00:00,11825.0,11562.0,11918.987199942445,11953.685502007345,11785.738377414491,11783.980377851105
2025-11-28 03:00:00,11685.0,11426.0,11756.905316198623,11830.7792675585,11605.507627754481,11624.703782317365
2025-11-28 04:00:00,11619.0,11365.0,11674.061805388423,11791.319397136773,11568.276036034367,11584.475774689925
2025-11-28 05:00:00,11744.0,11462.0,11735.379464577474,11885.38399788005,11685.293910119595,11668.735234859916
2025-11-28 06:00:00,12058.0,11878.0,12067.56330214384,12150.285841349101,12072.214379721761,12039.00344985622
2025-11-28 07:00:00,12533.0,12487.0,12596.507662447017,12670.565257942515,12580.28317054628,12542.920764237804
2025-11-28 08:00:00,13200.0,13025.0,13120.315198059663,13348.041587514712,13190.040488222185,13159.023417934444
2025-11-28 09:00:00,13703.0,13589.0,13701.89779096043,13956.991771185843,13657.850249557023,13653.444335055961
2025-11-28 10:00:00,13964.0,13697.0,13899.74604767927,14072.896474201178,13756.26022552301,13729.0049976459
2025-11-28 11:00:00,14026.0,13704.0,13954.66834811878,14086.992299048554,13762.446087518227,13725.198001087949
2025-11-28 12:00:00,13984.0,13728.0,13969.782191272883,14106.23535061684,13757.148946702635,13726.237428802848
2025-11-28 13:00:00,13990.0,13726.0,13964.191388884628,14106.123123492893,13759.23996802789,13717.986204751354
2025-11-28 14:00:00,14020.0,13793.0,14016.08221737947,14184.074970833162,13773.212093147424,13744.733316228596
2025-11-28 15:00:00,13808.0,13697.0,13936.793803959517,14086.712757827514,13735.259224659285,13706.230959143048
2025-11-28 16:00:00,13916.0,13789.0,13996.274466374609,14178.242337818465,13788.005540603877,13818.490596866217
2025-11-28 17:00:00,14103.0,13928.0,14077.292191647452,14367.408955515688,13966.975862123629,13980.486974925989
2025-11-28 18:00:00,14045.0,13923.0,14126.863266729992,14447.147210167277,14012.942117403325,13989.103628545136
2025-11-28 19:00:00,13932.0,13794.0,14031.683861434563,14337.10819708347,13925.947574225813,13872.611244031275
2025-11-28 20:00:00,13637.0,13545.0,13798.220003648126,13999.365033801832,13644.935546681216,13615.107160009951
2025-11-28 21:00:00,13415.0,13371.0,13633.388456036071,13818.26464095523,13530.138453686694,13489.79445128117
2025-11-28 22:00:00,13158.0,13147.0,13400.914165717166,13574.897436855923,13310.606149012032,13292.808033104191
2025-11-28 23:00:00,12718.0,12701.0,12955.627660325197,13184.972242614249,12863.552437864102,12878.289642332702
2025-11-29 00:00:00,12273.0,12294.0,12339.566768841702,12758.431460683641,12433.099125826328,12461.218058260536
2025-11-29 01:00:00,11915.0,11913.0,11921.602013934396,12360.5167753224,12052.40249073837,12049.68647863826
2025-11-29 02:00:00,11602.0,11588.0,11624.812363169378,11983.466076712126,11691.457985122803,11657.924797722728
2025-11-29 03:00:00,11403.0,11394.0,11440.822760902394,11856.417429149278,11486.154852707494,11452.328200887003
2025-11-29 04:00:00,11380.0,11377.0,11380.999204591872,11794.15952544876,11452.695009297171,11415.220606461593
2025-11-29 05:00:00,11349.0,11355.0,11384.439550384075,11812.34307983816,11425.134921480088,11413.824594433872
2025-11-29 06:00:00,11450.0,11489.0,11568.727749576157,11968.961477914638,11573.294481654648,11563.169117138747
2025-11-29 07:00:00,11688.0,11847.0,11962.519330897845,12243.501409578485,11838.387179803103,11815.815709813007
2025-11-29 08:00:00,12073.0,12111.0,12343.857758820886,12526.894223487874,12175.833240233704,12129.210880623506
2025-11-29 09:00:00,12638.0,12723.0,12943.086734346267,13134.169547458632,12811.802765182592,12833.817601978732
2025-11-29 10:00:00,13012.0,13101.0,13305.916071747652,13496.96388792714,13091.192729299122,13116.368499093167
2025-11-29 11:00:00,13332.0,13362.0,13498.035850915841,13793.90127460406,13349.798192473554,13325.298658936528
2025-11-29 12:00:00,13462.0,13388.0,13520.639068705332,13857.595754793567,13489.059094480519,13508.90254049377
2025-11-29 13:00:00,13436.0,13387.0,13524.292502787739,13876.980009078998,13497.661166691807,13498.117002878029
2025-11-29 14:00:00,13507.0,13451.0,13564.903232985995,13880.505644038123,13498.841330489075,13489.33617091719
2025-11-29 15:00:00,13485.0,13396.0,13505.751830923433,13864.574493977048,13455.091032120134,13488.681357350515
2025-11-29 16:00:00,13570.0,13477.0,13573.431970315109,13964.412712764994,13651.917174714226,13620.624929377767
2025-11-29 17:00:00,13800.0,13825.0,13761.79579843351,14252.925042873607,13850.570075014211,13847.573660753786
2025-11-29 18:00:00,13814.0,13920.0,13841.522029553686,14338.92181005001,13907.5351451481,13909.571441464577
2025-11-29 19:00:00,13649.0,13807.0,13752.990548743477,14261.68651487639,13801.757774983453,13796.38269363851
2025-11-29 20:00:00,13359.0,13526.0,13505.495620924765,13911.45974795842,13531.284748812872,13505.35607347543
2025-11-29 21:00:00,13209.0,13402.0,13394.939691680633,13778.502415760442,13361.180238694998,13320.535123234491
2025-11-29 22:00:00,12871.0,13136.0,13139.172624608023,13493.785274373773,13057.745532353158,12999.225074099455
2025-11-29 23:00:00,12508.0,12761.0,12735.348789225742,13192.229934700297,12654.145629143364,12626.4304854944
2025-11-30 00:00:00,12138.0,12422.0,12050.72366158376,12370.009402460013,12329.975590088925,12300.192027975667
2025-11-30 01:00:00,11693.0,12041.0,11636.361837877277,12006.246757491599,11998.92440707689,11970.97080024858
2025-11-30 02:00:00,11445.0,11706.0,11340.515996740547,11681.877883431156,11677.986481775395,11665.457099823478
2025-11-30 03:00:00,11262.0,11556.0,11185.690980434098,11515.085075910869,11489.882101589576,11480.586317305406
2025-11-30 04:00:00,11174.0,11486.0,11094.778227932122,11408.352395188467,11357.849239330506,11358.853229323478
2025-11-30 05:00:00,11163.0,11517.0,11130.410186434856,11462.384895203777,11418.386309955597,11408.518494726422
2025-11-30 06:00:00,11236.0,11623.0,11291.662922678715,11545.679394945839,11442.668783829788,11444.9448587613
2025-11-30 07:00:00,11402.0,11808.0,11575.340820765696,11752.58565559272,11552.139164347105,11559.440678700901
2025-11-30 08:00:00,11667.0,12101.0,11968.308923422597,11979.971738549873,11933.760113832532,11922.707020605947
2025-11-30 09:00:00,12186.0,12565.0,12492.745758891817,12433.43781053628,12441.15901821119,12429.744216394263
2025-11-30 10:00:00,12514.0,12972.0,12876.875257051852,12779.78584464342,12865.74150393163,12866.013977258424
2025-11-30 11:00:00,12827.0,13179.0,13044.594513417735,12981.73942963357,13057.303680303208,13049.297076735142
2025-11-30 12:00:00,12949.0,13330.0,13127.035130670361,13113.664244930256,13148.03502751544,13151.242648625104
2025-11-30 13:00:00,12921.0,13350.0,13143.994548497663,13131.924385161405,13195.994480335032,13176.608111800522
2025-11-30 14:00:00,13051.0,13354.0,13166.232955277805,13145.733114581417,13211.89379626622,13182.220475451108
2025-11-30 15:00:00,13020.0,13352.0,13133.047033583507,13126.31735968843,13224.363429842222,13193.393367999754
2025-11-30 16:00:00,13104.0,13500.0,13226.449072157066,13282.667893633768,13345.598283695486,13329.39793337923
2025-11-30 17:00:00,13404.0,13807.0,13409.846084262172,13719.393212006718,13693.419499570628,13666.142173269074
2025-11-30 18:00:00,13477.0,13859.0,13449.44017141776,13679.321192796635,13649.977612232191,13617.371207532347
2025-11-30 19:00:00,13386.0,13742.0,13367.251149080124,13593.77117221777,13581.513724728651,13561.964725639971
2025-11-30 20:00:00,13165.0,13489.0,13143.941570246154,13454.503824711237,13280.950278869263,13272.987881848132
2025-11-30 21:00:00,13008.0,13439.0,13063.885624937573,13303.287384993375,13193.564572951556,13179.687796802333
2025-11-30 22:00:00,12691.0,13094.0,12769.633836787028,13109.805817737182,12898.562390338724,12888.665003235299
2025-11-30 23:00:00,12269.0,12655.0,12327.557198894008,12598.128492536702,12423.63673883167,12420.956578163743
2025-12-01 00:00:00,11879.0,12284.0,12022.378092688732,12002.343602247278,12103.005232943318,12167.186139021811
2025-12-01 01:00:00,11422.0,11750.0,11539.244385230922,11653.028066233346,11715.519884159185,11791.054441317812
2025-12-01 02:00:00,11162.0,11571.0,11309.014890709981,11376.39306681305,11440.40535942468,11499.674628617273
2025-12-01 03:00:00,11014.0,11403.0,11144.370504411836,11292.088211007445,11260.397905627335,11320.280782937525
2025-12-01 04:00:00,10928.0,11443.0,11118.672693105622,11265.046366735778,11224.311036330044,11310.588863830944
2025-12-01 05:00:00,11075.0,11537.0,11180.144128742302,11306.547047554152,11327.351219369286,11389.051328313919
2025-12-01 06:00:00,11447.0,11995.0,11538.65092134972,11652.61002863329,11784.88190857675,11876.83750557064
2025-12-01 07:00:00,12046.0,12624.0,12060.840981881229,12302.307779140561,12390.0592863863,12494.479104386548
2025-12-01 08:00:00,12621.0,13255.0,12644.17726036688,12879.207505119888,12832.738020637938,12886.169579743284
2025-12-01 09:00:00,13237.0,13860.0,13237.625930581355,13432.194403621354,13489.820970136394,13507.672812102981
2025-12-01 10:00:00,13413.0,14001.0,13478.810262339739,13662.798509514721,13667.15568820138,13664.665190053038
2025-12-01 11:00:00,13488.0,14081.0,13602.325988581855,13815.13762180764,13710.623943332903,13715.899101767112
2025-12-01 12:00:00,13390.0,14128.0,13626.741259987059,13797.726195860996,13683.650081691443,13700.168630557253
2025-12-01 13:00:00,13475.0,14127.0,13626.89651666758,13793.520255168389,13680.120642612905,13697.14223671961
2025-12-01 14:00:00,13477.0,14158.0,13649.258889603656,13860.186989087348,13693.377956167857,13707.49601783171
2025-12-01 15:00:00,13470.0,14030.0,13538.823565025796,13802.407985704825,13676.43052138027,13704.3543586086
2025-12-01 16:00:00,13571.0,14142.0,13613.758657314298,13886.90778566489,13703.808758129737,13730.704156421845
2025-12-01 17:00:00,13647.0,14218.0,13680.995914970892,14157.66251455444,13861.130115565926,13881.507931324313
2025-12-01 18:00:00,13674.0,14237.0,13706.120332808616,14112.415812444622,13886.047141585512,13870.546614437237
2025-12-01 19:00:00,13558.0,14137.0,13611.218526731303,13940.322160613714,13716.50406656123,13714.884226597418
2025-12-01 20:00:00,13306.0,13888.0,13383.899306775467,13619.635427077814,13511.648999716692,13529.274700138496
2025-12-01 21:00:00,13102.0,13662.0,13220.464557511925,13336.188213578864,13366.649030316355,13351.338458393257
2025-12-01 22:00:00,12813.0,13381.0,12945.050756632907,13074.562707947362,13068.179217578669,13083.224335890542
2025-12-01 23:00:00,12379.0,12852.0,12468.946057071425,12656.65071092932,12581.353707778815,12614.948192711303
2025-12-02 00:00:00,11988.0,12454.0,12064.569573117604,12122.8038400638,12152.582726087836,12245.02799043877
2025-12-02 01:00:00,11570.0,11953.0,11593.280304400741,11630.444902663778,11669.599191569925,11727.763061229105
2025-12-02 02:00:00,11236.0,11711.0,11325.348392327634,11421.82342393892,11470.812390988895,11518.622100393819
2025-12-02 03:00:00,11152.0,11583.0,11176.212149251054,11301.250483541946,11343.004233418384,11405.036875954947
2025-12-02 04:00:00,11107.0,11525.0,11107.722138571453,11224.46918768091,11252.717739649379,11288.546768479393
2025-12-02 05:00:00,11100.0,11567.0,11129.866398217457,11249.893950794632,11295.285158519553,11330.969479786478
2025-12-02 06:00:00,11454.0,11914.0,11407.473687932215,11571.991972616903,11621.734397240098,11675.434239595186
2025-12-02 07:00:00,11967.0,12521.0,11900.195383214175,12171.058765192518,12239.537815185142,12323.955377127017
2025-12-02 08:00:00,12579.0,13023.0,12387.330021209857,12768.572862542564,12719.190615746405,12804.345640880229
2025-12-02 09:00:00,13261.0,13603.0,12974.294451775082,13249.975955636333,13206.866897378495,13269.261909526316
2025-12-02 10:00:00,13378.0,13712.0,13205.669716474564,13413.523638499033,13471.747854253388,13556.644124048888
2025-12-02 11:00:00,13479.0,13760.0,13317.489875786452,13489.639312165495,13536.535361818984,13606.043708214564
2025-12-02 12:00:00,13441.0,13862.0,13396.663541382768,13497.643438828085,13488.355580494139,13570.24384548612
2025-12-02 13:00:00,13525.0,13816.0,13368.877331397554,13464.117741518978,13475.779260957659,13564.44919043622
2025-12-02 14:00:00,13456.0,13949.0,13464.206937564573,13560.181576943296,13547.066563844728,13623.799472825849
2025-12-02 15:00:00,13479.0,13856.0,13396.675086059257,13528.056806053004,13540.068838311698,13586.823775948817
2025-12-02 16:00:00,13604.0,13958.0,13462.38202885978,13624.393601725045,13589.443908358278,13646.725336854366
2025-12-02 17:00:00,13715.0,14108.0,13583.410559272812,13780.702237094212,13699.676540046841,13745.850565051676
2025-12-02 18:00:00,13801.0,14135.0,13605.294949790188,13845.671818212004,13703.700874600783,13740.221243588705
2025-12-02 19:00:00,13675.0,14069.0,13542.149576971036,13749.187931555063,13639.605504598083,13675.770719900092
2025-12-02 20:00:00,13382.0,13823.0,13325.45549523498,13484.793551317398,13378.44104790619,13416.288041956657
2025-12-02 21:00:00,13161.0,13521.0,13129.762384372232,13250.043488029465,13226.609759322786,13282.874237610093
2025-12-02 22:00:00,12910.0,13276.0,12886.87311999759,12958.278406331989,12954.414126464384,13000.540464434727
2025-12-02 23:00:00,12454.0,12780.0,12423.116002569506,12674.808572803191,12450.671099668521,12503.994714105234
2025-12-03 00:00:00,12023.0,12319.0,11993.657738234207,12088.070212931285,12126.12859903318,12250.064912725431
2025-12-03 01:00:00,11634.0,11929.0,11571.332466850861,11618.076608083245,11615.775121093595,11736.132948192135
2025-12-03 02:00:00,11350.0,11701.0,11327.760870428201,11378.030744558015,11342.281421410753,11466.886329125768
2025-12-03 03:00:00,11183.0,11486.0,11146.376099451334,11216.64556500551,11190.893339067203,11244.953097871352
2025-12-03 04:00:00,11128.0,11462.0,11083.062605892745,11163.342442612777,11157.452914272399,11225.408482059767
2025-12-03 05:00:00,11272.0,11626.0,11183.328905512262,11247.915832503168,11270.542343725328,11342.52198739479
2025-12-03 06:00:00,11521.0,11951.0,11463.998343238101,11579.664100966032,11591.627709491224,11656.415687249126
2025-12-03 07:00:00,12097.0,12495.0,11943.719664316302,12253.946450135045,12217.767490970531,12313.95351860957
2025-12-03 08:00:00,12679.0,13066.0,12473.102020087099,12750.575765292848,12721.394889676165,12735.053372243738
2025-12-03 09:00:00,13400.0,13685.0,13082.067784893932,13261.134462753747,13316.061596981606,13330.550317567953
2025-12-03 10:00:00,13491.0,13834.0,13326.109217182977,13491.37631087127,13476.904052631395,13475.288964745781
2025-12-03 11:00:00,13494.0,13838.0,13398.661886379337,13571.136339951188,13523.253642733087,13537.4420469268
2025-12-03 12:00:00,13464.0,13899.0,13427.737941184256,13496.603213301623,13471.640931679838,13497.75300795792
2025-12-03 13:00:00,13574.0,13927.0,13440.345820740758,13561.36448834944,13511.087669042554,13552.987339126794
2025-12-03 14:00:00,13555.0,13953.0,13475.437407873478,13588.745318389327,13532.295264092425,13559.625351540833
2025-12-03 15:00:00,13505.0,13860.0,13410.263537210412,13544.063467611828,13511.19925572554,13512.857405553557
2025-12-03 16:00:00,13622.0,13968.0,13483.664696504879,13688.510592318476,13604.050676475907,13608.602496681855
2025-12-03 17:00:00,13743.0,14123.0,13588.561087622813,13771.23391647308,13681.728767461105,13694.773943383081
2025-12-03 18:00:00,13726.0,14192.0,13645.663666500408,13850.975977243274,13708.682820606846,13726.718950991592
2025-12-03 19:00:00,13725.0,14083.0,13572.98213980195,13756.436439968093,13639.584210624642,13653.092774431421
2025-12-03 20:00:00,13366.0,13823.0,13342.664588469086,13499.348181430463,13407.768687593521,13417.695873222214
2025-12-03 21:00:00,13228.0,13686.0,13220.137253905968,13254.797253518533,13255.092697370923,13279.544293215155
2025-12-03 22:00:00,12955.0,13448.0,12976.63150126143,12936.862689768246,12912.1568980835,12949.97762914001
2025-12-03 23:00:00,12475.0,12964.0,12521.271383896043,12530.67067203408,12508.221360772355,12552.837047172938
2025-12-04 00:00:00,12038.0,12490.0,12165.26125455333,12184.324398750723,12172.933069974786,12252.780009518932
2025-12-04 01:00:00,11603.0,12074.0,11730.463273768033,11684.129370337834,11725.353171013829,11829.904137154748
2025-12-04 02:00:00,11346.0,11796.0,11449.722567964998,11390.523012557418,11381.607630274486,11468.925667602927
2025-12-04 03:00:00,11193.0,11657.0,11305.751045151192,11309.76721384673,11278.694447777025,11379.18211418787
2025-12-04 04:00:00,11118.0,11614.0,11230.940834917945,11242.236331027914,11195.092412098147,11283.161820667632
2025-12-04 05:00:00,11163.0,11768.0,11328.341301132301,11270.118186616248,11274.444705548372,11358.828477534971
2025-12-04 06:00:00,11508.0,12064.0,11622.176720822714,11578.310355434101,11585.751023252958,11685.62360789112
2025-12-04 07:00:00,12066.0,12694.0,12172.83603559811,12217.450855360743,12222.274692292338,12283.930355923541
2025-12-04 08:00:00,12610.0,13280.0,12732.112866638136,12764.261521966126,12705.825721872761,12712.310285650034
2025-12-04 09:00:00,13296.0,13873.0,13336.063047587619,13418.395898179535,13321.829360039352,13320.972255521103
2025-12-04 10:00:00,13413.0,14076.0,13592.443766055047,13577.543149794048,13470.706531426582,13480.178981750036
2025-12-04 11:00:00,13443.0,14073.0,13647.77525487908,13668.269467687922,13530.945843722398,13531.571862904171
2025-12-04 12:00:00,13361.0,14141.0,13675.776937414523,13591.862550254524,13467.523593356313,13476.805884403811
2025-12-04 13:00:00,13488.0,14134.0,13689.00012609567,13696.537628567476,13549.585273963168,13556.5239440035
2025-12-04 14:00:00,13473.0,14161.0,13713.00978034017,13622.123099412585,13494.482473315315,13509.270466979897
2025-12-04 15:00:00,13526.0,14061.0,13647.01750800402,13679.387554032788,13533.95602868214,13551.690530303302
2025-12-04 16:00:00,13625.0,14113.0,13697.524716443684,13762.767035603785,13619.73679948041,13637.610759956975
2025-12-04 17:00:00,13728.0,14298.0,13804.242950858565,13876.120549152993,13737.852635231731,13755.886189025454
2025-12-04 18:00:00,13712.0,14300.0,13828.002856547559,13971.72316949119,13812.09650382605,13814.347290465399
2025-12-04 19:00:00,13576.0,14186.0,13745.722366908734,13859.840206687859,13672.677214488542,13682.948213961143
2025-12-04 20:00:00,13279.0,13876.0,13496.336460135108,13617.264907875733,13451.439682942215,13443.80758724572
2025-12-04 21:00:00,13204.0,13666.0,13331.574456295555,13295.510599580954,13300.418201711813,13295.287029591467
2025-12-04 22:00:00,12961.0,13435.0,13091.04266289813,13018.825985758784,13009.171654227106,12995.879723770371
2025-12-04 23:00:00,12451.0,12948.0,12625.674466697106,12599.157638577288,12576.964928216108,12579.99526648407
2025-12-05 00:00:00,11980.0,12558.0,12202.309732217107,12207.670669280558,12193.614255417322,12204.042520991821
2025-12-05 01:00:00,11578.0,12065.0,11737.431743945906,11754.574766745123,11792.83456987483,11798.186485935748
2025-12-05 02:00:00,11311.0,11825.0,11472.19567375039,11482.627532421138,11497.992567471281,11499.156406375085
2025-12-05 03:00:00,11119.0,11685.0,11322.002365276127,11325.570174683016,11286.350722271236,11339.354117246867
2025-12-05 04:00:00,11108.0,11619.0,11252.695513821483,11254.779666520095,11202.684527952271,11229.569881182246
2025-12-05 05:00:00,11140.0,11744.0,11328.579034345235,11390.420360976046,11381.867010407115,11403.811787201528
2025-12-05 06:00:00,11535.0,12058.0,11625.340016064563,11649.148054933527,11638.948403657247,11705.64027483403
2025-12-05 07:00:00,12045.0,12533.0,12094.680015777049,12242.304433349873,12226.253791683293,12234.2817926385
2025-12-05 08:00:00,12642.0,13200.0,12694.89815371398,12792.072497671825,12682.23852052644,12638.8128116728
2025-12-05 09:00:00,13278.0,13703.0,13268.954090199044,13513.369495609862,13386.879943833072,13371.726110180554
2025-12-05 10:00:00,13458.0,13964.0,13534.1597524593,13697.770249818215,13495.14686137963,13521.532277771748
2025-12-05 11:00:00,13478.0,14026.0,13619.591207075862,13710.418514013287,13511.45228896824,13521.664032289904
2025-12-05 12:00:00,13447.0,13984.0,13597.07605428826,13628.73003476823,13458.141716098535,13482.162097209211
2025-12-05 13:00:00,13510.0,13990.0,13625.638699801733,13721.547555859763,13517.562704032363,13552.779318988165
2025-12-05 14:00:00,13499.0,14020.0,13641.146207589687,13716.728134965324,13517.24935438674,13562.542203296609
2025-12-05 15:00:00,13446.0,13808.0,13509.727560168492,13691.683412248727,13525.7954272453,13551.66726578292
2025-12-05 16:00:00,13476.0,13916.0,13583.464346129054,13768.254633606457,13572.537653467829,13594.645365841829
2025-12-05 17:00:00,13608.0,14103.0,13690.948916533016,13889.301346994564,13690.08175896478,13737.736125209329
2025-12-05 18:00:00,13595.0,14045.0,13678.639485981272,13915.73356174919,13649.424625614009,13672.300582155045
2025-12-05 19:00:00,13459.0,13932.0,13601.95291402431,13889.850342188818,13621.844301946508,13647.021768593346
2025-12-05 20:00:00,13189.0,13637.0,13346.478824815347,13581.83485298858,13387.310828304438,13402.745818272215
2025-12-05 21:00:00,12996.0,13415.0,13175.069471320841,13315.267473291691,13215.71431787407,13222.298952590842
2025-12-05 22:00:00,12779.0,13158.0,12932.013981297809,13043.560497705274,12939.017584322557,12929.216199477605
2025-12-05 23:00:00,12446.0,12718.0,12499.591306378901,12643.121188459812,12531.387415782512,12511.606356341528
2025-12-06 00:00:00,12073.0,12273.0,11948.717596807857,12230.67854664564,12234.380410654621,12288.354773380352
2025-12-06 01:00:00,11671.0,11915.0,11549.541063513972,11780.92051182067,11814.693922964985,11866.673169812902
2025-12-06 02:00:00,11370.0,11602.0,11254.347768945361,11546.12692672818,11491.590812866985,11541.11307472557
2025-12-06 03:00:00,11166.0,11403.0,11066.085446354058,11321.51164164085,11268.45243771453,11318.125983314241
2025-12-06 04:00:00,11131.0,11380.0,11011.587616704468,11242.311412346964,11214.941753480183,11258.518023798515
2025-12-06 05:00:00,11106.0,11349.0,11013.41155634182,11275.402760971241,11227.520371121846,11264.405699771882
2025-12-06 06:00:00,11260.0,11450.0,11179.69538814239,11405.599778794327,11335.515457829595,11378.87983634785
2025-12-06 07:00:00,11527.0,11688.0,11518.991812412181,11655.4110546838,11578.27917651585,11634.4980698463
2025-12-06 08:00:00,11869.0,12073.0,11955.98226832784,12015.842604643214,11959.468109421188,11983.12325184959
2025-12-06 09:00:00,12408.0,12638.0,12566.496694273514,12463.60340064623,12406.35671834409,12452.589971327805
2025-12-06 10:00:00,12749.0,13012.0,12918.400241722686,12834.957295704038,12732.112440279641,12811.353068644583
2025-12-06 11:00:00,12987.0,13332.0,13141.351524755915,13160.661030502057,12984.683830657981,13051.582707657328
2025-12-06 12:00:00,13099.0,13462.0,13206.87687753335,13185.846653499058,13013.38672429215,13072.762282991589
2025-12-06 13:00:00,13097.0,13436.0,13221.544911944899,13283.816975498245,13114.552470020413,13159.220148151568
2025-12-06 14:00:00,13272.0,13507.0,13271.497373350474,13297.18272880078,13128.370418373093,13171.745248127998
2025-12-06 15:00:00,13292.0,13485.0,13242.183301835294,13299.840778546833,13169.823234717513,13200.369012379126
2025-12-06 16:00:00,13398.0,13570.0,13312.071978036138,13444.978959609922,13258.439597580082,13318.635372779623
2025-12-06 17:00:00,13590.0,13800.0,13462.94411651998,13661.033118407531,13531.764537302759,13599.057799854936
2025-12-06 18:00:00,13590.0,13814.0,13482.68581574751,13688.888504548648,13460.29466988351,13550.893603782008
2025-12-06 19:00:00,13477.0,13649.0,13385.116879377852,13569.085178227286,13350.092077131952,13458.84565033077
2025-12-06 20:00:00,13210.0,13359.0,13131.759741136393,13288.278613618808,13065.249304474111,13183.35403517126
2025-12-06 21:00:00,13021.0,13209.0,13018.880828411153,13198.552870547204,13025.77457029295,13106.480090511579
2025-12-06 22:00:00,12830.0,12871.0,12740.807884023205,12979.745183030289,12789.278187510183,12847.605120268752
2025-12-06 23:00:00,12402.0,12508.0,12348.235472379536,12458.580767205465,12436.874500414497,12445.328849175818
2025-12-07 00:00:00,12102.0,12138.0,11981.961386171512,12155.899710566331,12258.042915086151,12278.319335480875
2025-12-07 01:00:00,11750.0,11693.0,11549.90679329099,11752.874072714018,11888.537866399562,11935.885794394544
2025-12-07 02:00:00,11423.0,11445.0,11290.721722293723,11472.35158207062,11552.344927044289,11616.767661081703
2025-12-07 03:00:00,11313.0,11262.0,11114.465244072488,11254.22670515255,11348.637789277134,11398.277704637821
2025-12-07 04:00:00,11162.0,11174.0,11024.273379216094,11158.747236061527,11270.358089201132,11326.575235028284
2025-12-07 05:00:00,11115.0,11163.0,11025.404016909437,11178.524248725187,11271.680042032336,11301.572156048227
2025-12-07 06:00:00,11230.0,11236.0,11186.315634236078,11277.677060935934,11466.699676750759,11485.276254092987
2025-12-07 07:00:00,11461.0,11402.0,11478.356451918948,11474.462523245344,11593.74756413959,11600.518445954925
2025-12-07 08:00:00,11733.0,11667.0,11861.995793658845,11690.943661084199,11904.468529047628,11941.859918953463
2025-12-07 09:00:00,12326.0,12186.0,12435.929968474955,12115.329145210593,12368.57477990413,12370.555988922388
2025-12-07 10:00:00,12707.0,12514.0,12769.617158539077,12528.727342933957,12741.312690403824,12763.812403590107
2025-12-07 11:00:00,12951.0,12827.0,12997.624948798897,12826.71959597961,13069.915778799586,13127.837270614538
2025-12-07 12:00:00,13107.0,12949.0,13068.27308812133,12938.316742761683,13175.046054488828,13207.425073944083
2025-12-07 13:00:00,13146.0,12921.0,13083.097719254372,12984.376132823145,13191.661365889235,13221.041253888523
2025-12-07 14:00:00,13210.0,13051.0,13158.73723047653,13048.225724037107,13277.753531030594,13293.420086054914
2025-12-07 15:00:00,13250.0,13020.0,13138.440250859938,13018.131552059744,13304.699916713078,13328.555415400122
2025-12-07 16:00:00,13427.0,13104.0,13200.563571628625,13145.355900997649,13390.396332405315,13409.390783569848
2025-12-07 17:00:00,13638.0,13404.0,13384.589577815752,13390.133757882435,13583.531629693285,13635.196521782289
2025-12-07 18:00:00,13637.0,13477.0,13430.00264052867,13486.367674164514,13627.322969178045,13670.812091730188
2025-12-07 19:00:00,13657.0,13386.0,13357.009507086192,13344.7223219822,13569.609194471905,13603.926952824326
2025-12-07 20:00:00,13367.0,13165.0,13147.46987345269,13118.693526579023,13369.48771770254,13381.249629818158
2025-12-07 21:00:00,13253.0,13008.0,13026.479320545734,12974.48484740074,13239.352075338287,13246.012086943983
2025-12-07 22:00:00,12929.0,12691.0,12745.975607616456,12577.889126039621,12854.560172584075,12910.734057592892
2025-12-07 23:00:00,12460.0,12269.0,12324.355138023273,12197.077883774158,12443.124881513488,12464.17251908674
2025-12-08 00:00:00,12117.0,11879.0,12206.715772247653,11945.619561457766,12193.15080785237,12172.689495684737
2025-12-08 01:00:00,11671.0,11422.0,11755.723551209463,11512.810196684375,11734.654380501479,11704.525922120874
2025-12-08 02:00:00,11415.0,11162.0,11501.85757816375,11272.84135084314,11511.133789572106,11469.39174570692
2025-12-08 03:00:00,11221.0,11014.0,11342.393962569353,11111.188894804374,11353.529287046653,11320.46933327218
2025-12-08 04:00:00,11130.0,10928.0,11274.053163478411,11036.608550750025,11236.00071490491,11204.665649241042
2025-12-08 05:00:00,11292.0,11075.0,11374.851120128384,11094.171160988131,11320.167299541605,11321.939859486285
2025-12-08 06:00:00,11632.0,11447.0,11710.263811372251,11558.623386603284,11811.154528267596,11797.240138540412
2025-12-08 07:00:00,12211.0,12046.0,12240.068573078053,12161.494585714447,12477.717190649199,12493.302207034063
2025-12-08 08:00:00,12814.0,12621.0,12788.941361559951,12754.262452835497,13004.628982704091,13030.40115838655
2025-12-08 09:00:00,13505.0,13237.0,13411.131539173031,13305.326524667322,13509.839341121768,13553.634576586162
2025-12-08 10:00:00,13709.0,13413.0,13657.602813199313,13467.584157914689,13700.974735087857,13713.70248093091
2025-12-08 11:00:00,13837.0,13488.0,13752.884657249384,13542.813487470941,13807.53500067642,13870.698209424556
2025-12-08 12:00:00,13803.0,13390.0,13731.508542894173,13528.28950292682,13828.638143133174,13871.016684368495
2025-12-08 13:00:00,13887.0,13475.0,13775.948249545861,13547.303910178249,13841.435601643809,13887.742597875254
2025-12-08 14:00:00,13856.0,13477.0,13793.36723364342,13657.44579883937,13929.641644657424,13954.90479238726
2025-12-08 15:00:00,13866.0,13470.0,13758.308461796705,13643.547803772708,13928.682402701877,13932.083905943147
2025-12-08 16:00:00,13980.0,13571.0,13823.60701736245,13726.796918553135,14009.418522257602,14025.098835421328
2025-12-08 17:00:00,13971.0,13647.0,13875.485565138417,13861.373358950574,14056.50276553374,14118.349856431809
2025-12-08 18:00:00,13957.0,13674.0,13901.317691812743,13903.932970508427,14044.037275554789,14076.988409846754
2025-12-08 19:00:00,13910.0,13558.0,13815.337170686249,13784.082722730816,13991.146667747133,14005.778275811077
2025-12-08 20:00:00,13581.0,13306.0,13595.204953070093,13468.119396040409,13691.080864259622,13621.964672361371
2025-12-08 21:00:00,13426.0,13102.0,13420.998498343202,13231.637604976135,13492.938962393186,13465.218467134164
2025-12-08 22:00:00,13134.0,12813.0,13166.982394912546,12940.35132277685,13275.357578349052,13229.214550608387
2025-12-08 23:00:00,12598.0,12379.0,12739.947468292596,12517.611145654608,12797.633896614341,12773.520470937952
2025-12-09 00:00:00,12200.0,11988.0,12363.237570936539,12278.071003228086,12215.279554385841,12206.345697701332
2025-12-09 01:00:00,11657.0,11570.0,11933.155640353574,11842.505502889204,11770.05204985325,11778.217146659352
2025-12-09 02:00:00,11474.0,11236.0,11632.251784015687,11591.575323266043,11486.970350918957,11499.703090205545
2025-12-09 03:00:00,11315.0,11152.0,11516.235045000334,11520.754861586904,11399.365672798973,11399.966429825696
2025-12-09 04:00:00,11249.0,11107.0,11429.211744020005,11364.900852682664,11305.975349985434,11325.089083354263
2025-12-09 05:00:00,11292.0,11100.0,11411.326137769127,11361.405690318155,11304.778702900321,11327.041208782468
2025-12-09 06:00:00,11723.0,11454.0,11699.376606720303,11710.802342814979,11611.282205304185,11623.629997433827
2025-12-09 07:00:00,12195.0,11967.0,12145.993481339896,12299.762252363975,12266.080305286616,12275.502951436854
2025-12-09 08:00:00,12826.0,12579.0,12677.866402397332,12973.958605614649,12845.83236734044,12846.261628476015
2025-12-09 09:00:00,13489.0,13261.0,13317.741443958535,13564.12452086884,13395.466539049137,13416.209953407195
2025-12-09 10:00:00,13637.0,13378.0,13538.358244857856,13759.603036426979,13606.80441096656,13608.967315539543
2025-12-09 11:00:00,13671.0,13479.0,13663.77971713348,13801.103624045994,13619.426204153335,13599.389982510818
2025-12-09 12:00:00,13649.0,13441.0,13668.958592913132,13793.30610395138,13575.55792836787,13547.456223400062
2025-12-09 13:00:00,13710.0,13525.0,13708.679691221403,13792.53016060981,13585.782546696428,13582.309282652777
2025-12-09 14:00:00,13684.0,13456.0,13697.105610009905,13813.828016149328,13608.092138931039,13573.816171722789
2025-12-09 15:00:00,13612.0,13479.0,13685.300550765549,13839.754323931005,13630.666210274067,13594.051957385005
2025-12-09 16:00:00,13726.0,13604.0,13765.937256930116,13929.074608531866,13725.977707943699,13700.11264658342
2025-12-09 17:00:00,13791.0,13715.0,13848.695681998648,14092.534349354368,13786.414037435487,13816.783982544337
2025-12-09 18:00:00,13788.0,13801.0,13897.607676988671,14122.769687986645,13745.96416654722,13725.89190056844
2025-12-09 19:00:00,13685.0,13675.0,13801.75764181311,14078.729845179452,13698.167280417938,13688.712638016603
2025-12-09 20:00:00,13390.0,13382.0,13547.441881427005,13766.700333222305,13462.687115276287,13444.023018904276
2025-12-09 21:00:00,13207.0,13161.0,13369.568233636921,13623.690030143494,13274.419236274978,13260.000876443288
2025-12-09 22:00:00,12886.0,12910.0,13130.048434581253,13262.399398910771,12966.361555211519,12928.341737919458
2025-12-09 23:00:00,12363.0,12454.0,12688.313936125485,12837.023422661761,12501.967462848826,12419.267967012123
2025-12-10 00:00:00,11983.0,12023.0,12178.414289314582,12274.210435516225,12142.37651623794,12120.951265002122
2025-12-10 01:00:00,11482.0,11634.0,11759.401884400746,11801.099057775076,11719.32317541185,11686.120472828701
2025-12-10 02:00:00,11217.0,11350.0,11470.008783603605,11566.880769261332,11386.790537252598,11373.508530420033
2025-12-10 03:00:00,11099.0,11183.0,11292.985579735154,11417.783222124395,11229.50674476163,11223.62432828041
2025-12-10 04:00:00,11002.0,11128.0,11203.62026654461,11317.989563285591,11145.183301661848,11141.075210609239
2025-12-10 05:00:00,11111.0,11272.0,11280.547051928786,11485.786521616024,11320.879540873777,11289.863734110311
2025-12-10 06:00:00,11451.0,11521.0,11530.844869590224,11840.99637739462,11673.672979751624,11632.57151563525
2025-12-10 07:00:00,11967.0,12097.0,12028.95374878824,12360.35623610488,12233.488571171834,12180.204994219615
2025-12-10 08:00:00,12600.0,12679.0,12558.98189357428,12992.742114481227,12689.690219741266,12665.368031216145
2025-12-10 09:00:00,13211.0,13400.0,13230.56903806481,13655.101555340714,13349.457580638882,13352.851055912233
2025-12-10 10:00:00,13344.0,13491.0,13442.794878046836,13756.299642158203,13471.058308360103,13494.983021914228
2025-12-10 11:00:00,13369.0,13494.0,13511.181820785134,13831.252918089871,13545.795282391293,13548.691773084392
2025-12-10 12:00:00,13348.0,13464.0,13507.738090503983,13816.020381180275,13535.615730324138,13568.794768693664
2025-12-10 13:00:00,13376.0,13574.0,13578.646521346967,13840.254376786863,13544.249120788852,13559.299619335789
2025-12-10 14:00:00,13359.0,13555.0,13576.575137910355,13832.813062259818,13554.117356537863,13567.56582314674
2025-12-10 15:00:00,13409.0,13505.0,13528.490068535437,13841.648590962031,13543.139906181774,13562.901902575933
2025-12-10 16:00:00,13569.0,13622.0,13606.28381854486,13913.466704342662,13609.896984436087,13626.055077250532
2025-12-10 17:00:00,13632.0,13743.0,13686.654851922474,13978.979159821967,13687.173913582054,13708.81973249062
2025-12-10 18:00:00,13556.0,13726.0,13692.2026871042,14023.711288477825,13677.003092533041,13689.78875547437
2025-12-10 19:00:00,13449.0,13725.0,13678.225821470802,13999.980960564335,13648.76704976984,13660.117859534283
2025-12-10 20:00:00,13178.0,13366.0,13390.147889982783,13751.964547279917,13360.693760409264,13391.816370845492
2025-12-10 21:00:00,13115.0,13228.0,13272.58351080769,13601.131843314888,13210.983490499291,13253.70243716868
2025-12-10 22:00:00,12832.0,12955.0,13039.070344932206,13282.097058807072,12955.354480221986,12982.021583768435
2025-12-10 23:00:00,12383.0,12475.0,12579.616186422714,12775.985332862452,12456.333076685221,12454.000114381506
2025-12-11 00:00:00,11940.0,12038.0,11971.955390474272,12111.583678149545,12135.971251487214,12145.836413421323
2025-12-11 01:00:00,11473.0,11603.0,11513.247112280036,11632.590878698684,11645.819154018747,11656.26718260387
2025-12-11 02:00:00,11205.0,11346.0,11246.790486334394,11324.011685564268,11315.142418419697,11321.930441852506
2025-12-11 03:00:00,11033.0,11193.0,11058.228804053158,11206.768682318687,11182.712408774896,11183.114959458037
2025-12-11 04:00:00,10827.0,11118.0,10956.130949328579,11140.485171632248,11159.037000522247,11149.939179253246
2025-12-11 05:00:00,10843.0,11163.0,10995.809716498177,11197.067017610476,11182.549625349136,11168.173946236791
2025-12-11 06:00:00,11229.0,11508.0,11296.57059509932,11650.654440224838,11625.25303537997,11628.57492069667
2025-12-11 07:00:00,11716.0,12066.0,11807.079994652904,12068.047414594956,12161.704440455145,12162.303234217132
2025-12-11 08:00:00,12314.0,12610.0,12337.472458148055,12647.011592386383,12651.973854419617,12627.151037884962
2025-12-11 09:00:00,12943.0,13296.0,12999.753091623526,13375.441406197879,13327.659885103716,13315.686805999225
2025-12-11 10:00:00,13023.0,13413.0,13205.9415205328,13471.008298563302,13418.655927043148,13450.178805162686
2025-12-11 11:00:00,13095.0,13443.0,13272.684474188227,13516.88088299485,13448.647657703445,13495.15577775351
2025-12-11 12:00:00,13089.0,13361.0,13239.809038752577,13496.29258492557,13430.653402741546,13456.520976049806
2025-12-11 13:00:00,13188.0,13488.0,13327.0782894648,13528.816968120698,13509.347437653772,13519.555782950034
2025-12-11 14:00:00,13097.0,13473.0,13320.636829196508,13527.8178868042,13497.266320111932,13490.01843827828
2025-12-11 15:00:00,13111.0,13526.0,13319.69636776293,13505.081177097833,13459.860362605627,13507.690924465722
2025-12-11 16:00:00,13210.0,13625.0,13383.015938088452,13595.173460139233,13543.394537333874,13583.855338872258
2025-12-11 17:00:00,13317.0,13728.0,13445.447063078864,13762.122223714096,13664.767715918379,13674.701453644479
2025-12-11 18:00:00,13373.0,13712.0,13452.052581243806,13809.17690940619,13677.080662306871,13686.497352868648
2025-12-11 19:00:00,13349.0,13576.0,13364.232894183053,13679.183052569511,13541.998854455798,13553.760195589442
2025-12-11 20:00:00,13054.0,13279.0,13102.00019186919,13385.112402826162,13284.37341507711,13318.846081595655
2025-12-11 21:00:00,12917.0,13204.0,13006.167679349523,13204.091527896808,13135.039612341703,13176.637580769491
2025-12-11 22:00:00,12710.0,12961.0,12764.959446851386,12892.213541071005,12835.390097108146,12851.689108760082
2025-12-11 23:00:00,12228.0,12451.0,12283.190198857705,12426.1011848514,12276.464016798462,12320.293687488962
2025-12-12 00:00:00,11856.0,11980.0,11727.246782915412,12069.63650574209,12088.796329732806,12106.276850697282
2025-12-12 01:00:00,11420.0,11578.0,11298.22200804897,11638.888061073247,11675.062563185797,11753.319364418505
2025-12-12 02:00:00,11141.0,11311.0,11050.894016703429,11342.947233839861,11371.197440833177,11496.740471649897
2025-12-12 03:00:00,11041.0,11119.0,10885.17360383831,11181.902247305685,11195.119421028858,11312.060622965748
2025-12-12 04:00:00,10946.0,11108.0,10839.297741314369,11146.126111230966,11161.023771715278,11261.017536892301
2025-12-12 05:00:00,11070.0,11140.0,10886.609968747183,11204.195537273352,11256.40773318043,11384.09274401645
2025-12-12 06:00:00,11446.0,11535.0,11233.136578035863,11598.404402488892,11645.333448959766,11755.915421206872
2025-12-12 07:00:00,11976.0,12045.0,11701.888226611694,12086.154031859318,12206.956166160726,12264.704332624096
2025-12-12 08:00:00,12553.0,12642.0,12275.704633872825,12678.309504129493,12807.935343101073,12837.022968915806
2025-12-12 09:00:00,13209.0,13278.0,12908.539832794495,13327.072359560409,13383.474334122975,13525.998497062388
2025-12-12 10:00:00,13429.0,13458.0,13164.078334930533,13467.234504615992,13497.585572024329,13617.025449561157
2025-12-12 11:00:00,13500.0,13478.0,13230.6429858406,13514.955096192396,13508.920790265185,13621.338548728576
2025-12-12 12:00:00,13443.0,13447.0,13220.04606793459,13464.619392307386,13474.763027686802,13609.474969236962
2025-12-12 13:00:00,13451.0,13510.0,13268.467666542496,13504.08022577161,13507.97240786588,13598.220452734151
2025-12-12 14:00:00,13458.0,13499.0,13276.045293701982,13468.867103188686,13499.53751142982,13593.07466713518
2025-12-12 15:00:00,13477.0,13446.0,13231.139815182585,13502.95050513615,13499.258144962248,13631.041482757317
2025-12-12 16:00:00,13562.0,13476.0,13290.232349997372,13663.025304973635,13598.213702266543,13733.30418714845
2025-12-12 17:00:00,13741.0,13608.0,13381.766866176758,13761.77561070749,13734.727302476163,13840.410294996469
2025-12-12 18:00:00,13806.0,13595.0,13393.233451919692,13774.85572224791,13737.238055157213,13830.345870837235
2025-12-12 19:00:00,13703.0,13459.0,13310.8021859543,13638.47303707433,13669.668345838832,13759.409413948417
2025-12-12 20:00:00,13423.0,13189.0,13084.103364656186,13388.81252882775,13494.250595131181,13598.199643071448
2025-12-12 21:00:00,13285.0,12996.0,12937.837653175153,13288.169312814025,13392.263628949893,13492.470156460873
2025-12-12 22:00:00,13017.0,12779.0,12716.252609969419,12987.390352306622,13102.96640106117,13148.03429059196
2025-12-12 23:00:00,12583.0,12446.0,12343.648666019746,12558.790861608919,12795.665689692049,12827.847310308323
2025-12-13 00:00:00,12303.0,12073.0,12001.84857905978,12128.949025521391,12493.883049372374,12475.601724210152
2025-12-13 01:00:00,11852.0,11671.0,11587.22761029093,11641.015892453954,12042.493366808058,12023.58682227054
2025-12-13 02:00:00,11595.0,11370.0,11309.836203238978,11347.990682086207,11704.190922986929,11647.291920944126
2025-12-13 03:00:00,11350.0,11166.0,11137.547140326049,11145.623252100615,11490.599783545056,11431.04359635126
2025-12-13 04:00:00,11358.0,11131.0,11077.008645810585,11021.842756317037,11384.15853262605,11333.490612671829
2025-12-13 05:00:00,11390.0,11106.0,11087.251560917846,10981.259049726543,11351.252143749382,11303.764224542216
2025-12-13 06:00:00,11476.0,11260.0,11299.63092766607,11250.082487053955,11642.635767331463,11608.244058829174
2025-12-13 07:00:00,11743.0,11527.0,11653.509742533262,11411.511887915078,11903.275789530944,11927.442515472185
2025-12-13 08:00:00,12121.0,11869.0,12097.75575428293,11799.075265036387,12235.256130190479,12349.296902647126
2025-12-13 09:00:00,12748.0,12408.0,12686.856129289703,12306.450198671428,12644.506687554642,12736.343045522042
2025-12-13 10:00:00,13081.0,12749.0,13027.459382397996,12568.984381513992,12896.928274381304,13014.97349582479
2025-12-13 11:00:00,13291.0,12987.0,13219.358315021018,12833.926614193559,13248.234670489936,13344.905797426723
2025-12-13 12:00:00,13414.0,13099.0,13273.483444932059,12944.728023157362,13314.242952535193,13417.855623576821
2025-12-13 13:00:00,13433.0,13097.0,13271.928387993776,12970.965827724782,13333.928229985511,13435.538178872697
2025-12-13 14:00:00,13420.0,13272.0,13362.362131424434,12976.253519298556,13333.071243870943,13437.88897521502
2025-12-13 15:00:00,13441.0,13292.0,13369.225793259351,12988.256653530409,13341.631169517743,13434.448095565778
2025-12-13 16:00:00,13570.0,13398.0,13463.241650104175,13079.996913886747,13427.907823402753,13537.844451662051
2025-12-13 17:00:00,13912.0,13590.0,13587.566332374698,13263.022890993067,13628.037770438745,13761.641296922886
2025-12-13 18:00:00,13922.0,13590.0,13620.333842827597,13391.210174106653,13691.709546528848,13881.757927640992
2025-12-13 19:00:00,13825.0,13477.0,13552.467346715384,13327.150083114051,13638.59322354353,13817.078931332995
2025-12-13 20:00:00,13585.0,13210.0,13328.39093651293,13098.524888256487,13434.590049370636,13507.322443733667
2025-12-13 21:00:00,13477.0,13021.0,13195.731800947431,12982.109143364118,13374.235424123324,13422.772354382836
2025-12-13 22:00:00,13221.0,12830.0,12994.932905271366,12646.153993516258,13078.743802180941,13129.500080218482
2025-12-13 23:00:00,12895.0,12402.0,12573.269577732432,12247.09400885762,12647.449684728077,12685.03614650345
2025-12-14 00:00:00,12505.0,12102.0,12254.97836133819,12209.537950558148,12370.393512269633,12365.5130014012
2025-12-14 01:00:00,12126.0,11750.0,11852.819909591633,11783.116942811199,11993.921070041808,11979.65934514793
2025-12-14 02:00:00,11801.0,11423.0,11551.167550452466,11490.757623329007,11627.647390258226,11629.8297649303
2025-12-14 03:00:00,11639.0,11313.0,11426.058973549776,11318.278545228413,11485.21363860894,11480.870282572336
2025-12-14 04:00:00,11554.0,11162.0,11288.242460368678,11214.282934610561,11380.933709320847,11362.659775858601
2025-12-14 05:00:00,11532.0,11115.0,11269.994218321792,11228.451141224125,11403.897308309028,11415.395673707195
2025-12-14 06:00:00,11650.0,11230.0,11466.952379151879,11463.07768133994,11650.355770807695,11657.415591797379
2025-12-14 07:00:00,11860.0,11461.0,11785.891777145807,11559.571146860408,11885.06343589691,11880.12830382862
2025-12-14 08:00:00,12156.0,11733.0,12173.593951357758,11823.468698828301,12145.807081686818,12186.549954457314
2025-12-14 09:00:00,12744.0,12326.0,12773.65191607962,12229.207803011115,12582.216469895155,12559.866655176915
2025-12-14 10:00:00,13108.0,12707.0,13125.052678173113,12736.010916165997,12983.824584664302,13013.043645118103
2025-12-14 11:00:00,13429.0,12951.0,13313.724717493824,13024.684498536042,13394.963754882217,13426.778111299194
2025-12-14 12:00:00,13575.0,13107.0,13405.171089060786,13121.599080718397,13479.066720183611,13457.39857691656
2025-12-14 13:00:00,13548.0,13146.0,13423.863993078794,13154.27276263698,13479.13322245053,13483.801013532126
2025-12-14 14:00:00,13613.0,13210.0,13458.556784040678,13170.867332026297,13496.089822919314,13502.60219260528
2025-12-14 15:00:00,13646.0,13250.0,13489.194855818725,13224.584197477916,13544.429315213481,13557.699325832073
2025-12-14 16:00:00,13728.0,13427.0,13610.345590292707,13336.376371252363,13637.597548831693,13687.288977841543
2025-12-14 17:00:00,14010.0,13638.0,13752.405329361303,13618.812381059424,14179.820953717583,14237.454672497906
2025-12-14 18:00:00,14045.0,13637.0,13770.71414698717,13736.457982928108,14233.674357656473,14285.286123343863
2025-12-14 19:00:00,13975.0,13657.0,13768.361047456707,13683.105335395878,14123.770503921336,14170.998993009998
2025-12-14 20:00:00,13750.0,13367.0,13531.346583098428,13419.038245072881,13653.513332666902,13701.154644405915
2025-12-14 21:00:00,13612.0,13253.0,13445.374923451049,13279.724728142544,13553.13184203723,13578.14750149473
2025-12-14 22:00:00,13278.0,12929.0,13163.949112819735,13104.179540900108,13272.47876264933,13310.989548829863
2025-12-14 23:00:00,12922.0,12460.0,12715.374367609702,12624.588139861538,12793.747024038708,12847.393004347774
2025-12-15 00:00:00,12540.0,12117.0,12568.384458456752,12238.060461886036,12195.54257613978,12288.081185180701
2025-12-15 01:00:00,12157.0,11671.0,12112.366232723385,11818.51342770784,11810.703110418508,11902.194040838915
2025-12-15 02:00:00,11854.0,11415.0,11848.997923616455,11565.711910401576,11574.615584233792,11675.486604794065
2025-12-15 03:00:00,11678.0,11221.0,11675.919872749027,11423.845896401108,11463.513273728882,11514.764616870045
2025-12-15 04:00:00,11650.0,11130.0,11578.776330016717,11428.1633096335,11429.997166798472,11453.994413743034
2025-12-15 05:00:00,11668.0,11292.0,11674.420534244848,11478.72346920572,11494.684605567269,11515.224434621123
2025-12-15 06:00:00,12091.0,11632.0,11967.90936684066,11885.43163808052,11927.46766645619,11926.206359856877
2025-12-15 07:00:00,12609.0,12211.0,12466.2444183635,12540.369035322343,12601.426501931961,12586.502400402822
2025-12-15 08:00:00,13160.0,12814.0,13007.747872357852,13106.343939905722,13006.133893714958,13041.4940465369
2025-12-15 09:00:00,13797.0,13505.0,13668.156556318381,13730.37593223785,13558.522596579167,13591.108436450699
2025-12-15 10:00:00,13996.0,13709.0,13925.767908862417,14014.789053224255,13874.714865930393,13864.805331111378
2025-12-15 11:00:00,14066.0,13837.0,14049.342080223007,14155.771766857557,13946.219039970547,13932.476655957136
2025-12-15 12:00:00,14054.0,13803.0,14018.946676459273,14023.42478696643,13896.720667215808,13899.800677438598
2025-12-15 13:00:00,14137.0,13887.0,14065.013101491115,14078.851988059025,13900.814735554402,13895.852596116098
2025-12-15 14:00:00,14093.0,13856.0,14046.240127216903,14083.106282909896,13911.392793797426,13898.993827651953
2025-12-15 15:00:00,14088.0,13866.0,14034.899056755981,14083.719627908482,13934.253099502199,13906.73681349445
2025-12-15 16:00:00,14139.0,13980.0,14106.95827826982,14141.382887835824,14028.64974516335,14016.70830751492
2025-12-15 17:00:00,14355.0,13971.0,14121.03958814975,14288.294551527637,14089.834583292533,14074.991588626212
2025-12-15 18:00:00,14195.0,13957.0,14126.916420509015,14298.247244218634,14071.81083772044,14068.23486146927
2025-12-15 19:00:00,14170.0,13910.0,14073.83025190819,14254.40646216877,13997.8801864824,14008.501102324282
2025-12-15 20:00:00,13858.0,13581.0,13810.251937718462,13889.228765845515,13746.727297441606,13808.135651719773
2025-12-15 21:00:00,13623.0,13426.0,13689.126514133335,13743.544621358702,13604.072051753245,13688.956014555724
2025-12-15 22:00:00,13395.0,13134.0,13422.680915631245,13398.834709859413,13245.906748407051,13307.610902710752
2025-12-15 23:00:00,12944.0,12598.0,12949.548409092855,12923.986414461639,12885.077783641433,12903.27323662759
2025-12-16 00:00:00,12504.0,12200.0,12687.243060483019,12637.314363483747,12298.30616314659,12307.99941269786
2025-12-16 01:00:00,11965.0,11657.0,12155.379087200889,12224.443148943205,11937.61224291224,11950.409264510672
2025-12-16 02:00:00,11732.0,11474.0,11905.36426108525,11896.821514944957,11651.426001141768,11703.826378590262
2025-12-16 03:00:00,11615.0,11315.0,11735.748473852798,11788.612537673038,11525.204853598672,11549.142175382625
2025-12-16 04:00:00,11496.0,11249.0,11650.013841458307,11749.83496303788,11456.484400633657,11472.737727253922
2025-12-16 05:00:00,11509.0,11292.0,11665.798316915187,11793.407566233484,11483.834836647302,11487.071954012128
2025-12-16 06:00:00,11886.0,11723.0,11971.003640230658,12294.530086474948,11876.34065109144,11925.692927992426
2025-12-16 07:00:00,12414.0,12195.0,12394.198394661953,12801.88976656829,12346.648484325766,12405.539490362105
2025-12-16 08:00:00,12988.0,12826.0,12941.016790541493,13432.978024103038,12773.670316381507,12813.036076861421
2025-12-16 09:00:00,13649.0,13489.0,13584.236638323942,14198.82707725707,13413.23847794048,13410.115557911133
2025-12-16 10:00:00,13761.0,13637.0,13821.866454422172,14376.709613097271,13640.74584559341,13633.755332030703
2025-12-16 11:00:00,13758.0,13671.0,13926.271815302847,14430.840845060075,13712.463872924427,13655.104893916401
2025-12-16 12:00:00,13708.0,13649.0,13932.608662311686,14330.001596158443,13691.175095974939,13634.64564818548
2025-12-16 13:00:00,13799.0,13710.0,13968.413864193066,14357.315867263846,13718.324456588574,13665.5993715682
2025-12-16 14:00:00,13712.0,13684.0,13947.081817597244,14343.539895749947,13706.269835990402,13670.243861814795
2025-12-16 15:00:00,13666.0,13612.0,13877.144724311254,14321.711817069738,13666.041539353355,13670.750061519395
2025-12-16 16:00:00,13850.0,13726.0,13954.69675463434,14398.109027550776,13860.571759784962,13852.1927668357
2025-12-16 17:00:00,13901.0,13791.0,14021.658135568268,14521.480356334168,13923.086508932978,13928.870518136584
2025-12-16 18:00:00,13884.0,13788.0,14043.127868002817,14532.263811729143,13921.090612665032,13909.738246122823
2025-12-16 19:00:00,13760.0,13685.0,13948.74657211778,14452.589726682892,13831.017871102065,13828.256006122674
2025-12-16 20:00:00,13503.0,13390.0,13692.349320371455,14163.024927068478,13580.340140449392,13585.386021104816
2025-12-16 21:00:00,13355.0,13207.0,13544.426114393002,13964.3401013862,13325.34543896651,13305.860224106678
2025-12-16 22:00:00,13073.0,12886.0,13257.150232080368,13625.184134693587,12978.624678022428,12953.692046083459
2025-12-16 23:00:00,12621.0,12363.0,12788.131742609785,13197.34598756279,12514.164856390833,12490.891481526729
2025-12-17 00:00:00,12154.0,11983.0,12297.187097893282,12560.668965780278,12179.331834078032,12184.336611391034
2025-12-17 01:00:00,11669.0,11482.0,11840.919391432257,12001.334599350665,11860.530758205252,11872.525402263736
2025-12-17 02:00:00,11421.0,11217.0,11563.2429112852,11659.241763369388,11495.39872159373,11532.696273812182
2025-12-17 03:00:00,11276.0,11099.0,11417.888081355793,11537.84178882947,11380.875014674988,11416.176277795346
2025-12-17 04:00:00,11253.0,11002.0,11322.877149210392,11532.224659389676,11358.07509231406,11389.442821682986
2025-12-17 05:00:00,11300.0,11111.0,11383.740004611536,11533.791229527327,11361.89872644403,11430.770537749517
2025-12-17 06:00:00,11730.0,11451.0,11667.70759217586,11914.572523978457,11819.459354624683,11850.810562138864
2025-12-17 07:00:00,12223.0,11967.0,12127.128686682969,12571.686759438688,12238.377511480838,12279.232780151635
2025-12-17 08:00:00,12828.0,12600.0,12678.276179902046,13018.959464678124,12800.24458349166,12861.891364607192
2025-12-17 09:00:00,13467.0,13211.0,13303.841724816182,13729.244024563617,13399.020179165358,13433.265803482333
2025-12-17 10:00:00,13586.0,13344.0,13534.309207282367,13844.900873941706,13535.364642401639,13590.95018880266
2025-12-17 11:00:00,13694.0,13369.0,13612.098636602932,13900.402185739431,13570.374782899868,13615.24054970343
2025-12-17 12:00:00,13593.0,13348.0,13609.786847879113,13912.10748671247,13583.361298284792,13604.567896300397
2025-12-17 13:00:00,13657.0,13376.0,13636.376335645267,13921.466591392911,13661.28777449482,13671.975522754592
2025-12-17 14:00:00,13671.0,13359.0,13631.400058778141,13926.81076489747,13666.175822658595,13685.975543734261
2025-12-17 15:00:00,13683.0,13409.0,13627.455607758113,13930.087804764175,13668.415533069754,13700.165188725536
2025-12-17 16:00:00,13872.0,13569.0,13724.487673479765,13998.012796605948,13716.392838465801,13758.695185727414
2025-12-17 17:00:00,13882.0,13632.0,13791.288131046553,14164.593996394342,13845.553865105921,13878.399449039609
2025-12-17 18:00:00,13877.0,13556.0,13761.863592052956,14177.129928596456,13834.416592423931,13883.211960253126
2025-12-17 19:00:00,13771.0,13449.0,13691.600364825597,14159.155339022296,13786.204778052646,13826.40470269688
2025-12-17 20:00:00,13514.0,13178.0,13447.960722644664,13872.085292883477,13484.957115867322,13522.087144764777
2025-12-17 21:00:00,13316.0,13115.0,13357.018617894368,13657.275993665386,13288.328050762173,13320.941634524535
2025-12-17 22:00:00,13081.0,12832.0,13095.422319957088,13388.916929184725,12991.719025970428,13052.89577613054
2025-12-17 23:00:00,12690.0,12383.0,12671.504425642888,12946.130306362853,12621.341316837641,12666.50350949943
2025-12-18 00:00:00,12257.0,11940.0,12160.972141135173,12498.158762343064,12308.661653405867,12377.31504611551
2025-12-18 01:00:00,11780.0,11473.0,11706.520679458274,11965.202086483247,11821.979191422299,11848.512993283151
2025-12-18 02:00:00,11579.0,11205.0,11421.535615775078,11660.864734087887,11485.830112392829,11526.960479866075
2025-12-18 03:00:00,11391.0,11033.0,11249.076855359614,11595.325214113449,11403.749074820264,11453.020674507643
2025-12-18 04:00:00,11305.0,10827.0,11095.193201285098,11506.128063847362,11336.918362811026,11361.52286112491
2025-12-18 05:00:00,11402.0,10843.0,11107.66145652887,11552.735734071586,11358.993266765126,11405.030934184257
2025-12-18 06:00:00,11721.0,11229.0,11446.76136129544,11832.069811843417,11696.094358557777,11706.275614551312
2025-12-18 07:00:00,12267.0,11716.0,11913.804001136832,12474.189787003143,12318.35509429397,12310.659108473012
2025-12-18 08:00:00,12857.0,12314.0,12462.619161175407,12912.787073908738,12743.15624029117,12760.414069207096
2025-12-18 09:00:00,13435.0,12943.0,13099.538344526984,13661.314242532255,13409.164212837768,13388.96802403408
2025-12-18 10:00:00,13575.0,13023.0,13284.18441128773,13802.939592650631,13612.66609523412,13593.229923515093
2025-12-18 11:00:00,13619.0,13095.0,13363.781788535971,13815.97485949274,13613.535989013339,13604.5149235281
2025-12-18 12:00:00,13532.0,13089.0,13345.761331087222,13797.459956698884,13542.263168783962,13529.162749653098
2025-12-18 13:00:00,13633.0,13188.0,13417.059184626363,13890.02290618871,13647.695486212171,13635.7704109577
2025-12-18 14:00:00,13616.0,13097.0,13362.000304261823,13819.684055861107,13566.363714130624,13570.674634929901
2025-12-18 15:00:00,13647.0,13111.0,13345.570224630881,13843.166815272436,13544.80457630367,13573.099699811775
2025-12-18 16:00:00,13717.0,13210.0,13411.651992141855,13963.69854368631,13706.387868253518,13735.845912693489
2025-12-18 17:00:00,13818.0,13317.0,13485.466943245701,14056.895509937249,13803.782913246341,13810.074920346351
2025-12-18 18:00:00,13857.0,13373.0,13516.98102970817,14070.615387632019,13811.395344983366,13822.75118730477
2025-12-18 19:00:00,13737.0,13349.0,13476.45771768899,14032.970923547262,13780.017173259941,13760.451233409225
2025-12-18 20:00:00,13509.0,13054.0,13212.862867431253,13726.763763843579,13446.09829055855,13450.22375428221
2025-12-18 21:00:00,13282.0,12917.0,13088.136485345083,13549.072817701415,13248.327929733932,13278.901486614697
2025-12-18 22:00:00,13076.0,12710.0,12872.600409990342,13332.786248619737,13008.690430638086,13037.648971838506
2025-12-18 23:00:00,12597.0,12228.0,12420.078154574585,12794.488011425807,12527.210870110079,12577.757208494933
2025-12-19 00:00:00,12215.0,11856.0,12029.042856372496,12335.194435113357,12120.323943157859,12123.768114473767
2025-12-19 01:00:00,11719.0,11420.0,11585.258114689028,11816.253194800516,11681.593734300524,11671.245599360567
2025-12-19 02:00:00,11534.0,11141.0,11325.115496680128,11601.015591792493,11447.741812947908,11439.131547938381
2025-12-19 03:00:00,11379.0,11041.0,11201.197473266104,11509.411236433123,11345.852915460218,11347.87187995621
2025-12-19 04:00:00,11297.0,10946.0,11099.147260683038,11437.605645572266,11295.342941143821,11273.794086141239
2025-12-19 05:00:00,11359.0,11070.0,11164.97792214725,11485.200225079228,11321.436855242458,11317.390042621742
2025-12-19 06:00:00,11750.0,11446.0,11504.284766810502,11800.202367501493,11666.509588294759,11661.726202148833
2025-12-19 07:00:00,12251.0,11976.0,11990.276091257994,12387.584650767905,12177.208021096803,12164.4625388091
2025-12-19 08:00:00,12824.0,12553.0,12547.642756999376,12836.173726381614,12727.380831267435,12685.711530274333
2025-12-19 09:00:00,13572.0,13209.0,13189.796428333484,13564.002323477764,13403.787283853853,13414.607122652867
2025-12-19 10:00:00,13681.0,13429.0,13447.842618705807,13761.98611101709,13536.356473441248,13551.226466897893
2025-12-19 11:00:00,13753.0,13500.0,13527.856570966114,13817.771433611966,13606.539646672445,13606.527771523653
2025-12-19 12:00:00,13658.0,13443.0,13477.514345526699,13757.441692837976,13553.167097083238,13540.165959640864
2025-12-19 13:00:00,13819.0,13451.0,13502.319932477116,13776.500259124638,13559.284565149941,13568.3690532562
2025-12-19 14:00:00,13786.0,13458.0,13503.422883110308,13790.501484093633,13583.18677186381,13581.192614358515
2025-12-19 15:00:00,13693.0,13477.0,13498.201044060861,13780.376935799395,13571.5113719722,13585.498349254332
2025-12-19 16:00:00,13754.0,13562.0,13561.453855618567,13897.110031218077,13703.887971422051,13700.917456605017
2025-12-19 17:00:00,13828.0,13741.0,13653.97827947498,13985.29205416722,13766.995395052332,13798.009671455093
2025-12-19 18:00:00,13816.0,13806.0,13696.149049371703,14036.750619998134,13785.880769464753,13805.040605175383
2025-12-19 19:00:00,13715.0,13703.0,13612.249603660384,13969.13662463642,13700.47357894275,13733.05180358629
2025-12-19 20:00:00,13431.0,13423.0,13366.717743372963,13731.830553423897,13475.587868105797,13485.100949207175
2025-12-19 21:00:00,13215.0,13285.0,13241.78473082493,13526.210182263036,13282.046437870204,13284.677991974206
2025-12-19 22:00:00,13024.0,13017.0,12994.417859825717,13278.496022047273,13079.804974900368,13066.393482167327
2025-12-19 23:00:00,12639.0,12583.0,12572.266853133302,12875.73805045943,12673.422499031189,12654.277117349751
2025-12-20 00:00:00,12249.0,12303.0,12018.351183911003,12411.192630098476,12298.163259960244,12243.104971153572
2025-12-20 01:00:00,11788.0,11852.0,11561.625350676995,11949.352077332407,11848.241902032118,11806.024607160998
2025-12-20 02:00:00,11539.0,11595.0,11296.58438692824,11647.13700288262,11562.11288367682,11527.637760466501
2025-12-20 03:00:00,11335.0,11350.0,11092.634871201257,11532.39788412328,11371.975797659848,11338.233122567222
2025-12-20 04:00:00,11206.0,11358.0,11058.03203026542,11490.463155454285,11294.299680739501,11298.430706695988
2025-12-20 05:00:00,11202.0,11390.0,11069.56685316418,11472.27951586097,11320.922984145749,11325.30348908474
2025-12-20 06:00:00,11340.0,11476.0,11247.163038694183,11538.098163356768,11410.770060850264,11392.504910085972
2025-12-20 07:00:00,11672.0,11743.0,11589.315078489853,11789.235941467152,11679.283853790517,11612.624348409156
2025-12-20 08:00:00,11962.0,12121.0,12028.337041533683,12139.8885072535,11972.536749763873,11967.410779516827
2025-12-20 09:00:00,12602.0,12748.0,12641.13816130724,12650.7375156207,12527.73119598962,12521.847053787975
2025-12-20 10:00:00,12953.0,13081.0,12949.722039534428,12995.812806029495,12859.589227392371,12845.172999323386
2025-12-20 11:00:00,13154.0,13291.0,13120.376555040493,13273.092186687016,13076.652154749874,13066.105538465126
2025-12-20 12:00:00,13276.0,13414.0,13188.180282858177,13322.1315862292,13138.214359838457,13121.431935230825
2025-12-20 13:00:00,13306.0,13433.0,13217.82023390612,13378.153704145336,13195.149461311461,13156.4290335522
2025-12-20 14:00:00,13372.0,13420.0,13259.178995035241,13378.925047910043,13240.14537580775,13177.253123281833
2025-12-20 15:00:00,13362.0,13441.0,13271.690066325995,13408.977198902376,13245.206930348673,13203.612772618697
2025-12-20 16:00:00,13538.0,13570.0,13345.939099213369,13559.006664134009,13363.891452779448,13310.848916451705
2025-12-20 17:00:00,13644.0,13912.0,13487.389298031863,13839.171379936364,13574.930606380474,13527.681287208317
2025-12-20 18:00:00,13623.0,13922.0,13504.889373628004,13894.912722074932,13587.658705198071,13548.155288671283
2025-12-20 19:00:00,13518.0,13825.0,13422.30920644752,13830.023534264345,13521.449463267074,13458.512530591104
2025-12-20 20:00:00,13153.0,13585.0,13196.011998304095,13539.53786301905,13225.96289813684,13195.78497265454
2025-12-20 21:00:00,13040.0,13477.0,13074.694177727448,13333.818593958837,12983.431737832712,12936.864295197052
2025-12-20 22:00:00,12730.0,13221.0,12837.433002679341,13203.43877622507,12772.876614051322,12741.248007299397
2025-12-20 23:00:00,12364.0,12895.0,12456.406652717582,12758.858829533068,12490.593952003175,12442.702586376272
2025-12-21 00:00:00,11995.0,12505.0,11846.134893577884,12306.424628393526,12175.778969164588,12140.498059673413
2025-12-21 01:00:00,11627.0,12126.0,11429.172462319555,11852.704869251234,11738.403815790623,11736.523349902951
2025-12-21 02:00:00,11322.0,11801.0,11130.71902765494,11580.035084291527,11503.281106849874,11546.309673645801
2025-12-21 03:00:00,11120.0,11639.0,10957.979988010724,11420.84357552672,11290.38768772115,11358.02635129375
2025-12-21 04:00:00,11034.0,11554.0,10857.036704692608,11353.953188092479,11228.6280917132,11260.38985982605
2025-12-21 05:00:00,10976.0,11532.0,10846.713018788554,11340.091117698717,11230.822495824032,11242.381600570541
2025-12-21 06:00:00,11156.0,11650.0,11024.847018669041,11419.755181666118,11289.062762327609,11336.653055779461
2025-12-21 07:00:00,11231.0,11860.0,11329.813049785422,11621.607725953001,11427.097192730116,11491.311039480335
2025-12-21 08:00:00,11560.0,12156.0,11721.474036649655,11818.356299774649,11690.270432598734,11707.451228736749
2025-12-21 09:00:00,12074.0,12744.0,12322.02393436189,12452.031375461045,12283.536055647442,12286.563266648216
2025-12-21 10:00:00,12407.0,13108.0,12663.396260966583,12760.047540440712,12623.286430598746,12626.027677453862
2025-12-21 11:00:00,12691.0,13429.0,12887.823111308628,13011.239582909313,12934.710747304578,12964.240031259333
2025-12-21 12:00:00,12885.0,13575.0,12964.683861322308,13105.259095407313,12959.44173943073,12981.979226832145
2025-12-21 13:00:00,12897.0,13548.0,12974.059339843105,13136.729443573375,13090.52673396788,13137.715867275056
2025-12-21 14:00:00,12948.0,13613.0,13011.841293675638,13157.838947892093,13110.183510743655,13134.118436700393
2025-12-21 15:00:00,13024.0,13646.0,13017.183817131741,13198.930782418971,13106.039958899495,13136.772768297757
2025-12-21 16:00:00,13128.0,13728.0,13079.210719712955,13367.30652454623,13258.953581162139,13300.88735642342
2025-12-21 17:00:00,13435.0,14010.0,13247.012551871736,13638.882904180411,13442.420113901435,13539.33608479966
2025-12-21 18:00:00,13477.0,14045.0,13284.147756117452,13745.094310396209,13487.198426374134,13580.228362908874
2025-12-21 19:00:00,13436.0,13975.0,13234.588987181716,13711.08530042598,13409.767755629839,13499.025608986074
2025-12-21 20:00:00,13151.0,13750.0,13029.151701485931,13397.166658421269,13145.295639596749,13280.586181056213
2025-12-21 21:00:00,13045.0,13612.0,12918.466439126087,13180.506650045618,12983.52161910315,13153.066469437968
2025-12-21 22:00:00,12801.0,13278.0,12647.286572068428,13052.700917150532,12806.10463985409,13044.349461293907
2025-12-21 23:00:00,12319.0,12922.0,12255.688252843847,12561.752231367516,12364.933350321888,12476.078140549003
2025-12-22 00:00:00,11982.0,12540.0,11932.174226063587,12058.986837597238,12144.995859531722,12201.132051819655
2025-12-22 01:00:00,11607.0,12157.0,11514.618255891313,11514.289604995347,11656.310180269636,11695.9078454208
2025-12-22 02:00:00,11281.0,11854.0,11245.378511620662,11367.456952958386,11579.138179341311,11626.603266941453
2025-12-22 03:00:00,11189.0,11678.0,11079.195040763503,11216.386360929357,11516.95068584868,11546.991530873134
2025-12-22 04:00:00,11172.0,11650.0,11012.679211126007,11126.180990267083,11417.9895563981,11435.46288138493
2025-12-22 05:00:00,11265.0,11668.0,11040.144095191095,11162.518412705413,11466.289125892497,11480.884056564613
2025-12-22 06:00:00,11615.0,12091.0,11395.839733862314,11593.32853211308,11852.107118850727,11871.740898076005
2025-12-22 07:00:00,12166.0,12609.0,11883.357836181043,12324.461670396917,12502.551743163885,12551.049009848442
2025-12-22 08:00:00,12846.0,13160.0,12434.879154537322,12784.364097435315,12903.958289873259,13003.137769722316
2025-12-22 09:00:00,13508.0,13797.0,13093.115562890956,13440.336545230917,13508.919215611302,13551.830441711725
2025-12-22 10:00:00,13759.0,13996.0,13369.267059127009,13605.58974030885,13773.979904194775,13921.766244116145
2025-12-22 11:00:00,13797.0,14066.0,13489.350717547273,13669.425728918164,13798.367015704634,13942.62226498057
2025-12-22 12:00:00,13869.0,14054.0,13496.296626203135,13710.588268871988,13755.289463848667,13928.91221997251
2025-12-22 13:00:00,13970.0,14137.0,13568.945653288503,13743.879158206646,13761.295358824318,13923.866928661942
2025-12-22 14:00:00,13964.0,14093.0,13561.377631403575,13779.217043834731,13786.623311211524,13980.460325034466
2025-12-22 15:00:00,13910.0,14088.0,13557.272593113776,13770.750646286027,13777.596567931876,14018.260444006728
2025-12-22 16:00:00,14055.0,14139.0,13628.512169918755,13951.31042001722,13860.713238712971,14076.106600391216
2025-12-22 17:00:00,14113.0,14355.0,13761.310926751994,14091.521846088188,13989.295666176617,14187.639418253088
2025-12-22 18:00:00,14176.0,14195.0,13716.130690712629,14019.433182577066,13982.952945098154,14175.585889739134
2025-12-22 19:00:00,14100.0,14170.0,13695.301899654458,13965.278552638385,13936.569237907002,14129.626934406915
2025-12-22 20:00:00,13875.0,13858.0,13439.019375919886,13536.869996228654,13744.221247112791,13868.931423876951
2025-12-22 21:00:00,13722.0,13623.0,13277.433864950573,13306.68424414415,13584.02678152161,13666.445907791764
2025-12-22 22:00:00,13500.0,13395.0,13061.586410215998,12998.462943052382,13283.432303333175,13374.497683432817
2025-12-22 23:00:00,13034.0,12944.0,12641.728463175019,12686.813301907252,12924.297230832271,12979.598863824944
2025-12-23 00:00:00,12553.0,12504.0,12587.250448039009,12133.335745081138,12419.493487536785,12413.19061606652
2025-12-23 01:00:00,12125.0,11965.0,12115.001714027874,11650.828109896735,11984.70915554929,11985.187989960486
2025-12-23 02:00:00,11886.0,11732.0,11891.53596633932,11509.088122222778,11875.576685374148,11856.397015653883
2025-12-23 03:00:00,11712.0,11615.0,11756.206397182712,11291.294542571211,11611.374676340422,11590.875038916838
2025-12-23 04:00:00,11663.0,11496.0,11656.369076884512,11191.194320499008,11530.991281659435,11504.494931357836
2025-12-23 05:00:00,11801.0,11509.0,11670.825652263185,11220.85953429727,11556.981295749427,11550.449376007437
2025-12-23 06:00:00,12167.0,11886.0,11997.416456735813,11654.550800943573,12024.823339814386,12018.024489155094
2025-12-23 07:00:00,12712.0,12414.0,12460.341688996556,12156.038757190838,12510.819654798916,12496.571947760538
2025-12-23 08:00:00,13309.0,12988.0,12986.689184193627,12700.773494512598,13148.243751604115,13109.96548874492
2025-12-23 09:00:00,13962.0,13649.0,13639.211039535568,13399.745673984587,13791.205311540545,13736.281466939467
2025-12-23 10:00:00,14109.0,13761.0,13873.994453601677,13558.516104993902,13955.071681125706,13936.16251364931
2025-12-23 11:00:00,14174.0,13758.0,13951.397970011096,13647.047565396855,14008.236802372872,13996.804153539506
2025-12-23 12:00:00,14093.0,13708.0,13933.665034417443,13698.998103959912,14082.72515318387,14089.246270592872
2025-12-23 13:00:00,14131.0,13799.0,13983.021745299247,13720.46913969589,14094.928555586024,14116.651091751428
2025-12-23 14:00:00,14080.0,13712.0,13950.004152023186,13697.691305064094,14064.104572198366,14079.109707165198
2025-12-23 15:00:00,14122.0,13666.0,13918.147341604223,13722.60835766149,14109.796539720872,14127.03452636684
2025-12-23 16:00:00,14182.0,13850.0,14056.304965344267,13874.20085205697,14215.261486669322,14252.097542152298
2025-12-23 17:00:00,14339.0,13901.0,14106.004933696762,13997.456198390455,14382.806316434553,14376.880761070895
2025-12-23 18:00:00,14392.0,13884.0,14110.708313211804,14056.228353488286,14431.31499358377,14414.28366666916
2025-12-23 19:00:00,14324.0,13760.0,14030.419211513978,13918.117499312883,14285.366703764532,14286.364715289981
2025-12-23 20:00:00,14047.0,13503.0,13785.001762948343,13604.514336504999,13972.837773699317,13991.696788701007
2025-12-23 21:00:00,13856.0,13355.0,13668.050455206681,13461.918123819112,13800.289731273304,13805.595011145933
2025-12-23 22:00:00,13589.0,13073.0,13403.639524860253,13130.013408640389,13590.25221964246,13589.884340557417
2025-12-23 23:00:00,13138.0,12621.0,12960.347913312833,12825.097913534975,13122.340250188648,13117.049081513562
2025-12-24 00:00:00,12711.0,12154.0,12705.13459678106,12486.72069013061,12372.71304351101,12453.2237607136
2025-12-24 01:00:00,12255.0,11669.0,12237.891047546078,12091.307052113556,11977.07504094975,12050.150764472597
2025-12-24 02:00:00,12019.0,11421.0,11987.659577719449,11769.914234404096,11725.581131108134,11754.655852691372
2025-12-24 03:00:00,11850.0,11276.0,11844.310614637772,11629.850040617634,11583.399103352309,11597.628850244402
2025-12-24 04:00:00,11832.0,11253.0,11777.870967552179,11617.829354590873,11576.8461718241,11566.820841432316
2025-12-24 05:00:00,11872.0,11300.0,11804.19697555386,11727.298022876234,11683.878671879515,11687.10483598256
2025-12-24 06:00:00,12197.0,11730.0,12139.961504547915,12101.212099228705,12003.181514476637,12043.473549645263
2025-12-24 07:00:00,12786.0,12223.0,12572.565120170535,12659.277419509584,12505.713583776163,12538.498211918519
2025-12-24 08:00:00,13373.0,12828.0,13122.052161835034,13240.879992800654,13187.585451378742,13215.069729672612
2025-12-24 09:00:00,13988.0,13467.0,13744.09314778835,13881.127909972465,13849.487096922137,13879.487203353176
2025-12-24 10:00:00,14117.0,13586.0,13964.146254564941,14041.62454175736,13988.060184968754,14027.499042056083
2025-12-24 11:00:00,14146.0,13694.0,14085.481271317982,14116.095940626927,14014.20460544619,14029.534973647802
2025-12-24 12:00:00,14095.0,13593.0,14051.262666082008,14074.523587220378,14014.64233779185,14021.719921161664
2025-12-24 13:00:00,14140.0,13657.0,14086.554344928452,14104.218212579979,14020.918011176884,14031.753015615894
2025-12-24 14:00:00,14113.0,13671.0,14091.040555146872,14103.00084967377,14017.969149631635,14026.535036929436
2025-12-24 15:00:00,14131.0,13683.0,14086.740580006215,14118.839374947305,14014.55960573999,14021.564132436897
2025-12-24 16:00:00,14185.0,13872.0,14205.73297220927,14242.709446162415,14087.864717892493,14100.23879348504
2025-12-24 17:00:00,14306.0,13882.0,14228.435303508122,14291.88531331744,14184.505497754519,14195.60600661132
2025-12-24 18:00:00,14245.0,13877.0,14237.358504331103,14362.89266692672,14228.207138277976,14228.142517878061
2025-12-24 19:00:00,14140.0,13771.0,14156.19418755786,14247.516107035102,14111.168500325983,14098.323050267883
2025-12-24 20:00:00,13893.0,13514.0,13925.445035865341,14021.463756434496,13865.758623083157,13853.993101883672
2025-12-24 21:00:00,13728.0,13316.0,13776.814618024267,13880.406009666962,13690.178292372151,13702.914641603185
2025-12-24 22:00:00,13429.0,13081.0,13541.41188569898,13583.080127420817,13509.098996733586,13485.0580261158
2025-12-24 23:00:00,13003.0,12690.0,13124.570216022623,13236.62484933228,13123.015063304509,13107.435160652827
2025-12-25 00:00:00,12496.0,12257.0,12618.037909578821,12800.94913200276,12415.85318802972,12483.654731896959
2025-12-25 01:00:00,12076.0,11780.0,12155.390544256625,12371.451143549903,12033.574206973422,12108.89574717002
2025-12-25 02:00:00,11796.0,11579.0,11921.546358246265,12130.635240803078,11883.036692654618,11946.708384386642
2025-12-25 03:00:00,11763.0,11391.0,11738.12206020164,11967.391697706038,11689.427444507612,11763.69304133944
2025-12-25 04:00:00,11633.0,11305.0,11634.712798084962,11931.867261777566,11632.620806357843,11721.34341760251
2025-12-25 05:00:00,11698.0,11402.0,11709.302105188886,11984.715520197353,11732.884644313699,11793.82462871018
2025-12-25 06:00:00,12025.0,11721.0,12015.632342101997,12303.725435869292,12086.192825756969,12116.744432406742
2025-12-25 07:00:00,12539.0,12267.0,12521.957769450637,12839.715972235397,12468.815699585066,12512.447275841225
2025-12-25 08:00:00,13091.0,12857.0,13090.79773335574,13493.769928827513,13044.545938128596,13066.5248570412
2025-12-25 09:00:00,13816.0,13435.0,13687.82040558257,14039.67469331012,13734.419787114606,13739.115028983075
2025-12-25 10:00:00,13972.0,13575.0,13893.298371769788,14134.131206600792,13844.444371088632,13829.448933017598
2025-12-25 11:00:00,13948.0,13619.0,13959.024471557474,14232.323528732122,13860.411597841978,13846.605044814474
2025-12-25 12:00:00,13897.0,13532.0,13910.81922516881,14133.082380220163,13816.572774823266,13854.408607643807
2025-12-25 13:00:00,13966.0,13633.0,13999.855092357991,14184.28874371735,13899.587715046217,13898.896500056071
2025-12-25 14:00:00,13924.0,13616.0,13962.798736275843,14161.96741201507,13850.85795972635,13868.359788374877
2025-12-25 15:00:00,13981.0,13647.0,13959.810088382086,14174.850777357417,13868.907379165827,13851.246323036377
2025-12-25 16:00:00,14108.0,13717.0,14003.451683262294,14282.888392872268,13945.564375015596,13931.714929743604
2025-12-25 17:00:00,14108.0,13818.0,14056.088259312219,14368.336290009383,14016.731230971192,14040.267118662256
2025-12-25 18:00:00,14096.0,13857.0,14094.61409647432,14408.057243315203,14064.804535995425,14064.087960465038
2025-12-25 19:00:00,13970.0,13737.0,13999.277174716382,14317.494994296105,13951.805039131452,13942.248795957885
2025-12-25 20:00:00,13714.0,13509.0,13777.183648420101,14036.324304882613,13653.05408273074,13607.954606508238
2025-12-25 21:00:00,13442.0,13282.0,13576.312969232858,13932.344174756352,13452.277330038749,13489.880271196755
2025-12-25 22:00:00,13203.0,13076.0,13329.764302096431,13705.01390237171,13163.296994975313,13179.733302518722
2025-12-25 23:00:00,12826.0,12597.0,12851.801620095324,13272.043428884139,12737.629109666179,12788.851405640879
2025-12-26 00:00:00,12400.0,12215.0,12327.691394812726,12685.150641930182,12366.148863678325,12353.330452794278
2025-12-26 01:00:00,11872.0,11719.0,11851.762484536868,12211.223388944558,11956.265864694864,11959.848959514748
2025-12-26 02:00:00,11622.0,11534.0,11626.551361996153,11966.439552611539,11772.947132011523,11773.063558304062
2025-12-26 03:00:00,11421.0,11379.0,11470.057173181396,11785.259547696889,11593.325293652146,11584.984522278632
2025-12-26 04:00:00,11354.0,11297.0,11380.981010755608,11720.448812022052,11536.17390653204,11546.087064877529
2025-12-26 05:00:00,11407.0,11359.0,11438.601268413078,11790.060898413027,11627.8217103226,11670.899042116129
2025-12-26 06:00:00,11738.0,11750.0,11777.241331430247,12167.18288080812,11947.4412047592,11991.195702291347
2025-12-26 07:00:00,12255.0,12251.0,12267.666367754506,12675.4353465792,12419.367328712506,12444.844521470597
2025-12-26 08:00:00,12854.0,12824.0,12818.580081762586,13248.84203864173,13025.815070408322,13060.719994454475
2025-12-26 09:00:00,13389.0,13572.0,13511.478422751523,13801.727543950248,13612.219426875432,13676.538778990465
2025-12-26 10:00:00,13619.0,13681.0,13715.812231170352,13979.25155630224,13772.088812725851,13828.38978440985
2025-12-26 11:00:00,13603.0,13753.0,13805.942840585682,14002.82920825696,13804.122051999317,13866.647813534999
2025-12-26 12:00:00,13496.0,13658.0,13748.854612354384,13965.040966164946,13766.756600837367,13782.110795626562
2025-12-26 13:00:00,13552.0,13819.0,13832.19422996977,14019.044175777168,13777.011917754915,13785.394973562901
2025-12-26 14:00:00,13494.0,13786.0,13813.464491126064,14005.365923390538,13766.129046198665,13758.12322017828
2025-12-26 15:00:00,13494.0,13693.0,13755.233071212046,13979.361130522653,13774.433977595514,13776.809142355065
2025-12-26 16:00:00,13523.0,13754.0,13800.876066578126,14101.852358549591,13865.263897051385,13893.26677652817
2025-12-26 17:00:00,13800.0,13828.0,13859.638007889955,14229.587876644711,13965.803607222138,14017.183826825136
2025-12-26 18:00:00,13793.0,13816.0,13863.491166280257,14238.04576722374,13976.15639136624,14028.61454764911
2025-12-26 19:00:00,13713.0,13715.0,13776.206165171932,14127.271433214399,13881.533560061525,13927.79980418095
2025-12-26 20:00:00,13385.0,13431.0,13540.72614604886,13848.011014417936,13597.172084148071,13653.57605182498
2025-12-26 21:00:00,13275.0,13215.0,13374.417127537627,13690.703485235672,13419.002760649682,13441.180507450925
2025-12-26 22:00:00,13034.0,13024.0,13181.036130170256,13387.028757562475,13155.020688966175,13154.485411099104
2025-12-26 23:00:00,12625.0,12639.0,12784.404803575137,13011.408994601843,12713.417605316637,12765.449513160502
2025-12-27 00:00:00,12306.0,12249.0,12096.481919891976,12493.800404988073,12377.292333075005,12376.2011704805
2025-12-27 01:00:00,11809.0,11788.0,11638.127902176084,12047.80518767066,11921.054221003067,12037.31872228932
2025-12-27 02:00:00,11558.0,11539.0,11381.878555419487,11688.864372315646,11679.588072286742,11777.046215650664
2025-12-27 03:00:00,11368.0,11335.0,11192.722952459522,11539.183313863274,11467.968497711381,11604.312343838366
2025-12-27 04:00:00,11281.0,11206.0,11078.20844726723,11482.927520541823,11388.621769550666,11527.609458466928
2025-12-27 05:00:00,11215.0,11202.0,11085.128626624133,11467.58525785767,11351.855673230984,11513.685667127795
2025-12-27 06:00:00,11377.0,11340.0,11274.724385430462,11617.960085146078,11492.462060294361,11638.19067656394
2025-12-27 07:00:00,11683.0,11672.0,11661.249655723866,11844.131072131353,11831.397333715822,11905.381996678103
2025-12-27 08:00:00,12056.0,11962.0,12052.642192987536,12117.416346924587,11989.02110565797,12029.228948403657
2025-12-27 09:00:00,12642.0,12602.0,12703.874863269071,12784.74838301161,12655.47778093978,12688.113613837997
2025-12-27 10:00:00,13007.0,12953.0,13042.896462207214,13017.427066084892,12921.855314022976,12994.952182149187
2025-12-27 11:00:00,13220.0,13154.0,13211.218002424012,13218.880138925471,13135.653108877217,13199.612875310984
2025-12-27 12:00:00,13376.0,13276.0,13267.914331078915,13277.901220378839,13247.212624565274,13288.73590104388
2025-12-27 13:00:00,13442.0,13306.0,13301.303080315758,13311.36847997281,13294.910677690423,13377.01949864874
2025-12-27 14:00:00,13555.0,13372.0,13336.528616614341,13320.354017370324,13329.536686521355,13348.709918016386
2025-12-27 15:00:00,13609.0,13362.0,13341.513592753243,13322.576368380849,13356.305918207328,13359.977219844852
2025-12-27 16:00:00,13710.0,13538.0,13478.311890898927,13524.469907871315,13529.554309457399,13505.906357411719
2025-12-27 17:00:00,13954.0,13644.0,13513.506713376844,13717.0548319064,13663.338616192435,13655.194213992261
2025-12-27 18:00:00,13932.0,13623.0,13526.165504703105,13732.57539574822,13665.670106382842,13656.892469483817
2025-12-27 19:00:00,13854.0,13518.0,13403.512243646172,13631.065987009166,13571.324918210208,13566.565666568818
2025-12-27 20:00:00,13559.0,13153.0,13104.449277269401,13499.713104385008,13405.89319071596,13383.682426671186
2025-12-27 21:00:00,13403.0,13040.0,13008.22880777555,13284.11490549397,13243.427380279838,13254.206657151013
2025-12-27 22:00:00,13099.0,12730.0,12751.44237282339,13050.301583989707,12981.904443334011,13020.167020746796
2025-12-27 23:00:00,12738.0,12364.0,12369.251462299715,12750.343039375392,12671.30513420711,12719.837560237705
2025-12-28 00:00:00,12320.0,11995.0,11835.292232172624,12362.774030489754,12486.341225574717,12459.941331841372
2025-12-28 01:00:00,11896.0,11627.0,11441.829202251249,11898.707524650148,12033.926383294716,12000.832961319791
2025-12-28 02:00:00,11633.0,11322.0,11160.728480004462,11572.855152777782,11754.613317461206,11734.712763314883
2025-12-28 03:00:00,11477.0,11120.0,10981.644445479893,11369.291971022865,11548.80480636813,11499.116956202304
2025-12-28 04:00:00,11325.0,11034.0,10878.188568680891,11305.914541207248,11455.340102590462,11427.007308862494
2025-12-28 05:00:00,11373.0,10976.0,10858.681050297058,11269.062284648227,11408.173182106002,11392.585439994074
2025-12-28 06:00:00,11519.0,11156.0,11076.9150357843,11347.00281824057,11509.76034648423,11483.880862015443
2025-12-28 07:00:00,11708.0,11231.0,11316.024832197534,11481.648861350037,11611.706996022465,11581.362785945645
2025-12-28 08:00:00,11929.0,11560.0,11727.980795089923,11829.25845115989,11954.657704265246,11904.871893601952
2025-12-28 09:00:00,12544.0,12074.0,12310.701674252006,12316.91834109098,12436.59942792021,12394.406203859604
2025-12-28 10:00:00,12890.0,12407.0,12651.760082866258,12663.264325114304,12813.768431068362,12759.438459561716
2025-12-28 11:00:00,13167.0,12691.0,12870.24784655782,12940.944824913193,13136.02818287823,13147.509875149455
2025-12-28 12:00:00,13266.0,12885.0,12975.373759159356,13070.211345252586,13245.101715768496,13213.591741856288
2025-12-28 13:00:00,13386.0,12897.0,13008.447640553775,13085.592598674742,13282.47188096784,13242.900550099432
2025-12-28 14:00:00,13450.0,12948.0,13041.309823116071,13102.583606594726,13291.555464979132,13278.6975182569
2025-12-28 15:00:00,13534.0,13024.0,13075.476993938279,13124.089424955524,13358.758628504957,13351.49971771952
2025-12-28 16:00:00,13678.0,13128.0,13151.122713756213,13267.767073763278,13466.034407366787,13443.458702457025
2025-12-28 17:00:00,13953.0,13435.0,13336.440247389837,13504.183923251205,13719.74066122333,13727.060602260435
2025-12-28 18:00:00,13957.0,13477.0,13379.708967640314,13613.811503447012,13779.600355712626,13781.676249031338
2025-12-28 19:00:00,13890.0,13436.0,13333.869490099887,13567.6182033805,13741.268322867245,13730.089706024972
2025-12-28 20:00:00,13707.0,13151.0,13095.10812429239,13332.954535302071,13535.562091358943,13540.617508723553
2025-12-28 21:00:00,13560.0,13045.0,12991.146092327952,13201.360754158117,13442.594111266615,13430.684238006517
2025-12-28 22:00:00,13293.0,12801.0,12752.906600555016,13040.696226224192,13205.571895014302,13174.062594799592
2025-12-28 23:00:00,12923.0,12319.0,12311.924406949762,12525.172722998766,12725.044119997607,12702.631747879355
2025-12-29 00:00:00,12483.0,11982.0,12191.352479966083,12217.146925904966,12404.813412846694,12319.672518432768
2025-12-29 01:00:00,12041.0,11607.0,11780.66082669934,11735.47647872653,11838.890334981006,11751.73948925969
2025-12-29 02:00:00,11790.0,11281.0,11489.916992030247,11621.634779500284,11723.563660614787,11644.390659688663
2025-12-29 03:00:00,11587.0,11189.0,11347.828231083578,11508.044569694266,11617.543903154263,11539.656516501143
2025-12-29 04:00:00,11562.0,11172.0,11304.899753780133,11466.586954157468,11530.953257522866,11495.315016706534
2025-12-29 05:00:00,11521.0,11265.0,11362.014033158788,11404.391345418242,11500.652049990931,11441.627867561581
2025-12-29 06:00:00,11935.0,11615.0,11679.357809865287,11766.225237672435,11877.969773750874,11801.856232863978
2025-12-29 07:00:00,12447.0,12166.0,12172.136544710764,12339.130616592454,12357.594485903055,12381.474184835422
2025-12-29 08:00:00,12975.0,12846.0,12783.69581036053,12807.039653276814,12925.846298786588,12966.410188407754
2025-12-29 09:00:00,13697.0,13508.0,13446.557799492715,13606.455665351,13562.411013034045,13604.699932155818
2025-12-29 10:00:00,13868.0,13759.0,13701.60695772043,13820.251547210679,13867.277543989245,13888.521458934112
2025-12-29 11:00:00,13859.0,13797.0,13771.137730183531,13889.076865993591,13958.248338375943,13956.295568193766
2025-12-29 12:00:00,13834.0,13869.0,13788.124263696274,13995.420021325184,13997.43188731046,13957.62686551776
2025-12-29 13:00:00,13834.0,13970.0,13857.062880319318,14001.449869258027,14013.988889014076,13962.282297410442
2025-12-29 14:00:00,13754.0,13964.0,13854.677574560446,14047.724504537018,14022.10871173351,13986.039463393578
2025-12-29 15:00:00,13777.0,13910.0,13830.21671051217,14074.94093253609,14010.902134419533,13979.213338796162
2025-12-29 16:00:00,13933.0,14055.0,13899.02860953423,14154.24001868334,14010.390390817214,13983.935858931716
2025-12-29 17:00:00,14039.0,14113.0,13969.884142111703,14296.030461810231,14099.609347249212,14066.969286439622
2025-12-29 18:00:00,14041.0,14176.0,14038.960980789001,14260.632093164677,14115.843599352715,14078.709974540887
2025-12-29 19:00:00,13980.0,14100.0,13975.795295061353,14231.029208297172,14040.487739220698,14023.17198420547
2025-12-29 20:00:00,13737.0,13875.0,13757.933887783372,13998.574028266916,13908.006157374131,13879.816850356172
2025-12-29 21:00:00,13628.0,13722.0,13619.520725026085,13834.551207587197,13724.561427643992,13674.563841265097
2025-12-29 22:00:00,13418.0,13500.0,13394.029120915831,13420.772391371027,13432.948974563273,13402.578558683128
2025-12-29 23:00:00,13051.0,13034.0,12964.46820243925,13040.833197109205,13063.113679425178,13074.341598052077
2025-12-30 00:00:00,12677.0,12553.0,12540.603852326378,12423.370693133107,12275.798042592538,12229.892828911794
2025-12-30 01:00:00,12213.0,12125.0,12093.072669650483,11918.392818635244,11928.092746661912,11903.221156672553
2025-12-30 02:00:00,11877.0,11886.0,11853.9037975526,11774.6391254908,11752.825015480066,11748.00034376634
2025-12-30 03:00:00,11719.0,11712.0,11704.06814549268,11664.866043283268,11658.356641144646,11678.732659486903
2025-12-30 04:00:00,11671.0,11663.0,11627.731984367138,11623.069319420956,11614.600182810089,11604.360633351926
2025-12-30 05:00:00,11788.0,11801.0,11701.129524056862,11628.911544662396,11632.64915697312,11668.88047493637
2025-12-30 06:00:00,12053.0,12167.0,12010.41797279834,11938.824629511546,11876.38915524168,11925.58458816917
2025-12-30 07:00:00,12525.0,12712.0,12485.297813559273,12466.913133586753,12357.890928851528,12395.078814283206
2025-12-30 08:00:00,12976.0,13309.0,13018.999327630743,12938.351172093451,12748.045331497422,12799.550758349578
2025-12-30 09:00:00,13620.0,13962.0,13649.282714100216,13613.88211840441,13216.98017348334,13273.686332169924
2025-12-30 10:00:00,13776.0,14109.0,13888.473076720404,13810.694403634077,13535.357995114146,13559.645429732576
2025-12-30 11:00:00,13838.0,14174.0,13997.667194305277,13946.057179610387,13575.789099713864,13638.286734382227
2025-12-30 12:00:00,13794.0,14093.0,13978.51688496201,14007.44471484441,13661.537143543985,13688.841078311636
2025-12-30 13:00:00,13829.0,14131.0,14016.580308776072,14074.966395765929,13703.904659187128,13750.0537054357
2025-12-30 14:00:00,13758.0,14080.0,14006.87319379486,14065.47402292312,13764.880825066544,13800.815191501308
2025-12-30 15:00:00,13664.0,14122.0,14029.149341847975,14070.895806461986,13805.386933030793,13845.272279738607
2025-12-30 16:00:00,13761.0,14182.0,14090.242539086774,14133.811695515304,13822.12594142815,13856.026643862942
2025-12-30 17:00:00,14043.0,14339.0,14208.718880900062,14236.68341604856,13857.979746565059,13909.301871984751
2025-12-30 18:00:00,14048.0,14392.0,14276.746208979206,14253.102280594576,13854.389840455882,13953.54328395688
2025-12-30 19:00:00,13995.0,14324.0,14195.810858155279,14211.33166271741,13776.84032767199,13857.723263948745
2025-12-30 20:00:00,13834.0,14047.0,13985.115596091775,14034.055183267144,13649.474632836342,13718.080939948732
2025-12-30 21:00:00,13728.0,13856.0,13809.185220800382,13772.488080260864,13487.542072262595,13566.830001694014
2025-12-30 22:00:00,13504.0,13589.0,13557.762195876476,13490.009405491837,13220.614356549875,13252.883184884453
2025-12-30 23:00:00,13135.0,13138.0,13116.35202233618,13121.253120236963,12961.620668702515,13031.657788049652
2025-12-31 00:00:00,12746.0,12711.0,12275.723022497352,12435.678232829308,12499.733383144248,12519.38024340545
2025-12-31 01:00:00,12282.0,12255.0,11825.659403069689,12075.149974038,12133.36838494766,12155.078239610084
2025-12-31 02:00:00,11952.0,12019.0,11574.35323931542,11813.13277565726,11882.89256478126,11902.829974305081
2025-12-31 03:00:00,11704.0,11850.0,11418.188004006046,11587.687240614236,11719.111498040138,11712.848748002698
2025-12-31 04:00:00,11547.0,11832.0,11366.33778093535,11553.459288169617,11690.6942232223,11693.355709768937
2025-12-31 05:00:00,11562.0,11872.0,11394.003261197044,11505.026161093218,11647.422047935932,11663.513137630867
2025-12-31 06:00:00,11658.0,12197.0,11699.000774693044,11695.755040246664,11834.58194973676,11869.723752821958
2025-12-31 07:00:00,11774.0,12786.0,12216.171995972007,11898.21036955597,12088.503899877369,12138.322736753835
2025-12-31 08:00:00,12070.0,13373.0,12755.966239206828,12113.817865569623,12328.931696911783,12475.33012830601
2025-12-31 09:00:00,12568.0,13988.0,13376.081183837312,12447.178142232766,12918.074451368917,13064.5890905114
2025-12-31 10:00:00,12987.0,14117.0,13613.02744137404,12794.949504470398,13282.697881965756,13402.52449184765
2025-12-31 11:00:00,13279.0,14146.0,13706.531333689594,12999.478899027537,13472.09796527225,13579.20085643979
2025-12-31 12:00:00,13424.0,14095.0,13699.989945935857,13100.284318824339,13519.384508165394,13625.321963260623
2025-12-31 13:00:00,13408.0,14140.0,13740.920084559457,13168.553900315572,13554.884631919263,13648.099019062229
2025-12-31 14:00:00,13499.0,14113.0,13746.650073337438,13193.890460141729,13574.776681455265,13651.893702505733
2025-12-31 15:00:00,13525.0,14131.0,13759.143677262557,13220.035012538663,13595.372921611288,13636.263449476903
2025-12-31 16:00:00,13661.0,14185.0,13831.74468614508,13264.096567792329,13644.63437216616,13692.323777413902
2025-12-31 17:00:00,13947.0,14306.0,13913.63424259764,13363.746001554031,13791.979675484847,13823.615236774453
2025-12-31 18:00:00,14047.0,14245.0,13920.356091043072,13391.415670057451,13850.672408032286,13912.432936798934
2025-12-31 19:00:00,13907.0,14140.0,13849.972424169271,13369.618366460007,13787.192525888027,13833.55724414446
2025-12-31 20:00:00,13745.0,13893.0,13637.686757293828,13236.513871175424,13702.31764964735,13739.452894230333
2025-12-31 21:00:00,13503.0,13728.0,13521.954235635007,13075.28949111721,13512.635119908546,13561.265410422533
2025-12-31 22:00:00,13282.0,13429.0,13267.541899060445,12868.52952993266,13361.09990351437,13422.473443394447
2025-12-31 23:00:00,12910.0,13003.0,12859.262614258514,12700.083966266484,13166.922987798796,13185.67324110883
2026-01-01 00:00:00,12369.0,12496.0,12243.035491137169,11994.27407429571,12507.5498680652,12649.170954854728
2026-01-01 01:00:00,12281.0,12076.0,11810.117123833203,11746.06175518057,12207.272954312324,12297.01149577644
2026-01-01 02:00:00,12107.0,11796.0,11547.467799380172,11518.948329432085,11962.225240728018,12044.804740971147
2026-01-01 03:00:00,11974.0,11763.0,11465.354982845163,11277.502225559105,11757.364935989373,11867.578957936614
2026-01-01 04:00:00,11820.0,11633.0,11365.843139414079,11234.166784358722,11683.295303302857,11800.920726917304
2026-01-01 05:00:00,11673.0,11698.0,11418.044209803158,11218.974409886549,11726.392199529699,11818.480274746524
2026-01-01 06:00:00,11674.0,12025.0,11736.926877688897,11254.6251110537,11894.880735445562,11965.240618149746
2026-01-01 07:00:00,11691.0,12539.0,12234.42939162464,11418.19591121265,12154.577868628663,12285.309959006176
2026-01-01 08:00:00,11726.0,13091.0,12779.282594718155,11373.557152924672,12357.837110550652,12561.851574835797
2026-01-01 09:00:00,11917.0,13816.0,13468.728172027002,11785.632381150115,12902.212904478396,13057.005215655186
2026-01-01 10:00:00,11923.0,13972.0,13696.996079151628,12050.349344612585,13269.915302800562,13372.97282970498
2026-01-01 11:00:00,12170.0,13948.0,13739.533533600434,12149.171388663659,13418.65487340137,13495.241764822611
2026-01-01 12:00:00,12406.0,13897.0,13688.319836511666,12266.252338332413,13436.03167029859,13509.07914522417
2026-01-01 13:00:00,12480.0,13966.0,13741.986610186457,12343.401323200533,13492.418091911879,13551.701681063396
2026-01-01 14:00:00,12580.0,13924.0,13702.631792097905,12377.718211558613,13403.177928256579,13518.240446942124
2026-01-01 15:00:00,12647.0,13981.0,13725.496216146932,12457.384211813292,13323.739229958144,13456.956035205614
2026-01-01 16:00:00,12792.0,14108.0,13828.27292482875,12548.456537971657,13467.089769012571,13573.994371160345
2026-01-01 17:00:00,13154.0,14108.0,13853.614086600339,12696.627651555138,13704.189313126464,13797.864789706398
2026-01-01 18:00:00,13325.0,14096.0,13879.666231747275,12763.931588744,13752.720235900566,13863.606613080672
2026-01-01 19:00:00,13314.0,13970.0,13804.325569691691,12744.536201218389,13725.93606979347,13810.231685877685
2026-01-01 20:00:00,13240.0,13714.0,13599.61402073912,12665.736429707325,13632.634017943825,13746.985718330337
2026-01-01 21:00:00,13233.0,13442.0,13417.412567353645,12614.62440434591,13461.227529657914,13583.510351512527
2026-01-01 22:00:00,13065.0,13203.0,13201.671217397277,12570.694153860402,13304.409906917066,13432.038233995907
2026-01-01 23:00:00,12822.0,12826.0,12821.837984667482,12503.775330630866,12988.8317387867,13181.109499261529
2026-01-02 00:00:00,12544.0,12400.0,12305.319936408923,12119.241088537297,12526.26575905615,12672.831929104306
2026-01-02 01:00:00,12160.0,11872.0,11810.231792895507,11846.32972404826,12239.55622301534,12316.608022813907
2026-01-02 02:00:00,11893.0,11622.0,11551.49595562378,11612.038844887353,12052.134810325191,12108.502821115082
2026-01-02 03:00:00,11764.0,11421.0,11378.735841908818,11417.23669279041,11807.483461277843,11842.635039870926
2026-01-02 04:00:00,11658.0,11354.0,11299.88585025128,11327.470213649189,11743.079871526661,11804.103166671293
2026-01-02 05:00:00,11630.0,11407.0,11340.254560624613,11312.51895153919,11714.883482003137,11794.838282199735
2026-01-02 06:00:00,11764.0,11738.0,11621.384407566613,11341.678963954335,11679.12480911045,11792.317308004302
2026-01-02 07:00:00,11868.0,12255.0,12078.872161800908,11375.95146123105,11774.003968230207,11825.19741607878
2026-01-02 08:00:00,12076.0,12854.0,12615.121624417929,11662.263736843055,12094.630126100967,12181.252389391544
2026-01-02 09:00:00,12439.0,13389.0,13204.448701236983,12319.797045457039,12684.03689816522,12805.582347396368
2026-01-02 10:00:00,12736.0,13619.0,13470.624014198416,12487.789168820813,12963.535253850592,13068.510775642379
2026-01-02 11:00:00,12973.0,13603.0,13529.920734096297,12939.282605652594,13280.140970869066,13374.222628494654
2026-01-02 12:00:00,13145.0,13496.0,13458.325038832867,13076.711056157488,13425.920333953003,13557.155376635734
2026-01-02 13:00:00,13202.0,13552.0,13499.313360887201,13074.78606232536,13463.297014849672,13514.721797245182
2026-01-02 14:00:00,13231.0,13494.0,13470.174124420406,13162.275097737423,13494.207699156403,13563.85130567103
2026-01-02 15:00:00,13296.0,13494.0,13457.470545304568,13191.265145460018,13488.387454020087,13639.565177768527
2026-01-02 16:00:00,13394.0,13523.0,13496.283683953094,13257.336716596517,13576.50743744772,13632.405172146206
2026-01-02 17:00:00,13651.0,13800.0,13672.79866026445,13450.995189653257,13891.155619158131,13917.039878253756
2026-01-02 18:00:00,13718.0,13793.0,13688.043315879446,13506.220935082285,13886.526085886975,13956.208385351383
2026-01-02 19:00:00,13681.0,13713.0,13625.659379882562,13487.951296048632,13869.211784799643,13916.180650036997
2026-01-02 20:00:00,13542.0,13385.0,13377.967700903071,13399.40620066722,13693.548107921972,13778.591632639882
2026-01-02 21:00:00,13423.0,13275.0,13262.025421470182,13280.813663332932,13446.37506919067,13567.841775681238
2026-01-02 22:00:00,13294.0,13034.0,13032.35413720597,13055.621700702799,13232.5361495224,13370.871555807895
2026-01-02 23:00:00,12959.0,12625.0,12629.93002229583,12735.204184439486,12914.633490411952,13077.488086776453
2026-01-03 00:00:00,12721.0,12306.0,12357.869745900676,12384.262255110225,12600.90827244527,12709.584722928985
2026-01-03 01:00:00,12344.0,11809.0,11902.765806048576,12157.085437756696,12341.661300296726,12404.348919562395
2026-01-03 02:00:00,12087.0,11558.0,11646.135007270197,11891.867809159856,12127.33410091176,12177.863717123148
2026-01-03 03:00:00,11924.0,11368.0,11461.777610664712,11696.812081050639,11910.790677356428,11966.928032307025
2026-01-03 04:00:00,11790.0,11281.0,11352.57478149596,11582.682318860687,11775.241443428036,11808.561716320615
2026-01-03 05:00:00,11775.0,11215.0,11312.882218395976,11544.541830529579,11690.182270469428,11743.455136014492
2026-01-03 06:00:00,11910.0,11377.0,11475.918486875187,11564.422969058094,11718.536002671208,11739.320757766542
2026-01-03 07:00:00,12054.0,11683.0,11777.696636250608,11674.304595188563,11775.315836861217,11818.519828141487
2026-01-03 08:00:00,12323.0,12056.0,12154.021870430368,11816.379299069598,11921.242320994306,11957.534448612085
2026-01-03 09:00:00,12814.0,12642.0,12725.098559245793,12173.707703216916,12339.293068219773,12442.717080232136
2026-01-03 10:00:00,13052.0,13007.0,13077.6735636487,12394.98532272791,12531.955680969733,12625.52125942978
2026-01-03 11:00:00,13316.0,13220.0,13269.89591958284,12712.888482310187,12868.032382353826,12956.28581716967
2026-01-03 12:00:00,13470.0,13376.0,13377.563165141184,12913.387025393362,13006.16227862573,13049.280313386924
2026-01-03 13:00:00,13516.0,13442.0,13411.327194784843,12971.404837680355,13043.233203550553,13085.533303146938
2026-01-03 14:00:00,13484.0,13555.0,13487.170881133748,13076.708402344102,13203.50870389543,13262.353840714854
2026-01-03 15:00:00,13538.0,13609.0,13495.271008147221,13104.925606615629,13257.956099074274,13335.661034691442
2026-01-03 16:00:00,13625.0,13710.0,13574.727063828803,13163.790896592638,13341.310616847892,13402.4260019587
2026-01-03 17:00:00,13880.0,13954.0,13734.546249451583,13517.751568886197,13577.299677872516,13655.291691577893
2026-01-03 18:00:00,13924.0,13932.0,13746.92983308747,13630.011146891755,13658.952237177167,13721.16048469125
2026-01-03 19:00:00,13869.0,13854.0,13678.411934525306,13616.269569552409,13615.838792378954,13686.265901269757
2026-01-03 20:00:00,13681.0,13559.0,13431.386197073507,13498.37486447911,13367.733195390194,13440.211819996706
2026-01-03 21:00:00,13528.0,13403.0,13294.987822317797,13401.667692633688,13336.000214824566,13365.697389615669
2026-01-03 22:00:00,13246.0,13099.0,13020.359014324997,13197.598957828128,13125.777364554759,13138.582765976267
2026-01-03 23:00:00,12982.0,12738.0,12641.981137406407,12838.100923744452,12875.446314347942,12921.526265787708
2026-01-04 00:00:00,12646.0,12320.0,12441.749965442057,12519.029811243174,12520.356900713261,12601.73920500407
2026-01-04 01:00:00,12273.0,11896.0,12037.225994714112,12235.962339628399,12220.6738212553,12266.790626707923
2026-01-04 02:00:00,12055.0,11633.0,11770.575181263355,11989.20256091793,11951.464059663325,11978.683287239404
2026-01-04 03:00:00,11876.0,11477.0,11606.737892964265,11802.678957018361,11728.272278771788,11816.879502367694
2026-01-04 04:00:00,11758.0,11325.0,11470.575880668232,11697.054556290908,11618.173008326006,11680.866465174398
2026-01-04 05:00:00,11721.0,11373.0,11473.01078170465,11683.651019217834,11644.478437667101,11658.577660723455
2026-01-04 06:00:00,11842.0,11519.0,11632.92706790382,11758.543194360158,11733.02838892222,11753.093212205482
2026-01-04 07:00:00,12002.0,11708.0,11860.435522472164,11830.349631421974,11857.809097835174,11868.800128826493
2026-01-04 08:00:00,12289.0,11929.0,12151.949512130186,12004.38813152596,12060.72475218548,12078.466631649144
2026-01-04 09:00:00,12707.0,12544.0,12712.936959776409,12518.450817910156,12549.107164132154,12600.490805496478
2026-01-04 10:00:00,12920.0,12890.0,13036.050678387166,12834.883873270599,12946.570945896994,12992.498547014955
2026-01-04 11:00:00,13274.0,13167.0,13258.373380532295,13106.744228975258,13100.798957773462,13149.95887254492
2026-01-04 12:00:00,13393.0,13266.0,13346.793973689048,13271.288075199342,13203.377475969502,13266.610048384726
2026-01-04 13:00:00,13412.0,13386.0,13413.780159121306,13299.098042920672,13238.019407074047,13330.576470079055
2026-01-04 14:00:00,13491.0,13450.0,13460.65364584472,13332.46081461592,13236.424034006846,13339.115139362548
2026-01-04 15:00:00,13510.0,13534.0,13508.526607187612,13422.69482835006,13369.57645132511,13410.128146702647
2026-01-04 16:00:00,13652.0,13678.0,13588.543573826782,13488.753975756623,13481.765576755293,13517.589932651199
2026-01-04 17:00:00,13834.0,13953.0,13777.946403249107,13720.825111972708,13732.418820211595,13782.827640851587
2026-01-04 18:00:00,13893.0,13957.0,13808.370841890208,13826.557647003423,13840.748214948007,13877.55412706663
2026-01-04 19:00:00,13802.0,13890.0,13758.910119095908,13780.422313418474,13753.003689249084,13786.824943111413
2026-01-04 20:00:00,13683.0,13707.0,13595.037576775645,13647.91686335971,13601.156437780872,13616.5989704707
2026-01-04 21:00:00,13549.0,13560.0,13479.231286009068,13490.509934097247,13453.794017432165,13448.137926019053
2026-01-04 22:00:00,13339.0,13293.0,13245.463376255022,13253.209555227522,13193.24403371344,13192.53150107959
2026-01-04 23:00:00,12988.0,12923.0,12865.456409492886,12889.719552908331,12945.783026865081,12946.563966761669
2026-01-05 00:00:00,12743.0,12483.0,12481.436820840652,12631.666890314333,12709.589085823261,12835.175255803426
2026-01-05 01:00:00,12325.0,12041.0,12052.967725806775,12380.13395718034,12354.908956731764,12521.487003678496
2026-01-05 02:00:00,12043.0,11790.0,11799.258240549809,12103.524796307353,12166.04669316847,12262.06128002195
2026-01-05 03:00:00,11861.0,11587.0,11637.14416196591,11902.92504752386,11992.94524284787,12098.726738727619
2026-01-05 04:00:00,11785.0,11562.0,11582.877551447928,11810.365567894969,11872.492058447131,11993.445502481203
2026-01-05 05:00:00,11809.0,11521.0,11585.057325375987,11771.168855580427,11853.947497786472,11981.315260919002
2026-01-05 06:00:00,11942.0,11935.0,11914.616735327223,11962.222075289072,12092.532327415642,12257.376198539383
2026-01-05 07:00:00,12185.0,12447.0,12351.484376807297,12080.13601047028,12379.94278003573,12566.435505604893
2026-01-05 08:00:00,12503.0,12975.0,12852.490149981433,12687.338446276553,12940.063838913637,13180.325947931013
2026-01-05 09:00:00,13044.0,13697.0,13518.238148689197,13022.715000049453,13336.634446043086,13481.221914624626
2026-01-05 10:00:00,13352.0,13868.0,13785.751367647146,13197.45589101012,13476.097905691355,13645.954799706871
2026-01-05 11:00:00,13677.0,13859.0,13865.33048115893,13525.95719649506,13710.659228217603,13927.311191827484
2026-01-05 12:00:00,13872.0,13834.0,13884.165259487063,13562.702723839297,13807.737614358708,14069.445645627116
2026-01-05 13:00:00,13860.0,13834.0,13898.474801365895,13630.28413113923,13835.057316062364,14090.200956773966
2026-01-05 14:00:00,13889.0,13754.0,13860.665194038775,13637.960001384767,13780.677745046516,14058.752494307639
2026-01-05 15:00:00,13912.0,13777.0,13862.054655311895,13613.07814705402,13775.696857209163,14035.391997843404
2026-01-05 16:00:00,14030.0,13933.0,13975.900726787895,13665.160750070518,13786.554107271146,14038.00736552271
2026-01-05 17:00:00,14353.0,14039.0,14071.703917851464,13900.592932978687,14051.646338589499,14287.013339794556
2026-01-05 18:00:00,14438.0,14041.0,14092.004721270452,13973.983471774913,14136.402389495843,14338.705858269781
2026-01-05 19:00:00,14414.0,13980.0,14047.090782427866,13916.257147421093,14106.837159597748,14285.266899043205
2026-01-05 20:00:00,14147.0,13737.0,13843.999975538092,13672.146154882304,13874.57393209805,14093.596195840748
2026-01-05 21:00:00,14086.0,13628.0,13754.08631710902,13563.15999115668,13807.119093503583,13979.131126538594
2026-01-05 22:00:00,13821.0,13418.0,13541.780662504003,13259.631764837444,13556.854512385658,13786.871460047532
2026-01-05 23:00:00,13386.0,13051.0,13160.249596718004,12984.118730501943,13287.926862523896,13523.92250538571
2026-01-06 00:00:00,13051.0,12677.0,12851.18390585517,12659.028788029893,12830.197902881833,13062.074066837851
2026-01-06 01:00:00,12697.0,12213.0,12401.522403064846,12281.13930488324,12451.022546807268,12558.922433271393
2026-01-06 02:00:00,12389.0,11877.0,12106.114114779468,12099.689510208189,12192.940590326589,12313.222260459765
2026-01-06 03:00:00,12228.0,11719.0,11936.134383044617,11969.351192140077,12052.733330651441,12177.722610263068
2026-01-06 04:00:00,12098.0,11671.0,11854.068328688643,11858.366529321385,11902.29463834678,12065.966490643805
2026-01-06 05:00:00,12111.0,11788.0,11921.04126797569,11827.460224171982,11907.942755546335,12116.422981220263
2026-01-06 06:00:00,12207.0,12053.0,12163.756375764437,12018.648107636964,12165.994679898587,12412.560459689332
2026-01-06 07:00:00,12384.0,12525.0,12592.464623568272,12101.317815477916,12384.642981228588,12708.92898215615
2026-01-06 08:00:00,12770.0,12976.0,13050.61371198486,12694.362926823249,12947.578062742265,13193.722047529023
2026-01-06 09:00:00,13309.0,13620.0,13658.080000564736,13027.088267588158,13393.082084645725,13622.508085154039
2026-01-06 10:00:00,13674.0,13776.0,13900.175842113938,13145.38069024958,13506.24999986309,13764.780323240075
2026-01-06 11:00:00,13980.0,13838.0,14014.378579001628,13505.944749720593,13770.84662781247,14040.68696598222
2026-01-06 12:00:00,14067.0,13794.0,13994.900009977906,13554.960095337019,13829.347911685796,14104.617051748432
2026-01-06 13:00:00,14085.0,13829.0,14014.943249341803,13593.667960403363,13800.886897534001,14088.405504911732
2026-01-06 14:00:00,14164.0,13758.0,13976.16133899781,13619.246927778293,13807.019363525393,14113.277870780841
2026-01-06 15:00:00,14165.0,13664.0,13923.511139007325,13620.454426794815,13807.336995368676,14077.563095123394
2026-01-06 16:00:00,14268.0,13761.0,13993.537656878969,13704.839495186867,13840.959704517369,14142.046562177802
2026-01-06 17:00:00,14550.0,14043.0,14174.450432619455,13930.619146080691,14075.215113510973,14324.200171622833
2026-01-06 18:00:00,14603.0,14048.0,14202.367896615251,13981.017834817232,14157.493357481888,14362.19317260747
2026-01-06 19:00:00,14551.0,13995.0,14153.851368448844,13931.080707198322,14130.402232260425,14308.150714445537
2026-01-06 20:00:00,14288.0,13834.0,13986.560690005288,13644.046993838514,13919.410993191692,14117.795055193817
2026-01-06 21:00:00,14106.0,13728.0,13883.539864170774,13489.802598862212,13818.212523198246,14003.389434662196
2026-01-06 22:00:00,13845.0,13504.0,13650.747268913205,13263.044809662239,13581.944493332434,13803.390359898322
2026-01-06 23:00:00,13483.0,13135.0,13270.435368642893,12909.604954760334,13262.164856784973,13495.128740337652
2026-01-07 00:00:00,13216.0,12746.0,12948.093282113947,12957.537697846628,13064.930389399327,13145.179222177328
2026-01-07 01:00:00,12735.0,12282.0,12493.611284517327,12535.059912552832,12558.244249845076,12667.334011220957
2026-01-07 02:00:00,12476.0,11952.0,12197.15999597491,12291.317764092906,12281.310625093181,12370.91110070885
2026-01-07 03:00:00,12354.0,11704.0,11996.339131177005,12129.532166936968,12105.672049431842,12177.75683819274
2026-01-07 04:00:00,12307.0,11547.0,11872.786846971834,12004.976343045972,11955.99330948265,12031.139537181889
2026-01-07 05:00:00,12204.0,11562.0,11882.445774596112,12004.373999393494,11970.575870308812,12030.447914669963
2026-01-07 06:00:00,12351.0,11658.0,12040.625710458617,12116.331328672266,12163.137758352963,12179.277118468734
2026-01-07 07:00:00,12538.0,11774.0,12288.789114157484,12409.361446955107,12399.935197222354,12441.27105050029
2026-01-07 08:00:00,12740.0,12070.0,12665.37926821716,12795.873702765739,12683.514636163374,12767.244927710997
2026-01-07 09:00:00,13143.0,12568.0,13211.419123734891,12892.32284795009,12978.633176072308,13015.114865048135
2026-01-07 10:00:00,13429.0,12987.0,13568.265699891777,13226.202044672573,13357.801372738993,13337.759088384899
2026-01-07 11:00:00,13703.0,13279.0,13800.577918646766,13618.805346523664,13690.846828551901,13697.878652743184
2026-01-07 12:00:00,13820.0,13424.0,13874.196707086074,13725.954093316643,13843.837490079624,13844.438691575178
2026-01-07 13:00:00,13828.0,13408.0,13869.778410402236,13744.529286522955,13838.94457898133,13841.158225633537
2026-01-07 14:00:00,13827.0,13499.0,13924.43251097254,13773.031945058721,13861.009576192053,13895.012452393734
2026-01-07 15:00:00,13814.0,13525.0,13927.954388475719,13793.87270680898,13852.785248060005,13902.438804543908
2026-01-07 16:00:00,13903.0,13661.0,14020.57767220129,13887.231392262378,13880.863091041732,13941.463113332406
2026-01-07 17:00:00,14206.0,13947.0,14201.207737528515,14096.554643135098,14071.657965285018,14191.487221225529
2026-01-07 18:00:00,14358.0,14047.0,14262.444504389818,14169.797362850517,14146.677059922555,14268.52466474156
2026-01-07 19:00:00,14306.0,13907.0,14175.34064055065,14138.381029218497,14093.622644664225,14215.69081957817
2026-01-07 20:00:00,14098.0,13745.0,14015.434232063548,13945.00338639733,13953.122524462178,14031.24183655976
2026-01-07 21:00:00,14050.0,13503.0,13844.342529792408,13836.616688212349,13863.963865021446,13919.03035777087
2026-01-07 22:00:00,13905.0,13282.0,13618.629059733004,13544.086567668073,13587.727063860148,13646.56739386949
2026-01-07 23:00:00,13523.0,12910.0,13228.207924541772,13213.536768541062,13197.79287043077,13235.244604483276
2026-01-08 00:00:00,13252.0,12369.0,12770.677221720038,12883.069532297559,12822.888357337199,12896.596085890415
2026-01-08 01:00:00,12869.0,12281.0,12514.93635653298,12597.567276019307,12753.95754593381,12790.927643428407
2026-01-08 02:00:00,12650.0,12107.0,12297.46061916025,12318.364204565562,12370.331415111104,12414.917027457213
2026-01-08 03:00:00,12494.0,11974.0,12157.868880868797,12159.293986291921,12190.79198407655,12206.58856521573
2026-01-08 04:00:00,12324.0,11820.0,12025.975433698279,12101.747040143493,12169.40773245606,12185.097648941331
2026-01-08 05:00:00,12288.0,11673.0,11962.623125205111,12066.656109988411,12153.969818998758,12172.094391549628
2026-01-08 06:00:00,12393.0,11674.0,12099.34608035522,12143.98983623718,12217.06229671895,12237.76103641731
2026-01-08 07:00:00,12653.0,11691.0,12298.433063840326,12470.608466662658,12475.580072275563,12490.931011257062
2026-01-08 08:00:00,12901.0,11726.0,12546.717936305062,12608.958959858723,12726.771543463024,12738.172752518703
2026-01-08 09:00:00,13436.0,11917.0,12970.784364088051,12965.060907863779,12952.781555332282,12883.43219287057
2026-01-08 10:00:00,13767.0,11923.0,13147.485684918061,13384.770873936055,13319.40212391721,13269.878731433777
2026-01-08 11:00:00,14080.0,12170.0,13359.794137876564,13624.766110071934,13661.789505683226,13574.16051519698
2026-01-08 12:00:00,14172.0,12406.0,13490.373448541659,13717.582137604799,13780.644074427675,13678.727147853251
2026-01-08 13:00:00,14143.0,12480.0,13529.101959221101,13779.892482641812,13795.601436813993,13728.4472583468
2026-01-08 14:00:00,14197.0,12580.0,13583.723703114392,13759.108985083652,13789.583850024856,13743.74734478492
2026-01-08 15:00:00,14192.0,12647.0,13609.878705640815,13763.03808510646,13774.304826961703,13739.70350232758
2026-01-08 16:00:00,14368.0,12792.0,13715.302216163866,13828.372869249835,13819.772113446928,13842.836283572122
2026-01-08 17:00:00,14619.0,13154.0,13935.153152046336,14035.0091503465,14088.542842968567,14188.386174032119
2026-01-08 18:00:00,14708.0,13325.0,14044.461748373787,14087.980499071075,14115.11497918441,14242.521034551679
2026-01-08 19:00:00,14683.0,13314.0,14026.976202849075,14073.103060107738,14118.818997292943,14183.204415607344
2026-01-08 20:00:00,14438.0,13240.0,13884.73674950712,13911.31811882097,13958.219643239201,13989.326173348161
2026-01-08 21:00:00,14289.0,13233.0,13832.235381879633,13824.961192392262,13879.988463430958,13934.224699619415
2026-01-08 22:00:00,14081.0,13065.0,13631.626833510254,13596.947387371916,13645.161584372476,13681.509923841091
2026-01-08 23:00:00,13758.0,12822.0,13310.99015050031,13325.71006391584,13405.400391052597,13376.75565319579
2026-01-09 00:00:00,13352.0,12544.0,13132.247716583628,12969.047793766058,13054.286147688068,13088.914160057662
2026-01-09 01:00:00,12949.0,12160.0,12724.204894320894,12604.850772764263,12736.144117064032,12746.651713802754
2026-01-09 02:00:00,12659.0,11893.0,12461.324659943148,12332.430890949983,12454.772830759088,12445.582982434555
2026-01-09 03:00:00,12467.0,11764.0,12306.533567209928,12184.017218438496,12353.233069470654,12376.653474885195
2026-01-09 04:00:00,12353.0,11658.0,12204.078936498703,12086.129686654209,12246.670556898462,12244.56001177667
2026-01-09 05:00:00,12352.0,11630.0,12191.20823321208,12052.534941518921,12219.960680723601,12206.569477264991
2026-01-09 06:00:00,12464.0,11764.0,12380.540332506682,12286.58263967639,12445.44371384898,12405.405526267208
2026-01-09 07:00:00,12626.0,11868.0,12620.799430128547,12508.214171963438,12608.107377275664,12609.963746788717
2026-01-09 08:00:00,13007.0,12076.0,12954.296246218531,12817.458338103925,12862.451139845742,12808.573010215063
2026-01-09 09:00:00,13558.0,12439.0,13416.339412773455,12963.603957803667,13148.94729354538,13014.55858908413
2026-01-09 10:00:00,13856.0,12736.0,13739.850638695105,13418.416071266807,13479.259737717359,13436.338380388075
2026-01-09 11:00:00,14152.0,12973.0,13925.164016255601,13717.743682394423,13765.764670927643,13765.83426592596
2026-01-09 12:00:00,14265.0,13145.0,14004.364794230058,13805.896949330388,13906.003632257054,13958.86376545777
2026-01-09 13:00:00,14233.0,13202.0,14026.070220538468,13800.35159582321,13902.601090242231,13992.221286266053
2026-01-09 14:00:00,14257.0,13231.0,14038.813218573448,13789.902597406624,13896.904031886292,14000.372643217328
2026-01-09 15:00:00,14267.0,13296.0,14051.337385719798,13816.391813782504,13867.4315539545,13921.50522344819
2026-01-09 16:00:00,14374.0,13394.0,14125.353304149356,13853.897350581512,13897.156674527521,13947.409158909013
2026-01-09 17:00:00,14655.0,13651.0,14302.917123095733,14061.834698084742,14196.457345128765,14203.550037000932
2026-01-09 18:00:00,14683.0,13718.0,14363.221951361338,14127.26736527218,14240.303916230388,14260.100146083396
2026-01-09 19:00:00,14635.0,13681.0,14328.486793558739,14098.783207956094,14196.273168568707,14220.208379189733
2026-01-09 20:00:00,14406.0,13542.0,14169.399877202253,13958.369441188443,14039.651116153349,14064.355120587821
2026-01-09 21:00:00,14227.0,13423.0,14056.316104186473,13788.255713726765,13867.919176294654,13938.250456619851
2026-01-09 22:00:00,13962.0,13294.0,13876.784244932867,13694.584238833135,13709.037354508131,13761.053594318875
2026-01-09 23:00:00,13572.0,12959.0,13512.31969918041,13414.582953060126,13433.551875644402,13488.350785781764
2026-01-10 00:00:00,13289.0,12721.0,13231.837212305234,12913.928437922455,13051.304671008298,13074.877666669101
2026-01-10 01:00:00,12833.0,12344.0,12812.722312738859,12601.790516086456,12758.442679482143,12772.527136305625
2026-01-10 02:00:00,12493.0,12087.0,12557.258235892485,12317.980991076858,12547.868207090223,12559.483140085595
2026-01-10 03:00:00,12409.0,11924.0,12400.325038348921,12168.774011961897,12315.33720357081,12308.933341716604
2026-01-10 04:00:00,12277.0,11790.0,12278.351537090943,12071.994844174751,12173.810763584788,12160.008189833241
2026-01-10 05:00:00,12215.0,11775.0,12254.301435596119,12041.113408567953,12138.710047973957,12098.415159740787
2026-01-10 06:00:00,12347.0,11910.0,12429.820329957174,12221.763693557472,12275.81295106489,12229.164950957505
2026-01-10 07:00:00,12524.0,12054.0,12681.345780920547,12404.567616640788,12488.647103229332,12464.88029001121
2026-01-10 08:00:00,12763.0,12323.0,13020.257543139965,12579.698687169388,12610.036551863695,12601.354449112667
2026-01-10 09:00:00,13259.0,12814.0,13562.895982086848,12771.193995937963,13033.739046367635,13026.616186281135
2026-01-10 10:00:00,13586.0,13052.0,13856.52458423323,13358.529213487356,13509.860521126908,13489.36122899693
2026-01-10 11:00:00,13895.0,13316.0,14079.96603557469,13624.410276402434,13756.643127414596,13753.446255015155
2026-01-10 12:00:00,14095.0,13470.0,14183.081372228651,13783.148354592546,13941.58966552094,13909.393821056972
2026-01-10 13:00:00,14135.0,13516.0,14214.28695807395,13765.93020048942,13965.347940071682,13909.14027297776
2026-01-10 14:00:00,14196.0,13484.0,14209.409785932363,13784.405771492595,14007.526862124816,13963.10692274752
2026-01-10 15:00:00,14178.0,13538.0,14236.475266881633,13796.739401021383,14018.851968567782,13993.479702639203
2026-01-10 16:00:00,14258.0,13625.0,14312.148032260235,13938.252222294032,14103.506501571414,14056.18653831221
2026-01-10 17:00:00,14479.0,13880.0,14487.226375738683,14143.163945060738,14294.883634568012,14230.830837599155
2026-01-10 18:00:00,14546.0,13924.0,14536.821241902657,14207.546808979278,14338.695736631156,14298.313766914562
2026-01-10 19:00:00,14484.0,13869.0,14488.338208774054,14186.5641883241,14265.405441525038,14218.042307755039
2026-01-10 20:00:00,14228.0,13681.0,14296.682530027125,13977.141273364523,14086.776600712228,14061.218663636339
2026-01-10 21:00:00,14095.0,13528.0,14179.483732529488,13814.916662341973,13964.783160424415,13909.32454238389
2026-01-10 22:00:00,13835.0,13246.0,13932.247892869424,13598.8044227067,13684.571111188965,13660.977783234148
2026-01-10 23:00:00,13433.0,12982.0,13607.544985427583,13409.382477328481,13468.63489846448,13442.047935397486
2026-01-11 00:00:00,13168.0,12646.0,13083.220815809518,12972.976565337267,13097.847113360887,13073.365175829385
2026-01-11 01:00:00,12724.0,12273.0,12680.458056253236,12679.953308842518,12757.839718906102,12747.351661898281
2026-01-11 02:00:00,12459.0,12055.0,12430.668573437004,12454.836927666784,12565.58043664466,12566.950175033187
2026-01-11 03:00:00,12219.0,11876.0,12252.135810078023,12292.170350273065,12321.266184084609,12313.818611264314
2026-01-11 04:00:00,12075.0,11758.0,12127.917715818126,12226.086692636089,12231.75037563455,12227.696151891567
2026-01-11 05:00:00,12102.0,11721.0,12112.093026147146,12221.57983735553,12231.362677621386,12220.156001395977
2026-01-11 06:00:00,12136.0,11842.0,12263.041535593718,12320.890778743053,12331.281243627109,12304.55403407089
2026-01-11 07:00:00,12292.0,12002.0,12503.967929233471,12505.657830162234,12482.511699862047,12481.827428586459
2026-01-11 08:00:00,12528.0,12289.0,12841.763345129508,12493.197082136157,12553.316895587903,12538.40423441816
2026-01-11 09:00:00,13071.0,12707.0,13352.478329098605,12879.359946913344,13078.057849771361,13065.72183918104
2026-01-11 10:00:00,13357.0,12920.0,13632.527983535383,13371.465066638713,13459.806493678947,13468.832219140495
2026-01-11 11:00:00,13667.0,13274.0,13901.892836585663,13700.365174495702,13799.147776952623,13825.244762219034
2026-01-11 12:00:00,13855.0,13393.0,13963.92012505916,13778.413047438458,13878.096275602418,13902.700579803619
2026-01-11 13:00:00,13928.0,13412.0,13968.662247615757,13784.52398057385,13874.513936127307,13914.145444508074
2026-01-11 14:00:00,13980.0,13491.0,14010.454556087636,13842.38691565938,13935.92714483797,13975.748707003746
2026-01-11 15:00:00,13994.0,13510.0,14012.615191017961,13882.908319051796,13942.455113069153,13998.057763390672
2026-01-11 16:00:00,14119.0,13652.0,14120.260463196908,14037.154163160287,14025.284719528529,14119.111739581014
2026-01-11 17:00:00,14411.0,13834.0,14263.674828394649,14270.584060001003,14227.54897159022,14292.597828925527
2026-01-11 18:00:00,14505.0,13893.0,14316.070010591373,14385.615861084294,14299.883911499148,14351.18706296739
2026-01-11 19:00:00,14442.0,13802.0,14250.588582191247,14349.246362451897,14278.818276459946,14308.537887557493
2026-01-11 20:00:00,14191.0,13683.0,14101.549595724298,14201.615847498586,14139.760369315512,14142.815030433332
2026-01-11 21:00:00,14137.0,13549.0,13986.373090745006,14023.492132625124,14053.74749984534,14030.919459224073
2026-01-11 22:00:00,13785.0,13339.0,13766.634278205505,13749.950699562267,13738.434886308372,13701.415767881464
2026-01-11 23:00:00,13322.0,12988.0,13387.51321247541,13391.032542308798,13322.095877517779,13300.500566628602
2026-01-12 00:00:00,12929.0,12743.0,13186.524285173888,13206.037497437504,13250.299034222959,13317.753616180613
2026-01-12 01:00:00,12436.0,12325.0,12749.258202245683,12578.891738704884,12764.453636318252,12856.390532051852
2026-01-12 02:00:00,12210.0,12043.0,12466.495041717151,12233.25542197877,12339.116440323733,12443.84386241137
2026-01-12 03:00:00,11995.0,11861.0,12292.185135977961,12171.78274651215,12236.561481687972,12279.683700854679
2026-01-12 04:00:00,12004.0,11785.0,12203.833576696605,12094.466506027771,12138.356828524884,12147.357784201411
2026-01-12 05:00:00,12093.0,11809.0,12217.050753727875,12101.31903523875,12163.653876728446,12181.198073074447
2026-01-12 06:00:00,12417.0,11942.0,12393.083967312275,12513.01039954793,12448.964301035063,12476.451282960836
2026-01-12 07:00:00,12970.0,12185.0,12702.806718075353,12976.779574295637,12924.629615557116,12906.256856138372
2026-01-12 08:00:00,13575.0,12503.0,13093.865196475785,13465.846045214103,13395.660423204225,13348.13637426761
2026-01-12 09:00:00,14307.0,13044.0,13680.574355509387,14213.87971335326,14141.108207292236,14119.329085507934
2026-01-12 10:00:00,14550.0,13352.0,13994.240744592946,14387.518521417103,14319.692210529623,14340.216006269227
2026-01-12 11:00:00,14687.0,13677.0,14227.21759321644,14525.143968952954,14546.93892898582,14572.920131061917
2026-01-12 12:00:00,14676.0,13872.0,14325.295431041803,14503.410613722279,14452.519593920755,14493.54567554852
2026-01-12 13:00:00,14625.0,13860.0,14317.352242811065,14483.951254341968,14423.544514944779,14473.223642872237
2026-01-12 14:00:00,14596.0,13889.0,14323.621254107748,14491.47667649873,14402.855453199949,14478.0359518068
2026-01-12 15:00:00,14615.0,13912.0,14327.393835212866,14486.134096047701,14381.156765886923,14465.489228829992
2026-01-12 16:00:00,14642.0,14030.0,14427.026636842755,14514.229910244434,14426.565562090876,14512.458041107251
2026-01-12 17:00:00,14819.0,14353.0,14643.126321593736,14598.799006097219,14568.056368802185,14628.816743906644
2026-01-12 18:00:00,14859.0,14438.0,14708.483474848746,14656.110759660985,14679.44966059389,14721.986950487444
2026-01-12 19:00:00,14801.0,14414.0,14684.082058651513,14608.448610096208,14629.539621755539,14656.222519053317
2026-01-12 20:00:00,14512.0,14147.0,14463.849423613652,14410.12342779422,14414.166502287066,14385.746755085162
2026-01-12 21:00:00,14363.0,14086.0,14404.562077620043,14304.898567679533,14303.505003920807,14238.3677697588
2026-01-12 22:00:00,14114.0,13821.0,14140.884926048104,14011.862915268193,14064.37283951699,14005.067111979004
2026-01-12 23:00:00,13595.0,13386.0,13731.814129876999,13490.505138694909,13635.755424752386,13612.295986492103
2026-01-13 00:00:00,13237.0,13051.0,13413.344155450228,13334.812386926766,13450.265954523966,13443.657950520075
2026-01-13 01:00:00,12785.0,12697.0,13017.278400685867,12734.99450548005,12852.774948043421,12840.661529712954
2026-01-13 02:00:00,12538.0,12389.0,12727.15459198504,12419.717157017509,12496.980370654388,12487.689453144938
2026-01-13 03:00:00,12404.0,12228.0,12581.233628889595,12286.00194108464,12327.378753288784,12321.721568137295
2026-01-13 04:00:00,12356.0,12098.0,12467.687612704865,12218.626387658336,12236.821630454711,12231.741061065235
2026-01-13 05:00:00,12422.0,12111.0,12491.490566058957,12246.38533437842,12289.69969853748,12263.651322435668
2026-01-13 06:00:00,12763.0,12207.0,12652.051357730947,12519.286758964172,12493.380196430982,12478.857787622232
2026-01-13 07:00:00,13226.0,12384.0,12924.06573304535,13193.143990242721,12945.210342448427,12864.220093840171
2026-01-13 08:00:00,13822.0,12770.0,13327.156365657109,13731.299235580294,13523.352263824238,13445.843362490143
2026-01-13 09:00:00,14529.0,13309.0,13896.617388959865,14239.62492289636,14304.37865467277,14200.918945707539
2026-01-13 10:00:00,14695.0,13674.0,14244.21583514963,14340.512907071627,14552.615657648348,14491.313909618082
2026-01-13 11:00:00,14828.0,13980.0,14480.461000389854,14439.663893040766,14627.353784158833,14545.580443803718
2026-01-13 12:00:00,14821.0,14067.0,14528.972533910191,14466.439562622274,14632.28267759873,14569.954750598405
2026-01-13 13:00:00,14725.0,14085.0,14534.648655611574,14453.079087614766,14606.464846127588,14566.744820958
2026-01-13 14:00:00,14775.0,14164.0,14573.756339396321,14440.55437636274,14580.803002206363,14550.503386948942
2026-01-13 15:00:00,14748.0,14165.0,14550.49228086938,14429.544441976814,14531.318876625814,14524.29636606989
2026-01-13 16:00:00,14791.0,14268.0,14629.947691048836,14473.903154170957,14568.385642680381,14542.234014284793
2026-01-13 17:00:00,14937.0,14550.0,14829.050676503466,14586.438089384937,14706.784501034394,14700.250333067448
2026-01-13 18:00:00,14931.0,14603.0,14885.476692107944,14603.81039396966,14817.741338104606,14739.687079765485
2026-01-13 19:00:00,14867.0,14551.0,14853.926336895527,14586.08218120323,14785.101812709092,14707.37061666528
2026-01-13 20:00:00,14573.0,14288.0,14636.287468893459,14367.140793033974,14562.461335109003,14408.14561092693
2026-01-13 21:00:00,14398.0,14106.0,14501.311406157962,14228.780484857563,14437.082301803399,14313.693993294573
2026-01-13 22:00:00,14137.0,13845.0,14255.996541099466,13902.795724801714,14229.955343345722,14118.789841549546
2026-01-13 23:00:00,13664.0,13483.0,13874.017391611038,13447.116074080779,13814.015730991712,13642.34821337854
2026-01-14 00:00:00,13269.0,13216.0,13691.636746498129,13066.376465675574,13210.56373493646,13174.820163197686
2026-01-14 01:00:00,12749.0,12735.0,13224.857888484306,12582.272626017722,12823.26389781578,12786.19071704418
2026-01-14 02:00:00,12457.0,12476.0,12955.507928993948,12320.952111932182,12521.538615618407,12460.2141641695
2026-01-14 03:00:00,12351.0,12354.0,12800.03812656619,12161.134498264033,12355.49049017801,12282.403966957456
2026-01-14 04:00:00,12336.0,12307.0,12724.368431897468,12135.690119412926,12341.357906301195,12249.200053967186
2026-01-14 05:00:00,12402.0,12204.0,12693.157849871495,12179.056604969615,12370.153264575043,12290.77477214618
2026-01-14 06:00:00,12799.0,12351.0,12852.087391788813,12502.383649819676,12768.057022215295,12720.732239820125
2026-01-14 07:00:00,13287.0,12538.0,13119.704923672272,13077.617359132097,13280.491819033432,13222.18650213937
2026-01-14 08:00:00,13881.0,12740.0,13435.249763649794,13534.526550918175,13796.716917732125,13746.545284370082
2026-01-14 09:00:00,14537.0,13143.0,13929.236101770883,14016.938851284645,14112.358632650361,14111.224244194484
2026-01-14 10:00:00,14747.0,13429.0,14254.56924979877,14135.652985746281,14391.616018954079,14426.76305008498
2026-01-14 11:00:00,14832.0,13703.0,14479.150588207836,14311.790690157246,14586.721532390426,14585.28322625408
2026-01-14 12:00:00,14744.0,13820.0,14554.802542312871,14317.34107263012,14551.04065092244,14585.486718912396
2026-01-14 13:00:00,14669.0,13828.0,14556.716578984873,14293.897568124943,14511.949567218448,14578.452776474302
2026-01-14 14:00:00,14704.0,13827.0,14555.024616386221,14265.432410668041,14504.121009555522,14585.943675256798
2026-01-14 15:00:00,14619.0,13814.0,14526.142572410321,14237.785130390668,14456.849684016968,14549.375231570066
2026-01-14 16:00:00,14706.0,13903.0,14603.845055206033,14301.248250096041,14473.918377408574,14555.536120408486
2026-01-14 17:00:00,14822.0,14206.0,14814.133661785616,14405.248127951212,14684.968216243138,14753.020827272927
2026-01-14 18:00:00,14896.0,14358.0,14922.549857513344,14435.087894801592,14754.736482334003,14780.461420803473
2026-01-14 19:00:00,14804.0,14306.0,14868.86536972324,14410.679575376156,14690.045873000676,14681.647746887333
2026-01-14 20:00:00,14563.0,14098.0,14671.560448328,14134.211952606303,14501.05576169706,14470.013368068801
2026-01-14 21:00:00,14338.0,14050.0,14598.531958593801,13966.855765881171,14363.707437329924,14309.39823787786
2026-01-14 22:00:00,14083.0,13905.0,14405.54130748056,13746.081634159289,14116.010968534396,14003.922790236773
2026-01-14 23:00:00,13577.0,13523.0,14001.275932309787,13223.763111039329,13679.360905007175,13580.39724587427
2026-01-15 00:00:00,13140.0,13252.0,13583.144815589832,12941.526005488151,13196.277343640593,13063.357550355784
2026-01-15 01:00:00,12699.0,12869.0,13187.192231233152,12438.761618702461,12820.099102259586,12680.479136752365
2026-01-15 02:00:00,12431.0,12650.0,12952.443940631278,12140.386736522583,12570.656052670429,12418.990160759202
2026-01-15 03:00:00,12350.0,12494.0,12783.297589706817,12002.208267690963,12422.819404206595,12252.587054280642
2026-01-15 04:00:00,12221.0,12324.0,12657.429479085611,11966.511810090664,12318.370434432602,12186.497776196637
2026-01-15 05:00:00,12299.0,12288.0,12646.468147586771,12010.724938928088,12383.14229228564,12208.485769727717
2026-01-15 06:00:00,12679.0,12393.0,12811.335672431593,12329.593814084508,12738.725078552063,12566.986100281301
2026-01-15 07:00:00,13224.0,12653.0,13139.150864692496,12836.831160092936,13122.540007805079,12908.768659177478
2026-01-15 08:00:00,13735.0,12901.0,13489.845531191884,13356.101555504572,13757.036023233246,13538.833181292332
2026-01-15 09:00:00,14373.0,13436.0,14047.500509369882,13827.031169907741,14104.549910710311,13951.032522364696
2026-01-15 10:00:00,14584.0,13767.0,14355.784905790992,14109.117268659385,14330.340003144047,14200.422932491178
2026-01-15 11:00:00,14591.0,14080.0,14583.219902704794,14169.520936613852,14373.734207136107,14231.931499181765
2026-01-15 12:00:00,14566.0,14172.0,14611.838811608237,14126.995328890222,14317.376814686555,14225.45853643319
2026-01-15 13:00:00,14527.0,14143.0,14588.99735129958,14090.824194042461,14324.449169553965,14196.088823538506
2026-01-15 14:00:00,14499.0,14197.0,14612.881906968516,14133.609450838274,14307.1634772,14227.058753940442
2026-01-15 15:00:00,14477.0,14192.0,14597.264757709389,14064.132034045619,14244.944264088894,14192.681982679669
2026-01-15 16:00:00,14549.0,14368.0,14696.18531707778,14136.810372078042,14311.717632709226,14245.225017573517
2026-01-15 17:00:00,14690.0,14619.0,14865.072145066652,14239.233812821185,14561.436909172642,14421.279218793397
2026-01-15 18:00:00,14763.0,14708.0,14935.525077679456,14258.24046753368,14574.781766191983,14500.513500081752
2026-01-15 19:00:00,14703.0,14683.0,14907.166260755253,14245.597804948524,14645.190769169101,14558.741601672833
2026-01-15 20:00:00,14457.0,14438.0,14690.535149024572,14016.036266774541,14452.88373561238,14371.64949805949
2026-01-15 21:00:00,14267.0,14289.0,14566.388021614206,13813.44067575089,14299.733273889278,14210.1490780679
2026-01-15 22:00:00,13996.0,14081.0,14344.890244492906,13539.92450954817,13997.588464590235,13920.989260412047
2026-01-15 23:00:00,13461.0,13758.0,13970.012250854106,13096.442226026196,13649.141698880137,13576.643806982682
2026-01-16 00:00:00,13051.0,13352.0,13451.295055081531,12981.717617673432,13148.043151266013,13223.958134215263
2026-01-16 01:00:00,12639.0,12949.0,13018.879904131969,12437.509923719173,12680.7820615789,12707.036850290417
2026-01-16 02:00:00,12368.0,12659.0,12739.346619978713,12077.73721167696,12445.472636333936,12429.057907937695
2026-01-16 03:00:00,12237.0,12467.0,12559.623106005893,11954.858428351657,12297.140487037721,12304.335384070635
2026-01-16 04:00:00,12171.0,12353.0,12454.426304151004,11921.27662613942,12260.855914550737,12244.245543605632
2026-01-16 05:00:00,12277.0,12352.0,12462.928296704798,11964.166882044268,12329.719567900776,12316.517329725495
2026-01-16 06:00:00,12629.0,12464.0,12649.89274114291,12373.012169973017,12658.807697744967,12675.848466854912
2026-01-16 07:00:00,13119.0,12626.0,12921.91638913611,12890.99948509656,13064.645665603179,13104.0646790584
2026-01-16 08:00:00,13734.0,13007.0,13355.114730646002,13353.172266839414,13515.70687957947,13622.588348475681
2026-01-16 09:00:00,14449.0,13558.0,13934.788628560433,13990.575673814612,14055.33993459656,14120.897708725934
2026-01-16 10:00:00,14594.0,13856.0,14241.730080884248,14168.671763102191,14283.222512344595,14343.307934440038
2026-01-16 11:00:00,14664.0,14152.0,14449.747427839839,14234.413056479621,14297.982904986859,14431.000678838918
2026-01-16 12:00:00,14647.0,14265.0,14508.191587793212,14258.244954181762,14369.20904565127,14492.373130969749
2026-01-16 13:00:00,14639.0,14233.0,14476.326058770394,14187.861179412832,14312.926571614184,14456.339239130533
2026-01-16 14:00:00,14656.0,14257.0,14490.023336473858,14218.314124233902,14336.897717332928,14479.146296970279
2026-01-16 15:00:00,14608.0,14267.0,14471.481494775433,14177.91865436191,14228.911574677977,14388.520931232259
2026-01-16 16:00:00,14587.0,14374.0,14546.704676063166,14227.101907985545,14300.184050646041,14421.217072746707
2026-01-16 17:00:00,14674.0,14655.0,14723.232772849828,14306.556091601145,14427.316436794308,14475.246350042878
2026-01-16 18:00:00,14803.0,14683.0,14757.355901335517,14331.395866339466,14479.021036208596,14668.583808233032
2026-01-16 19:00:00,14804.0,14635.0,14720.405537781575,14325.90068740178,14437.709483081544,14633.028464435072
2026-01-16 20:00:00,14465.0,14406.0,14520.720128878045,14104.574293230846,14318.747889596032,14393.448309426338
2026-01-16 21:00:00,14255.0,14227.0,14383.543635082264,13895.068152028402,14097.669016139702,14197.545080964317
2026-01-16 22:00:00,14098.0,13962.0,14143.135781113806,13593.031879864335,13800.207506644783,13933.600186867066
2026-01-16 23:00:00,13705.0,13572.0,13741.57026530474,13132.170574121863,13467.712534676913,13610.899029544504
2026-01-17 00:00:00,13313.0,13289.0,13179.814942991345,12962.653397743605,13048.252040385863,13170.26002606603
2026-01-17 01:00:00,12909.0,12833.0,12722.768760247667,12632.15556668972,12760.233750306868,12907.227931196008
2026-01-17 02:00:00,12564.0,12493.0,12411.269037119775,12222.754117099115,12446.343556922973,12523.434846423352
2026-01-17 03:00:00,12387.0,12409.0,12305.76984120969,12064.331991342171,12343.591450688253,12442.606456997068
2026-01-17 04:00:00,12282.0,12277.0,12189.374457866299,11929.042848947758,12180.882848006966,12252.250827496444
2026-01-17 05:00:00,12313.0,12215.0,12169.897125171232,11922.486224676766,12177.42510340224,12242.45744850803
2026-01-17 06:00:00,12468.0,12347.0,12369.842557196447,12135.21449759419,12489.953244090797,12567.518322936497
2026-01-17 07:00:00,12712.0,12524.0,12659.500084023332,12326.269282574513,12572.58510177137,12633.518051116826
2026-01-17 08:00:00,13066.0,12763.0,13015.532557146156,12739.575407756414,13058.422951610342,13209.900751124116
2026-01-17 09:00:00,13678.0,13259.0,13582.807168707452,13229.566340909098,13483.099180911107,13564.456647128245
2026-01-17 10:00:00,14072.0,13586.0,13894.845367171136,13618.519982415866,13818.56113392612,13906.431530142518
2026-01-17 11:00:00,14380.0,13895.0,14105.883900966486,13902.126432828882,14019.405382268187,14107.754419932598
2026-01-17 12:00:00,14439.0,14095.0,14187.894357365005,13969.444832396475,14114.536066747149,14180.289231542327
2026-01-17 13:00:00,14439.0,14135.0,14190.554868675192,13891.898781688196,14071.065295690141,14147.319813539658
2026-01-17 14:00:00,14397.0,14196.0,14206.017827450567,13921.789293291118,14057.087820486093,14130.667062150344
2026-01-17 15:00:00,14327.0,14178.0,14169.70958089743,13869.105335942573,13967.301820987994,14093.777455195586
2026-01-17 16:00:00,14427.0,14258.0,14230.828037037276,13988.589864830965,14016.146559580891,14135.924117902608
2026-01-17 17:00:00,14617.0,14479.0,14375.077537799532,14166.871747259329,14171.466786225168,14168.985264148821
2026-01-17 18:00:00,14729.0,14546.0,14439.89429045276,14241.998685731325,14341.407334385402,14321.34728427444
2026-01-17 19:00:00,14658.0,14484.0,14381.265003978175,14217.19737276467,14287.55210395183,14293.843485718044
2026-01-17 20:00:00,14384.0,14228.0,14160.225281195355,13929.366003002644,14094.581556733081,14177.991645380866
2026-01-17 21:00:00,14226.0,14095.0,14026.574656735498,13768.54170456098,13911.051401956323,14016.621468698302
2026-01-17 22:00:00,13964.0,13835.0,13774.277976022691,13453.139866775377,13564.774475609662,13697.530770170926
2026-01-17 23:00:00,13552.0,13433.0,13358.729206988219,13020.120642560722,13192.757231324984,13274.113664796878
2026-01-18 00:00:00,13155.0,13168.0,13010.87397054195,12861.744277752425,12857.241444580988,12847.622037091465
2026-01-18 01:00:00,12694.0,12724.0,12570.998756083723,12437.65030482964,12491.403808960802,12485.756823220576
2026-01-18 02:00:00,12417.0,12459.0,12299.869356635056,12101.991191839008,12145.47429072983,12141.327008009563
2026-01-18 03:00:00,12272.0,12219.0,12109.575664157404,11894.769333496874,11943.298105513693,11915.941733794933
2026-01-18 04:00:00,12159.0,12075.0,11977.271249952657,11821.733670463753,11890.546638951373,11865.142891589328
2026-01-18 05:00:00,12194.0,12102.0,11998.164652693953,11789.812246478972,11909.60455443662,11864.367514732703
2026-01-18 06:00:00,12275.0,12136.0,12131.126270549981,11897.236444004016,12011.517161250602,11979.508760151832
2026-01-18 07:00:00,12379.0,12292.0,12407.047211064066,12071.603267121829,12132.29262425906,12088.000848713664
2026-01-18 08:00:00,12640.0,12528.0,12760.819090382784,12412.759194817323,12668.491990143053,12398.454703344341
2026-01-18 09:00:00,13132.0,13071.0,13332.665501948082,12853.263015503957,13125.925970399341,12839.103060012338
2026-01-18 10:00:00,13482.0,13357.0,13628.91426777386,13240.525722743218,13464.1743776956,13203.587113636664
2026-01-18 11:00:00,13772.0,13667.0,13848.073552312217,13568.567941188205,13801.121096299381,13507.44981209588
2026-01-18 12:00:00,13915.0,13855.0,13929.590313972009,13687.493023087956,13885.796729984606,13622.580058104637
2026-01-18 13:00:00,13924.0,13928.0,13958.831105514668,13699.439844822416,13901.696279920743,13641.654980386706
2026-01-18 14:00:00,14017.0,13980.0,13978.126212880852,13713.701237467458,13948.65071673942,13699.637906889033
2026-01-18 15:00:00,13950.0,13994.0,13961.613831048682,13698.92653018401,13938.929635753733,13679.896551356684
2026-01-18 16:00:00,14040.0,14119.0,14034.473753358727,13756.60301721617,13990.967532963843,13747.193349414656
2026-01-18 17:00:00,14230.0,14411.0,14196.935498484057,13977.420201724533,14141.122089182249,13913.017354406777
2026-01-18 18:00:00,14362.0,14505.0,14263.92795299309,14137.244464584477,14284.616478204132,14064.78546821032
2026-01-18 19:00:00,14390.0,14442.0,14206.846876024114,14117.810232506814,14240.763213040023,14001.921537541477
2026-01-18 20:00:00,14135.0,14191.0,13988.995203235496,13885.110347325059,14030.176503939347,13776.483919621083
2026-01-18 21:00:00,14032.0,14137.0,13899.475786040513,13734.081772957616,13866.450967038772,13612.729322655052
2026-01-18 22:00:00,13742.0,13785.0,13607.972518612467,13513.261223319387,13548.587661395226,13295.47221843432
2026-01-18 23:00:00,13288.0,13322.0,13156.526798192728,13122.43010447906,13158.41286966227,12972.088755867386
2026-01-19 00:00:00,12882.0,12929.0,12808.691701588665,13168.978568496066,12819.657367833272,12823.77376866078
2026-01-19 01:00:00,12405.0,12436.0,12337.446427599432,12690.974485401199,12442.004803048407,12558.300328115854
2026-01-19 02:00:00,12171.0,12210.0,12077.211732643005,12169.94559386026,12121.811656877633,12120.382045927472
2026-01-19 03:00:00,12037.0,11995.0,11887.68554502686,12104.314041923124,11949.14358652553,11877.020281371342
2026-01-19 04:00:00,11947.0,12004.0,11837.286934165544,12059.828420941652,11867.65742644268,11848.555525334845
2026-01-19 05:00:00,11991.0,12093.0,11886.855293144215,12095.242144210208,11955.588858983907,11925.076242591236
2026-01-19 06:00:00,12372.0,12417.0,12160.01534939282,12398.88112285376,12316.502239352167,12288.813640191125
2026-01-19 07:00:00,12963.0,12970.0,12621.92460611242,13014.5496795576,12804.853340599639,12888.018144464108
2026-01-19 08:00:00,13496.0,13575.0,13154.433062754732,13485.834109585387,13287.010247520144,13324.736968550209
2026-01-19 09:00:00,14118.0,14307.0,13829.761874635262,14273.591503977923,14013.059746288605,14003.609928986065
2026-01-19 10:00:00,14342.0,14550.0,14115.689699556759,14548.425015760937,14107.659039034801,14077.20884849503
2026-01-19 11:00:00,14363.0,14687.0,14265.595677218886,14617.974143892696,14196.4132413855,14178.485776894526
2026-01-19 12:00:00,14297.0,14676.0,14266.861297202384,14571.832506015462,14104.710434414506,14113.997994589849
2026-01-19 13:00:00,14330.0,14625.0,14232.894521545491,14557.260896345315,14089.05049356078,14106.999936553364
2026-01-19 14:00:00,14286.0,14596.0,14213.781294991104,14533.911705212404,14098.432293819184,14098.251869647691
2026-01-19 15:00:00,14290.0,14615.0,14211.0199486345,14491.712136279395,14050.205521396958,14054.850416470945
2026-01-19 16:00:00,14323.0,14642.0,14231.348395883153,14555.312083275909,14084.80414397223,14078.138161358009
2026-01-19 17:00:00,14431.0,14819.0,14349.855451623582,14630.568432910384,14143.66006967711,14140.700641339505
2026-01-19 18:00:00,14437.0,14859.0,14403.670069929496,14696.97014259785,14266.420642508258,14265.52118263349
2026-01-19 19:00:00,14374.0,14801.0,14354.958280981871,14688.049614123838,14221.779591511031,14222.139861363654
2026-01-19 20:00:00,14124.0,14512.0,14098.963960556008,14441.298112199273,13969.371040084157,13980.07228267623
2026-01-19 21:00:00,14001.0,14363.0,13963.958436402141,14233.805085233977,13801.96716737021,13807.592228279971
2026-01-19 22:00:00,13728.0,14114.0,13727.627034066903,13917.420584764324,13479.40645822102,13488.79856358697
2026-01-19 23:00:00,13339.0,13595.0,13258.387616189888,13459.572264509497,13127.813659615747,13172.56446661199
2026-01-20 00:00:00,12865.0,13237.0,12948.483181406576,13404.24768294675,13045.99395049596,13090.788471760743
2026-01-20 01:00:00,12436.0,12785.0,12502.481278636318,12678.509466285974,12540.150488280597,12554.290710160396
2026-01-20 02:00:00,12211.0,12538.0,12235.768090949907,12397.149645618314,12240.53171540341,12217.27716938976
2026-01-20 03:00:00,11997.0,12404.0,12089.916282033057,12218.43375780448,12095.965895882817,12074.591132944042
2026-01-20 04:00:00,11975.0,12356.0,12009.505752889285,12172.465795312795,12046.732307946,12009.56522391317
2026-01-20 05:00:00,12058.0,12422.0,12047.203575817883,12224.320702441215,12133.478038535513,12103.7517429669
2026-01-20 06:00:00,12402.0,12763.0,12307.77396117316,12523.572066715691,12410.041984613863,12414.07991156542
2026-01-20 07:00:00,12930.0,13226.0,12697.961266658158,13126.877724851296,12967.033587745489,12940.100143808233
2026-01-20 08:00:00,13528.0,13822.0,13212.841710388151,13633.228577679258,13396.407200992953,13385.833540124237
2026-01-20 09:00:00,14217.0,14529.0,13887.21255086575,14174.336390804929,13959.45865652292,13980.003767569871
2026-01-20 10:00:00,14358.0,14695.0,14156.618980134812,14349.060900810657,14191.480727459797,14200.782138673938
2026-01-20 11:00:00,14437.0,14828.0,14329.82409186138,14504.414570193667,14225.787218951458,14224.878076056937
2026-01-20 12:00:00,14434.0,14821.0,14340.749411871457,14470.33033449946,14150.636746920476,14178.073451626366
2026-01-20 13:00:00,14324.0,14725.0,14292.729041252484,14446.523877421954,14157.56430588521,14160.911373902347
2026-01-20 14:00:00,14333.0,14775.0,14327.208900544294,14454.71022799778,14180.949658853959,14174.206018110968
2026-01-20 15:00:00,14277.0,14748.0,14290.900594296896,14417.848927714598,14150.091094845671,14110.981659596226
2026-01-20 16:00:00,14313.0,14791.0,14330.176839658227,14442.227838314704,14149.692998053608,14132.029747395885
2026-01-20 17:00:00,14403.0,14937.0,14434.430407455973,14563.736927944714,14166.223118624042,14130.99537971164
2026-01-20 18:00:00,14478.0,14931.0,14465.418475098755,14612.371263901088,14262.615447002285,14261.674954105632
2026-01-20 19:00:00,14409.0,14867.0,14417.360425700354,14609.04924746883,14249.559116562668,14240.509445480347
2026-01-20 20:00:00,14148.0,14573.0,14171.003902792534,14351.516851313017,14044.226580759616,14056.625730058877
2026-01-20 21:00:00,13976.0,14398.0,14034.102983059907,14092.50274735708,13825.847541189161,13822.71085159721
2026-01-20 22:00:00,13749.0,14137.0,13788.851090730768,13804.019217237414,13553.363310034962,13569.938660413787
2026-01-20 23:00:00,13239.0,13664.0,13346.213723954297,13310.296413228776,13200.291036927782,13253.021378705442
2026-01-21 00:00:00,12803.0,13269.0,12953.013583473421,13171.524138043362,13014.099481019522,13095.885976750451
2026-01-21 01:00:00,12376.0,12749.0,12467.065925813902,12604.828134808928,12518.622769334539,12637.802987640538
2026-01-21 02:00:00,12128.0,12457.0,12190.355961832833,12432.17422295498,12263.110438906566,12333.662409051074
2026-01-21 03:00:00,12037.0,12351.0,12066.031959024327,12275.67457366614,12077.226847692758,12153.110055993133
2026-01-21 04:00:00,11985.0,12336.0,12011.297909889325,12219.81379974728,12005.525284358071,12006.8531040508
2026-01-21 05:00:00,12047.0,12402.0,12049.876377516262,12262.33727619479,12071.708139941322,12041.982293071276
2026-01-21 06:00:00,12430.0,12799.0,12363.393638376583,12596.236541173732,12443.61676365953,12584.557337783257
2026-01-21 07:00:00,12994.0,13287.0,12784.19704807037,13050.50026457817,12918.661294932124,13028.822574856315
2026-01-21 08:00:00,13617.0,13881.0,13293.677727055885,13672.18100134433,13493.099329641145,13567.111763596773
2026-01-21 09:00:00,14239.0,14537.0,13924.380014645723,14392.125975770598,14083.339990177115,14128.346114251952
2026-01-21 10:00:00,14441.0,14747.0,14210.184685492328,14520.992244094345,14256.068704209281,14317.595041152417
2026-01-21 11:00:00,14559.0,14832.0,14339.8947277054,14533.867946735789,14307.008698479594,14367.696447668392
2026-01-21 12:00:00,14550.0,14744.0,14305.997524822084,14482.776491241253,14279.631432820046,14369.612758724359
2026-01-21 13:00:00,14447.0,14669.0,14281.435436046902,14474.812744291523,14270.698533340526,14371.657323810734
2026-01-21 14:00:00,14476.0,14704.0,14304.959458172028,14454.784056783283,14259.585776363354,14354.165841902959
2026-01-21 15:00:00,14420.0,14619.0,14242.076231858908,14443.141720149859,14229.668774251753,14254.873427716666
2026-01-21 16:00:00,14394.0,14706.0,14302.94966213957,14457.463181470355,14230.342548171266,14254.2288596814
2026-01-21 17:00:00,14525.0,14822.0,14409.65211678189,14513.058070024623,14277.899271822162,14333.650619059083
2026-01-21 18:00:00,14724.0,14896.0,14496.126179276325,14578.727701256297,14440.015197153452,14524.396708564995
2026-01-21 19:00:00,14722.0,14804.0,14446.654739564212,14594.05343523199,14405.899851630531,14529.864434821791
2026-01-21 20:00:00,14431.0,14563.0,14247.10755558818,14336.822719601256,14213.573312433658,14299.693679277367
2026-01-21 21:00:00,14265.0,14338.0,14118.81899648944,14100.41588055597,14024.648049161731,14205.178416128025
2026-01-21 22:00:00,14016.0,14083.0,13890.621894860058,13737.25304971128,13784.512006993515,13961.013926631804
2026-01-21 23:00:00,13529.0,13577.0,13447.339418064184,13307.61068871233,13479.967480531439,13666.693824496373
2026-01-22 00:00:00,13153.0,13140.0,13043.9733914985,13028.485255013165,13087.403352763218,13292.578552418996
2026-01-22 01:00:00,12693.0,12699.0,12615.462369975001,12632.530650066641,12706.142113264581,12874.67198541508
2026-01-22 02:00:00,12422.0,12431.0,12372.931893310628,12362.987781490601,12395.366222550834,12492.814669275396
2026-01-22 03:00:00,12355.0,12350.0,12250.987332277231,12188.475592905097,12319.47332877854,12433.043164708859
2026-01-22 04:00:00,12317.0,12221.0,12146.378133013379,12159.263654276603,12274.527688651942,12386.562344074644
2026-01-22 05:00:00,12419.0,12299.0,12201.173888093721,12165.27002904044,12365.702897576854,12432.559624612775
2026-01-22 06:00:00,12797.0,12679.0,12524.537786303326,12529.679460291005,12773.37865339814,12908.730370861855
2026-01-22 07:00:00,13251.0,13224.0,13015.339078103647,13056.179893288823,13231.073672308854,13388.850187548716
2026-01-22 08:00:00,13902.0,13735.0,13511.997236318832,13702.674122736478,13841.198269431196,14001.944222817803
2026-01-22 09:00:00,14605.0,14373.0,14166.26220140042,14352.30940071421,14380.159660112737,14536.025627686362
2026-01-22 10:00:00,14796.0,14584.0,14453.774007158268,14483.2623203562,14594.735969780442,14706.249119530601
2026-01-22 11:00:00,14898.0,14591.0,14528.47599962382,14525.737501404534,14615.696591025975,14736.22876235606
2026-01-22 12:00:00,14888.0,14566.0,14515.02046343748,14472.09163857837,14568.424812090527,14765.863970203032
2026-01-22 13:00:00,14816.0,14527.0,14483.7070233822,14411.758566825807,14497.94052050326,14701.052608069811
2026-01-22 14:00:00,14768.0,14499.0,14468.269379644422,14406.541967600428,14453.281561272986,14697.552714825886
2026-01-22 15:00:00,14777.0,14477.0,14449.494471318034,14376.809621855959,14395.754626006863,14660.39761279072
2026-01-22 16:00:00,14787.0,14549.0,14519.851940203058,14404.800021555233,14383.76170367583,14650.002813124293
2026-01-22 17:00:00,14820.0,14690.0,14642.080267133624,14560.64609286819,14440.191473324228,14685.000420769815
2026-01-22 18:00:00,15083.0,14763.0,14726.164604045513,14617.808577416057,14662.840735338514,14833.71965746976
2026-01-22 19:00:00,14969.0,14703.0,14694.488289317975,14598.196339798018,14642.829494163083,14795.04568695746
2026-01-22 20:00:00,14698.0,14457.0,14492.376008193723,14290.27611296037,14433.425377770553,14529.396560559479
2026-01-22 21:00:00,14495.0,14267.0,14367.756066980954,14035.142002216806,14336.704861765274,14375.163217433403
2026-01-22 22:00:00,14299.0,13996.0,14133.234468766186,13798.728474571111,14179.862107485435,14221.873676226296
2026-01-22 23:00:00,13834.0,13461.0,13676.63550268516,13174.11830113321,13670.89797051348,13725.682111792737
2026-01-23 00:00:00,13379.0,13051.0,13469.162603561861,12832.284505156938,13296.769401114776,13243.132212616792
2026-01-23 01:00:00,12927.0,12639.0,13054.87646469174,12479.390505797011,12947.919002950814,12907.508769967566
2026-01-23 02:00:00,12674.0,12368.0,12803.410221415783,12179.923907985476,12587.987430612882,12596.897405763524
2026-01-23 03:00:00,12522.0,12237.0,12661.411565756172,12067.121688787134,12502.106168209828,12450.810576476186
2026-01-23 04:00:00,12502.0,12171.0,12598.352447284127,12062.089755151363,12472.476453543486,12423.20374714388
2026-01-23 05:00:00,12655.0,12277.0,12668.611191110447,12064.079905973134,12525.560349334972,12465.441383052017
2026-01-23 06:00:00,12929.0,12629.0,12973.94977780923,12421.329962306909,12995.452784857864,12967.066802729638
2026-01-23 07:00:00,13528.0,13119.0,13438.068830291853,12914.142998800116,13487.14088482362,13458.461033496083
2026-01-23 08:00:00,14119.0,13734.0,14010.281781705744,13570.359443464638,14041.53327219969,13997.413591859473
2026-01-23 09:00:00,14735.0,14449.0,14695.883159761177,14368.006555628494,14570.574141702053,14567.226479789872
2026-01-23 10:00:00,14992.0,14594.0,14932.990673708275,14519.423083416488,14725.358239289728,14773.809926216689
2026-01-23 11:00:00,15039.0,14664.0,15035.12066892211,14577.609937610012,14794.199281986004,14803.120154581065
2026-01-23 12:00:00,15068.0,14647.0,15010.03341636094,14547.021961411012,14739.522125002819,14764.027854944688
2026-01-23 13:00:00,14999.0,14639.0,14972.036914843093,14466.04868909793,14700.118365849932,14671.596908818956
2026-01-23 14:00:00,14904.0,14656.0,14971.861921779247,14439.474842898675,14705.938351364235,14679.980824362194
2026-01-23 15:00:00,14834.0,14608.0,14914.260855609664,14374.831883017683,14641.039267138545,14630.1545569516
2026-01-23 16:00:00,14826.0,14587.0,14926.717267093629,14366.036100266523,14595.173328117928,14625.513340571037
2026-01-23 17:00:00,14910.0,14674.0,15020.307033055265,14464.159308352546,14626.003590505152,14685.127005350976
2026-01-23 18:00:00,15035.0,14803.0,15134.911514652089,14552.387449611579,14750.662264504484,14781.303555097807
2026-01-23 19:00:00,14962.0,14804.0,15126.922849579722,14552.878434154645,14740.154994200893,14758.266121881525
2026-01-23 20:00:00,14626.0,14465.0,14869.997728656537,14296.790541675566,14587.682194934168,14547.624443592731
2026-01-23 21:00:00,14420.0,14255.0,14709.828157042055,14058.953707760898,14479.114183118252,14394.523501125379
2026-01-23 22:00:00,14206.0,14098.0,14525.665847955908,13701.768047748425,14219.62732702369,14170.49284901138
2026-01-23 23:00:00,13805.0,13705.0,14118.108412623907,13291.324616460952,14013.462734636441,13906.003563433069
2026-01-24 00:00:00,13447.0,13313.0,13589.355071868069,12914.206546493997,13310.40529212471,13353.944180798433
2026-01-24 01:00:00,12936.0,12909.0,13168.456092811835,12563.464806684291,13011.47012395165,13015.146779804716
2026-01-24 02:00:00,12660.0,12564.0,12862.851998437998,12234.224592695777,12719.23560256151,12685.466949515307
2026-01-24 03:00:00,12546.0,12387.0,12704.767399037319,12071.750554378666,12565.762922374655,12535.942294893219
2026-01-24 04:00:00,12457.0,12282.0,12603.839684515842,11875.756801910946,12358.310553930205,12355.229107374498
2026-01-24 05:00:00,12468.0,12313.0,12635.680105152585,11946.279143547641,12479.505578162392,12449.021846419277
2026-01-24 06:00:00,12648.0,12468.0,12845.141377385631,12156.618365944412,12678.451529610951,12621.710547888575
2026-01-24 07:00:00,12867.0,12712.0,13178.012687834638,12278.27998537125,12772.825433174854,12791.146338658307
2026-01-24 08:00:00,13200.0,13066.0,13604.288119285799,12705.736380362972,13380.762407071328,13431.102509594415
2026-01-24 09:00:00,13770.0,13678.0,14211.816746570677,13358.595819160295,13881.638359909473,13919.605854064155
2026-01-24 10:00:00,14197.0,14072.0,14574.622758678917,13778.51743375247,14143.89928611327,14235.304288713698
2026-01-24 11:00:00,14433.0,14380.0,14792.656737574205,14010.774872806323,14339.170363631702,14409.624579427104
2026-01-24 12:00:00,14501.0,14439.0,14798.574000502864,14058.536824207116,14298.159953050494,14424.145370140022
2026-01-24 13:00:00,14508.0,14439.0,14770.216354476153,14040.247677108096,14280.417379762583,14409.58074693297
2026-01-24 14:00:00,14492.0,14397.0,14738.344821784292,13995.785870954996,14256.541348717394,14387.057168904652
2026-01-24 15:00:00,14431.0,14327.0,14680.30057311915,13942.806915421836,14192.049134154886,14351.698954755013
2026-01-24 16:00:00,14498.0,14427.0,14746.950321857226,14007.6220598594,14205.872932286526,14360.494591170438
2026-01-24 17:00:00,14639.0,14617.0,14886.32856368662,14076.785659689609,14237.734026006136,14373.6604681498
2026-01-24 18:00:00,14938.0,14729.0,15006.822715752145,14173.190700520543,14428.58115987181,14524.96321290511
2026-01-24 19:00:00,14895.0,14658.0,14965.18889191091,14125.042865208126,14406.445291889437,14493.555410342562
2026-01-24 20:00:00,14567.0,14384.0,14742.77764451396,13928.293343511801,14282.427906965037,14364.467469546942
2026-01-24 21:00:00,14483.0,14226.0,14618.199654561273,13721.806557360409,14153.28157273359,14223.338257265736
2026-01-24 22:00:00,14146.0,13964.0,14385.447820272067,13449.67761200907,13979.309795027504,14028.757342335062
2026-01-24 23:00:00,13735.0,13552.0,13971.438733718478,13129.666189653532,13791.917585321007,13873.276747781656
2026-01-25 00:00:00,13458.0,13155.0,13426.359897280629,12848.342058966327,13366.758107701606,13495.143061042616
2026-01-25 01:00:00,13046.0,12694.0,12975.788777352684,12430.381427579798,12878.665449240658,12980.833631530133
2026-01-25 02:00:00,12756.0,12417.0,12712.5965862567,12120.651843302841,12624.730429222727,12639.4947318387
2026-01-25 03:00:00,12602.0,12272.0,12568.173785892172,11832.340243162362,12441.019949048792,12498.190714004486
2026-01-25 04:00:00,12477.0,12159.0,12475.25728385153,11743.78799885657,12377.410545284787,12431.635123763106
2026-01-25 05:00:00,12533.0,12194.0,12517.78280593641,11795.818978041747,12440.01666987902,12489.34198544084
2026-01-25 06:00:00,12673.0,12275.0,12685.337434473497,11957.919563179596,12483.905562927024,12529.561612517451
2026-01-25 07:00:00,12812.0,12379.0,12949.443603671563,12159.15201021551,12804.923823703604,12877.967540310412
2026-01-25 08:00:00,13083.0,12640.0,13327.200483601682,12443.684211066902,13143.162440349675,13196.838931992073
2026-01-25 09:00:00,13611.0,13132.0,13886.079713878305,12928.491453149958,13587.979088891014,13641.639744419284
2026-01-25 10:00:00,14041.0,13482.0,14220.904157146297,13338.773744682678,13899.005153004413,13949.927824428514
2026-01-25 11:00:00,14309.0,13772.0,14425.41930596692,13651.361355046209,14117.471616018884,14197.859176998925
2026-01-25 12:00:00,14430.0,13915.0,14498.68965856959,13735.737662540143,14180.577047390536,14275.675911116341
2026-01-25 13:00:00,14419.0,13924.0,14482.087286897086,13740.092317997698,14167.397317160181,14259.957752501115
2026-01-25 14:00:00,14394.0,14017.0,14513.00678060116,13715.012945104683,14142.782509788265,14240.527166135229
2026-01-25 15:00:00,14340.0,13950.0,14458.813003174158,13718.148564114468,14103.132861338257,14199.484139103779
2026-01-25 16:00:00,14404.0,14040.0,14525.840985721876,13755.99311911801,14135.845971492365,14221.659974923596
2026-01-25 17:00:00,14601.0,14230.0,14664.817869293825,13938.46868872496,14295.631906871882,14318.370346888796
2026-01-25 18:00:00,14937.0,14362.0,14790.752648726788,14146.855900101069,14461.168944493622,14535.085207708024
2026-01-25 19:00:00,14942.0,14390.0,14788.812706129818,14115.469327040926,14512.023788886521,14505.129304025477
2026-01-25 20:00:00,14689.0,14135.0,14568.787849601911,13914.522510658693,14356.844174763813,14336.465349270773
2026-01-25 21:00:00,14540.0,14032.0,14473.170634720975,13787.20361238353,14265.940179838888,14264.483739815152
2026-01-25 22:00:00,14239.0,13742.0,14213.737747232535,13528.820851171968,14057.879113989415,14044.742093025478
2026-01-25 23:00:00,13834.0,13288.0,13780.985490885616,13089.509565175593,13780.956972891798,13745.723082420096
2026-01-26 00:00:00,13397.0,12882.0,13605.709777620217,13188.118815224254,13560.991242597578,13588.818368852042
2026-01-26 01:00:00,12931.0,12405.0,13132.673424389739,12569.678197845193,13054.703397504543,13079.11056200751
2026-01-26 02:00:00,12726.0,12171.0,12889.837088119675,12200.335092597781,12736.598198994268,12735.019839534007
2026-01-26 03:00:00,12570.0,12037.0,12743.155070974066,12015.140524876133,12580.193262978948,12589.573471586342
2026-01-26 04:00:00,12484.0,11947.0,12670.160018834125,11995.234144136624,12472.177022948665,12502.849419018034
2026-01-26 05:00:00,12615.0,11991.0,12730.704408075204,12035.391067266126,12534.20072727183,12552.629092416055
2026-01-26 06:00:00,13011.0,12372.0,13045.702363509456,12468.769238655686,13064.404518746069,13038.434222942515
2026-01-26 07:00:00,13554.0,12963.0,13573.130972802122,13139.891392147965,13609.95975727529,13657.249624756347
2026-01-26 08:00:00,14238.0,13496.0,14093.141282045413,13652.420427073286,14009.221378170398,14067.851381737228
2026-01-26 09:00:00,14884.0,14118.0,14729.16547645391,14383.638465771297,14495.047179057603,14584.077590293948
2026-01-26 10:00:00,15207.0,14342.0,15002.489448932402,14607.568010110497,14594.599988470382,14707.267732401719
2026-01-26 11:00:00,15276.0,14363.0,15070.155001567597,14623.474629753518,14649.414824633126,14748.515282535987
2026-01-26 12:00:00,15226.0,14297.0,15028.806329092371,14567.973055705703,14672.154454517415,14707.555657603378
2026-01-26 13:00:00,15207.0,14330.0,15034.665250948738,14557.611299127459,14720.446316811614,14675.103095755754
2026-01-26 14:00:00,15176.0,14286.0,15013.78151023103,14518.60346248792,14693.540317728552,14658.189006659244
2026-01-26 15:00:00,15092.0,14290.0,14987.47827980519,14511.006955180916,14647.04399761912,14604.746756643039
2026-01-26 16:00:00,15085.0,14323.0,15008.796835468525,14528.574739039539,14639.671565217574,14600.487504493498
2026-01-26 17:00:00,15116.0,14431.0,15092.206876296972,14640.450349448633,14685.82464879112,14647.275332324009
2026-01-26 18:00:00,15280.0,14437.0,15135.667679356078,14655.518263585429,14761.477365522273,14735.160992594929
2026-01-26 19:00:00,15244.0,14374.0,15077.452793161456,14630.465676188931,14709.191555584972,14689.692311472021
2026-01-26 20:00:00,14935.0,14124.0,14831.1738674399,14395.707610418236,14536.459766677273,14501.685403876514
2026-01-26 21:00:00,14766.0,14001.0,14708.24121300902,14185.326981798022,14461.791451480878,14426.658078165783
2026-01-26 22:00:00,14490.0,13728.0,14445.802879444669,13836.320312852513,14148.628973498364,14139.237292520836
2026-01-26 23:00:00,13983.0,13339.0,14032.554851674358,13427.495125899122,13916.278039252016,13903.485370870852
2026-01-27 00:00:00,13465.0,12865.0,13684.060647615297,13308.340002814164,13578.166041894732,13646.375008077013
2026-01-27 01:00:00,13017.0,12436.0,13236.708761113083,12943.98648232878,13234.209137460586,13214.557898259201
2026-01-27 02:00:00,12758.0,12211.0,12982.897504990766,12436.236638962546,12868.086047079674,12808.549053851742
2026-01-27 03:00:00,12620.0,11997.0,12804.772507061345,12327.876450426233,12751.460155312901,12766.686140393535
2026-01-27 04:00:00,12612.0,11975.0,12750.599801028158,12249.009381243799,12573.862205040716,12614.424819378319
2026-01-27 05:00:00,12694.0,12058.0,12807.653876881479,12314.281299525519,12708.773398236526,12718.00584110541
2026-01-27 06:00:00,13187.0,12402.0,13103.309475680786,12745.49459466988,13117.731393966746,13095.294448286413
2026-01-27 07:00:00,13580.0,12930.0,13556.381432688231,13245.556988228616,13655.34888706513,13615.677038146156
2026-01-27 08:00:00,14188.0,13528.0,14077.0391580135,13650.766466789071,14074.348572141453,14028.501036889369
2026-01-27 09:00:00,14874.0,14217.0,14734.09570603034,14304.518838227445,14471.16396952856,14507.259958966113
2026-01-27 10:00:00,15044.0,14358.0,14984.003806059052,14550.159069380288,14666.475311527474,14719.553489007558
2026-01-27 11:00:00,15090.0,14437.0,15087.743468633122,14591.0688992291,14740.676294460798,14783.110852485252
2026-01-27 12:00:00,15021.0,14434.0,15060.963275788858,14538.2656108002,14624.417477114297,14726.779694855128
2026-01-27 13:00:00,14936.0,14324.0,14980.073518980615,14460.14490483275,14586.9260012373,14688.33326960007
2026-01-27 14:00:00,14906.0,14333.0,14966.028047921267,14439.862691994247,14577.655850005413,14659.706632286263
2026-01-27 15:00:00,14887.0,14277.0,14916.439767838485,14368.840079684263,14546.067478114866,14562.26660475522
2026-01-27 16:00:00,14926.0,14313.0,14952.808176748906,14406.948612903496,14536.848366928392,14619.886963808425
2026-01-27 17:00:00,14925.0,14403.0,15045.115368845403,14481.229595735684,14536.154635696188,14643.89674967852
2026-01-27 18:00:00,15102.0,14478.0,15134.992980878968,14581.993995368077,14736.092016460252,14797.382468656522
2026-01-27 19:00:00,15119.0,14409.0,15092.551365906402,14534.374260771037,14710.769428821694,14749.906710459754
2026-01-27 20:00:00,14845.0,14148.0,14868.302245254847,14291.213597036338,14544.256189633717,14546.497637394574
2026-01-27 21:00:00,14629.0,13976.0,14761.943461362698,14095.40363918273,14446.44055428942,14443.978517203417
2026-01-27 22:00:00,14419.0,13749.0,14534.516778571997,13769.771522741456,14264.468386191995,14191.264452874293
2026-01-27 23:00:00,13925.0,13239.0,14076.998122323621,13327.644410977538,13942.859707007477,13871.092825495705
2026-01-28 00:00:00,13437.0,12803.0,13523.240737114776,12979.038676840082,13635.253485929488,13662.572871267837
2026-01-28 01:00:00,13056.0,12376.0,13077.212766372928,12618.23798422813,13118.899887481066,13149.11691100867
2026-01-28 02:00:00,12839.0,12128.0,12833.137945543853,12318.189420467046,12873.073460608894,12899.780685645637
2026-01-28 03:00:00,12657.0,12037.0,12718.655765325782,12130.535221909766,12748.046850041188,12799.235338358496
2026-01-28 04:00:00,12665.0,11985.0,12640.134702148387,12067.219276139243,12666.407999142793,12720.959766899256
2026-01-28 05:00:00,12792.0,12047.0,12686.541215644616,12198.767489188462,12796.666459837472,12841.993267122598
2026-01-28 06:00:00,13214.0,12430.0,12998.34789966466,12678.093134024755,13254.744798341104,13259.901455869534
2026-01-28 07:00:00,13664.0,12994.0,13473.597407978728,13057.596564318264,13776.991132634132,13765.234565993778
2026-01-28 08:00:00,14260.0,13617.0,14028.583475836273,13793.99349860072,14370.518040879577,14455.541243755622
2026-01-28 09:00:00,14893.0,14239.0,14630.57354685418,14212.553756958374,14541.172569930768,14625.490325984965
2026-01-28 10:00:00,15106.0,14441.0,14910.891403980411,14368.443745116492,14694.363359402578,14762.677052512145
2026-01-28 11:00:00,15121.0,14559.0,15023.708542002194,14423.612632617516,14735.29936975515,14807.118259723482
2026-01-28 12:00:00,15032.0,14550.0,14996.4786897831,14394.566052959022,14690.94142920604,14775.827770332739
2026-01-28 13:00:00,15055.0,14447.0,14915.456253431268,14367.4757913971,14660.573896359805,14746.29251513363
2026-01-28 14:00:00,15048.0,14476.0,14907.169605822397,14360.451918702698,14641.775793890512,14734.115388643013
2026-01-28 15:00:00,14990.0,14420.0,14848.770733771335,14285.61447672172,14574.199382189063,14702.176081780884
2026-01-28 16:00:00,15041.0,14394.0,14855.80938751817,14285.958277411277,14546.397178162264,14693.867717536372
2026-01-28 17:00:00,15055.0,14525.0,14952.968646725725,14353.92554325551,14555.219118628129,14710.905464238525
2026-01-28 18:00:00,15262.0,14724.0,15119.328135483294,14400.693511598749,14702.719360824733,14837.854442710022
2026-01-28 19:00:00,15267.0,14722.0,15118.126624782566,14399.488311136345,14694.898015000537,14795.790596805406
2026-01-28 20:00:00,15059.0,14431.0,14886.387566398706,14235.175617993355,14531.029170055574,14612.506094351123
2026-01-28 21:00:00,14823.0,14265.0,14766.98390308898,13995.603198258243,14450.820656787027,14495.219521724022
2026-01-28 22:00:00,14569.0,14016.0,14529.79534358748,13693.792714240823,14242.217002419688,14293.488395974648
2026-01-28 23:00:00,14084.0,13529.0,14081.42910927569,13243.58987251045,13933.589434583115,13967.75733276238
2026-01-29 00:00:00,13703.0,13153.0,13676.018209249354,13053.236156015968,13598.588739179564,13721.051770818229
2026-01-29 01:00:00,13252.0,12693.0,13234.590560105778,12658.92496085476,13169.613070635844,13261.683175649552
2026-01-29 02:00:00,12998.0,12422.0,12981.602796606814,12317.758869536005,12911.542290448024,12978.040752282523
2026-01-29 03:00:00,12853.0,12355.0,12868.217228136107,12189.847681535653,12807.943277742273,12843.692125907279
2026-01-29 04:00:00,12822.0,12317.0,12809.598520414722,12164.046428743117,12762.435522835029,12803.845591251027
2026-01-29 05:00:00,12931.0,12419.0,12887.28377100742,12238.284103514352,12859.034732244849,12891.03401892596
2026-01-29 06:00:00,13352.0,12797.0,13239.707660125883,12696.512570003442,13278.906723449043,13337.555503022333
2026-01-29 07:00:00,13963.0,13251.0,13698.494035735303,13059.627436982679,13747.10524299495,13802.018428148962
2026-01-29 08:00:00,14543.0,13902.0,14296.304210604474,13784.071212941271,14261.434922576873,14354.481126306617
2026-01-29 09:00:00,15138.0,14605.0,14983.51657743429,14274.54242941333,14644.15556759596,14764.72616134095
2026-01-29 10:00:00,15457.0,14796.0,15244.800135029145,14425.266907221465,14721.508836380952,14839.980624208256
2026-01-29 11:00:00,15541.0,14898.0,15325.03149971809,14422.269433420708,14732.277900942488,14853.957183816396
2026-01-29 12:00:00,15490.0,14888.0,15280.848779862863,14382.034434814175,14703.912863281756,14810.216195707922
2026-01-29 13:00:00,15394.0,14816.0,15212.880106843844,14343.852780908812,14656.6093668814,14780.427538821545
2026-01-29 14:00:00,15312.0,14768.0,15159.777024016343,14263.705224625315,14623.335149965706,14767.180863237869
2026-01-29 15:00:00,15248.0,14777.0,15128.792319288237,14235.494841304619,14583.439475491927,14713.058158113534
2026-01-29 16:00:00,15204.0,14787.0,15149.613442099257,14301.93658425322,14560.362685529986,14701.936011553618
2026-01-29 17:00:00,15238.0,14820.0,15190.444269999374,14320.274245298011,14536.164735950464,14724.926295899346
2026-01-29 18:00:00,15465.0,15083.0,15388.180656797787,14342.130980336167,14701.098338311755,14846.902729734838
2026-01-29 19:00:00,15454.0,14969.0,15333.906404168361,14341.973202595895,14705.593196379543,14828.78897236265
2026-01-29 20:00:00,15240.0,14698.0,15111.485758585728,14140.15167984715,14609.799950312205,14671.352929185581
2026-01-29 21:00:00,15006.0,14495.0,14962.748334467175,14020.605570765469,14529.52136943275,14568.648100696213
2026-01-29 22:00:00,14733.0,14299.0,14759.496794482675,13741.687077788016,14359.818181114417,14395.953403552197
2026-01-29 23:00:00,14340.0,13834.0,14307.265783217608,13268.903942864266,14040.016840836826,14065.42230370147
2026-01-30 00:00:00,13879.0,13379.0,14030.641085017593,13034.91506968083,13699.757368433387,13749.473358480514
2026-01-30 01:00:00,13455.0,12927.0,13590.137150368897,12661.963588180437,13319.266271800054,13360.655162265073
2026-01-30 02:00:00,13214.0,12674.0,13339.010041907044,12402.530772435963,13032.67797580081,13091.877287881765
2026-01-30 03:00:00,13065.0,12522.0,13197.575824814396,12190.944391336256,12869.257637068813,12928.056353630533
2026-01-30 04:00:00,13033.0,12502.0,13155.61284456233,12177.929663829884,12850.452867585036,12947.547228368869
2026-01-30 05:00:00,13203.0,12655.0,13261.292096622507,12271.098914972392,12975.35680898272,13067.620554431578
2026-01-30 06:00:00,13569.0,12929.0,13562.791996101061,12656.754978903356,13416.234051561367,13495.264560571512
2026-01-30 07:00:00,14056.0,13528.0,14074.201489278883,13116.49116003032,14015.553500466303,14109.943496717984
2026-01-30 08:00:00,14736.0,14119.0,14640.40402103017,13770.224369327121,14402.357245684587,14488.074573167154
2026-01-30 09:00:00,15319.0,14735.0,15281.359756712372,14248.389384307897,14697.294015622276,14781.273136401911
2026-01-30 10:00:00,15586.0,14992.0,15566.896898928058,14371.376127312036,14800.695464982537,14873.67957598899
2026-01-30 11:00:00,15723.0,15039.0,15629.812877419896,14370.993898966557,14763.671142481138,14890.609151334587
2026-01-30 12:00:00,15551.0,15068.0,15614.346492697314,14329.19415715943,14724.149621500792,14808.834695949261
2026-01-30 13:00:00,15503.0,14999.0,15553.090288589414,14301.667477064386,14698.130902989928,14793.505220297406
2026-01-30 14:00:00,15360.0,14904.0,15485.404146083118,14294.244830430467,14672.414320480984,14762.616464467403
2026-01-30 15:00:00,15199.0,14834.0,15421.295599353762,14260.40981384474,14619.227995079502,14713.301914603304
2026-01-30 16:00:00,15164.0,14826.0,15431.985653667693,14245.16595357197,14594.325401309792,14616.389827977167
2026-01-30 17:00:00,15251.0,14910.0,15496.064951630879,14263.549954174276,14574.901062386021,14623.896137824528
2026-01-30 18:00:00,15569.0,15035.0,15622.768805596352,14275.950748970274,14703.710540873615,14726.876758337208
2026-01-30 19:00:00,15623.0,14962.0,15597.147225419632,14277.27882028988,14725.760526406002,14718.619239552218
2026-01-30 20:00:00,15364.0,14626.0,15340.02297210134,14119.174511878007,14612.52440434117,14653.663329153034
2026-01-30 21:00:00,15125.0,14420.0,15181.3872244226,13927.367149398538,14507.367606552569,14510.49456901505
2026-01-30 22:00:00,14930.0,14206.0,14982.689764013081,13713.798678464686,14380.171259402987,14443.53737796206
2026-01-30 23:00:00,14471.0,13805.0,14577.800208887946,13383.596406797844,14142.895108487524,14219.525381232994
2026-01-31 00:00:00,14088.0,13447.0,14031.555733814013,13031.936881057654,13663.695350582519,13737.604400135984
2026-01-31 01:00:00,13638.0,12936.0,13569.711025325869,12496.745695530648,13136.115483339932,13124.90040764273
2026-01-31 02:00:00,13369.0,12660.0,13301.075827399945,12288.839537516107,12917.75062214349,12885.475067006204
2026-01-31 03:00:00,13271.0,12546.0,13171.698897121965,12116.611655326933,12720.079254856455,12740.867617602678
2026-01-31 04:00:00,13076.0,12457.0,13092.400084015135,12019.96477058707,12638.036132512918,12642.32507899174
2026-01-31 05:00:00,13161.0,12468.0,13128.01531774536,12109.733193699949,12711.697660365196,12709.393056965346
2026-01-31 06:00:00,13353.0,12648.0,13369.83622670364,12232.709364744102,12891.445767117817,12877.937464462859
2026-01-31 07:00:00,13527.0,12867.0,13703.089399182047,12515.840696321182,13276.37359253517,13261.254473466566
2026-01-31 08:00:00,13891.0,13200.0,14133.581072350846,12935.528237751056,13639.525379020362,13663.43052516585
2026-01-31 09:00:00,14441.0,13770.0,14729.379053518034,13411.504348197293,13988.65408306695,13982.943534504699
2026-01-31 10:00:00,14952.0,14197.0,15123.592996710246,13711.172054713012,14233.52039985053,14237.122769932446
2026-01-31 11:00:00,15215.0,14433.0,15296.49831028195,13980.82899246754,14389.61113197679,14394.070774107608
2026-01-31 12:00:00,15257.0,14501.0,15297.021735057628,13984.868120156825,14368.822308986068,14380.570525895539
2026-01-31 13:00:00,15189.0,14508.0,15275.410766837464,13973.818406211138,14312.34637239145,14358.258753780092
2026-01-31 14:00:00,15177.0,14492.0,15251.09752637247,13958.529911042635,14296.314771074944,14344.650679357293
2026-01-31 15:00:00,15064.0,14431.0,15179.198901789736,13929.585235713595,14247.240452173895,14329.057546463891
2026-01-31 16:00:00,15101.0,14498.0,15230.827145366105,13950.204450332067,14240.958741099113,14311.93579430989
2026-01-31 17:00:00,15241.0,14639.0,15338.678683833892,14049.534012739881,14252.8153445205,14301.949568424216
2026-01-31 18:00:00,15611.0,14938.0,15558.692778136154,14078.577400571028,14428.16474422738,14447.916590493624
2026-01-31 19:00:00,15617.0,14895.0,15539.198139049511,14081.184261020177,14463.47609283474,14453.048069370792
2026-01-31 20:00:00,15329.0,14567.0,15293.770605742098,13924.647083454729,14365.721722370052,14369.525473088008
2026-01-31 21:00:00,15168.0,14483.0,15203.944910910985,13865.395584060187,14311.002345500625,14305.119973270062
2026-01-31 22:00:00,14867.0,14146.0,14915.54265301216,13552.792471106603,14094.994940504612,14144.649972107392
2026-01-31 23:00:00,14460.0,13735.0,14515.179877435903,13315.085717719734,13936.629699216957,13970.510875841905
2026-02-01 00:00:00,14152.0,13458.0,14032.044217937622,13602.966356025814,13758.639542556268,13794.768123550604
2026-02-01 01:00:00,13669.0,13046.0,13606.570366675645,13126.418099909108,13274.782615270067,13311.498798830567
2026-02-01 02:00:00,13415.0,12756.0,13344.569642656406,12854.128912730199,13103.704798504992,13130.915767480838
2026-02-01 03:00:00,13233.0,12602.0,13205.035418718655,12796.084543667232,12961.091763945471,12954.396024702539
2026-02-01 04:00:00,13152.0,12477.0,13106.117384581905,12736.161822716904,12892.787480830244,12881.575969634223
2026-02-01 05:00:00,13223.0,12533.0,13164.290038219457,12755.743636063104,12932.621017956888,12929.638946574281
2026-02-01 06:00:00,13430.0,12673.0,13376.717755944355,12971.450831028384,13006.014209321851,13014.650819480592
2026-02-01 07:00:00,13626.0,12812.0,13667.47818909863,13204.004660047654,13180.750008850035,13197.666637226092
2026-02-01 08:00:00,13856.0,13083.0,14065.597110360992,13605.008791888773,13600.757406789762,13619.490017157292
2026-02-01 09:00:00,14356.0,13611.0,14641.826533392603,14045.185028764103,14079.250285943024,14063.693763225448
2026-02-01 10:00:00,14864.0,14041.0,15028.588481043247,14328.976295882045,14452.271201227328,14438.86756547163
2026-02-01 11:00:00,15216.0,14309.0,15213.949824612215,14552.650106674879,14656.749468433913,14651.502801425098
2026-02-01 12:00:00,15338.0,14430.0,15241.415461147473,14601.302154890282,14688.13685753556,14682.606424470516
2026-02-01 13:00:00,15257.0,14419.0,15205.028713250756,14601.038909539926,14633.626153311654,14641.580087936176
2026-02-01 14:00:00,15260.0,14394.0,15163.780789310633,14605.947353195372,14634.547612953538,14645.081106154474
2026-02-01 15:00:00,15229.0,14340.0,15093.043919421725,14605.947353195372,14583.412489435344,14603.149726141635
2026-02-01 16:00:00,15188.0,14404.0,15127.656982543493,14612.25483576359,14595.907231749537,14631.912150792248
2026-02-01 17:00:00,15323.0,14601.0,15251.897973360836,14714.524641276319,14708.687703483112,14732.52144426501
2026-02-01 18:00:00,15703.0,14937.0,15500.560134067779,14803.232142189154,14969.644146623685,14986.369801629817
2026-02-01 19:00:00,15769.0,14942.0,15507.735650546714,14846.186681441477,15018.59564515387,15024.204341614932
2026-02-01 20:00:00,15519.0,14689.0,15285.54413232432,14654.251196267576,14869.131154116643,14867.940444848724
2026-02-01 21:00:00,15361.0,14540.0,15144.515205754837,14565.19386632384,14761.65932732574,14770.984743621071
2026-02-01 22:00:00,14906.0,14239.0,14887.045080716183,14346.620934519397,14542.011764300094,14543.249206341998
2026-02-01 23:00:00,14418.0,13834.0,14464.656917020871,14133.285865497985,14228.342136366005,14211.832224227797
2026-02-02 00:00:00,14027.0,13397.0,14155.657135638787,14172.297351700507,14039.074093608047,14026.784339850456
2026-02-02 01:00:00,13610.0,12931.0,13693.478188561432,13606.564851105333,13633.886252278786,13618.696773493426
2026-02-02 02:00:00,13314.0,12726.0,13449.645502511834,13423.950393944708,13335.194843977528,13266.166682823572
2026-02-02 03:00:00,13163.0,12570.0,13291.08834066657,13335.88092887184,13228.50038858912,13173.771886424298
2026-02-02 04:00:00,13057.0,12484.0,13193.105671586132,13213.074261996038,13116.168294023419,13024.384719154536
2026-02-02 05:00:00,13126.0,12615.0,13281.076729389566,13250.516887106749,13228.31228481796,13161.057878418393
2026-02-02 06:00:00,13556.0,13011.0,13612.270502413792,13764.689671235614,13704.551634009757,13685.335721886417
2026-02-02 07:00:00,14032.0,13554.0,14083.742875332307,14047.726521921835,14030.880138506229,14045.15365049483
2026-02-02 08:00:00,14785.0,14238.0,14666.418259991904,14691.366356048893,14663.485875477129,14669.110107375987
2026-02-02 09:00:00,15314.0,14884.0,15284.327685814744,14999.358555071334,15091.045750470566,15086.521287300853
2026-02-02 10:00:00,15648.0,15207.0,15610.780930303632,15090.545277773032,15280.392328053715,15301.21884625151
2026-02-02 11:00:00,15772.0,15276.0,15691.491830594015,15080.33048542692,15292.040018662128,15306.823829014722
2026-02-02 12:00:00,15716.0,15226.0,15644.7974268535,14995.248312259384,15223.879030863287,15235.311050180733
2026-02-02 13:00:00,15684.0,15207.0,15603.387196770498,15031.317046723902,15213.255781135811,15179.352080728007
2026-02-02 14:00:00,15743.0,15176.0,15546.710595424716,14982.650913159816,15176.009480304956,15157.343903145776
2026-02-02 15:00:00,15722.0,15092.0,15446.731475259165,14982.650913159816,15083.451871171344,15073.33876244306
2026-02-02 16:00:00,15530.0,15085.0,15439.254031717439,14982.650913159816,15076.617843320444,15050.327392014706
2026-02-02 17:00:00,15509.0,15116.0,15472.301342631064,15048.29009272931,15088.914158158943,15079.302833832877
2026-02-02 18:00:00,15739.0,15280.0,15634.042670048175,15051.216279136443,15218.030852813597,15221.773011493091
2026-02-02 19:00:00,15687.0,15244.0,15610.491548350637,15028.124496895629,15234.754075051218,15215.73369918993
2026-02-02 20:00:00,15388.0,14935.0,15351.33959199829,14864.852682416655,15080.858813599049,15072.843250994805
2026-02-02 21:00:00,15106.0,14766.0,15207.13926117679,14737.467730029293,14962.075703773618,14954.128341202315
2026-02-02 22:00:00,14799.0,14490.0,14955.697425507928,14555.664942935764,14805.43640229878,14783.433867490798
2026-02-02 23:00:00,14263.0,13983.0,14491.204868464834,14351.60093260881,14465.08233351351,14441.30878610627
2026-02-03 00:00:00,13821.0,13465.0,13932.193245485212,14198.36474531853,14002.069619264572,14010.222632208024
2026-02-03 01:00:00,13356.0,13017.0,13477.584532570592,13871.035902413474,13700.788235493195,13707.404849074774
2026-02-03 02:00:00,13105.0,12758.0,13213.980382331752,13532.433983421277,13412.204107430376,13401.344241741424
2026-02-03 03:00:00,12976.0,12620.0,13073.594757034367,13405.931611311316,13282.392332192188,13254.401883720737
2026-02-03 04:00:00,12952.0,12612.0,13010.929340969105,13295.449037989556,13211.372025737133,13184.361930423554
2026-02-03 05:00:00,12995.0,12694.0,13065.491342859734,13354.949127290192,13306.48633628505,13277.300974120106
2026-02-03 06:00:00,13435.0,13187.0,13426.56936376812,13909.521040612906,13724.798269660281,13755.46038986477
2026-02-03 07:00:00,13904.0,13580.0,13809.750629138522,14184.31220863068,14099.441393466752,14145.363951892858
2026-02-03 08:00:00,14597.0,14188.0,14346.714650917878,14707.515778801055,14590.319588857928,14644.0369272643
2026-02-03 09:00:00,15114.0,14874.0,14993.774192523106,15027.873307546737,15020.299396472174,15075.614066032867
2026-02-03 10:00:00,15401.0,15044.0,15273.963162863243,15174.129187119765,15267.40845396767,15320.664362172412
2026-02-03 11:00:00,15488.0,15090.0,15367.889433008055,15192.467476749922,15334.998135127995,15413.093469171039
2026-02-03 12:00:00,15359.0,15021.0,15325.937413502907,15140.960311486138,15213.14282374919,15298.050869314657
2026-02-03 13:00:00,15319.0,14936.0,15243.444673876964,15069.316450124756,15114.715609469393,15201.77125283945
2026-02-03 14:00:00,15299.0,14906.0,15206.228892861825,15105.271130145757,15101.371854276256,15183.321060106258
2026-02-03 15:00:00,15236.0,14887.0,15148.236818314394,15062.960723353213,15052.675104387119,15103.200521621804
2026-02-03 16:00:00,15126.0,14926.0,15179.191228021338,15062.960723353213,15026.880553356308,15073.83003912273
2026-02-03 17:00:00,15083.0,14925.0,15219.69723767947,15128.599902922708,15020.947392524562,15090.887162160489
2026-02-03 18:00:00,15342.0,15102.0,15407.96650872903,15207.825598972966,15205.924986593569,15286.673563291153
2026-02-03 19:00:00,15442.0,15119.0,15426.660079623602,15131.52608932984,15230.99394545023,15314.053230455555
2026-02-03 20:00:00,15180.0,14845.0,15207.40931074142,14946.15638617935,15106.801594890538,15135.95988875899
2026-02-03 21:00:00,15001.0,14629.0,15049.524808241145,14797.64127041681,14916.078877235565,14932.22505797059
2026-02-03 22:00:00,14720.0,14419.0,14817.592335223533,14642.241496763518,14732.677624081722,14756.826746751683
2026-02-03 23:00:00,14161.0,13925.0,14362.210175840384,14366.234496537045,14341.516647087741,14359.828211116414
2026-02-04 00:00:00,13697.0,13437.0,13909.271428346849,13996.374138211087,14007.720474012285,14036.465104496752
2026-02-04 01:00:00,13172.0,13056.0,13501.452143075021,13596.29054065011,13705.895150612017,13764.809424806022
2026-02-04 02:00:00,12983.0,12839.0,13262.884645920225,13315.57290698719,13415.323508036829,13466.460199688545
2026-02-04 03:00:00,12899.0,12657.0,13092.897280942263,13221.697556595907,13264.854846390554,13373.184833722962
2026-02-04 04:00:00,12896.0,12665.0,13045.370778814171,13188.287381002181,13224.673431258734,13291.818615385971
2026-02-04 05:00:00,13012.0,12792.0,13126.85073521439,13210.960135524845,13291.39488688485,13345.863272989809
2026-02-04 06:00:00,13391.0,13214.0,13476.032456096349,13715.546723899488,13755.309119259942,13826.764885499117
2026-02-04 07:00:00,13939.0,13664.0,13900.587538008884,14309.557357577298,14173.580109665467,14228.596953624952
2026-02-04 08:00:00,14582.0,14260.0,14439.441708021046,14830.982565094611,14691.415812850244,14726.21180932427
2026-02-04 09:00:00,15100.0,14893.0,15067.40616575825,15041.727907134366,15055.052550893017,15078.882189050246
2026-02-04 10:00:00,15371.0,15106.0,15343.588178771333,15190.436737745615,15250.811160573643,15288.90899985695
2026-02-04 11:00:00,15436.0,15121.0,15411.050673688285,15272.116656490085,15287.33996910883,15322.301257324161
2026-02-04 12:00:00,15381.0,15032.0,15345.848516707012,15251.036476391595,15254.712290367363,15269.473601566851
2026-02-04 13:00:00,15306.0,15055.0,15320.721681720857,15168.495294420443,15190.00336609628,15224.486145054383
2026-02-04 14:00:00,15363.0,15048.0,15297.477746539875,15235.096981198121,15178.446137554025,15196.143633111908
2026-02-04 15:00:00,15257.0,14990.0,15225.869899687004,15155.500508591349,15091.903589934615,15102.661688165135
2026-02-04 16:00:00,15112.0,15041.0,15234.274667341704,15155.500508591349,15063.125709343276,15084.716869156058
2026-02-04 17:00:00,15026.0,15055.0,15262.762788499354,15234.048600640755,15053.908668421289,15075.156878677413
2026-02-04 18:00:00,15375.0,15262.0,15450.161051575473,15250.522606648432,15201.259705516728,15229.63031409239
2026-02-04 19:00:00,15361.0,15267.0,15458.69131897998,15250.522606648432,15267.779339630886,15245.693256386523
2026-02-04 20:00:00,15150.0,15059.0,15254.12235400573,15089.45820716958,15160.86181302427,15109.990821298392
2026-02-04 21:00:00,14914.0,14823.0,15071.561822825082,14901.891255329529,15060.91501879701,15009.84796827854
2026-02-04 22:00:00,14667.0,14569.0,14808.982068264644,14680.18858772392,14846.668161254453,14767.90942270092
2026-02-04 23:00:00,14098.0,14084.0,14342.700387073703,14437.76927877059,14479.035830414416,14396.588824221193
2026-02-05 00:00:00,13693.0,13703.0,13800.968840252193,14212.877334555758,14117.94086944657,14112.086149698682
2026-02-05 01:00:00,13255.0,13252.0,13354.10757084141,13513.618481792852,13539.138089380702,13540.291467406458
2026-02-05 02:00:00,13009.0,12998.0,13084.099740043086,13320.312119314694,13274.15397183373,13315.265924082489
2026-02-05 03:00:00,12847.0,12853.0,12933.937822156058,13085.06504992532,13137.510443432626,13201.405492748145
2026-02-05 04:00:00,12773.0,12822.0,12870.418020798323,13085.77621066864,13146.471114414584,13189.514042529394
2026-02-05 05:00:00,12910.0,12931.0,12943.065300322354,13127.325528685005,13195.04938210909,13250.931620511174
2026-02-05 06:00:00,13241.0,13352.0,13305.009906670412,13632.888778355618,13567.426854250378,13614.251788294167
2026-02-05 07:00:00,13807.0,13963.0,13825.935490541284,14385.842458200392,14180.817464027848,14211.502124697512
2026-02-05 08:00:00,14521.0,14543.0,14403.196728591649,14894.918522402235,14714.057012378507,14742.138197777906
2026-02-05 09:00:00,15013.0,15138.0,14995.519621288244,15198.03134261512,15090.102037767163,15143.133650416059
2026-02-05 10:00:00,15353.0,15457.0,15313.534807639357,15212.72803916343,15186.800513970822,15276.757081663569
2026-02-05 11:00:00,15394.0,15541.0,15392.626526016404,15212.72803916343,15180.669087164022,15301.433602947829
2026-02-05 12:00:00,15278.0,15490.0,15338.710022851674,15200.67528744524,15142.097332610738,15277.192061690237
2026-02-05 13:00:00,15208.0,15394.0,15252.629545512524,15194.433615117214,15084.34863289891,15222.23463313589
2026-02-05 14:00:00,15231.0,15312.0,15194.032801489811,15184.735792251766,15027.019682940354,15143.418373910225
2026-02-05 15:00:00,15108.0,15248.0,15134.297579677908,15181.43882928812,14980.361516549694,15075.62732264857
2026-02-05 16:00:00,15015.0,15204.0,15094.799635800187,15181.43882928812,14952.897547178904,15021.473400932711
2026-02-05 17:00:00,14988.0,15238.0,15122.604101786568,15183.6874116944,14941.12368417673,15016.458855101888
2026-02-05 18:00:00,15291.0,15465.0,15329.632708158057,15187.65674230742,15148.420944198515,15223.18820873572
2026-02-05 19:00:00,15332.0,15454.0,15319.224293406045,15187.65674230742,15177.464322671049,15223.354333500862
2026-02-05 20:00:00,15111.0,15240.0,15121.362501562051,15107.18490838312,15098.479659473685,15126.696276757619
2026-02-05 21:00:00,14996.0,15006.0,14944.92935061358,15031.986112581548,14982.986850600446,14997.490731287668
2026-02-05 22:00:00,14685.0,14733.0,14695.659064287092,14688.397337045335,14781.544702470974,14804.3595958194
2026-02-05 23:00:00,14158.0,14340.0,14273.256564612937,14494.937287249073,14285.84986378336,14324.426736564072
2026-02-06 00:00:00,13804.0,13879.0,13741.52959525506,14055.69156299781,14005.824398972594,14057.459019192911
2026-02-06 01:00:00,13392.0,13455.0,13305.512296564557,13421.200263764771,13521.615162921824,13587.480481274139
2026-02-06 02:00:00,13105.0,13214.0,13059.217585913098,13181.765737765169,13229.014869511147,13305.985564424012
2026-02-06 03:00:00,13034.0,13065.0,12911.305283029256,13076.21956520763,13174.773720213994,13234.384312738699
2026-02-06 04:00:00,13028.0,13033.0,12863.833405694531,13083.080007065928,13173.108173761486,13226.852368729671
2026-02-06 05:00:00,13051.0,13203.0,12976.763797802763,13183.13188416621,13262.750656124019,13324.92489911763
2026-02-06 06:00:00,13541.0,13569.0,13309.44125239593,13610.45788385334,13621.12865279124,13673.207099576546
2026-02-06 07:00:00,14012.0,14056.0,13793.071470096176,14378.236742678993,14228.762799891016,14257.481720949492
2026-02-06 08:00:00,14668.0,14736.0,14406.613416241466,14793.752178277162,14716.22083812462,14729.80530369286
2026-02-06 09:00:00,15276.0,15319.0,14998.08245600666,15101.442440538993,15082.070789976608,15110.466398508106
2026-02-06 10:00:00,15603.0,15586.0,15295.85901602429,15112.080647603972,15193.836454922626,15224.212454063332
2026-02-06 11:00:00,15738.0,15723.0,15391.811598775494,15112.080647603972,15185.274389481576,15224.929239568091
2026-02-06 12:00:00,15563.0,15551.0,15264.383660283856,15100.027895885782,15136.139588368529,15191.491133709886
2026-02-06 13:00:00,15555.0,15503.0,15207.439761496182,15093.786223557756,15072.070558826039,15135.825201777388
2026-02-06 14:00:00,15546.0,15360.0,15111.084130446872,15084.088400692308,15030.0600420102,15099.423118928513
2026-02-06 15:00:00,15415.0,15199.0,14992.649943710308,15080.791437728662,14957.704620089964,15007.00762481969
2026-02-06 16:00:00,15261.0,15164.0,14955.907266407772,15080.791437728662,14929.060294107101,14985.519855294322
2026-02-06 17:00:00,15199.0,15251.0,15006.653002894116,15084.635622100512,14881.559277287712,14946.520233166199
2026-02-06 18:00:00,15477.0,15569.0,15249.700601585671,15088.604952713531,15124.215586613018,15142.950980585018
2026-02-06 19:00:00,15577.0,15623.0,15273.358319009902,15088.604952713531,15150.780445780203,15140.183155233495
2026-02-06 20:00:00,15156.0,15364.0,15050.491065525002,15001.59128082381,15057.567419159534,15054.591692688682
2026-02-06 21:00:00,14955.0,15125.0,14861.89009713592,14862.943650817495,14918.388174176669,14908.654798407653
2026-02-06 22:00:00,14685.0,14930.0,14650.006962117735,14587.703080528825,14750.20050543865,14795.355073748131
2026-02-06 23:00:00,14223.0,14471.0,14191.662825756719,14403.34399527297,14266.963870422676,14296.969799228042
2026-02-07 00:00:00,13829.0,14088.0,13812.633082695238,13771.531915433168,13663.482385073183,13662.571890058502
2026-02-07 01:00:00,13366.0,13638.0,13360.711485869764,13192.195498903107,13231.812021048052,13236.328381653237
2026-02-07 02:00:00,13094.0,13369.0,13104.578878457265,12988.37642087297,13019.076742655438,13022.841053402666
2026-02-07 03:00:00,12961.0,13271.0,12998.209194865361,12889.306108159455,12963.269532628588,12958.730733204105
2026-02-07 04:00:00,12928.0,13076.0,12869.527407991407,12776.977860602097,12914.811607923815,12909.761110694597
2026-02-07 05:00:00,12940.0,13161.0,12939.015335765213,12914.02759957019,12987.022866299363,13018.88107001991
2026-02-07 06:00:00,13148.0,13353.0,13167.73516670893,13022.009653928035,13039.10457506141,13036.030513897062
2026-02-07 07:00:00,13326.0,13527.0,13478.317053051585,13513.71274993749,13331.394054511871,13334.982010343983
2026-02-07 08:00:00,13756.0,13891.0,13922.524525240344,14168.70511974263,13816.836991250018,13807.110543522233
2026-02-07 09:00:00,14262.0,14441.0,14488.080492918214,14416.595426576618,14268.593861035535,14212.169686001356
2026-02-07 10:00:00,14833.0,14952.0,14917.078535991546,14547.699279297289,14581.957015257749,14542.602332658429
2026-02-07 11:00:00,15009.0,15215.0,15077.565986035373,14784.613671227919,14700.899838577088,14707.9224615757
2026-02-07 12:00:00,14996.0,15257.0,15062.379789535164,14863.434808651738,14723.614514807738,14737.77657195555
2026-02-07 13:00:00,14899.0,15189.0,14997.911779846096,14863.171563301383,14650.541715068926,14700.172923231059
2026-02-07 14:00:00,14830.0,15177.0,14996.697680379835,14856.81583652984,14659.124971201603,14675.602818168038
2026-02-07 15:00:00,14783.0,15064.0,14873.457866531227,14794.665479268166,14592.306209316972,14585.527844037788
2026-02-07 16:00:00,14752.0,15101.0,14886.902071901379,14863.123319098058,14567.748057330984,14582.991366543676
2026-02-07 17:00:00,14852.0,15241.0,14964.192653778355,14895.760740156677,14582.31042279596,14620.393898838005
2026-02-07 18:00:00,15186.0,15611.0,15237.012643506005,14909.690571048688,14793.197270119119,14802.89099440591
2026-02-07 19:00:00,15297.0,15617.0,15241.552967127769,14916.66610841143,14844.169980850806,14794.586606068951
2026-02-07 20:00:00,14968.0,15329.0,14998.402149099418,14833.167485954194,14743.518745823896,14733.03742718153
2026-02-07 21:00:00,14845.0,15168.0,14855.009985446086,14780.22827235573,14612.16007599115,14580.193805337633
2026-02-07 22:00:00,14472.0,14867.0,14583.13592962514,14447.193063595781,14462.640456835801,14415.921343439333
2026-02-07 23:00:00,14129.0,14460.0,14161.251481674915,14265.379488998133,14068.750951561113,13999.126279869666
2026-02-08 00:00:00,13730.0,14152.0,13661.55891977877,13983.809652536538,13780.098140591512,13792.66937149015
2026-02-08 01:00:00,13241.0,13669.0,13204.0991213887,13243.740009508025,13281.543157828066,13271.739820668381
2026-02-08 02:00:00,12985.0,13415.0,12952.617954765774,12976.841552620586,13051.740361833376,13013.640273321027
2026-02-08 03:00:00,12810.0,13233.0,12782.76262469558,12902.508866359798,12927.601704102713,12880.381821948444
2026-02-08 04:00:00,12649.0,13152.0,12695.282544121656,12878.47291123609,12896.557475834756,12846.598615321795
2026-02-08 05:00:00,12672.0,13223.0,12748.470936002275,12873.705602685775,12917.787708886253,12847.116578809999
2026-02-08 06:00:00,12756.0,13430.0,12988.761248795454,13085.795685186866,13040.05194206537,12962.294113258624
2026-02-08 07:00:00,12979.0,13626.0,13292.328801595457,13614.137495972795,13275.370924122835,13260.657349424031
2026-02-08 08:00:00,13143.0,13856.0,13674.690787960611,14067.461515409661,13741.575904383533,13719.229705675216
2026-02-08 09:00:00,13546.0,14356.0,14217.614521502499,14322.654507515485,14143.172996625462,14132.399650048403
2026-02-08 10:00:00,14074.0,14864.0,14643.852272114722,14447.342518112546,14349.21536407141,14347.853135905661
2026-02-08 11:00:00,14402.0,15216.0,14859.198357180416,14621.651013642811,14503.412258268814,14513.178348638403
2026-02-08 12:00:00,14434.0,15338.0,14870.028025510102,14712.728625802483,14527.59485305506,14533.944763703634
2026-02-08 13:00:00,14435.0,15257.0,14798.634949302155,14712.465380452128,14495.005266839295,14511.264395475395
2026-02-08 14:00:00,14415.0,15260.0,14781.32710507627,14706.109653680585,14500.33639763979,14516.205788471758
2026-02-08 15:00:00,14291.0,15229.0,14726.276102197562,14670.130651791003,14457.86876853901,14480.60300383125
2026-02-08 16:00:00,14361.0,15188.0,14708.309567788172,14712.417136248803,14467.14282091006,14495.545578741085
2026-02-08 17:00:00,14403.0,15323.0,14801.15171424795,14810.85244733164,14462.099177251797,14521.854322996935
2026-02-08 18:00:00,14850.0,15703.0,15083.820248148322,14830.489798756564,14593.322728068202,14639.771364664359
2026-02-08 19:00:00,15009.0,15769.0,15124.819884294538,14837.465336119305,14723.572692155516,14699.006374750385
2026-02-08 20:00:00,14779.0,15519.0,14902.377024682355,14770.424567818725,14687.227540689297,14654.76382044291
2026-02-08 21:00:00,14633.0,15361.0,14784.984824103709,14712.518236530355,14565.797312169043,14546.494292791625
2026-02-08 22:00:00,14344.0,14906.0,14445.111171075865,14406.996621748376,14429.198358592948,14398.26283788414
2026-02-08 23:00:00,13893.0,14418.0,13990.951525134216,14207.490868873607,14054.494698074606,13994.032562158365
2026-02-09 00:00:00,13490.0,14027.0,13631.894839369505,14306.769141246683,13944.662637888652,13972.77325752127
2026-02-09 01:00:00,13087.0,13610.0,13194.155488437096,13801.08729980956,13555.167994271958,13577.74768548137
2026-02-09 02:00:00,12890.0,13314.0,12922.295989423299,13496.4319578088,13304.571459435268,13318.0823144367
2026-02-09 03:00:00,12695.0,13163.0,12768.32381995493,13208.447106928057,13058.474634320533,13084.809048176101
2026-02-09 04:00:00,12680.0,13057.0,12677.892600411538,13154.340962928107,13041.971235385377,13072.473381708636
2026-02-09 05:00:00,12747.0,13126.0,12729.757436254084,13185.38266105608,13097.784203403475,13114.441420112227
2026-02-09 06:00:00,13171.0,13556.0,13086.361699600757,13816.695331550673,13687.710740843886,13717.38272782485
2026-02-09 07:00:00,13784.0,14032.0,13523.662899652352,14029.499800595799,13906.929946119564,13984.494174044
2026-02-09 08:00:00,14430.0,14785.0,14155.602860444356,14591.897227458292,14428.138527575922,14533.481353473253
2026-02-09 09:00:00,14949.0,15314.0,14716.979581855663,14921.859379403315,14677.954438458899,14804.684966641686
2026-02-09 10:00:00,15234.0,15648.0,15061.792762646208,14977.54076736682,14856.730833999962,14991.050589765608
2026-02-09 11:00:00,15301.0,15772.0,15167.313374532427,14972.787274756163,14874.842941652229,15016.778505966115
2026-02-09 12:00:00,15247.0,15716.0,15093.76513216167,14932.589963723363,14758.153251864194,14941.119654415283
2026-02-09 13:00:00,15106.0,15684.0,15060.91506286363,14926.348291395338,14712.28277946165,14957.912040117126
2026-02-09 14:00:00,15177.0,15743.0,15055.144674793033,14914.531264888341,14692.358218009165,14926.327717220243
2026-02-09 15:00:00,15070.0,15722.0,15001.798876205205,14914.531264888341,14618.91038295117,14865.821308847675
2026-02-09 16:00:00,14978.0,15530.0,14894.097457528273,14914.531264888341,14600.61771419713,14862.990825082614
2026-02-09 17:00:00,14916.0,15509.0,14884.71108624492,14919.86554934444,14570.78214887266,14822.948782666874
2026-02-09 18:00:00,15205.0,15739.0,15075.790717633336,14928.253035487027,14705.447187839718,14933.861039253667
2026-02-09 19:00:00,15217.0,15687.0,15056.180306764847,14928.253035487027,14778.943389163363,14997.408419228077
2026-02-09 20:00:00,14907.0,15388.0,14780.631726780422,14868.84045997925,14653.72877544823,14887.083781197507
2026-02-09 21:00:00,14721.0,15106.0,14579.026941847296,14802.985387299628,14491.196538667049,14807.443485094138
2026-02-09 22:00:00,14415.0,14799.0,14294.070487757639,14640.079147932182,14330.750297968301,14632.937227232957
2026-02-09 23:00:00,13963.0,14263.0,13808.006641371452,14280.630407215605,13933.645521475017,14158.979162386015
2026-02-10 00:00:00,13498.0,13821.0,13727.017139911992,14281.195509056599,13826.545743862987,13917.930099614614
2026-02-10 01:00:00,13044.0,13356.0,13269.093416668531,13888.03072124707,13404.205036856194,13499.481904425336
2026-02-10 02:00:00,12779.0,13105.0,13004.499062508814,13462.720618122074,13122.339247123728,13165.691617558414
2026-02-10 03:00:00,12599.0,12976.0,12845.287073350522,13188.06870818049,12913.74254028136,12994.983706060399
2026-02-10 04:00:00,12575.0,12952.0,12785.744490487074,13051.691257547081,12855.136757522157,12942.510240858785
2026-02-10 05:00:00,12649.0,12995.0,12813.598879737317,13113.624831457759,12934.44243973018,13027.735764436595
2026-02-10 06:00:00,13056.0,13435.0,13147.042445642932,13517.544759490873,13248.237068321712,13310.215851099085
2026-02-10 07:00:00,13571.0,13904.0,13550.923917662352,14020.05082400255,13717.141413531517,13784.267330149765
2026-02-10 08:00:00,14119.0,14597.0,14118.227790331004,14227.085651616919,14186.444078809807,14255.608709252523
2026-02-10 09:00:00,14557.0,15114.0,14682.429762500598,14694.095044619266,14454.895330300267,14571.915431756684
2026-02-10 10:00:00,14934.0,15401.0,15016.744736898476,15017.173621279167,14691.672478042929,14834.39204280149
2026-02-10 11:00:00,15052.0,15488.0,15124.834645544248,15103.864791053735,14777.226511933017,14882.748256397927
2026-02-10 12:00:00,14922.0,15359.0,15047.177060748478,15075.841772902213,14679.242214666701,14777.760914873164
2026-02-10 13:00:00,14901.0,15319.0,14998.381302393062,15069.600100574187,14659.667815131934,14746.882813766573
2026-02-10 14:00:00,14977.0,15299.0,14971.1090544557,14983.6816559252,14665.697815894997,14719.243308477875
2026-02-10 15:00:00,14873.0,15236.0,14903.069992752939,14976.916381479567,14562.473504463396,14644.519144848366
2026-02-10 16:00:00,14754.0,15126.0,14861.462488478986,14976.916381479567,14542.016966067886,14622.76289881005
2026-02-10 17:00:00,14710.0,15083.0,14856.107315247807,15042.571672568714,14530.29673546913,14613.832117553213
2026-02-10 18:00:00,15027.0,15342.0,15079.881748139662,15066.407550745915,14734.521918337878,14798.807885791788
2026-02-10 19:00:00,15102.0,15442.0,15141.70806711243,15071.868850481369,14768.618518705434,14835.296849307122
2026-02-10 20:00:00,14812.0,15180.0,14911.317976818133,14988.080151419783,14587.046758045988,14651.909271860266
2026-02-10 21:00:00,14656.0,15001.0,14777.07169892326,14913.64769068688,14461.882351788166,14583.180682327762
2026-02-10 22:00:00,14397.0,14720.0,14511.311213651095,14617.586718165016,14165.31928118918,14299.148448592958
2026-02-10 23:00:00,13839.0,14161.0,14032.979066867396,14264.023770699772,13823.24908872886,13894.85602689671
2026-02-11 00:00:00,13444.0,13697.0,13400.573266425365,13808.670383256382,13680.21903224891,13773.90287243251
2026-02-11 01:00:00,13008.0,13172.0,12929.523841720651,13386.358081035953,13289.83600572225,13279.955767467887
2026-02-11 02:00:00,12735.0,12983.0,12712.85242537337,13096.030320045804,13004.52187099478,13021.687116771784
2026-02-11 03:00:00,12663.0,12899.0,12583.107364560085,12826.97121471944,12855.210259234986,12904.574564155511
2026-02-11 04:00:00,12647.0,12896.0,12538.34957165017,12819.975995199473,12870.41598998655,12901.82609500019
2026-02-11 05:00:00,12801.0,13012.0,12614.073006701758,12963.832961105834,12969.9329430861,12975.858890926558
2026-02-11 06:00:00,13164.0,13391.0,12937.460421911332,13444.202256345956,13390.952356659252,13391.507554851845
2026-02-11 07:00:00,13707.0,13939.0,13423.89283724549,14258.189376588049,14018.208691656238,14115.847899886885
2026-02-11 08:00:00,14284.0,14582.0,13975.776416548711,14710.458048047765,14429.322679008126,14531.41765037616
2026-02-11 09:00:00,14727.0,15100.0,14543.635630130333,14920.556018907046,14655.611286974823,14775.432843177605
2026-02-11 10:00:00,15078.0,15371.0,14857.16997663747,14929.77201416956,14801.417108220161,14927.331593815354
2026-02-11 11:00:00,15133.0,15436.0,14949.213998320074,14953.869442174315,14861.581753265547,14975.507848414049
2026-02-11 12:00:00,15046.0,15381.0,14906.50262905027,14939.146036941951,14864.496439564831,14956.099331467401
2026-02-11 13:00:00,14981.0,15306.0,14850.426486116738,14932.904364613925,14785.670077712806,14920.207541558453
2026-02-11 14:00:00,15034.0,15363.0,14876.824272788317,14923.206541748477,14731.174951013178,14866.418144414367
2026-02-11 15:00:00,14905.0,15257.0,14790.867380327018,14919.909578784831,14706.765869881025,14825.77951504066
2026-02-11 16:00:00,14862.0,15112.0,14733.841109452485,14919.909578784831,14649.02978963385,14763.899872715152
2026-02-11 17:00:00,14841.0,15026.0,14702.13562538766,14919.803378842686,14624.439712924628,14727.615661156138
2026-02-11 18:00:00,15086.0,15375.0,14950.799646341053,15018.552594160437,14844.182434744578,14985.71785264993
2026-02-11 19:00:00,15209.0,15361.0,14964.858607885217,15018.552594160437,14926.71152908168,15070.23032301727
2026-02-11 20:00:00,14889.0,15150.0,14771.098442715247,14883.253223030857,14765.976419883145,14885.209793202152
2026-02-11 21:00:00,14725.0,14914.0,14595.85738744108,14819.334553541155,14630.844323070845,14767.299648372218
2026-02-11 22:00:00,14420.0,14667.0,14352.503406485934,14653.09390845729,14425.652863493493,14555.578850183272
2026-02-11 23:00:00,13983.0,14098.0,13858.638472285369,14143.050480511836,14026.925896732928,14106.928717514182
2026-02-12 00:00:00,13498.0,13693.0,13566.760096858552,13849.732432022382,13885.616457571134,13944.231992239605
2026-02-12 01:00:00,13035.0,13255.0,13129.468030955486,13394.795791811004,13388.14936007932,13480.746778418235
2026-02-12 02:00:00,12872.0,13009.0,12882.458268889995,13014.257681574007,13098.225420108141,13172.20915732626
2026-02-12 03:00:00,12676.0,12847.0,12732.158480273363,12852.308934077464,12920.595758435378,12974.001046034147
2026-02-12 04:00:00,12654.0,12773.0,12657.909757080837,12859.205250368155,12906.663873068668,13000.803146245995
2026-02-12 05:00:00,12744.0,12910.0,12748.493535974167,12944.208165094971,13062.850464884652,13127.693015945872
2026-02-12 06:00:00,13126.0,13241.0,13069.409248774651,13460.179242399045,13484.713714514914,13573.19446618358
2026-02-12 07:00:00,13610.0,13807.0,13601.78500660441,14011.616531423026,14014.938330752877,14062.527310544969
2026-02-12 08:00:00,14176.0,14521.0,14227.863924641046,14807.404756016645,14546.720162666923,14590.4386020983
2026-02-12 09:00:00,14696.0,15013.0,14782.220211796299,15094.558562799837,14895.392165363262,14957.468940190403
2026-02-12 10:00:00,14981.0,15353.0,15119.895249681878,15110.658069600271,15083.778400214314,15140.370409037609
2026-02-12 11:00:00,15084.0,15394.0,15184.71034918906,15110.658069600271,15120.071592582446,15174.993146534345
2026-02-12 12:00:00,14899.0,15278.0,15088.600591820643,15098.60531788208,15049.487910265432,15146.589756120315
2026-02-12 13:00:00,14817.0,15208.0,15021.783812024967,15092.363645554055,14966.890794945628,15103.457997911517
2026-02-12 14:00:00,14917.0,15231.0,15025.191738275927,15082.665822688607,14912.120937895466,15052.080742671578
2026-02-12 15:00:00,14829.0,15108.0,14925.135843274806,15079.36885972496,14857.973518646251,15000.70359763992
2026-02-12 16:00:00,14764.0,15015.0,14876.506103129448,15073.907559989506,14809.243712236668,14918.653333259479
2026-02-12 17:00:00,14731.0,14988.0,14875.012008194179,15073.80136004736,14791.919216571961,14880.93565522263
2026-02-12 18:00:00,15004.0,15291.0,15115.87537212727,15083.231990395834,14973.835112290184,15060.503166919309
2026-02-12 19:00:00,15101.0,15332.0,15148.398098973656,15083.231990395834,15095.499773078494,15152.259485441196
2026-02-12 20:00:00,14846.0,15111.0,14942.754525277447,14997.29885673608,14947.235727856898,14981.14206823996
2026-02-12 21:00:00,14671.0,14996.0,14844.645777767417,14886.33249823814,14874.762434808237,14913.214213815392
2026-02-12 22:00:00,14423.0,14685.0,14582.220734625505,14725.768162001401,14688.981146354723,14735.665723557377
2026-02-12 23:00:00,13952.0,14158.0,14117.084107872008,14254.715298146182,14291.56546700468,14304.60948747796
2026-02-13 00:00:00,13568.0,13804.0,13666.349900234552,13718.248788751962,13878.573018099656,13873.874392243059
2026-02-13 01:00:00,13115.0,13392.0,13248.801323518413,13284.638606488083,13442.888130702984,13447.732432733017
2026-02-13 02:00:00,12958.0,13105.0,12986.645777927572,13001.36498249276,13174.696175124503,13174.480040704659
2026-02-13 03:00:00,12812.0,13034.0,12884.623522000777,12985.038871498427,13120.758126252835,13130.952500620837
2026-02-13 04:00:00,12832.0,13028.0,12862.253623072183,12984.559166300804,13116.110843862283,13116.123363776145
2026-02-13 05:00:00,12956.0,13051.0,12909.182388882957,13071.24672273104,13198.716773119742,13185.411597957262
2026-02-13 06:00:00,13278.0,13541.0,13310.888784742328,13481.13696131154,13625.300461858573,13632.44716007913
2026-02-13 07:00:00,13824.0,14012.0,13782.91641189988,14092.624871877022,14125.540253737534,14139.350121336453
2026-02-13 08:00:00,14503.0,14668.0,14387.916067419657,14828.36708023808,14552.654577272619,14569.959957286963
2026-02-13 09:00:00,15001.0,15276.0,14976.929168786024,14931.125648877975,14888.240144060277,14873.194306665582
2026-02-13 10:00:00,15350.0,15603.0,15321.153855900387,15039.66824473732,15127.707124192817,15124.88459344566
2026-02-13 11:00:00,15343.0,15738.0,15436.951051110831,15039.66824473732,15175.749021125439,15196.30986317582
2026-02-13 12:00:00,15326.0,15563.0,15291.015535764649,15027.61549301913,15112.85884769724,15177.963492797922
2026-02-13 13:00:00,15207.0,15555.0,15269.299981222965,15021.373820691104,15034.784562510562,15086.330183331806
2026-02-13 14:00:00,15255.0,15546.0,15262.40929617862,15011.675997825656,15020.962256663926,15086.534728426652
2026-02-13 15:00:00,15184.0,15415.0,15156.549794443827,15008.37903486201,14948.842498817368,14977.808415377895
2026-02-13 16:00:00,15038.0,15261.0,15086.664508020243,14938.003612727904,14879.61473730245,14903.296603458311
2026-02-13 17:00:00,15083.0,15199.0,15076.357832729507,14934.109720975399,14879.132379865936,14907.590431832357
2026-02-13 18:00:00,15339.0,15477.0,15310.726301508103,15013.837767498453,15097.24900560118,15125.59366034459
2026-02-13 19:00:00,15470.0,15577.0,15386.980910997443,15013.837767498453,15155.308869880604,15196.607165299027
2026-02-13 20:00:00,15215.0,15156.0,15081.245857073694,14865.871340352403,14996.177217689556,15040.230113640853
2026-02-13 21:00:00,15068.0,14955.0,14943.77496996953,14806.76570171769,14902.273783650253,14948.0730824135
2026-02-13 22:00:00,14861.0,14685.0,14695.769617724613,14647.03771582517,14717.771549091147,14756.89994844195
2026-02-13 23:00:00,14398.0,14223.0,14250.149572067967,14320.497427415783,14347.77213781693,14370.22083698327
2026-02-14 00:00:00,14007.0,13829.0,13846.781890568625,13541.593590642095,13730.187043239917,13740.74774845914
2026-02-14 01:00:00,13706.0,13366.0,13395.380163988284,13214.716911996858,13316.74995268717,13294.422673086217
2026-02-14 02:00:00,13365.0,13094.0,13141.3282042366,12985.153863724008,13048.023003013926,13041.460290520012
2026-02-14 03:00:00,13170.0,12961.0,13012.360815013384,12828.948860487993,12857.339905217503,12924.353492682163
2026-02-14 04:00:00,13145.0,12928.0,12953.775160192487,12762.989795299454,12830.52824495599,12893.190115408544
2026-02-14 05:00:00,13151.0,12940.0,12989.241857595429,12755.56210789385,12823.446156503258,12877.81557267727
2026-02-14 06:00:00,13300.0,13148.0,13235.676292247928,13098.746371948208,13020.619138183349,13106.198053493423
2026-02-14 07:00:00,13592.0,13326.0,13538.143904016277,13287.42976056827,13114.824003518346,13183.139344881572
2026-02-14 08:00:00,13955.0,13756.0,14004.6949508684,14082.961668669892,13630.238111109453,13760.36875624492
2026-02-14 09:00:00,14357.0,14262.0,14552.779850434254,14479.791712941564,14202.600181218877,14318.315359060445
2026-02-14 10:00:00,14876.0,14833.0,15019.818972281897,14716.076455810127,14532.17175721427,14640.06001637852
2026-02-14 11:00:00,15121.0,15009.0,15161.862199322533,14846.688366099683,14708.291944129718,14783.754073147922
2026-02-14 12:00:00,15160.0,14996.0,15113.132781870532,14863.359146261828,14685.234522504648,14753.31732171153
2026-02-14 13:00:00,15083.0,14899.0,15036.955561574889,14857.634601176018,14564.37991896818,14642.745273212318
2026-02-14 14:00:00,14967.0,14830.0,15003.332738446294,14856.74017413993,14587.616910513301,14663.159339137796
2026-02-14 15:00:00,14915.0,14783.0,14939.089958252496,14851.278874404476,14445.867425168426,14494.220652965181
2026-02-14 16:00:00,14879.0,14752.0,14926.638978873885,14857.586356972693,14458.321859867741,14508.764484084331
2026-02-14 17:00:00,14968.0,14852.0,15004.08164538026,14882.488586581541,14494.353309404902,14559.324274024228
2026-02-14 18:00:00,15204.0,15186.0,15268.817718212835,14901.879717209007,14646.572717760928,14693.830312845384
2026-02-14 19:00:00,15390.0,15297.0,15358.81524203936,14908.855254571748,14860.29819877056,14882.863752639125
2026-02-14 20:00:00,15183.0,14968.0,15110.709996080384,14819.89533237906,14712.227289424001,14726.260420847926
2026-02-14 21:00:00,15023.0,14845.0,15023.29457813461,14734.08267049639,14640.629265244454,14664.618597840676
2026-02-14 22:00:00,14711.0,14472.0,14730.375111695987,14564.314316580545,14458.444660863563,14464.549332723771
2026-02-14 23:00:00,14307.0,14129.0,14360.760334767856,14129.141265725935,14148.015186228888,14143.491906789166
2026-02-15 00:00:00,13961.0,13730.0,14064.549106414703,13573.914688788882,13738.64430555871,13713.318440741103
2026-02-15 01:00:00,13613.0,13241.0,13609.04028355985,13159.224140275763,13359.772234114367,13364.121125635049
2026-02-15 02:00:00,13335.0,12985.0,13376.505500215606,12942.503845387293,13140.702791695103,13139.604985258824
2026-02-15 03:00:00,13151.0,12810.0,13215.524487828203,12760.578399183207,12947.5428989531,12946.056079099462
2026-02-15 04:00:00,13183.0,12649.0,13107.464002118328,12679.931381359906,12881.275679523786,12858.330305506526
2026-02-15 05:00:00,13149.0,12672.0,13150.540064932757,12786.688383890483,12942.727127717237,12916.54499666926
2026-02-15 06:00:00,13331.0,12756.0,13333.339900192435,12891.012017404424,13119.125912294532,13111.064326658663
2026-02-15 07:00:00,13545.0,12979.0,13660.392934211364,13353.86845570798,13351.812439504289,13348.154885279988
2026-02-15 08:00:00,13774.0,13143.0,13993.412136677132,13800.384582289767,13756.482474025372,13762.2877240974
2026-02-15 09:00:00,14256.0,13546.0,14493.145295413691,14009.67811689618,14039.596164677767,14096.845806658383
2026-02-15 10:00:00,14824.0,14074.0,14931.068496374499,14491.648624703987,14371.848835157025,14446.90312989155
2026-02-15 11:00:00,15027.0,14402.0,15117.680315283902,14707.181395282958,14583.89790011754,14662.822115094707
2026-02-15 12:00:00,15061.0,14434.0,15087.14278731504,14723.852175445103,14562.582190773413,14602.92846964761
2026-02-15 13:00:00,14848.0,14435.0,15027.0355865249,14695.904448075431,14494.062853215735,14540.311615919403
2026-02-15 14:00:00,14821.0,14415.0,14999.882421211663,14717.233203323205,14460.762212323085,14531.79574667291
2026-02-15 15:00:00,14732.0,14291.0,14882.99402848902,14680.41033098636,14415.393595933043,14449.519611492962
2026-02-15 16:00:00,14694.0,14361.0,14899.002461069838,14695.856203872107,14427.38452095893,14461.6344778026
2026-02-15 17:00:00,14780.0,14403.0,14944.435828657748,14721.653185253683,14440.071845596547,14507.73793754958
2026-02-15 18:00:00,15058.0,14850.0,15270.550851046703,14812.683686536702,14607.880286840356,14682.46362292583
2026-02-15 19:00:00,15329.0,15009.0,15380.794817312393,14819.659223899444,14798.721384451648,14871.234984181561
2026-02-15 20:00:00,15200.0,14779.0,15174.848009670905,14752.618455598864,14724.973107799027,14777.866441520038
2026-02-15 21:00:00,15020.0,14633.0,15062.8523891496,14671.277539052977,14677.620092064626,14694.877701777657
2026-02-15 22:00:00,14695.0,14344.0,14796.579130454114,14513.890806774232,14493.4507591128,14508.377567855296
2026-02-15 23:00:00,14211.0,13893.0,14343.521494683344,14274.982012082994,14240.871308047217,14238.80550640917
2026-02-16 00:00:00,13830.0,13490.0,14108.781666920459,14180.988346848844,14027.087494669786,14020.446602126647
2026-02-16 01:00:00,13384.0,13087.0,13700.191329978275,13908.827736055011,13717.680391817456,13710.75353995215
2026-02-16 02:00:00,13154.0,12890.0,13476.88124387761,13562.859119438737,13345.603024229236,13349.994609848849
2026-02-16 03:00:00,12949.0,12695.0,13302.92711942566,13379.528710737075,13274.393453319673,13286.065191972892
2026-02-16 04:00:00,12966.0,12680.0,13260.576992112203,13371.183081418061,13282.320318723296,13249.24794869371
2026-02-16 05:00:00,13035.0,12747.0,13306.924967355553,13389.681650582917,13346.785229206083,13330.504403712053
2026-02-16 06:00:00,13396.0,13171.0,13657.959609914593,13969.007199259273,13842.803424285265,13846.803166685628
2026-02-16 07:00:00,13939.0,13784.0,14181.743060805913,14236.574189795669,14268.37344438753,14235.11597343599
2026-02-16 08:00:00,14549.0,14430.0,14774.458651188505,14812.392584111705,14759.121613473804,14676.751310831482
2026-02-16 09:00:00,14996.0,14949.0,15313.788655534041,15018.523530439774,14996.71176489946,14940.745261224267
2026-02-16 10:00:00,15457.0,15234.0,15626.870809034766,15044.05618922382,15208.257503510944,15182.19436792908
2026-02-16 11:00:00,15504.0,15301.0,15686.08251129794,15033.84139687771,15193.557255453825,15181.927045257691
2026-02-16 12:00:00,15331.0,15247.0,15622.932952750529,14993.64408584491,15093.435647905808,15056.049118848287
2026-02-16 13:00:00,15212.0,15106.0,15508.556961989048,14987.402413516884,15017.428505122636,14955.127485959474
2026-02-16 14:00:00,15271.0,15177.0,15534.039947873338,14981.046686745342,14973.228026974057,14900.829302147944
2026-02-16 15:00:00,15168.0,15070.0,15446.415841155653,14981.046686745342,14920.771855877534,14885.402097840588
2026-02-16 16:00:00,15036.0,14978.0,15372.227425518793,14981.046686745342,14888.526755892557,14866.270113596402
2026-02-16 17:00:00,14938.0,14916.0,15353.79386030945,14981.283677281479,14824.738499098828,14838.204910210976
2026-02-16 18:00:00,15094.0,15205.0,15578.364755031627,14982.104584098806,14918.303524418252,14911.882775091086
2026-02-16 19:00:00,15335.0,15217.0,15614.16087597951,14982.104584098806,15049.783990218391,15008.613977260355
2026-02-16 20:00:00,15116.0,14907.0,15373.71170590303,14909.504289663639,14964.550973322186,14890.878240001843
2026-02-16 21:00:00,14856.0,14721.0,15222.036439776379,14842.608244928411,14861.855091069203,14786.620364706758
2026-02-16 22:00:00,14555.0,14415.0,14954.927081827685,14712.31136823622,14717.76342018126,14644.869402207729
2026-02-16 23:00:00,14027.0,13963.0,14507.473520560425,14365.606175718416,14378.199597752257,14291.076114300746
2026-02-17 00:00:00,13576.0,13498.0,13937.469450578625,14223.139078880497,13996.706490391112,13986.350923395854
2026-02-17 01:00:00,13162.0,13044.0,13508.24897109394,13904.05445148948,13679.910572533438,13652.673693666145
2026-02-17 02:00:00,12977.0,12779.0,13244.53835923443,13607.73601247277,13389.133842760315,13316.448635487146
2026-02-17 03:00:00,12848.0,12599.0,13060.185633058332,13401.954671496951,13247.385939385356,13195.8788362151
2026-02-17 04:00:00,12784.0,12575.0,13016.148970174363,13410.300300815965,13272.8475176295,13212.145792834202
2026-02-17 05:00:00,12932.0,12649.0,13069.572513279445,13414.365366307451,13323.282944993665,13254.04147911794
2026-02-17 06:00:00,13237.0,13056.0,13399.241092212782,13943.766525091427,13740.883736982998,13700.607347064682
2026-02-17 07:00:00,13765.0,13571.0,13847.402867334637,14162.651258844047,14105.620466328348,14059.736396623197
2026-02-17 08:00:00,14341.0,14119.0,14346.843333202578,14723.181702176042,14596.431126154253,14543.507834180486
2026-02-17 09:00:00,14823.0,14557.0,14844.930451309476,14988.64895421967,14811.883877736329,14772.530801961111
2026-02-17 10:00:00,15231.0,14934.0,15205.343699589588,15128.61950950634,15075.176919233922,15032.093648777314
2026-02-17 11:00:00,15242.0,15052.0,15310.862680959639,15123.866016895683,15068.82153582771,15068.81398683796
2026-02-17 12:00:00,15057.0,14922.0,15202.390883215,15074.933306974093,14969.882012699201,14994.358441995195
2026-02-17 13:00:00,14970.0,14901.0,15141.33725806344,15063.230334910613,14858.206952100656,14881.699590326214
2026-02-17 14:00:00,15061.0,14977.0,15130.35898817295,15056.874608139071,14786.761545707512,14802.919152763761
2026-02-17 15:00:00,14893.0,14873.0,15033.83250193311,15056.874608139071,14706.812350471953,14773.076727740698
2026-02-17 16:00:00,14785.0,14754.0,14964.780781046662,15056.874608139071,14688.720257345898,14758.491234572717
2026-02-17 17:00:00,14687.0,14710.0,14956.671111241516,15057.111598675208,14634.265951232606,14702.937218091633
2026-02-17 18:00:00,14882.0,15027.0,15204.241062690122,15063.39380522799,14803.0250357806,14839.968138566537
2026-02-17 19:00:00,15168.0,15102.0,15287.741395062236,15063.39380522799,14981.229584380302,14949.054794237207
2026-02-17 20:00:00,14968.0,14812.0,15064.860376534356,14987.171685491663,14875.906743525438,14857.096611125062
2026-02-17 21:00:00,14804.0,14656.0,14930.46954838791,14916.79771424209,14729.538450173475,14735.851042169455
2026-02-17 22:00:00,14544.0,14397.0,14672.112085923052,14741.28138304058,14584.648943830698,14592.062139691972
2026-02-17 23:00:00,14010.0,13839.0,14170.653034900275,14337.44527824285,14152.221865814687,14180.919597830329
2026-02-18 00:00:00,13673.0,13444.0,13675.502519959808,14006.24381872285,13979.004126379728,14008.921217399386
2026-02-18 01:00:00,13161.0,13008.0,13235.76079581187,13493.998977008605,13487.995150178298,13505.086594481594
2026-02-18 02:00:00,12986.0,12735.0,12978.67507141921,13257.549063314087,13234.150416412784,13310.613212876347
2026-02-18 03:00:00,12826.0,12663.0,12853.44154913081,13118.411456217145,13003.065808781033,13147.258565703052
2026-02-18 04:00:00,12902.0,12647.0,12810.133462394795,13118.411456217145,13004.2800251819,13136.291503177545
2026-02-18 05:00:00,13008.0,12801.0,12893.716563488595,13221.771581885216,13134.75521949054,13248.340816452564
2026-02-18 06:00:00,13371.0,13164.0,13209.635315463496,13637.272158064949,13593.194397353187,13601.977177862842
2026-02-18 07:00:00,13933.0,13707.0,13691.185468384083,14340.598464115814,14138.989656013848,14130.790128581217
2026-02-18 08:00:00,14549.0,14284.0,14224.627486632846,14882.09650565494,14549.35050945868,14559.132787773908
2026-02-18 09:00:00,15017.0,14727.0,14722.514744811622,14967.227563726576,14717.89814381779,14794.844541656115
2026-02-18 10:00:00,15402.0,15078.0,15083.561553535092,15035.629611617744,14984.10199095933,15085.694841062015
2026-02-18 11:00:00,15373.0,15133.0,15142.39847749496,15094.183949537251,15013.786213052792,15112.21090315928
2026-02-18 12:00:00,15247.0,15046.0,15043.318281720549,15081.0586338823,14945.898626409818,15100.593157750289
2026-02-18 13:00:00,15040.0,14981.0,14952.767680067449,15074.816961554274,14854.66699196538,15006.911754344681
2026-02-18 14:00:00,15116.0,15034.0,14957.774498192306,15006.564800769318,14778.306686713504,14945.766526204885
2026-02-18 15:00:00,15037.0,14905.0,14850.022528476247,15003.267837805672,14715.076347888073,14892.941653234639
2026-02-18 16:00:00,14876.0,14862.0,14799.97310465587,14997.884544029743,14682.055401559493,14872.187418587764
2026-02-18 17:00:00,14771.0,14841.0,14803.018457609596,15003.161637863526,14636.36425086408,14789.653842707083
2026-02-18 18:00:00,14944.0,15086.0,15039.20614104547,15061.98915667198,14830.932440729803,14930.464508073122
2026-02-18 19:00:00,15225.0,15209.0,15152.180712848029,15061.98915667198,15002.66718884548,15079.174710306674
2026-02-18 20:00:00,15058.0,14889.0,14922.521592659874,14988.04468285364,14920.879371422154,14983.385165988406
2026-02-18 21:00:00,14860.0,14725.0,14784.323428312484,14921.090476773608,14737.3925474253,14846.075479759857
2026-02-18 22:00:00,14592.0,14420.0,14523.551083586291,14740.323785307784,14578.593271052247,14683.398549871212
2026-02-18 23:00:00,14125.0,13983.0,14087.102736303757,14204.196812947008,14088.864965842085,14142.217973822711
2026-02-19 00:00:00,13781.0,13498.0,13770.500852731682,13714.138024075875,13769.507401495084,13789.424376075638
2026-02-19 01:00:00,13303.0,13035.0,13321.62956490639,13263.71710457228,13355.570109294618,13402.920161799511
2026-02-19 02:00:00,13032.0,12872.0,13120.784113177015,13022.336763723511,13123.063200610797,13202.299625574396
2026-02-19 03:00:00,12909.0,12676.0,12942.073965072881,12898.638387408779,12961.191278139757,13014.10969512317
2026-02-19 04:00:00,12891.0,12654.0,12901.516613291973,12835.519536494687,12955.355818899672,13016.00715006557
2026-02-19 05:00:00,13026.0,12744.0,12979.70356984681,13005.722157453354,13144.740211627013,13215.176130771366
2026-02-19 06:00:00,13424.0,13126.0,13306.19943183311,13302.544407540336,13392.879965721804,13453.54575361191
2026-02-19 07:00:00,13876.0,13610.0,13784.482887763243,14075.485784268372,13977.952655463816,14027.875726061133
2026-02-19 08:00:00,14576.0,14176.0,14355.627378104955,14602.62016391538,14468.09836660085,14517.576469874608
2026-02-19 09:00:00,15023.0,14696.0,14897.498392752344,14846.722934555452,14776.889509623938,14823.143988953649
2026-02-19 10:00:00,15341.0,14981.0,15212.868360118027,14866.297741303406,15014.49402661811,15055.505932655731
2026-02-19 11:00:00,15368.0,15084.0,15287.461252297577,14866.297741303406,14996.38770254635,15043.203255666715
2026-02-19 12:00:00,15363.0,14899.0,15134.077097470035,14851.866357375775,14958.958633234482,15005.375672479753
2026-02-19 13:00:00,15235.0,14817.0,15053.901960715986,14845.62468504775,14904.074163843301,14901.21669185837
2026-02-19 14:00:00,15310.0,14917.0,15101.015899454853,14835.926862182301,14876.883648622055,14876.890582403941
2026-02-19 15:00:00,15215.0,14829.0,15019.317525045255,14832.629899218655,14819.804794123595,14836.022753285522
2026-02-19 16:00:00,15086.0,14764.0,14975.696628372607,14827.1685994832,14760.910879004183,14770.910570495254
2026-02-19 17:00:00,14956.0,14731.0,14953.166215684876,14827.062399541055,14719.613413909075,14714.057831547427
2026-02-19 18:00:00,15084.0,15004.0,15152.343475358404,14832.305558697666,14832.530532870689,14875.629478770043
2026-02-19 19:00:00,15309.0,15101.0,15240.08026787325,14832.305558697666,15000.145227011595,15026.304598295561
2026-02-19 20:00:00,15052.0,14846.0,15023.57388638266,14783.513992967994,14862.235732889132,14888.47048188683
2026-02-19 21:00:00,14845.0,14671.0,14872.50086049531,14742.30976148003,14716.211772647925,14730.722439364708
2026-02-19 22:00:00,14560.0,14423.0,14619.254405908534,14564.75310243687,14564.960916228045,14573.019178559003
2026-02-19 23:00:00,14125.0,13952.0,14148.986233713802,14062.019890627096,14133.457401485388,14098.178231983235
2026-02-20 00:00:00,13695.0,13568.0,13749.74241905952,13736.89038266807,13763.780270525029,13794.118962063723
2026-02-20 01:00:00,13256.0,13115.0,13301.283597911226,13205.906953081081,13183.729422681407,13246.008502983792
2026-02-20 02:00:00,13032.0,12958.0,13093.873310418934,12987.15857172123,13029.81033971571,13056.225724105541
2026-02-20 03:00:00,12825.0,12812.0,12945.587935228858,12837.934152877617,12856.873530626237,12953.88499888496
2026-02-20 04:00:00,12786.0,12832.0,12916.88903003405,12934.505589808257,12941.091442921477,13013.484052260306
2026-02-20 05:00:00,12974.0,12956.0,12994.691452380801,13010.401333832024,13050.641458458615,13119.859727585757
2026-02-20 06:00:00,13260.0,13278.0,13306.98787305757,13453.76437966466,13338.901219454085,13454.642515867441
2026-02-20 07:00:00,13702.0,13824.0,13805.969624461899,14157.18963902144,13940.335914465972,14052.12444562878
2026-02-20 08:00:00,14335.0,14503.0,14407.851042448905,14684.328936201813,14399.412021061515,14523.812665661355
2026-02-20 09:00:00,14804.0,15001.0,14948.993763226708,14771.257713808418,14651.195957745615,14768.946160836615
2026-02-20 10:00:00,15177.0,15350.0,15298.652373706474,14850.28534321957,14848.505346992903,14968.727649873246
2026-02-20 11:00:00,15208.0,15343.0,15329.312528226174,14850.28534321957,14879.319198741128,14985.637470165377
2026-02-20 12:00:00,15086.0,15326.0,15262.448587487623,14835.853959291939,14851.908555988362,14974.230005206493
2026-02-20 13:00:00,15025.0,15207.0,15173.13447469004,14829.612286963913,14781.747931078731,14902.726851524108
2026-02-20 14:00:00,15119.0,15255.0,15199.983163162204,14819.914464098465,14786.881736318017,14910.532132566741
2026-02-20 15:00:00,14988.0,15184.0,15110.264253894373,14816.617501134819,14696.227621302898,14824.811481331124
2026-02-20 16:00:00,14816.0,15038.0,15007.713159822124,14751.703378736167,14644.524175635983,14755.075019963273
2026-02-20 17:00:00,14740.0,15083.0,15011.295579931215,14735.108221254759,14570.332199908938,14698.462467630525
2026-02-20 18:00:00,14868.0,15339.0,15205.503352202031,14814.494376508152,14625.374396017349,14780.483346599947
2026-02-20 19:00:00,15050.0,15470.0,15317.458904918492,14814.494376508152,14823.488453604106,14951.468301829394
2026-02-20 20:00:00,14836.0,15215.0,15086.57674784611,14764.416161424044,14711.702201913942,14851.222415883907
2026-02-20 21:00:00,14682.0,15068.0,14940.518678027767,14668.25814318312,14558.210300186445,14700.040405353828
2026-02-20 22:00:00,14466.0,14861.0,14708.69751159253,14536.440850315099,14410.545984686349,14576.840315954056
2026-02-20 23:00:00,14017.0,14398.0,14261.23530306893,14257.383621247942,14032.114992107763,14153.826476450458
2026-02-21 00:00:00,13611.0,14007.0,13520.634793973964,13637.621596093322,13705.478588445674,13745.533586357513
2026-02-21 01:00:00,13236.0,13706.0,13140.266325756478,12970.409613064397,13135.764948013917,13201.400297861293
2026-02-21 02:00:00,12920.0,13365.0,12845.17667681418,12844.757398189307,12859.204938904171,12862.573873134572
2026-02-21 03:00:00,12802.0,13170.0,12659.574662786188,12737.928778731175,12732.927739159655,12761.566786856372
2026-02-21 04:00:00,12692.0,13145.0,12600.629855023359,12681.682270320283,12655.62400773868,12689.700457557035
2026-02-21 05:00:00,12666.0,13151.0,12621.39360851775,12771.38569807696,12729.4572453255,12753.171330582762
2026-02-21 06:00:00,12862.0,13300.0,12844.85914560599,12907.83245619478,12882.602282005422,12882.727831359382
2026-02-21 07:00:00,13166.0,13592.0,13186.663076205621,13367.046067294028,13243.593151355419,13217.005317178218
2026-02-21 08:00:00,13428.0,13955.0,13633.913917118802,13865.035142489736,13699.267690419461,13717.26622895327
2026-02-21 09:00:00,13859.0,14357.0,14113.874651346483,14003.187837857777,14086.456970651678,14124.912384426849
2026-02-21 10:00:00,14398.0,14876.0,14537.420536175032,14243.989460555666,14317.30630343279,14356.305636478974
2026-02-21 11:00:00,14519.0,15121.0,14664.971642354618,14374.601370845221,14424.510371802533,14459.158187687923
2026-02-21 12:00:00,14410.0,15160.0,14627.6594538604,14391.272151007366,14374.903802484856,14414.084233410038
2026-02-21 13:00:00,14311.0,15083.0,14532.05305592886,14391.00890565701,14348.644567984586,14406.520992690324
2026-02-21 14:00:00,14261.0,14967.0,14459.126708846537,14388.708754678608,14335.97919593662,14400.995700534102
2026-02-21 15:00:00,14200.0,14915.0,14382.841749152734,14388.708754678608,14281.174677244948,14340.618155002368
2026-02-21 16:00:00,14193.0,14879.0,14330.763008988297,14395.016237246826,14272.304225283107,14339.272815022405
2026-02-21 17:00:00,14201.0,14968.0,14365.711283999914,14384.161813554292,14242.389676469755,14353.252268196524
2026-02-21 18:00:00,14414.0,15204.0,14557.569266069137,14424.110390907286,14339.264760137554,14422.224615949945
2026-02-21 19:00:00,14617.0,15390.0,14693.73683414589,14431.085928270028,14525.502996199586,14559.913756535136
2026-02-21 20:00:00,14387.0,15183.0,14503.756596400828,14408.751654230513,14448.08496860931,14476.655728927119
2026-02-21 21:00:00,14262.0,15023.0,14377.180051333835,14387.338809921228,14297.806292710957,14323.554790214017
2026-02-21 22:00:00,14003.0,14711.0,14097.245802065925,14235.911805416967,14107.121804609387,14115.514684967926
2026-02-21 23:00:00,13568.0,14307.0,13684.52783882639,13926.51306643073,13794.080664879486,13780.884351743602
2026-02-22 00:00:00,13226.0,13961.0,13175.970301394425,13219.817257954668,13309.183088038923,13370.403729519647
2026-02-22 01:00:00,12805.0,13613.0,12765.054041422545,12805.719508327684,12831.538173172934,12888.003222748297
2026-02-22 02:00:00,12561.0,13335.0,12490.617486624964,12711.310417668883,12651.028141860059,12649.552339991862
2026-02-22 03:00:00,12370.0,13151.0,12320.292143903313,12517.532656702208,12473.18751097073,12512.789634459372
2026-02-22 04:00:00,12234.0,13183.0,12287.304524143841,12365.319887884869,12453.931187946233,12522.356750373008
2026-02-22 05:00:00,12298.0,13149.0,12297.636798604288,12484.654139511058,12484.052062838979,12540.972426921755
2026-02-22 06:00:00,12452.0,13331.0,12523.517543482105,12621.110499629203,12518.030181732676,12542.075931584606
2026-02-22 07:00:00,12552.0,13545.0,12844.090702024581,12803.31349941308,12619.836699586025,12683.694226746167
2026-02-22 08:00:00,12836.0,13774.0,13211.340878757395,13373.273371699646,12954.63449962152,13043.918088682194
2026-02-22 09:00:00,13192.0,14256.0,13724.598317757256,13578.465079298321,13387.401219874015,13488.922106561417
2026-02-22 10:00:00,13727.0,14824.0,14189.620627896109,13795.59011009419,13721.624751350215,13803.125826205815
2026-02-22 11:00:00,13910.0,15027.0,14342.253921750013,14024.213393139851,13858.389667285686,13959.350400390493
2026-02-22 12:00:00,14008.0,15061.0,14345.284521719543,14040.884173301996,13941.254769109562,14032.336977977515
2026-02-22 13:00:00,13938.0,14848.0,14213.535327670772,14040.62092795164,13916.805352104571,14028.39986036217
2026-02-22 14:00:00,13923.0,14821.0,14199.834798184529,14038.320776973238,13967.28428035506,14058.296603551309
2026-02-22 15:00:00,13876.0,14732.0,14117.890470525612,13981.502892174356,13923.337502267066,13966.801795971718
2026-02-22 16:00:00,13921.0,14694.0,14095.811196751953,14004.302724067873,13932.384170277528,13956.26393735666
2026-02-22 17:00:00,13978.0,14780.0,14129.3985804662,14054.971546251114,13960.254962331841,13983.334710548157
2026-02-22 18:00:00,14219.0,15058.0,14332.974466644577,14195.197163918534,14114.97658991827,14110.563118910039
2026-02-22 19:00:00,14430.0,15329.0,14490.55728554104,14202.172701281275,14195.064640418766,14223.204187203406
2026-02-22 20:00:00,14286.0,15200.0,14321.702647430493,14201.10030684478,14077.538589589523,14154.99489636043
2026-02-22 21:00:00,14100.0,15020.0,14159.301731256845,14187.375524207742,13986.273725376424,14088.216101915305
2026-02-22 22:00:00,13839.0,14695.0,13868.461735207282,13918.609100577944,13794.448216998193,13861.252838413495
2026-02-22 23:00:00,13504.0,14211.0,13422.447782991958,13579.727102360903,13460.510452100281,13492.909993881385
2026-02-23 00:00:00,13179.0,13830.0,12828.75606596538,13409.675861615491,13407.803751258001,13411.056804048874
2026-02-23 01:00:00,12690.0,13384.0,12398.260738968105,13148.625884913772,12969.343527297879,12996.381284689332
2026-02-23 02:00:00,12469.0,13154.0,12163.722052825464,12864.445120729999,12713.863057455295,12769.234062909494
2026-02-23 03:00:00,12372.0,12949.0,11979.257124865419,12630.902079346191,12514.551897187373,12583.072059699685
2026-02-23 04:00:00,12196.0,12966.0,11946.523836401491,12527.848816049036,12477.94173210793,12528.269142924772
2026-02-23 05:00:00,12265.0,13035.0,12002.724202864287,12605.80338047191,12498.980466690584,12576.499317483807
2026-02-23 06:00:00,12381.0,13396.0,12318.724132802936,12858.191990090027,12609.435356588061,12689.148888518488
2026-02-23 07:00:00,12596.0,13939.0,12806.355887914144,13178.014290671688,13036.428303415272,13048.832723316053
2026-02-23 08:00:00,12779.0,14549.0,13376.151730278983,13399.052452949083,13298.040432292333,13350.464440059834
2026-02-23 09:00:00,13281.0,14996.0,13879.47992991586,13866.471023552866,13726.271940425424,13748.698223980164
2026-02-23 10:00:00,13735.0,15457.0,14276.00766839636,14038.982749619414,13990.648208037579,14004.280664573478
2026-02-23 11:00:00,13933.0,15504.0,14326.597848567908,14178.55053186909,14133.657031220873,14224.397139174105
2026-02-23 12:00:00,13979.0,15331.0,14194.095541490098,14190.217894869646,14161.629619551319,14228.318323442285
2026-02-23 13:00:00,13835.0,15212.0,14093.03855622966,14179.230078722498,14085.736918918994,14185.282255889066
2026-02-23 14:00:00,13834.0,15271.0,14115.0684255213,14176.929927744095,14092.90509637506,14190.962868104452
2026-02-23 15:00:00,13696.0,15168.0,14020.812024242547,14155.404500536739,14019.23304513915,14067.923394724934
2026-02-23 16:00:00,13640.0,15036.0,13934.083301835528,14146.117678945602,14002.183628399463,14068.821053826066
2026-02-23 17:00:00,13718.0,14938.0,13890.39367531902,14155.489507228905,13999.082997826825,14079.917527796973
2026-02-23 18:00:00,13914.0,15094.0,14057.949756331163,14217.836495418835,14098.508753859112,14216.842536869495
2026-02-23 19:00:00,14239.0,15335.0,14206.67224030493,14239.57785241864,14338.149588569386,14428.036763743085
2026-02-23 20:00:00,14104.0,15116.0,14005.58699276236,14201.46131332196,14219.529047690103,14314.546336171312
2026-02-23 21:00:00,14010.0,14856.0,13835.680189557368,14147.37415964043,14103.504007738547,14230.794388189162
2026-02-23 22:00:00,13719.0,14555.0,13575.930990244964,13820.710881969824,13902.55149539535,14047.994395212023
2026-02-23 23:00:00,13279.0,14027.0,13109.41222941731,13431.228166684847,13473.134605097957,13608.450456609442
2026-02-24 00:00:00,13037.0,13576.0,12946.943501112579,13425.292417618224,13311.531349115236,13560.187203046231
2026-02-24 01:00:00,12613.0,13162.0,12528.655502528884,12859.269178300921,12797.896552160779,13062.798979171957
2026-02-24 02:00:00,12350.0,12977.0,12303.007866208127,12526.870543503464,12587.82946891915,12777.121486126041
2026-02-24 03:00:00,12235.0,12848.0,12175.254771183425,12352.935577818636,12420.719005496874,12631.41339230978
2026-02-24 04:00:00,12253.0,12784.0,12099.79311364108,12200.017078120456,12275.662597039644,12460.006248203628
2026-02-24 05:00:00,12351.0,12932.0,12182.197482922307,12355.793928144243,12468.459184035712,12619.095029614546
2026-02-24 06:00:00,12834.0,13237.0,12455.193429971629,12708.401653146742,12833.849019799765,12972.282999403504
2026-02-24 07:00:00,13279.0,13765.0,12909.33671625497,13092.790978862242,13236.432013575748,13300.589721125083
2026-02-24 08:00:00,13799.0,14341.0,13415.226815706856,13436.131082526992,13779.172193404262,13864.92893424904
2026-02-24 09:00:00,14375.0,14823.0,13928.501937161658,13875.752266987343,14164.191637013533,14336.37527628363
2026-02-24 10:00:00,14698.0,15231.0,14315.556103329283,14173.442913342788,14421.223614580917,14468.876181823565
2026-02-24 11:00:00,14758.0,15242.0,14361.921060456698,14299.952847657652,14442.135180481455,14504.192820796718
2026-02-24 12:00:00,14599.0,15057.0,14251.608588712365,14271.351400916494,14382.241717427525,14441.1847836725
2026-02-24 13:00:00,14466.0,14970.0,14168.342212198002,14269.355837036495,14311.776196778605,14377.70198835414
2026-02-24 14:00:00,14510.0,15061.0,14195.18128928256,14258.11341940318,14289.015812034695,14345.171922256111
2026-02-24 15:00:00,14391.0,14893.0,14076.266769180409,14257.952108573252,14206.818584408018,14302.070531209667
2026-02-24 16:00:00,14296.0,14785.0,14028.219521965257,14258.115662672551,14211.952795879759,14298.552876495873
2026-02-24 17:00:00,14206.0,14687.0,13998.281345146022,14259.26946897517,14132.236655319397,14238.113144127705
2026-02-24 18:00:00,14349.0,14882.0,14177.369872860385,14300.221049891335,14152.31490542241,14264.158527668766
2026-02-24 19:00:00,14605.0,15168.0,14362.776664004003,14308.110760315141,14401.620384407675,14457.901890168338
2026-02-24 20:00:00,14423.0,14968.0,14177.309918160701,14304.525856375998,14303.999460413968,14360.893527829496
2026-02-24 21:00:00,14256.0,14804.0,14044.879725199327,14241.030895907896,14110.493864453374,14242.833872279603
2026-02-24 22:00:00,14025.0,14544.0,13805.36248349787,13895.468534468358,13984.371894954698,14121.574900627207
2026-02-24 23:00:00,13509.0,14010.0,13332.511569614107,13471.036322027969,13528.90380928182,13694.716237621933
2026-02-25 00:00:00,13154.0,13673.0,13199.901916175846,13179.026775562563,13214.229333917081,13366.648124198326
2026-02-25 01:00:00,12795.0,13161.0,12732.123598259526,12818.117525250065,12810.947028897146,12977.32097722951
2026-02-25 02:00:00,12512.0,12986.0,12512.869658873282,12585.388869364278,12644.942612612587,12767.194241205634
2026-02-25 03:00:00,12406.0,12826.0,12360.340032826507,12455.290028735117,12496.34576111286,12675.191170242568
2026-02-25 04:00:00,12379.0,12902.0,12349.02848221823,12303.835742795813,12406.525705758302,12543.085885981993
2026-02-25 05:00:00,12566.0,13008.0,12431.302903326723,12438.197361193568,12612.244364430342,12711.062971322026
2026-02-25 06:00:00,12877.0,13371.0,12745.943333390102,12858.34925711519,12879.376468247365,13010.497867640901
2026-02-25 07:00:00,13466.0,13933.0,13212.238930938973,13237.076387245004,13283.482875475818,13394.982023114739
2026-02-25 08:00:00,13940.0,14549.0,13742.719949504286,13423.749525658983,13740.466649027396,13824.866917991783
2026-02-25 09:00:00,14548.0,15017.0,14253.476623884913,13704.774858250008,14139.975962123728,14229.386062746806
2026-02-25 10:00:00,14853.0,15402.0,14624.70325421841,14040.724909117691,14399.091453868203,14518.744764861027
2026-02-25 11:00:00,14818.0,15373.0,14647.849172985007,14211.75607160751,14410.195378155591,14630.74857348394
2026-02-25 12:00:00,14581.0,15247.0,14552.016578905857,14176.800029250006,14289.499994691052,14534.017482723068
2026-02-25 13:00:00,14415.0,15040.0,14402.70326581795,14161.660184064567,14252.457818819796,14447.844917388511
2026-02-25 14:00:00,14438.0,15116.0,14420.007029139964,14156.017936992259,14240.791960088336,14417.307189270234
2026-02-25 15:00:00,14384.0,15037.0,14337.735264035691,13958.355254224707,14101.030073069089,14202.852096883369
2026-02-25 16:00:00,14225.0,14876.0,14281.59451206808,13944.090819645977,14060.484722922907,14167.563184623867
2026-02-25 17:00:00,14108.0,14771.0,14264.553609462488,13990.864186916902,14057.86776983328,14139.126221545172
2026-02-25 18:00:00,14328.0,14944.0,14442.139167058776,14174.14097804693,14151.442735903398,14321.104950791978
2026-02-25 19:00:00,14664.0,15225.0,14640.711970630191,14357.034121071536,14382.282797509655,14559.783141158927
2026-02-25 20:00:00,14494.0,15058.0,14489.13011070832,14302.831165735653,14350.657095517081,14509.852090238683
2026-02-25 21:00:00,14419.0,14860.0,14350.686657365393,14097.042000458821,14217.622241190551,14332.643986013582
2026-02-25 22:00:00,14195.0,14592.0,14112.113285507668,13630.231738699305,13994.419916947885,14100.32344626171
2026-02-25 23:00:00,13672.0,14125.0,13698.154387132841,13245.36387799101,13482.657339675045,13669.209272128606
2026-02-26 00:00:00,13290.0,13781.0,13423.51333692002,13018.707166983118,13313.640333654906,13475.329045462042
2026-02-26 01:00:00,12868.0,13303.0,12969.051414743897,12660.738941673551,12876.201916009535,13016.751577745714
2026-02-26 02:00:00,12633.0,13032.0,12717.781470275313,12420.489670811694,12667.278025125492,12707.921652396673
2026-02-26 03:00:00,12507.0,12909.0,12579.576217062364,12209.832633925553,12508.31902075577,12579.792234846196
2026-02-26 04:00:00,12412.0,12891.0,12523.35353977697,12180.803052775784,12474.37926997556,12563.45435482688
2026-02-26 05:00:00,12642.0,13026.0,12609.222955395195,12373.718824054073,12669.333017421814,12700.653695303785
2026-02-26 06:00:00,12965.0,13424.0,12930.965464699937,12779.713193321706,13026.553416241915,13039.367306574359
2026-02-26 07:00:00,13468.0,13876.0,13349.656749695554,13150.875595148314,13428.838174483551,13477.72852771889
2026-02-26 08:00:00,13970.0,14576.0,13913.770509570171,13849.512205687817,14012.397032962843,14118.515632588658
2026-02-26 09:00:00,14484.0,15023.0,14428.02122694701,14380.744080572711,14370.291670222836,14453.793923921783
2026-02-26 10:00:00,14729.0,15341.0,14751.76735811015,14425.635137617624,14497.424732916841,14602.078903595848
2026-02-26 11:00:00,14795.0,15368.0,14820.375256556008,14425.635137617624,14511.395215451907,14565.79325130843
2026-02-26 12:00:00,14553.0,15363.0,14779.923177329678,14407.939235810441,14472.32533495312,14532.723454630775
2026-02-26 13:00:00,14501.0,15235.0,14688.286157492119,14404.784926626415,14405.038530975706,14449.276777853875
2026-02-26 14:00:00,14684.0,15310.0,14740.878841856906,14399.142679554107,14399.328715460782,14432.22962814292
2026-02-26 15:00:00,14579.0,15215.0,14659.69444827634,14355.240592251152,14334.882747706433,14366.615437025455
2026-02-26 16:00:00,14512.0,15086.0,14582.188555862875,14346.081885818305,14293.291873083592,14347.67766368022
2026-02-26 17:00:00,14398.0,14956.0,14516.214119097622,14294.305291571543,14235.253613662506,14263.230984928221
2026-02-26 18:00:00,14539.0,15084.0,14650.239602219232,14349.84268300301,14318.710479070174,14330.587133565343
2026-02-26 19:00:00,14711.0,15309.0,14808.40261553113,14405.216528347397,14462.375201163928,14535.960712911372
2026-02-26 20:00:00,14519.0,15052.0,14610.589705800447,14344.640506028627,14355.198582112831,14377.272960634082
2026-02-26 21:00:00,14293.0,14845.0,14452.122289871262,14300.678792860283,14168.897964768035,14213.312149202286
2026-02-26 22:00:00,14033.0,14560.0,14221.055374926907,13873.500780662136,13984.119157676287,13992.686193685822
2026-02-26 23:00:00,13512.0,14125.0,13738.65039779431,13369.604810597282,13550.725567623529,13538.31059591186
2026-02-27 00:00:00,13153.0,13695.0,13368.748370637286,13044.103496487876,13056.541925658856,13011.030309451773
2026-02-27 01:00:00,12663.0,13256.0,12908.391416827044,12727.206846836993,12634.833754580714,12616.938504483878
2026-02-27 02:00:00,12358.0,13032.0,12655.945964748105,12469.438832626674,12417.305528267181,12354.26308108384
2026-02-27 03:00:00,12171.0,12825.0,12472.637122594466,12351.475540840642,12266.977882741458,12241.245674759542
2026-02-27 04:00:00,12205.0,12786.0,12414.305900897558,12342.657000138803,12225.407584317638,12202.020738884623
2026-02-27 05:00:00,12230.0,12974.0,12519.539960710279,12482.12912134538,12428.661957131148,12358.684699387532
2026-02-27 06:00:00,12562.0,13260.0,12801.82038636206,12845.034015223537,12764.258644640659,12658.523732243037
2026-02-27 07:00:00,12987.0,13702.0,13242.32735476272,13326.51581009436,13277.238584504204,13016.462712122457
2026-02-27 08:00:00,13396.0,14335.0,13808.790235346652,14028.563343891967,13656.110108967507,13443.927805054898
2026-02-27 09:00:00,13925.0,14804.0,14344.188556994875,14370.754489339351,14053.65108576387,13876.712845745376
2026-02-27 10:00:00,14224.0,15177.0,14694.835066757014,14415.490086584947,14255.075189113628,14079.88542498558
2026-02-27 11:00:00,14348.0,15208.0,14754.577074345852,14423.120870705665,14259.646638447346,14096.746384091535
2026-02-27 12:00:00,14167.0,15086.0,14667.115603553262,14359.586608222104,14214.732644354985,14045.17507449394
2026-02-27 13:00:00,14170.0,15025.0,14593.175598954134,14332.961924918545,14096.40864001996,13937.352907687242
2026-02-27 14:00:00,14265.0,15119.0,14633.909245350918,14347.70268882177,14104.413045080279,13948.906193773551
2026-02-27 15:00:00,14146.0,14988.0,14535.898241494466,14324.024958151962,14036.300591312627,13867.80340590138
2026-02-27 16:00:00,13973.0,14816.0,14407.576547401102,14262.300165696925,13949.832429020615,13767.854978540541
2026-02-27 17:00:00,13893.0,14740.0,14342.714541740219,14236.131220957352,13885.561169523464,13663.459376895764
2026-02-27 18:00:00,13947.0,14868.0,14455.961557875678,14314.780965409072,13988.271817187877,13758.150159877438
2026-02-27 19:00:00,14188.0,15050.0,14583.06861841803,14344.322682817452,14168.968660271483,13965.055078188283
2026-02-27 20:00:00,13921.0,14836.0,14384.376485983557,14320.838884775805,13995.002954938056,13778.73494244399
2026-02-27 21:00:00,13776.0,14682.0,14250.875225515585,14284.104979820686,13878.237715583735,13630.06938692871
2026-02-27 22:00:00,13492.0,14466.0,14027.215335840008,14138.226899243387,13719.635582560239,13455.54432633007
2026-02-27 23:00:00,13111.0,14017.0,13570.250865963655,13532.257346400509,13320.089894493307,12964.796542378921
2026-02-28 00:00:00,12750.0,13611.0,12769.369336141634,12867.530378221543,12689.05383147704,12630.799614566704
2026-02-28 01:00:00,12325.0,13236.0,12368.400949384351,12637.304813577792,12406.866348326816,12316.6670524459
2026-02-28 02:00:00,12071.0,12920.0,12058.103292838421,12333.27824600166,12161.903713843349,12044.498037434076
2026-02-28 03:00:00,11921.0,12802.0,11912.863562007482,12179.128040833046,11946.793442270575,11858.648280489962
2026-02-28 04:00:00,11814.0,12692.0,11806.288094908612,12066.737435491123,11824.468964969368,11739.074901211701
2026-02-28 05:00:00,11815.0,12666.0,11820.575585339127,12171.883562049652,11908.45290821421,11846.308784505312
2026-02-28 06:00:00,11930.0,12862.0,12033.181124263787,12354.323786675413,12071.596106366867,11996.11327847085
2026-02-28 07:00:00,12112.0,13166.0,12400.526625889066,12669.790674154096,12348.57160529498,12239.948482959768
2026-02-28 08:00:00,12327.0,13428.0,12770.12254506611,13068.728212668519,12674.589403409545,12541.453687939242
2026-02-28 09:00:00,12764.0,13859.0,13271.899717991375,13508.301251535591,13168.417914249152,13065.28987795078
2026-02-28 10:00:00,13232.0,14398.0,13716.210181199647,13816.975134565868,13511.573410464196,13440.669837006282
2026-02-28 11:00:00,13416.0,14519.0,13826.713649259493,13930.377097490253,13624.099969696852,13587.741050304909
2026-02-28 12:00:00,13478.0,14410.0,13744.340168131768,13893.131873714321,13635.70535971071,13582.395955470722
2026-02-28 13:00:00,13431.0,14311.0,13675.293487751,13890.722518451994,13613.364040975717,13562.116679345176
2026-02-28 14:00:00,13427.0,14261.0,13644.801358585377,13871.199899902424,13636.16636074015,13608.278226067505
2026-02-28 15:00:00,13364.0,14200.0,13570.517373562867,13871.199899902424,13619.396703639772,13569.39571693523
2026-02-28 16:00:00,13328.0,14193.0,13543.203283090701,13870.017813699878,13572.054670803842,13499.71350815293
2026-02-28 17:00:00,13399.0,14201.0,13524.897192118706,13853.111736921088,13544.87056108721,13460.751681139916
2026-02-28 18:00:00,13508.0,14414.0,13682.878847972399,13931.62214114015,13694.620168579546,13578.65263164068
2026-02-28 19:00:00,13756.0,14617.0,13827.951256647393,13990.969238847221,13856.662343630882,13778.648620926446
2026-02-28 20:00:00,13612.0,14387.0,13631.830037707223,13942.44181328716,13703.986446355513,13651.349466932164
2026-02-28 21:00:00,13457.0,14262.0,13517.427189428898,13854.02690597266,13560.054945689517,13466.09077261004
2026-02-28 22:00:00,13182.0,14003.0,13262.365553529171,13560.812087000333,13255.195312602831,13175.494593604344
2026-02-28 23:00:00,12780.0,13568.0,12817.575659646178,12973.96581076946,12901.400185219542,12829.385673010975
2026-03-01 00:00:00,12444.0,13226.0,12430.322963252333,12699.277819348265,12679.12280138652,12617.649887342825
2026-03-01 01:00:00,11986.0,12805.0,12000.985344368148,12378.239193370862,12330.120549893189,12324.687728141727
2026-03-01 02:00:00,11691.0,12561.0,11738.985747766033,12031.245771959992,12004.407434175924,11944.51648972991
2026-03-01 03:00:00,11494.0,12370.0,11556.608681910466,11929.123771446266,11820.631555069851,11769.873675481269
2026-03-01 04:00:00,11387.0,12234.0,11449.770227071156,11905.030752651533,11787.472298130007,11740.32273798154
2026-03-01 05:00:00,11433.0,12298.0,11498.005749178714,11877.605863446273,11782.633139286228,11763.96278365601
2026-03-01 06:00:00,11492.0,12452.0,11706.051381080822,12006.92623975652,11893.61776461936,11848.370591299956
2026-03-01 07:00:00,11713.0,12552.0,11967.346563089492,12191.427654825042,11935.015357110125,11898.625868522617
2026-03-01 08:00:00,11834.0,12836.0,12338.597869650164,12376.499218449044,12097.654227916588,12078.22562511393
2026-03-01 09:00:00,12280.0,13192.0,12793.00795819706,12692.688574788626,12597.64952314599,12527.572639440627
2026-03-01 10:00:00,12755.0,13727.0,13240.600872547151,13212.34571946909,13125.772287598153,13101.344723501152
2026-03-01 11:00:00,13055.0,13910.0,13394.174984461193,13320.181164789157,13283.623820343395,13291.657650324085
2026-03-01 12:00:00,13122.0,14008.0,13399.734457390332,13177.258869887359,13225.460855792135,13181.10029203993
2026-03-01 13:00:00,13118.0,13938.0,13351.097289907984,13178.134131501321,13222.674156487543,13175.571723470384
2026-03-01 14:00:00,13161.0,13923.0,13373.250114312883,13365.727206188547,13377.329382511902,13335.672603011177
2026-03-01 15:00:00,13129.0,13876.0,13318.874845323648,13189.425451988087,13235.727625688169,13237.85306521315
2026-03-01 16:00:00,13137.0,13921.0,13323.684537733916,13119.471288075563,13150.645145782732,13170.473453643104
2026-03-01 17:00:00,13231.0,13978.0,13336.43825204466,13217.446375377516,13294.293501428836,13259.480969241322
2026-03-01 18:00:00,13447.0,14219.0,13497.045017640192,13263.358821161972,13398.967832054701,13354.440000719102
2026-03-01 19:00:00,13666.0,14430.0,13633.033937386244,13442.198233327692,13574.035032482496,13607.64423577238
2026-03-01 20:00:00,13498.0,14286.0,13476.865128153864,13287.356165406618,13418.71134796746,13434.400036171093
2026-03-01 21:00:00,13417.0,14100.0,13314.29023908437,13214.093746241944,13344.28775875251,13329.747581871456
2026-03-01 22:00:00,13053.0,13839.0,13059.980932234854,13027.381640248854,13038.010595234417,13050.709613219464
2026-03-01 23:00:00,12594.0,13504.0,12672.524586614956,12789.449736884259,12685.61648081076,12700.881681846677
2026-03-02 00:00:00,12180.0,13179.0,12449.077519202056,12713.558965505017,12505.054694712082,12529.948745633428
2026-03-02 01:00:00,11831.0,12690.0,11991.083488393959,12235.169827798214,12052.251040529696,12089.208130143119
2026-03-02 02:00:00,11553.0,12469.0,11751.800732110598,11887.479887576732,11855.825323717621,11811.450154520817
2026-03-02 03:00:00,11422.0,12372.0,11595.324102990395,11740.380323100962,11706.772090490434,11729.3008570597
2026-03-02 04:00:00,11392.0,12196.0,11475.449627171438,11656.789155891545,11606.161211540122,11629.982056263954
2026-03-02 05:00:00,11450.0,12265.0,11512.961267346122,11672.284867808268,11660.340999740542,11694.078667375517
2026-03-02 06:00:00,11893.0,12381.0,11699.888029215526,12147.577200669002,12080.93386214101,12105.926664681932
2026-03-02 07:00:00,12349.0,12596.0,12021.303539002503,12585.236556214215,12452.562737912498,12492.944508341496
2026-03-02 08:00:00,12734.0,12779.0,12350.769127979389,13038.88082387015,12785.601350382156,12770.063551982696
2026-03-02 09:00:00,13335.0,13281.0,12879.684428382594,13274.716520209391,13332.60048634255,13336.246769286343
2026-03-02 10:00:00,13586.0,13735.0,13300.545919331686,13794.476337721851,13699.133374140047,13669.646664140266
2026-03-02 11:00:00,13699.0,13933.0,13470.85838339209,13836.388583010148,13715.494597476434,13693.899914600064
2026-03-02 12:00:00,13691.0,13979.0,13462.98408986221,13809.208417638429,13603.036334196333,13590.57388866376
2026-03-02 13:00:00,13648.0,13835.0,13393.633574095069,13772.010512330336,13570.939637347337,13587.971820245368
2026-03-02 14:00:00,13602.0,13834.0,13409.630067909027,13769.142130063627,13596.079573762678,13604.06161079899
2026-03-02 15:00:00,13634.0,13696.0,13302.755719061412,13762.379020841565,13537.68096013712,13543.936468095417
2026-03-02 16:00:00,13580.0,13640.0,13244.968343999353,13751.810839124992,13503.62720392551,13502.87600428157
2026-03-02 17:00:00,13520.0,13718.0,13273.7120600139,13722.680873707857,13504.842885249542,13503.514221125371
2026-03-02 18:00:00,13594.0,13914.0,13412.547593171443,13788.879884174006,13575.854481053791,13511.277315117959
2026-03-02 19:00:00,13868.0,14239.0,13615.57568769064,13881.453951943466,13768.92114521004,13715.661640882025
2026-03-02 20:00:00,13637.0,14104.0,13461.95566989259,13761.229273763716,13539.949522141354,13512.430384915851
2026-03-02 21:00:00,13511.0,14010.0,13356.023692229937,13615.505422702137,13437.641620436776,13387.594703570086
2026-03-02 22:00:00,13262.0,13719.0,13085.3492697077,13370.46546187666,13215.72359801499,13165.626261955864
2026-03-02 23:00:00,12792.0,13279.0,12654.597525216674,12877.135540681207,12780.254183565017,12722.993005075992
2026-03-03 00:00:00,12280.0,13037.0,12371.922960087326,12639.7548370351,12468.958450122254,12398.622034513284
2026-03-03 01:00:00,11903.0,12613.0,11941.009295363274,12045.631581066225,11969.90209061344,11896.955878825618
2026-03-03 02:00:00,11756.0,12350.0,11681.257976495102,11817.231867984985,11743.838876366879,11643.10047080088
2026-03-03 03:00:00,11577.0,12235.0,11550.023831150578,11678.162959114028,11580.746941253588,11499.256088363969
2026-03-03 04:00:00,11553.0,12253.0,11510.275184593002,11604.241022754246,11499.294540825153,11438.853312017589
2026-03-03 05:00:00,11683.0,12351.0,11580.566672142559,11666.853453085554,11573.73530934433,11533.080580944357
2026-03-03 06:00:00,12114.0,12834.0,11936.318549049229,11945.992306329645,11967.176132401768,11935.039464483372
2026-03-03 07:00:00,12544.0,13279.0,12347.12543876669,12522.699543131304,12574.830854954102,12575.177913310194
2026-03-03 08:00:00,12985.0,13799.0,12817.44708359839,12742.24246200722,12876.915060313948,12834.829145947735
2026-03-03 09:00:00,13524.0,14375.0,13371.029995825707,13097.473606897256,13223.222181980944,13269.872115752985
2026-03-03 10:00:00,13698.0,14698.0,13726.726205189054,13421.97995067788,13522.767935370233,13547.605712812676
2026-03-03 11:00:00,13790.0,14758.0,13815.524214261413,13769.237512051433,13678.234740071115,13759.504995179926
2026-03-03 12:00:00,13586.0,14599.0,13723.90159321708,13754.772427883976,13548.19726531702,13721.716652456487
2026-03-03 13:00:00,13579.0,14466.0,13633.132164954168,13747.471840823227,13492.972650746538,13666.387536947435
2026-03-03 14:00:00,13562.0,14510.0,13654.480766038618,13742.038904088216,13493.28684764915,13673.939537860084
2026-03-03 15:00:00,13540.0,14391.0,13564.981771659666,13735.234662655834,13484.220940517947,13639.372045082391
2026-03-03 16:00:00,13548.0,14296.0,13514.310726082189,13710.734428762704,13467.34289318837,13584.36680455369
2026-03-03 17:00:00,13433.0,14206.0,13479.82008102071,13693.609368332915,13474.215947235052,13618.259782869689
2026-03-03 18:00:00,13600.0,14349.0,13621.62892043415,13801.77203627513,13637.96885727859,13734.114837826914
2026-03-03 19:00:00,13880.0,14605.0,13799.603902689692,13908.85624876587,13809.710626736385,13929.295159406076
2026-03-03 20:00:00,13761.0,14423.0,13643.590557807278,13763.513195061365,13661.345244679756,13825.096544417212
2026-03-03 21:00:00,13543.0,14256.0,13531.373912409788,13639.900096188368,13581.79317243599,13686.319079133586
2026-03-03 22:00:00,13305.0,14025.0,13310.430550184798,13345.059826448076,13240.902638099185,13309.702395224918
2026-03-03 23:00:00,12841.0,13509.0,12853.192091952302,12960.525804982479,12863.099575533379,12811.561483814989
2026-03-04 00:00:00,12447.0,13154.0,12558.583049897945,12423.957885772987,12419.371941358537,12384.377353241378
2026-03-04 01:00:00,12047.0,12795.0,12171.203361578117,11906.025321620731,11996.709166534423,11992.8032448628
2026-03-04 02:00:00,11786.0,12512.0,11904.803812419414,11748.196540240353,11727.206672063283,11729.440988858387
2026-03-04 03:00:00,11612.0,12406.0,11747.794407482466,11568.20133887134,11578.245157708343,11571.604047939269
2026-03-04 04:00:00,11559.0,12379.0,11690.627207995383,11586.066814495536,11552.910296740258,11570.416471125554
2026-03-04 05:00:00,11672.0,12566.0,11806.574289667089,11656.470910041302,11645.347624865086,11618.914754489357
2026-03-04 06:00:00,11978.0,12877.0,12084.957401572503,11997.14957465443,11998.666021331914,11969.801833953627
2026-03-04 07:00:00,12455.0,13466.0,12572.001926483406,12706.43966627968,12469.41888087979,12411.022306798452
2026-03-04 08:00:00,12833.0,13940.0,13023.803176603065,12904.350275697298,12810.703214227486,12770.729219817724
2026-03-04 09:00:00,13393.0,14548.0,13601.92202998998,13494.207877285477,13276.930103778803,13359.547385779393
2026-03-04 10:00:00,13590.0,14853.0,13932.032325444505,13653.69225357501,13514.753280420242,13607.671967555443
2026-03-04 11:00:00,13556.0,14818.0,13965.208709627645,13681.27636753633,13551.746602391579,13659.610144964996
2026-03-04 12:00:00,13486.0,14581.0,13836.727639847215,13659.737484524074,13549.12850517317,13591.095889336535
2026-03-04 13:00:00,13408.0,14415.0,13723.066370546388,13634.393944404901,13489.349759069557,13526.879040991435
2026-03-04 14:00:00,13253.0,14438.0,13724.375652120569,13634.393944404901,13470.698108208548,13520.03783691179
2026-03-04 15:00:00,13238.0,14384.0,13676.043544237891,13633.095007356329,13438.826398936182,13536.205190939261
2026-03-04 16:00:00,13173.0,14225.0,13607.722530100165,13633.232297359407,13445.1864183281,13535.708396612854
2026-03-04 17:00:00,13192.0,14108.0,13570.718901264505,13632.579871502088,13415.994605138741,13524.323091911243
2026-03-04 18:00:00,13306.0,14328.0,13745.551551132576,13654.09904266274,13493.4884006559,13579.630232349718
2026-03-04 19:00:00,13621.0,14664.0,13972.639103218296,13723.167513793722,13719.527120895953,13794.74675057718
2026-03-04 20:00:00,13539.0,14494.0,13808.405428099488,13632.221491795317,13576.968038181694,13650.497681086263
2026-03-04 21:00:00,13445.0,14419.0,13727.917536424655,13535.819467220834,13474.370406872591,13541.01895498596
2026-03-04 22:00:00,13215.0,14195.0,13493.993306988556,13277.065860854504,13205.108936820385,13203.820060443659
2026-03-04 23:00:00,12743.0,13672.0,13021.622588413822,12887.859195256999,12796.240259983708,12770.958693558272
2026-03-05 00:00:00,12277.0,13290.0,12574.317029328542,12307.830423278625,12375.855994053662,12288.016662315185
2026-03-05 01:00:00,11846.0,12868.0,12148.7594724142,11876.75962549494,11961.760977027816,11939.943755994356
2026-03-05 02:00:00,11632.0,12633.0,11897.627521906526,11728.446736738844,11761.443512353775,11725.78129489412
2026-03-05 03:00:00,11442.0,12507.0,11766.067145007404,11620.406868542072,11619.025635913182,11565.86960110023
2026-03-05 04:00:00,11459.0,12412.0,11686.435018186934,11623.15649415128,11606.928530037365,11570.4819013284
2026-03-05 05:00:00,11551.0,12642.0,11822.123346445469,11671.965385922153,11693.535870438733,11691.715782426076
2026-03-05 06:00:00,11902.0,12965.0,12140.898740951388,12092.1812078922,12096.024586038477,12087.465488973352
2026-03-05 07:00:00,12356.0,13468.0,12607.321896045098,12660.399361524711,12611.541505548319,12649.067913221434
2026-03-05 08:00:00,12761.0,13970.0,13112.873579664785,13117.535229756151,13021.345116891473,13035.77840847782
2026-03-05 09:00:00,13310.0,14484.0,13662.848591830549,13629.021301356608,13654.71118093219,13642.478170253658
2026-03-05 10:00:00,13581.0,14729.0,13946.897765604655,13662.598633089192,13804.086740973718,13807.936415853204
2026-03-05 11:00:00,13531.0,14795.0,14023.241537909074,13665.340944706055,13826.263722686886,13853.925528693793
2026-03-05 12:00:00,13516.0,14553.0,13888.127882890494,13628.061506321415,13758.706733477486,13749.585894218066
2026-03-05 13:00:00,13465.0,14501.0,13844.846818412092,13624.872293437696,13750.069406236069,13752.52537684353
2026-03-05 14:00:00,13503.0,14684.0,13930.65864624272,13624.872293437696,13775.589758536282,13696.352009266193
2026-03-05 15:00:00,13422.0,14579.0,13834.367227799301,13623.57335638912,13707.232166701535,13681.0228883652
2026-03-05 16:00:00,13425.0,14512.0,13782.889278887562,13623.7106463922,13652.016102719188,13661.909621052002
2026-03-05 17:00:00,13344.0,14398.0,13704.701889373864,13504.151230335701,13490.605192863153,13492.747462648034
2026-03-05 18:00:00,13467.0,14539.0,13830.285396951582,13616.8109213979,13616.928641346049,13607.836836235507
2026-03-05 19:00:00,13772.0,14711.0,13984.27703923169,13703.021190519432,13847.534703469451,13804.006362687138
2026-03-05 20:00:00,13562.0,14519.0,13812.68886973043,13635.951753297177,13812.406773174727,13824.872417666238
2026-03-05 21:00:00,13416.0,14293.0,13648.046922182477,13562.454589634266,13650.812185009281,13672.88526633933
2026-03-05 22:00:00,13201.0,14033.0,13416.31954775355,13309.13064982657,13278.888315476841,13347.649042005736
2026-03-05 23:00:00,12729.0,13512.0,12959.931987423512,12898.512807343472,12829.745315504077,12870.625032895598
2026-03-06 00:00:00,12341.0,13153.0,12586.40732063844,12525.567585776631,12534.600923203896,12531.294765628709
2026-03-06 01:00:00,11817.0,12663.0,12145.296851980549,11897.709517638006,12102.017270702529,12199.595927022981
2026-03-06 02:00:00,11671.0,12358.0,11884.567532071615,11681.148182643446,11870.301059220355,11942.14635028183
2026-03-06 03:00:00,11596.0,12171.0,11712.536283631436,11554.056749050706,11763.471215786249,11812.029101670647
2026-03-06 04:00:00,11513.0,12205.0,11697.145944386288,11536.23031578826,11652.094845085034,11784.173878750027
2026-03-06 05:00:00,11693.0,12230.0,11747.493301413277,11614.465985013678,11743.296447281053,11901.943396996534
2026-03-06 06:00:00,11907.0,12562.0,12066.294875244392,11868.336299887585,12052.01708928497,12199.007515385107
2026-03-06 07:00:00,12453.0,12987.0,12490.623615849978,12492.519145237677,12501.771512192105,12501.998755055058
2026-03-06 08:00:00,12835.0,13396.0,12943.45615310336,12835.701589152412,12888.342702505697,12872.380818052325
2026-03-06 09:00:00,13366.0,13925.0,13482.747646512678,13379.361561792031,13402.720964212254,13472.803523448638
2026-03-06 10:00:00,13571.0,14224.0,13755.498459126644,13557.272021621884,13600.669902926753,13600.415054108063
2026-03-06 11:00:00,13635.0,14348.0,13832.840286772627,13557.577246520588,13627.546430258073,13620.813224504866
2026-03-06 12:00:00,13469.0,14167.0,13683.06881788099,13488.544307611688,13460.587625807562,13409.839120803039
2026-03-06 13:00:00,13314.0,14170.0,13639.030893566167,13417.817538614563,13398.324842069727,13382.847899162001
2026-03-06 14:00:00,13236.0,14265.0,13662.19692315545,13362.138161514626,13323.42866406111,13297.95125177771
2026-03-06 15:00:00,13093.0,14146.0,13563.718229387963,13363.957146247036,13258.25003074851,13206.92185792055
2026-03-06 16:00:00,13045.0,13973.0,13486.246794358354,13291.389083020522,13254.934677400035,13163.772189578003
2026-03-06 17:00:00,12939.0,13893.0,13461.230079642613,13267.33042491748,13240.13571601491,13169.044562932695
2026-03-06 18:00:00,13048.0,13947.0,13558.063968860451,13394.7073394896,13312.365651999964,13268.093301344019
2026-03-06 19:00:00,13376.0,14188.0,13746.23874594817,13558.677023923154,13519.02740459223,13490.742696603646
2026-03-06 20:00:00,13316.0,13921.0,13551.575054610086,13527.584805631555,13529.715108125627,13501.422202669648
2026-03-06 21:00:00,13201.0,13776.0,13411.800226121079,13380.985899553167,13434.880099507742,13405.785767550555
2026-03-06 22:00:00,13065.0,13492.0,13151.522116353552,13158.272709450375,13207.318331620416,13175.195489599808
2026-03-06 23:00:00,12664.0,13111.0,12746.122278516348,12735.928101929127,12801.650866065575,12767.068744584578
2026-03-07 00:00:00,12282.0,12750.0,12333.993573327485,12177.97981848809,12369.550508715556,12413.93921334366
2026-03-07 01:00:00,11901.0,12325.0,11912.909761600551,11887.66517087226,11977.21941917036,12064.204211666593
2026-03-07 02:00:00,11669.0,12071.0,11668.34231822989,11741.11771550254,11721.956427991625,11802.52384924341
2026-03-07 03:00:00,11549.0,11921.0,11527.100623109254,11471.363054036425,11576.86573232141,11613.722910656721
2026-03-07 04:00:00,11469.0,11814.0,11435.723720315082,11508.563473130855,11495.766320614754,11614.793104152655
2026-03-07 05:00:00,11502.0,11815.0,11450.18994778804,11602.571879495648,11525.860078635114,11654.245899480411
2026-03-07 06:00:00,11608.0,11930.0,11632.354307271162,11787.038027753058,11698.339137059465,11779.806007670993
2026-03-07 07:00:00,11740.0,12112.0,11929.424379580805,11959.15574128815,11863.704330362903,11962.271949204352
2026-03-07 08:00:00,11940.0,12327.0,12262.297482981166,12127.139214721727,12048.065789510329,12125.835764716625
2026-03-07 09:00:00,12543.0,12764.0,12754.332620265488,12608.417187855233,12492.859001502859,12547.475604463853
2026-03-07 10:00:00,12956.0,13232.0,13135.248938826644,12854.694552046602,12965.806932622058,12967.183515671435
2026-03-07 11:00:00,13078.0,13416.0,13225.699957357738,12952.812342873505,13088.317772721235,13090.780509553528
2026-03-07 12:00:00,13152.0,13478.0,13201.44403110708,12942.06132929497,13037.15970073026,13074.594631695003
2026-03-07 13:00:00,13020.0,13431.0,13140.849499859212,12917.974203350024,12963.558261895674,13001.88623473131
2026-03-07 14:00:00,12963.0,13427.0,13118.100558968925,12933.049961820323,12964.635857629892,13000.507768629233
2026-03-07 15:00:00,12822.0,13364.0,13064.015498650408,12855.826278407205,12883.482849608701,12914.129253029867
2026-03-07 16:00:00,12850.0,13328.0,13038.936911058518,12903.347393757535,12864.56648653714,12943.225121478654
2026-03-07 17:00:00,12843.0,13399.0,13087.61490926083,12909.467113967334,12870.496205085266,12905.494198726941
2026-03-07 18:00:00,13015.0,13508.0,13230.708295058072,12994.098645709353,12957.150223869725,13026.468362560447
2026-03-07 19:00:00,13305.0,13756.0,13437.239017512979,13170.491983807737,13308.162998754087,13367.17534842981
2026-03-07 20:00:00,13284.0,13612.0,13302.125461690455,13040.820127114037,13247.011252379902,13287.062141852897
2026-03-07 21:00:00,13181.0,13457.0,13195.868893986779,12945.904957414961,13111.82825463702,13163.423234793341
2026-03-07 22:00:00,12966.0,13182.0,12956.850771644324,12807.900421028166,12876.134078116844,12910.988869485858
2026-03-07 23:00:00,12626.0,12780.0,12547.865043883776,12513.030118468863,12585.17725014494,12594.436698369715
2026-03-08 00:00:00,12283.0,12444.0,11999.806724647075,12185.52999931056,12312.339868060031,12422.341734915586
2026-03-08 01:00:00,11885.0,11986.0,11556.851951954523,11811.11528711272,11932.897838230758,12070.746573547689
2026-03-08 02:00:00,11653.0,11691.0,11297.257087836091,11627.215466651782,11775.916509292749,11895.13643488353
2026-03-08 03:00:00,11484.0,11494.0,11126.425220309175,11483.580640480135,11634.68714371545,11743.052272654268
2026-03-08 04:00:00,11382.0,11387.0,11052.20442439928,11445.729724728993,11653.923340932957,11666.733665521617
2026-03-08 05:00:00,11382.0,11433.0,11110.620472414339,11485.446334667055,11756.55557018501,11754.630866854493
2026-03-08 06:00:00,11534.0,11492.0,11266.507704582382,11579.037322664244,11839.914662629502,11824.551190147136
2026-03-08 07:00:00,11678.0,11713.0,11578.87679879522,11783.694649338362,11888.628481341082,11832.614739044247
2026-03-08 08:00:00,11769.0,11834.0,11862.693965144103,11946.947494070217,11968.102537826473,11920.808195901525
2026-03-08 09:00:00,12326.0,12280.0,12364.78607959469,12285.80436435742,12315.221633456154,12263.628339662433
2026-03-08 10:00:00,12809.0,12755.0,12757.737093407704,12666.396526701355,12743.656036076234,12753.331265980505
2026-03-08 11:00:00,12923.0,13055.0,12926.920287922245,12801.473530715612,12940.505869794728,12898.081153164414
2026-03-08 12:00:00,12967.0,13122.0,12926.66487739588,12821.624682630141,12914.02372839541,12901.693795581346
2026-03-08 13:00:00,12879.0,13118.0,12885.86633737227,12768.754954555494,12831.55112541474,12811.34374024706
2026-03-08 14:00:00,12822.0,13161.0,12889.309116156493,12774.457363463584,12817.711221018493,12774.136644890068
2026-03-08 15:00:00,12767.0,13129.0,12843.948294494017,12735.141760069719,12745.809110065928,12718.269485974086
2026-03-08 16:00:00,12728.0,13137.0,12860.70843846497,12740.296487947784,12712.741268405656,12659.819081563708
2026-03-08 17:00:00,12738.0,13231.0,12899.422326037266,12767.379132458014,12709.27370975889,12683.01683839968
2026-03-08 18:00:00,12932.0,13447.0,13075.663086539562,12909.638611302997,12847.063065243872,12801.024143377319
2026-03-08 19:00:00,13100.0,13666.0,13259.713670883826,13007.011938990567,13116.847115514194,13084.29818476815
2026-03-08 20:00:00,13043.0,13498.0,13125.221463570513,12996.337462362477,13161.421963345534,13149.226265993357
2026-03-08 21:00:00,13012.0,13417.0,13028.102401469754,12920.207795969187,13067.108623216049,13062.213909364693
2026-03-08 22:00:00,12748.0,13053.0,12745.390543208128,12778.000701005694,12879.959553265136,12864.872209101117
2026-03-08 23:00:00,12359.0,12594.0,12335.124281405586,12375.41609695529,12585.675183420868,12540.025033265281
2026-03-09 00:00:00,12173.0,12180.0,11986.6374306327,12166.46223183566,12259.99095750848,12243.39033248838
2026-03-09 01:00:00,11718.0,11831.0,11585.370914828572,11802.412372155788,11890.360694107072,11951.252929746333
2026-03-09 02:00:00,11517.0,11553.0,11334.499164366543,11642.916463648662,11672.841851788506,11744.218542279472
2026-03-09 03:00:00,11331.0,11422.0,11204.655591931723,11457.155273518398,11537.611880037039,11601.313614233883
2026-03-09 04:00:00,11260.0,11392.0,11137.352039727322,11365.195090971882,11427.594432929569,11428.6276577431
2026-03-09 05:00:00,11273.0,11450.0,11192.665633179877,11394.603168663923,11453.13905518545,11443.68785483795
2026-03-09 06:00:00,11383.0,11893.0,11509.869867948113,11609.313692635147,11577.387665166565,11619.33386305945
2026-03-09 07:00:00,11630.0,12349.0,11928.797385300013,11816.578888537888,11800.253560178167,11833.20591510024
2026-03-09 08:00:00,11649.0,12734.0,12316.718660535804,11976.925372884985,11903.607440736474,11925.902582701305
2026-03-09 09:00:00,12177.0,13335.0,12899.434337901195,12765.053177235528,12521.79017934299,12467.975499492208
2026-03-09 10:00:00,12668.0,13586.0,13178.097204875106,13067.09267553792,12857.613096435962,12758.163416644182
2026-03-09 11:00:00,12826.0,13699.0,13272.553600095212,13133.883391719055,13009.775312999407,12884.975331508362
2026-03-09 12:00:00,12792.0,13691.0,13229.659480745191,13187.747015331532,13073.262687465534,12907.525467784233
2026-03-09 13:00:00,12799.0,13648.0,13157.022138754448,13106.95755481926,13043.01484620849,12943.809821392348
2026-03-09 14:00:00,12784.0,13602.0,13102.770721294824,13103.725409649885,12966.800978985317,12876.049366784695
2026-03-09 15:00:00,12844.0,13634.0,13045.739439653811,13026.558525578661,12893.881583145763,12794.166066717546
2026-03-09 16:00:00,12924.0,13580.0,13033.135673713263,13028.433179563895,12921.458437190306,12837.272854898205
2026-03-09 17:00:00,12949.0,13520.0,13009.213347191098,13045.316659759465,12943.759213974623,12807.917104429387
2026-03-09 18:00:00,13057.0,13594.0,13098.120501484576,13112.141690933524,13004.725052137062,12857.958366050974
2026-03-09 19:00:00,13234.0,13868.0,13289.998388560452,13280.877869068378,13207.885263474445,13069.192480944823
2026-03-09 20:00:00,13286.0,13637.0,13122.995295487064,13246.994292498324,13121.494191731541,13119.245328504729
2026-03-09 21:00:00,13157.0,13511.0,13036.467706032101,13155.28378107973,13030.930509675887,13013.177446936605
2026-03-09 22:00:00,12824.0,13262.0,12809.304201142932,12953.134380930875,12822.602321747216,12795.614367337459
2026-03-09 23:00:00,12278.0,12792.0,12384.852383464353,12592.672037396353,12469.10689298611,12454.406719107057
2026-03-10 00:00:00,11893.0,12280.0,12003.806482641097,12138.571790738275,12036.672927350268,11997.34411910984
2026-03-10 01:00:00,11415.0,11903.0,11600.13316950909,11726.360427692893,11566.403065892895,11544.752270119621
2026-03-10 02:00:00,11133.0,11756.0,11393.337891571331,11513.306567457952,11368.056168919637,11306.078449752318
2026-03-10 03:00:00,10970.0,11577.0,11216.956243334756,11272.709643488863,11167.198088803563,11120.531884588974
2026-03-10 04:00:00,11042.0,11553.0,11159.587937304801,11213.877394568974,11084.378523024405,11036.150447808073
2026-03-10 05:00:00,11093.0,11683.0,11234.518698559927,11256.130898075035,11148.056074840397,11105.54315144847
2026-03-10 06:00:00,11564.0,12114.0,11567.132148133633,11803.423009254573,11704.97124253095,11666.750522511424
2026-03-10 07:00:00,11962.0,12544.0,11940.210222542071,12076.160718627883,12087.309707179727,12031.32109568238
2026-03-10 08:00:00,12257.0,12985.0,12355.562958824055,12466.879897880985,12343.51502222319,12295.320135205395
2026-03-10 09:00:00,12820.0,13524.0,12921.663911399484,13156.72220723095,13068.435005439502,13029.754482546981
2026-03-10 10:00:00,13218.0,13698.0,13185.60540602525,13245.561378045675,13325.861920644522,13223.582082374809
2026-03-10 11:00:00,13277.0,13790.0,13278.1464712756,13376.892671769892,13338.197181381594,13239.058414226218
2026-03-10 12:00:00,13145.0,13586.0,13149.515858277055,13322.676973348918,13259.724633087015,13123.660507066714
2026-03-10 13:00:00,13038.0,13579.0,13088.444690048726,13263.766055841377,13176.388206907912,13035.542676844621
2026-03-10 14:00:00,12934.0,13562.0,13039.768099124625,13180.026488830252,13078.224514964084,12984.609731735729
2026-03-10 15:00:00,12756.0,13540.0,12967.98551271257,13144.743174180197,13007.069032467321,12935.701798120386
2026-03-10 16:00:00,12713.0,13548.0,12951.922348760763,13139.970439403369,12976.525799674142,12870.528050504303
2026-03-10 17:00:00,12535.0,13433.0,12893.698150099008,13119.719057151768,12905.695705943976,12792.682733003612
2026-03-10 18:00:00,12654.0,13600.0,13025.185526754434,13214.29261348239,12998.971849034462,12924.310779434092
2026-03-10 19:00:00,12891.0,13880.0,13229.938897004407,13421.734502656653,13152.774842605819,13074.17390605284
2026-03-10 20:00:00,12934.0,13761.0,13117.960046785065,13344.074686236694,13145.24074661586,13086.099189097806
2026-03-10 21:00:00,12811.0,13543.0,12968.039812624116,13241.135972975542,13037.74118018033,12964.75264443435
2026-03-10 22:00:00,12623.0,13305.0,12733.29371340561,12975.368297739808,12744.34736860007,12690.113050632426
2026-03-10 23:00:00,12054.0,12841.0,12297.091911531184,12660.553453834536,12277.187117170228,12238.637006229721
2026-03-11 00:00:00,11681.0,12447.0,11944.58747107597,12186.166550290582,11990.897465792812,11976.586932021648
2026-03-11 01:00:00,11226.0,12047.0,11534.82312500161,11800.76639320756,11537.971105070652,11519.395903990251
2026-03-11 02:00:00,10986.0,11786.0,11271.653284706812,11532.945118655349,11323.097195955046,11321.33637596238
2026-03-11 03:00:00,10918.0,11612.0,11109.124288103036,11352.244025738548,11165.176493324896,11172.31647976139
2026-03-11 04:00:00,10860.0,11559.0,11032.824379098152,11284.43921848909,11081.082735304175,11095.607132018748
2026-03-11 05:00:00,10951.0,11672.0,11102.948929429635,11388.88126581313,11195.12404905601,11201.43836521436
2026-03-11 06:00:00,11366.0,11978.0,11376.97951433941,11665.189415468554,11548.481829729237,11534.836304599963
2026-03-11 07:00:00,11781.0,12455.0,11804.549782608092,12037.96198218504,11954.732055345843,11926.142235781439
2026-03-11 08:00:00,12110.0,12833.0,12180.30271959242,12123.9003753873,12086.175623884963,12022.717057605956
2026-03-11 09:00:00,12675.0,13393.0,12754.841859095675,12907.529202287244,12743.51718137192,12637.715701447469
2026-03-11 10:00:00,12875.0,13590.0,13028.481620037132,13227.765388789538,13073.045981576952,12995.566197256712
2026-03-11 11:00:00,12819.0,13556.0,13053.259871779148,13277.691415369938,13145.24927207138,12980.9191071289
2026-03-11 12:00:00,12656.0,13486.0,12980.987620479626,13208.168483790376,13034.328392895986,12919.311459737337
2026-03-11 13:00:00,12542.0,13408.0,12908.710845453787,13190.219075765508,13047.177262668722,12897.38703865305
2026-03-11 14:00:00,12506.0,13253.0,12817.537761955133,13169.697244043646,12989.866429825062,12803.54285393611
2026-03-11 15:00:00,12444.0,13238.0,12757.988007415868,13177.355978249652,13059.282504389848,12816.531878737229
2026-03-11 16:00:00,12479.0,13173.0,12715.879427874415,13202.36545395235,13078.984060809666,12860.160787201768
2026-03-11 17:00:00,12391.0,13192.0,12730.92101691203,13179.7757528044,12970.462587532824,12866.54594470137
2026-03-11 18:00:00,12454.0,13306.0,12851.818802994965,13286.949407060234,13059.300811912608,12913.185782404853
2026-03-11 19:00:00,12637.0,13621.0,13058.882613502468,13403.388994650139,13173.793123171385,13011.429400007859
2026-03-11 20:00:00,12785.0,13539.0,12959.99032093571,13385.6105058816,13183.875023494827,13117.154455754175
2026-03-11 21:00:00,12646.0,13445.0,12875.663783925465,13297.23877842818,12983.226929927972,12969.23908966456
2026-03-11 22:00:00,12471.0,13215.0,12643.088566467426,13033.327561161925,12747.11998326482,12689.473761059959
2026-03-11 23:00:00,11984.0,12743.0,12191.793388099873,12549.458623809753,12166.18133611679,12137.408944804936
2026-03-12 00:00:00,11501.0,12277.0,11704.68487117276,12113.577772520326,11841.733431175286,11839.008148162557
2026-03-12 01:00:00,11078.0,11846.0,11257.639891569195,11706.68382300227,11438.07534228491,11455.331953370534
2026-03-12 02:00:00,10792.0,11632.0,11021.534537623822,11462.978495984187,11141.6076999272,11167.479351864491
2026-03-12 03:00:00,10750.0,11442.0,10854.635087264198,11306.164098717392,10986.393150406704,11010.087519374689
2026-03-12 04:00:00,10729.0,11459.0,10806.875025172845,11301.324985458092,10985.268562708385,11025.79477059954
2026-03-12 05:00:00,10805.0,11551.0,10874.36783738806,11373.10106753762,11058.66245001349,11107.203742279025
2026-03-12 06:00:00,11152.0,11902.0,11174.184392857203,11812.554639783119,11519.930952186221,11553.115349380485
2026-03-12 07:00:00,11622.0,12356.0,11591.816570116032,12212.595719809862,11854.335956175719,11835.389136448162
2026-03-12 08:00:00,11932.0,12761.0,11992.472884936727,12392.500114791801,11982.325577442847,12003.375993123207
2026-03-12 09:00:00,12496.0,13310.0,12548.724316819398,12969.72851979953,12549.313165110621,12560.55935183347
2026-03-12 10:00:00,12700.0,13581.0,12855.151380233568,13284.289651560086,12996.773271823413,12967.322308486875
2026-03-12 11:00:00,12774.0,13531.0,12876.088657055328,13344.65257976227,13011.654182835795,12974.2628984565
2026-03-12 12:00:00,12536.0,13516.0,12817.626827043347,13231.380586737447,12990.585060468855,12973.087648007753
2026-03-12 13:00:00,12407.0,13465.0,12760.819001272544,13185.82557749712,12894.006203100489,12888.85586611165
2026-03-12 14:00:00,12458.0,13503.0,12753.491666501692,13088.142927005478,12790.331962260876,12764.286671132742
2026-03-12 15:00:00,12461.0,13422.0,12679.958429118571,12909.098268907674,12577.680206246667,12532.237343907307
2026-03-12 16:00:00,12418.0,13425.0,12651.81172269237,12909.098268907674,12568.827180858721,12592.30123429155
2026-03-12 17:00:00,12410.0,13344.0,12591.888049324003,12841.568437638514,12473.169681157784,12537.628137635633
2026-03-12 18:00:00,12515.0,13467.0,12735.393820709158,12904.75787663338,12605.658688862039,12580.441312294872
2026-03-12 19:00:00,12667.0,13772.0,12927.690294163065,13076.962470425055,12842.171297899002,12791.56231303253
2026-03-12 20:00:00,12664.0,13562.0,12788.438455396297,13110.814800123539,12857.564245393207,12819.369575100114
2026-03-12 21:00:00,12489.0,13416.0,12665.231873050165,12943.803365130334,12657.586093899567,12599.123919112835
2026-03-12 22:00:00,12317.0,13201.0,12432.650048174874,12841.847578167582,12467.522760255762,12401.333356609588
2026-03-12 23:00:00,11769.0,12729.0,11959.165761646162,12330.745809881993,11939.63800814693,11869.41813006368
2026-03-13 00:00:00,11421.0,12341.0,11546.22146316051,11850.89620509997,11689.420155219952,11608.55891697887
2026-03-13 01:00:00,10995.0,11817.0,11050.56565432313,11437.072416884062,11238.77319180511,11159.6881621833
2026-03-13 02:00:00,10741.0,11671.0,10837.968695306194,11118.630641134503,10952.144260701589,10882.541243044929
2026-03-13 03:00:00,10701.0,11596.0,10713.45358475845,11083.025097152851,10934.238976452894,10862.919245460977
2026-03-13 04:00:00,10626.0,11513.0,10637.950985714378,11032.792788756127,10806.458910803352,10766.656811645937
2026-03-13 05:00:00,10699.0,11693.0,10759.16459392834,11089.69283059155,10929.567279818484,10894.569979333306
2026-03-13 06:00:00,11060.0,11907.0,11025.167000039424,11532.348278796528,11344.884421734627,11305.826281453172
2026-03-13 07:00:00,11478.0,12453.0,11501.080013829769,11944.426166766958,11714.315831905265,11682.535129949634
2026-03-13 08:00:00,11842.0,12835.0,11903.678124357231,12226.863582489756,11923.799252422354,11905.1868862498
2026-03-13 09:00:00,12384.0,13366.0,12452.827910120917,12817.834742862087,12464.391952760032,12453.399603844682
2026-03-13 10:00:00,12577.0,13571.0,12701.504594872258,12986.654182429487,12701.545430178361,12676.27133460958
2026-03-13 11:00:00,12633.0,13635.0,12743.023149929419,12933.072104912828,12658.74735673843,12674.02166580567
2026-03-13 12:00:00,12525.0,13469.0,12587.209043042712,12834.374984526057,12539.585582499722,12528.674842777222
2026-03-13 13:00:00,12412.0,13314.0,12462.2441423153,12785.807670712862,12479.945686171104,12474.708185552367
2026-03-13 14:00:00,12410.0,13236.0,12393.187275207883,12726.476569480894,12403.697653660525,12393.283948510987
2026-03-13 15:00:00,12276.0,13093.0,12271.640796513942,12702.341482206055,12288.128276695648,12280.319047791525
2026-03-13 16:00:00,12224.0,13045.0,12233.429127135523,12694.202144880237,12237.850953784817,12223.071647435123
2026-03-13 17:00:00,12149.0,12939.0,12151.09554816721,12654.943251799876,12174.748069155483,12153.993424314278
2026-03-13 18:00:00,12278.0,13048.0,12264.705417143374,12689.85950657785,12194.155577394506,12193.670164161815
2026-03-13 19:00:00,12414.0,13376.0,12512.054092769195,12809.681783912343,12414.118740867594,12367.732993773658
2026-03-13 20:00:00,12554.0,13316.0,12463.986438234326,12823.955587487551,12563.484116976317,12528.266964837298
2026-03-13 21:00:00,12384.0,13201.0,12374.60179265476,12776.755777169898,12463.800374184955,12461.832105256644
2026-03-13 22:00:00,12235.0,13065.0,12206.070229749785,12655.974341828038,12276.886633747985,12248.931070277846
2026-03-13 23:00:00,11789.0,12664.0,11797.247291025435,12177.62707017919,11933.703251226252,11900.025438275106
2026-03-14 00:00:00,11462.0,12282.0,11318.249736642108,11690.666394858266,11602.134563999518,11582.677338955778
2026-03-14 01:00:00,11045.0,11901.0,10907.537636121715,11277.934610765888,11166.21052269154,11068.12463575079
2026-03-14 02:00:00,10761.0,11669.0,10657.52179572685,10961.444498886645,10823.666947907175,10765.85931779219
2026-03-14 03:00:00,10610.0,11549.0,10525.134091057203,10928.635383829282,10740.882292264905,10682.690619596688
2026-03-14 04:00:00,10536.0,11469.0,10438.200672081955,10763.39715995936,10610.203862243525,10555.00948682542
2026-03-14 05:00:00,10508.0,11502.0,10475.658772290943,10907.608881119968,10688.869682190007,10641.188670688227
2026-03-14 06:00:00,10651.0,11608.0,10668.794837415171,11093.120190895695,10894.519792246045,10841.010322847103
2026-03-14 07:00:00,10769.0,11740.0,10937.723595982883,11430.745946436775,10971.244837015576,10950.202043622214
2026-03-14 08:00:00,11054.0,11940.0,11247.777664796235,11606.668366175627,11159.133465907982,11138.521978062045
2026-03-14 09:00:00,11645.0,12543.0,11811.439381619724,12030.317822201645,11754.330162360257,11684.09031406573
2026-03-14 10:00:00,12039.0,12956.0,12142.423967500532,12462.448324197192,12167.608739750782,12068.722166698031
2026-03-14 11:00:00,12163.0,13078.0,12210.776465919398,12553.809829706666,12282.064198276405,12179.414521940615
2026-03-14 12:00:00,12126.0,13152.0,12166.79281958841,12515.751683811539,12215.818544705298,12141.637962433942
2026-03-14 13:00:00,12023.0,13020.0,12040.897421855752,12414.840418891592,12103.362204084537,12018.786659313322
2026-03-14 14:00:00,12030.0,12963.0,11979.519353114954,12378.589556425006,12086.343733916785,12000.95115420208
2026-03-14 15:00:00,11881.0,12822.0,11861.15348048784,12341.333779710058,12006.528046571571,11933.952114353506
2026-03-14 16:00:00,11840.0,12850.0,11873.410853821246,12341.333779710058,11971.728581397629,11907.661166347905
2026-03-14 17:00:00,11822.0,12843.0,11875.70175374541,12372.099108435345,11990.97486045263,11892.362718140846
2026-03-14 18:00:00,11931.0,13015.0,12020.685899424718,12490.61516237178,12071.555064653287,12004.803891507965
2026-03-14 19:00:00,12080.0,13305.0,12234.196604642259,12646.262602698973,12229.947559469072,12156.883267094629
2026-03-14 20:00:00,12210.0,13284.0,12205.143451691603,12656.581469000272,12322.79643642585,12239.0290277476
2026-03-14 21:00:00,12130.0,13181.0,12111.149972928182,12542.311704154992,12259.06816731013,12191.390780536614
2026-03-14 22:00:00,11869.0,12966.0,11913.229086636231,12330.53090636613,11992.375760492981,11923.64303992249
2026-03-14 23:00:00,11520.0,12626.0,11528.881790400246,11891.889696738184,11597.248591563048,11541.812455216885
2026-03-15 00:00:00,11195.0,12283.0,11130.128761825325,11339.482537223263,11360.01532285994,11290.522165419598
2026-03-15 01:00:00,10776.0,11885.0,10720.775240159597,11094.108924855787,10997.389433565511,10939.2224777712
2026-03-15 02:00:00,10510.0,11653.0,10486.631494455667,10788.356653744553,10782.535955245248,10716.476351235695
2026-03-15 03:00:00,10358.0,11484.0,10352.051462514062,10593.313208669182,10606.127262211397,10528.296329797107
2026-03-15 04:00:00,10289.0,11382.0,10270.619973180652,10463.890340497645,10496.263445072926,10429.925755786935
2026-03-15 05:00:00,10301.0,11382.0,10304.26512232991,10522.143561837933,10531.295823342894,10449.518535629932
2026-03-15 06:00:00,10481.0,11534.0,10522.038464758793,10810.872388715206,10749.372462200554,10691.154144972146
2026-03-15 07:00:00,10531.0,11678.0,10806.762948613434,10961.174431678388,10745.471923283298,10675.859018642936
2026-03-15 08:00:00,10742.0,11769.0,11062.18503227136,11155.429670476413,10946.38006373403,10897.199572743433
2026-03-15 09:00:00,11315.0,12326.0,11607.222323609822,11681.935176042618,11408.4980379548,11355.999302610791
2026-03-15 10:00:00,11704.0,12809.0,11971.981832126094,12131.61786093211,11922.357306734928,11888.487521261708
2026-03-15 11:00:00,11898.0,12923.0,12056.241331947727,12229.867858788206,12083.62087609375,12051.755039971116
2026-03-15 12:00:00,11906.0,12967.0,12012.326755782384,12207.658231547766,12051.833230333456,12010.22842014684
2026-03-15 13:00:00,11845.0,12879.0,11915.918897415995,12154.285187541258,11927.675667536403,11918.684343971658
2026-03-15 14:00:00,11791.0,12822.0,11874.385979713972,12142.313978693224,11899.200715718798,11876.407293282718
2026-03-15 15:00:00,11704.0,12767.0,11815.67103448383,11911.780413980898,11674.284251552368,11654.097608405575
2026-03-15 16:00:00,11732.0,12728.0,11790.02412965549,11909.568503174392,11646.76369579832,11630.137770410349
2026-03-15 17:00:00,11712.0,12738.0,11817.288719546075,11957.50432574914,11677.092765573554,11649.339072069115
2026-03-15 18:00:00,11915.0,12932.0,12002.742347083262,12043.831340544304,11792.101055436427,11766.436422446444
2026-03-15 19:00:00,12122.0,13100.0,12153.100775830595,12373.920604833693,12128.190542860957,12106.112840139236
2026-03-15 20:00:00,12301.0,13043.0,12095.126310337399,12394.737534064769,12278.95025480374,12248.850909238814
2026-03-15 21:00:00,12255.0,13012.0,12052.996330460483,12325.015899365504,12169.753235431801,12133.365056245564
2026-03-15 22:00:00,11964.0,12748.0,11825.801947261562,12010.502303460386,11907.934022684845,11864.526894444882
2026-03-15 23:00:00,11473.0,12359.0,11411.835790284866,11633.795483668791,11558.987909336067,11517.489325792349
2026-03-16 00:00:00,11030.0,12173.0,11436.249046524708,11347.089471322844,11212.394400157807,11181.198269385004
2026-03-16 01:00:00,10621.0,11718.0,11008.467327502769,10904.143959707593,10807.655914888594,10769.22286071973
2026-03-16 02:00:00,10338.0,11517.0,10790.410015622594,10721.553109677829,10650.54858176821,10602.358588838331
2026-03-16 03:00:00,10265.0,11331.0,10631.283434253846,10525.98637834764,10536.638509432807,10481.272566531627
2026-03-16 04:00:00,10257.0,11260.0,10569.371785555,10503.796269242328,10527.010194035067,10459.755052874472
2026-03-16 05:00:00,10344.0,11273.0,10601.328683491645,10531.394628416077,10526.82998912645,10488.551300650046
2026-03-16 06:00:00,10732.0,11383.0,10816.49676888352,10786.812285010521,10873.60583255371,10862.042600198336
2026-03-16 07:00:00,11211.0,11630.0,11141.575448090864,11261.54187734656,11242.305310167654,11241.14204675237
2026-03-16 08:00:00,11631.0,11649.0,11375.066570827184,11531.5103548586,11569.713180686744,11578.728225895442
2026-03-16 09:00:00,12233.0,12177.0,11929.528479039098,12274.554608643688,12294.670002475421,12272.370832414199
2026-03-16 10:00:00,12529.0,12668.0,12315.670606816067,12445.34782598561,12487.71050680575,12521.86522686861
2026-03-16 11:00:00,12543.0,12826.0,12430.641123907135,12551.802541130413,12577.24777359374,12640.938410280996
2026-03-16 12:00:00,12550.0,12792.0,12415.15930995725,12471.335455896302,12485.879542927165,12539.487255952412
2026-03-16 13:00:00,12462.0,12799.0,12409.820143163337,12377.745506208272,12447.817071071897,12491.189048446367
2026-03-16 14:00:00,12462.0,12784.0,12379.463533993634,12375.724449300278,12474.393534083638,12488.92089050824
2026-03-16 15:00:00,12402.0,12844.0,12368.372151107495,12287.799290280156,12422.580027919668,12412.966608722629
2026-03-16 16:00:00,12450.0,12924.0,12380.888853641185,12271.643152837541,12338.327385397388,12329.455386149353
2026-03-16 17:00:00,12335.0,12949.0,12373.202376400755,12246.171657384908,12254.189289235324,12272.87912727087
2026-03-16 18:00:00,12388.0,13057.0,12499.802315921865,12336.521544708352,12483.508839838876,12448.948322111157
2026-03-16 19:00:00,12593.0,13234.0,12641.122421172437,12488.061553392026,12647.607855115286,12622.868344460654
2026-03-16 20:00:00,12571.0,13286.0,12646.842378660405,12504.478435879331,12643.589290840431,12651.789569177037
2026-03-16 21:00:00,12464.0,13157.0,12548.371724603245,12404.351041763592,12587.173671661743,12634.191965234308
2026-03-16 22:00:00,12206.0,12824.0,12272.932458561192,12117.819324725173,12216.481394542781,12208.749638371424
2026-03-16 23:00:00,11625.0,12278.0,11788.004193567309,11828.38929058934,11790.52265197476,11778.939775460856
2026-03-17 00:00:00,11240.0,11893.0,11387.1221895761,11222.795455706813,11187.032254941148,11178.204858867899
2026-03-17 01:00:00,10846.0,11415.0,10945.836064750596,10835.749968578235,10784.512700970756,10833.852526516876
2026-03-17 02:00:00,10618.0,11133.0,10692.05029325304,10670.331826778089,10579.753143165291,10596.614259214513
2026-03-17 03:00:00,10548.0,10970.0,10531.122185230854,10528.930974038354,10468.90641942996,10473.179434335241
2026-03-17 04:00:00,10568.0,11042.0,10534.852959819544,10522.107009075564,10472.684957309437,10470.119618817955
2026-03-17 05:00:00,10568.0,11093.0,10581.297538064822,10573.721332651372,10541.139661280404,10539.498979020098
2026-03-17 06:00:00,10865.0,11564.0,10936.83164996674,10910.771686275733,10891.574061427036,10866.530423765049
2026-03-17 07:00:00,11300.0,11962.0,11304.83877063803,11255.946424266362,11211.395860369965,11202.461584612733
2026-03-17 08:00:00,11631.0,12257.0,11660.364099717339,11641.666270321643,11661.584221124134,11652.868551605194
2026-03-17 09:00:00,12106.0,12820.0,12215.997782657414,12097.942362656691,12268.53756757717,12279.798574640017
2026-03-17 10:00:00,12413.0,13218.0,12545.411062240491,12432.794072143193,12505.227793135127,12494.557455422759
2026-03-17 11:00:00,12265.0,13277.0,12607.83807947516,12494.363296625206,12487.622901673793,12461.006290190835
2026-03-17 12:00:00,12169.0,13145.0,12485.657883908952,12406.32368523959,12392.359323619356,12350.370218046726
2026-03-17 13:00:00,12157.0,13038.0,12388.521474097739,12349.055410710682,12296.124440662647,12251.0806130831
2026-03-17 14:00:00,12233.0,12934.0,12311.677786681375,12283.591483098273,12253.272209320161,12196.429965801452
2026-03-17 15:00:00,12150.0,12756.0,12157.089839422708,12202.619105694304,12123.939706924206,12063.871120024429
2026-03-17 16:00:00,12155.0,12713.0,12125.777219541913,12219.07585408031,12106.13778923557,12045.594381967618
2026-03-17 17:00:00,12010.0,12535.0,12028.770940805949,12187.489209621295,12017.079456800428,11967.678319189707
2026-03-17 18:00:00,12088.0,12654.0,12166.697296517583,12268.160568065818,12075.424176518582,12060.808873443299
2026-03-17 19:00:00,12284.0,12891.0,12378.676216953892,12380.15463753446,12154.367121683954,12152.742382683866
2026-03-17 20:00:00,12405.0,12934.0,12410.20565236946,12501.51917498732,12437.08888389174,12399.10856555128
2026-03-17 21:00:00,12335.0,12811.0,12298.064009888363,12334.419313879545,12276.947840366956,12265.146000462793
2026-03-17 22:00:00,12129.0,12623.0,12094.774942463791,12173.120327266464,12097.028476719226,12113.058004369277
2026-03-17 23:00:00,11668.0,12054.0,11638.905352809224,11805.80995609255,11770.117358100126,11759.385101109361
2026-03-18 00:00:00,11262.0,11681.0,11320.233850188677,11205.949175275244,11244.183525284525,11242.84476697647
2026-03-18 01:00:00,10841.0,11226.0,10898.44945989017,10685.448171469861,10747.075151945317,10757.1389357969
2026-03-18 02:00:00,10636.0,10986.0,10649.008479463117,10481.55088342049,10512.779646183897,10502.598740914413
2026-03-18 03:00:00,10552.0,10918.0,10552.522893683421,10435.238163382966,10426.658010243777,10448.214458641905
2026-03-18 04:00:00,10553.0,10860.0,10490.954361295657,10424.423122386072,10410.005938478722,10432.22443879334
2026-03-18 05:00:00,10549.0,10951.0,10565.995844966252,10461.319392719752,10459.895263421626,10486.09059006877
2026-03-18 06:00:00,11007.0,11366.0,10892.747927766204,10812.761761507045,10892.43297626156,10924.099959537056
2026-03-18 07:00:00,11391.0,11781.0,11293.12405033119,11437.682329369536,11313.424720899855,11320.942780627845
2026-03-18 08:00:00,11779.0,12110.0,11664.411409509285,11904.185683611637,11736.939157720797,11767.02370995866
2026-03-18 09:00:00,12286.0,12675.0,12234.428426881248,12222.57873115757,12265.527410484348,12277.871254851942
2026-03-18 10:00:00,12521.0,12875.0,12497.694841371213,12496.577620552725,12551.61153913349,12519.27353018272
2026-03-18 11:00:00,12532.0,12819.0,12517.332411228186,12479.591932241181,12567.24842698444,12531.260610756139
2026-03-18 12:00:00,12489.0,12656.0,12420.8056638905,12466.34451084338,12560.282862613456,12501.85847122281
2026-03-18 13:00:00,12451.0,12542.0,12342.779086572371,12397.771765511874,12446.11099641509,12391.005191111553
2026-03-18 14:00:00,12401.0,12506.0,12299.416278247467,12396.739252451209,12446.413286988272,12391.655952461542
2026-03-18 15:00:00,12338.0,12444.0,12231.595755098935,12382.211146710637,12418.226230074093,12333.93593913769
2026-03-18 16:00:00,12278.0,12479.0,12237.205394158502,12395.52487788023,12410.221435987078,12288.388198633073
2026-03-18 17:00:00,12181.0,12391.0,12192.284890650224,12368.849006723067,12303.70534160145,12176.32247884146
2026-03-18 18:00:00,12316.0,12454.0,12295.673114385216,12371.449998866456,12323.183334557916,12188.320779096712
2026-03-18 19:00:00,12470.0,12637.0,12462.48035644444,12535.821909026745,12559.17340216721,12449.741993718488
2026-03-18 20:00:00,12643.0,12785.0,12518.16192558687,12462.537933606991,12552.065516723549,12508.161773493131
2026-03-18 21:00:00,12490.0,12646.0,12414.963682145439,12403.527890716558,12486.452978861498,12463.892690284289
2026-03-18 22:00:00,12288.0,12471.0,12215.704754471366,12202.345058273546,12214.66031812979,12199.832163215257
2026-03-18 23:00:00,11815.0,11984.0,11761.964864272297,11755.478426006794,11753.190463833844,11755.483674622914
2026-03-19 00:00:00,11389.0,11501.0,11450.728455719098,11224.465815834636,11325.04674891318,11362.91307038119
2026-03-19 01:00:00,10943.0,11078.0,11021.68851766191,10888.935932560898,10943.655849643836,10929.236175758888
2026-03-19 02:00:00,10769.0,10792.0,10756.556527590194,10618.962278157505,10691.668512590553,10672.356545543225
2026-03-19 03:00:00,10662.0,10750.0,10679.412727287494,10554.26074852399,10659.366838589362,10623.425296441112
2026-03-19 04:00:00,10627.0,10729.0,10650.005144901032,10560.81107299149,10632.868209283839,10605.902918300091
2026-03-19 05:00:00,10746.0,10805.0,10706.710038631421,10595.225436214847,10663.202164442439,10619.392114576704
2026-03-19 06:00:00,11126.0,11152.0,11014.486614481115,10901.055274304179,10923.712044027629,10878.206469240984
2026-03-19 07:00:00,11415.0,11622.0,11471.678280997628,11365.293733968938,11376.353349013005,11360.71729549435
2026-03-19 08:00:00,11828.0,11932.0,11858.96924376973,11836.289455251837,11736.722528385939,11743.238780411826
2026-03-19 09:00:00,12504.0,12496.0,12424.497082847567,12221.428526406331,12215.218996116713,12231.796941213059
2026-03-19 10:00:00,12611.0,12700.0,12678.567748328067,12480.665906911423,12524.752201013205,12533.962656165544
2026-03-19 11:00:00,12672.0,12774.0,12714.56713425514,12355.977441105802,12442.585610081018,12418.070047206853
2026-03-19 12:00:00,12619.0,12536.0,12592.036588141436,12331.560966906021,12385.509386880556,12314.504721129411
2026-03-19 13:00:00,12644.0,12407.0,12507.892927875773,12314.384572867793,12360.771887202813,12328.12290265536
2026-03-19 14:00:00,12612.0,12458.0,12549.686254502965,12321.1289550456,12384.41919216381,12381.457938643658
2026-03-19 15:00:00,12530.0,12461.0,12529.303390052057,12315.88423632705,12398.55739248694,12344.463441281812
2026-03-19 16:00:00,12555.0,12418.0,12527.098579842661,12313.170198296815,12436.157116507966,12331.487562610811
2026-03-19 17:00:00,12357.0,12410.0,12508.208315746118,12222.831237215167,12299.19097533343,12193.620690653028
2026-03-19 18:00:00,12497.0,12515.0,12603.48510535307,12304.739133197596,12387.17474819347,12316.834066061872
2026-03-19 19:00:00,12662.0,12667.0,12734.271555094714,12422.581971409922,12517.697876743843,12400.347434452568
2026-03-19 20:00:00,12646.0,12664.0,12682.616271041708,12472.575113778592,12543.393600614218,12500.172445595199
2026-03-19 21:00:00,12497.0,12489.0,12563.501032563054,12418.118331366833,12458.47961883844,12425.032737156169
2026-03-19 22:00:00,12287.0,12317.0,12371.155017077168,12210.467178507539,12255.508188819455,12200.728632460634
2026-03-19 23:00:00,11891.0,11769.0,11876.103372586484,11800.383250460203,11819.525687429026,11765.29698244607
2026-03-20 00:00:00,11421.0,11421.0,11521.627404399402,11356.00423010849,11436.71913250322,11321.810260464148
2026-03-20 01:00:00,11030.0,10995.0,11087.459030892895,10990.630909344038,11018.290846433107,10936.823806730401
2026-03-20 02:00:00,10779.0,10741.0,10846.781133379896,10810.163774466342,10737.54502779802,10704.338943584682
2026-03-20 03:00:00,10777.0,10701.0,10763.890876936726,10743.217104245925,10666.001258607608,10656.663772087499
2026-03-20 04:00:00,10665.0,10626.0,10690.746315920816,10723.845404760119,10664.86119390007,10608.188455171588
2026-03-20 05:00:00,10766.0,10699.0,10745.208668196734,10740.960162842286,10654.13063895718,10615.303811287306
2026-03-20 06:00:00,11086.0,11060.0,11064.495713225817,11090.314434687381,11004.657159629996,10962.29249379352
2026-03-20 07:00:00,11455.0,11478.0,11493.585844317415,11525.336610062888,11445.073585141108,11351.135226688399
2026-03-20 08:00:00,11834.0,11842.0,11893.470280036036,11957.903887601162,11783.847953978402,11718.467397800376
2026-03-20 09:00:00,12425.0,12384.0,12434.737792689566,12383.78856036756,12338.482805466734,12267.623251818904
2026-03-20 10:00:00,12665.0,12577.0,12683.40956372361,12591.529868624164,12610.77993442103,12521.254776133259
2026-03-20 11:00:00,12653.0,12633.0,12731.343784202269,12591.920303081974,12593.76743252835,12505.106976962596
2026-03-20 12:00:00,12530.0,12525.0,12633.65562586229,12525.229919140222,12559.671526441383,12457.213282319852
2026-03-20 13:00:00,12462.0,12412.0,12531.317342334947,12506.7424197818,12498.724939154836,12414.098283929823
2026-03-20 14:00:00,12388.0,12410.0,12502.901359039062,12496.653826223463,12462.611606079632,12383.859207579368
2026-03-20 15:00:00,12249.0,12276.0,12377.29899858245,12469.638856847041,12317.485043257087,12257.414962545898
2026-03-20 16:00:00,12229.0,12224.0,12319.195482087536,12305.963038193117,12191.064501004415,12129.387848638158
2026-03-20 17:00:00,12074.0,12149.0,12259.591578805192,12282.52067892637,12080.756688361236,12041.989844494987
2026-03-20 18:00:00,12163.0,12278.0,12379.90926096741,12401.813648203219,12163.397018159001,12137.572613882337
2026-03-20 19:00:00,12264.0,12414.0,12532.479215919495,12504.320177760897,12341.458167925663,12317.852996211019
2026-03-20 20:00:00,12535.0,12554.0,12601.900712541146,12644.272673956453,12547.043506595646,12563.013281813759
2026-03-20 21:00:00,12447.0,12384.0,12484.417713755298,12527.516548035212,12435.858514993457,12459.075574025046
2026-03-20 22:00:00,12279.0,12235.0,12317.295387926799,12363.205744651652,12228.665355856912,12251.328990094526
2026-03-20 23:00:00,11881.0,11789.0,11894.869295642826,11949.899297673586,11872.258396493447,11870.951979671137
2026-03-21 00:00:00,11491.0,11462.0,11374.862432014324,11470.390404004615,11497.60603675371,11558.477081488047
2026-03-21 01:00:00,11203.0,11045.0,10948.912039203273,11179.73732556902,11070.029307230607,11193.132627498886
2026-03-21 02:00:00,10827.0,10761.0,10690.764609071573,10961.638977688473,10799.488766744978,10917.096797532262
2026-03-21 03:00:00,10749.0,10610.0,10551.48905291298,10817.584588349639,10703.653776193612,10814.696719563128
2026-03-21 04:00:00,10695.0,10536.0,10475.735666761744,10758.939694200708,10621.523653421676,10754.678573602823
2026-03-21 05:00:00,10708.0,10508.0,10476.063380326956,10866.712097190995,10667.304347783625,10806.674371117353
2026-03-21 06:00:00,10800.0,10651.0,10696.435588599337,11076.036987143436,10777.662352352863,10879.696539589582
2026-03-21 07:00:00,10883.0,10769.0,10937.751180203733,11139.195232642654,10731.76967710276,10834.618782307998
2026-03-21 08:00:00,11278.0,11054.0,11274.821784802065,11403.176897240257,11006.829837485118,11098.580384191495
2026-03-21 09:00:00,11826.0,11645.0,11840.474847905904,12048.511825569378,11700.865121014232,11811.078284595222
2026-03-21 10:00:00,12127.0,12039.0,12155.315628844037,12328.781248791784,11916.847234093282,12044.413401917898
2026-03-21 11:00:00,12326.0,12163.0,12223.201557557073,12414.215350728091,12060.9716241155,12176.93760511815
2026-03-21 12:00:00,12182.0,12126.0,12159.137570304814,12399.862958392372,12114.701692613145,12213.42295887687
2026-03-21 13:00:00,12152.0,12023.0,12068.753418186388,12384.595303960747,12118.443526683568,12219.723462418935
2026-03-21 14:00:00,12103.0,12030.0,12038.047198724613,12367.277230152684,12090.693707883465,12166.855004944324
2026-03-21 15:00:00,12035.0,11881.0,11926.291640737818,12350.479675374196,12001.802766245892,12055.649821505513
2026-03-21 16:00:00,12002.0,11840.0,11916.189616045798,12321.478565451078,11976.119523032266,12020.444173849502
2026-03-21 17:00:00,11931.0,11822.0,11900.262556615133,12275.916916594477,11957.185729375356,11909.159707265293
2026-03-21 18:00:00,12001.0,11931.0,12022.64434033494,12344.880044505071,12062.008395540344,12045.634554813367
2026-03-21 19:00:00,12128.0,12080.0,12157.120404253023,12481.993633500317,12122.055488727443,12150.667610134296
2026-03-21 20:00:00,12373.0,12210.0,12203.915841569502,12494.321826745047,12209.549448593507,12285.478250906399
2026-03-21 21:00:00,12352.0,12130.0,12116.37062531491,12377.564374322177,12117.750040643165,12215.93515033568
2026-03-21 22:00:00,12142.0,11869.0,11888.557077084419,12244.321812995488,11929.83789908419,12037.232430811026
2026-03-21 23:00:00,11731.0,11520.0,11518.310042530642,11915.136614832803,11657.166543730073,11739.145473474116
2026-03-22 00:00:00,11376.0,11195.0,11144.934946189223,11246.707970761516,11225.720729201568,11263.221051108969
2026-03-22 01:00:00,11011.0,10776.0,10730.413774801737,11050.217885424177,10929.902086533271,10972.751335107947
2026-03-22 02:00:00,10756.0,10510.0,10484.676119584918,10902.079385990794,10755.625076010041,10777.53490470896
2026-03-22 03:00:00,10590.0,10358.0,10348.279628245833,10823.964050954884,10667.274217200318,10666.483094072131
2026-03-22 04:00:00,10488.0,10289.0,10265.031085362893,10648.996774949523,10564.398961331728,10552.034322254754
2026-03-22 05:00:00,10489.0,10301.0,10290.293413767131,10768.62473159941,10565.45283311825,10536.69469607063
2026-03-22 06:00:00,10596.0,10481.0,10512.337196145687,10885.826904633077,10640.279251966109,10580.034927681712
2026-03-22 07:00:00,10596.0,10531.0,10720.57202843712,10936.078319577999,10517.035939986186,10472.483244569716
2026-03-22 08:00:00,10900.0,10742.0,11017.115830853963,11149.982184694249,10722.671370667802,10679.044859958667
2026-03-22 09:00:00,11490.0,11315.0,11565.114729644467,11609.385379979874,11320.101690457692,11316.988907689738
2026-03-22 10:00:00,11817.0,11704.0,11864.211852214085,12104.182093175583,11655.081410763396,11679.65921416333
2026-03-22 11:00:00,11998.0,11898.0,11960.612786117312,12163.454389699667,11827.949025699269,11827.326045422598
2026-03-22 12:00:00,11957.0,11906.0,11917.380291076652,12135.410212092258,11793.271322120881,11802.497285076895
2026-03-22 13:00:00,11892.0,11845.0,11848.99849632221,12119.20052541385,11783.167127924426,11772.744203941387
2026-03-22 14:00:00,11913.0,11791.0,11801.111875012002,12119.22993435044,11721.691467130679,11733.787091430462
2026-03-22 15:00:00,11774.0,11704.0,11722.287913525395,12035.558071551292,11623.688143724528,11616.534413815834
2026-03-22 16:00:00,11761.0,11732.0,11735.987450796167,12010.98095499508,11613.610233945341,11598.481895777393
2026-03-22 17:00:00,11693.0,11712.0,11708.235176418228,12007.696966020263,11601.042433638217,11595.807991669393
2026-03-22 18:00:00,11755.0,11915.0,11871.505199057154,12099.33060900148,11683.794730821524,11661.700614634114
2026-03-22 19:00:00,11909.0,12122.0,12033.803135858718,12140.284859331761,11735.927050864391,11736.972829282244
2026-03-22 20:00:00,12142.0,12301.0,12120.494244346562,12297.10910658795,12059.164693846424,12063.72448210058
2026-03-22 21:00:00,12128.0,12255.0,12068.205107528403,12269.990631274484,12069.193758629339,12052.372582399581
2026-03-22 22:00:00,11885.0,11964.0,11829.34808895294,12102.615431076021,11867.639228238932,11859.193997895956
2026-03-22 23:00:00,11402.0,11473.0,11394.32062298145,11661.227383466385,11453.933871878886,11444.02950427649
2026-03-23 00:00:00,11055.0,11030.0,11125.23023126123,11082.442995491472,11000.209968582347,10992.736593540492
2026-03-23 01:00:00,10702.0,10621.0,10726.203546322618,10829.55877052124,10687.012314329375,10722.187619758895
2026-03-23 02:00:00,10477.0,10338.0,10457.780337725062,10548.628873821668,10463.242239361363,10465.779088833302
2026-03-23 03:00:00,10326.0,10265.0,10363.8719380028,10498.692832555307,10417.903944837417,10427.172721201927
2026-03-23 04:00:00,10256.0,10257.0,10317.081176634398,10445.215717112384,10405.202571739714,10385.817493926625
2026-03-23 05:00:00,10329.0,10344.0,10390.76668771206,10453.972029538398,10435.344794641102,10407.147649963901
2026-03-23 06:00:00,10679.0,10732.0,10686.592404905203,10622.103641819771,10665.281243951333,10662.600440213728
2026-03-23 07:00:00,11017.0,11211.0,11097.94986159744,11014.755177441119,11098.140762953846,11066.906500907447
2026-03-23 08:00:00,11531.0,11631.0,11489.599008334597,11420.133009040423,11622.484502013218,11530.117055129105
2026-03-23 09:00:00,12066.0,12233.0,12040.139445258717,12097.43910023202,11932.02869661826,11903.710131547088
2026-03-23 10:00:00,12371.0,12529.0,12311.82886545059,12452.90651457613,12245.860066980933,12201.774233839391
2026-03-23 11:00:00,12255.0,12543.0,12319.283256551524,12579.552029110075,12340.310306576563,12306.96413141277
2026-03-23 12:00:00,12173.0,12550.0,12258.05047328567,12427.709731043835,12187.901681497491,12148.747979651045
2026-03-23 13:00:00,12132.0,12462.0,12199.40722609053,12415.008538180984,12117.004562431417,12124.528948230987
2026-03-23 14:00:00,12050.0,12462.0,12186.58292672506,12387.683416287004,12092.31284524856,12087.071293845638
2026-03-23 15:00:00,12053.0,12402.0,12135.059257049623,12237.235771762249,12030.013494706262,11974.065576636462
2026-03-23 16:00:00,11982.0,12450.0,12171.568159836812,12227.894157669021,12037.610021657607,11977.270717563835
2026-03-23 17:00:00,11895.0,12335.0,12100.274668993123,12197.431772801197,11932.156305473216,11876.603895130469
2026-03-23 18:00:00,11941.0,12388.0,12180.735805765222,12217.891034034945,11968.484858844733,11905.885887364477
2026-03-23 19:00:00,11953.0,12593.0,12330.86387135217,12325.373830316828,12043.26083008192,12003.732122468688
2026-03-23 20:00:00,12158.0,12571.0,12313.75835848147,12517.881649564846,12152.161934320298,12149.81575336518
2026-03-23 21:00:00,12074.0,12464.0,12242.56627721055,12480.185432082619,12182.903749859102,12146.419708506613
2026-03-23 22:00:00,11888.0,12206.0,12018.639766128797,12201.60037519555,11987.814122699057,11976.673605640362
2026-03-23 23:00:00,11452.0,11625.0,11540.98662968388,11685.031378432785,11510.819482457926,11454.159363532113
2026-03-24 00:00:00,10968.0,11240.0,11094.02189006318,11057.52940575873,11091.572205220886,11049.212596970867
2026-03-24 01:00:00,10574.0,10846.0,10702.056608565557,10732.139317017205,10796.569979714588,10771.189900960999
2026-03-24 02:00:00,10338.0,10618.0,10476.964457247634,10600.65229999168,10603.221770432572,10624.607503254636
2026-03-24 03:00:00,10219.0,10548.0,10383.110613711924,10485.850626123185,10538.833314463915,10548.203364899418
2026-03-24 04:00:00,10194.0,10568.0,10372.022745187756,10479.23167993059,10463.905874380976,10443.691083491765
2026-03-24 05:00:00,10224.0,10568.0,10387.822495150398,10480.495474993219,10512.681766881875,10477.467254966366
2026-03-24 06:00:00,10703.0,10865.0,10638.031318232383,10603.529934836137,10746.592233018573,10705.482118657086
2026-03-24 07:00:00,10996.0,11300.0,11007.934902326213,10939.268589289633,11029.104094210901,10996.157800784069
2026-03-24 08:00:00,11504.0,11631.0,11384.333134526503,11428.241809525634,11597.545320845662,11555.179983080903
2026-03-24 09:00:00,12117.0,12106.0,11891.383764966577,12013.365024580924,12163.907269109453,12128.894384069545
2026-03-24 10:00:00,12297.0,12413.0,12181.523170211374,12182.383714535912,12245.225533713074,12197.42069845711
2026-03-24 11:00:00,12258.0,12265.0,12146.09095865049,12277.837339609692,12244.036677305428,12319.09572172884
2026-03-24 12:00:00,12149.0,12169.0,12012.017882577446,12139.23304011733,12165.31295042241,12184.480725263718
2026-03-24 13:00:00,12030.0,12157.0,11966.189151923452,12106.03641357911,12118.61202308186,12074.094007687485
2026-03-24 14:00:00,12020.0,12233.0,11974.071302893426,12108.418299407274,12111.105124598209,12073.157818209043
2026-03-24 15:00:00,12028.0,12150.0,11874.11959848052,12040.767727938477,11982.358566719759,11967.8037322066
2026-03-24 16:00:00,11941.0,12155.0,11881.578831360099,12008.39608746832,11987.503061408193,11918.409998759782
2026-03-24 17:00:00,11839.0,12010.0,11800.725013342735,11943.897778158927,11909.135008133388,11893.153324236928
2026-03-24 18:00:00,11837.0,12088.0,11892.920521461467,11978.764005618796,11897.087283387327,11920.788213681188
2026-03-24 19:00:00,11868.0,12284.0,12045.57470524258,12092.768155409352,11955.173314082458,12006.00653685657
2026-03-24 20:00:00,12199.0,12405.0,12125.793554164131,12306.377536416798,12145.044882175667,12198.788896202568
2026-03-24 21:00:00,12127.0,12335.0,12078.35707418228,12284.350084900381,12210.61603511691,12238.908671243442
2026-03-24 22:00:00,11964.0,12129.0,11900.79210613652,11985.39378153741,12045.068988949939,11979.68658401935
2026-03-24 23:00:00,11452.0,11668.0,11460.930172917622,11473.305220763155,11574.01782699375,11534.583653869335
2026-03-25 00:00:00,10985.0,11262.0,10980.286644953947,10953.66780157644,11072.857136879813,10982.53082901481
2026-03-25 01:00:00,10608.0,10841.0,10558.828694054368,10523.797616356042,10639.893859940688,10579.491197384052
2026-03-25 02:00:00,10406.0,10636.0,10335.164574161276,10424.798485884743,10456.764142546146,10401.587883324826
2026-03-25 03:00:00,10259.0,10552.0,10215.605093755617,10321.525743114704,10328.837276774777,10245.100683220855
2026-03-25 04:00:00,10109.0,10553.0,10176.104261863995,10246.137930418437,10304.977664826469,10168.956512278402
2026-03-25 05:00:00,10200.0,10549.0,10195.511649535598,10309.164030904942,10343.033795645038,10241.45445101262
2026-03-25 06:00:00,10541.0,11007.0,10553.325419340468,10501.120015198981,10606.594846144022,10496.756131025408
2026-03-25 07:00:00,10838.0,11391.0,10912.52747181967,10950.572863900736,10981.14293804659,10807.973995018772
2026-03-25 08:00:00,11313.0,11779.0,11315.32704455414,11471.776866250162,11406.928204380361,11249.42210459739
2026-03-25 09:00:00,11870.0,12286.0,11846.963067380246,12019.77522275868,11917.621193344898,11805.689861123443
2026-03-25 10:00:00,12239.0,12521.0,12119.056606292968,12312.774656647012,12268.217166013204,12148.259219664416
2026-03-25 11:00:00,12102.0,12532.0,12155.97736908629,12147.049572707529,12147.3023616482,12059.66613801584
2026-03-25 12:00:00,11991.0,12489.0,12114.621115556874,12135.468312849838,12086.137094384574,11989.172954557045
2026-03-25 13:00:00,11941.0,12451.0,12075.90277489066,12091.712062555538,12048.472405456665,11961.999624701637
2026-03-25 14:00:00,11910.0,12401.0,12041.141277196937,12035.244454438696,12048.01248013733,11887.354678907743
2026-03-25 15:00:00,11824.0,12338.0,11974.78072340583,12001.901987339694,11997.849201956416,11831.832870790056
2026-03-25 16:00:00,11839.0,12278.0,11942.179193985394,11998.997082441201,11983.909651850796,11835.723230275984
2026-03-25 17:00:00,11742.0,12181.0,11850.793125140139,11908.108158544166,11836.344658943099,11689.872115669496
2026-03-25 18:00:00,11762.0,12316.0,11938.259153268127,11956.928788007599,11898.5673363744,11769.8272452088
2026-03-25 19:00:00,11838.0,12470.0,12048.851488001534,12021.962300491403,12023.270839076242,11887.773591263685
2026-03-25 20:00:00,11974.0,12643.0,12136.787834862886,12134.008505026102,12152.033639611593,12064.049927467737
2026-03-25 21:00:00,11906.0,12490.0,12016.78140325269,12107.470739200699,12052.263287423006,11990.56277072243
2026-03-25 22:00:00,11699.0,12288.0,11806.630478146555,11945.430582890287,11847.848791480747,11719.131906580587
2026-03-25 23:00:00,11198.0,11815.0,11340.782012489455,11433.601216499992,11379.722072183304,11259.14764046092
2026-03-26 00:00:00,10795.0,11389.0,10776.480236206266,10892.211818727897,10729.687097114618,10720.792772095912
2026-03-26 01:00:00,10439.0,10943.0,10348.011175518019,10459.491961779959,10347.473800724143,10324.148652987986
2026-03-26 02:00:00,10146.0,10769.0,10133.156681554523,10215.943227332225,10074.568490999756,10054.756405158982
2026-03-26 03:00:00,9968.0,10662.0,10020.450518129035,10169.974609253984,10014.987170728613,9957.392303783998
2026-03-26 04:00:00,9913.0,10627.0,9970.607885584548,10161.965360575052,10008.191573348446,9944.80153099496
2026-03-26 05:00:00,10009.0,10746.0,10049.25910895963,10144.053296290196,9997.346124213504,9936.051863341147
2026-03-26 06:00:00,10341.0,11126.0,10393.807677805471,10500.849983413544,10415.504868157908,10352.361598169178
2026-03-26 07:00:00,10673.0,11415.0,10752.248242164103,10905.957799519263,10702.65616780577,10649.559549511085
2026-03-26 08:00:00,11142.0,11828.0,11194.888130197343,11406.796517573961,11217.141394872451,11160.10062071107
2026-03-26 09:00:00,11635.0,12504.0,11774.261809476413,12037.971772666211,11843.244023821288,11767.5640711731
2026-03-26 10:00:00,11890.0,12611.0,11942.619439835828,12225.948354960168,12027.547504204009,11947.430384195946
2026-03-26 11:00:00,11894.0,12672.0,11955.635190644853,12128.356794652696,12001.753733411582,11897.365823683602
2026-03-26 12:00:00,11765.0,12619.0,11889.847522949633,12087.063325723224,11920.043880885944,11833.610846961861
2026-03-26 13:00:00,11719.0,12644.0,11856.867357527492,11991.118736039412,11752.601770882333,11669.110667258923
2026-03-26 14:00:00,11789.0,12612.0,11825.050368151615,12010.300408946887,11759.70626088088,11687.30307525619
2026-03-26 15:00:00,11700.0,12530.0,11744.33429495189,12005.317100218244,11742.726959602625,11669.256079605988
2026-03-26 16:00:00,11730.0,12555.0,11758.060022947146,11945.120537650979,11683.344435908242,11634.264444087044
2026-03-26 17:00:00,11645.0,12357.0,11649.656609884405,11861.246027663772,11516.921128912087,11519.265941983076
2026-03-26 18:00:00,11742.0,12497.0,11752.801990335805,11923.186093256927,11594.287046254729,11597.79823881373
2026-03-26 19:00:00,11781.0,12662.0,11859.256111102271,11955.589416340601,11713.403853874954,11678.569705244987
2026-03-26 20:00:00,11907.0,12646.0,11861.43098243584,12091.95059869252,11910.50580379854,11877.629399193858
2026-03-26 21:00:00,11851.0,12497.0,11781.843514628,12058.080084161791,11868.373711687185,11827.76960995655
2026-03-26 22:00:00,11649.0,12287.0,11601.725335619163,11938.641882785305,11639.447254090936,11580.500160836049
2026-03-26 23:00:00,11156.0,11891.0,11196.660010723708,11440.736171908215,11249.554995225875,11212.936989827389
2026-03-27 00:00:00,10768.0,11421.0,10694.639927322301,10844.298971721477,10843.37869042722,10856.63825061346
2026-03-27 01:00:00,10338.0,11030.0,10291.562579425574,10434.051533846443,10459.81440496535,10439.096930521033
2026-03-27 02:00:00,10024.0,10779.0,10060.467018047493,10207.407693186387,10243.017498548059,10260.90559873971
2026-03-27 03:00:00,9940.0,10777.0,9979.15971765291,10153.018613031181,10148.03161973766,10155.153962015867
2026-03-27 04:00:00,9954.0,10665.0,9881.331852303812,10003.74724030699,9983.631557061179,9999.244191512946
2026-03-27 05:00:00,9950.0,10766.0,9954.254746871513,10103.838026802954,10109.718519218515,10122.497199339381
2026-03-27 06:00:00,10252.0,11086.0,10277.292303157037,10399.119395683814,10469.394682188411,10455.384410198016
2026-03-27 07:00:00,10623.0,11455.0,10654.38221135785,10735.438841744575,10791.694175417084,10724.56098017818
2026-03-27 08:00:00,11072.0,11834.0,11059.599952369339,11299.3645345355,11337.851686656773,11299.539732782048
2026-03-27 09:00:00,11749.0,12425.0,11625.396884652006,11772.910801059383,11757.641503757,11740.569144498179
2026-03-27 10:00:00,11952.0,12665.0,11874.11162987571,11971.381006522475,12040.14664646733,12007.524239491802
2026-03-27 11:00:00,11925.0,12653.0,11844.50553517577,11951.172680176707,11982.183303225507,11988.377736321712
2026-03-27 12:00:00,11886.0,12530.0,11714.633776224922,11881.002309091766,11872.0566231585,11858.340692597401
2026-03-27 13:00:00,11800.0,12462.0,11636.347543478973,11808.42218005968,11792.0643184226,11817.64255291984
2026-03-27 14:00:00,11754.0,12388.0,11590.943138342094,11788.102408389987,11755.830309515692,11801.720317283049
2026-03-27 15:00:00,11690.0,12249.0,11509.018361507722,11668.161887253911,11636.15481374116,11695.310470189555
2026-03-27 16:00:00,11712.0,12229.0,11517.277272406292,11696.161347542977,11696.668997344985,11696.881956699104
2026-03-27 17:00:00,11545.0,12074.0,11439.62201628539,11624.495663193466,11586.159295707173,11589.136105479924
2026-03-27 18:00:00,11579.0,12163.0,11513.474922087333,11639.40964029156,11574.49197143492,11576.50614736943
2026-03-27 19:00:00,11687.0,12264.0,11611.455136770683,11704.62122073691,11610.621725946028,11621.520807852607
2026-03-27 20:00:00,11880.0,12535.0,11784.004502968157,11878.565139180579,11854.153940510201,11851.508374913088
2026-03-27 21:00:00,11850.0,12447.0,11720.850020529673,11789.674285380263,11805.345536548713,11821.835251701683
2026-03-27 22:00:00,11715.0,12279.0,11550.61384726146,11619.056297913052,11649.306557561522,11692.478147598697
2026-03-27 23:00:00,11377.0,11881.0,11137.002854932934,11266.720132789238,11277.445661734118,11263.251659622574
2026-03-28 00:00:00,10959.0,11491.0,10620.245199573306,10791.88431115966,10813.856331698971,10818.775836244155
2026-03-28 01:00:00,10522.0,11203.0,10272.727659567598,10431.67128603833,10457.863296832564,10475.210525689477
2026-03-28 02:00:00,10284.0,10827.0,9968.897737903078,10070.251707578396,10141.116518614928,10149.993803560734
2026-03-28 03:00:00,10127.0,10749.0,9867.458816254977,9924.695898086957,9976.132382202682,10011.528136026054
2026-03-28 04:00:00,10102.0,10695.0,9799.883697320154,9888.148683902416,9961.993694369212,9998.260020257516
2026-03-28 05:00:00,10135.0,10708.0,9840.342330127816,9875.2937442839,9963.658381933685,9973.36142133975
2026-03-28 06:00:00,10263.0,10800.0,10027.716540113946,10089.47493612394,10106.675125719445,10112.350901464733
2026-03-28 07:00:00,10339.0,10883.0,10252.090075096685,10217.200127066322,10118.868278700917,10119.657968948848
2026-03-28 08:00:00,10693.0,11278.0,10657.829247602896,10641.183569014212,10587.295985445373,10619.791469680133
2026-03-28 09:00:00,11265.0,11826.0,11167.4806206983,11125.407911313358,11039.65859851513,11026.019648218171
2026-03-28 10:00:00,11623.0,12127.0,11449.175983600344,11437.558191058743,11419.166880884535,11408.46669199554
2026-03-28 11:00:00,11745.0,12326.0,11525.797439013524,11541.961397065135,11528.46742231958,11495.538566389761
2026-03-28 12:00:00,11708.0,12182.0,11392.10921859389,11475.381471355713,11474.411337512931,11468.52332637462
2026-03-28 13:00:00,11612.0,12152.0,11331.118267341897,11463.267643710757,11444.61150806832,11431.590391242193
2026-03-28 14:00:00,11552.0,12103.0,11289.265069319115,11467.825311752445,11447.888747419658,11395.353352719101
2026-03-28 15:00:00,11517.0,12035.0,11203.958841014763,11379.720880365634,11317.90624587604,11284.075008234207
2026-03-28 16:00:00,11485.0,12002.0,11189.802473269287,11421.609111451988,11331.617536786167,11298.701961359402
2026-03-28 17:00:00,11429.0,11931.0,11148.730096843208,11391.626421347431,11257.981911935552,11208.57209816908
2026-03-28 18:00:00,11481.0,12001.0,11243.956340227627,11489.16421790688,11326.66315704776,11303.968168893833
2026-03-28 19:00:00,11529.0,12128.0,11374.435645185857,11515.819209494817,11418.04490851255,11366.778963989796
2026-03-28 20:00:00,11729.0,12373.0,11522.591367774408,11606.03926913759,11586.321256624513,11564.853369853116
2026-03-28 21:00:00,11886.0,12352.0,11499.39140987896,11595.704665057758,11640.060325218496,11621.344281400558
2026-03-28 22:00:00,11640.0,12142.0,11311.304718335823,11432.1148592781,11453.337342020148,11461.037422680381
2026-03-28 23:00:00,11209.0,11731.0,10902.167365860412,11079.924251586119,11136.862278731114,11180.942169778244
2026-03-29 00:00:00,10922.0,11376.0,10699.346175415452,10663.484900544128,10819.472174677354,10891.95874126825
2026-03-29 01:00:00,10436.0,11011.0,10307.638372556696,10183.493385468613,10345.860780431496,10403.340584025002
2026-03-29 02:00:00,10232.0,10756.0,10048.161259525325,9875.755790838988,9981.58314503166,10122.398838439838
2026-03-29 03:00:00,10088.0,10590.0,9896.320546357161,9840.603878647817,9901.254564338633,10012.251556242509
2026-03-29 04:00:00,9929.0,10488.0,9817.622805080626,9816.519968675804,9851.027232810708,9990.053770156896
2026-03-29 05:00:00,9921.0,10489.0,9843.25746345874,9798.973623924181,9876.657380851615,9977.522440746714
2026-03-29 06:00:00,10030.0,10596.0,10023.37068353692,9972.163929857476,9951.003172493347,9998.115323102984
2026-03-29 07:00:00,10070.0,10596.0,10211.01337751032,10061.818703243955,10007.818852711043,10045.597158396577
2026-03-29 08:00:00,10334.0,10900.0,10562.403277606303,10425.349515220436,10358.301564229223,10421.442822188064
2026-03-29 09:00:00,10899.0,11490.0,11094.89892295704,10852.967070119465,10842.883602427844,10907.742065634031
2026-03-29 10:00:00,11246.0,11817.0,11357.993380673905,11212.91562920661,11216.164713785285,11271.423985808406
2026-03-29 11:00:00,11368.0,11998.0,11452.768262963722,11322.203949009308,11354.580128376709,11417.245254400195
2026-03-29 12:00:00,11355.0,11957.0,11378.507836616622,11338.083626823285,11388.017307890359,11413.545510677748
2026-03-29 13:00:00,11246.0,11892.0,11319.133955230898,11257.278980841455,11305.14571500979,11308.766767021332
2026-03-29 14:00:00,11287.0,11913.0,11319.266013127366,11227.573496226005,11252.377572362078,11282.294326599023
2026-03-29 15:00:00,11177.0,11774.0,11218.2488423379,11191.155139634096,11222.448279751728,11206.51306481533
2026-03-29 16:00:00,11148.0,11761.0,11230.013974846726,11217.637710860387,11203.354689481914,11204.248594829156
2026-03-29 17:00:00,11249.0,11693.0,11186.488044582933,11153.37242479083,11128.77734331651,11137.961047452307
2026-03-29 18:00:00,11408.0,11755.0,11296.902184932731,11234.088362609726,11224.223292035225,11225.637995439018
2026-03-29 19:00:00,11518.0,11909.0,11447.645341507126,11326.071497804283,11344.916627347244,11353.970704523634
2026-03-29 20:00:00,11722.0,12142.0,11603.46202770892,11497.56531461523,11575.65643039716,11571.761423321788
2026-03-29 21:00:00,11805.0,12128.0,11583.712213643574,11471.458488628026,11623.462388310849,11623.065507282692
2026-03-29 22:00:00,11468.0,11885.0,11364.565140567947,11334.884799363905,11461.260037204036,11435.342869879092
2026-03-29 23:00:00,11032.0,11402.0,10913.112878949249,10942.899452801124,11046.644207108156,11059.708921395939
2026-03-30 00:00:00,10640.0,11055.0,10718.182576362202,10630.258152441895,10657.32034429317,10697.239913717514
2026-03-30 01:00:00,10221.0,10702.0,10322.606449490839,10184.376924635519,10194.043944422687,10224.839499203339
2026-03-30 02:00:00,10026.0,10477.0,10082.014293000424,10116.195960578509,10078.080683565722,10122.954861637065
2026-03-30 03:00:00,9921.0,10326.0,9948.921188454384,9981.053457945507,9892.360891753793,9949.370615218491
2026-03-30 04:00:00,9900.0,10256.0,9895.350200262143,9933.847702114139,9842.33807276142,9906.098866965973
2026-03-30 05:00:00,9965.0,10329.0,9948.284825755572,9982.74817182542,9918.590488785278,9944.461557112945
2026-03-30 06:00:00,10289.0,10679.0,10277.375104257715,10316.415525512179,10301.13771616592,10286.994362534362
2026-03-30 07:00:00,10535.0,11017.0,10637.430427878815,10679.68441354804,10737.592752380284,10765.50041007804
2026-03-30 08:00:00,11031.0,11531.0,11095.641514167815,11169.033006110703,11206.651485700451,11174.082274233713
2026-03-30 09:00:00,11658.0,12066.0,11645.586709076551,11648.76436422441,11788.870084299939,11787.139244546152
2026-03-30 10:00:00,11924.0,12371.0,11917.072590906822,11899.895654079924,12003.626732155219,11986.828598888234
2026-03-30 11:00:00,11971.0,12255.0,11858.285551514477,11922.887965250391,11969.02029692546,11993.043421606406
2026-03-30 12:00:00,11788.0,12173.0,11774.092033340039,11822.155145881492,11888.28910518425,11891.233748759543
2026-03-30 13:00:00,11715.0,12132.0,11693.752079157552,11746.373641094933,11799.502276300025,11807.084710195932
2026-03-30 14:00:00,11692.0,12050.0,11634.2716764905,11742.162753855062,11789.081619908467,11742.398017703405
2026-03-30 15:00:00,11586.0,12053.0,11603.775130448488,11666.388805873732,11719.088951581665,11679.215667485218
2026-03-30 16:00:00,11537.0,11982.0,11575.25335030539,11673.352748666746,11703.371084110742,11663.280081406452
2026-03-30 17:00:00,11445.0,11895.0,11516.003626937003,11591.82447643256,11550.76859839505,11517.484127013073
2026-03-30 18:00:00,11478.0,11941.0,11595.07125762893,11604.62249222609,11586.364988088199,11518.490333007625
2026-03-30 19:00:00,11544.0,11953.0,11669.48460061238,11701.055364708698,11633.549601070736,11588.808363495185
2026-03-30 20:00:00,11753.0,12158.0,11801.274470548724,11766.745429912797,11754.521950779235,11756.538645517407
2026-03-30 21:00:00,11795.0,12074.0,11763.448738622523,11820.826471260023,11819.689666494274,11816.133646564294
2026-03-30 22:00:00,11580.0,11888.0,11575.892564852418,11651.621605520244,11634.431639443219,11611.722382463844
2026-03-30 23:00:00,11090.0,11452.0,11153.757532686752,11083.123891141098,11159.123920162128,11136.248377156542
2026-03-31 00:00:00,10598.0,10968.0,10725.828115257806,10688.175951165642,10801.621003784918,10755.352407254897
2026-03-31 01:00:00,10109.0,10574.0,10318.64783028771,10273.569615262119,10342.9893653603,10276.99974608265
2026-03-31 02:00:00,9903.0,10338.0,10079.670186711362,10077.754862966205,10136.712365322053,10040.702974817457
2026-03-31 03:00:00,9854.0,10219.0,9958.810582626254,9976.744588083448,10010.07582976604,9945.765996901348
2026-03-31 04:00:00,9750.0,10194.0,9911.061231582702,9831.938120424364,9895.012549018871,9789.372171635125
2026-03-31 05:00:00,9865.0,10224.0,9934.917745598494,9877.76453621769,9944.024155786035,9864.505056368556
2026-03-31 06:00:00,10145.0,10703.0,10288.933590173954,10228.000727045193,10266.341593874675,10197.198047148771
2026-03-31 07:00:00,10350.0,10996.0,10595.66922764624,10486.868031811271,10588.725458799987,10538.603719727087
2026-03-31 08:00:00,10862.0,11504.0,11037.583692576749,11108.959609876803,11267.245716818632,11162.898627951623
2026-03-31 09:00:00,11483.0,12117.0,11614.200746509212,11589.89173950522,11808.881561582786,11697.57313710309
2026-03-31 10:00:00,11866.0,12297.0,11852.12079765469,11753.027286903553,11958.619866340347,11896.905925274035
2026-03-31 11:00:00,11740.0,12258.0,11837.226331204778,11746.433359454868,11951.93070078755,11860.088346586592
2026-03-31 12:00:00,11696.0,12149.0,11758.97912336116,11672.81407097421,11891.321438152503,11756.17642337086
2026-03-31 13:00:00,11633.0,12030.0,11664.434898713684,11587.767112952053,11830.682892158853,11697.819484633552
2026-03-31 14:00:00,11650.0,12020.0,11631.964325392797,11607.625018254454,11835.140497973855,11683.877353242235
2026-03-31 15:00:00,11567.0,12028.0,11599.854607861369,11565.285572136869,11785.392059445663,11658.45996130824
2026-03-31 16:00:00,11531.0,11941.0,11567.02243906166,11555.078476336652,11730.79667930854,11605.174775147882
2026-03-31 17:00:00,11526.0,11839.0,11525.272335798154,11511.957574845299,11692.307386990924,11528.57485989428
2026-03-31 18:00:00,11529.0,11837.0,11602.448856337378,11538.283664473885,11724.805916312365,11566.45027833251
2026-03-31 19:00:00,11687.0,11868.0,11663.495416164036,11654.464662484286,11774.666993432358,11602.71237446527
2026-03-31 20:00:00,11780.0,12199.0,11823.68304373278,11785.546347020967,11817.75053533677,11703.077268915433
2026-03-31 21:00:00,11848.0,12127.0,11796.536587345778,11765.880623633027,11836.260891346346,11683.579718961435
2026-03-31 22:00:00,11586.0,11964.0,11610.669160144642,11516.62702807869,11624.722029468645,11488.654300959302
2026-03-31 23:00:00,11153.0,11452.0,11153.5135784445,11071.80424835343,11250.630593525582,11105.840940737577
2026-04-01 00:00:00,10683.0,10985.0,10658.069511093912,10560.013322935172,10605.196130525848,10587.149089606488
2026-04-01 01:00:00,10324.0,10608.0,10254.611150559538,10211.07859018556,10210.698273406733,10188.61978703667
2026-04-01 02:00:00,10018.0,10406.0,10045.656184172929,10039.385933026611,10009.504241894627,10002.040983730654
2026-04-01 03:00:00,9970.0,10259.0,9914.932122379607,9905.244354006058,9855.845544180927,9860.386696537584
2026-04-01 04:00:00,9993.0,10109.0,9799.423671425815,9872.22713728035,9815.263811132598,9808.737351240617
2026-04-01 05:00:00,10001.0,10200.0,9865.497342074183,9950.670973014774,9930.735263311853,9933.19779060226
2026-04-01 06:00:00,10299.0,10541.0,10173.39633864919,10266.617651183453,10213.707710054,10213.277593189903
2026-04-01 07:00:00,10549.0,10838.0,10497.925223944238,10500.384265122444,10493.167000307223,10487.727962728313
2026-04-01 08:00:00,11031.0,11313.0,10943.866160831349,11023.693006062178,11079.975012118955,11060.559470429313
2026-04-01 09:00:00,11545.0,11870.0,11485.057330305384,11627.328953531664,11585.041704831196,11571.789822782528
2026-04-01 10:00:00,11837.0,12239.0,11779.718557734379,11808.327582010294,11765.886147724352,11754.26708549649
2026-04-01 11:00:00,11837.0,12102.0,11719.935641656293,11855.995836611499,11797.560958086191,11769.567916875709
2026-04-01 12:00:00,11728.0,11991.0,11636.30249346804,11706.93782096903,11655.860721280502,11629.489539235921
2026-04-01 13:00:00,11650.0,11941.0,11586.74445825205,11674.463763342974,11622.85982274197,11611.003388006695
2026-04-01 14:00:00,11708.0,11910.0,11558.072466063504,11650.373664566376,11597.16253164427,11597.749008956313
2026-04-01 15:00:00,11639.0,11824.0,11467.683658594447,11565.952517932948,11499.17709593155,11510.19860231966
2026-04-01 16:00:00,11736.0,11839.0,11457.97391060328,11552.361699120307,11471.038975852985,11473.380048013372
2026-04-01 17:00:00,11505.0,11742.0,11420.408730028266,11389.40064865498,11382.462946345653,11381.114365492002
2026-04-01 18:00:00,11502.0,11762.0,11505.3355125075,11500.722534278255,11438.290096196552,11466.350184503144
2026-04-01 19:00:00,11568.0,11838.0,11605.967840920604,11594.830110993042,11484.522358307793,11522.010727484068
2026-04-01 20:00:00,11668.0,11974.0,11718.545268121641,11689.560383258553,11625.993439182375,11670.1494230015
2026-04-01 21:00:00,11860.0,11906.0,11698.257658142367,11694.778413429598,11730.880882157795,11762.053430784124
2026-04-01 22:00:00,11690.0,11699.0,11491.743799466154,11533.008224228823,11551.044570607959,11601.288262825907
2026-04-01 23:00:00,11238.0,11198.0,11038.805422865578,11022.734115684538,11107.200383868689,11123.200456579481
2026-04-02 00:00:00,10819.0,10795.0,10767.713700355558,10505.891707922321,10616.59151057897,10631.601937199586
2026-04-02 01:00:00,10409.0,10439.0,10380.473430359385,10106.836108149846,10206.81497691005,10213.990482584459
2026-04-02 02:00:00,10214.0,10146.0,10127.44202508021,9905.602820202743,9970.771371613364,9978.061987785686
2026-04-02 03:00:00,10029.0,9968.0,9985.393175078818,9840.56921764576,9894.541572465358,9898.883107569893
2026-04-02 04:00:00,10065.0,9913.0,9920.670538762937,9761.350078741914,9826.449622478487,9830.996826863253
2026-04-02 05:00:00,10223.0,10009.0,9997.871327936627,9844.832096732978,9902.637295959408,9916.566524630289
2026-04-02 06:00:00,10409.0,10341.0,10329.959104466307,10166.396033903626,10198.052983960659,10160.288584512815
2026-04-02 07:00:00,10720.0,10673.0,10668.49076012335,10364.428275293836,10381.951296900948,10369.001713931144
2026-04-02 08:00:00,11213.0,11142.0,11109.897314058322,10838.782488323774,10922.014226493144,10909.079867725475
2026-04-02 09:00:00,11746.0,11635.0,11643.621074543422,11512.339981834866,11475.850261983594,11461.450123978548
2026-04-02 10:00:00,11969.0,11890.0,11875.757555243914,11749.527513025912,11727.801265150572,11695.281950754534
2026-04-02 11:00:00,11952.0,11894.0,11840.377848335142,11699.297508554931,11675.195320400797,11636.88916432954
2026-04-02 12:00:00,11807.0,11765.0,11675.915763841462,11645.416917335147,11554.129487569366,11514.321852913738
2026-04-02 13:00:00,11755.0,11719.0,11606.759317519167,11638.497211143564,11493.57351955047,11478.310694098258
2026-04-02 14:00:00,11752.0,11789.0,11613.048181781513,11641.08625065223,11491.62009765475,11476.24671639526
2026-04-02 15:00:00,11627.0,11700.0,11509.565703321245,11564.892260420238,11407.119544576042,11394.56299799318
2026-04-02 16:00:00,11737.0,11730.0,11523.689805201027,11568.761024542406,11397.854714163628,11376.022352225316
2026-04-02 17:00:00,11395.0,11645.0,11479.826099770939,11503.547831903245,11347.992511587285,11323.412908193824
2026-04-02 18:00:00,11494.0,11742.0,11617.814455551015,11562.690210967523,11381.691374036935,11346.133769638107
2026-04-02 19:00:00,11511.0,11781.0,11717.002837565517,11637.78318182991,11472.906787479715,11449.954857469174
2026-04-02 20:00:00,11657.0,11907.0,11802.731753222573,11652.775775539694,11568.05868395154,11540.059473699746
2026-04-02 21:00:00,11853.0,11851.0,11798.335455305687,11680.4848470363,11701.285464197048,11645.753414843219
2026-04-02 22:00:00,11703.0,11649.0,11619.2609555564,11493.747586797546,11501.286313220602,11507.566534028823
2026-04-02 23:00:00,11261.0,11156.0,11179.998359014942,11023.513434568034,11086.474251600343,11085.043486028915
2026-04-03 00:00:00,10865.0,10768.0,10885.120469070589,10658.023292845533,10726.106093872599,10829.971771952192
2026-04-03 01:00:00,10412.0,10338.0,10455.629955077056,10381.53322444597,10402.5551712484,10464.995069239176
2026-04-03 02:00:00,10160.0,10024.0,10168.946262871625,10097.874442080307,10122.108390819805,10133.475707080088
2026-04-03 03:00:00,10088.0,9940.0,10078.935174557935,10035.530337459471,10061.139953066922,10084.576917447375
2026-04-03 04:00:00,10032.0,9954.0,10042.468614680507,10042.753851202744,10059.319977882808,10085.839949251207
2026-04-03 05:00:00,10113.0,9950.0,10060.715752884284,10057.530457397663,10074.11362686311,10091.878831193137
2026-04-03 06:00:00,10268.0,10252.0,10340.65125949134,10348.157531637484,10334.744392702982,10335.170288237521
2026-04-03 07:00:00,10568.0,10623.0,10699.12862349194,10542.42916307783,10546.607686644526,10566.43587936355
2026-04-03 08:00:00,11050.0,11072.0,11151.982172464726,10987.593984955625,11016.400906540885,11025.861942471813
2026-04-03 09:00:00,11673.0,11749.0,11781.717412104228,11629.684437211537,11668.544867360744,11585.482380080895
2026-04-03 10:00:00,11995.0,11952.0,12040.442543879915,11815.87864891737,11920.059505729809,11889.586557589095
2026-04-03 11:00:00,12035.0,11925.0,12038.113135648895,11808.508306592397,11912.144986716357,11872.944705526916
2026-04-03 12:00:00,11933.0,11886.0,12007.485819740601,11783.177710853557,11895.553213321587,11817.296006111232
2026-04-03 13:00:00,11933.0,11800.0,11947.836854031872,11732.41659289929,11845.992406558273,11816.230807003672
2026-04-03 14:00:00,11951.0,11754.0,11921.30346750703,11744.20491762031,11853.956369833424,11863.531116843316
2026-04-03 15:00:00,11894.0,11690.0,11867.530594321357,11697.11010135565,11834.443542459137,11766.805033599407
2026-04-03 16:00:00,12020.0,11712.0,11888.324983254506,11747.383578828052,11860.827056786708,11785.391523792934
2026-04-03 17:00:00,11735.0,11545.0,11779.501035620478,11484.542030284265,11715.376867317513,11642.558429508867
2026-04-03 18:00:00,11849.0,11579.0,11821.500191163206,11489.188633023368,11710.576027072051,11608.41935634834
2026-04-03 19:00:00,11871.0,11687.0,11906.045674041367,11613.865635070979,11737.47683045548,11606.094569079394
2026-04-03 20:00:00,11804.0,11880.0,11995.373447579577,11753.937191789748,11773.917093074544,11678.115767493
2026-04-03 21:00:00,11927.0,11850.0,11974.069178911572,11855.513330371099,11877.159528440272,11840.378141328489
2026-04-03 22:00:00,11756.0,11715.0,11800.25059534092,11710.09531798493,11712.941280014076,11672.557855044714
2026-04-03 23:00:00,11386.0,11377.0,11427.1272813611,11208.353849960098,11314.378472069182,11270.671635531178
2026-04-04 00:00:00,11007.0,10959.0,10804.185451031324,10773.505386773862,10774.008981591149,10766.556757080813
2026-04-04 01:00:00,10510.0,10522.0,10394.266897529369,10472.090740156213,10432.543881567872,10369.282936878652
2026-04-04 02:00:00,10233.0,10284.0,10137.679104277946,10261.425746787883,10226.508732691223,10193.728392225577
2026-04-04 03:00:00,10091.0,10127.0,9994.254145788806,10051.28093171767,10062.55061542784,10026.19564195961
2026-04-04 04:00:00,10007.0,10102.0,9957.187278845337,10027.220366929912,10007.54682239123,9997.620616746906
2026-04-04 05:00:00,10023.0,10135.0,9988.237587645111,10151.769630443365,10055.423244632506,10039.54603434643
2026-04-04 06:00:00,10084.0,10263.0,10159.464581172468,10222.955373902105,10051.445682122392,10066.729156227158
2026-04-04 07:00:00,10286.0,10339.0,10369.21499238178,10298.537826282116,10146.711664899965,10142.842952045794
2026-04-04 08:00:00,10555.0,10693.0,10774.870438761143,10644.233865809118,10540.142872686758,10512.116355136806
2026-04-04 09:00:00,11213.0,11265.0,11348.475107402062,11094.49488626054,11101.413332941132,11069.090877075214
2026-04-04 10:00:00,11631.0,11623.0,11688.69190729066,11543.06572109108,11638.033216118756,11525.894542443686
2026-04-04 11:00:00,11771.0,11745.0,11779.636073637934,11655.664617360397,11779.2050536003,11735.773943978022
2026-04-04 12:00:00,11753.0,11708.0,11756.842684446774,11565.595115150736,11726.786378029188,11687.146753564934
2026-04-04 13:00:00,11732.0,11612.0,11708.71896516063,11481.763220230074,11693.99369584423,11617.462871017497
2026-04-04 14:00:00,11657.0,11552.0,11678.096382452894,11487.421992377782,11689.263863782495,11620.030182432543
2026-04-04 15:00:00,11626.0,11517.0,11631.952144946898,11429.109379374211,11658.262823439369,11553.909134275416
2026-04-04 16:00:00,11615.0,11485.0,11611.62393859794,11449.578399965281,11661.205890076264,11529.490809427502
2026-04-04 17:00:00,11591.0,11429.0,11501.958979206165,11200.751831342262,11392.66004085967,11279.553215466562
2026-04-04 18:00:00,11663.0,11481.0,11544.58698883477,11329.592875114304,11477.713356793693,11420.330354341211
2026-04-04 19:00:00,11692.0,11529.0,11603.95744963039,11388.576295765772,11573.29763084046,11463.107658800742
2026-04-04 20:00:00,11758.0,11729.0,11707.127661142022,11518.640358171713,11664.380193599949,11537.928371597585
2026-04-04 21:00:00,11812.0,11886.0,11800.973171051039,11630.622549794201,11843.148638550821,11747.035547099353
2026-04-04 22:00:00,11545.0,11640.0,11581.687480471774,11522.437926436382,11656.78488581903,11564.709847987364
2026-04-04 23:00:00,11167.0,11209.0,11158.190914624687,11055.007526791884,11129.639650037203,11141.174194904925
2026-04-05 00:00:00,10828.0,10922.0,10817.125843424872,10750.592501363606,10838.12820837966,10852.70447380649
2026-04-05 01:00:00,10477.0,10436.0,10368.566993533253,10380.060911512068,10413.309910666481,10371.162384360858
2026-04-05 02:00:00,10159.0,10232.0,10141.885525724061,10168.353544452302,10177.191424493372,10132.301955971021
2026-04-05 03:00:00,10079.0,10088.0,10003.036378115483,9988.083829362844,10072.679023297032,10024.379964421332
2026-04-05 04:00:00,10000.0,9929.0,9890.763457668465,9937.632195744796,10003.866906828036,9941.567724000502
2026-04-05 05:00:00,9918.0,9921.0,9911.196945688114,9937.519043642198,9972.266751570072,9912.065766504984
2026-04-05 06:00:00,9931.0,10030.0,10081.736836749074,10064.379930386234,9968.11491046704,9870.330408119202
2026-04-05 07:00:00,10042.0,10070.0,10270.087669122213,10029.043723224484,9977.038874544398,9918.211451793168
2026-04-05 08:00:00,10254.0,10334.0,10622.404022169821,10362.804737950619,10262.185861705151,10201.373738838593
2026-04-05 09:00:00,10766.0,10899.0,11180.295864025431,10799.335032176947,10719.890756677622,10684.065844896706
2026-04-05 10:00:00,11256.0,11246.0,11496.036414301598,11197.961374202783,11276.619250252674,11127.247663917942
2026-04-05 11:00:00,11410.0,11368.0,11582.566632574508,11417.68001751083,11505.75855722006,11375.013279962688
2026-04-05 12:00:00,11493.0,11355.0,11536.709846401029,11383.279287709542,11480.914119181665,11335.471687308385
2026-04-05 13:00:00,11492.0,11246.0,11463.643923833133,11288.5752681401,11377.655244818572,11233.376728759093
2026-04-05 14:00:00,11563.0,11287.0,11453.720000225389,11330.914858223501,11382.004433132279,11273.17556211736
2026-04-05 15:00:00,11493.0,11177.0,11360.333235727821,11245.218461763261,11246.038284816726,11155.529217205656
2026-04-05 16:00:00,11521.0,11148.0,11384.631711917127,11288.600853942318,11316.104432852888,11223.15987374815
2026-04-05 17:00:00,11491.0,11249.0,11409.732037282729,11229.05239572024,11289.386104153238,11161.40623810288
2026-04-05 18:00:00,11659.0,11408.0,11508.173931344534,11331.08036618305,11475.369464970894,11345.235688417544
2026-04-05 19:00:00,11680.0,11518.0,11582.56535647923,11490.895103520234,11616.40922227639,11554.036606272357
2026-04-05 20:00:00,11731.0,11722.0,11686.506835945835,11547.620593774413,11666.064010296022,11567.493747686804
2026-04-05 21:00:00,11913.0,11805.0,11727.83500914762,11582.180704007687,11819.180129204231,11735.440826660943
2026-04-05 22:00:00,11588.0,11468.0,11476.430792637902,11349.287000199693,11427.655446525072,11378.12170344516
2026-04-05 23:00:00,11159.0,11032.0,11052.966670503289,10968.689999246993,11023.897838728019,10980.462698450894
2026-04-06 00:00:00,10739.0,10640.0,10845.273895226319,10639.942886236675,10681.644581070503,10632.102669847667
2026-04-06 01:00:00,10364.0,10221.0,10423.7943280528,10213.147417965074,10220.512833321684,10189.36465876839
2026-04-06 02:00:00,10097.0,10026.0,10206.47329300895,9997.08684165402,10023.852824524867,9999.399141783737
2026-04-06 03:00:00,9995.0,9921.0,10082.690785296203,9828.06252407419,9946.523847642107,9911.512906716314
2026-04-06 04:00:00,9982.0,9900.0,10023.745883519314,9816.500400641884,9912.11606601054,9877.40247645708
2026-04-06 05:00:00,9995.0,9965.0,10065.884464640192,9834.231969480887,9904.897499237619,9911.930191381423
2026-04-06 06:00:00,10268.0,10289.0,10334.042773686573,10171.437122365927,10194.71235018696,10182.069315085779
2026-04-06 07:00:00,10645.0,10535.0,10626.207632698357,10618.984372822659,10606.149097853939,10581.137611664442
2026-04-06 08:00:00,11157.0,11031.0,11077.334382037023,10802.285173944267,10995.050365161776,10976.549063277886
2026-04-06 09:00:00,11745.0,11658.0,11640.285358978028,11611.121905844666,11655.655219912132,11617.286274673583
2026-04-06 10:00:00,11917.0,11924.0,11925.50599589866,11880.135752077464,11998.949838900782,11969.475637906166
2026-04-06 11:00:00,11943.0,11971.0,11972.529581778956,11875.279515971648,11990.385927159345,11964.762919376235
2026-04-06 12:00:00,11921.0,11788.0,11843.298420774492,11828.141827716163,11878.270448821297,11828.62391168612
2026-04-06 13:00:00,11836.0,11715.0,11826.938431932806,11828.141827716163,11881.945998356747,11806.041856476208
2026-04-06 14:00:00,11888.0,11692.0,11823.87522480057,11810.949225996974,11915.531727350826,11901.047602760595
2026-04-06 15:00:00,11817.0,11586.0,11745.593135952877,11701.103416757685,11847.739970271767,11778.076058262157
2026-04-06 16:00:00,11965.0,11537.0,11758.40178127515,11731.74067808074,11890.178530658857,11845.807958786085
2026-04-06 17:00:00,11722.0,11445.0,11703.87265352063,11505.45605238737,11674.702026540732,11573.526914653517
2026-04-06 18:00:00,11697.0,11478.0,11743.208959010644,11652.11019650291,11722.55617673953,11640.831130513841
2026-04-06 19:00:00,11827.0,11544.0,11820.544767668827,11704.076461708059,11843.117953053936,11736.659249458808
2026-04-06 20:00:00,11890.0,11753.0,11898.419999869768,11737.696830944715,11819.386964791905,11685.820195512742
2026-04-06 21:00:00,12019.0,11795.0,11911.448148796497,11795.14872117992,11874.387554021565,11817.356684251126
2026-04-06 22:00:00,11778.0,11580.0,11700.438636627616,11489.00737288413,11561.41191889525,11535.349718756726
2026-04-06 23:00:00,11279.0,11090.0,11254.651042446314,11033.167251714645,11066.77458731825,11073.130845330379
2026-04-07 00:00:00,10813.0,10598.0,10896.445315865185,10665.73653628863,10742.20208648605,10825.977310870197
2026-04-07 01:00:00,10395.0,10109.0,10433.28918523024,10268.504880232082,10362.44981283439,10398.836757892264
2026-04-07 02:00:00,10160.0,9903.0,10184.087731109166,10087.634613451477,10156.221832028814,10180.17800463909
2026-04-07 03:00:00,10071.0,9854.0,10090.008602926018,9964.306788130316,10085.643927590338,10110.556861138159
2026-04-07 04:00:00,10093.0,9750.0,10003.181931056391,9924.501306741815,10005.610735346309,10033.072433035817
2026-04-07 05:00:00,10024.0,9865.0,10064.162569363993,9887.414510247421,10020.70989339046,10027.079322876774
2026-04-07 06:00:00,10280.0,10145.0,10308.418124733673,10111.163438962261,10229.913408965203,10239.76066302881
2026-04-07 07:00:00,10594.0,10350.0,10576.97103003019,10481.51025178829,10624.5517059936,10603.574934752498
2026-04-07 08:00:00,11104.0,10862.0,11025.294904469374,10856.918586372209,11052.708851848833,11123.75036963511
2026-04-07 09:00:00,11699.0,11483.0,11629.703549035932,11396.22064382764,11685.478276361526,11720.6626169291
2026-04-07 10:00:00,12025.0,11866.0,11989.170181068916,11833.928047640942,11993.152741856591,12031.689917630973
2026-04-07 11:00:00,12072.0,11740.0,11993.381558365892,11740.783047014304,11998.10026874276,12010.38536646261
2026-04-07 12:00:00,12083.0,11696.0,11981.83421060157,11722.096480241731,12025.277774449727,12017.778373708083
2026-04-07 13:00:00,12002.0,11633.0,11966.727160167544,11694.725123756501,12029.589457910099,12039.423209468745
2026-04-07 14:00:00,12089.0,11650.0,11974.503263358258,11753.060748671265,12093.529204609282,12075.604022008521
2026-04-07 15:00:00,12058.0,11567.0,11880.318020281255,11662.145006170036,12018.899001066236,12012.271011199286
2026-04-07 16:00:00,12173.0,11531.0,11774.267770052085,11684.85886929482,11903.862607714946,11990.356876730108
2026-04-07 17:00:00,11880.0,11526.0,11729.718687503459,11600.723779400263,11782.451222290274,11901.395754927422
2026-04-07 18:00:00,11850.0,11529.0,11781.143479650638,11749.34265249097,11841.23485373635,11933.024997132505
2026-04-07 19:00:00,11934.0,11687.0,11890.77266636588,11763.466936260664,11899.645046690806,11975.40875004624
2026-04-07 20:00:00,11867.0,11780.0,11954.05038715362,11818.95021915757,11916.84377017105,11920.761152579289
2026-04-07 21:00:00,12079.0,11848.0,11987.721077279875,11897.342167280023,12043.42731819194,12012.575882966597
2026-04-07 22:00:00,11833.0,11586.0,11772.733266037416,11616.698520636706,11809.224245083478,11806.087704566158
2026-04-07 23:00:00,11317.0,11153.0,11356.238466209277,11122.892961306588,11245.383834546625,11274.579985408067
2026-04-08 00:00:00,10943.0,10683.0,10856.093087870311,10686.533646945632,10935.879447592333,10932.458816558132
2026-04-08 01:00:00,10543.0,10324.0,10489.000269340577,10344.509602052838,10551.785272259058,10559.115349682505
2026-04-08 02:00:00,10388.0,10018.0,10218.477835234691,10093.239321296727,10273.303270907554,10245.05810169917
2026-04-08 03:00:00,10254.0,9970.0,10143.820156693217,10007.98527386975,10177.207425033166,10215.79068160783
2026-04-08 04:00:00,10222.0,9993.0,10124.60859006042,9974.329449306593,10112.119904691246,10126.220552691108
2026-04-08 05:00:00,10286.0,10001.0,10142.47091205469,10008.91939514198,10173.509952999331,10187.247978094905
2026-04-08 06:00:00,10542.0,10299.0,10407.508774382466,10293.36692421529,10465.532772339604,10460.881451669668
2026-04-08 07:00:00,10980.0,10549.0,10702.559613700514,10588.026313190385,10788.900921847007,10834.71552479815
2026-04-08 08:00:00,11519.0,11031.0,11149.369618601531,11088.611635102652,11313.833302641766,11417.889406503415
2026-04-08 09:00:00,12070.0,11545.0,11673.266012966287,11654.24368585355,11780.395751373619,11828.10955379781
2026-04-08 10:00:00,12331.0,11837.0,11980.686266311914,11869.755546098844,12009.4954315102,12082.2754458322
2026-04-08 11:00:00,12262.0,11837.0,12004.535077994544,11878.994953946805,11988.622353477798,12092.07074655703
2026-04-08 12:00:00,12227.0,11728.0,11927.108831422987,11869.110618807417,12017.933185001482,12084.794177026704
2026-04-08 13:00:00,12178.0,11650.0,11865.245987147306,11771.67551359441,11935.132511095379,12017.585661197763
2026-04-08 14:00:00,12168.0,11708.0,11895.6308912233,11803.381550187172,11955.896689195004,12041.540974361795
2026-04-08 15:00:00,12111.0,11639.0,11822.42834588923,11716.436353905141,11865.214735273972,11918.36222227207
2026-04-08 16:00:00,12146.0,11736.0,11883.932469476253,11856.464182974836,11970.478690145002,12000.41269488738
2026-04-08 17:00:00,11977.0,11505.0,11759.226288202453,11665.776927282972,11766.475791438803,11811.634849529002
2026-04-08 18:00:00,11972.0,11502.0,11810.039747464969,11653.174031348733,11778.217192852586,11779.34535598384
2026-04-08 19:00:00,12021.0,11568.0,11884.324441659563,11716.289204357083,11886.861561544274,11855.807797608346
2026-04-08 20:00:00,11952.0,11668.0,11929.064098482137,11822.89238027731,11905.038125135194,11904.805893758406
2026-04-08 21:00:00,12235.0,11860.0,12031.659639649442,11890.385160869386,12112.02981007036,12123.419946059425
2026-04-08 22:00:00,12066.0,11690.0,11830.780562921582,11680.702088554413,11872.57954962677,11911.95804785663
2026-04-08 23:00:00,11592.0,11238.0,11399.556326522474,11159.231653724888,11378.322961575755,11401.73470379806
2026-04-09 00:00:00,11204.0,10819.0,11118.475201905636,10740.951653934688,11048.332219892953,10982.182207447599
2026-04-09 01:00:00,10725.0,10409.0,10716.869938605338,10410.25451717303,10687.330419345628,10627.526647263281
2026-04-09 02:00:00,10467.0,10214.0,10495.343772793545,10227.476248352912,10475.919348700043,10427.000657406374
2026-04-09 03:00:00,10338.0,10029.0,10335.578884889248,10115.37689872415,10295.11655181039,10264.023774692398
2026-04-09 04:00:00,10334.0,10065.0,10330.416719814419,10096.907958006563,10327.872747012712,10296.426967210664
2026-04-09 05:00:00,10443.0,10223.0,10423.023921229727,10105.190302793873,10343.691060679945,10330.962265087508
2026-04-09 06:00:00,10635.0,10409.0,10656.434305807392,10301.307479848643,10546.619895751526,10513.13938594177
2026-04-09 07:00:00,10989.0,10720.0,10995.812404113527,10553.718807499143,10849.969363326214,10808.841163861594
2026-04-09 08:00:00,11577.0,11213.0,11456.566774882627,11080.600736148248,11315.596511587717,11300.054851346546
2026-04-09 09:00:00,12115.0,11746.0,11986.429750296486,11754.76188556182,11906.053097576018,11899.431476247286
2026-04-09 10:00:00,12348.0,11969.0,12218.148307679017,11996.202216573141,12151.33374517982,12147.357968999437
2026-04-09 11:00:00,12339.0,11952.0,12225.228088965232,12049.277342690933,12225.688451910253,12228.47839512489
2026-04-09 12:00:00,12206.0,11807.0,12129.860284755201,12021.977876166804,12151.514015454746,12149.979976334764
2026-04-09 13:00:00,12190.0,11755.0,12077.759432850942,11964.398670468361,12013.881757181616,12030.461287089533
2026-04-09 14:00:00,12211.0,11752.0,12082.19554638826,12018.593073113656,12072.175669691933,12090.685889037233
2026-04-09 15:00:00,12091.0,11627.0,11974.527118480231,11987.305254487359,11987.942534874517,11995.893281396082
2026-04-09 16:00:00,12209.0,11737.0,12035.967934358809,12039.48877087079,12074.907828361676,12084.68011642439
2026-04-09 17:00:00,11995.0,11395.0,11827.050709436913,11814.582459617364,11777.106634754618,11790.398472231074
2026-04-09 18:00:00,11938.0,11494.0,11915.545489280961,11800.122445305047,11785.276534346804,11791.160563142805
2026-04-09 19:00:00,11928.0,11511.0,11966.574865961958,11928.119954113621,11860.95025195513,11845.856284648688
2026-04-09 20:00:00,11990.0,11657.0,12028.63452778721,11929.329542645812,11908.982487991128,11848.995023837468
2026-04-09 21:00:00,12208.0,11853.0,12134.506379692297,12025.030221023988,12125.104835116541,12091.162139927954
2026-04-09 22:00:00,12104.0,11703.0,11962.165525082866,11803.564652574893,11931.373382881728,11905.91902529033
2026-04-09 23:00:00,11558.0,11261.0,11524.568175929458,11262.204226674752,11389.995065072233,11382.724292466422
2026-04-10 00:00:00,11122.0,10865.0,11076.549692959257,10837.775123403517,11050.383747814498,11069.093977568953
2026-04-10 01:00:00,10654.0,10412.0,10637.383198760472,10494.289587129788,10665.995450521052,10691.544206911023
2026-04-10 02:00:00,10419.0,10160.0,10397.086026453971,10338.162675291327,10414.080974803219,10446.608323757038
2026-04-10 03:00:00,10327.0,10088.0,10305.749565889157,10277.878024664917,10352.478003920798,10358.012643799715
2026-04-10 04:00:00,10269.0,10032.0,10262.813296508637,10254.660574892074,10270.483009241749,10269.338554252206
2026-04-10 05:00:00,10386.0,10113.0,10332.122973601017,10279.141918756606,10356.714692505404,10362.65745070431
2026-04-10 06:00:00,10546.0,10268.0,10544.955635215567,10473.563045882916,10551.332580549843,10545.733332670217
2026-04-10 07:00:00,11009.0,10568.0,10888.395071715404,10850.086187448112,10955.1308645718,10933.971483292991
2026-04-10 08:00:00,11495.0,11050.0,11344.613797068456,11371.681444540603,11395.750235395308,11364.768951592114
2026-04-10 09:00:00,11902.0,11673.0,11914.226638221793,12010.723227024855,11955.769722843454,11876.934102156169
2026-04-10 10:00:00,12163.0,11995.0,12171.310635431586,12300.099364361615,12167.20385588941,12087.005462188525
2026-04-10 11:00:00,12136.0,12035.0,12186.223524219098,12185.077468796477,12134.244159600186,12023.016043378493
2026-04-10 12:00:00,12007.0,11933.0,12121.890271543702,12129.545272604673,12095.272897092567,12016.482752688717
2026-04-10 13:00:00,12028.0,11933.0,12088.462333947838,12078.133865919564,12043.44122961524,11944.570222372748
2026-04-10 14:00:00,12022.0,11951.0,12091.339769598797,12078.133865919564,12033.816059255185,11932.478488607692
2026-04-10 15:00:00,11896.0,11894.0,12021.23054650599,12043.695777325742,11963.239411754776,11867.675128075092
2026-04-10 16:00:00,11883.0,12020.0,12081.968198902969,12066.338317227935,11974.047821943654,11890.42109949281
2026-04-10 17:00:00,11622.0,11735.0,11891.296812479646,11931.263916613543,11819.944918654475,11720.20080313182
2026-04-10 18:00:00,11619.0,11849.0,11978.134854003907,11974.895960613512,11823.889021499977,11719.388738705915
2026-04-10 19:00:00,11722.0,11871.0,12010.634479179775,11994.833475084342,11791.246994540075,11751.63621334765
2026-04-10 20:00:00,11708.0,11804.0,11960.8564811327,11982.330571886148,11743.563062971187,11754.90303954334
2026-04-10 21:00:00,12043.0,11927.0,12050.826338708383,12104.57115145086,12000.513550709682,11977.432882994051
2026-04-10 22:00:00,11897.0,11756.0,11874.951595318122,11985.3105409376,11836.854098392718,11820.650386154866
2026-04-10 23:00:00,11511.0,11386.0,11486.332103152496,11507.54719529688,11466.92502328237,11483.225680422749
2026-04-11 00:00:00,11108.0,11007.0,10874.205518873328,11102.311018108434,11123.812604216564,11169.411981650259
2026-04-11 01:00:00,10708.0,10510.0,10418.550591600027,10687.881222894399,10750.968012239984,10762.569052225375
2026-04-11 02:00:00,10450.0,10233.0,10171.83733359582,10448.484798142697,10565.928597072481,10597.56001288589
2026-04-11 03:00:00,10237.0,10091.0,10039.266980436045,10367.166303747312,10361.097043629277,10381.740439451627
2026-04-11 04:00:00,10241.0,10007.0,9971.349982494648,10332.215615345953,10310.648260090502,10340.971043619435
2026-04-11 05:00:00,10178.0,10023.0,10004.134936875165,10333.75259809436,10275.216024133806,10304.492399476234
2026-04-11 06:00:00,10143.0,10084.0,10163.323615519961,10381.594796745414,10307.639653977849,10328.886711712496
2026-04-11 07:00:00,10381.0,10286.0,10444.072111246114,10524.11077038898,10433.118364658652,10457.313361516632
2026-04-11 08:00:00,10741.0,10555.0,10783.243310147103,10938.086088440696,10834.767690285827,10850.90729759084
2026-04-11 09:00:00,11360.0,11213.0,11338.696471447447,11368.02515898563,11353.97777467258,11317.062142126255
2026-04-11 10:00:00,11709.0,11631.0,11653.804072520048,11820.219152673704,11646.373287483066,11614.281735098233
2026-04-11 11:00:00,11790.0,11771.0,11713.760794726015,11928.198689060062,11717.635168723069,11677.21285627368
2026-04-11 12:00:00,11781.0,11753.0,11656.605625380662,11830.048647700674,11658.650992133802,11691.437419725211
2026-04-11 13:00:00,11724.0,11732.0,11613.129902406887,11825.158323364934,11579.114226179121,11716.296897798957
2026-04-11 14:00:00,11713.0,11657.0,11551.063149513662,11830.048647700674,11572.61119851268,11688.432587835794
2026-04-11 15:00:00,11641.0,11626.0,11489.966476539772,11757.841539374424,11528.672531801178,11658.628293248506
2026-04-11 16:00:00,11580.0,11615.0,11496.245163620004,11751.55946734931,11577.491989848602,11647.459117590268
2026-04-11 17:00:00,11485.0,11591.0,11466.678537222024,11703.148218199713,11554.600785143908,11554.889990271056
2026-04-11 18:00:00,11536.0,11663.0,11542.717173617126,11710.498308910122,11548.283511138638,11475.947892894177
2026-04-11 19:00:00,11557.0,11692.0,11591.515391548412,11736.375178895347,11629.869238208401,11439.029910577963
2026-04-11 20:00:00,11536.0,11758.0,11630.49008665476,11795.008645259853,11614.169494800488,11466.45115877226
2026-04-11 21:00:00,11884.0,11812.0,11711.844972438015,11912.288749006348,11800.272416474752,11712.085669031912
2026-04-11 22:00:00,11682.0,11545.0,11497.701949294695,11860.907080875531,11665.4954716104,11549.710928193186
2026-04-11 23:00:00,11342.0,11167.0,11099.601987779588,11309.255928244685,11237.226048415792,11234.309115830902
2026-04-12 00:00:00,10965.0,10828.0,10694.67254040133,10740.788317808636,10896.98657883894,10894.952640957908
2026-04-12 01:00:00,10493.0,10477.0,10304.47744786115,10400.007434485684,10554.738116034634,10523.87378730699
2026-04-12 02:00:00,10216.0,10159.0,10029.428370051872,10130.538072948651,10235.407204081977,10268.929275383902
2026-04-12 03:00:00,10073.0,10079.0,9923.957318100116,10035.642214640258,10087.209486248688,10137.2300860901
2026-04-12 04:00:00,10116.0,10000.0,9846.945350560618,9998.353454986363,10023.239045010403,10074.6637105314
2026-04-12 05:00:00,9986.0,9918.0,9831.593093628522,9949.039029937721,9914.821166935306,9959.699258138698
2026-04-12 06:00:00,9934.0,9931.0,9942.685960575565,9990.41426787331,9889.084068781252,9945.787664069168
2026-04-12 07:00:00,10129.0,10042.0,10155.014600435468,10171.923134539562,10018.998538119562,10079.938583765854
2026-04-12 08:00:00,10304.0,10254.0,10439.367829513943,10395.950932323969,10272.050524947503,10348.712215307041
2026-04-12 09:00:00,10815.0,10766.0,10912.497308149526,10775.719300785931,10723.320464960625,10727.592144051447
2026-04-12 10:00:00,11188.0,11256.0,11269.353186905239,11151.264413708966,11015.858778871463,11094.135062058565
2026-04-12 11:00:00,11283.0,11410.0,11339.660306323012,11260.810811534273,11153.98310980612,11195.04523467102
2026-04-12 12:00:00,11308.0,11493.0,11318.454248638493,11252.798305431155,11162.224886354617,11217.336253216017
2026-04-12 13:00:00,11194.0,11492.0,11291.748473030879,11253.411143006451,11148.054226201206,11200.41173654291
2026-04-12 14:00:00,11112.0,11563.0,11321.826502709815,11323.38013475911,11225.752786432064,11282.030464216778
2026-04-12 15:00:00,11051.0,11493.0,11265.138357204863,11212.624395546534,11112.948177372606,11133.473138747531
2026-04-12 16:00:00,11079.0,11521.0,11278.429504277,11255.568979312457,11132.410865742268,11143.278081800712
2026-04-12 17:00:00,11022.0,11491.0,11223.90100189385,11127.46632820801,10996.951785452708,10993.92314747355
2026-04-12 18:00:00,11114.0,11659.0,11355.611306144549,11229.478992807293,11115.71331050425,11121.250961632983
2026-04-12 19:00:00,11206.0,11680.0,11391.390577051716,11329.182288282864,11156.974758173414,11154.952411878396
2026-04-12 20:00:00,11218.0,11731.0,11432.932085673352,11367.2073417964,11207.204506362841,11214.998035249699
2026-04-12 21:00:00,11560.0,11913.0,11572.684360974506,11479.460000692347,11558.842980563151,11577.847325447141
2026-04-12 22:00:00,11350.0,11588.0,11327.09276501157,11363.13195119756,11394.188684446886,11406.275181385925
2026-04-12 23:00:00,10947.0,11159.0,10909.627592101586,10982.463353227125,10993.121287608694,10993.460326728864
2026-04-13 00:00:00,10578.0,10739.0,10651.095328233381,10600.250325292422,10551.214284251086,10559.068525114975
2026-04-13 01:00:00,10173.0,10364.0,10245.812704010976,10268.204398906146,10173.133355400849,10202.394018629127
2026-04-13 02:00:00,9955.0,10097.0,9999.490635059961,10019.261250574027,9923.759923003072,9940.644447932875
2026-04-13 03:00:00,9835.0,9995.0,9895.295658089794,9945.509956508793,9823.106383532875,9847.348225148702
2026-04-13 04:00:00,9771.0,9982.0,9854.24852576118,9946.531331965312,9787.081416839239,9831.123389169672
2026-04-13 05:00:00,9759.0,9995.0,9878.941012953692,9934.833932299629,9825.128272260206,9871.951564869822
2026-04-13 06:00:00,10045.0,10268.0,10116.450232220363,10102.073060161794,10053.281600331436,10093.569601726593
2026-04-13 07:00:00,10533.0,10645.0,10480.43768499262,10566.238552266215,10480.777995071841,10534.419619183049
2026-04-13 08:00:00,10932.0,11157.0,10929.216168841649,10892.246901585353,10955.547260733341,10968.722665514086
2026-04-13 09:00:00,11394.0,11745.0,11461.052433200006,11516.473246594871,11462.759679273348,11531.213921053597
2026-04-13 10:00:00,11742.0,11917.0,11649.566169223946,11805.72699139094,11799.07925227858,11836.606827312504
2026-04-13 11:00:00,11643.0,11943.0,11641.805332347692,11802.697426925492,11790.828257910613,11744.641513872746
2026-04-13 12:00:00,11565.0,11921.0,11559.962284029598,11694.059200218546,11655.059334869109,11645.415700478392
2026-04-13 13:00:00,11575.0,11836.0,11500.698910624165,11689.118828346753,11608.921019131938,11587.359896047765
2026-04-13 14:00:00,11563.0,11888.0,11512.416303084894,11696.55209345711,11624.493592581162,11605.60580253351
2026-04-13 15:00:00,11450.0,11817.0,11441.353770956728,11648.046810045536,11528.881861928652,11537.01477050244
2026-04-13 16:00:00,11560.0,11965.0,11495.620941630954,11551.849134145268,11486.348150198695,11505.188640421999
2026-04-13 17:00:00,11276.0,11722.0,11337.560026812534,11395.169942104898,11232.069012167172,11256.292434058265
2026-04-13 18:00:00,11287.0,11697.0,11376.312656004944,11446.455033808814,11255.714986865118,11282.09999680347
2026-04-13 19:00:00,11313.0,11827.0,11472.146754233321,11498.311556555715,11285.71074944592,11289.84044939952
2026-04-13 20:00:00,11234.0,11890.0,11512.265618221685,11509.584640048412,11283.380574345983,11322.475336709724
2026-04-13 21:00:00,11575.0,12019.0,11648.664745680006,11681.214306703563,11603.397942316295,11579.0610288063
2026-04-13 22:00:00,11443.0,11778.0,11451.871198870484,11574.973641213777,11444.870812070338,11441.203624657212
2026-04-13 23:00:00,10935.0,11279.0,11020.422716064148,11083.241960808227,10946.94014466479,10933.665322808754
2026-04-14 00:00:00,10482.0,10813.0,10485.226950166847,10543.387105714279,10473.677940371057,10498.039004103666
2026-04-14 01:00:00,10122.0,10395.0,10068.004538425148,10245.4431299885,10094.434772508308,10130.69330263761
2026-04-14 02:00:00,9890.0,10160.0,9836.296843270657,10042.847738330423,9868.889285400348,9913.315700467052
2026-04-14 03:00:00,9781.0,10071.0,9733.18911925522,9940.072268758502,9754.426509763613,9812.387517995268
2026-04-14 04:00:00,9697.0,10093.0,9727.459157464962,9955.586945556814,9778.050684798558,9823.211065467216
2026-04-14 05:00:00,9835.0,10024.0,9719.138048749968,9898.349967812655,9758.669796209315,9829.559963419086
2026-04-14 06:00:00,10009.0,10280.0,9932.650045779415,10077.806412540544,10027.104784164712,10038.985513586418
2026-04-14 07:00:00,10456.0,10594.0,10227.994579545793,10396.263622785274,10396.730651661375,10410.783275259853
2026-04-14 08:00:00,10930.0,11104.0,10643.623069681804,10817.528619483799,10829.674192569617,10848.704459692664
2026-04-14 09:00:00,11466.0,11699.0,11188.61196257524,11295.744818781808,11255.762825844206,11293.06365459412
2026-04-14 10:00:00,11660.0,12025.0,11467.988760786662,11659.605946944976,11434.668874544024,11470.35647481281
2026-04-14 11:00:00,11596.0,12072.0,11481.548224178207,11654.176051313434,11473.891598850661,11495.004279979734
2026-04-14 12:00:00,11521.0,12083.0,11441.907723094148,11589.198975597907,11401.27355206734,11432.174009860108
2026-04-14 13:00:00,11434.0,12002.0,11366.01809367044,11547.844105206845,11278.853149472465,11273.612291882253
2026-04-14 14:00:00,11454.0,12089.0,11391.017581840542,11550.358133007107,11290.507252839427,11274.795801288443
2026-04-14 15:00:00,11386.0,12058.0,11366.4343946268,11479.516842358287,11242.031584931068,11226.287954649699
2026-04-14 16:00:00,11451.0,12173.0,11378.198494943535,11526.545973399043,11251.658116731543,11248.270571315712
2026-04-14 17:00:00,11237.0,11880.0,11237.79963756304,11360.815400809211,11102.020618536188,11073.822142203322
2026-04-14 18:00:00,11283.0,11850.0,11265.588942355182,11384.228177529145,11118.734545171805,11096.034614562848
2026-04-14 19:00:00,11247.0,11934.0,11361.240259895996,11487.584494682384,11161.960593920207,11127.432765545389
2026-04-14 20:00:00,11271.0,11867.0,11328.830072783538,11464.546957468147,11091.06137590985,11079.399097341357
2026-04-14 21:00:00,11526.0,12079.0,11489.841826584301,11622.131898007463,11490.342162277522,11495.032398668953
2026-04-14 22:00:00,11376.0,11833.0,11275.42890883657,11403.312137721807,11251.616087900791,11238.868623634558
2026-04-14 23:00:00,10890.0,11317.0,10832.287529564092,10951.203668521719,10760.837533020362,10746.588356295117
2026-04-15 00:00:00,10433.0,10943.0,10449.31429175735,10395.271588896934,10456.053890018762,10372.880322185032
2026-04-15 01:00:00,10011.0,10543.0,10042.519930089265,10090.260098598332,10054.64774492737,9981.53565174212
2026-04-15 02:00:00,9772.0,10388.0,9835.643007334309,9921.199530208352,9843.837316450461,9776.993968565119
2026-04-15 03:00:00,9670.0,10254.0,9709.434913113899,9778.457477367676,9675.521517072593,9613.38067903455
2026-04-15 04:00:00,9596.0,10222.0,9672.47748656995,9739.56073048503,9652.597155480564,9555.304454276706
2026-04-15 05:00:00,9676.0,10286.0,9707.893205009217,9735.697445273921,9661.876530749383,9566.197033045653
2026-04-15 06:00:00,9849.0,10542.0,9943.71403865664,9941.772159967557,9868.916211275235,9815.999528190046
2026-04-15 07:00:00,10302.0,10980.0,10326.175739532115,10357.448554551496,10313.982761466465,10219.833492436865
2026-04-15 08:00:00,10841.0,11519.0,10796.505258477646,10924.197828072804,10915.945498749812,10684.594412653312
2026-04-15 09:00:00,11364.0,12070.0,11333.986533118958,11360.612848961095,11354.70632744096,11235.617050965555
2026-04-15 10:00:00,11648.0,12331.0,11627.18157369703,11639.172109199048,11640.988647389153,11541.8933365444
2026-04-15 11:00:00,11633.0,12262.0,11633.633658095854,11613.092202104785,11608.425590112596,11493.04960419202
2026-04-15 12:00:00,11520.0,12227.0,11593.620330251328,11522.683256937995,11547.126955746107,11450.678676272897
2026-04-15 13:00:00,11472.0,12178.0,11548.748668569599,11519.987022461433,11542.255865843174,11428.78965004895
2026-04-15 14:00:00,11484.0,12168.0,11533.3029122521,11519.987022461433,11559.679168232426,11430.371384192918
2026-04-15 15:00:00,11438.0,12111.0,11478.453947313414,11419.703007308583,11455.661989656206,11343.262909333367
2026-04-15 16:00:00,11520.0,12146.0,11517.247797026268,11517.414316653785,11552.655411883972,11387.06833721166
2026-04-15 17:00:00,11253.0,11977.0,11400.442526138768,11308.760462552007,11360.294342598381,11171.122242827576
2026-04-15 18:00:00,11247.0,11972.0,11430.61651340412,11308.966368033169,11377.101010385988,11166.129362614623
2026-04-15 19:00:00,11336.0,12021.0,11474.63160324326,11357.31415056294,11415.282818500242,11222.12796696649
2026-04-15 20:00:00,11289.0,11952.0,11428.591002066058,11286.929908923777,11352.631590273946,11113.856350835407
2026-04-15 21:00:00,11542.0,12235.0,11609.894585531465,11534.178591838305,11615.572854105636,11439.342178749148
2026-04-15 22:00:00,11404.0,12066.0,11447.797340255189,11370.770358924285,11461.748733423656,11311.243556084175
2026-04-15 23:00:00,10819.0,11592.0,11001.691867848154,10959.076694232323,11015.81769724367,10722.60296798345
2026-04-16 00:00:00,10428.0,11204.0,10505.046146228971,10413.24228689095,10326.275822441052,10279.145170361373
2026-04-16 01:00:00,10007.0,10725.0,10060.184244196844,10010.826945583676,9918.625590429318,9847.176034629716
2026-04-16 02:00:00,9798.0,10467.0,9819.835216148178,9857.871550727876,9797.177036558762,9751.399025178265
2026-04-16 03:00:00,9656.0,10338.0,9683.380209776155,9750.067732008562,9613.858726286431,9569.1978162706
2026-04-16 04:00:00,9601.0,10334.0,9644.173289893375,9675.818830706527,9559.68139480983,9502.47470266365
2026-04-16 05:00:00,9704.0,10443.0,9721.058299858862,9807.09643206077,9671.484486918396,9572.559488702029
2026-04-16 06:00:00,9900.0,10635.0,9944.711641784077,9934.389231881787,9813.610100470287,9740.134812462828
2026-04-16 07:00:00,10280.0,10989.0,10308.852783103925,10368.497803335089,10241.69408707137,10195.013228269532
2026-04-16 08:00:00,10812.0,11577.0,10805.019510416136,10900.502296652341,10679.955867407376,10650.995110518757
2026-04-16 09:00:00,11309.0,12115.0,11333.35095612743,11404.959086583687,11331.541708973478,11270.849962193975
2026-04-16 10:00:00,11515.0,12348.0,11573.486175537708,11607.447151231863,11480.293213471748,11425.299621940878
2026-04-16 11:00:00,11550.0,12339.0,11557.898480316586,11535.607736146541,11444.916048756791,11418.893647399653
2026-04-16 12:00:00,11345.0,12206.0,11391.701504201055,11488.455598071663,11400.978018510836,11377.915315593578
2026-04-16 13:00:00,11351.0,12190.0,11349.008133569296,11397.565028542616,11356.502361459223,11298.89651087257
2026-04-16 14:00:00,11308.0,12211.0,11340.048881816336,11417.701504017115,11366.335589963941,11329.905529579964
2026-04-16 15:00:00,11254.0,12091.0,11230.418684560436,11380.712468645186,11293.933561065129,11269.595380131133
2026-04-16 16:00:00,11416.0,12209.0,11308.862443973783,11415.128798209467,11349.855046422952,11314.11246094957
2026-04-16 17:00:00,11233.0,11995.0,11148.882769027969,11196.202567467251,11145.825676378116,11089.86902920185
2026-04-16 18:00:00,11227.0,11938.0,11228.117997673462,11273.207546674645,11206.78887101198,11136.219951753608
2026-04-16 19:00:00,11259.0,11928.0,11261.638747888304,11221.61987315959,11158.798669122669,11091.75975143991
2026-04-16 20:00:00,11235.0,11990.0,11294.376977365258,11311.66485794247,11247.0301770456,11151.696188063954
2026-04-16 21:00:00,11419.0,12208.0,11449.897178306963,11505.284575495569,11419.13184365746,11404.062529238761
2026-04-16 22:00:00,11306.0,12104.0,11309.02324650543,11376.176485170177,11353.420397478474,11316.85273228355
2026-04-16 23:00:00,10820.0,11558.0,10827.375091800966,10904.656351912372,10802.88138981219,10762.222669985396
2026-04-17 00:00:00,10367.0,11122.0,10465.735891825872,10355.550088713931,10303.620981703229,10282.523654232395
2026-04-17 01:00:00,9988.0,10654.0,10033.483422438496,10024.691235582713,9945.720851790986,9935.424804111113
2026-04-17 02:00:00,9723.0,10419.0,9799.47408844662,9808.373033570446,9724.003091641775,9699.986061081563
2026-04-17 03:00:00,9636.0,10327.0,9695.756045601576,9701.424155789902,9607.419633328289,9587.340058055212
2026-04-17 04:00:00,9551.0,10269.0,9631.856730326235,9656.58884941818,9545.165362616952,9523.347701531326
2026-04-17 05:00:00,9589.0,10386.0,9719.560158993418,9706.049558658653,9609.238507904496,9575.670777265132
2026-04-17 06:00:00,9762.0,10546.0,9908.606363492836,9902.632998792404,9863.32301905956,9822.79021841873
2026-04-17 07:00:00,10160.0,11009.0,10344.098905771314,10252.787069584263,10203.631444572637,10147.166603425248
2026-04-17 08:00:00,10730.0,11495.0,10812.233728582232,10810.381638265053,10773.91039388544,10746.550599337023
2026-04-17 09:00:00,11302.0,11902.0,11273.539648071559,11362.372743724132,11322.176698023524,11317.712320319863
2026-04-17 10:00:00,11531.0,12163.0,11502.92988796885,11617.19841742204,11521.63422482547,11534.935094303406
2026-04-17 11:00:00,11560.0,12136.0,11472.770683360222,11613.075280913119,11552.73153408685,11535.710187847326
2026-04-17 12:00:00,11441.0,12007.0,11384.304419401724,11493.707499216272,11486.06189221548,11471.322852269042
2026-04-17 13:00:00,11395.0,12028.0,11367.587701292467,11442.769288362706,11464.047063706343,11441.676658681543
2026-04-17 14:00:00,11471.0,12022.0,11353.958131885869,11454.793338349646,11468.986222169868,11461.02282884222
2026-04-17 15:00:00,11409.0,11896.0,11266.714690058992,11378.69518694986,11357.633414020416,11393.706437787629
2026-04-17 16:00:00,11507.0,11883.0,11293.02124647326,11518.14110126902,11455.242839914432,11465.794184125538
2026-04-17 17:00:00,11246.0,11622.0,11128.048237754085,11220.535854502341,11212.24905428182,11209.760192350917
2026-04-17 18:00:00,11270.0,11619.0,11176.45533168407,11233.68513169742,11213.310195364498,11206.915042132687
2026-04-17 19:00:00,11230.0,11722.0,11255.02056751037,11338.740474983024,11290.482024983661,11290.748531899406
2026-04-17 20:00:00,11139.0,11708.0,11230.50828226403,11280.55489339266,11250.633292717968,11218.066100484219
2026-04-17 21:00:00,11419.0,12043.0,11433.85811065636,11494.70279973486,11482.34443992545,11473.336758131012
2026-04-17 22:00:00,11436.0,11897.0,11276.788429829525,11358.070057844665,11387.237417076889,11370.527160356343
2026-04-17 23:00:00,10952.0,11511.0,10881.594827258143,10871.153183026432,10937.165764707286,10915.358999392769
2026-04-18 00:00:00,10632.0,11108.0,10410.764757713994,10364.578812063493,10482.528412980339,10476.388074193366
2026-04-18 01:00:00,10164.0,10708.0,10003.477257068595,10027.917296083408,10105.639610068278,10086.681484587089
2026-04-18 02:00:00,9894.0,10450.0,9763.554623987287,9842.121902377865,9898.32584777389,9879.771742995817
2026-04-18 03:00:00,9719.0,10237.0,9600.649042343128,9644.143049262526,9665.535465423758,9706.815999480405
2026-04-18 04:00:00,9689.0,10241.0,9565.484128729155,9593.248915163906,9620.773321572842,9664.934492905044
2026-04-18 05:00:00,9651.0,10178.0,9574.431684683394,9559.1530764546,9631.331016209804,9670.812658126686
2026-04-18 06:00:00,9592.0,10143.0,9669.679271847617,9698.260389712432,9653.234684335292,9681.909941431519
2026-04-18 07:00:00,9756.0,10381.0,9969.60296916461,9972.046876920956,9893.621635522359,9941.414248683504
2026-04-18 08:00:00,10171.0,10741.0,10369.227272777553,10363.288441408713,10258.908670105553,10244.948160580869
2026-04-18 09:00:00,10870.0,11360.0,10948.516156490205,10795.155126808471,10858.881125166663,10886.955534143954
2026-04-18 10:00:00,11240.0,11709.0,11268.841446606315,11186.107418533144,11247.921663998335,11271.088806421227
2026-04-18 11:00:00,11405.0,11790.0,11318.945902188538,11280.010065893204,11354.561168775357,11363.474013233581
2026-04-18 12:00:00,11403.0,11781.0,11290.012515470513,11186.753568435057,11275.27556403877,11276.763121552829
2026-04-18 13:00:00,11337.0,11724.0,11273.991950968555,11170.196824730288,11297.057738260268,11271.546195145458
2026-04-18 14:00:00,11376.0,11713.0,11285.415066936723,11145.863501894732,11283.404203623384,11243.87823122999
2026-04-18 15:00:00,11327.0,11641.0,11240.336960157607,11105.969519059418,11213.754197678796,11211.753582653118
2026-04-18 16:00:00,11326.0,11580.0,11194.293972577883,11125.797022835319,11218.232102466034,11226.703011915957
2026-04-18 17:00:00,11347.0,11485.0,11123.74338856352,11057.953814306135,11148.847828563152,11159.622616515873
2026-04-18 18:00:00,11381.0,11536.0,11190.837882187965,11083.89819652632,11226.464714555505,11229.397904207206
2026-04-18 19:00:00,11316.0,11557.0,11238.873544788314,11094.406865203073,11258.467764355846,11267.563563548956
2026-04-18 20:00:00,11324.0,11536.0,11215.420435163129,11090.495587391737,11258.094579091776,11211.643136196893
2026-04-18 21:00:00,11632.0,11884.0,11427.89921340143,11234.244830638318,11419.010930912684,11421.457095048798
2026-04-18 22:00:00,11487.0,11682.0,11248.474269288809,11129.833226621651,11356.110854837789,11404.205645208856
2026-04-18 23:00:00,11142.0,11342.0,10871.275923469955,10691.517978601478,10992.536587334156,10982.941999190352
2026-04-19 00:00:00,10707.0,10965.0,10559.399485198803,10263.521606067738,10580.643392209176,10558.628710210887
2026-04-19 01:00:00,10349.0,10493.0,10123.3099612978,9955.129071214147,10195.514428711265,10212.819112207886
2026-04-19 02:00:00,10113.0,10216.0,9867.171738827394,9605.78881014048,9835.619308203506,9835.097982000143
2026-04-19 03:00:00,9954.0,10073.0,9730.992396715264,9532.778850694413,9725.2520120711,9715.405541809101
2026-04-19 04:00:00,9892.0,10116.0,9709.685583073695,9489.867169368812,9656.088951758817,9651.744033088671
2026-04-19 05:00:00,9806.0,9986.0,9667.429343180214,9462.878759820647,9572.726079365419,9574.226473320601
2026-04-19 06:00:00,9842.0,9934.0,9750.380062989441,9522.385812334913,9567.180621108311,9551.758006824524
2026-04-19 07:00:00,9894.0,10129.0,10010.001596430298,9798.46152629542,9776.212066806485,9759.852292683363
2026-04-19 08:00:00,10211.0,10304.0,10306.908270394266,10095.275281931465,10070.877535139058,10081.462295241883
2026-04-19 09:00:00,10769.0,10815.0,10803.952251713921,10486.622010597739,10560.563727620434,10557.816626541284
2026-04-19 10:00:00,11155.0,11188.0,11124.255989433317,10850.025247667774,11047.616996903973,11028.294805672213
2026-04-19 11:00:00,11252.0,11283.0,11207.504508396672,11003.66678679451,11243.960577551728,11196.436065794374
2026-04-19 12:00:00,11328.0,11308.0,11201.65937031868,10922.655114273906,11186.875938011197,11148.509299582174
2026-04-19 13:00:00,11237.0,11194.0,11150.155512090736,10900.888731307092,11132.965808370383,11091.217962285815
2026-04-19 14:00:00,11246.0,11112.0,11115.594660458872,11008.243413753808,11214.350744813937,11193.57783196581
2026-04-19 15:00:00,11201.0,11051.0,11037.8458129405,10883.149409252967,11094.042109278176,11076.12066587716
2026-04-19 16:00:00,11188.0,11079.0,11059.43018644242,10945.052740866455,11199.206197169098,11210.123631177512
2026-04-19 17:00:00,11162.0,11022.0,11006.712124376554,10866.074540869216,11096.559928612627,11119.135215829625
2026-04-19 18:00:00,11281.0,11114.0,11106.929001326225,10986.349446611524,11161.200792740685,11179.016093039554
2026-04-19 19:00:00,11235.0,11206.0,11174.507777904946,10963.760356605306,11164.538635951994,11158.921710367542
2026-04-19 20:00:00,11283.0,11218.0,11150.084528697887,10938.941287475067,11137.802717093547,11073.565149698477
2026-04-19 21:00:00,11613.0,11560.0,11357.734294564267,11168.252196445888,11441.633095337707,11392.054132590525
2026-04-19 22:00:00,11404.0,11350.0,11178.18933343312,11066.95330965177,11385.85338730987,11353.286813899542
2026-04-19 23:00:00,10928.0,10947.0,10773.144315440071,10625.93798722042,10945.299169357228,10980.396144156723
2026-04-20 00:00:00,10523.0,10578.0,10732.168355912156,10373.041097821639,10474.939102139759,10483.435235405826
2026-04-20 01:00:00,10074.0,10173.0,10324.27621197324,10039.109053947035,10132.404949205573,10162.251497432195
2026-04-20 02:00:00,9893.0,9955.0,10100.22643402281,9709.387432411615,9792.613798380344,9856.123740019284
2026-04-20 03:00:00,9769.0,9835.0,9980.173044003517,9560.461027743751,9682.75518440141,9729.643736540625
2026-04-20 04:00:00,9666.0,9771.0,9918.780664693637,9540.289375195363,9648.487816828225,9678.632303930079
2026-04-20 05:00:00,9703.0,9759.0,9931.720553742647,9538.554934169668,9656.296127577987,9673.883724108737
2026-04-20 06:00:00,9891.0,10045.0,10184.101161874481,9742.782073698589,9890.636783524507,9914.862815914134
2026-04-20 07:00:00,10345.0,10533.0,10590.907254946724,10282.369961580702,10394.994806694998,10405.729969937996
2026-04-20 08:00:00,10766.0,10932.0,10995.22845062201,10756.784868131586,10893.084617701807,10873.350860300154
2026-04-20 09:00:00,11347.0,11394.0,11474.756516639229,11306.956480145514,11526.530869267945,11553.57867771696
2026-04-20 10:00:00,11607.0,11742.0,11759.833335842226,11611.033953067028,11767.814538999117,11771.702336247168
2026-04-20 11:00:00,11588.0,11643.0,11746.922675712369,11595.866142407245,11794.442173795836,11809.804058924621
2026-04-20 12:00:00,11501.0,11565.0,11690.288428886743,11521.912452917331,11687.148158245323,11711.8343060455
2026-04-20 13:00:00,11430.0,11575.0,11677.97405533255,11488.773441052268,11675.105046796809,11674.04329425048
2026-04-20 14:00:00,11449.0,11563.0,11681.839881012245,11490.447318725783,11692.71528590117,11685.137961866676
2026-04-20 15:00:00,11371.0,11450.0,11591.771255158723,11435.092540194019,11544.129161156936,11557.23826558348
2026-04-20 16:00:00,11467.0,11560.0,11658.835136431782,11517.424127312435,11681.960622970351,11681.229534500751
2026-04-20 17:00:00,11278.0,11276.0,11483.748440747659,11352.50909313627,11446.738423960596,11450.579743381293
2026-04-20 18:00:00,11259.0,11287.0,11522.726541656715,11344.920435905091,11420.150753171349,11428.398647866812
2026-04-20 19:00:00,11268.0,11313.0,11554.92857373009,11376.521339048702,11417.95912537751,11430.322584223883
2026-04-20 20:00:00,11149.0,11234.0,11498.105302435988,11331.432462370765,11316.936105685405,11325.942442061169
2026-04-20 21:00:00,11407.0,11575.0,11717.00404058659,11688.66614675492,11697.71194756911,11699.596418673795
2026-04-20 22:00:00,11364.0,11443.0,11581.816166184086,11376.542301543897,11526.93417243942,11514.110641430647
2026-04-20 23:00:00,10887.0,10935.0,11128.09539843596,10951.783038470234,11086.956118540968,11090.580989236263
2026-04-21 00:00:00,10499.0,10482.0,10545.425061126234,10504.246002915468,10488.647216602292,10496.659873706609
2026-04-21 01:00:00,10094.0,10122.0,10155.150525616928,10150.634263036933,10107.742306741147,10186.717359803813
2026-04-21 02:00:00,9812.0,9890.0,9916.426365714186,9905.366344427724,9834.164359333734,9928.494698395916
2026-04-21 03:00:00,9774.0,9781.0,9798.948216194343,9838.03823560572,9745.250037750891,9820.97154818229
2026-04-21 04:00:00,9727.0,9697.0,9732.142732493563,9780.61553376983,9726.266208022615,9784.015709460944
2026-04-21 05:00:00,9704.0,9835.0,9799.353773543548,9757.866941136966,9683.91138136039,9732.094209489404
2026-04-21 06:00:00,10028.0,10009.0,9964.7613805245,9947.558630127269,9890.723799603667,9961.862821047614
2026-04-21 07:00:00,10268.0,10456.0,10304.642058646996,10301.440808299689,10224.912378217923,10280.093932561584
2026-04-21 08:00:00,10800.0,10930.0,10727.840877001776,10794.024633964054,10849.433106739876,10861.515813126493
2026-04-21 09:00:00,11224.0,11466.0,11253.774870761517,11312.649739720984,11411.287658102548,11423.36977191978
2026-04-21 10:00:00,11385.0,11660.0,11483.573130117515,11590.05956729001,11533.380790622572,11548.13961992768
2026-04-21 11:00:00,11320.0,11596.0,11478.682175393584,11580.164829891459,11534.28450635912,11549.747973961597
2026-04-21 12:00:00,11220.0,11521.0,11431.010567555551,11561.158418090983,11454.167457901829,11457.746877601305
2026-04-21 13:00:00,11194.0,11434.0,11360.732174294715,11480.851815611797,11361.53187933291,11379.868331850876
2026-04-21 14:00:00,11227.0,11454.0,11368.844684828051,11491.1954459727,11382.418363413417,11415.144274860191
2026-04-21 15:00:00,11196.0,11386.0,11308.684469172373,11466.318403466352,11323.532230127232,11344.90313004126
2026-04-21 16:00:00,11275.0,11451.0,11340.853047951417,11460.81511523097,11349.524873855125,11367.729540349039
2026-04-21 17:00:00,11083.0,11237.0,11222.029628029508,11400.513428636621,11243.130171801104,11247.048904616795
2026-04-21 18:00:00,11132.0,11283.0,11288.483103263996,11442.872667993384,11242.745772068325,11255.594185278731
2026-04-21 19:00:00,11072.0,11247.0,11270.648611126406,11405.395342663287,11201.77272557797,11195.878137662387
2026-04-21 20:00:00,10973.0,11271.0,11266.499122557438,11425.152838534514,11195.771004704113,11217.817185674803
2026-04-21 21:00:00,11285.0,11526.0,11483.47146598191,11645.700699124847,11461.23374514632,11467.88957315093
2026-04-21 22:00:00,11293.0,11376.0,11338.109712436093,11416.882214795196,11353.476387499762,11315.181012973424
2026-04-21 23:00:00,10817.0,10890.0,10898.881257922947,10927.03717676124,10879.604958870363,10875.674593341024
2026-04-22 00:00:00,10346.0,10433.0,10425.742805579308,10557.823670209074,10554.687659280564,10547.619410687674
2026-04-22 01:00:00,9917.0,10011.0,10019.106707337209,10114.91788414445,10050.76952153259,10074.285555410308
2026-04-22 02:00:00,9706.0,9772.0,9788.104519297003,9861.040529969307,9809.338579575879,9813.750817938935
2026-04-22 03:00:00,9629.0,9670.0,9661.907212559085,9783.465574487736,9753.132257999194,9719.801696625833
2026-04-22 04:00:00,9496.0,9596.0,9581.005859686396,9697.55941853442,9625.164977096832,9610.718413986717
2026-04-22 05:00:00,9594.0,9676.0,9628.971414511801,9714.47476078528,9630.745292576761,9642.308067311018
2026-04-22 06:00:00,9720.0,9849.0,9824.636513150823,9907.110656235189,9840.420100403877,9793.089210129157
2026-04-22 07:00:00,10228.0,10302.0,10194.72731935022,10408.881047784369,10311.247140021338,10227.729070182217
2026-04-22 08:00:00,10680.0,10841.0,10667.163486418523,10815.395653828069,10838.067925844149,10841.133283204987
2026-04-22 09:00:00,11230.0,11364.0,11176.770912149424,11392.987130251076,11299.619983152783,11296.39763596512
2026-04-22 10:00:00,11535.0,11648.0,11452.716085459853,11589.343634390576,11569.015306735948,11591.58076802987
2026-04-22 11:00:00,11481.0,11633.0,11465.514335161277,11572.030396910908,11552.228200499212,11606.470588742022
2026-04-22 12:00:00,11433.0,11520.0,11426.84015030794,11495.043556994053,11505.754062351314,11565.704832570898
2026-04-22 13:00:00,11335.0,11472.0,11391.425575409734,11413.99359451722,11415.897897638455,11428.99562910012
2026-04-22 14:00:00,11330.0,11484.0,11406.840169914769,11411.586878089907,11431.03725658879,11425.584219901584
2026-04-22 15:00:00,11338.0,11438.0,11344.642623251786,11401.618598873867,11407.765289880508,11366.827163993055
2026-04-22 16:00:00,11413.0,11520.0,11414.016531119627,11452.002171196224,11475.743642301793,11490.238717749191
2026-04-22 17:00:00,11259.0,11253.0,11279.045627239126,11358.317154668073,11353.847906669029,11398.92003295417
2026-04-22 18:00:00,11263.0,11247.0,11315.010206553336,11322.560200840595,11360.676469953652,11442.343458454972
2026-04-22 19:00:00,11356.0,11336.0,11368.039617787008,11335.283234407192,11347.148355955209,11411.404960838987
2026-04-22 20:00:00,11281.0,11289.0,11366.442101194078,11289.711446445412,11355.233949965921,11291.513817695437
2026-04-22 21:00:00,11525.0,11542.0,11543.620189337833,11424.488987061104,11500.078508314733,11458.455188876536
2026-04-22 22:00:00,11374.0,11404.0,11404.050148237424,11396.859984888144,11422.874641508633,11426.878793760865
2026-04-22 23:00:00,10952.0,10819.0,10895.414921925181,10941.06143609245,10971.2539387608,10965.422270739527
2026-04-23 00:00:00,10526.0,10428.0,10466.500127183088,10535.54700838629,10581.9727842599,10626.045165360028
2026-04-23 01:00:00,10147.0,10007.0,10015.062219348602,10072.586685377973,10135.731654361003,10126.407698608838
2026-04-23 02:00:00,9899.0,9798.0,9789.133580080897,9850.120588682978,9894.84151216562,9874.493413841381
2026-04-23 03:00:00,9776.0,9656.0,9660.715488739736,9739.79719640235,9854.736397605586,9839.006017801981
2026-04-23 04:00:00,9709.0,9601.0,9600.10199827416,9666.31461916959,9769.976171141947,9766.499625631493
2026-04-23 05:00:00,9711.0,9704.0,9667.980384853125,9704.480610064651,9770.483935989962,9720.217780925763
2026-04-23 06:00:00,10068.0,9900.0,9891.90188410482,10022.375202001356,10071.612709941866,10042.963986076484
2026-04-23 07:00:00,10366.0,10280.0,10258.215108964823,10350.295402010526,10385.262401784548,10378.44039641235
2026-04-23 08:00:00,10917.0,10812.0,10743.14309571157,10794.951552540639,10891.564283064625,10942.345974949787
2026-04-23 09:00:00,11516.0,11309.0,11263.162336840072,11260.402533757602,11383.41225949198,11416.574688565277
2026-04-23 10:00:00,11770.0,11515.0,11505.965072965986,11448.171484420604,11537.774793719456,11546.370595321921
2026-04-23 11:00:00,11787.0,11550.0,11536.826133781473,11450.054482869267,11501.100360286628,11579.01316270083
2026-04-23 12:00:00,11615.0,11345.0,11387.257472702928,11324.287600466607,11405.719809571387,11497.667233038861
2026-04-23 13:00:00,11591.0,11351.0,11379.141220271258,11298.955234067416,11406.343887047387,11504.93901524237
2026-04-23 14:00:00,11634.0,11308.0,11369.733769696451,11304.004860415751,11409.143434980742,11513.192647709951
2026-04-23 15:00:00,11605.0,11254.0,11311.501207800193,11261.095186538278,11380.042675543713,11484.070548924392
2026-04-23 16:00:00,11744.0,11416.0,11408.623021007197,11360.799787464175,11459.815469358,11528.503999262653
2026-04-23 17:00:00,11541.0,11233.0,11284.648379597595,11187.855702233599,11315.07001407292,11381.062055160197
2026-04-23 18:00:00,11600.0,11227.0,11326.808201063055,11198.19298017779,11359.52048674742,11415.14888986025
2026-04-23 19:00:00,11655.0,11259.0,11345.491154767311,11186.17216677038,11341.538083815443,11393.5316261952
2026-04-23 20:00:00,11492.0,11235.0,11286.121350392465,11117.75786158871,11169.683354185618,11230.122829400028
2026-04-23 21:00:00,11655.0,11419.0,11418.487224776185,11357.415120782769,11406.082223441761,11493.420800976452
2026-04-23 22:00:00,11635.0,11306.0,11301.87655460018,11327.071564297337,11432.77376352416,11521.339491512652
2026-04-23 23:00:00,11171.0,10820.0,10864.293849479744,10845.653111384849,10939.432349095128,11011.373162155942
2026-04-24 00:00:00,10770.0,10367.0,10625.48725487875,10470.862379709517,10525.978500278172,10583.56678530719
2026-04-24 01:00:00,10382.0,9988.0,10219.654386112723,10027.705181200256,10032.309849145873,10092.523586405632
2026-04-24 02:00:00,10098.0,9723.0,9965.727328544228,9790.21655947579,9848.225467010927,9907.363500445554
2026-04-24 03:00:00,10064.0,9636.0,9871.749360052447,9746.229898843822,9801.764832268813,9852.223623968568
2026-04-24 04:00:00,9936.0,9551.0,9780.638155226941,9631.87376557041,9666.54034930312,9706.798108690688
2026-04-24 05:00:00,9901.0,9589.0,9819.37573558172,9741.426622020257,9744.636035697418,9751.166687269542
2026-04-24 06:00:00,10112.0,9762.0,10018.665066570991,9817.162378493467,9851.503483454111,9894.7254399045
2026-04-24 07:00:00,10598.0,10160.0,10382.942731311434,10347.85235378645,10262.872763652384,10358.590053718444
2026-04-24 08:00:00,10990.0,10730.0,10871.523793592069,10763.744593734771,10737.2746656606,10734.445649491223
2026-04-24 09:00:00,11568.0,11302.0,11391.296209542112,11292.756009357543,11341.630520551018,11311.451639964695
2026-04-24 10:00:00,11803.0,11531.0,11671.27223921078,11560.024872990542,11689.212261502873,11630.983926086199
2026-04-24 11:00:00,11838.0,11560.0,11748.040352200762,11495.799339136454,11691.377864390744,11626.983374642805
2026-04-24 12:00:00,11680.0,11441.0,11681.428589462199,11419.38133239501,11606.32331325601,11500.099521368096
2026-04-24 13:00:00,11661.0,11395.0,11662.731169734716,11412.40761017319,11595.62920121391,11489.861475879032
2026-04-24 14:00:00,11692.0,11471.0,11657.054180050442,11410.237713484987,11560.434815753479,11529.245522737268
2026-04-24 15:00:00,11739.0,11409.0,11648.890704361596,11397.724995283916,11569.054056300272,11531.024691654124
2026-04-24 16:00:00,11768.0,11507.0,11655.101430679211,11399.828447869895,11503.030621100259,11504.384048060077
2026-04-24 17:00:00,11547.0,11246.0,11467.664445453996,11285.974722779309,11302.179873416782,11323.571662723105
2026-04-24 18:00:00,11517.0,11270.0,11521.380883789558,11285.651081963832,11311.134777653753,11308.219761822254
2026-04-24 19:00:00,11553.0,11230.0,11511.440725838076,11366.894514924572,11340.835640021915,11345.954775352066
2026-04-24 20:00:00,11345.0,11139.0,11420.52561850664,11324.26978977559,11278.225740864891,11251.391236436306
2026-04-24 21:00:00,11517.0,11419.0,11617.82046219551,11537.383576603104,11538.53623087889,11532.019806991788
2026-04-24 22:00:00,11619.0,11436.0,11559.305616436297,11385.192141473366,11488.817875264012,11475.738053660389
2026-04-24 23:00:00,11269.0,10952.0,11119.083299029753,11028.343500546931,11054.695226302072,11026.739214649251
2026-04-25 00:00:00,10935.0,10632.0,10600.24708749495,10670.394345536928,10773.190208797165,10822.258155282512
2026-04-25 01:00:00,10461.0,10164.0,10160.274168717035,10321.00965841333,10334.588924677406,10341.615376041627
2026-04-25 02:00:00,10250.0,9894.0,9909.922961415206,9964.235638311848,9994.463210563294,10019.405615235253
2026-04-25 03:00:00,10092.0,9719.0,9756.947558655213,9854.190079971111,9901.269861224377,9919.808217654145
2026-04-25 04:00:00,10006.0,9689.0,9687.809848301029,9749.878198631352,9784.800446178362,9794.271093850706
2026-04-25 05:00:00,9891.0,9651.0,9677.420422862448,9698.586358501805,9715.137318281964,9719.918239208633
2026-04-25 06:00:00,9922.0,9592.0,9746.289735701708,9880.3320731787,9828.565055052482,9874.552910814955
2026-04-25 07:00:00,10116.0,9756.0,9991.893344802047,10006.32739481889,9840.207206358675,9958.423159733658
2026-04-25 08:00:00,10465.0,10171.0,10395.323875061993,10498.762267435899,10186.530615652484,10246.766567827826
2026-04-25 09:00:00,11040.0,10870.0,11016.781910078633,10937.63943800538,10740.766215802107,10837.349979260087
2026-04-25 10:00:00,11408.0,11240.0,11337.110575958,11281.823121436364,11163.653595343283,11288.323966135105
2026-04-25 11:00:00,11612.0,11405.0,11442.096345187172,11397.55811324709,11329.400995663507,11512.865656211634
2026-04-25 12:00:00,11621.0,11403.0,11426.067167997817,11361.82633455525,11298.331237052871,11486.844133579289
2026-04-25 13:00:00,11702.0,11337.0,11405.511051632973,11341.402159374235,11289.162925893112,11500.54091263681
2026-04-25 14:00:00,11727.0,11376.0,11478.1273201581,11381.980454086672,11409.704225124551,11599.60455150552
2026-04-25 15:00:00,11704.0,11327.0,11499.882285238156,11341.38247214825,11386.326392108731,11544.174871795034
2026-04-25 16:00:00,11703.0,11326.0,11532.287766336269,11408.68289060145,11461.297871933875,11574.647892483246
2026-04-25 17:00:00,11666.0,11347.0,11507.539761208767,11308.79859433234,11387.606554829612,11513.038082600915
2026-04-25 18:00:00,11806.0,11381.0,11538.81410128004,11350.051410498525,11439.473749198436,11574.732342622665
2026-04-25 19:00:00,11744.0,11316.0,11527.796059532218,11414.669164350831,11428.07605565605,11571.079942073093
2026-04-25 20:00:00,11665.0,11324.0,11506.66548629081,11312.404134272529,11300.02195474557,11389.128286485482
2026-04-25 21:00:00,11797.0,11632.0,11688.792781833961,11448.721037071145,11538.344974541304,11609.570731212762
2026-04-25 22:00:00,11632.0,11487.0,11505.890819403021,11421.617198171234,11464.065467894081,11564.310962237088
2026-04-25 23:00:00,11295.0,11142.0,11137.38471888082,11132.66348495235,11042.502415633971,11132.868720931074
2026-04-26 00:00:00,10930.0,10707.0,10770.432809502165,10767.955323326592,10806.62883799427,10795.34230930242
2026-04-26 01:00:00,10607.0,10349.0,10390.260809313906,10386.634057805497,10435.005398175952,10461.431027681034
2026-04-26 02:00:00,10307.0,10113.0,10137.73204001346,10049.938055060049,10127.31951218964,10173.575110168624
2026-04-26 03:00:00,10121.0,9954.0,9989.803251745778,9958.285407164292,10023.559705540301,10067.077772636216
2026-04-26 04:00:00,10026.0,9892.0,9923.59236785318,9884.290632090848,9934.169335036535,9938.176101220239
2026-04-26 05:00:00,9923.0,9806.0,9902.211431530639,9793.045578378558,9749.7025279324,9758.000922009023
2026-04-26 06:00:00,9949.0,9842.0,10027.264373061867,9891.498384726237,9885.981031015617,9891.488906250766
2026-04-26 07:00:00,10158.0,9894.0,10266.936633434538,10001.773628008366,10006.179098987797,10002.855324222293
2026-04-26 08:00:00,10483.0,10211.0,10639.352663897083,10388.349279313548,10302.751005785647,10305.773499656616
2026-04-26 09:00:00,11144.0,10769.0,11225.271525247113,10883.682543043598,10818.574755056174,10785.311982764191
2026-04-26 10:00:00,11536.0,11155.0,11588.671893122122,11199.884624607546,11195.36470757834,11210.734880437907
2026-04-26 11:00:00,11807.0,11252.0,11702.382244953988,11313.595498949988,11416.353671517725,11388.995281439793
2026-04-26 12:00:00,11934.0,11328.0,11714.13703719507,11295.409150598742,11457.835124236788,11516.403064080332
2026-04-26 13:00:00,11926.0,11237.0,11680.101460557418,11279.560085422781,11431.798967788694,11472.059694992147
2026-04-26 14:00:00,11941.0,11246.0,11703.612858172586,11288.826935544936,11479.567840111264,11512.042846501896
2026-04-26 15:00:00,11954.0,11201.0,11678.491270577995,11307.59787506142,11452.492792759676,11499.817632418832
2026-04-26 16:00:00,11864.0,11188.0,11686.516069417188,11312.778790112148,11473.779315679112,11487.064093720413
2026-04-26 17:00:00,11897.0,11162.0,11615.72791611976,11257.92039679655,11429.611635498608,11488.721000397803
2026-04-26 18:00:00,11930.0,11281.0,11705.867889088127,11286.914408097635,11526.05221597386,11543.174530641552
2026-04-26 19:00:00,11897.0,11235.0,11701.138104202073,11311.938427980755,11513.929536669812,11527.890586064594
2026-04-26 20:00:00,11855.0,11283.0,11658.206534672106,11195.92995666016,11462.021244660922,11383.974165786658
2026-04-26 21:00:00,11922.0,11613.0,11856.671236590591,11376.941085088509,11642.544244138027,11562.362406531698
2026-04-26 22:00:00,11782.0,11404.0,11678.02201107682,11314.426173484318,11548.273071611677,11533.53407846091
2026-04-26 23:00:00,11333.0,10928.0,11221.782344720817,11008.219764170186,11098.251861748018,11081.499733319984
2026-04-27 00:00:00,10982.0,10523.0,11102.896351737883,10726.467865065812,10794.7458438889,10815.17072314788
2026-04-27 01:00:00,10505.0,10074.0,10657.220008054024,10245.714813830595,10341.091943464286,10348.848000447586
2026-04-27 02:00:00,10264.0,9893.0,10429.534532876021,10077.081058280432,10189.587127024377,10181.69693978227
2026-04-27 03:00:00,10154.0,9769.0,10311.264912080742,9936.099208385898,10047.126339370305,10038.754539059028
2026-04-27 04:00:00,10041.0,9666.0,10205.694284036546,9851.287445500808,9930.927210285583,9906.956455285073
2026-04-27 05:00:00,10111.0,9703.0,10212.485282941825,9811.28359811398,9878.75073852452,9858.86190893117
2026-04-27 06:00:00,10404.0,9891.0,10411.395560516301,9991.281478713488,10090.80161647361,10088.549073107155
2026-04-27 07:00:00,10846.0,10345.0,10830.82745929646,10529.706236725153,10503.809197428749,10531.399237309757
2026-04-27 08:00:00,11340.0,10766.0,11232.504922020968,10958.90554394829,10998.116423727055,11065.343644234632
2026-04-27 09:00:00,11955.0,11347.0,11777.586090743021,11541.420268392738,11592.231457010956,11596.514429622204
2026-04-27 10:00:00,12137.0,11607.0,12024.423199019206,11673.793636996816,11855.448067986836,11815.425075933472
2026-04-27 11:00:00,12208.0,11588.0,12020.08575818071,11804.22200701479,11945.225511838817,11922.770932600133
2026-04-27 12:00:00,12155.0,11501.0,11946.542117995254,11740.536901746915,11890.778852090336,11875.263128949393
2026-04-27 13:00:00,12116.0,11430.0,11902.502803227966,11774.414758660567,11868.657695676467,11822.3775584408
2026-04-27 14:00:00,12054.0,11449.0,11906.865567689862,11771.840106131602,11825.05737826205,11814.831332225049
2026-04-27 15:00:00,11945.0,11371.0,11841.190261541797,11743.034243439142,11794.283660494979,11728.008395877918
2026-04-27 16:00:00,12102.0,11467.0,11895.579930917573,11772.856170714243,11826.074460324195,11823.18766548026
2026-04-27 17:00:00,11821.0,11278.0,11758.300841397218,11699.117456121488,11609.202722745458,11658.611368318609
2026-04-27 18:00:00,11751.0,11259.0,11790.933955847859,11715.6768366254,11600.736292675227,11624.794210785907
2026-04-27 19:00:00,11765.0,11268.0,11839.200893149093,11709.584766901315,11638.605783671745,11621.104957491088
2026-04-27 20:00:00,11682.0,11149.0,11729.457692165077,11670.146880809798,11549.569351810667,11518.9854761407
2026-04-27 21:00:00,11754.0,11407.0,11887.929197067999,11696.073890182102,11672.934016593148,11658.213574908932
2026-04-27 22:00:00,11864.0,11364.0,11812.511712532036,11613.88689461222,11698.362381213037,11678.208592755142
2026-04-27 23:00:00,11430.0,10887.0,11386.168761967254,11146.453644220885,11135.01595395708,11148.713425129117
2026-04-28 00:00:00,10964.0,10499.0,11006.004967993682,10885.213329313343,10920.598454454155,10931.388273305412
2026-04-28 01:00:00,10564.0,10094.0,10590.385282487383,10456.360934113036,10471.695739442082,10490.725329547575
2026-04-28 02:00:00,10325.0,9812.0,10323.92035747,10239.294950418522,10252.921166526974,10284.955847209734
2026-04-28 03:00:00,10204.0,9774.0,10230.674499233612,10069.681414693794,10156.804314579045,10185.678811483604
2026-04-28 04:00:00,10182.0,9727.0,10173.197200006713,10034.579625684091,10089.789639607125,10118.659034827346
2026-04-28 05:00:00,10063.0,9704.0,10173.39092775678,9974.37349935854,10089.036549722376,10072.38560250525
2026-04-28 06:00:00,10366.0,10028.0,10419.851850554052,10179.096748388209,10254.885851400544,10256.383092865677
2026-04-28 07:00:00,10838.0,10268.0,10706.364855875318,10651.507648771425,10679.39978053944,10685.51151803137
2026-04-28 08:00:00,11286.0,10800.0,11165.0377068711,11046.078204397252,11231.104144911385,11227.581594833131
2026-04-28 09:00:00,11893.0,11224.0,11671.885959591698,11706.659852544966,11840.731966607098,11900.89322106666
2026-04-28 10:00:00,12195.0,11385.0,11926.582158583913,11899.827430291494,11975.556255592881,11987.091935209282
2026-04-28 11:00:00,12151.0,11320.0,11960.961091791047,11940.06172185842,11998.53523874934,12006.676332091154
2026-04-28 12:00:00,12246.0,11220.0,11910.36023062608,11879.739203802637,11938.952796205296,11921.309285161775
2026-04-28 13:00:00,12210.0,11194.0,11902.153252898244,11876.220774942312,11956.914877208546,11899.744708701846
2026-04-28 14:00:00,12317.0,11227.0,11944.474176396356,11878.669146052809,11947.52167111722,11874.717387968281
2026-04-28 15:00:00,12213.0,11196.0,11907.55445990723,11887.082614893217,11937.916344603005,11890.03654894749
2026-04-28 16:00:00,12389.0,11275.0,11949.361230470151,11865.644561100837,11970.830883420827,11925.141484228525
2026-04-28 17:00:00,12096.0,11083.0,11841.345293368422,11841.031079997536,11865.470520854213,11843.184458641135
2026-04-28 18:00:00,12105.0,11132.0,11896.709226650803,11851.11316679834,11896.541266751346,11863.530692407392
2026-04-28 19:00:00,12108.0,11072.0,11864.468704384233,11841.031079997536,11856.403384903664,11774.407983554434
2026-04-28 20:00:00,12011.0,10973.0,11778.410447315782,11836.063323094122,11814.510399055573,11722.551333271243
2026-04-28 21:00:00,12048.0,11285.0,11943.972159803969,11850.333740084905,11884.412633083568,11823.872933017463
2026-04-28 22:00:00,12076.0,11293.0,11852.732558504835,11726.21624596011,11791.598204805503,11752.604159347968
2026-04-28 23:00:00,11623.0,10817.0,11412.596685123488,11263.664547385637,11260.037574052914,11175.858276872186
2026-04-29 00:00:00,11141.0,10346.0,10857.287541028101,10852.215854819926,10902.35646139539,10862.276682382164
2026-04-29 01:00:00,10704.0,9917.0,10440.651402388034,10428.85021904047,10467.61154910297,10400.902420686043
2026-04-29 02:00:00,10467.0,9706.0,10204.602357034175,10151.492788827898,10236.251597451952,10208.862331000148
2026-04-29 03:00:00,10363.0,9629.0,10092.69302920017,10059.073941435892,10100.57967356665,10095.122927585562
2026-04-29 04:00:00,10316.0,9496.0,9978.749750130133,9977.86920703346,10014.027037468313,9999.555135663446
2026-04-29 05:00:00,10221.0,9594.0,10037.149893998336,10015.420921155805,10027.69648060496,9998.371438953958
2026-04-29 06:00:00,10532.0,9720.0,10196.213591816166,10204.53555516736,10232.526812871643,10184.214815040476
2026-04-29 07:00:00,10908.0,10228.0,10606.597595855996,10746.861172479072,10728.772391881183,10728.482829266553
2026-04-29 08:00:00,11348.0,10680.0,11028.021046795973,11250.748764951108,11212.879609420166,11132.649882876423
2026-04-29 09:00:00,11986.0,11230.0,11566.739795317742,11766.91481939043,11725.521036027752,11729.545880338574
2026-04-29 10:00:00,12239.0,11535.0,11859.10574046314,11971.362865641504,12020.378156477198,12069.54512225362
2026-04-29 11:00:00,12269.0,11481.0,11893.833206121717,11960.785155560105,12035.116250476178,12057.01141720131
2026-04-29 12:00:00,12176.0,11433.0,11852.655277448685,11932.722320609642,11971.358860818078,12026.291812491985
2026-04-29 13:00:00,12142.0,11335.0,11785.892227687615,11891.309137247395,11900.65006835083,12004.166354348119
2026-04-29 14:00:00,12205.0,11330.0,11780.93367100316,11856.646445770855,11901.513809189733,11975.161011069451
2026-04-29 15:00:00,12107.0,11338.0,11791.552912417203,11803.667251109742,11841.863480574006,11880.008771143735
2026-04-29 16:00:00,12180.0,11413.0,11820.401681456498,11891.592762761833,11891.02855316273,11965.25518338915
2026-04-29 17:00:00,11940.0,11259.0,11702.592005464701,11697.957485901366,11637.530751720193,11679.66874938167
2026-04-29 18:00:00,11949.0,11263.0,11744.514907426284,11704.60790071746,11667.47106644102,11688.197173885152
2026-04-29 19:00:00,11960.0,11356.0,11801.089134861679,11712.191765538091,11770.806719684762,11777.787873776808
2026-04-29 20:00:00,11890.0,11281.0,11737.432729301536,11650.993040459502,11683.62774797415,11711.657981377337
2026-04-29 21:00:00,11996.0,11525.0,11885.536034867604,11802.528511499526,11768.915236181407,11750.963574314424
2026-04-29 22:00:00,12098.0,11374.0,11744.428935466416,11756.8635780167,11781.58528509513,11758.670240087342
2026-04-29 23:00:00,11614.0,10952.0,11311.798663725103,11315.137233278983,11333.126684705272,11304.471916436652
2026-04-30 00:00:00,11208.0,10526.0,10797.100546133446,10952.202576916181,10959.491386439944,10948.98674930349
2026-04-30 01:00:00,10711.0,10147.0,10388.859441650777,10552.517205459795,10602.670909269846,10624.439583067176
2026-04-30 02:00:00,10519.0,9899.0,10147.149648067294,10296.664852955835,10332.820199654183,10367.25984612986
2026-04-30 03:00:00,10397.0,9776.0,10015.689055295472,10210.616370609841,10213.607942940234,10248.884363873463
2026-04-30 04:00:00,10317.0,9709.0,9937.973105138266,10087.844632683433,10130.352279289695,10196.463180402838
2026-04-30 05:00:00,10189.0,9711.0,9957.521012886631,10033.437165176141,10064.032805673985,10125.773043501182
2026-04-30 06:00:00,10511.0,10068.0,10251.274535025428,10299.228208199114,10315.52894216481,10358.26852740007
2026-04-30 07:00:00,10934.0,10366.0,10573.360918932922,10621.009180704354,10616.735216698627,10675.634246327332
2026-04-30 08:00:00,11351.0,10917.0,11036.430189018796,10997.76867143374,10893.683896127777,10961.539748519745
2026-04-30 09:00:00,11857.0,11516.0,11582.381656635107,11605.888910057402,11595.551240679806,11623.80669526942
2026-04-30 10:00:00,12030.0,11770.0,11812.956050404071,11780.577020848363,11852.862714021967,11996.786077777073
2026-04-30 11:00:00,12041.0,11787.0,11847.478739962504,11852.465961577116,11856.880889177268,11975.344280620358
2026-04-30 12:00:00,11985.0,11615.0,11747.321665949423,11822.19238322121,11862.325554524752,11910.428398506985
2026-04-30 13:00:00,11946.0,11591.0,11753.920674972594,11797.476844596797,11805.640058573657,11910.71857143329
2026-04-30 14:00:00,11929.0,11634.0,11797.468759132522,11942.504667738885,11892.326410719548,11946.766852573948
2026-04-30 15:00:00,11813.0,11605.0,11748.806174378915,11790.691318846983,11744.959445124081,11728.103721760272
2026-04-30 16:00:00,11893.0,11744.0,11863.183313871452,12031.121428691558,11940.884014257668,11952.830216561293
2026-04-30 17:00:00,11710.0,11541.0,11727.017152900487,11793.568301164081,11716.297528853043,11696.329242486552
2026-04-30 18:00:00,11810.0,11600.0,11797.927680744466,11809.899676255538,11767.189532134213,11741.301483399715
2026-04-30 19:00:00,11860.0,11655.0,11843.041048554416,11825.296952654398,11792.413922080153,11753.167311309926
2026-04-30 20:00:00,11679.0,11492.0,11716.399634790647,11728.188750765608,11576.792444879698,11558.90903485419
2026-04-30 21:00:00,11732.0,11655.0,11806.69082228376,11789.295519898098,11695.914012806454,11697.12198544274
2026-04-30 22:00:00,11809.0,11635.0,11736.365149558165,11828.093314633066,11718.578766182003,11747.581259027434
2026-04-30 23:00:00,11497.0,11171.0,11288.877194092434,11469.273418248937,11273.452922913415,11277.84313853088
2026-05-01 00:00:00,11086.0,10770.0,10632.463940159703,11053.3730226166,10916.152124002612,10823.787117686701
2026-05-01 01:00:00,10691.0,10382.0,10219.525939999705,10670.836526396604,10473.582131689109,10463.740900757495
2026-05-01 02:00:00,10425.0,10098.0,9951.689308774576,10407.260222954194,10234.613813322938,10241.25752763324
2026-05-01 03:00:00,10246.0,10064.0,9872.688395562567,10308.342721358327,10134.05289671489,10149.298762883513
2026-05-01 04:00:00,10208.0,9936.0,9759.648820286006,10258.765436138265,10070.589931070643,10097.881609306232
2026-05-01 05:00:00,10005.0,9901.0,9731.993863177104,10168.617727204974,9949.136121932905,9942.667364245277
2026-05-01 06:00:00,10076.0,10112.0,9960.454076900212,10341.813807673463,10059.293701962724,10043.124379453826
2026-05-01 07:00:00,10206.0,10598.0,10385.070793082665,10590.123808264809,10265.552087561564,10179.164595222488
2026-05-01 08:00:00,10496.0,10990.0,10804.302895706805,10911.557291853225,10537.848758499693,10521.488378665495
2026-05-01 09:00:00,10970.0,11568.0,11371.378810869548,11372.808371923596,11127.158527209827,11113.15964644838
2026-05-01 10:00:00,11293.0,11803.0,11610.379317951081,11601.746593202297,11483.69269680221,11437.127808464442
2026-05-01 11:00:00,11425.0,11838.0,11639.23973432574,11664.245000295878,11531.428282833826,11456.83730998494
2026-05-01 12:00:00,11408.0,11680.0,11521.982345417544,11592.79159769421,11518.692350715668,11415.331844340171
2026-05-01 13:00:00,11398.0,11661.0,11471.427448831444,11586.26227883707,11454.864877917085,11348.15106795868
2026-05-01 14:00:00,11326.0,11692.0,11479.301857786479,11618.234304767699,11491.042380225761,11384.544027380805
2026-05-01 15:00:00,11223.0,11739.0,11438.440803080992,11588.10690848019,11386.695004645992,11279.221354738402
2026-05-01 16:00:00,11254.0,11768.0,11456.569738005635,11612.125246823322,11409.44065937448,11333.316979327885
2026-05-01 17:00:00,11210.0,11547.0,11269.489741973104,11576.400699799538,11230.299381767907,11158.224039076527
2026-05-01 18:00:00,11205.0,11517.0,11280.101558484499,11593.957533421999,11250.860426530522,11177.532471336559
2026-05-01 19:00:00,11188.0,11553.0,11310.635208139138,11600.267594353001,11237.925224067712,11164.985726160967
2026-05-01 20:00:00,11137.0,11345.0,11173.490148212479,11502.074865872755,11157.166825583065,11097.59449363794
2026-05-01 21:00:00,11290.0,11517.0,11295.654956083565,11595.024697821027,11340.610325186946,11261.016254308035
2026-05-01 22:00:00,11386.0,11619.0,11315.588552943414,11594.536062853496,11465.700861586032,11386.532736235566
2026-05-01 23:00:00,11082.0,11269.0,10933.838815991554,11367.05657873444,11130.06713277649,11099.690728645654
2026-05-02 00:00:00,10707.0,10935.0,10587.131722827655,10851.448618858332,10643.001978794913,10632.554376916967
2026-05-02 01:00:00,10323.0,10461.0,10124.375100237026,10427.206261494532,10260.839249726174,10236.642300237261
2026-05-02 02:00:00,10026.0,10250.0,9887.077418723942,10192.694921050641,10096.007481880742,10066.226886215642
2026-05-02 03:00:00,9895.0,10092.0,9723.703708857662,10026.731226996948,9906.969074603638,9882.746914673588
2026-05-02 04:00:00,9812.0,10006.0,9651.006797981652,9969.263849408238,9740.35443645261,9729.612151578262
2026-05-02 05:00:00,9641.0,9891.0,9597.428187055646,9834.88780991486,9583.330548252348,9548.935052710869
2026-05-02 06:00:00,9705.0,9922.0,9714.834270899351,9874.63123036235,9661.858951340657,9643.412664530493
2026-05-02 07:00:00,9912.0,10116.0,9958.295399541405,10080.480969232887,9832.87130540739,9839.252233892421
2026-05-02 08:00:00,10201.0,10465.0,10314.96112627622,10381.77845162329,10156.851496856245,10147.324952778017
2026-05-02 09:00:00,10790.0,11040.0,10833.644902555168,10836.40705426769,10720.81537653056,10698.636383269928
2026-05-02 10:00:00,11087.0,11408.0,11106.74751858657,11179.565337713088,11067.975574461787,11049.858835534553
2026-05-02 11:00:00,11235.0,11612.0,11205.582821481119,11317.632306835601,11187.369450807582,11201.586336311266
2026-05-02 12:00:00,11211.0,11621.0,11161.895190602872,11347.167516594887,11196.513169934671,11186.257608791024
2026-05-02 13:00:00,11100.0,11702.0,11176.52927675806,11363.057895388716,11180.607997151821,11165.499359774525
2026-05-02 14:00:00,11044.0,11727.0,11202.278394230378,11369.546408102256,11159.102377120187,11165.891831962774
2026-05-02 15:00:00,10996.0,11704.0,11149.227124145156,11310.614466255078,11111.834142245103,11122.550068056182
2026-05-02 16:00:00,10993.0,11703.0,11136.598936903794,11353.588053090476,11169.456854718532,11139.870872365891
2026-05-02 17:00:00,10968.0,11666.0,11061.698818821218,11293.42665162575,11101.665939649207,11076.624898089776
2026-05-02 18:00:00,10938.0,11806.0,11145.531813108431,11346.10271273942,11162.9258200915,11126.435639848587
2026-05-02 19:00:00,11006.0,11744.0,11131.654777772994,11389.580141133676,11138.759085621336,11134.239954518182
2026-05-02 20:00:00,10981.0,11665.0,11072.119730492059,11299.79928628431,11023.428235912987,11054.425458282889
2026-05-02 21:00:00,11074.0,11797.0,11188.740777274585,11407.001520912192,11186.180487191432,11178.071169671413
2026-05-02 22:00:00,11182.0,11632.0,11077.96347596878,11355.594027507412,11207.176986573972,11205.433113439787
2026-05-02 23:00:00,10864.0,11295.0,10705.582112938055,11108.602714882632,10922.100994861887,10911.633584251162
2026-05-03 00:00:00,10438.0,10930.0,10183.385373200841,10772.559825387329,10630.263133842038,10615.05441255396
2026-05-03 01:00:00,10014.0,10607.0,9800.812231556945,10458.455299732186,10307.223172945973,10288.41204605962
2026-05-03 02:00:00,9752.0,10307.0,9528.105194618693,10152.335526638257,10096.915635351434,10068.971138719222
2026-05-03 03:00:00,9545.0,10121.0,9369.295087569351,9993.181865733071,9921.75623199765,9905.220107381532
2026-05-03 04:00:00,9516.0,10026.0,9287.934103288413,9917.146053961595,9730.915043074832,9723.139025565251
2026-05-03 05:00:00,9284.0,9923.0,9222.930986082261,9760.828232961849,9590.240123840898,9577.382872982858
2026-05-03 06:00:00,9354.0,9949.0,9334.749700411394,9735.060890391685,9559.727205727757,9563.59954256255
2026-05-03 07:00:00,9495.0,10158.0,9554.594793949665,9790.942054830342,9618.098321971109,9642.798237571771
2026-05-03 08:00:00,9805.0,10483.0,9867.810996059867,10026.780871616424,9968.54034126596,9972.389659676137
2026-05-03 09:00:00,10324.0,11144.0,10424.726329675803,10678.779143273532,10545.017752381358,10522.517960838335
2026-05-03 10:00:00,10755.0,11536.0,10724.127580745224,11105.440903682009,10866.189591476626,10840.433852675002
2026-05-03 11:00:00,10907.0,11807.0,10886.943517274512,11220.026529431007,11103.88083985252,11095.15073752023
2026-05-03 12:00:00,10911.0,11934.0,10978.694082072983,11245.43532808673,11107.730653244093,11097.445869595758
2026-05-03 13:00:00,10902.0,11926.0,10981.361554804242,11244.222327143343,11098.375337755608,11092.812907427733
2026-05-03 14:00:00,10914.0,11941.0,10988.569377376549,11248.151619043269,11109.753197984151,11110.993685283536
2026-05-03 15:00:00,10903.0,11954.0,11006.9179939171,11239.251905678633,11077.22806102679,11054.307991295836
2026-05-03 16:00:00,10889.0,11864.0,10973.188753763183,11220.683891854487,11053.329654940433,11034.788948309766
2026-05-03 17:00:00,10927.0,11897.0,10941.806222416018,11177.238515534058,11034.439524227337,11008.29192724781
2026-05-03 18:00:00,10953.0,11930.0,11009.111025538792,11246.759519170437,11065.588125524035,11059.315154512211
2026-05-03 19:00:00,10980.0,11897.0,10992.872466704464,11251.713963926051,11054.76511416213,11072.970042671961
2026-05-03 20:00:00,10869.0,11855.0,10939.559765463968,11238.300585216723,10998.569799284158,11010.056183828565
2026-05-03 21:00:00,10964.0,11922.0,11027.368951405144,11344.303603840694,11170.320156314527,11141.281337110848
2026-05-03 22:00:00,11073.0,11782.0,10910.666486941773,11278.308560704832,11149.24765944961,11150.00682003023
2026-05-03 23:00:00,10610.0,11333.0,10495.602279349265,10946.473920289258,10754.004905362937,10760.586463527077
2026-05-04 00:00:00,10164.0,10982.0,10321.677856967926,10611.344933445465,10231.321960961226,10250.82548787305
2026-05-04 01:00:00,9778.0,10505.0,9873.708803172756,10262.288240723787,9916.807118288676,9956.788432033725
2026-05-04 02:00:00,9531.0,10264.0,9632.935956606727,9940.283729804663,9665.22304586583,9696.328303002687
2026-05-04 03:00:00,9393.0,10154.0,9488.989333119216,9800.33167725473,9463.555158228775,9492.974055932831
2026-05-04 04:00:00,9295.0,10041.0,9388.877745213398,9755.466391873299,9429.842429668108,9463.818523851976
2026-05-04 05:00:00,9331.0,10111.0,9413.52055504655,9655.120023494384,9342.130477237142,9363.289993250846
2026-05-04 06:00:00,9519.0,10404.0,9637.832811706883,9990.849383383595,9707.691701576718,9696.102417368695
2026-05-04 07:00:00,9933.0,10846.0,10014.063948797026,10501.364412420377,10042.791647412467,10061.849035737821
2026-05-04 08:00:00,10573.0,11340.0,10432.033235504172,10931.419368438352,10517.872732946431,10484.000127489664
2026-05-04 09:00:00,11085.0,11955.0,11005.4985007824,11446.873099648043,11026.184467946163,10977.358845577255
2026-05-04 10:00:00,11356.0,12137.0,11260.988655042205,11634.723848164489,11240.045423115032,11211.560473906653
2026-05-04 11:00:00,11364.0,12208.0,11319.773509698703,11685.311690016391,11366.592809983262,11299.290959578384
2026-05-04 12:00:00,11232.0,12155.0,11259.432508142974,11628.796695675512,11263.294231506838,11241.70948497839
2026-05-04 13:00:00,11186.0,12116.0,11216.644752407621,11571.599625813678,11233.174736027204,11207.553542881682
2026-05-04 14:00:00,11183.0,12054.0,11183.051205142385,11502.484099381554,11175.652884870131,11168.669153023551
2026-05-04 15:00:00,11131.0,11945.0,11105.528787841404,11470.316966662882,11133.098103558727,11112.191540204922
2026-05-04 16:00:00,11359.0,12102.0,11200.797800996785,11545.161570128961,11162.732169101373,11111.147338635556
2026-05-04 17:00:00,11248.0,11821.0,11047.782581340194,11413.49871471023,11016.484428974145,10995.878584243022
2026-05-04 18:00:00,11355.0,11751.0,11044.163447609153,11404.998198146624,11006.663043733883,10973.3411497892
2026-05-04 19:00:00,11276.0,11765.0,11055.787204363372,11410.578644988333,11026.16703428907,11080.209406458038
2026-05-04 20:00:00,11047.0,11682.0,11011.832038288083,11326.22254779025,10969.752178051793,10949.981088010054
2026-05-04 21:00:00,11056.0,11754.0,11112.822122721436,11376.300110439412,11060.550646499576,11034.466235214471
2026-05-04 22:00:00,11145.0,11864.0,11108.942105299278,11308.391692498695,11151.821727389637,11056.758606718699
2026-05-04 23:00:00,10700.0,11430.0,10701.232692568452,11100.061146080929,10636.390664908979,10581.09379198293
2026-05-05 00:00:00,10185.0,10964.0,10311.233415383766,10492.256912595047,10225.233724117114,10185.552555651124
2026-05-05 01:00:00,9818.0,10564.0,9911.26346129575,10039.648765932767,9878.495452188597,9853.570710938971
2026-05-05 02:00:00,9619.0,10325.0,9667.339694087152,9775.912098366005,9645.091881956732,9615.678396927931
2026-05-05 03:00:00,9327.0,10204.0,9553.584237975785,9586.765179911099,9401.24061963183,9393.27448410491
2026-05-05 04:00:00,9154.0,10182.0,9498.019419634684,9571.534226242498,9399.726488634113,9376.972931593178
2026-05-05 05:00:00,9093.0,10063.0,9415.359052003956,9520.026040980736,9337.81077510022,9307.854417019844
2026-05-05 06:00:00,9426.0,10366.0,9644.372318625406,9834.391649442667,9669.807520341941,9693.80442749271
2026-05-05 07:00:00,9709.0,10838.0,10015.264788703224,10267.861342774444,10068.784648352646,10061.267192814077
2026-05-05 08:00:00,10237.0,11286.0,10428.34249906384,10660.241110872461,10403.523587410578,10387.306464539806
2026-05-05 09:00:00,10800.0,11893.0,11015.029553688906,11269.528159596008,11061.80061478141,11033.118245262232
2026-05-05 10:00:00,11074.0,12195.0,11288.41831521743,11516.74781899007,11229.004819322401,11185.659390814966
2026-05-05 11:00:00,10986.0,12151.0,11259.720480933123,11558.133785791571,11224.282303849855,11211.51257847773
2026-05-05 12:00:00,10995.0,12246.0,11231.70643651977,11518.916932353011,11155.580987233363,11152.601991792388
2026-05-05 13:00:00,10908.0,12210.0,11176.717169645945,11516.770968367939,11131.744367219551,11135.959950174078
2026-05-05 14:00:00,10899.0,12317.0,11251.123589236744,11507.263066758615,11158.396653611906,11132.920323031478
2026-05-05 15:00:00,10861.0,12213.0,11195.759376872405,11504.60673440008,11128.619279605811,11122.702756276403
2026-05-05 16:00:00,11007.0,12389.0,11303.21848141104,11470.66567185251,11187.528377007618,11135.981608587788
2026-05-05 17:00:00,10921.0,12096.0,11132.050168185848,11396.634254508193,11114.335507262496,11070.44927331179
2026-05-05 18:00:00,10909.0,12105.0,11180.522927030845,11418.741069072932,11086.722084173916,11034.063448315488
2026-05-05 19:00:00,10802.0,12108.0,11222.660063848698,11422.689876738981,11057.35792175849,10991.171709064145
2026-05-05 20:00:00,10693.0,12011.0,11173.924058079489,11290.557641988968,11021.564264660105,10959.150612266547
2026-05-05 21:00:00,10687.0,12048.0,11260.198997047068,11320.430987383075,11030.904263988088,10982.9250147483
2026-05-05 22:00:00,10942.0,12076.0,11229.966094354922,11300.779448954314,11155.458260786912,11109.611309844813
2026-05-05 23:00:00,10466.0,11623.0,10797.57609986725,10995.93671494579,10677.567646660626,10629.169451028836
2026-05-06 00:00:00,10016.0,11141.0,10218.872947536422,10216.105251232684,10048.75265947356,10175.267220606434
2026-05-06 01:00:00,9553.0,10704.0,9802.601428352298,9880.862459840788,9742.399921264827,9839.076467473913
2026-05-06 02:00:00,9379.0,10467.0,9570.315096111233,9650.194504006442,9515.041082918353,9583.713707119268
2026-05-06 03:00:00,9263.0,10363.0,9453.062434146168,9496.328934260697,9426.26663727062,9478.836229814924
2026-05-06 04:00:00,9227.0,10316.0,9398.330441651611,9482.954258902773,9365.144623230271,9439.91860194132
2026-05-06 05:00:00,9196.0,10221.0,9351.1165459576,9451.238942349382,9340.895929121074,9392.4020160347
2026-05-06 06:00:00,9503.0,10532.0,9598.645684603862,9691.633347198518,9519.737309671376,9551.01131376107
2026-05-06 07:00:00,9887.0,10908.0,9943.093325855234,10038.442337664306,9886.388965015809,9944.342503753354
2026-05-06 08:00:00,10402.0,11348.0,10347.833169279262,10662.852086617868,10427.76441650225,10524.209418040105
2026-05-06 09:00:00,10983.0,11986.0,10922.362620547552,11266.712584354831,11160.029439370337,11201.285091446534
2026-05-06 10:00:00,11167.0,12239.0,11206.654092812925,11438.052803071723,11371.664033325937,11414.893402941578
2026-05-06 11:00:00,11188.0,12269.0,11267.426160282314,11435.665346041304,11362.06526205104,11424.322042848678
2026-05-06 12:00:00,11125.0,12176.0,11210.698408469689,11372.298801393788,11353.259965315863,11411.8687932424
2026-05-06 13:00:00,11097.0,12142.0,11196.05988595448,11366.343435623956,11317.089070417194,11360.598907289488
2026-05-06 14:00:00,11185.0,12205.0,11240.001080258611,11379.375670921712,11311.953795233001,11383.222039063628
2026-05-06 15:00:00,11095.0,12107.0,11173.858576656585,11326.177060116244,11268.67221752186,11319.94674211691
2026-05-06 16:00:00,11219.0,12180.0,11216.075325616821,11413.549257268185,11370.000324130115,11408.78933222029
2026-05-06 17:00:00,11126.0,11940.0,11086.530570913364,11338.012751120415,11277.287210032375,11343.650565161754
2026-05-06 18:00:00,11117.0,11949.0,11148.505646965586,11390.71339925684,11284.734830771633,11346.789798999172
2026-05-06 19:00:00,11080.0,11960.0,11186.745553822311,11363.281049233661,11263.095053448516,11342.081450259142
2026-05-06 20:00:00,10892.0,11890.0,11105.119804212183,11238.593033670873,11135.557906238773,11183.665105291208
2026-05-06 21:00:00,11000.0,11996.0,11192.033717715205,11251.135834630184,11209.334496007808,11229.797678313573
2026-05-06 22:00:00,11209.0,12098.0,11202.970272391234,11285.820400408527,11303.282119010932,11360.670906669762
2026-05-06 23:00:00,10752.0,11614.0,10755.777115566123,10859.596758803562,10674.468166608689,10767.387994670638
2026-05-07 00:00:00,10304.0,11208.0,10446.431590184744,10262.33444236154,10141.388069848264,10204.93834062614
2026-05-07 01:00:00,9884.0,10711.0,9996.156233525215,9931.154450486047,9811.824994270151,9874.030445969707
2026-05-07 02:00:00,9625.0,10519.0,9790.152903866398,9665.689523644667,9541.356201119119,9600.044274986205
2026-05-07 03:00:00,9544.0,10397.0,9660.29115589989,9431.194192964762,9409.440886102318,9468.307414058747
2026-05-07 04:00:00,9487.0,10317.0,9581.8653797575,9346.471448165661,9326.269213039652,9342.325469278758
2026-05-07 05:00:00,9335.0,10189.0,9525.318100355118,9337.547018676873,9298.951731845273,9315.630463904294
2026-05-07 06:00:00,9608.0,10511.0,9808.994189511675,9603.116119488688,9503.828997562548,9564.873980514749
2026-05-07 07:00:00,10022.0,10934.0,10198.83580777962,9900.992187048118,9869.960964619366,9931.43048209179
2026-05-07 08:00:00,10521.0,11351.0,10658.918191584122,10435.720829644091,10406.222293007679,10429.114001290525
2026-05-07 09:00:00,11118.0,11857.0,11206.695057758645,10985.58835610922,10997.126960713795,10982.272865606361
2026-05-07 10:00:00,11332.0,12030.0,11454.806932128993,11184.226760738917,11265.847748107422,11267.164073424407
2026-05-07 11:00:00,11354.0,12041.0,11489.61391074174,11139.73133633048,11270.058503395152,11272.416309161228
2026-05-07 12:00:00,11358.0,11985.0,11406.905182381366,11118.831212902682,11247.394534935143,11260.181111970755
2026-05-07 13:00:00,11230.0,11946.0,11365.492260676163,11097.65890985685,11200.622042247662,11214.14207539506
2026-05-07 14:00:00,11257.0,11929.0,11317.912810398959,11096.416267469873,11169.589319883327,11198.94448579784
2026-05-07 15:00:00,11305.0,11813.0,11220.825057779603,11034.4791325169,11050.511419462833,11075.57671633791
2026-05-07 16:00:00,11436.0,11893.0,11286.77549598863,11113.068473166173,11170.387917419237,11190.357146091748
2026-05-07 17:00:00,11321.0,11710.0,11165.572005547168,11062.625249807159,11091.213388787864,11111.823916848114
2026-05-07 18:00:00,11312.0,11810.0,11301.59320450868,11085.411371713693,11147.566981985517,11124.006867726059
2026-05-07 19:00:00,11191.0,11860.0,11327.161923882713,11010.278028687104,11021.007731802327,10997.064178958099
2026-05-07 20:00:00,11016.0,11679.0,11159.617334928942,10841.870125091702,10724.251356618532,10761.154795497483
2026-05-07 21:00:00,11061.0,11732.0,11202.421275447488,10885.668314580196,10763.096674889777,10778.075980004198
2026-05-07 22:00:00,11269.0,11809.0,11216.33297574769,11074.294880606101,11106.149047566832,11121.447457868238
2026-05-07 23:00:00,10859.0,11497.0,10856.29653225646,10690.76501755326,10646.757269409272,10684.495034357054
2026-05-08 00:00:00,10490.0,11086.0,10463.59162638827,10264.285480671851,10181.977985427608,10286.667438324157
2026-05-08 01:00:00,10052.0,10691.0,10068.369522608844,9837.442286779751,9725.436177252248,9791.985185656122
2026-05-08 02:00:00,9808.0,10425.0,9825.877075615026,9589.886712347605,9542.456346538636,9574.958194531884
2026-05-08 03:00:00,9709.0,10246.0,9684.33209721018,9488.566355701667,9459.168749737697,9458.017358904304
2026-05-08 04:00:00,9551.0,10208.0,9617.282148800505,9453.307986828135,9427.419404950935,9455.706199009122
2026-05-08 05:00:00,9515.0,10005.0,9519.372243156315,9412.212957876025,9363.748281407728,9375.616270647906
2026-05-08 06:00:00,9809.0,10076.0,9661.358574926657,9529.037680988899,9487.542150440275,9498.711569104164
2026-05-08 07:00:00,10154.0,10206.0,9891.445423503556,9868.681314517107,9867.284382992,9863.953384445458
2026-05-08 08:00:00,10618.0,10496.0,10237.799823662283,10281.055210678456,10309.827490260473,10321.317313604193
2026-05-08 09:00:00,11175.0,10970.0,10727.43460122974,10846.26215974288,10786.030551923302,10788.550262738197
2026-05-08 10:00:00,11408.0,11293.0,10992.535844490558,11119.388641000412,11010.97288102027,11055.695055918119
2026-05-08 11:00:00,11254.0,11425.0,11101.173681967804,11194.032753331498,11046.09538234225,11080.225748697845
2026-05-08 12:00:00,11218.0,11408.0,11072.465306406824,11123.03249276593,10991.585956011199,11030.116031591167
2026-05-08 13:00:00,11192.0,11398.0,11063.092374119493,11104.308291288658,10960.513708448552,10992.10455367542
2026-05-08 14:00:00,11156.0,11326.0,11027.383486117216,11151.805930473789,10905.311828038139,10958.354387431098
2026-05-08 15:00:00,11113.0,11223.0,10961.135059517535,11031.364076465314,10790.711302152697,10846.135090439668
2026-05-08 16:00:00,11144.0,11254.0,11007.867916858373,11115.868146702926,10824.90547983043,10897.100778747592
2026-05-08 17:00:00,11067.0,11210.0,10927.993355067405,11010.662489214772,10792.99412464811,10862.007056202687
2026-05-08 18:00:00,11098.0,11205.0,10952.153283729345,10985.250444178571,10819.608916919511,10817.56792021681
2026-05-08 19:00:00,10972.0,11188.0,10954.715827612874,10996.319860240528,10769.12415540287,10795.73454865242
2026-05-08 20:00:00,10767.0,11137.0,10880.318950195991,10870.777160191155,10678.295851199424,10712.940383459112
2026-05-08 21:00:00,10838.0,11290.0,10980.747702275388,10964.125109832692,10734.055491361332,10782.30552076531
2026-05-08 22:00:00,11132.0,11386.0,11018.453725922769,11106.562411598428,10865.208631521957,10950.5006371241
2026-05-08 23:00:00,10824.0,11082.0,10667.783228939013,10785.714364418738,10668.756663326049,10721.947456051621
2026-05-09 00:00:00,10491.0,10707.0,10323.559174249207,10457.171916980127,10333.568278453391,10433.332696969277
2026-05-09 01:00:00,10104.0,10323.0,9921.014731407395,9982.631074227214,9910.823284805576,9924.660948232766
2026-05-09 02:00:00,9832.0,10026.0,9668.796835891912,9724.01340600401,9621.576781256965,9626.4506944993
2026-05-09 03:00:00,9666.0,9895.0,9555.818677060912,9623.681487826221,9538.018871662094,9557.282867955564
2026-05-09 04:00:00,9538.0,9812.0,9485.28921552075,9542.042293557575,9432.41865100001,9455.290294384256
2026-05-09 05:00:00,9427.0,9641.0,9403.406749072068,9376.301626639313,9277.280784535533,9318.680523590112
2026-05-09 06:00:00,9454.0,9705.0,9536.507441671885,9512.663165114292,9338.65310312632,9364.80052307597
2026-05-09 07:00:00,9758.0,9912.0,9775.88690321947,9793.315077050893,9466.417872930328,9510.668152673872
2026-05-09 08:00:00,9894.0,10201.0,10122.822300121108,10010.033336209644,9799.733176502834,9842.431892291677
2026-05-09 09:00:00,10466.0,10790.0,10693.755519319351,10541.853281660688,10330.521461125221,10451.273384156817
2026-05-09 10:00:00,10862.0,11087.0,10971.604278355673,10930.39129137748,10705.400819988206,10765.120620425094
2026-05-09 11:00:00,10887.0,11235.0,11091.925601061357,11063.544630632105,10819.642698586264,10908.857444062603
2026-05-09 12:00:00,10855.0,11211.0,11077.911920717044,11066.122142649203,10909.247365566986,10901.79189109585
2026-05-09 13:00:00,10826.0,11100.0,11023.272890034948,10984.5664584815,10871.936938426295,10881.070653887455
2026-05-09 14:00:00,10797.0,11044.0,10992.845418475428,10983.373807160095,10849.574305253615,10882.406003876682
2026-05-09 15:00:00,10704.0,10996.0,10937.899411663338,10982.681480548728,10732.739686213832,10766.97112945933
2026-05-09 16:00:00,10712.0,10993.0,10952.0652435265,11008.704641661252,10771.37088113636,10795.358499517984
2026-05-09 17:00:00,10655.0,10968.0,10926.791072944074,10957.311502607354,10764.583482689779,10778.012259643725
2026-05-09 18:00:00,10658.0,10938.0,10953.801796642494,10950.057052799111,10765.011727216628,10786.918413588024
2026-05-09 19:00:00,10779.0,11006.0,10996.238977444928,10916.30118790676,10724.691977840092,10818.641758307658
2026-05-09 20:00:00,10663.0,10981.0,10935.595352809585,10798.453689793638,10665.829120821829,10775.473550326082
2026-05-09 21:00:00,10687.0,11074.0,11022.59877941986,10867.02057840986,10823.599130219205,10934.764223010425
2026-05-09 22:00:00,10888.0,11182.0,11047.60637441608,11043.874047451096,10991.972822191361,11034.979091594143
2026-05-09 23:00:00,10628.0,10864.0,10689.833041882423,10659.033373834749,10644.846063731635,10704.907835831908
2026-05-10 00:00:00,10333.0,10438.0,10310.347016988946,10310.647628607225,10344.368601276696,10348.288651000605
2026-05-10 01:00:00,9897.0,10014.0,9892.23264046094,9930.355145005778,10002.210030899323,9948.19520675893
2026-05-10 02:00:00,9771.0,9752.0,9628.867291770086,9604.158884053539,9734.30271633104,9672.410047012485
2026-05-10 03:00:00,9493.0,9545.0,9465.924234393897,9412.069994734517,9557.516350478156,9515.99917556
2026-05-10 04:00:00,9385.0,9516.0,9405.971908097452,9333.151549484868,9395.944355897122,9350.018220461547
2026-05-10 05:00:00,9323.0,9284.0,9280.677125962471,9216.285665621086,9197.812497574916,9189.794331628525
2026-05-10 06:00:00,9425.0,9354.0,9400.735331416887,9327.54636219456,9257.483725233364,9244.684011240795
2026-05-10 07:00:00,9622.0,9495.0,9628.795483834387,9440.064647931496,9389.34723797944,9412.72933646293
2026-05-10 08:00:00,9835.0,9805.0,9977.515434807408,9754.572691877718,9723.050348501301,9754.991097944581
2026-05-10 09:00:00,10402.0,10324.0,10494.417434967294,10176.548273397219,10187.986855516356,10225.061607464966
2026-05-10 10:00:00,10825.0,10755.0,10840.12900745208,10552.053393854512,10496.896186395,10550.206007904166
2026-05-10 11:00:00,10911.0,10907.0,10943.704093882041,10615.814056500156,10572.45770117488,10598.673376448633
2026-05-10 12:00:00,10861.0,10911.0,10950.974758051048,10645.319982452433,10593.551199499801,10634.29150326463
2026-05-10 13:00:00,10778.0,10902.0,10933.666355259198,10645.559946238893,10626.680326927582,10639.110279571343
2026-05-10 14:00:00,10740.0,10914.0,10930.585648587512,10649.665141177897,10622.815004504015,10644.005793356177
2026-05-10 15:00:00,10753.0,10903.0,10926.44223659591,10620.79908976631,10628.877273119544,10604.449126462743
2026-05-10 16:00:00,10733.0,10889.0,10927.892657851095,10645.010809044972,10610.607401530558,10593.263597726667
2026-05-10 17:00:00,10684.0,10927.0,10922.183722675318,10588.635647155135,10593.001500698481,10572.26442630456
2026-05-10 18:00:00,10735.0,10953.0,10956.482080213216,10723.248121353332,10673.164674059426,10662.88534359476
2026-05-10 19:00:00,10767.0,10980.0,10965.179745706075,10635.299168297544,10599.405039240115,10590.638380878658
2026-05-10 20:00:00,10698.0,10869.0,10858.400894407008,10512.91897049582,10518.021510603723,10500.596342114904
2026-05-10 21:00:00,10771.0,10964.0,10927.26030240088,10606.67178828816,10616.611163318685,10567.053908537331
2026-05-10 22:00:00,10875.0,11073.0,10960.96151374598,10784.13924789582,10817.39091322163,10764.610407904835
2026-05-10 23:00:00,10548.0,10610.0,10541.903893819475,10438.252988011956,10468.206216269597,10425.63038321754
2026-05-11 00:00:00,10258.0,10164.0,10009.69236767498,10330.180567377669,10179.921067243853,10165.96930622272
2026-05-11 01:00:00,9813.0,9778.0,9604.883644562475,9970.087575566167,9883.64088101754,9803.889830697133
2026-05-11 02:00:00,9524.0,9531.0,9363.411920861969,9619.39182313446,9601.825084840366,9536.3647988286
2026-05-11 03:00:00,9349.0,9393.0,9227.470181162258,9427.508533822947,9400.957992909589,9320.218726062127
2026-05-11 04:00:00,9181.0,9295.0,9121.915794015798,9319.669559927332,9327.46688899712,9237.90370068645
2026-05-11 05:00:00,9158.0,9331.0,9139.232358692767,9235.969990767604,9210.526327944084,9144.71174833598
2026-05-11 06:00:00,9226.0,9519.0,9349.49394600945,9359.877490095718,9341.356439189794,9281.411644280965
2026-05-11 07:00:00,9406.0,9933.0,9731.995865281811,9900.419116804125,9681.151849309263,9557.869913232276
2026-05-11 08:00:00,9882.0,10573.0,10249.49514670384,10318.63424447049,10108.041963303289,10049.404315340453
2026-05-11 09:00:00,10441.0,11085.0,10804.032982425966,10828.25518738251,10719.263378545404,10718.616989993154
2026-05-11 10:00:00,10940.0,11356.0,11088.041286873242,11092.613238077729,10924.461142757034,10931.43936491084
2026-05-11 11:00:00,10998.0,11364.0,11111.14031727724,11152.428484589384,10950.63669882815,10929.893310858986
2026-05-11 12:00:00,10982.0,11232.0,10945.218826669981,11080.09653474427,10918.534614917207,10909.8239572277
2026-05-11 13:00:00,11025.0,11186.0,10900.462677750214,11080.041406820164,10915.264379708678,10889.011343701883
2026-05-11 14:00:00,10942.0,11183.0,10878.394097224871,11061.324043773851,10925.045133319061,10916.081791621116
2026-05-11 15:00:00,10897.0,11131.0,10815.322867869814,10967.603636225967,10901.040783365585,10858.394148242294
2026-05-11 16:00:00,10906.0,11359.0,10953.887812979401,10997.338421404951,10953.078051561399,10912.238843853682
2026-05-11 17:00:00,10860.0,11248.0,10844.193712633029,10940.492892565395,10863.057847268507,10844.000397147262
2026-05-11 18:00:00,10925.0,11355.0,10898.691454548116,10978.191004683815,10900.007842514417,10875.218501382446
2026-05-11 19:00:00,10884.0,11276.0,10879.02805620637,11027.028822774448,10858.074301187786,10812.448415044275
2026-05-11 20:00:00,10786.0,11047.0,10713.756928710283,10865.815096335364,10709.499167033826,10673.627103454779
2026-05-11 21:00:00,10908.0,11056.0,10738.279104638497,10862.171688418372,10706.403212043713,10684.753327381211
2026-05-11 22:00:00,10950.0,11145.0,10784.278096214199,11003.956634451244,10827.162477604186,10823.542974995522
2026-05-11 23:00:00,10569.0,10700.0,10386.59184218589,10674.00352913215,10540.461664649685,10522.704615891778
2026-05-12 00:00:00,10106.0,10185.0,10163.845093918053,10065.86868457186,10023.104747605494,10015.023539618594
2026-05-12 01:00:00,9659.0,9818.0,9771.023233110353,9655.948467341295,9560.388213450768,9536.748790428823
2026-05-12 02:00:00,9408.0,9619.0,9558.070050857617,9407.380601678573,9372.215672133212,9357.50392609652
2026-05-12 03:00:00,9313.0,9327.0,9339.93852983045,9179.62006255019,9111.299258236104,9097.270627251899
2026-05-12 04:00:00,9159.0,9154.0,9215.135748083685,9153.716284271233,9053.308614671969,9066.558377149175
2026-05-12 05:00:00,9131.0,9093.0,9176.027067582781,9074.442630197358,9038.243048129076,9045.27537575332
2026-05-12 06:00:00,9443.0,9426.0,9412.705861228893,9326.76658075202,9337.883616610736,9325.072914969265
2026-05-12 07:00:00,9884.0,9709.0,9702.760890177371,9831.91399172808,9729.438157275672,9724.690965345071
2026-05-12 08:00:00,10409.0,10237.0,10115.24148090107,10140.785259684444,10058.207903638327,10058.506932840934
2026-05-12 09:00:00,10993.0,10800.0,10650.783332828056,10802.349720508857,10819.645088485258,10773.916396162796
2026-05-12 10:00:00,11140.0,11074.0,10942.79839875462,11118.48473175571,10997.54551620615,10933.719847178842
2026-05-12 11:00:00,11112.0,10986.0,10945.067403401536,11008.61339821631,10968.584286293333,10909.068255223732
2026-05-12 12:00:00,11125.0,10995.0,10929.556345053106,10954.60460310929,10930.030192407126,10876.931025057169
2026-05-12 13:00:00,11082.0,10908.0,10861.106014571105,10903.235971388158,10911.357131800847,10869.624492194138
2026-05-12 14:00:00,11110.0,10899.0,10864.782004813134,10898.43742259011,10899.660122831929,10861.291908623434
2026-05-12 15:00:00,11010.0,10861.0,10818.72894132784,10885.78266174737,10898.636051870584,10841.7712106496
2026-05-12 16:00:00,11106.0,11007.0,10893.26789416012,10913.695035871262,10884.641756919946,10810.651873569297
2026-05-12 17:00:00,11036.0,10921.0,10824.036946083133,10780.704852848843,10757.838175522802,10702.070173972106
2026-05-12 18:00:00,10984.0,10909.0,10843.655095785736,10827.295348348995,10753.55243635851,10660.052450521836
2026-05-12 19:00:00,10844.0,10802.0,10821.554749636067,10843.347506420941,10746.093973464913,10627.408238386972
2026-05-12 20:00:00,10694.0,10693.0,10702.920594455478,10713.098539268794,10635.42560665225,10583.813263360893
2026-05-12 21:00:00,10736.0,10687.0,10707.315806934497,10769.740404660193,10642.951351019867,10558.117391945398
2026-05-12 22:00:00,10760.0,10942.0,10805.53956836887,10817.438043059403,10721.863311688736,10658.263116194074
2026-05-12 23:00:00,10432.0,10466.0,10384.349686620439,10562.619713873184,10447.933007809259,10350.727173055162
2026-05-13 00:00:00,9951.0,10016.0,10042.435586703585,10144.832648225767,10018.213274186297,10000.450741500983
2026-05-13 01:00:00,9500.0,9553.0,9593.548715243845,9648.28450972844,9553.83309392242,9535.45360319601
2026-05-13 02:00:00,9281.0,9379.0,9386.164912211409,9390.32704037319,9275.465043730068,9261.274373111408
2026-05-13 03:00:00,9109.0,9263.0,9251.468510127284,9265.959611820852,9100.608073547615,9049.424920149608
2026-05-13 04:00:00,8937.0,9227.0,9186.76447123996,9194.277375594273,9071.268904450273,9014.955015959207
2026-05-13 05:00:00,8931.0,9196.0,9160.381047312663,9098.311643246649,9023.67157004263,8977.9620924182
2026-05-13 06:00:00,9170.0,9503.0,9404.857227960367,9263.7840954791,9225.568778955447,9220.709266237085
2026-05-13 07:00:00,9598.0,9887.0,9742.994181885362,9670.399096949735,9581.298537369415,9586.283788738638
2026-05-13 08:00:00,10144.0,10402.0,10188.670236245585,10060.466184878325,10068.90134141329,10074.255670828004
2026-05-13 09:00:00,10775.0,10983.0,10742.375016820422,10608.981923941601,10702.299383208669,10708.71846737701
2026-05-13 10:00:00,10983.0,11167.0,10966.286491384559,11009.26685898805,10950.653208444493,10963.597878855146
2026-05-13 11:00:00,10918.0,11188.0,11005.309550422535,11031.98236991036,10960.391638522942,10981.880484013007
2026-05-13 12:00:00,10859.0,11125.0,10965.405287801432,10950.771741903882,10857.056636217658,10850.765114562788
2026-05-13 13:00:00,10744.0,11097.0,10955.929876655278,11009.037208324124,10894.227545512247,10900.325503248943
2026-05-13 14:00:00,10805.0,11185.0,10996.434481502934,10950.027863472793,10851.939597560655,10855.293686686777
2026-05-13 15:00:00,10762.0,11095.0,10940.10165609617,10916.042318269885,10822.524518149197,10820.837487935696
2026-05-13 16:00:00,10882.0,11219.0,11022.437162594355,10930.931679689158,10858.64286954247,10846.386644720533
2026-05-13 17:00:00,10757.0,11126.0,10953.722846613638,10850.376794340791,10723.443628533525,10727.298767500168
2026-05-13 18:00:00,10713.0,11117.0,10944.108906377936,10886.184045658732,10730.807781013344,10727.819864462923
2026-05-13 19:00:00,10566.0,11080.0,10926.654309133492,10869.657475320644,10697.48669635974,10711.48537230846
2026-05-13 20:00:00,10412.0,10892.0,10777.18471963855,10738.809861121717,10583.495943040702,10607.761612449189
2026-05-13 21:00:00,10441.0,11000.0,10826.036198894806,10853.153224517187,10660.77037219023,10643.790655468014
2026-05-13 22:00:00,10565.0,11209.0,10891.365434110747,10891.511461047467,10726.53172197007,10734.23893880723
2026-05-13 23:00:00,10199.0,10752.0,10475.957392738563,10523.37678854943,10386.097634695701,10376.025038149026
2026-05-14 00:00:00,9751.0,10304.0,9848.679143405525,9997.795879227153,9985.40931564553,9988.550034218835
2026-05-14 01:00:00,9213.0,9884.0,9420.463527430345,9508.391628150175,9517.985661116105,9469.127812830884
2026-05-14 02:00:00,9021.0,9625.0,9167.711248745027,9167.440923413513,9201.827388919583,9229.710844050383
2026-05-14 03:00:00,8885.0,9544.0,9082.770480498395,9064.163976627335,9098.101525625101,9126.911740674406
2026-05-14 04:00:00,8765.0,9487.0,9003.055708496628,8866.916653681044,8938.3659673361,8969.562232576878
2026-05-14 05:00:00,8758.0,9335.0,8930.184757917055,8855.17213145183,8888.965697282672,8950.480307136278
2026-05-14 06:00:00,9003.0,9608.0,9182.495066599009,9191.462664054836,9208.087435265254,9245.607275827584
2026-05-14 07:00:00,9466.0,10022.0,9570.931757894161,9668.658065111256,9598.481428035779,9608.68965563533
2026-05-14 08:00:00,10050.0,10521.0,10055.605834531134,10242.734850097802,10172.652793982674,10277.480001835605
2026-05-14 09:00:00,10594.0,11118.0,10652.684880216875,10791.362538157266,10706.470340430486,10798.568712694292
2026-05-14 10:00:00,10881.0,11332.0,10921.542258299802,11012.275296644108,10967.148904493964,11106.054730845904
2026-05-14 11:00:00,10896.0,11354.0,10944.378520930977,10993.670209705284,11004.747302647445,11062.862468808833
2026-05-14 12:00:00,10812.0,11358.0,10877.414038697094,10978.744443894746,10969.81666760715,11054.262524032592
2026-05-14 13:00:00,10791.0,11230.0,10778.811860136524,10925.755614520289,10937.90706013145,10999.417761614472
2026-05-14 14:00:00,10771.0,11257.0,10760.445997765682,10927.192357766642,10914.66613474892,10994.788531593202
2026-05-14 15:00:00,10707.0,11305.0,10738.260021779792,10836.48669597455,10832.76130260551,10910.515114007485
2026-05-14 16:00:00,10814.0,11436.0,10801.30686606931,10956.996025147055,10928.429086255635,10992.091861098614
2026-05-14 17:00:00,10703.0,11321.0,10717.391949436047,10864.637483628892,10854.55834143643,10886.656175859598
2026-05-14 18:00:00,10678.0,11312.0,10746.09457609325,10831.306830684412,10793.9058143221,10851.8805570418
2026-05-14 19:00:00,10514.0,11191.0,10714.204787895766,10748.442541960163,10699.684129371779,10748.0268184638
2026-05-14 20:00:00,10423.0,11016.0,10578.943339034604,10564.231483821854,10528.784839724814,10590.982282306473
2026-05-14 21:00:00,10439.0,11061.0,10641.859248254517,10626.943811961077,10590.19951433325,10621.518321308537
2026-05-14 22:00:00,10498.0,11269.0,10719.391164747823,10690.619486734351,10693.45665099763,10734.470533929032
2026-05-14 23:00:00,10225.0,10859.0,10334.992373917756,10356.211871387102,10363.168594371671,10395.082701223253
2026-05-15 00:00:00,9776.0,10490.0,10014.608103949764,9834.075028690235,9881.297145133567,9816.261348698712
2026-05-15 01:00:00,9297.0,10052.0,9576.418474020218,9323.887112629736,9409.81363868361,9353.9835212776
2026-05-15 02:00:00,9059.0,9808.0,9339.86591132638,9052.530090545844,9096.253505773204,9059.748916371911
2026-05-15 03:00:00,8979.0,9709.0,9218.87287029792,8846.873724152121,8897.27451988526,8898.333359069831
2026-05-15 04:00:00,8810.0,9551.0,9088.180809954027,8662.565108947229,8737.936950752126,8777.71367938892
2026-05-15 05:00:00,8742.0,9515.0,9068.144877732067,8637.84698875582,8712.304836050105,8750.97876159775
2026-05-15 06:00:00,9203.0,9809.0,9317.257377572672,8990.24298967743,9049.258556263345,9029.236655644623
2026-05-15 07:00:00,9565.0,10154.0,9663.31644290067,9391.136655884358,9537.870644216382,9485.345238864109
2026-05-15 08:00:00,10157.0,10618.0,10122.514908148882,9902.483144612794,10040.053519893247,10010.51407143706
2026-05-15 09:00:00,10675.0,11175.0,10658.321821383064,10464.743335530915,10654.871181114848,10559.316189834328
2026-05-15 10:00:00,10935.0,11408.0,10932.982011245425,10588.28318848814,10892.223656086928,10811.08647094275
2026-05-15 11:00:00,10878.0,11254.0,10883.768846404451,10574.135471436035,10856.243494824157,10799.221524729366
2026-05-15 12:00:00,10900.0,11218.0,10861.747833633166,10532.284415041588,10788.029967414735,10699.460582791733
2026-05-15 13:00:00,10925.0,11192.0,10838.760743581586,10495.882321962708,10747.244310474729,10656.751481225108
2026-05-15 14:00:00,10945.0,11156.0,10847.754810967543,10499.463689218897,10769.388893871937,10648.895645615143
2026-05-15 15:00:00,10932.0,11113.0,10772.452009078666,10478.709376610721,10726.644068292942,10664.350400436484
2026-05-15 16:00:00,11038.0,11144.0,10827.27266178091,10506.070839778073,10771.150475322871,10723.619039966437
2026-05-15 17:00:00,10845.0,11067.0,10789.118861066776,10461.21262503203,10711.480697328241,10616.267531340036
2026-05-15 18:00:00,10831.0,11098.0,10829.80350051453,10391.66052670216,10653.409875110974,10538.431880410017
2026-05-15 19:00:00,10660.0,10972.0,10744.94072123194,10339.499956941025,10581.30515894555,10509.98664154616
2026-05-15 20:00:00,10541.0,10767.0,10585.155305045762,10229.090595830527,10527.79690710264,10464.783479909234
2026-05-15 21:00:00,10554.0,10838.0,10630.376275910283,10247.065489543067,10528.635543036982,10445.137828321698
2026-05-15 22:00:00,10716.0,11132.0,10747.62058392739,10356.268835169441,10615.84660172635,10465.557795309824
2026-05-15 23:00:00,10425.0,10824.0,10429.834807641528,10065.870941776877,10353.757974794686,10212.504915780964
2026-05-16 00:00:00,9945.0,10491.0,9798.706781356863,9756.533032989473,9901.281717516025,9860.320127186587
2026-05-16 01:00:00,9458.0,10104.0,9384.619911470169,9260.27436407025,9390.872339589374,9359.40258674183
2026-05-16 02:00:00,9221.0,9832.0,9123.028895989708,9026.989742496453,9090.482203486717,9063.507203015894
2026-05-16 03:00:00,8975.0,9666.0,8973.776265755609,8794.483827946387,8902.28134806873,8846.732594114636
2026-05-16 04:00:00,8789.0,9538.0,8859.960097715842,8622.085897065263,8755.999720320304,8713.057122377959
2026-05-16 05:00:00,8739.0,9427.0,8796.638670125994,8579.267012254038,8693.976739257345,8633.334024526193
2026-05-16 06:00:00,8889.0,9454.0,8955.505855793337,8613.219765955784,8757.552085578283,8687.60300755556
2026-05-16 07:00:00,9054.0,9758.0,9253.24509401759,8944.626817184193,8968.66997316074,8948.163655179509
2026-05-16 08:00:00,9495.0,9894.0,9552.438090837171,9457.793686255847,9368.46194252389,9414.147997163616
2026-05-16 09:00:00,10120.0,10466.0,10133.613005453502,9958.111339037974,10045.067751395143,10017.155546378099
2026-05-16 10:00:00,10571.0,10862.0,10482.26781927126,10334.776607014506,10438.249532689593,10389.223623980377
2026-05-16 11:00:00,10798.0,10887.0,10546.416299391305,10404.657414686455,10574.56002715314,10488.780532999723
2026-05-16 12:00:00,10824.0,10855.0,10518.22577027159,10385.686210505684,10578.066969712769,10479.432331330321
2026-05-16 13:00:00,10803.0,10826.0,10516.023086553263,10361.122918341167,10597.747555178794,10462.513486317694
2026-05-16 14:00:00,10768.0,10797.0,10477.869703792554,10351.403617774531,10579.11655779794,10455.538200674464
2026-05-16 15:00:00,10747.0,10704.0,10376.297735467164,10272.204602846072,10476.679589814292,10398.553941039323
2026-05-16 16:00:00,10706.0,10712.0,10377.592754549549,10348.005225552655,10520.428684347859,10444.968782970329
2026-05-16 17:00:00,10631.0,10655.0,10294.042594287668,10264.709282742637,10425.908671984625,10310.3794608352
2026-05-16 18:00:00,10603.0,10658.0,10318.808469096766,10275.427625617862,10408.428002886722,10287.021342881637
2026-05-16 19:00:00,10507.0,10779.0,10334.341417621215,10216.512378719899,10380.972817990578,10268.329720008229
2026-05-16 20:00:00,10418.0,10663.0,10225.637020237415,10143.338084571733,10242.460084664615,10153.069983400606
2026-05-16 21:00:00,10435.0,10687.0,10256.608489541353,10142.942976231037,10300.988497304992,10197.186562787047
2026-05-16 22:00:00,10506.0,10888.0,10328.419845117949,10247.381891412197,10395.815907606559,10319.04619182538
2026-05-16 23:00:00,10343.0,10628.0,10038.185075024403,10028.67136487904,10135.675180452787,10028.19558794621
2026-05-17 00:00:00,9941.0,10333.0,9716.267946129878,9618.314159297188,9742.780729969072,9705.280336217824
2026-05-17 01:00:00,9404.0,9897.0,9270.905992704393,9202.823004485537,9262.706113085358,9220.011555362713
2026-05-17 02:00:00,9219.0,9771.0,9082.861151763052,9015.664338008743,9014.48203323025,8992.79103853041
2026-05-17 03:00:00,8990.0,9493.0,8863.571811492347,8757.206251888412,8801.15750403201,8774.22384923022
2026-05-17 04:00:00,8715.0,9385.0,8754.556513161651,8620.017678907281,8617.062335031567,8564.106692701229
2026-05-17 05:00:00,8697.0,9323.0,8703.099032522277,8571.946068442463,8488.70664940329,8442.459061232004
2026-05-17 06:00:00,8739.0,9425.0,8862.807421385849,8787.096221152808,8737.407894748734,8686.859551803302
2026-05-17 07:00:00,8906.0,9622.0,9117.632079401665,8943.1547331875,8895.186890314188,8862.919655320124
2026-05-17 08:00:00,9218.0,9835.0,9441.270953272728,9470.706878525176,9311.895591641782,9280.608520018364
2026-05-17 09:00:00,9814.0,10402.0,9985.873586624091,9875.513319413172,9749.122814569728,9751.857438103043
2026-05-17 10:00:00,10205.0,10825.0,10353.211474209587,10256.564144769614,10192.425321795114,10218.142358614567
2026-05-17 11:00:00,10420.0,10911.0,10423.8027037296,10309.930637439616,10288.190684319281,10273.516188034993
2026-05-17 12:00:00,10419.0,10861.0,10384.108108300949,10325.908834409778,10331.615379763192,10336.84110252278
2026-05-17 13:00:00,10415.0,10778.0,10356.61757899128,10328.21582331152,10361.57433766882,10362.60393968079
2026-05-17 14:00:00,10424.0,10740.0,10340.366464652196,10323.986956425313,10373.587342385614,10347.099837416768
2026-05-17 15:00:00,10370.0,10753.0,10316.845002121203,10321.194591153198,10378.572667539584,10366.916036026543
2026-05-17 16:00:00,10324.0,10733.0,10311.87353030597,10385.285184956203,10401.557133088301,10411.25227536639
2026-05-17 17:00:00,10305.0,10684.0,10232.974704069984,10309.91028341643,10321.132830372375,10331.327163598538
2026-05-17 18:00:00,10352.0,10735.0,10283.161734474394,10368.152319872388,10372.387527448898,10382.521309065294
2026-05-17 19:00:00,10385.0,10767.0,10280.140506231965,10291.569996335866,10273.721684947928,10303.161455730913
2026-05-17 20:00:00,10220.0,10698.0,10186.36779819307,10245.152945472044,10209.406032579036,10226.419824172548
2026-05-17 21:00:00,10332.0,10771.0,10221.194202346767,10252.7090153795,10249.339885451947,10276.733802425499
2026-05-17 22:00:00,10311.0,10875.0,10245.69088234673,10307.508683184216,10313.961267778852,10315.925503480688
2026-05-17 23:00:00,10082.0,10548.0,9905.186864077637,10067.294209684675,9982.743337737631,9988.515360296524
2026-05-18 00:00:00,9597.0,10258.0,9851.997251572902,9609.854398577661,9590.238413281077,9593.774325997387
2026-05-18 01:00:00,9105.0,9813.0,9425.116888131615,9101.23578614951,9035.97836742902,8978.17883865688
2026-05-18 02:00:00,8876.0,9524.0,9167.307115199372,8917.47637900703,8934.654380669715,8837.777354102398
2026-05-18 03:00:00,8727.0,9349.0,9009.561562414792,8727.713440713565,8726.36349597734,8622.101741210126
2026-05-18 04:00:00,8564.0,9181.0,8873.788566989042,8584.813502869603,8542.3748797581,8469.525433863448
2026-05-18 05:00:00,8563.0,9158.0,8848.720973532945,8578.041878597418,8533.050971102788,8468.320368428025
2026-05-18 06:00:00,8825.0,9226.0,8994.45137812358,8808.663874644282,8882.95437582021,8796.465390389561
2026-05-18 07:00:00,9291.0,9406.0,9238.950828507805,9174.722895742218,9283.680779939497,9245.805933330423
2026-05-18 08:00:00,9894.0,9882.0,9697.470798774659,9755.383637189507,9859.256563089799,9848.937528736902
2026-05-18 09:00:00,10449.0,10441.0,10242.790609960752,10509.21894623924,10445.819700740274,10476.658931812606
2026-05-18 10:00:00,10699.0,10940.0,10636.6958663042,10750.595895662334,10717.021146644996,10709.99928581683
2026-05-18 11:00:00,10735.0,10998.0,10718.99725843007,10774.173889481914,10733.450726074361,10740.986196870255
2026-05-18 12:00:00,10631.0,10982.0,10735.704886822054,10668.720820887274,10679.29929447094,10679.778687898492
2026-05-18 13:00:00,10674.0,11025.0,10791.164026162129,10738.73307257495,10714.529720250597,10702.474557927046
2026-05-18 14:00:00,10730.0,10942.0,10771.234790905719,10665.13013102707,10679.347538765222,10668.323236375034
2026-05-18 15:00:00,10696.0,10897.0,10734.321896058016,10639.559389080912,10683.865257659034,10699.550679885459
2026-05-18 16:00:00,10726.0,10906.0,10766.846393888936,10649.472415604412,10682.517427516257,10678.961027272828
2026-05-18 17:00:00,10638.0,10860.0,10705.386267956797,10588.210974884536,10579.350284542987,10562.00061163792
2026-05-18 18:00:00,10563.0,10925.0,10739.283712217595,10611.856593419327,10585.49184257626,10573.233344075277
2026-05-18 19:00:00,10421.0,10884.0,10689.26115019987,10579.947464098555,10536.486857370704,10494.691267979291
2026-05-18 20:00:00,10244.0,10786.0,10563.743729801903,10474.554402351914,10389.943468552457,10352.52162430323
2026-05-18 21:00:00,10323.0,10908.0,10592.79943075171,10488.486625058158,10383.863540408684,10336.833711523195
2026-05-18 22:00:00,10344.0,10950.0,10561.82647317179,10516.096966003512,10434.496934266519,10384.242621545949
2026-05-18 23:00:00,9953.0,10569.0,10196.31432513388,10297.418420667,10117.98742920132,10095.147822525993
2026-05-19 00:00:00,9451.0,10106.0,9692.265916448967,9649.748946354328,9616.636911964908,9563.853054214087
2026-05-19 01:00:00,9017.0,9659.0,9244.05726225827,9139.386390128888,9093.851297338271,9064.684972108857
2026-05-19 02:00:00,8825.0,9408.0,9002.098559212467,9016.247883781723,8959.152502808445,8901.249929905933
2026-05-19 03:00:00,8616.0,9313.0,8878.034100346022,8829.298418796743,8782.78165899461,8761.362635856603
2026-05-19 04:00:00,8429.0,9159.0,8725.809210330402,8666.791280788137,8616.710555183876,8581.551777496183
2026-05-19 05:00:00,8396.0,9131.0,8703.241730320868,8621.688995836626,8568.264571362599,8516.11954238246
2026-05-19 06:00:00,8771.0,9443.0,8935.804356225886,8855.9961299446,8880.709037421851,8839.670977912547
2026-05-19 07:00:00,9221.0,9884.0,9275.605057567689,9396.396022264802,9300.13364990846,9291.765343270235
2026-05-19 08:00:00,9805.0,10409.0,9762.50257437834,9872.042031804458,9835.330298643112,9828.096519717805
2026-05-19 09:00:00,10371.0,10993.0,10356.846369621071,10451.71624168021,10388.187509787189,10368.622724419341
2026-05-19 10:00:00,10639.0,11140.0,10612.253227372525,10806.048355859084,10752.456700751718,10755.02964058792
2026-05-19 11:00:00,10693.0,11112.0,10679.626253314136,10810.705945175863,10801.311425301908,10819.653139456237
2026-05-19 12:00:00,10651.0,11125.0,10692.604648795517,10764.566361233043,10798.505866670383,10808.360925218323
2026-05-19 13:00:00,10585.0,11082.0,10665.130742987223,10753.230521539248,10821.815562330905,10811.654952797278
2026-05-19 14:00:00,10702.0,11110.0,10677.635857751233,10753.456360194275,10826.085202305281,10808.892652504232
2026-05-19 15:00:00,10668.0,11010.0,10601.62429926822,10672.792657880476,10746.266018015664,10731.091364615639
2026-05-19 16:00:00,10797.0,11106.0,10629.161564762973,10744.746930715282,10823.997922136312,10812.496327226265
2026-05-19 17:00:00,10660.0,11036.0,10547.529924813633,10638.880189113132,10662.852620706819,10644.871388085256
2026-05-19 18:00:00,10643.0,10984.0,10552.553714264408,10613.891341513177,10645.699004746559,10630.591250036843
2026-05-19 19:00:00,10406.0,10844.0,10467.91044711806,10533.555661518962,10500.660595850733,10471.306427398953
2026-05-19 20:00:00,10218.0,10694.0,10300.553882065655,10417.907866372256,10299.838798374098,10305.127024419464
2026-05-19 21:00:00,10217.0,10736.0,10315.998886163972,10428.869035336442,10297.664421821795,10301.61778775275
2026-05-19 22:00:00,10302.0,10760.0,10263.46982967866,10470.081708456886,10352.856095041705,10299.986404012523
2026-05-19 23:00:00,9962.0,10432.0,9895.96438243369,10110.804212062423,9962.991854528844,9929.58118191241
2026-05-20 00:00:00,9419.0,9951.0,9376.90185205733,9446.450183479961,9425.307793252228,9391.306138925094
2026-05-20 01:00:00,8861.0,9500.0,8900.084942641932,8938.316398685281,8910.2549163656,8911.574909524357
2026-05-20 02:00:00,8676.0,9281.0,8663.971182503214,8809.890546312667,8741.661182277072,8743.910543230679
2026-05-20 03:00:00,8508.0,9109.0,8478.251081908002,8661.714181541955,8587.954221392962,8624.661890194346
2026-05-20 04:00:00,8365.0,8937.0,8314.890953990805,8499.426998926861,8426.463302645694,8455.382458906799
2026-05-20 05:00:00,8300.0,8931.0,8320.263222287387,8501.239183304058,8444.011498413416,8457.208781402793
2026-05-20 06:00:00,8652.0,9170.0,8589.824584074318,8720.269712535548,8661.63603654093,8664.38570872006
2026-05-20 07:00:00,9116.0,9598.0,8951.276699955783,9134.2043237621,9026.462181541072,9066.561976479536
2026-05-20 08:00:00,9668.0,10144.0,9418.91118341483,9713.714275951275,9670.432253021198,9736.05754275245
2026-05-20 09:00:00,10291.0,10775.0,10035.15167705416,10353.247616766681,10330.335700550191,10362.671486166753
2026-05-20 10:00:00,10553.0,10983.0,10306.497401143932,10487.675688213269,10545.751731638597,10586.536290378235
2026-05-20 11:00:00,10573.0,10918.0,10369.334881888703,10549.815731890612,10580.595610239949,10636.702033536363
2026-05-20 12:00:00,10513.0,10859.0,10360.080511313858,10480.52013119375,10523.111038708646,10559.83832072232
2026-05-20 13:00:00,10542.0,10744.0,10318.359455432357,10469.254922789207,10524.335489316616,10557.099235855481
2026-05-20 14:00:00,10600.0,10805.0,10370.260716005769,10538.050478027482,10574.491139465505,10605.987996493719
2026-05-20 15:00:00,10504.0,10762.0,10329.188003756915,10466.991632396268,10516.515900420158,10545.938313592898
2026-05-20 16:00:00,10660.0,10882.0,10390.983429676211,10545.443776262353,10534.44327858111,10598.420758846656
2026-05-20 17:00:00,10522.0,10757.0,10317.512609317952,10462.406068228873,10445.73270971809,10510.915370719338
2026-05-20 18:00:00,10265.0,10713.0,10320.380274894125,10422.090985957237,10411.022803277636,10468.95943560268
2026-05-20 19:00:00,10169.0,10566.0,10215.196059632846,10312.296947457002,10304.380999315386,10365.457353729806
2026-05-20 20:00:00,10072.0,10412.0,10052.253609465144,10157.512253545865,10117.055886207228,10189.328425021547
2026-05-20 21:00:00,9990.0,10441.0,10077.811826357307,10235.655036596288,10209.071894656048,10276.357284624584
2026-05-20 22:00:00,10094.0,10565.0,10105.044448592704,10269.59160963165,10197.986887293759,10248.533359484129
2026-05-20 23:00:00,9827.0,10199.0,9768.00496065143,9865.387451992943,9899.270726699588,9959.446579154297
2026-05-21 00:00:00,9353.0,9751.0,9423.225066178018,9432.455129277612,9343.303015234664,9385.008439562938
2026-05-21 01:00:00,8838.0,9213.0,8927.25695483329,8944.281164635091,8854.955133111705,8930.700787280823
2026-05-21 02:00:00,8544.0,9021.0,8723.740009901296,8748.542843240739,8640.007590194567,8685.455413803862
2026-05-21 03:00:00,8439.0,8885.0,8582.543895044415,8608.862170140505,8495.223503317526,8529.066584547352
2026-05-21 04:00:00,8288.0,8765.0,8460.362749363912,8425.646490900514,8307.747176384606,8365.93890565147
2026-05-21 05:00:00,8246.0,8758.0,8464.476376784934,8427.57797531822,8305.791051170318,8366.539428393853
2026-05-21 06:00:00,8495.0,9003.0,8666.61724173315,8751.069489496009,8584.848028114575,8651.854923895105
2026-05-21 07:00:00,8991.0,9466.0,9084.214112820644,9156.090370984275,8998.655463838762,9074.058014625693
2026-05-21 08:00:00,9607.0,10050.0,9624.345496604405,9765.250308164952,9599.901618656384,9642.9383033407
2026-05-21 09:00:00,10258.0,10594.0,10211.372780770598,10337.701464055954,10163.822693446335,10176.39822925102
2026-05-21 10:00:00,10394.0,10881.0,10508.815594192269,10602.54844730845,10454.619429000339,10463.768336962552
2026-05-21 11:00:00,10493.0,10896.0,10557.687673154009,10605.686327040832,10533.043692749981,10503.555421027733
2026-05-21 12:00:00,10384.0,10812.0,10545.31535798355,10601.981269129603,10513.438253191072,10548.370377360314
2026-05-21 13:00:00,10403.0,10791.0,10550.578002888902,10549.279664490043,10527.764770843634,10528.32275721459
2026-05-21 14:00:00,10483.0,10771.0,10531.34146359674,10587.154480982193,10573.722591607313,10574.714722758936
2026-05-21 15:00:00,10476.0,10707.0,10462.612462571082,10581.820520220857,10549.563373000065,10595.540316843857
2026-05-21 16:00:00,10524.0,10814.0,10540.723147358247,10683.353758356929,10634.524737620543,10663.943157939368
2026-05-21 17:00:00,10463.0,10703.0,10462.515357845281,10581.592526305945,10525.296608138871,10565.446280881546
2026-05-21 18:00:00,10428.0,10678.0,10466.240929754771,10551.486153108326,10490.136694980938,10514.134126137611
2026-05-21 19:00:00,10220.0,10514.0,10352.3841836701,10376.72804225938,10328.881496303664,10320.069783372897
2026-05-21 20:00:00,10012.0,10423.0,10213.615811365917,10195.722584931173,10163.39959589826,10143.05280374211
2026-05-21 21:00:00,10023.0,10439.0,10199.057301022396,10213.588241714406,10160.159945867783,10179.900976512714
2026-05-21 22:00:00,10175.0,10498.0,10196.951956781379,10309.778184865167,10156.402092270348,10165.467198845496
2026-05-21 23:00:00,9833.0,10225.0,9866.912384699197,9952.625179085635,9902.8982398492,9892.831926342229
2026-05-22 00:00:00,9350.0,9776.0,9271.633408208181,9459.140488960456,9299.783534373391,9315.620918496748
2026-05-22 01:00:00,8977.0,9297.0,8826.73849334515,8938.58193567733,8829.462594396184,8846.001085085529
2026-05-22 02:00:00,8618.0,9059.0,8592.880345010039,8716.820897939413,8625.83136176169,8665.092587580866
2026-05-22 03:00:00,8530.0,8979.0,8502.747203715142,8555.94291793972,8506.310929375877,8492.294215182923
2026-05-22 04:00:00,8382.0,8810.0,8360.025595142946,8443.30462890015,8334.532411574068,8384.15324942246
2026-05-22 05:00:00,8366.0,8742.0,8487.812722986033,8392.048213189917,8344.624251249845,8305.42050154977
2026-05-22 06:00:00,8678.0,9203.0,9102.972293421051,8702.509957075947,8609.261369072367,8632.530147220876
2026-05-22 07:00:00,9087.0,9565.0,9020.27634028487,9159.503644526327,9020.293898720742,9069.890751762096
2026-05-22 08:00:00,9692.0,10157.0,9562.233983162634,9726.29692598192,9607.146888567122,9618.122073798368
2026-05-22 09:00:00,10355.0,10675.0,10075.453832114705,10340.755954682705,10221.046672128512,10222.397844313373
2026-05-22 10:00:00,10607.0,10935.0,10394.172594542817,10574.6111419721,10598.756828747159,10589.428967640159
2026-05-22 11:00:00,10643.0,10878.0,10410.93684948962,10577.039159389506,10592.879750402964,10608.272712575488
2026-05-22 12:00:00,10619.0,10900.0,10449.285377081867,10551.659289080082,10579.842527293798,10602.565287758942
2026-05-22 13:00:00,10609.0,10925.0,10455.545174371484,10557.432541267786,10594.293406569766,10600.083708038972
2026-05-22 14:00:00,10679.0,10945.0,10488.301150601597,10575.519873645584,10625.573121649499,10603.698805764272
2026-05-22 15:00:00,10594.0,10932.0,10459.188007842202,10532.245100639879,10576.361150224084,10530.672691010504
2026-05-22 16:00:00,10721.0,11038.0,10534.978668671518,10603.019165261663,10654.426024125216,10604.80162618434
2026-05-22 17:00:00,10559.0,10845.0,10444.889528762318,10527.88575266929,10599.157950583134,10494.146907945846
2026-05-22 18:00:00,10559.0,10831.0,10398.833784446346,10358.159899442648,10351.968640644209,10322.630207725333
2026-05-22 19:00:00,10382.0,10660.0,10297.211558907233,10192.877668881283,10243.596288647857,10211.960629488682
2026-05-22 20:00:00,10224.0,10541.0,10179.636354132232,10059.768802096733,10069.339574437865,10077.994386156864
2026-05-22 21:00:00,10212.0,10554.0,10197.751017384428,10068.1662209697,10031.645084957607,10030.224906407131
2026-05-22 22:00:00,10280.0,10716.0,10256.148471802684,10111.880765822545,10129.838500150627,10119.414889646994
2026-05-22 23:00:00,10059.0,10425.0,9944.262455628137,9889.299161895737,9902.852235521148,9869.50234493554
2026-05-23 00:00:00,9626.0,9945.0,9393.423699597817,9548.76961655616,9509.813809538302,9489.75054490127
2026-05-23 01:00:00,9190.0,9458.0,8933.236745787995,8993.820418617552,8968.00362152529,8997.38761383532
2026-05-23 02:00:00,8917.0,9221.0,8697.633059189291,8736.391370092226,8718.446392034282,8730.362798089142
2026-05-23 03:00:00,8723.0,8975.0,8552.411595553236,8603.959354602159,8580.347337011677,8590.367299820036
2026-05-23 04:00:00,8560.0,8789.0,8432.3601821257,8508.600982125141,8486.541508069738,8477.073237607468
2026-05-23 05:00:00,8506.0,8739.0,8356.703333880561,8390.222829132334,8372.834363738337,8402.366406555446
2026-05-23 06:00:00,8632.0,8889.0,8586.678195193068,8542.995904146726,8510.754054049512,8528.04074450753
2026-05-23 07:00:00,8899.0,9054.0,8854.506288445977,8738.636806136721,8739.87930254406,8744.617744609659
2026-05-23 08:00:00,9319.0,9495.0,9320.60486653604,9187.947134175225,9198.460170656454,9195.989058361034
2026-05-23 09:00:00,9993.0,10120.0,9921.158323297106,9928.985810775512,9879.878721213752,9862.00119397662
2026-05-23 10:00:00,10380.0,10571.0,10305.750296338578,10153.819520416871,10174.765698494706,10153.87797156308
2026-05-23 11:00:00,10509.0,10798.0,10472.220999074067,10310.23143151755,10393.858694942894,10348.370969175492
2026-05-23 12:00:00,10572.0,10824.0,10448.784697921541,10242.627205305063,10321.521458276457,10250.987618325704
2026-05-23 13:00:00,10468.0,10803.0,10378.825374533142,10245.555512312412,10282.224745939908,10276.412311528078
2026-05-23 14:00:00,10485.0,10768.0,10306.89316704831,10313.28172105494,10339.617470836432,10345.681680242109
2026-05-23 15:00:00,10419.0,10747.0,10244.722752450592,10302.269274939667,10268.203984038762,10284.748395070192
2026-05-23 16:00:00,10339.0,10706.0,10251.40349785116,10323.763046541073,10298.97462486777,10310.626509166037
2026-05-23 17:00:00,10312.0,10631.0,10173.738905608325,10283.802774924256,10204.285828228634,10230.120399988484
2026-05-23 18:00:00,10381.0,10603.0,10170.036474871831,10238.3192032605,10161.002379735415,10192.50613560491
2026-05-23 19:00:00,10288.0,10507.0,10117.392787465556,10099.653187282836,10073.826121160804,10091.55563765025
2026-05-23 20:00:00,10078.0,10418.0,10002.543035564124,9977.626053059157,9905.802607306598,9906.99419448632
2026-05-23 21:00:00,10090.0,10435.0,10022.489301039179,9977.735294396523,9958.569418612104,9917.667727601858
2026-05-23 22:00:00,10114.0,10506.0,10048.552011557289,10085.054460032148,10064.737352876275,10016.743756616495
2026-05-23 23:00:00,9977.0,10343.0,9789.73569765481,9818.40826680873,9841.1404240734,9789.190176413342
2026-05-24 00:00:00,9492.0,9941.0,9533.230010517753,9520.791436305466,9524.228276455126,9489.026988799738
2026-05-24 01:00:00,9113.0,9404.0,9060.021161141673,9067.887423329998,9027.01447221466,9021.824413073176
2026-05-24 02:00:00,8807.0,9219.0,8829.158903683916,8762.695656977361,8700.475309857233,8746.676235123892
2026-05-24 03:00:00,8575.0,8990.0,8650.855276059323,8671.763892965348,8551.714644752032,8609.809597981814
2026-05-24 04:00:00,8362.0,8715.0,8464.944174559721,8492.54629697142,8364.764782409236,8410.855827628107
2026-05-24 05:00:00,8309.0,8697.0,8450.47570284829,8445.553214046315,8305.648681477109,8387.16574526021
2026-05-24 06:00:00,8400.0,8739.0,8580.25226219772,8586.028279884138,8399.511275087154,8424.166195403253
2026-05-24 07:00:00,8620.0,8906.0,8862.854927598444,8744.869539685109,8629.732472157106,8636.029574574492
2026-05-24 08:00:00,8950.0,9218.0,9258.117034716299,9108.676597270667,9010.074628842696,9051.568226426938
2026-05-24 09:00:00,9551.0,9814.0,9895.893995441938,9805.426588189715,9657.052295354752,9634.76629171069
2026-05-24 10:00:00,10058.0,10205.0,10245.157439713988,10142.779350720477,10040.936824691866,10004.954452572742
2026-05-24 11:00:00,10256.0,10420.0,10388.471295288822,10308.714416857201,10217.333481706708,10184.600986149015
2026-05-24 12:00:00,10280.0,10419.0,10347.380364459634,10311.520506977096,10255.808224242883,10275.836810312387
2026-05-24 13:00:00,10268.0,10415.0,10319.514979829322,10289.38204121372,10199.5955362564,10177.2941230475
2026-05-24 14:00:00,10257.0,10424.0,10303.000868186888,10331.511516260309,10215.614531775374,10234.224876526128
2026-05-24 15:00:00,10276.0,10370.0,10248.684054113357,10273.305921925341,10190.518819180219,10196.460979406633
2026-05-24 16:00:00,10240.0,10324.0,10220.542722919634,10269.470081625468,10198.399809704582,10184.710674311647
2026-05-24 17:00:00,10265.0,10305.0,10177.44099302301,10247.294877508715,10147.216903525765,10177.98659790409
2026-05-24 18:00:00,10384.0,10352.0,10234.66553979965,10331.329730015816,10214.39301799693,10229.649374121624
2026-05-24 19:00:00,10376.0,10385.0,10260.389124452373,10296.324057374206,10193.970037193445,10205.191544191804
2026-05-24 20:00:00,10207.0,10220.0,10148.682411843121,10219.296249884439,10177.982793935105,10164.977599253298
2026-05-24 21:00:00,10237.0,10332.0,10205.472759113054,10212.182474870524,10226.92203858333,10202.01529871893
2026-05-24 22:00:00,10135.0,10311.0,10162.65812865164,10258.004712207343,10202.208659908067,10184.28016291977
2026-05-24 23:00:00,9956.0,10082.0,9871.02879377626,10017.798214665712,9984.496954813956,9979.526369462415
2026-05-25 00:00:00,9512.0,9597.0,9568.930281015608,9473.503329696428,9521.22604678138,9495.116851802837
2026-05-25 01:00:00,8992.0,9105.0,9122.571585824953,9073.593645371777,9034.550994083973,9061.25528391358
2026-05-25 02:00:00,8728.0,8876.0,8883.086015345445,8800.86428534399,8761.739498343533,8788.21469370512
2026-05-25 03:00:00,8561.0,8727.0,8733.631298502105,8620.910492379611,8634.040183431283,8624.92272155985
2026-05-25 04:00:00,8330.0,8564.0,8591.852102354185,8421.015148970397,8458.227629665927,8416.716688315466
2026-05-25 05:00:00,8420.0,8563.0,8593.5458951577,8388.716218991969,8430.427554980912,8425.000417164176
2026-05-25 06:00:00,8702.0,8825.0,8831.368956957314,8729.733393874158,8728.682694281037,8729.43685328894
2026-05-25 07:00:00,9170.0,9291.0,9221.081189066084,9168.189184958306,9185.364135128875,9137.984600609341
2026-05-25 08:00:00,9737.0,9894.0,9735.05737976559,9713.260270839683,9705.816019161837,9695.488294071922
2026-05-25 09:00:00,10371.0,10449.0,10314.686003448964,10378.473291456885,10452.957171259099,10443.056416402142
2026-05-25 10:00:00,10690.0,10699.0,10580.5381078632,10750.470224597397,10881.111616288023,10869.840021440334
2026-05-25 11:00:00,10692.0,10735.0,10629.80138492691,10765.804709660862,10900.049292791295,10885.027577428218
2026-05-25 12:00:00,10703.0,10631.0,10587.628375893595,10759.24168996943,10864.490953818662,10843.147629925084
2026-05-25 13:00:00,10655.0,10674.0,10589.872518673032,10755.650699174637,10847.713555021417,10852.40078734228
2026-05-25 14:00:00,10639.0,10730.0,10628.110904154273,10753.736192858116,10880.559903164249,10881.38550522978
2026-05-25 15:00:00,10590.0,10696.0,10598.664550472553,10743.637588031817,10837.403051100537,10829.313795748027
2026-05-25 16:00:00,10763.0,10726.0,10643.354332388768,10726.992959987718,10852.428434911804,10844.018215762484
2026-05-25 17:00:00,10645.0,10638.0,10570.331788638598,10621.902777209089,10694.859272383468,10672.35472989329
2026-05-25 18:00:00,10588.0,10563.0,10574.311195082582,10590.57875273566,10664.755116844572,10639.551603970729
2026-05-25 19:00:00,10401.0,10421.0,10522.687186790288,10521.282712210028,10577.814318433419,10543.455294950525
2026-05-25 20:00:00,10268.0,10244.0,10380.206218626052,10268.650957627007,10350.019556433032,10321.621181263552
2026-05-25 21:00:00,10341.0,10323.0,10417.130542354993,10310.144945284213,10379.918297666556,10319.372020819097
2026-05-25 22:00:00,10332.0,10344.0,10381.619344060518,10327.2737707522,10397.85427031629,10364.469287023407
2026-05-25 23:00:00,10063.0,9953.0,10015.37009990659,10074.387505672186,10070.281792117059,10040.663288679809
2026-05-26 00:00:00,9570.0,9451.0,9613.537125389865,9461.058442337324,9543.774953533539,9529.751522808287
2026-05-26 01:00:00,9070.0,9017.0,9180.883378597644,9060.574097108638,9131.112437930573,9112.455693211934
2026-05-26 02:00:00,8834.0,8825.0,8955.695254498998,8861.991089241741,8926.125355588023,8907.132188611593
2026-05-26 03:00:00,8630.0,8616.0,8771.06651121972,8676.208174553343,8664.311308910927,8692.252948297146
2026-05-26 04:00:00,8440.0,8429.0,8622.953930928677,8521.782251679828,8470.748454230812,8468.235331551628
2026-05-26 05:00:00,8514.0,8396.0,8603.40241817972,8525.413996961151,8499.276271051198,8475.935107674846
2026-05-26 06:00:00,8770.0,8771.0,8890.461136870983,8734.878119496405,8806.653087447541,8817.349014456011
2026-05-26 07:00:00,9241.0,9221.0,9276.263392047784,9173.99452478682,9262.232352751333,9289.20680030779
2026-05-26 08:00:00,9754.0,9805.0,9774.38586533543,9816.933880863104,9798.817254038755,9827.73328961012
2026-05-26 09:00:00,10553.0,10371.0,10379.680558802314,10396.76112335757,10448.603456210325,10467.971266064631
2026-05-26 10:00:00,10796.0,10639.0,10674.292433619337,10689.030386270626,10705.537180439413,10722.225258694689
2026-05-26 11:00:00,10787.0,10693.0,10755.13392273898,10825.227705229496,10876.375002509463,10914.543711861235
2026-05-26 12:00:00,10778.0,10651.0,10754.099555661049,10806.219649635152,10837.520442406721,10863.526196204746
2026-05-26 13:00:00,10687.0,10585.0,10685.090243326911,10738.06511539808,10766.427747677086,10789.984726070737
2026-05-26 14:00:00,10725.0,10702.0,10760.322902972965,10773.70612432551,10825.014203111563,10840.316941866764
2026-05-26 15:00:00,10691.0,10668.0,10710.283359892836,10729.065977256014,10799.670375061669,10788.941001995821
2026-05-26 16:00:00,10767.0,10797.0,10773.167095245217,10762.206979265235,10796.109435239996,10806.008015916197
2026-05-26 17:00:00,10690.0,10660.0,10693.233242276568,10690.495272108396,10731.767614138493,10724.067400676377
2026-05-26 18:00:00,10702.0,10643.0,10748.98594147652,10687.006930367987,10754.181306670971,10745.158756909308
2026-05-26 19:00:00,10502.0,10406.0,10654.882522841299,10597.517185459512,10660.221239337341,10615.741504199194
2026-05-26 20:00:00,10396.0,10218.0,10485.217321750466,10412.131758593683,10432.387456656947,10470.180124939829
2026-05-26 21:00:00,10412.0,10217.0,10494.892117689384,10430.283466026442,10439.184485802305,10516.07583077756
2026-05-26 22:00:00,10500.0,10302.0,10485.902635644718,10391.069902547983,10395.296297211291,10443.985543560857
2026-05-26 23:00:00,10198.0,9962.0,10160.75904684091,10100.830701051518,10150.601557186717,10222.953698964906
2026-05-27 00:00:00,9690.0,9419.0,9608.699020230426,9491.400997105235,9576.10010838715,9673.334427993454
2026-05-27 01:00:00,9233.0,8861.0,9147.80478869813,9035.503348148282,9132.280681624645,9178.146597471357
2026-05-27 02:00:00,8919.0,8676.0,9038.003610186213,8839.10458761777,8930.462870167976,8922.174030439559
2026-05-27 03:00:00,8813.0,8508.0,8741.558863514725,8635.123681940067,8665.461401185989,8700.953962440946
2026-05-27 04:00:00,8642.0,8365.0,8611.865571100296,8525.034563854953,8508.061314229775,8509.006351836679
2026-05-27 05:00:00,8629.0,8300.0,8582.426054120653,8533.125418702846,8495.624973741269,8520.41190446141
2026-05-27 06:00:00,8915.0,8652.0,8878.848185022855,8780.2338554908,8823.06659825852,8845.182595937675
2026-05-27 07:00:00,9347.0,9116.0,9274.546886132575,9182.252119155599,9299.926575272822,9348.308506831374
2026-05-27 08:00:00,9958.0,9668.0,9782.956205316821,9768.5955507919,9862.397996053527,9905.02769881376
2026-05-27 09:00:00,10542.0,10291.0,10356.2721707352,10417.614087406266,10423.674600569659,10485.220113449524
2026-05-27 10:00:00,10819.0,10553.0,10628.243800993452,10654.00400754416,10696.108581170975,10766.00884179349
2026-05-27 11:00:00,11000.0,10573.0,10684.85708712454,10651.480522007843,10676.002215555405,10762.04003428009
2026-05-27 12:00:00,10970.0,10513.0,10664.064838047463,10650.159987843921,10671.023241190042,10832.829593713088
2026-05-27 13:00:00,10997.0,10542.0,10713.492409380393,10653.015431577547,10688.327609076538,10781.796339359005
2026-05-27 14:00:00,11033.0,10600.0,10764.628581898256,10647.988465134073,10741.243208519512,10814.718407449995
2026-05-27 15:00:00,10916.0,10504.0,10741.353969665322,10596.820393254911,10694.832437235176,10709.494051531494
2026-05-27 16:00:00,11030.0,10660.0,10824.502488094591,10744.021802283976,10930.983409708317,10963.027135953944
2026-05-27 17:00:00,11024.0,10522.0,10765.965439744181,10642.709222949698,10726.59070556451,10755.920314122084
2026-05-27 18:00:00,10943.0,10265.0,10680.035452417054,10541.202212138678,10664.685965281304,10660.337287471684
2026-05-27 19:00:00,10845.0,10169.0,10638.751955321777,10427.552214774652,10585.748925663467,10569.877982222568
2026-05-27 20:00:00,10757.0,10072.0,10517.250349256543,10310.940059420773,10481.361346753942,10449.068711413676
2026-05-27 21:00:00,10786.0,9990.0,10476.180100834472,10329.75016913516,10488.89821500983,10495.762968037248
2026-05-27 22:00:00,10784.0,10094.0,10464.03596199037,10370.599536499461,10469.088595107412,10445.828812548458
2026-05-27 23:00:00,10515.0,9827.0,10174.639163410071,10059.51181519711,10265.91185272781,10195.81108111404
2026-05-28 00:00:00,9984.0,9353.0,9775.459881793857,9532.249410246292,9701.286428757976,9737.929811047185
2026-05-28 01:00:00,9489.0,8838.0,9280.997423076522,9035.23756558523,9203.53553655029,9240.440326519649
2026-05-28 02:00:00,9243.0,8544.0,9016.262859731483,8832.249602740727,8886.000832355734,8925.635896039232
2026-05-28 03:00:00,9045.0,8439.0,8913.937495287697,8685.337713703551,8756.33975688363,8760.75612845914
2026-05-28 04:00:00,8839.0,8288.0,8774.185929928643,8523.567485241902,8573.776939799283,8550.86920221144
2026-05-28 05:00:00,8850.0,8246.0,8778.643030394484,8566.47658182355,8633.463925774528,8612.014048631378
2026-05-28 06:00:00,9179.0,8495.0,9016.486700919271,8838.595508633058,8925.294064604412,8904.000471247482
2026-05-28 07:00:00,9556.0,8991.0,9468.991166495618,9219.617889864494,9450.903478483264,9430.485201046326
2026-05-28 08:00:00,10192.0,9607.0,10030.257099697097,9706.978118302473,9950.057054153638,9948.561839212369
2026-05-28 09:00:00,10904.0,10258.0,10663.218216517762,10487.630447176449,10641.883898544369,10666.183129754518
2026-05-28 10:00:00,11218.0,10394.0,10906.817919168963,10690.234595486678,10907.710145292416,10929.30874920874
2026-05-28 11:00:00,11355.0,10493.0,11001.159292907343,10730.954760640012,10980.615159749123,10970.44160567296
2026-05-28 12:00:00,11355.0,10384.0,10942.846654780138,10687.5496702925,10940.272902008139,10900.744022942907
2026-05-28 13:00:00,11353.0,10403.0,10976.262641069114,10613.159276098491,10910.477921840487,10836.748192598781
2026-05-28 14:00:00,11401.0,10483.0,11011.524314205748,10690.139333218964,10998.760548124534,10933.299299845055
2026-05-28 15:00:00,11333.0,10476.0,11010.964348875827,10621.388705794556,10961.289029451666,10884.672372856556
2026-05-28 16:00:00,11432.0,10524.0,11078.36918525261,10719.520077201802,11087.199352234431,10972.336724064606
2026-05-28 17:00:00,11315.0,10463.0,11012.404579790924,10623.380794282275,10945.704622319452,10854.748400492805
2026-05-28 18:00:00,11275.0,10428.0,11009.605169287915,10582.88033151491,10906.157131547761,10845.180381309054
2026-05-28 19:00:00,11137.0,10220.0,10862.771816491357,10414.724829946666,10714.926624619131,10680.620416676844
2026-05-28 20:00:00,11063.0,10012.0,10696.985478892859,10276.281610672922,10576.521293741696,10552.820557544595
2026-05-28 21:00:00,11029.0,10023.0,10703.336327430607,10299.05330101239,10595.553684090997,10559.762588498705
2026-05-28 22:00:00,11048.0,10175.0,10720.615028531152,10407.25608567631,10633.290720583042,10599.062100472947
2026-05-28 23:00:00,10744.0,9833.0,10376.362060360294,10124.832840376448,10374.432488495195,10340.009839324357
2026-05-29 00:00:00,10364.0,9350.0,9963.865881205951,9606.116257456895,9832.636755848216,9799.930358201045
2026-05-29 01:00:00,9841.0,8977.0,9547.19277075785,9272.75275140101,9494.474867132822,9469.899707323246
2026-05-29 02:00:00,9471.0,8618.0,9244.568860625825,8999.346120440243,9109.39941582895,9072.0287589961
2026-05-29 03:00:00,9331.0,8530.0,9109.22382120518,8882.136143576448,8968.3798159392,8952.666294068526
2026-05-29 04:00:00,9121.0,8382.0,8988.687099798542,8749.010305077863,8805.384404536753,8752.94140486787
2026-05-29 05:00:00,9184.0,8366.0,9002.931094334454,8723.246926357746,8804.571060911534,8780.860343582628
2026-05-29 06:00:00,9442.0,8678.0,9289.704469579452,9038.653251232721,9141.12731678951,9143.804823830045
2026-05-29 07:00:00,9793.0,9087.0,9694.589160621681,9337.595699546548,9602.726239858152,9557.728333974306
2026-05-29 08:00:00,10365.0,9692.0,10227.242816249345,9852.167238630109,10107.347530827075,10024.902161776115
2026-05-29 09:00:00,11100.0,10355.0,10856.88487271205,10565.297635583953,10757.024436896067,10687.14676278146
2026-05-29 10:00:00,11417.0,10607.0,11144.81781474609,10799.768048817876,11057.83326097161,11021.540103509844
2026-05-29 11:00:00,11454.0,10643.0,11232.764496203028,10897.114738679278,11274.145055365612,11247.007843573976
2026-05-29 12:00:00,11512.0,10619.0,11244.73386594818,10869.002203638687,11228.574774256364,11151.513709102635
2026-05-29 13:00:00,11508.0,10609.0,11248.287573241665,10872.04413908315,11274.733091771543,11125.640034178894
2026-05-29 14:00:00,11485.0,10679.0,11301.34889532751,10920.118552155891,11299.593134096785,11144.53187374478
2026-05-29 15:00:00,11477.0,10594.0,11225.157085168326,10837.11353213418,11220.837384231696,11069.60359188995
2026-05-29 16:00:00,11558.0,10721.0,11286.136809732841,10928.469843981484,11334.36662304214,11190.068855771671
2026-05-29 17:00:00,11397.0,10559.0,11172.189366498736,10884.510541095033,11151.09733991451,11039.96619312093
2026-05-29 18:00:00,11446.0,10559.0,11167.454846492503,10826.070874516428,11151.240599800853,10959.433419544874
2026-05-29 19:00:00,11228.0,10382.0,11028.358514652176,10696.571311170665,10929.004557401706,10808.135335232824
2026-05-29 20:00:00,11044.0,10224.0,10881.27667773439,10621.386529076432,10796.983261943047,10700.397575592733
2026-05-29 21:00:00,11066.0,10212.0,10862.330513468583,10616.046989922528,10822.9918968904,10713.957597876055
2026-05-29 22:00:00,11108.0,10280.0,10858.194946494274,10649.004932114543,10778.900219122366,10693.690863110478
2026-05-29 23:00:00,10894.0,10059.0,10564.690800868884,10384.533757027122,10553.312421075425,10465.559798878012
2026-05-30 00:00:00,10474.0,9626.0,10073.13716268709,9787.967384699356,10018.101319007383,9938.358038652168
2026-05-30 01:00:00,9976.0,9190.0,9632.873523349323,9471.825269642333,9624.068829549893,9578.763480697824
2026-05-30 02:00:00,9657.0,8917.0,9372.370573142323,9260.109431818151,9465.717636187237,9411.728528571035
2026-05-30 03:00:00,9440.0,8723.0,9190.456079342748,9075.227083161786,9194.055874031807,9160.270683214118
2026-05-30 04:00:00,9230.0,8560.0,9043.49889424699,8864.74346933277,8926.308166524897,8908.203185678398
2026-05-30 05:00:00,9072.0,8506.0,9010.062645660557,8819.355400723265,8907.775418388714,8887.167773142304
2026-05-30 06:00:00,9230.0,8632.0,9186.082741002909,8969.493747527333,9062.279376011693,9010.33449903568
2026-05-30 07:00:00,9343.0,8899.0,9486.928098203642,9171.529192113605,9302.970469941762,9238.597307320546
2026-05-30 08:00:00,9746.0,9319.0,9941.199759900515,9413.484739375464,9587.573387739858,9509.805507226847
2026-05-30 09:00:00,10490.0,9993.0,10573.43249884585,10145.226749096062,10273.715354537548,10137.265368498987
2026-05-30 10:00:00,10844.0,10380.0,10938.088081142107,10503.566706224467,10627.035218376459,10461.590218254478
2026-05-30 11:00:00,11052.0,10509.0,11082.946645261243,10692.966510136957,10814.509910882087,10709.508662010785
2026-05-30 12:00:00,11097.0,10572.0,11141.854466836146,10718.76487927665,10852.230108075391,10724.293635171975
2026-05-30 13:00:00,11150.0,10468.0,11099.124150569054,10707.734505073691,10895.455001148992,10741.350768947916
2026-05-30 14:00:00,11198.0,10485.0,11121.620756403234,10725.193687406958,10950.621097107756,10763.539116977743
2026-05-30 15:00:00,11124.0,10419.0,11094.863805068366,10705.126532042983,10975.599712638877,10782.595500616932
2026-05-30 16:00:00,11143.0,10339.0,11051.539955149521,10758.728066469084,11037.89534617073,10868.692455063876
2026-05-30 17:00:00,11121.0,10312.0,10993.229173118398,10701.126840151503,10939.358979233075,10820.919951636482
2026-05-30 18:00:00,11126.0,10381.0,11032.827308239048,10670.295313895236,10906.265340112746,10823.637955456394
2026-05-30 19:00:00,11123.0,10288.0,10967.654369150205,10569.49543528432,10788.034943467444,10650.858205479557
2026-05-30 20:00:00,10911.0,10078.0,10802.761039992649,10469.116236796128,10702.399645403788,10549.52387482383
2026-05-30 21:00:00,10941.0,10090.0,10788.822379832493,10469.904149604878,10697.028122260355,10539.345385721337
2026-05-30 22:00:00,10804.0,10114.0,10744.221410249238,10496.99518517257,10651.5566002424,10539.509578716248
2026-05-30 23:00:00,10584.0,9977.0,10488.697242682701,10325.578297917991,10501.61052653148,10338.942172966888
2026-05-31 00:00:00,10196.0,9492.0,9998.418918144493,9785.544651017615,9910.836425638276,9886.250214835567
2026-05-31 01:00:00,9730.0,9113.0,9569.045561468532,9469.638855099649,9600.90185414458,9567.465021677644
2026-05-31 02:00:00,9465.0,8807.0,9283.918904750279,9259.09846417329,9333.833990336681,9307.63737826181
2026-05-31 03:00:00,9160.0,8575.0,9078.748865606827,9058.58117631762,9039.822131805002,9036.230118886182
2026-05-31 04:00:00,8961.0,8362.0,8904.292943367767,8922.21534192936,8898.048567650798,8858.648444994325
2026-05-31 05:00:00,8939.0,8309.0,8880.016264122602,8894.03841394796,8891.267485752343,8850.180379980207
2026-05-31 06:00:00,9050.0,8400.0,9025.269808657726,8895.92014225781,8901.465111440672,8882.873397455254
2026-05-31 07:00:00,9202.0,8620.0,9282.277413231437,9023.13481625906,8986.8644695764,8979.326491771368
2026-05-31 08:00:00,9483.0,8950.0,9649.549861244672,9315.713659790294,9326.460013664599,9313.855016045312
2026-05-31 09:00:00,10019.0,9551.0,10251.460976684404,9707.953409698333,9786.938170102583,9766.757237537278
2026-05-31 10:00:00,10459.0,10058.0,10641.558931686432,10454.900529350653,10424.25601737377,10420.096040607896
2026-05-31 11:00:00,10645.0,10256.0,10769.141242215414,10596.465460910415,10583.473057277695,10590.969179611327
2026-05-31 12:00:00,10644.0,10280.0,10781.722065846567,10762.048491046675,10715.86998646975,10730.003139491513
2026-05-31 13:00:00,10580.0,10268.0,10742.728752665762,10680.713717155832,10652.885921642815,10676.78460576734
2026-05-31 14:00:00,10617.0,10257.0,10716.447922723712,10692.61274947818,10639.64037744661,10677.611656392837
2026-05-31 15:00:00,10589.0,10276.0,10698.307047224836,10675.346279334053,10634.667754774942,10630.223404721708
2026-05-31 16:00:00,10603.0,10240.0,10670.40917548237,10792.597126656801,10689.156115128993,10670.488523432225
2026-05-31 17:00:00,10546.0,10265.0,10625.040116257069,10568.534369102916,10525.498165030178,10512.06211945986
2026-05-31 18:00:00,10633.0,10384.0,10724.038483780028,10679.937461135198,10610.893644185518,10597.550179363609
2026-05-31 19:00:00,10695.0,10376.0,10717.520498633394,10575.127891864955,10488.928053812608,10482.526590194913
2026-05-31 20:00:00,10547.0,10207.0,10587.494330314743,10458.68412306896,10399.000529257932,10376.862456257435
2026-05-31 21:00:00,10661.0,10237.0,10617.85461820918,10474.903103060242,10443.622543539335,10388.19954899402
2026-05-31 22:00:00,10561.0,10135.0,10520.097536235637,10452.056520317978,10409.451445827375,10383.8041620653
2026-05-31 23:00:00,10422.0,9956.0,10260.371072515081,10289.37153728571,10213.092280609817,10212.096630297889
2026-06-01 00:00:00,9957.0,9512.0,9946.567960836499,9768.868043389262,9748.21137932178,9773.641634964297
2026-06-01 01:00:00,9363.0,8992.0,9448.56085000108,9443.272996953541,9376.858194697928,9436.947629526585
2026-06-01 02:00:00,9089.0,8728.0,9170.663220215609,9159.455903463559,9072.121686925748,9129.426142587165
2026-06-01 03:00:00,8829.0,8561.0,9011.804643435484,8974.619428476968,8908.00208198758,8973.131550300304
2026-06-01 04:00:00,8653.0,8330.0,8835.203239593413,8866.237589152155,8787.559938010652,8859.0327756842
2026-06-01 05:00:00,8688.0,8420.0,8878.73487103101,8858.965469635334,8822.611587664898,8905.849079265598
2026-06-01 06:00:00,9057.0,8702.0,9123.774327831728,9147.031883949247,9070.330043763364,9126.607896422052
2026-06-01 07:00:00,9429.0,9170.0,9517.480062837663,9475.425421516817,9379.605556444778,9460.800214126668
2026-06-01 08:00:00,9967.0,9737.0,10032.810775923292,9840.526054422497,9838.639038335272,9906.087494419571
2026-06-01 09:00:00,10634.0,10371.0,10646.43452253312,10692.314308450996,10652.681165163558,10692.951759022028
2026-06-01 10:00:00,10942.0,10690.0,10948.02202879119,10996.596391603167,10908.809477271341,10919.191923365644
2026-06-01 11:00:00,10993.0,10692.0,10944.879876715157,11100.747441873551,10954.639078893915,10974.199057444315
2026-06-01 12:00:00,10966.0,10703.0,10947.817449376984,11069.376723258823,10900.997811843523,10920.997158233524
2026-06-01 13:00:00,10985.0,10655.0,10918.913445120734,11106.507749635186,10944.880116258315,10975.976458104664
2026-06-01 14:00:00,11002.0,10639.0,10893.601195636293,11113.48240538483,10961.312907361387,10943.759367530993
2026-06-01 15:00:00,10906.0,10590.0,10827.010367422614,11049.949879693751,10874.139997235128,10854.679242467128
2026-06-01 16:00:00,10846.0,10763.0,10930.312305020094,11119.66364180917,10982.093598660203,10926.750774010145
2026-06-01 17:00:00,10902.0,10645.0,10862.657125220672,10962.037200194887,10810.639486991273,10812.10504647716
2026-06-01 18:00:00,10899.0,10588.0,10814.74230992622,10971.638628883382,10825.2205805158,10806.468662105537
2026-06-01 19:00:00,10758.0,10401.0,10719.89148420966,10847.228273334817,10691.416598038975,10670.821771197867
2026-06-01 20:00:00,10649.0,10268.0,10580.666380851402,10678.442784634995,10506.698453337855,10463.437208054056
2026-06-01 21:00:00,10637.0,10341.0,10633.00146514117,10673.759022915377,10507.314683402192,10502.803673689205
2026-06-01 22:00:00,10666.0,10332.0,10583.268449675787,10650.012749713454,10480.663405950358,10433.985623485876
2026-06-01 23:00:00,10462.0,10063.0,10281.092335876787,10381.813967964712,10253.748335486864,10228.313056813724
2026-06-02 00:00:00,9904.0,9570.0,9645.158311041127,9819.55527322359,9737.637173757217,9721.16440427824
2026-06-02 01:00:00,9500.0,9070.0,9180.245123419427,9367.611348589719,9329.26492689892,9322.197223490497
2026-06-02 02:00:00,9235.0,8834.0,8931.932008498967,9145.728783272923,9140.722404697906,9153.654038798397
2026-06-02 03:00:00,8944.0,8630.0,8732.843457891815,8943.290557089938,8884.29180657662,8868.331997806254
2026-06-02 04:00:00,8796.0,8440.0,8562.125090871288,8812.427021060277,8742.21545455711,8751.682437468404
2026-06-02 05:00:00,8782.0,8514.0,8571.60373139728,8808.827410326792,8749.110895224463,8771.574159661339
2026-06-02 06:00:00,9148.0,8770.0,8784.17845314098,9120.593551608881,9021.553589271936,9034.355043452453
2026-06-02 07:00:00,9501.0,9241.0,9125.244671847486,9358.986859020128,9342.257968686567,9351.569656148356
2026-06-02 08:00:00,9996.0,9754.0,9555.663780810504,9751.193036221686,9773.349372631566,9803.999389445875
2026-06-02 09:00:00,10519.0,10553.0,10207.716347432981,10431.594719566625,10405.974837713486,10459.55419580977
2026-06-02 10:00:00,10751.0,10796.0,10496.18779019473,10875.403479512348,10719.292581354332,10780.856292140428
2026-06-02 11:00:00,10881.0,10787.0,10582.355064337806,10878.023535694503,10723.748787746727,10768.04554844762
2026-06-02 12:00:00,10767.0,10778.0,10593.965977850521,10819.938828284667,10677.901060832453,10701.404893495017
2026-06-02 13:00:00,10782.0,10687.0,10563.1826068594,10769.514344828674,10624.490034901777,10664.473783777035
2026-06-02 14:00:00,10787.0,10725.0,10603.600125881012,10805.443546899203,10682.487898772419,10727.772573887305
2026-06-02 15:00:00,10772.0,10691.0,10538.24934318582,10781.033776990149,10648.372829470316,10717.039821056127
2026-06-02 16:00:00,10664.0,10767.0,10580.353572686025,10814.223662530476,10745.166748039037,10785.226062611886
2026-06-02 17:00:00,10684.0,10690.0,10514.289075555309,10723.098562626617,10586.385001635816,10655.493959344942
2026-06-02 18:00:00,10657.0,10702.0,10572.445926040447,10717.326501751944,10549.43217271497,10605.52429034237
2026-06-02 19:00:00,10517.0,10502.0,10441.732490793898,10643.069791090353,10470.813603330667,10521.9563246222
2026-06-02 20:00:00,10369.0,10396.0,10289.380725850364,10479.178864739775,10237.835171381252,10311.493974977948
2026-06-02 21:00:00,10326.0,10412.0,10304.382545508563,10507.020633681583,10280.866667176113,10350.905213558784
2026-06-02 22:00:00,10408.0,10500.0,10297.882359577367,10465.42206530886,10320.823888848423,10313.50788084697
2026-06-02 23:00:00,10126.0,10198.0,9983.412925544773,10236.247022201074,10035.792920359263,10069.653147028941
2026-06-03 00:00:00,9690.0,9690.0,9535.971604990162,9796.292556187971,9603.904811246572,9654.250017377115
2026-06-03 01:00:00,9132.0,9233.0,9074.055437920399,9225.447278477912,9132.208476321117,9170.081444343163
2026-06-03 02:00:00,8948.0,8919.0,8798.238415574928,9001.85923440661,8868.796509382173,8916.885515983415
2026-06-03 03:00:00,8699.0,8813.0,8686.42864917064,8802.597182363505,8700.159189845515,8711.935734105611
2026-06-03 04:00:00,8527.0,8642.0,8560.728679732998,8685.712727557348,8600.883653977879,8607.036261963809
2026-06-03 05:00:00,8539.0,8629.0,8514.047495087727,8698.303781838946,8611.650704278001,8644.097304423318
2026-06-03 06:00:00,8792.0,8915.0,8729.078968705366,8997.436837181815,8806.404833132074,8879.708529943478
2026-06-03 07:00:00,9175.0,9347.0,9076.196742760156,9289.811533167298,9106.388552541932,9183.533415387736
2026-06-03 08:00:00,9769.0,9958.0,9575.501536374193,9771.158670836458,9554.864035144366,9654.370155041379
2026-06-03 09:00:00,10435.0,10542.0,10144.978097681953,10385.379865343402,10206.772326832888,10278.18368830345
2026-06-03 10:00:00,10712.0,10819.0,10426.878867059204,10710.801473586676,10502.887813305348,10591.033198793724
2026-06-03 11:00:00,10723.0,11000.0,10591.184916507478,10760.730748628677,10546.14016451866,10648.135250797017
2026-06-03 12:00:00,10698.0,10970.0,10609.174160919414,10730.131612398258,10504.745309806976,10584.769114455565
2026-06-03 13:00:00,10630.0,10997.0,10609.42917810016,10741.087953635819,10501.932430221852,10552.368362983521
2026-06-03 14:00:00,10717.0,11033.0,10626.422880045631,10763.611399049021,10543.66666513098,10586.74784301459
2026-06-03 15:00:00,10605.0,10916.0,10536.671236764367,10707.828837132378,10422.546208106927,10479.056584034102
2026-06-03 16:00:00,10598.0,11030.0,10612.579811569136,10722.93545706385,10443.386743694076,10518.587545714992
2026-06-03 17:00:00,10622.0,11024.0,10573.637819013355,10683.059325019187,10425.065924835983,10472.786746561404
2026-06-03 18:00:00,10571.0,10943.0,10520.799367792513,10612.452740299786,10362.232861903474,10410.259976433055
2026-06-03 19:00:00,10415.0,10845.0,10454.884102957893,10601.170697934049,10276.533057893896,10333.948989539096
2026-06-03 20:00:00,10182.0,10757.0,10363.484235792363,10412.155914540064,10126.187444854311,10184.68810452251
2026-06-03 21:00:00,10163.0,10786.0,10383.952882253088,10447.0893647625,10172.29088225764,10230.712910683054
2026-06-03 22:00:00,10212.0,10784.0,10323.18533756765,10429.348850902394,10226.347600744322,10257.772610045718
2026-06-03 23:00:00,10041.0,10515.0,10006.270926235704,10198.937392118598,9982.547175179756,10010.746428535944
2026-06-04 00:00:00,9511.0,9984.0,9304.790740837176,9619.562584854342,9443.748271676945,9501.92402088378
2026-06-04 01:00:00,9011.0,9489.0,8832.753378843097,9201.394709530461,9050.593357350805,9115.212040503151
2026-06-04 02:00:00,8784.0,9243.0,8579.968676193505,8939.00950402443,8789.87748732865,8851.448560882918
2026-06-04 03:00:00,8515.0,9045.0,8417.328713017598,8684.125107664113,8517.605681091341,8550.644494742972
2026-06-04 04:00:00,8402.0,8839.0,8265.273947260628,8522.626180672649,8398.54790568526,8410.003306573895
2026-06-04 05:00:00,8397.0,8850.0,8273.330104930326,8552.55108081357,8442.387855619047,8456.630454779652
2026-06-04 06:00:00,8718.0,9179.0,8540.101877826703,8829.188177406739,8708.321824572124,8751.924081846242
2026-06-04 07:00:00,9103.0,9556.0,8885.523200714186,9195.922881480206,9028.28635924079,9093.535154502752
2026-06-04 08:00:00,9649.0,10192.0,9411.293581135482,9753.019547952934,9566.309256074566,9596.561069961605
2026-06-04 09:00:00,10280.0,10904.0,10084.74797263664,10359.961190390652,10211.111671187637,10228.849593805895
2026-06-04 10:00:00,10607.0,11218.0,10397.750572633066,10630.717419655,10405.558864065086,10413.590854804152
2026-06-04 11:00:00,10694.0,11355.0,10531.89038332524,10744.388088987369,10518.588588971197,10495.907249279264
2026-06-04 12:00:00,10636.0,11355.0,10516.2705833852,10678.915335571495,10458.531808129483,10442.870574898228
2026-06-04 13:00:00,10642.0,11353.0,10551.911243833387,10701.376875619335,10465.793088897844,10470.03098562263
2026-06-04 14:00:00,10701.0,11401.0,10611.543480518998,10756.141080856456,10490.227744375383,10490.646906843602
2026-06-04 15:00:00,10616.0,11333.0,10511.21288243225,10712.267392770855,10484.336700119024,10454.110078831678
2026-06-04 16:00:00,10564.0,11432.0,10596.407456057275,10626.134370099862,10440.152842552476,10402.33337395174
2026-06-04 17:00:00,10638.0,11315.0,10543.242819632147,10603.455519878513,10415.78222098046,10351.774219593462
2026-06-04 18:00:00,10628.0,11275.0,10464.25337196384,10584.362664894532,10370.005590989564,10345.073371196377
2026-06-04 19:00:00,10505.0,11137.0,10374.829829725159,10390.957499604468,10193.88585044912,10172.00514606466
2026-06-04 20:00:00,10255.0,11063.0,10254.850787899555,10224.905335924797,10029.940987864678,10018.333798556281
2026-06-04 21:00:00,10198.0,11029.0,10235.526840525774,10194.796019012962,10025.262637491322,10011.772890463322
2026-06-04 22:00:00,10275.0,11048.0,10204.175151218074,10254.70914788063,10105.302631304166,10070.357223641053
2026-06-04 23:00:00,9960.0,10744.0,9869.929359439804,9992.529338650305,9905.71157264897,9843.153469002436
2026-06-05 00:00:00,9499.0,10364.0,9387.39466764316,9502.318433527138,9447.609543230752,9434.896502554357
2026-06-05 01:00:00,9035.0,9841.0,8890.724256525558,9108.86428645355,8998.523000727399,8994.16230741259
2026-06-05 02:00:00,8757.0,9471.0,8560.708497519725,8756.222396859239,8693.654555868752,8686.17988704533
2026-06-05 03:00:00,8480.0,9331.0,8409.54794724282,8575.879047898647,8488.758542821253,8464.437471082923
2026-06-05 04:00:00,8371.0,9121.0,8252.182663503965,8428.971982074763,8326.298820406604,8308.021677849563
2026-06-05 05:00:00,8374.0,9184.0,8268.893868915247,8431.908580496422,8333.235001424326,8328.779325003901
2026-06-05 06:00:00,8681.0,9442.0,8500.942194219886,8674.016679994491,8586.414601432904,8589.75794100398
2026-06-05 07:00:00,9087.0,9793.0,8866.254381491612,9098.752598591618,8977.352010922728,8983.272977869821
2026-06-05 08:00:00,9683.0,10365.0,9402.471482129022,9569.801634468105,9521.247959179098,9508.346874026147
2026-06-05 09:00:00,10340.0,11100.0,10065.41935088105,10251.244600930171,10197.176385972478,10177.279338038648
2026-06-05 10:00:00,10644.0,11417.0,10378.390456464498,10663.82736772241,10548.304478040114,10500.974196886516
2026-06-05 11:00:00,10617.0,11454.0,10464.673070331572,10677.41979397742,10559.957762101767,10507.44409533113
2026-06-05 12:00:00,10699.0,11512.0,10495.925307351894,10692.760720994149,10574.405764479085,10527.702069464223
2026-06-05 13:00:00,10700.0,11508.0,10500.19765273474,10671.648658236169,10559.9197461985,10519.772303631811
2026-06-05 14:00:00,10705.0,11485.0,10490.943561903543,10711.214768609003,10600.666802988018,10573.472814412824
2026-06-05 15:00:00,10661.0,11477.0,10490.74064977475,10596.356884587774,10483.432896619719,10471.299582844214
2026-06-05 16:00:00,10530.0,11558.0,10478.368889477271,10630.285146576045,10542.00914044183,10505.490400834891
2026-06-05 17:00:00,10558.0,11397.0,10367.931729492853,10553.599677563663,10455.839625113405,10440.01548957484
2026-06-05 18:00:00,10561.0,11446.0,10414.30596149944,10490.46169229019,10402.87652879446,10396.212327057729
2026-06-05 19:00:00,10302.0,11228.0,10286.375380988142,10252.299070860332,10168.819063385972,10165.513773297798
2026-06-05 20:00:00,10030.0,11044.0,10119.555562335445,10033.047473123934,9971.67290305111,9977.360475909642
2026-06-05 21:00:00,9997.0,11066.0,10108.072258400885,10024.558178126801,9951.681339304696,9961.056274315182
2026-06-05 22:00:00,9981.0,11108.0,10071.789948409285,10044.585773869907,10012.74018043861,9997.291133552166
2026-06-05 23:00:00,9795.0,10894.0,9785.539697026896,9907.378356151607,9842.38868240069,9854.569266769087
2026-06-06 00:00:00,9457.0,10474.0,9347.921718380092,9501.54973140195,9516.079351220493,9502.873957445789
2026-06-06 01:00:00,8863.0,9976.0,8855.366275474813,9150.298677368904,9132.169867277902,9089.243247626795
2026-06-06 02:00:00,8585.0,9657.0,8558.013128481178,8773.821115177763,8748.856056283435,8713.128634837789
2026-06-06 03:00:00,8288.0,9440.0,8363.740098909615,8507.512796415394,8456.863949435696,8435.03510925302
2026-06-06 04:00:00,8230.0,9230.0,8194.895322858387,8343.69660808619,8290.467674223266,8270.348058846306
2026-06-06 05:00:00,8028.0,9072.0,8105.8410549446635,8294.333322749348,8261.917139003792,8236.855986107672
2026-06-06 06:00:00,8237.0,9230.0,8290.742058634794,8433.769949652107,8390.205293041723,8356.38939741205
2026-06-06 07:00:00,8502.0,9343.0,8535.25274597648,8627.043997024317,8627.64512978863,8588.525583502873
2026-06-06 08:00:00,8956.0,9746.0,8985.910005540349,8963.77192254401,8977.20965595397,8958.349978428521
2026-06-06 09:00:00,9615.0,10490.0,9676.407771099775,9750.930089796471,9735.04541498857,9735.711169421953
2026-06-06 10:00:00,10020.0,10844.0,10029.505097047562,10140.419538398366,10108.955879671284,10154.187628705942
2026-06-06 11:00:00,10217.0,11052.0,10185.503475753529,10321.40583343698,10296.998420272028,10344.602442176629
2026-06-06 12:00:00,10234.0,11097.0,10205.918166359674,10319.223368379331,10309.309907088315,10342.483451971952
2026-06-06 13:00:00,10278.0,11150.0,10229.140094268689,10324.426183083502,10296.069522004305,10350.720421288874
2026-06-06 14:00:00,10301.0,11198.0,10267.145349417975,10350.87653111859,10340.934938545368,10404.676802782848
2026-06-06 15:00:00,10211.0,11124.0,10207.441731397632,10225.390009590488,10221.811336363595,10264.196166207117
2026-06-06 16:00:00,10226.0,11143.0,10218.06806294149,10182.656693151519,10198.334038712503,10217.420415478673
2026-06-06 17:00:00,10266.0,11121.0,10173.57714522349,10250.21548183325,10216.493985385241,10228.315548802244
2026-06-06 18:00:00,10212.0,11126.0,10202.700033405617,10215.163808246632,10223.529352885327,10221.263507573642
2026-06-06 19:00:00,10191.0,11123.0,10168.431970075191,10142.79778261621,10112.64134473441,10084.822374161318
2026-06-06 20:00:00,9938.0,10911.0,9967.894390404112,9976.509645833321,9983.034770123542,9965.111403230481
2026-06-06 21:00:00,9964.0,10941.0,9949.192030490782,9941.631501084245,9917.907557011193,9920.36095845396
2026-06-06 22:00:00,9818.0,10804.0,9829.766625354498,10000.48510418423,9963.472469574675,9965.651812773849
2026-06-06 23:00:00,9687.0,10584.0,9550.505569221326,9720.259282019651,9752.001450064006,9732.060340850085
2026-06-07 00:00:00,9306.0,10196.0,9180.2211763298,9307.782618627745,9332.003533527097,9277.588690940358
2026-06-07 01:00:00,8899.0,9730.0,8723.327212857366,8939.051439012153,8932.473012640812,8879.533986443503
2026-06-07 02:00:00,8558.0,9465.0,8418.847121777519,8661.520361353185,8618.07840341596,8626.986634547473
2026-06-07 03:00:00,8339.0,9160.0,8190.346269872792,8356.68358890309,8277.188747412307,8248.809862160144
2026-06-07 04:00:00,8180.0,8961.0,8031.119964599318,8251.365901920497,8157.300779727252,8149.5015827366915
2026-06-07 05:00:00,8071.0,8939.0,8014.050347594972,8170.72591647549,8119.412692055458,8101.677024228383
2026-06-07 06:00:00,8275.0,9050.0,8187.851988599077,8325.786452946963,8256.401119416456,8254.634256301235
2026-06-07 07:00:00,8384.0,9202.0,8436.006267077366,8479.84554166546,8440.474090812577,8444.89960443579
2026-06-07 08:00:00,8708.0,9483.0,8800.048068635679,8846.579633717976,8856.140212793385,8864.871521667277
2026-06-07 09:00:00,9286.0,10019.0,9358.55172255996,9457.791753745149,9415.944783663525,9413.174866176705
2026-06-07 10:00:00,9764.0,10459.0,9765.903337674701,9972.354007814396,9860.885800257494,9857.455099655384
2026-06-07 11:00:00,9994.0,10645.0,9937.534609211025,10076.467527505634,10008.969682792098,10019.117519855568
2026-06-07 12:00:00,10065.0,10644.0,9961.885897223501,10151.66125172922,10086.314395416397,10089.790482122631
2026-06-07 13:00:00,9982.0,10580.0,9941.856148039558,10118.458800635175,10072.500001688457,10064.879325525182
2026-06-07 14:00:00,10110.0,10617.0,9998.305583609173,10162.272177963572,10130.238395556311,10108.293894941533
2026-06-07 15:00:00,10062.0,10589.0,9951.466305992777,10134.44678487767,10134.713991576358,10148.313954643836
2026-06-07 16:00:00,10045.0,10603.0,9954.007119860133,10082.245350552059,10127.9314182667,10114.38559312084
2026-06-07 17:00:00,10037.0,10546.0,9920.870592033682,10092.26160782001,10161.308997450971,10124.641442812626
2026-06-07 18:00:00,10083.0,10633.0,9979.923163010917,10198.3401676312,10234.981137368242,10212.829554271397
2026-06-07 19:00:00,10118.0,10695.0,9984.65419539155,10095.211256304307,10178.019147234558,10162.634535804893
2026-06-07 20:00:00,9926.0,10547.0,9821.611892171362,9856.98276649554,9879.786957124457,9847.339099751991
2026-06-07 21:00:00,9952.0,10661.0,9850.841803356852,9891.149643761339,9873.909687997093,9871.327918545036
2026-06-07 22:00:00,9829.0,10561.0,9737.433552800643,9827.092466008438,9800.78950609842,9830.745322690282
2026-06-07 23:00:00,9599.0,10422.0,9491.549587701833,9574.64488111806,9618.190462502704,9605.400265614455
2026-06-08 00:00:00,9291.0,9957.0,9395.714193595877,9284.787586311715,9225.8770102911,9192.41048842253
2026-06-08 01:00:00,8814.0,9363.0,8854.31457120234,8780.163353239821,8729.740150483944,8670.950479338653
2026-06-08 02:00:00,8505.0,9089.0,8581.079894923123,8528.03877878473,8504.737214237655,8470.735900030013
2026-06-08 03:00:00,8292.0,8829.0,8361.326432478769,8238.009030518706,8212.327114778189,8120.258385421773
2026-06-08 04:00:00,8146.0,8653.0,8211.077358251965,8130.002367902618,8096.103721033783,8023.494793234331
2026-06-08 05:00:00,8139.0,8688.0,8224.84648400007,8077.272636186812,8065.964866347134,7982.217907517641
2026-06-08 06:00:00,8471.0,9057.0,8531.987113247676,8466.977596835122,8441.62785304714,8400.631245428427
2026-06-08 07:00:00,8875.0,9429.0,8925.925150199711,8870.156966486174,8824.28175049788,8797.57609872019
2026-06-08 08:00:00,9487.0,9967.0,9451.39888655715,9515.562113224545,9379.271197022243,9377.335193398545
2026-06-08 09:00:00,10211.0,10634.0,10089.772623000028,10157.143533664874,10102.917639489437,10061.324090869943
2026-06-08 10:00:00,10501.0,10942.0,10435.34123833185,10525.361990851783,10476.818487026703,10431.65586836877
2026-06-08 11:00:00,10605.0,10993.0,10545.034954288683,10692.851535011823,10533.28715186811,10518.570316226087
2026-06-08 12:00:00,10553.0,10966.0,10587.205375385292,10690.885314709923,10563.062697699721,10495.169540849853
2026-06-08 13:00:00,10534.0,10985.0,10608.841790752631,10733.830269633485,10566.821557003836,10525.678760050183
2026-06-08 14:00:00,10556.0,11002.0,10608.003385893755,10747.369737644036,10595.53908136717,10553.865608534643
2026-06-08 15:00:00,10521.0,10906.0,10491.215988376496,10653.302651903303,10556.948981294225,10506.483541129444
2026-06-08 16:00:00,10530.0,10846.0,10482.266680127712,10633.008165768933,10571.36386421904,10493.53321172317
2026-06-08 17:00:00,10593.0,10902.0,10498.274718800869,10621.064816006932,10547.909126723305,10494.562302967941
2026-06-08 18:00:00,10559.0,10899.0,10500.373943968925,10552.922139803664,10511.277885657075,10465.032668781161
2026-06-08 19:00:00,10370.0,10758.0,10394.066069003531,10402.863640166448,10364.058735531855,10326.029649263824
2026-06-08 20:00:00,10133.0,10649.0,10249.636552564669,10132.362030902272,10123.348043190443,10090.649258736432
2026-06-08 21:00:00,10030.0,10637.0,10228.40554483376,10134.356371922142,10125.148522675243,10051.17816773398
2026-06-08 22:00:00,10103.0,10666.0,10165.053110755758,10075.029709629565,10087.126493346674,9996.40068050599
2026-06-08 23:00:00,9746.0,10462.0,9897.256750850793,9817.646115841722,9709.177546501254,9658.391559767517
2026-06-09 00:00:00,9345.0,9904.0,9328.899594564004,9277.119045060537,9277.815283872627,9254.069415764992
2026-06-09 01:00:00,8848.0,9500.0,8883.774342729106,8836.499528797209,8838.927693930407,8796.59595197268
2026-06-09 02:00:00,8501.0,9235.0,8613.967328197494,8519.68413517259,8554.858040239109,8482.957389090185
2026-06-09 03:00:00,8295.0,8944.0,8363.43889243135,8328.484403879274,8336.321987502926,8245.24704098826
2026-06-09 04:00:00,8061.0,8796.0,8247.91156414079,8198.227570630585,8162.850346126326,8105.006323175446
2026-06-09 05:00:00,8079.0,8782.0,8225.710316520119,8175.866441545532,8191.9083576022285,8145.195066969737
2026-06-09 06:00:00,8364.0,9148.0,8511.70776923892,8504.10621819056,8481.457967397877,8465.164033205992
2026-06-09 07:00:00,8863.0,9501.0,8872.521745083712,8869.340743947372,8906.467683292378,8853.936703185243
2026-06-09 08:00:00,9447.0,9996.0,9349.822770012433,9517.500092303035,9565.733414944056,9527.504411925283
2026-06-09 09:00:00,10178.0,10519.0,9928.471989112471,10181.987843124969,10207.209111387985,10204.969387900244
2026-06-09 10:00:00,10418.0,10751.0,10235.066025007243,10452.141625042652,10447.598173973463,10436.811105604473
2026-06-09 11:00:00,10572.0,10881.0,10398.130051511265,10559.990277355239,10559.040446359584,10526.90202794869
2026-06-09 12:00:00,10505.0,10767.0,10392.96606002881,10531.217049788094,10519.604059235517,10498.576250188358
2026-06-09 13:00:00,10485.0,10782.0,10399.606835637476,10501.106959006735,10535.154122053256,10498.527271452127
2026-06-09 14:00:00,10562.0,10787.0,10420.983061136645,10539.194676364032,10581.994121204252,10540.598126877541
2026-06-09 15:00:00,10545.0,10772.0,10359.901116258447,10503.657826705796,10531.075130705765,10536.277247041478
2026-06-09 16:00:00,10540.0,10664.0,10310.589631586283,10508.154537744742,10527.102425026033,10526.106504779078
2026-06-09 17:00:00,10540.0,10684.0,10395.521395594238,10452.639778417013,10468.97144070143,10464.281753359865
2026-06-09 18:00:00,10512.0,10657.0,10457.488322346831,10425.112225452505,10417.192510004788,10438.902579673384
2026-06-09 19:00:00,10318.0,10517.0,10264.175700530111,10385.239761747061,10346.978804073253,10363.659493626017
2026-06-09 20:00:00,10138.0,10369.0,10100.019770807068,10014.494439272095,10104.229124687365,10073.173414121871
2026-06-09 21:00:00,10047.0,10326.0,10071.142853488462,10031.371824304953,10123.248858489782,10051.17796517525
2026-06-09 22:00:00,9932.0,10408.0,10026.887159187645,9989.57056014723,10016.722542581905,9938.464101795456
2026-06-09 23:00:00,9640.0,10126.0,9692.086767628436,9703.815619794555,9729.671880887554,9640.507233229662
2026-06-10 00:00:00,9215.0,9690.0,9260.636342652653,9261.869760589152,9292.159928854051,9262.0051051235
2026-06-10 01:00:00,8790.0,9132.0,8748.764203185783,8788.850311958444,8830.344112570661,8810.515508608953
2026-06-10 02:00:00,8557.0,8948.0,8530.568742106068,8501.154150142687,8549.072180021156,8548.79421014605
2026-06-10 03:00:00,8336.0,8699.0,8348.671931291501,8298.967145718609,8326.829008762745,8286.579035991503
2026-06-10 04:00:00,8104.0,8527.0,8206.799460739161,8185.572142135953,8192.357837332827,8169.467460624627
2026-06-10 05:00:00,8138.0,8539.0,8199.835985894468,8121.399718641786,8157.01609005495,8153.739267887022
2026-06-10 06:00:00,8364.0,8792.0,8448.572139790203,8447.376087002443,8434.389157751844,8432.866489757362
2026-06-10 07:00:00,8802.0,9175.0,8812.073543016686,8858.20239472713,8841.114184587766,8832.53085171347
2026-06-10 08:00:00,9393.0,9769.0,9347.563362859548,9410.518544770897,9403.413661569532,9434.770536864757
2026-06-10 09:00:00,10080.0,10435.0,9955.634211449556,10245.800078859205,10191.66272346402,10214.913430245904
2026-06-10 10:00:00,10322.0,10712.0,10262.797393500963,10541.88460161624,10437.004549942467,10478.646683645817
2026-06-10 11:00:00,10388.0,10723.0,10371.882051882574,10591.806008548863,10461.754163148264,10526.468115996007
2026-06-10 12:00:00,10334.0,10698.0,10426.548931369998,10585.849519783016,10451.3771497964,10481.010078002833
2026-06-10 13:00:00,10300.0,10630.0,10397.277279053244,10572.903166202579,10439.024568631876,10481.783308513839
2026-06-10 14:00:00,10326.0,10717.0,10471.49698256675,10588.294608702105,10457.59195840954,10543.122499882196
2026-06-10 15:00:00,10276.0,10605.0,10406.800144072942,10541.71131505746,10433.816986705331,10495.020203197239
2026-06-10 16:00:00,10319.0,10598.0,10391.143204034566,10564.270023039515,10428.337551763843,10461.679157239096
2026-06-10 17:00:00,10353.0,10622.0,10391.152391940544,10551.917122354229,10402.883646862549,10450.733565525452
2026-06-10 18:00:00,10305.0,10571.0,10383.917574374638,10541.299258121402,10376.293526623185,10430.021995822812
2026-06-10 19:00:00,10091.0,10415.0,10245.182678957091,10417.573932216399,10283.961931228276,10303.592370745162
2026-06-10 20:00:00,9869.0,10182.0,10054.056160301803,10189.302169912477,10092.39177608646,10128.032606225279
2026-06-10 21:00:00,9893.0,10163.0,10014.191663559708,10136.024759179956,10009.90094294754,10054.469047757744
2026-06-10 22:00:00,9918.0,10212.0,9952.57387528804,10094.277439693187,10025.731292861452,10030.770317886672
2026-06-10 23:00:00,9605.0,10041.0,9693.52331459137,9796.819323341091,9776.215895042431,9792.936719751578
2026-06-11 00:00:00,9211.0,9511.0,9129.643261601957,9290.505327944997,9308.583272674867,9337.763694578085
2026-06-11 01:00:00,8821.0,9011.0,8657.151708015022,8794.265706310714,8767.093699611309,8796.726279215076
2026-06-11 02:00:00,8501.0,8784.0,8410.198976130321,8511.710968313044,8505.098714942107,8499.319594161534
2026-06-11 03:00:00,8172.0,8515.0,8205.281813490812,8329.84806532969,8315.393051177978,8297.155001894063
2026-06-11 04:00:00,7996.0,8402.0,8081.181413420243,8133.642396357488,8139.212635944384,8132.89792760551
2026-06-11 05:00:00,8057.0,8397.0,8078.98705457691,8124.55713539954,8155.0913786157635,8144.010353989858
2026-06-11 06:00:00,8363.0,8718.0,8368.141175396508,8455.031534923419,8424.541664393695,8442.402385132644
2026-06-11 07:00:00,8933.0,9103.0,8750.581316380707,8897.634685204028,8890.716064477116,8905.448282909885
2026-06-11 08:00:00,9500.0,9649.0,9261.535817893393,9378.562540452951,9444.110907990793,9403.835340755542
2026-06-11 09:00:00,10147.0,10280.0,9911.283464313023,10289.433388903393,10203.466933704962,10212.22322266555
2026-06-11 10:00:00,10462.0,10607.0,10246.722453787494,10582.406183537847,10451.678567467035,10483.741092763912
2026-06-11 11:00:00,10490.0,10694.0,10391.811642264347,10658.15208485948,10545.98917827072,10564.67121187094
2026-06-11 12:00:00,10455.0,10636.0,10375.830680882693,10597.360332823577,10491.031596761024,10479.598964778499
2026-06-11 13:00:00,10376.0,10642.0,10385.432472840632,10560.121194699479,10440.102050056676,10432.50924042898
2026-06-11 14:00:00,10407.0,10701.0,10419.430635872148,10573.96003633713,10480.566000097162,10487.97906784159
2026-06-11 15:00:00,10336.0,10616.0,10361.385563804062,10518.17711668224,10366.363454500975,10409.492164591693
2026-06-11 16:00:00,10294.0,10564.0,10393.526082484545,10505.08731422627,10398.731880808293,10416.218016430934
2026-06-11 17:00:00,10355.0,10638.0,10399.6412722178,10537.876238571378,10384.067377755739,10425.482713447844
2026-06-11 18:00:00,10351.0,10628.0,10392.931536660884,10513.226616547889,10377.277601598904,10405.368470994914
2026-06-11 19:00:00,10109.0,10505.0,10363.747848385401,10327.13297989036,10266.192417247317,10275.8663563944
2026-06-11 20:00:00,9893.0,10255.0,10068.39823288451,10180.813599585792,10083.33660218266,10137.941488219813
2026-06-11 21:00:00,9879.0,10198.0,10027.301538473866,10098.328277350884,10008.950023120835,10041.436560023916
2026-06-11 22:00:00,9870.0,10275.0,9998.57250306475,10011.44272237042,9908.365529761437,9965.563065923818
2026-06-11 23:00:00,9678.0,9960.0,9646.98907849165,9711.821847347133,9653.392729365343,9686.752760895892
2026-06-12 00:00:00,9410.0,9499.0,8951.831917285363,9290.22285731686,9350.481539343124,9377.72491713665
2026-06-12 01:00:00,8947.0,9035.0,8482.530145512766,8845.987025060747,8857.003842659391,8865.18456672855
2026-06-12 02:00:00,8635.0,8757.0,8187.4971883236085,8551.688782266927,8581.58605805586,8565.918806973283
2026-06-12 03:00:00,8324.0,8480.0,7974.514161397687,8357.578075908179,8338.51984911691,8313.48646829834
2026-06-12 04:00:00,8157.0,8371.0,7840.5368152701585,8120.212886488918,8136.3470715461435,8128.465305787685
2026-06-12 05:00:00,8095.0,8374.0,7853.244190210232,8100.013452401394,8101.856990639864,8113.587034015391
2026-06-12 06:00:00,8242.0,8681.0,8120.151283428009,8261.572360831882,8248.113114123447,8274.014196803199
2026-06-12 07:00:00,8589.0,9087.0,8534.411604177456,8595.826226268542,8593.223594622363,8597.620895762806
2026-06-12 08:00:00,8977.0,9683.0,9101.950113399158,9025.880342905408,9070.195103463515,9090.318108223348
2026-06-12 09:00:00,9621.0,10340.0,9765.44822059563,9860.9095226089,9874.96428287271,9872.45948771638
2026-06-12 10:00:00,10040.0,10644.0,10094.118993165564,10195.915680873657,10224.854115557424,10237.342390328728
2026-06-12 11:00:00,10200.0,10617.0,10108.42917135005,10303.539216552866,10286.206144998121,10303.850162639594
2026-06-12 12:00:00,10251.0,10699.0,10131.70020931292,10302.439496902649,10307.237792383905,10304.575352948237
2026-06-12 13:00:00,10137.0,10700.0,10128.613356744007,10287.686193018133,10287.141881375583,10287.747960204237
2026-06-12 14:00:00,10194.0,10705.0,10138.149655916252,10306.679192801479,10299.463522979097,10295.887098823743
2026-06-12 15:00:00,10094.0,10661.0,10093.934653838409,10275.78275555847,10243.473740549505,10255.719823249225
2026-06-12 16:00:00,10095.0,10530.0,10035.407779239773,10266.138014588108,10223.695049023056,10213.846478121444
2026-06-12 17:00:00,10034.0,10558.0,10024.994661865006,10291.584920444637,10211.769874306832,10199.12767707258
2026-06-12 18:00:00,10086.0,10561.0,10073.319868632987,10276.675774770145,10210.881290372636,10203.965729506077
2026-06-12 19:00:00,10009.0,10302.0,9889.568270613821,10064.78443034922,10037.289729689643,10035.676521306897
2026-06-12 20:00:00,9778.0,10030.0,9676.335409587798,9857.182005817478,9774.430109196546,9770.793662554795
2026-06-12 21:00:00,9754.0,9997.0,9640.692478907416,9860.818700427228,9780.277050790215,9782.00834444547
2026-06-12 22:00:00,9646.0,9981.0,9549.87196957733,9860.594653856255,9797.888721112009,9786.252413731101
2026-06-12 23:00:00,9526.0,9795.0,9280.737672350468,9610.37419511246,9606.95338722185,9604.787399391533
2026-06-13 00:00:00,9261.0,9457.0,9258.440941616136,9211.70037741258,9257.508771158207,9264.550101251054
2026-06-13 01:00:00,8838.0,8863.0,8748.321630901506,8777.12835754642,8775.287855531413,8788.278156296887
2026-06-13 02:00:00,8503.0,8585.0,8481.562713793523,8443.273365389618,8469.360168467278,8474.230312839336
2026-06-13 03:00:00,8264.0,8288.0,8244.547571761783,8200.011864534621,8170.264923496247,8187.1477114125055
2026-06-13 04:00:00,8093.0,8230.0,8191.553547748903,7964.953156431105,8020.051067421995,7998.270517153998
2026-06-13 05:00:00,8021.0,8028.0,8162.251411259915,7989.271158995453,8071.886747379163,8027.685340364672
2026-06-13 06:00:00,8101.0,8237.0,8329.752945755854,8165.845481721649,8199.342380720522,8158.977348540185
2026-06-13 07:00:00,8351.0,8502.0,8665.987716956175,8422.00854613994,8441.03240286663,8387.296580023965
2026-06-13 08:00:00,8733.0,8956.0,9096.741520321551,8828.551828313457,8843.836818218177,8812.916200478867
2026-06-13 09:00:00,9409.0,9615.0,9818.942357286063,9521.987033136009,9461.573868117406,9469.27179422256
2026-06-13 10:00:00,9821.0,10020.0,10128.856978282238,9955.97039849184,9911.80241982199,9911.117570737524
2026-06-13 11:00:00,10033.0,10217.0,10330.968421959453,10134.918090265124,10081.511940703063,10064.998532990354
2026-06-13 12:00:00,10157.0,10234.0,10381.259774917518,10145.044959227442,10148.841038441817,10116.910804834639
2026-06-13 13:00:00,10105.0,10278.0,10540.533878784461,10152.04564211396,10182.637639402597,10138.099564386117
2026-06-13 14:00:00,10146.0,10301.0,10393.826841988193,10177.42929132947,10146.491563852464,10142.512122709742
2026-06-13 15:00:00,10114.0,10211.0,10312.469151365462,10094.722089622674,10080.265321503632,10093.765607508765
2026-06-13 16:00:00,10136.0,10226.0,10322.662550628667,10098.358985529612,10077.926767833684,10152.278233050878
2026-06-13 17:00:00,10077.0,10266.0,10311.775550120321,10134.661087036222,10134.686431459859,10200.90166681848
2026-06-13 18:00:00,10201.0,10212.0,10317.345134114923,10125.559877828931,10106.735933037355,10185.95568472047
2026-06-13 19:00:00,10187.0,10191.0,10382.441498712627,10019.90616511874,10075.553820010928,10046.288173248155
2026-06-13 20:00:00,9977.0,9938.0,10085.990605945202,9782.207532406272,9824.161023647963,9802.862077620326
2026-06-13 21:00:00,9902.0,9964.0,10057.0214913143,9782.241981036266,9798.235074266162,9775.757532954067
2026-06-13 22:00:00,9813.0,9818.0,9899.556980762896,9743.944121796714,9768.186912160785,9743.354768079877
2026-06-13 23:00:00,9608.0,9687.0,9660.592550001013,9469.161084160954,9533.928986477575,9514.886185694679
2026-06-14 00:00:00,9286.0,9306.0,9227.584021413373,9232.404796351117,9218.60552467453,9243.06088580745
2026-06-14 01:00:00,8882.0,8899.0,8777.040416955642,8778.64701743863,8730.331434762262,8781.268775959199
2026-06-14 02:00:00,8538.0,8558.0,8485.180283897622,8473.518926682118,8467.746838706458,8492.636754263549
2026-06-14 03:00:00,8206.0,8339.0,8270.073962110713,8250.197441949736,8222.961925116053,8221.344224799832
2026-06-14 04:00:00,8130.0,8180.0,8118.736141142303,8053.839677228678,8025.776270901439,7991.5783684577145
2026-06-14 05:00:00,8037.0,8071.0,8063.127856629252,7938.038847341323,7970.501952118847,7952.1322856400775
2026-06-14 06:00:00,8086.0,8275.0,8264.676144778778,8089.3407028595975,8089.843790483968,8100.2731643387115
2026-06-14 07:00:00,8265.0,8384.0,8493.497779813424,8299.514159330496,8298.583846505615,8301.873073846004
2026-06-14 08:00:00,8624.0,8708.0,8859.391557412902,8514.52105065843,8539.518336159112,8541.964588935685
2026-06-14 09:00:00,9237.0,9286.0,9398.034910659488,9114.992555269944,9180.087765746752,9189.190316467077
2026-06-14 10:00:00,9666.0,9764.0,9799.049334923906,9697.377034822786,9645.5323785318,9658.52185491972
2026-06-14 11:00:00,9857.0,9994.0,9989.401220355863,9968.784935495303,9888.235490952047,9905.055233334735
2026-06-14 12:00:00,9922.0,10065.0,10052.886153697133,10022.129695022913,9967.872182772413,9958.60384221314
2026-06-14 13:00:00,9951.0,9982.0,10006.507205225505,9929.384639954802,9811.498645655498,9826.096137081238
2026-06-14 14:00:00,9883.0,10110.0,10088.968310263257,10018.090034376017,9928.630956976782,9932.190680505659
2026-06-14 15:00:00,9869.0,10062.0,10042.30185054374,9926.243443816446,9888.911276635617,9887.923951212557
2026-06-14 16:00:00,9764.0,10045.0,10037.699191483392,9936.842966309612,9891.759030882156,9909.269194766171
2026-06-14 17:00:00,9883.0,10037.0,10033.783580279578,9908.34601607704,9843.166988305773,9871.30463182995
2026-06-14 18:00:00,10031.0,10083.0,10094.031446608406,10004.777354633567,9937.381316232268,9955.083999149376
2026-06-14 19:00:00,9999.0,10118.0,10095.08183530255,10007.137464650703,9910.23914727382,9937.107725157864
2026-06-14 20:00:00,9902.0,9926.0,9903.585456847035,9688.56417888425,9661.404561509695,9680.980569977339
2026-06-14 21:00:00,9889.0,9952.0,9919.30519805169,9698.305799169562,9654.519357533964,9696.045300805821
2026-06-14 22:00:00,9728.0,9829.0,9775.36587769356,9579.239769977647,9579.991739845556,9631.652459052768
2026-06-14 23:00:00,9501.0,9599.0,9490.546662401004,9353.1644505286,9405.463082555621,9428.489298262612
2026-06-15 00:00:00,9115.0,9291.0,9305.710719397124,9247.301453858508,9190.741465864166,9184.881182998912
2026-06-15 01:00:00,8660.0,8814.0,8842.182987668844,8726.168665412073,8731.022431048808,8734.578484825382
2026-06-15 02:00:00,8386.0,8505.0,8548.945819633556,8412.509544917843,8419.6573211619,8424.648436165315
2026-06-15 03:00:00,8176.0,8292.0,8342.696970132505,8231.39249952611,8226.960568581819,8179.184514953391
2026-06-15 04:00:00,7941.0,8146.0,8217.012386268296,8085.08297222818,8085.488821177051,8036.127871015433
2026-06-15 05:00:00,7980.0,8139.0,8187.9279648154625,7945.654382443644,7986.039989819135,7933.656738674478
2026-06-15 06:00:00,8321.0,8471.0,8442.953205115635,8272.207421385512,8305.175791468555,8272.547678683388
2026-06-15 07:00:00,8717.0,8875.0,8822.754720760408,8771.829362585222,8712.440121268384,8695.984466115104
2026-06-15 08:00:00,9318.0,9487.0,9367.019049965462,9385.477561227939,9320.41593386888,9355.47707779615
2026-06-15 09:00:00,10098.0,10211.0,10066.610392678454,10070.366873288645,9906.810633749743,9939.253266941332
2026-06-15 10:00:00,10457.0,10501.0,10418.408224214518,10392.898432365513,10254.630853247105,10228.69938622489
2026-06-15 11:00:00,10479.0,10605.0,10499.146724953987,10508.662693711192,10340.876767864675,10368.37136432498
2026-06-15 12:00:00,10460.0,10553.0,10530.869759764666,10552.302867846332,10382.081297484798,10414.480811994645
2026-06-15 13:00:00,10483.0,10534.0,10637.014713673874,10482.5244894801,10418.127697758351,10370.83382785854
2026-06-15 14:00:00,10559.0,10556.0,10551.724744059256,10549.618117882443,10444.26426474278,10500.016039725548
2026-06-15 15:00:00,10413.0,10521.0,10479.229568591698,10434.75245017736,10322.367904167395,10407.949595220067
2026-06-15 16:00:00,10445.0,10530.0,10490.740535207546,10489.136254471083,10381.96874568487,10421.315778455526
2026-06-15 17:00:00,10484.0,10593.0,10512.405014321674,10406.457634316568,10317.60915055729,10331.782731661693
2026-06-15 18:00:00,10479.0,10559.0,10583.388774532028,10494.94755490824,10393.39411444117,10368.619791441988
2026-06-15 19:00:00,10314.0,10370.0,10405.932763423983,10396.28028850595,10252.627685540667,10264.48224999943
2026-06-15 20:00:00,10139.0,10133.0,10188.20914704593,10113.843118837847,10052.035457838861,10067.364280055788
2026-06-15 21:00:00,10036.0,10030.0,10146.303405690682,10031.221223803992,10039.657878802105,9990.534776575252
2026-06-15 22:00:00,10009.0,10103.0,10094.049201299931,10006.463781321318,9985.906873396096,9938.755110846821
2026-06-15 23:00:00,9785.0,9746.0,9741.59849523339,9786.914301353856,9706.326847458278,9671.266530062621
2026-06-16 00:00:00,9324.0,9345.0,9331.985190631814,9268.083003084088,9265.71095398425,9266.690838966208
2026-06-16 01:00:00,8872.0,8848.0,8868.961800904224,8778.476290312115,8809.786147763934,8826.74707533418
2026-06-16 02:00:00,8571.0,8501.0,8557.499994429505,8462.98076529253,8510.433737939104,8517.19951498855
2026-06-16 03:00:00,8243.0,8295.0,8368.450615375863,8210.343326628214,8233.296302219218,8239.620681933216
2026-06-16 04:00:00,8132.0,8061.0,8204.238584567493,8094.512574753615,8135.624368834949,8143.671684518082
2026-06-16 05:00:00,8150.0,8079.0,8213.369635242227,8094.182345195825,8159.064763372681,8174.800845988595
2026-06-16 06:00:00,8406.0,8364.0,8446.646884082713,8303.708624654984,8369.556146038985,8361.001602203529
2026-06-16 07:00:00,8917.0,8863.0,8869.185796984115,8755.439723731277,8745.505695186095,8754.876916017578
2026-06-16 08:00:00,9469.0,9447.0,9368.986408208613,9352.60506248942,9355.501221158302,9369.00461929334
2026-06-16 09:00:00,10115.0,10178.0,10051.123321718316,10064.543128026606,9984.705575247453,10017.203370973699
2026-06-16 10:00:00,10460.0,10418.0,10332.176729680166,10252.689645335919,10215.930176593853,10181.604452023112
2026-06-16 11:00:00,10483.0,10572.0,10532.96726073636,10409.21763075689,10361.5811303778,10319.788959685862
2026-06-16 12:00:00,10410.0,10505.0,10451.426126744247,10432.767840351884,10369.093514937484,10335.898356283093
2026-06-16 13:00:00,10356.0,10485.0,10450.339643593317,10405.29715427479,10345.986841961512,10346.308107824509
2026-06-16 14:00:00,10377.0,10562.0,10517.593604625687,10414.820296562277,10363.454627244568,10335.47643505231
2026-06-16 15:00:00,10287.0,10545.0,10502.506988714955,10358.866254853525,10300.414270603023,10303.380557195378
2026-06-16 16:00:00,10243.0,10540.0,10496.937034136237,10349.181479395176,10270.85913329378,10282.140131945871
2026-06-16 17:00:00,10336.0,10540.0,10480.232407597086,10291.98029599431,10265.768596566637,10246.427115044262
2026-06-16 18:00:00,10365.0,10512.0,10513.309402345401,10374.209574344164,10370.420784510807,10318.264914554615
2026-06-16 19:00:00,10158.0,10318.0,10391.902159929805,10264.271247091727,10301.819517028782,10266.128598263926
2026-06-16 20:00:00,9998.0,10138.0,10229.876004648026,10011.8709559408,10095.358217766487,10068.614740896284
2026-06-16 21:00:00,9932.0,10047.0,10145.726299510952,9975.955609418694,10067.465743673241,10034.542732945045
2026-06-16 22:00:00,9941.0,9932.0,10012.338539051458,9895.544088741659,9940.908496901015,9887.460766126222
2026-06-16 23:00:00,9643.0,9640.0,9705.800249369675,9698.477292910233,9691.951127328593,9696.884159384337
2026-06-17 00:00:00,9260.0,9215.0,9385.249042192665,9149.265902669671,9248.194237223626,9271.963291876513
2026-06-17 01:00:00,8792.0,8790.0,9017.85528594324,8689.689361529121,8793.741809887646,8803.729573470377
2026-06-17 02:00:00,8502.0,8557.0,8714.96331558726,8417.89219788666,8489.601342627755,8525.957368922218
2026-06-17 03:00:00,8282.0,8336.0,8529.492206928144,8227.747865118517,8298.491880002106,8288.411657597695
2026-06-17 04:00:00,8195.0,8104.0,8392.302797304008,7984.991438992821,8102.299122344556,8101.238401371552
2026-06-17 05:00:00,8073.0,8138.0,8370.735771232086,7990.648022201827,8084.411194125621,8094.974167840395
2026-06-17 06:00:00,8404.0,8364.0,8575.084439139113,8363.534047558818,8418.069010003608,8448.086779874187
2026-06-17 07:00:00,8919.0,8802.0,8974.200595041724,8681.319151867221,8789.272348841756,8817.58567777515
2026-06-17 08:00:00,9498.0,9393.0,9514.702048773977,9370.928732457722,9470.904339553283,9500.766624434133
2026-06-17 09:00:00,10135.0,10080.0,10165.177165867506,10057.260149424144,10152.034074007765,10172.800974207343
2026-06-17 10:00:00,10368.0,10322.0,10484.03769378674,10402.864858076042,10485.058475349428,10532.365606549989
2026-06-17 11:00:00,10538.0,10388.0,10596.830930660446,10452.403965562964,10573.096586971527,10633.892062054434
2026-06-17 12:00:00,10559.0,10334.0,10582.807558443175,10419.283374517994,10555.937106885673,10594.036372473463
2026-06-17 13:00:00,10513.0,10300.0,10559.498372007307,10448.8916932886,10525.237155160103,10592.160888564285
2026-06-17 14:00:00,10603.0,10326.0,10575.658929332712,10478.864430184067,10533.525043646921,10581.920528644514
2026-06-17 15:00:00,10558.0,10276.0,10510.160416114413,10404.554451137019,10446.310633996973,10534.199577237565
2026-06-17 16:00:00,10485.0,10319.0,10519.385575803262,10402.671865182674,10470.518728567578,10556.50277528981
2026-06-17 17:00:00,10528.0,10353.0,10556.421498652202,10441.592643534234,10535.227368067093,10590.413322730434
2026-06-17 18:00:00,10527.0,10305.0,10572.752857706186,10424.689092137767,10529.230337001281,10555.886095529728
2026-06-17 19:00:00,10404.0,10091.0,10469.898478948047,10274.11911534058,10389.811561880357,10440.2239527432
2026-06-17 20:00:00,10250.0,9869.0,10286.742481955414,10101.225783208938,10215.362086382167,10267.199981857124
2026-06-17 21:00:00,10215.0,9893.0,10295.100680972582,9979.624833283606,10146.171183385759,10188.315882110672
2026-06-17 22:00:00,10244.0,9918.0,10264.531484866837,9980.996184980448,10114.302172687298,10191.347307032689
2026-06-17 23:00:00,9915.0,9605.0,9905.863222431602,9738.889131122809,9871.121327718713,9966.151307247243
2026-06-18 00:00:00,9531.0,9211.0,9521.299896948884,9344.81257893281,9289.067760826008,9312.694705521259
2026-06-18 01:00:00,8937.0,8821.0,9078.48988728213,8846.374261316172,8835.209485328975,8833.574565340152
2026-06-18 02:00:00,8636.0,8501.0,8780.037922485706,8607.038299624015,8582.585684674035,8573.77008829435
2026-06-18 03:00:00,8464.0,8172.0,8510.767447768863,8335.436800695865,8314.26890583916,8332.771793227048
2026-06-18 04:00:00,8204.0,7996.0,8358.054386462805,8161.94915968939,8133.420152641457,8143.206048453963
2026-06-18 05:00:00,8230.0,8057.0,8395.945942341677,8223.748122390387,8178.114755399053,8161.146972178496
2026-06-18 06:00:00,8575.0,8363.0,8680.8754040526,8471.23505753216,8461.211539423364,8460.871078569235
2026-06-18 07:00:00,8931.0,8933.0,9167.36825783914,8947.264675171178,8919.571403085742,8905.227947427213
2026-06-18 08:00:00,9533.0,9500.0,9709.247488255878,9494.727525994935,9503.074756702425,9469.949333595127
2026-06-18 09:00:00,10196.0,10147.0,10359.551431915093,10160.346557178753,10191.585282342301,10148.005403449633
2026-06-18 10:00:00,10508.0,10462.0,10702.397526144978,10520.149274795287,10504.591900855265,10480.897642148326
2026-06-18 11:00:00,10632.0,10490.0,10773.12276301205,10548.276725464044,10577.9144981391,10524.422565673522
2026-06-18 12:00:00,10565.0,10455.0,10745.54831776596,10484.489527007174,10492.416580207551,10432.231721396354
2026-06-18 13:00:00,10478.0,10376.0,10720.08053965585,10469.215858391364,10490.61879696337,10407.722680763874
2026-06-18 14:00:00,10510.0,10407.0,10770.87008933297,10498.92744287825,10544.892706299393,10422.747078416493
2026-06-18 15:00:00,10517.0,10336.0,10666.195945941161,10416.876529538698,10445.160575584396,10353.497250509166
2026-06-18 16:00:00,10485.0,10294.0,10635.02412823485,10367.155420086092,10396.873532434876,10293.932077320822
2026-06-18 17:00:00,10500.0,10355.0,10659.04825623139,10440.631550169877,10456.599286648996,10322.182929907043
2026-06-18 18:00:00,10367.0,10351.0,10598.239376402671,10439.291189899626,10447.92528662748,10341.327640967529
2026-06-18 19:00:00,10194.0,10109.0,10442.922796068635,10287.028055353736,10308.342572068454,10233.49719056094
2026-06-18 20:00:00,9941.0,9893.0,10270.756060245742,10114.201692842094,10149.89641099366,10059.92841215076
2026-06-18 21:00:00,9917.0,9879.0,10240.959604008352,10017.480513827471,10055.782339963698,9992.445541128125
2026-06-18 22:00:00,9951.0,9870.0,10190.612260549,10040.403987995058,10076.79454915955,9997.524405675993
2026-06-18 23:00:00,9734.0,9678.0,9925.224622018151,9793.556712053363,9818.722900841849,9761.449906891889
2026-06-19 00:00:00,9372.0,9410.0,9526.029225007282,9442.292336456263,9343.480471226698,9357.058919600966
2026-06-19 01:00:00,8806.0,8947.0,9079.584741880917,8937.863197910896,8853.787304331285,8875.334827379875
2026-06-19 02:00:00,8544.0,8635.0,8803.118585241129,8649.545399779834,8551.70554624997,8578.321978234993
2026-06-19 03:00:00,8307.0,8324.0,8536.217924175136,8441.64269986235,8323.576366702735,8340.589372079361
2026-06-19 04:00:00,8192.0,8157.0,8400.7928196032,8350.018057522486,8187.177574542351,8204.490868630335
2026-06-19 05:00:00,8152.0,8095.0,8367.16487560302,8288.52787461672,8163.035623229498,8188.217875625205
2026-06-19 06:00:00,8481.0,8242.0,8557.733057104324,8559.446117928674,8452.06672741829,8464.143948057379
2026-06-19 07:00:00,8955.0,8589.0,8936.426300593997,8952.913101649421,8855.810456195935,8855.701117863018
2026-06-19 08:00:00,9448.0,8977.0,9363.994397764918,9440.430023710418,9252.827584137503,9257.029864319918
2026-06-19 09:00:00,10137.0,9621.0,9967.074235663906,10095.027888697665,9894.211194165096,9919.257310145003
2026-06-19 10:00:00,10444.0,10040.0,10301.715689793067,10474.105339568792,10328.875933525876,10355.383451754316
2026-06-19 11:00:00,10541.0,10200.0,10419.477073327766,10621.187794039102,10421.38081818552,10433.154600617296
2026-06-19 12:00:00,10410.0,10251.0,10447.601188936129,10597.040315993212,10399.753448507385,10413.53469089661
2026-06-19 13:00:00,10419.0,10137.0,10395.277299844547,10564.34067615257,10379.015014882041,10380.045730853108
2026-06-19 14:00:00,10440.0,10194.0,10436.208417701857,10590.541426959153,10366.8325556836,10399.977662622465
2026-06-19 15:00:00,10369.0,10094.0,10349.949364149405,10503.964552079822,10313.137559343031,10307.37120053871
2026-06-19 16:00:00,10284.0,10095.0,10332.137763931849,10470.191414570763,10267.986979258247,10273.01473946274
2026-06-19 17:00:00,10323.0,10034.0,10298.544559754242,10460.364731237547,10266.090776242692,10265.756871199916
2026-06-19 18:00:00,10215.0,10086.0,10330.975732611929,10463.892576307559,10276.390787826453,10286.9399468235
2026-06-19 19:00:00,10013.0,10009.0,10255.508461061205,10349.762728317108,10170.174505827523,10195.669544118608
2026-06-19 20:00:00,9847.0,9778.0,10042.562020607174,10205.653691951691,9973.315873928985,10013.304272347508
2026-06-19 21:00:00,9756.0,9754.0,10023.733753433273,10182.854514808112,9968.2245626067,10002.346035163067
2026-06-19 22:00:00,9808.0,9646.0,9913.123960333842,10103.723290205535,9887.109678503877,9891.695852254556
2026-06-19 23:00:00,9586.0,9526.0,9691.032855714142,9883.237300480176,9686.26649140669,9698.468102961377
2026-06-20 00:00:00,9369.0,9261.0,9053.40040997135,9554.67943455422,9456.361795943021,9462.238220245703
2026-06-20 01:00:00,8940.0,8838.0,8609.886197482385,9001.098006373215,8890.508043328462,8889.343928471495
2026-06-20 02:00:00,8543.0,8503.0,8325.562674765264,8687.186530485396,8592.366969579924,8594.50220623932
2026-06-20 03:00:00,8314.0,8264.0,8105.3382876786,8473.794294515517,8319.384692829288,8343.46591651529
2026-06-20 04:00:00,8151.0,8093.0,7965.735929916161,8281.519269487058,8127.46645271957,8159.468300115077
2026-06-20 05:00:00,8121.0,8021.0,7898.839356221635,8246.210235921548,8115.232999436341,8149.7499751455525
2026-06-20 06:00:00,8262.0,8101.0,8053.832961433993,8404.634876415039,8282.714146616465,8326.617823084614
2026-06-20 07:00:00,8508.0,8351.0,8334.69563496854,8557.385745064526,8469.93721840577,8505.504835457661
2026-06-20 08:00:00,8909.0,8733.0,8747.332645688253,8859.083776547219,8763.585642778733,8806.745148463191
2026-06-20 09:00:00,9544.0,9409.0,9375.808028117202,9545.003840215097,9409.208451235465,9469.465112250875
2026-06-20 10:00:00,9983.0,9821.0,9751.804857634796,9980.315375363634,9825.757574994224,9857.394891307673
2026-06-20 11:00:00,10148.0,10033.0,9944.418268402353,10151.569792481225,10020.640807824626,10050.54502857399
2026-06-20 12:00:00,10207.0,10157.0,10024.321182200341,10217.749549899416,10061.52341664533,10099.962622793022
2026-06-20 13:00:00,10174.0,10105.0,10003.311989424246,10158.87538605721,10034.982323564233,10078.79849420888
2026-06-20 14:00:00,10210.0,10146.0,10040.91256578975,10205.739196745326,10070.401125687918,10095.04537286375
2026-06-20 15:00:00,10160.0,10114.0,9993.563812671518,10151.667505157018,10022.958757470951,10041.931166123966
2026-06-20 16:00:00,10151.0,10136.0,10002.15930366239,10184.62242841821,10056.320927935745,10078.177859974294
2026-06-20 17:00:00,10105.0,10077.0,9963.333560594494,10159.025563697704,10068.159182248168,10077.347913794225
2026-06-20 18:00:00,10083.0,10201.0,10018.270093855217,10191.772013938204,10040.635049564742,10062.987562970724
2026-06-20 19:00:00,10072.0,10187.0,9990.460238732594,10118.512840740148,9980.628670288364,10004.745470790553
2026-06-20 20:00:00,9898.0,9977.0,9798.317280830492,9914.645598143647,9733.53846885325,9755.937955556494
2026-06-20 21:00:00,9882.0,9902.0,9749.564377093711,9865.43596320294,9670.399024095215,9716.034740750378
2026-06-20 22:00:00,9765.0,9813.0,9648.278231755397,9860.723393613205,9679.014059733692,9672.73420287499
2026-06-20 23:00:00,9581.0,9608.0,9372.498098901364,9637.579268319008,9533.52818834747,9562.071554271262
2026-06-21 00:00:00,9350.0,9286.0,9117.033019580102,9399.959689396335,9375.503828552784,9326.248625111873
2026-06-21 01:00:00,8900.0,8882.0,8658.760299688362,8874.473945678626,8846.66645085168,8788.35020348063
2026-06-21 02:00:00,8541.0,8538.0,8341.219487523376,8550.60923220258,8553.329546816049,8512.929242792185
2026-06-21 03:00:00,8161.0,8206.0,8081.138761333252,8352.741524692048,8277.80553545569,8209.453791170576
2026-06-21 04:00:00,8056.0,8130.0,7964.682389396917,8151.398566895101,8023.357793336589,7977.72733183613
2026-06-21 05:00:00,7984.0,8037.0,7908.908490912068,8096.746181378355,7972.869635141921,7944.545524085583
2026-06-21 06:00:00,8071.0,8086.0,8049.767981131414,8213.324747148305,8101.960978390457,8059.523207974243
2026-06-21 07:00:00,8334.0,8265.0,8329.52371481041,8387.609169925863,8334.552112456853,8320.54400439053
2026-06-21 08:00:00,8694.0,8624.0,8784.962994400837,8639.84528851797,8638.111660066668,8611.04034198696
2026-06-21 09:00:00,9306.0,9237.0,9409.126123940723,9326.001378111285,9281.779554452325,9241.175265678045
2026-06-21 10:00:00,9754.0,9666.0,9830.530937390515,9727.677255423745,9715.148164857888,9685.830945234306
2026-06-21 11:00:00,9979.0,9857.0,9952.466495400815,10027.520036348516,9923.594526026864,9877.139083488904
2026-06-21 12:00:00,10086.0,9922.0,10001.207335437697,10060.439581248938,9997.765451377523,9968.65916455504
2026-06-21 13:00:00,10170.0,9951.0,10007.331350027263,10049.973715922453,9988.715939060403,9971.726930825887
2026-06-21 14:00:00,10263.0,9883.0,9976.921872528894,10028.051539152439,9972.631165242356,9965.235548167288
2026-06-21 15:00:00,10214.0,9869.0,9977.053430986345,10023.68580147321,9994.15430691519,9965.218264839637
2026-06-21 16:00:00,10231.0,9764.0,9901.897300574916,9944.36025955246,9915.269235593063,9893.032721201944
2026-06-21 17:00:00,10214.0,9883.0,9961.64203732421,10024.042800003868,10007.116723074769,9964.95352914401
2026-06-21 18:00:00,10255.0,10031.0,9995.200223995691,10112.933646459871,10053.180666580614,10060.132264161863
2026-06-21 19:00:00,10243.0,9999.0,9943.312473667467,10050.540031880137,9964.63511735862,9967.772821542916
2026-06-21 20:00:00,10038.0,9902.0,9782.900665483015,9875.89071414461,9805.79870315725,9793.860868114989
2026-06-21 21:00:00,10012.0,9889.0,9768.249443877066,9822.640739770779,9801.994865604276,9757.40589083282
2026-06-21 22:00:00,9811.0,9728.0,9608.93517971104,9809.642563275363,9742.990191083194,9693.575921488657
2026-06-21 23:00:00,9636.0,9501.0,9316.208232166045,9539.92889185195,9557.124587674403,9460.505426817048
2026-06-22 00:00:00,9224.0,9115.0,9245.018622165773,9245.291719718318,9197.324687225597,9166.43032669727
2026-06-22 01:00:00,8770.0,8660.0,8792.839393002387,8789.114386512822,8754.693449584975,8703.50338945625
2026-06-22 02:00:00,8500.0,8386.0,8469.111007941448,8469.362190992324,8443.629703802464,8407.43714670973
2026-06-22 03:00:00,8183.0,8176.0,8269.77591741363,8292.796130095776,8209.605468268977,8168.219893862262
2026-06-22 04:00:00,8007.0,7941.0,8090.17942831986,8141.895321836513,8042.035164062587,7997.20529833177
2026-06-22 05:00:00,8038.0,7980.0,8111.80424713608,8098.821329686507,8006.1167365582305,7986.7926991777595
2026-06-22 06:00:00,8300.0,8321.0,8378.95772549285,8378.281730994806,8297.679844397417,8277.877519649506
2026-06-22 07:00:00,8772.0,8717.0,8763.957257497339,8848.746028458736,8799.02354260903,8780.953770289514
2026-06-22 08:00:00,9367.0,9318.0,9299.410657948756,9463.881331553237,9400.139768533212,9394.873429028115
2026-06-22 09:00:00,10124.0,10098.0,10020.996864537961,10151.803750972736,10109.69867197486,10079.57304223921
2026-06-22 10:00:00,10479.0,10457.0,10358.89831287488,10499.027311525115,10426.47460271091,10370.452981712862
2026-06-22 11:00:00,10576.0,10479.0,10460.562721977321,10601.060199853864,10526.000129120637,10446.103965578492
2026-06-22 12:00:00,10575.0,10460.0,10442.54490073897,10584.391670586292,10459.906216537252,10406.395937700803
2026-06-22 13:00:00,10554.0,10483.0,10436.138452634163,10582.680119980881,10463.905827291235,10417.681444689802
2026-06-22 14:00:00,10526.0,10559.0,10477.398303074324,10587.154137424239,10473.091394046092,10439.765093841892
2026-06-22 15:00:00,10449.0,10413.0,10360.90404839696,10506.372941487392,10407.07215591522,10349.970131351964
2026-06-22 16:00:00,10469.0,10445.0,10362.745868522237,10493.475854193619,10395.689280899402,10342.070949189198
2026-06-22 17:00:00,10452.0,10484.0,10368.93882046559,10459.39718652688,10367.475477197237,10331.08509198863
2026-06-22 18:00:00,10429.0,10479.0,10366.12433655313,10426.703949322437,10328.825375543172,10295.059587063537
2026-06-22 19:00:00,10216.0,10314.0,10263.881280867228,10262.088638228297,10165.539417094764,10132.491215822722
2026-06-22 20:00:00,9969.0,10139.0,10092.612973196432,10034.126231643075,9979.48660366283,9942.411468265207
2026-06-22 21:00:00,9934.0,10036.0,10022.209164732678,9997.005933130818,9905.115842395113,9850.33111610409
2026-06-22 22:00:00,9896.0,10009.0,9939.713455118897,9962.682687069622,9852.917979135715,9809.249631228646
2026-06-22 23:00:00,9695.0,9785.0,9651.284550225497,9824.788060923345,9675.03561592254,9667.512657702962
2026-06-23 00:00:00,9276.0,9324.0,9335.681804363288,9388.744919195751,9267.310194396878,9233.544765379096
2026-06-23 01:00:00,8805.0,8872.0,8882.98185736965,8893.838744138544,8779.21303226612,8740.992511348846
2026-06-23 02:00:00,8462.0,8571.0,8576.829095547297,8541.20959792491,8492.370355069641,8426.51992373217
2026-06-23 03:00:00,8206.0,8243.0,8294.050109270538,8287.758314965478,8222.251836457584,8113.1496865084855
2026-06-23 04:00:00,8106.0,8132.0,8179.989374747226,8175.398577842838,8097.546612625244,8040.160737154789
2026-06-23 05:00:00,8095.0,8150.0,8191.548123071512,8100.828499605626,8059.069374334273,7992.579924030772
2026-06-23 06:00:00,8308.0,8406.0,8413.091369729073,8371.972340180664,8371.871552699215,8329.821838785498
2026-06-23 07:00:00,8660.0,8917.0,8833.393925436447,8900.86598119424,8797.604797086718,8789.695881516274
2026-06-23 08:00:00,9320.0,9469.0,9333.386482042446,9471.882005488567,9366.041332708495,9356.351961110757
2026-06-23 09:00:00,10115.0,10115.0,9959.43217360211,10126.886955321317,9984.279915104806,9988.869496188237
2026-06-23 10:00:00,10389.0,10460.0,10330.289457408495,10428.602730420676,10272.169224975945,10223.011443341762
2026-06-23 11:00:00,10441.0,10483.0,10441.487749646962,10566.796918835606,10420.25291477951,10394.364556606479
2026-06-23 12:00:00,10388.0,10410.0,10439.82185864836,10512.06249413914,10355.105452870492,10343.183677167506
2026-06-23 13:00:00,10373.0,10356.0,10424.608965743626,10544.375063997426,10354.837211804157,10347.225394574798
2026-06-23 14:00:00,10418.0,10377.0,10455.2068843707,10608.347267276718,10404.31445025256,10386.89198219977
2026-06-23 15:00:00,10320.0,10287.0,10388.59963051998,10503.072627501811,10338.455194912256,10303.530014177457
2026-06-23 16:00:00,10334.0,10243.0,10361.782513819846,10495.94584195501,10340.021324722735,10318.797147912053
2026-06-23 17:00:00,10393.0,10336.0,10382.709509818973,10446.04613519712,10291.544499479818,10253.998185537188
2026-06-23 18:00:00,10357.0,10365.0,10421.37974700516,10503.857771132263,10341.677912603958,10313.688520072466
2026-06-23 19:00:00,10187.0,10158.0,10320.910682184893,10361.631308967815,10224.626255625473,10181.561961727146
2026-06-23 20:00:00,10015.0,9998.0,10165.164958178077,10148.094818899499,10016.301186975974,9969.70281922326
2026-06-23 21:00:00,9879.0,9932.0,10144.390532738738,10105.271244848942,9951.089015461188,9944.947239767407
2026-06-23 22:00:00,9835.0,9941.0,10045.481687694682,9978.412482546533,9806.423150569044,9825.927983495409
2026-06-23 23:00:00,9569.0,9643.0,9729.646614623472,9800.294667975459,9610.614230582845,9624.496382398129
2026-06-24 00:00:00,9242.0,9260.0,9195.463011278187,9338.68853329607,9287.555836534011,9337.524505857114
2026-06-24 01:00:00,8745.0,8792.0,8742.563608221926,8834.7234371503,8750.851769362396,8796.916210157337
2026-06-24 02:00:00,8507.0,8502.0,8482.954198436142,8527.425048630088,8481.008699785312,8529.492359002325
2026-06-24 03:00:00,8194.0,8282.0,8303.0664947261,8276.277459144985,8169.227248204613,8296.191544665848
2026-06-24 04:00:00,8128.0,8195.0,8218.853276966696,8081.323008556075,7992.987802827384,8090.792091393206
2026-06-24 05:00:00,8149.0,8073.0,8157.0702962801315,8156.08293628721,8068.430088289208,8150.17261057623
2026-06-24 06:00:00,8291.0,8404.0,8419.697918384712,8415.8606084616,8335.382221058318,8411.027209570833
2026-06-24 07:00:00,8697.0,8919.0,8847.1969851672,8875.585344955449,8757.257883808068,8803.695292374996
2026-06-24 08:00:00,9283.0,9498.0,9361.66848377457,9458.31762966455,9420.980576999056,9447.913873778303
2026-06-24 09:00:00,9963.0,10135.0,10015.759062661487,10187.881770719909,10058.967272735785,10090.952669255905
2026-06-24 10:00:00,10235.0,10368.0,10347.80424391181,10473.119760806137,10390.737266831156,10436.127105949692
2026-06-24 11:00:00,10389.0,10538.0,10530.87259432196,10539.80926900153,10492.692840003463,10592.903461103242
2026-06-24 12:00:00,10394.0,10559.0,10563.531983814253,10539.082791167815,10505.402838419182,10599.437043351549
2026-06-24 13:00:00,10410.0,10513.0,10562.074679569325,10542.221177349933,10528.677207771885,10607.30788232453
2026-06-24 14:00:00,10501.0,10603.0,10610.132658459306,10520.556389213107,10527.166129069099,10636.935683850099
2026-06-24 15:00:00,10468.0,10558.0,10562.14420987784,10486.37146877191,10483.14229029575,10615.895429146467
2026-06-24 16:00:00,10485.0,10485.0,10543.796159658732,10496.367330460216,10473.351589869766,10602.721646440139
2026-06-24 17:00:00,10598.0,10528.0,10553.371496908425,10476.800504029965,10455.883527324615,10595.506095109355
2026-06-24 18:00:00,10502.0,10527.0,10565.193539732027,10452.821641162742,10413.386712673246,10538.662240157357
2026-06-24 19:00:00,10351.0,10404.0,10469.481115592365,10274.862319767384,10245.763919215202,10329.07893587464
2026-06-24 20:00:00,10129.0,10250.0,10296.47863138541,10068.973806399423,10050.9713403256,10119.52327264341
2026-06-24 21:00:00,10084.0,10215.0,10280.583072493384,10052.118318293418,10038.240391870355,10079.509782530591
2026-06-24 22:00:00,10018.0,10244.0,10230.032662156173,9949.971872953147,9950.75348041657,10011.182036224835
2026-06-24 23:00:00,9751.0,9915.0,9920.936192848387,9795.54746607842,9813.288079220765,9860.922714296274
2026-06-25 00:00:00,9394.0,9531.0,9327.664798081649,9338.636118343773,9265.201847383205,9295.417084800149
2026-06-25 01:00:00,8906.0,8937.0,8826.874187414038,8841.27709942417,8779.050334397238,8796.445924402102
2026-06-25 02:00:00,8609.0,8636.0,8549.48073263625,8487.519669481288,8450.471036718041,8473.523919766256
2026-06-25 03:00:00,8385.0,8464.0,8374.654674034467,8285.597529225357,8198.62506010826,8210.974279022652
2026-06-25 04:00:00,8202.0,8204.0,8192.01619510678,8118.423130528541,8071.05950334767,8080.590156740115
2026-06-25 05:00:00,8177.0,8230.0,8211.348986107312,8149.882799263984,8120.607958962167,8124.898924502458
2026-06-25 06:00:00,8487.0,8575.0,8493.675777811524,8384.673700728394,8355.269077086594,8400.116683054826
2026-06-25 07:00:00,8803.0,8931.0,8868.079393366104,8781.96976578413,8753.077245341385,8773.582991118446
2026-06-25 08:00:00,9380.0,9533.0,9405.116124341394,9376.818453915897,9323.326815497117,9380.618679637546
2026-06-25 09:00:00,10044.0,10196.0,10052.606030141797,10136.469778952898,10058.508299560617,10099.221558224026
2026-06-25 10:00:00,10364.0,10508.0,10359.843445314767,10439.589538741593,10317.168450728748,10343.055856914068
2026-06-25 11:00:00,10435.0,10632.0,10441.786740207952,10522.930384730233,10449.598065795466,10432.052135060963
2026-06-25 12:00:00,10441.0,10565.0,10404.516636562163,10469.232984705126,10354.35719141184,10339.966924128414
2026-06-25 13:00:00,10475.0,10478.0,10394.739668902683,10415.903432287536,10266.218513504857,10272.725178637698
2026-06-25 14:00:00,10494.0,10510.0,10391.323098136914,10464.232272390796,10332.386095653104,10315.689165103413
2026-06-25 15:00:00,10363.0,10517.0,10312.522752444023,10353.275962610387,10217.209219540982,10273.643223336223
2026-06-25 16:00:00,10326.0,10485.0,10299.864405651739,10369.911248696433,10210.50269436315,10248.500134462549
2026-06-25 17:00:00,10389.0,10500.0,10341.05209289933,10391.323243477902,10235.913807629155,10261.978150086261
2026-06-25 18:00:00,10395.0,10367.0,10278.598612408967,10381.060388858283,10219.044837647158,10240.81808573215
2026-06-25 19:00:00,10226.0,10194.0,10148.584641310666,10234.731648962925,10069.055119331066,10093.843240627548
2026-06-25 20:00:00,9991.0,9941.0,9943.802664597388,10044.116374293557,9861.218453841784,9881.674354100118
2026-06-25 21:00:00,9985.0,9917.0,9886.554075787317,9926.463014374483,9758.880289882674,9805.356837898953
2026-06-25 22:00:00,9961.0,9951.0,9844.259234443045,9887.29114697983,9749.98462203757,9782.511983609442
2026-06-25 23:00:00,9730.0,9734.0,9581.31904436312,9665.736419041885,9556.369980634456,9563.055986381052
2026-06-26 00:00:00,9356.0,9372.0,9210.5373832847,9317.437236956708,9266.172063124788,9278.262475849127
2026-06-26 01:00:00,8864.0,8806.0,8720.141881032134,8774.554645097687,8710.955255184555,8746.556568625967
2026-06-26 02:00:00,8604.0,8544.0,8449.41968435031,8465.676828183052,8443.144110521587,8480.290026698221
2026-06-26 03:00:00,8361.0,8307.0,8236.67703365719,8225.997112752877,8154.319603653535,8181.285934436067
2026-06-26 04:00:00,8165.0,8192.0,8122.407325457747,8103.605821524179,8068.858026104957,8090.547750709457
2026-06-26 05:00:00,8147.0,8152.0,8116.481705972414,8165.951059903385,8105.067161297461,8140.783444390415
2026-06-26 06:00:00,8454.0,8481.0,8352.794837301532,8302.330721029124,8267.942067869224,8320.964545898722
2026-06-26 07:00:00,8838.0,8955.0,8775.169888401068,8702.597387081636,8660.592618886818,8690.078434549254
2026-06-26 08:00:00,9358.0,9448.0,9256.684321221932,9289.791746357534,9223.95537385396,9247.893525996562
2026-06-26 09:00:00,10120.0,10137.0,9919.246916245604,9918.935729204259,9868.909851664252,9853.171830739388
2026-06-26 10:00:00,10425.0,10444.0,10262.18456419274,10236.928506630287,10175.056325680813,10158.389864052839
2026-06-26 11:00:00,10498.0,10541.0,10329.774559710553,10365.884985385112,10298.200428089971,10282.476851290487
2026-06-26 12:00:00,10509.0,10410.0,10292.001896217764,10381.274282906541,10298.685199105634,10267.321100086792
2026-06-26 13:00:00,10442.0,10419.0,10299.70911138247,10380.6403310464,10250.98866507029,10261.944618026218
2026-06-26 14:00:00,10486.0,10440.0,10310.10482309407,10444.7357809535,10312.890838663912,10300.818972410962
2026-06-26 15:00:00,10363.0,10369.0,10258.443190669657,10392.73928507294,10253.346531457015,10231.181035066624
2026-06-26 16:00:00,10369.0,10284.0,10202.152186761428,10391.190064809398,10233.055902096212,10215.930182697513
2026-06-26 17:00:00,10423.0,10323.0,10223.395736760722,10419.82748528327,10243.683583528373,10231.987058524599
2026-06-26 18:00:00,10321.0,10215.0,10195.830539544364,10368.914456283635,10219.966836035794,10228.313898495306
2026-06-26 19:00:00,10104.0,10013.0,10077.70686287008,10210.667202883862,10095.418013228224,10129.478384538927
2026-06-26 20:00:00,9895.0,9847.0,9921.16295835471,10032.572115345094,9926.87514756191,9920.27846925086
2026-06-26 21:00:00,9821.0,9756.0,9828.097165952347,9922.733256321186,9818.172991334684,9832.960278111887
2026-06-26 22:00:00,9844.0,9808.0,9761.46738828587,9868.002488388418,9806.541419447141,9813.163409722241
2026-06-26 23:00:00,9724.0,9586.0,9470.669359856804,9668.261613919545,9595.465306010981,9603.875064411799
2026-06-27 00:00:00,9368.0,9369.0,9078.742161002245,9403.585129330457,9348.290175806096,9342.862795461448
2026-06-27 01:00:00,8966.0,8940.0,8634.907367039588,8878.704359533085,8819.42873016368,8808.11223712908
2026-06-27 02:00:00,8680.0,8543.0,8331.11278884457,8538.122619138134,8531.125923961474,8509.988140781996
2026-06-27 03:00:00,8411.0,8314.0,8122.061933992909,8317.798834341767,8287.115418259598,8272.58692852687
2026-06-27 04:00:00,8240.0,8151.0,8001.078054407065,8147.224509821739,8126.0390968100055,8077.373560218944
2026-06-27 05:00:00,8215.0,8121.0,7988.169148825726,8076.919836701915,8066.967763884418,8054.370892716284
2026-06-27 06:00:00,8330.0,8262.0,8138.939502615924,8224.166234458029,8205.035077074665,8213.35584577406
2026-06-27 07:00:00,8512.0,8508.0,8439.215748068178,8369.266960341907,8335.992547697337,8348.288790876333
2026-06-27 08:00:00,8950.0,8909.0,8875.662489944607,8788.396783064429,8731.13354973253,8744.906218468226
2026-06-27 09:00:00,9592.0,9544.0,9499.603650124582,9450.378872248939,9386.960562588012,9408.753321538867
2026-06-27 10:00:00,9987.0,9983.0,9889.65848523422,9841.640283244846,9820.87678554569,9813.597852151252
2026-06-27 11:00:00,10171.0,10148.0,10049.498124923815,10053.645564019682,10021.307857209771,10012.5435764171
2026-06-27 12:00:00,10248.0,10207.0,10081.65117748949,10115.230455790086,10064.398904952943,10063.984529841966
2026-06-27 13:00:00,10197.0,10174.0,10078.525076201913,10104.932175661257,10043.866192680382,10044.233138628257
2026-06-27 14:00:00,10246.0,10210.0,10117.868416603373,10123.136479639223,10069.17134776229,10063.320094753528
2026-06-27 15:00:00,10156.0,10160.0,10098.896301471514,10070.94295559977,10031.836557887125,10025.701962896133
2026-06-27 16:00:00,10117.0,10151.0,10075.47152988357,10043.06211517323,10014.026488910498,10006.899059532008
2026-06-27 17:00:00,10082.0,10105.0,10057.871016215922,10051.410353585927,10012.530029721245,10001.958510582037
2026-06-27 18:00:00,10099.0,10083.0,10061.541156316714,10054.303862119967,10026.791576848527,10018.184537872548
2026-06-27 19:00:00,10106.0,10072.0,10005.311703678388,10002.685322963574,9979.425743614951,9982.851213846896
2026-06-27 20:00:00,9845.0,9898.0,9837.436584220777,9834.384695888279,9735.768577251984,9734.903225301825
2026-06-27 21:00:00,9839.0,9882.0,9800.58799272032,9782.98995535757,9714.153157421815,9722.23474209277
2026-06-27 22:00:00,9729.0,9765.0,9658.321118194235,9742.316376704177,9664.320610822373,9651.703034726977
2026-06-27 23:00:00,9671.0,9581.0,9393.543362090086,9492.502134306387,9538.609250588379,9499.634598644952
2026-06-28 00:00:00,9404.0,9350.0,9163.266253706577,9275.021127588423,9253.682473011888,9256.59630665232
2026-06-28 01:00:00,8973.0,8900.0,8709.742978424509,8841.394272138956,8785.305376676,8785.967636124868
2026-06-28 02:00:00,8688.0,8541.0,8392.131438685055,8496.441738775544,8458.51259515907,8491.534905414064
2026-06-28 03:00:00,8509.0,8161.0,8119.74199181242,8259.0063923126,8205.30971157673,8183.889999731967
2026-06-28 04:00:00,8243.0,8056.0,8019.315089882532,8065.112631458024,7994.5087602441035,7978.217849755863
2026-06-28 05:00:00,8136.0,7984.0,7967.674361991614,8005.871913651745,7934.0446711487675,7935.494934975615
2026-06-28 06:00:00,8251.0,8071.0,8093.318941187692,8108.778490044667,8038.443871572019,8042.853777747677
2026-06-28 07:00:00,8414.0,8334.0,8384.407923104878,8256.308426434794,8190.444738482755,8197.248900745526
2026-06-28 08:00:00,8784.0,8694.0,8810.115530554285,8538.79921798067,8538.63786084584,8516.950304544243
2026-06-28 09:00:00,9402.0,9306.0,9437.293422344645,9227.027043475731,9193.776993069305,9195.745712393908
2026-06-28 10:00:00,9816.0,9754.0,9840.00884164445,9651.451663928658,9606.708711210797,9589.801265613303
2026-06-28 11:00:00,10077.0,9979.0,10036.377141273248,9880.317980327878,9820.337220788686,9793.950714718772
2026-06-28 12:00:00,10182.0,10086.0,10102.631809479371,10001.624000717737,9943.560596489007,9907.407097512381
2026-06-28 13:00:00,10132.0,10170.0,10153.374633833084,10042.605659315159,9987.07375401113,9960.254325418086
2026-06-28 14:00:00,10223.0,10263.0,10189.497614393451,10040.64840087884,10012.563066791985,9974.924337994536
2026-06-28 15:00:00,10175.0,10214.0,10117.260624859275,10006.134476124407,9990.71499762221,9970.218780265464
2026-06-28 16:00:00,10200.0,10231.0,10118.492975454126,10009.576764536245,9995.559884544173,9978.586225681427
2026-06-28 17:00:00,10128.0,10214.0,10104.698079955968,10050.553383613036,10030.125086248843,10012.76609431335
2026-06-28 18:00:00,10182.0,10255.0,10150.516462868112,10134.35132239883,10111.207140804674,10069.496682109859
2026-06-28 19:00:00,10169.0,10243.0,10114.986151356652,10015.884533652637,9990.87627478378,9965.577622370096
2026-06-28 20:00:00,10062.0,10038.0,9925.2714752828,9812.478173471407,9755.337765503957,9746.087008304321
2026-06-28 21:00:00,10066.0,10012.0,9876.896676616872,9763.87818913802,9705.462713361918,9742.31205031973
2026-06-28 22:00:00,9927.0,9811.0,9698.065126085892,9714.088078780671,9656.928015513895,9712.607492637684
2026-06-28 23:00:00,9745.0,9636.0,9439.329901486464,9483.477930690491,9477.084036726701,9564.259151765655
2026-06-29 00:00:00,9348.0,9224.0,9410.798641297752,9159.172968160872,9170.11281697148,9190.28566063519
2026-06-29 01:00:00,8874.0,8770.0,8937.613384252989,8784.409488218434,8760.40270268384,8768.42800800739
2026-06-29 02:00:00,8622.0,8500.0,8673.974606712058,8472.812137793491,8514.057477894738,8496.825272054506
2026-06-29 03:00:00,8404.0,8183.0,8446.976227845382,8240.853019416054,8261.120325390817,8225.132002233693
2026-06-29 04:00:00,8271.0,8007.0,8549.032193653029,8105.234629145528,8119.313776938355,8064.095174273804
2026-06-29 05:00:00,8185.0,8038.0,8599.0496283701,8095.454593425564,8075.8349772797255,8034.244877171186
2026-06-29 06:00:00,8476.0,8300.0,8503.087022200592,8357.157669746837,8326.66400968963,8280.792401322235
2026-06-29 07:00:00,8850.0,8772.0,8943.469966357861,8785.40578069981,8739.274371401916,8721.414743229727
2026-06-29 08:00:00,9469.0,9367.0,9506.322617176022,9405.242122717204,9308.354539731808,9368.046734395108
2026-06-29 09:00:00,10166.0,10124.0,10214.870537663497,10133.103434766132,10010.524999894456,10083.429855725264
2026-06-29 10:00:00,10490.0,10479.0,10558.312240022731,10515.248275484186,10405.04306927545,10411.932557988375
2026-06-29 11:00:00,10609.0,10576.0,10670.81303611993,10607.611988886392,10510.502555387953,10498.814467169572
2026-06-29 12:00:00,10604.0,10575.0,10667.59561674144,10605.569738985387,10525.831088857243,10532.438739708885
2026-06-29 13:00:00,10566.0,10554.0,10671.085426155021,10595.816413961144,10501.79763612743,10545.206575694361
2026-06-29 14:00:00,10612.0,10526.0,10678.083061481797,10626.15152614653,10554.626336470745,10586.762973603893
2026-06-29 15:00:00,10575.0,10449.0,10597.207640358452,10480.159033535123,10426.314101014448,10447.675057729539
2026-06-29 16:00:00,10600.0,10469.0,10593.729598433281,10499.669952385995,10426.773706732605,10477.854980691873
2026-06-29 17:00:00,10658.0,10452.0,10589.55115508762,10442.993856068833,10355.079048716474,10385.292547299636
2026-06-29 18:00:00,10595.0,10429.0,10576.84185950386,10426.630169984195,10384.114755454275,10397.049226881109
2026-06-29 19:00:00,10439.0,10216.0,10418.084541271699,10230.557045979902,10211.816074465689,10199.27096058981
2026-06-29 20:00:00,10261.0,9969.0,10219.661949963403,9993.657888218055,9966.306548655493,9971.087360474927
2026-06-29 21:00:00,10119.0,9934.0,10177.981152055965,9926.881069664527,9911.830491239201,9941.148068147544
2026-06-29 22:00:00,10137.0,9896.0,10076.048485182051,9865.090030191623,9866.54071099044,9853.868031173444
2026-06-29 23:00:00,9910.0,9695.0,9804.70342555664,9733.222877770899,9679.203863441086,9686.46831577291
2026-06-30 00:00:00,9529.0,9276.0,9473.124969402823,9296.056524184522,9298.10509061469,9289.098907093643
2026-06-30 01:00:00,8929.0,8805.0,9003.787051083687,8829.217220510702,8883.307358938568,8858.921296479912
2026-06-30 02:00:00,8647.0,8462.0,8688.542224021092,8552.862393232077,8605.836733295035,8598.1975569265
2026-06-30 03:00:00,8448.0,8206.0,8455.180217322839,8341.083139570532,8359.64195794358,8341.846048379415
2026-06-30 04:00:00,8234.0,8106.0,8334.003972462346,8185.126453050942,8193.593843599621,8169.018461282488
2026-06-30 05:00:00,8214.0,8095.0,8316.2846674073,8106.717026021573,8150.374271219172,8118.44304566673
2026-06-30 06:00:00,8505.0,8308.0,8543.426896203315,8376.746590966577,8415.649943800818,8384.463171972991
2026-06-30 07:00:00,8864.0,8660.0,8907.559306786869,8726.261334750105,8766.795640364693,8738.922326619608
2026-06-30 08:00:00,9438.0,9320.0,9468.370065786752,9360.442708347664,9394.803574402631,9331.01787590972
2026-06-30 09:00:00,10163.0,10115.0,10161.893802323339,10088.1140276945,10165.000743573317,10125.541724368057
2026-06-30 10:00:00,10470.0,10389.0,10484.87635567887,10374.037994229142,10481.357592742199,10433.802336446935
2026-06-30 11:00:00,10691.0,10441.0,10586.81301058411,10478.179182847289,10593.738881584686,10530.257962127685
2026-06-30 12:00:00,10681.0,10388.0,10557.029883818861,10465.034490893297,10532.674063156219,10509.18635185463
2026-06-30 13:00:00,10645.0,10373.0,10580.07401873101,10419.577625189226,10532.19033461702,10486.06489927019
2026-06-30 14:00:00,10682.0,10418.0,10664.97920246574,10468.30519299087,10590.767223150158,10525.174543410363
2026-06-30 15:00:00,10644.0,10320.0,10538.171285442157,10397.688339811702,10486.028627917249,10433.792569710535
2026-06-30 16:00:00,10576.0,10334.0,10540.564069287338,10411.454386478066,10472.218219456934,10432.031687326233
2026-06-30 17:00:00,10695.0,10393.0,10527.821049821861,10291.461266510401,10418.142158492139,10379.989231146188
2026-06-30 18:00:00,10615.0,10357.0,10527.548803793568,10331.052745500367,10437.891536655367,10425.000609968278
2026-06-30 19:00:00,10398.0,10187.0,10430.352985803649,10265.846310828914,10304.282735245786,10289.73682038293
2026-06-30 20:00:00,10198.0,10015.0,10262.589697918633,10008.179863543995,10092.373321017183,10050.275113615873
2026-06-30 21:00:00,10084.0,9879.0,10198.412368294019,9969.721643324889,10029.431948812873,10007.638788048813
2026-06-30 22:00:00,10032.0,9835.0,10081.60578879612,9871.469606727718,9950.088051758321,9884.817852878152
2026-06-30 23:00:00,9845.0,9569.0,9789.60921798599,9691.559982428189,9710.18579836269,9662.70640906003
2026-07-01 00:00:00,9436.0,9242.0,9233.948547725366,9290.890791784996,9360.120720622357,9332.487891777704
2026-07-01 01:00:00,8934.0,8745.0,8734.336993593792,8824.268465434812,8880.142901984313,8848.196449470834
2026-07-01 02:00:00,8607.0,8507.0,8462.329227113334,8588.25896417042,8627.152755951442,8606.029794761977
2026-07-01 03:00:00,8345.0,8194.0,8213.959332505005,8346.607331911466,8382.884292462004,8345.331108081162
2026-07-01 04:00:00,8199.0,8128.0,8096.2055708930875,8250.831256056126,8257.84862709578,8242.249816123562
2026-07-01 05:00:00,8180.0,8149.0,8080.637438918081,8183.322467660217,8193.323910830408,8183.527512151873
2026-07-01 06:00:00,8414.0,8291.0,8266.634355099373,8417.006170283692,8451.736542897408,8426.212331763236
2026-07-01 07:00:00,8824.0,8697.0,8654.353602199442,8740.95499772829,8777.592404229601,8769.013900051288
2026-07-01 08:00:00,9371.0,9283.0,9191.9010128504,9329.061108633947,9376.341984488105,9379.391091254305
2026-07-01 09:00:00,10119.0,9963.0,9835.643088046749,10080.722450705236,10126.161008778607,10161.506300665782
2026-07-01 10:00:00,10415.0,10235.0,10155.886140659444,10346.498925053604,10386.605452984926,10389.5932444277
2026-07-01 11:00:00,10596.0,10389.0,10316.486027593386,10481.712482501393,10503.440642189491,10516.330031891226
2026-07-01 12:00:00,10557.0,10394.0,10356.400000808066,10482.475684316938,10502.73531842482,10547.022338840834
2026-07-01 13:00:00,10450.0,10410.0,10356.186272071565,10454.240482740868,10522.473718754822,10546.0543955533
2026-07-01 14:00:00,10502.0,10501.0,10413.522647219612,10506.902118801896,10575.586883370377,10597.582714750823
2026-07-01 15:00:00,10485.0,10468.0,10377.063328383869,10475.52856193587,10543.196321324396,10556.21757674029
2026-07-01 16:00:00,10446.0,10485.0,10370.046194845607,10468.71689047019,10550.269858772836,10555.335698257464
2026-07-01 17:00:00,10387.0,10598.0,10406.85137629477,10487.945843149968,10564.62506571691,10568.090988584807
2026-07-01 18:00:00,10442.0,10502.0,10390.109553098424,10446.991068550959,10489.35609246012,10482.378619761397
2026-07-01 19:00:00,10231.0,10351.0,10307.853661041621,10297.119843643466,10342.035332739684,10347.035196246623
2026-07-01 20:00:00,10011.0,10129.0,10132.236137310665,10163.792408403468,10188.273081328118,10203.08393766299
2026-07-01 21:00:00,9921.0,10084.0,10079.049185544345,10038.975876023942,10070.974157480463,10074.639682770108
2026-07-01 22:00:00,9957.0,10018.0,9977.861814365133,10072.701911994429,10058.397621915212,10015.967954096366
2026-07-01 23:00:00,9773.0,9751.0,9670.658067942897,9790.52157544539,9788.335248418267,9763.259995747745
2026-07-02 00:00:00,9261.0,9394.0,9224.777010005339,9381.018282781559,9328.996864689705,9311.257686448913
2026-07-02 01:00:00,8858.0,8906.0,8728.271080821598,8871.313554937307,8798.243770197885,8762.632074762245
2026-07-02 02:00:00,8606.0,8609.0,8450.462440411857,8576.983532949786,8532.68550312794,8511.048549617213
2026-07-02 03:00:00,8291.0,8385.0,8271.411753310113,8367.365882848844,8331.087056006243,8338.638946483668
2026-07-02 04:00:00,8221.0,8202.0,8079.348113556149,8208.85629088409,8147.790587541809,8148.935078128235
2026-07-02 05:00:00,8140.0,8177.0,8072.808883779543,8212.062761405274,8148.939683783047,8168.516171017888
2026-07-02 06:00:00,8384.0,8487.0,8389.710335226537,8449.082955029065,8408.515195143666,8408.324937017025
2026-07-02 07:00:00,8695.0,8803.0,8764.292972312163,8833.684226780255,8719.583850484161,8719.741858150846
2026-07-02 08:00:00,9280.0,9380.0,9297.051232601598,9306.321582335831,9256.599193313095,9276.546091078479
2026-07-02 09:00:00,9945.0,10044.0,9968.908925574457,10080.430749109539,10019.873076717406,10048.101562885873
2026-07-02 10:00:00,10312.0,10364.0,10299.790937759539,10430.335830753485,10318.441951211566,10378.719976500193
2026-07-02 11:00:00,10469.0,10435.0,10429.511860103245,10578.234399364666,10439.428699299777,10520.71833294719
2026-07-02 12:00:00,10452.0,10441.0,10468.212019538085,10571.805091702621,10458.104871679117,10517.682557917247
2026-07-02 13:00:00,10488.0,10475.0,10485.55411149184,10542.196929148853,10448.902246245554,10519.673550321768
2026-07-02 14:00:00,10542.0,10494.0,10536.53395530007,10558.662531784545,10497.218990401327,10530.609857651269
2026-07-02 15:00:00,10449.0,10363.0,10514.964927134879,10542.361981806309,10464.739679835568,10450.881594107703
2026-07-02 16:00:00,10353.0,10326.0,10520.260093067913,10490.544291807537,10420.837481768222,10407.82249547795
2026-07-02 17:00:00,10302.0,10389.0,10494.24918471554,10552.59525304027,10467.8883864479,10457.433792417605
2026-07-02 18:00:00,10395.0,10395.0,10450.106519931109,10454.798826754868,10416.18037693106,10410.621593205848
2026-07-02 19:00:00,10253.0,10226.0,10319.570810397052,10268.42946930576,10271.673139849503,10276.539417697697
2026-07-02 20:00:00,10022.0,9991.0,10092.926625678447,10090.703581564163,10043.513838995828,10063.465616234913
2026-07-02 21:00:00,9942.0,9985.0,10035.522715839721,9968.984681008458,9919.572531593292,9947.435631112437
2026-07-02 22:00:00,9862.0,9961.0,9955.903681477968,9972.708542928123,9877.971719514262,9872.52748774671
2026-07-02 23:00:00,9618.0,9730.0,9672.232433656398,9722.594044797426,9666.691442971167,9671.802368149927
2026-07-03 00:00:00,9266.0,9356.0,9216.201583637037,9287.392233349738,9257.51723847935,9249.836080179037
2026-07-03 01:00:00,8803.0,8864.0,8717.757331573282,8829.349446046086,8789.809071983183,8773.05353976615
2026-07-03 02:00:00,8519.0,8604.0,8467.044163216146,8519.96244411994,8523.626493065964,8472.337168107932
2026-07-03 03:00:00,8310.0,8361.0,8236.970378545819,8295.112484403235,8267.255622335373,8227.265157566486
2026-07-03 04:00:00,8100.0,8165.0,8093.2670334304985,8130.289589797513,8153.915088487953,8112.135628109778
2026-07-03 05:00:00,8087.0,8147.0,8092.7846588440425,8129.472697968179,8148.925231926675,8120.084874289589
2026-07-03 06:00:00,8352.0,8454.0,8362.050730934334,8360.182100590233,8395.711421699902,8372.906395901544
2026-07-03 07:00:00,8798.0,8838.0,8730.144787212546,8751.838366561688,8712.957725695176,8671.872690717166
2026-07-03 08:00:00,9326.0,9358.0,9212.157556823495,9207.05028026948,9185.050964480188,9170.76660677952
2026-07-03 09:00:00,9985.0,10120.0,9914.93840130188,10024.131481214861,9978.74883972575,9972.302871493086
2026-07-03 10:00:00,10335.0,10425.0,10251.144978398523,10363.840996519497,10280.502948838659,10281.741234143563
2026-07-03 11:00:00,10469.0,10498.0,10362.100832940972,10508.687141916575,10381.615628924948,10381.99213855903
2026-07-03 12:00:00,10402.0,10509.0,10369.666813546586,10460.06916150988,10324.425250721928,10352.0305963933
2026-07-03 13:00:00,10387.0,10442.0,10347.102952889247,10406.65085499973,10316.49223261241,10324.558660713476
2026-07-03 14:00:00,10421.0,10486.0,10400.504649101667,10469.999398943712,10321.94161721314,10335.602306871824
2026-07-03 15:00:00,10349.0,10363.0,10326.894676928729,10368.033767267789,10274.20333549594,10286.14697780437
2026-07-03 16:00:00,10343.0,10369.0,10368.597188636093,10324.681429631304,10245.474802654733,10233.413035639665
2026-07-03 17:00:00,10233.0,10423.0,10428.57901021192,10306.501257559648,10241.359563763246,10235.564828052085
2026-07-03 18:00:00,10285.0,10321.0,10387.319561697055,10274.768145169748,10281.553585291069,10223.994584962464
2026-07-03 19:00:00,10096.0,10104.0,10248.482033184802,10049.553342035926,10090.882215130734,10038.971445852047
2026-07-03 20:00:00,9862.0,9895.0,10034.874362476014,9869.101284596678,9901.430752465672,9881.976805757788
2026-07-03 21:00:00,9808.0,9821.0,9958.783375867866,9704.065339053092,9822.92580398037,9780.32460464759
2026-07-03 22:00:00,9821.0,9844.0,9897.201568152097,9732.767429540845,9819.029252971719,9799.195408065209
2026-07-03 23:00:00,9625.0,9724.0,9674.761298884481,9573.039379815415,9638.247168072361,9653.507219933572
2026-07-04 00:00:00,9265.0,9368.0,9021.967706742229,9224.87831925778,9299.282206607595,9293.666002016083
2026-07-04 01:00:00,8820.0,8966.0,8590.356001136772,8881.041099822569,8916.400282899354,8877.207667657874
2026-07-04 02:00:00,8483.0,8680.0,8312.503360445306,8562.941635653575,8634.498422025039,8589.946001125063
2026-07-04 03:00:00,8275.0,8411.0,8067.6505510628685,8329.123677138445,8372.59114230101,8340.420769317474
2026-07-04 04:00:00,8137.0,8240.0,7950.0850076959,8176.460216812493,8203.090123868717,8219.307923676484
2026-07-04 05:00:00,8050.0,8215.0,7910.138525791762,8090.660878917413,8107.987069506702,8103.445318608951
2026-07-04 06:00:00,8122.0,8330.0,8043.757680257226,8206.013572031005,8202.685464676464,8226.858195428187
2026-07-04 07:00:00,8345.0,8512.0,8334.623066057477,8366.580163208604,8412.091046355936,8407.07343973971
2026-07-04 08:00:00,8651.0,8950.0,8775.264421510543,8770.083061449914,8777.374414370277,8799.61043756439
2026-07-04 09:00:00,9288.0,9592.0,9418.752009821888,9345.23222953643,9357.700211579466,9364.506429248015
2026-07-04 10:00:00,9736.0,9987.0,9807.94689279585,9849.423972591681,9866.715727660305,9862.515510537754
2026-07-04 11:00:00,9969.0,10171.0,9977.906880922908,10043.780220162073,10097.237687679544,10114.156138157232
2026-07-04 12:00:00,10055.0,10248.0,10000.034303964905,10078.69121440794,10124.383540089384,10142.632804178224
2026-07-04 13:00:00,10000.0,10197.0,9965.01233600683,10073.024504002753,10111.702080019562,10138.531528021336
2026-07-04 14:00:00,10071.0,10246.0,10004.705035030565,10104.768279839413,10132.220507567625,10154.780488560182
2026-07-04 15:00:00,10034.0,10156.0,9931.693390992838,10030.38723192565,10067.497508263295,10083.82706082723
2026-07-04 16:00:00,9994.0,10117.0,9924.015205954398,9997.860325022504,9999.092739447216,10030.586711280648
2026-07-04 17:00:00,9953.0,10082.0,9929.065505158935,9983.408195951351,10003.502335217294,10014.511652282352
2026-07-04 18:00:00,10021.0,10099.0,9938.373414709053,9972.732052243528,10027.321762050013,10027.950541547685
2026-07-04 19:00:00,9927.0,10106.0,10001.366384939083,9941.936117728712,10030.6242867298,10033.260561833153
2026-07-04 20:00:00,9697.0,9845.0,9724.937045146044,9734.407647523009,9770.959725604509,9796.760431545646
2026-07-04 21:00:00,9704.0,9839.0,9651.635281617537,9677.842775317142,9661.120081685025,9751.21448675186
2026-07-04 22:00:00,9551.0,9729.0,9515.617969920117,9553.053902744308,9610.942918922554,9617.478590732968
2026-07-04 23:00:00,9398.0,9671.0,9304.972362742645,9347.611041496311,9411.251820944854,9454.977207756507
2026-07-05 00:00:00,9187.0,9404.0,8915.99375611547,9159.995619371914,9156.07312970504,9205.666579601524
2026-07-05 01:00:00,8763.0,8973.0,8508.026774236661,8726.875128649512,8727.590920696333,8761.21131751284
2026-07-05 02:00:00,8485.0,8688.0,8227.77875973162,8411.325533211982,8460.710827553576,8452.846793190896
2026-07-05 03:00:00,8157.0,8509.0,8028.371603084786,8197.06672741309,8185.486343860173,8209.196579594149
2026-07-05 04:00:00,8026.0,8243.0,7845.310082752976,7952.944627591689,7985.17098560811,8046.298807496688
2026-07-05 05:00:00,7962.0,8136.0,7786.7204187777015,7894.036875584552,7936.391287510708,7984.181638988774
2026-07-05 06:00:00,8058.0,8251.0,7964.329592053564,8012.308745231027,8030.41521824051,8065.333491989041
2026-07-05 07:00:00,8243.0,8414.0,8222.051832903657,8186.728683060297,8235.090227762828,8270.992823760043
2026-07-05 08:00:00,8588.0,8784.0,8653.37807104879,8594.334395747112,8570.199479834891,8644.45170109987
2026-07-05 09:00:00,9192.0,9402.0,9346.164231408464,9199.833680227259,9239.054049808396,9200.641395401099
2026-07-05 10:00:00,9652.0,9816.0,9853.961167654857,9622.573090886257,9676.634440752943,9660.85002563912
2026-07-05 11:00:00,9848.0,10077.0,9903.66304747514,9879.46789974824,9895.018677926557,9938.920643219106
2026-07-05 12:00:00,9936.0,10182.0,9920.048248169593,9970.691502321635,9978.757135850365,10009.962461429039
2026-07-05 13:00:00,9973.0,10132.0,9942.443380035998,9998.544860956017,9980.18049779798,9979.820420528968
2026-07-05 14:00:00,9982.0,10223.0,10071.067594074004,10044.6631656274,10057.98064274336,10015.411475148136
2026-07-05 15:00:00,9981.0,10175.0,10211.084628699244,9999.910942169103,10070.918585989333,10069.442535000557
2026-07-05 16:00:00,10013.0,10200.0,10112.778955819098,10032.83458705684,10081.519166660726,10076.606622956708
2026-07-05 17:00:00,10002.0,10128.0,9967.820333370948,9975.110725589358,9986.786697548205,10020.437335177638
2026-07-05 18:00:00,10017.0,10182.0,9999.072209939459,10102.173152039655,10097.86566109843,10156.218782886688
2026-07-05 19:00:00,9971.0,10169.0,9960.742459011504,10030.597509996473,10042.402186207775,10105.11764283875
2026-07-05 20:00:00,9822.0,10062.0,9793.134954304709,9846.097015835709,9847.826817350331,9913.13517862084
2026-07-05 21:00:00,9810.0,10066.0,9763.934142293374,9830.914605141348,9816.681807933159,9875.479360796471
2026-07-05 22:00:00,9709.0,9927.0,9621.496802294281,9726.898708432047,9768.479818829015,9763.747021692783
2026-07-05 23:00:00,9479.0,9745.0,9390.862996791227,9415.615178448836,9527.79686722624,9510.144577967898
2026-07-06 00:00:00,9171.0,9348.0,9225.311361796488,9139.373121082115,9142.705281190347,9176.832058351096
2026-07-06 01:00:00,8687.0,8874.0,8773.931252901879,8670.664180232217,8688.76195339462,8705.647507687583
2026-07-06 02:00:00,8424.0,8622.0,8515.513769633784,8358.581334461482,8399.650308849785,8390.39650894289
2026-07-06 03:00:00,8180.0,8404.0,8322.287648788135,8184.226183619638,8207.494935301458,8203.308494633216
2026-07-06 04:00:00,8051.0,8271.0,8183.7686807499085,8032.171037248035,8056.582696424867,8093.265133160116
2026-07-06 05:00:00,7978.0,8185.0,8144.670195604263,8003.848491944016,8031.29808662357,8038.548806081986
2026-07-06 06:00:00,8174.0,8476.0,8395.922228138706,8179.831526407408,8224.017336191127,8282.003693009514
2026-07-06 07:00:00,8551.0,8850.0,8777.48221883612,8653.574145970559,8650.352549595586,8668.583350236682
2026-07-06 08:00:00,9120.0,9469.0,9310.447389594437,9163.66687291645,9181.0526888933,9206.495355165182
2026-07-06 09:00:00,9791.0,10166.0,9958.200450148499,9968.946451335743,9942.05764658495,10005.774080835334
2026-07-06 10:00:00,10196.0,10490.0,10325.725189268973,10339.153699550987,10265.41317242032,10352.620083067475
2026-07-06 11:00:00,10349.0,10609.0,10456.008425370765,10454.684808847962,10427.745095472585,10492.90471468803
2026-07-06 12:00:00,10371.0,10604.0,10463.418039677252,10445.334228578184,10436.445563368103,10502.776367743678
2026-07-06 13:00:00,10379.0,10566.0,10457.014417541246,10430.019894125437,10418.405342197948,10479.358613504251
2026-07-06 14:00:00,10443.0,10612.0,10465.186968218446,10440.428053069476,10431.882225538904,10583.03458586501
2026-07-06 15:00:00,10421.0,10575.0,10465.369551029384,10417.41034282104,10415.338903883248,10509.77351724708
2026-07-06 16:00:00,10334.0,10600.0,10524.49021484926,10438.681031688753,10480.211240421097,10507.818441005607
2026-07-06 17:00:00,10229.0,10658.0,10612.919757265994,10394.805282980451,10484.982243317798,10541.977297809479
2026-07-06 18:00:00,10338.0,10595.0,10538.998755649514,10377.330278147328,10474.942336854536,10502.970927236622
2026-07-06 19:00:00,10220.0,10439.0,10425.201076078869,10173.428169250563,10294.820131161276,10285.899871343998
2026-07-06 20:00:00,9976.0,10261.0,10192.940603819487,9885.112739181759,9946.056608114948,9997.11629609719
2026-07-06 21:00:00,9902.0,10119.0,10081.396427808273,9862.023729693516,9913.846653533183,9944.155597652434
2026-07-06 22:00:00,9876.0,10137.0,10021.379030495067,9833.33750743256,9862.647587463121,9892.537170792124
2026-07-06 23:00:00,9552.0,9910.0,9758.822237832019,9637.684303206512,9636.306091056878,9676.490338850956
2026-07-07 00:00:00,9153.0,9529.0,9269.831834733326,9174.255066777629,9152.502656028071,9230.617963129574
2026-07-07 01:00:00,8677.0,8929.0,8761.089917893416,8701.750500681055,8713.232216902023,8787.195915852593
2026-07-07 02:00:00,8401.0,8647.0,8493.162926607056,8394.631976110692,8423.298415145477,8485.068901393908
2026-07-07 03:00:00,8116.0,8448.0,8296.368306611006,8145.019883186494,8196.25177112724,8219.481842624447
2026-07-07 04:00:00,7993.0,8234.0,8139.908421726904,7973.18612313245,7998.381444544602,8028.869546320658
2026-07-07 05:00:00,7977.0,8214.0,8106.899782974264,7968.773016437488,7985.466695191914,8049.398393293035
2026-07-07 06:00:00,8205.0,8505.0,8318.972753163507,8221.847769788712,8280.308015411056,8344.233541289519
2026-07-07 07:00:00,8634.0,8864.0,8650.595016941326,8635.470966394467,8682.020288236225,8742.232105044977
2026-07-07 08:00:00,9194.0,9438.0,9151.32691187141,9153.3912364231,9166.101186812488,9251.395079408538
2026-07-07 09:00:00,9858.0,10163.0,9833.411254468036,9915.681113696444,9963.029268737691,10060.990688440399
2026-07-07 10:00:00,10081.0,10470.0,10127.307161365481,10238.627041935892,10249.548152772615,10347.478695430134
2026-07-07 11:00:00,10220.0,10691.0,10318.12013117917,10381.739415147991,10383.045748146631,10430.224393447153
2026-07-07 12:00:00,10156.0,10681.0,10357.69600999614,10351.947595126903,10337.64859522918,10409.017080505695
2026-07-07 13:00:00,10104.0,10645.0,10307.708942817815,10342.467146845183,10332.85146732636,10410.711365007102
2026-07-07 14:00:00,10166.0,10682.0,10347.662509773678,10370.574882155588,10356.87487481945,10422.088250804027
2026-07-07 15:00:00,10141.0,10644.0,10357.801246723573,10329.50797963403,10312.985169084357,10372.134627719051
2026-07-07 16:00:00,10132.0,10576.0,10321.136374549333,10309.84830963573,10284.725587013638,10344.678469012384
2026-07-07 17:00:00,10103.0,10695.0,10384.0957733828,10292.313404767165,10314.219967584673,10388.38626247566
2026-07-07 18:00:00,10200.0,10615.0,10362.004202538785,10281.13274020094,10298.16661105188,10363.272121765032
2026-07-07 19:00:00,10037.0,10398.0,10233.086283479528,10165.522767688404,10199.650626665689,10275.1925964423
2026-07-07 20:00:00,9833.0,10198.0,10040.609287008052,9878.506417825614,9921.533459187098,10054.014916525626
2026-07-07 21:00:00,9765.0,10084.0,9949.864179162183,9874.704751631327,9910.879121571244,10000.293927422163
2026-07-07 22:00:00,9807.0,10032.0,9848.954690381253,9726.225098332898,9807.174672577605,9869.567163892201
2026-07-07 23:00:00,9504.0,9845.0,9619.30014827218,9516.30779565875,9599.051825820194,9671.763173524292
2026-07-08 00:00:00,9095.0,9436.0,9184.038244150312,9209.8767292271,9211.817007080817,9285.538703401468
2026-07-08 01:00:00,8661.0,8934.0,8718.178749299363,8735.863224035153,8748.573695045925,8788.192778682502
2026-07-08 02:00:00,8405.0,8607.0,8421.292693341024,8394.20949983247,8438.999150778876,8465.94338182536
2026-07-08 03:00:00,8096.0,8345.0,8194.736850761405,8156.872928311022,8202.749814146247,8214.416084702601
2026-07-08 04:00:00,7932.0,8199.0,8073.5997723922055,8060.249817170522,8083.2021566517915,8101.212084488589
2026-07-08 05:00:00,7963.0,8180.0,8056.509303977389,7983.405595076254,8020.24996088833,8034.332780703164
2026-07-08 06:00:00,8220.0,8414.0,8259.279378755955,8221.505823019908,8261.804311866492,8281.275890169747
2026-07-08 07:00:00,8616.0,8824.0,8623.211877340862,8633.93969733216,8631.259993898375,8660.43681151966
2026-07-08 08:00:00,9148.0,9371.0,9105.642160388246,9171.403634089344,9181.019038282075,9243.444886405525
2026-07-08 09:00:00,9794.0,10119.0,9756.9594646915,9826.96484993633,9806.846318498254,9860.999101539197
2026-07-08 10:00:00,10065.0,10415.0,10097.679372420842,10213.626273328571,10215.198179493465,10272.017693775346
2026-07-08 11:00:00,10197.0,10596.0,10272.330145268394,10342.267928992665,10275.680319476553,10334.772126839956
2026-07-08 12:00:00,10155.0,10557.0,10293.509875935899,10351.234132385216,10292.497135169966,10348.157811344472
2026-07-08 13:00:00,10139.0,10450.0,10238.027664414778,10360.664698062814,10308.693748332526,10323.576588399234
2026-07-08 14:00:00,10185.0,10502.0,10283.091729629554,10457.653262359152,10371.187552157853,10381.092151338096
2026-07-08 15:00:00,10119.0,10485.0,10259.556972141952,10433.178901723057,10326.243137220146,10332.95613890343
2026-07-08 16:00:00,10091.0,10446.0,10225.784974867343,10374.313563040665,10285.926848822804,10283.039779430495
2026-07-08 17:00:00,10010.0,10387.0,10184.470548951705,10317.961858924304,10217.957375046277,10211.886520060702
2026-07-08 18:00:00,10137.0,10442.0,10235.6217080265,10370.762394446807,10286.225869428024,10276.625170993202
2026-07-08 19:00:00,9985.0,10231.0,10118.665342862088,10232.017893500604,10175.110266711465,10167.182631357497
2026-07-08 20:00:00,9865.0,10011.0,9922.364488434287,10035.154242705343,9983.875226774753,10022.653037934708
2026-07-08 21:00:00,9774.0,9921.0,9858.252086349936,9953.460474096823,9928.922555564111,9931.705591035568
2026-07-08 22:00:00,9802.0,9957.0,9799.506051949722,9907.627015614786,9920.183270793346,9911.35310931705
2026-07-08 23:00:00,9536.0,9773.0,9539.519714123831,9610.311832882733,9614.90548588663,9622.456715535853
2026-07-09 00:00:00,9108.0,9261.0,9040.601368554624,9213.459593017327,9236.398943337865,9252.162588310206
2026-07-09 01:00:00,8674.0,8858.0,8671.663983043263,8743.190709776565,8792.989451785274,8794.323093344472
2026-07-09 02:00:00,8366.0,8606.0,8426.356242356236,8402.684257840046,8470.37791950339,8446.938356470468
2026-07-09 03:00:00,8138.0,8291.0,8248.744502887836,8144.923900948532,8203.735520324017,8184.949991839414
2026-07-09 04:00:00,7860.0,8221.0,8072.254337338705,7995.989181092976,8058.297102717527,8033.93531167814
2026-07-09 05:00:00,7843.0,8140.0,7955.470275916211,7981.081228125718,8023.7792518422675,8008.9827942631155
2026-07-09 06:00:00,8147.0,8384.0,8123.223383955112,8264.134386739383,8307.74926623635,8309.901893121383
2026-07-09 07:00:00,8501.0,8695.0,8469.451135570522,8621.929861130266,8624.309849430982,8628.219426926049
2026-07-09 08:00:00,9029.0,9280.0,9016.345054801348,9231.238743312344,9199.0772645393,9208.677468446263
2026-07-09 09:00:00,9715.0,9945.0,9688.458996513527,9929.04712594756,9888.691603774874,9853.822520747564
2026-07-09 10:00:00,10082.0,10312.0,10045.062057620262,10173.719087651329,10188.806599331452,10144.331663815174
2026-07-09 11:00:00,10157.0,10469.0,10159.875603868872,10336.401638383511,10272.08838361156,10241.823698542741
2026-07-09 12:00:00,10107.0,10452.0,10161.674704207515,10288.058786674705,10271.155288860944,10227.157891043906
2026-07-09 13:00:00,10066.0,10488.0,10163.822011912449,10266.060880852505,10212.127755522522,10187.586611579587
2026-07-09 14:00:00,10150.0,10542.0,10198.780120782523,10311.288953650634,10262.060646374859,10249.257458393757
2026-07-09 15:00:00,10172.0,10449.0,10121.678246326945,10252.441245903901,10211.779376842293,10204.094678137793
2026-07-09 16:00:00,10140.0,10353.0,10043.912269375345,10222.340584480535,10191.83182175786,10172.392224955673
2026-07-09 17:00:00,10038.0,10302.0,10008.911675421818,10200.202548857786,10156.416844157251,10136.527754571947
2026-07-09 18:00:00,10232.0,10395.0,10106.27317825317,10285.259014463683,10226.291373556389,10208.594757399987
2026-07-09 19:00:00,10042.0,10253.0,9984.984746130052,10165.713603898956,10095.63904344371,10063.832902978194
2026-07-09 20:00:00,9831.0,10022.0,9777.447216904437,9959.2684600422,9901.314750062145,9873.63453175555
2026-07-09 21:00:00,9786.0,9942.0,9697.788921169034,9896.426042834839,9831.848289124633,9825.051503211642
2026-07-09 22:00:00,9841.0,9862.0,9597.289092473013,9932.780497256417,9828.304019009167,9798.69851971282
2026-07-09 23:00:00,9609.0,9618.0,9285.173082453035,9592.840567096795,9595.063061454723,9580.194544046613
2026-07-10 00:00:00,9201.0,9266.0,8903.315123845241,9162.17484958127,9189.643477104568,9157.618418215307
2026-07-10 01:00:00,8717.0,8803.0,8448.104724430392,8703.303495326256,8752.18333408945,8723.153059835724
2026-07-10 02:00:00,8411.0,8519.0,8150.604317700567,8402.818862062852,8443.768930143493,8438.474912525833
2026-07-10 03:00:00,8136.0,8310.0,7946.386191092688,8117.319982643451,8162.476690755585,8159.626243971771
2026-07-10 04:00:00,7973.0,8100.0,7791.459586055888,7943.074999761946,7965.871391517802,7955.580269501315
2026-07-10 05:00:00,7951.0,8087.0,7775.10958889766,7942.180551602899,7960.944854273263,7965.170634324796
2026-07-10 06:00:00,8221.0,8352.0,8031.729526541005,8224.267224303812,8265.758025911013,8268.46987934757
2026-07-10 07:00:00,8570.0,8798.0,8452.232892709306,8669.710432476662,8690.71323981223,8690.124442369051
2026-07-10 08:00:00,9189.0,9326.0,8976.893166337317,9192.985245283895,9273.38643297481,9234.764573550116
2026-07-10 09:00:00,9878.0,9985.0,9594.576820224727,9890.517609697703,9955.200464430965,9915.73863743269
2026-07-10 10:00:00,10156.0,10335.0,9911.920668200375,10147.037591276796,10180.849997205283,10148.6531504206
2026-07-10 11:00:00,10283.0,10469.0,10060.166692071864,10290.561861303131,10310.44553772625,10279.649725402442
2026-07-10 12:00:00,10313.0,10402.0,10021.537116736208,10252.018791606004,10267.733179025372,10260.425344176943
2026-07-10 13:00:00,10278.0,10387.0,10007.440102332614,10211.388376005218,10238.552533525153,10200.134237263099
2026-07-10 14:00:00,10356.0,10421.0,10038.652853559963,10248.704737013324,10312.415842073366,10277.990785498867
2026-07-10 15:00:00,10310.0,10349.0,9994.821224587111,10123.886732033114,10228.130773160387,10202.503289173288
2026-07-10 16:00:00,10318.0,10343.0,10014.221139590261,10084.329614866783,10237.631812016492,10165.738153033031
2026-07-10 17:00:00,10226.0,10233.0,9937.802569919115,10091.541393199246,10175.590005801596,10126.948835443265
2026-07-10 18:00:00,10284.0,10285.0,10005.020973219582,10143.400058400079,10253.376757531798,10183.034237520285
2026-07-10 19:00:00,10029.0,10096.0,9870.40959551671,10009.373365521384,10108.83470503621,10047.151444981277
2026-07-10 20:00:00,9795.0,9862.0,9667.470461081066,9852.000222799848,9929.915612426705,9912.192113153584
2026-07-10 21:00:00,9748.0,9808.0,9603.627107171578,9764.174835772144,9894.126560998831,9836.34683513607
2026-07-10 22:00:00,9797.0,9821.0,9544.190712471873,9818.031533346662,9942.685001683523,9856.626523780613
2026-07-10 23:00:00,9567.0,9625.0,9250.871411166001,9574.629034394082,9685.444052604102,9648.91121213248
2026-07-11 00:00:00,9228.0,9265.0,8941.558925623958,9161.07749901688,9272.362415208097,9228.710366405892
2026-07-11 01:00:00,8792.0,8820.0,8530.070987628656,8711.14319084463,8843.9892202525,8771.495355164883
2026-07-11 02:00:00,8480.0,8483.0,8209.49203170394,8423.759718786492,8543.04366314223,8480.023060255242
2026-07-11 03:00:00,8339.0,8275.0,7991.015571665744,8163.284890407282,8258.494365936447,8183.189008812338
2026-07-11 04:00:00,8185.0,8137.0,7840.8756370203355,7897.766614765897,7992.917375115072,7921.073133167104
2026-07-11 05:00:00,8059.0,8050.0,7787.963297107322,7826.037107919222,7920.233814982324,7861.582854096264
2026-07-11 06:00:00,8134.0,8122.0,7948.005695918022,8005.163507109145,8100.006084302252,8053.087151073033
2026-07-11 07:00:00,8366.0,8345.0,8239.013392595334,8195.169242871101,8332.59349185691,8288.151580892776
2026-07-11 08:00:00,8681.0,8651.0,8643.75468438745,8536.340896022251,8756.624746312518,8727.347605945939
2026-07-11 09:00:00,9411.0,9288.0,9282.358579137564,9190.254543682588,9373.22433250597,9332.222339457803
2026-07-11 10:00:00,9864.0,9736.0,9689.787099007664,9695.252155636732,9852.217957730842,9841.131205174188
2026-07-11 11:00:00,10069.0,9969.0,9876.032016249517,9958.243399715044,10113.607069680265,10102.313483519816
2026-07-11 12:00:00,10155.0,10055.0,9932.789871283276,9957.533239884604,10126.658887507714,10108.57723961766
2026-07-11 13:00:00,10140.0,10000.0,9882.620722429707,9913.248749556598,10063.939515943983,10063.97177595178
2026-07-11 14:00:00,10197.0,10071.0,9935.234234519057,10012.034840777264,10178.96528221843,10166.130716628943
2026-07-11 15:00:00,10138.0,10034.0,9893.631233745939,9967.383718460973,10139.97062083437,10122.357203748783
2026-07-11 16:00:00,10087.0,9994.0,9861.294652617089,9939.74320746737,10097.424174283738,10080.636248538205
2026-07-11 17:00:00,10091.0,9953.0,9796.290744560654,9869.493133783513,10033.708920991485,10028.761971297561
2026-07-11 18:00:00,10030.0,10021.0,9862.607166894099,9963.601386111479,10126.96901355018,10110.603019912316
2026-07-11 19:00:00,9866.0,9927.0,9787.705869082929,9877.301936239128,10032.470566919528,10012.265798051725
2026-07-11 20:00:00,9757.0,9697.0,9592.113247763693,9619.531919761374,9807.71745398065,9796.750913112946
2026-07-11 21:00:00,9779.0,9704.0,9554.236239730646,9587.204495428941,9778.38229656325,9724.589820808013
2026-07-11 22:00:00,9660.0,9551.0,9405.147805373272,9555.90187339136,9728.70632939573,9701.796094707344
2026-07-11 23:00:00,9513.0,9398.0,9162.1717233522,9381.289685417043,9586.994713684098,9561.517481108112
2026-07-12 00:00:00,9157.0,9187.0,9034.714568463685,9142.027671263633,9362.655645602885,9268.704347188623
2026-07-12 01:00:00,8755.0,8763.0,8585.441492203854,8648.821202222738,8835.479216869864,8763.388775175605
2026-07-12 02:00:00,8408.0,8485.0,8292.927479902402,8379.593892596808,8573.681133742748,8503.869903054598
2026-07-12 03:00:00,8249.0,8157.0,8026.411402116577,8133.857444215417,8317.355105739827,8200.974998307447
2026-07-12 04:00:00,8028.0,8026.0,7868.990662839686,7883.375040340234,8019.756685789962,7924.619074899606
2026-07-12 05:00:00,7958.0,7962.0,7823.665117007918,7814.99917708124,7948.6037531236725,7849.327563877017
2026-07-12 06:00:00,8045.0,8058.0,7987.898249700314,7972.025375237652,8083.842443378239,8009.6832446867875
2026-07-12 07:00:00,8296.0,8243.0,8249.552678279233,8090.321444641439,8253.834644921859,8192.384963013568
2026-07-12 08:00:00,8665.0,8588.0,8660.804346260327,8505.1106508361,8739.965349766997,8676.87777840328
2026-07-12 09:00:00,9255.0,9192.0,9280.393638219275,9120.151456090865,9377.140525400939,9277.301504326597
2026-07-12 10:00:00,9823.0,9652.0,9685.187456425914,9530.41611298816,9801.00405541028,9690.339841788516
2026-07-12 11:00:00,9986.0,9848.0,9855.746410978893,9836.812891769256,10049.964420166634,9977.6680690484
2026-07-12 12:00:00,10109.0,9936.0,9905.923453692905,9964.429616456118,10103.040056865528,10062.55653432248
2026-07-12 13:00:00,10074.0,9973.0,9916.751814431653,9979.175741540541,10100.564113556688,10070.706431556802
2026-07-12 14:00:00,10113.0,9982.0,9930.754489710831,10004.624706729215,10128.861828335688,10097.447849734806
2026-07-12 15:00:00,10095.0,9981.0,9898.77910373292,9979.02762994909,10119.693556703505,10092.11195088555
2026-07-12 16:00:00,10100.0,10013.0,9905.516769539152,9985.082373170415,10139.961203273448,10088.681570665285
2026-07-12 17:00:00,10117.0,10002.0,9869.696647608038,9994.378609879237,10125.405880116774,10096.036897174114
2026-07-12 18:00:00,10177.0,10017.0,9911.791885882221,10078.434687817675,10158.791302377193,10130.81646011141
2026-07-12 19:00:00,10179.0,9971.0,9859.136365002527,9987.204337345178,10059.122493582452,10038.108745612768
2026-07-12 20:00:00,9995.0,9822.0,9697.380856777294,9780.46082862649,9928.108765737317,9888.0652052759
2026-07-12 21:00:00,9989.0,9810.0,9680.468724865848,9743.606471399858,9923.803942945844,9858.745196217664
2026-07-12 22:00:00,9830.0,9709.0,9558.835220756007,9770.261883729876,9958.226552031148,9839.703562631303
2026-07-12 23:00:00,9647.0,9479.0,9267.165612099216,9463.241733075729,9711.241998787462,9599.40413311329
2026-07-13 00:00:00,9260.0,9171.0,9329.303672125869,9132.79217199823,9293.765369076189,9228.992739400379
2026-07-13 01:00:00,8850.0,8687.0,8854.552730300175,8661.899570072092,8797.370642665412,8763.59281387316
2026-07-13 02:00:00,8483.0,8424.0,8614.494393254532,8411.542091666108,8532.141223799046,8491.407312771991
2026-07-13 03:00:00,8322.0,8180.0,8360.785718636116,8230.507182759962,8352.672265538436,8324.62215894253
2026-07-13 04:00:00,8029.0,8051.0,8222.618048198081,8077.623424938017,8171.908586829495,8132.701761121903
2026-07-13 05:00:00,8047.0,7978.0,8174.652015965625,8027.986063115056,8094.543494373375,8079.472066044165
2026-07-13 06:00:00,8323.0,8174.0,8396.427378629453,8252.111622775607,8378.530737688914,8347.614433685056
2026-07-13 07:00:00,8697.0,8551.0,8763.910954468412,8625.618313807428,8747.927537894057,8724.517180089571
2026-07-13 08:00:00,9344.0,9120.0,9316.986658304048,9185.20566609629,9298.129675495591,9270.7679907445
2026-07-13 09:00:00,10054.0,9791.0,9953.076340275305,9987.03260267039,10092.27819465001,10074.882896773093
2026-07-13 10:00:00,10440.0,10196.0,10336.670336090629,10291.929776082869,10408.554349341917,10424.985231900766
2026-07-13 11:00:00,10578.0,10349.0,10455.077596374778,10478.354829150694,10575.760062919244,10610.93566360299
2026-07-13 12:00:00,10641.0,10371.0,10520.096763066136,10512.299688721165,10640.34543957298,10640.34796831501
2026-07-13 13:00:00,10604.0,10379.0,10534.536959379784,10501.389750006329,10630.666395397095,10640.388475482425
2026-07-13 14:00:00,10677.0,10443.0,10566.79765835201,10550.6754023118,10675.864812224756,10687.60180489844
2026-07-13 15:00:00,10551.0,10421.0,10511.916877804695,10512.028197187912,10613.729820815966,10646.196255671242
2026-07-13 16:00:00,10526.0,10334.0,10473.389428527254,10444.126792088558,10577.577398749863,10607.183853141054
2026-07-13 17:00:00,10450.0,10229.0,10399.16940859463,10390.683158004498,10471.540999573735,10515.860349717988
2026-07-13 18:00:00,10498.0,10338.0,10458.52134235806,10423.20698090331,10533.517856272325,10531.859190816356
2026-07-13 19:00:00,10324.0,10220.0,10366.282233922606,10151.235997263222,10285.948492530784,10261.424829067639
2026-07-13 20:00:00,10106.0,9976.0,10184.379401983846,10009.974059631413,10150.695790336627,10091.754268056331
2026-07-13 21:00:00,10058.0,9902.0,10114.109768373115,9966.412029274205,10055.734601720442,9995.58775124572
2026-07-13 22:00:00,10027.0,9876.0,10043.479326399509,9922.647645453346,9998.833364281905,9945.908457341859
2026-07-13 23:00:00,9817.0,9552.0,9705.06362770766,9684.71957777972,9793.343789038465,9685.494897868983
2026-07-14 00:00:00,9337.0,9153.0,9338.79373859764,9238.597329102791,9177.705933171956,9176.306122060696
2026-07-14 01:00:00,8906.0,8677.0,8863.817449502021,8820.58883171092,8744.966009137885,8738.941611942346
2026-07-14 02:00:00,8574.0,8401.0,8577.960651864203,8520.580585924321,8447.601324224916,8439.917786403583
2026-07-14 03:00:00,8419.0,8116.0,8346.180089717345,8327.477085018307,8253.97584213839,8282.18444448399
2026-07-14 04:00:00,8170.0,7993.0,8209.83622987002,8141.404356932244,8067.311709765066,8079.642831258105
2026-07-14 05:00:00,8131.0,7977.0,8183.867250824636,8138.982638183519,8064.919092372016,8082.75197051788
2026-07-14 06:00:00,8352.0,8205.0,8394.883500150501,8403.484468340377,8336.69868136941,8315.88235200416
2026-07-14 07:00:00,8741.0,8634.0,8780.548391907358,8819.298912206013,8747.166909287358,8734.660589363642
2026-07-14 08:00:00,9299.0,9194.0,9286.757661348614,9370.237845241902,9239.617543018858,9218.845265320324
2026-07-14 09:00:00,9971.0,9858.0,9939.713167451666,10079.440324883304,9971.84558289145,9978.065398183897
2026-07-14 10:00:00,10332.0,10081.0,10247.868982797918,10308.76339283445,10245.193299970066,10208.008346053206
2026-07-14 11:00:00,10387.0,10220.0,10408.001585449425,10407.971861311291,10354.948213679074,10284.465106023139
2026-07-14 12:00:00,10376.0,10156.0,10407.448373539144,10437.348969131945,10351.19261522313,10322.204912795853
2026-07-14 13:00:00,10388.0,10104.0,10394.382559019505,10374.393840798353,10316.82273939431,10271.391364794501
2026-07-14 14:00:00,10443.0,10166.0,10445.946522067115,10446.368314058445,10400.698014366133,10340.194345945793
2026-07-14 15:00:00,10371.0,10141.0,10411.77541072995,10402.334837538785,10336.722728027446,10288.97803105963
2026-07-14 16:00:00,10291.0,10132.0,10390.843944911194,10377.5351752427,10324.07361677622,10256.316793116128
2026-07-14 17:00:00,10263.0,10103.0,10368.539956381046,10341.40905866948,10269.629008557593,10215.41218124253
2026-07-14 18:00:00,10370.0,10200.0,10430.625582781751,10420.069616750332,10339.167915946358,10277.584380161323
2026-07-14 19:00:00,10165.0,10037.0,10334.75329853624,10316.471034028285,10227.993518107945,10172.867407080086
2026-07-14 20:00:00,9866.0,9833.0,10164.431383962976,10105.034897224912,10027.329364209394,9979.32279638753
2026-07-14 21:00:00,9896.0,9765.0,10124.375923010419,10068.057836865895,9969.033084035957,9916.864012468679
2026-07-14 22:00:00,9925.0,9807.0,10064.350931385588,9981.221829136342,9919.788860247741,9868.89757955511
2026-07-14 23:00:00,9752.0,9504.0,9757.292204325793,9731.859097409013,9666.375424729635,9620.26621768713
2026-07-15 00:00:00,9199.0,9095.0,9248.886184936702,9322.891038365895,9232.798011072902,9215.67232091875
2026-07-15 01:00:00,8762.0,8661.0,8805.499615344677,8880.073158027852,8762.077154353618,8749.566470763186
2026-07-15 02:00:00,8484.0,8405.0,8535.307906186183,8589.841210948096,8453.358679413517,8472.867535846603
2026-07-15 03:00:00,8329.0,8096.0,8274.254540178803,8394.489179786744,8295.913342814802,8298.327501487984
2026-07-15 04:00:00,8138.0,7932.0,8120.340179018981,8111.0744124086605,8003.639223705642,8028.455001663149
2026-07-15 05:00:00,8076.0,7963.0,8137.117931520158,8193.314134272145,8062.265129137863,8085.2955743484
2026-07-15 06:00:00,8295.0,8220.0,8364.91390787494,8433.584529354059,8318.810533503238,8320.692790234069
2026-07-15 07:00:00,8728.0,8616.0,8753.15304119161,8804.929780972248,8666.054598520952,8659.799381833274
2026-07-15 08:00:00,9300.0,9148.0,9261.884868510699,9385.03665083278,9279.332289603377,9237.259236116332
2026-07-15 09:00:00,9947.0,9794.0,9906.758638842693,10077.688111535208,9946.982930787664,9921.189366097678
2026-07-15 10:00:00,10391.0,10065.0,10242.121547634186,10413.15533505459,10280.549683250109,10219.923625874726
2026-07-15 11:00:00,10488.0,10197.0,10383.311378768767,10528.62975440001,10387.60766178647,10319.27425805683
2026-07-15 12:00:00,10431.0,10155.0,10413.022209152321,10574.056958145604,10371.750735039643,10349.114930055348
2026-07-15 13:00:00,10439.0,10139.0,10415.294188955479,10547.571664497396,10389.055631918456,10353.122146293299
2026-07-15 14:00:00,10541.0,10185.0,10469.923092495455,10583.499175667059,10458.448950595186,10420.459664530325
2026-07-15 15:00:00,10448.0,10119.0,10399.793215446138,10498.612698182338,10310.610167133702,10312.574271150314
2026-07-15 16:00:00,10453.0,10091.0,10378.356696774343,10478.513983802342,10309.169322218262,10296.936136814296
2026-07-15 17:00:00,10395.0,10010.0,10344.299463298617,10416.956520498517,10218.773854701369,10226.14358912203
2026-07-15 18:00:00,10437.0,10137.0,10406.576591437974,10496.510735139254,10279.736841700258,10266.370972792707
2026-07-15 19:00:00,10223.0,9985.0,10311.277979534285,10326.663923691838,10140.073702813783,10146.058436443234
2026-07-15 20:00:00,10037.0,9865.0,10172.175015648085,10135.438975603389,9932.403116025778,9986.45082201147
2026-07-15 21:00:00,9959.0,9774.0,10108.138108595234,10122.591882820374,9881.261708071788,9895.219382608162
2026-07-15 22:00:00,10078.0,9802.0,10042.010810921112,10088.093577799405,9855.8369516523,9876.091752499213
2026-07-15 23:00:00,9847.0,9536.0,9734.873515611616,9853.452993913581,9642.812261740524,9682.577308711787
2026-07-16 00:00:00,9289.0,9108.0,9070.263846821497,9353.261756074546,9209.49805867389,9267.972078193274
2026-07-16 01:00:00,8878.0,8674.0,8619.41482436773,8925.077295357172,8780.241111543943,8835.324544690795
2026-07-16 02:00:00,8535.0,8366.0,8309.282282982804,8619.235710757524,8506.19067148747,8542.344592977826
2026-07-16 03:00:00,8333.0,8138.0,8112.8159611375995,8416.905616301554,8336.520712933989,8368.947262415853
2026-07-16 04:00:00,8158.0,7860.0,7894.157468924905,8209.449446790997,8108.094559695159,8141.104634939854
2026-07-16 05:00:00,8164.0,7843.0,7883.972776355716,8193.056188503073,8091.80547866398,8130.948927054199
2026-07-16 06:00:00,8394.0,8147.0,8158.133310434567,8414.52029619474,8328.338914726977,8352.001250215433
2026-07-16 07:00:00,8783.0,8501.0,8508.08530021246,8776.45689364848,8677.617603616505,8719.510618242106
2026-07-16 08:00:00,9270.0,9029.0,9037.042263477408,9284.338636176346,9157.801270015132,9213.000020924368
2026-07-16 09:00:00,9968.0,9715.0,9681.988951534178,10029.65673046171,9793.262789671446,9857.679353535794
2026-07-16 10:00:00,10303.0,10082.0,10044.713556277327,10374.808372640948,10159.077122239303,10224.690050481553
2026-07-16 11:00:00,10470.0,10157.0,10164.391493710464,10495.895160477601,10269.525547024095,10305.09908032988
2026-07-16 12:00:00,10402.0,10107.0,10159.314753467275,10459.751117493579,10241.200970978138,10286.976820749249
2026-07-16 13:00:00,10377.0,10066.0,10158.713482248015,10471.805244134437,10245.847695232522,10298.746719709823
2026-07-16 14:00:00,10368.0,10150.0,10224.1078039263,10536.337948009115,10293.0565858312,10342.886611337934
2026-07-16 15:00:00,10370.0,10172.0,10202.293465186594,10452.620633212808,10219.796422188143,10285.289797686839
2026-07-16 16:00:00,10308.0,10140.0,10173.264030164866,10402.959925502637,10168.582416777925,10242.885655124224
2026-07-16 17:00:00,10150.0,10038.0,10093.65592538981,10342.290420575493,10119.995822464394,10199.09711114039
2026-07-16 18:00:00,10326.0,10232.0,10218.560152052438,10434.362426333759,10221.831743773713,10281.454169231256
2026-07-16 19:00:00,10204.0,10042.0,10101.821055962462,10264.770130215853,10068.843486140058,10131.708426641428
2026-07-16 20:00:00,9998.0,9831.0,9912.228017142803,9997.301470044174,9792.300984603748,9836.813235968653
2026-07-16 21:00:00,9872.0,9786.0,9872.755866506235,10017.812421847502,9774.663054885064,9824.94501952782
2026-07-16 22:00:00,9852.0,9841.0,9833.317098008649,10022.163191997986,9790.390641035729,9852.364222911654
2026-07-16 23:00:00,9785.0,9609.0,9545.45967334652,9823.570964259005,9612.749196373137,9695.569250257593
2026-07-17 00:00:00,9337.0,9201.0,9067.039879471691,9246.484165869188,9236.074382676768,9215.381666704254
2026-07-17 01:00:00,8746.0,8717.0,8606.69545620468,8806.551160182797,8784.464091846969,8762.91452542501
2026-07-17 02:00:00,8529.0,8411.0,8326.107559459773,8516.388057668128,8531.823303042322,8487.443687463101
2026-07-17 03:00:00,8351.0,8136.0,8137.350171656783,8349.511822686503,8363.693454784883,8349.0589190992
2026-07-17 04:00:00,8154.0,7973.0,7985.538255683034,8157.949331783038,8179.824700552134,8141.418289004607
2026-07-17 05:00:00,8157.0,7951.0,7972.75521373517,8128.819210457076,8138.696780369462,8127.738296600089
2026-07-17 06:00:00,8470.0,8221.0,8204.270150860617,8348.329604035383,8378.746594499687,8343.200795102188
2026-07-17 07:00:00,8750.0,8570.0,8544.10711463921,8753.475283718308,8718.584369150158,8717.734355281718
2026-07-17 08:00:00,9286.0,9189.0,9110.20990175653,9271.640546823048,9248.416277784734,9227.989274846923
2026-07-17 09:00:00,10043.0,9878.0,9780.042815080284,9946.821773654063,9932.599609584715,9888.926507527352
2026-07-17 10:00:00,10266.0,10156.0,10124.784332096173,10342.55410431494,10314.69998708233,10285.688276881208
2026-07-17 11:00:00,10477.0,10283.0,10277.344564396104,10465.025229880604,10425.185672982738,10401.794482219086
2026-07-17 12:00:00,10459.0,10313.0,10303.840860254737,10384.70204570566,10372.958838900684,10327.08109538646
2026-07-17 13:00:00,10457.0,10278.0,10300.861493208939,10382.354002287586,10392.921232904802,10325.643938920879
2026-07-17 14:00:00,10487.0,10356.0,10364.351959731006,10459.118890103713,10504.57703180698,10432.53584345646
2026-07-17 15:00:00,10374.0,10310.0,10307.370779145063,10340.46769614473,10400.820800180063,10358.185684303326
2026-07-17 16:00:00,10320.0,10318.0,10303.268839659282,10325.412178228038,10391.636345053737,10346.258780268015
2026-07-17 17:00:00,10324.0,10226.0,10224.53561992836,10283.904801122333,10349.579645222166,10295.727050603227
2026-07-17 18:00:00,10429.0,10284.0,10292.326131738666,10303.504004642058,10353.723007254286,10321.771277985192
2026-07-17 19:00:00,10216.0,10029.0,10124.901592084418,10093.985603653991,10147.738279341344,10103.825766490965
2026-07-17 20:00:00,9995.0,9795.0,9910.894776338,9912.555693101998,9867.138932401795,9907.71980489502
2026-07-17 21:00:00,9935.0,9748.0,9869.30969370393,9834.142710802254,9822.832334821791,9846.11150948784
2026-07-17 22:00:00,9991.0,9797.0,9835.408211099264,9901.044893666902,9891.711751163724,9882.867340958463
2026-07-17 23:00:00,9871.0,9567.0,9545.751111815614,9696.078881372643,9679.819774730975,9656.748703313164
2026-07-18 00:00:00,9458.0,9228.0,8906.170114273806,9259.424439048207,9290.66375220366,9313.91171868563
2026-07-18 01:00:00,8924.0,8792.0,8454.139326187013,8875.513495722584,8877.120038002717,8928.192033498794
2026-07-18 02:00:00,8725.0,8480.0,8154.343943393018,8499.336118222069,8531.524150915717,8588.772004569437
2026-07-18 03:00:00,8435.0,8339.0,7979.116736147749,8330.346119382635,8387.738084290117,8398.73798095901
2026-07-18 04:00:00,8219.0,8185.0,7835.106320551127,8157.402321915203,8183.024052490207,8211.01278810475
2026-07-18 05:00:00,8182.0,8059.0,7769.811784020345,8086.450457937786,8111.893939937194,8131.200966333855
2026-07-18 06:00:00,8295.0,8134.0,7907.608595535319,8195.651767272313,8217.590888410317,8232.174456339788
2026-07-18 07:00:00,8474.0,8366.0,8223.00081958753,8392.82830572298,8441.715392019521,8425.279076641345
2026-07-18 08:00:00,8971.0,8681.0,8648.981665459356,8655.046240870153,8671.135762927406,8681.548075405035
2026-07-18 09:00:00,9641.0,9411.0,9327.52410657807,9350.738392305098,9400.668959190349,9406.969539437387
2026-07-18 10:00:00,10063.0,9864.0,9743.606040462995,9801.607895075538,9879.238355375246,9887.704320753443
2026-07-18 11:00:00,10268.0,10069.0,9938.171424884018,10013.68773206672,10096.10889675661,10112.301246043793
2026-07-18 12:00:00,10351.0,10155.0,10004.571111121004,10063.788452811626,10093.469165628896,10168.817903035238
2026-07-18 13:00:00,10258.0,10140.0,10003.658131674754,10052.404995924016,10089.208549989484,10143.963338266138
2026-07-18 14:00:00,10262.0,10197.0,10052.701968456979,10064.324866286803,10118.033778408197,10165.07602237203
2026-07-18 15:00:00,10220.0,10138.0,9976.79525033525,10039.502058859134,10091.783883966706,10145.63098192304
2026-07-18 16:00:00,10232.0,10087.0,9939.919586279633,10006.016279413943,10052.39434826716,10097.289143217891
2026-07-18 17:00:00,10273.0,10091.0,9908.588869678784,9967.742503387784,10009.16727173416,10029.726630925557
2026-07-18 18:00:00,10244.0,10030.0,9907.084126100024,9987.085854681905,10005.23085789054,10049.30110086119
2026-07-18 19:00:00,10233.0,9866.0,9792.202043793599,9902.200288940028,9916.861934353758,9943.023591620837
2026-07-18 20:00:00,10055.0,9757.0,9638.576592045749,9730.61332155928,9703.796745989204,9738.32285533425
2026-07-18 21:00:00,10000.0,9779.0,9597.30133237643,9668.803492640915,9638.457160750735,9708.427547057123
2026-07-18 22:00:00,9869.0,9660.0,9466.299988980907,9554.128761905133,9563.407942433212,9636.747649558614
2026-07-18 23:00:00,9786.0,9513.0,9222.772265154896,9490.292753168433,9488.322497857767,9558.708581243172
2026-07-19 00:00:00,9349.0,9157.0,9032.208349671098,9283.562624284672,9212.84980965453,9266.209072482918
2026-07-19 01:00:00,8934.0,8755.0,8597.70592319532,8778.090570659468,8723.531506235926,8768.51195122066
2026-07-19 02:00:00,8575.0,8408.0,8283.01029204469,8488.662494769012,8474.845788874401,8510.768206196402
2026-07-19 03:00:00,8359.0,8249.0,8104.298210876725,8302.815404038018,8285.482210572784,8337.132893196558
2026-07-19 04:00:00,8139.0,8028.0,7939.328731909608,8086.826482182161,7996.520480028895,8068.919501179648
2026-07-19 05:00:00,8102.0,7958.0,7907.308574942743,8032.6413949495545,7954.732981736394,8019.203661851037
2026-07-19 06:00:00,8169.0,8045.0,8069.329927034482,8192.497310822033,8103.763754986157,8159.734095083415
2026-07-19 07:00:00,8433.0,8296.0,8387.089478042079,8287.893758358723,8244.739140865142,8291.00523511554
2026-07-19 08:00:00,8754.0,8665.0,8837.238799835724,8580.636181732718,8548.159349781927,8582.41950847119
2026-07-19 09:00:00,9349.0,9255.0,9468.507280057565,9262.59182398597,9179.751975350224,9237.17848263437
2026-07-19 10:00:00,9850.0,9823.0,9901.967147638814,9693.444385574618,9596.749459218925,9671.23170129647
2026-07-19 11:00:00,10086.0,9986.0,10083.395879260159,9922.304025879166,9845.190585226213,9929.539009235428
2026-07-19 12:00:00,10167.0,10109.0,10165.189945971171,10024.695725253741,9970.90717414554,10019.844332165305
2026-07-19 13:00:00,10194.0,10074.0,10197.70010556991,10023.019589631871,9977.803427809971,10036.714808525345
2026-07-19 14:00:00,10164.0,10113.0,10214.826943261167,10023.829032126734,9998.509353947344,10048.807735389513
2026-07-19 15:00:00,10196.0,10095.0,10171.317548335242,10011.759375723386,10001.77708677451,10020.996125373184
2026-07-19 16:00:00,10186.0,10100.0,10164.570000212383,9997.040375499133,9981.950250588796,9996.952621774182
2026-07-19 17:00:00,10269.0,10117.0,10133.641022586608,10003.623485273876,9969.523686154007,10021.69357958164
2026-07-19 18:00:00,10269.0,10177.0,10201.818162196054,10119.381674442857,10113.343291758487,10153.28195831425
2026-07-19 19:00:00,10178.0,10179.0,10201.776012804421,10091.380168990037,10065.697261701069,10088.774432834238
2026-07-19 20:00:00,10020.0,9995.0,10007.446918746464,9944.911377656586,9899.587241914876,9931.520707633157
2026-07-19 21:00:00,9997.0,9989.0,9960.058318142526,9911.24945030697,9848.701221654357,9873.91443010389
2026-07-19 22:00:00,9907.0,9830.0,9802.02889387441,9863.349682126049,9830.582514226904,9856.209964559486
2026-07-19 23:00:00,9693.0,9647.0,9541.066637281316,9630.875771927724,9548.155644186436,9656.337775239439
2026-07-20 00:00:00,9260.0,9260.0,9447.496178612726,9258.7128582723,9133.783264611679,9201.32853480583
2026-07-20 01:00:00,8784.0,8850.0,8988.023240419443,8781.74618227009,8668.731903656842,8725.110885968224
2026-07-20 02:00:00,8463.0,8483.0,8680.777823873745,8546.211971904137,8437.05905005658,8500.040517081932
2026-07-20 03:00:00,8292.0,8322.0,8510.868807977899,8260.628345789484,8202.569241719466,8278.719809209779
2026-07-20 04:00:00,8049.0,8029.0,8341.354703997433,8120.08898776815,8061.206759479148,8120.853260661821
2026-07-20 05:00:00,8057.0,8047.0,8315.345117779207,8094.144992327004,8023.328508153576,8081.957174044107
2026-07-20 06:00:00,8373.0,8323.0,8565.606050211365,8357.315531281773,8257.888753484165,8330.64575404904
2026-07-20 07:00:00,8669.0,8697.0,8933.300858518265,8698.954715408789,8590.539642990892,8671.377818549618
2026-07-20 08:00:00,9185.0,9344.0,9499.983039068804,9361.427819624427,9234.936159525276,9296.932813811805
2026-07-20 09:00:00,9925.0,10054.0,10186.74067223126,10017.647134314113,9894.123961092737,9963.17851314275
2026-07-20 10:00:00,10209.0,10440.0,10570.753221609364,10391.322512968756,10219.790490664325,10264.762094164236
2026-07-20 11:00:00,10342.0,10578.0,10705.460955803701,10527.745018068217,10331.95346058912,10402.463509849664
2026-07-20 12:00:00,10303.0,10641.0,10751.766013919752,10551.140855450545,10367.705779023312,10405.5639811289
2026-07-20 13:00:00,10310.0,10604.0,10739.664880575834,10547.761295005605,10344.196888074213,10397.508147426133
2026-07-20 14:00:00,10346.0,10677.0,10792.37644021329,10593.77741515842,10431.476999241433,10458.039186409596
2026-07-20 15:00:00,10420.0,10551.0,10708.439940166856,10504.104437734199,10325.609236101192,10362.09878438217
2026-07-20 16:00:00,10389.0,10526.0,10735.558069511386,10488.209420282454,10341.487038069772,10344.121898967762
2026-07-20 17:00:00,10216.0,10450.0,10642.824980415755,10456.362679645927,10246.696624767532,10299.945882123797
2026-07-20 18:00:00,10337.0,10498.0,10712.129199210289,10456.811041837233,10268.714494564703,10331.65049383459
2026-07-20 19:00:00,10112.0,10324.0,10625.778194553448,10346.641776313001,10177.927550985993,10195.620003231401
2026-07-20 20:00:00,9977.0,10106.0,10436.543688241667,10110.526828340468,9975.171167288134,10006.340250364436
2026-07-20 21:00:00,10007.0,10058.0,10381.823836841108,10086.48895878735,9959.950887192159,10024.6613979105
2026-07-20 22:00:00,9990.0,10027.0,10286.923090541623,10019.725993448707,9935.861705379835,9987.906065232619
2026-07-20 23:00:00,9786.0,9817.0,10048.640763476658,9783.723031007557,9718.499850880193,9745.070503643474
2026-07-21 00:00:00,9304.0,9337.0,9380.506232178901,9255.328089992885,9220.81676987366,9218.344500847053
2026-07-21 01:00:00,8823.0,8906.0,8945.068702431936,8826.61297197502,8793.22926441216,8809.246746516292
2026-07-21 02:00:00,8487.0,8574.0,8659.571390598034,8482.720610833538,8430.48480958901,8446.184821599203
2026-07-21 03:00:00,8391.0,8419.0,8501.878666473396,8290.067937453554,8284.417316909527,8319.283836601404
2026-07-21 04:00:00,8185.0,8170.0,8330.343740794286,8127.20091581194,8139.893290962491,8170.903563508057
2026-07-21 05:00:00,8220.0,8131.0,8315.884537919319,8093.525699084968,8103.114922467216,8146.648365317835
2026-07-21 06:00:00,8483.0,8352.0,8533.67903426739,8284.610991306667,8295.20686497554,8361.068505145477
2026-07-21 07:00:00,8759.0,8741.0,8904.789448647083,8693.614834219927,8682.244682872079,8765.145914312618
2026-07-21 08:00:00,9393.0,9299.0,9424.626145081216,9307.339093249908,9289.469021928375,9360.879954146878
2026-07-21 09:00:00,10097.0,9971.0,10112.69820678449,9997.089866329858,9942.441955147755,9972.422364693259
2026-07-21 10:00:00,10476.0,10332.0,10491.196084891293,10235.296307451448,10229.947597802788,10254.636112759908
2026-07-21 11:00:00,10528.0,10387.0,10606.117713845042,10395.084024837937,10431.37062628837,10441.905907045484
2026-07-21 12:00:00,10523.0,10376.0,10551.878379153084,10399.407374124827,10349.925373809921,10397.788212001085
2026-07-21 13:00:00,10532.0,10388.0,10554.06622669043,10432.683797541933,10336.973505404329,10403.544568572539
2026-07-21 14:00:00,10568.0,10443.0,10576.890926884318,10408.044408993104,10351.439282388903,10412.291034345708
2026-07-21 15:00:00,10491.0,10371.0,10528.591014016933,10403.155045420595,10334.358999333484,10397.408876968137
2026-07-21 16:00:00,10441.0,10291.0,10505.717856561343,10335.605220792697,10302.706509891255,10339.703241279547
2026-07-21 17:00:00,10427.0,10263.0,10500.92297465428,10357.809629487308,10320.311118611635,10315.371096510842
2026-07-21 18:00:00,10428.0,10370.0,10568.678025328587,10379.737119586416,10369.336488191891,10358.843532147132
2026-07-21 19:00:00,10272.0,10165.0,10450.550037248775,10216.264925143769,10209.256423219882,10212.6887715811
2026-07-21 20:00:00,10102.0,9866.0,10233.709061883585,10009.833307369772,10011.781951689216,10021.91982820226
2026-07-21 21:00:00,10027.0,9896.0,10234.462579656498,10014.305924185554,10025.127812110453,10021.249413219013
2026-07-21 22:00:00,10071.0,9925.0,10184.802828152411,9880.177086385967,9924.287915823612,9953.329609433407
2026-07-21 23:00:00,9801.0,9752.0,9950.40658222717,9681.71755332732,9709.797581511246,9747.188442194092
2026-07-22 00:00:00,9262.0,9199.0,9304.335342111604,9283.970141226207,9227.925799853663,9266.892278447269
2026-07-22 01:00:00,8840.0,8762.0,8865.430337313743,8791.419733158564,8778.527910273551,8810.629275961948
2026-07-22 02:00:00,8614.0,8484.0,8599.194452383426,8504.230641033655,8459.277481374316,8491.854502766628
2026-07-22 03:00:00,8458.0,8329.0,8434.911661653507,8322.776031015255,8290.903458255005,8317.9100632373
2026-07-22 04:00:00,8230.0,8138.0,8263.330411352725,8160.4103100574985,8139.844933748794,8141.196731369992
2026-07-22 05:00:00,8128.0,8076.0,8234.286426719285,8137.604822669871,8112.71655063863,8122.5351501223095
2026-07-22 06:00:00,8361.0,8295.0,8455.77817961596,8384.729794405113,8352.239288117344,8392.463705363052
2026-07-22 07:00:00,8727.0,8728.0,8853.841629647779,8719.35401918704,8695.93316820177,8719.793422616418
2026-07-22 08:00:00,9309.0,9300.0,9356.081811703581,9227.053558173573,9191.96335784084,9214.442260385644
2026-07-22 09:00:00,9980.0,9947.0,9984.096005712507,9891.792165120196,9843.130560625075,9877.954114035156
2026-07-22 10:00:00,10365.0,10391.0,10370.217104487121,10202.493753049877,10197.4978652199,10208.824661530713
2026-07-22 11:00:00,10458.0,10488.0,10484.007972485795,10347.331040019957,10306.835708691064,10310.613367561271
2026-07-22 12:00:00,10408.0,10431.0,10511.532465937653,10311.234318032259,10290.413122978294,10263.971598428801
2026-07-22 13:00:00,10462.0,10439.0,10580.887340461071,10315.230719113883,10316.193116823588,10266.390950567542
2026-07-22 14:00:00,10447.0,10541.0,10577.003713870907,10348.407923612489,10316.579579446749,10285.225447710529
2026-07-22 15:00:00,10413.0,10448.0,10533.897325651693,10360.780336155756,10366.916377909542,10304.015781192149
2026-07-22 16:00:00,10428.0,10453.0,10547.335897871044,10339.525641988499,10322.688621954376,10270.678978404738
2026-07-22 17:00:00,10340.0,10395.0,10471.635219831593,10236.155090283828,10242.797558625813,10212.914733138668
2026-07-22 18:00:00,10455.0,10437.0,10523.089110379839,10318.908019830487,10315.719012909984,10275.841062945137
2026-07-22 19:00:00,10310.0,10223.0,10374.617620072804,10103.50882565628,10104.287779293863,10076.581467575079
2026-07-22 20:00:00,10033.0,10037.0,10217.840802682666,10029.148228549337,10013.688849146292,9972.935704972875
2026-07-22 21:00:00,10029.0,9959.0,10174.203243219294,10026.92313500798,10054.947352908855,10008.710728725498
2026-07-22 22:00:00,10084.0,10078.0,10178.873526121859,9986.599660399772,10046.668280582013,10010.682577031643
2026-07-22 23:00:00,9784.0,9847.0,9936.70766234074,9751.866962603384,9795.391598869994,9780.938902411126
2026-07-23 00:00:00,9300.0,9289.0,9242.072048715008,9288.627422651534,9291.884489788898,9284.166427948032
2026-07-23 01:00:00,8843.0,8878.0,8791.602449404425,8823.63186990466,8812.078872971902,8838.148541976183
2026-07-23 02:00:00,8512.0,8535.0,8476.801598883972,8488.436594805502,8462.358182547614,8473.63237627555
2026-07-23 03:00:00,8373.0,8333.0,8293.340949467176,8341.884692858954,8341.749308025324,8363.08931137347
2026-07-23 04:00:00,8226.0,8158.0,8119.306187294125,8161.696748082063,8168.549327689373,8184.789047666483
2026-07-23 05:00:00,8235.0,8164.0,8121.558820279723,8202.7107660254,8191.098333379898,8212.528762981752
2026-07-23 06:00:00,8459.0,8394.0,8360.922976200134,8438.584793259737,8419.102252006884,8447.122092848715
2026-07-23 07:00:00,8744.0,8783.0,8730.77732365127,8737.29223167114,8697.840997759105,8738.27663751906
2026-07-23 08:00:00,9314.0,9270.0,9225.59074122505,9298.39059960339,9297.47633416429,9315.691370797258
2026-07-23 09:00:00,9916.0,9968.0,9872.052230799345,9940.912004103935,9914.603559338779,9929.96618351457
2026-07-23 10:00:00,10319.0,10303.0,10183.353119488957,10347.203112945257,10288.225335937088,10311.287927512207
2026-07-23 11:00:00,10389.0,10470.0,10306.033863646997,10422.688600117595,10397.394862220308,10430.67819053114
2026-07-23 12:00:00,10368.0,10402.0,10272.036968076138,10411.575006004427,10352.543552671905,10392.358504955191
2026-07-23 13:00:00,10367.0,10377.0,10256.717412492904,10387.011633361135,10336.743434960568,10379.58523693734
2026-07-23 14:00:00,10456.0,10368.0,10265.027023292108,10432.695680386067,10392.279199308728,10420.044491653354
2026-07-23 15:00:00,10398.0,10370.0,10260.585951339106,10419.871005720832,10353.677187364961,10355.477444179352
2026-07-23 16:00:00,10306.0,10308.0,10215.049232593152,10354.309582628364,10295.576886740848,10311.981720946585
2026-07-23 17:00:00,10220.0,10150.0,10121.317538730744,10249.093006108122,10184.195186061968,10194.224999844186
2026-07-23 18:00:00,10339.0,10326.0,10253.183588550035,10322.993055288136,10252.3490090881,10264.15097279398
2026-07-23 19:00:00,10172.0,10204.0,10161.21837407448,10158.311636215127,10115.617130229995,10115.180265265883
2026-07-23 20:00:00,9969.0,9998.0,9968.168364306002,9980.465026069229,9924.123942637254,9951.17130319522
2026-07-23 21:00:00,9941.0,9872.0,9878.888895896362,9968.079636588165,9869.33456143774,9894.101738604028
2026-07-23 22:00:00,10073.0,9852.0,9823.707918266093,9964.267925384536,9931.153530525227,9919.040727942267
2026-07-23 23:00:00,9817.0,9785.0,9631.996334015952,9776.018475982377,9752.622432889453,9725.198836607313
2026-07-24 00:00:00,9358.0,9337.0,9182.760246695223,9279.810308261134,9284.795802234123,9271.089513529772
2026-07-24 01:00:00,8873.0,8746.0,8674.9775984239,8791.641549681228,8790.501982344444,8802.32676183643
2026-07-24 02:00:00,8625.0,8529.0,8443.717611968086,8544.439596580365,8551.425118397532,8544.725582353485
2026-07-24 03:00:00,8411.0,8351.0,8282.176354276871,8398.612529582135,8395.791594501141,8406.0639097622
2026-07-24 04:00:00,8250.0,8154.0,8119.075925257546,8212.359438396126,8226.087449065893,8248.408762685911
2026-07-24 05:00:00,8211.0,8157.0,8129.924076158842,8132.54018426238,8167.798490853415,8153.435348848216
2026-07-24 06:00:00,8455.0,8470.0,8370.74608443931,8395.944890100864,8413.435703028115,8418.301364854822
2026-07-24 07:00:00,8785.0,8750.0,8662.628341027188,8733.58980390912,8750.892154718837,8766.417296571904
2026-07-24 08:00:00,9332.0,9286.0,9143.203583655382,9288.992953340197,9267.453981450592,9311.959634657505
2026-07-24 09:00:00,9922.0,10043.0,9858.61993855754,9982.723509373453,9935.35089668532,10022.670407285113
2026-07-24 10:00:00,10239.0,10266.0,10148.361595098968,10342.982965595409,10310.804955036132,10383.584040107413
2026-07-24 11:00:00,10395.0,10477.0,10314.076942874555,10443.879765570782,10399.739024415592,10470.925183266461
2026-07-24 12:00:00,10447.0,10459.0,10307.273676840321,10399.758918682242,10354.208587288196,10400.163528763156
2026-07-24 13:00:00,10403.0,10457.0,10325.46744782129,10441.348403652588,10389.856437711938,10412.939093803696
2026-07-24 14:00:00,10451.0,10487.0,10360.445581364485,10470.196951997954,10401.60143153012,10427.717980084164
2026-07-24 15:00:00,10303.0,10374.0,10264.691957436686,10359.094854019177,10307.920056570303,10381.576819738184
2026-07-24 16:00:00,10323.0,10320.0,10258.752136407978,10339.788460192112,10260.12811657315,10343.465675027319
2026-07-24 17:00:00,10277.0,10324.0,10236.512330889691,10295.929932801208,10207.29818749894,10287.057600013077
2026-07-24 18:00:00,10372.0,10429.0,10285.925327701714,10363.939274704868,10316.287257905096,10359.006780083373
2026-07-24 19:00:00,10124.0,10216.0,10142.822023195584,10180.318251973757,10133.09337857709,10155.399320149683
2026-07-24 20:00:00,9962.0,9995.0,9939.461307190437,9939.12172982449,9886.187574749574,9918.537840756753
2026-07-24 21:00:00,9890.0,9935.0,9897.813463610799,9934.761699671577,9902.12414084424,9946.300893086693
2026-07-24 22:00:00,9990.0,9991.0,9859.000027467304,9952.075662776122,9978.166835183829,10013.268290758897
2026-07-24 23:00:00,9892.0,9871.0,9614.02288687693,9722.132945737207,9733.369259621131,9738.115935266063
2026-07-25 00:00:00,9389.0,9458.0,9116.278653984387,9311.52687993925,9396.428198945252,9348.768010771248
2026-07-25 01:00:00,8852.0,8924.0,8616.745329383146,8848.300891491415,8881.462605868208,8867.112337759296
2026-07-25 02:00:00,8692.0,8725.0,8369.12371980568,8561.735908686358,8609.745984537487,8594.6763792212
2026-07-25 03:00:00,8500.0,8435.0,8153.003110187837,8405.375231820726,8451.300476058454,8425.156928730488
2026-07-25 04:00:00,8291.0,8219.0,7986.064464022369,8226.534836154513,8281.3369592694,8252.317761442617
2026-07-25 05:00:00,8262.0,8182.0,7949.732254413777,8170.307333461795,8191.0558836743685,8155.7163240689
2026-07-25 06:00:00,8336.0,8295.0,8096.525549593243,8273.432874129383,8280.289939328122,8260.222094312268
2026-07-25 07:00:00,8525.0,8474.0,8353.889858064773,8426.418391952815,8440.7973015222,8435.882241004132
2026-07-25 08:00:00,8913.0,8971.0,8855.636496148807,8829.204409239928,8881.14029009455,8846.887332738042
2026-07-25 09:00:00,9562.0,9641.0,9510.258017876802,9411.700082386955,9484.948840160812,9485.601036808
2026-07-25 10:00:00,9974.0,10063.0,9919.32832057894,9892.735558867596,9961.583506045732,9939.504495939991
2026-07-25 11:00:00,10100.0,10268.0,10095.972143683204,10046.855728994107,10130.800009154393,10094.835595010234
2026-07-25 12:00:00,10217.0,10351.0,10141.15749347866,10114.991864784683,10140.729107860061,10142.361106662902
2026-07-25 13:00:00,10113.0,10258.0,10114.312812370716,10095.331925806759,10118.942158723643,10098.8927007508
2026-07-25 14:00:00,10155.0,10262.0,10125.718384971775,10108.201536637884,10151.937381090422,10120.619000876257
2026-07-25 15:00:00,10146.0,10220.0,10094.304521115762,10062.594996797949,10117.940549335202,10058.368891162112
2026-07-25 16:00:00,10091.0,10232.0,10093.567412101962,10049.334859763856,10103.05349840838,10028.19981027708
2026-07-25 17:00:00,10093.0,10273.0,10082.966693083963,10019.675534234815,10072.447959707617,10019.651546321391
2026-07-25 18:00:00,10065.0,10244.0,10093.101938847973,10041.52707429794,10105.51617438352,10067.649772898496
2026-07-25 19:00:00,10014.0,10233.0,10041.488913774081,9943.380576328567,10012.981366763475,9979.614059048286
2026-07-25 20:00:00,9842.0,10055.0,9863.087247903513,9788.13453989268,9844.194081304955,9829.7595572817
2026-07-25 21:00:00,9893.0,10000.0,9803.264452833213,9792.0825792286,9849.531694494126,9836.919344846496
2026-07-25 22:00:00,9865.0,9869.0,9691.282435824374,9751.961788685421,9877.250055839399,9846.151954730794
2026-07-25 23:00:00,9698.0,9786.0,9465.183948865604,9617.990706300567,9752.341565887822,9716.939888346182
2026-07-26 00:00:00,9258.0,9349.0,9152.195341780047,9311.111928172984,9426.213869064179,9399.029196040075
2026-07-26 01:00:00,8787.0,8934.0,8713.337925337,8854.109788965769,8949.190309706068,8920.855416258757
2026-07-26 02:00:00,8500.0,8575.0,8386.61703136832,8552.21782604793,8613.819782814291,8617.156516772255
2026-07-26 03:00:00,8356.0,8359.0,8184.201656255689,8334.897907984963,8416.785853400725,8408.993951094933
2026-07-26 04:00:00,8250.0,8139.0,8007.933351604403,8162.963409057201,8233.409220410125,8225.946845491497
2026-07-26 05:00:00,8008.0,8102.0,7991.118558377488,8081.761264984898,8118.358911552331,8137.890248418611
2026-07-26 06:00:00,8093.0,8169.0,8134.024741393392,8159.972469961661,8198.318882942312,8209.803644840804
2026-07-26 07:00:00,8348.0,8433.0,8443.376091894379,8333.334367787522,8396.51221796149,8399.161047485122
2026-07-26 08:00:00,8691.0,8754.0,8856.39736299975,8658.162380379368,8730.48137312736,8720.976508357726
2026-07-26 09:00:00,9342.0,9349.0,9452.910942818826,9293.693514359014,9366.471570831265,9365.768712953108
2026-07-26 10:00:00,9771.0,9850.0,9885.180812311393,9718.55401860729,9814.002577055653,9797.836181307892
2026-07-26 11:00:00,9959.0,10086.0,10071.194434854953,9932.597014167912,9997.519590637059,9983.665763755971
2026-07-26 12:00:00,10047.0,10167.0,10124.16590070931,10049.116673043502,10092.13866834619,10077.102820753049
2026-07-26 13:00:00,9995.0,10194.0,10136.375873749443,10023.672046305448,10121.143995383913,10109.040676818791
2026-07-26 14:00:00,10067.0,10164.0,10143.939175223632,10058.175477856312,10129.912801834153,10110.518560474593
2026-07-26 15:00:00,10020.0,10196.0,10133.013779108356,10030.63772901179,10123.341239000953,10107.925227691623
2026-07-26 16:00:00,10039.0,10186.0,10124.944959232638,10033.452147042542,10109.951405015057,10089.578160714436
2026-07-26 17:00:00,10050.0,10269.0,10156.20821320531,10070.098744519979,10130.534000104617,10139.710644906754
2026-07-26 18:00:00,10137.0,10269.0,10171.879924040353,10159.473736205895,10220.302210741556,10217.769946707722
2026-07-26 19:00:00,10105.0,10178.0,10089.983799387745,10056.899880724837,10139.318010191078,10109.306205739367
2026-07-26 20:00:00,9934.0,10020.0,9915.317503120019,9925.878951059387,10008.009762797441,10008.753620761941
2026-07-26 21:00:00,9948.0,9997.0,9866.891034243328,9896.749255401362,9967.419616530939,9971.74509894632
2026-07-26 22:00:00,9949.0,9907.0,9757.45399673623,9922.105811051248,10036.360547683364,10037.940160065777
2026-07-26 23:00:00,9705.0,9693.0,9475.85208111025,9671.169690203858,9795.272684169558,9777.681767853312
2026-07-27 00:00:00,9294.0,9260.0,9297.976142339929,9226.383396128827,9304.80468324104,9302.649088698634
2026-07-27 01:00:00,8743.0,8784.0,8819.492232518758,8698.418016653797,8798.37835582032,8788.651683075788
2026-07-27 02:00:00,8506.0,8463.0,8516.734717479127,8508.855412844814,8588.801493579533,8562.205772926367
2026-07-27 03:00:00,8403.0,8292.0,8335.22314308336,8292.01127168446,8374.825639045439,8341.25233417625
2026-07-27 04:00:00,8245.0,8049.0,8142.463680567549,8139.190733212276,8220.02327063464,8169.172587945822
2026-07-27 05:00:00,8118.0,8057.0,8140.766312472777,8116.408788785345,8186.569665213251,8145.671726427045
2026-07-27 06:00:00,8344.0,8373.0,8416.334181482434,8355.46142994184,8417.485638450675,8404.241905761102
2026-07-27 07:00:00,8694.0,8669.0,8768.505301730716,8668.678268709235,8731.910090702124,8767.854106876533
2026-07-27 08:00:00,9327.0,9185.0,9273.004409693813,9288.296517612664,9299.087753621283,9340.217705199066
2026-07-27 09:00:00,10092.0,9925.0,9934.498545348375,9983.186793293424,10099.36681252888,10077.821473812828
2026-07-27 10:00:00,10474.0,10209.0,10261.862224434915,10274.94550608637,10396.871036497294,10385.552227544053
2026-07-27 11:00:00,10635.0,10342.0,10418.422009985543,10394.316693578037,10541.434278984727,10554.909950833699
2026-07-27 12:00:00,10625.0,10303.0,10408.058457051044,10424.718876822551,10531.32122530534,10534.970274235106
2026-07-27 13:00:00,10684.0,10310.0,10407.054114436136,10362.94204523112,10520.730005506584,10508.076557775245
2026-07-27 14:00:00,10730.0,10346.0,10447.248538890135,10428.511950555792,10562.2313395843,10579.02156398061
2026-07-27 15:00:00,10708.0,10420.0,10462.394343484611,10433.43073338847,10574.419807869537,10583.942399801896
2026-07-27 16:00:00,10677.0,10389.0,10450.635957224773,10400.28535739719,10529.11553216951,10586.383811938835
2026-07-27 17:00:00,10615.0,10216.0,10362.28868310534,10268.894761117464,10359.123869715828,10417.707590026552
2026-07-27 18:00:00,10598.0,10337.0,10405.750602654622,10309.888123976196,10428.85352126723,10460.746897560979
2026-07-27 19:00:00,10386.0,10112.0,10261.620699378413,10120.261455087355,10186.959464845851,10233.133643512472
2026-07-27 20:00:00,10198.0,9977.0,10099.584815032631,9977.154372391216,10048.775042311196,10112.760612394008
2026-07-27 21:00:00,10173.0,10007.0,10089.892749123517,9937.448710032824,10020.146798259628,10035.43662811065
2026-07-27 22:00:00,10239.0,9990.0,10016.188579614402,9984.698878889196,10067.878184737867,10064.283987506971
2026-07-27 23:00:00,9929.0,9786.0,9758.372258362422,9748.987799959485,9824.156681396915,9810.272713413133
2026-07-28 00:00:00,9400.0,9304.0,9350.68383916897,9268.311420076725,9319.81478830372,9271.970741981731
2026-07-28 01:00:00,8973.0,8823.0,8874.47600003044,8796.442106684639,8832.276393118924,8796.415229115888
2026-07-28 02:00:00,8725.0,8487.0,8572.287964773093,8524.457440470238,8555.261430302064,8511.38515700745
2026-07-28 03:00:00,8522.0,8391.0,8465.894493580035,8394.22981529752,8422.152164928082,8369.162141203786
2026-07-28 04:00:00,8375.0,8185.0,8289.630592232896,8267.83286654145,8293.87945639888,8229.008050786486
2026-07-28 05:00:00,8394.0,8220.0,8277.772076598003,8111.4083682707005,8155.183957171819,8097.995432573024
2026-07-28 06:00:00,8522.0,8483.0,8504.66334698235,8374.166732353242,8411.332353638867,8356.6259651584
2026-07-28 07:00:00,8890.0,8759.0,8817.174363533613,8788.445884865105,8797.54105824948,8754.991057602689
2026-07-28 08:00:00,9411.0,9393.0,9375.616281741824,9398.340174151712,9394.739492148474,9371.660296228307
2026-07-28 09:00:00,10137.0,10097.0,10055.791026906922,10104.522808540798,10031.138902847882,10031.03820480661
2026-07-28 10:00:00,10439.0,10476.0,10461.111891233155,10393.592667858795,10355.926177961894,10378.103766486622
2026-07-28 11:00:00,10557.0,10528.0,10539.12066403909,10406.103412293329,10388.707744552854,10409.486535654936
2026-07-28 12:00:00,10522.0,10523.0,10484.462018023936,10435.733750382598,10435.242696010395,10429.274470028035
2026-07-28 13:00:00,10466.0,10532.0,10447.625119138596,10383.412271019795,10392.0326493927,10365.31754701413
2026-07-28 14:00:00,10573.0,10568.0,10488.238031183377,10477.593976761265,10490.7926537431,10460.781093650916
2026-07-28 15:00:00,10475.0,10491.0,10440.877817432205,10392.703513668892,10434.969868410602,10398.4580956255
2026-07-28 16:00:00,10511.0,10441.0,10439.675402490611,10337.266134226353,10357.287109708157,10333.5650022809
2026-07-28 17:00:00,10420.0,10427.0,10435.597972454469,10305.708549195691,10321.262191348958,10299.109995518293
2026-07-28 18:00:00,10446.0,10428.0,10449.236788817798,10348.532402302368,10335.052396377589,10317.137363442636
2026-07-28 19:00:00,10309.0,10272.0,10380.27820890331,10190.65216237136,10216.066869042774,10164.698737018805
2026-07-28 20:00:00,10116.0,10102.0,10204.04465398987,9973.613751078652,10009.577529169943,9951.134653924606
2026-07-28 21:00:00,10043.0,10027.0,10142.971054890115,9984.41207544697,9997.092874798347,9935.569628484422
2026-07-28 22:00:00,10097.0,10071.0,10102.250074885043,9983.327455775552,10003.342086639608,9968.240889142933
2026-07-28 23:00:00,9913.0,9801.0,9789.272260575006,9778.36826663301,9742.578618398706,9707.640081515572
2026-07-29 00:00:00,9447.0,9262.0,9396.738248299082,9333.602373541333,9289.638580627094,9274.143452046083
2026-07-29 01:00:00,8943.0,8840.0,8966.002867333893,8811.205366679245,8778.95657247612,8756.154853078684
2026-07-29 02:00:00,8690.0,8614.0,8717.020367355042,8549.818682068108,8504.807045370417,8499.023176741106
2026-07-29 03:00:00,8541.0,8458.0,8568.050133303794,8415.283235859302,8385.61294811942,8381.058861538406
2026-07-29 04:00:00,8312.0,8230.0,8398.300637749006,8293.570876853719,8256.426146195396,8250.302844780366
2026-07-29 05:00:00,8296.0,8128.0,8325.903231203185,8180.159717117229,8111.332659797103,8103.605956079917
2026-07-29 06:00:00,8476.0,8361.0,8542.092182960783,8407.842203789056,8352.10799467839,8340.916501674596
2026-07-29 07:00:00,8866.0,8727.0,8909.31439396473,8753.02517099741,8703.747267212042,8713.041082248905
2026-07-29 08:00:00,9464.0,9309.0,9444.024819484679,9349.02212080622,9304.692378627407,9291.760469323674
2026-07-29 09:00:00,10130.0,9980.0,10087.701149727709,9997.977289819668,9935.177619115595,9933.498266758339
2026-07-29 10:00:00,10491.0,10365.0,10462.507247368827,10411.516944263822,10295.981680714192,10314.729228048445
2026-07-29 11:00:00,10583.0,10458.0,10580.115039737495,10513.306380292608,10439.169757293806,10428.152283568663
2026-07-29 12:00:00,10499.0,10408.0,10582.788790937797,10514.911070884598,10418.991800109628,10414.579668229977
2026-07-29 13:00:00,10478.0,10462.0,10624.813131272775,10545.864209382471,10452.471321621311,10462.018825823712
2026-07-29 14:00:00,10584.0,10447.0,10625.701284303213,10616.448938109475,10500.82793085046,10484.930425005385
2026-07-29 15:00:00,10548.0,10413.0,10589.775245480987,10544.179822725811,10464.386203420465,10444.799950544737
2026-07-29 16:00:00,10561.0,10428.0,10579.700821487415,10531.784474229926,10474.028284064996,10440.620768049033
2026-07-29 17:00:00,10539.0,10340.0,10525.779862490484,10448.085062821148,10380.028094624075,10365.859888358853
2026-07-29 18:00:00,10556.0,10455.0,10606.518695043162,10456.365750266605,10403.078362135997,10396.895122080581
2026-07-29 19:00:00,10336.0,10310.0,10508.557978500494,10286.227548676005,10262.811432731016,10247.017311808735
2026-07-29 20:00:00,10136.0,10033.0,10298.345389006214,10110.779294201027,10060.15387021152,10082.090546917707
2026-07-29 21:00:00,10057.0,10029.0,10286.629955480934,10093.88556295144,10026.447956732893,10055.916139105775
2026-07-29 22:00:00,10151.0,10084.0,10269.67786424577,10124.938786344983,10120.792157751192,10123.63539891916
2026-07-29 23:00:00,9857.0,9784.0,9933.555751162225,9845.49212655765,9837.22175278534,9831.57283414567
2026-07-30 00:00:00,9410.0,9300.0,9311.12555280477,9368.083607084043,9411.24174004895,9322.34879228324
2026-07-30 01:00:00,8938.0,8843.0,8847.34652559756,8936.021028008901,8951.092494150951,8844.476023223553
2026-07-30 02:00:00,8627.0,8512.0,8542.342919785578,8672.126839448676,8677.716243182158,8589.20791204146
2026-07-30 03:00:00,8436.0,8373.0,8383.28955280094,8488.685484559572,8494.058185826356,8422.335205880236
2026-07-30 04:00:00,8316.0,8226.0,8242.778278047444,8351.289706517224,8356.8015604046,8283.739742888536
2026-07-30 05:00:00,8218.0,8235.0,8234.968817184012,8342.463074364041,8320.045640754468,8241.60530650397
2026-07-30 06:00:00,8443.0,8459.0,8434.835498952361,8507.210909324276,8522.102555370919,8448.821277600293
2026-07-30 07:00:00,8836.0,8744.0,8771.697760945082,8851.368209281261,8868.013157640497,8799.201052034496
2026-07-30 08:00:00,9447.0,9314.0,9319.634230504647,9364.820718697805,9393.79885350289,9322.538795133612
2026-07-30 09:00:00,10201.0,9916.0,9953.297491867923,10080.950316548293,10093.179915857183,9984.805362912975
2026-07-30 10:00:00,10543.0,10319.0,10323.32370968918,10384.739490225056,10416.338190997098,10343.446339098487
2026-07-30 11:00:00,10606.0,10389.0,10447.008506172144,10557.022593990378,10568.226896053327,10491.036347510893
2026-07-30 12:00:00,10656.0,10368.0,10447.409782199435,10500.18409214837,10549.93913764984,10461.78239896908
2026-07-30 13:00:00,10518.0,10367.0,10458.969111408063,10480.21624183146,10550.474963315466,10445.360645286706
2026-07-30 14:00:00,10631.0,10456.0,10516.204645985701,10535.207874756334,10649.156693169067,10518.583441093373
2026-07-30 15:00:00,10565.0,10398.0,10463.16930493908,10490.586608447089,10562.274643123985,10453.902124518803
2026-07-30 16:00:00,10518.0,10306.0,10412.055920896706,10456.389359166942,10519.058125014244,10406.843658868436
2026-07-30 17:00:00,10490.0,10220.0,10324.274707931587,10355.280671082386,10418.234244325944,10329.751105276178
2026-07-30 18:00:00,10573.0,10339.0,10413.724396388192,10409.590977703525,10478.671327731288,10376.431584528245
2026-07-30 19:00:00,10347.0,10172.0,10297.704396070418,10266.930953030656,10321.618499893433,10220.001272872867
2026-07-30 20:00:00,10151.0,9969.0,10110.261155147888,10069.481868458914,10114.292609683042,10053.939611862097
2026-07-30 21:00:00,9992.0,9941.0,10067.986778388462,10024.305109673996,10033.715199649087,9962.6840830982
2026-07-30 22:00:00,10193.0,10073.0,10082.472298215287,10053.330719180283,10132.264083880715,10049.015413964817
2026-07-30 23:00:00,9910.0,9817.0,9776.01317091628,9843.483802081088,9896.419883300687,9822.316986308215
2026-07-31 00:00:00,9416.0,9358.0,9245.697553814469,9393.348330222409,9466.470972294743,9427.420470984318
2026-07-31 01:00:00,8967.0,8873.0,8774.587538598793,8906.841219495971,8974.543487181698,8921.921252648826
2026-07-31 02:00:00,8672.0,8625.0,8511.085059792636,8647.486395968757,8690.17846682507,8639.509703721715
2026-07-31 03:00:00,8416.0,8411.0,8312.351871371477,8486.925787647891,8531.27249578907,8463.043332074023
2026-07-31 04:00:00,8287.0,8250.0,8166.818266742104,8309.402392000635,8359.392953601598,8288.167173714804
2026-07-31 05:00:00,8237.0,8211.0,8150.60173160773,8310.241712739899,8315.682946930056,8253.868155017966
2026-07-31 06:00:00,8539.0,8455.0,8384.336372093456,8501.794827832244,8517.893622837537,8474.572262423975
2026-07-31 07:00:00,8866.0,8785.0,8754.697730885844,8884.513804404376,8907.08486257542,8874.042089985494
2026-07-31 08:00:00,9457.0,9332.0,9305.080043839705,9395.458966026612,9473.251228446565,9438.375250040652
2026-07-31 09:00:00,10170.0,9922.0,9936.023017616368,10060.65973603392,10134.578192389568,10116.491452239918
2026-07-31 10:00:00,10576.0,10239.0,10267.677053709558,10430.59639714184,10500.58740720689,10482.63803691892
2026-07-31 11:00:00,10712.0,10395.0,10430.876123519509,10535.694032248848,10628.551760127108,10623.193312306199
2026-07-31 12:00:00,10686.0,10447.0,10449.759997500618,10496.284319477178,10621.03858080582,10612.085039690679
2026-07-31 13:00:00,10684.0,10403.0,10430.648612814812,10480.689134827975,10637.998966462375,10606.674655532548
2026-07-31 14:00:00,10802.0,10451.0,10472.180048907303,10539.875264345294,10692.73298020615,10656.68277185302
2026-07-31 15:00:00,10743.0,10303.0,10372.367265811952,10416.815117642362,10566.065611487227,10532.931757371129
2026-07-31 16:00:00,10643.0,10323.0,10368.93970329858,10406.013860617406,10535.410672541922,10490.94605720807
2026-07-31 17:00:00,10552.0,10277.0,10315.338251518438,10391.285473620352,10507.675284004543,10465.13844805642
2026-07-31 18:00:00,10625.0,10372.0,10389.610446618564,10433.662651886203,10563.994314509191,10541.724734827827
2026-07-31 19:00:00,10353.0,10124.0,10247.837513857183,10183.267008810592,10286.250687184169,10303.289655775263
2026-07-31 20:00:00,10160.0,9962.0,10082.271269275841,9998.077339690088,10106.340126452327,10126.20555077446
2026-07-31 21:00:00,10093.0,9890.0,10016.820331901525,9935.477058742123,10039.770682847075,10024.789897355811
2026-07-31 22:00:00,10186.0,9990.0,10004.94001178877,10033.940937856754,10195.216650216758,10151.886242916518
2026-07-31 23:00:00,9910.0,9892.0,9767.76044210364,9819.701657809233,9936.507105693106,9889.436079074434
2026-08-01 00:00:00,9485.0,9389.0,9184.814849008646,9434.807008536394,9545.606413189369,9543.514773763705
2026-08-01 01:00:00,8941.0,8852.0,8668.651789723861,8908.417519361255,9005.769978529663,8993.21343101923
2026-08-01 02:00:00,8713.0,8692.0,8454.681906009015,8691.76424851479,8763.811032070267,8772.549203260305
2026-08-01 03:00:00,8517.0,8500.0,8283.233117850583,8423.794244177248,8540.679370890646,8518.977022281842
2026-08-01 04:00:00,8443.0,8291.0,8082.1779660388665,8338.989081072366,8412.801521639934,8396.66616105941
2026-08-01 05:00:00,8210.0,8262.0,8073.789569107454,8204.485378145248,8219.932914600875,8236.85015488824
2026-08-01 06:00:00,8364.0,8336.0,8239.77512092648,8307.997676916402,8353.919100868303,8332.053204718182
2026-08-01 07:00:00,8659.0,8525.0,8556.817279588522,8455.357584287169,8553.895011393666,8565.169827139767
2026-08-01 08:00:00,8951.0,8913.0,9075.327589725555,8867.84322558877,8985.35695994756,8942.523137486256
2026-08-01 09:00:00,9525.0,9562.0,9685.95136831411,9540.423979812267,9679.343264065235,9651.893267148896
2026-08-01 10:00:00,10042.0,9974.0,10037.160611539404,9980.377896304382,10058.216005552755,10072.462443987013
2026-08-01 11:00:00,10280.0,10100.0,10134.237576340984,10066.604004969062,10164.77911159757,10181.535244005921
2026-08-01 12:00:00,10467.0,10217.0,10241.870372151687,10191.998282186027,10267.438342707399,10294.958983561488
2026-08-01 13:00:00,10376.0,10113.0,10190.012744033116,10086.763014208811,10177.250508272038,10194.212626298462
2026-08-01 14:00:00,10403.0,10155.0,10219.193809666049,10152.025154911544,10235.550121729635,10252.69168780273
2026-08-01 15:00:00,10363.0,10146.0,10222.016798806548,10115.21248814369,10214.311181512447,10227.352385870036
2026-08-01 16:00:00,10355.0,10091.0,10183.099931198743,10078.16710796606,10167.628998134156,10159.863050109005
2026-08-01 17:00:00,10264.0,10093.0,10154.548602894187,10079.726961075345,10149.267734343246,10188.044810662028
2026-08-01 18:00:00,10292.0,10065.0,10214.283267615425,10083.313637239668,10168.593017270068,10179.348937808807
2026-08-01 19:00:00,10236.0,10014.0,10091.216294798132,10036.442762670898,10093.052271533268,10118.707154801648
2026-08-01 20:00:00,9980.0,9842.0,9896.901276786937,9944.129209854522,9953.600103020723,9984.645917001659
2026-08-01 21:00:00,10007.0,9893.0,9854.268536889089,9860.270356258774,9945.914078913687,9940.004830257478
2026-08-01 22:00:00,9981.0,9865.0,9785.826657259362,9942.673570076204,9988.203220013997,10013.267202862095
2026-08-01 23:00:00,9731.0,9698.0,9517.024580766192,9701.684332454946,9767.212520908939,9776.560428550618
2026-08-02 00:00:00,9279.0,9258.0,9218.717099497557,9344.768000745247,9299.429878434747,9319.099694712511
2026-08-02 01:00:00,8850.0,8787.0,8757.885402566975,8890.64867384283,8852.610785406243,8867.284544705119
2026-08-02 02:00:00,8609.0,8500.0,8458.913680416817,8542.899475602959,8549.613369043604,8576.30498991507
2026-08-02 03:00:00,8414.0,8356.0,8285.547150978342,8312.379177552055,8355.655540490241,8354.13202862176
2026-08-02 04:00:00,8314.0,8250.0,8169.840333717508,8201.676363727916,8198.667849772257,8228.957965591117
2026-08-02 05:00:00,8207.0,8008.0,8050.221196545965,8092.924526986178,8038.2433402641645,8081.499352341007
2026-08-02 06:00:00,8306.0,8093.0,8223.990208859344,8190.591904582059,8130.347253590704,8167.208436978044
2026-08-02 07:00:00,8412.0,8348.0,8603.94907257148,8300.274221265941,8325.501759477404,8307.2812062042
2026-08-02 08:00:00,8697.0,8691.0,9131.397901893122,8654.682623662346,8675.786170168898,8671.163557801177
2026-08-02 09:00:00,9330.0,9342.0,9909.84245144827,9329.216667271186,9298.163620929867,9264.998159060584
2026-08-02 10:00:00,9794.0,9771.0,10208.236682776136,9818.607165779747,9775.316775837387,9774.371107149658
2026-08-02 11:00:00,10058.0,9959.0,10251.08109986062,10017.40162847785,9930.646755385005,9915.352458275678
2026-08-02 12:00:00,10099.0,10047.0,10269.209059461959,10069.23677033311,9948.183240121118,9971.388143711372
2026-08-02 13:00:00,10034.0,9995.0,10214.194281375643,10045.742024509776,9921.324255836551,9959.099978670654
2026-08-02 14:00:00,10118.0,10067.0,10249.420046813013,10178.556666302295,10028.139540427193,10055.497362838023
2026-08-02 15:00:00,10111.0,10020.0,10227.236886808238,10105.029639083845,9973.560603757944,10020.362908076822
2026-08-02 16:00:00,10081.0,10039.0,10214.978184842666,10027.85389434214,9931.482195335466,9974.920577609502
2026-08-02 17:00:00,10093.0,10050.0,10223.312331442423,10022.615763146763,9927.607017058612,9957.954014579178
2026-08-02 18:00:00,10070.0,10137.0,10304.512677132258,10160.220045377158,10016.32183100975,10067.924345190788
2026-08-02 19:00:00,10086.0,10105.0,10334.82630970689,10100.702851656602,9969.442355793677,9982.360642482206
2026-08-02 20:00:00,9967.0,9934.0,10079.451824970613,10019.51926828049,9853.841884226791,9939.377554064808
2026-08-02 21:00:00,9988.0,9948.0,10043.605366432625,9972.259052063508,9840.027706926725,9921.99881454792
2026-08-02 22:00:00,10034.0,9949.0,9982.08602747098,10018.263465850006,9907.492950380078,10003.724864357213
2026-08-02 23:00:00,9699.0,9705.0,9681.847342917003,9687.635283105674,9614.243023259976,9703.250259209772
2026-08-03 00:00:00,9238.0,9294.0,9331.341829081746,9295.619675734637,9158.666970789898,9261.777442427105
2026-08-03 01:00:00,8789.0,8743.0,8823.344620812408,8772.189368570205,8656.97225893378,8712.54796737175
2026-08-03 02:00:00,8505.0,8506.0,8581.833790321574,8552.29354731287,8479.069335575205,8527.70175473916
2026-08-03 03:00:00,8363.0,8403.0,8444.873253910991,8325.66848560385,8299.277497984434,8324.890974415877
2026-08-03 04:00:00,8352.0,8245.0,8320.129999441078,8216.642699908767,8196.131852043382,8231.425555209245
2026-08-03 05:00:00,8194.0,8118.0,8260.975436894625,8113.288934186428,8084.374813754492,8113.093997543718
2026-08-03 06:00:00,8403.0,8344.0,8489.09592964267,8376.13311760194,8358.162728478184,8369.290259182742
2026-08-03 07:00:00,8729.0,8694.0,8823.485159449994,8793.494010633895,8734.380115420463,8770.972279508615
2026-08-03 08:00:00,9314.0,9327.0,9375.364057079023,9381.872062372147,9203.81871832064,9272.4486366436
2026-08-03 09:00:00,9963.0,10092.0,10074.313422258441,10026.493633026057,9854.631796939791,9974.200819937065
2026-08-03 10:00:00,10359.0,10474.0,10461.566229814187,10387.054354715627,10209.43491642001,10285.86274615229
2026-08-03 11:00:00,10499.0,10635.0,10619.405473408357,10570.025088499986,10394.829293518786,10452.656502861722
2026-08-03 12:00:00,10503.0,10625.0,10637.55273654427,10551.33413965365,10364.380120253842,10431.375047334404
2026-08-03 13:00:00,10448.0,10684.0,10670.922305485372,10548.674672219215,10382.342474394281,10433.860377995621
2026-08-03 14:00:00,10556.0,10730.0,10748.468671224759,10575.760429078608,10445.62322611219,10497.757217898004
2026-08-03 15:00:00,10431.0,10708.0,10701.047095733964,10607.366176317471,10446.668220384556,10492.458444611717
2026-08-03 16:00:00,10458.0,10677.0,10690.125455679343,10586.752510352577,10388.138641990403,10429.961614852438
2026-08-03 17:00:00,10404.0,10615.0,10632.056264307495,10475.758234805971,10262.219279515859,10328.486077232894
2026-08-03 18:00:00,10340.0,10598.0,10691.458487926342,10522.911607880671,10332.261317360673,10368.517007292201
2026-08-03 19:00:00,10272.0,10386.0,10506.859364809126,10362.559573748527,10194.508597135688,10265.199923260066
2026-08-03 20:00:00,10138.0,10198.0,10329.233275785773,10118.368729989981,9932.729306720215,10053.15714769254
2026-08-03 21:00:00,10048.0,10173.0,10279.27004408052,10124.483063293126,9934.755706666416,10076.16119121783
2026-08-03 22:00:00,10242.0,10239.0,10259.566511483003,10179.140524644798,10066.155523731732,10203.369656201396
2026-08-03 23:00:00,9828.0,9929.0,9929.12744438624,9835.248654588166,9695.618671763237,9812.17774990333
2026-08-04 00:00:00,9343.0,9400.0,9256.579158710047,9277.927430499796,9209.098477634481,9264.03397166755
2026-08-04 01:00:00,8887.0,8973.0,8800.596450025616,8877.066372746154,8810.414203036162,8849.384748629029
2026-08-04 02:00:00,8655.0,8725.0,8539.677971421828,8597.236450464512,8598.872953287306,8591.459597796147
2026-08-04 03:00:00,8474.0,8522.0,8366.362621482964,8400.74664091635,8419.247118021845,8417.202894512928
2026-08-04 04:00:00,8348.0,8375.0,8236.542111482093,8365.627848541197,8357.70710418938,8359.396281334513
2026-08-04 05:00:00,8274.0,8394.0,8225.929697629275,8258.986764834,8239.295000848608,8244.023737880121
2026-08-04 06:00:00,8533.0,8522.0,8390.552998267798,8521.751388367458,8500.564299769218,8500.2071877444
2026-08-04 07:00:00,8879.0,8890.0,8709.437581429556,8904.579844267517,8902.961720771895,8882.901878671146
2026-08-04 08:00:00,9385.0,9411.0,9193.477944152542,9394.743845994102,9360.134749643486,9340.012443841388
2026-08-04 09:00:00,10091.0,10137.0,9866.224349358135,10095.296266776782,10057.93847971774,10053.684158412994
2026-08-04 10:00:00,10459.0,10439.0,10221.56416325819,10421.663228890278,10365.517840228587,10359.429149428797
2026-08-04 11:00:00,10543.0,10557.0,10354.51766672412,10512.573650069575,10470.79919386925,10441.324623398774
2026-08-04 12:00:00,10540.0,10522.0,10362.954056349723,10503.562718151592,10459.656110944117,10435.016228973403
2026-08-04 13:00:00,10534.0,10466.0,10331.436562108123,10474.925584977318,10425.525600596256,10403.748310836883
2026-08-04 14:00:00,10566.0,10573.0,10407.314423743013,10533.605246071582,10483.150282191093,10456.003072613861
2026-08-04 15:00:00,10564.0,10475.0,10332.342051347372,10483.697957247246,10448.325328760906,10439.13873252644
2026-08-04 16:00:00,10513.0,10511.0,10339.252586858263,10467.749073837636,10436.478398361303,10437.48032992784
2026-08-04 17:00:00,10446.0,10420.0,10270.180551543743,10410.740793697585,10380.698271007748,10369.060407862133
2026-08-04 18:00:00,10412.0,10446.0,10295.490741656638,10391.148960354702,10352.62333158509,10329.105746288818
2026-08-04 19:00:00,10399.0,10309.0,10212.591061842537,10276.761446143115,10257.715095728596,10235.30672464674
2026-08-04 20:00:00,10130.0,10116.0,10032.042548778416,10042.149149108956,10032.72319474287,10001.14087137873
2026-08-04 21:00:00,10117.0,10043.0,9989.224903121518,10070.3554819103,10014.607968626286,10004.043072878738
2026-08-04 22:00:00,10380.0,10097.0,9965.598771907496,10090.915170926512,10094.886735143833,10086.257008137803
2026-08-04 23:00:00,9988.0,9913.0,9696.7287066416,9812.492688017817,9823.93750555895,9766.165575716444
2026-08-05 00:00:00,9423.0,9447.0,9240.624648904977,9338.517885572437,9325.248862497932,9309.714643157082
2026-08-05 01:00:00,8995.0,8943.0,8754.282014468583,8839.72202977001,8825.781826606439,8823.840461755504
2026-08-05 02:00:00,8690.0,8690.0,8489.118066246161,8549.135224953105,8574.512980347361,8558.633090385112
2026-08-05 03:00:00,8465.0,8541.0,8340.275693040046,8400.453822602876,8401.62313112092,8385.949829960831
2026-08-05 04:00:00,8392.0,8312.0,8176.234730261429,8356.548309955931,8341.93655623982,8327.118997269583
2026-08-05 05:00:00,8317.0,8296.0,8152.907464712834,8230.92334768119,8205.317676652683,8180.6282420201405
2026-08-05 06:00:00,8520.0,8476.0,8346.737397819074,8440.414155076305,8421.826905427268,8407.481013152443
2026-08-05 07:00:00,8879.0,8866.0,8691.673513904458,8863.536576965098,8779.860474089699,8776.047738333054
2026-08-05 08:00:00,9455.0,9464.0,9245.65592319511,9384.740200687493,9351.944348339834,9336.668046793513
2026-08-05 09:00:00,10108.0,10130.0,9873.88125557361,9955.644665274653,9953.296872871026,9949.438940309676
2026-08-05 10:00:00,10472.0,10491.0,10248.493233798801,10357.480092729314,10384.135870390563,10382.40259550223
2026-08-05 11:00:00,10567.0,10583.0,10377.025191853816,10474.200477441924,10488.612143508512,10488.339653389789
2026-08-05 12:00:00,10617.0,10499.0,10359.676128153236,10451.119606787452,10448.938180951769,10461.223312550423
2026-08-05 13:00:00,10612.0,10478.0,10357.58063066075,10447.068236382935,10462.051582253154,10452.868283488255
2026-08-05 14:00:00,10708.0,10584.0,10434.045760333898,10491.938968445247,10498.64220132642,10492.92004196955
2026-08-05 15:00:00,10619.0,10548.0,10400.467172569948,10405.132195338198,10432.279900840624,10438.172357511434
2026-08-05 16:00:00,10650.0,10561.0,10390.54617115285,10432.111921575997,10465.303752735615,10464.38900747206
2026-08-05 17:00:00,10604.0,10539.0,10367.608654427317,10358.097735418643,10406.209366278803,10425.715208891004
2026-08-05 18:00:00,10544.0,10556.0,10386.574859720955,10350.395328233584,10397.220107043226,10397.339355943339
2026-08-05 19:00:00,10536.0,10336.0,10259.580819415318,10260.646605588818,10274.08107756872,10280.351889359157
2026-08-05 20:00:00,10284.0,10136.0,10089.095705675805,10133.37841177543,10105.733757895305,10103.73125328444
2026-08-05 21:00:00,10298.0,10057.0,10034.391626244642,10016.226421604517,10028.910497704783,10021.733836689606
2026-08-05 22:00:00,10503.0,10151.0,10037.823448289699,10191.63120634617,10225.769313430179,10205.532236003684
2026-08-05 23:00:00,10090.0,9857.0,9676.881352277946,9834.000001457409,9847.997470240205,9821.017771463086
2026-08-06 00:00:00,9551.0,9410.0,9259.709129711482,9351.63928596159,9439.102007932559,9431.369216601412
2026-08-06 01:00:00,9096.0,8938.0,8798.756182240555,8905.709821288476,8949.332621527034,8944.987735310857
2026-08-06 02:00:00,8775.0,8627.0,8495.424371060672,8580.342434850847,8640.412770694611,8636.696284352887
2026-08-06 03:00:00,8601.0,8436.0,8323.186275100103,8412.636228025543,8461.627479878249,8462.39738565296
2026-08-06 04:00:00,8571.0,8316.0,8208.93583546213,8326.299990924968,8364.24625810651,8377.897791221872
2026-08-06 05:00:00,8378.0,8218.0,8145.026514153374,8251.918570359963,8295.781588607431,8281.650311488953
2026-08-06 06:00:00,8564.0,8443.0,8377.368281210905,8471.651668694567,8540.182770638507,8514.039583870235
2026-08-06 07:00:00,8937.0,8836.0,8763.09826773371,8886.380256535502,8901.145227191348,8906.900074900721
2026-08-06 08:00:00,9504.0,9447.0,9334.560785054753,9348.126148764413,9419.83623772736,9443.575709343817
2026-08-06 09:00:00,10309.0,10201.0,10035.348310105994,10018.794459022876,10119.144458220844,10138.279283804171
2026-08-06 10:00:00,10610.0,10543.0,10389.874397370128,10396.54342394655,10514.181101686083,10554.131978002993
2026-08-06 11:00:00,10781.0,10606.0,10491.095972038544,10482.883264670854,10576.922071133944,10620.295781098786
2026-08-06 12:00:00,10842.0,10656.0,10553.327798252174,10467.76541566242,10603.447622122272,10624.468365246414
2026-08-06 13:00:00,10880.0,10518.0,10492.9705679863,10448.206985431832,10583.037205469229,10581.162030007565
2026-08-06 14:00:00,10878.0,10631.0,10580.53585514642,10498.364686323395,10622.610199702413,10626.139575893787
2026-08-06 15:00:00,10864.0,10565.0,10522.725076007833,10468.377044425977,10558.175248775753,10605.838159650868
2026-08-06 16:00:00,10916.0,10518.0,10490.583059068746,10422.159494636251,10565.856098383454,10582.66063621524
2026-08-06 17:00:00,10775.0,10490.0,10453.694963406473,10383.038650487375,10519.179483357824,10538.052045722705
2026-08-06 18:00:00,10732.0,10573.0,10500.438370961341,10359.902444481848,10469.005792940752,10525.423199478326
2026-08-06 19:00:00,10599.0,10347.0,10486.673410427524,10305.91314642088,10428.882527817483,10420.215997623956
2026-08-06 20:00:00,10360.0,10151.0,10165.441232070712,10071.36007228898,10118.720099283219,10152.547234686615
2026-08-06 21:00:00,10324.0,9992.0,10020.739214452426,10017.060394472843,10090.288339495643,10129.927876648884
2026-08-06 22:00:00,10483.0,10193.0,10087.426357888082,10240.463751005458,10328.229342508546,10327.724875984
2026-08-06 23:00:00,10073.0,9910.0,9750.552290619911,9909.609145022216,9981.217692117893,9975.425596906718
2026-08-07 00:00:00,9542.0,9416.0,9414.95686274158,9431.955854639287,9407.031598045047,9433.404062553547
2026-08-07 01:00:00,9064.0,8967.0,8972.096320872988,9028.203802059854,8983.02222290136,9017.89407961717
2026-08-07 02:00:00,8827.0,8672.0,8691.202708159366,8663.383930284479,8643.61177607245,8668.73031341654
2026-08-07 03:00:00,8611.0,8416.0,8474.296115641464,8456.201493311179,8446.455885529755,8464.391790970834
2026-08-07 04:00:00,8505.0,8287.0,8350.19025851999,8373.121488254474,8358.112487354303,8363.693438247048
2026-08-07 05:00:00,8310.0,8237.0,8323.816819803658,8354.8435866747,8352.28904989274,8328.954283755153
2026-08-07 06:00:00,8541.0,8539.0,8583.129726986986,8525.110084170597,8538.577585300161,8529.079718810417
2026-08-07 07:00:00,8914.0,8866.0,8926.142771135153,8929.354820365395,8890.210565257064,8889.415782603712
2026-08-07 08:00:00,9507.0,9457.0,9468.727056998716,9454.213101188885,9427.968495070361,9428.620959338421
2026-08-07 09:00:00,10207.0,10170.0,10137.799287948614,10083.818759912601,10051.4564447727,10041.154251260501
2026-08-07 10:00:00,10570.0,10576.0,10521.198334879386,10463.755900946493,10418.316317068546,10407.002845801
2026-08-07 11:00:00,10763.0,10712.0,10679.788846522122,10546.685352731933,10480.733817726124,10474.971073874818
2026-08-07 12:00:00,10588.0,10686.0,10659.113884107024,10565.966272971556,10505.145365152484,10500.629192176431
2026-08-07 13:00:00,10657.0,10684.0,10673.456365465107,10537.921474640987,10479.303067259018,10477.055756909194
2026-08-07 14:00:00,10696.0,10802.0,10724.874727885994,10605.457501838811,10545.859825276548,10552.041240284494
2026-08-07 15:00:00,10653.0,10743.0,10661.517161817781,10520.199282874592,10468.788689334911,10482.84324949203
2026-08-07 16:00:00,10544.0,10643.0,10667.25720897195,10537.687558379435,10425.619778098631,10473.56672898371
2026-08-07 17:00:00,10454.0,10552.0,10657.737156539552,10477.850497426507,10391.153929889044,10404.614523158385
2026-08-07 18:00:00,10377.0,10625.0,10640.330104682711,10497.80701577637,10377.859650161261,10405.694097222995
2026-08-07 19:00:00,10214.0,10353.0,10504.187378617135,10437.511028011875,10311.320693048998,10347.602172781417
2026-08-07 20:00:00,10000.0,10160.0,10305.67143137998,10260.58590714243,10131.576824894995,10133.647284414883
2026-08-07 21:00:00,10024.0,10093.0,10246.926720893338,10241.953952507669,10140.11615262359,10152.657185917054
2026-08-07 22:00:00,10249.0,10186.0,10260.337559854946,10367.753945137001,10303.047307231875,10353.080881229653
2026-08-07 23:00:00,9886.0,9910.0,9930.928999334948,10027.996497701615,9981.183284229779,9988.399194497713
2026-08-08 00:00:00,9355.0,9485.0,9382.14118311993,9518.423060637488,9441.871012799764,9456.057666634475
2026-08-08 01:00:00,8958.0,8941.0,8877.97227992573,9021.486720832818,8950.060831571018,8965.882182419844
2026-08-08 02:00:00,8714.0,8713.0,8628.5474633104,8765.290782997949,8714.369846047428,8708.790712527463
2026-08-08 03:00:00,8566.0,8517.0,8451.03537827712,8542.728654216475,8526.695774687882,8530.153413953434
2026-08-08 04:00:00,8455.0,8443.0,8361.039650586938,8494.469180178185,8457.801326671768,8463.154486904587
2026-08-08 05:00:00,8284.0,8210.0,8236.981535887035,8331.444607850963,8225.818035930535,8237.09496592885
2026-08-08 06:00:00,8383.0,8364.0,8406.103481488257,8390.51981367587,8292.376447863064,8305.924098533606
2026-08-08 07:00:00,8619.0,8659.0,8704.128733065229,8544.643560202721,8462.105223314004,8477.30777549389
2026-08-08 08:00:00,9046.0,8951.0,9095.09579801008,8907.542001331172,8797.952949391338,8812.356693680915
2026-08-08 09:00:00,9735.0,9525.0,9703.622549576277,9458.473861132736,9388.353427562397,9404.945145859385
2026-08-08 10:00:00,10095.0,10042.0,10138.888374644835,9983.359307915282,9898.673386597,9897.813259647683
2026-08-08 11:00:00,10325.0,10280.0,10317.088677482625,10268.5304119667,10139.766260763325,10130.608475704474
2026-08-08 12:00:00,10318.0,10467.0,10424.693372685346,10347.37799056896,10210.595338833216,10232.852550532973
2026-08-08 13:00:00,10334.0,10376.0,10398.061755449673,10336.233097452021,10193.733898129756,10213.490972898882
2026-08-08 14:00:00,10256.0,10403.0,10422.20858621048,10368.611683885561,10208.767455043042,10206.876353695565
2026-08-08 15:00:00,10247.0,10363.0,10376.132544028005,10334.831223014256,10177.938107153741,10184.213049065842
2026-08-08 16:00:00,10251.0,10355.0,10376.417769571168,10355.948106788923,10197.262070458546,10189.859424934768
2026-08-08 17:00:00,10204.0,10264.0,10334.899085262849,10294.054950531783,10105.052493712374,10118.281856911055
2026-08-08 18:00:00,10257.0,10292.0,10349.634302620387,10267.347981874298,10111.623627442808,10112.98523474695
2026-08-08 19:00:00,10188.0,10236.0,10324.075386492552,10147.190176825472,10032.281405585243,10048.181339248826
2026-08-08 20:00:00,9993.0,9980.0,10091.092916492336,9986.539076173538,9850.6686932801,9847.073805494752
2026-08-08 21:00:00,10035.0,10007.0,10095.691241632372,10009.865133629883,9889.40746199462,9901.442688065998
2026-08-08 22:00:00,10096.0,9981.0,10039.993060946454,10031.768520446585,9976.107456923579,10014.34323839908
2026-08-08 23:00:00,9767.0,9731.0,9730.268718097512,9737.949235590648,9705.755864611661,9718.640144146433
2026-08-09 00:00:00,9246.0,9279.0,9175.278698643171,9370.884560222385,9318.268591612321,9339.188665891455
2026-08-09 01:00:00,8864.0,8850.0,8748.03017368394,8900.943282256037,8908.46719349764,8878.671731590068
2026-08-09 02:00:00,8584.0,8609.0,8501.399023807053,8608.016482203971,8598.729992095832,8578.934337765726
2026-08-09 03:00:00,8359.0,8414.0,8327.564072733307,8413.142147260642,8433.09689789792,8444.843092123287
2026-08-09 04:00:00,8265.0,8314.0,8237.782602417561,8296.17263477938,8337.105340496593,8352.24055986931
2026-08-09 05:00:00,8101.0,8207.0,8152.7777938451,8167.495412572929,8119.562998863571,8137.119644869867
2026-08-09 06:00:00,8285.0,8306.0,8306.904844960143,8209.553572143855,8162.864437134639,8181.7186581512715
2026-08-09 07:00:00,8387.0,8412.0,8525.382489704307,8321.070244910812,8304.46444169347,8323.209531337938
2026-08-09 08:00:00,8742.0,8697.0,8869.32373018705,8648.240094268966,8629.777597144483,8625.293845041868
2026-08-09 09:00:00,9365.0,9330.0,9522.599150468604,9307.029041739526,9266.848678693601,9283.409831378409
2026-08-09 10:00:00,9806.0,9794.0,9927.300622259665,9765.875962419199,9739.355123408202,9745.133514749077
2026-08-09 11:00:00,10000.0,10058.0,10145.519736630748,10069.804924902783,10004.257298559578,10008.958583133193
2026-08-09 12:00:00,10103.0,10099.0,10171.604911225262,10006.704461310466,9997.73033129392,9996.436076108328
2026-08-09 13:00:00,10150.0,10034.0,10166.409057357183,10015.258848377998,10011.196341181683,10006.484210443026
2026-08-09 14:00:00,10100.0,10118.0,10233.589249565146,10069.23477788822,10039.31021804943,10025.57187191269
2026-08-09 15:00:00,10063.0,10111.0,10199.375253399148,10042.51176621915,10037.205445702877,10031.540317090548
2026-08-09 16:00:00,10117.0,10081.0,10187.653946390368,10013.849836522395,10000.007386802648,9992.370283330982
2026-08-09 17:00:00,10114.0,10093.0,10190.43818972463,10020.18985360151,10017.508916320874,10002.080793858486
2026-08-09 18:00:00,10188.0,10070.0,10210.053878679364,10081.59208842663,10047.144318913117,10022.774349742293
2026-08-09 19:00:00,10168.0,10086.0,10175.937373756939,10037.270526748083,10002.82197591806,9999.65226512696
2026-08-09 20:00:00,10035.0,9967.0,10022.26425629971,9901.270822902314,9890.295713623074,9867.197130881095
2026-08-09 21:00:00,10087.0,9988.0,10007.665039155805,9912.511638022122,9958.664471393715,9917.094446872508
2026-08-09 22:00:00,10170.0,10034.0,9990.436952779954,10006.947176566257,10032.479693777512,10020.751770603516
2026-08-09 23:00:00,9773.0,9699.0,9618.789640915818,9659.540901765304,9663.217826927814,9668.424311295164
2026-08-10 00:00:00,9276.0,9238.0,9193.880083599714,9220.238807414933,9258.773176485662,9238.956852961703
2026-08-10 01:00:00,8786.0,8789.0,8723.139930555539,8765.825180003068,8743.715204805972,8726.073366190467
2026-08-10 02:00:00,8485.0,8505.0,8442.797813772042,8534.367957601518,8546.948067214671,8536.81722055888
2026-08-10 03:00:00,8348.0,8363.0,8295.546888501725,8342.180485364957,8380.98133774244,8361.124727651022
2026-08-10 04:00:00,8261.0,8352.0,8246.499708812038,8258.139320708377,8322.314329971305,8296.567060939135
2026-08-10 05:00:00,8169.0,8194.0,8146.839442279206,8181.350598901939,8198.068936818501,8163.3628600744805
2026-08-10 06:00:00,8372.0,8403.0,8355.879527331495,8378.381889793174,8432.071213293606,8401.942452717802
2026-08-10 07:00:00,8806.0,8729.0,8681.674508255748,8814.310452930078,8834.99586503864,8822.194991925244
2026-08-10 08:00:00,9329.0,9314.0,9259.065504495753,9439.479664150484,9426.232443646986,9410.8990194469
2026-08-10 09:00:00,10052.0,9963.0,9927.400122016705,10076.552496764612,10064.495136101583,10058.51309078532
2026-08-10 10:00:00,10463.0,10359.0,10311.030763583592,10416.239416901406,10461.955852235093,10415.678782110353
2026-08-10 11:00:00,10643.0,10499.0,10446.812528616063,10596.216587436023,10625.24458636706,10589.25571057156
2026-08-10 12:00:00,10568.0,10503.0,10448.699872333536,10541.854131251945,10597.227488161303,10549.015187189572
2026-08-10 13:00:00,10556.0,10448.0,10440.915392048313,10542.523015280929,10579.693405701799,10549.934450151879
2026-08-10 14:00:00,10650.0,10556.0,10503.379089180144,10570.253270006986,10610.477560827747,10558.995448641968
2026-08-10 15:00:00,10611.0,10431.0,10412.401059635271,10514.793818010097,10575.257675864708,10540.57486073595
2026-08-10 16:00:00,10566.0,10458.0,10402.06007652082,10510.281847187594,10565.510142835652,10523.910043266107
2026-08-10 17:00:00,10461.0,10404.0,10354.98590339126,10426.444491964116,10493.641388952328,10438.701723373473
2026-08-10 18:00:00,10351.0,10340.0,10354.808139904788,10398.762576529283,10416.649054362157,10369.49471003154
2026-08-10 19:00:00,10361.0,10272.0,10273.18363400445,10307.630339731524,10338.32423961212,10289.960612556362
2026-08-10 20:00:00,10134.0,10138.0,10112.719334669622,10124.868833172517,10180.385186954825,10100.590887260407
2026-08-10 21:00:00,10152.0,10048.0,10057.65294882123,10089.621257877974,10131.385120910734,10068.132266342158
2026-08-10 22:00:00,10255.0,10242.0,10111.77226934967,10210.609059995366,10236.091914547213,10234.350998622644
2026-08-10 23:00:00,9810.0,9828.0,9704.10432782939,9817.424300392808,9826.468515087176,9778.573406425881
2026-08-11 00:00:00,9268.0,9343.0,9218.255519153043,9221.654440748262,9234.659831324945,9221.463550925782
2026-08-11 01:00:00,8880.0,8887.0,8768.162860129902,8810.499554126758,8832.67784625536,8806.63033032284
2026-08-11 02:00:00,8519.0,8655.0,8514.152631114723,8578.191179318097,8590.84716826818,8592.46587604934
2026-08-11 03:00:00,8403.0,8474.0,8325.367627238418,8362.65053056695,8401.396008187365,8419.35133556298
2026-08-11 04:00:00,8301.0,8348.0,8224.260124553908,8283.83395834474,8334.78748022141,8327.068046299491
2026-08-11 05:00:00,8244.0,8274.0,8204.001993106693,8175.0220995419495,8243.248444381261,8250.11819205225
2026-08-11 06:00:00,8450.0,8533.0,8432.194616103614,8446.258925278182,8481.2721853703,8475.951631587235
2026-08-11 07:00:00,8884.0,8879.0,8782.646327630422,8845.941369113176,8864.274159969878,8837.173043116183
2026-08-11 08:00:00,9377.0,9385.0,9262.269657860192,9388.281181184855,9394.622464544844,9381.992721195435
2026-08-11 09:00:00,10030.0,10091.0,9924.317359204637,10086.925427053671,10054.67538198206,10051.558165079074
2026-08-11 10:00:00,10458.0,10459.0,10284.304995350301,10419.94765186546,10363.742632477564,10376.229807785094
2026-08-11 11:00:00,10576.0,10543.0,10397.709526944946,10472.97584992716,10459.131431085447,10443.881080793986
2026-08-11 12:00:00,10495.0,10540.0,10398.2257013266,10442.72048367828,10441.618832049746,10409.998335527727
2026-08-11 13:00:00,10476.0,10534.0,10389.453526040274,10519.257672264983,10478.987930517558,10462.78884624822
2026-08-11 14:00:00,10472.0,10566.0,10386.708594357147,10451.060498851763,10447.277588130584,10435.574833689552
2026-08-11 15:00:00,10361.0,10564.0,10372.545606012365,10420.243544441177,10391.078861432423,10385.564266172436
2026-08-11 16:00:00,10381.0,10513.0,10417.514844600795,10454.172995793399,10457.088787044333,10399.501327965692
2026-08-11 17:00:00,10276.0,10446.0,10333.941310232665,10385.205488350377,10337.448333656912,10327.939118818354
2026-08-11 18:00:00,10258.0,10412.0,10333.800021876577,10427.72669318741,10341.678791879036,10347.28296319208
2026-08-11 19:00:00,10162.0,10399.0,10289.863114950502,10346.974868200714,10305.250911867468,10305.835830863742
2026-08-11 20:00:00,9987.0,10130.0,10089.937659558253,10086.483731218157,10059.955088120421,10045.969516585777
2026-08-11 21:00:00,10072.0,10117.0,10064.657847637882,10087.435725867434,10104.525468974465,10087.85106212928
2026-08-11 22:00:00,10250.0,10380.0,10159.703427125361,10282.913379137179,10279.758911417315,10268.934287802991
2026-08-11 23:00:00,9782.0,9988.0,9805.838197345023,9840.868491664385,9816.888350545938,9807.064065628005
2026-08-12 00:00:00,9271.0,9423.0,9342.40145146951,9300.222160900705,9271.502390093608,9313.794408691998
2026-08-12 01:00:00,8779.0,8995.0,8899.262431111198,8837.014925144853,8832.200282222166,8860.15620260537
2026-08-12 02:00:00,8574.0,8690.0,8616.631238345675,8509.608144089725,8522.030588756334,8538.636985087198
2026-08-12 03:00:00,8401.0,8465.0,8432.87854925962,8362.049810491291,8367.994729360686,8390.565412960372
2026-08-12 04:00:00,8324.0,8392.0,8341.523327126739,8275.30424402791,8297.67525687111,8315.357601834276
2026-08-12 05:00:00,8219.0,8317.0,8298.627128498105,8194.57982979116,8197.613442980775,8204.193468466725
2026-08-12 06:00:00,8422.0,8520.0,8510.598358072479,8392.93636198181,8401.711108196454,8436.969965215649
2026-08-12 07:00:00,8783.0,8879.0,8857.220284124272,8853.290731324578,8786.8719196565,8830.143202412059
2026-08-12 08:00:00,9346.0,9455.0,9380.576315233855,9365.268484361945,9328.240889915105,9385.357436548713
2026-08-12 09:00:00,10057.0,10108.0,10010.408230422943,10009.35364590498,9967.390029325907,9999.972210732938
2026-08-12 10:00:00,10423.0,10472.0,10352.793663853125,10399.974029553221,10337.59833255614,10385.965192483003
2026-08-12 11:00:00,10511.0,10567.0,10467.833412268637,10484.90682766251,10432.965298405921,10446.47214686093
2026-08-12 12:00:00,10465.0,10617.0,10494.473441439657,10450.174151980627,10400.223365622864,10401.38748034738
2026-08-12 13:00:00,10416.0,10612.0,10507.859524645883,10457.28966840277,10363.63279359227,10398.901463423344
2026-08-12 14:00:00,10554.0,10708.0,10583.434939619077,10500.638728152413,10442.976383711077,10468.595469544614
2026-08-12 15:00:00,10516.0,10619.0,10528.24127184511,10447.988506696747,10316.177423374571,10371.51009891761
2026-08-12 16:00:00,10530.0,10650.0,10544.16581870789,10445.814092817238,10330.597865910479,10391.927414095811
2026-08-12 17:00:00,10418.0,10604.0,10508.472839388978,10402.443197909592,10266.452116118815,10332.973655845515
2026-08-12 18:00:00,10395.0,10544.0,10506.971216891256,10345.82669920236,10199.172090591223,10237.89350688772
2026-08-12 19:00:00,10419.0,10536.0,10517.855055775999,10304.682853467217,10208.954078147432,10226.70677407251
2026-08-12 20:00:00,10155.0,10284.0,10294.122996315336,10126.855170020268,10066.945252531521,10055.118724282069
2026-08-12 21:00:00,10321.0,10298.0,10309.351454068656,10142.794707560935,10123.514383551004,10126.89073067664
2026-08-12 22:00:00,10388.0,10503.0,10362.207070385417,10214.983350306871,10239.95680286179,10269.284365565547
2026-08-12 23:00:00,9849.0,10090.0,9981.556458064455,9839.114616514229,9851.249293329172,9859.723322788888
2026-08-13 00:00:00,9397.0,9551.0,9387.167969805161,9337.926978636056,9352.130366232017,9383.969442083559
2026-08-13 01:00:00,8865.0,9096.0,8915.503929601648,8930.808533004038,8945.212465547029,8953.74218488466
2026-08-13 02:00:00,8661.0,8775.0,8634.514059982075,8529.985070915294,8610.964268047212,8602.116174929226
2026-08-13 03:00:00,8510.0,8601.0,8455.489693856503,8366.501596739028,8406.74334904787,8434.769066012783
2026-08-13 04:00:00,8434.0,8571.0,8399.669573662128,8320.766162700553,8372.074551935184,8411.18236452053
2026-08-13 05:00:00,8360.0,8378.0,8305.409999093652,8260.036661798385,8343.286838557262,8359.595894265703
2026-08-13 06:00:00,8520.0,8564.0,8525.713326172268,8396.8597034601,8467.629294994284,8485.836681330486
2026-08-13 07:00:00,8922.0,8937.0,8889.880823059171,8908.897964507141,8928.167222441172,8953.244828044477
2026-08-13 08:00:00,9468.0,9504.0,9394.767428353134,9345.392348206215,9402.204902680622,9427.21413681774
2026-08-13 09:00:00,10104.0,10309.0,10077.46542725551,10040.57793256266,10056.948006160037,10094.674381819968
2026-08-13 10:00:00,10475.0,10610.0,10369.83676998969,10451.913780137478,10411.095326366241,10430.27550700836
2026-08-13 11:00:00,10539.0,10781.0,10494.364468206351,10541.670529487714,10488.153242763714,10517.55089325999
2026-08-13 12:00:00,10502.0,10842.0,10546.934522608286,10499.158539787559,10418.83957076142,10463.829125165903
2026-08-13 13:00:00,10447.0,10880.0,10576.680853926211,10475.497781257885,10398.70646857673,10437.530205994242
2026-08-13 14:00:00,10386.0,10878.0,10601.981131113334,10514.872146543568,10432.398505695683,10477.539600530012
2026-08-13 15:00:00,10451.0,10864.0,10565.885752738946,10439.125987526142,10359.859311270144,10403.377312064953
2026-08-13 16:00:00,10341.0,10916.0,10576.485128717903,10419.786021326192,10350.635835858147,10401.87456621315
2026-08-13 17:00:00,10371.0,10775.0,10489.033840469763,10334.535856046166,10266.312719007477,10313.723435753776
2026-08-13 18:00:00,10357.0,10732.0,10483.67939590644,10317.82453479671,10252.006989034428,10292.920143963382
2026-08-13 19:00:00,10311.0,10599.0,10385.094498540622,10204.05911341063,10122.309468403308,10164.186227029664
2026-08-13 20:00:00,10131.0,10360.0,10185.836099669232,10078.3340949608,9996.969324789892,10028.801493429775
2026-08-13 21:00:00,10163.0,10324.0,10129.107615046189,10081.07643502904,10032.30162797303,10091.72090207439
2026-08-13 22:00:00,10361.0,10483.0,10194.174764104839,10246.585355311207,10243.67453963787,10325.606836628545
2026-08-13 23:00:00,9913.0,10073.0,9804.133117362313,9827.966371223081,9801.643526679856,9869.558494468383
2026-08-14 00:00:00,9441.0,9542.0,9347.679871691027,9370.196723094261,9335.622628242543,9379.612674538945
2026-08-14 01:00:00,8874.0,9064.0,8901.92895711523,8886.71442390137,8856.194412796112,8904.42908275133
2026-08-14 02:00:00,8662.0,8827.0,8661.475808235931,8661.494491041432,8637.160480269504,8668.231298352333
2026-08-14 03:00:00,8516.0,8611.0,8481.823104892657,8404.444733014732,8415.850789846596,8426.90736338502
2026-08-14 04:00:00,8430.0,8505.0,8394.100930703262,8370.639765446895,8390.253449638063,8400.00700001974
2026-08-14 05:00:00,8292.0,8310.0,8294.493718263479,8241.077268232557,8256.620600113376,8265.267702154997
2026-08-14 06:00:00,8446.0,8541.0,8523.115781122675,8448.197110668018,8475.234474967943,8485.018934455986
2026-08-14 07:00:00,8886.0,8914.0,8877.029037830267,8884.203147049991,8843.973022245142,8889.100853854578
2026-08-14 08:00:00,9418.0,9507.0,9370.855040950797,9389.72966169975,9386.528965573802,9436.014268278639
2026-08-14 09:00:00,10132.0,10207.0,9998.603756916535,10100.361788173355,10094.937942292947,10088.056547111919
2026-08-14 10:00:00,10473.0,10570.0,10347.155522707872,10466.328043419628,10462.08988586733,10446.84207192986
2026-08-14 11:00:00,10567.0,10763.0,10511.305264263898,10572.93471543807,10551.071104518564,10533.261928114245
2026-08-14 12:00:00,10522.0,10588.0,10440.653839430655,10510.334220569846,10455.960684599675,10473.498597792373
2026-08-14 13:00:00,10545.0,10657.0,10476.043931745331,10476.738873662589,10482.117874701367,10489.92839171451
2026-08-14 14:00:00,10503.0,10696.0,10512.251104446985,10534.951437097163,10533.480226447662,10523.536070630036
2026-08-14 15:00:00,10437.0,10653.0,10458.614656555574,10504.02894762042,10489.719157529506,10482.264808127238
2026-08-14 16:00:00,10381.0,10544.0,10392.246581496696,10508.789131349478,10454.543408369302,10449.003067694026
2026-08-14 17:00:00,10360.0,10454.0,10326.648879649447,10409.229878093669,10373.690251500604,10363.265480679775
2026-08-14 18:00:00,10342.0,10377.0,10313.01473789275,10399.392067317329,10329.10398377567,10325.87806925319
2026-08-14 19:00:00,10277.0,10214.0,10203.300372111153,10329.105454425313,10266.71799457008,10271.98648951203
2026-08-14 20:00:00,10025.0,10000.0,10004.692358398965,10133.574366227755,10044.075415728621,10084.87935026273
2026-08-14 21:00:00,10145.0,10024.0,10006.88486280078,10206.1608394295,10134.415022058432,10203.567529185624
2026-08-14 22:00:00,10299.0,10249.0,10080.659164682356,10310.311488467232,10297.962194412545,10343.906198832692
2026-08-14 23:00:00,9958.0,9886.0,9691.769513754889,9893.454080258689,9867.592027325141,9927.062525161753
2026-08-15 00:00:00,9481.0,9355.0,9087.068591428166,9398.341988852042,9389.401520999429,9477.812132506346
2026-08-15 01:00:00,9047.0,8958.0,8660.168635582944,8887.479967645146,8863.865012936203,8948.656161488683
2026-08-15 02:00:00,8813.0,8714.0,8417.557684797495,8699.938378018893,8680.045937392311,8734.360587645335
2026-08-15 03:00:00,8644.0,8566.0,8261.585873499214,8470.30544227475,8482.963939321695,8542.40954583383
2026-08-15 04:00:00,8508.0,8455.0,8164.131246800949,8371.687274187401,8386.758761089948,8439.512832161041
2026-08-15 05:00:00,8445.0,8284.0,8062.244398944346,8275.573782324991,8269.119185095695,8291.54887295907
2026-08-15 06:00:00,8475.0,8383.0,8224.085764023894,8366.142440852464,8313.21378577492,8359.380288323497
2026-08-15 07:00:00,8710.0,8619.0,8592.85872877176,8512.076745997834,8559.855754673841,8579.921841636184
2026-08-15 08:00:00,9064.0,9046.0,9133.782028069138,8946.246000776622,8993.530177918581,9009.018515876549
2026-08-15 09:00:00,9717.0,9735.0,9688.361879378588,9556.329998136085,9583.228807186611,9619.836801650288
2026-08-15 10:00:00,10174.0,10095.0,10087.197814094705,9996.553011553067,10043.540151424624,10087.34157270151
2026-08-15 11:00:00,10376.0,10325.0,10212.066032131313,10146.683606714005,10228.851232783329,10306.81806317242
2026-08-15 12:00:00,10477.0,10318.0,10226.574473809957,10192.619140035245,10279.818042469435,10329.640370884656
2026-08-15 13:00:00,10449.0,10334.0,10213.38702776741,10180.296680041025,10264.861516089333,10302.601907064947
2026-08-15 14:00:00,10455.0,10256.0,10191.950972117798,10164.902039284489,10226.318159506582,10265.216097580103
2026-08-15 15:00:00,10390.0,10247.0,10209.368060812747,10158.46438318906,10250.245404140256,10252.498724180408
2026-08-15 16:00:00,10334.0,10251.0,10205.312395490788,10149.849794956139,10192.183743347468,10207.645797227102
2026-08-15 17:00:00,10338.0,10204.0,10160.524007205982,10109.41297192878,10185.20085146446,10184.623592014057
2026-08-15 18:00:00,10348.0,10257.0,10190.704913530675,10152.064387761744,10212.82864660426,10233.912556349796
2026-08-15 19:00:00,10280.0,10188.0,10154.202501878635,10111.223051695775,10185.637466933373,10195.242758672588
2026-08-15 20:00:00,10110.0,9993.0,9960.660915032462,9991.771858955271,10050.578502818174,10036.264068740824
2026-08-15 21:00:00,10254.0,10035.0,9966.841024512827,9993.78091532537,10135.669623422596,10113.579372247632
2026-08-15 22:00:00,10348.0,10096.0,9940.278629580713,10058.102898663885,10147.145592322942,10157.46732673465
2026-08-15 23:00:00,9911.0,9767.0,9577.181327104116,9768.781201987065,9816.588489314125,9840.724626013078
2026-08-16 00:00:00,9531.0,9246.0,9285.915801086478,9374.334609146503,9354.6483814622,9398.697220647111
2026-08-16 01:00:00,9064.0,8864.0,8863.591893901706,8890.573891290795,8889.670219084766,8918.370627945664
2026-08-16 02:00:00,8791.0,8584.0,8603.765826834642,8588.70633650078,8621.828607355857,8654.98140561194
2026-08-16 03:00:00,8664.0,8359.0,8413.193943176113,8409.592027558432,8446.145278419248,8476.048348434993
2026-08-16 04:00:00,8463.0,8265.0,8322.522660860624,8300.271817089488,8354.31365259812,8377.164795984107
2026-08-16 05:00:00,8374.0,8101.0,8234.689230583019,8222.522502082287,8253.339225669031,8239.83093563124
2026-08-16 06:00:00,8402.0,8285.0,8420.885160019625,8234.402166866459,8220.764265139345,8251.779199864184
2026-08-16 07:00:00,8610.0,8387.0,8654.415026647057,8383.029549218963,8387.780400418547,8435.45871223918
2026-08-16 08:00:00,8952.0,8742.0,9064.369633479946,8716.168423503263,8670.18713779453,8732.673382319043
2026-08-16 09:00:00,9549.0,9365.0,9675.261394850653,9415.737900584765,9368.706013498519,9439.556296564699
2026-08-16 10:00:00,9960.0,9806.0,10070.228248415922,9820.691509934257,9819.814110693955,9871.149775691527
2026-08-16 11:00:00,10211.0,10000.0,10249.94234070648,10006.89421374394,10001.97252017813,10027.068937614236
2026-08-16 12:00:00,10226.0,10103.0,10297.59030756483,10064.550447990252,10067.494552799832,10072.055584728709
2026-08-16 13:00:00,10279.0,10150.0,10328.328961049712,10094.211071905278,10109.474131397432,10115.079103615979
2026-08-16 14:00:00,10250.0,10100.0,10308.774744092534,10069.008224027755,10043.058123157169,10046.261140943816
2026-08-16 15:00:00,10214.0,10063.0,10289.787652042458,10054.795312850945,10049.945847476885,10058.70603869524
2026-08-16 16:00:00,10218.0,10117.0,10321.685521660667,10059.435622871766,10063.46491933725,10055.273196507982
2026-08-16 17:00:00,10244.0,10114.0,10332.220589387713,10077.461579817687,10082.831965135432,10064.453536763009
2026-08-16 18:00:00,10319.0,10188.0,10326.582776895095,10166.216186827929,10166.716860941064,10184.064711635283
2026-08-16 19:00:00,10236.0,10168.0,10293.680397734348,10172.104516337871,10147.208661669476,10185.469342670456
2026-08-16 20:00:00,10122.0,10035.0,10148.774359712472,10020.396824286157,10036.019975218258,10062.85610452918
2026-08-16 21:00:00,10218.0,10087.0,10136.021495068737,10120.044161456412,10154.143237071112,10181.3894644384
2026-08-16 22:00:00,10270.0,10170.0,10133.208552231508,10167.123687216874,10196.505580149893,10217.604776387638
2026-08-16 23:00:00,9836.0,9773.0,9728.439403285185,9820.033119358508,9829.285322757505,9833.144841566027
2026-08-17 00:00:00,9355.0,9276.0,9530.415581590165,9322.940221676936,9283.607334105276,9285.421626230544
2026-08-17 01:00:00,8948.0,8786.0,9052.322117355148,8881.77046118559,8832.794818592878,8833.513381214088
2026-08-17 02:00:00,8577.0,8485.0,8781.422022335955,8614.50870361133,8595.440072428097,8582.771909195133
2026-08-17 03:00:00,8410.0,8348.0,8626.944779940706,8450.041308025824,8449.646417083073,8432.837230517067
2026-08-17 04:00:00,8339.0,8261.0,8528.22361095238,8351.316190357562,8369.11500188971,8363.63477557671
2026-08-17 05:00:00,8256.0,8169.0,8461.672099503801,8294.958330318057,8298.398061185011,8302.210786333546
2026-08-17 06:00:00,8425.0,8372.0,8656.698605309874,8472.917544279715,8441.744055582189,8447.658912048635
2026-08-17 07:00:00,8826.0,8806.0,9065.158347091772,9002.860118531757,8885.314046033363,8904.715542243228
2026-08-17 08:00:00,9353.0,9329.0,9605.287514183143,9464.408354702995,9356.905546797741,9377.71336591774
2026-08-17 09:00:00,10080.0,10052.0,10285.907489311612,10123.503645479794,10024.641848618985,10052.977712532567
2026-08-17 10:00:00,10376.0,10463.0,10706.986602477054,10594.298927632266,10453.224047416339,10474.818657655587
2026-08-17 11:00:00,10512.0,10643.0,10811.466843190068,10684.034958750164,10565.854240925506,10576.53241290833
2026-08-17 12:00:00,10584.0,10568.0,10800.8628104274,10657.45969922694,10538.839932194696,10535.316967905852
2026-08-17 13:00:00,10520.0,10556.0,10801.810438660012,10651.421966335573,10510.66523341741,10500.288847208521
2026-08-17 14:00:00,10585.0,10650.0,10851.544270143611,10675.940531503853,10546.113264872352,10527.118032957085
2026-08-17 15:00:00,10550.0,10611.0,10824.178832102292,10633.754663101761,10520.19323536734,10468.279832500466
2026-08-17 16:00:00,10519.0,10566.0,10789.650440897196,10618.566177650242,10488.370441542178,10468.479248817415
2026-08-17 17:00:00,10424.0,10461.0,10726.105543615522,10577.999452632932,10431.124973746553,10419.164442757066
2026-08-17 18:00:00,10368.0,10351.0,10673.85441288377,10513.061741612139,10383.392329595059,10385.384502728173
2026-08-17 19:00:00,10322.0,10361.0,10664.09632578937,10481.604416291113,10396.98447510507,10393.846155333917
2026-08-17 20:00:00,10210.0,10134.0,10451.983363624466,10223.595201910095,10218.524243799811,10189.104729366962
2026-08-17 21:00:00,10326.0,10152.0,10444.278395365525,10325.684130377742,10324.700582661291,10318.863558716444
2026-08-17 22:00:00,10355.0,10255.0,10461.860151231765,10399.474492040368,10347.106453601009,10368.517700313938
2026-08-17 23:00:00,9898.0,9810.0,10051.44831860981,9920.341158154679,9871.989190032786,9869.761201289044
2026-08-18 00:00:00,9369.0,9268.0,9418.316261021753,9384.467433201402,9344.983633812699,9368.681706157919
2026-08-18 01:00:00,8900.0,8880.0,9003.225586277269,8942.491082904344,8913.196917060484,8948.614731391664
2026-08-18 02:00:00,8655.0,8519.0,8696.834776118156,8668.995451418,8642.17118522253,8643.700295378367
2026-08-18 03:00:00,8506.0,8403.0,8566.162347783242,8565.069950154242,8560.94720551053,8558.343657595171
2026-08-18 04:00:00,8410.0,8301.0,8444.100003144913,8426.245577159063,8404.859872071387,8417.015161337831
2026-08-18 05:00:00,8356.0,8244.0,8405.754360475801,8387.55261963574,8374.212951181851,8383.345013049218
2026-08-18 06:00:00,8542.0,8450.0,8609.931204030187,8554.227407931205,8512.227282795277,8552.454385090874
2026-08-18 07:00:00,8844.0,8884.0,8970.287479992818,9040.197529636906,9002.976903087088,9048.797367193078
2026-08-18 08:00:00,9449.0,9377.0,9399.319749476159,9500.59392021119,9467.569161220414,9515.041085860945
2026-08-18 09:00:00,10086.0,10030.0,10016.943370988458,10149.656480436275,10081.722792984168,10134.385031451504
2026-08-18 10:00:00,10326.0,10458.0,10396.3173502734,10515.799650090183,10467.990502368952,10502.492827992986
2026-08-18 11:00:00,10484.0,10576.0,10534.77979882414,10598.676866860425,10538.846287821854,10573.569709621303
2026-08-18 12:00:00,10452.0,10495.0,10495.68364432804,10568.845328894571,10486.723263831882,10517.768683891229
2026-08-18 13:00:00,10433.0,10476.0,10507.712362775173,10595.564974465446,10470.713021374402,10529.271026827757
2026-08-18 14:00:00,10418.0,10472.0,10511.071390119068,10600.983438384807,10484.843597582696,10527.764873276572
2026-08-18 15:00:00,10337.0,10361.0,10439.623001168884,10520.725921894424,10413.669513602797,10455.328468052197
2026-08-18 16:00:00,10337.0,10381.0,10441.791973765452,10510.117748012823,10422.577345428694,10467.460435422072
2026-08-18 17:00:00,10291.0,10276.0,10388.616193586597,10432.259556430334,10306.612693511554,10365.057203844304
2026-08-18 18:00:00,10324.0,10258.0,10410.35293344778,10451.263217686846,10300.300586166833,10381.373886313591
2026-08-18 19:00:00,10269.0,10162.0,10343.803365104674,10364.285855046537,10238.966127149,10321.270071183506
2026-08-18 20:00:00,10221.0,9987.0,10172.730667782529,10153.262485529702,10072.987190705528,10169.171845454663
2026-08-18 21:00:00,10300.0,10072.0,10225.679025618996,10279.474793625617,10245.783011800679,10294.242391927335
2026-08-18 22:00:00,10374.0,10250.0,10275.906634502655,10385.106603912736,10316.849375709937,10376.163560570016
2026-08-18 23:00:00,9872.0,9782.0,9826.109724340637,9924.10623024738,9841.851792119336,9888.929602005801
2026-08-19 00:00:00,9418.0,9271.0,9341.628496569347,9355.548409423809,9394.328865348787,9378.125439787418
2026-08-19 01:00:00,8935.0,8779.0,8903.704161272959,8894.41794509829,8896.411859728565,8896.888495652025
2026-08-19 02:00:00,8721.0,8574.0,8657.822274116897,8630.630091778095,8654.050556094671,8665.830581616441
2026-08-19 03:00:00,8565.0,8401.0,8519.419924088696,8460.030901869384,8503.260132915222,8511.703989077118
2026-08-19 04:00:00,8491.0,8324.0,8417.233133268614,8396.715522545172,8417.538083607005,8463.99216014081
2026-08-19 05:00:00,8467.0,8219.0,8359.122878498638,8352.754773581,8372.47006625714,8386.61369089192
2026-08-19 06:00:00,8608.0,8422.0,8586.174090324417,8479.750994427868,8536.655849537694,8548.938268965123
2026-08-19 07:00:00,8969.0,8783.0,8984.568604291073,8871.032593212854,8866.327989203532,8883.074195755682
2026-08-19 08:00:00,9470.0,9346.0,9493.270654532907,9389.403669826443,9417.106260246124,9454.287150633765
2026-08-19 09:00:00,10144.0,10057.0,10210.464479443517,10086.313455149862,10143.598075541724,10176.4611676176
2026-08-19 10:00:00,10469.0,10423.0,10590.541493788203,10386.78964902542,10500.821988555059,10512.392566596169
2026-08-19 11:00:00,10675.0,10511.0,10730.983856938088,10500.923220697365,10599.174653777862,10605.591606262293
2026-08-19 12:00:00,10727.0,10465.0,10611.344420159,10519.179378997438,10597.741500179334,10642.091633186212
2026-08-19 13:00:00,10721.0,10416.0,10596.261056144796,10503.266274325153,10613.009402841892,10653.315838854473
2026-08-19 14:00:00,10751.0,10554.0,10661.19351919278,10526.502501313735,10618.38938165055,10696.947407217533
2026-08-19 15:00:00,10694.0,10516.0,10596.845005378704,10513.202060052212,10606.138105331642,10677.919295484777
2026-08-19 16:00:00,10725.0,10530.0,10606.888903321069,10504.546718117326,10573.344375031265,10646.685277794073
2026-08-19 17:00:00,10686.0,10418.0,10529.895759238902,10428.310667734653,10491.192552048318,10579.043596438061
2026-08-19 18:00:00,10597.0,10395.0,10540.764041779808,10391.24938240604,10474.91982687457,10539.733813541807
2026-08-19 19:00:00,10585.0,10419.0,10511.299362104657,10344.485698734943,10418.546873333169,10414.715560160954
2026-08-19 20:00:00,10418.0,10155.0,10278.628846209465,10238.253488023878,10258.539158483012,10316.143681230511
2026-08-19 21:00:00,10456.0,10321.0,10365.011919271208,10326.976274117604,10438.018368100866,10476.067832054088
2026-08-19 22:00:00,10493.0,10388.0,10357.682695074933,10359.078599447177,10413.094754342519,10403.953542823443
2026-08-19 23:00:00,9985.0,9849.0,9878.210551911405,9957.174763832578,9947.617518610436,9969.962217014288
2026-08-20 00:00:00,9470.0,9397.0,9393.91061990804,9442.635230818578,9427.952107447585,9471.051172508032
2026-08-20 01:00:00,8974.0,8865.0,8916.752135895933,8975.753569892082,8930.212766725821,8972.50418135635
2026-08-20 02:00:00,8794.0,8661.0,8671.601336489735,8756.427784522808,8681.00069939345,8740.588356338854
2026-08-20 03:00:00,8526.0,8510.0,8526.37758228174,8595.813847973033,8547.144827520766,8595.228147267162
2026-08-20 04:00:00,8493.0,8434.0,8445.390827907813,8511.54575316744,8455.404041931697,8517.617546575008
2026-08-20 05:00:00,8484.0,8360.0,8386.643835603116,8479.503387371713,8417.179733112369,8475.427546578703
2026-08-20 06:00:00,8639.0,8520.0,8572.814503530883,8637.170688424701,8553.074914201481,8590.168960032297
2026-08-20 07:00:00,8950.0,8922.0,8953.220720412308,8976.288103150056,8870.893136288862,8919.032206605163
2026-08-20 08:00:00,9447.0,9468.0,9448.506003933711,9514.368230150858,9449.770991228623,9501.280851489028
2026-08-20 09:00:00,10161.0,10104.0,10053.355433217777,10181.78914194888,10102.187386534786,10136.793598489257
2026-08-20 10:00:00,10412.0,10475.0,10378.901103291137,10448.99921985266,10395.128534873711,10427.98034432606
2026-08-20 11:00:00,10540.0,10539.0,10481.826919200446,10584.37024789938,10510.931908236527,10544.20579720998
2026-08-20 12:00:00,10478.0,10502.0,10516.828892380287,10578.146656545128,10544.899909867509,10541.508350849454
2026-08-20 13:00:00,10416.0,10447.0,10499.806221740339,10531.910425902777,10496.479283624012,10496.969073722097
2026-08-20 14:00:00,10445.0,10386.0,10493.553078575384,10522.438341361662,10501.587541079225,10490.713855761585
2026-08-20 15:00:00,10518.0,10451.0,10490.524204666912,10459.825771916281,10407.525460881578,10428.19728457228
2026-08-20 16:00:00,10509.0,10341.0,10446.363027907462,10464.511788001502,10388.66551996751,10407.73560627857
2026-08-20 17:00:00,10394.0,10371.0,10452.92492689922,10420.781357309044,10361.134706767332,10405.46579638662
2026-08-20 18:00:00,10332.0,10357.0,10448.352698407445,10426.544270074442,10357.258069923217,10432.86314818576
2026-08-20 19:00:00,10345.0,10311.0,10411.822543157527,10408.2492475661,10333.369912145772,10414.16545974524
2026-08-20 20:00:00,10195.0,10131.0,10247.040484964127,10321.999262803933,10262.238603176946,10285.798338890554
2026-08-20 21:00:00,10343.0,10163.0,10252.72024058024,10411.479904202813,10401.133656393635,10444.360895044585
2026-08-20 22:00:00,10408.0,10361.0,10300.40126769811,10435.489517917344,10392.875054303393,10401.819701296692
2026-08-20 23:00:00,9928.0,9913.0,9870.21722288446,10046.268764881896,9967.199150750637,9970.483435205177
2026-08-21 00:00:00,9465.0,9441.0,9400.747748617787,9467.83370555881,9475.168852390114,9481.862966159359
2026-08-21 01:00:00,9039.0,8874.0,8885.234813292296,8956.512354778532,8960.683224199798,8947.03422029088
2026-08-21 02:00:00,8811.0,8662.0,8655.06574795038,8798.160076448778,8761.934998188348,8735.452795806605
2026-08-21 03:00:00,8631.0,8516.0,8490.977980220441,8584.779712307623,8577.930135856179,8540.882584141762
2026-08-21 04:00:00,8569.0,8430.0,8396.054201053703,8517.280360147199,8504.743796859853,8460.378306016071
2026-08-21 05:00:00,8469.0,8292.0,8333.698687194565,8493.347186169243,8495.052902278538,8435.027306016498
2026-08-21 06:00:00,8637.0,8446.0,8512.411727280623,8650.174808295593,8636.554089349584,8587.393786828481
2026-08-21 07:00:00,8960.0,8886.0,8910.416321239238,9030.197437005309,8994.133227637813,8993.04244486823
2026-08-21 08:00:00,9535.0,9418.0,9424.804543350472,9504.497859193005,9494.197850325174,9500.611316885816
2026-08-21 09:00:00,10163.0,10132.0,10079.513943095582,10225.003982867014,10174.067456620643,10218.734928191654
2026-08-21 10:00:00,10507.0,10473.0,10430.228574805304,10523.585570745074,10483.705822242731,10515.667659381827
2026-08-21 11:00:00,10638.0,10567.0,10556.470835203374,10630.298997782014,10616.592446772904,10649.46581703875
2026-08-21 12:00:00,10606.0,10522.0,10548.517945915026,10675.589842626769,10640.769272884156,10635.141690919641
2026-08-21 13:00:00,10628.0,10545.0,10564.75727331615,10620.100026991806,10607.537192140053,10589.19841132973
2026-08-21 14:00:00,10632.0,10503.0,10545.925470304315,10693.329292527866,10658.832359282263,10642.815907429207
2026-08-21 15:00:00,10522.0,10437.0,10473.526083887156,10587.422490495679,10545.536535569336,10532.499934963049
2026-08-21 16:00:00,10471.0,10381.0,10424.436432664315,10636.55447206515,10541.023749453852,10527.354010661735
2026-08-21 17:00:00,10413.0,10360.0,10370.946334537646,10575.713446399119,10467.981472795102,10471.810611666151
2026-08-21 18:00:00,10425.0,10342.0,10380.991015792237,10487.135849999211,10397.753921844509,10400.255215012234
2026-08-21 19:00:00,10354.0,10277.0,10319.047425868355,10472.438878249883,10373.064719393595,10389.836861825177
2026-08-21 20:00:00,10142.0,10025.0,10124.658888082931,10339.69570504613,10183.979334137368,10225.933114484016
2026-08-21 21:00:00,10380.0,10145.0,10175.974148489793,10410.801220680112,10375.116876195463,10376.92683992737
2026-08-21 22:00:00,10439.0,10299.0,10221.295685666888,10419.568744204422,10409.411940024027,10408.69916009436
2026-08-21 23:00:00,10019.0,9958.0,9846.15861706407,10068.53740681474,10025.412269893692,10012.03766509965
2026-08-22 00:00:00,9526.0,9481.0,9291.52922511049,9594.957465114987,9536.27285016095,9556.436583332092
2026-08-22 01:00:00,9106.0,9047.0,8861.859183249802,9146.673087804524,9079.317595775852,9098.81790278618
2026-08-22 02:00:00,8803.0,8813.0,8617.671933355765,8934.752683274928,8834.55070415786,8844.224048674872
2026-08-22 03:00:00,8609.0,8644.0,8456.386878219622,8665.763043544743,8615.972768186622,8618.664833198694
2026-08-22 04:00:00,8493.0,8508.0,8352.18189544266,8602.641678726712,8540.312457239736,8548.563842494961
2026-08-22 05:00:00,8420.0,8445.0,8314.075435536506,8558.874808345745,8499.18738198763,8492.125739060171
2026-08-22 06:00:00,8403.0,8475.0,8441.35970943512,8622.687788865609,8539.187353856923,8506.233557666003
2026-08-22 07:00:00,8644.0,8710.0,8722.412728563391,8712.095780413429,8652.766100318588,8656.82865565747
2026-08-22 08:00:00,9049.0,9064.0,9180.44944356677,9048.878599814569,9010.443960410725,9043.161587675622
2026-08-22 09:00:00,9681.0,9717.0,9754.767307209295,9802.289333094843,9714.694625917014,9755.515712887121
2026-08-22 10:00:00,10110.0,10174.0,10176.796556294274,10170.118657306322,10136.865089585805,10188.503293225742
2026-08-22 11:00:00,10327.0,10376.0,10339.014283201384,10335.834200123578,10328.429545636876,10377.10679529619
2026-08-22 12:00:00,10381.0,10477.0,10405.691755193788,10390.9673105208,10372.088921384096,10395.978359642486
2026-08-22 13:00:00,10343.0,10449.0,10429.745874861035,10349.499455756059,10331.502825202491,10357.053440323542
2026-08-22 14:00:00,10260.0,10455.0,10416.084681211218,10371.161071504255,10366.518326415395,10386.46267828231
2026-08-22 15:00:00,10169.0,10390.0,10399.828709134794,10360.275744717335,10329.177252166595,10356.856288723338
2026-08-22 16:00:00,10234.0,10334.0,10404.427071101394,10315.914892016572,10300.58641603522,10320.71001182805
2026-08-22 17:00:00,10227.0,10338.0,10361.194241747875,10291.502844128261,10281.996411101725,10344.137523468205
2026-08-22 18:00:00,10311.0,10348.0,10380.780403344374,10314.544687110289,10352.3550150372,10357.73647161156
2026-08-22 19:00:00,10387.0,10280.0,10352.361875734316,10297.838053621575,10334.9801474469,10376.706454276482
2026-08-22 20:00:00,10245.0,10110.0,10188.107317072792,10206.883906560197,10257.523605456528,10269.02623408403
2026-08-22 21:00:00,10487.0,10254.0,10355.53901176347,10297.843485097335,10346.482552500098,10408.483241578258
2026-08-22 22:00:00,10278.0,10348.0,10424.606246410156,10333.638276127242,10367.942287282978,10399.879006917343
2026-08-22 23:00:00,9843.0,9911.0,9828.490180459805,9995.146423178565,9958.409368125365,10000.394494642273
2026-08-23 00:00:00,9485.0,9531.0,9404.674152464728,9484.020721715777,9554.282798045904,9543.990727541874
2026-08-23 01:00:00,9036.0,9064.0,8956.467972764593,9030.44687050084,9051.389384408525,9064.892485184337
2026-08-23 02:00:00,8723.0,8791.0,8691.333021326594,8775.964575932152,8797.49773701675,8805.57915144921
2026-08-23 03:00:00,8563.0,8664.0,8536.579857219189,8600.569612304787,8627.522618034976,8652.850078030591
2026-08-23 04:00:00,8431.0,8463.0,8379.762261034128,8438.640297032662,8487.940253184612,8519.353216055777
2026-08-23 05:00:00,8435.0,8374.0,8333.859213294323,8353.46931830594,8407.779072508756,8439.058528360112
2026-08-23 06:00:00,8359.0,8402.0,8519.687643075416,8400.489619855507,8436.913410870602,8473.591904508796
2026-08-23 07:00:00,8478.0,8610.0,8788.332760148323,8459.236236029066,8521.482475531033,8540.803863564057
2026-08-23 08:00:00,8821.0,8952.0,9202.779442426152,8878.291398268086,8896.420815358777,8910.967722523857
2026-08-23 09:00:00,9403.0,9549.0,9846.595600900859,9511.676255889082,9561.640171130419,9595.279400309493
2026-08-23 10:00:00,9950.0,9960.0,10206.623996586257,9881.869306542289,9971.923860506296,10030.97709235026
2026-08-23 11:00:00,10212.0,10211.0,10404.591857183514,10112.663872424397,10234.54283996037,10270.898769843294
2026-08-23 12:00:00,10347.0,10226.0,10395.888460963806,10131.107248593487,10271.360537197623,10320.148265591677
2026-08-23 13:00:00,10351.0,10279.0,10416.259093712359,10171.896283979668,10342.947627101832,10334.763776538255
2026-08-23 14:00:00,10405.0,10250.0,10416.867317822745,10175.0948904588,10342.790346647373,10344.672583710668
2026-08-23 15:00:00,10344.0,10214.0,10399.291050758704,10139.188431749686,10305.882485639171,10345.791530780796
2026-08-23 16:00:00,10421.0,10218.0,10393.947104995148,10138.552708910831,10314.702667307512,10335.061832929669
2026-08-23 17:00:00,10473.0,10244.0,10402.334062893524,10158.035464814197,10354.073152364226,10370.162445749276
2026-08-23 18:00:00,10589.0,10319.0,10426.838015376316,10221.968553437135,10413.99308092859,10443.722247774313
2026-08-23 19:00:00,10595.0,10236.0,10380.779344312325,10236.290820412112,10392.017836952333,10416.038949806218
2026-08-23 20:00:00,10451.0,10122.0,10247.530938173015,10161.837098688065,10316.726841973177,10351.307759545545
2026-08-23 21:00:00,10676.0,10218.0,10296.133370946336,10236.197911429235,10442.55764276927,10501.96834301304
2026-08-23 22:00:00,10376.0,10270.0,10275.016412629093,10242.732011679462,10396.765180423576,10418.43641406928
2026-08-23 23:00:00,9983.0,9836.0,9870.846787373595,9936.336440252873,10013.711475566251,10056.93728256144
2026-08-24 00:00:00,9467.0,9355.0,9635.079153070186,9378.450090117041,9403.458126953965,9391.790234433061
2026-08-24 01:00:00,9025.0,8948.0,9187.411954079327,8950.450644214034,8944.920918639651,8928.296736117267
2026-08-24 02:00:00,8797.0,8577.0,8888.581334516006,8635.347542877747,8666.132525898578,8632.83932466372
2026-08-24 03:00:00,8646.0,8410.0,8701.456802216006,8485.080331552046,8533.34095744019,8513.446945716969
2026-08-24 04:00:00,8442.0,8339.0,8610.261080075392,8388.243342743603,8427.00838389102,8421.278450980548
2026-08-24 05:00:00,8435.0,8256.0,8552.56178724627,8339.461387613366,8408.453107214225,8402.846233367336
2026-08-24 06:00:00,8645.0,8425.0,8729.378334175286,8495.999639091771,8520.793540137416,8524.111235004542
2026-08-24 07:00:00,8944.0,8826.0,9120.04136889279,8952.273602638192,8950.837221992067,8923.965202564415
2026-08-24 08:00:00,9558.0,9353.0,9634.577837662917,9551.313197826095,9557.021368653148,9483.293967100988
2026-08-24 09:00:00,10278.0,10080.0,10333.574219863243,10199.314432397641,10263.789331261452,10162.049225411278
2026-08-24 10:00:00,10644.0,10376.0,10660.035674048126,10551.129011014387,10607.165018580425,10518.644242771259
2026-08-24 11:00:00,10793.0,10512.0,10802.84429417188,10743.091307291976,10793.2850964441,10640.990268660575
2026-08-24 12:00:00,10782.0,10584.0,10812.745113564273,10696.942171349252,10795.92082068491,10636.074580736145
2026-08-24 13:00:00,10766.0,10520.0,10787.951311704375,10706.745599099964,10784.587175409464,10647.679265788202
2026-08-24 14:00:00,10811.0,10585.0,10819.236767737902,10719.441525875489,10808.616265225097,10667.964855346183
2026-08-24 15:00:00,10759.0,10550.0,10807.963140581029,10636.609768025242,10747.254636350382,10624.469081811687
2026-08-24 16:00:00,10774.0,10519.0,10766.966313177989,10624.10427958442,10731.548191531514,10625.127417386173
2026-08-24 17:00:00,10715.0,10424.0,10703.807570635736,10543.633866538996,10671.451763140327,10561.790581229905
2026-08-24 18:00:00,10729.0,10368.0,10693.195079294619,10534.05077018349,10652.88127096122,10561.949422030928
2026-08-24 19:00:00,10731.0,10322.0,10673.971834593176,10490.196232862785,10660.068480043898,10557.09505323647
2026-08-24 20:00:00,10587.0,10210.0,10533.060100123459,10392.331881310989,10543.270012946796,10476.004657140169
2026-08-24 21:00:00,10770.0,10326.0,10603.727894135855,10501.971971161342,10696.911169312929,10627.047440491626
2026-08-24 22:00:00,10686.0,10355.0,10563.44204391531,10488.732308659757,10570.395075923685,10478.594997352873
2026-08-24 23:00:00,10146.0,9898.0,10130.444501685468,10027.790123398781,10105.428926758337,10036.677070946167
2026-08-25 00:00:00,9670.0,9369.0,9598.9405176093,9503.390601646062,9523.409585443642,9536.689817185095
2026-08-25 01:00:00,9255.0,8900.0,9158.834772754533,9042.969932502101,9022.30116780051,9055.464184195658
2026-08-25 02:00:00,8979.0,8655.0,8891.730241351368,8809.106122268719,8741.945698132628,8772.265413634559
2026-08-25 03:00:00,8793.0,8506.0,8732.515914142157,8633.785361142372,8596.96362872668,8625.176693462758
2026-08-25 04:00:00,8674.0,8410.0,8627.82077001311,8532.23053571487,8514.383110818733,8511.065010566424
2026-08-25 05:00:00,8755.0,8356.0,8591.830715702652,8544.869348054428,8544.687275522187,8534.962165567895
2026-08-25 06:00:00,8819.0,8542.0,8752.33727131386,8680.876431996901,8624.754618529158,8633.899243687081
2026-08-25 07:00:00,9136.0,8844.0,9075.926241708241,9039.777441546772,8987.064494017406,9027.955058485511
2026-08-25 08:00:00,9707.0,9449.0,9596.341898745859,9572.451679454096,9575.694140758538,9634.35547738117
2026-08-25 09:00:00,10369.0,10086.0,10218.760262507825,10320.4405014601,10213.49942942479,10291.332051674499
2026-08-25 10:00:00,10690.0,10326.0,10524.590095228265,10645.093305526925,10518.124021415555,10601.971742117445
2026-08-25 11:00:00,10830.0,10484.0,10659.996021120245,10795.87986396773,10676.0045684235,10725.757163274506
2026-08-25 12:00:00,10705.0,10452.0,10629.0005015718,10741.127762163454,10651.149304046201,10685.28297242122
2026-08-25 13:00:00,10670.0,10433.0,10622.021070325327,10741.219403133946,10652.915067169328,10683.374735882016
2026-08-25 14:00:00,10600.0,10418.0,10609.882390781237,10733.654447885847,10662.76778353335,10686.042424577969
2026-08-25 15:00:00,10592.0,10337.0,10520.537960125832,10641.257250417917,10575.561909232856,10560.583045386034
2026-08-25 16:00:00,10547.0,10337.0,10530.727725849192,10665.720827947429,10592.073948148567,10580.81243135217
2026-08-25 17:00:00,10533.0,10291.0,10499.926520215353,10640.80548872188,10533.080701094264,10539.173697728604
2026-08-25 18:00:00,10547.0,10324.0,10543.643692690928,10675.378409327957,10549.397793963888,10540.44883088053
2026-08-25 19:00:00,10517.0,10269.0,10520.09978318648,10672.147077131349,10558.392047781088,10549.627854899516
2026-08-25 20:00:00,10445.0,10221.0,10439.59061429308,10562.4751639874,10521.775100068302,10518.304620853474
2026-08-25 21:00:00,10744.0,10300.0,10510.709726399207,10711.63370062937,10740.354790989837,10765.338768663065
2026-08-25 22:00:00,10669.0,10374.0,10465.806154048294,10589.630407057315,10518.360603968478,10529.16778749204
2026-08-25 23:00:00,10169.0,9872.0,10015.171751430353,10148.842610808682,10067.067301406172,10072.484267600565
2026-08-26 00:00:00,9632.0,9418.0,9605.420899152035,9666.510385141217,9542.034932772032,9534.827946290769
2026-08-26 01:00:00,9171.0,8935.0,9137.745983958135,9207.663671649638,9057.296994283044,9047.005799958555
2026-08-26 02:00:00,8919.0,8721.0,8896.8833719424,8970.578600416018,8818.29142346283,8804.986967277377
2026-08-26 03:00:00,8722.0,8565.0,8741.525222536968,8830.56299025676,8653.524541906083,8660.12111458925
2026-08-26 04:00:00,8644.0,8491.0,8652.809994908353,8680.390624425041,8530.55488127632,8535.295275911663
2026-08-26 05:00:00,8635.0,8467.0,8647.125257416756,8688.906098704605,8569.018532286502,8578.337130672197
2026-08-26 06:00:00,8795.0,8608.0,8812.385356403796,8886.891389831802,8723.51432157512,8740.383292747545
2026-08-26 07:00:00,9148.0,8969.0,9142.470102913647,9264.66940639347,9078.551139434068,9096.114260455895
2026-08-26 08:00:00,9615.0,9470.0,9589.490322176287,9815.411810667207,9650.605164922945,9692.437316592892
2026-08-26 09:00:00,10293.0,10144.0,10203.299955597737,10541.385728255276,10294.027833871587,10325.232558652227
2026-08-26 10:00:00,10678.0,10469.0,10518.544636190534,10789.050750085915,10536.691446922252,10589.197998046107
2026-08-26 11:00:00,10750.0,10675.0,10668.251432896355,10933.202890099232,10636.898347895858,10680.665097289108
2026-08-26 12:00:00,10729.0,10727.0,10706.546678514778,10931.11456271136,10643.539139986598,10677.030809175425
2026-08-26 13:00:00,10694.0,10721.0,10721.857066787834,10927.501728823747,10624.357437324357,10674.523516756946
2026-08-26 14:00:00,10731.0,10751.0,10767.793082192087,10923.947244217208,10642.68907863425,10697.408615511422
2026-08-26 15:00:00,10686.0,10694.0,10737.71610095385,10900.92139025958,10620.142995960645,10647.245471256543
2026-08-26 16:00:00,10655.0,10725.0,10770.107690369965,10912.411911821137,10623.40301477656,10643.044001579961
2026-08-26 17:00:00,10540.0,10686.0,10750.976558101667,10808.025709271637,10544.921820009693,10564.141601244772
2026-08-26 18:00:00,10573.0,10597.0,10717.131615996468,10861.342239540038,10590.804126156014,10601.012844015053
2026-08-26 19:00:00,10543.0,10585.0,10707.63704660153,10883.933390586553,10591.404671947506,10638.321287948167
2026-08-26 20:00:00,10471.0,10418.0,10531.096553618057,10734.635830302139,10486.702717525064,10522.820630559741
2026-08-26 21:00:00,10749.0,10456.0,10569.744646000003,10920.480984769543,10691.869807712463,10745.830390190144
2026-08-26 22:00:00,10625.0,10493.0,10513.028231671997,10792.715520932397,10544.464835288325,10589.193717693699
2026-08-26 23:00:00,10067.0,9985.0,10059.639422432458,10387.613092055977,10159.309041359613,10161.943632390854
2026-08-27 00:00:00,9603.0,9470.0,9503.5243435364,9763.57730766617,9598.186210834467,9612.251505693273
2026-08-27 01:00:00,9126.0,8974.0,9038.088390059373,9362.67319274368,9197.139631370126,9214.159407648944
2026-08-27 02:00:00,8862.0,8794.0,8820.250033106262,9067.646035201033,8919.64185722206,8936.453836172555
2026-08-27 03:00:00,8732.0,8526.0,8613.546585030685,8887.223318595094,8717.709214294673,8735.205602097214
2026-08-27 04:00:00,8610.0,8493.0,8551.100216063938,8779.149706207218,8640.147510201776,8649.81670815895
2026-08-27 05:00:00,8655.0,8484.0,8551.969729449655,8839.664022034314,8709.2921969747,8718.637404852016
2026-08-27 06:00:00,8819.0,8639.0,8729.037275589755,8930.008100872068,8773.792036396064,8800.272042955059
2026-08-27 07:00:00,9142.0,8950.0,9063.951329529653,9236.37470417122,9088.540026157536,9147.8160916764
2026-08-27 08:00:00,9671.0,9447.0,9564.799689267522,9793.31719534369,9637.109226007227,9724.931233806587
2026-08-27 09:00:00,10335.0,10161.0,10246.166039967606,10551.905536678623,10324.88665506002,10384.343952362833
2026-08-27 10:00:00,10695.0,10412.0,10542.321091759626,10808.153749182926,10640.012229358643,10666.263103295067
2026-08-27 11:00:00,10798.0,10540.0,10619.487236282124,10904.370263891075,10704.543708960731,10753.585610504939
2026-08-27 12:00:00,10732.0,10478.0,10551.9585283712,10829.44349204136,10646.875281949857,10681.44135726615
2026-08-27 13:00:00,10742.0,10416.0,10508.218884637263,10819.602898367362,10645.38430080162,10690.564455123846
2026-08-27 14:00:00,10804.0,10445.0,10517.887442363706,10779.87418545562,10594.484273749762,10643.933894687592
2026-08-27 15:00:00,10723.0,10518.0,10542.884289550802,10778.85194672332,10594.909489017587,10614.843593074205
2026-08-27 16:00:00,10725.0,10509.0,10533.911339113542,10758.48131562244,10580.445896510872,10598.591442920555
2026-08-27 17:00:00,10616.0,10394.0,10458.553704879037,10735.987720966748,10529.334471250202,10578.95869918952
2026-08-27 18:00:00,10543.0,10332.0,10455.15006392448,10722.407832067223,10512.155978573019,10539.507217231787
2026-08-27 19:00:00,10584.0,10345.0,10441.84493659592,10729.694596976464,10499.437460873574,10539.271083624435
2026-08-27 20:00:00,10431.0,10195.0,10323.475370016176,10626.474499875598,10370.717441056866,10410.538363591897
2026-08-27 21:00:00,10738.0,10343.0,10436.288536503429,10846.088021428313,10698.67612295984,10734.704336219716
2026-08-27 22:00:00,10692.0,10408.0,10413.988317445095,10777.568401369712,10584.279670945347,10618.580891801543
2026-08-27 23:00:00,10175.0,9928.0,9962.81848269705,10370.896763264558,10184.958216861083,10184.568854175974
2026-08-28 00:00:00,9769.0,9465.0,9555.925143653938,9779.548522050945,9610.920888881757,9680.232961466232
2026-08-28 01:00:00,9255.0,9039.0,9128.168125206426,9367.114364364652,9169.36126726451,9230.065686717693
2026-08-28 02:00:00,8978.0,8811.0,8891.22824602353,9030.575446808973,8875.469566245443,8935.204516378852
2026-08-28 03:00:00,8822.0,8631.0,8726.218730682998,8901.503386931714,8712.615757587451,8778.14545321407
2026-08-28 04:00:00,8788.0,8569.0,8642.644003935697,8814.013733298827,8635.909051010185,8699.72770561434
2026-08-28 05:00:00,8764.0,8469.0,8601.945845960532,8813.606549863323,8659.383003722865,8739.043100274821
2026-08-28 06:00:00,8847.0,8637.0,8789.423332066757,8951.78096653829,8772.757625032664,8842.508140047506
2026-08-28 07:00:00,9186.0,8960.0,9136.448782295269,9262.292421683456,9100.73272608011,9184.832733388335
2026-08-28 08:00:00,9723.0,9535.0,9652.85929871814,9813.978094385864,9647.235408860999,9730.701337942142
2026-08-28 09:00:00,10395.0,10163.0,10256.335874700633,10575.706084592939,10332.060795574633,10424.860278223063
2026-08-28 10:00:00,10744.0,10507.0,10591.110380011673,10852.206236785305,10641.988814178827,10733.084069485518
2026-08-28 11:00:00,10785.0,10638.0,10707.517853462477,10936.53073967245,10698.928607606804,10771.952191205419
2026-08-28 12:00:00,10783.0,10606.0,10620.348923498186,10902.831224098682,10648.990078136236,10764.30741197919
2026-08-28 13:00:00,10709.0,10628.0,10621.765918299763,10843.627090178958,10621.112406110982,10708.894150754084
2026-08-28 14:00:00,10764.0,10632.0,10632.129821596549,10882.605149010264,10639.77184639764,10718.454551304907
2026-08-28 15:00:00,10687.0,10522.0,10579.191051136382,10819.223178499433,10586.574349443752,10660.03514995827
2026-08-28 16:00:00,10593.0,10471.0,10559.174260181511,10793.821716824023,10548.058304118646,10627.180328366105
2026-08-28 17:00:00,10524.0,10413.0,10540.938314236586,10720.490244603428,10485.151182634547,10566.182501626885
2026-08-28 18:00:00,10551.0,10425.0,10562.665355037108,10730.063432126102,10474.285550135144,10570.188977709106
2026-08-28 19:00:00,10510.0,10354.0,10520.021930296614,10736.097011495867,10488.272800539758,10590.406212827062
2026-08-28 20:00:00,10427.0,10142.0,10338.230539709468,10641.694128119587,10398.29666650361,10496.021564867982
2026-08-28 21:00:00,10698.0,10380.0,10480.414827714436,10902.496424210358,10674.166436452138,10798.026778450656
2026-08-28 22:00:00,10617.0,10439.0,10443.89106059487,10772.957213494621,10542.160985259503,10651.267004648747
2026-08-28 23:00:00,10127.0,10019.0,10023.164966336803,10311.748410078422,10125.794940312973,10236.193135789106
2026-08-29 00:00:00,9672.0,9526.0,9487.354180350605,9772.743445184846,9659.536867172696,9737.5685910932
2026-08-29 01:00:00,9266.0,9106.0,9049.82195730185,9321.32174447506,9197.736369148382,9272.512169775762
2026-08-29 02:00:00,8979.0,8803.0,8785.367343267768,9035.967172784827,8919.891603394128,8984.529152163172
2026-08-29 03:00:00,8844.0,8609.0,8611.22370765145,8914.712273727662,8769.429670691838,8827.667612540394
2026-08-29 04:00:00,8716.0,8493.0,8507.591716365121,8794.57894298606,8673.38418684975,8727.96400743097
2026-08-29 05:00:00,8721.0,8420.0,8478.70111305101,8765.324198524915,8645.090900023204,8712.328565434385
2026-08-29 06:00:00,8704.0,8403.0,8579.088785297918,8767.733646768314,8636.092372038489,8698.574208540913
2026-08-29 07:00:00,8952.0,8644.0,8881.3736465783,8871.359524180743,8760.453958778093,8840.917827814219
2026-08-29 08:00:00,9283.0,9049.0,9299.653452356322,9280.795657107918,9113.077462595224,9204.291660445508
2026-08-29 09:00:00,9874.0,9681.0,9944.011458311188,9877.913601653067,9778.453445020194,9824.68482658726
2026-08-29 10:00:00,10324.0,10110.0,10290.359717734787,10324.471634034962,10211.194554786816,10264.881699712356
2026-08-29 11:00:00,10421.0,10327.0,10437.962637651304,10556.431434629692,10405.482063568443,10491.751319763049
2026-08-29 12:00:00,10451.0,10381.0,10474.739617669056,10563.814741808479,10404.139498600955,10475.065918862489
2026-08-29 13:00:00,10428.0,10343.0,10444.019238681725,10565.212389222006,10385.78732970326,10472.899909275744
2026-08-29 14:00:00,10378.0,10260.0,10404.072010775184,10577.278750970097,10375.871683891428,10450.486790345405
2026-08-29 15:00:00,10328.0,10169.0,10336.901885661326,10462.483695852938,10244.486805843198,10306.602461707804
2026-08-29 16:00:00,10331.0,10234.0,10368.1182138175,10517.969719320265,10281.279358313737,10359.008818652508
2026-08-29 17:00:00,10309.0,10227.0,10356.422778667571,10453.242322884173,10235.788533601968,10308.782030412955
2026-08-29 18:00:00,10404.0,10311.0,10420.624970515864,10452.260249429264,10254.918755592293,10331.424162307178
2026-08-29 19:00:00,10417.0,10387.0,10446.818732930744,10502.337957058046,10303.804019442983,10386.650906112025
2026-08-29 20:00:00,10323.0,10245.0,10329.003692358761,10428.428734404308,10266.757007174729,10328.322283743359
2026-08-29 21:00:00,10655.0,10487.0,10436.437593941737,10591.144823164641,10521.4104006147,10605.253195622705
2026-08-29 22:00:00,10442.0,10278.0,10262.486456977796,10516.303471200807,10372.711406228831,10451.420228720941
2026-08-29 23:00:00,10096.0,9843.0,9827.808497274273,10194.362838059822,10013.720628302772,10117.619734379614
2026-08-30 00:00:00,9667.0,9485.0,9484.559347161772,9722.781582969674,9656.7675455557,9750.36968976638
2026-08-30 01:00:00,9182.0,9036.0,9041.858162581892,9289.556720455636,9215.26574142007,9284.263114083089
2026-08-30 02:00:00,8865.0,8723.0,8751.2284515723,8999.579897476138,8943.354680155153,9008.42622770653
2026-08-30 03:00:00,8755.0,8563.0,8610.096463375246,8839.507573340778,8770.212511190417,8811.857832105972
2026-08-30 04:00:00,8603.0,8431.0,8487.92309237003,8749.014215383624,8703.317185379734,8745.465889224122
2026-08-30 05:00:00,8540.0,8435.0,8493.752370048072,8703.823119913275,8671.85009092122,8705.278992489708
2026-08-30 06:00:00,8461.0,8359.0,8556.834318650093,8635.290497629647,8569.666370722298,8606.122133245397
2026-08-30 07:00:00,8580.0,8478.0,8791.107485605582,8725.551576567379,8678.018128364429,8698.207301948047
2026-08-30 08:00:00,8928.0,8821.0,9178.245827335286,9038.509553670634,8910.626190637153,8952.870699734232
2026-08-30 09:00:00,9600.0,9403.0,9769.794810512616,9543.610802476967,9523.035896501762,9542.8268729281
2026-08-30 10:00:00,10023.0,9950.0,10215.952385914898,10120.975609292485,10068.95401959919,10116.90668266788
2026-08-30 11:00:00,10249.0,10212.0,10401.2993317668,10347.27697204632,10321.267807324668,10400.579205281134
2026-08-30 12:00:00,10438.0,10347.0,10515.723313921782,10421.856086630718,10427.177589301165,10479.659540389674
2026-08-30 13:00:00,10479.0,10351.0,10555.028155820437,10357.700847532351,10394.217137545314,10441.897843156014
2026-08-30 14:00:00,10578.0,10405.0,10562.709359443328,10411.098031318712,10454.154749786338,10495.919461865096
2026-08-30 15:00:00,10492.0,10344.0,10514.564868524483,10358.54703712421,10439.006947859147,10505.303959016173
2026-08-30 16:00:00,10559.0,10421.0,10566.07271411268,10346.591520273929,10426.26861026619,10487.461750416098
2026-08-30 17:00:00,10569.0,10473.0,10568.319941668742,10387.088870069225,10450.7649553346,10514.114380950266
2026-08-30 18:00:00,10589.0,10589.0,10603.170107077136,10433.931805496035,10494.22134642173,10566.724217451321
2026-08-30 19:00:00,10625.0,10595.0,10604.13044708303,10457.980327652804,10519.245916024382,10596.548450366452
2026-08-30 20:00:00,10599.0,10451.0,10473.128728126829,10427.698727784424,10545.01475366542,10567.452139313937
2026-08-30 21:00:00,10822.0,10676.0,10611.689964871135,10538.17533612314,10681.011194799145,10776.831825650463
2026-08-30 22:00:00,10516.0,10376.0,10407.643014003017,10494.010813055014,10512.570691089364,10621.213907894044
2026-08-30 23:00:00,10041.0,9983.0,10002.421970985735,10107.742792031228,10070.847748282691,10147.669652131102
2026-08-31 00:00:00,9633.0,9467.0,9650.072986620668,9562.229168444162,9515.776020284513,9530.938765346484
2026-08-31 01:00:00,9128.0,9025.0,9206.605416910963,9149.455677807618,9103.10393507754,9101.412138611267
2026-08-31 02:00:00,8794.0,8797.0,8949.210085893304,8876.247513970195,8826.020491282852,8824.16315757302
2026-08-31 03:00:00,8659.0,8646.0,8790.39453581429,8683.52472924208,8627.588207911393,8617.493380074515
2026-08-31 04:00:00,8566.0,8442.0,8640.94882857814,8601.67751971605,8550.290408771927,8539.322121350811
2026-08-31 05:00:00,8647.0,8435.0,8641.325013540654,8616.865128461563,8594.541729812905,8588.17072461158
2026-08-31 06:00:00,8704.0,8645.0,8850.938142185798,8728.260686247102,8711.11002395485,8704.335256152732
2026-08-31 07:00:00,9055.0,8944.0,9179.607187702684,9251.621381285537,9115.153903045992,9132.366292992998
2026-08-31 08:00:00,9593.0,9558.0,9710.17815434831,9743.907167052907,9649.402854145968,9681.139821109264
2026-08-31 09:00:00,10284.0,10278.0,10360.980231611267,10437.281386927787,10325.379801141924,10415.957618670282
2026-08-31 10:00:00,10694.0,10644.0,10704.829556137302,10795.921720455122,10667.849856785559,10733.585793628294
2026-08-31 11:00:00,10816.0,10793.0,10825.971925869773,10842.111289660965,10742.605162096068,10787.697453732892
2026-08-31 12:00:00,10736.0,10782.0,10818.41857451381,10824.930952104109,10718.913206475192,10771.499859095187
2026-08-31 13:00:00,10783.0,10766.0,10845.015835774717,10804.037698122731,10707.224644918435,10750.672605021848
2026-08-31 14:00:00,10844.0,10811.0,10936.317229582883,10821.252989119741,10764.303533588383,10796.225232223198
2026-08-31 15:00:00,10776.0,10759.0,10820.799337501148,10794.216310017679,10693.913308996249,10730.580311475669
2026-08-31 16:00:00,10711.0,10774.0,10830.501027082932,10763.907234410208,10682.932281796255,10727.724239781262
2026-08-31 17:00:00,10587.0,10715.0,10778.787534764966,10713.390578169881,10610.17824786982,10710.696717693592
2026-08-31 18:00:00,10622.0,10729.0,10800.657550402415,10700.538438703552,10634.519250255807,10734.789600940507
2026-08-31 19:00:00,10618.0,10731.0,10791.939974624162,10668.18983193107,10640.8305568831,10649.059821900604
2026-08-31 20:00:00,10649.0,10587.0,10676.816502021295,10605.531898448407,10569.51623843033,10555.612127577055
2026-08-31 21:00:00,10852.0,10770.0,10753.16853404646,10754.815099585938,10735.297914362254,10730.864351053347
2026-08-31 22:00:00,10720.0,10686.0,10621.152092743876,10655.578276402643,10561.774053958074,10539.274799413526
2026-08-31 23:00:00,10145.0,10146.0,10137.218589538652,10181.725271934214,10091.836362240469,10105.055782494752
2026-09-01 00:00:00,9625.0,9670.0,9580.83406141862,9714.065187881115,9606.780218413627,9668.170219260739
2026-09-01 01:00:00,9071.0,9255.0,9138.010133974749,9262.51055817825,9189.87784442885,9211.864119974756
2026-09-01 02:00:00,8752.0,8979.0,8867.496215764935,8920.724031915752,8880.308313089647,8894.926144134062
2026-09-01 03:00:00,8581.0,8793.0,8703.02529782684,8824.512441115701,8779.44128740262,8799.548024343472
2026-09-01 04:00:00,8464.0,8674.0,8589.907994037094,8718.043065592494,8676.296778024229,8678.947210557732
2026-09-01 05:00:00,8564.0,8755.0,8628.420465559619,8683.013236122199,8709.435059955505,8727.060670478913
2026-09-01 06:00:00,8664.0,8819.0,8732.345462590247,8739.149651105941,8817.063758531029,8849.790777069753
2026-09-01 07:00:00,9180.0,9136.0,9049.424393204037,9066.646843194216,9128.318098598827,9183.60768053091
2026-09-01 08:00:00,9803.0,9707.0,9549.371296270545,9775.827975277694,9757.107648578405,9816.976328622457
2026-09-01 09:00:00,10300.0,10369.0,10175.359447386352,10468.237150894995,10375.878400701466,10463.502507642746
2026-09-01 10:00:00,10516.0,10690.0,10509.872312988578,10787.601545345875,10612.859358245916,10701.28409358273
2026-09-01 11:00:00,10652.0,10830.0,10668.207235192824,10891.956070515875,10734.629784984165,10765.173309166466
2026-09-01 12:00:00,10564.0,10705.0,10591.745717751126,10839.150503196213,10654.545604164347,10666.227900420108
2026-09-01 13:00:00,10534.0,10670.0,10579.422973579343,10826.29851581569,10657.130675196939,10659.263849740757
2026-09-01 14:00:00,10630.0,10600.0,10562.953446848165,10815.064847486936,10661.062329270357,10685.421689021472
2026-09-01 15:00:00,10562.0,10592.0,10518.20800037114,10776.60018597095,10608.1486921179,10618.02211176181
2026-09-01 16:00:00,10708.0,10547.0,10508.098006055367,10803.088708762152,10621.783410096381,10640.889332399627
2026-09-01 17:00:00,10468.0,10533.0,10503.587284185625,10763.0593118394,10555.662757680595,10559.746602994828
2026-09-01 18:00:00,10464.0,10547.0,10545.681090050066,10754.565199275587,10546.929279950049,10555.051404941705
2026-09-01 19:00:00,10462.0,10517.0,10521.693071500766,10750.318872868747,10550.97803769374,10576.713045092745
2026-09-01 20:00:00,10447.0,10445.0,10421.355752665751,10699.459430430854,10556.022635973788,10566.201610638493
2026-09-01 21:00:00,10693.0,10744.0,10586.304694153578,10834.284104140272,10713.02617210952,10741.75326195279
2026-09-01 22:00:00,10461.0,10669.0,10461.96290039358,10724.120223322001,10495.862421106389,10517.126078043253
2026-09-01 23:00:00,9872.0,10169.0,10012.66562158751,10249.24709451828,10050.6614157646,10053.278676671827
2026-09-02 00:00:00,9399.0,9632.0,9565.08204445414,9668.901968610448,9574.09240441834,9589.731048270784
2026-09-02 01:00:00,8977.0,9171.0,9094.506647018012,9131.128457915907,9056.87626467094,9093.06022390312
2026-09-02 02:00:00,8712.0,8919.0,8833.012609828356,8853.30630368481,8781.469165856208,8810.187097643877
2026-09-02 03:00:00,8679.0,8722.0,8657.189610414433,8733.152719900107,8635.412767184116,8702.084496517582
2026-09-02 04:00:00,8579.0,8644.0,8561.638208076925,8642.732308372168,8551.21651868007,8619.717928578157
2026-09-02 05:00:00,8663.0,8635.0,8559.686158292969,8691.978451799496,8606.344802271935,8671.091421496065
2026-09-02 06:00:00,8827.0,8795.0,8715.868636349438,8750.770633174396,8740.606623712958,8804.827083066328
2026-09-02 07:00:00,9343.0,9148.0,9063.470924716237,9101.276443148738,9022.28043945793,9117.944155252108
2026-09-02 08:00:00,9808.0,9615.0,9580.770027283703,9691.958915376854,9631.410751039417,9678.328342476403
2026-09-02 09:00:00,10374.0,10293.0,10231.10950577664,10353.751063264128,10264.096703172838,10347.210830034817
2026-09-02 10:00:00,10741.0,10678.0,10606.690551545755,10620.064114561295,10603.391159748171,10678.654544526904
2026-09-02 11:00:00,10794.0,10750.0,10761.248436009946,10722.4827085629,10728.315941124596,10795.808056634718
2026-09-02 12:00:00,10749.0,10729.0,10764.682191939299,10701.620779293837,10736.061310480416,10771.930454390476
2026-09-02 13:00:00,10768.0,10694.0,10757.507244102906,10716.919239874427,10736.551892268555,10795.266245758117
2026-09-02 14:00:00,10768.0,10731.0,10776.934788063092,10731.313802251983,10766.86253987945,10821.75100055197
2026-09-02 15:00:00,10665.0,10686.0,10748.694478040059,10714.051740416808,10739.504385975679,10724.823434059737
2026-09-02 16:00:00,10822.0,10655.0,10710.658226926746,10637.91949587646,10636.095734321203,10675.717770732352
2026-09-02 17:00:00,10624.0,10540.0,10613.75495413698,10591.322660555035,10542.111777541495,10621.765385178034
2026-09-02 18:00:00,10573.0,10573.0,10667.14350699211,10595.950535299624,10553.10354784646,10636.827514709865
2026-09-02 19:00:00,10555.0,10543.0,10618.054547983373,10604.534895924624,10516.694791777365,10629.860547537293
2026-09-02 20:00:00,10501.0,10471.0,10502.646419017847,10620.67667987834,10532.159268737374,10609.569385499799
2026-09-02 21:00:00,10751.0,10749.0,10651.699791763753,10716.154745052609,10718.612801005378,10770.051730550276
2026-09-02 22:00:00,10497.0,10625.0,10510.770836246404,10633.307456885952,10532.937491678558,10588.043619349644
2026-09-02 23:00:00,9927.0,10067.0,10016.699817350618,10231.636646946132,10050.390047593717,10107.200800508655
2026-09-03 00:00:00,9473.0,9603.0,9557.039135836574,9727.601505539686,9565.547363419952,9578.159678696387
2026-09-03 01:00:00,9058.0,9126.0,9084.97003139392,9118.133587493216,8996.391365499354,9015.595519392222
2026-09-03 02:00:00,8786.0,8862.0,8820.872628833751,8888.124952456235,8770.777500743794,8793.960390925175
2026-09-03 03:00:00,8603.0,8732.0,8670.490093619568,8682.030179996986,8620.750144105199,8660.509774728085
2026-09-03 04:00:00,8609.0,8610.0,8568.830632977004,8597.178685099036,8502.002969528578,8537.20216090426
2026-09-03 05:00:00,8650.0,8655.0,8611.017592946064,8666.943474418606,8603.290654266835,8659.910043279948
2026-09-03 06:00:00,8821.0,8819.0,8786.142361479317,8781.164626925643,8709.568342272343,8761.594500129662
2026-09-03 07:00:00,9322.0,9142.0,9142.72102133134,9217.795848241685,9103.137174259306,9160.809717878099
2026-09-03 08:00:00,9831.0,9671.0,9627.775089070368,9873.50018084064,9697.675936301395,9761.499189851502
2026-09-03 09:00:00,10534.0,10335.0,10244.472778760512,10419.26196646451,10288.390018700517,10375.543250145602
2026-09-03 10:00:00,10747.0,10695.0,10591.52302849731,10652.731620301834,10577.94903181461,10653.344580620935
2026-09-03 11:00:00,10834.0,10798.0,10708.767268867676,10696.785828858721,10668.537948127847,10764.174310312785
2026-09-03 12:00:00,10778.0,10732.0,10674.87819608081,10672.961758133828,10609.995311592702,10715.884657942119
2026-09-03 13:00:00,10733.0,10742.0,10686.409897949925,10662.477803762526,10616.98248240133,10753.156458028247
2026-09-03 14:00:00,10755.0,10804.0,10752.280958752068,10696.20216662566,10664.438434559404,10845.861258553836
2026-09-03 15:00:00,10714.0,10723.0,10730.808422041653,10670.932983863571,10635.030472535529,10734.540989535859
2026-09-03 16:00:00,10789.0,10725.0,10714.430042785567,10688.33302009281,10622.746978280986,10723.148357985227
2026-09-03 17:00:00,10646.0,10616.0,10622.408532125111,10623.632405207265,10501.666914018331,10610.878195525163
2026-09-03 18:00:00,10622.0,10543.0,10601.134947968168,10627.48880641815,10488.362667708498,10606.084901382612
2026-09-03 19:00:00,10562.0,10584.0,10616.13735378151,10630.356385986985,10514.261769900895,10596.547205638239
2026-09-03 20:00:00,10545.0,10431.0,10486.761498980788,10582.959524268912,10532.609440837587,10581.36333673978
2026-09-03 21:00:00,10731.0,10738.0,10669.040527007786,10679.688990499835,10673.46096209543,10756.89266864493
2026-09-03 22:00:00,10581.0,10692.0,10566.296461182876,10625.471172771267,10517.04285552308,10573.730401145589
2026-09-03 23:00:00,9973.0,10175.0,10105.477749352913,10117.551569121637,9957.908536624214,10026.626248511579
2026-09-04 00:00:00,9513.0,9769.0,9672.819068574574,9636.627286897869,9587.56635365924,9671.956696074727
2026-09-04 01:00:00,9059.0,9255.0,9188.637218233169,9125.420800119775,9133.367350950664,9233.562336437208
2026-09-04 02:00:00,8781.0,8978.0,8916.934141866863,8869.72496433786,8810.659244475064,8916.990980077844
2026-09-04 03:00:00,8665.0,8822.0,8785.31182645963,8743.186642894454,8677.054414751745,8791.395436398641
2026-09-04 04:00:00,8619.0,8788.0,8708.919555534958,8651.608038317385,8603.06837299981,8731.733563400285
2026-09-04 05:00:00,8691.0,8764.0,8712.02919252831,8717.129608778498,8660.669717454964,8779.831712717441
2026-09-04 06:00:00,8877.0,8847.0,8860.24298473584,8862.535629841823,8844.75140666923,8958.806164836076
2026-09-04 07:00:00,9389.0,9186.0,9244.896941110354,9323.62074791582,9327.879350427318,9425.79868619801
2026-09-04 08:00:00,9955.0,9723.0,9781.798027883868,9881.962731179497,9877.947091555674,10008.122110694883
2026-09-04 09:00:00,10585.0,10395.0,10448.239285463163,10451.125349760545,10539.991082149687,10658.317657987802
2026-09-04 10:00:00,10956.0,10744.0,10805.131128009562,10725.2046850317,10832.387733595497,10974.192322003606
2026-09-04 11:00:00,11070.0,10785.0,10901.414934719067,10753.566419832578,10891.206856201165,11035.090155776837
2026-09-04 12:00:00,11032.0,10783.0,10964.433533379317,10730.653561074067,10891.73830730652,11019.296255752963
2026-09-04 13:00:00,11038.0,10709.0,10917.05843413526,10740.083690015186,10901.543644620933,11027.486290824363
2026-09-04 14:00:00,11094.0,10764.0,10953.396822160237,10752.924997030972,10938.298972837554,11064.612487957304
2026-09-04 15:00:00,11066.0,10687.0,10891.83892437264,10648.848846764813,10924.445158102448,11050.241942902137
2026-09-04 16:00:00,11158.0,10593.0,10867.176819346683,10747.428527453336,10949.130109781303,11038.107266545107
2026-09-04 17:00:00,10984.0,10524.0,10775.641779464493,10601.36457423369,10858.804762237614,10905.82249517514
2026-09-04 18:00:00,10915.0,10551.0,10758.451921835353,10603.312744416737,10882.910764694323,10914.549001159268
2026-09-04 19:00:00,10914.0,10510.0,10733.285904871338,10600.034978640422,10896.995493576476,10862.702640332602
2026-09-04 20:00:00,10853.0,10427.0,10616.630703764336,10556.424234453832,10789.752261855245,10822.5886901609
2026-09-04 21:00:00,10942.0,10698.0,10794.966467074597,10728.727636444079,10850.919839021959,10965.459424856366
2026-09-04 22:00:00,10801.0,10617.0,10717.436056205263,10581.196669363399,10727.954683309996,10773.034976231536
2026-09-04 23:00:00,10281.0,10127.0,10275.682413594674,10075.562402696916,10211.343630348714,10271.301329774262
2026-09-05 00:00:00,9837.0,9672.0,9577.48689580461,9589.250627671132,9707.26556696445,9838.138299083732
2026-09-05 01:00:00,9380.0,9266.0,9160.269571797086,9167.164808804986,9308.654519099347,9384.074574932965
2026-09-05 02:00:00,9053.0,8979.0,8887.044163670787,8923.68386120819,9006.25194090323,9087.624015896377
2026-09-05 03:00:00,8912.0,8844.0,8757.823571279048,8772.293111284147,8851.985934916014,8954.460997142818
2026-09-05 04:00:00,8872.0,8716.0,8645.76327985809,8707.038833748282,8779.554511383401,8876.558756546601
2026-09-05 05:00:00,8780.0,8721.0,8655.367375267468,8693.778256367352,8774.241974065902,8876.12976097225
2026-09-05 06:00:00,8874.0,8704.0,8750.926483299445,8723.940051199543,8774.51619112554,8877.317392833294
2026-09-05 07:00:00,9023.0,8952.0,9078.638077118423,8977.459540795358,9002.099355513437,9103.936816343221
2026-09-05 08:00:00,9444.0,9283.0,9483.81891691591,9391.984865528511,9425.329657095072,9523.22419484382
2026-09-05 09:00:00,10011.0,9874.0,10080.448720738304,9948.150118445288,10043.03920931357,10084.22062523689
2026-09-05 10:00:00,10479.0,10324.0,10470.975906086653,10370.333825825392,10436.050566255,10515.214027240549
2026-09-05 11:00:00,10622.0,10421.0,10586.53812428505,10464.404345217694,10576.124347645371,10603.983676554508
2026-09-05 12:00:00,10620.0,10451.0,10523.64293454049,10485.012840191568,10559.905870554687,10643.327690183678
2026-09-05 13:00:00,10597.0,10428.0,10528.356823282094,10474.619316707389,10540.89766974308,10584.811361640528
2026-09-05 14:00:00,10633.0,10378.0,10481.188008691914,10473.37124258467,10516.8998063792,10539.636504873319
2026-09-05 15:00:00,10593.0,10328.0,10410.890739100194,10389.04720604259,10420.74347908102,10485.55047817108
2026-09-05 16:00:00,10593.0,10331.0,10474.842709058394,10438.373289402192,10495.44644707264,10528.144851336006
2026-09-05 17:00:00,10548.0,10309.0,10448.460922349175,10389.899712987697,10427.324016175606,10536.845109197762
2026-09-05 18:00:00,10607.0,10404.0,10548.028895752783,10446.421952080836,10550.309540493827,10647.014623415007
2026-09-05 19:00:00,10646.0,10417.0,10536.788769765799,10441.213710688438,10567.358390711694,10658.113166932733
2026-09-05 20:00:00,10671.0,10323.0,10447.01828173359,10396.176878867762,10602.619096559953,10672.54462814181
2026-09-05 21:00:00,10918.0,10655.0,10644.644538381688,10525.470158833843,10743.239276142825,10844.447777809579
2026-09-05 22:00:00,10669.0,10442.0,10446.570185602628,10438.08830146807,10584.083654722679,10678.69694323683
2026-09-05 23:00:00,10172.0,10096.0,10047.162342904918,10003.549076184547,10187.786414216454,10221.216058279051
2026-09-06 00:00:00,9825.0,9667.0,9686.373338665553,9553.102803157833,9785.262923331253,9810.592753358236
2026-09-06 01:00:00,9346.0,9182.0,9241.478481185046,9100.256603429969,9406.554917305468,9403.058173741076
2026-09-06 02:00:00,9081.0,8865.0,8935.56271047276,8843.73383849675,9111.021178260145,9094.64948966211
2026-09-06 03:00:00,8840.0,8755.0,8792.648466718254,8740.601093577747,8922.653765438763,8933.816201332982
2026-09-06 04:00:00,8776.0,8603.0,8674.985013697235,8682.66436656641,8808.114096017667,8819.337176703071
2026-09-06 05:00:00,8794.0,8540.0,8689.510856528486,8663.663493494392,8829.524163744682,8829.832518791383
2026-09-06 06:00:00,8723.0,8461.0,8727.863086854046,8724.098000000491,8836.448655318349,8835.708998018812
2026-09-06 07:00:00,8845.0,8580.0,8999.20306942671,8816.095283727518,8891.262140912166,8865.726203358847
2026-09-06 08:00:00,9192.0,8928.0,9398.189524414767,9265.062504530297,9301.075955443295,9297.13260945476
2026-09-06 09:00:00,9844.0,9600.0,10048.007509372572,9716.67565399606,9911.76230121432,9905.699439440334
2026-09-06 10:00:00,10279.0,10023.0,10424.460128542862,10320.47573053559,10367.340927011483,10339.547875904671
2026-09-06 11:00:00,10502.0,10249.0,10611.315598626998,10491.142834933116,10533.275906950139,10485.855199790274
2026-09-06 12:00:00,10606.0,10438.0,10699.847579367211,10536.386931329145,10660.437320639492,10618.411312507895
2026-09-06 13:00:00,10610.0,10479.0,10714.533503900413,10549.554882813625,10672.942428084867,10610.356178289601
2026-09-06 14:00:00,10673.0,10578.0,10784.131242364188,10553.768800974032,10676.042518933664,10647.051133018145
2026-09-06 15:00:00,10642.0,10492.0,10708.308570123621,10549.829925670916,10620.945226384847,10612.932906235297
2026-09-06 16:00:00,10692.0,10559.0,10758.304753524255,10566.388212806824,10691.319627010454,10656.03648308202
2026-09-06 17:00:00,10755.0,10569.0,10747.990608088112,10550.490526496302,10688.816520486323,10630.73510801972
2026-09-06 18:00:00,10881.0,10589.0,10795.488829689968,10579.207310185575,10796.590330080242,10696.569201476786
2026-09-06 19:00:00,10868.0,10625.0,10817.89479788695,10571.06586591511,10863.99247669058,10735.76900275046
2026-09-06 20:00:00,10994.0,10599.0,10755.767678293094,10535.12401227551,10901.512712198799,10836.901891937703
2026-09-06 21:00:00,11187.0,10822.0,10887.899450510502,10592.831465031733,10979.600690183692,10955.975997729067
2026-09-06 22:00:00,10829.0,10516.0,10655.683242637937,10522.402893961464,10785.392559324913,10776.671370023922
2026-09-06 23:00:00,10317.0,10041.0,10195.564136929428,10173.565990858822,10313.0841102359,10321.634775258819
2026-09-07 00:00:00,9730.0,9633.0,9895.502116786587,9734.549614565578,9893.436518622835,9910.574600739237
2026-09-07 01:00:00,9310.0,9128.0,9425.02866577398,9204.934385340264,9394.725329333232,9393.049167386154
2026-09-07 02:00:00,9097.0,8794.0,9131.929393070344,8922.86411231791,9080.314664263537,9071.736388302625
2026-09-07 03:00:00,8964.0,8659.0,8990.983775098186,8781.103733183576,8884.977990661817,8882.318397660238
2026-09-07 04:00:00,8969.0,8566.0,8900.55156410762,8733.03300294298,8803.4904115568,8802.264689445552
2026-09-07 05:00:00,8993.0,8647.0,8949.720480902983,8735.201200479567,8887.039196123429,8892.08515104772
2026-09-07 06:00:00,9175.0,8704.0,9086.610334349683,8889.057432598833,9070.528124107766,9081.621716803093
2026-09-07 07:00:00,9649.0,9055.0,9445.333214353765,9276.482294297573,9587.21347199895,9590.428282888084
2026-09-07 08:00:00,10244.0,9593.0,9952.429362229368,9833.060610491159,10149.619026507959,10138.039592023273
2026-09-07 09:00:00,10868.0,10284.0,10575.925279658924,10578.831375369065,10751.175444642793,10761.843684161024
2026-09-07 10:00:00,11151.0,10694.0,10939.675174470449,10895.696892907385,11019.52000847983,11053.535592896158
2026-09-07 11:00:00,11183.0,10816.0,11038.35928976003,10940.48347771786,11060.671497682866,11081.192948580618
2026-09-07 12:00:00,11110.0,10736.0,10972.544804784418,10892.054247087997,10996.13753384166,11013.671842987764
2026-09-07 13:00:00,11000.0,10783.0,10985.338145759544,10898.499982779664,10994.975880540373,11000.810649537847
2026-09-07 14:00:00,10964.0,10844.0,11022.618467386681,10922.307951778195,11030.042004241042,11028.625116367268
2026-09-07 15:00:00,10899.0,10776.0,10959.280899680029,10892.211381460475,10993.437042042962,10968.086885013068
2026-09-07 16:00:00,10986.0,10711.0,10939.90984615025,10864.534639966423,10984.056093624515,10959.294626124938
2026-09-07 17:00:00,10781.0,10587.0,10850.511136850246,10802.537158270998,10900.472087047025,10889.439414893335
2026-09-07 18:00:00,10702.0,10622.0,10896.577990301972,10792.077513254671,10900.776621427725,10877.444800133439
2026-09-07 19:00:00,10796.0,10618.0,10918.195929472038,10805.860006281457,10918.158488636105,10931.919225106534
2026-09-07 20:00:00,10927.0,10649.0,10905.8427216405,10807.447882924804,11002.261585251288,11062.243891623542
2026-09-07 21:00:00,11126.0,10852.0,11042.089475273864,10901.555263745468,10998.828018952827,11093.085341575907
2026-09-07 22:00:00,10931.0,10720.0,10916.232819345612,10762.752058688615,11026.045716023207,11026.492666084647
2026-09-07 23:00:00,10346.0,10145.0,10431.09779864814,10339.400657731814,10539.052464346601,10524.366559756154
2026-09-08 00:00:00,9909.0,9625.0,10088.310884392336,9898.727646619041,9939.76183153436,9994.515687777253
2026-09-08 01:00:00,9429.0,9071.0,9595.441621588647,9426.944864876677,9355.909459874016,9390.409394713826
2026-09-08 02:00:00,9116.0,8752.0,9302.322661195312,9165.965897742795,9098.936486028615,9142.090494922175
2026-09-08 03:00:00,9031.0,8581.0,9121.867024894238,9023.892494396903,8971.70905619464,8979.465820883708
2026-09-08 04:00:00,9004.0,8464.0,9032.593283926697,8955.095985548329,8918.54744654444,8921.62735028181
2026-09-08 05:00:00,9006.0,8564.0,9092.120711130403,8974.645474425392,9007.572383109396,8986.630202269655
2026-09-08 06:00:00,9202.0,8664.0,9224.19229952105,9102.426127634957,9205.664889646694,9219.75408619532
2026-09-08 07:00:00,9585.0,9180.0,9629.914340482199,9334.22783179911,9471.63635747373,9496.170211835766
2026-09-08 08:00:00,10157.0,9803.0,10164.676402764104,10049.715375043654,10178.501351292902,10181.704718075676
2026-09-08 09:00:00,10820.0,10300.0,10709.854094487137,10642.483751137926,10698.546119668019,10685.412536547688
2026-09-08 10:00:00,11008.0,10516.0,10980.359233948893,10930.550333691419,10880.091773564449,10896.21443243082
2026-09-08 11:00:00,11025.0,10652.0,11097.514803981076,11042.163988685552,10933.091541179609,10932.640526904253
2026-09-08 12:00:00,10968.0,10564.0,11050.129219931478,11023.151250577936,10837.932455870348,10849.818568535286
2026-09-08 13:00:00,10877.0,10534.0,10995.93936122194,11026.885055842416,10816.867001280609,10833.998560070839
2026-09-08 14:00:00,10906.0,10630.0,11061.465581466326,11092.050490402084,10850.893301307833,10857.90174873819
2026-09-08 15:00:00,10823.0,10562.0,11016.512498774578,11059.502887354885,10794.525544662936,10822.763545855672
2026-09-08 16:00:00,10909.0,10708.0,11084.886657135214,11093.858177726685,10801.198036702843,10823.572070876171
2026-09-08 17:00:00,10739.0,10468.0,10921.469978807814,11067.759442696632,10734.703385447317,10766.281335066624
2026-09-08 18:00:00,10730.0,10464.0,10964.221142952581,11073.48528445185,10779.544385359914,10797.484890218326
2026-09-08 19:00:00,10729.0,10462.0,10949.273274610825,11061.329943606446,10816.792301358462,10799.337356034852
2026-09-08 20:00:00,10857.0,10447.0,10905.340434670623,11050.457503707967,10912.431292966256,10886.01691853584
2026-09-08 21:00:00,10967.0,10693.0,11066.350121720374,11202.583998969056,10967.474456495336,10945.993841694466
2026-09-08 22:00:00,10715.0,10461.0,10851.03475396264,10983.277125532748,10746.970237654485,10728.687623668138
2026-09-08 23:00:00,10185.0,9872.0,10328.416184232698,10407.605498576986,10268.8250128624,10276.65315515419
2026-09-09 00:00:00,9616.0,9399.0,9748.875274478658,9708.987123111701,9735.211046872222,9709.324085721273
2026-09-09 01:00:00,9119.0,8977.0,9310.315073469525,9352.613565620477,9226.56990319766,9242.30055263088
2026-09-09 02:00:00,8885.0,8712.0,9042.35907033939,9097.71557158744,9012.762446212237,9031.27153652824
2026-09-09 03:00:00,8654.0,8679.0,8934.31845859294,9020.267713155235,8925.96179598019,8928.193808153317
2026-09-09 04:00:00,8674.0,8579.0,8851.438032230188,8980.309738345128,8871.132415888582,8859.338837603096
2026-09-09 05:00:00,8775.0,8663.0,8917.865561557173,8995.686213416242,8907.706637333931,8887.94152553813
2026-09-09 06:00:00,8958.0,8827.0,9063.103988010174,9194.178574260226,9160.583561458147,9136.711584778513
2026-09-09 07:00:00,9337.0,9343.0,9489.623278134615,9631.59426239895,9577.613505585887,9569.709419398714
2026-09-09 08:00:00,9886.0,9808.0,9943.18679878218,10203.011810902342,10099.004715146073,10101.697671966642
2026-09-09 09:00:00,10513.0,10374.0,10532.136758206063,10786.332260782678,10667.870491847641,10665.155643232732
2026-09-09 10:00:00,10765.0,10741.0,10869.978389383296,11098.698149276755,10877.946774325099,10862.225271991987
2026-09-09 11:00:00,10842.0,10794.0,10937.210329271547,11103.246972053963,10892.518890026298,10879.978587424157
2026-09-09 12:00:00,10665.0,10749.0,10911.294255317429,11054.885544054954,10812.509153255553,10814.221560745491
2026-09-09 13:00:00,10655.0,10768.0,10947.942310636225,11008.618518297739,10793.740035100791,10793.94532056566
2026-09-09 14:00:00,10701.0,10768.0,11018.005830649932,10978.124342945577,10876.603561060723,10801.087255268807
2026-09-09 15:00:00,10622.0,10665.0,10881.37076880298,10928.668385997098,10773.087001105343,10756.931292591316
2026-09-09 16:00:00,10775.0,10822.0,10940.98202518688,10989.721211320712,10819.082727081095,10817.81506689992
2026-09-09 17:00:00,10572.0,10624.0,10845.060759929736,10884.16782937531,10733.098510659513,10708.386997272812
2026-09-09 18:00:00,10561.0,10573.0,10838.25676894683,10758.650878920627,10693.423627385888,10678.780924109178
2026-09-09 19:00:00,10551.0,10555.0,10841.81495657807,10886.345623746272,10793.588248653925,10711.358236134118
2026-09-09 20:00:00,10666.0,10501.0,10776.487399244752,10975.018496689774,10913.747814502985,10824.75195489289
2026-09-09 21:00:00,10707.0,10751.0,10929.407321727074,11103.573389658563,10931.271675067772,10893.179957707001
2026-09-09 22:00:00,10494.0,10497.0,10676.365134181053,10952.889059473087,10745.687927372514,10681.108638066682
2026-09-09 23:00:00,9909.0,9927.0,10170.654498633685,10348.794026170599,10201.973345176602,10120.951775899299
2026-09-10 00:00:00,9444.0,9473.0,9530.569636384736,9693.071520894253,9821.82137981497,9779.238186217466
2026-09-10 01:00:00,8977.0,9058.0,9048.26890533784,9232.579609743518,9299.219554816342,9292.004671525352
2026-09-10 02:00:00,8773.0,8786.0,8777.063196329878,8921.807194280549,8974.953698667736,8950.980083721108
2026-09-10 03:00:00,8673.0,8603.0,8606.193213380218,8852.972575512891,8836.632958658267,8826.427836051207
2026-09-10 04:00:00,8626.0,8609.0,8558.003779720746,8828.297790968392,8820.115430494616,8799.86457634891
2026-09-10 05:00:00,8649.0,8650.0,8573.61463238219,8838.00248955888,8818.534244038005,8816.746890387578
2026-09-10 06:00:00,8850.0,8821.0,8756.725510962773,9025.094192366763,9064.149292004842,9045.154431657325
2026-09-10 07:00:00,9224.0,9322.0,9203.290870177218,9482.437739698431,9482.588548333817,9448.48588416776
2026-09-10 08:00:00,9814.0,9831.0,9712.085913792193,10057.659293126813,10072.472214344292,10055.509968416789
2026-09-10 09:00:00,10414.0,10534.0,10421.31645100865,10630.283427842545,10612.143217487544,10722.58303708539
2026-09-10 10:00:00,10646.0,10747.0,10728.877439936778,10783.287723326099,10833.696820237828,10925.178399276358
2026-09-10 11:00:00,10751.0,10834.0,10834.710432608135,10824.425085279792,10906.891626204186,11004.703571698044
2026-09-10 12:00:00,10665.0,10778.0,10801.185009762905,10770.622068381846,10867.787040781732,10963.086098711916
2026-09-10 13:00:00,10693.0,10733.0,10737.146440820117,10718.467989886884,10918.070994837663,10916.742200226734
2026-09-10 14:00:00,10716.0,10755.0,10777.13369655579,10701.667583270597,10817.488882350586,10901.67840851566
2026-09-10 15:00:00,10746.0,10714.0,10682.511005269957,10678.570325133529,10894.749389861678,10883.425086912319
2026-09-10 16:00:00,10878.0,10789.0,10709.363502510507,10707.690510261573,10887.410637335142,10907.981332504103
2026-09-10 17:00:00,10696.0,10646.0,10584.987315798597,10657.080505652975,10752.66454294131,10754.128070275905
2026-09-10 18:00:00,10603.0,10622.0,10574.415288713104,10596.237504137045,10727.912307673485,10757.954912898434
2026-09-10 19:00:00,10636.0,10562.0,10549.254898380075,10610.582727926721,10733.377993299886,10702.108846173169
2026-09-10 20:00:00,10679.0,10545.0,10514.727208740806,10670.582165767748,10801.9854687632,10817.452220737114
2026-09-10 21:00:00,10751.0,10731.0,10643.8630052871,10766.864260616607,10888.07969990021,10872.578621229697
2026-09-10 22:00:00,10538.0,10581.0,10491.429019702357,10601.210458711941,10679.98894276357,10688.852829502119
2026-09-10 23:00:00,9944.0,9973.0,9954.0963018841,10175.045362623849,10166.334814629698,10193.695713952866
2026-09-11 00:00:00,9509.0,9513.0,9562.926167679736,9582.186986354523,9608.921171110125,9672.31370120431
2026-09-11 01:00:00,9065.0,9059.0,9106.012751093527,9083.975728422822,9111.297428901858,9150.744985479669
2026-09-11 02:00:00,8765.0,8781.0,8908.45607625799,8808.115799301842,8837.323271456222,8885.660566290435
2026-09-11 03:00:00,8712.0,8665.0,8715.935675800196,8682.353739120103,8684.732037390679,8803.747503935434
2026-09-11 04:00:00,8615.0,8619.0,8647.107251218054,8661.473354273867,8656.206273970749,8758.663752837943
2026-09-11 05:00:00,8719.0,8691.0,8698.745510405879,8710.361526694509,8742.501520411268,8828.798366174386
2026-09-11 06:00:00,8933.0,8877.0,8883.678830699224,8873.885199054035,8913.22586526744,9000.642459873932
2026-09-11 07:00:00,9320.0,9389.0,9325.98965950474,9331.439415552983,9403.489132554652,9501.722004005996
2026-09-11 08:00:00,9867.0,9955.0,9859.115194875547,9908.939342887894,10006.573402864331,10055.295866120787
2026-09-11 09:00:00,10468.0,10585.0,10469.25693522221,10495.52234344543,10654.88302767384,10711.972336646371
2026-09-11 10:00:00,10800.0,10956.0,10794.145352576183,10741.88485434871,10839.620756757864,10950.473047685735
2026-09-11 11:00:00,10844.0,11070.0,10902.077258765146,10824.71677888246,10868.186401715737,10997.595023022297
2026-09-11 12:00:00,10774.0,11032.0,10820.068377728727,10698.922071449482,10849.72948246911,10964.89052637501
2026-09-11 13:00:00,10787.0,11038.0,10819.985089221787,10700.92048816455,10860.636701602174,11018.954177933938
2026-09-11 14:00:00,10903.0,11094.0,10902.741420545024,10729.029881459628,10880.706678041966,10988.441226020119
2026-09-11 15:00:00,10850.0,11066.0,10903.542675865427,10700.492421620345,10898.28972206307,10917.168428750148
2026-09-11 16:00:00,10986.0,11158.0,10934.84555655232,10787.09634277472,10844.779820645488,10895.854562828035
2026-09-11 17:00:00,10736.0,10984.0,10811.958760516281,10634.655354670607,10759.617513139408,10809.28411542149
2026-09-11 18:00:00,10798.0,10915.0,10802.243415775596,10628.301676677873,10772.448173238634,10848.984285058674
2026-09-11 19:00:00,10917.0,10914.0,10805.737612003177,10628.019612363321,10824.40719366893,10857.012387136198
2026-09-11 20:00:00,11050.0,10853.0,10751.491670773787,10577.91994634541,10900.531341712705,10976.457006425582
2026-09-11 21:00:00,11005.0,10942.0,10830.99989936171,10671.696058899714,10893.349466795875,10960.214109008786
2026-09-11 22:00:00,10807.0,10801.0,10661.352861961535,10552.93401216972,10721.880313509228,10786.845097754083
2026-09-11 23:00:00,10295.0,10281.0,10184.000034389443,10061.230031979705,10220.319929060874,10191.705061898088
2026-09-12 00:00:00,9874.0,9837.0,9568.838086249581,9594.050891190593,9722.20018851077,9742.977067994358
2026-09-12 01:00:00,9459.0,9380.0,9103.688008805024,9080.388071707815,9270.779194763552,9294.16820856793
2026-09-12 02:00:00,9078.0,9053.0,8822.677029429336,8837.888758087645,8955.133316643618,8974.173184694131
2026-09-12 03:00:00,8946.0,8912.0,8667.938332586065,8719.091550875975,8817.597169283143,8839.237443476057
2026-09-12 04:00:00,8899.0,8872.0,8606.635207362715,8680.644309702811,8765.365662673414,8793.017846985276
2026-09-12 05:00:00,8920.0,8780.0,8583.870889993126,8636.609497587928,8725.52489384659,8787.881365477706
2026-09-12 06:00:00,8913.0,8874.0,8728.79161384615,8689.918572049324,8783.969641435855,8844.186688846197
2026-09-12 07:00:00,9122.0,9023.0,8990.372181830604,8902.256896220882,8910.830985935181,9011.99078972067
2026-09-12 08:00:00,9431.0,9444.0,9449.2763216457,9349.380074609455,9423.739485466414,9516.32918413239
2026-09-12 09:00:00,10074.0,10011.0,10004.655722158013,9924.425079638915,9963.806406787033,10031.982270696752
2026-09-12 10:00:00,10520.0,10479.0,10390.78103003528,10305.896716148012,10326.975534786281,10439.942822173276
2026-09-12 11:00:00,10664.0,10622.0,10494.372490558259,10402.269156799084,10413.165792404772,10514.503600248989
2026-09-12 12:00:00,10651.0,10620.0,10408.538751199156,10390.87260598956,10389.566809822407,10497.43883016833
2026-09-12 13:00:00,10568.0,10597.0,10396.969903228695,10393.471207611408,10379.457668162018,10479.98267535349
2026-09-12 14:00:00,10648.0,10633.0,10406.900710449996,10402.452353200659,10398.648599053291,10498.149402236837
2026-09-12 15:00:00,10574.0,10593.0,10370.207139104967,10405.726113056435,10339.822226417227,10409.956497192603
2026-09-12 16:00:00,10568.0,10593.0,10399.944352283503,10430.543037383286,10333.92941330546,10450.263142198084
2026-09-12 17:00:00,10526.0,10548.0,10367.789095609798,10387.152634200962,10335.703410832899,10439.451878968775
2026-09-12 18:00:00,10634.0,10607.0,10451.028184758146,10386.897226499535,10390.769016598508,10491.041465777043
2026-09-12 19:00:00,10627.0,10646.0,10489.953895522158,10408.414571356761,10490.385349704891,10574.578781356779
2026-09-12 20:00:00,10865.0,10671.0,10475.278383070774,10415.12793939538,10578.296868988537,10671.764192526995
2026-09-12 21:00:00,10950.0,10918.0,10614.927523918157,10507.042493738378,10656.013695813246,10754.276058694639
2026-09-12 22:00:00,10630.0,10669.0,10426.294103930972,10389.181130736364,10511.902648903057,10611.031429466624
2026-09-12 23:00:00,10222.0,10172.0,9948.62845339504,9975.207732175591,10081.064668416362,10172.848132555031
2026-09-13 00:00:00,9857.0,9825.0,9665.304592950702,9620.269014671729,9759.714471616848,9820.850612765167
2026-09-13 01:00:00,9387.0,9346.0,9208.345755743654,9119.729094347147,9267.41912925577,9295.551440645215
2026-09-13 02:00:00,9055.0,9081.0,8949.294891350844,8867.659350130445,8943.689912938189,8985.958631088424
2026-09-13 03:00:00,8907.0,8840.0,8772.434341689235,8755.948428158215,8810.15593163227,8856.964227564396
2026-09-13 04:00:00,8838.0,8776.0,8732.070725705298,8680.126618582903,8732.564421920255,8772.174812623605
2026-09-13 05:00:00,8871.0,8794.0,8733.039293742559,8669.240898028169,8731.872859523248,8786.906039405876
2026-09-13 06:00:00,8873.0,8723.0,8765.776268721296,8747.10704638471,8762.04375572031,8814.737713420815
2026-09-13 07:00:00,8888.0,8845.0,8995.849536014523,8877.827899369044,8841.212657863218,8878.793364125797
2026-09-13 08:00:00,9225.0,9192.0,9409.035398363627,9308.302912653211,9221.02244080575,9191.785421916502
2026-09-13 09:00:00,9836.0,9844.0,10031.860273163626,9850.444810477917,9745.79177943578,9758.759969991574
2026-09-13 10:00:00,10277.0,10279.0,10432.863949685448,10353.438434714304,10295.41572817012,10299.94600912967
2026-09-13 11:00:00,10515.0,10502.0,10631.925367854708,10488.327137371843,10503.388262821009,10443.854192854973
2026-09-13 12:00:00,10592.0,10606.0,10663.92328806596,10500.371903492738,10561.282090638118,10490.213662371763
2026-09-13 13:00:00,10600.0,10610.0,10647.084692665901,10499.731518329338,10570.957325381605,10489.348499920432
2026-09-13 14:00:00,10636.0,10673.0,10670.238117265106,10559.429272250929,10592.489890322162,10521.738989540996
2026-09-13 15:00:00,10631.0,10642.0,10630.452848503004,10543.884426855508,10556.173212158608,10544.008614284847
2026-09-13 16:00:00,10622.0,10692.0,10670.288938374992,10597.638473805895,10605.51829636488,10590.22270548245
2026-09-13 17:00:00,10692.0,10755.0,10717.905711753725,10564.06578018401,10605.61109424954,10596.315507326133
2026-09-13 18:00:00,10798.0,10881.0,10750.490360927615,10630.922615114865,10675.00323964866,10747.453962332846
2026-09-13 19:00:00,10912.0,10868.0,10835.508052808362,10683.193051448852,10863.593074456794,10836.856755808834
2026-09-13 20:00:00,11083.0,10994.0,10812.792002863567,10771.02432598123,10916.073337893467,10929.675479235324
2026-09-13 21:00:00,11092.0,11187.0,10896.847045179506,10866.022367550224,10920.976718095751,10956.252684369072
2026-09-13 22:00:00,10598.0,10829.0,10659.041348447636,10596.823817604367,10666.848835664689,10661.5785052923
2026-09-13 23:00:00,10122.0,10317.0,10194.930861157767,10280.521472182172,10215.973227324948,10163.261352950272
2026-09-14 00:00:00,9670.0,9730.0,9880.621080396726,9824.092205057425,9782.921985379593,9772.310855977612
2026-09-14 01:00:00,9245.0,9310.0,9454.254692360613,9342.95181486111,9368.044816982823,9340.881150493062
2026-09-14 02:00:00,8988.0,9097.0,9167.38526084928,9068.468348382215,8980.815718209533,8994.44266201872
2026-09-14 03:00:00,8861.0,8964.0,9027.370639892568,8955.34040114824,8841.859311162101,8833.112512451156
2026-09-14 04:00:00,8804.0,8969.0,8985.339733886358,8935.882882646289,8810.400405790406,8810.996352067083
2026-09-14 05:00:00,8889.0,8993.0,8990.90886130819,8955.34040114824,8840.850823216339,8881.656562174609
2026-09-14 06:00:00,9123.0,9175.0,9173.6559342806,9091.7698966793,9022.13752593465,9052.616614544862
2026-09-14 07:00:00,9501.0,9649.0,9605.72990425717,9645.38331578256,9605.627996178599,9635.902482254565
2026-09-14 08:00:00,10099.0,10244.0,10135.67751293134,10100.086743603508,10063.160050613176,10106.55949614256
2026-09-14 09:00:00,10740.0,10868.0,10753.265184594688,10937.542941477592,10685.539598492662,10731.879619441834
2026-09-14 10:00:00,11014.0,11151.0,11062.879772948936,11268.118289456499,11028.58423452494,11035.564433258724
2026-09-14 11:00:00,11040.0,11183.0,11093.020445929187,11283.271377180612,11080.92785456245,11088.63741605199
2026-09-14 12:00:00,10946.0,11110.0,10999.494365986606,11255.544339138987,11002.033968162366,11005.815499453978
2026-09-14 13:00:00,10864.0,11000.0,10935.74573587073,11155.539272877628,10914.811308719067,10896.506085080919
2026-09-14 14:00:00,10867.0,10964.0,10924.863970549948,11120.611853488479,10905.781060012356,10905.916773033048
2026-09-14 15:00:00,10761.0,10899.0,10858.783825603921,11087.020058336557,10881.60839573213,10854.379842303346
2026-09-14 16:00:00,10878.0,10986.0,10920.478331550192,11127.717934951586,10885.775359899044,10873.474869196665
2026-09-14 17:00:00,10648.0,10781.0,10793.34732024576,10988.343413072564,10774.67021111851,10747.350616596004
2026-09-14 18:00:00,10669.0,10702.0,10796.208780485054,10967.039082297815,10770.572191093903,10743.994600378315
2026-09-14 19:00:00,10790.0,10796.0,10885.915062530712,10992.764989731997,10812.08048037974,10821.81976407437
2026-09-14 20:00:00,11054.0,10927.0,10956.140986732877,11086.67403564247,11054.759809659417,11026.397351506403
2026-09-14 21:00:00,11073.0,11126.0,11042.269706096344,11216.680771463596,10985.297200748551,11005.092451184071
2026-09-14 22:00:00,10866.0,10931.0,10853.280172706487,11001.810990457545,10813.692266984177,10817.479893654596
2026-09-14 23:00:00,10299.0,10346.0,10353.832966582564,10562.193750395625,10315.598286984261,10343.304814171395
2026-09-15 00:00:00,9808.0,9909.0,9991.743117205948,9917.024775908343,9816.851408431206,9829.39613880485
2026-09-15 01:00:00,9385.0,9429.0,9535.859178731655,9394.976488795202,9313.171969489877,9395.59539753205
2026-09-15 02:00:00,9180.0,9116.0,9238.156958767993,9149.552489661122,8997.52385483476,9157.846110502249
2026-09-15 03:00:00,9137.0,9031.0,9115.072392987864,9021.277633540185,8888.235080741391,9075.983609672647
2026-09-15 04:00:00,8987.0,9004.0,9061.101112980035,8977.792280181719,8828.935629650881,9055.387179052672
2026-09-15 05:00:00,9112.0,9006.0,9077.490083483533,8978.614854393967,8896.414250325419,9135.178141704147
2026-09-15 06:00:00,9443.0,9202.0,9284.249524904215,9131.102869531118,9108.741382820603,9336.62840804825
2026-09-15 07:00:00,9715.0,9585.0,9661.514189277275,9606.377194877925,9640.251949088783,9811.017596011943
2026-09-15 08:00:00,10307.0,10157.0,10148.15391497061,10132.846399943714,10114.03198265772,10308.761972840926
2026-09-15 09:00:00,10856.0,10820.0,10786.732984528204,10918.83518500192,10814.24502968779,10980.806808199586
2026-09-15 10:00:00,11134.0,11008.0,11014.895695424242,11229.912367455192,10979.91227973561,11141.03500360938
2026-09-15 11:00:00,11116.0,11025.0,11009.856818218244,11323.327393532538,11025.87093753321,11165.120338525054
2026-09-15 12:00:00,10960.0,10968.0,11000.096464450417,11257.287781786094,10941.18370569733,11102.630799693525
2026-09-15 13:00:00,10973.0,10877.0,10918.255415263005,11172.651123916019,10943.085468920091,11054.84147794793
2026-09-15 14:00:00,11017.0,10906.0,10941.778293737407,11232.911058259733,10995.249997105018,11111.824566153171
2026-09-15 15:00:00,11001.0,10823.0,10908.960630879974,11154.449315728985,10965.737206215652,11024.993861778525
2026-09-15 16:00:00,11033.0,10909.0,10973.473104721192,11205.220208352901,10972.563089650834,11029.237536869481
2026-09-15 17:00:00,10802.0,10739.0,10883.25877530611,11073.298100709315,10870.685058165891,10938.033382475973
2026-09-15 18:00:00,10795.0,10730.0,10883.524674245395,11151.939842442916,10901.613629905112,10948.487400146769
2026-09-15 19:00:00,10946.0,10729.0,10919.79198365963,11147.121183999656,10910.193561227852,11038.070917182258
2026-09-15 20:00:00,11155.0,10857.0,10990.842957040797,11217.23944687563,11139.2345733343,11210.562312630369
2026-09-15 21:00:00,11173.0,10967.0,11075.504908908293,11267.709412221064,11133.380956545345,11172.63575324085
2026-09-15 22:00:00,10931.0,10715.0,10830.403857490144,10980.97002955356,10899.845331152042,10982.419820584957
2026-09-15 23:00:00,10421.0,10185.0,10362.98090402985,10349.537181353899,10378.856449734532,10413.14856803682
2026-09-16 00:00:00,9966.0,9616.0,9990.960532774023,9904.94193350523,9849.7010234027,9935.085225880515
2026-09-16 01:00:00,9535.0,9119.0,9543.403517019593,9578.99231576878,9404.957621331965,9457.354994879901
2026-09-16 02:00:00,9301.0,8885.0,9295.175425575384,9358.914777463666,9100.68099819481,9186.601589983968
2026-09-16 03:00:00,9168.0,8654.0,9108.723479601536,9179.677419583975,9025.691717749356,9096.412992721742
2026-09-16 04:00:00,9086.0,8674.0,9065.362649766348,9144.567408098173,8982.801026370042,9074.733517240193
2026-09-16 05:00:00,9188.0,8775.0,9134.074090367028,9268.278664211979,9055.255289330584,9139.32516534218
2026-09-16 06:00:00,9521.0,8958.0,9325.955993566247,9484.094277153074,9311.779911978194,9383.033988120515
2026-09-16 07:00:00,9815.0,9337.0,9689.85622495311,9731.503006759562,9658.988707164244,9723.384398223745
2026-09-16 08:00:00,10337.0,9886.0,10197.562119179125,10283.825938258628,10231.83777178265,10299.671266819805
2026-09-16 09:00:00,10879.0,10513.0,10814.59117915839,11023.296984313456,10871.176047474797,10892.657598359709
2026-09-16 10:00:00,11189.0,10765.0,11113.967720415103,11324.527529241206,11038.30024522791,11096.739924464657
2026-09-16 11:00:00,11232.0,10842.0,11194.960640925285,11394.598618625238,11086.175151299763,11107.171895431113
2026-09-16 12:00:00,11159.0,10665.0,11087.094056455857,11287.165694590765,11011.283118341717,11030.58013406932
2026-09-16 13:00:00,11082.0,10655.0,11044.040067618174,11230.605235148292,10948.54860174175,10958.763897015662
2026-09-16 14:00:00,11006.0,10701.0,11061.212997902056,11238.114596125768,10945.68695406719,10963.615543125929
2026-09-16 15:00:00,10941.0,10622.0,11003.362752633848,11155.702459511147,10881.105983762041,10891.005438989458
2026-09-16 16:00:00,11052.0,10775.0,11102.385984922847,11260.873854923151,10923.28638364802,10916.585608280804
2026-09-16 17:00:00,10795.0,10572.0,10992.914259009343,10973.466471359867,10789.798813960871,10754.989675792112
2026-09-16 18:00:00,10833.0,10561.0,11015.865296568061,10983.85191355134,10791.585284801817,10774.49697980965
2026-09-16 19:00:00,10952.0,10551.0,11024.06324522442,11154.067261978716,10950.558563931592,10933.393558140642
2026-09-16 20:00:00,11237.0,10666.0,11071.970512791457,11355.68519828333,11169.052931965874,11209.179264250699
2026-09-16 21:00:00,11092.0,10707.0,11111.502450543294,11367.864382399968,11120.84514059271,11158.54029636259
2026-09-16 22:00:00,10890.0,10494.0,10874.507132325187,11173.911121590534,10908.390103624599,10927.059086211744
2026-09-16 23:00:00,10405.0,9909.0,10352.005112777413,10471.360520446278,10380.183276590338,10374.702598524424
2026-09-17 00:00:00,9848.0,9444.0,9910.548278725304,9920.66631587786,9860.932822431712,9881.447491893126
2026-09-17 01:00:00,9398.0,8977.0,9451.506776730172,9569.596497707822,9402.231906020226,9435.513752333325
2026-09-17 02:00:00,9149.0,8773.0,9233.324504975568,9425.271173743138,9226.924506576433,9254.52749690862
2026-09-17 03:00:00,9071.0,8673.0,9103.238581667134,9273.153911532776,9067.152434280966,9101.459793759808
2026-09-17 04:00:00,8939.0,8626.0,9043.311297053737,9219.236690043022,9021.972394937458,9035.203303721806
2026-09-17 05:00:00,9054.0,8649.0,9074.68615340991,9261.411436728073,9087.230865225063,9097.762298943018
2026-09-17 06:00:00,9353.0,8850.0,9296.53342659375,9549.205354996657,9389.151693078027,9400.297196507821
2026-09-17 07:00:00,9650.0,9224.0,9665.202834321759,9789.419077277964,9681.551068600127,9732.636678599187
2026-09-17 08:00:00,10229.0,9814.0,10216.48184771571,10355.598283782505,10300.72031297223,10369.073851870102
2026-09-17 09:00:00,10877.0,10414.0,10861.109256430467,11014.447317411628,10857.235670805803,10893.865919160873
2026-09-17 10:00:00,11208.0,10646.0,11109.912883478348,11336.967114275802,11107.032351267753,11108.666112526009
2026-09-17 11:00:00,11248.0,10751.0,11192.894841153877,11313.167350412197,11103.759552617588,11140.331428884641
2026-09-17 12:00:00,11210.0,10665.0,11131.097280329617,11224.867437476005,11035.970011592437,11053.386089593892
2026-09-17 13:00:00,11146.0,10693.0,11127.63450585216,11228.931830219648,11027.734446517843,11027.809317763682
2026-09-17 14:00:00,11109.0,10716.0,11116.746188563022,11252.853032501993,11032.718052611592,11003.814749740259
2026-09-17 15:00:00,11111.0,10746.0,11060.76900073698,11252.105969435375,10970.393698714974,10968.08002774179
2026-09-17 16:00:00,11153.0,10878.0,11159.661303908188,11353.92792196054,11025.324765337684,10997.368533362016
2026-09-17 17:00:00,10853.0,10696.0,11043.872759360924,11128.992330715097,10910.245624879048,10880.030724448401
2026-09-17 18:00:00,10846.0,10603.0,10988.94721205763,11090.44387430979,10887.596780078975,10923.851752135792
2026-09-17 19:00:00,10994.0,10636.0,11040.999976764622,11222.397881899466,10992.026781830613,10987.794393222011
2026-09-17 20:00:00,11172.0,10679.0,11061.786792167879,11355.795703053822,11188.66842444817,11198.446853638301
2026-09-17 21:00:00,11106.0,10751.0,11090.82506849866,11374.880568479977,11104.128184771713,11099.369844940691
2026-09-17 22:00:00,10911.0,10538.0,10896.329538762078,11160.385528637024,10879.232406308538,10879.292862181952
2026-09-17 23:00:00,10352.0,9944.0,10374.199760371604,10480.735971238031,10422.235786091647,10419.532748361045
2026-09-18 00:00:00,9883.0,9509.0,9833.546596934098,9858.094049040415,9948.187694761435,9937.646225794077
2026-09-18 01:00:00,9532.0,9065.0,9393.626169416943,9501.165301304865,9482.891311521058,9479.109854423452
2026-09-18 02:00:00,9241.0,8765.0,9122.184271467277,9296.394044011433,9230.253372036077,9230.063446444792
2026-09-18 03:00:00,9159.0,8712.0,9027.958159671101,9210.730145132191,9127.409985971846,9131.117966050408
2026-09-18 04:00:00,9076.0,8615.0,8933.255206861268,9051.79941865444,9001.673694523106,9025.88904326806
2026-09-18 05:00:00,9095.0,8719.0,9004.72284513994,9202.950829091633,9110.021312525108,9140.54682877783
2026-09-18 06:00:00,9360.0,8933.0,9238.05458508046,9438.814087177994,9420.23266176721,9431.364839180478
2026-09-18 07:00:00,9627.0,9320.0,9623.657334232912,9765.052419560325,9753.101151451789,9733.771848399245
2026-09-18 08:00:00,10166.0,9867.0,10154.041327496026,10326.09635323134,10373.531299764061,10335.646539146917
2026-09-18 09:00:00,10828.0,10468.0,10736.590453677323,10991.250523760735,10867.002339549137,10843.240585293901
2026-09-18 10:00:00,11015.0,10800.0,11047.825049779878,11263.859644074522,11182.13995617915,11125.320741285948
2026-09-18 11:00:00,11137.0,10844.0,11100.661691508782,11315.68158115603,11218.247861885266,11197.059413283032
2026-09-18 12:00:00,11050.0,10774.0,11047.833307151352,11266.627135408615,11152.646481074264,11111.453490040656
2026-09-18 13:00:00,10996.0,10787.0,11010.146005326718,11199.33668164135,11052.019635477378,11053.301200246633
2026-09-18 14:00:00,10980.0,10903.0,11056.199504340704,11218.351268537472,11018.312367381784,11025.583487667975
2026-09-18 15:00:00,10957.0,10850.0,11025.166866781841,11170.767660244608,11008.790960470928,10990.110091095834
2026-09-18 16:00:00,11042.0,10986.0,11144.532844171023,11260.229373974638,11065.935137939028,11018.569822524403
2026-09-18 17:00:00,10893.0,10736.0,10995.874674628521,11012.173013391317,10952.288733639385,10895.36731255853
2026-09-18 18:00:00,10901.0,10798.0,11038.62045448293,11072.416964392489,11006.182867953386,10941.88789766308
2026-09-18 19:00:00,11046.0,10917.0,11123.294320220939,11178.265541054445,11119.014636973929,11045.304738383325
2026-09-18 20:00:00,11169.0,11050.0,11183.140096819938,11344.723578364714,11243.773227835354,11195.594607051476
2026-09-18 21:00:00,11123.0,11005.0,11154.262885300184,11259.028897116463,11085.781920934038,11044.098914330098
2026-09-18 22:00:00,10894.0,10807.0,10957.534544985028,11062.273440422041,10972.991855502183,10931.417218594164
2026-09-18 23:00:00,10424.0,10295.0,10472.7501376658,10522.100513164263,10598.017610414592,10573.701511333808
2026-09-19 00:00:00,10028.0,9874.0,9919.369138432772,10050.85456598736,10115.491821847756,10122.850935762823
2026-09-19 01:00:00,9563.0,9459.0,9487.507871391406,9529.47203834977,9617.905576627807,9662.952152489886
2026-09-19 02:00:00,9291.0,9078.0,9172.664775759366,9320.876990311246,9239.924064022953,9303.053775839522
2026-09-19 03:00:00,9193.0,8946.0,9054.58470953018,9262.47177519589,9136.370419898978,9174.120405610198
2026-09-19 04:00:00,9078.0,8899.0,8962.947873732966,9150.530178078727,9032.91255287312,9054.594229738557
2026-09-19 05:00:00,9118.0,8920.0,8981.798010289369,9208.830468518752,9047.493555274663,9082.702330980666
2026-09-19 06:00:00,9243.0,8913.0,9106.043485019582,9202.006538100233,9184.202683563017,9190.356406842246
2026-09-19 07:00:00,9333.0,9122.0,9364.277435907923,9394.38878235985,9281.807595791244,9285.285852175788
2026-09-19 08:00:00,9664.0,9431.0,9767.158347661207,9596.965586023036,9605.693113322051,9640.679648201814
2026-09-19 09:00:00,10343.0,10074.0,10376.151344305288,10404.294107237327,10283.114632384408,10328.106018411738
2026-09-19 10:00:00,10809.0,10520.0,10781.207064789243,10903.512352903901,10721.979532560401,10718.425253908074
2026-09-19 11:00:00,10989.0,10664.0,10889.964592485812,10998.866079839092,10891.987311212468,10903.111072222868
2026-09-19 12:00:00,11013.0,10651.0,10835.16545050034,11010.029659528389,10873.56075464626,10893.461126225278
2026-09-19 13:00:00,10927.0,10568.0,10782.188218144776,10988.826750480244,10865.218162319517,10836.224925236587
2026-09-19 14:00:00,10922.0,10648.0,10855.088763478056,10998.310895177052,10884.24016621011,10841.576499707604
2026-09-19 15:00:00,10914.0,10574.0,10774.310051910381,10973.13488287486,10789.449837837237,10770.079104043962
2026-09-19 16:00:00,10850.0,10568.0,10766.36329891132,10984.853647226197,10838.750675845553,10820.291397133968
2026-09-19 17:00:00,10817.0,10526.0,10705.574619306959,10906.63698154583,10735.608440552716,10726.477159978947
2026-09-19 18:00:00,10941.0,10634.0,10790.836176437138,10942.491995337095,10792.76669124181,10794.862224251345
2026-09-19 19:00:00,11005.0,10627.0,10827.455126723702,10970.633380666199,10915.454774104292,10915.643348444508
2026-09-19 20:00:00,11211.0,10865.0,10935.239728183878,11128.887738590296,11083.84953324091,11057.70972443253
2026-09-19 21:00:00,11217.0,10950.0,10960.965490041215,11125.264150099649,11022.399130051293,11002.118545155197
2026-09-19 22:00:00,10860.0,10630.0,10708.250189274608,10938.142686945108,10831.70107079519,10795.900493744468
2026-09-19 23:00:00,10437.0,10222.0,10277.994191882837,10369.260746784446,10456.803774261723,10446.186757080452
2026-09-20 00:00:00,9980.0,9857.0,9875.271345664158,10003.035577978293,10071.997247930154,10070.086840840142
2026-09-20 01:00:00,9557.0,9387.0,9418.824770084344,9560.978791039539,9655.957385403419,9640.51693504401
2026-09-20 02:00:00,9360.0,9055.0,9121.258101997943,9353.880052286831,9314.598788253803,9319.698645921031
2026-09-20 03:00:00,9126.0,8907.0,8963.66008290697,9230.027607412701,9160.384393300114,9161.779198299257
2026-09-20 04:00:00,9073.0,8838.0,8878.367486992503,9137.700207281441,9034.737933605127,9035.771883471889
2026-09-20 05:00:00,9053.0,8871.0,8905.58786302853,9128.49670834823,9025.04212828076,9017.04705049438
2026-09-20 06:00:00,9177.0,8873.0,9024.826862076254,9148.059356539785,9133.364724498018,9130.731816900185
2026-09-20 07:00:00,9269.0,8888.0,9206.165141727648,9251.336685618113,9152.89710269766,9189.238224615858
2026-09-20 08:00:00,9486.0,9225.0,9623.323064866703,9491.364998971763,9450.577086236879,9467.163193004497
2026-09-20 09:00:00,10139.0,9836.0,10261.10431717556,10267.561908246329,10132.815746297189,10123.858618841496
2026-09-20 10:00:00,10623.0,10277.0,10643.863937980172,10600.466456865559,10537.626617311204,10554.03118882211
2026-09-20 11:00:00,10810.0,10515.0,10818.754694236863,10893.10147568968,10722.023194689771,10754.150988977624
2026-09-20 12:00:00,10987.0,10592.0,10859.956269859362,10891.783300638355,10793.960019731372,10862.23327408622
2026-09-20 13:00:00,10901.0,10600.0,10862.877382746978,10861.043877494378,10798.265092366095,10822.87485123035
2026-09-20 14:00:00,10942.0,10636.0,10885.969432213327,10884.746838822959,10838.781082181486,10844.22886303937
2026-09-20 15:00:00,10908.0,10631.0,10900.838644268224,10882.943251575989,10904.661191940848,10879.449024559774
2026-09-20 16:00:00,10846.0,10622.0,10877.417453840537,10892.52657046904,10927.217963211686,10845.33616193698
2026-09-20 17:00:00,10890.0,10692.0,10874.448995086186,10885.285299258674,10938.128419071221,10799.450642940901
2026-09-20 18:00:00,10956.0,10798.0,10945.625089857098,10933.792976030703,11039.937483117521,10893.755406343049
2026-09-20 19:00:00,11110.0,10912.0,11003.997176752062,11046.285187312296,11046.790157906806,11107.21762588952
2026-09-20 20:00:00,11264.0,11083.0,11074.732242522456,11175.845910555905,11150.204224574914,11166.592450431981
2026-09-20 21:00:00,11228.0,11092.0,11065.387654419257,11145.65599994947,11114.908533036862,11137.310727676871
2026-09-20 22:00:00,10831.0,10598.0,10719.136799928645,10876.784525310415,10874.438351320621,10902.490576746035
2026-09-20 23:00:00,10281.0,10122.0,10249.712403634414,10323.657608301088,10373.702589762415,10410.590733625706
2026-09-21 00:00:00,9878.0,9670.0,10026.950719297789,9953.847879831987,10048.659530740888,10074.27304671156
2026-09-21 01:00:00,9393.0,9245.0,9594.069716680902,9496.263352240492,9595.245299311895,9608.602626948108
2026-09-21 02:00:00,9153.0,8988.0,9348.849855262857,9337.870141566533,9332.885258134693,9379.946977772152
2026-09-21 03:00:00,9046.0,8861.0,9222.121092858237,9243.82281452749,9227.016580123305,9270.954452277398
2026-09-21 04:00:00,8981.0,8804.0,9137.920564233482,9170.83341789317,9139.656286366873,9251.770405505033
2026-09-21 05:00:00,9036.0,8889.0,9196.219864577395,9188.407852954728,9214.759849901988,9302.691568516711
2026-09-21 06:00:00,9384.0,9123.0,9440.01268038714,9480.039603200372,9536.70879121173,9591.06250265845
2026-09-21 07:00:00,9803.0,9501.0,9790.461853127206,9816.050200981816,9982.054069301026,10000.76359589081
2026-09-21 08:00:00,10318.0,10099.0,10353.861789837158,10342.799591951616,10475.277131320398,10479.014098955191
2026-09-21 09:00:00,11007.0,10740.0,10985.83979947649,11141.748408432884,11122.912629136128,11095.848414311498
2026-09-21 10:00:00,11332.0,11014.0,11284.478777840464,11487.442334241066,11351.602184030768,11312.392502424587
2026-09-21 11:00:00,11430.0,11040.0,11344.67760251974,11548.81237052839,11363.265845275204,11349.762466985356
2026-09-21 12:00:00,11362.0,10946.0,11274.926258086598,11431.461939602972,11313.522668837684,11313.21299047258
2026-09-21 13:00:00,11426.0,10864.0,11228.30072314015,11352.047066347672,11293.594061379408,11258.307737476836
2026-09-21 14:00:00,11411.0,10867.0,11266.24584642933,11344.597920038605,11307.691318570814,11251.278241199694
2026-09-21 15:00:00,11308.0,10761.0,11094.610646077308,11305.10024806775,11224.917636805463,11229.355488359217
2026-09-21 16:00:00,11438.0,10878.0,11194.298301607709,11349.82847374146,11266.300398033434,11209.991530070467
2026-09-21 17:00:00,11211.0,10648.0,11048.634746739792,11210.757185555347,11117.426859699688,11102.319871740885
2026-09-21 18:00:00,11115.0,10669.0,11061.616900632358,11234.245822505964,11117.974142060464,11072.288450038232
2026-09-21 19:00:00,11326.0,10790.0,11155.309743522132,11310.20951613216,11258.649844311825,11236.554696870338
2026-09-21 20:00:00,11483.0,11054.0,11288.307113000665,11505.06675690667,11407.32907876064,11351.786979006616
2026-09-21 21:00:00,11378.0,11073.0,11302.79382614251,11493.446914060516,11378.07860045451,11361.777263088858
2026-09-21 22:00:00,11085.0,10866.0,11096.563138249674,11181.479819906512,11136.500548089261,11069.842800617134
2026-09-21 23:00:00,10541.0,10299.0,10606.508993845333,10642.11530496263,10709.28161277338,10571.932511855242
2026-09-22 00:00:00,10064.0,9808.0,10133.575923547774,10113.058838852512,10150.479521097848,10009.86397607668
2026-09-22 01:00:00,9648.0,9385.0,9700.884224825511,9692.216272017939,9696.761511618308,9638.480644655074
2026-09-22 02:00:00,9365.0,9180.0,9468.803317236627,9572.123712520712,9406.097039273915,9459.520630370707
2026-09-22 03:00:00,9293.0,9137.0,9377.869091171784,9447.018705702718,9206.250415364913,9314.573252938255
2026-09-22 04:00:00,9248.0,8987.0,9268.214257950829,9413.027680155625,9136.477233309059,9268.408939824172
2026-09-22 05:00:00,9309.0,9112.0,9334.424308337422,9424.798085285867,9161.072027876828,9313.283815544039
2026-09-22 06:00:00,9659.0,9443.0,9601.467162182409,9675.33469514641,9545.481032376909,9621.229976438099
2026-09-22 07:00:00,9936.0,9715.0,9902.235712450632,10023.697864715483,9933.997807031617,10020.956165128153
2026-09-22 08:00:00,10486.0,10307.0,10406.901732815191,10380.408059933568,10425.261839912726,10523.137244303556
2026-09-22 09:00:00,11105.0,10856.0,10977.907078805929,11121.31306209029,11056.545138663048,11210.173106781329
2026-09-22 10:00:00,11431.0,11134.0,11268.450035927546,11521.223902241602,11291.622443537002,11465.146452489855
2026-09-22 11:00:00,11471.0,11116.0,11283.562171636306,11631.373588450071,11286.978935320105,11362.783744020255
2026-09-22 12:00:00,11296.0,10960.0,11205.500555148994,11549.108451453822,11211.754779740135,11264.451067715594
2026-09-22 13:00:00,11279.0,10973.0,11165.96641694057,11517.04130580428,11118.435622057477,11201.21906089294
2026-09-22 14:00:00,11304.0,11017.0,11195.266158468745,11571.753616844182,11136.800305576442,11207.567610887427
2026-09-22 15:00:00,11241.0,11001.0,11147.416318265074,11512.209410014435,11073.827571447442,11140.62283062133
2026-09-22 16:00:00,11362.0,11033.0,11161.327902727011,11557.802088692906,11094.283276688973,11151.692683147108
2026-09-22 17:00:00,11075.0,10802.0,11056.964934012596,11382.118339891365,11007.460714530916,11124.96458220732
2026-09-22 18:00:00,11113.0,10795.0,11129.54311849531,11398.624622249597,11080.931000225253,11162.029495164676
2026-09-22 19:00:00,11262.0,10946.0,11245.722353397374,11544.884379388912,11263.579948654764,11326.915323334975
2026-09-22 20:00:00,11485.0,11155.0,11348.847115119013,11663.285205968665,11487.551076727164,11518.42120160057
2026-09-22 21:00:00,11440.0,11173.0,11357.654794687187,11618.544040244247,11360.738857488257,11366.667089994577
2026-09-22 22:00:00,11182.0,10931.0,11116.406185796204,11327.705831901398,11047.13516157876,11053.847890432271
2026-09-22 23:00:00,10684.0,10421.0,10653.327183391824,10716.384468923794,10677.119473892984,10643.049519383883
2026-09-23 00:00:00,10107.0,9966.0,10229.176059249443,10187.794239193354,10188.50372239353,10075.305895349988
2026-09-23 01:00:00,9668.0,9535.0,9810.674427993878,9733.641571785854,9650.953567904748,9609.102764324212
2026-09-23 02:00:00,9438.0,9301.0,9550.447639784139,9566.938992384077,9446.950567599566,9444.739065552838
2026-09-23 03:00:00,9250.0,9168.0,9383.081483843102,9481.304443543819,9214.418080848502,9342.441989985577
2026-09-23 04:00:00,9239.0,9086.0,9312.913640625397,9454.245737866915,9180.67878701369,9297.39924088248
2026-09-23 05:00:00,9295.0,9188.0,9373.422856445972,9512.086161913972,9246.46862540511,9342.206844280332
2026-09-23 06:00:00,9606.0,9521.0,9669.080478985827,9720.61784576958,9622.72128198167,9657.779142620946
2026-09-23 07:00:00,9929.0,9815.0,10002.881108169555,10180.611373652235,10025.31222638156,9987.909071345746
2026-09-23 08:00:00,10423.0,10337.0,10471.146661298942,10613.608416901763,10518.256239218714,10474.216927936135
2026-09-23 09:00:00,11094.0,10879.0,11039.848527895174,11390.328117123929,11068.680139273047,11132.44108003963
2026-09-23 10:00:00,11460.0,11189.0,11369.908749289527,11670.486034856822,11352.820665395457,11380.24023961484
2026-09-23 11:00:00,11498.0,11232.0,11453.645303836094,11700.537063447395,11466.287879537367,11499.043423790745
2026-09-23 12:00:00,11372.0,11159.0,11410.094709567746,11675.487174932334,11392.408053314972,11416.25943085683
2026-09-23 13:00:00,11278.0,11082.0,11347.06030604252,11706.486313837362,11462.948002264302,11436.123521332354
2026-09-23 14:00:00,11340.0,11006.0,11295.367510230608,11665.704772563244,11380.911457788492,11340.994328005636
2026-09-23 15:00:00,11231.0,10941.0,11170.359438741169,11648.484285870562,11285.512024544558,11302.348287630315
2026-09-23 16:00:00,11294.0,11052.0,11239.784525527957,11705.435857903063,11362.732051631021,11363.41693541407
2026-09-23 17:00:00,11075.0,10795.0,11089.015061135544,11491.280141107145,11120.617131074165,11154.71982351053
2026-09-23 18:00:00,11064.0,10833.0,11174.645782576828,11433.163401857546,11126.209650592742,11141.511998007507
2026-09-23 19:00:00,11254.0,10952.0,11274.348329368471,11657.633713384783,11423.132538242937,11365.712266770453
2026-09-23 20:00:00,11362.0,11237.0,11415.073778603386,11722.457555570514,11546.125397672833,11532.85861919367
2026-09-23 21:00:00,11308.0,11092.0,11329.105431760489,11668.475818002864,11396.278664336123,11394.104634160543
2026-09-23 22:00:00,11183.0,10890.0,11118.601383324494,11446.236240189819,11092.051314841112,11149.87538300242
2026-09-23 23:00:00,10535.0,10405.0,10634.91447949861,10812.302245563107,10676.669653951678,10725.61673586993
2026-09-24 00:00:00,10036.0,9848.0,10026.222424182977,10228.951622892724,10213.051172086505,10277.295492987003
2026-09-24 01:00:00,9566.0,9398.0,9581.236911276945,9832.604011958412,9779.544901648816,9789.084477020833
2026-09-24 02:00:00,9304.0,9149.0,9335.60831289822,9615.992625837647,9503.85209373564,9521.566877566349
2026-09-24 03:00:00,9159.0,9071.0,9233.400704730164,9564.147836963082,9402.684885379527,9429.25962248328
2026-09-24 04:00:00,9199.0,8939.0,9128.130889764703,9494.120981686305,9345.713059088106,9346.931072609954
2026-09-24 05:00:00,9247.0,9054.0,9207.116595865915,9542.956827003021,9409.541903057427,9438.45143053948
2026-09-24 06:00:00,9574.0,9353.0,9500.498200543801,9813.722809044406,9856.896623477398,9877.339383547676
2026-09-24 07:00:00,9877.0,9650.0,9894.092249179528,10080.746682142613,10136.305771377301,10124.384570944281
2026-09-24 08:00:00,10445.0,10229.0,10424.467639007042,10643.6630197556,10682.983865074091,10669.46167506764
2026-09-24 09:00:00,11006.0,10877.0,11093.638358561417,11345.942840234044,11143.493910650268,11090.795045080507
2026-09-24 10:00:00,11418.0,11208.0,11424.49591953181,11647.291895743434,11492.974892100225,11446.338595510015
2026-09-24 11:00:00,11460.0,11248.0,11489.857571886256,11670.455234661467,11534.455382957616,11462.908339901249
2026-09-24 12:00:00,11479.0,11210.0,11485.830816237683,11579.959634106985,11371.19709126786,11312.1253563765
2026-09-24 13:00:00,11403.0,11146.0,11380.107009368467,11589.22192387966,11361.160840233197,11310.561401201649
2026-09-24 14:00:00,11359.0,11109.0,11335.173595795093,11612.195077154305,11406.23433682346,11375.7080097475
2026-09-24 15:00:00,11217.0,11111.0,11295.603694567473,11534.052691424526,11341.419204981246,11269.236989313797
2026-09-24 16:00:00,11415.0,11153.0,11334.334416971773,11620.614935361958,11426.146493076965,11394.91817794149
2026-09-24 17:00:00,11206.0,10853.0,11142.325233861604,11382.183724031698,11270.941781346419,11127.710897062618
2026-09-24 18:00:00,11182.0,10846.0,11120.816407676015,11392.088103817374,11257.907508334582,11136.54321348025
2026-09-24 19:00:00,11375.0,10994.0,11228.142521040745,11570.048855322988,11463.84317551268,11368.34416282217
2026-09-24 20:00:00,11377.0,11172.0,11302.828237862483,11678.162907372172,11581.963117710664,11558.213081529151
2026-09-24 21:00:00,11259.0,11106.0,11233.419016714726,11642.17387026505,11436.461089536804,11399.0446324984
2026-09-24 22:00:00,11050.0,10911.0,11014.224916463763,11452.018457349826,11209.021003475556,11114.171897719209
2026-09-24 23:00:00,10510.0,10352.0,10501.155892946677,10826.360203722601,10744.125708261496,10674.972495523096
2026-09-25 00:00:00,9927.0,9883.0,10043.899396150353,10224.974198832093,10234.70618269979,10219.775781116685
2026-09-25 01:00:00,9497.0,9532.0,9635.76180105884,9783.229564695668,9810.576350097977,9798.603544801039
2026-09-25 02:00:00,9232.0,9241.0,9349.830747875938,9562.162012871318,9534.675873566772,9549.431336537911
2026-09-25 03:00:00,9126.0,9159.0,9247.791553267307,9490.472368060102,9402.238444670662,9405.406604249903
2026-09-25 04:00:00,9107.0,9076.0,9163.61041924327,9432.16146669066,9307.419844290796,9319.611746573415
2026-09-25 05:00:00,9148.0,9095.0,9189.045357184847,9486.764701722968,9373.032995689298,9381.480420966167
2026-09-25 06:00:00,9502.0,9360.0,9459.732442477438,9753.273009238745,9787.91253940362,9772.93836707905
2026-09-25 07:00:00,9879.0,9627.0,9783.079685883242,9996.80620749311,10093.562881984151,10033.493170140462
2026-09-25 08:00:00,10410.0,10166.0,10300.049704105868,10522.51391375196,10577.224354745409,10562.17684557274
2026-09-25 09:00:00,11015.0,10828.0,10932.124847191686,11261.233369485004,11040.162846690704,11028.983675394264
2026-09-25 10:00:00,11316.0,11015.0,11188.368873007625,11569.258941037238,11423.606236557225,11429.058005736097
2026-09-25 11:00:00,11381.0,11137.0,11286.467996681138,11590.368062469448,11460.466196708447,11468.176071498201
2026-09-25 12:00:00,11365.0,11050.0,11207.995359127404,11520.170165497733,11328.00022976054,11331.32226942323
2026-09-25 13:00:00,11289.0,10996.0,11175.57275624213,11465.127053510636,11250.675798474098,11231.472200900549
2026-09-25 14:00:00,11286.0,10980.0,11159.769983360186,11507.453905470915,11313.076741652576,11309.596848523532
2026-09-25 15:00:00,11231.0,10957.0,11125.918297636816,11416.786670164423,11179.46750536252,11205.091319758025
2026-09-25 16:00:00,11221.0,11042.0,11189.960701043283,11486.676242146837,11191.46363675322,11213.132050873784
2026-09-25 17:00:00,11046.0,10893.0,11057.682833527353,11318.546158235928,11019.274186670194,11038.253326836668
2026-09-25 18:00:00,11087.0,10901.0,11088.729014174885,11320.765639691668,11043.757251756164,11020.699736022088
2026-09-25 19:00:00,11282.0,11046.0,11207.127923910384,11432.635608804958,11281.936676240164,11212.545647660678
2026-09-25 20:00:00,11394.0,11169.0,11264.302915282828,11533.835274852423,11368.911588678555,11378.354162619511
2026-09-25 21:00:00,11292.0,11123.0,11232.367821659827,11523.760038384778,11351.347416604238,11335.273111067036
2026-09-25 22:00:00,11087.0,10894.0,11008.930750140195,11373.358538457167,11132.952059318543,11133.34537618646
2026-09-25 23:00:00,10633.0,10424.0,10564.337183792213,10739.832963580564,10802.291186429582,10758.725832088427
2026-09-26 00:00:00,10136.0,10028.0,9952.835790034855,10164.631395521394,10340.135475319843,10326.368689255256
2026-09-26 01:00:00,9782.0,9563.0,9500.672828121957,9703.29761831343,9935.132690880962,9901.46488403113
2026-09-26 02:00:00,9419.0,9291.0,9224.3280823754,9489.550866331127,9643.414896646258,9609.048415058374
2026-09-26 03:00:00,9365.0,9193.0,9105.29383257821,9417.512016778934,9536.739178232761,9447.714792989393
2026-09-26 04:00:00,9187.0,9078.0,9029.344301844794,9437.859429334423,9495.409633517282,9412.877589001864
2026-09-26 05:00:00,9200.0,9118.0,9058.956948415731,9429.81254958579,9524.77967637178,9457.188632976235
2026-09-26 06:00:00,9411.0,9243.0,9240.035695967053,9484.164630216954,9675.482365034295,9641.749145165686
2026-09-26 07:00:00,9442.0,9333.0,9465.82748879109,9551.567576202286,9675.188922117837,9659.80676948046
2026-09-26 08:00:00,9747.0,9664.0,9862.407395690134,9816.041058129591,10005.143681018499,10003.460283265222
2026-09-26 09:00:00,10398.0,10343.0,10506.678037776246,10533.10963208112,10551.846524177787,10551.05823016571
2026-09-26 10:00:00,10882.0,10809.0,10919.08796842238,11031.903608593742,10994.987590159766,11012.653195678538
2026-09-26 11:00:00,11048.0,10989.0,11057.043503478035,11151.581187767317,11148.708867567346,11132.195915618793
2026-09-26 12:00:00,11097.0,11013.0,11064.157945049039,11218.337810897876,11197.085892687643,11182.615010245765
2026-09-26 13:00:00,11156.0,10927.0,10999.537122114856,11104.103620371032,11085.738919485735,11083.040918661232
2026-09-26 14:00:00,11180.0,10922.0,11001.326401887703,11106.894418391501,11084.11034027197,11061.648532308433
2026-09-26 15:00:00,11105.0,10914.0,10961.960118140463,11090.054978775552,11031.558579987277,11049.333471455571
2026-09-26 16:00:00,11098.0,10850.0,10959.394488844098,11081.082017650491,11077.918138794497,11063.913829067784
2026-09-26 17:00:00,11086.0,10817.0,10904.731179108188,11065.232045267387,11045.433930591149,11047.695495612703
2026-09-26 18:00:00,11179.0,10941.0,10991.568809416021,11131.298604141282,11108.054929851583,11068.31011950943
2026-09-26 19:00:00,11362.0,11005.0,11052.67065947856,11172.773996973548,11302.18691990295,11230.57561402059
2026-09-26 20:00:00,11382.0,11211.0,11136.130185579954,11278.729580673664,11355.693109307953,11322.2667175261
2026-09-26 21:00:00,11270.0,11217.0,11121.960787259213,11232.610849781684,11285.432560732726,11270.512043210467
2026-09-26 22:00:00,10979.0,10860.0,10841.704642893006,11060.237099908227,11103.491848426933,11091.284893173473
2026-09-26 23:00:00,10555.0,10437.0,10403.679252890284,10515.260064024194,10721.958030601325,10709.563756583433
2026-09-27 00:00:00,10065.0,9980.0,9970.672005628989,10056.829614464985,10189.812712078487,10194.914345624205
2026-09-27 01:00:00,9695.0,9557.0,9540.937402987282,9569.533272677962,9741.571740471749,9749.069016610883
2026-09-27 02:00:00,9358.0,9360.0,9322.192783571138,9350.33867007161,9499.399948470513,9459.821450593548
2026-09-27 03:00:00,9212.0,9126.0,9122.527839123897,9242.793105811857,9235.272422981809,9238.043097575492
2026-09-27 04:00:00,9176.0,9073.0,9071.943194550491,9234.91854299258,9217.237848089464,9203.83456529104
2026-09-27 05:00:00,9171.0,9053.0,9084.492761130537,9209.665390916143,9212.778448967229,9181.977553339624
2026-09-27 06:00:00,9277.0,9177.0,9240.572939594498,9276.350481205473,9373.907587229465,9375.577634631665
2026-09-27 07:00:00,9336.0,9269.0,9453.80952461582,9416.704786942935,9437.918425776665,9448.257445678684
2026-09-27 08:00:00,9616.0,9486.0,9805.573659409332,9598.950109005116,9717.018951803104,9741.948954582354
2026-09-27 09:00:00,10173.0,10139.0,10428.440294362417,10383.168799224706,10325.983779698707,10347.773018114249
2026-09-27 10:00:00,10666.0,10623.0,10854.813265008905,10777.204768499303,10682.266846478893,10694.409810465186
2026-09-27 11:00:00,10909.0,10810.0,10980.900857581193,10947.501852260322,10861.427175850466,10843.09036549
2026-09-27 12:00:00,10870.0,10987.0,10995.208843365086,11011.527886030852,10858.096313015225,10864.769527447292
2026-09-27 13:00:00,10847.0,10901.0,10913.634329156177,10983.338104767845,10779.194204344747,10764.023510940237
2026-09-27 14:00:00,10782.0,10942.0,10923.23837757607,10983.338104767845,10749.22818446003,10763.919252220172
2026-09-27 15:00:00,10758.0,10908.0,10880.907738337777,10991.72830357517,10793.52882313693,10764.102307193303
2026-09-27 16:00:00,10786.0,10846.0,10880.938690774146,10969.11635349895,10813.079853329327,10799.653439355652
2026-09-27 17:00:00,10802.0,10890.0,10896.103160363742,10999.276123842808,10780.284800416415,10765.65263173276
2026-09-27 18:00:00,10911.0,10956.0,10969.813111076675,11043.38258706413,10901.22923354588,10869.905449377851
2026-09-27 19:00:00,11185.0,11110.0,11090.901924025091,11149.118317673185,11127.885147630233,11147.025535047935
2026-09-27 20:00:00,11296.0,11264.0,11157.408884191007,11214.144353463982,11242.779586253713,11278.404885898786
2026-09-27 21:00:00,11321.0,11228.0,11112.627446464698,11174.471434316423,11196.163432810725,11207.706767972066
2026-09-27 22:00:00,10972.0,10831.0,10811.586555055026,10970.357411054463,11020.186061973489,10996.045771957242
2026-09-27 23:00:00,10468.0,10281.0,10321.529111458842,10500.130919066369,10608.000326716616,10594.080753757798
2026-09-28 00:00:00,10025.0,9878.0,10027.19338127727,10071.927894518909,10238.245490386355,10129.885365938982
2026-09-28 01:00:00,9516.0,9393.0,9565.339680662253,9650.947452805474,9817.225924184508,9684.348947359693
2026-09-28 02:00:00,9302.0,9153.0,9302.853684810903,9399.038548139177,9545.946320388459,9368.943564516463
2026-09-28 03:00:00,9207.0,9046.0,9175.01897260092,9306.71519522974,9495.961836826793,9263.460367909269
2026-09-28 04:00:00,9105.0,8981.0,9090.459423128294,9254.094508007873,9372.873304116161,9176.84458032465
2026-09-28 05:00:00,9211.0,9036.0,9126.752374778742,9269.548293864631,9448.34599542781,9258.887856239366
2026-09-28 06:00:00,9555.0,9384.0,9423.863165795621,9561.981864323712,9783.695418054584,9658.751459142233
2026-09-28 07:00:00,9948.0,9803.0,9809.815748381416,10038.733737940958,10202.837527031617,10178.954983732578
2026-09-28 08:00:00,10467.0,10318.0,10318.746981097167,10474.737584705783,10613.130847525405,10553.697324837862
2026-09-28 09:00:00,11176.0,11007.0,10979.248827452378,11245.962673865139,11345.684110103888,11040.868284682245
2026-09-28 10:00:00,11412.0,11332.0,11326.749558033316,11570.888959543428,11765.923458307936,11243.908250143972
2026-09-28 11:00:00,11424.0,11430.0,11439.212261083476,11602.483660871181,11815.851783308182,11274.87515880281
2026-09-28 12:00:00,11339.0,11362.0,11408.165626055172,11567.565904982466,11742.381649752717,11195.521219041844
2026-09-28 13:00:00,11297.0,11426.0,11437.15215318184,11572.804243872275,11763.037558528775,11204.844793688813
2026-09-28 14:00:00,11180.0,11411.0,11439.629624424186,11572.804243872275,11762.7412036166,11194.725245465912
2026-09-28 15:00:00,11160.0,11308.0,11361.014372511665,11542.056644650298,11733.346600506047,11101.542278484769
2026-09-28 16:00:00,11224.0,11438.0,11431.727929416344,11538.123869940413,11745.818092168416,11129.023986162389
2026-09-28 17:00:00,11073.0,11211.0,11277.905199891344,11510.508911148372,11662.589189911541,11045.846741531008
2026-09-28 18:00:00,11003.0,11115.0,11251.868558344935,11522.054026008102,11615.584162452624,11092.137449809625
2026-09-28 19:00:00,11383.0,11326.0,11376.110694533356,11617.127011623092,11682.353635045083,11415.290912234184
2026-09-28 20:00:00,11481.0,11483.0,11425.961457622258,11577.261180316935,11695.060915513934,11487.02202934084
2026-09-28 21:00:00,11403.0,11378.0,11340.003829529234,11533.76351212696,11642.862830601971,11291.758201376802
2026-09-28 22:00:00,11151.0,11085.0,11088.671601678816,11358.897660590279,11465.860059034263,10989.40006292326
2026-09-28 23:00:00,10631.0,10541.0,10596.127255653717,10833.02577687394,10805.368426456633,10610.341167558518
2026-09-29 00:00:00,10153.0,10064.0,10175.868703556023,10200.798591562703,10266.607217121164,10035.010408418148
2026-09-29 01:00:00,9709.0,9648.0,9754.035301031727,9835.388580361763,9858.985112319771,9708.240083436369
2026-09-29 02:00:00,9457.0,9365.0,9467.331023056335,9552.935725039486,9617.769098079643,9365.238963437594
2026-09-29 03:00:00,9320.0,9293.0,9361.93093922446,9492.08302176207,9523.465967320704,9327.139040359689
2026-09-29 04:00:00,9280.0,9248.0,9275.007225182891,9462.69216478875,9473.053218726347,9270.646931145224
2026-09-29 05:00:00,9403.0,9309.0,9312.56404065753,9478.704174623352,9511.637781592175,9314.82497420744
2026-09-29 06:00:00,9803.0,9659.0,9596.008257129986,9762.14219742356,9776.959589004482,9660.257509732846
2026-09-29 07:00:00,10091.0,9936.0,9876.949940843775,10160.755601221786,10252.96374377145,10096.868494999184
2026-09-29 08:00:00,10623.0,10486.0,10381.34083044904,10604.976758261617,10778.50802937286,10613.397386561952
2026-09-29 09:00:00,11144.0,11105.0,11005.057993817989,11301.836410877286,11364.983224795556,11143.242724354155
2026-09-29 10:00:00,11521.0,11431.0,11372.495661393208,11545.56094015949,11622.524008185808,11337.83845882099
2026-09-29 11:00:00,11504.0,11471.0,11470.77030607042,11643.128133899296,11782.1043101619,11316.22358238798
2026-09-29 12:00:00,11384.0,11296.0,11387.796985942638,11600.982574921542,11688.308759934003,11231.327288684228
2026-09-29 13:00:00,11430.0,11279.0,11394.612378074136,11600.982574921542,11684.934546036093,11214.607168247358
2026-09-29 14:00:00,11383.0,11304.0,11418.347244560147,11579.598030385,11627.450466151528,11197.607777296165
2026-09-29 15:00:00,11394.0,11241.0,11366.949626295602,11579.959842518567,11626.129923750292,11161.085394809246
2026-09-29 16:00:00,11455.0,11362.0,11427.65040604048,11583.901667471975,11630.077741717005,11181.295919444645
2026-09-29 17:00:00,11278.0,11075.0,11261.17512326702,11541.946294910513,11529.849785433336,11085.49616182046
2026-09-29 18:00:00,11271.0,11113.0,11301.625127977675,11527.082896133805,11599.687888152,11107.221921127424
2026-09-29 19:00:00,11605.0,11262.0,11400.760971034697,11642.056831445987,11709.81697969812,11323.959520226945
2026-09-29 20:00:00,11602.0,11485.0,11475.160741327469,11642.187719813686,11712.956766850833,11446.456128814973
2026-09-29 21:00:00,11437.0,11440.0,11425.167666705067,11640.509980679775,11679.696973917635,11453.622740352725
2026-09-29 22:00:00,11245.0,11182.0,11178.854922482586,11416.485412883496,11534.222989080017,11109.059505902913
2026-09-29 23:00:00,10743.0,10684.0,10712.767651757587,10915.672392062688,10888.986090495253,10760.816326305292
