datetime_msk,date,hour,kpo,energy_system,generation_mw,consumption_mw
2025-09-28 00:00,2025-09-28,0,630000,ОЭС УРАЛА,27540,26088
2025-09-28 01:00,2025-09-28,1,630000,ОЭС УРАЛА,26050,25676
2025-09-28 02:00,2025-09-28,2,630000,ОЭС УРАЛА,25946,25757
2025-09-28 03:00,2025-09-28,3,630000,ОЭС УРАЛА,26614,25815
2025-09-28 04:00,2025-09-28,4,630000,ОЭС УРАЛА,26775,25956
2025-09-28 05:00,2025-09-28,5,630000,ОЭС УРАЛА,27088,26181
2025-09-28 06:00,2025-09-28,6,630000,ОЭС УРАЛА,26751,26464
2025-09-28 07:00,2025-09-28,7,630000,ОЭС УРАЛА,27694,27667
2025-09-28 08:00,2025-09-28,8,630000,ОЭС УРАЛА,29830,28507
2025-09-28 09:00,2025-09-28,9,630000,ОЭС УРАЛА,30680,29024
2025-09-28 10:00,2025-09-28,10,630000,ОЭС УРАЛА,31065,29283
2025-09-28 11:00,2025-09-28,11,630000,ОЭС УРАЛА,31136,29274
2025-09-28 12:00,2025-09-28,12,630000,ОЭС УРАЛА,31332,29194
2025-09-28 13:00,2025-09-28,13,630000,ОЭС УРАЛА,31249,29159
2025-09-28 14:00,2025-09-28,14,630000,ОЭС УРАЛА,31354,29150
2025-09-28 15:00,2025-09-28,15,630000,ОЭС УРАЛА,31518,29182
2025-09-28 16:00,2025-09-28,16,630000,ОЭС УРАЛА,32219,29689
2025-09-28 17:00,2025-09-28,17,630000,ОЭС УРАЛА,32292,29693
2025-09-28 18:00,2025-09-28,18,630000,ОЭС УРАЛА,32018,29930
2025-09-28 19:00,2025-09-28,19,630000,ОЭС УРАЛА,32226,29768
2025-09-28 20:00,2025-09-28,20,630000,ОЭС УРАЛА,32222,29433
2025-09-28 21:00,2025-09-28,21,630000,ОЭС УРАЛА,31558,28393
2025-09-28 22:00,2025-09-28,22,630000,ОЭС УРАЛА,30284,27515
2025-09-28 23:00,2025-09-28,23,630000,ОЭС УРАЛА,28105,26727
2025-09-29 00:00,2025-09-29,0,630000,ОЭС УРАЛА,26530,26368
2025-09-29 01:00,2025-09-29,1,630000,ОЭС УРАЛА,26252,26078
2025-09-29 02:00,2025-09-29,2,630000,ОЭС УРАЛА,25605,26080
2025-09-29 03:00,2025-09-29,3,630000,ОЭС УРАЛА,26184,26228
2025-09-29 04:00,2025-09-29,4,630000,ОЭС УРАЛА,27138,26818
2025-09-29 05:00,2025-09-29,5,630000,ОЭС УРАЛА,27951,27880
2025-09-29 06:00,2025-09-29,6,630000,ОЭС УРАЛА,29305,28656
2025-09-29 07:00,2025-09-29,7,630000,ОЭС УРАЛА,32149,29880
2025-09-29 08:00,2025-09-29,8,630000,ОЭС УРАЛА,32617,30356
2025-09-29 09:00,2025-09-29,9,630000,ОЭС УРАЛА,32881,30638
2025-09-29 10:00,2025-09-29,10,630000,ОЭС УРАЛА,33305,30386
2025-09-29 11:00,2025-09-29,11,630000,ОЭС УРАЛА,33490,30161
2025-09-29 12:00,2025-09-29,12,630000,ОЭС УРАЛА,33167,30068
2025-09-29 13:00,2025-09-29,13,630000,ОЭС УРАЛА,33052,29976
2025-09-29 14:00,2025-09-29,14,630000,ОЭС УРАЛА,33098,29866
2025-09-29 15:00,2025-09-29,15,630000,ОЭС УРАЛА,33245,29768
2025-09-29 16:00,2025-09-29,16,630000,ОЭС УРАЛА,33320,29966
2025-09-29 17:00,2025-09-29,17,630000,ОЭС УРАЛА,33199,30144
2025-09-29 18:00,2025-09-29,18,630000,ОЭС УРАЛА,33460,30481
2025-09-29 19:00,2025-09-29,19,630000,ОЭС УРАЛА,33453,30237
2025-09-29 20:00,2025-09-29,20,630000,ОЭС УРАЛА,33221,29798
2025-09-29 21:00,2025-09-29,21,630000,ОЭС УРАЛА,32535,28829
2025-09-29 22:00,2025-09-29,22,630000,ОЭС УРАЛА,31189,27923
2025-09-29 23:00,2025-09-29,23,630000,ОЭС УРАЛА,29564,27133
2025-09-30 00:00,2025-09-30,0,630000,ОЭС УРАЛА,27926,26627
2025-09-30 01:00,2025-09-30,1,630000,ОЭС УРАЛА,27482,26467
2025-09-30 02:00,2025-09-30,2,630000,ОЭС УРАЛА,27552,26300
2025-09-30 03:00,2025-09-30,3,630000,ОЭС УРАЛА,28009,26755
2025-09-30 04:00,2025-09-30,4,630000,ОЭС УРАЛА,28223,27295
2025-09-30 05:00,2025-09-30,5,630000,ОЭС УРАЛА,29434,28314
2025-09-30 06:00,2025-09-30,6,630000,ОЭС УРАЛА,31414,29040
2025-09-30 07:00,2025-09-30,7,630000,ОЭС УРАЛА,32028,30268
2025-09-30 08:00,2025-09-30,8,630000,ОЭС УРАЛА,32509,30380
2025-09-30 09:00,2025-09-30,9,630000,ОЭС УРАЛА,32816,30551
2025-09-30 10:00,2025-09-30,10,630000,ОЭС УРАЛА,32952,30233
2025-09-30 11:00,2025-09-30,11,630000,ОЭС УРАЛА,33057,30216
2025-09-30 12:00,2025-09-30,12,630000,ОЭС УРАЛА,32428,30035
2025-09-30 13:00,2025-09-30,13,630000,ОЭС УРАЛА,32351,29869
2025-09-30 14:00,2025-09-30,14,630000,ОЭС УРАЛА,32382,29779
2025-09-30 15:00,2025-09-30,15,630000,ОЭС УРАЛА,32100,29668
2025-09-30 16:00,2025-09-30,16,630000,ОЭС УРАЛА,32195,29831
2025-09-30 17:00,2025-09-30,17,630000,ОЭС УРАЛА,32211,30172
2025-09-30 18:00,2025-09-30,18,630000,ОЭС УРАЛА,32699,30278
2025-09-30 19:00,2025-09-30,19,630000,ОЭС УРАЛА,32481,30128
2025-09-30 20:00,2025-09-30,20,630000,ОЭС УРАЛА,32046,29483
2025-09-30 21:00,2025-09-30,21,630000,ОЭС УРАЛА,31622,28568
2025-09-30 22:00,2025-09-30,22,630000,ОЭС УРАЛА,29967,27724
2025-09-30 23:00,2025-09-30,23,630000,ОЭС УРАЛА,27933,27032
2025-10-01 00:00,2025-10-01,0,630000,ОЭС УРАЛА,26931,26657
2025-10-01 01:00,2025-10-01,1,630000,ОЭС УРАЛА,26737,26353
2025-10-01 02:00,2025-10-01,2,630000,ОЭС УРАЛА,26660,26292
2025-10-01 03:00,2025-10-01,3,630000,ОЭС УРАЛА,27662,26497
2025-10-01 04:00,2025-10-01,4,630000,ОЭС УРАЛА,28342,27226
2025-10-01 05:00,2025-10-01,5,630000,ОЭС УРАЛА,28873,28045
2025-10-01 06:00,2025-10-01,6,630000,ОЭС УРАЛА,29951,28949
2025-10-01 07:00,2025-10-01,7,630000,ОЭС УРАЛА,31070,29667
2025-10-01 08:00,2025-10-01,8,630000,ОЭС УРАЛА,32157,30079
2025-10-01 09:00,2025-10-01,9,630000,ОЭС УРАЛА,32252,30199
2025-10-01 10:00,2025-10-01,10,630000,ОЭС УРАЛА,32046,30184
2025-10-01 11:00,2025-10-01,11,630000,ОЭС УРАЛА,31915,29836
2025-10-01 12:00,2025-10-01,12,630000,ОЭС УРАЛА,31881,30067
2025-10-01 13:00,2025-10-01,13,630000,ОЭС УРАЛА,31523,29748
2025-10-01 14:00,2025-10-01,14,630000,ОЭС УРАЛА,31427,29860
2025-10-01 15:00,2025-10-01,15,630000,ОЭС УРАЛА,31571,29771
2025-10-01 16:00,2025-10-01,16,630000,ОЭС УРАЛА,31800,29837
2025-10-01 17:00,2025-10-01,17,630000,ОЭС УРАЛА,31759,30387
2025-10-01 18:00,2025-10-01,18,630000,ОЭС УРАЛА,32066,30163
2025-10-01 19:00,2025-10-01,19,630000,ОЭС УРАЛА,32080,30033
2025-10-01 20:00,2025-10-01,20,630000,ОЭС УРАЛА,31680,29526
2025-10-01 21:00,2025-10-01,21,630000,ОЭС УРАЛА,30917,28563
2025-10-01 22:00,2025-10-01,22,630000,ОЭС УРАЛА,30042,27609
2025-10-01 23:00,2025-10-01,23,630000,ОЭС УРАЛА,28296,27140
2025-10-02 00:00,2025-10-02,0,630000,ОЭС УРАЛА,26587,26648
2025-10-02 01:00,2025-10-02,1,630000,ОЭС УРАЛА,26073,26286
2025-10-02 02:00,2025-10-02,2,630000,ОЭС УРАЛА,25211,26160
2025-10-02 03:00,2025-10-02,3,630000,ОЭС УРАЛА,26721,26449
2025-10-02 04:00,2025-10-02,4,630000,ОЭС УРАЛА,27441,27098
2025-10-02 05:00,2025-10-02,5,630000,ОЭС УРАЛА,27906,28171
2025-10-02 06:00,2025-10-02,6,630000,ОЭС УРАЛА,29239,28883
2025-10-02 07:00,2025-10-02,7,630000,ОЭС УРАЛА,31173,30032
2025-10-02 08:00,2025-10-02,8,630000,ОЭС УРАЛА,32010,30265
2025-10-02 09:00,2025-10-02,9,630000,ОЭС УРАЛА,32641,30273
2025-10-02 10:00,2025-10-02,10,630000,ОЭС УРАЛА,32750,30169
2025-10-02 11:00,2025-10-02,11,630000,ОЭС УРАЛА,32304,30101
2025-10-02 12:00,2025-10-02,12,630000,ОЭС УРАЛА,31709,29883
2025-10-02 13:00,2025-10-02,13,630000,ОЭС УРАЛА,31779,29903
2025-10-02 14:00,2025-10-02,14,630000,ОЭС УРАЛА,31981,29747
2025-10-02 15:00,2025-10-02,15,630000,ОЭС УРАЛА,31870,29695
2025-10-02 16:00,2025-10-02,16,630000,ОЭС УРАЛА,32489,29936
2025-10-02 17:00,2025-10-02,17,630000,ОЭС УРАЛА,32544,30410
2025-10-02 18:00,2025-10-02,18,630000,ОЭС УРАЛА,32089,30180
2025-10-02 19:00,2025-10-02,19,630000,ОЭС УРАЛА,32035,30141
2025-10-02 20:00,2025-10-02,20,630000,ОЭС УРАЛА,31512,29678
2025-10-02 21:00,2025-10-02,21,630000,ОЭС УРАЛА,31507,28862
2025-10-02 22:00,2025-10-02,22,630000,ОЭС УРАЛА,29642,27977
2025-10-02 23:00,2025-10-02,23,630000,ОЭС УРАЛА,27640,27466
2025-10-03 00:00,2025-10-03,0,630000,ОЭС УРАЛА,26231,26777
2025-10-03 01:00,2025-10-03,1,630000,ОЭС УРАЛА,26700,26753
2025-10-03 02:00,2025-10-03,2,630000,ОЭС УРАЛА,26868,26648
2025-10-03 03:00,2025-10-03,3,630000,ОЭС УРАЛА,27505,26821
2025-10-03 04:00,2025-10-03,4,630000,ОЭС УРАЛА,27903,27534
2025-10-03 05:00,2025-10-03,5,630000,ОЭС УРАЛА,28641,28565
2025-10-03 06:00,2025-10-03,6,630000,ОЭС УРАЛА,30750,29121
2025-10-03 07:00,2025-10-03,7,630000,ОЭС УРАЛА,31888,30291
2025-10-03 08:00,2025-10-03,8,630000,ОЭС УРАЛА,32378,30428
2025-10-03 09:00,2025-10-03,9,630000,ОЭС УРАЛА,32840,30676
2025-10-03 10:00,2025-10-03,10,630000,ОЭС УРАЛА,32852,30441
2025-10-03 11:00,2025-10-03,11,630000,ОЭС УРАЛА,32628,30208
2025-10-03 12:00,2025-10-03,12,630000,ОЭС УРАЛА,32631,30196
2025-10-03 13:00,2025-10-03,13,630000,ОЭС УРАЛА,32520,30139
2025-10-03 14:00,2025-10-03,14,630000,ОЭС УРАЛА,32254,30087
2025-10-03 15:00,2025-10-03,15,630000,ОЭС УРАЛА,32283,29826
2025-10-03 16:00,2025-10-03,16,630000,ОЭС УРАЛА,32428,30123
2025-10-03 17:00,2025-10-03,17,630000,ОЭС УРАЛА,32767,30472
2025-10-03 18:00,2025-10-03,18,630000,ОЭС УРАЛА,33157,30549
2025-10-03 19:00,2025-10-03,19,630000,ОЭС УРАЛА,33127,30205
2025-10-03 20:00,2025-10-03,20,630000,ОЭС УРАЛА,32578,29750
2025-10-03 21:00,2025-10-03,21,630000,ОЭС УРАЛА,32108,28942
2025-10-03 22:00,2025-10-03,22,630000,ОЭС УРАЛА,30102,28423
2025-10-03 23:00,2025-10-03,23,630000,ОЭС УРАЛА,28293,27546
2025-10-04 00:00,2025-10-04,0,630000,ОЭС УРАЛА,28022,27182
2025-10-04 01:00,2025-10-04,1,630000,ОЭС УРАЛА,27053,26939
2025-10-04 02:00,2025-10-04,2,630000,ОЭС УРАЛА,27515,26998
2025-10-04 03:00,2025-10-04,3,630000,ОЭС УРАЛА,27590,27089
2025-10-04 04:00,2025-10-04,4,630000,ОЭС УРАЛА,27709,27053
2025-10-04 05:00,2025-10-04,5,630000,ОЭС УРАЛА,28290,27413
2025-10-04 06:00,2025-10-04,6,630000,ОЭС УРАЛА,29490,27897
2025-10-04 07:00,2025-10-04,7,630000,ОЭС УРАЛА,30939,28936
2025-10-04 08:00,2025-10-04,8,630000,ОЭС УРАЛА,31250,29595
2025-10-04 09:00,2025-10-04,9,630000,ОЭС УРАЛА,31733,29823
2025-10-04 10:00,2025-10-04,10,630000,ОЭС УРАЛА,31824,29741
2025-10-04 11:00,2025-10-04,11,630000,ОЭС УРАЛА,31989,29923
2025-10-04 12:00,2025-10-04,12,630000,ОЭС УРАЛА,31839,29750
2025-10-04 13:00,2025-10-04,13,630000,ОЭС УРАЛА,31781,29620
2025-10-04 14:00,2025-10-04,14,630000,ОЭС УРАЛА,31583,29525
2025-10-04 15:00,2025-10-04,15,630000,ОЭС УРАЛА,31403,29640
2025-10-04 16:00,2025-10-04,16,630000,ОЭС УРАЛА,31978,29761
2025-10-04 17:00,2025-10-04,17,630000,ОЭС УРАЛА,32127,30297
2025-10-04 18:00,2025-10-04,18,630000,ОЭС УРАЛА,32092,30179
2025-10-04 19:00,2025-10-04,19,630000,ОЭС УРАЛА,31990,29934
2025-10-04 20:00,2025-10-04,20,630000,ОЭС УРАЛА,31686,29647
2025-10-04 21:00,2025-10-04,21,630000,ОЭС УРАЛА,31253,28817
2025-10-04 22:00,2025-10-04,22,630000,ОЭС УРАЛА,30355,28097
2025-10-04 23:00,2025-10-04,23,630000,ОЭС УРАЛА,29000,27466
2025-10-05 00:00,2025-10-05,0,630000,ОЭС УРАЛА,26601,27024
2025-10-05 01:00,2025-10-05,1,630000,ОЭС УРАЛА,25611,26763
2025-10-05 02:00,2025-10-05,2,630000,ОЭС УРАЛА,25800,26658
2025-10-05 03:00,2025-10-05,3,630000,ОЭС УРАЛА,26347,26377
2025-10-05 04:00,2025-10-05,4,630000,ОЭС УРАЛА,26749,26677
2025-10-05 05:00,2025-10-05,5,630000,ОЭС УРАЛА,26846,26872
2025-10-05 06:00,2025-10-05,6,630000,ОЭС УРАЛА,26932,27181
2025-10-05 07:00,2025-10-05,7,630000,ОЭС УРАЛА,28257,28217
2025-10-05 08:00,2025-10-05,8,630000,ОЭС УРАЛА,30060,29055
2025-10-05 09:00,2025-10-05,9,630000,ОЭС УРАЛА,31189,29482
2025-10-05 10:00,2025-10-05,10,630000,ОЭС УРАЛА,31091,29279
2025-10-05 11:00,2025-10-05,11,630000,ОЭС УРАЛА,31418,29435
2025-10-05 12:00,2025-10-05,12,630000,ОЭС УРАЛА,31610,29555
2025-10-05 13:00,2025-10-05,13,630000,ОЭС УРАЛА,31473,29506
2025-10-05 14:00,2025-10-05,14,630000,ОЭС УРАЛА,31481,29274
2025-10-05 15:00,2025-10-05,15,630000,ОЭС УРАЛА,31730,29469
2025-10-05 16:00,2025-10-05,16,630000,ОЭС УРАЛА,31642,29677
2025-10-05 17:00,2025-10-05,17,630000,ОЭС УРАЛА,31751,30095
2025-10-05 18:00,2025-10-05,18,630000,ОЭС УРАЛА,31743,30108
2025-10-05 19:00,2025-10-05,19,630000,ОЭС УРАЛА,31547,29887
2025-10-05 20:00,2025-10-05,20,630000,ОЭС УРАЛА,31383,29356
2025-10-05 21:00,2025-10-05,21,630000,ОЭС УРАЛА,30809,28659
2025-10-05 22:00,2025-10-05,22,630000,ОЭС УРАЛА,29757,27737
2025-10-05 23:00,2025-10-05,23,630000,ОЭС УРАЛА,29097,26947
2025-10-06 00:00,2025-10-06,0,630000,ОЭС УРАЛА,26432,26733
2025-10-06 01:00,2025-10-06,1,630000,ОЭС УРАЛА,25929,26479
2025-10-06 02:00,2025-10-06,2,630000,ОЭС УРАЛА,25098,26435
2025-10-06 03:00,2025-10-06,3,630000,ОЭС УРАЛА,25750,26547
2025-10-06 04:00,2025-10-06,4,630000,ОЭС УРАЛА,26740,27136
2025-10-06 05:00,2025-10-06,5,630000,ОЭС УРАЛА,27747,28017
2025-10-06 06:00,2025-10-06,6,630000,ОЭС УРАЛА,29316,28965
2025-10-06 07:00,2025-10-06,7,630000,ОЭС УРАЛА,30797,29986
2025-10-06 08:00,2025-10-06,8,630000,ОЭС УРАЛА,31337,30094
2025-10-06 09:00,2025-10-06,9,630000,ОЭС УРАЛА,32159,30132
2025-10-06 10:00,2025-10-06,10,630000,ОЭС УРАЛА,32256,29981
2025-10-06 11:00,2025-10-06,11,630000,ОЭС УРАЛА,32021,29663
2025-10-06 12:00,2025-10-06,12,630000,ОЭС УРАЛА,31968,29810
2025-10-06 13:00,2025-10-06,13,630000,ОЭС УРАЛА,31855,29679
2025-10-06 14:00,2025-10-06,14,630000,ОЭС УРАЛА,32158,29762
2025-10-06 15:00,2025-10-06,15,630000,ОЭС УРАЛА,32022,29576
2025-10-06 16:00,2025-10-06,16,630000,ОЭС УРАЛА,31967,29742
2025-10-06 17:00,2025-10-06,17,630000,ОЭС УРАЛА,31837,30177
2025-10-06 18:00,2025-10-06,18,630000,ОЭС УРАЛА,31813,30209
2025-10-06 19:00,2025-10-06,19,630000,ОЭС УРАЛА,31880,29901
2025-10-06 20:00,2025-10-06,20,630000,ОЭС УРАЛА,30288,29261
2025-10-06 21:00,2025-10-06,21,630000,ОЭС УРАЛА,29998,28615
2025-10-06 22:00,2025-10-06,22,630000,ОЭС УРАЛА,28514,27543
2025-10-06 23:00,2025-10-06,23,630000,ОЭС УРАЛА,27013,27067
2025-10-07 00:00,2025-10-07,0,630000,ОЭС УРАЛА,26107,26717
2025-10-07 01:00,2025-10-07,1,630000,ОЭС УРАЛА,26390,26651
2025-10-07 02:00,2025-10-07,2,630000,ОЭС УРАЛА,26059,26541
2025-10-07 03:00,2025-10-07,3,630000,ОЭС УРАЛА,27040,26619
2025-10-07 04:00,2025-10-07,4,630000,ОЭС УРАЛА,27680,27423
2025-10-07 05:00,2025-10-07,5,630000,ОЭС УРАЛА,28342,28331
2025-10-07 06:00,2025-10-07,6,630000,ОЭС УРАЛА,29575,29243
2025-10-07 07:00,2025-10-07,7,630000,ОЭС УРАЛА,30911,29890
2025-10-07 08:00,2025-10-07,8,630000,ОЭС УРАЛА,31151,30126
2025-10-07 09:00,2025-10-07,9,630000,ОЭС УРАЛА,31425,30094
2025-10-07 10:00,2025-10-07,10,630000,ОЭС УРАЛА,31768,29632
2025-10-07 11:00,2025-10-07,11,630000,ОЭС УРАЛА,31341,29656
2025-10-07 12:00,2025-10-07,12,630000,ОЭС УРАЛА,31200,29605
2025-10-07 13:00,2025-10-07,13,630000,ОЭС УРАЛА,31419,29560
2025-10-07 14:00,2025-10-07,14,630000,ОЭС УРАЛА,31462,29500
2025-10-07 15:00,2025-10-07,15,630000,ОЭС УРАЛА,31488,29492
2025-10-07 16:00,2025-10-07,16,630000,ОЭС УРАЛА,31535,29758
2025-10-07 17:00,2025-10-07,17,630000,ОЭС УРАЛА,31593,30235
2025-10-07 18:00,2025-10-07,18,630000,ОЭС УРАЛА,32251,30348
2025-10-07 19:00,2025-10-07,19,630000,ОЭС УРАЛА,31724,29964
2025-10-07 20:00,2025-10-07,20,630000,ОЭС УРАЛА,30988,29329
2025-10-07 21:00,2025-10-07,21,630000,ОЭС УРАЛА,30251,28477
2025-10-07 22:00,2025-10-07,22,630000,ОЭС УРАЛА,29030,27625
2025-10-07 23:00,2025-10-07,23,630000,ОЭС УРАЛА,28178,27079
2025-10-08 00:00,2025-10-08,0,630000,ОЭС УРАЛА,26909,26703
2025-10-08 01:00,2025-10-08,1,630000,ОЭС УРАЛА,26553,26450
2025-10-08 02:00,2025-10-08,2,630000,ОЭС УРАЛА,26769,26545
2025-10-08 03:00,2025-10-08,3,630000,ОЭС УРАЛА,27334,26654
2025-10-08 04:00,2025-10-08,4,630000,ОЭС УРАЛА,27872,27362
2025-10-08 05:00,2025-10-08,5,630000,ОЭС УРАЛА,28440,28286
2025-10-08 06:00,2025-10-08,6,630000,ОЭС УРАЛА,29232,28955
2025-10-08 07:00,2025-10-08,7,630000,ОЭС УРАЛА,31279,29959
2025-10-08 08:00,2025-10-08,8,630000,ОЭС УРАЛА,31736,30003
2025-10-08 09:00,2025-10-08,9,630000,ОЭС УРАЛА,32656,29853
2025-10-08 10:00,2025-10-08,10,630000,ОЭС УРАЛА,32671,29832
2025-10-08 11:00,2025-10-08,11,630000,ОЭС УРАЛА,32329,29443
2025-10-08 12:00,2025-10-08,12,630000,ОЭС УРАЛА,32139,29623
2025-10-08 13:00,2025-10-08,13,630000,ОЭС УРАЛА,32018,29514
2025-10-08 14:00,2025-10-08,14,630000,ОЭС УРАЛА,32078,29519
2025-10-08 15:00,2025-10-08,15,630000,ОЭС УРАЛА,32225,29410
2025-10-08 16:00,2025-10-08,16,630000,ОЭС УРАЛА,32336,29445
2025-10-08 17:00,2025-10-08,17,630000,ОЭС УРАЛА,32436,30201
2025-10-08 18:00,2025-10-08,18,630000,ОЭС УРАЛА,32420,30258
2025-10-08 19:00,2025-10-08,19,630000,ОЭС УРАЛА,32361,30230
2025-10-08 20:00,2025-10-08,20,630000,ОЭС УРАЛА,32069,29467
2025-10-08 21:00,2025-10-08,21,630000,ОЭС УРАЛА,31470,28526
2025-10-08 22:00,2025-10-08,22,630000,ОЭС УРАЛА,29174,27615
2025-10-08 23:00,2025-10-08,23,630000,ОЭС УРАЛА,28124,27034
2025-10-09 00:00,2025-10-09,0,630000,ОЭС УРАЛА,27725,26669
2025-10-09 01:00,2025-10-09,1,630000,ОЭС УРАЛА,27160,26786
2025-10-09 02:00,2025-10-09,2,630000,ОЭС УРАЛА,26560,26580
2025-10-09 03:00,2025-10-09,3,630000,ОЭС УРАЛА,27124,26845
2025-10-09 04:00,2025-10-09,4,630000,ОЭС УРАЛА,27366,27246
2025-10-09 05:00,2025-10-09,5,630000,ОЭС УРАЛА,28744,28332
2025-10-09 06:00,2025-10-09,6,630000,ОЭС УРАЛА,29859,29028
2025-10-09 07:00,2025-10-09,7,630000,ОЭС УРАЛА,31199,29934
2025-10-09 08:00,2025-10-09,8,630000,ОЭС УРАЛА,31803,30083
2025-10-09 09:00,2025-10-09,9,630000,ОЭС УРАЛА,32394,29981
2025-10-09 10:00,2025-10-09,10,630000,ОЭС УРАЛА,32351,29933
2025-10-09 11:00,2025-10-09,11,630000,ОЭС УРАЛА,32397,29743
2025-10-09 12:00,2025-10-09,12,630000,ОЭС УРАЛА,32217,29831
2025-10-09 13:00,2025-10-09,13,630000,ОЭС УРАЛА,32158,29577
2025-10-09 14:00,2025-10-09,14,630000,ОЭС УРАЛА,32501,29706
2025-10-09 15:00,2025-10-09,15,630000,ОЭС УРАЛА,32598,29588
2025-10-09 16:00,2025-10-09,16,630000,ОЭС УРАЛА,32864,29912
2025-10-09 17:00,2025-10-09,17,630000,ОЭС УРАЛА,32743,30437
2025-10-09 18:00,2025-10-09,18,630000,ОЭС УРАЛА,33025,30165
2025-10-09 19:00,2025-10-09,19,630000,ОЭС УРАЛА,32832,30045
2025-10-09 20:00,2025-10-09,20,630000,ОЭС УРАЛА,32190,29567
2025-10-09 21:00,2025-10-09,21,630000,ОЭС УРАЛА,32271,28630
2025-10-09 22:00,2025-10-09,22,630000,ОЭС УРАЛА,30121,27814
2025-10-09 23:00,2025-10-09,23,630000,ОЭС УРАЛА,28744,27215
2025-10-10 00:00,2025-10-10,0,630000,ОЭС УРАЛА,26937,26870
2025-10-10 01:00,2025-10-10,1,630000,ОЭС УРАЛА,26892,26809
2025-10-10 02:00,2025-10-10,2,630000,ОЭС УРАЛА,26214,26668
2025-10-10 03:00,2025-10-10,3,630000,ОЭС УРАЛА,26412,26793
2025-10-10 04:00,2025-10-10,4,630000,ОЭС УРАЛА,27082,27219
2025-10-10 05:00,2025-10-10,5,630000,ОЭС УРАЛА,28962,28286
2025-10-10 06:00,2025-10-10,6,630000,ОЭС УРАЛА,29833,28831
2025-10-10 07:00,2025-10-10,7,630000,ОЭС УРАЛА,31534,30115
2025-10-10 08:00,2025-10-10,8,630000,ОЭС УРАЛА,33144,30210
2025-10-10 09:00,2025-10-10,9,630000,ОЭС УРАЛА,33111,30267
2025-10-10 10:00,2025-10-10,10,630000,ОЭС УРАЛА,33262,30386
2025-10-10 11:00,2025-10-10,11,630000,ОЭС УРАЛА,32767,30161
2025-10-10 12:00,2025-10-10,12,630000,ОЭС УРАЛА,33033,30080
2025-10-10 13:00,2025-10-10,13,630000,ОЭС УРАЛА,32687,30018
2025-10-10 14:00,2025-10-10,14,630000,ОЭС УРАЛА,32880,29986
2025-10-10 15:00,2025-10-10,15,630000,ОЭС УРАЛА,33295,30014
2025-10-10 16:00,2025-10-10,16,630000,ОЭС УРАЛА,33320,30135
2025-10-10 17:00,2025-10-10,17,630000,ОЭС УРАЛА,33238,30483
2025-10-10 18:00,2025-10-10,18,630000,ОЭС УРАЛА,33683,30203
2025-10-10 19:00,2025-10-10,19,630000,ОЭС УРАЛА,33315,30059
2025-10-10 20:00,2025-10-10,20,630000,ОЭС УРАЛА,32707,29589
2025-10-10 21:00,2025-10-10,21,630000,ОЭС УРАЛА,31661,28675
2025-10-10 22:00,2025-10-10,22,630000,ОЭС УРАЛА,29966,27866
2025-10-10 23:00,2025-10-10,23,630000,ОЭС УРАЛА,28451,27369
2025-10-11 00:00,2025-10-11,0,630000,ОЭС УРАЛА,27891,26870
2025-10-11 01:00,2025-10-11,1,630000,ОЭС УРАЛА,27674,26814
2025-10-11 02:00,2025-10-11,2,630000,ОЭС УРАЛА,27538,26850
2025-10-11 03:00,2025-10-11,3,630000,ОЭС УРАЛА,27613,26654
2025-10-11 04:00,2025-10-11,4,630000,ОЭС УРАЛА,27793,27227
2025-10-11 05:00,2025-10-11,5,630000,ОЭС УРАЛА,27632,27386
2025-10-11 06:00,2025-10-11,6,630000,ОЭС УРАЛА,28461,28073
2025-10-11 07:00,2025-10-11,7,630000,ОЭС УРАЛА,29917,29212
2025-10-11 08:00,2025-10-11,8,630000,ОЭС УРАЛА,31724,29718
2025-10-11 09:00,2025-10-11,9,630000,ОЭС УРАЛА,32453,30044
2025-10-11 10:00,2025-10-11,10,630000,ОЭС УРАЛА,32232,30122
2025-10-11 11:00,2025-10-11,11,630000,ОЭС УРАЛА,32105,29970
2025-10-11 12:00,2025-10-11,12,630000,ОЭС УРАЛА,32146,30033
2025-10-11 13:00,2025-10-11,13,630000,ОЭС УРАЛА,32049,29992
2025-10-11 14:00,2025-10-11,14,630000,ОЭС УРАЛА,32166,30028
2025-10-11 15:00,2025-10-11,15,630000,ОЭС УРАЛА,32493,30043
2025-10-11 16:00,2025-10-11,16,630000,ОЭС УРАЛА,32643,30503
2025-10-11 17:00,2025-10-11,17,630000,ОЭС УРАЛА,32722,30868
2025-10-11 18:00,2025-10-11,18,630000,ОЭС УРАЛА,33289,30345
2025-10-11 19:00,2025-10-11,19,630000,ОЭС УРАЛА,33347,30375
2025-10-11 20:00,2025-10-11,20,630000,ОЭС УРАЛА,32806,29772
2025-10-11 21:00,2025-10-11,21,630000,ОЭС УРАЛА,31891,29028
2025-10-11 22:00,2025-10-11,22,630000,ОЭС УРАЛА,30467,28319
2025-10-11 23:00,2025-10-11,23,630000,ОЭС УРАЛА,29070,27628
2025-10-12 00:00,2025-10-12,0,630000,ОЭС УРАЛА,28484,27315
2025-10-12 01:00,2025-10-12,1,630000,ОЭС УРАЛА,27757,27077
2025-10-12 02:00,2025-10-12,2,630000,ОЭС УРАЛА,27172,26856
2025-10-12 03:00,2025-10-12,3,630000,ОЭС УРАЛА,27183,26978
2025-10-12 04:00,2025-10-12,4,630000,ОЭС УРАЛА,27328,27095
2025-10-12 05:00,2025-10-12,5,630000,ОЭС УРАЛА,28179,27571
2025-10-12 06:00,2025-10-12,6,630000,ОЭС УРАЛА,28638,27880
2025-10-12 07:00,2025-10-12,7,630000,ОЭС УРАЛА,29112,28838
2025-10-12 08:00,2025-10-12,8,630000,ОЭС УРАЛА,30509,29580
2025-10-12 09:00,2025-10-12,9,630000,ОЭС УРАЛА,32048,29871
2025-10-12 10:00,2025-10-12,10,630000,ОЭС УРАЛА,32146,30191
2025-10-12 11:00,2025-10-12,11,630000,ОЭС УРАЛА,31989,29987
2025-10-12 12:00,2025-10-12,12,630000,ОЭС УРАЛА,31858,30134
2025-10-12 13:00,2025-10-12,13,630000,ОЭС УРАЛА,31946,30047
2025-10-12 14:00,2025-10-12,14,630000,ОЭС УРАЛА,32356,29975
2025-10-12 15:00,2025-10-12,15,630000,ОЭС УРАЛА,32085,29993
2025-10-12 16:00,2025-10-12,16,630000,ОЭС УРАЛА,32371,30471
2025-10-12 17:00,2025-10-12,17,630000,ОЭС УРАЛА,32452,31058
2025-10-12 18:00,2025-10-12,18,630000,ОЭС УРАЛА,33258,30729
2025-10-12 19:00,2025-10-12,19,630000,ОЭС УРАЛА,33428,30505
2025-10-12 20:00,2025-10-12,20,630000,ОЭС УРАЛА,32684,29925
2025-10-12 21:00,2025-10-12,21,630000,ОЭС УРАЛА,31644,29053
2025-10-12 22:00,2025-10-12,22,630000,ОЭС УРАЛА,30658,28387
2025-10-12 23:00,2025-10-12,23,630000,ОЭС УРАЛА,28383,27699
2025-10-13 00:00,2025-10-13,0,630000,ОЭС УРАЛА,27858,27280
2025-10-13 01:00,2025-10-13,1,630000,ОЭС УРАЛА,27275,27206
2025-10-13 02:00,2025-10-13,2,630000,ОЭС УРАЛА,27411,27100
2025-10-13 03:00,2025-10-13,3,630000,ОЭС УРАЛА,27220,27396
2025-10-13 04:00,2025-10-13,4,630000,ОЭС УРАЛА,27505,27944
2025-10-13 05:00,2025-10-13,5,630000,ОЭС УРАЛА,28900,28961
2025-10-13 06:00,2025-10-13,6,630000,ОЭС УРАЛА,30489,29899
2025-10-13 07:00,2025-10-13,7,630000,ОЭС УРАЛА,32191,30608
2025-10-13 08:00,2025-10-13,8,630000,ОЭС УРАЛА,32754,30914
2025-10-13 09:00,2025-10-13,9,630000,ОЭС УРАЛА,32933,31070
2025-10-13 10:00,2025-10-13,10,630000,ОЭС УРАЛА,33014,31185
2025-10-13 11:00,2025-10-13,11,630000,ОЭС УРАЛА,32931,31013
2025-10-13 12:00,2025-10-13,12,630000,ОЭС УРАЛА,32908,31440
2025-10-13 13:00,2025-10-13,13,630000,ОЭС УРАЛА,32904,30974
2025-10-13 14:00,2025-10-13,14,630000,ОЭС УРАЛА,32959,30931
2025-10-13 15:00,2025-10-13,15,630000,ОЭС УРАЛА,33220,30769
2025-10-13 16:00,2025-10-13,16,630000,ОЭС УРАЛА,33214,31112
2025-10-13 17:00,2025-10-13,17,630000,ОЭС УРАЛА,33239,31291
2025-10-13 18:00,2025-10-13,18,630000,ОЭС УРАЛА,33051,30986
2025-10-13 19:00,2025-10-13,19,630000,ОЭС УРАЛА,32620,30953
2025-10-13 20:00,2025-10-13,20,630000,ОЭС УРАЛА,31856,30365
2025-10-13 21:00,2025-10-13,21,630000,ОЭС УРАЛА,31428,29279
2025-10-13 22:00,2025-10-13,22,630000,ОЭС УРАЛА,30058,28638
2025-10-13 23:00,2025-10-13,23,630000,ОЭС УРАЛА,28385,27839
2025-10-14 00:00,2025-10-14,0,630000,ОЭС УРАЛА,26854,27491
2025-10-14 01:00,2025-10-14,1,630000,ОЭС УРАЛА,27024,27407
2025-10-14 02:00,2025-10-14,2,630000,ОЭС УРАЛА,27125,27175
2025-10-14 03:00,2025-10-14,3,630000,ОЭС УРАЛА,27404,27457
2025-10-14 04:00,2025-10-14,4,630000,ОЭС УРАЛА,28296,28008
2025-10-14 05:00,2025-10-14,5,630000,ОЭС УРАЛА,29187,29181
2025-10-14 06:00,2025-10-14,6,630000,ОЭС УРАЛА,30739,29717
2025-10-14 07:00,2025-10-14,7,630000,ОЭС УРАЛА,32059,30875
2025-10-14 08:00,2025-10-14,8,630000,ОЭС УРАЛА,32600,31054
2025-10-14 09:00,2025-10-14,9,630000,ОЭС УРАЛА,32944,31075
2025-10-14 10:00,2025-10-14,10,630000,ОЭС УРАЛА,32920,30977
2025-10-14 11:00,2025-10-14,11,630000,ОЭС УРАЛА,32863,30960
2025-10-14 12:00,2025-10-14,12,630000,ОЭС УРАЛА,32474,30877
2025-10-14 13:00,2025-10-14,13,630000,ОЭС УРАЛА,32451,30710
2025-10-14 14:00,2025-10-14,14,630000,ОЭС УРАЛА,32604,30755
2025-10-14 15:00,2025-10-14,15,630000,ОЭС УРАЛА,32985,31009
2025-10-14 16:00,2025-10-14,16,630000,ОЭС УРАЛА,32884,31149
2025-10-14 17:00,2025-10-14,17,630000,ОЭС УРАЛА,33134,31323
2025-10-14 18:00,2025-10-14,18,630000,ОЭС УРАЛА,32915,30912
2025-10-14 19:00,2025-10-14,19,630000,ОЭС УРАЛА,32391,30915
2025-10-14 20:00,2025-10-14,20,630000,ОЭС УРАЛА,31767,30411
2025-10-14 21:00,2025-10-14,21,630000,ОЭС УРАЛА,30818,29330
2025-10-14 22:00,2025-10-14,22,630000,ОЭС УРАЛА,29594,28576
2025-10-14 23:00,2025-10-14,23,630000,ОЭС УРАЛА,28583,27917
2025-10-15 00:00,2025-10-15,0,630000,ОЭС УРАЛА,27304,27376
2025-10-15 01:00,2025-10-15,1,630000,ОЭС УРАЛА,27241,27147
2025-10-15 02:00,2025-10-15,2,630000,ОЭС УРАЛА,27038,27170
2025-10-15 03:00,2025-10-15,3,630000,ОЭС УРАЛА,26797,27266
2025-10-15 04:00,2025-10-15,4,630000,ОЭС УРАЛА,26870,27783
2025-10-15 05:00,2025-10-15,5,630000,ОЭС УРАЛА,28157,28837
2025-10-15 06:00,2025-10-15,6,630000,ОЭС УРАЛА,29812,29597
2025-10-15 07:00,2025-10-15,7,630000,ОЭС УРАЛА,31508,30700
2025-10-15 08:00,2025-10-15,8,630000,ОЭС УРАЛА,31950,30984
2025-10-15 09:00,2025-10-15,9,630000,ОЭС УРАЛА,32468,31025
2025-10-15 10:00,2025-10-15,10,630000,ОЭС УРАЛА,32912,31068
2025-10-15 11:00,2025-10-15,11,630000,ОЭС УРАЛА,32841,30747
2025-10-15 12:00,2025-10-15,12,630000,ОЭС УРАЛА,32741,30895
2025-10-15 13:00,2025-10-15,13,630000,ОЭС УРАЛА,32437,30854
2025-10-15 14:00,2025-10-15,14,630000,ОЭС УРАЛА,32694,30892
2025-10-15 15:00,2025-10-15,15,630000,ОЭС УРАЛА,32967,30764
2025-10-15 16:00,2025-10-15,16,630000,ОЭС УРАЛА,33123,31207
2025-10-15 17:00,2025-10-15,17,630000,ОЭС УРАЛА,33161,31281
2025-10-15 18:00,2025-10-15,18,630000,ОЭС УРАЛА,32949,31264
2025-10-15 19:00,2025-10-15,19,630000,ОЭС УРАЛА,32546,30944
2025-10-15 20:00,2025-10-15,20,630000,ОЭС УРАЛА,32240,30321
2025-10-15 21:00,2025-10-15,21,630000,ОЭС УРАЛА,30787,29532
2025-10-15 22:00,2025-10-15,22,630000,ОЭС УРАЛА,28744,28626
2025-10-15 23:00,2025-10-15,23,630000,ОЭС УРАЛА,27695,28003
2025-10-16 00:00,2025-10-16,0,630000,ОЭС УРАЛА,27182,27622
2025-10-16 01:00,2025-10-16,1,630000,ОЭС УРАЛА,26598,27575
2025-10-16 02:00,2025-10-16,2,630000,ОЭС УРАЛА,26470,27280
2025-10-16 03:00,2025-10-16,3,630000,ОЭС УРАЛА,27082,27254
2025-10-16 04:00,2025-10-16,4,630000,ОЭС УРАЛА,26578,27906
2025-10-16 05:00,2025-10-16,5,630000,ОЭС УРАЛА,27593,29007
2025-10-16 06:00,2025-10-16,6,630000,ОЭС УРАЛА,29929,29693
2025-10-16 07:00,2025-10-16,7,630000,ОЭС УРАЛА,31720,30684
2025-10-16 08:00,2025-10-16,8,630000,ОЭС УРАЛА,32490,30970
2025-10-16 09:00,2025-10-16,9,630000,ОЭС УРАЛА,32731,31109
2025-10-16 10:00,2025-10-16,10,630000,ОЭС УРАЛА,32323,30817
2025-10-16 11:00,2025-10-16,11,630000,ОЭС УРАЛА,31845,30634
2025-10-16 12:00,2025-10-16,12,630000,ОЭС УРАЛА,31799,30530
2025-10-16 13:00,2025-10-16,13,630000,ОЭС УРАЛА,31829,30596
2025-10-16 14:00,2025-10-16,14,630000,ОЭС УРАЛА,31988,30675
2025-10-16 15:00,2025-10-16,15,630000,ОЭС УРАЛА,32167,30698
2025-10-16 16:00,2025-10-16,16,630000,ОЭС УРАЛА,32495,30832
2025-10-16 17:00,2025-10-16,17,630000,ОЭС УРАЛА,32221,30912
2025-10-16 18:00,2025-10-16,18,630000,ОЭС УРАЛА,32326,30853
2025-10-16 19:00,2025-10-16,19,630000,ОЭС УРАЛА,31820,30617
2025-10-16 20:00,2025-10-16,20,630000,ОЭС УРАЛА,31105,30171
2025-10-16 21:00,2025-10-16,21,630000,ОЭС УРАЛА,30110,29154
2025-10-16 22:00,2025-10-16,22,630000,ОЭС УРАЛА,28344,28324
2025-10-16 23:00,2025-10-16,23,630000,ОЭС УРАЛА,27438,27913
2025-10-17 00:00,2025-10-17,0,630000,ОЭС УРАЛА,25800,27368
2025-10-17 01:00,2025-10-17,1,630000,ОЭС УРАЛА,25753,27471
2025-10-17 02:00,2025-10-17,2,630000,ОЭС УРАЛА,25409,27361
2025-10-17 03:00,2025-10-17,3,630000,ОЭС УРАЛА,25639,27470
2025-10-17 04:00,2025-10-17,4,630000,ОЭС УРАЛА,25942,28019
2025-10-17 05:00,2025-10-17,5,630000,ОЭС УРАЛА,27321,29173
2025-10-17 06:00,2025-10-17,6,630000,ОЭС УРАЛА,29241,29613
2025-10-17 07:00,2025-10-17,7,630000,ОЭС УРАЛА,30803,30432
2025-10-17 08:00,2025-10-17,8,630000,ОЭС УРАЛА,31400,31015
2025-10-17 09:00,2025-10-17,9,630000,ОЭС УРАЛА,32281,31156
2025-10-17 10:00,2025-10-17,10,630000,ОЭС УРАЛА,32318,31053
2025-10-17 11:00,2025-10-17,11,630000,ОЭС УРАЛА,32284,30912
2025-10-17 12:00,2025-10-17,12,630000,ОЭС УРАЛА,32537,31069
2025-10-17 13:00,2025-10-17,13,630000,ОЭС УРАЛА,32581,30875
2025-10-17 14:00,2025-10-17,14,630000,ОЭС УРАЛА,32761,30779
2025-10-17 15:00,2025-10-17,15,630000,ОЭС УРАЛА,32729,30800
2025-10-17 16:00,2025-10-17,16,630000,ОЭС УРАЛА,32733,30974
2025-10-17 17:00,2025-10-17,17,630000,ОЭС УРАЛА,32703,31472
2025-10-17 18:00,2025-10-17,18,630000,ОЭС УРАЛА,33015,31039
2025-10-17 19:00,2025-10-17,19,630000,ОЭС УРАЛА,32738,30853
2025-10-17 20:00,2025-10-17,20,630000,ОЭС УРАЛА,32050,30417
2025-10-17 21:00,2025-10-17,21,630000,ОЭС УРАЛА,31230,29474
2025-10-17 22:00,2025-10-17,22,630000,ОЭС УРАЛА,29707,28973
2025-10-17 23:00,2025-10-17,23,630000,ОЭС УРАЛА,28116,28177
2025-10-18 00:00,2025-10-18,0,630000,ОЭС УРАЛА,26338,27578
2025-10-18 01:00,2025-10-18,1,630000,ОЭС УРАЛА,27324,27413
2025-10-18 02:00,2025-10-18,2,630000,ОЭС УРАЛА,27441,27410
2025-10-18 03:00,2025-10-18,3,630000,ОЭС УРАЛА,26720,27398
2025-10-18 04:00,2025-10-18,4,630000,ОЭС УРАЛА,26664,27871
2025-10-18 05:00,2025-10-18,5,630000,ОЭС УРАЛА,27595,28059
2025-10-18 06:00,2025-10-18,6,630000,ОЭС УРАЛА,29407,28410
2025-10-18 07:00,2025-10-18,7,630000,ОЭС УРАЛА,30221,29715
2025-10-18 08:00,2025-10-18,8,630000,ОЭС УРАЛА,30983,30071
2025-10-18 09:00,2025-10-18,9,630000,ОЭС УРАЛА,31904,30639
2025-10-18 10:00,2025-10-18,10,630000,ОЭС УРАЛА,31931,30597
2025-10-18 11:00,2025-10-18,11,630000,ОЭС УРАЛА,31520,30390
2025-10-18 12:00,2025-10-18,12,630000,ОЭС УРАЛА,31545,30448
2025-10-18 13:00,2025-10-18,13,630000,ОЭС УРАЛА,31424,30258
2025-10-18 14:00,2025-10-18,14,630000,ОЭС УРАЛА,31544,30580
2025-10-18 15:00,2025-10-18,15,630000,ОЭС УРАЛА,32091,30390
2025-10-18 16:00,2025-10-18,16,630000,ОЭС УРАЛА,32322,30865
2025-10-18 17:00,2025-10-18,17,630000,ОЭС УРАЛА,32697,31107
2025-10-18 18:00,2025-10-18,18,630000,ОЭС УРАЛА,32862,30606
2025-10-18 19:00,2025-10-18,19,630000,ОЭС УРАЛА,32416,30395
2025-10-18 20:00,2025-10-18,20,630000,ОЭС УРАЛА,31267,29865
2025-10-18 21:00,2025-10-18,21,630000,ОЭС УРАЛА,30833,29046
2025-10-18 22:00,2025-10-18,22,630000,ОЭС УРАЛА,28874,28565
2025-10-18 23:00,2025-10-18,23,630000,ОЭС УРАЛА,27425,27987
2025-10-19 00:00,2025-10-19,0,630000,ОЭС УРАЛА,26545,27349
2025-10-19 01:00,2025-10-19,1,630000,ОЭС УРАЛА,26270,27293
2025-10-19 02:00,2025-10-19,2,630000,ОЭС УРАЛА,25764,27074
2025-10-19 03:00,2025-10-19,3,630000,ОЭС УРАЛА,26077,27012
2025-10-19 04:00,2025-10-19,4,630000,ОЭС УРАЛА,26264,27142
2025-10-19 05:00,2025-10-19,5,630000,ОЭС УРАЛА,27182,27397
2025-10-19 06:00,2025-10-19,6,630000,ОЭС УРАЛА,27961,27629
2025-10-19 07:00,2025-10-19,7,630000,ОЭС УРАЛА,28674,28656
2025-10-19 08:00,2025-10-19,8,630000,ОЭС УРАЛА,29834,29546
2025-10-19 09:00,2025-10-19,9,630000,ОЭС УРАЛА,31005,29942
2025-10-19 10:00,2025-10-19,10,630000,ОЭС УРАЛА,31294,30025
2025-10-19 11:00,2025-10-19,11,630000,ОЭС УРАЛА,31381,30166
2025-10-19 12:00,2025-10-19,12,630000,ОЭС УРАЛА,31360,30307
2025-10-19 13:00,2025-10-19,13,630000,ОЭС УРАЛА,31395,30146
2025-10-19 14:00,2025-10-19,14,630000,ОЭС УРАЛА,31458,30289
2025-10-19 15:00,2025-10-19,15,630000,ОЭС УРАЛА,31686,30484
2025-10-19 16:00,2025-10-19,16,630000,ОЭС УРАЛА,32069,30579
2025-10-19 17:00,2025-10-19,17,630000,ОЭС УРАЛА,32431,30772
2025-10-19 18:00,2025-10-19,18,630000,ОЭС УРАЛА,32675,30528
2025-10-19 19:00,2025-10-19,19,630000,ОЭС УРАЛА,32506,30536
2025-10-19 20:00,2025-10-19,20,630000,ОЭС УРАЛА,32129,30055
2025-10-19 21:00,2025-10-19,21,630000,ОЭС УРАЛА,31311,29276
2025-10-19 22:00,2025-10-19,22,630000,ОЭС УРАЛА,29756,28374
2025-10-19 23:00,2025-10-19,23,630000,ОЭС УРАЛА,28598,27689
2025-10-20 00:00,2025-10-20,0,630000,ОЭС УРАЛА,27674,27237
2025-10-20 01:00,2025-10-20,1,630000,ОЭС УРАЛА,27093,27021
2025-10-20 02:00,2025-10-20,2,630000,ОЭС УРАЛА,26250,27036
2025-10-20 03:00,2025-10-20,3,630000,ОЭС УРАЛА,26135,27275
2025-10-20 04:00,2025-10-20,4,630000,ОЭС УРАЛА,26592,27875
2025-10-20 05:00,2025-10-20,5,630000,ОЭС УРАЛА,28381,28969
2025-10-20 06:00,2025-10-20,6,630000,ОЭС УРАЛА,30118,29642
2025-10-20 07:00,2025-10-20,7,630000,ОЭС УРАЛА,31885,30660
2025-10-20 08:00,2025-10-20,8,630000,ОЭС УРАЛА,31932,31095
2025-10-20 09:00,2025-10-20,9,630000,ОЭС УРАЛА,32148,31141
2025-10-20 10:00,2025-10-20,10,630000,ОЭС УРАЛА,32718,30997
2025-10-20 11:00,2025-10-20,11,630000,ОЭС УРАЛА,32654,30773
2025-10-20 12:00,2025-10-20,12,630000,ОЭС УРАЛА,32586,30989
2025-10-20 13:00,2025-10-20,13,630000,ОЭС УРАЛА,32489,30985
2025-10-20 14:00,2025-10-20,14,630000,ОЭС УРАЛА,32477,30785
2025-10-20 15:00,2025-10-20,15,630000,ОЭС УРАЛА,32608,30781
2025-10-20 16:00,2025-10-20,16,630000,ОЭС УРАЛА,32690,31078
2025-10-20 17:00,2025-10-20,17,630000,ОЭС УРАЛА,32443,31223
2025-10-20 18:00,2025-10-20,18,630000,ОЭС УРАЛА,32960,30912
2025-10-20 19:00,2025-10-20,19,630000,ОЭС УРАЛА,32599,30613
2025-10-20 20:00,2025-10-20,20,630000,ОЭС УРАЛА,31120,30231
2025-10-20 21:00,2025-10-20,21,630000,ОЭС УРАЛА,30690,29247
2025-10-20 22:00,2025-10-20,22,630000,ОЭС УРАЛА,29380,28689
2025-10-20 23:00,2025-10-20,23,630000,ОЭС УРАЛА,27050,27778
2025-10-21 00:00,2025-10-21,0,630000,ОЭС УРАЛА,26484,27789
2025-10-21 01:00,2025-10-21,1,630000,ОЭС УРАЛА,26041,27276
2025-10-21 02:00,2025-10-21,2,630000,ОЭС УРАЛА,25672,27370
2025-10-21 03:00,2025-10-21,3,630000,ОЭС УРАЛА,25744,27696
2025-10-21 04:00,2025-10-21,4,630000,ОЭС УРАЛА,26202,28206
2025-10-21 05:00,2025-10-21,5,630000,ОЭС УРАЛА,28164,29330
2025-10-21 06:00,2025-10-21,6,630000,ОЭС УРАЛА,29733,29936
2025-10-21 07:00,2025-10-21,7,630000,ОЭС УРАЛА,31155,30681
2025-10-21 08:00,2025-10-21,8,630000,ОЭС УРАЛА,31079,31003
2025-10-21 09:00,2025-10-21,9,630000,ОЭС УРАЛА,31994,30938
2025-10-21 10:00,2025-10-21,10,630000,ОЭС УРАЛА,31978,30828
2025-10-21 11:00,2025-10-21,11,630000,ОЭС УРАЛА,31897,30608
2025-10-21 12:00,2025-10-21,12,630000,ОЭС УРАЛА,31910,30808
2025-10-21 13:00,2025-10-21,13,630000,ОЭС УРАЛА,31817,30537
2025-10-21 14:00,2025-10-21,14,630000,ОЭС УРАЛА,31954,30523
2025-10-21 15:00,2025-10-21,15,630000,ОЭС УРАЛА,32223,30612
2025-10-21 16:00,2025-10-21,16,630000,ОЭС УРАЛА,32165,31134
2025-10-21 17:00,2025-10-21,17,630000,ОЭС УРАЛА,32333,31365
2025-10-21 18:00,2025-10-21,18,630000,ОЭС УРАЛА,32550,31095
2025-10-21 19:00,2025-10-21,19,630000,ОЭС УРАЛА,32158,30756
2025-10-21 20:00,2025-10-21,20,630000,ОЭС УРАЛА,31214,30237
2025-10-21 21:00,2025-10-21,21,630000,ОЭС УРАЛА,30148,29176
2025-10-21 22:00,2025-10-21,22,630000,ОЭС УРАЛА,29472,28638
2025-10-21 23:00,2025-10-21,23,630000,ОЭС УРАЛА,27641,27847
2025-10-22 00:00,2025-10-22,0,630000,ОЭС УРАЛА,26858,27471
2025-10-22 01:00,2025-10-22,1,630000,ОЭС УРАЛА,26673,27465
2025-10-22 02:00,2025-10-22,2,630000,ОЭС УРАЛА,26531,27310
2025-10-22 03:00,2025-10-22,3,630000,ОЭС УРАЛА,26639,27304
2025-10-22 04:00,2025-10-22,4,630000,ОЭС УРАЛА,27050,28153
2025-10-22 05:00,2025-10-22,5,630000,ОЭС УРАЛА,28063,29059
2025-10-22 06:00,2025-10-22,6,630000,ОЭС УРАЛА,29786,29930
2025-10-22 07:00,2025-10-22,7,630000,ОЭС УРАЛА,31589,30896
2025-10-22 08:00,2025-10-22,8,630000,ОЭС УРАЛА,31697,30782
2025-10-22 09:00,2025-10-22,9,630000,ОЭС УРАЛА,31918,30933
2025-10-22 10:00,2025-10-22,10,630000,ОЭС УРАЛА,31663,30480
2025-10-22 11:00,2025-10-22,11,630000,ОЭС УРАЛА,31698,30715
2025-10-22 12:00,2025-10-22,12,630000,ОЭС УРАЛА,31742,30833
2025-10-22 13:00,2025-10-22,13,630000,ОЭС УРАЛА,31743,30625
2025-10-22 14:00,2025-10-22,14,630000,ОЭС УРАЛА,31825,30699
2025-10-22 15:00,2025-10-22,15,630000,ОЭС УРАЛА,32007,30731
2025-10-22 16:00,2025-10-22,16,630000,ОЭС УРАЛА,32409,31062
2025-10-22 17:00,2025-10-22,17,630000,ОЭС УРАЛА,32764,31398
2025-10-22 18:00,2025-10-22,18,630000,ОЭС УРАЛА,32622,30923
2025-10-22 19:00,2025-10-22,19,630000,ОЭС УРАЛА,32285,30841
2025-10-22 20:00,2025-10-22,20,630000,ОЭС УРАЛА,31736,30121
2025-10-22 21:00,2025-10-22,21,630000,ОЭС УРАЛА,30326,29334
2025-10-22 22:00,2025-10-22,22,630000,ОЭС УРАЛА,29246,28376
2025-10-22 23:00,2025-10-22,23,630000,ОЭС УРАЛА,27996,27946
2025-10-23 00:00,2025-10-23,0,630000,ОЭС УРАЛА,27296,27561
2025-10-23 01:00,2025-10-23,1,630000,ОЭС УРАЛА,26863,27162
2025-10-23 02:00,2025-10-23,2,630000,ОЭС УРАЛА,26870,27366
2025-10-23 03:00,2025-10-23,3,630000,ОЭС УРАЛА,26988,27457
2025-10-23 04:00,2025-10-23,4,630000,ОЭС УРАЛА,27150,28144
2025-10-23 05:00,2025-10-23,5,630000,ОЭС УРАЛА,28878,29022
2025-10-23 06:00,2025-10-23,6,630000,ОЭС УРАЛА,30747,29878
2025-10-23 07:00,2025-10-23,7,630000,ОЭС УРАЛА,31854,30798
2025-10-23 08:00,2025-10-23,8,630000,ОЭС УРАЛА,31882,30870
2025-10-23 09:00,2025-10-23,9,630000,ОЭС УРАЛА,32141,30889
2025-10-23 10:00,2025-10-23,10,630000,ОЭС УРАЛА,32241,30659
2025-10-23 11:00,2025-10-23,11,630000,ОЭС УРАЛА,32218,30661
2025-10-23 12:00,2025-10-23,12,630000,ОЭС УРАЛА,32173,30604
2025-10-23 13:00,2025-10-23,13,630000,ОЭС УРАЛА,32297,30670
2025-10-23 14:00,2025-10-23,14,630000,ОЭС УРАЛА,32238,30747
2025-10-23 15:00,2025-10-23,15,630000,ОЭС УРАЛА,32281,30760
2025-10-23 16:00,2025-10-23,16,630000,ОЭС УРАЛА,32487,31284
2025-10-23 17:00,2025-10-23,17,630000,ОЭС УРАЛА,32509,31320
2025-10-23 18:00,2025-10-23,18,630000,ОЭС УРАЛА,32585,30905
2025-10-23 19:00,2025-10-23,19,630000,ОЭС УРАЛА,32377,30826
2025-10-23 20:00,2025-10-23,20,630000,ОЭС УРАЛА,31624,30166
2025-10-23 21:00,2025-10-23,21,630000,ОЭС УРАЛА,30655,29185
2025-10-23 22:00,2025-10-23,22,630000,ОЭС УРАЛА,29209,28369
2025-10-23 23:00,2025-10-23,23,630000,ОЭС УРАЛА,27714,27898
2025-10-24 00:00,2025-10-24,0,630000,ОЭС УРАЛА,26835,27485
2025-10-24 01:00,2025-10-24,1,630000,ОЭС УРАЛА,27275,27201
2025-10-24 02:00,2025-10-24,2,630000,ОЭС УРАЛА,27182,27234
2025-10-24 03:00,2025-10-24,3,630000,ОЭС УРАЛА,27208,27352
2025-10-24 04:00,2025-10-24,4,630000,ОЭС УРАЛА,27543,27836
2025-10-24 05:00,2025-10-24,5,630000,ОЭС УРАЛА,28160,28975
2025-10-24 06:00,2025-10-24,6,630000,ОЭС УРАЛА,29597,29672
2025-10-24 07:00,2025-10-24,7,630000,ОЭС УРАЛА,31677,30669
2025-10-24 08:00,2025-10-24,8,630000,ОЭС УРАЛА,32105,30883
2025-10-24 09:00,2025-10-24,9,630000,ОЭС УРАЛА,32620,30975
2025-10-24 10:00,2025-10-24,10,630000,ОЭС УРАЛА,32269,30724
2025-10-24 11:00,2025-10-24,11,630000,ОЭС УРАЛА,32011,30866
2025-10-24 12:00,2025-10-24,12,630000,ОЭС УРАЛА,31946,30690
2025-10-24 13:00,2025-10-24,13,630000,ОЭС УРАЛА,31972,30643
2025-10-24 14:00,2025-10-24,14,630000,ОЭС УРАЛА,32335,30560
2025-10-24 15:00,2025-10-24,15,630000,ОЭС УРАЛА,32529,30706
2025-10-24 16:00,2025-10-24,16,630000,ОЭС УРАЛА,32861,31167
2025-10-24 17:00,2025-10-24,17,630000,ОЭС УРАЛА,32786,31349
2025-10-24 18:00,2025-10-24,18,630000,ОЭС УРАЛА,32694,30747
2025-10-24 19:00,2025-10-24,19,630000,ОЭС УРАЛА,32771,30601
2025-10-24 20:00,2025-10-24,20,630000,ОЭС УРАЛА,31960,30092
2025-10-24 21:00,2025-10-24,21,630000,ОЭС УРАЛА,31287,29512
2025-10-24 22:00,2025-10-24,22,630000,ОЭС УРАЛА,30209,28870
2025-10-24 23:00,2025-10-24,23,630000,ОЭС УРАЛА,27904,28271
2025-10-25 00:00,2025-10-25,0,630000,ОЭС УРАЛА,27905,27679
2025-10-25 01:00,2025-10-25,1,630000,ОЭС УРАЛА,27819,27721
2025-10-25 02:00,2025-10-25,2,630000,ОЭС УРАЛА,27384,27632
2025-10-25 03:00,2025-10-25,3,630000,ОЭС УРАЛА,27334,27629
2025-10-25 04:00,2025-10-25,4,630000,ОЭС УРАЛА,27386,27654
2025-10-25 05:00,2025-10-25,5,630000,ОЭС УРАЛА,28108,28134
2025-10-25 06:00,2025-10-25,6,630000,ОЭС УРАЛА,28774,28401
2025-10-25 07:00,2025-10-25,7,630000,ОЭС УРАЛА,30272,29638
2025-10-25 08:00,2025-10-25,8,630000,ОЭС УРАЛА,31384,30339
2025-10-25 09:00,2025-10-25,9,630000,ОЭС УРАЛА,31798,30491
2025-10-25 10:00,2025-10-25,10,630000,ОЭС УРАЛА,31957,30652
2025-10-25 11:00,2025-10-25,11,630000,ОЭС УРАЛА,32171,30632
2025-10-25 12:00,2025-10-25,12,630000,ОЭС УРАЛА,32293,30631
2025-10-25 13:00,2025-10-25,13,630000,ОЭС УРАЛА,32291,30422
2025-10-25 14:00,2025-10-25,14,630000,ОЭС УРАЛА,32218,30351
2025-10-25 15:00,2025-10-25,15,630000,ОЭС УРАЛА,32427,30456
2025-10-25 16:00,2025-10-25,16,630000,ОЭС УРАЛА,32557,30781
2025-10-25 17:00,2025-10-25,17,630000,ОЭС УРАЛА,32666,31310
2025-10-25 18:00,2025-10-25,18,630000,ОЭС УРАЛА,32537,30608
2025-10-25 19:00,2025-10-25,19,630000,ОЭС УРАЛА,32262,30497
2025-10-25 20:00,2025-10-25,20,630000,ОЭС УРАЛА,32064,29969
2025-10-25 21:00,2025-10-25,21,630000,ОЭС УРАЛА,30723,29440
2025-10-25 22:00,2025-10-25,22,630000,ОЭС УРАЛА,29141,28670
2025-10-25 23:00,2025-10-25,23,630000,ОЭС УРАЛА,28024,28133
2025-10-26 00:00,2025-10-26,0,630000,ОЭС УРАЛА,27308,27669
2025-10-26 01:00,2025-10-26,1,630000,ОЭС УРАЛА,27226,27303
2025-10-26 02:00,2025-10-26,2,630000,ОЭС УРАЛА,26649,27224
2025-10-26 03:00,2025-10-26,3,630000,ОЭС УРАЛА,26640,27381
2025-10-26 04:00,2025-10-26,4,630000,ОЭС УРАЛА,26680,27581
2025-10-26 05:00,2025-10-26,5,630000,ОЭС УРАЛА,27305,27916
2025-10-26 06:00,2025-10-26,6,630000,ОЭС УРАЛА,28061,28113
2025-10-26 07:00,2025-10-26,7,630000,ОЭС УРАЛА,29544,29078
2025-10-26 08:00,2025-10-26,8,630000,ОЭС УРАЛА,30414,29872
2025-10-26 09:00,2025-10-26,9,630000,ОЭС УРАЛА,30397,29861
2025-10-26 10:00,2025-10-26,10,630000,ОЭС УРАЛА,31260,30381
2025-10-26 11:00,2025-10-26,11,630000,ОЭС УРАЛА,31342,30225
2025-10-26 12:00,2025-10-26,12,630000,ОЭС УРАЛА,31344,30157
2025-10-26 13:00,2025-10-26,13,630000,ОЭС УРАЛА,31270,29935
2025-10-26 14:00,2025-10-26,14,630000,ОЭС УРАЛА,31376,30071
2025-10-26 15:00,2025-10-26,15,630000,ОЭС УРАЛА,31421,30327
2025-10-26 16:00,2025-10-26,16,630000,ОЭС УРАЛА,31646,30792
2025-10-26 17:00,2025-10-26,17,630000,ОЭС УРАЛА,32231,30990
2025-10-26 18:00,2025-10-26,18,630000,ОЭС УРАЛА,32576,30745
2025-10-26 19:00,2025-10-26,19,630000,ОЭС УРАЛА,31962,30552
2025-10-26 20:00,2025-10-26,20,630000,ОЭС УРАЛА,31606,30036
2025-10-26 21:00,2025-10-26,21,630000,ОЭС УРАЛА,31483,29212
2025-10-26 22:00,2025-10-26,22,630000,ОЭС УРАЛА,29615,28553
2025-10-26 23:00,2025-10-26,23,630000,ОЭС УРАЛА,27729,27756
2025-10-27 00:00,2025-10-27,0,630000,ОЭС УРАЛА,26434,27342
2025-10-27 01:00,2025-10-27,1,630000,ОЭС УРАЛА,26397,27392
2025-10-27 02:00,2025-10-27,2,630000,ОЭС УРАЛА,26117,27329
2025-10-27 03:00,2025-10-27,3,630000,ОЭС УРАЛА,26110,27269
2025-10-27 04:00,2025-10-27,4,630000,ОЭС УРАЛА,27354,27916
2025-10-27 05:00,2025-10-27,5,630000,ОЭС УРАЛА,28475,28707
2025-10-27 06:00,2025-10-27,6,630000,ОЭС УРАЛА,29945,29516
2025-10-27 07:00,2025-10-27,7,630000,ОЭС УРАЛА,31306,30293
2025-10-27 08:00,2025-10-27,8,630000,ОЭС УРАЛА,32204,30853
2025-10-27 09:00,2025-10-27,9,630000,ОЭС УРАЛА,32228,31102
2025-10-27 10:00,2025-10-27,10,630000,ОЭС УРАЛА,32296,30831
2025-10-27 11:00,2025-10-27,11,630000,ОЭС УРАЛА,32050,30738
2025-10-27 12:00,2025-10-27,12,630000,ОЭС УРАЛА,32109,30855
2025-10-27 13:00,2025-10-27,13,630000,ОЭС УРАЛА,32203,30904
2025-10-27 14:00,2025-10-27,14,630000,ОЭС УРАЛА,32251,30518
2025-10-27 15:00,2025-10-27,15,630000,ОЭС УРАЛА,32500,30821
2025-10-27 16:00,2025-10-27,16,630000,ОЭС УРАЛА,32614,31078
2025-10-27 17:00,2025-10-27,17,630000,ОЭС УРАЛА,32596,31211
2025-10-27 18:00,2025-10-27,18,630000,ОЭС УРАЛА,32686,30868
2025-10-27 19:00,2025-10-27,19,630000,ОЭС УРАЛА,32178,30624
2025-10-27 20:00,2025-10-27,20,630000,ОЭС УРАЛА,31495,29806
2025-10-27 21:00,2025-10-27,21,630000,ОЭС УРАЛА,30635,29162
2025-10-27 22:00,2025-10-27,22,630000,ОЭС УРАЛА,29149,28255
2025-10-27 23:00,2025-10-27,23,630000,ОЭС УРАЛА,28151,27646
2025-10-28 00:00,2025-10-28,0,630000,ОЭС УРАЛА,27568,27258
2025-10-28 01:00,2025-10-28,1,630000,ОЭС УРАЛА,27338,26989
2025-10-28 02:00,2025-10-28,2,630000,ОЭС УРАЛА,26613,27175
2025-10-28 03:00,2025-10-28,3,630000,ОЭС УРАЛА,26977,27277
2025-10-28 04:00,2025-10-28,4,630000,ОЭС УРАЛА,27686,27894
2025-10-28 05:00,2025-10-28,5,630000,ОЭС УРАЛА,28947,28883
2025-10-28 06:00,2025-10-28,6,630000,ОЭС УРАЛА,29985,29567
2025-10-28 07:00,2025-10-28,7,630000,ОЭС УРАЛА,31091,30246
2025-10-28 08:00,2025-10-28,8,630000,ОЭС УРАЛА,31848,30428
2025-10-28 09:00,2025-10-28,9,630000,ОЭС УРАЛА,32251,30679
2025-10-28 10:00,2025-10-28,10,630000,ОЭС УРАЛА,31990,30587
2025-10-28 11:00,2025-10-28,11,630000,ОЭС УРАЛА,31648,30472
2025-10-28 12:00,2025-10-28,12,630000,ОЭС УРАЛА,31737,30642
2025-10-28 13:00,2025-10-28,13,630000,ОЭС УРАЛА,31651,30554
2025-10-28 14:00,2025-10-28,14,630000,ОЭС УРАЛА,31885,30422
2025-10-28 15:00,2025-10-28,15,630000,ОЭС УРАЛА,32002,30811
2025-10-28 16:00,2025-10-28,16,630000,ОЭС УРАЛА,32307,31271
2025-10-28 17:00,2025-10-28,17,630000,ОЭС УРАЛА,32376,31115
2025-10-28 18:00,2025-10-28,18,630000,ОЭС УРАЛА,32343,30680
2025-10-28 19:00,2025-10-28,19,630000,ОЭС УРАЛА,32140,30477
2025-10-28 20:00,2025-10-28,20,630000,ОЭС УРАЛА,31561,29961
2025-10-28 21:00,2025-10-28,21,630000,ОЭС УРАЛА,31187,29284
2025-10-28 22:00,2025-10-28,22,630000,ОЭС УРАЛА,30675,28295
2025-10-28 23:00,2025-10-28,23,630000,ОЭС УРАЛА,28799,27900
2025-10-29 00:00,2025-10-29,0,630000,ОЭС УРАЛА,28170,27380
2025-10-29 01:00,2025-10-29,1,630000,ОЭС УРАЛА,27761,27174
2025-10-29 02:00,2025-10-29,2,630000,ОЭС УРАЛА,27684,27207
2025-10-29 03:00,2025-10-29,3,630000,ОЭС УРАЛА,27544,27337
2025-10-29 04:00,2025-10-29,4,630000,ОЭС УРАЛА,27744,27764
2025-10-29 05:00,2025-10-29,5,630000,ОЭС УРАЛА,28994,28496
2025-10-29 06:00,2025-10-29,6,630000,ОЭС УРАЛА,30528,29412
2025-10-29 07:00,2025-10-29,7,630000,ОЭС УРАЛА,31925,30394
2025-10-29 08:00,2025-10-29,8,630000,ОЭС УРАЛА,32337,30880
2025-10-29 09:00,2025-10-29,9,630000,ОЭС УРАЛА,32483,30896
2025-10-29 10:00,2025-10-29,10,630000,ОЭС УРАЛА,32455,30745
2025-10-29 11:00,2025-10-29,11,630000,ОЭС УРАЛА,32386,30734
2025-10-29 12:00,2025-10-29,12,630000,ОЭС УРАЛА,32194,30608
2025-10-29 13:00,2025-10-29,13,630000,ОЭС УРАЛА,32241,30799
2025-10-29 14:00,2025-10-29,14,630000,ОЭС УРАЛА,32403,30592
2025-10-29 15:00,2025-10-29,15,630000,ОЭС УРАЛА,32532,30502
2025-10-29 16:00,2025-10-29,16,630000,ОЭС УРАЛА,32719,30961
2025-10-29 17:00,2025-10-29,17,630000,ОЭС УРАЛА,32636,30988
2025-10-29 18:00,2025-10-29,18,630000,ОЭС УРАЛА,32919,30824
2025-10-29 19:00,2025-10-29,19,630000,ОЭС УРАЛА,32801,30791
2025-10-29 20:00,2025-10-29,20,630000,ОЭС УРАЛА,32519,30067
2025-10-29 21:00,2025-10-29,21,630000,ОЭС УРАЛА,32010,29374
2025-10-29 22:00,2025-10-29,22,630000,ОЭС УРАЛА,31123,28477
2025-10-29 23:00,2025-10-29,23,630000,ОЭС УРАЛА,29871,27867
2025-10-30 00:00,2025-10-30,0,630000,ОЭС УРАЛА,29079,27505
2025-10-30 01:00,2025-10-30,1,630000,ОЭС УРАЛА,28174,27199
2025-10-30 02:00,2025-10-30,2,630000,ОЭС УРАЛА,28151,27205
2025-10-30 03:00,2025-10-30,3,630000,ОЭС УРАЛА,27999,27218
2025-10-30 04:00,2025-10-30,4,630000,ОЭС УРАЛА,28008,27427
2025-10-30 05:00,2025-10-30,5,630000,ОЭС УРАЛА,28901,28455
2025-10-30 06:00,2025-10-30,6,630000,ОЭС УРАЛА,30284,29460
2025-10-30 07:00,2025-10-30,7,630000,ОЭС УРАЛА,31813,30477
2025-10-30 08:00,2025-10-30,8,630000,ОЭС УРАЛА,32406,30630
2025-10-30 09:00,2025-10-30,9,630000,ОЭС УРАЛА,32928,30671
2025-10-30 10:00,2025-10-30,10,630000,ОЭС УРАЛА,32835,30983
2025-10-30 11:00,2025-10-30,11,630000,ОЭС УРАЛА,32528,30729
2025-10-30 12:00,2025-10-30,12,630000,ОЭС УРАЛА,31851,30628
2025-10-30 13:00,2025-10-30,13,630000,ОЭС УРАЛА,31929,30658
2025-10-30 14:00,2025-10-30,14,630000,ОЭС УРАЛА,32299,30634
2025-10-30 15:00,2025-10-30,15,630000,ОЭС УРАЛА,32132,30743
2025-10-30 16:00,2025-10-30,16,630000,ОЭС УРАЛА,32560,31112
2025-10-30 17:00,2025-10-30,17,630000,ОЭС УРАЛА,32554,31087
2025-10-30 18:00,2025-10-30,18,630000,ОЭС УРАЛА,32576,30744
2025-10-30 19:00,2025-10-30,19,630000,ОЭС УРАЛА,32195,30570
2025-10-30 20:00,2025-10-30,20,630000,ОЭС УРАЛА,31760,30031
2025-10-30 21:00,2025-10-30,21,630000,ОЭС УРАЛА,31189,29321
2025-10-30 22:00,2025-10-30,22,630000,ОЭС УРАЛА,29925,28753
2025-10-30 23:00,2025-10-30,23,630000,ОЭС УРАЛА,28605,27851
2025-10-31 00:00,2025-10-31,0,630000,ОЭС УРАЛА,27506,27365
2025-10-31 01:00,2025-10-31,1,630000,ОЭС УРАЛА,26893,27351
2025-10-31 02:00,2025-10-31,2,630000,ОЭС УРАЛА,26358,27031
2025-10-31 03:00,2025-10-31,3,630000,ОЭС УРАЛА,26212,27085
2025-10-31 04:00,2025-10-31,4,630000,ОЭС УРАЛА,26787,27691
2025-10-31 05:00,2025-10-31,5,630000,ОЭС УРАЛА,28299,28674
2025-10-31 06:00,2025-10-31,6,630000,ОЭС УРАЛА,28778,29284
2025-10-31 07:00,2025-10-31,7,630000,ОЭС УРАЛА,30258,30080
2025-10-31 08:00,2025-10-31,8,630000,ОЭС УРАЛА,30951,30634
2025-10-31 09:00,2025-10-31,9,630000,ОЭС УРАЛА,31920,31046
2025-10-31 10:00,2025-10-31,10,630000,ОЭС УРАЛА,31987,30973
2025-10-31 11:00,2025-10-31,11,630000,ОЭС УРАЛА,32184,30839
2025-10-31 12:00,2025-10-31,12,630000,ОЭС УРАЛА,31706,30958
2025-10-31 13:00,2025-10-31,13,630000,ОЭС УРАЛА,31756,30784
2025-10-31 14:00,2025-10-31,14,630000,ОЭС УРАЛА,31739,30724
2025-10-31 15:00,2025-10-31,15,630000,ОЭС УРАЛА,31953,30759
2025-10-31 16:00,2025-10-31,16,630000,ОЭС УРАЛА,32060,31143
2025-10-31 17:00,2025-10-31,17,630000,ОЭС УРАЛА,32101,31108
2025-10-31 18:00,2025-10-31,18,630000,ОЭС УРАЛА,33107,30781
2025-10-31 19:00,2025-10-31,19,630000,ОЭС УРАЛА,31797,30581
2025-10-31 20:00,2025-10-31,20,630000,ОЭС УРАЛА,31034,30138
2025-10-31 21:00,2025-10-31,21,630000,ОЭС УРАЛА,30922,29523
2025-10-31 22:00,2025-10-31,22,630000,ОЭС УРАЛА,29271,28620
2025-10-31 23:00,2025-10-31,23,630000,ОЭС УРАЛА,27866,28188
2025-11-01 00:00,2025-11-01,0,630000,ОЭС УРАЛА,26893,27618
2025-11-01 01:00,2025-11-01,1,630000,ОЭС УРАЛА,26857,27462
2025-11-01 02:00,2025-11-01,2,630000,ОЭС УРАЛА,26547,27341
2025-11-01 03:00,2025-11-01,3,630000,ОЭС УРАЛА,26008,27596
2025-11-01 04:00,2025-11-01,4,630000,ОЭС УРАЛА,25987,28133
2025-11-01 05:00,2025-11-01,5,630000,ОЭС УРАЛА,27464,28662
2025-11-01 06:00,2025-11-01,6,630000,ОЭС УРАЛА,28336,29334
2025-11-01 07:00,2025-11-01,7,630000,ОЭС УРАЛА,29884,30255
2025-11-01 08:00,2025-11-01,8,630000,ОЭС УРАЛА,30686,30690
2025-11-01 09:00,2025-11-01,9,630000,ОЭС УРАЛА,31190,31175
2025-11-01 10:00,2025-11-01,10,630000,ОЭС УРАЛА,31277,30785
2025-11-01 11:00,2025-11-01,11,630000,ОЭС УРАЛА,31522,30803
2025-11-01 12:00,2025-11-01,12,630000,ОЭС УРАЛА,31638,30729
2025-11-01 13:00,2025-11-01,13,630000,ОЭС УРАЛА,31651,30585
2025-11-01 14:00,2025-11-01,14,630000,ОЭС УРАЛА,31399,30855
2025-11-01 15:00,2025-11-01,15,630000,ОЭС УРАЛА,31185,30723
2025-11-01 16:00,2025-11-01,16,630000,ОЭС УРАЛА,31614,31260
2025-11-01 17:00,2025-11-01,17,630000,ОЭС УРАЛА,31795,31088
2025-11-01 18:00,2025-11-01,18,630000,ОЭС УРАЛА,32078,30759
2025-11-01 19:00,2025-11-01,19,630000,ОЭС УРАЛА,31709,30621
2025-11-01 20:00,2025-11-01,20,630000,ОЭС УРАЛА,31052,30081
2025-11-01 21:00,2025-11-01,21,630000,ОЭС УРАЛА,30632,29378
2025-11-01 22:00,2025-11-01,22,630000,ОЭС УРАЛА,29076,28932
2025-11-01 23:00,2025-11-01,23,630000,ОЭС УРАЛА,27747,28217
2025-11-02 00:00,2025-11-02,0,630000,ОЭС УРАЛА,27238,27800
2025-11-02 01:00,2025-11-02,1,630000,ОЭС УРАЛА,28609,27808
2025-11-02 02:00,2025-11-02,2,630000,ОЭС УРАЛА,27292,27506
2025-11-02 03:00,2025-11-02,3,630000,ОЭС УРАЛА,27364,27546
2025-11-02 04:00,2025-11-02,4,630000,ОЭС УРАЛА,26893,27836
2025-11-02 05:00,2025-11-02,5,630000,ОЭС УРАЛА,28089,27973
2025-11-02 06:00,2025-11-02,6,630000,ОЭС УРАЛА,28786,28344
2025-11-02 07:00,2025-11-02,7,630000,ОЭС УРАЛА,29534,29272
2025-11-02 08:00,2025-11-02,8,630000,ОЭС УРАЛА,29652,29905
2025-11-02 09:00,2025-11-02,9,630000,ОЭС УРАЛА,30074,30260
2025-11-02 10:00,2025-11-02,10,630000,ОЭС УРАЛА,30552,30430
2025-11-02 11:00,2025-11-02,11,630000,ОЭС УРАЛА,31052,30605
2025-11-02 12:00,2025-11-02,12,630000,ОЭС УРАЛА,31161,30683
2025-11-02 13:00,2025-11-02,13,630000,ОЭС УРАЛА,31238,30512
2025-11-02 14:00,2025-11-02,14,630000,ОЭС УРАЛА,31499,30555
2025-11-02 15:00,2025-11-02,15,630000,ОЭС УРАЛА,31751,30946
2025-11-02 16:00,2025-11-02,16,630000,ОЭС УРАЛА,32102,31259
2025-11-02 17:00,2025-11-02,17,630000,ОЭС УРАЛА,32302,31300
2025-11-02 18:00,2025-11-02,18,630000,ОЭС УРАЛА,32332,30980
2025-11-02 19:00,2025-11-02,19,630000,ОЭС УРАЛА,32404,30988
2025-11-02 20:00,2025-11-02,20,630000,ОЭС УРАЛА,31960,30361
2025-11-02 21:00,2025-11-02,21,630000,ОЭС УРАЛА,31466,29920
2025-11-02 22:00,2025-11-02,22,630000,ОЭС УРАЛА,30907,29065
2025-11-02 23:00,2025-11-02,23,630000,ОЭС УРАЛА,29213,28540
2025-11-03 00:00,2025-11-03,0,630000,ОЭС УРАЛА,28844,28173
2025-11-03 01:00,2025-11-03,1,630000,ОЭС УРАЛА,28880,28090
2025-11-03 02:00,2025-11-03,2,630000,ОЭС УРАЛА,28282,27975
2025-11-03 03:00,2025-11-03,3,630000,ОЭС УРАЛА,28068,28280
2025-11-03 04:00,2025-11-03,4,630000,ОЭС УРАЛА,28219,28465
2025-11-03 05:00,2025-11-03,5,630000,ОЭС УРАЛА,29141,28796
2025-11-03 06:00,2025-11-03,6,630000,ОЭС УРАЛА,29777,29321
2025-11-03 07:00,2025-11-03,7,630000,ОЭС УРАЛА,30521,30248
2025-11-03 08:00,2025-11-03,8,630000,ОЭС УРАЛА,31060,30906
2025-11-03 09:00,2025-11-03,9,630000,ОЭС УРАЛА,31502,31129
2025-11-03 10:00,2025-11-03,10,630000,ОЭС УРАЛА,32158,31359
2025-11-03 11:00,2025-11-03,11,630000,ОЭС УРАЛА,32240,31137
2025-11-03 12:00,2025-11-03,12,630000,ОЭС УРАЛА,32481,31051
2025-11-03 13:00,2025-11-03,13,630000,ОЭС УРАЛА,32477,31005
2025-11-03 14:00,2025-11-03,14,630000,ОЭС УРАЛА,32456,31112
2025-11-03 15:00,2025-11-03,15,630000,ОЭС УРАЛА,32566,31279
2025-11-03 16:00,2025-11-03,16,630000,ОЭС УРАЛА,32591,31886
2025-11-03 17:00,2025-11-03,17,630000,ОЭС УРАЛА,32624,31564
2025-11-03 18:00,2025-11-03,18,630000,ОЭС УРАЛА,32451,31256
2025-11-03 19:00,2025-11-03,19,630000,ОЭС УРАЛА,32473,31342
2025-11-03 20:00,2025-11-03,20,630000,ОЭС УРАЛА,32036,30778
2025-11-03 21:00,2025-11-03,21,630000,ОЭС УРАЛА,31481,30168
2025-11-03 22:00,2025-11-03,22,630000,ОЭС УРАЛА,30815,29593
2025-11-03 23:00,2025-11-03,23,630000,ОЭС УРАЛА,29849,28951
2025-11-04 00:00,2025-11-04,0,630000,ОЭС УРАЛА,29219,28548
2025-11-04 01:00,2025-11-04,1,630000,ОЭС УРАЛА,28176,28661
2025-11-04 02:00,2025-11-04,2,630000,ОЭС УРАЛА,27675,28289
2025-11-04 03:00,2025-11-04,3,630000,ОЭС УРАЛА,27727,28385
2025-11-04 04:00,2025-11-04,4,630000,ОЭС УРАЛА,27497,28449
2025-11-04 05:00,2025-11-04,5,630000,ОЭС УРАЛА,28441,28750
2025-11-04 06:00,2025-11-04,6,630000,ОЭС УРАЛА,29570,29393
2025-11-04 07:00,2025-11-04,7,630000,ОЭС УРАЛА,30619,30335
2025-11-04 08:00,2025-11-04,8,630000,ОЭС УРАЛА,31894,30952
2025-11-04 09:00,2025-11-04,9,630000,ОЭС УРАЛА,32398,31217
2025-11-04 10:00,2025-11-04,10,630000,ОЭС УРАЛА,32718,31666
2025-11-04 11:00,2025-11-04,11,630000,ОЭС УРАЛА,32808,31413
2025-11-04 12:00,2025-11-04,12,630000,ОЭС УРАЛА,32828,31480
2025-11-04 13:00,2025-11-04,13,630000,ОЭС УРАЛА,32792,31398
2025-11-04 14:00,2025-11-04,14,630000,ОЭС УРАЛА,32761,31422
2025-11-04 15:00,2025-11-04,15,630000,ОЭС УРАЛА,33124,31783
2025-11-04 16:00,2025-11-04,16,630000,ОЭС УРАЛА,33505,32347
2025-11-04 17:00,2025-11-04,17,630000,ОЭС УРАЛА,33671,32606
2025-11-04 18:00,2025-11-04,18,630000,ОЭС УРАЛА,33430,32218
2025-11-04 19:00,2025-11-04,19,630000,ОЭС УРАЛА,33347,31860
2025-11-04 20:00,2025-11-04,20,630000,ОЭС УРАЛА,32935,31484
2025-11-04 21:00,2025-11-04,21,630000,ОЭС УРАЛА,32618,30829
2025-11-04 22:00,2025-11-04,22,630000,ОЭС УРАЛА,31660,29931
2025-11-04 23:00,2025-11-04,23,630000,ОЭС УРАЛА,30311,29356
2025-11-05 00:00,2025-11-05,0,630000,ОЭС УРАЛА,28920,29089
2025-11-05 01:00,2025-11-05,1,630000,ОЭС УРАЛА,28084,28871
2025-11-05 02:00,2025-11-05,2,630000,ОЭС УРАЛА,28267,28615
2025-11-05 03:00,2025-11-05,3,630000,ОЭС УРАЛА,28968,28886
2025-11-05 04:00,2025-11-05,4,630000,ОЭС УРАЛА,29015,29418
2025-11-05 05:00,2025-11-05,5,630000,ОЭС УРАЛА,30078,30396
2025-11-05 06:00,2025-11-05,6,630000,ОЭС УРАЛА,31316,31373
2025-11-05 07:00,2025-11-05,7,630000,ОЭС УРАЛА,32399,32239
2025-11-05 08:00,2025-11-05,8,630000,ОЭС УРАЛА,33136,32394
2025-11-05 09:00,2025-11-05,9,630000,ОЭС УРАЛА,33643,32434
2025-11-05 10:00,2025-11-05,10,630000,ОЭС УРАЛА,33585,32412
2025-11-05 11:00,2025-11-05,11,630000,ОЭС УРАЛА,33511,32379
2025-11-05 12:00,2025-11-05,12,630000,ОЭС УРАЛА,33508,32231
2025-11-05 13:00,2025-11-05,13,630000,ОЭС УРАЛА,33539,32351
2025-11-05 14:00,2025-11-05,14,630000,ОЭС УРАЛА,33497,32304
2025-11-05 15:00,2025-11-05,15,630000,ОЭС УРАЛА,33472,32338
2025-11-05 16:00,2025-11-05,16,630000,ОЭС УРАЛА,33563,32591
2025-11-05 17:00,2025-11-05,17,630000,ОЭС УРАЛА,33762,32671
2025-11-05 18:00,2025-11-05,18,630000,ОЭС УРАЛА,33639,32169
2025-11-05 19:00,2025-11-05,19,630000,ОЭС УРАЛА,32832,31886
2025-11-05 20:00,2025-11-05,20,630000,ОЭС УРАЛА,31857,31394
2025-11-05 21:00,2025-11-05,21,630000,ОЭС УРАЛА,31280,30493
2025-11-05 22:00,2025-11-05,22,630000,ОЭС УРАЛА,30910,29652
2025-11-05 23:00,2025-11-05,23,630000,ОЭС УРАЛА,30159,29090
2025-11-06 00:00,2025-11-06,0,630000,ОЭС УРАЛА,28696,28455
2025-11-06 01:00,2025-11-06,1,630000,ОЭС УРАЛА,28085,28486
2025-11-06 02:00,2025-11-06,2,630000,ОЭС УРАЛА,27849,28525
2025-11-06 03:00,2025-11-06,3,630000,ОЭС УРАЛА,27880,28532
2025-11-06 04:00,2025-11-06,4,630000,ОЭС УРАЛА,28668,29101
2025-11-06 05:00,2025-11-06,5,630000,ОЭС УРАЛА,29867,30154
2025-11-06 06:00,2025-11-06,6,630000,ОЭС УРАЛА,31667,30807
2025-11-06 07:00,2025-11-06,7,630000,ОЭС УРАЛА,32368,31697
2025-11-06 08:00,2025-11-06,8,630000,ОЭС УРАЛА,32878,31827
2025-11-06 09:00,2025-11-06,9,630000,ОЭС УРАЛА,33318,31959
2025-11-06 10:00,2025-11-06,10,630000,ОЭС УРАЛА,32771,31567
2025-11-06 11:00,2025-11-06,11,630000,ОЭС УРАЛА,32771,31658
2025-11-06 12:00,2025-11-06,12,630000,ОЭС УРАЛА,32669,31729
2025-11-06 13:00,2025-11-06,13,630000,ОЭС УРАЛА,32472,31593
2025-11-06 14:00,2025-11-06,14,630000,ОЭС УРАЛА,32868,31736
2025-11-06 15:00,2025-11-06,15,630000,ОЭС УРАЛА,32923,31731
2025-11-06 16:00,2025-11-06,16,630000,ОЭС УРАЛА,33015,31958
2025-11-06 17:00,2025-11-06,17,630000,ОЭС УРАЛА,33216,31990
2025-11-06 18:00,2025-11-06,18,630000,ОЭС УРАЛА,32994,31681
2025-11-06 19:00,2025-11-06,19,630000,ОЭС УРАЛА,33045,31454
2025-11-06 20:00,2025-11-06,20,630000,ОЭС УРАЛА,32116,30805
2025-11-06 21:00,2025-11-06,21,630000,ОЭС УРАЛА,31420,30288
2025-11-06 22:00,2025-11-06,22,630000,ОЭС УРАЛА,30481,29430
2025-11-06 23:00,2025-11-06,23,630000,ОЭС УРАЛА,28892,28651
2025-11-07 00:00,2025-11-07,0,630000,ОЭС УРАЛА,27807,28130
2025-11-07 01:00,2025-11-07,1,630000,ОЭС УРАЛА,27954,28152
2025-11-07 02:00,2025-11-07,2,630000,ОЭС УРАЛА,27579,28127
2025-11-07 03:00,2025-11-07,3,630000,ОЭС УРАЛА,27760,28222
2025-11-07 04:00,2025-11-07,4,630000,ОЭС УРАЛА,28928,28751
2025-11-07 05:00,2025-11-07,5,630000,ОЭС УРАЛА,30107,30020
2025-11-07 06:00,2025-11-07,6,630000,ОЭС УРАЛА,31316,30811
2025-11-07 07:00,2025-11-07,7,630000,ОЭС УРАЛА,32110,31287
2025-11-07 08:00,2025-11-07,8,630000,ОЭС УРАЛА,32830,31967
2025-11-07 09:00,2025-11-07,9,630000,ОЭС УРАЛА,33256,32044
2025-11-07 10:00,2025-11-07,10,630000,ОЭС УРАЛА,33018,31744
2025-11-07 11:00,2025-11-07,11,630000,ОЭС УРАЛА,32995,31835
2025-11-07 12:00,2025-11-07,12,630000,ОЭС УРАЛА,32619,31933
2025-11-07 13:00,2025-11-07,13,630000,ОЭС УРАЛА,32671,31782
2025-11-07 14:00,2025-11-07,14,630000,ОЭС УРАЛА,32784,31801
2025-11-07 15:00,2025-11-07,15,630000,ОЭС УРАЛА,32966,32055
2025-11-07 16:00,2025-11-07,16,630000,ОЭС УРАЛА,33112,32139
2025-11-07 17:00,2025-11-07,17,630000,ОЭС УРАЛА,33251,32098
2025-11-07 18:00,2025-11-07,18,630000,ОЭС УРАЛА,33105,31747
2025-11-07 19:00,2025-11-07,19,630000,ОЭС УРАЛА,33125,31580
2025-11-07 20:00,2025-11-07,20,630000,ОЭС УРАЛА,32844,30893
2025-11-07 21:00,2025-11-07,21,630000,ОЭС УРАЛА,31769,30453
2025-11-07 22:00,2025-11-07,22,630000,ОЭС УРАЛА,30429,29982
2025-11-07 23:00,2025-11-07,23,630000,ОЭС УРАЛА,29345,29134
2025-11-08 00:00,2025-11-08,0,630000,ОЭС УРАЛА,29021,28579
2025-11-08 01:00,2025-11-08,1,630000,ОЭС УРАЛА,29130,28446
2025-11-08 02:00,2025-11-08,2,630000,ОЭС УРАЛА,27603,28395
2025-11-08 03:00,2025-11-08,3,630000,ОЭС УРАЛА,27891,28362
2025-11-08 04:00,2025-11-08,4,630000,ОЭС УРАЛА,28216,28772
2025-11-08 05:00,2025-11-08,5,630000,ОЭС УРАЛА,28727,28994
2025-11-08 06:00,2025-11-08,6,630000,ОЭС УРАЛА,29371,29379
2025-11-08 07:00,2025-11-08,7,630000,ОЭС УРАЛА,29972,30239
2025-11-08 08:00,2025-11-08,8,630000,ОЭС УРАЛА,31323,30650
2025-11-08 09:00,2025-11-08,9,630000,ОЭС УРАЛА,32372,31260
2025-11-08 10:00,2025-11-08,10,630000,ОЭС УРАЛА,32662,31436
2025-11-08 11:00,2025-11-08,11,630000,ОЭС УРАЛА,32791,31549
2025-11-08 12:00,2025-11-08,12,630000,ОЭС УРАЛА,32937,31524
2025-11-08 13:00,2025-11-08,13,630000,ОЭС УРАЛА,32877,31300
2025-11-08 14:00,2025-11-08,14,630000,ОЭС УРАЛА,32977,31405
2025-11-08 15:00,2025-11-08,15,630000,ОЭС УРАЛА,32903,31732
2025-11-08 16:00,2025-11-08,16,630000,ОЭС УРАЛА,32930,32096
2025-11-08 17:00,2025-11-08,17,630000,ОЭС УРАЛА,33070,31738
2025-11-08 18:00,2025-11-08,18,630000,ОЭС УРАЛА,32734,31375
2025-11-08 19:00,2025-11-08,19,630000,ОЭС УРАЛА,32271,31232
2025-11-08 20:00,2025-11-08,20,630000,ОЭС УРАЛА,31703,30831
2025-11-08 21:00,2025-11-08,21,630000,ОЭС УРАЛА,31429,30261
2025-11-08 22:00,2025-11-08,22,630000,ОЭС УРАЛА,30235,29558
2025-11-08 23:00,2025-11-08,23,630000,ОЭС УРАЛА,29619,29085
2025-11-09 00:00,2025-11-09,0,630000,ОЭС УРАЛА,28136,28695
2025-11-09 01:00,2025-11-09,1,630000,ОЭС УРАЛА,27776,28476
2025-11-09 02:00,2025-11-09,2,630000,ОЭС УРАЛА,27646,28416
2025-11-09 03:00,2025-11-09,3,630000,ОЭС УРАЛА,27337,28457
2025-11-09 04:00,2025-11-09,4,630000,ОЭС УРАЛА,27423,28562
2025-11-09 05:00,2025-11-09,5,630000,ОЭС УРАЛА,27759,28969
2025-11-09 06:00,2025-11-09,6,630000,ОЭС УРАЛА,28533,29123
2025-11-09 07:00,2025-11-09,7,630000,ОЭС УРАЛА,29482,29967
2025-11-09 08:00,2025-11-09,8,630000,ОЭС УРАЛА,30376,30592
2025-11-09 09:00,2025-11-09,9,630000,ОЭС УРАЛА,31357,31111
2025-11-09 10:00,2025-11-09,10,630000,ОЭС УРАЛА,32006,31418
2025-11-09 11:00,2025-11-09,11,630000,ОЭС УРАЛА,32043,31470
2025-11-09 12:00,2025-11-09,12,630000,ОЭС УРАЛА,32054,31679
2025-11-09 13:00,2025-11-09,13,630000,ОЭС УРАЛА,32150,31476
2025-11-09 14:00,2025-11-09,14,630000,ОЭС УРАЛА,32460,31763
2025-11-09 15:00,2025-11-09,15,630000,ОЭС УРАЛА,32498,31974
2025-11-09 16:00,2025-11-09,16,630000,ОЭС УРАЛА,32579,32512
2025-11-09 17:00,2025-11-09,17,630000,ОЭС УРАЛА,32628,32075
2025-11-09 18:00,2025-11-09,18,630000,ОЭС УРАЛА,32488,31907
2025-11-09 19:00,2025-11-09,19,630000,ОЭС УРАЛА,31984,31611
2025-11-09 20:00,2025-11-09,20,630000,ОЭС УРАЛА,31651,31432
2025-11-09 21:00,2025-11-09,21,630000,ОЭС УРАЛА,31634,30700
2025-11-09 22:00,2025-11-09,22,630000,ОЭС УРАЛА,30854,29836
2025-11-09 23:00,2025-11-09,23,630000,ОЭС УРАЛА,29268,29205
2025-11-10 00:00,2025-11-10,0,630000,ОЭС УРАЛА,27754,28867
2025-11-10 01:00,2025-11-10,1,630000,ОЭС УРАЛА,27497,28765
2025-11-10 02:00,2025-11-10,2,630000,ОЭС УРАЛА,26850,28587
2025-11-10 03:00,2025-11-10,3,630000,ОЭС УРАЛА,26685,28868
2025-11-10 04:00,2025-11-10,4,630000,ОЭС УРАЛА,27269,29394
2025-11-10 05:00,2025-11-10,5,630000,ОЭС УРАЛА,29200,30727
2025-11-10 06:00,2025-11-10,6,630000,ОЭС УРАЛА,30923,31558
2025-11-10 07:00,2025-11-10,7,630000,ОЭС УРАЛА,32409,32333
2025-11-10 08:00,2025-11-10,8,630000,ОЭС УРАЛА,32761,32752
2025-11-10 09:00,2025-11-10,9,630000,ОЭС УРАЛА,32897,32465
2025-11-10 10:00,2025-11-10,10,630000,ОЭС УРАЛА,33034,32533
2025-11-10 11:00,2025-11-10,11,630000,ОЭС УРАЛА,32910,32505
2025-11-10 12:00,2025-11-10,12,630000,ОЭС УРАЛА,32895,32517
2025-11-10 13:00,2025-11-10,13,630000,ОЭС УРАЛА,33165,32590
2025-11-10 14:00,2025-11-10,14,630000,ОЭС УРАЛА,33211,32702
2025-11-10 15:00,2025-11-10,15,630000,ОЭС УРАЛА,33275,32858
2025-11-10 16:00,2025-11-10,16,630000,ОЭС УРАЛА,33327,33121
2025-11-10 17:00,2025-11-10,17,630000,ОЭС УРАЛА,33374,32849
2025-11-10 18:00,2025-11-10,18,630000,ОЭС УРАЛА,33202,32488
2025-11-10 19:00,2025-11-10,19,630000,ОЭС УРАЛА,33091,32394
2025-11-10 20:00,2025-11-10,20,630000,ОЭС УРАЛА,32782,31818
2025-11-10 21:00,2025-11-10,21,630000,ОЭС УРАЛА,32159,31148
2025-11-10 22:00,2025-11-10,22,630000,ОЭС УРАЛА,30799,30190
2025-11-10 23:00,2025-11-10,23,630000,ОЭС УРАЛА,29530,29391
2025-11-11 00:00,2025-11-11,0,630000,ОЭС УРАЛА,28425,29116
2025-11-11 01:00,2025-11-11,1,630000,ОЭС УРАЛА,27644,28889
2025-11-11 02:00,2025-11-11,2,630000,ОЭС УРАЛА,27507,28506
2025-11-11 03:00,2025-11-11,3,630000,ОЭС УРАЛА,28098,28778
2025-11-11 04:00,2025-11-11,4,630000,ОЭС УРАЛА,28427,29183
2025-11-11 05:00,2025-11-11,5,630000,ОЭС УРАЛА,29915,30202
2025-11-11 06:00,2025-11-11,6,630000,ОЭС УРАЛА,31164,31040
2025-11-11 07:00,2025-11-11,7,630000,ОЭС УРАЛА,32365,31917
2025-11-11 08:00,2025-11-11,8,630000,ОЭС УРАЛА,32742,31963
2025-11-11 09:00,2025-11-11,9,630000,ОЭС УРАЛА,33252,32326
2025-11-11 10:00,2025-11-11,10,630000,ОЭС УРАЛА,33152,31866
2025-11-11 11:00,2025-11-11,11,630000,ОЭС УРАЛА,33018,31907
2025-11-11 12:00,2025-11-11,12,630000,ОЭС УРАЛА,32569,31820
2025-11-11 13:00,2025-11-11,13,630000,ОЭС УРАЛА,32873,32152
2025-11-11 14:00,2025-11-11,14,630000,ОЭС УРАЛА,32912,31889
2025-11-11 15:00,2025-11-11,15,630000,ОЭС УРАЛА,33248,31968
2025-11-11 16:00,2025-11-11,16,630000,ОЭС УРАЛА,33510,32468
2025-11-11 17:00,2025-11-11,17,630000,ОЭС УРАЛА,33372,32220
2025-11-11 18:00,2025-11-11,18,630000,ОЭС УРАЛА,33365,31971
2025-11-11 19:00,2025-11-11,19,630000,ОЭС УРАЛА,33168,31860
2025-11-11 20:00,2025-11-11,20,630000,ОЭС УРАЛА,32966,31179
2025-11-11 21:00,2025-11-11,21,630000,ОЭС УРАЛА,31961,30483
2025-11-11 22:00,2025-11-11,22,630000,ОЭС УРАЛА,31214,29746
2025-11-11 23:00,2025-11-11,23,630000,ОЭС УРАЛА,29308,29070
2025-11-12 00:00,2025-11-12,0,630000,ОЭС УРАЛА,28389,28634
2025-11-12 01:00,2025-11-12,1,630000,ОЭС УРАЛА,26941,28686
2025-11-12 02:00,2025-11-12,2,630000,ОЭС УРАЛА,26722,28339
2025-11-12 03:00,2025-11-12,3,630000,ОЭС УРАЛА,27138,28456
2025-11-12 04:00,2025-11-12,4,630000,ОЭС УРАЛА,27750,29032
2025-11-12 05:00,2025-11-12,5,630000,ОЭС УРАЛА,28671,30171
2025-11-12 06:00,2025-11-12,6,630000,ОЭС УРАЛА,31191,30936
2025-11-12 07:00,2025-11-12,7,630000,ОЭС УРАЛА,32335,31893
2025-11-12 08:00,2025-11-12,8,630000,ОЭС УРАЛА,33308,32211
2025-11-12 09:00,2025-11-12,9,630000,ОЭС УРАЛА,33742,32154
2025-11-12 10:00,2025-11-12,10,630000,ОЭС УРАЛА,33714,32189
2025-11-12 11:00,2025-11-12,11,630000,ОЭС УРАЛА,33676,32231
2025-11-12 12:00,2025-11-12,12,630000,ОЭС УРАЛА,33611,32218
2025-11-12 13:00,2025-11-12,13,630000,ОЭС УРАЛА,33533,32317
2025-11-12 14:00,2025-11-12,14,630000,ОЭС УРАЛА,33609,32312
2025-11-12 15:00,2025-11-12,15,630000,ОЭС УРАЛА,33689,32376
2025-11-12 16:00,2025-11-12,16,630000,ОЭС УРАЛА,33605,32908
2025-11-12 17:00,2025-11-12,17,630000,ОЭС УРАЛА,33580,32870
2025-11-12 18:00,2025-11-12,18,630000,ОЭС УРАЛА,33684,32409
2025-11-12 19:00,2025-11-12,19,630000,ОЭС УРАЛА,33709,32250
2025-11-12 20:00,2025-11-12,20,630000,ОЭС УРАЛА,33150,31679
2025-11-12 21:00,2025-11-12,21,630000,ОЭС УРАЛА,32574,30771
2025-11-12 22:00,2025-11-12,22,630000,ОЭС УРАЛА,32135,29892
2025-11-12 23:00,2025-11-12,23,630000,ОЭС УРАЛА,30804,29230
2025-11-13 00:00,2025-11-13,0,630000,ОЭС УРАЛА,29611,28910
2025-11-13 01:00,2025-11-13,1,630000,ОЭС УРАЛА,28640,28825
2025-11-13 02:00,2025-11-13,2,630000,ОЭС УРАЛА,28558,28823
2025-11-13 03:00,2025-11-13,3,630000,ОЭС УРАЛА,28251,28958
2025-11-13 04:00,2025-11-13,4,630000,ОЭС УРАЛА,29245,29497
2025-11-13 05:00,2025-11-13,5,630000,ОЭС УРАЛА,30788,30641
2025-11-13 06:00,2025-11-13,6,630000,ОЭС УРАЛА,32101,31368
2025-11-13 07:00,2025-11-13,7,630000,ОЭС УРАЛА,33054,32359
2025-11-13 08:00,2025-11-13,8,630000,ОЭС УРАЛА,34204,32488
2025-11-13 09:00,2025-11-13,9,630000,ОЭС УРАЛА,34267,32499
2025-11-13 10:00,2025-11-13,10,630000,ОЭС УРАЛА,34475,32464
2025-11-13 11:00,2025-11-13,11,630000,ОЭС УРАЛА,34340,32351
2025-11-13 12:00,2025-11-13,12,630000,ОЭС УРАЛА,34402,32506
2025-11-13 13:00,2025-11-13,13,630000,ОЭС УРАЛА,34390,32459
2025-11-13 14:00,2025-11-13,14,630000,ОЭС УРАЛА,34240,32683
2025-11-13 15:00,2025-11-13,15,630000,ОЭС УРАЛА,34452,32746
2025-11-13 16:00,2025-11-13,16,630000,ОЭС УРАЛА,34516,32931
2025-11-13 17:00,2025-11-13,17,630000,ОЭС УРАЛА,34660,32824
2025-11-13 18:00,2025-11-13,18,630000,ОЭС УРАЛА,34234,32530
2025-11-13 19:00,2025-11-13,19,630000,ОЭС УРАЛА,33871,32175
2025-11-13 20:00,2025-11-13,20,630000,ОЭС УРАЛА,33638,31763
2025-11-13 21:00,2025-11-13,21,630000,ОЭС УРАЛА,32526,30877
2025-11-13 22:00,2025-11-13,22,630000,ОЭС УРАЛА,31599,30374
2025-11-13 23:00,2025-11-13,23,630000,ОЭС УРАЛА,30293,29704
2025-11-14 00:00,2025-11-14,0,630000,ОЭС УРАЛА,28348,29192
2025-11-14 01:00,2025-11-14,1,630000,ОЭС УРАЛА,28537,29147
2025-11-14 02:00,2025-11-14,2,630000,ОЭС УРАЛА,28424,29050
2025-11-14 03:00,2025-11-14,3,630000,ОЭС УРАЛА,28857,29463
2025-11-14 04:00,2025-11-14,4,630000,ОЭС УРАЛА,29067,29697
2025-11-14 05:00,2025-11-14,5,630000,ОЭС УРАЛА,30387,30971
2025-11-14 06:00,2025-11-14,6,630000,ОЭС УРАЛА,32393,31515
2025-11-14 07:00,2025-11-14,7,630000,ОЭС УРАЛА,33263,32521
2025-11-14 08:00,2025-11-14,8,630000,ОЭС УРАЛА,33993,32707
2025-11-14 09:00,2025-11-14,9,630000,ОЭС УРАЛА,34346,32774
2025-11-14 10:00,2025-11-14,10,630000,ОЭС УРАЛА,34143,32756
2025-11-14 11:00,2025-11-14,11,630000,ОЭС УРАЛА,33959,32598
2025-11-14 12:00,2025-11-14,12,630000,ОЭС УРАЛА,33647,32647
2025-11-14 13:00,2025-11-14,13,630000,ОЭС УРАЛА,33799,32439
2025-11-14 14:00,2025-11-14,14,630000,ОЭС УРАЛА,34139,32258
2025-11-14 15:00,2025-11-14,15,630000,ОЭС УРАЛА,34189,32519
2025-11-14 16:00,2025-11-14,16,630000,ОЭС УРАЛА,33704,32832
2025-11-14 17:00,2025-11-14,17,630000,ОЭС УРАЛА,33658,32556
2025-11-14 18:00,2025-11-14,18,630000,ОЭС УРАЛА,33622,31958
2025-11-14 19:00,2025-11-14,19,630000,ОЭС УРАЛА,33281,31903
2025-11-14 20:00,2025-11-14,20,630000,ОЭС УРАЛА,33017,31287
2025-11-14 21:00,2025-11-14,21,630000,ОЭС УРАЛА,32040,30726
2025-11-14 22:00,2025-11-14,22,630000,ОЭС УРАЛА,32221,30313
2025-11-14 23:00,2025-11-14,23,630000,ОЭС УРАЛА,31045,29405
2025-11-15 00:00,2025-11-15,0,630000,ОЭС УРАЛА,28576,28801
2025-11-15 01:00,2025-11-15,1,630000,ОЭС УРАЛА,29193,28586
2025-11-15 02:00,2025-11-15,2,630000,ОЭС УРАЛА,28711,28535
2025-11-15 03:00,2025-11-15,3,630000,ОЭС УРАЛА,28109,28555
2025-11-15 04:00,2025-11-15,4,630000,ОЭС УРАЛА,28678,29019
2025-11-15 05:00,2025-11-15,5,630000,ОЭС УРАЛА,29264,29331
2025-11-15 06:00,2025-11-15,6,630000,ОЭС УРАЛА,30357,29628
2025-11-15 07:00,2025-11-15,7,630000,ОЭС УРАЛА,31574,30663
2025-11-15 08:00,2025-11-15,8,630000,ОЭС УРАЛА,32302,31293
2025-11-15 09:00,2025-11-15,9,630000,ОЭС УРАЛА,32858,31476
2025-11-15 10:00,2025-11-15,10,630000,ОЭС УРАЛА,33326,31708
2025-11-15 11:00,2025-11-15,11,630000,ОЭС УРАЛА,33647,31912
2025-11-15 12:00,2025-11-15,12,630000,ОЭС УРАЛА,33686,31696
2025-11-15 13:00,2025-11-15,13,630000,ОЭС УРАЛА,33835,31706
2025-11-15 14:00,2025-11-15,14,630000,ОЭС УРАЛА,33947,31545
2025-11-15 15:00,2025-11-15,15,630000,ОЭС УРАЛА,33890,32029
2025-11-15 16:00,2025-11-15,16,630000,ОЭС УРАЛА,34007,32355
2025-11-15 17:00,2025-11-15,17,630000,ОЭС УРАЛА,34098,32175
2025-11-15 18:00,2025-11-15,18,630000,ОЭС УРАЛА,34192,31738
2025-11-15 19:00,2025-11-15,19,630000,ОЭС УРАЛА,34104,31635
2025-11-15 20:00,2025-11-15,20,630000,ОЭС УРАЛА,33367,31273
2025-11-15 21:00,2025-11-15,21,630000,ОЭС УРАЛА,32687,30582
2025-11-15 22:00,2025-11-15,22,630000,ОЭС УРАЛА,32835,29814
2025-11-15 23:00,2025-11-15,23,630000,ОЭС УРАЛА,31648,29151
2025-11-16 00:00,2025-11-16,0,630000,ОЭС УРАЛА,30684,28726
2025-11-16 01:00,2025-11-16,1,630000,ОЭС УРАЛА,29123,28431
2025-11-16 02:00,2025-11-16,2,630000,ОЭС УРАЛА,28881,28566
2025-11-16 03:00,2025-11-16,3,630000,ОЭС УРАЛА,28191,28215
2025-11-16 04:00,2025-11-16,4,630000,ОЭС УРАЛА,28182,28405
2025-11-16 05:00,2025-11-16,5,630000,ОЭС УРАЛА,28566,28517
2025-11-16 06:00,2025-11-16,6,630000,ОЭС УРАЛА,28824,29224
2025-11-16 07:00,2025-11-16,7,630000,ОЭС УРАЛА,29983,29725
2025-11-16 08:00,2025-11-16,8,630000,ОЭС УРАЛА,30937,30613
2025-11-16 09:00,2025-11-16,9,630000,ОЭС УРАЛА,31758,31249
2025-11-16 10:00,2025-11-16,10,630000,ОЭС УРАЛА,32524,31382
2025-11-16 11:00,2025-11-16,11,630000,ОЭС УРАЛА,32819,31360
2025-11-16 12:00,2025-11-16,12,630000,ОЭС УРАЛА,32938,31500
2025-11-16 13:00,2025-11-16,13,630000,ОЭС УРАЛА,33273,31505
2025-11-16 14:00,2025-11-16,14,630000,ОЭС УРАЛА,33414,31552
2025-11-16 15:00,2025-11-16,15,630000,ОЭС УРАЛА,33481,31997
2025-11-16 16:00,2025-11-16,16,630000,ОЭС УРАЛА,33574,32359
2025-11-16 17:00,2025-11-16,17,630000,ОЭС УРАЛА,33602,32078
2025-11-16 18:00,2025-11-16,18,630000,ОЭС УРАЛА,33131,31737
2025-11-16 19:00,2025-11-16,19,630000,ОЭС УРАЛА,32832,31538
2025-11-16 20:00,2025-11-16,20,630000,ОЭС УРАЛА,32682,31081
2025-11-16 21:00,2025-11-16,21,630000,ОЭС УРАЛА,32306,30356
2025-11-16 22:00,2025-11-16,22,630000,ОЭС УРАЛА,31726,29478
2025-11-16 23:00,2025-11-16,23,630000,ОЭС УРАЛА,30319,28802
2025-11-17 00:00,2025-11-17,0,630000,ОЭС УРАЛА,28693,28513
2025-11-17 01:00,2025-11-17,1,630000,ОЭС УРАЛА,28543,28251
2025-11-17 02:00,2025-11-17,2,630000,ОЭС УРАЛА,28095,28159
2025-11-17 03:00,2025-11-17,3,630000,ОЭС УРАЛА,27852,28274
2025-11-17 04:00,2025-11-17,4,630000,ОЭС УРАЛА,29061,29006
2025-11-17 05:00,2025-11-17,5,630000,ОЭС УРАЛА,30850,30230
2025-11-17 06:00,2025-11-17,6,630000,ОЭС УРАЛА,32227,31059
2025-11-17 07:00,2025-11-17,7,630000,ОЭС УРАЛА,32985,32181
2025-11-17 08:00,2025-11-17,8,630000,ОЭС УРАЛА,33598,32165
2025-11-17 09:00,2025-11-17,9,630000,ОЭС УРАЛА,33988,32347
2025-11-17 10:00,2025-11-17,10,630000,ОЭС УРАЛА,33875,32219
2025-11-17 11:00,2025-11-17,11,630000,ОЭС УРАЛА,33084,31946
2025-11-17 12:00,2025-11-17,12,630000,ОЭС УРАЛА,33232,31982
2025-11-17 13:00,2025-11-17,13,630000,ОЭС УРАЛА,33213,32051
2025-11-17 14:00,2025-11-17,14,630000,ОЭС УРАЛА,33526,32020
2025-11-17 15:00,2025-11-17,15,630000,ОЭС УРАЛА,33776,32443
2025-11-17 16:00,2025-11-17,16,630000,ОЭС УРАЛА,33873,32774
2025-11-17 17:00,2025-11-17,17,630000,ОЭС УРАЛА,33742,32343
2025-11-17 18:00,2025-11-17,18,630000,ОЭС УРАЛА,33722,31973
2025-11-17 19:00,2025-11-17,19,630000,ОЭС УРАЛА,33709,31877
2025-11-17 20:00,2025-11-17,20,630000,ОЭС УРАЛА,33492,31216
2025-11-17 21:00,2025-11-17,21,630000,ОЭС УРАЛА,33185,30552
2025-11-17 22:00,2025-11-17,22,630000,ОЭС УРАЛА,32097,29541
2025-11-17 23:00,2025-11-17,23,630000,ОЭС УРАЛА,30915,29089
2025-11-18 00:00,2025-11-18,0,630000,ОЭС УРАЛА,29673,28784
2025-11-18 01:00,2025-11-18,1,630000,ОЭС УРАЛА,28832,28644
2025-11-18 02:00,2025-11-18,2,630000,ОЭС УРАЛА,28332,28834
2025-11-18 03:00,2025-11-18,3,630000,ОЭС УРАЛА,28464,28948
2025-11-18 04:00,2025-11-18,4,630000,ОЭС УРАЛА,29564,29271
2025-11-18 05:00,2025-11-18,5,630000,ОЭС УРАЛА,30800,30498
2025-11-18 06:00,2025-11-18,6,630000,ОЭС УРАЛА,32036,31206
2025-11-18 07:00,2025-11-18,7,630000,ОЭС УРАЛА,33442,32229
2025-11-18 08:00,2025-11-18,8,630000,ОЭС УРАЛА,33642,32312
2025-11-18 09:00,2025-11-18,9,630000,ОЭС УРАЛА,34101,32250
2025-11-18 10:00,2025-11-18,10,630000,ОЭС УРАЛА,33719,32105
2025-11-18 11:00,2025-11-18,11,630000,ОЭС УРАЛА,33724,31814
2025-11-18 12:00,2025-11-18,12,630000,ОЭС УРАЛА,33808,31841
2025-11-18 13:00,2025-11-18,13,630000,ОЭС УРАЛА,33862,31715
2025-11-18 14:00,2025-11-18,14,630000,ОЭС УРАЛА,33989,31982
2025-11-18 15:00,2025-11-18,15,630000,ОЭС УРАЛА,34040,32307
2025-11-18 16:00,2025-11-18,16,630000,ОЭС УРАЛА,34100,32471
2025-11-18 17:00,2025-11-18,17,630000,ОЭС УРАЛА,34139,32100
2025-11-18 18:00,2025-11-18,18,630000,ОЭС УРАЛА,34103,32117
2025-11-18 19:00,2025-11-18,19,630000,ОЭС УРАЛА,33796,31660
2025-11-18 20:00,2025-11-18,20,630000,ОЭС УРАЛА,33404,31150
2025-11-18 21:00,2025-11-18,21,630000,ОЭС УРАЛА,33009,30565
2025-11-18 22:00,2025-11-18,22,630000,ОЭС УРАЛА,31994,29665
2025-11-18 23:00,2025-11-18,23,630000,ОЭС УРАЛА,31570,29414
2025-11-19 00:00,2025-11-19,0,630000,ОЭС УРАЛА,30564,28701
2025-11-19 01:00,2025-11-19,1,630000,ОЭС УРАЛА,29236,28454
2025-11-19 02:00,2025-11-19,2,630000,ОЭС УРАЛА,28731,28242
2025-11-19 03:00,2025-11-19,3,630000,ОЭС УРАЛА,28540,28471
2025-11-19 04:00,2025-11-19,4,630000,ОЭС УРАЛА,28999,29078
2025-11-19 05:00,2025-11-19,5,630000,ОЭС УРАЛА,30260,30169
2025-11-19 06:00,2025-11-19,6,630000,ОЭС УРАЛА,31633,30931
2025-11-19 07:00,2025-11-19,7,630000,ОЭС УРАЛА,32793,31843
2025-11-19 08:00,2025-11-19,8,630000,ОЭС УРАЛА,33549,31823
2025-11-19 09:00,2025-11-19,9,630000,ОЭС УРАЛА,33829,31997
2025-11-19 10:00,2025-11-19,10,630000,ОЭС УРАЛА,33962,31879
2025-11-19 11:00,2025-11-19,11,630000,ОЭС УРАЛА,33895,32062
2025-11-19 12:00,2025-11-19,12,630000,ОЭС УРАЛА,33827,31992
2025-11-19 13:00,2025-11-19,13,630000,ОЭС УРАЛА,33779,31972
2025-11-19 14:00,2025-11-19,14,630000,ОЭС УРАЛА,34143,32058
2025-11-19 15:00,2025-11-19,15,630000,ОЭС УРАЛА,34201,32307
2025-11-19 16:00,2025-11-19,16,630000,ОЭС УРАЛА,34148,32520
2025-11-19 17:00,2025-11-19,17,630000,ОЭС УРАЛА,34130,32318
2025-11-19 18:00,2025-11-19,18,630000,ОЭС УРАЛА,33893,31858
2025-11-19 19:00,2025-11-19,19,630000,ОЭС УРАЛА,33491,31748
2025-11-19 20:00,2025-11-19,20,630000,ОЭС УРАЛА,32886,31107
2025-11-19 21:00,2025-11-19,21,630000,ОЭС УРАЛА,32137,30275
2025-11-19 22:00,2025-11-19,22,630000,ОЭС УРАЛА,30954,29565
2025-11-19 23:00,2025-11-19,23,630000,ОЭС УРАЛА,29840,28877
2025-11-20 00:00,2025-11-20,0,630000,ОЭС УРАЛА,28432,28376
2025-11-20 01:00,2025-11-20,1,630000,ОЭС УРАЛА,28106,27959
2025-11-20 02:00,2025-11-20,2,630000,ОЭС УРАЛА,27392,28232
2025-11-20 03:00,2025-11-20,3,630000,ОЭС УРАЛА,27191,28374
2025-11-20 04:00,2025-11-20,4,630000,ОЭС УРАЛА,27951,28781
2025-11-20 05:00,2025-11-20,5,630000,ОЭС УРАЛА,29229,30002
2025-11-20 06:00,2025-11-20,6,630000,ОЭС УРАЛА,31287,30792
2025-11-20 07:00,2025-11-20,7,630000,ОЭС УРАЛА,33281,31652
2025-11-20 08:00,2025-11-20,8,630000,ОЭС УРАЛА,33870,32005
2025-11-20 09:00,2025-11-20,9,630000,ОЭС УРАЛА,34177,32036
2025-11-20 10:00,2025-11-20,10,630000,ОЭС УРАЛА,34332,31902
2025-11-20 11:00,2025-11-20,11,630000,ОЭС УРАЛА,34193,31820
2025-11-20 12:00,2025-11-20,12,630000,ОЭС УРАЛА,34074,31735
2025-11-20 13:00,2025-11-20,13,630000,ОЭС УРАЛА,33918,31820
2025-11-20 14:00,2025-11-20,14,630000,ОЭС УРАЛА,33899,31908
2025-11-20 15:00,2025-11-20,15,630000,ОЭС УРАЛА,33993,32204
2025-11-20 16:00,2025-11-20,16,630000,ОЭС УРАЛА,34043,32529
2025-11-20 17:00,2025-11-20,17,630000,ОЭС УРАЛА,34089,32219
2025-11-20 18:00,2025-11-20,18,630000,ОЭС УРАЛА,34093,31924
2025-11-20 19:00,2025-11-20,19,630000,ОЭС УРАЛА,34327,31945
2025-11-20 20:00,2025-11-20,20,630000,ОЭС УРАЛА,34359,31660
2025-11-20 21:00,2025-11-20,21,630000,ОЭС УРАЛА,33315,30545
2025-11-20 22:00,2025-11-20,22,630000,ОЭС УРАЛА,31456,29789
2025-11-20 23:00,2025-11-20,23,630000,ОЭС УРАЛА,30307,29356
2025-11-21 00:00,2025-11-21,0,630000,ОЭС УРАЛА,28830,28797
2025-11-21 01:00,2025-11-21,1,630000,ОЭС УРАЛА,28322,28613
2025-11-21 02:00,2025-11-21,2,630000,ОЭС УРАЛА,27809,28609
2025-11-21 03:00,2025-11-21,3,630000,ОЭС УРАЛА,27783,28878
2025-11-21 04:00,2025-11-21,4,630000,ОЭС УРАЛА,28123,29439
2025-11-21 05:00,2025-11-21,5,630000,ОЭС УРАЛА,30088,30464
2025-11-21 06:00,2025-11-21,6,630000,ОЭС УРАЛА,31712,31168
2025-11-21 07:00,2025-11-21,7,630000,ОЭС УРАЛА,32894,31995
2025-11-21 08:00,2025-11-21,8,630000,ОЭС УРАЛА,33344,32089
2025-11-21 09:00,2025-11-21,9,630000,ОЭС УРАЛА,34155,32194
2025-11-21 10:00,2025-11-21,10,630000,ОЭС УРАЛА,34130,32182
2025-11-21 11:00,2025-11-21,11,630000,ОЭС УРАЛА,34059,32085
2025-11-21 12:00,2025-11-21,12,630000,ОЭС УРАЛА,34214,32447
2025-11-21 13:00,2025-11-21,13,630000,ОЭС УРАЛА,34181,32342
2025-11-21 14:00,2025-11-21,14,630000,ОЭС УРАЛА,34418,32197
2025-11-21 15:00,2025-11-21,15,630000,ОЭС УРАЛА,34341,32592
2025-11-21 16:00,2025-11-21,16,630000,ОЭС УРАЛА,34230,32894
2025-11-21 17:00,2025-11-21,17,630000,ОЭС УРАЛА,34468,32676
2025-11-21 18:00,2025-11-21,18,630000,ОЭС УРАЛА,34373,32263
2025-11-21 19:00,2025-11-21,19,630000,ОЭС УРАЛА,33992,32072
2025-11-21 20:00,2025-11-21,20,630000,ОЭС УРАЛА,33354,31554
2025-11-21 21:00,2025-11-21,21,630000,ОЭС УРАЛА,32820,30896
2025-11-21 22:00,2025-11-21,22,630000,ОЭС УРАЛА,32054,30405
2025-11-21 23:00,2025-11-21,23,630000,ОЭС УРАЛА,31174,29669
2025-11-22 00:00,2025-11-22,0,630000,ОЭС УРАЛА,30328,29207
2025-11-22 01:00,2025-11-22,1,630000,ОЭС УРАЛА,29410,28978
2025-11-22 02:00,2025-11-22,2,630000,ОЭС УРАЛА,29321,28861
2025-11-22 03:00,2025-11-22,3,630000,ОЭС УРАЛА,29368,28830
2025-11-22 04:00,2025-11-22,4,630000,ОЭС УРАЛА,29249,29210
2025-11-22 05:00,2025-11-22,5,630000,ОЭС УРАЛА,29472,29720
2025-11-22 06:00,2025-11-22,6,630000,ОЭС УРАЛА,30590,30243
2025-11-22 07:00,2025-11-22,7,630000,ОЭС УРАЛА,31943,31152
2025-11-22 08:00,2025-11-22,8,630000,ОЭС УРАЛА,32683,31871
2025-11-22 09:00,2025-11-22,9,630000,ОЭС УРАЛА,32979,32216
2025-11-22 10:00,2025-11-22,10,630000,ОЭС УРАЛА,33888,32344
2025-11-22 11:00,2025-11-22,11,630000,ОЭС УРАЛА,33930,32471
2025-11-22 12:00,2025-11-22,12,630000,ОЭС УРАЛА,33967,32546
2025-11-22 13:00,2025-11-22,13,630000,ОЭС УРАЛА,33913,32570
2025-11-22 14:00,2025-11-22,14,630000,ОЭС УРАЛА,33916,32554
2025-11-22 15:00,2025-11-22,15,630000,ОЭС УРАЛА,33962,32961
2025-11-22 16:00,2025-11-22,16,630000,ОЭС УРАЛА,33980,33223
2025-11-22 17:00,2025-11-22,17,630000,ОЭС УРАЛА,33723,32672
2025-11-22 18:00,2025-11-22,18,630000,ОЭС УРАЛА,33643,32070
2025-11-22 19:00,2025-11-22,19,630000,ОЭС УРАЛА,33623,32067
2025-11-22 20:00,2025-11-22,20,630000,ОЭС УРАЛА,33339,31415
2025-11-22 21:00,2025-11-22,21,630000,ОЭС УРАЛА,32884,31053
2025-11-22 22:00,2025-11-22,22,630000,ОЭС УРАЛА,32112,30254
2025-11-22 23:00,2025-11-22,23,630000,ОЭС УРАЛА,31503,29836
2025-11-23 00:00,2025-11-23,0,630000,ОЭС УРАЛА,30713,29412
2025-11-23 01:00,2025-11-23,1,630000,ОЭС УРАЛА,29151,28914
2025-11-23 02:00,2025-11-23,2,630000,ОЭС УРАЛА,28956,28771
2025-11-23 03:00,2025-11-23,3,630000,ОЭС УРАЛА,28475,28866
2025-11-23 04:00,2025-11-23,4,630000,ОЭС УРАЛА,28606,28918
2025-11-23 05:00,2025-11-23,5,630000,ОЭС УРАЛА,28778,28966
2025-11-23 06:00,2025-11-23,6,630000,ОЭС УРАЛА,29659,29565
2025-11-23 07:00,2025-11-23,7,630000,ОЭС УРАЛА,30873,30010
2025-11-23 08:00,2025-11-23,8,630000,ОЭС УРАЛА,31976,30911
2025-11-23 09:00,2025-11-23,9,630000,ОЭС УРАЛА,32441,31498
2025-11-23 10:00,2025-11-23,10,630000,ОЭС УРАЛА,32917,31687
2025-11-23 11:00,2025-11-23,11,630000,ОЭС УРАЛА,33243,31670
2025-11-23 12:00,2025-11-23,12,630000,ОЭС УРАЛА,33547,31741
2025-11-23 13:00,2025-11-23,13,630000,ОЭС УРАЛА,33593,31935
2025-11-23 14:00,2025-11-23,14,630000,ОЭС УРАЛА,33694,32176
2025-11-23 15:00,2025-11-23,15,630000,ОЭС УРАЛА,33796,32400
2025-11-23 16:00,2025-11-23,16,630000,ОЭС УРАЛА,33873,32578
2025-11-23 17:00,2025-11-23,17,630000,ОЭС УРАЛА,33834,32522
2025-11-23 18:00,2025-11-23,18,630000,ОЭС УРАЛА,33691,31946
2025-11-23 19:00,2025-11-23,19,630000,ОЭС УРАЛА,33400,32017
2025-11-23 20:00,2025-11-23,20,630000,ОЭС УРАЛА,33339,31192
2025-11-23 21:00,2025-11-23,21,630000,ОЭС УРАЛА,32916,30649
2025-11-23 22:00,2025-11-23,22,630000,ОЭС УРАЛА,31575,29523
2025-11-23 23:00,2025-11-23,23,630000,ОЭС УРАЛА,30103,29006
2025-11-24 00:00,2025-11-24,0,630000,ОЭС УРАЛА,28202,28767
2025-11-24 01:00,2025-11-24,1,630000,ОЭС УРАЛА,28077,28418
2025-11-24 02:00,2025-11-24,2,630000,ОЭС УРАЛА,27975,28396
2025-11-24 03:00,2025-11-24,3,630000,ОЭС УРАЛА,27658,28591
2025-11-24 04:00,2025-11-24,4,630000,ОЭС УРАЛА,28342,29131
2025-11-24 05:00,2025-11-24,5,630000,ОЭС УРАЛА,29883,30429
2025-11-24 06:00,2025-11-24,6,630000,ОЭС УРАЛА,32429,31404
2025-11-24 07:00,2025-11-24,7,630000,ОЭС УРАЛА,33847,32313
2025-11-24 08:00,2025-11-24,8,630000,ОЭС УРАЛА,34662,32717
2025-11-24 09:00,2025-11-24,9,630000,ОЭС УРАЛА,35038,32912
2025-11-24 10:00,2025-11-24,10,630000,ОЭС УРАЛА,35064,32769
2025-11-24 11:00,2025-11-24,11,630000,ОЭС УРАЛА,34906,32531
2025-11-24 12:00,2025-11-24,12,630000,ОЭС УРАЛА,34926,32971
2025-11-24 13:00,2025-11-24,13,630000,ОЭС УРАЛА,34982,32725
2025-11-24 14:00,2025-11-24,14,630000,ОЭС УРАЛА,34978,32854
2025-11-24 15:00,2025-11-24,15,630000,ОЭС УРАЛА,35159,32956
2025-11-24 16:00,2025-11-24,16,630000,ОЭС УРАЛА,35342,32971
2025-11-24 17:00,2025-11-24,17,630000,ОЭС УРАЛА,35124,32665
2025-11-24 18:00,2025-11-24,18,630000,ОЭС УРАЛА,34930,32420
2025-11-24 19:00,2025-11-24,19,630000,ОЭС УРАЛА,34546,32242
2025-11-24 20:00,2025-11-24,20,630000,ОЭС УРАЛА,34344,31690
2025-11-24 21:00,2025-11-24,21,630000,ОЭС УРАЛА,33685,30999
2025-11-24 22:00,2025-11-24,22,630000,ОЭС УРАЛА,32034,30143
2025-11-24 23:00,2025-11-24,23,630000,ОЭС УРАЛА,30165,29517
2025-11-25 00:00,2025-11-25,0,630000,ОЭС УРАЛА,29034,29165
2025-11-25 01:00,2025-11-25,1,630000,ОЭС УРАЛА,28905,28747
2025-11-25 02:00,2025-11-25,2,630000,ОЭС УРАЛА,28229,28925
2025-11-25 03:00,2025-11-25,3,630000,ОЭС УРАЛА,27931,28973
2025-11-25 04:00,2025-11-25,4,630000,ОЭС УРАЛА,28188,29504
2025-11-25 05:00,2025-11-25,5,630000,ОЭС УРАЛА,29146,30721
2025-11-25 06:00,2025-11-25,6,630000,ОЭС УРАЛА,31713,31440
2025-11-25 07:00,2025-11-25,7,630000,ОЭС УРАЛА,33503,32267
2025-11-25 08:00,2025-11-25,8,630000,ОЭС УРАЛА,34184,32511
2025-11-25 09:00,2025-11-25,9,630000,ОЭС УРАЛА,34902,32551
2025-11-25 10:00,2025-11-25,10,630000,ОЭС УРАЛА,34461,32566
2025-11-25 11:00,2025-11-25,11,630000,ОЭС УРАЛА,34090,32293
2025-11-25 12:00,2025-11-25,12,630000,ОЭС УРАЛА,34081,32322
2025-11-25 13:00,2025-11-25,13,630000,ОЭС УРАЛА,34163,32224
2025-11-25 14:00,2025-11-25,14,630000,ОЭС УРАЛА,34267,32583
2025-11-25 15:00,2025-11-25,15,630000,ОЭС УРАЛА,34547,32862
2025-11-25 16:00,2025-11-25,16,630000,ОЭС УРАЛА,34510,32724
2025-11-25 17:00,2025-11-25,17,630000,ОЭС УРАЛА,34541,32633
2025-11-25 18:00,2025-11-25,18,630000,ОЭС УРАЛА,34151,32375
2025-11-25 19:00,2025-11-25,19,630000,ОЭС УРАЛА,33976,32142
2025-11-25 20:00,2025-11-25,20,630000,ОЭС УРАЛА,33471,31416
2025-11-25 21:00,2025-11-25,21,630000,ОЭС УРАЛА,32550,30591
2025-11-25 22:00,2025-11-25,22,630000,ОЭС УРАЛА,31631,29770
2025-11-25 23:00,2025-11-25,23,630000,ОЭС УРАЛА,29629,29273
2025-11-26 00:00,2025-11-26,0,630000,ОЭС УРАЛА,28303,28565
2025-11-26 01:00,2025-11-26,1,630000,ОЭС УРАЛА,28068,28417
2025-11-26 02:00,2025-11-26,2,630000,ОЭС УРАЛА,27457,28381
2025-11-26 03:00,2025-11-26,3,630000,ОЭС УРАЛА,27281,28524
2025-11-26 04:00,2025-11-26,4,630000,ОЭС УРАЛА,28114,28960
2025-11-26 05:00,2025-11-26,5,630000,ОЭС УРАЛА,29337,30163
2025-11-26 06:00,2025-11-26,6,630000,ОЭС УРАЛА,31812,31085
2025-11-26 07:00,2025-11-26,7,630000,ОЭС УРАЛА,33354,31870
2025-11-26 08:00,2025-11-26,8,630000,ОЭС УРАЛА,34379,32024
2025-11-26 09:00,2025-11-26,9,630000,ОЭС УРАЛА,34521,32101
2025-11-26 10:00,2025-11-26,10,630000,ОЭС УРАЛА,34508,32101
2025-11-26 11:00,2025-11-26,11,630000,ОЭС УРАЛА,34071,31953
2025-11-26 12:00,2025-11-26,12,630000,ОЭС УРАЛА,34101,32050
2025-11-26 13:00,2025-11-26,13,630000,ОЭС УРАЛА,34072,31932
2025-11-26 14:00,2025-11-26,14,630000,ОЭС УРАЛА,34173,32163
2025-11-26 15:00,2025-11-26,15,630000,ОЭС УРАЛА,34320,32516
2025-11-26 16:00,2025-11-26,16,630000,ОЭС УРАЛА,34667,32754
2025-11-26 17:00,2025-11-26,17,630000,ОЭС УРАЛА,34653,32601
2025-11-26 18:00,2025-11-26,18,630000,ОЭС УРАЛА,34624,32089
2025-11-26 19:00,2025-11-26,19,630000,ОЭС УРАЛА,34393,32059
2025-11-26 20:00,2025-11-26,20,630000,ОЭС УРАЛА,33672,31347
2025-11-26 21:00,2025-11-26,21,630000,ОЭС УРАЛА,33689,30755
2025-11-26 22:00,2025-11-26,22,630000,ОЭС УРАЛА,32341,29613
2025-11-26 23:00,2025-11-26,23,630000,ОЭС УРАЛА,30834,29149
2025-11-27 00:00,2025-11-27,0,630000,ОЭС УРАЛА,29615,28768
2025-11-27 01:00,2025-11-27,1,630000,ОЭС УРАЛА,28544,28381
2025-11-27 02:00,2025-11-27,2,630000,ОЭС УРАЛА,28317,28474
2025-11-27 03:00,2025-11-27,3,630000,ОЭС УРАЛА,28157,28792
2025-11-27 04:00,2025-11-27,4,630000,ОЭС УРАЛА,28941,29115
2025-11-27 05:00,2025-11-27,5,630000,ОЭС УРАЛА,30281,30260
2025-11-27 06:00,2025-11-27,6,630000,ОЭС УРАЛА,33026,31430
2025-11-27 07:00,2025-11-27,7,630000,ОЭС УРАЛА,34247,32204
2025-11-27 08:00,2025-11-27,8,630000,ОЭС УРАЛА,35243,32568
2025-11-27 09:00,2025-11-27,9,630000,ОЭС УРАЛА,35256,32486
2025-11-27 10:00,2025-11-27,10,630000,ОЭС УРАЛА,35061,32483
2025-11-27 11:00,2025-11-27,11,630000,ОЭС УРАЛА,35062,32146
2025-11-27 12:00,2025-11-27,12,630000,ОЭС УРАЛА,35210,32355
2025-11-27 13:00,2025-11-27,13,630000,ОЭС УРАЛА,35247,32410
2025-11-27 14:00,2025-11-27,14,630000,ОЭС УРАЛА,35162,32440
2025-11-27 15:00,2025-11-27,15,630000,ОЭС УРАЛА,35308,32729
2025-11-27 16:00,2025-11-27,16,630000,ОЭС УРАЛА,35593,32995
2025-11-27 17:00,2025-11-27,17,630000,ОЭС УРАЛА,35539,32881
2025-11-27 18:00,2025-11-27,18,630000,ОЭС УРАЛА,35278,32448
2025-11-27 19:00,2025-11-27,19,630000,ОЭС УРАЛА,35041,32320
2025-11-27 20:00,2025-11-27,20,630000,ОЭС УРАЛА,34457,31782
2025-11-27 21:00,2025-11-27,21,630000,ОЭС УРАЛА,33354,30977
2025-11-27 22:00,2025-11-27,22,630000,ОЭС УРАЛА,33455,30369
2025-11-27 23:00,2025-11-27,23,630000,ОЭС УРАЛА,30417,29579
2025-11-28 00:00,2025-11-28,0,630000,ОЭС УРАЛА,29721,29229
2025-11-28 01:00,2025-11-28,1,630000,ОЭС УРАЛА,29284,28976
2025-11-28 02:00,2025-11-28,2,630000,ОЭС УРАЛА,28920,28942
2025-11-28 03:00,2025-11-28,3,630000,ОЭС УРАЛА,28732,28797
2025-11-28 04:00,2025-11-28,4,630000,ОЭС УРАЛА,29266,29729
2025-11-28 05:00,2025-11-28,5,630000,ОЭС УРАЛА,30298,30789
2025-11-28 06:00,2025-11-28,6,630000,ОЭС УРАЛА,32228,31806
2025-11-28 07:00,2025-11-28,7,630000,ОЭС УРАЛА,34424,32830
2025-11-28 08:00,2025-11-28,8,630000,ОЭС УРАЛА,35146,32995
2025-11-28 09:00,2025-11-28,9,630000,ОЭС УРАЛА,35491,32939
2025-11-28 10:00,2025-11-28,10,630000,ОЭС УРАЛА,35238,32945
2025-11-28 11:00,2025-11-28,11,630000,ОЭС УРАЛА,35380,32663
2025-11-28 12:00,2025-11-28,12,630000,ОЭС УРАЛА,35216,32802
2025-11-28 13:00,2025-11-28,13,630000,ОЭС УРАЛА,35282,32862
2025-11-28 14:00,2025-11-28,14,630000,ОЭС УРАЛА,35226,32966
2025-11-28 15:00,2025-11-28,15,630000,ОЭС УРАЛА,35243,33261
2025-11-28 16:00,2025-11-28,16,630000,ОЭС УРАЛА,35108,33151
2025-11-28 17:00,2025-11-28,17,630000,ОЭС УРАЛА,35359,33244
2025-11-28 18:00,2025-11-28,18,630000,ОЭС УРАЛА,35045,32331
2025-11-28 19:00,2025-11-28,19,630000,ОЭС УРАЛА,34237,32332
2025-11-28 20:00,2025-11-28,20,630000,ОЭС УРАЛА,34133,31977
2025-11-28 21:00,2025-11-28,21,630000,ОЭС УРАЛА,33966,31433
2025-11-28 22:00,2025-11-28,22,630000,ОЭС УРАЛА,32775,30729
2025-11-28 23:00,2025-11-28,23,630000,ОЭС УРАЛА,31600,30116
2025-11-29 00:00,2025-11-29,0,630000,ОЭС УРАЛА,30724,29738
2025-11-29 01:00,2025-11-29,1,630000,ОЭС УРАЛА,29455,29298
2025-11-29 02:00,2025-11-29,2,630000,ОЭС УРАЛА,29684,29232
2025-11-29 03:00,2025-11-29,3,630000,ОЭС УРАЛА,29630,29390
2025-11-29 04:00,2025-11-29,4,630000,ОЭС УРАЛА,29453,29704
2025-11-29 05:00,2025-11-29,5,630000,ОЭС УРАЛА,30019,29991
2025-11-29 06:00,2025-11-29,6,630000,ОЭС УРАЛА,30920,30508
2025-11-29 07:00,2025-11-29,7,630000,ОЭС УРАЛА,32232,31559
2025-11-29 08:00,2025-11-29,8,630000,ОЭС УРАЛА,32796,31988
2025-11-29 09:00,2025-11-29,9,630000,ОЭС УРАЛА,33389,32139
2025-11-29 10:00,2025-11-29,10,630000,ОЭС УРАЛА,33775,32239
2025-11-29 11:00,2025-11-29,11,630000,ОЭС УРАЛА,34479,32159
2025-11-29 12:00,2025-11-29,12,630000,ОЭС УРАЛА,34426,32037
2025-11-29 13:00,2025-11-29,13,630000,ОЭС УРАЛА,34362,32156
2025-11-29 14:00,2025-11-29,14,630000,ОЭС УРАЛА,34280,32067
2025-11-29 15:00,2025-11-29,15,630000,ОЭС УРАЛА,34413,32676
2025-11-29 16:00,2025-11-29,16,630000,ОЭС УРАЛА,34517,32446
2025-11-29 17:00,2025-11-29,17,630000,ОЭС УРАЛА,34661,32291
2025-11-29 18:00,2025-11-29,18,630000,ОЭС УРАЛА,34615,31702
2025-11-29 19:00,2025-11-29,19,630000,ОЭС УРАЛА,34142,31638
2025-11-29 20:00,2025-11-29,20,630000,ОЭС УРАЛА,33466,31100
2025-11-29 21:00,2025-11-29,21,630000,ОЭС УРАЛА,32919,30527
2025-11-29 22:00,2025-11-29,22,630000,ОЭС УРАЛА,32730,29928
2025-11-29 23:00,2025-11-29,23,630000,ОЭС УРАЛА,31017,29222
2025-11-30 00:00,2025-11-30,0,630000,ОЭС УРАЛА,30093,28687
2025-11-30 01:00,2025-11-30,1,630000,ОЭС УРАЛА,29232,28564
2025-11-30 02:00,2025-11-30,2,630000,ОЭС УРАЛА,28729,28521
2025-11-30 03:00,2025-11-30,3,630000,ОЭС УРАЛА,28202,28357
2025-11-30 04:00,2025-11-30,4,630000,ОЭС УРАЛА,28276,28593
2025-11-30 05:00,2025-11-30,5,630000,ОЭС УРАЛА,28681,29018
2025-11-30 06:00,2025-11-30,6,630000,ОЭС УРАЛА,29118,29157
2025-11-30 07:00,2025-11-30,7,630000,ОЭС УРАЛА,30038,30156
2025-11-30 08:00,2025-11-30,8,630000,ОЭС УРАЛА,32210,30609
2025-11-30 09:00,2025-11-30,9,630000,ОЭС УРАЛА,33255,31104
2025-11-30 10:00,2025-11-30,10,630000,ОЭС УРАЛА,33437,31375
2025-11-30 11:00,2025-11-30,11,630000,ОЭС УРАЛА,33833,31280
2025-11-30 12:00,2025-11-30,12,630000,ОЭС УРАЛА,33997,31533
2025-11-30 13:00,2025-11-30,13,630000,ОЭС УРАЛА,34060,31441
2025-11-30 14:00,2025-11-30,14,630000,ОЭС УРАЛА,34325,31491
2025-11-30 15:00,2025-11-30,15,630000,ОЭС УРАЛА,34570,31975
2025-11-30 16:00,2025-11-30,16,630000,ОЭС УРАЛА,34584,32259
2025-11-30 17:00,2025-11-30,17,630000,ОЭС УРАЛА,34463,32024
2025-11-30 18:00,2025-11-30,18,630000,ОЭС УРАЛА,34301,31759
2025-11-30 19:00,2025-11-30,19,630000,ОЭС УРАЛА,33869,31395
2025-11-30 20:00,2025-11-30,20,630000,ОЭС УРАЛА,33660,30907
2025-11-30 21:00,2025-11-30,21,630000,ОЭС УРАЛА,33504,30207
2025-11-30 22:00,2025-11-30,22,630000,ОЭС УРАЛА,33043,29596
2025-11-30 23:00,2025-11-30,23,630000,ОЭС УРАЛА,30993,28886
2025-12-01 00:00,2025-12-01,0,630000,ОЭС УРАЛА,29654,28595
2025-12-01 01:00,2025-12-01,1,630000,ОЭС УРАЛА,28670,28344
2025-12-01 02:00,2025-12-01,2,630000,ОЭС УРАЛА,27704,28039
2025-12-01 03:00,2025-12-01,3,630000,ОЭС УРАЛА,27023,28253
2025-12-01 04:00,2025-12-01,4,630000,ОЭС УРАЛА,27384,28907
2025-12-01 05:00,2025-12-01,5,630000,ОЭС УРАЛА,29293,29877
2025-12-01 06:00,2025-12-01,6,630000,ОЭС УРАЛА,31716,30839
2025-12-01 07:00,2025-12-01,7,630000,ОЭС УРАЛА,33547,31834
2025-12-01 08:00,2025-12-01,8,630000,ОЭС УРАЛА,34573,32012
2025-12-01 09:00,2025-12-01,9,630000,ОЭС УРАЛА,34762,31946
2025-12-01 10:00,2025-12-01,10,630000,ОЭС УРАЛА,34675,32050
2025-12-01 11:00,2025-12-01,11,630000,ОЭС УРАЛА,34482,32036
2025-12-01 12:00,2025-12-01,12,630000,ОЭС УРАЛА,34574,32110
2025-12-01 13:00,2025-12-01,13,630000,ОЭС УРАЛА,34541,32129
2025-12-01 14:00,2025-12-01,14,630000,ОЭС УРАЛА,34633,32193
2025-12-01 15:00,2025-12-01,15,630000,ОЭС УРАЛА,34797,32449
2025-12-01 16:00,2025-12-01,16,630000,ОЭС УРАЛА,34984,32585
2025-12-01 17:00,2025-12-01,17,630000,ОЭС УРАЛА,34882,32223
2025-12-01 18:00,2025-12-01,18,630000,ОЭС УРАЛА,34784,32088
2025-12-01 19:00,2025-12-01,19,630000,ОЭС УРАЛА,34540,31750
2025-12-01 20:00,2025-12-01,20,630000,ОЭС УРАЛА,34178,31328
2025-12-01 21:00,2025-12-01,21,630000,ОЭС УРАЛА,33073,30496
2025-12-01 22:00,2025-12-01,22,630000,ОЭС УРАЛА,32079,29550
2025-12-01 23:00,2025-12-01,23,630000,ОЭС УРАЛА,29817,29069
2025-12-02 00:00,2025-12-02,0,630000,ОЭС УРАЛА,30024,28752
2025-12-02 01:00,2025-12-02,1,630000,ОЭС УРАЛА,28881,28444
2025-12-02 02:00,2025-12-02,2,630000,ОЭС УРАЛА,28604,28391
2025-12-02 03:00,2025-12-02,3,630000,ОЭС УРАЛА,28361,28495
2025-12-02 04:00,2025-12-02,4,630000,ОЭС УРАЛА,28736,28964
2025-12-02 05:00,2025-12-02,5,630000,ОЭС УРАЛА,29948,30097
2025-12-02 06:00,2025-12-02,6,630000,ОЭС УРАЛА,31979,31092
2025-12-02 07:00,2025-12-02,7,630000,ОЭС УРАЛА,33347,32190
2025-12-02 08:00,2025-12-02,8,630000,ОЭС УРАЛА,33657,32337
2025-12-02 09:00,2025-12-02,9,630000,ОЭС УРАЛА,33620,32375
2025-12-02 10:00,2025-12-02,10,630000,ОЭС УРАЛА,33886,32297
2025-12-02 11:00,2025-12-02,11,630000,ОЭС УРАЛА,33590,31883
2025-12-02 12:00,2025-12-02,12,630000,ОЭС УРАЛА,33623,31973
2025-12-02 13:00,2025-12-02,13,630000,ОЭС УРАЛА,33775,32198
2025-12-02 14:00,2025-12-02,14,630000,ОЭС УРАЛА,33945,32230
2025-12-02 15:00,2025-12-02,15,630000,ОЭС УРАЛА,34155,32509
2025-12-02 16:00,2025-12-02,16,630000,ОЭС УРАЛА,34295,32530
2025-12-02 17:00,2025-12-02,17,630000,ОЭС УРАЛА,34098,32301
2025-12-02 18:00,2025-12-02,18,630000,ОЭС УРАЛА,34201,32282
2025-12-02 19:00,2025-12-02,19,630000,ОЭС УРАЛА,33945,31912
2025-12-02 20:00,2025-12-02,20,630000,ОЭС УРАЛА,33019,31327
2025-12-02 21:00,2025-12-02,21,630000,ОЭС УРАЛА,32299,30575
2025-12-02 22:00,2025-12-02,22,630000,ОЭС УРАЛА,31383,30001
2025-12-02 23:00,2025-12-02,23,630000,ОЭС УРАЛА,29605,29453
2025-12-03 00:00,2025-12-03,0,630000,ОЭС УРАЛА,29475,28826
2025-12-03 01:00,2025-12-03,1,630000,ОЭС УРАЛА,28392,28724
2025-12-03 02:00,2025-12-03,2,630000,ОЭС УРАЛА,28050,28437
2025-12-03 03:00,2025-12-03,3,630000,ОЭС УРАЛА,27871,28811
2025-12-03 04:00,2025-12-03,4,630000,ОЭС УРАЛА,28163,29023
2025-12-03 05:00,2025-12-03,5,630000,ОЭС УРАЛА,29593,30367
2025-12-03 06:00,2025-12-03,6,630000,ОЭС УРАЛА,32005,31324
2025-12-03 07:00,2025-12-03,7,630000,ОЭС УРАЛА,33548,32146
2025-12-03 08:00,2025-12-03,8,630000,ОЭС УРАЛА,33903,32426
2025-12-03 09:00,2025-12-03,9,630000,ОЭС УРАЛА,33883,32301
2025-12-03 10:00,2025-12-03,10,630000,ОЭС УРАЛА,33967,32425
2025-12-03 11:00,2025-12-03,11,630000,ОЭС УРАЛА,33877,32432
2025-12-03 12:00,2025-12-03,12,630000,ОЭС УРАЛА,34103,32347
2025-12-03 13:00,2025-12-03,13,630000,ОЭС УРАЛА,34213,32769
2025-12-03 14:00,2025-12-03,14,630000,ОЭС УРАЛА,34367,32617
2025-12-03 15:00,2025-12-03,15,630000,ОЭС УРАЛА,34817,32699
2025-12-03 16:00,2025-12-03,16,630000,ОЭС УРАЛА,34784,32800
2025-12-03 17:00,2025-12-03,17,630000,ОЭС УРАЛА,34522,32774
2025-12-03 18:00,2025-12-03,18,630000,ОЭС УРАЛА,34549,32457
2025-12-03 19:00,2025-12-03,19,630000,ОЭС УРАЛА,34266,32217
2025-12-03 20:00,2025-12-03,20,630000,ОЭС УРАЛА,33474,31701
2025-12-03 21:00,2025-12-03,21,630000,ОЭС УРАЛА,32813,30862
2025-12-03 22:00,2025-12-03,22,630000,ОЭС УРАЛА,31616,30069
2025-12-03 23:00,2025-12-03,23,630000,ОЭС УРАЛА,30074,29157
2025-12-04 00:00,2025-12-04,0,630000,ОЭС УРАЛА,29776,28910
2025-12-04 01:00,2025-12-04,1,630000,ОЭС УРАЛА,28699,28806
2025-12-04 02:00,2025-12-04,2,630000,ОЭС УРАЛА,28128,28504
2025-12-04 03:00,2025-12-04,3,630000,ОЭС УРАЛА,28522,28691
2025-12-04 04:00,2025-12-04,4,630000,ОЭС УРАЛА,29132,29238
2025-12-04 05:00,2025-12-04,5,630000,ОЭС УРАЛА,30020,30636
2025-12-04 06:00,2025-12-04,6,630000,ОЭС УРАЛА,32022,31634
2025-12-04 07:00,2025-12-04,7,630000,ОЭС УРАЛА,33272,32635
2025-12-04 08:00,2025-12-04,8,630000,ОЭС УРАЛА,34111,32482
2025-12-04 09:00,2025-12-04,9,630000,ОЭС УРАЛА,34083,32599
2025-12-04 10:00,2025-12-04,10,630000,ОЭС УРАЛА,33903,32493
2025-12-04 11:00,2025-12-04,11,630000,ОЭС УРАЛА,33956,32544
2025-12-04 12:00,2025-12-04,12,630000,ОЭС УРАЛА,33860,32782
2025-12-04 13:00,2025-12-04,13,630000,ОЭС УРАЛА,33901,32737
2025-12-04 14:00,2025-12-04,14,630000,ОЭС УРАЛА,34224,32777
2025-12-04 15:00,2025-12-04,15,630000,ОЭС УРАЛА,34190,33011
2025-12-04 16:00,2025-12-04,16,630000,ОЭС УРАЛА,34344,33181
2025-12-04 17:00,2025-12-04,17,630000,ОЭС УРАЛА,34701,33056
2025-12-04 18:00,2025-12-04,18,630000,ОЭС УРАЛА,34431,32647
2025-12-04 19:00,2025-12-04,19,630000,ОЭС УРАЛА,34524,32362
2025-12-04 20:00,2025-12-04,20,630000,ОЭС УРАЛА,34683,31904
2025-12-04 21:00,2025-12-04,21,630000,ОЭС УРАЛА,32623,30911
2025-12-04 22:00,2025-12-04,22,630000,ОЭС УРАЛА,31420,30260
2025-12-04 23:00,2025-12-04,23,630000,ОЭС УРАЛА,30158,29423
2025-12-05 00:00,2025-12-05,0,630000,ОЭС УРАЛА,29571,29270
2025-12-05 01:00,2025-12-05,1,630000,ОЭС УРАЛА,29300,28768
2025-12-05 02:00,2025-12-05,2,630000,ОЭС УРАЛА,28555,28944
2025-12-05 03:00,2025-12-05,3,630000,ОЭС УРАЛА,28311,29030
2025-12-05 04:00,2025-12-05,4,630000,ОЭС УРАЛА,29181,29635
2025-12-05 05:00,2025-12-05,5,630000,ОЭС УРАЛА,30125,30549
2025-12-05 06:00,2025-12-05,6,630000,ОЭС УРАЛА,31608,31366
2025-12-05 07:00,2025-12-05,7,630000,ОЭС УРАЛА,33326,32542
2025-12-05 08:00,2025-12-05,8,630000,ОЭС УРАЛА,33894,32747
2025-12-05 09:00,2025-12-05,9,630000,ОЭС УРАЛА,34072,32848
2025-12-05 10:00,2025-12-05,10,630000,ОЭС УРАЛА,34000,32692
2025-12-05 11:00,2025-12-05,11,630000,ОЭС УРАЛА,34083,32846
2025-12-05 12:00,2025-12-05,12,630000,ОЭС УРАЛА,34233,32840
2025-12-05 13:00,2025-12-05,13,630000,ОЭС УРАЛА,33720,32815
2025-12-05 14:00,2025-12-05,14,630000,ОЭС УРАЛА,33950,32918
2025-12-05 15:00,2025-12-05,15,630000,ОЭС УРАЛА,34483,33226
2025-12-05 16:00,2025-12-05,16,630000,ОЭС УРАЛА,34652,33237
2025-12-05 17:00,2025-12-05,17,630000,ОЭС УРАЛА,34581,32822
2025-12-05 18:00,2025-12-05,18,630000,ОЭС УРАЛА,34486,32671
2025-12-05 19:00,2025-12-05,19,630000,ОЭС УРАЛА,34168,32385
2025-12-05 20:00,2025-12-05,20,630000,ОЭС УРАЛА,33723,32230
2025-12-05 21:00,2025-12-05,21,630000,ОЭС УРАЛА,33165,31289
2025-12-05 22:00,2025-12-05,22,630000,ОЭС УРАЛА,32697,30532
2025-12-05 23:00,2025-12-05,23,630000,ОЭС УРАЛА,30412,30091
2025-12-06 00:00,2025-12-06,0,630000,ОЭС УРАЛА,29420,29604
2025-12-06 01:00,2025-12-06,1,630000,ОЭС УРАЛА,29726,29609
2025-12-06 02:00,2025-12-06,2,630000,ОЭС УРАЛА,29400,29388
2025-12-06 03:00,2025-12-06,3,630000,ОЭС УРАЛА,29636,29349
2025-12-06 04:00,2025-12-06,4,630000,ОЭС УРАЛА,29613,29548
2025-12-06 05:00,2025-12-06,5,630000,ОЭС УРАЛА,30033,29975
2025-12-06 06:00,2025-12-06,6,630000,ОЭС УРАЛА,31213,30552
2025-12-06 07:00,2025-12-06,7,630000,ОЭС УРАЛА,32848,31524
2025-12-06 08:00,2025-12-06,8,630000,ОЭС УРАЛА,33245,32242
2025-12-06 09:00,2025-12-06,9,630000,ОЭС УРАЛА,33754,32377
2025-12-06 10:00,2025-12-06,10,630000,ОЭС УРАЛА,34528,32703
2025-12-06 11:00,2025-12-06,11,630000,ОЭС УРАЛА,34623,32797
2025-12-06 12:00,2025-12-06,12,630000,ОЭС УРАЛА,34649,32875
2025-12-06 13:00,2025-12-06,13,630000,ОЭС УРАЛА,34742,32641
2025-12-06 14:00,2025-12-06,14,630000,ОЭС УРАЛА,34830,32646
2025-12-06 15:00,2025-12-06,15,630000,ОЭС УРАЛА,34981,33234
2025-12-06 16:00,2025-12-06,16,630000,ОЭС УРАЛА,35024,33197
2025-12-06 17:00,2025-12-06,17,630000,ОЭС УРАЛА,34947,32965
2025-12-06 18:00,2025-12-06,18,630000,ОЭС УРАЛА,34866,32572
2025-12-06 19:00,2025-12-06,19,630000,ОЭС УРАЛА,34782,32271
2025-12-06 20:00,2025-12-06,20,630000,ОЭС УРАЛА,34332,31797
2025-12-06 21:00,2025-12-06,21,630000,ОЭС УРАЛА,33477,31327
2025-12-06 22:00,2025-12-06,22,630000,ОЭС УРАЛА,32821,30376
2025-12-06 23:00,2025-12-06,23,630000,ОЭС УРАЛА,31057,29822
2025-12-07 00:00,2025-12-07,0,630000,ОЭС УРАЛА,29650,29524
2025-12-07 01:00,2025-12-07,1,630000,ОЭС УРАЛА,29568,29327
2025-12-07 02:00,2025-12-07,2,630000,ОЭС УРАЛА,28888,29221
2025-12-07 03:00,2025-12-07,3,630000,ОЭС УРАЛА,28719,29334
2025-12-07 04:00,2025-12-07,4,630000,ОЭС УРАЛА,29190,29677
2025-12-07 05:00,2025-12-07,5,630000,ОЭС УРАЛА,29464,29667
2025-12-07 06:00,2025-12-07,6,630000,ОЭС УРАЛА,30250,30311
2025-12-07 07:00,2025-12-07,7,630000,ОЭС УРАЛА,31628,31363
2025-12-07 08:00,2025-12-07,8,630000,ОЭС УРАЛА,32596,31942
2025-12-07 09:00,2025-12-07,9,630000,ОЭС УРАЛА,32974,32322
2025-12-07 10:00,2025-12-07,10,630000,ОЭС УРАЛА,33960,32656
2025-12-07 11:00,2025-12-07,11,630000,ОЭС УРАЛА,34044,32726
2025-12-07 12:00,2025-12-07,12,630000,ОЭС УРАЛА,34337,32741
2025-12-07 13:00,2025-12-07,13,630000,ОЭС УРАЛА,34231,32593
2025-12-07 14:00,2025-12-07,14,630000,ОЭС УРАЛА,34579,33028
2025-12-07 15:00,2025-12-07,15,630000,ОЭС УРАЛА,34808,33768
2025-12-07 16:00,2025-12-07,16,630000,ОЭС УРАЛА,34844,33568
2025-12-07 17:00,2025-12-07,17,630000,ОЭС УРАЛА,34696,33312
2025-12-07 18:00,2025-12-07,18,630000,ОЭС УРАЛА,34562,33143
2025-12-07 19:00,2025-12-07,19,630000,ОЭС УРАЛА,34654,32978
2025-12-07 20:00,2025-12-07,20,630000,ОЭС УРАЛА,34488,32528
2025-12-07 21:00,2025-12-07,21,630000,ОЭС УРАЛА,34316,31982
2025-12-07 22:00,2025-12-07,22,630000,ОЭС УРАЛА,33508,31064
2025-12-07 23:00,2025-12-07,23,630000,ОЭС УРАЛА,31632,30483
2025-12-08 00:00,2025-12-08,0,630000,ОЭС УРАЛА,30598,29782
2025-12-08 01:00,2025-12-08,1,630000,ОЭС УРАЛА,29579,29729
2025-12-08 02:00,2025-12-08,2,630000,ОЭС УРАЛА,29294,29588
2025-12-08 03:00,2025-12-08,3,630000,ОЭС УРАЛА,29053,29965
2025-12-08 04:00,2025-12-08,4,630000,ОЭС УРАЛА,29274,30452
2025-12-08 05:00,2025-12-08,5,630000,ОЭС УРАЛА,30987,31691
2025-12-08 06:00,2025-12-08,6,630000,ОЭС УРАЛА,33726,32551
2025-12-08 07:00,2025-12-08,7,630000,ОЭС УРАЛА,35273,33555
2025-12-08 08:00,2025-12-08,8,630000,ОЭС УРАЛА,36118,34101
2025-12-08 09:00,2025-12-08,9,630000,ОЭС УРАЛА,36387,34068
2025-12-08 10:00,2025-12-08,10,630000,ОЭС УРАЛА,36420,34165
2025-12-08 11:00,2025-12-08,11,630000,ОЭС УРАЛА,36296,34169
2025-12-08 12:00,2025-12-08,12,630000,ОЭС УРАЛА,36261,34096
2025-12-08 13:00,2025-12-08,13,630000,ОЭС УРАЛА,36102,34082
2025-12-08 14:00,2025-12-08,14,630000,ОЭС УРАЛА,36256,34363
2025-12-08 15:00,2025-12-08,15,630000,ОЭС УРАЛА,36364,34349
2025-12-08 16:00,2025-12-08,16,630000,ОЭС УРАЛА,36217,34596
2025-12-08 17:00,2025-12-08,17,630000,ОЭС УРАЛА,36292,34375
2025-12-08 18:00,2025-12-08,18,630000,ОЭС УРАЛА,36360,33956
2025-12-08 19:00,2025-12-08,19,630000,ОЭС УРАЛА,36282,33756
2025-12-08 20:00,2025-12-08,20,630000,ОЭС УРАЛА,36187,33501
2025-12-08 21:00,2025-12-08,21,630000,ОЭС УРАЛА,35521,32587
2025-12-08 22:00,2025-12-08,22,630000,ОЭС УРАЛА,33903,31822
2025-12-08 23:00,2025-12-08,23,630000,ОЭС УРАЛА,33203,31107
2025-12-09 00:00,2025-12-09,0,630000,ОЭС УРАЛА,31463,30715
2025-12-09 01:00,2025-12-09,1,630000,ОЭС УРАЛА,31208,30450
2025-12-09 02:00,2025-12-09,2,630000,ОЭС УРАЛА,30896,30455
2025-12-09 03:00,2025-12-09,3,630000,ОЭС УРАЛА,30553,30476
2025-12-09 04:00,2025-12-09,4,630000,ОЭС УРАЛА,31433,31284
2025-12-09 05:00,2025-12-09,5,630000,ОЭС УРАЛА,32381,32125
2025-12-09 06:00,2025-12-09,6,630000,ОЭС УРАЛА,34369,33582
2025-12-09 07:00,2025-12-09,7,630000,ОЭС УРАЛА,35711,34521
2025-12-09 08:00,2025-12-09,8,630000,ОЭС УРАЛА,36224,34920
2025-12-09 09:00,2025-12-09,9,630000,ОЭС УРАЛА,36915,34734
2025-12-09 10:00,2025-12-09,10,630000,ОЭС УРАЛА,36933,34754
2025-12-09 11:00,2025-12-09,11,630000,ОЭС УРАЛА,36868,34833
2025-12-09 12:00,2025-12-09,12,630000,ОЭС УРАЛА,36849,34616
2025-12-09 13:00,2025-12-09,13,630000,ОЭС УРАЛА,36742,34636
2025-12-09 14:00,2025-12-09,14,630000,ОЭС УРАЛА,36704,34262
2025-12-09 15:00,2025-12-09,15,630000,ОЭС УРАЛА,36593,34592
2025-12-09 16:00,2025-12-09,16,630000,ОЭС УРАЛА,36394,34549
2025-12-09 17:00,2025-12-09,17,630000,ОЭС УРАЛА,37006,34719
2025-12-09 18:00,2025-12-09,18,630000,ОЭС УРАЛА,36692,34253
2025-12-09 19:00,2025-12-09,19,630000,ОЭС УРАЛА,35663,34159
2025-12-09 20:00,2025-12-09,20,630000,ОЭС УРАЛА,35530,33433
2025-12-09 21:00,2025-12-09,21,630000,ОЭС УРАЛА,34597,32739
2025-12-09 22:00,2025-12-09,22,630000,ОЭС УРАЛА,33427,31912
2025-12-09 23:00,2025-12-09,23,630000,ОЭС УРАЛА,31949,31176
2025-12-10 00:00,2025-12-10,0,630000,ОЭС УРАЛА,31291,30596
2025-12-10 01:00,2025-12-10,1,630000,ОЭС УРАЛА,30522,30655
2025-12-10 02:00,2025-12-10,2,630000,ОЭС УРАЛА,30715,30502
2025-12-10 03:00,2025-12-10,3,630000,ОЭС УРАЛА,30906,30364
2025-12-10 04:00,2025-12-10,4,630000,ОЭС УРАЛА,31335,31194
2025-12-10 05:00,2025-12-10,5,630000,ОЭС УРАЛА,32205,32087
2025-12-10 06:00,2025-12-10,6,630000,ОЭС УРАЛА,34710,33249
2025-12-10 07:00,2025-12-10,7,630000,ОЭС УРАЛА,35465,34153
2025-12-10 08:00,2025-12-10,8,630000,ОЭС УРАЛА,36232,34532
2025-12-10 09:00,2025-12-10,9,630000,ОЭС УРАЛА,36308,34274
2025-12-10 10:00,2025-12-10,10,630000,ОЭС УРАЛА,36395,34357
2025-12-10 11:00,2025-12-10,11,630000,ОЭС УРАЛА,36220,34344
2025-12-10 12:00,2025-12-10,12,630000,ОЭС УРАЛА,35930,34473
2025-12-10 13:00,2025-12-10,13,630000,ОЭС УРАЛА,36006,34249
2025-12-10 14:00,2025-12-10,14,630000,ОЭС УРАЛА,35916,34245
2025-12-10 15:00,2025-12-10,15,630000,ОЭС УРАЛА,36071,34499
2025-12-10 16:00,2025-12-10,16,630000,ОЭС УРАЛА,35765,34502
2025-12-10 17:00,2025-12-10,17,630000,ОЭС УРАЛА,35856,34504
2025-12-10 18:00,2025-12-10,18,630000,ОЭС УРАЛА,35987,33790
2025-12-10 19:00,2025-12-10,19,630000,ОЭС УРАЛА,35728,33758
2025-12-10 20:00,2025-12-10,20,630000,ОЭС УРАЛА,35317,33397
2025-12-10 21:00,2025-12-10,21,630000,ОЭС УРАЛА,34492,32532
2025-12-10 22:00,2025-12-10,22,630000,ОЭС УРАЛА,34178,31402
2025-12-10 23:00,2025-12-10,23,630000,ОЭС УРАЛА,33400,31026
2025-12-11 00:00,2025-12-11,0,630000,ОЭС УРАЛА,31807,30685
2025-12-11 01:00,2025-12-11,1,630000,ОЭС УРАЛА,31875,30670
2025-12-11 02:00,2025-12-11,2,630000,ОЭС УРАЛА,30915,30383
2025-12-11 03:00,2025-12-11,3,630000,ОЭС УРАЛА,30715,30498
2025-12-11 04:00,2025-12-11,4,630000,ОЭС УРАЛА,30838,30905
2025-12-11 05:00,2025-12-11,5,630000,ОЭС УРАЛА,31982,31837
2025-12-11 06:00,2025-12-11,6,630000,ОЭС УРАЛА,33235,33016
2025-12-11 07:00,2025-12-11,7,630000,ОЭС УРАЛА,34535,33901
2025-12-11 08:00,2025-12-11,8,630000,ОЭС УРАЛА,35060,33961
2025-12-11 09:00,2025-12-11,9,630000,ОЭС УРАЛА,35170,34131
2025-12-11 10:00,2025-12-11,10,630000,ОЭС УРАЛА,35267,33871
2025-12-11 11:00,2025-12-11,11,630000,ОЭС УРАЛА,35286,33779
2025-12-11 12:00,2025-12-11,12,630000,ОЭС УРАЛА,35141,33811
2025-12-11 13:00,2025-12-11,13,630000,ОЭС УРАЛА,35275,34012
2025-12-11 14:00,2025-12-11,14,630000,ОЭС УРАЛА,35215,33976
2025-12-11 15:00,2025-12-11,15,630000,ОЭС УРАЛА,35427,34482
2025-12-11 16:00,2025-12-11,16,630000,ОЭС УРАЛА,35446,34295
2025-12-11 17:00,2025-12-11,17,630000,ОЭС УРАЛА,35297,33967
2025-12-11 18:00,2025-12-11,18,630000,ОЭС УРАЛА,35198,33584
2025-12-11 19:00,2025-12-11,19,630000,ОЭС УРАЛА,34996,33389
2025-12-11 20:00,2025-12-11,20,630000,ОЭС УРАЛА,34832,32974
2025-12-11 21:00,2025-12-11,21,630000,ОЭС УРАЛА,33952,32336
2025-12-11 22:00,2025-12-11,22,630000,ОЭС УРАЛА,32886,31373
2025-12-11 23:00,2025-12-11,23,630000,ОЭС УРАЛА,31127,30696
2025-12-12 00:00,2025-12-12,0,630000,ОЭС УРАЛА,30730,30375
2025-12-12 01:00,2025-12-12,1,630000,ОЭС УРАЛА,30432,30037
2025-12-12 02:00,2025-12-12,2,630000,ОЭС УРАЛА,30166,29999
2025-12-12 03:00,2025-12-12,3,630000,ОЭС УРАЛА,30282,30307
2025-12-12 04:00,2025-12-12,4,630000,ОЭС УРАЛА,30419,30630
2025-12-12 05:00,2025-12-12,5,630000,ОЭС УРАЛА,31795,31462
2025-12-12 06:00,2025-12-12,6,630000,ОЭС УРАЛА,33286,32459
2025-12-12 07:00,2025-12-12,7,630000,ОЭС УРАЛА,34257,33508
2025-12-12 08:00,2025-12-12,8,630000,ОЭС УРАЛА,34824,33891
2025-12-12 09:00,2025-12-12,9,630000,ОЭС УРАЛА,35005,33899
2025-12-12 10:00,2025-12-12,10,630000,ОЭС УРАЛА,35046,33912
2025-12-12 11:00,2025-12-12,11,630000,ОЭС УРАЛА,34803,33629
2025-12-12 12:00,2025-12-12,12,630000,ОЭС УРАЛА,34646,33459
2025-12-12 13:00,2025-12-12,13,630000,ОЭС УРАЛА,34992,33513
2025-12-12 14:00,2025-12-12,14,630000,ОЭС УРАЛА,35108,33696
2025-12-12 15:00,2025-12-12,15,630000,ОЭС УРАЛА,35161,33704
2025-12-12 16:00,2025-12-12,16,630000,ОЭС УРАЛА,35123,34160
2025-12-12 17:00,2025-12-12,17,630000,ОЭС УРАЛА,34858,33773
2025-12-12 18:00,2025-12-12,18,630000,ОЭС УРАЛА,34703,33525
2025-12-12 19:00,2025-12-12,19,630000,ОЭС УРАЛА,34615,33257
2025-12-12 20:00,2025-12-12,20,630000,ОЭС УРАЛА,33886,32840
2025-12-12 21:00,2025-12-12,21,630000,ОЭС УРАЛА,33651,32060
2025-12-12 22:00,2025-12-12,22,630000,ОЭС УРАЛА,32099,31367
2025-12-12 23:00,2025-12-12,23,630000,ОЭС УРАЛА,30998,30892
2025-12-13 00:00,2025-12-13,0,630000,ОЭС УРАЛА,30655,30088
2025-12-13 01:00,2025-12-13,1,630000,ОЭС УРАЛА,30483,30369
2025-12-13 02:00,2025-12-13,2,630000,ОЭС УРАЛА,30096,29987
2025-12-13 03:00,2025-12-13,3,630000,ОЭС УРАЛА,29761,29939
2025-12-13 04:00,2025-12-13,4,630000,ОЭС УРАЛА,29301,29983
2025-12-13 05:00,2025-12-13,5,630000,ОЭС УРАЛА,30155,30633
2025-12-13 06:00,2025-12-13,6,630000,ОЭС УРАЛА,31438,31020
2025-12-13 07:00,2025-12-13,7,630000,ОЭС УРАЛА,32557,32094
2025-12-13 08:00,2025-12-13,8,630000,ОЭС УРАЛА,33130,32517
2025-12-13 09:00,2025-12-13,9,630000,ОЭС УРАЛА,33576,32958
2025-12-13 10:00,2025-12-13,10,630000,ОЭС УРАЛА,34301,33119
2025-12-13 11:00,2025-12-13,11,630000,ОЭС УРАЛА,34285,32990
2025-12-13 12:00,2025-12-13,12,630000,ОЭС УРАЛА,34458,33109
2025-12-13 13:00,2025-12-13,13,630000,ОЭС УРАЛА,34304,32957
2025-12-13 14:00,2025-12-13,14,630000,ОЭС УРАЛА,34525,33088
2025-12-13 15:00,2025-12-13,15,630000,ОЭС УРАЛА,34397,33735
2025-12-13 16:00,2025-12-13,16,630000,ОЭС УРАЛА,34613,33920
2025-12-13 17:00,2025-12-13,17,630000,ОЭС УРАЛА,34588,33609
2025-12-13 18:00,2025-12-13,18,630000,ОЭС УРАЛА,34478,33135
2025-12-13 19:00,2025-12-13,19,630000,ОЭС УРАЛА,33880,32881
2025-12-13 20:00,2025-12-13,20,630000,ОЭС УРАЛА,33327,32496
2025-12-13 21:00,2025-12-13,21,630000,ОЭС УРАЛА,32322,32040
2025-12-13 22:00,2025-12-13,22,630000,ОЭС УРАЛА,31722,31052
2025-12-13 23:00,2025-12-13,23,630000,ОЭС УРАЛА,29901,30672
2025-12-14 00:00,2025-12-14,0,630000,ОЭС УРАЛА,29523,30061
2025-12-14 01:00,2025-12-14,1,630000,ОЭС УРАЛА,29701,29942
2025-12-14 02:00,2025-12-14,2,630000,ОЭС УРАЛА,28910,29826
2025-12-14 03:00,2025-12-14,3,630000,ОЭС УРАЛА,28324,29579
2025-12-14 04:00,2025-12-14,4,630000,ОЭС УРАЛА,28711,29750
2025-12-14 05:00,2025-12-14,5,630000,ОЭС УРАЛА,29781,30109
2025-12-14 06:00,2025-12-14,6,630000,ОЭС УРАЛА,30931,30608
2025-12-14 07:00,2025-12-14,7,630000,ОЭС УРАЛА,31694,31433
2025-12-14 08:00,2025-12-14,8,630000,ОЭС УРАЛА,32950,32153
2025-12-14 09:00,2025-12-14,9,630000,ОЭС УРАЛА,33388,32763
2025-12-14 10:00,2025-12-14,10,630000,ОЭС УРАЛА,33868,32854
2025-12-14 11:00,2025-12-14,11,630000,ОЭС УРАЛА,34053,32835
2025-12-14 12:00,2025-12-14,12,630000,ОЭС УРАЛА,34043,33026
2025-12-14 13:00,2025-12-14,13,630000,ОЭС УРАЛА,34286,33041
2025-12-14 14:00,2025-12-14,14,630000,ОЭС УРАЛА,33933,32910
2025-12-14 15:00,2025-12-14,15,630000,ОЭС УРАЛА,34101,33619
2025-12-14 16:00,2025-12-14,16,630000,ОЭС УРАЛА,34427,33776
2025-12-14 17:00,2025-12-14,17,630000,ОЭС УРАЛА,34023,33591
2025-12-14 18:00,2025-12-14,18,630000,ОЭС УРАЛА,33747,33101
2025-12-14 19:00,2025-12-14,19,630000,ОЭС УРАЛА,33815,32912
2025-12-14 20:00,2025-12-14,20,630000,ОЭС УРАЛА,33116,32852
2025-12-14 21:00,2025-12-14,21,630000,ОЭС УРАЛА,32906,31826
2025-12-14 22:00,2025-12-14,22,630000,ОЭС УРАЛА,31748,31078
2025-12-14 23:00,2025-12-14,23,630000,ОЭС УРАЛА,30828,30654
2025-12-15 00:00,2025-12-15,0,630000,ОЭС УРАЛА,29878,30579
2025-12-15 01:00,2025-12-15,1,630000,ОЭС УРАЛА,29636,30167
2025-12-15 02:00,2025-12-15,2,630000,ОЭС УРАЛА,29331,30149
2025-12-15 03:00,2025-12-15,3,630000,ОЭС УРАЛА,29766,30134
2025-12-15 04:00,2025-12-15,4,630000,ОЭС УРАЛА,30425,30739
2025-12-15 05:00,2025-12-15,5,630000,ОЭС УРАЛА,31514,32080
2025-12-15 06:00,2025-12-15,6,630000,ОЭС УРАЛА,33672,33047
2025-12-15 07:00,2025-12-15,7,630000,ОЭС УРАЛА,34365,33846
2025-12-15 08:00,2025-12-15,8,630000,ОЭС УРАЛА,35774,34346
2025-12-15 09:00,2025-12-15,9,630000,ОЭС УРАЛА,35811,34455
2025-12-15 10:00,2025-12-15,10,630000,ОЭС УРАЛА,35712,34424
2025-12-15 11:00,2025-12-15,11,630000,ОЭС УРАЛА,35367,34345
2025-12-15 12:00,2025-12-15,12,630000,ОЭС УРАЛА,35401,34258
2025-12-15 13:00,2025-12-15,13,630000,ОЭС УРАЛА,35428,34177
2025-12-15 14:00,2025-12-15,14,630000,ОЭС УРАЛА,35960,34273
2025-12-15 15:00,2025-12-15,15,630000,ОЭС УРАЛА,35865,34477
2025-12-15 16:00,2025-12-15,16,630000,ОЭС УРАЛА,35863,34712
2025-12-15 17:00,2025-12-15,17,630000,ОЭС УРАЛА,35845,34607
2025-12-15 18:00,2025-12-15,18,630000,ОЭС УРАЛА,35629,34129
2025-12-15 19:00,2025-12-15,19,630000,ОЭС УРАЛА,35208,33993
2025-12-15 20:00,2025-12-15,20,630000,ОЭС УРАЛА,34674,33483
2025-12-15 21:00,2025-12-15,21,630000,ОЭС УРАЛА,33199,32554
2025-12-15 22:00,2025-12-15,22,630000,ОЭС УРАЛА,32023,31504
2025-12-15 23:00,2025-12-15,23,630000,ОЭС УРАЛА,31036,31161
2025-12-16 00:00,2025-12-16,0,630000,ОЭС УРАЛА,29659,30759
2025-12-16 01:00,2025-12-16,1,630000,ОЭС УРАЛА,29219,30553
2025-12-16 02:00,2025-12-16,2,630000,ОЭС УРАЛА,29562,30492
2025-12-16 03:00,2025-12-16,3,630000,ОЭС УРАЛА,30056,30774
2025-12-16 04:00,2025-12-16,4,630000,ОЭС УРАЛА,30536,31291
2025-12-16 05:00,2025-12-16,5,630000,ОЭС УРАЛА,32069,32408
2025-12-16 06:00,2025-12-16,6,630000,ОЭС УРАЛА,34075,33560
2025-12-16 07:00,2025-12-16,7,630000,ОЭС УРАЛА,34843,34506
2025-12-16 08:00,2025-12-16,8,630000,ОЭС УРАЛА,35999,34629
2025-12-16 09:00,2025-12-16,9,630000,ОЭС УРАЛА,36280,34913
2025-12-16 10:00,2025-12-16,10,630000,ОЭС УРАЛА,36395,34630
2025-12-16 11:00,2025-12-16,11,630000,ОЭС УРАЛА,36282,34618
2025-12-16 12:00,2025-12-16,12,630000,ОЭС УРАЛА,35522,34501
2025-12-16 13:00,2025-12-16,13,630000,ОЭС УРАЛА,35467,34537
2025-12-16 14:00,2025-12-16,14,630000,ОЭС УРАЛА,35795,34438
2025-12-16 15:00,2025-12-16,15,630000,ОЭС УРАЛА,35888,34947
2025-12-16 16:00,2025-12-16,16,630000,ОЭС УРАЛА,36091,35138
2025-12-16 17:00,2025-12-16,17,630000,ОЭС УРАЛА,36040,35029
2025-12-16 18:00,2025-12-16,18,630000,ОЭС УРАЛА,35300,34783
2025-12-16 19:00,2025-12-16,19,630000,ОЭС УРАЛА,35142,34438
2025-12-16 20:00,2025-12-16,20,630000,ОЭС УРАЛА,34853,33874
2025-12-16 21:00,2025-12-16,21,630000,ОЭС УРАЛА,34270,33069
2025-12-16 22:00,2025-12-16,22,630000,ОЭС УРАЛА,33039,32118
2025-12-16 23:00,2025-12-16,23,630000,ОЭС УРАЛА,31762,31658
2025-12-17 00:00,2025-12-17,0,630000,ОЭС УРАЛА,31386,31439
2025-12-17 01:00,2025-12-17,1,630000,ОЭС УРАЛА,30720,31033
2025-12-17 02:00,2025-12-17,2,630000,ОЭС УРАЛА,30246,31099
2025-12-17 03:00,2025-12-17,3,630000,ОЭС УРАЛА,30639,31507
2025-12-17 04:00,2025-12-17,4,630000,ОЭС УРАЛА,31047,31871
2025-12-17 05:00,2025-12-17,5,630000,ОЭС УРАЛА,32312,33076
2025-12-17 06:00,2025-12-17,6,630000,ОЭС УРАЛА,34529,34089
2025-12-17 07:00,2025-12-17,7,630000,ОЭС УРАЛА,35429,35013
2025-12-17 08:00,2025-12-17,8,630000,ОЭС УРАЛА,35689,35177
2025-12-17 09:00,2025-12-17,9,630000,ОЭС УРАЛА,35893,35255
2025-12-17 10:00,2025-12-17,10,630000,ОЭС УРАЛА,35265,34945
2025-12-17 11:00,2025-12-17,11,630000,ОЭС УРАЛА,35383,34880
2025-12-17 12:00,2025-12-17,12,630000,ОЭС УРАЛА,35471,34791
2025-12-17 13:00,2025-12-17,13,630000,ОЭС УРАЛА,35682,34853
2025-12-17 14:00,2025-12-17,14,630000,ОЭС УРАЛА,35784,34893
2025-12-17 15:00,2025-12-17,15,630000,ОЭС УРАЛА,36120,35103
2025-12-17 16:00,2025-12-17,16,630000,ОЭС УРАЛА,36112,35097
2025-12-17 17:00,2025-12-17,17,630000,ОЭС УРАЛА,35735,34973
2025-12-17 18:00,2025-12-17,18,630000,ОЭС УРАЛА,35781,34459
2025-12-17 19:00,2025-12-17,19,630000,ОЭС УРАЛА,35813,34518
2025-12-17 20:00,2025-12-17,20,630000,ОЭС УРАЛА,35493,33737
2025-12-17 21:00,2025-12-17,21,630000,ОЭС УРАЛА,34998,32904
2025-12-17 22:00,2025-12-17,22,630000,ОЭС УРАЛА,34167,32147
2025-12-17 23:00,2025-12-17,23,630000,ОЭС УРАЛА,32904,31659
2025-12-18 00:00,2025-12-18,0,630000,ОЭС УРАЛА,31864,31118
2025-12-18 01:00,2025-12-18,1,630000,ОЭС УРАЛА,31872,31119
2025-12-18 02:00,2025-12-18,2,630000,ОЭС УРАЛА,31337,30855
2025-12-18 03:00,2025-12-18,3,630000,ОЭС УРАЛА,31691,31077
2025-12-18 04:00,2025-12-18,4,630000,ОЭС УРАЛА,31894,31813
2025-12-18 05:00,2025-12-18,5,630000,ОЭС УРАЛА,32885,32847
2025-12-18 06:00,2025-12-18,6,630000,ОЭС УРАЛА,34294,33720
2025-12-18 07:00,2025-12-18,7,630000,ОЭС УРАЛА,35139,34777
2025-12-18 08:00,2025-12-18,8,630000,ОЭС УРАЛА,35644,34922
2025-12-18 09:00,2025-12-18,9,630000,ОЭС УРАЛА,35900,35082
2025-12-18 10:00,2025-12-18,10,630000,ОЭС УРАЛА,35719,34856
2025-12-18 11:00,2025-12-18,11,630000,ОЭС УРАЛА,35690,34601
2025-12-18 12:00,2025-12-18,12,630000,ОЭС УРАЛА,36165,34673
2025-12-18 13:00,2025-12-18,13,630000,ОЭС УРАЛА,35573,34480
2025-12-18 14:00,2025-12-18,14,630000,ОЭС УРАЛА,35964,34617
2025-12-18 15:00,2025-12-18,15,630000,ОЭС УРАЛА,35862,35151
2025-12-18 16:00,2025-12-18,16,630000,ОЭС УРАЛА,35903,35057
2025-12-18 17:00,2025-12-18,17,630000,ОЭС УРАЛА,35586,34879
2025-12-18 18:00,2025-12-18,18,630000,ОЭС УРАЛА,35163,34551
2025-12-18 19:00,2025-12-18,19,630000,ОЭС УРАЛА,35108,34370
2025-12-18 20:00,2025-12-18,20,630000,ОЭС УРАЛА,35102,33798
2025-12-18 21:00,2025-12-18,21,630000,ОЭС УРАЛА,34518,32867
2025-12-18 22:00,2025-12-18,22,630000,ОЭС УРАЛА,33659,32177
2025-12-18 23:00,2025-12-18,23,630000,ОЭС УРАЛА,32041,31484
2025-12-19 00:00,2025-12-19,0,630000,ОЭС УРАЛА,30920,31016
2025-12-19 01:00,2025-12-19,1,630000,ОЭС УРАЛА,31245,30933
2025-12-19 02:00,2025-12-19,2,630000,ОЭС УРАЛА,30744,30788
2025-12-19 03:00,2025-12-19,3,630000,ОЭС УРАЛА,30743,31019
2025-12-19 04:00,2025-12-19,4,630000,ОЭС УРАЛА,31101,31493
2025-12-19 05:00,2025-12-19,5,630000,ОЭС УРАЛА,32514,32424
2025-12-19 06:00,2025-12-19,6,630000,ОЭС УРАЛА,33866,33610
2025-12-19 07:00,2025-12-19,7,630000,ОЭС УРАЛА,35019,34607
2025-12-19 08:00,2025-12-19,8,630000,ОЭС УРАЛА,35557,34753
2025-12-19 09:00,2025-12-19,9,630000,ОЭС УРАЛА,35559,34890
2025-12-19 10:00,2025-12-19,10,630000,ОЭС УРАЛА,35586,34569
2025-12-19 11:00,2025-12-19,11,630000,ОЭС УРАЛА,35549,34616
2025-12-19 12:00,2025-12-19,12,630000,ОЭС УРАЛА,35788,34718
2025-12-19 13:00,2025-12-19,13,630000,ОЭС УРАЛА,35559,34443
2025-12-19 14:00,2025-12-19,14,630000,ОЭС УРАЛА,35954,34533
2025-12-19 15:00,2025-12-19,15,630000,ОЭС УРАЛА,35983,34763
2025-12-19 16:00,2025-12-19,16,630000,ОЭС УРАЛА,36212,35025
2025-12-19 17:00,2025-12-19,17,630000,ОЭС УРАЛА,35857,34468
2025-12-19 18:00,2025-12-19,18,630000,ОЭС УРАЛА,35642,34132
2025-12-19 19:00,2025-12-19,19,630000,ОЭС УРАЛА,35223,34228
2025-12-19 20:00,2025-12-19,20,630000,ОЭС УРАЛА,35136,33620
2025-12-19 21:00,2025-12-19,21,630000,ОЭС УРАЛА,35052,33229
2025-12-19 22:00,2025-12-19,22,630000,ОЭС УРАЛА,34779,32534
2025-12-19 23:00,2025-12-19,23,630000,ОЭС УРАЛА,33097,31931
2025-12-20 00:00,2025-12-20,0,630000,ОЭС УРАЛА,32120,31260
2025-12-20 01:00,2025-12-20,1,630000,ОЭС УРАЛА,31931,31250
2025-12-20 02:00,2025-12-20,2,630000,ОЭС УРАЛА,31566,31284
2025-12-20 03:00,2025-12-20,3,630000,ОЭС УРАЛА,31112,30922
2025-12-20 04:00,2025-12-20,4,630000,ОЭС УРАЛА,30934,31392
2025-12-20 05:00,2025-12-20,5,630000,ОЭС УРАЛА,31496,31786
2025-12-20 06:00,2025-12-20,6,630000,ОЭС УРАЛА,32962,32479
2025-12-20 07:00,2025-12-20,7,630000,ОЭС УРАЛА,33758,33645
2025-12-20 08:00,2025-12-20,8,630000,ОЭС УРАЛА,34515,34209
2025-12-20 09:00,2025-12-20,9,630000,ОЭС УРАЛА,35171,34977
2025-12-20 10:00,2025-12-20,10,630000,ОЭС УРАЛА,35295,34906
2025-12-20 11:00,2025-12-20,11,630000,ОЭС УРАЛА,35260,34793
2025-12-20 12:00,2025-12-20,12,630000,ОЭС УРАЛА,35241,34797
2025-12-20 13:00,2025-12-20,13,630000,ОЭС УРАЛА,35156,34788
2025-12-20 14:00,2025-12-20,14,630000,ОЭС УРАЛА,35106,34745
2025-12-20 15:00,2025-12-20,15,630000,ОЭС УРАЛА,34796,35224
2025-12-20 16:00,2025-12-20,16,630000,ОЭС УРАЛА,34642,35584
2025-12-20 17:00,2025-12-20,17,630000,ОЭС УРАЛА,34928,35448
2025-12-20 18:00,2025-12-20,18,630000,ОЭС УРАЛА,35278,34872
2025-12-20 19:00,2025-12-20,19,630000,ОЭС УРАЛА,35096,34502
2025-12-20 20:00,2025-12-20,20,630000,ОЭС УРАЛА,34684,34033
2025-12-20 21:00,2025-12-20,21,630000,ОЭС УРАЛА,34715,33669
2025-12-20 22:00,2025-12-20,22,630000,ОЭС УРАЛА,34449,32696
2025-12-20 23:00,2025-12-20,23,630000,ОЭС УРАЛА,32694,32282
2025-12-21 00:00,2025-12-21,0,630000,ОЭС УРАЛА,32157,31948
2025-12-21 01:00,2025-12-21,1,630000,ОЭС УРАЛА,31798,31544
2025-12-21 02:00,2025-12-21,2,630000,ОЭС УРАЛА,31475,31457
2025-12-21 03:00,2025-12-21,3,630000,ОЭС УРАЛА,31398,31545
2025-12-21 04:00,2025-12-21,4,630000,ОЭС УРАЛА,31378,31762
2025-12-21 05:00,2025-12-21,5,630000,ОЭС УРАЛА,31454,31822
2025-12-21 06:00,2025-12-21,6,630000,ОЭС УРАЛА,32581,32504
2025-12-21 07:00,2025-12-21,7,630000,ОЭС УРАЛА,33115,33424
2025-12-21 08:00,2025-12-21,8,630000,ОЭС УРАЛА,34182,34214
2025-12-21 09:00,2025-12-21,9,630000,ОЭС УРАЛА,34017,34604
2025-12-21 10:00,2025-12-21,10,630000,ОЭС УРАЛА,34815,34633
2025-12-21 11:00,2025-12-21,11,630000,ОЭС УРАЛА,35226,34766
2025-12-21 12:00,2025-12-21,12,630000,ОЭС УРАЛА,35077,34715
2025-12-21 13:00,2025-12-21,13,630000,ОЭС УРАЛА,35335,34697
2025-12-21 14:00,2025-12-21,14,630000,ОЭС УРАЛА,35419,34609
2025-12-21 15:00,2025-12-21,15,630000,ОЭС УРАЛА,35422,35300
2025-12-21 16:00,2025-12-21,16,630000,ОЭС УРАЛА,35191,35262
2025-12-21 17:00,2025-12-21,17,630000,ОЭС УРАЛА,35608,34961
2025-12-21 18:00,2025-12-21,18,630000,ОЭС УРАЛА,35170,34321
2025-12-21 19:00,2025-12-21,19,630000,ОЭС УРАЛА,34864,34260
2025-12-21 20:00,2025-12-21,20,630000,ОЭС УРАЛА,34960,33804
2025-12-21 21:00,2025-12-21,21,630000,ОЭС УРАЛА,34519,32914
2025-12-21 22:00,2025-12-21,22,630000,ОЭС УРАЛА,34114,32119
2025-12-21 23:00,2025-12-21,23,630000,ОЭС УРАЛА,33724,31411
2025-12-22 00:00,2025-12-22,0,630000,ОЭС УРАЛА,32794,31102
2025-12-22 01:00,2025-12-22,1,630000,ОЭС УРАЛА,32322,30732
2025-12-22 02:00,2025-12-22,2,630000,ОЭС УРАЛА,31508,30782
2025-12-22 03:00,2025-12-22,3,630000,ОЭС УРАЛА,31586,30981
2025-12-22 04:00,2025-12-22,4,630000,ОЭС УРАЛА,31671,31352
2025-12-22 05:00,2025-12-22,5,630000,ОЭС УРАЛА,33090,32361
2025-12-22 06:00,2025-12-22,6,630000,ОЭС УРАЛА,34588,33403
2025-12-22 07:00,2025-12-22,7,630000,ОЭС УРАЛА,35680,34362
2025-12-22 08:00,2025-12-22,8,630000,ОЭС УРАЛА,35739,34678
2025-12-22 09:00,2025-12-22,9,630000,ОЭС УРАЛА,36318,34638
2025-12-22 10:00,2025-12-22,10,630000,ОЭС УРАЛА,36790,34478
2025-12-22 11:00,2025-12-22,11,630000,ОЭС УРАЛА,36869,34562
2025-12-22 12:00,2025-12-22,12,630000,ОЭС УРАЛА,36705,34687
2025-12-22 13:00,2025-12-22,13,630000,ОЭС УРАЛА,36484,34584
2025-12-22 14:00,2025-12-22,14,630000,ОЭС УРАЛА,36633,34429
2025-12-22 15:00,2025-12-22,15,630000,ОЭС УРАЛА,36472,34647
2025-12-22 16:00,2025-12-22,16,630000,ОЭС УРАЛА,36273,34883
2025-12-22 17:00,2025-12-22,17,630000,ОЭС УРАЛА,36108,34555
2025-12-22 18:00,2025-12-22,18,630000,ОЭС УРАЛА,35930,34098
2025-12-22 19:00,2025-12-22,19,630000,ОЭС УРАЛА,35777,33973
2025-12-22 20:00,2025-12-22,20,630000,ОЭС УРАЛА,35529,33519
2025-12-22 21:00,2025-12-22,21,630000,ОЭС УРАЛА,34988,32810
2025-12-22 22:00,2025-12-22,22,630000,ОЭС УРАЛА,33472,31903
2025-12-22 23:00,2025-12-22,23,630000,ОЭС УРАЛА,32178,31275
2025-12-23 00:00,2025-12-23,0,630000,ОЭС УРАЛА,30984,30961
2025-12-23 01:00,2025-12-23,1,630000,ОЭС УРАЛА,31157,30490
2025-12-23 02:00,2025-12-23,2,630000,ОЭС УРАЛА,30429,30691
2025-12-23 03:00,2025-12-23,3,630000,ОЭС УРАЛА,30793,30840
2025-12-23 04:00,2025-12-23,4,630000,ОЭС УРАЛА,31292,31323
2025-12-23 05:00,2025-12-23,5,630000,ОЭС УРАЛА,32493,32444
2025-12-23 06:00,2025-12-23,6,630000,ОЭС УРАЛА,33771,33167
2025-12-23 07:00,2025-12-23,7,630000,ОЭС УРАЛА,34903,34169
2025-12-23 08:00,2025-12-23,8,630000,ОЭС УРАЛА,35549,34168
2025-12-23 09:00,2025-12-23,9,630000,ОЭС УРАЛА,35782,34323
2025-12-23 10:00,2025-12-23,10,630000,ОЭС УРАЛА,35732,34104
2025-12-23 11:00,2025-12-23,11,630000,ОЭС УРАЛА,35767,34165
2025-12-23 12:00,2025-12-23,12,630000,ОЭС УРАЛА,35697,34224
2025-12-23 13:00,2025-12-23,13,630000,ОЭС УРАЛА,35696,33962
2025-12-23 14:00,2025-12-23,14,630000,ОЭС УРАЛА,35579,34212
2025-12-23 15:00,2025-12-23,15,630000,ОЭС УРАЛА,35640,34420
2025-12-23 16:00,2025-12-23,16,630000,ОЭС УРАЛА,35642,34596
2025-12-23 17:00,2025-12-23,17,630000,ОЭС УРАЛА,35636,34381
2025-12-23 18:00,2025-12-23,18,630000,ОЭС УРАЛА,35232,34165
2025-12-23 19:00,2025-12-23,19,630000,ОЭС УРАЛА,34690,34152
2025-12-23 20:00,2025-12-23,20,630000,ОЭС УРАЛА,34535,33544
2025-12-23 21:00,2025-12-23,21,630000,ОЭС УРАЛА,34033,32857
2025-12-23 22:00,2025-12-23,22,630000,ОЭС УРАЛА,33567,32091
2025-12-23 23:00,2025-12-23,23,630000,ОЭС УРАЛА,32386,31521
2025-12-24 00:00,2025-12-24,0,630000,ОЭС УРАЛА,30817,30806
2025-12-24 01:00,2025-12-24,1,630000,ОЭС УРАЛА,30491,30560
2025-12-24 02:00,2025-12-24,2,630000,ОЭС УРАЛА,30355,30478
2025-12-24 03:00,2025-12-24,3,630000,ОЭС УРАЛА,30217,30779
2025-12-24 04:00,2025-12-24,4,630000,ОЭС УРАЛА,30397,31323
2025-12-24 05:00,2025-12-24,5,630000,ОЭС УРАЛА,32629,32644
2025-12-24 06:00,2025-12-24,6,630000,ОЭС УРАЛА,34675,33459
2025-12-24 07:00,2025-12-24,7,630000,ОЭС УРАЛА,36011,34806
2025-12-24 08:00,2025-12-24,8,630000,ОЭС УРАЛА,36619,35053
2025-12-24 09:00,2025-12-24,9,630000,ОЭС УРАЛА,36833,34807
2025-12-24 10:00,2025-12-24,10,630000,ОЭС УРАЛА,36830,34824
2025-12-24 11:00,2025-12-24,11,630000,ОЭС УРАЛА,36840,34678
2025-12-24 12:00,2025-12-24,12,630000,ОЭС УРАЛА,36933,34866
2025-12-24 13:00,2025-12-24,13,630000,ОЭС УРАЛА,37032,34938
2025-12-24 14:00,2025-12-24,14,630000,ОЭС УРАЛА,37076,34857
2025-12-24 15:00,2025-12-24,15,630000,ОЭС УРАЛА,37283,35356
2025-12-24 16:00,2025-12-24,16,630000,ОЭС УРАЛА,37324,35596
2025-12-24 17:00,2025-12-24,17,630000,ОЭС УРАЛА,37201,35411
2025-12-24 18:00,2025-12-24,18,630000,ОЭС УРАЛА,36381,34798
2025-12-24 19:00,2025-12-24,19,630000,ОЭС УРАЛА,35586,34655
2025-12-24 20:00,2025-12-24,20,630000,ОЭС УРАЛА,35287,34260
2025-12-24 21:00,2025-12-24,21,630000,ОЭС УРАЛА,34598,33545
2025-12-24 22:00,2025-12-24,22,630000,ОЭС УРАЛА,33701,32516
2025-12-24 23:00,2025-12-24,23,630000,ОЭС УРАЛА,33501,31872
2025-12-25 00:00,2025-12-25,0,630000,ОЭС УРАЛА,32258,31419
2025-12-25 01:00,2025-12-25,1,630000,ОЭС УРАЛА,31137,31184
2025-12-25 02:00,2025-12-25,2,630000,ОЭС УРАЛА,30617,31016
2025-12-25 03:00,2025-12-25,3,630000,ОЭС УРАЛА,30911,31389
2025-12-25 04:00,2025-12-25,4,630000,ОЭС УРАЛА,31319,31898
2025-12-25 05:00,2025-12-25,5,630000,ОЭС УРАЛА,32537,33030
2025-12-25 06:00,2025-12-25,6,630000,ОЭС УРАЛА,34839,34241
2025-12-25 07:00,2025-12-25,7,630000,ОЭС УРАЛА,35790,35389
2025-12-25 08:00,2025-12-25,8,630000,ОЭС УРАЛА,36234,35559
2025-12-25 09:00,2025-12-25,9,630000,ОЭС УРАЛА,36351,35704
2025-12-25 10:00,2025-12-25,10,630000,ОЭС УРАЛА,36554,35738
2025-12-25 11:00,2025-12-25,11,630000,ОЭС УРАЛА,36503,35640
2025-12-25 12:00,2025-12-25,12,630000,ОЭС УРАЛА,36356,35535
2025-12-25 13:00,2025-12-25,13,630000,ОЭС УРАЛА,36105,35561
2025-12-25 14:00,2025-12-25,14,630000,ОЭС УРАЛА,36147,35408
2025-12-25 15:00,2025-12-25,15,630000,ОЭС УРАЛА,36529,35627
2025-12-25 16:00,2025-12-25,16,630000,ОЭС УРАЛА,36341,35920
2025-12-25 17:00,2025-12-25,17,630000,ОЭС УРАЛА,36381,35812
2025-12-25 18:00,2025-12-25,18,630000,ОЭС УРАЛА,36179,35337
2025-12-25 19:00,2025-12-25,19,630000,ОЭС УРАЛА,36214,35119
2025-12-25 20:00,2025-12-25,20,630000,ОЭС УРАЛА,35774,34668
2025-12-25 21:00,2025-12-25,21,630000,ОЭС УРАЛА,35398,33978
2025-12-25 22:00,2025-12-25,22,630000,ОЭС УРАЛА,35169,33372
2025-12-25 23:00,2025-12-25,23,630000,ОЭС УРАЛА,34143,32710
2025-12-26 00:00,2025-12-26,0,630000,ОЭС УРАЛА,31765,31891
2025-12-26 01:00,2025-12-26,1,630000,ОЭС УРАЛА,31852,31724
2025-12-26 02:00,2025-12-26,2,630000,ОЭС УРАЛА,31815,31912
2025-12-26 03:00,2025-12-26,3,630000,ОЭС УРАЛА,32367,32027
2025-12-26 04:00,2025-12-26,4,630000,ОЭС УРАЛА,32571,32479
2025-12-26 05:00,2025-12-26,5,630000,ОЭС УРАЛА,33336,33417
2025-12-26 06:00,2025-12-26,6,630000,ОЭС УРАЛА,34935,34528
2025-12-26 07:00,2025-12-26,7,630000,ОЭС УРАЛА,35746,35662
2025-12-26 08:00,2025-12-26,8,630000,ОЭС УРАЛА,36080,35651
2025-12-26 09:00,2025-12-26,9,630000,ОЭС УРАЛА,36254,35716
2025-12-26 10:00,2025-12-26,10,630000,ОЭС УРАЛА,36320,35606
2025-12-26 11:00,2025-12-26,11,630000,ОЭС УРАЛА,36168,35318
2025-12-26 12:00,2025-12-26,12,630000,ОЭС УРАЛА,36166,35302
2025-12-26 13:00,2025-12-26,13,630000,ОЭС УРАЛА,36037,35071
2025-12-26 14:00,2025-12-26,14,630000,ОЭС УРАЛА,36044,35004
2025-12-26 15:00,2025-12-26,15,630000,ОЭС УРАЛА,36065,35379
2025-12-26 16:00,2025-12-26,16,630000,ОЭС УРАЛА,36065,35369
2025-12-26 17:00,2025-12-26,17,630000,ОЭС УРАЛА,35925,35194
2025-12-26 18:00,2025-12-26,18,630000,ОЭС УРАЛА,35754,34744
2025-12-26 19:00,2025-12-26,19,630000,ОЭС УРАЛА,35788,34574
2025-12-26 20:00,2025-12-26,20,630000,ОЭС УРАЛА,35619,34216
2025-12-26 21:00,2025-12-26,21,630000,ОЭС УРАЛА,35330,33583
2025-12-26 22:00,2025-12-26,22,630000,ОЭС УРАЛА,34207,32662
2025-12-26 23:00,2025-12-26,23,630000,ОЭС УРАЛА,32933,32181
2025-12-27 00:00,2025-12-27,0,630000,ОЭС УРАЛА,32027,31822
2025-12-27 01:00,2025-12-27,1,630000,ОЭС УРАЛА,32014,31394
2025-12-27 02:00,2025-12-27,2,630000,ОЭС УРАЛА,31734,31309
2025-12-27 03:00,2025-12-27,3,630000,ОЭС УРАЛА,31882,31461
2025-12-27 04:00,2025-12-27,4,630000,ОЭС УРАЛА,31140,31423
2025-12-27 05:00,2025-12-27,5,630000,ОЭС УРАЛА,31704,31839
2025-12-27 06:00,2025-12-27,6,630000,ОЭС УРАЛА,32668,32578
2025-12-27 07:00,2025-12-27,7,630000,ОЭС УРАЛА,33299,33549
2025-12-27 08:00,2025-12-27,8,630000,ОЭС УРАЛА,33967,33951
2025-12-27 09:00,2025-12-27,9,630000,ОЭС УРАЛА,34525,34339
2025-12-27 10:00,2025-12-27,10,630000,ОЭС УРАЛА,34344,34440
2025-12-27 11:00,2025-12-27,11,630000,ОЭС УРАЛА,34354,34359
2025-12-27 12:00,2025-12-27,12,630000,ОЭС УРАЛА,34527,34232
2025-12-27 13:00,2025-12-27,13,630000,ОЭС УРАЛА,34531,34273
2025-12-27 14:00,2025-12-27,14,630000,ОЭС УРАЛА,34724,34338
2025-12-27 15:00,2025-12-27,15,630000,ОЭС УРАЛА,34766,34579
2025-12-27 16:00,2025-12-27,16,630000,ОЭС УРАЛА,35002,34928
2025-12-27 17:00,2025-12-27,17,630000,ОЭС УРАЛА,34928,34601
2025-12-27 18:00,2025-12-27,18,630000,ОЭС УРАЛА,34649,34087
2025-12-27 19:00,2025-12-27,19,630000,ОЭС УРАЛА,34704,34015
2025-12-27 20:00,2025-12-27,20,630000,ОЭС УРАЛА,34810,33452
2025-12-27 21:00,2025-12-27,21,630000,ОЭС УРАЛА,34199,32880
2025-12-27 22:00,2025-12-27,22,630000,ОЭС УРАЛА,34206,32199
2025-12-27 23:00,2025-12-27,23,630000,ОЭС УРАЛА,33594,31753
2025-12-28 00:00,2025-12-28,0,630000,ОЭС УРАЛА,33385,31326
2025-12-28 01:00,2025-12-28,1,630000,ОЭС УРАЛА,31904,31059
2025-12-28 02:00,2025-12-28,2,630000,ОЭС УРАЛА,31402,30895
2025-12-28 03:00,2025-12-28,3,630000,ОЭС УРАЛА,31113,30966
2025-12-28 04:00,2025-12-28,4,630000,ОЭС УРАЛА,30332,30899
2025-12-28 05:00,2025-12-28,5,630000,ОЭС УРАЛА,30936,31136
2025-12-28 06:00,2025-12-28,6,630000,ОЭС УРАЛА,32266,31651
2025-12-28 07:00,2025-12-28,7,630000,ОЭС УРАЛА,33425,32649
2025-12-28 08:00,2025-12-28,8,630000,ОЭС УРАЛА,33932,33238
2025-12-28 09:00,2025-12-28,9,630000,ОЭС УРАЛА,34760,33507
2025-12-28 10:00,2025-12-28,10,630000,ОЭС УРАЛА,35136,33754
2025-12-28 11:00,2025-12-28,11,630000,ОЭС УРАЛА,35042,33843
2025-12-28 12:00,2025-12-28,12,630000,ОЭС УРАЛА,35126,33826
2025-12-28 13:00,2025-12-28,13,630000,ОЭС УРАЛА,35318,33815
2025-12-28 14:00,2025-12-28,14,630000,ОЭС УРАЛА,35458,33911
2025-12-28 15:00,2025-12-28,15,630000,ОЭС УРАЛА,35585,34474
2025-12-28 16:00,2025-12-28,16,630000,ОЭС УРАЛА,35716,34563
2025-12-28 17:00,2025-12-28,17,630000,ОЭС УРАЛА,35497,34195
2025-12-28 18:00,2025-12-28,18,630000,ОЭС УРАЛА,35094,34021
2025-12-28 19:00,2025-12-28,19,630000,ОЭС УРАЛА,35032,33878
2025-12-28 20:00,2025-12-28,20,630000,ОЭС УРАЛА,34395,33235
2025-12-28 21:00,2025-12-28,21,630000,ОЭС УРАЛА,33982,32625
2025-12-28 22:00,2025-12-28,22,630000,ОЭС УРАЛА,34316,31927
2025-12-28 23:00,2025-12-28,23,630000,ОЭС УРАЛА,32964,31139
2025-12-29 00:00,2025-12-29,0,630000,ОЭС УРАЛА,31763,30828
2025-12-29 01:00,2025-12-29,1,630000,ОЭС УРАЛА,30991,30714
2025-12-29 02:00,2025-12-29,2,630000,ОЭС УРАЛА,30535,30565
2025-12-29 03:00,2025-12-29,3,630000,ОЭС УРАЛА,30408,30637
2025-12-29 04:00,2025-12-29,4,630000,ОЭС УРАЛА,30863,31313
2025-12-29 05:00,2025-12-29,5,630000,ОЭС УРАЛА,32072,32104
2025-12-29 06:00,2025-12-29,6,630000,ОЭС УРАЛА,33968,33124
2025-12-29 07:00,2025-12-29,7,630000,ОЭС УРАЛА,34514,34103
2025-12-29 08:00,2025-12-29,8,630000,ОЭС УРАЛА,35706,34333
2025-12-29 09:00,2025-12-29,9,630000,ОЭС УРАЛА,35673,34302
2025-12-29 10:00,2025-12-29,10,630000,ОЭС УРАЛА,35461,34140
2025-12-29 11:00,2025-12-29,11,630000,ОЭС УРАЛА,34954,34094
2025-12-29 12:00,2025-12-29,12,630000,ОЭС УРАЛА,34920,34010
2025-12-29 13:00,2025-12-29,13,630000,ОЭС УРАЛА,34902,34028
2025-12-29 14:00,2025-12-29,14,630000,ОЭС УРАЛА,34939,33887
2025-12-29 15:00,2025-12-29,15,630000,ОЭС УРАЛА,35073,34037
2025-12-29 16:00,2025-12-29,16,630000,ОЭС УРАЛА,35113,34270
2025-12-29 17:00,2025-12-29,17,630000,ОЭС УРАЛА,35251,34198
2025-12-29 18:00,2025-12-29,18,630000,ОЭС УРАЛА,34936,33850
2025-12-29 19:00,2025-12-29,19,630000,ОЭС УРАЛА,34363,33776
2025-12-29 20:00,2025-12-29,20,630000,ОЭС УРАЛА,33599,33270
2025-12-29 21:00,2025-12-29,21,630000,ОЭС УРАЛА,32970,32699
2025-12-29 22:00,2025-12-29,22,630000,ОЭС УРАЛА,33363,32077
2025-12-29 23:00,2025-12-29,23,630000,ОЭС УРАЛА,32314,31261
2025-12-30 00:00,2025-12-30,0,630000,ОЭС УРАЛА,30549,30763
2025-12-30 01:00,2025-12-30,1,630000,ОЭС УРАЛА,30174,30387
2025-12-30 02:00,2025-12-30,2,630000,ОЭС УРАЛА,30249,30518
2025-12-30 03:00,2025-12-30,3,630000,ОЭС УРАЛА,30337,30804
2025-12-30 04:00,2025-12-30,4,630000,ОЭС УРАЛА,30541,31094
2025-12-30 05:00,2025-12-30,5,630000,ОЭС УРАЛА,31510,31947
2025-12-30 06:00,2025-12-30,6,630000,ОЭС УРАЛА,32827,32819
2025-12-30 07:00,2025-12-30,7,630000,ОЭС УРАЛА,34335,33818
2025-12-30 08:00,2025-12-30,8,630000,ОЭС УРАЛА,35173,34078
2025-12-30 09:00,2025-12-30,9,630000,ОЭС УРАЛА,35030,34292
2025-12-30 10:00,2025-12-30,10,630000,ОЭС УРАЛА,34553,34112
2025-12-30 11:00,2025-12-30,11,630000,ОЭС УРАЛА,34456,33815
2025-12-30 12:00,2025-12-30,12,630000,ОЭС УРАЛА,34413,33510
2025-12-30 13:00,2025-12-30,13,630000,ОЭС УРАЛА,34435,33460
2025-12-30 14:00,2025-12-30,14,630000,ОЭС УРАЛА,34140,33238
2025-12-30 15:00,2025-12-30,15,630000,ОЭС УРАЛА,33813,33567
2025-12-30 16:00,2025-12-30,16,630000,ОЭС УРАЛА,33506,33780
2025-12-30 17:00,2025-12-30,17,630000,ОЭС УРАЛА,34451,33785
2025-12-30 18:00,2025-12-30,18,630000,ОЭС УРАЛА,34467,33511
2025-12-30 19:00,2025-12-30,19,630000,ОЭС УРАЛА,34257,33545
2025-12-30 20:00,2025-12-30,20,630000,ОЭС УРАЛА,34078,33359
2025-12-30 21:00,2025-12-30,21,630000,ОЭС УРАЛА,33380,32501
2025-12-30 22:00,2025-12-30,22,630000,ОЭС УРАЛА,32734,31989
2025-12-30 23:00,2025-12-30,23,630000,ОЭС УРАЛА,31663,31457
2025-12-31 00:00,2025-12-31,0,630000,ОЭС УРАЛА,31147,30882
2025-12-31 01:00,2025-12-31,1,630000,ОЭС УРАЛА,30499,30432
2025-12-31 02:00,2025-12-31,2,630000,ОЭС УРАЛА,29963,30230
2025-12-31 03:00,2025-12-31,3,630000,ОЭС УРАЛА,29869,30449
2025-12-31 04:00,2025-12-31,4,630000,ОЭС УРАЛА,29778,30218
2025-12-31 05:00,2025-12-31,5,630000,ОЭС УРАЛА,30405,30526
2025-12-31 06:00,2025-12-31,6,630000,ОЭС УРАЛА,31384,31165
2025-12-31 07:00,2025-12-31,7,630000,ОЭС УРАЛА,32370,31859
2025-12-31 08:00,2025-12-31,8,630000,ОЭС УРАЛА,33143,32446
2025-12-31 09:00,2025-12-31,9,630000,ОЭС УРАЛА,33939,32899
2025-12-31 10:00,2025-12-31,10,630000,ОЭС УРАЛА,34073,33083
2025-12-31 11:00,2025-12-31,11,630000,ОЭС УРАЛА,34131,32966
2025-12-31 12:00,2025-12-31,12,630000,ОЭС УРАЛА,33876,32859
2025-12-31 13:00,2025-12-31,13,630000,ОЭС УРАЛА,33763,32806
2025-12-31 14:00,2025-12-31,14,630000,ОЭС УРАЛА,33825,32932
2025-12-31 15:00,2025-12-31,15,630000,ОЭС УРАЛА,34077,33388
2025-12-31 16:00,2025-12-31,16,630000,ОЭС УРАЛА,34200,33618
2025-12-31 17:00,2025-12-31,17,630000,ОЭС УРАЛА,34177,33495
2025-12-31 18:00,2025-12-31,18,630000,ОЭС УРАЛА,33983,33205
2025-12-31 19:00,2025-12-31,19,630000,ОЭС УРАЛА,33530,32821
2025-12-31 20:00,2025-12-31,20,630000,ОЭС УРАЛА,32434,32168
2025-12-31 21:00,2025-12-31,21,630000,ОЭС УРАЛА,31463,31530
2025-12-31 22:00,2025-12-31,22,630000,ОЭС УРАЛА,31383,30853
2025-12-31 23:00,2025-12-31,23,630000,ОЭС УРАЛА,30168,30588
2026-01-01 00:00,2026-01-01,0,630000,ОЭС УРАЛА,28960,30458
2026-01-01 01:00,2026-01-01,1,630000,ОЭС УРАЛА,28779,30068
2026-01-01 02:00,2026-01-01,2,630000,ОЭС УРАЛА,28452,29808
2026-01-01 03:00,2026-01-01,3,630000,ОЭС УРАЛА,28474,29575
2026-01-01 04:00,2026-01-01,4,630000,ОЭС УРАЛА,28492,29566
2026-01-01 05:00,2026-01-01,5,630000,ОЭС УРАЛА,28549,29751
2026-01-01 06:00,2026-01-01,6,630000,ОЭС УРАЛА,28606,29908
2026-01-01 07:00,2026-01-01,7,630000,ОЭС УРАЛА,29246,30062
2026-01-01 08:00,2026-01-01,8,630000,ОЭС УРАЛА,29752,30062
2026-01-01 09:00,2026-01-01,9,630000,ОЭС УРАЛА,29413,30499
2026-01-01 10:00,2026-01-01,10,630000,ОЭС УРАЛА,30305,30763
2026-01-01 11:00,2026-01-01,11,630000,ОЭС УРАЛА,31272,31018
2026-01-01 12:00,2026-01-01,12,630000,ОЭС УРАЛА,31533,31123
2026-01-01 13:00,2026-01-01,13,630000,ОЭС УРАЛА,31544,31137
2026-01-01 14:00,2026-01-01,14,630000,ОЭС УРАЛА,31781,31054
2026-01-01 15:00,2026-01-01,15,630000,ОЭС УРАЛА,31998,31378
2026-01-01 16:00,2026-01-01,16,630000,ОЭС УРАЛА,32072,31761
2026-01-01 17:00,2026-01-01,17,630000,ОЭС УРАЛА,32764,31740
2026-01-01 18:00,2026-01-01,18,630000,ОЭС УРАЛА,32755,31596
2026-01-01 19:00,2026-01-01,19,630000,ОЭС УРАЛА,33081,31484
2026-01-01 20:00,2026-01-01,20,630000,ОЭС УРАЛА,33091,31431
2026-01-01 21:00,2026-01-01,21,630000,ОЭС УРАЛА,32651,30842
2026-01-01 22:00,2026-01-01,22,630000,ОЭС УРАЛА,32198,30360
2026-01-01 23:00,2026-01-01,23,630000,ОЭС УРАЛА,31510,30045
2026-01-02 00:00,2026-01-02,0,630000,ОЭС УРАЛА,29975,29724
2026-01-02 01:00,2026-01-02,1,630000,ОЭС УРАЛА,29981,29520
2026-01-02 02:00,2026-01-02,2,630000,ОЭС УРАЛА,29612,29334
2026-01-02 03:00,2026-01-02,3,630000,ОЭС УРАЛА,29526,29209
2026-01-02 04:00,2026-01-02,4,630000,ОЭС УРАЛА,29207,29305
2026-01-02 05:00,2026-01-02,5,630000,ОЭС УРАЛА,29680,29758
2026-01-02 06:00,2026-01-02,6,630000,ОЭС УРАЛА,30802,30073
2026-01-02 07:00,2026-01-02,7,630000,ОЭС УРАЛА,32190,30703
2026-01-02 08:00,2026-01-02,8,630000,ОЭС УРАЛА,33235,31277
2026-01-02 09:00,2026-01-02,9,630000,ОЭС УРАЛА,33475,31529
2026-01-02 10:00,2026-01-02,10,630000,ОЭС УРАЛА,33636,32030
2026-01-02 11:00,2026-01-02,11,630000,ОЭС УРАЛА,33665,32068
2026-01-02 12:00,2026-01-02,12,630000,ОЭС УРАЛА,33525,31961
2026-01-02 13:00,2026-01-02,13,630000,ОЭС УРАЛА,33659,31869
2026-01-02 14:00,2026-01-02,14,630000,ОЭС УРАЛА,33719,31958
2026-01-02 15:00,2026-01-02,15,630000,ОЭС УРАЛА,33784,32191
2026-01-02 16:00,2026-01-02,16,630000,ОЭС УРАЛА,33790,32706
2026-01-02 17:00,2026-01-02,17,630000,ОЭС УРАЛА,34279,32541
2026-01-02 18:00,2026-01-02,18,630000,ОЭС УРАЛА,34385,32383
2026-01-02 19:00,2026-01-02,19,630000,ОЭС УРАЛА,34304,32330
2026-01-02 20:00,2026-01-02,20,630000,ОЭС УРАЛА,34120,32217
2026-01-02 21:00,2026-01-02,21,630000,ОЭС УРАЛА,34071,31642
2026-01-02 22:00,2026-01-02,22,630000,ОЭС УРАЛА,33510,31101
2026-01-02 23:00,2026-01-02,23,630000,ОЭС УРАЛА,33331,30522
2026-01-03 00:00,2026-01-03,0,630000,ОЭС УРАЛА,31463,30161
2026-01-03 01:00,2026-01-03,1,630000,ОЭС УРАЛА,31833,29850
2026-01-03 02:00,2026-01-03,2,630000,ОЭС УРАЛА,31424,29936
2026-01-03 03:00,2026-01-03,3,630000,ОЭС УРАЛА,30945,30054
2026-01-03 04:00,2026-01-03,4,630000,ОЭС УРАЛА,30621,30044
2026-01-03 05:00,2026-01-03,5,630000,ОЭС УРАЛА,30859,30404
2026-01-03 06:00,2026-01-03,6,630000,ОЭС УРАЛА,31661,30934
2026-01-03 07:00,2026-01-03,7,630000,ОЭС УРАЛА,32777,31922
2026-01-03 08:00,2026-01-03,8,630000,ОЭС УРАЛА,33950,32294
2026-01-03 09:00,2026-01-03,9,630000,ОЭС УРАЛА,34804,32814
2026-01-03 10:00,2026-01-03,10,630000,ОЭС УРАЛА,34942,32928
2026-01-03 11:00,2026-01-03,11,630000,ОЭС УРАЛА,35036,33018
2026-01-03 12:00,2026-01-03,12,630000,ОЭС УРАЛА,34978,33107
2026-01-03 13:00,2026-01-03,13,630000,ОЭС УРАЛА,34811,32835
2026-01-03 14:00,2026-01-03,14,630000,ОЭС УРАЛА,34827,32814
2026-01-03 15:00,2026-01-03,15,630000,ОЭС УРАЛА,34957,33159
2026-01-03 16:00,2026-01-03,16,630000,ОЭС УРАЛА,35086,33517
2026-01-03 17:00,2026-01-03,17,630000,ОЭС УРАЛА,35100,33399
2026-01-03 18:00,2026-01-03,18,630000,ОЭС УРАЛА,35062,33106
2026-01-03 19:00,2026-01-03,19,630000,ОЭС УРАЛА,35039,33003
2026-01-03 20:00,2026-01-03,20,630000,ОЭС УРАЛА,34900,32784
2026-01-03 21:00,2026-01-03,21,630000,ОЭС УРАЛА,34748,32284
2026-01-03 22:00,2026-01-03,22,630000,ОЭС УРАЛА,34475,31790
2026-01-03 23:00,2026-01-03,23,630000,ОЭС УРАЛА,33592,31064
2026-01-04 00:00,2026-01-04,0,630000,ОЭС УРАЛА,33281,30991
2026-01-04 01:00,2026-01-04,1,630000,ОЭС УРАЛА,32570,30564
2026-01-04 02:00,2026-01-04,2,630000,ОЭС УРАЛА,31940,30292
2026-01-04 03:00,2026-01-04,3,630000,ОЭС УРАЛА,31898,30377
2026-01-04 04:00,2026-01-04,4,630000,ОЭС УРАЛА,32007,30634
2026-01-04 05:00,2026-01-04,5,630000,ОЭС УРАЛА,32050,30827
2026-01-04 06:00,2026-01-04,6,630000,ОЭС УРАЛА,32828,31368
2026-01-04 07:00,2026-01-04,7,630000,ОЭС УРАЛА,33170,32116
2026-01-04 08:00,2026-01-04,8,630000,ОЭС УРАЛА,34117,32573
2026-01-04 09:00,2026-01-04,9,630000,ОЭС УРАЛА,34644,32998
2026-01-04 10:00,2026-01-04,10,630000,ОЭС УРАЛА,35041,33066
2026-01-04 11:00,2026-01-04,11,630000,ОЭС УРАЛА,34926,33090
2026-01-04 12:00,2026-01-04,12,630000,ОЭС УРАЛА,34922,32938
2026-01-04 13:00,2026-01-04,13,630000,ОЭС УРАЛА,34910,32970
2026-01-04 14:00,2026-01-04,14,630000,ОЭС УРАЛА,34968,33032
2026-01-04 15:00,2026-01-04,15,630000,ОЭС УРАЛА,35020,33335
2026-01-04 16:00,2026-01-04,16,630000,ОЭС УРАЛА,35109,33448
2026-01-04 17:00,2026-01-04,17,630000,ОЭС УРАЛА,35045,33369
2026-01-04 18:00,2026-01-04,18,630000,ОЭС УРАЛА,35196,33042
2026-01-04 19:00,2026-01-04,19,630000,ОЭС УРАЛА,35141,33033
2026-01-04 20:00,2026-01-04,20,630000,ОЭС УРАЛА,34922,32602
2026-01-04 21:00,2026-01-04,21,630000,ОЭС УРАЛА,34834,32134
2026-01-04 22:00,2026-01-04,22,630000,ОЭС УРАЛА,34300,31526
2026-01-04 23:00,2026-01-04,23,630000,ОЭС УРАЛА,32354,31043
2026-01-05 00:00,2026-01-05,0,630000,ОЭС УРАЛА,31833,30580
2026-01-05 01:00,2026-01-05,1,630000,ОЭС УРАЛА,32041,30270
2026-01-05 02:00,2026-01-05,2,630000,ОЭС УРАЛА,30488,29977
2026-01-05 03:00,2026-01-05,3,630000,ОЭС УРАЛА,30306,29944
2026-01-05 04:00,2026-01-05,4,630000,ОЭС УРАЛА,29984,30213
2026-01-05 05:00,2026-01-05,5,630000,ОЭС УРАЛА,30357,30585
2026-01-05 06:00,2026-01-05,6,630000,ОЭС УРАЛА,31443,31148
2026-01-05 07:00,2026-01-05,7,630000,ОЭС УРАЛА,32263,31827
2026-01-05 08:00,2026-01-05,8,630000,ОЭС УРАЛА,33328,32390
2026-01-05 09:00,2026-01-05,9,630000,ОЭС УРАЛА,33752,32510
2026-01-05 10:00,2026-01-05,10,630000,ОЭС УРАЛА,34332,32829
2026-01-05 11:00,2026-01-05,11,630000,ОЭС УРАЛА,34766,32846
2026-01-05 12:00,2026-01-05,12,630000,ОЭС УРАЛА,34416,32635
2026-01-05 13:00,2026-01-05,13,630000,ОЭС УРАЛА,34146,32752
2026-01-05 14:00,2026-01-05,14,630000,ОЭС УРАЛА,34230,32788
2026-01-05 15:00,2026-01-05,15,630000,ОЭС УРАЛА,34346,33232
2026-01-05 16:00,2026-01-05,16,630000,ОЭС УРАЛА,34739,33532
2026-01-05 17:00,2026-01-05,17,630000,ОЭС УРАЛА,34574,32991
2026-01-05 18:00,2026-01-05,18,630000,ОЭС УРАЛА,34467,32493
2026-01-05 19:00,2026-01-05,19,630000,ОЭС УРАЛА,33943,32456
2026-01-05 20:00,2026-01-05,20,630000,ОЭС УРАЛА,33343,31870
2026-01-05 21:00,2026-01-05,21,630000,ОЭС УРАЛА,32801,31370
2026-01-05 22:00,2026-01-05,22,630000,ОЭС УРАЛА,32162,30865
2026-01-05 23:00,2026-01-05,23,630000,ОЭС УРАЛА,31333,30525
2026-01-06 00:00,2026-01-06,0,630000,ОЭС УРАЛА,30137,30000
2026-01-06 01:00,2026-01-06,1,630000,ОЭС УРАЛА,30177,29696
2026-01-06 02:00,2026-01-06,2,630000,ОЭС УРАЛА,29567,29674
2026-01-06 03:00,2026-01-06,3,630000,ОЭС УРАЛА,28710,29651
2026-01-06 04:00,2026-01-06,4,630000,ОЭС УРАЛА,28696,29879
2026-01-06 05:00,2026-01-06,5,630000,ОЭС УРАЛА,29674,30115
2026-01-06 06:00,2026-01-06,6,630000,ОЭС УРАЛА,30657,30506
2026-01-06 07:00,2026-01-06,7,630000,ОЭС УРАЛА,31412,31501
2026-01-06 08:00,2026-01-06,8,630000,ОЭС УРАЛА,31893,31762
2026-01-06 09:00,2026-01-06,9,630000,ОЭС УРАЛА,32535,32114
2026-01-06 10:00,2026-01-06,10,630000,ОЭС УРАЛА,33102,32293
2026-01-06 11:00,2026-01-06,11,630000,ОЭС УРАЛА,33284,32221
2026-01-06 12:00,2026-01-06,12,630000,ОЭС УРАЛА,33277,32332
2026-01-06 13:00,2026-01-06,13,630000,ОЭС УРАЛА,33279,32468
2026-01-06 14:00,2026-01-06,14,630000,ОЭС УРАЛА,33589,32531
2026-01-06 15:00,2026-01-06,15,630000,ОЭС УРАЛА,33893,32872
2026-01-06 16:00,2026-01-06,16,630000,ОЭС УРАЛА,34389,33314
2026-01-06 17:00,2026-01-06,17,630000,ОЭС УРАЛА,34995,33229
2026-01-06 18:00,2026-01-06,18,630000,ОЭС УРАЛА,34831,32781
2026-01-06 19:00,2026-01-06,19,630000,ОЭС УРАЛА,34481,32561
2026-01-06 20:00,2026-01-06,20,630000,ОЭС УРАЛА,34371,32208
2026-01-06 21:00,2026-01-06,21,630000,ОЭС УРАЛА,33909,31741
2026-01-06 22:00,2026-01-06,22,630000,ОЭС УРАЛА,33192,31169
2026-01-06 23:00,2026-01-06,23,630000,ОЭС УРАЛА,32054,30551
2026-01-07 00:00,2026-01-07,0,630000,ОЭС УРАЛА,31686,30010
2026-01-07 01:00,2026-01-07,1,630000,ОЭС УРАЛА,31063,29654
2026-01-07 02:00,2026-01-07,2,630000,ОЭС УРАЛА,30404,29640
2026-01-07 03:00,2026-01-07,3,630000,ОЭС УРАЛА,30018,29509
2026-01-07 04:00,2026-01-07,4,630000,ОЭС УРАЛА,30044,29756
2026-01-07 05:00,2026-01-07,5,630000,ОЭС УРАЛА,30411,30102
2026-01-07 06:00,2026-01-07,6,630000,ОЭС УРАЛА,31244,30456
2026-01-07 07:00,2026-01-07,7,630000,ОЭС УРАЛА,31951,31269
2026-01-07 08:00,2026-01-07,8,630000,ОЭС УРАЛА,32512,31763
2026-01-07 09:00,2026-01-07,9,630000,ОЭС УРАЛА,33020,32017
2026-01-07 10:00,2026-01-07,10,630000,ОЭС УРАЛА,33204,32543
2026-01-07 11:00,2026-01-07,11,630000,ОЭС УРАЛА,33227,32403
2026-01-07 12:00,2026-01-07,12,630000,ОЭС УРАЛА,33576,32158
2026-01-07 13:00,2026-01-07,13,630000,ОЭС УРАЛА,33840,32218
2026-01-07 14:00,2026-01-07,14,630000,ОЭС УРАЛА,34065,32301
2026-01-07 15:00,2026-01-07,15,630000,ОЭС УРАЛА,34108,32626
2026-01-07 16:00,2026-01-07,16,630000,ОЭС УРАЛА,34144,33180
2026-01-07 17:00,2026-01-07,17,630000,ОЭС УРАЛА,34326,33085
2026-01-07 18:00,2026-01-07,18,630000,ОЭС УРАЛА,33817,32532
2026-01-07 19:00,2026-01-07,19,630000,ОЭС УРАЛА,33634,32595
2026-01-07 20:00,2026-01-07,20,630000,ОЭС УРАЛА,33562,32124
2026-01-07 21:00,2026-01-07,21,630000,ОЭС УРАЛА,33843,31668
2026-01-07 22:00,2026-01-07,22,630000,ОЭС УРАЛА,33570,31072
2026-01-07 23:00,2026-01-07,23,630000,ОЭС УРАЛА,32045,30556
2026-01-08 00:00,2026-01-08,0,630000,ОЭС УРАЛА,31347,30006
2026-01-08 01:00,2026-01-08,1,630000,ОЭС УРАЛА,31359,29961
2026-01-08 02:00,2026-01-08,2,630000,ОЭС УРАЛА,29997,29831
2026-01-08 03:00,2026-01-08,3,630000,ОЭС УРАЛА,30307,29934
2026-01-08 04:00,2026-01-08,4,630000,ОЭС УРАЛА,30345,30202
2026-01-08 05:00,2026-01-08,5,630000,ОЭС УРАЛА,30582,30556
2026-01-08 06:00,2026-01-08,6,630000,ОЭС УРАЛА,31455,30998
2026-01-08 07:00,2026-01-08,7,630000,ОЭС УРАЛА,32588,32008
2026-01-08 08:00,2026-01-08,8,630000,ОЭС УРАЛА,33411,32470
2026-01-08 09:00,2026-01-08,9,630000,ОЭС УРАЛА,34295,32804
2026-01-08 10:00,2026-01-08,10,630000,ОЭС УРАЛА,34556,33005
2026-01-08 11:00,2026-01-08,11,630000,ОЭС УРАЛА,34440,33175
2026-01-08 12:00,2026-01-08,12,630000,ОЭС УРАЛА,34906,33155
2026-01-08 13:00,2026-01-08,13,630000,ОЭС УРАЛА,34884,33098
2026-01-08 14:00,2026-01-08,14,630000,ОЭС УРАЛА,35066,33092
2026-01-08 15:00,2026-01-08,15,630000,ОЭС УРАЛА,35093,33434
2026-01-08 16:00,2026-01-08,16,630000,ОЭС УРАЛА,34854,33710
2026-01-08 17:00,2026-01-08,17,630000,ОЭС УРАЛА,34666,33395
2026-01-08 18:00,2026-01-08,18,630000,ОЭС УРАЛА,34732,32993
2026-01-08 19:00,2026-01-08,19,630000,ОЭС УРАЛА,34676,33001
2026-01-08 20:00,2026-01-08,20,630000,ОЭС УРАЛА,34515,32571
2026-01-08 21:00,2026-01-08,21,630000,ОЭС УРАЛА,33882,32024
2026-01-08 22:00,2026-01-08,22,630000,ОЭС УРАЛА,33711,31529
2026-01-08 23:00,2026-01-08,23,630000,ОЭС УРАЛА,32918,30904
2026-01-09 00:00,2026-01-09,0,630000,ОЭС УРАЛА,32445,30633
2026-01-09 01:00,2026-01-09,1,630000,ОЭС УРАЛА,31344,30154
2026-01-09 02:00,2026-01-09,2,630000,ОЭС УРАЛА,30859,30115
2026-01-09 03:00,2026-01-09,3,630000,ОЭС УРАЛА,30745,29971
2026-01-09 04:00,2026-01-09,4,630000,ОЭС УРАЛА,30824,30096
2026-01-09 05:00,2026-01-09,5,630000,ОЭС УРАЛА,31024,30385
2026-01-09 06:00,2026-01-09,6,630000,ОЭС УРАЛА,31795,30902
2026-01-09 07:00,2026-01-09,7,630000,ОЭС УРАЛА,32820,31854
2026-01-09 08:00,2026-01-09,8,630000,ОЭС УРАЛА,33524,32417
2026-01-09 09:00,2026-01-09,9,630000,ОЭС УРАЛА,34464,32809
2026-01-09 10:00,2026-01-09,10,630000,ОЭС УРАЛА,34630,33127
2026-01-09 11:00,2026-01-09,11,630000,ОЭС УРАЛА,34740,33038
2026-01-09 12:00,2026-01-09,12,630000,ОЭС УРАЛА,34753,32927
2026-01-09 13:00,2026-01-09,13,630000,ОЭС УРАЛА,34848,32870
2026-01-09 14:00,2026-01-09,14,630000,ОЭС УРАЛА,34928,33119
2026-01-09 15:00,2026-01-09,15,630000,ОЭС УРАЛА,35134,33525
2026-01-09 16:00,2026-01-09,16,630000,ОЭС УРАЛА,35284,33773
2026-01-09 17:00,2026-01-09,17,630000,ОЭС УРАЛА,35133,33495
2026-01-09 18:00,2026-01-09,18,630000,ОЭС УРАЛА,34978,33075
2026-01-09 19:00,2026-01-09,19,630000,ОЭС УРАЛА,35040,32909
2026-01-09 20:00,2026-01-09,20,630000,ОЭС УРАЛА,33854,32475
2026-01-09 21:00,2026-01-09,21,630000,ОЭС УРАЛА,33561,32119
2026-01-09 22:00,2026-01-09,22,630000,ОЭС УРАЛА,33391,31674
2026-01-09 23:00,2026-01-09,23,630000,ОЭС УРАЛА,31827,31160
2026-01-10 00:00,2026-01-10,0,630000,ОЭС УРАЛА,31604,30542
2026-01-10 01:00,2026-01-10,1,630000,ОЭС УРАЛА,31282,30446
2026-01-10 02:00,2026-01-10,2,630000,ОЭС УРАЛА,30449,30184
2026-01-10 03:00,2026-01-10,3,630000,ОЭС УРАЛА,29867,30164
2026-01-10 04:00,2026-01-10,4,630000,ОЭС УРАЛА,29928,30263
2026-01-10 05:00,2026-01-10,5,630000,ОЭС УРАЛА,30334,30608
2026-01-10 06:00,2026-01-10,6,630000,ОЭС УРАЛА,31072,31106
2026-01-10 07:00,2026-01-10,7,630000,ОЭС УРАЛА,31969,32144
2026-01-10 08:00,2026-01-10,8,630000,ОЭС УРАЛА,32621,32673
2026-01-10 09:00,2026-01-10,9,630000,ОЭС УРАЛА,33277,33030
2026-01-10 10:00,2026-01-10,10,630000,ОЭС УРАЛА,33452,33300
2026-01-10 11:00,2026-01-10,11,630000,ОЭС УРАЛА,33268,33284
2026-01-10 12:00,2026-01-10,12,630000,ОЭС УРАЛА,33273,33199
2026-01-10 13:00,2026-01-10,13,630000,ОЭС УРАЛА,33259,33198
2026-01-10 14:00,2026-01-10,14,630000,ОЭС УРАЛА,33384,33022
2026-01-10 15:00,2026-01-10,15,630000,ОЭС УРАЛА,33614,33236
2026-01-10 16:00,2026-01-10,16,630000,ОЭС УРАЛА,33549,33736
2026-01-10 17:00,2026-01-10,17,630000,ОЭС УРАЛА,33446,33608
2026-01-10 18:00,2026-01-10,18,630000,ОЭС УРАЛА,33680,32972
2026-01-10 19:00,2026-01-10,19,630000,ОЭС УРАЛА,33544,33119
2026-01-10 20:00,2026-01-10,20,630000,ОЭС УРАЛА,33360,32469
2026-01-10 21:00,2026-01-10,21,630000,ОЭС УРАЛА,32276,32111
2026-01-10 22:00,2026-01-10,22,630000,ОЭС УРАЛА,31612,31374
2026-01-10 23:00,2026-01-10,23,630000,ОЭС УРАЛА,31101,30902
2026-01-11 00:00,2026-01-11,0,630000,ОЭС УРАЛА,30157,30164
2026-01-11 01:00,2026-01-11,1,630000,ОЭС УРАЛА,30175,30165
2026-01-11 02:00,2026-01-11,2,630000,ОЭС УРАЛА,28951,29940
2026-01-11 03:00,2026-01-11,3,630000,ОЭС УРАЛА,28664,30224
2026-01-11 04:00,2026-01-11,4,630000,ОЭС УРАЛА,28899,30433
2026-01-11 05:00,2026-01-11,5,630000,ОЭС УРАЛА,29079,30653
2026-01-11 06:00,2026-01-11,6,630000,ОЭС УРАЛА,29664,31147
2026-01-11 07:00,2026-01-11,7,630000,ОЭС УРАЛА,30694,32081
2026-01-11 08:00,2026-01-11,8,630000,ОЭС УРАЛА,31711,32509
2026-01-11 09:00,2026-01-11,9,630000,ОЭС УРАЛА,32544,32820
2026-01-11 10:00,2026-01-11,10,630000,ОЭС УРАЛА,32691,32985
2026-01-11 11:00,2026-01-11,11,630000,ОЭС УРАЛА,33208,32944
2026-01-11 12:00,2026-01-11,12,630000,ОЭС УРАЛА,33197,32942
2026-01-11 13:00,2026-01-11,13,630000,ОЭС УРАЛА,33248,32959
2026-01-11 14:00,2026-01-11,14,630000,ОЭС УРАЛА,33442,32873
2026-01-11 15:00,2026-01-11,15,630000,ОЭС УРАЛА,33380,33380
2026-01-11 16:00,2026-01-11,16,630000,ОЭС УРАЛА,33763,33799
2026-01-11 17:00,2026-01-11,17,630000,ОЭС УРАЛА,34677,33634
2026-01-11 18:00,2026-01-11,18,630000,ОЭС УРАЛА,35009,33664
2026-01-11 19:00,2026-01-11,19,630000,ОЭС УРАЛА,34856,33536
2026-01-11 20:00,2026-01-11,20,630000,ОЭС УРАЛА,34564,32917
2026-01-11 21:00,2026-01-11,21,630000,ОЭС УРАЛА,33387,32136
2026-01-11 22:00,2026-01-11,22,630000,ОЭС УРАЛА,32405,31232
2026-01-11 23:00,2026-01-11,23,630000,ОЭС УРАЛА,30739,30737
2026-01-12 00:00,2026-01-12,0,630000,ОЭС УРАЛА,30216,30188
2026-01-12 01:00,2026-01-12,1,630000,ОЭС УРАЛА,29623,30086
2026-01-12 02:00,2026-01-12,2,630000,ОЭС УРАЛА,28457,29964
2026-01-12 03:00,2026-01-12,3,630000,ОЭС УРАЛА,28493,29832
2026-01-12 04:00,2026-01-12,4,630000,ОЭС УРАЛА,29374,30703
2026-01-12 05:00,2026-01-12,5,630000,ОЭС УРАЛА,30251,31833
2026-01-12 06:00,2026-01-12,6,630000,ОЭС УРАЛА,32671,32896
2026-01-12 07:00,2026-01-12,7,630000,ОЭС УРАЛА,34358,34058
2026-01-12 08:00,2026-01-12,8,630000,ОЭС УРАЛА,35503,34162
2026-01-12 09:00,2026-01-12,9,630000,ОЭС УРАЛА,35464,34316
2026-01-12 10:00,2026-01-12,10,630000,ОЭС УРАЛА,35115,34125
2026-01-12 11:00,2026-01-12,11,630000,ОЭС УРАЛА,34871,33979
2026-01-12 12:00,2026-01-12,12,630000,ОЭС УРАЛА,34957,33994
2026-01-12 13:00,2026-01-12,13,630000,ОЭС УРАЛА,34965,33924
2026-01-12 14:00,2026-01-12,14,630000,ОЭС УРАЛА,34830,33891
2026-01-12 15:00,2026-01-12,15,630000,ОЭС УРАЛА,34815,33827
2026-01-12 16:00,2026-01-12,16,630000,ОЭС УРАЛА,34818,34424
2026-01-12 17:00,2026-01-12,17,630000,ОЭС УРАЛА,35206,34395
2026-01-12 18:00,2026-01-12,18,630000,ОЭС УРАЛА,35477,34231
2026-01-12 19:00,2026-01-12,19,630000,ОЭС УРАЛА,35038,33867
2026-01-12 20:00,2026-01-12,20,630000,ОЭС УРАЛА,34552,33121
2026-01-12 21:00,2026-01-12,21,630000,ОЭС УРАЛА,34242,32628
2026-01-12 22:00,2026-01-12,22,630000,ОЭС УРАЛА,31820,31641
2026-01-12 23:00,2026-01-12,23,630000,ОЭС УРАЛА,30432,31130
2026-01-13 00:00,2026-01-13,0,630000,ОЭС УРАЛА,30239,30642
2026-01-13 01:00,2026-01-13,1,630000,ОЭС УРАЛА,30462,30358
2026-01-13 02:00,2026-01-13,2,630000,ОЭС УРАЛА,30082,30384
2026-01-13 03:00,2026-01-13,3,630000,ОЭС УРАЛА,30796,30764
2026-01-13 04:00,2026-01-13,4,630000,ОЭС УРАЛА,31672,31199
2026-01-13 05:00,2026-01-13,5,630000,ОЭС УРАЛА,32864,32298
2026-01-13 06:00,2026-01-13,6,630000,ОЭС УРАЛА,33748,33301
2026-01-13 07:00,2026-01-13,7,630000,ОЭС УРАЛА,35338,34235
2026-01-13 08:00,2026-01-13,8,630000,ОЭС УРАЛА,35875,34278
2026-01-13 09:00,2026-01-13,9,630000,ОЭС УРАЛА,36018,34417
2026-01-13 10:00,2026-01-13,10,630000,ОЭС УРАЛА,35870,34443
2026-01-13 11:00,2026-01-13,11,630000,ОЭС УРАЛА,36040,34248
2026-01-13 12:00,2026-01-13,12,630000,ОЭС УРАЛА,36162,34179
2026-01-13 13:00,2026-01-13,13,630000,ОЭС УРАЛА,35430,34243
2026-01-13 14:00,2026-01-13,14,630000,ОЭС УРАЛА,35484,34145
2026-01-13 15:00,2026-01-13,15,630000,ОЭС УРАЛА,35554,34230
2026-01-13 16:00,2026-01-13,16,630000,ОЭС УРАЛА,36060,34667
2026-01-13 17:00,2026-01-13,17,630000,ОЭС УРАЛА,36157,34679
2026-01-13 18:00,2026-01-13,18,630000,ОЭС УРАЛА,36131,34424
2026-01-13 19:00,2026-01-13,19,630000,ОЭС УРАЛА,35825,34033
2026-01-13 20:00,2026-01-13,20,630000,ОЭС УРАЛА,34888,33562
2026-01-13 21:00,2026-01-13,21,630000,ОЭС УРАЛА,34349,32824
2026-01-13 22:00,2026-01-13,22,630000,ОЭС УРАЛА,33287,32059
2026-01-13 23:00,2026-01-13,23,630000,ОЭС УРАЛА,32555,31553
2026-01-14 00:00,2026-01-14,0,630000,ОЭС УРАЛА,32365,31216
2026-01-14 01:00,2026-01-14,1,630000,ОЭС УРАЛА,32238,30864
2026-01-14 02:00,2026-01-14,2,630000,ОЭС УРАЛА,32002,30955
2026-01-14 03:00,2026-01-14,3,630000,ОЭС УРАЛА,32051,31111
2026-01-14 04:00,2026-01-14,4,630000,ОЭС УРАЛА,32390,31728
2026-01-14 05:00,2026-01-14,5,630000,ОЭС УРАЛА,33683,32876
2026-01-14 06:00,2026-01-14,6,630000,ОЭС УРАЛА,34310,33748
2026-01-14 07:00,2026-01-14,7,630000,ОЭС УРАЛА,35240,34927
2026-01-14 08:00,2026-01-14,8,630000,ОЭС УРАЛА,35857,35001
2026-01-14 09:00,2026-01-14,9,630000,ОЭС УРАЛА,36070,34893
2026-01-14 10:00,2026-01-14,10,630000,ОЭС УРАЛА,36187,34938
2026-01-14 11:00,2026-01-14,11,630000,ОЭС УРАЛА,36135,34942
2026-01-14 12:00,2026-01-14,12,630000,ОЭС УРАЛА,36256,34827
2026-01-14 13:00,2026-01-14,13,630000,ОЭС УРАЛА,35660,34825
2026-01-14 14:00,2026-01-14,14,630000,ОЭС УРАЛА,35719,34809
2026-01-14 15:00,2026-01-14,15,630000,ОЭС УРАЛА,35769,34762
2026-01-14 16:00,2026-01-14,16,630000,ОЭС УРАЛА,35731,35174
2026-01-14 17:00,2026-01-14,17,630000,ОЭС УРАЛА,35672,35248
2026-01-14 18:00,2026-01-14,18,630000,ОЭС УРАЛА,35600,34846
2026-01-14 19:00,2026-01-14,19,630000,ОЭС УРАЛА,35594,34522
2026-01-14 20:00,2026-01-14,20,630000,ОЭС УРАЛА,35471,34102
2026-01-14 21:00,2026-01-14,21,630000,ОЭС УРАЛА,34918,33245
2026-01-14 22:00,2026-01-14,22,630000,ОЭС УРАЛА,34375,32611
2026-01-14 23:00,2026-01-14,23,630000,ОЭС УРАЛА,32003,32120
2026-01-15 00:00,2026-01-15,0,630000,ОЭС УРАЛА,31554,31446
2026-01-15 01:00,2026-01-15,1,630000,ОЭС УРАЛА,31323,31582
2026-01-15 02:00,2026-01-15,2,630000,ОЭС УРАЛА,31151,31287
2026-01-15 03:00,2026-01-15,3,630000,ОЭС УРАЛА,31200,31568
2026-01-15 04:00,2026-01-15,4,630000,ОЭС УРАЛА,31857,32148
2026-01-15 05:00,2026-01-15,5,630000,ОЭС УРАЛА,33294,33169
2026-01-15 06:00,2026-01-15,6,630000,ОЭС УРАЛА,34302,34405
2026-01-15 07:00,2026-01-15,7,630000,ОЭС УРАЛА,35814,35247
2026-01-15 08:00,2026-01-15,8,630000,ОЭС УРАЛА,36215,35423
2026-01-15 09:00,2026-01-15,9,630000,ОЭС УРАЛА,36865,35621
2026-01-15 10:00,2026-01-15,10,630000,ОЭС УРАЛА,36799,35372
2026-01-15 11:00,2026-01-15,11,630000,ОЭС УРАЛА,36848,35199
2026-01-15 12:00,2026-01-15,12,630000,ОЭС УРАЛА,36824,35208
2026-01-15 13:00,2026-01-15,13,630000,ОЭС УРАЛА,36805,35031
2026-01-15 14:00,2026-01-15,14,630000,ОЭС УРАЛА,36329,34968
2026-01-15 15:00,2026-01-15,15,630000,ОЭС УРАЛА,36025,35172
2026-01-15 16:00,2026-01-15,16,630000,ОЭС УРАЛА,35785,35650
2026-01-15 17:00,2026-01-15,17,630000,ОЭС УРАЛА,36527,35494
2026-01-15 18:00,2026-01-15,18,630000,ОЭС УРАЛА,36488,35146
2026-01-15 19:00,2026-01-15,19,630000,ОЭС УРАЛА,36620,34841
2026-01-15 20:00,2026-01-15,20,630000,ОЭС УРАЛА,36432,34497
2026-01-15 21:00,2026-01-15,21,630000,ОЭС УРАЛА,35607,33527
2026-01-15 22:00,2026-01-15,22,630000,ОЭС УРАЛА,34534,32746
2026-01-15 23:00,2026-01-15,23,630000,ОЭС УРАЛА,32572,32215
2026-01-16 00:00,2026-01-16,0,630000,ОЭС УРАЛА,31439,31856
2026-01-16 01:00,2026-01-16,1,630000,ОЭС УРАЛА,32233,31668
2026-01-16 02:00,2026-01-16,2,630000,ОЭС УРАЛА,32377,31472
2026-01-16 03:00,2026-01-16,3,630000,ОЭС УРАЛА,32549,31762
2026-01-16 04:00,2026-01-16,4,630000,ОЭС УРАЛА,32939,32042
2026-01-16 05:00,2026-01-16,5,630000,ОЭС УРАЛА,33815,33527
2026-01-16 06:00,2026-01-16,6,630000,ОЭС УРАЛА,34900,34421
2026-01-16 07:00,2026-01-16,7,630000,ОЭС УРАЛА,35979,35372
2026-01-16 08:00,2026-01-16,8,630000,ОЭС УРАЛА,36785,35551
2026-01-16 09:00,2026-01-16,9,630000,ОЭС УРАЛА,36881,35614
2026-01-16 10:00,2026-01-16,10,630000,ОЭС УРАЛА,37122,35456
2026-01-16 11:00,2026-01-16,11,630000,ОЭС УРАЛА,37088,35444
2026-01-16 12:00,2026-01-16,12,630000,ОЭС УРАЛА,37030,35158
2026-01-16 13:00,2026-01-16,13,630000,ОЭС УРАЛА,36997,35033
2026-01-16 14:00,2026-01-16,14,630000,ОЭС УРАЛА,37094,35242
2026-01-16 15:00,2026-01-16,15,630000,ОЭС УРАЛА,36554,35083
2026-01-16 16:00,2026-01-16,16,630000,ОЭС УРАЛА,36513,35378
2026-01-16 17:00,2026-01-16,17,630000,ОЭС УРАЛА,36800,35357
2026-01-16 18:00,2026-01-16,18,630000,ОЭС УРАЛА,36668,35065
2026-01-16 19:00,2026-01-16,19,630000,ОЭС УРАЛА,36679,34745
2026-01-16 20:00,2026-01-16,20,630000,ОЭС УРАЛА,36545,34328
2026-01-16 21:00,2026-01-16,21,630000,ОЭС УРАЛА,36089,33688
2026-01-16 22:00,2026-01-16,22,630000,ОЭС УРАЛА,35115,33039
2026-01-16 23:00,2026-01-16,23,630000,ОЭС УРАЛА,33774,32540
2026-01-17 00:00,2026-01-17,0,630000,ОЭС УРАЛА,33032,31987
2026-01-17 01:00,2026-01-17,1,630000,ОЭС УРАЛА,33270,31916
2026-01-17 02:00,2026-01-17,2,630000,ОЭС УРАЛА,33056,31494
2026-01-17 03:00,2026-01-17,3,630000,ОЭС УРАЛА,32678,31718
2026-01-17 04:00,2026-01-17,4,630000,ОЭС УРАЛА,32216,31935
2026-01-17 05:00,2026-01-17,5,630000,ОЭС УРАЛА,33137,32217
2026-01-17 06:00,2026-01-17,6,630000,ОЭС УРАЛА,34109,32862
2026-01-17 07:00,2026-01-17,7,630000,ОЭС УРАЛА,34933,33945
2026-01-17 08:00,2026-01-17,8,630000,ОЭС УРАЛА,35003,34429
2026-01-17 09:00,2026-01-17,9,630000,ОЭС УРАЛА,36639,34788
2026-01-17 10:00,2026-01-17,10,630000,ОЭС УРАЛА,36877,35169
2026-01-17 11:00,2026-01-17,11,630000,ОЭС УРАЛА,36895,34984
2026-01-17 12:00,2026-01-17,12,630000,ОЭС УРАЛА,36904,34822
2026-01-17 13:00,2026-01-17,13,630000,ОЭС УРАЛА,36654,34877
2026-01-17 14:00,2026-01-17,14,630000,ОЭС УРАЛА,36396,34650
2026-01-17 15:00,2026-01-17,15,630000,ОЭС УРАЛА,36395,35061
2026-01-17 16:00,2026-01-17,16,630000,ОЭС УРАЛА,36444,35310
2026-01-17 17:00,2026-01-17,17,630000,ОЭС УРАЛА,36397,35197
2026-01-17 18:00,2026-01-17,18,630000,ОЭС УРАЛА,36289,34801
2026-01-17 19:00,2026-01-17,19,630000,ОЭС УРАЛА,36475,34486
2026-01-17 20:00,2026-01-17,20,630000,ОЭС УРАЛА,36469,34198
2026-01-17 21:00,2026-01-17,21,630000,ОЭС УРАЛА,35924,33434
2026-01-17 22:00,2026-01-17,22,630000,ОЭС УРАЛА,35242,32769
2026-01-17 23:00,2026-01-17,23,630000,ОЭС УРАЛА,34350,32054
2026-01-18 00:00,2026-01-18,0,630000,ОЭС УРАЛА,32877,31854
2026-01-18 01:00,2026-01-18,1,630000,ОЭС УРАЛА,32820,31471
2026-01-18 02:00,2026-01-18,2,630000,ОЭС УРАЛА,32470,31109
2026-01-18 03:00,2026-01-18,3,630000,ОЭС УРАЛА,32426,31343
2026-01-18 04:00,2026-01-18,4,630000,ОЭС УРАЛА,32541,31315
2026-01-18 05:00,2026-01-18,5,630000,ОЭС УРАЛА,32810,31780
2026-01-18 06:00,2026-01-18,6,630000,ОЭС УРАЛА,33672,32114
2026-01-18 07:00,2026-01-18,7,630000,ОЭС УРАЛА,34564,33012
2026-01-18 08:00,2026-01-18,8,630000,ОЭС УРАЛА,35289,33774
2026-01-18 09:00,2026-01-18,9,630000,ОЭС УРАЛА,36386,34270
2026-01-18 10:00,2026-01-18,10,630000,ОЭС УРАЛА,36519,34703
2026-01-18 11:00,2026-01-18,11,630000,ОЭС УРАЛА,36666,34379
2026-01-18 12:00,2026-01-18,12,630000,ОЭС УРАЛА,36579,34405
2026-01-18 13:00,2026-01-18,13,630000,ОЭС УРАЛА,36437,34374
2026-01-18 14:00,2026-01-18,14,630000,ОЭС УРАЛА,36477,34427
2026-01-18 15:00,2026-01-18,15,630000,ОЭС УРАЛА,36106,34823
2026-01-18 16:00,2026-01-18,16,630000,ОЭС УРАЛА,36171,35441
2026-01-18 17:00,2026-01-18,17,630000,ОЭС УРАЛА,36623,35134
2026-01-18 18:00,2026-01-18,18,630000,ОЭС УРАЛА,36401,34716
2026-01-18 19:00,2026-01-18,19,630000,ОЭС УРАЛА,36303,34515
2026-01-18 20:00,2026-01-18,20,630000,ОЭС УРАЛА,36435,33997
2026-01-18 21:00,2026-01-18,21,630000,ОЭС УРАЛА,35366,33131
2026-01-18 22:00,2026-01-18,22,630000,ОЭС УРАЛА,35228,32460
2026-01-18 23:00,2026-01-18,23,630000,ОЭС УРАЛА,33358,31981
2026-01-19 00:00,2026-01-19,0,630000,ОЭС УРАЛА,32848,31511
2026-01-19 01:00,2026-01-19,1,630000,ОЭС УРАЛА,32056,31291
2026-01-19 02:00,2026-01-19,2,630000,ОЭС УРАЛА,31769,31220
2026-01-19 03:00,2026-01-19,3,630000,ОЭС УРАЛА,31316,31608
2026-01-19 04:00,2026-01-19,4,630000,ОЭС УРАЛА,32375,32007
2026-01-19 05:00,2026-01-19,5,630000,ОЭС УРАЛА,33929,33364
2026-01-19 06:00,2026-01-19,6,630000,ОЭС УРАЛА,35589,34345
2026-01-19 07:00,2026-01-19,7,630000,ОЭС УРАЛА,36811,35194
2026-01-19 08:00,2026-01-19,8,630000,ОЭС УРАЛА,37332,35282
2026-01-19 09:00,2026-01-19,9,630000,ОЭС УРАЛА,37735,35310
2026-01-19 10:00,2026-01-19,10,630000,ОЭС УРАЛА,37565,35150
2026-01-19 11:00,2026-01-19,11,630000,ОЭС УРАЛА,37529,35110
2026-01-19 12:00,2026-01-19,12,630000,ОЭС УРАЛА,37400,35045
2026-01-19 13:00,2026-01-19,13,630000,ОЭС УРАЛА,37369,35056
2026-01-19 14:00,2026-01-19,14,630000,ОЭС УРАЛА,37458,35196
2026-01-19 15:00,2026-01-19,15,630000,ОЭС УРАЛА,37450,34900
2026-01-19 16:00,2026-01-19,16,630000,ОЭС УРАЛА,37553,35193
2026-01-19 17:00,2026-01-19,17,630000,ОЭС УРАЛА,37299,35108
2026-01-19 18:00,2026-01-19,18,630000,ОЭС УРАЛА,37310,34799
2026-01-19 19:00,2026-01-19,19,630000,ОЭС УРАЛА,37370,34630
2026-01-19 20:00,2026-01-19,20,630000,ОЭС УРАЛА,36963,34013
2026-01-19 21:00,2026-01-19,21,630000,ОЭС УРАЛА,36202,33366
2026-01-19 22:00,2026-01-19,22,630000,ОЭС УРАЛА,34214,32375
2026-01-19 23:00,2026-01-19,23,630000,ОЭС УРАЛА,32521,31781
2026-01-20 00:00,2026-01-20,0,630000,ОЭС УРАЛА,31668,31541
2026-01-20 01:00,2026-01-20,1,630000,ОЭС УРАЛА,32445,31495
2026-01-20 02:00,2026-01-20,2,630000,ОЭС УРАЛА,32362,31386
2026-01-20 03:00,2026-01-20,3,630000,ОЭС УРАЛА,32955,31514
2026-01-20 04:00,2026-01-20,4,630000,ОЭС УРАЛА,33613,32153
2026-01-20 05:00,2026-01-20,5,630000,ОЭС УРАЛА,34611,33180
2026-01-20 06:00,2026-01-20,6,630000,ОЭС УРАЛА,36229,34257
2026-01-20 07:00,2026-01-20,7,630000,ОЭС УРАЛА,37205,35015
2026-01-20 08:00,2026-01-20,8,630000,ОЭС УРАЛА,37609,35347
2026-01-20 09:00,2026-01-20,9,630000,ОЭС УРАЛА,37852,35319
2026-01-20 10:00,2026-01-20,10,630000,ОЭС УРАЛА,37845,35080
2026-01-20 11:00,2026-01-20,11,630000,ОЭС УРАЛА,37818,34962
2026-01-20 12:00,2026-01-20,12,630000,ОЭС УРАЛА,37767,35084
2026-01-20 13:00,2026-01-20,13,630000,ОЭС УРАЛА,37942,35016
2026-01-20 14:00,2026-01-20,14,630000,ОЭС УРАЛА,37899,34899
2026-01-20 15:00,2026-01-20,15,630000,ОЭС УРАЛА,37723,35003
2026-01-20 16:00,2026-01-20,16,630000,ОЭС УРАЛА,37591,35659
2026-01-20 17:00,2026-01-20,17,630000,ОЭС УРАЛА,37731,35368
2026-01-20 18:00,2026-01-20,18,630000,ОЭС УРАЛА,37641,35082
2026-01-20 19:00,2026-01-20,19,630000,ОЭС УРАЛА,37516,35094
2026-01-20 20:00,2026-01-20,20,630000,ОЭС УРАЛА,37297,34272
2026-01-20 21:00,2026-01-20,21,630000,ОЭС УРАЛА,36709,33488
2026-01-20 22:00,2026-01-20,22,630000,ОЭС УРАЛА,35311,32816
2026-01-20 23:00,2026-01-20,23,630000,ОЭС УРАЛА,34409,32157
2026-01-21 00:00,2026-01-21,0,630000,ОЭС УРАЛА,33820,31871
2026-01-21 01:00,2026-01-21,1,630000,ОЭС УРАЛА,33240,31596
2026-01-21 02:00,2026-01-21,2,630000,ОЭС УРАЛА,33214,31750
2026-01-21 03:00,2026-01-21,3,630000,ОЭС УРАЛА,33225,31804
2026-01-21 04:00,2026-01-21,4,630000,ОЭС УРАЛА,33751,32524
2026-01-21 05:00,2026-01-21,5,630000,ОЭС УРАЛА,35193,33361
2026-01-21 06:00,2026-01-21,6,630000,ОЭС УРАЛА,36020,34811
2026-01-21 07:00,2026-01-21,7,630000,ОЭС УРАЛА,37262,35708
2026-01-21 08:00,2026-01-21,8,630000,ОЭС УРАЛА,37687,35820
2026-01-21 09:00,2026-01-21,9,630000,ОЭС УРАЛА,38011,36019
2026-01-21 10:00,2026-01-21,10,630000,ОЭС УРАЛА,37830,35774
2026-01-21 11:00,2026-01-21,11,630000,ОЭС УРАЛА,37815,35901
2026-01-21 12:00,2026-01-21,12,630000,ОЭС УРАЛА,37693,35535
2026-01-21 13:00,2026-01-21,13,630000,ОЭС УРАЛА,37671,35336
2026-01-21 14:00,2026-01-21,14,630000,ОЭС УРАЛА,37707,35518
2026-01-21 15:00,2026-01-21,15,630000,ОЭС УРАЛА,37547,35591
2026-01-21 16:00,2026-01-21,16,630000,ОЭС УРАЛА,37579,36100
2026-01-21 17:00,2026-01-21,17,630000,ОЭС УРАЛА,37637,35977
2026-01-21 18:00,2026-01-21,18,630000,ОЭС УРАЛА,37523,35456
2026-01-21 19:00,2026-01-21,19,630000,ОЭС УРАЛА,37399,35373
2026-01-21 20:00,2026-01-21,20,630000,ОЭС УРАЛА,37162,34819
2026-01-21 21:00,2026-01-21,21,630000,ОЭС УРАЛА,36692,34033
2026-01-21 22:00,2026-01-21,22,630000,ОЭС УРАЛА,35968,33535
2026-01-21 23:00,2026-01-21,23,630000,ОЭС УРАЛА,34388,32866
2026-01-22 00:00,2026-01-22,0,630000,ОЭС УРАЛА,33472,32450
2026-01-22 01:00,2026-01-22,1,630000,ОЭС УРАЛА,33308,32256
2026-01-22 02:00,2026-01-22,2,630000,ОЭС УРАЛА,33171,32254
2026-01-22 03:00,2026-01-22,3,630000,ОЭС УРАЛА,33438,32324
2026-01-22 04:00,2026-01-22,4,630000,ОЭС УРАЛА,34254,32852
2026-01-22 05:00,2026-01-22,5,630000,ОЭС УРАЛА,35218,34099
2026-01-22 06:00,2026-01-22,6,630000,ОЭС УРАЛА,36650,35196
2026-01-22 07:00,2026-01-22,7,630000,ОЭС УРАЛА,37484,36415
2026-01-22 08:00,2026-01-22,8,630000,ОЭС УРАЛА,38270,36682
2026-01-22 09:00,2026-01-22,9,630000,ОЭС УРАЛА,38245,36709
2026-01-22 10:00,2026-01-22,10,630000,ОЭС УРАЛА,38457,36687
2026-01-22 11:00,2026-01-22,11,630000,ОЭС УРАЛА,38113,36459
2026-01-22 12:00,2026-01-22,12,630000,ОЭС УРАЛА,37989,36349
2026-01-22 13:00,2026-01-22,13,630000,ОЭС УРАЛА,37813,36403
2026-01-22 14:00,2026-01-22,14,630000,ОЭС УРАЛА,37758,36196
2026-01-22 15:00,2026-01-22,15,630000,ОЭС УРАЛА,37820,36177
2026-01-22 16:00,2026-01-22,16,630000,ОЭС УРАЛА,37727,36809
2026-01-22 17:00,2026-01-22,17,630000,ОЭС УРАЛА,37500,36904
2026-01-22 18:00,2026-01-22,18,630000,ОЭС УРАЛА,37680,36196
2026-01-22 19:00,2026-01-22,19,630000,ОЭС УРАЛА,37091,35781
2026-01-22 20:00,2026-01-22,20,630000,ОЭС УРАЛА,36362,35443
2026-01-22 21:00,2026-01-22,21,630000,ОЭС УРАЛА,35842,34617
2026-01-22 22:00,2026-01-22,22,630000,ОЭС УРАЛА,35708,33902
2026-01-22 23:00,2026-01-22,23,630000,ОЭС УРАЛА,34148,33322
2026-01-23 00:00,2026-01-23,0,630000,ОЭС УРАЛА,32697,32763
2026-01-23 01:00,2026-01-23,1,630000,ОЭС УРАЛА,32892,32718
2026-01-23 02:00,2026-01-23,2,630000,ОЭС УРАЛА,32770,32565
2026-01-23 03:00,2026-01-23,3,630000,ОЭС УРАЛА,32557,32705
2026-01-23 04:00,2026-01-23,4,630000,ОЭС УРАЛА,33539,33125
2026-01-23 05:00,2026-01-23,5,630000,ОЭС УРАЛА,34705,34208
2026-01-23 06:00,2026-01-23,6,630000,ОЭС УРАЛА,36462,35604
2026-01-23 07:00,2026-01-23,7,630000,ОЭС УРАЛА,37419,36621
2026-01-23 08:00,2026-01-23,8,630000,ОЭС УРАЛА,38219,36870
2026-01-23 09:00,2026-01-23,9,630000,ОЭС УРАЛА,38394,36952
2026-01-23 10:00,2026-01-23,10,630000,ОЭС УРАЛА,38427,36941
2026-01-23 11:00,2026-01-23,11,630000,ОЭС УРАЛА,38339,36916
2026-01-23 12:00,2026-01-23,12,630000,ОЭС УРАЛА,38322,36679
2026-01-23 13:00,2026-01-23,13,630000,ОЭС УРАЛА,38335,36436
2026-01-23 14:00,2026-01-23,14,630000,ОЭС УРАЛА,38087,36231
2026-01-23 15:00,2026-01-23,15,630000,ОЭС УРАЛА,37701,36373
2026-01-23 16:00,2026-01-23,16,630000,ОЭС УРАЛА,37754,36674
2026-01-23 17:00,2026-01-23,17,630000,ОЭС УРАЛА,37548,36737
2026-01-23 18:00,2026-01-23,18,630000,ОЭС УРАЛА,36910,36017
2026-01-23 19:00,2026-01-23,19,630000,ОЭС УРАЛА,36632,36065
2026-01-23 20:00,2026-01-23,20,630000,ОЭС УРАЛА,36320,35395
2026-01-23 21:00,2026-01-23,21,630000,ОЭС УРАЛА,35511,34672
2026-01-23 22:00,2026-01-23,22,630000,ОЭС УРАЛА,34962,33980
2026-01-23 23:00,2026-01-23,23,630000,ОЭС УРАЛА,34284,33309
2026-01-24 00:00,2026-01-24,0,630000,ОЭС УРАЛА,33381,33120
2026-01-24 01:00,2026-01-24,1,630000,ОЭС УРАЛА,33260,32718
2026-01-24 02:00,2026-01-24,2,630000,ОЭС УРАЛА,32491,32773
2026-01-24 03:00,2026-01-24,3,630000,ОЭС УРАЛА,32576,32596
2026-01-24 04:00,2026-01-24,4,630000,ОЭС УРАЛА,32403,32826
2026-01-24 05:00,2026-01-24,5,630000,ОЭС УРАЛА,33334,33387
2026-01-24 06:00,2026-01-24,6,630000,ОЭС УРАЛА,33784,34043
2026-01-24 07:00,2026-01-24,7,630000,ОЭС УРАЛА,34655,35079
2026-01-24 08:00,2026-01-24,8,630000,ОЭС УРАЛА,35302,35876
2026-01-24 09:00,2026-01-24,9,630000,ОЭС УРАЛА,36988,36465
2026-01-24 10:00,2026-01-24,10,630000,ОЭС УРАЛА,37083,36413
2026-01-24 11:00,2026-01-24,11,630000,ОЭС УРАЛА,37609,36269
2026-01-24 12:00,2026-01-24,12,630000,ОЭС УРАЛА,37730,36046
2026-01-24 13:00,2026-01-24,13,630000,ОЭС УРАЛА,37475,35671
2026-01-24 14:00,2026-01-24,14,630000,ОЭС УРАЛА,37320,35694
2026-01-24 15:00,2026-01-24,15,630000,ОЭС УРАЛА,37122,35965
2026-01-24 16:00,2026-01-24,16,630000,ОЭС УРАЛА,37266,36221
2026-01-24 17:00,2026-01-24,17,630000,ОЭС УРАЛА,37417,36455
2026-01-24 18:00,2026-01-24,18,630000,ОЭС УРАЛА,37146,35945
2026-01-24 19:00,2026-01-24,19,630000,ОЭС УРАЛА,36712,35739
2026-01-24 20:00,2026-01-24,20,630000,ОЭС УРАЛА,35893,35229
2026-01-24 21:00,2026-01-24,21,630000,ОЭС УРАЛА,35673,34471
2026-01-24 22:00,2026-01-24,22,630000,ОЭС УРАЛА,34169,33813
2026-01-24 23:00,2026-01-24,23,630000,ОЭС УРАЛА,32266,33290
2026-01-25 00:00,2026-01-25,0,630000,ОЭС УРАЛА,33244,33029
2026-01-25 01:00,2026-01-25,1,630000,ОЭС УРАЛА,33873,32647
2026-01-25 02:00,2026-01-25,2,630000,ОЭС УРАЛА,33083,32596
2026-01-25 03:00,2026-01-25,3,630000,ОЭС УРАЛА,33134,32463
2026-01-25 04:00,2026-01-25,4,630000,ОЭС УРАЛА,32815,32757
2026-01-25 05:00,2026-01-25,5,630000,ОЭС УРАЛА,33604,32868
2026-01-25 06:00,2026-01-25,6,630000,ОЭС УРАЛА,34186,33438
2026-01-25 07:00,2026-01-25,7,630000,ОЭС УРАЛА,35265,34383
2026-01-25 08:00,2026-01-25,8,630000,ОЭС УРАЛА,35909,35073
2026-01-25 09:00,2026-01-25,9,630000,ОЭС УРАЛА,36857,35637
2026-01-25 10:00,2026-01-25,10,630000,ОЭС УРАЛА,37894,35771
2026-01-25 11:00,2026-01-25,11,630000,ОЭС УРАЛА,37842,35757
2026-01-25 12:00,2026-01-25,12,630000,ОЭС УРАЛА,37691,35662
2026-01-25 13:00,2026-01-25,13,630000,ОЭС УРАЛА,37823,35544
2026-01-25 14:00,2026-01-25,14,630000,ОЭС УРАЛА,37720,35518
2026-01-25 15:00,2026-01-25,15,630000,ОЭС УРАЛА,37738,35704
2026-01-25 16:00,2026-01-25,16,630000,ОЭС УРАЛА,37901,36346
2026-01-25 17:00,2026-01-25,17,630000,ОЭС УРАЛА,37960,36528
2026-01-25 18:00,2026-01-25,18,630000,ОЭС УРАЛА,38262,35965
2026-01-25 19:00,2026-01-25,19,630000,ОЭС УРАЛА,37799,35774
2026-01-25 20:00,2026-01-25,20,630000,ОЭС УРАЛА,37600,35330
2026-01-25 21:00,2026-01-25,21,630000,ОЭС УРАЛА,37122,34582
2026-01-25 22:00,2026-01-25,22,630000,ОЭС УРАЛА,36568,33781
2026-01-25 23:00,2026-01-25,23,630000,ОЭС УРАЛА,34397,32985
2026-01-26 00:00,2026-01-26,0,630000,ОЭС УРАЛА,33325,32844
2026-01-26 01:00,2026-01-26,1,630000,ОЭС УРАЛА,32993,32442
2026-01-26 02:00,2026-01-26,2,630000,ОЭС УРАЛА,33083,32290
2026-01-26 03:00,2026-01-26,3,630000,ОЭС УРАЛА,33207,32467
2026-01-26 04:00,2026-01-26,4,630000,ОЭС УРАЛА,33714,33320
2026-01-26 05:00,2026-01-26,5,630000,ОЭС УРАЛА,34977,34407
2026-01-26 06:00,2026-01-26,6,630000,ОЭС УРАЛА,36409,35459
2026-01-26 07:00,2026-01-26,7,630000,ОЭС УРАЛА,37996,36567
2026-01-26 08:00,2026-01-26,8,630000,ОЭС УРАЛА,38952,37181
2026-01-26 09:00,2026-01-26,9,630000,ОЭС УРАЛА,39074,37120
2026-01-26 10:00,2026-01-26,10,630000,ОЭС УРАЛА,39064,36815
2026-01-26 11:00,2026-01-26,11,630000,ОЭС УРАЛА,39139,36652
2026-01-26 12:00,2026-01-26,12,630000,ОЭС УРАЛА,39411,36320
2026-01-26 13:00,2026-01-26,13,630000,ОЭС УРАЛА,39231,36270
2026-01-26 14:00,2026-01-26,14,630000,ОЭС УРАЛА,39082,36320
2026-01-26 15:00,2026-01-26,15,630000,ОЭС УРАЛА,38845,36085
2026-01-26 16:00,2026-01-26,16,630000,ОЭС УРАЛА,38781,36696
2026-01-26 17:00,2026-01-26,17,630000,ОЭС УРАЛА,38746,36779
2026-01-26 18:00,2026-01-26,18,630000,ОЭС УРАЛА,38540,36218
2026-01-26 19:00,2026-01-26,19,630000,ОЭС УРАЛА,38197,35895
2026-01-26 20:00,2026-01-26,20,630000,ОЭС УРАЛА,37845,35498
2026-01-26 21:00,2026-01-26,21,630000,ОЭС УРАЛА,37001,34560
2026-01-26 22:00,2026-01-26,22,630000,ОЭС УРАЛА,36291,33835
2026-01-26 23:00,2026-01-26,23,630000,ОЭС УРАЛА,35143,33346
2026-01-27 00:00,2026-01-27,0,630000,ОЭС УРАЛА,34242,32811
2026-01-27 01:00,2026-01-27,1,630000,ОЭС УРАЛА,33221,32504
2026-01-27 02:00,2026-01-27,2,630000,ОЭС УРАЛА,32970,32408
2026-01-27 03:00,2026-01-27,3,630000,ОЭС УРАЛА,33682,32685
2026-01-27 04:00,2026-01-27,4,630000,ОЭС УРАЛА,33873,33273
2026-01-27 05:00,2026-01-27,5,630000,ОЭС УРАЛА,34992,34494
2026-01-27 06:00,2026-01-27,6,630000,ОЭС УРАЛА,36806,35431
2026-01-27 07:00,2026-01-27,7,630000,ОЭС УРАЛА,38791,36416
2026-01-27 08:00,2026-01-27,8,630000,ОЭС УРАЛА,39117,36728
2026-01-27 09:00,2026-01-27,9,630000,ОЭС УРАЛА,39184,36678
2026-01-27 10:00,2026-01-27,10,630000,ОЭС УРАЛА,38222,36330
2026-01-27 11:00,2026-01-27,11,630000,ОЭС УРАЛА,38767,36056
2026-01-27 12:00,2026-01-27,12,630000,ОЭС УРАЛА,38187,35962
2026-01-27 13:00,2026-01-27,13,630000,ОЭС УРАЛА,38015,35870
2026-01-27 14:00,2026-01-27,14,630000,ОЭС УРАЛА,38061,35704
2026-01-27 15:00,2026-01-27,15,630000,ОЭС УРАЛА,38016,35753
2026-01-27 16:00,2026-01-27,16,630000,ОЭС УРАЛА,38285,36160
2026-01-27 17:00,2026-01-27,17,630000,ОЭС УРАЛА,37908,36199
2026-01-27 18:00,2026-01-27,18,630000,ОЭС УРАЛА,37218,35672
2026-01-27 19:00,2026-01-27,19,630000,ОЭС УРАЛА,37137,35579
2026-01-27 20:00,2026-01-27,20,630000,ОЭС УРАЛА,36723,34900
2026-01-27 21:00,2026-01-27,21,630000,ОЭС УРАЛА,35340,34028
2026-01-27 22:00,2026-01-27,22,630000,ОЭС УРАЛА,34815,33099
2026-01-27 23:00,2026-01-27,23,630000,ОЭС УРАЛА,33800,32549
2026-01-28 00:00,2026-01-28,0,630000,ОЭС УРАЛА,33103,32076
2026-01-28 01:00,2026-01-28,1,630000,ОЭС УРАЛА,32568,31850
2026-01-28 02:00,2026-01-28,2,630000,ОЭС УРАЛА,32439,31777
2026-01-28 03:00,2026-01-28,3,630000,ОЭС УРАЛА,32904,32032
2026-01-28 04:00,2026-01-28,4,630000,ОЭС УРАЛА,33871,32334
2026-01-28 05:00,2026-01-28,5,630000,ОЭС УРАЛА,34809,33670
2026-01-28 06:00,2026-01-28,6,630000,ОЭС УРАЛА,35752,34860
2026-01-28 07:00,2026-01-28,7,630000,ОЭС УРАЛА,37160,35698
2026-01-28 08:00,2026-01-28,8,630000,ОЭС УРАЛА,38307,36014
2026-01-28 09:00,2026-01-28,9,630000,ОЭС УРАЛА,38186,35760
2026-01-28 10:00,2026-01-28,10,630000,ОЭС УРАЛА,37966,35620
2026-01-28 11:00,2026-01-28,11,630000,ОЭС УРАЛА,37726,35689
2026-01-28 12:00,2026-01-28,12,630000,ОЭС УРАЛА,37785,35395
2026-01-28 13:00,2026-01-28,13,630000,ОЭС УРАЛА,37820,35291
2026-01-28 14:00,2026-01-28,14,630000,ОЭС УРАЛА,37389,35110
2026-01-28 15:00,2026-01-28,15,630000,ОЭС УРАЛА,37316,34995
2026-01-28 16:00,2026-01-28,16,630000,ОЭС УРАЛА,37231,35612
2026-01-28 17:00,2026-01-28,17,630000,ОЭС УРАЛА,37064,35692
2026-01-28 18:00,2026-01-28,18,630000,ОЭС УРАЛА,36870,35197
2026-01-28 19:00,2026-01-28,19,630000,ОЭС УРАЛА,36831,34895
2026-01-28 20:00,2026-01-28,20,630000,ОЭС УРАЛА,36576,34452
2026-01-28 21:00,2026-01-28,21,630000,ОЭС УРАЛА,36205,33568
2026-01-28 22:00,2026-01-28,22,630000,ОЭС УРАЛА,35113,33021
2026-01-28 23:00,2026-01-28,23,630000,ОЭС УРАЛА,33438,32361
2026-01-29 00:00,2026-01-29,0,630000,ОЭС УРАЛА,33131,31883
2026-01-29 01:00,2026-01-29,1,630000,ОЭС УРАЛА,33052,31752
2026-01-29 02:00,2026-01-29,2,630000,ОЭС УРАЛА,33035,31603
2026-01-29 03:00,2026-01-29,3,630000,ОЭС УРАЛА,33092,31829
2026-01-29 04:00,2026-01-29,4,630000,ОЭС УРАЛА,33519,32433
2026-01-29 05:00,2026-01-29,5,630000,ОЭС УРАЛА,34240,33368
2026-01-29 06:00,2026-01-29,6,630000,ОЭС УРАЛА,34581,34490
2026-01-29 07:00,2026-01-29,7,630000,ОЭС УРАЛА,36228,35253
2026-01-29 08:00,2026-01-29,8,630000,ОЭС УРАЛА,36877,35483
2026-01-29 09:00,2026-01-29,9,630000,ОЭС УРАЛА,37038,35263
2026-01-29 10:00,2026-01-29,10,630000,ОЭС УРАЛА,37044,35434
2026-01-29 11:00,2026-01-29,11,630000,ОЭС УРАЛА,37019,34911
2026-01-29 12:00,2026-01-29,12,630000,ОЭС УРАЛА,37129,35077
2026-01-29 13:00,2026-01-29,13,630000,ОЭС УРАЛА,37205,34999
2026-01-29 14:00,2026-01-29,14,630000,ОЭС УРАЛА,37482,34695
2026-01-29 15:00,2026-01-29,15,630000,ОЭС УРАЛА,37419,34764
2026-01-29 16:00,2026-01-29,16,630000,ОЭС УРАЛА,37800,35223
2026-01-29 17:00,2026-01-29,17,630000,ОЭС УРАЛА,37717,35365
2026-01-29 18:00,2026-01-29,18,630000,ОЭС УРАЛА,37413,34927
2026-01-29 19:00,2026-01-29,19,630000,ОЭС УРАЛА,37152,34873
2026-01-29 20:00,2026-01-29,20,630000,ОЭС УРАЛА,35343,34043
2026-01-29 21:00,2026-01-29,21,630000,ОЭС УРАЛА,34640,33390
2026-01-29 22:00,2026-01-29,22,630000,ОЭС УРАЛА,33988,32556
2026-01-29 23:00,2026-01-29,23,630000,ОЭС УРАЛА,32542,31989
2026-01-30 00:00,2026-01-30,0,630000,ОЭС УРАЛА,31804,31743
2026-01-30 01:00,2026-01-30,1,630000,ОЭС УРАЛА,31843,31510
2026-01-30 02:00,2026-01-30,2,630000,ОЭС УРАЛА,31174,31451
2026-01-30 03:00,2026-01-30,3,630000,ОЭС УРАЛА,31421,31553
2026-01-30 04:00,2026-01-30,4,630000,ОЭС УРАЛА,31413,32253
2026-01-30 05:00,2026-01-30,5,630000,ОЭС УРАЛА,32592,33133
2026-01-30 06:00,2026-01-30,6,630000,ОЭС УРАЛА,34231,34088
2026-01-30 07:00,2026-01-30,7,630000,ОЭС УРАЛА,36003,34973
2026-01-30 08:00,2026-01-30,8,630000,ОЭС УРАЛА,36429,34882
2026-01-30 09:00,2026-01-30,9,630000,ОЭС УРАЛА,36930,35180
2026-01-30 10:00,2026-01-30,10,630000,ОЭС УРАЛА,36857,34894
2026-01-30 11:00,2026-01-30,11,630000,ОЭС УРАЛА,36982,34865
2026-01-30 12:00,2026-01-30,12,630000,ОЭС УРАЛА,37189,34582
2026-01-30 13:00,2026-01-30,13,630000,ОЭС УРАЛА,36969,34457
2026-01-30 14:00,2026-01-30,14,630000,ОЭС УРАЛА,36923,34383
2026-01-30 15:00,2026-01-30,15,630000,ОЭС УРАЛА,36602,34254
2026-01-30 16:00,2026-01-30,16,630000,ОЭС УРАЛА,36960,34982
2026-01-30 17:00,2026-01-30,17,630000,ОЭС УРАЛА,36759,34657
2026-01-30 18:00,2026-01-30,18,630000,ОЭС УРАЛА,36765,34296
2026-01-30 19:00,2026-01-30,19,630000,ОЭС УРАЛА,36871,34316
2026-01-30 20:00,2026-01-30,20,630000,ОЭС УРАЛА,35983,33778
2026-01-30 21:00,2026-01-30,21,630000,ОЭС УРАЛА,35273,32993
2026-01-30 22:00,2026-01-30,22,630000,ОЭС УРАЛА,35022,32529
2026-01-30 23:00,2026-01-30,23,630000,ОЭС УРАЛА,33497,31844
2026-01-31 00:00,2026-01-31,0,630000,ОЭС УРАЛА,32936,31358
2026-01-31 01:00,2026-01-31,1,630000,ОЭС УРАЛА,32504,31233
2026-01-31 02:00,2026-01-31,2,630000,ОЭС УРАЛА,32396,31095
2026-01-31 03:00,2026-01-31,3,630000,ОЭС УРАЛА,32448,31097
2026-01-31 04:00,2026-01-31,4,630000,ОЭС УРАЛА,32221,31269
2026-01-31 05:00,2026-01-31,5,630000,ОЭС УРАЛА,31536,31486
2026-01-31 06:00,2026-01-31,6,630000,ОЭС УРАЛА,32205,32330
2026-01-31 07:00,2026-01-31,7,630000,ОЭС УРАЛА,33861,33320
2026-01-31 08:00,2026-01-31,8,630000,ОЭС УРАЛА,35180,33728
2026-01-31 09:00,2026-01-31,9,630000,ОЭС УРАЛА,36028,34364
2026-01-31 10:00,2026-01-31,10,630000,ОЭС УРАЛА,36453,34327
2026-01-31 11:00,2026-01-31,11,630000,ОЭС УРАЛА,36492,34279
2026-01-31 12:00,2026-01-31,12,630000,ОЭС УРАЛА,36467,34078
2026-01-31 13:00,2026-01-31,13,630000,ОЭС УРАЛА,35980,33997
2026-01-31 14:00,2026-01-31,14,630000,ОЭС УРАЛА,35871,33744
2026-01-31 15:00,2026-01-31,15,630000,ОЭС УРАЛА,35577,33978
2026-01-31 16:00,2026-01-31,16,630000,ОЭС УРАЛА,35685,34553
2026-01-31 17:00,2026-01-31,17,630000,ОЭС УРАЛА,36010,34725
2026-01-31 18:00,2026-01-31,18,630000,ОЭС УРАЛА,35854,34431
2026-01-31 19:00,2026-01-31,19,630000,ОЭС УРАЛА,35907,34098
2026-01-31 20:00,2026-01-31,20,630000,ОЭС УРАЛА,35995,33829
2026-01-31 21:00,2026-01-31,21,630000,ОЭС УРАЛА,35502,33053
2026-01-31 22:00,2026-01-31,22,630000,ОЭС УРАЛА,34827,32315
2026-01-31 23:00,2026-01-31,23,630000,ОЭС УРАЛА,34051,31922
2026-02-01 00:00,2026-02-01,0,630000,ОЭС УРАЛА,33172,31333
2026-02-01 01:00,2026-02-01,1,630000,ОЭС УРАЛА,32861,31212
2026-02-01 02:00,2026-02-01,2,630000,ОЭС УРАЛА,32382,31291
2026-02-01 03:00,2026-02-01,3,630000,ОЭС УРАЛА,32303,31269
2026-02-01 04:00,2026-02-01,4,630000,ОЭС УРАЛА,32326,31192
2026-02-01 05:00,2026-02-01,5,630000,ОЭС УРАЛА,32779,31514
2026-02-01 06:00,2026-02-01,6,630000,ОЭС УРАЛА,33488,31986
2026-02-01 07:00,2026-02-01,7,630000,ОЭС УРАЛА,34798,32752
2026-02-01 08:00,2026-02-01,8,630000,ОЭС УРАЛА,35007,33591
2026-02-01 09:00,2026-02-01,9,630000,ОЭС УРАЛА,35752,33990
2026-02-01 10:00,2026-02-01,10,630000,ОЭС УРАЛА,36177,34371
2026-02-01 11:00,2026-02-01,11,630000,ОЭС УРАЛА,36762,34353
2026-02-01 12:00,2026-02-01,12,630000,ОЭС УРАЛА,36665,34336
2026-02-01 13:00,2026-02-01,13,630000,ОЭС УРАЛА,36650,34282
2026-02-01 14:00,2026-02-01,14,630000,ОЭС УРАЛА,36737,34055
2026-02-01 15:00,2026-02-01,15,630000,ОЭС УРАЛА,36803,34409
2026-02-01 16:00,2026-02-01,16,630000,ОЭС УРАЛА,36824,34931
2026-02-01 17:00,2026-02-01,17,630000,ОЭС УРАЛА,36976,35010
2026-02-01 18:00,2026-02-01,18,630000,ОЭС УРАЛА,36976,34862
2026-02-01 19:00,2026-02-01,19,630000,ОЭС УРАЛА,36778,34394
2026-02-01 20:00,2026-02-01,20,630000,ОЭС УРАЛА,36656,34152
2026-02-01 21:00,2026-02-01,21,630000,ОЭС УРАЛА,35737,33006
2026-02-01 22:00,2026-02-01,22,630000,ОЭС УРАЛА,35011,32285
2026-02-01 23:00,2026-02-01,23,630000,ОЭС УРАЛА,33687,31759
2026-02-02 00:00,2026-02-02,0,630000,ОЭС УРАЛА,32743,31063
2026-02-02 01:00,2026-02-02,1,630000,ОЭС УРАЛА,32320,30965
2026-02-02 02:00,2026-02-02,2,630000,ОЭС УРАЛА,32028,31036
2026-02-02 03:00,2026-02-02,3,630000,ОЭС УРАЛА,31187,30990
2026-02-02 04:00,2026-02-02,4,630000,ОЭС УРАЛА,31451,31752
2026-02-02 05:00,2026-02-02,5,630000,ОЭС УРАЛА,33697,32941
2026-02-02 06:00,2026-02-02,6,630000,ОЭС УРАЛА,35578,34030
2026-02-02 07:00,2026-02-02,7,630000,ОЭС УРАЛА,36421,34674
2026-02-02 08:00,2026-02-02,8,630000,ОЭС УРАЛА,37275,35263
2026-02-02 09:00,2026-02-02,9,630000,ОЭС УРАЛА,37789,35160
2026-02-02 10:00,2026-02-02,10,630000,ОЭС УРАЛА,37804,35430
2026-02-02 11:00,2026-02-02,11,630000,ОЭС УРАЛА,37987,35159
2026-02-02 12:00,2026-02-02,12,630000,ОЭС УРАЛА,38201,35217
2026-02-02 13:00,2026-02-02,13,630000,ОЭС УРАЛА,38119,35132
2026-02-02 14:00,2026-02-02,14,630000,ОЭС УРАЛА,38207,35105
2026-02-02 15:00,2026-02-02,15,630000,ОЭС УРАЛА,38379,35066
2026-02-02 16:00,2026-02-02,16,630000,ОЭС УРАЛА,37903,35215
2026-02-02 17:00,2026-02-02,17,630000,ОЭС УРАЛА,37385,35246
2026-02-02 18:00,2026-02-02,18,630000,ОЭС УРАЛА,37293,34852
2026-02-02 19:00,2026-02-02,19,630000,ОЭС УРАЛА,36077,34411
2026-02-02 20:00,2026-02-02,20,630000,ОЭС УРАЛА,35650,33926
2026-02-02 21:00,2026-02-02,21,630000,ОЭС УРАЛА,35504,33134
2026-02-02 22:00,2026-02-02,22,630000,ОЭС УРАЛА,35128,32392
2026-02-02 23:00,2026-02-02,23,630000,ОЭС УРАЛА,33757,31720
2026-02-03 00:00,2026-02-03,0,630000,ОЭС УРАЛА,33054,31502
2026-02-03 01:00,2026-02-03,1,630000,ОЭС УРАЛА,33063,31282
2026-02-03 02:00,2026-02-03,2,630000,ОЭС УРАЛА,32309,31286
2026-02-03 03:00,2026-02-03,3,630000,ОЭС УРАЛА,31784,31075
2026-02-03 04:00,2026-02-03,4,630000,ОЭС УРАЛА,32097,31789
2026-02-03 05:00,2026-02-03,5,630000,ОЭС УРАЛА,32903,32941
2026-02-03 06:00,2026-02-03,6,630000,ОЭС УРАЛА,35071,33928
2026-02-03 07:00,2026-02-03,7,630000,ОЭС УРАЛА,36923,34813
2026-02-03 08:00,2026-02-03,8,630000,ОЭС УРАЛА,37379,35049
2026-02-03 09:00,2026-02-03,9,630000,ОЭС УРАЛА,37654,35094
2026-02-03 10:00,2026-02-03,10,630000,ОЭС УРАЛА,36895,34987
2026-02-03 11:00,2026-02-03,11,630000,ОЭС УРАЛА,37116,34833
2026-02-03 12:00,2026-02-03,12,630000,ОЭС УРАЛА,37225,34668
2026-02-03 13:00,2026-02-03,13,630000,ОЭС УРАЛА,37149,34550
2026-02-03 14:00,2026-02-03,14,630000,ОЭС УРАЛА,36938,34462
2026-02-03 15:00,2026-02-03,15,630000,ОЭС УРАЛА,36849,34347
2026-02-03 16:00,2026-02-03,16,630000,ОЭС УРАЛА,34809,34583
2026-02-03 17:00,2026-02-03,17,630000,ОЭС УРАЛА,35209,34636
2026-02-03 18:00,2026-02-03,18,630000,ОЭС УРАЛА,36048,34579
2026-02-03 19:00,2026-02-03,19,630000,ОЭС УРАЛА,36221,34336
2026-02-03 20:00,2026-02-03,20,630000,ОЭС УРАЛА,36389,33681
2026-02-03 21:00,2026-02-03,21,630000,ОЭС УРАЛА,36027,33060
2026-02-03 22:00,2026-02-03,22,630000,ОЭС УРАЛА,35465,32314
2026-02-03 23:00,2026-02-03,23,630000,ОЭС УРАЛА,32908,31437
2026-02-04 00:00,2026-02-04,0,630000,ОЭС УРАЛА,32074,31016
2026-02-04 01:00,2026-02-04,1,630000,ОЭС УРАЛА,32448,31047
2026-02-04 02:00,2026-02-04,2,630000,ОЭС УРАЛА,32133,30839
2026-02-04 03:00,2026-02-04,3,630000,ОЭС УРАЛА,32654,31099
2026-02-04 04:00,2026-02-04,4,630000,ОЭС УРАЛА,32739,31812
2026-02-04 05:00,2026-02-04,5,630000,ОЭС УРАЛА,34208,32608
2026-02-04 06:00,2026-02-04,6,630000,ОЭС УРАЛА,36486,33767
2026-02-04 07:00,2026-02-04,7,630000,ОЭС УРАЛА,37435,34515
2026-02-04 08:00,2026-02-04,8,630000,ОЭС УРАЛА,38201,34949
2026-02-04 09:00,2026-02-04,9,630000,ОЭС УРАЛА,37900,34999
2026-02-04 10:00,2026-02-04,10,630000,ОЭС УРАЛА,37604,34947
2026-02-04 11:00,2026-02-04,11,630000,ОЭС УРАЛА,37380,34698
2026-02-04 12:00,2026-02-04,12,630000,ОЭС УРАЛА,37493,34681
2026-02-04 13:00,2026-02-04,13,630000,ОЭС УРАЛА,37405,34451
2026-02-04 14:00,2026-02-04,14,630000,ОЭС УРАЛА,37201,34335
2026-02-04 15:00,2026-02-04,15,630000,ОЭС УРАЛА,37274,34335
2026-02-04 16:00,2026-02-04,16,630000,ОЭС УРАЛА,37564,34722
2026-02-04 17:00,2026-02-04,17,630000,ОЭС УРАЛА,37574,35262
2026-02-04 18:00,2026-02-04,18,630000,ОЭС УРАЛА,37467,34442
2026-02-04 19:00,2026-02-04,19,630000,ОЭС УРАЛА,37451,34794
2026-02-04 20:00,2026-02-04,20,630000,ОЭС УРАЛА,37209,33998
2026-02-04 21:00,2026-02-04,21,630000,ОЭС УРАЛА,36825,33223
2026-02-04 22:00,2026-02-04,22,630000,ОЭС УРАЛА,35750,32436
2026-02-04 23:00,2026-02-04,23,630000,ОЭС УРАЛА,32376,31802
2026-02-05 00:00,2026-02-05,0,630000,ОЭС УРАЛА,31663,31331
2026-02-05 01:00,2026-02-05,1,630000,ОЭС УРАЛА,32100,31161
2026-02-05 02:00,2026-02-05,2,630000,ОЭС УРАЛА,32579,31303
2026-02-05 03:00,2026-02-05,3,630000,ОЭС УРАЛА,32335,31297
2026-02-05 04:00,2026-02-05,4,630000,ОЭС УРАЛА,32992,31927
2026-02-05 05:00,2026-02-05,5,630000,ОЭС УРАЛА,34390,32850
2026-02-05 06:00,2026-02-05,6,630000,ОЭС УРАЛА,35448,34076
2026-02-05 07:00,2026-02-05,7,630000,ОЭС УРАЛА,37096,34986
2026-02-05 08:00,2026-02-05,8,630000,ОЭС УРАЛА,38091,35522
2026-02-05 09:00,2026-02-05,9,630000,ОЭС УРАЛА,38366,35490
2026-02-05 10:00,2026-02-05,10,630000,ОЭС УРАЛА,38327,35546
2026-02-05 11:00,2026-02-05,11,630000,ОЭС УРАЛА,38083,35106
2026-02-05 12:00,2026-02-05,12,630000,ОЭС УРАЛА,38368,35003
2026-02-05 13:00,2026-02-05,13,630000,ОЭС УРАЛА,38197,34966
2026-02-05 14:00,2026-02-05,14,630000,ОЭС УРАЛА,38186,34775
2026-02-05 15:00,2026-02-05,15,630000,ОЭС УРАЛА,37949,34745
2026-02-05 16:00,2026-02-05,16,630000,ОЭС УРАЛА,38104,35000
2026-02-05 17:00,2026-02-05,17,630000,ОЭС УРАЛА,38055,35256
2026-02-05 18:00,2026-02-05,18,630000,ОЭС УРАЛА,37391,34914
2026-02-05 19:00,2026-02-05,19,630000,ОЭС УРАЛА,36879,34467
2026-02-05 20:00,2026-02-05,20,630000,ОЭС УРАЛА,36834,34265
2026-02-05 21:00,2026-02-05,21,630000,ОЭС УРАЛА,36285,33269
2026-02-05 22:00,2026-02-05,22,630000,ОЭС УРАЛА,35749,32791
2026-02-05 23:00,2026-02-05,23,630000,ОЭС УРАЛА,32258,31719
2026-02-06 00:00,2026-02-06,0,630000,ОЭС УРАЛА,32203,31339
2026-02-06 01:00,2026-02-06,1,630000,ОЭС УРАЛА,32030,31192
2026-02-06 02:00,2026-02-06,2,630000,ОЭС УРАЛА,31985,31300
2026-02-06 03:00,2026-02-06,3,630000,ОЭС УРАЛА,31765,31306
2026-02-06 04:00,2026-02-06,4,630000,ОЭС УРАЛА,32461,31993
2026-02-06 05:00,2026-02-06,5,630000,ОЭС УРАЛА,33821,33007
2026-02-06 06:00,2026-02-06,6,630000,ОЭС УРАЛА,34782,34252
2026-02-06 07:00,2026-02-06,7,630000,ОЭС УРАЛА,37599,35094
2026-02-06 08:00,2026-02-06,8,630000,ОЭС УРАЛА,37737,35460
2026-02-06 09:00,2026-02-06,9,630000,ОЭС УРАЛА,37833,35432
2026-02-06 10:00,2026-02-06,10,630000,ОЭС УРАЛА,37910,35141
2026-02-06 11:00,2026-02-06,11,630000,ОЭС УРАЛА,37720,34772
2026-02-06 12:00,2026-02-06,12,630000,ОЭС УРАЛА,37965,34883
2026-02-06 13:00,2026-02-06,13,630000,ОЭС УРАЛА,37865,34792
2026-02-06 14:00,2026-02-06,14,630000,ОЭС УРАЛА,37797,34542
2026-02-06 15:00,2026-02-06,15,630000,ОЭС УРАЛА,37807,34748
2026-02-06 16:00,2026-02-06,16,630000,ОЭС УРАЛА,37824,34828
2026-02-06 17:00,2026-02-06,17,630000,ОЭС УРАЛА,37657,35146
2026-02-06 18:00,2026-02-06,18,630000,ОЭС УРАЛА,37426,34606
2026-02-06 19:00,2026-02-06,19,630000,ОЭС УРАЛА,37591,34504
2026-02-06 20:00,2026-02-06,20,630000,ОЭС УРАЛА,37111,33924
2026-02-06 21:00,2026-02-06,21,630000,ОЭС УРАЛА,35882,33312
2026-02-06 22:00,2026-02-06,22,630000,ОЭС УРАЛА,35798,32705
2026-02-06 23:00,2026-02-06,23,630000,ОЭС УРАЛА,33747,32230
2026-02-07 00:00,2026-02-07,0,630000,ОЭС УРАЛА,33252,31814
2026-02-07 01:00,2026-02-07,1,630000,ОЭС УРАЛА,33210,31738
2026-02-07 02:00,2026-02-07,2,630000,ОЭС УРАЛА,32838,31426
2026-02-07 03:00,2026-02-07,3,630000,ОЭС УРАЛА,32888,31469
2026-02-07 04:00,2026-02-07,4,630000,ОЭС УРАЛА,33104,31618
2026-02-07 05:00,2026-02-07,5,630000,ОЭС УРАЛА,34032,32065
2026-02-07 06:00,2026-02-07,6,630000,ОЭС УРАЛА,34410,32560
2026-02-07 07:00,2026-02-07,7,630000,ОЭС УРАЛА,34971,33601
2026-02-07 08:00,2026-02-07,8,630000,ОЭС УРАЛА,36024,34292
2026-02-07 09:00,2026-02-07,9,630000,ОЭС УРАЛА,36756,34746
2026-02-07 10:00,2026-02-07,10,630000,ОЭС УРАЛА,37018,34610
2026-02-07 11:00,2026-02-07,11,630000,ОЭС УРАЛА,36670,34495
2026-02-07 12:00,2026-02-07,12,630000,ОЭС УРАЛА,36640,34130
2026-02-07 13:00,2026-02-07,13,630000,ОЭС УРАЛА,36613,34211
2026-02-07 14:00,2026-02-07,14,630000,ОЭС УРАЛА,36568,33749
2026-02-07 15:00,2026-02-07,15,630000,ОЭС УРАЛА,36804,34018
2026-02-07 16:00,2026-02-07,16,630000,ОЭС УРАЛА,37144,34476
2026-02-07 17:00,2026-02-07,17,630000,ОЭС УРАЛА,36950,34881
2026-02-07 18:00,2026-02-07,18,630000,ОЭС УРАЛА,36993,34276
2026-02-07 19:00,2026-02-07,19,630000,ОЭС УРАЛА,36686,34160
2026-02-07 20:00,2026-02-07,20,630000,ОЭС УРАЛА,36347,33704
2026-02-07 21:00,2026-02-07,21,630000,ОЭС УРАЛА,35700,32996
2026-02-07 22:00,2026-02-07,22,630000,ОЭС УРАЛА,35131,32415
2026-02-07 23:00,2026-02-07,23,630000,ОЭС УРАЛА,33438,31689
2026-02-08 00:00,2026-02-08,0,630000,ОЭС УРАЛА,33169,31161
2026-02-08 01:00,2026-02-08,1,630000,ОЭС УРАЛА,32493,31069
2026-02-08 02:00,2026-02-08,2,630000,ОЭС УРАЛА,32102,30827
2026-02-08 03:00,2026-02-08,3,630000,ОЭС УРАЛА,32113,30900
2026-02-08 04:00,2026-02-08,4,630000,ОЭС УРАЛА,31684,30991
2026-02-08 05:00,2026-02-08,5,630000,ОЭС УРАЛА,32150,30950
2026-02-08 06:00,2026-02-08,6,630000,ОЭС УРАЛА,32719,31616
2026-02-08 07:00,2026-02-08,7,630000,ОЭС УРАЛА,34076,32478
2026-02-08 08:00,2026-02-08,8,630000,ОЭС УРАЛА,34667,33284
2026-02-08 09:00,2026-02-08,9,630000,ОЭС УРАЛА,35476,33490
2026-02-08 10:00,2026-02-08,10,630000,ОЭС УРАЛА,36037,33731
2026-02-08 11:00,2026-02-08,11,630000,ОЭС УРАЛА,36019,33826
2026-02-08 12:00,2026-02-08,12,630000,ОЭС УРАЛА,35994,33668
2026-02-08 13:00,2026-02-08,13,630000,ОЭС УРАЛА,35941,33566
2026-02-08 14:00,2026-02-08,14,630000,ОЭС УРАЛА,35912,33479
2026-02-08 15:00,2026-02-08,15,630000,ОЭС УРАЛА,36013,33810
2026-02-08 16:00,2026-02-08,16,630000,ОЭС УРАЛА,36099,34317
2026-02-08 17:00,2026-02-08,17,630000,ОЭС УРАЛА,36211,34718
2026-02-08 18:00,2026-02-08,18,630000,ОЭС УРАЛА,36314,34264
2026-02-08 19:00,2026-02-08,19,630000,ОЭС УРАЛА,36737,34207
2026-02-08 20:00,2026-02-08,20,630000,ОЭС УРАЛА,36434,33713
2026-02-08 21:00,2026-02-08,21,630000,ОЭС УРАЛА,36430,32996
2026-02-08 22:00,2026-02-08,22,630000,ОЭС УРАЛА,35116,32044
2026-02-08 23:00,2026-02-08,23,630000,ОЭС УРАЛА,33207,31340
2026-02-09 00:00,2026-02-09,0,630000,ОЭС УРАЛА,31302,31143
2026-02-09 01:00,2026-02-09,1,630000,ОЭС УРАЛА,32127,30951
2026-02-09 02:00,2026-02-09,2,630000,ОЭС УРАЛА,31702,30916
2026-02-09 03:00,2026-02-09,3,630000,ОЭС УРАЛА,31491,30950
2026-02-09 04:00,2026-02-09,4,630000,ОЭС УРАЛА,31875,31676
2026-02-09 05:00,2026-02-09,5,630000,ОЭС УРАЛА,33318,32802
2026-02-09 06:00,2026-02-09,6,630000,ОЭС УРАЛА,34794,33927
2026-02-09 07:00,2026-02-09,7,630000,ОЭС УРАЛА,36879,34529
2026-02-09 08:00,2026-02-09,8,630000,ОЭС УРАЛА,37433,34970
2026-02-09 09:00,2026-02-09,9,630000,ОЭС УРАЛА,37508,35114
2026-02-09 10:00,2026-02-09,10,630000,ОЭС УРАЛА,36980,34844
2026-02-09 11:00,2026-02-09,11,630000,ОЭС УРАЛА,36669,34687
2026-02-09 12:00,2026-02-09,12,630000,ОЭС УРАЛА,36626,34236
2026-02-09 13:00,2026-02-09,13,630000,ОЭС УРАЛА,36656,34317
2026-02-09 14:00,2026-02-09,14,630000,ОЭС УРАЛА,36657,34433
2026-02-09 15:00,2026-02-09,15,630000,ОЭС УРАЛА,36669,34144
2026-02-09 16:00,2026-02-09,16,630000,ОЭС УРАЛА,36507,34350
2026-02-09 17:00,2026-02-09,17,630000,ОЭС УРАЛА,36326,34770
2026-02-09 18:00,2026-02-09,18,630000,ОЭС УРАЛА,36157,34542
2026-02-09 19:00,2026-02-09,19,630000,ОЭС УРАЛА,36313,34347
2026-02-09 20:00,2026-02-09,20,630000,ОЭС УРАЛА,36275,33751
2026-02-09 21:00,2026-02-09,21,630000,ОЭС УРАЛА,35923,33028
2026-02-09 22:00,2026-02-09,22,630000,ОЭС УРАЛА,35803,32292
2026-02-09 23:00,2026-02-09,23,630000,ОЭС УРАЛА,34368,31782
2026-02-10 00:00,2026-02-10,0,630000,ОЭС УРАЛА,33442,31426
2026-02-10 01:00,2026-02-10,1,630000,ОЭС УРАЛА,32517,30962
2026-02-10 02:00,2026-02-10,2,630000,ОЭС УРАЛА,32164,30995
2026-02-10 03:00,2026-02-10,3,630000,ОЭС УРАЛА,31924,30934
2026-02-10 04:00,2026-02-10,4,630000,ОЭС УРАЛА,32190,31788
2026-02-10 05:00,2026-02-10,5,630000,ОЭС УРАЛА,34268,32721
2026-02-10 06:00,2026-02-10,6,630000,ОЭС УРАЛА,35407,33844
2026-02-10 07:00,2026-02-10,7,630000,ОЭС УРАЛА,36294,34390
2026-02-10 08:00,2026-02-10,8,630000,ОЭС УРАЛА,36916,34783
2026-02-10 09:00,2026-02-10,9,630000,ОЭС УРАЛА,36939,34910
2026-02-10 10:00,2026-02-10,10,630000,ОЭС УРАЛА,36457,34630
2026-02-10 11:00,2026-02-10,11,630000,ОЭС УРАЛА,36450,34410
2026-02-10 12:00,2026-02-10,12,630000,ОЭС УРАЛА,36719,34326
2026-02-10 13:00,2026-02-10,13,630000,ОЭС УРАЛА,36581,34349
2026-02-10 14:00,2026-02-10,14,630000,ОЭС УРАЛА,36382,34121
2026-02-10 15:00,2026-02-10,15,630000,ОЭС УРАЛА,36398,34208
2026-02-10 16:00,2026-02-10,16,630000,ОЭС УРАЛА,36217,34604
2026-02-10 17:00,2026-02-10,17,630000,ОЭС УРАЛА,36255,34757
2026-02-10 18:00,2026-02-10,18,630000,ОЭС УРАЛА,36176,34319
2026-02-10 19:00,2026-02-10,19,630000,ОЭС УРАЛА,35793,34474
2026-02-10 20:00,2026-02-10,20,630000,ОЭС УРАЛА,35505,34052
2026-02-10 21:00,2026-02-10,21,630000,ОЭС УРАЛА,34778,33135
2026-02-10 22:00,2026-02-10,22,630000,ОЭС УРАЛА,33597,32609
2026-02-10 23:00,2026-02-10,23,630000,ОЭС УРАЛА,33341,31975
2026-02-11 00:00,2026-02-11,0,630000,ОЭС УРАЛА,31729,31366
2026-02-11 01:00,2026-02-11,1,630000,ОЭС УРАЛА,31883,31415
2026-02-11 02:00,2026-02-11,2,630000,ОЭС УРАЛА,31748,31194
2026-02-11 03:00,2026-02-11,3,630000,ОЭС УРАЛА,31623,31633
2026-02-11 04:00,2026-02-11,4,630000,ОЭС УРАЛА,33087,31945
2026-02-11 05:00,2026-02-11,5,630000,ОЭС УРАЛА,34080,33198
2026-02-11 06:00,2026-02-11,6,630000,ОЭС УРАЛА,34535,34093
2026-02-11 07:00,2026-02-11,7,630000,ОЭС УРАЛА,36386,34918
2026-02-11 08:00,2026-02-11,8,630000,ОЭС УРАЛА,36328,35176
2026-02-11 09:00,2026-02-11,9,630000,ОЭС УРАЛА,36522,35154
2026-02-11 10:00,2026-02-11,10,630000,ОЭС УРАЛА,36424,35077
2026-02-11 11:00,2026-02-11,11,630000,ОЭС УРАЛА,36414,34806
2026-02-11 12:00,2026-02-11,12,630000,ОЭС УРАЛА,36600,34709
2026-02-11 13:00,2026-02-11,13,630000,ОЭС УРАЛА,36361,34405
2026-02-11 14:00,2026-02-11,14,630000,ОЭС УРАЛА,36369,34414
2026-02-11 15:00,2026-02-11,15,630000,ОЭС УРАЛА,36500,34535
2026-02-11 16:00,2026-02-11,16,630000,ОЭС УРАЛА,36487,34713
2026-02-11 17:00,2026-02-11,17,630000,ОЭС УРАЛА,36496,35142
2026-02-11 18:00,2026-02-11,18,630000,ОЭС УРАЛА,36286,34868
2026-02-11 19:00,2026-02-11,19,630000,ОЭС УРАЛА,36210,34633
2026-02-11 20:00,2026-02-11,20,630000,ОЭС УРАЛА,36125,33966
2026-02-11 21:00,2026-02-11,21,630000,ОЭС УРАЛА,35442,33216
2026-02-11 22:00,2026-02-11,22,630000,ОЭС УРАЛА,34753,32415
2026-02-11 23:00,2026-02-11,23,630000,ОЭС УРАЛА,33489,31914
2026-02-12 00:00,2026-02-12,0,630000,ОЭС УРАЛА,32441,31650
2026-02-12 01:00,2026-02-12,1,630000,ОЭС УРАЛА,31564,31325
2026-02-12 02:00,2026-02-12,2,630000,ОЭС УРАЛА,32039,31294
2026-02-12 03:00,2026-02-12,3,630000,ОЭС УРАЛА,32305,31391
2026-02-12 04:00,2026-02-12,4,630000,ОЭС УРАЛА,33280,32083
2026-02-12 05:00,2026-02-12,5,630000,ОЭС УРАЛА,34512,33363
2026-02-12 06:00,2026-02-12,6,630000,ОЭС УРАЛА,35483,34277
2026-02-12 07:00,2026-02-12,7,630000,ОЭС УРАЛА,36808,35060
2026-02-12 08:00,2026-02-12,8,630000,ОЭС УРАЛА,36969,35281
2026-02-12 09:00,2026-02-12,9,630000,ОЭС УРАЛА,37001,35270
2026-02-12 10:00,2026-02-12,10,630000,ОЭС УРАЛА,37024,35070
2026-02-12 11:00,2026-02-12,11,630000,ОЭС УРАЛА,36997,34782
2026-02-12 12:00,2026-02-12,12,630000,ОЭС УРАЛА,37048,34733
2026-02-12 13:00,2026-02-12,13,630000,ОЭС УРАЛА,37055,34692
2026-02-12 14:00,2026-02-12,14,630000,ОЭС УРАЛА,36705,34410
2026-02-12 15:00,2026-02-12,15,630000,ОЭС УРАЛА,36747,34556
2026-02-12 16:00,2026-02-12,16,630000,ОЭС УРАЛА,36428,34651
2026-02-12 17:00,2026-02-12,17,630000,ОЭС УРАЛА,36338,34910
2026-02-12 18:00,2026-02-12,18,630000,ОЭС УРАЛА,36206,34771
2026-02-12 19:00,2026-02-12,19,630000,ОЭС УРАЛА,36431,34481
2026-02-12 20:00,2026-02-12,20,630000,ОЭС УРАЛА,36303,33975
2026-02-12 21:00,2026-02-12,21,630000,ОЭС УРАЛА,35843,33295
2026-02-12 22:00,2026-02-12,22,630000,ОЭС УРАЛА,34936,32545
2026-02-12 23:00,2026-02-12,23,630000,ОЭС УРАЛА,32926,31631
2026-02-13 00:00,2026-02-13,0,630000,ОЭС УРАЛА,32674,31325
2026-02-13 01:00,2026-02-13,1,630000,ОЭС УРАЛА,32666,31231
2026-02-13 02:00,2026-02-13,2,630000,ОЭС УРАЛА,32567,31234
2026-02-13 03:00,2026-02-13,3,630000,ОЭС УРАЛА,32684,31516
2026-02-13 04:00,2026-02-13,4,630000,ОЭС УРАЛА,33004,32021
2026-02-13 05:00,2026-02-13,5,630000,ОЭС УРАЛА,34017,32964
2026-02-13 06:00,2026-02-13,6,630000,ОЭС УРАЛА,35434,33910
2026-02-13 07:00,2026-02-13,7,630000,ОЭС УРАЛА,36491,34850
2026-02-13 08:00,2026-02-13,8,630000,ОЭС УРАЛА,36799,35019
2026-02-13 09:00,2026-02-13,9,630000,ОЭС УРАЛА,36915,35152
2026-02-13 10:00,2026-02-13,10,630000,ОЭС УРАЛА,37262,35078
2026-02-13 11:00,2026-02-13,11,630000,ОЭС УРАЛА,37103,34879
2026-02-13 12:00,2026-02-13,12,630000,ОЭС УРАЛА,36587,34663
2026-02-13 13:00,2026-02-13,13,630000,ОЭС УРАЛА,36957,34390
2026-02-13 14:00,2026-02-13,14,630000,ОЭС УРАЛА,37047,34556
2026-02-13 15:00,2026-02-13,15,630000,ОЭС УРАЛА,36879,34487
2026-02-13 16:00,2026-02-13,16,630000,ОЭС УРАЛА,37150,34463
2026-02-13 17:00,2026-02-13,17,630000,ОЭС УРАЛА,37160,34745
2026-02-13 18:00,2026-02-13,18,630000,ОЭС УРАЛА,36727,34439
2026-02-13 19:00,2026-02-13,19,630000,ОЭС УРАЛА,36072,34297
2026-02-13 20:00,2026-02-13,20,630000,ОЭС УРАЛА,36149,33870
2026-02-13 21:00,2026-02-13,21,630000,ОЭС УРАЛА,35951,33089
2026-02-13 22:00,2026-02-13,22,630000,ОЭС УРАЛА,35356,32442
2026-02-13 23:00,2026-02-13,23,630000,ОЭС УРАЛА,33110,31519
2026-02-14 00:00,2026-02-14,0,630000,ОЭС УРАЛА,33660,31453
2026-02-14 01:00,2026-02-14,1,630000,ОЭС УРАЛА,32812,31040
2026-02-14 02:00,2026-02-14,2,630000,ОЭС УРАЛА,32719,30996
2026-02-14 03:00,2026-02-14,3,630000,ОЭС УРАЛА,32073,30827
2026-02-14 04:00,2026-02-14,4,630000,ОЭС УРАЛА,32089,31052
2026-02-14 05:00,2026-02-14,5,630000,ОЭС УРАЛА,32252,31408
2026-02-14 06:00,2026-02-14,6,630000,ОЭС УРАЛА,32841,31979
2026-02-14 07:00,2026-02-14,7,630000,ОЭС УРАЛА,33371,32777
2026-02-14 08:00,2026-02-14,8,630000,ОЭС УРАЛА,34903,33731
2026-02-14 09:00,2026-02-14,9,630000,ОЭС УРАЛА,35649,33905
2026-02-14 10:00,2026-02-14,10,630000,ОЭС УРАЛА,35584,33590
2026-02-14 11:00,2026-02-14,11,630000,ОЭС УРАЛА,35665,33497
2026-02-14 12:00,2026-02-14,12,630000,ОЭС УРАЛА,35770,33431
2026-02-14 13:00,2026-02-14,13,630000,ОЭС УРАЛА,35515,33131
2026-02-14 14:00,2026-02-14,14,630000,ОЭС УРАЛА,35582,33200
2026-02-14 15:00,2026-02-14,15,630000,ОЭС УРАЛА,35707,33303
2026-02-14 16:00,2026-02-14,16,630000,ОЭС УРАЛА,35554,33669
2026-02-14 17:00,2026-02-14,17,630000,ОЭС УРАЛА,35754,34184
2026-02-14 18:00,2026-02-14,18,630000,ОЭС УРАЛА,35853,33932
2026-02-14 19:00,2026-02-14,19,630000,ОЭС УРАЛА,36179,33733
2026-02-14 20:00,2026-02-14,20,630000,ОЭС УРАЛА,35968,33365
2026-02-14 21:00,2026-02-14,21,630000,ОЭС УРАЛА,35650,32744
2026-02-14 22:00,2026-02-14,22,630000,ОЭС УРАЛА,34961,32008
2026-02-14 23:00,2026-02-14,23,630000,ОЭС УРАЛА,34100,31636
2026-02-15 00:00,2026-02-15,0,630000,ОЭС УРАЛА,32755,30989
2026-02-15 01:00,2026-02-15,1,630000,ОЭС УРАЛА,32442,30742
2026-02-15 02:00,2026-02-15,2,630000,ОЭС УРАЛА,32568,30592
2026-02-15 03:00,2026-02-15,3,630000,ОЭС УРАЛА,32293,30741
2026-02-15 04:00,2026-02-15,4,630000,ОЭС УРАЛА,31949,30755
2026-02-15 05:00,2026-02-15,5,630000,ОЭС УРАЛА,32101,30776
2026-02-15 06:00,2026-02-15,6,630000,ОЭС УРАЛА,33108,31403
2026-02-15 07:00,2026-02-15,7,630000,ОЭС УРАЛА,33855,32068
2026-02-15 08:00,2026-02-15,8,630000,ОЭС УРАЛА,34136,32939
2026-02-15 09:00,2026-02-15,9,630000,ОЭС УРАЛА,35030,33354
2026-02-15 10:00,2026-02-15,10,630000,ОЭС УРАЛА,35555,33402
2026-02-15 11:00,2026-02-15,11,630000,ОЭС УРАЛА,35642,33322
2026-02-15 12:00,2026-02-15,12,630000,ОЭС УРАЛА,35569,33125
2026-02-15 13:00,2026-02-15,13,630000,ОЭС УРАЛА,35589,33049
2026-02-15 14:00,2026-02-15,14,630000,ОЭС УРАЛА,35588,32788
2026-02-15 15:00,2026-02-15,15,630000,ОЭС УРАЛА,35751,33200
2026-02-15 16:00,2026-02-15,16,630000,ОЭС УРАЛА,35980,33494
2026-02-15 17:00,2026-02-15,17,630000,ОЭС УРАЛА,36097,33748
2026-02-15 18:00,2026-02-15,18,630000,ОЭС УРАЛА,36038,33560
2026-02-15 19:00,2026-02-15,19,630000,ОЭС УРАЛА,35901,33525
2026-02-15 20:00,2026-02-15,20,630000,ОЭС УРАЛА,35302,33004
2026-02-15 21:00,2026-02-15,21,630000,ОЭС УРАЛА,35202,32136
2026-02-15 22:00,2026-02-15,22,630000,ОЭС УРАЛА,34099,31381
2026-02-15 23:00,2026-02-15,23,630000,ОЭС УРАЛА,32992,30700
2026-02-16 00:00,2026-02-16,0,630000,ОЭС УРАЛА,31251,30285
2026-02-16 01:00,2026-02-16,1,630000,ОЭС УРАЛА,30732,30026
2026-02-16 02:00,2026-02-16,2,630000,ОЭС УРАЛА,30848,30017
2026-02-16 03:00,2026-02-16,3,630000,ОЭС УРАЛА,30796,30114
2026-02-16 04:00,2026-02-16,4,630000,ОЭС УРАЛА,31257,30665
2026-02-16 05:00,2026-02-16,5,630000,ОЭС УРАЛА,32765,31640
2026-02-16 06:00,2026-02-16,6,630000,ОЭС УРАЛА,33726,32787
2026-02-16 07:00,2026-02-16,7,630000,ОЭС УРАЛА,35177,33332
2026-02-16 08:00,2026-02-16,8,630000,ОЭС УРАЛА,35398,33677
2026-02-16 09:00,2026-02-16,9,630000,ОЭС УРАЛА,35310,33761
2026-02-16 10:00,2026-02-16,10,630000,ОЭС УРАЛА,35375,33762
2026-02-16 11:00,2026-02-16,11,630000,ОЭС УРАЛА,35363,33579
2026-02-16 12:00,2026-02-16,12,630000,ОЭС УРАЛА,35426,33341
2026-02-16 13:00,2026-02-16,13,630000,ОЭС УРАЛА,35375,33352
2026-02-16 14:00,2026-02-16,14,630000,ОЭС УРАЛА,35451,33197
2026-02-16 15:00,2026-02-16,15,630000,ОЭС УРАЛА,35577,33287
2026-02-16 16:00,2026-02-16,16,630000,ОЭС УРАЛА,35772,33285
2026-02-16 17:00,2026-02-16,17,630000,ОЭС УРАЛА,35678,33669
2026-02-16 18:00,2026-02-16,18,630000,ОЭС УРАЛА,35527,33567
2026-02-16 19:00,2026-02-16,19,630000,ОЭС УРАЛА,35245,33411
2026-02-16 20:00,2026-02-16,20,630000,ОЭС УРАЛА,35151,32707
2026-02-16 21:00,2026-02-16,21,630000,ОЭС УРАЛА,34668,32063
2026-02-16 22:00,2026-02-16,22,630000,ОЭС УРАЛА,33166,31500
2026-02-16 23:00,2026-02-16,23,630000,ОЭС УРАЛА,30934,30408
2026-02-17 00:00,2026-02-17,0,630000,ОЭС УРАЛА,30475,30380
2026-02-17 01:00,2026-02-17,1,630000,ОЭС УРАЛА,31207,30107
2026-02-17 02:00,2026-02-17,2,630000,ОЭС УРАЛА,31115,30151
2026-02-17 03:00,2026-02-17,3,630000,ОЭС УРАЛА,31084,30252
2026-02-17 04:00,2026-02-17,4,630000,ОЭС УРАЛА,31783,30966
2026-02-17 05:00,2026-02-17,5,630000,ОЭС УРАЛА,33084,31957
2026-02-17 06:00,2026-02-17,6,630000,ОЭС УРАЛА,34044,32832
2026-02-17 07:00,2026-02-17,7,630000,ОЭС УРАЛА,35502,33209
2026-02-17 08:00,2026-02-17,8,630000,ОЭС УРАЛА,35743,33417
2026-02-17 09:00,2026-02-17,9,630000,ОЭС УРАЛА,35759,33456
2026-02-17 10:00,2026-02-17,10,630000,ОЭС УРАЛА,35707,33384
2026-02-17 11:00,2026-02-17,11,630000,ОЭС УРАЛА,35561,33280
2026-02-17 12:00,2026-02-17,12,630000,ОЭС УРАЛА,35523,33270
2026-02-17 13:00,2026-02-17,13,630000,ОЭС УРАЛА,35379,33210
2026-02-17 14:00,2026-02-17,14,630000,ОЭС УРАЛА,35411,33136
2026-02-17 15:00,2026-02-17,15,630000,ОЭС УРАЛА,35594,33249
2026-02-17 16:00,2026-02-17,16,630000,ОЭС УРАЛА,35857,33431
2026-02-17 17:00,2026-02-17,17,630000,ОЭС УРАЛА,35781,33737
2026-02-17 18:00,2026-02-17,18,630000,ОЭС УРАЛА,35337,33501
2026-02-17 19:00,2026-02-17,19,630000,ОЭС УРАЛА,35244,33353
2026-02-17 20:00,2026-02-17,20,630000,ОЭС УРАЛА,34698,32671
2026-02-17 21:00,2026-02-17,21,630000,ОЭС УРАЛА,34146,32015
2026-02-17 22:00,2026-02-17,22,630000,ОЭС УРАЛА,33763,31280
2026-02-17 23:00,2026-02-17,23,630000,ОЭС УРАЛА,32715,30799
2026-02-18 00:00,2026-02-18,0,630000,ОЭС УРАЛА,32472,30300
2026-02-18 01:00,2026-02-18,1,630000,ОЭС УРАЛА,30841,30317
2026-02-18 02:00,2026-02-18,2,630000,ОЭС УРАЛА,30484,30106
2026-02-18 03:00,2026-02-18,3,630000,ОЭС УРАЛА,30845,30426
2026-02-18 04:00,2026-02-18,4,630000,ОЭС УРАЛА,31525,30913
2026-02-18 05:00,2026-02-18,5,630000,ОЭС УРАЛА,32614,32084
2026-02-18 06:00,2026-02-18,6,630000,ОЭС УРАЛА,33557,32995
2026-02-18 07:00,2026-02-18,7,630000,ОЭС УРАЛА,34945,33575
2026-02-18 08:00,2026-02-18,8,630000,ОЭС УРАЛА,35565,34047
2026-02-18 09:00,2026-02-18,9,630000,ОЭС УРАЛА,35424,33914
2026-02-18 10:00,2026-02-18,10,630000,ОЭС УРАЛА,35605,33609
2026-02-18 11:00,2026-02-18,11,630000,ОЭС УРАЛА,35322,33634
2026-02-18 12:00,2026-02-18,12,630000,ОЭС УРАЛА,35084,33421
2026-02-18 13:00,2026-02-18,13,630000,ОЭС УРАЛА,35116,33080
2026-02-18 14:00,2026-02-18,14,630000,ОЭС УРАЛА,35340,33285
2026-02-18 15:00,2026-02-18,15,630000,ОЭС УРАЛА,35585,33137
2026-02-18 16:00,2026-02-18,16,630000,ОЭС УРАЛА,35556,33435
2026-02-18 17:00,2026-02-18,17,630000,ОЭС УРАЛА,35643,33901
2026-02-18 18:00,2026-02-18,18,630000,ОЭС УРАЛА,35638,33649
2026-02-18 19:00,2026-02-18,19,630000,ОЭС УРАЛА,35176,33877
2026-02-18 20:00,2026-02-18,20,630000,ОЭС УРАЛА,35424,33056
2026-02-18 21:00,2026-02-18,21,630000,ОЭС УРАЛА,34666,32423
2026-02-18 22:00,2026-02-18,22,630000,ОЭС УРАЛА,33843,31619
2026-02-18 23:00,2026-02-18,23,630000,ОЭС УРАЛА,31630,30880
2026-02-19 00:00,2026-02-19,0,630000,ОЭС УРАЛА,30548,30632
2026-02-19 01:00,2026-02-19,1,630000,ОЭС УРАЛА,31307,30595
2026-02-19 02:00,2026-02-19,2,630000,ОЭС УРАЛА,31294,30600
2026-02-19 03:00,2026-02-19,3,630000,ОЭС УРАЛА,31308,30851
2026-02-19 04:00,2026-02-19,4,630000,ОЭС УРАЛА,31889,31460
2026-02-19 05:00,2026-02-19,5,630000,ОЭС УРАЛА,33178,32550
2026-02-19 06:00,2026-02-19,6,630000,ОЭС УРАЛА,33611,33226
2026-02-19 07:00,2026-02-19,7,630000,ОЭС УРАЛА,35087,34221
2026-02-19 08:00,2026-02-19,8,630000,ОЭС УРАЛА,35351,34554
2026-02-19 09:00,2026-02-19,9,630000,ОЭС УРАЛА,35596,34431
2026-02-19 10:00,2026-02-19,10,630000,ОЭС УРАЛА,35401,34167
2026-02-19 11:00,2026-02-19,11,630000,ОЭС УРАЛА,35393,33791
2026-02-19 12:00,2026-02-19,12,630000,ОЭС УРАЛА,35185,33713
2026-02-19 13:00,2026-02-19,13,630000,ОЭС УРАЛА,35062,33358
2026-02-19 14:00,2026-02-19,14,630000,ОЭС УРАЛА,35207,33299
2026-02-19 15:00,2026-02-19,15,630000,ОЭС УРАЛА,35153,33230
2026-02-19 16:00,2026-02-19,16,630000,ОЭС УРАЛА,35271,33728
2026-02-19 17:00,2026-02-19,17,630000,ОЭС УРАЛА,35252,34108
2026-02-19 18:00,2026-02-19,18,630000,ОЭС УРАЛА,35132,34011
2026-02-19 19:00,2026-02-19,19,630000,ОЭС УРАЛА,34937,33837
2026-02-19 20:00,2026-02-19,20,630000,ОЭС УРАЛА,34755,33456
2026-02-19 21:00,2026-02-19,21,630000,ОЭС УРАЛА,34001,32523
2026-02-19 22:00,2026-02-19,22,630000,ОЭС УРАЛА,33629,31879
2026-02-19 23:00,2026-02-19,23,630000,ОЭС УРАЛА,31938,31464
2026-02-20 00:00,2026-02-20,0,630000,ОЭС УРАЛА,31464,31050
2026-02-20 01:00,2026-02-20,1,630000,ОЭС УРАЛА,31240,30902
2026-02-20 02:00,2026-02-20,2,630000,ОЭС УРАЛА,31735,30996
2026-02-20 03:00,2026-02-20,3,630000,ОЭС УРАЛА,32006,31064
2026-02-20 04:00,2026-02-20,4,630000,ОЭС УРАЛА,32329,31782
2026-02-20 05:00,2026-02-20,5,630000,ОЭС УРАЛА,33502,32930
2026-02-20 06:00,2026-02-20,6,630000,ОЭС УРАЛА,33808,33839
2026-02-20 07:00,2026-02-20,7,630000,ОЭС УРАЛА,35242,34434
2026-02-20 08:00,2026-02-20,8,630000,ОЭС УРАЛА,35278,34829
2026-02-20 09:00,2026-02-20,9,630000,ОЭС УРАЛА,35542,34723
2026-02-20 10:00,2026-02-20,10,630000,ОЭС УРАЛА,35577,34577
2026-02-20 11:00,2026-02-20,11,630000,ОЭС УРАЛА,35409,34396
2026-02-20 12:00,2026-02-20,12,630000,ОЭС УРАЛА,35384,34190
2026-02-20 13:00,2026-02-20,13,630000,ОЭС УРАЛА,35412,34145
2026-02-20 14:00,2026-02-20,14,630000,ОЭС УРАЛА,35760,34054
2026-02-20 15:00,2026-02-20,15,630000,ОЭС УРАЛА,35872,34277
2026-02-20 16:00,2026-02-20,16,630000,ОЭС УРАЛА,35574,34078
2026-02-20 17:00,2026-02-20,17,630000,ОЭС УРАЛА,35235,34524
2026-02-20 18:00,2026-02-20,18,630000,ОЭС УРАЛА,34818,34081
2026-02-20 19:00,2026-02-20,19,630000,ОЭС УРАЛА,35156,33991
2026-02-20 20:00,2026-02-20,20,630000,ОЭС УРАЛА,34758,33718
2026-02-20 21:00,2026-02-20,21,630000,ОЭС УРАЛА,34229,32786
2026-02-20 22:00,2026-02-20,22,630000,ОЭС УРАЛА,33669,32245
2026-02-20 23:00,2026-02-20,23,630000,ОЭС УРАЛА,32964,31782
2026-02-21 00:00,2026-02-21,0,630000,ОЭС УРАЛА,32084,31451
2026-02-21 01:00,2026-02-21,1,630000,ОЭС УРАЛА,32460,31080
2026-02-21 02:00,2026-02-21,2,630000,ОЭС УРАЛА,32189,31104
2026-02-21 03:00,2026-02-21,3,630000,ОЭС УРАЛА,32284,31033
2026-02-21 04:00,2026-02-21,4,630000,ОЭС УРАЛА,32683,31438
2026-02-21 05:00,2026-02-21,5,630000,ОЭС УРАЛА,32895,31721
2026-02-21 06:00,2026-02-21,6,630000,ОЭС УРАЛА,33435,32175
2026-02-21 07:00,2026-02-21,7,630000,ОЭС УРАЛА,33922,33156
2026-02-21 08:00,2026-02-21,8,630000,ОЭС УРАЛА,34478,33972
2026-02-21 09:00,2026-02-21,9,630000,ОЭС УРАЛА,35065,34260
2026-02-21 10:00,2026-02-21,10,630000,ОЭС УРАЛА,35514,34079
2026-02-21 11:00,2026-02-21,11,630000,ОЭС УРАЛА,35532,33882
2026-02-21 12:00,2026-02-21,12,630000,ОЭС УРАЛА,35370,33836
2026-02-21 13:00,2026-02-21,13,630000,ОЭС УРАЛА,35342,33905
2026-02-21 14:00,2026-02-21,14,630000,ОЭС УРАЛА,35481,33466
2026-02-21 15:00,2026-02-21,15,630000,ОЭС УРАЛА,35575,33517
2026-02-21 16:00,2026-02-21,16,630000,ОЭС УРАЛА,35609,33811
2026-02-21 17:00,2026-02-21,17,630000,ОЭС УРАЛА,35957,34369
2026-02-21 18:00,2026-02-21,18,630000,ОЭС УРАЛА,36055,33972
2026-02-21 19:00,2026-02-21,19,630000,ОЭС УРАЛА,36017,33950
2026-02-21 20:00,2026-02-21,20,630000,ОЭС УРАЛА,35814,33675
2026-02-21 21:00,2026-02-21,21,630000,ОЭС УРАЛА,35614,32955
2026-02-21 22:00,2026-02-21,22,630000,ОЭС УРАЛА,35195,32440
2026-02-21 23:00,2026-02-21,23,630000,ОЭС УРАЛА,33225,31724
2026-02-22 00:00,2026-02-22,0,630000,ОЭС УРАЛА,32651,31565
2026-02-22 01:00,2026-02-22,1,630000,ОЭС УРАЛА,32626,31179
2026-02-22 02:00,2026-02-22,2,630000,ОЭС УРАЛА,32264,31034
2026-02-22 03:00,2026-02-22,3,630000,ОЭС УРАЛА,32325,31302
2026-02-22 04:00,2026-02-22,4,630000,ОЭС УРАЛА,32131,31323
2026-02-22 05:00,2026-02-22,5,630000,ОЭС УРАЛА,32756,31639
2026-02-22 06:00,2026-02-22,6,630000,ОЭС УРАЛА,33256,32237
2026-02-22 07:00,2026-02-22,7,630000,ОЭС УРАЛА,34703,33231
2026-02-22 08:00,2026-02-22,8,630000,ОЭС УРАЛА,35195,33622
2026-02-22 09:00,2026-02-22,9,630000,ОЭС УРАЛА,35437,33807
2026-02-22 10:00,2026-02-22,10,630000,ОЭС УРАЛА,35782,33989
2026-02-22 11:00,2026-02-22,11,630000,ОЭС УРАЛА,35885,33871
2026-02-22 12:00,2026-02-22,12,630000,ОЭС УРАЛА,35739,33685
2026-02-22 13:00,2026-02-22,13,630000,ОЭС УРАЛА,35872,33430
2026-02-22 14:00,2026-02-22,14,630000,ОЭС УРАЛА,35821,33446
2026-02-22 15:00,2026-02-22,15,630000,ОЭС УРАЛА,35823,33607
2026-02-22 16:00,2026-02-22,16,630000,ОЭС УРАЛА,35749,33723
2026-02-22 17:00,2026-02-22,17,630000,ОЭС УРАЛА,35873,34266
2026-02-22 18:00,2026-02-22,18,630000,ОЭС УРАЛА,36138,34205
2026-02-22 19:00,2026-02-22,19,630000,ОЭС УРАЛА,35985,33930
2026-02-22 20:00,2026-02-22,20,630000,ОЭС УРАЛА,35754,33411
2026-02-22 21:00,2026-02-22,21,630000,ОЭС УРАЛА,35595,32832
2026-02-22 22:00,2026-02-22,22,630000,ОЭС УРАЛА,34308,32104
2026-02-22 23:00,2026-02-22,23,630000,ОЭС УРАЛА,32660,31687
2026-02-23 00:00,2026-02-23,0,630000,ОЭС УРАЛА,32118,31333
2026-02-23 01:00,2026-02-23,1,630000,ОЭС УРАЛА,32545,31174
2026-02-23 02:00,2026-02-23,2,630000,ОЭС УРАЛА,32111,31235
2026-02-23 03:00,2026-02-23,3,630000,ОЭС УРАЛА,31989,31254
2026-02-23 04:00,2026-02-23,4,630000,ОЭС УРАЛА,31895,31418
2026-02-23 05:00,2026-02-23,5,630000,ОЭС УРАЛА,33062,31445
2026-02-23 06:00,2026-02-23,6,630000,ОЭС УРАЛА,34368,32081
2026-02-23 07:00,2026-02-23,7,630000,ОЭС УРАЛА,34690,33023
2026-02-23 08:00,2026-02-23,8,630000,ОЭС УРАЛА,35141,33741
2026-02-23 09:00,2026-02-23,9,630000,ОЭС УРАЛА,35869,33890
2026-02-23 10:00,2026-02-23,10,630000,ОЭС УРАЛА,36684,34071
2026-02-23 11:00,2026-02-23,11,630000,ОЭС УРАЛА,36838,33937
2026-02-23 12:00,2026-02-23,12,630000,ОЭС УРАЛА,36831,33838
2026-02-23 13:00,2026-02-23,13,630000,ОЭС УРАЛА,36809,33795
2026-02-23 14:00,2026-02-23,14,630000,ОЭС УРАЛА,36712,33434
2026-02-23 15:00,2026-02-23,15,630000,ОЭС УРАЛА,36678,33619
2026-02-23 16:00,2026-02-23,16,630000,ОЭС УРАЛА,36696,33710
2026-02-23 17:00,2026-02-23,17,630000,ОЭС УРАЛА,36975,34060
2026-02-23 18:00,2026-02-23,18,630000,ОЭС УРАЛА,36601,34185
2026-02-23 19:00,2026-02-23,19,630000,ОЭС УРАЛА,36545,33920
2026-02-23 20:00,2026-02-23,20,630000,ОЭС УРАЛА,35943,33382
2026-02-23 21:00,2026-02-23,21,630000,ОЭС УРАЛА,36130,32959
2026-02-23 22:00,2026-02-23,22,630000,ОЭС УРАЛА,35964,32015
2026-02-23 23:00,2026-02-23,23,630000,ОЭС УРАЛА,33961,31318
2026-02-24 00:00,2026-02-24,0,630000,ОЭС УРАЛА,32448,31155
2026-02-24 01:00,2026-02-24,1,630000,ОЭС УРАЛА,32270,30856
2026-02-24 02:00,2026-02-24,2,630000,ОЭС УРАЛА,31684,30738
2026-02-24 03:00,2026-02-24,3,630000,ОЭС УРАЛА,31542,30938
2026-02-24 04:00,2026-02-24,4,630000,ОЭС УРАЛА,32375,31339
2026-02-24 05:00,2026-02-24,5,630000,ОЭС УРАЛА,34241,32573
2026-02-24 06:00,2026-02-24,6,630000,ОЭС УРАЛА,35312,33590
2026-02-24 07:00,2026-02-24,7,630000,ОЭС УРАЛА,36475,34513
2026-02-24 08:00,2026-02-24,8,630000,ОЭС УРАЛА,36900,34939
2026-02-24 09:00,2026-02-24,9,630000,ОЭС УРАЛА,36752,34653
2026-02-24 10:00,2026-02-24,10,630000,ОЭС УРАЛА,36664,34696
2026-02-24 11:00,2026-02-24,11,630000,ОЭС УРАЛА,36655,34433
2026-02-24 12:00,2026-02-24,12,630000,ОЭС УРАЛА,36727,34336
2026-02-24 13:00,2026-02-24,13,630000,ОЭС УРАЛА,36208,33990
2026-02-24 14:00,2026-02-24,14,630000,ОЭС УРАЛА,36672,34066
2026-02-24 15:00,2026-02-24,15,630000,ОЭС УРАЛА,35753,33820
2026-02-24 16:00,2026-02-24,16,630000,ОЭС УРАЛА,35791,34109
2026-02-24 17:00,2026-02-24,17,630000,ОЭС УРАЛА,35365,34425
2026-02-24 18:00,2026-02-24,18,630000,ОЭС УРАЛА,35308,34131
2026-02-24 19:00,2026-02-24,19,630000,ОЭС УРАЛА,35251,33952
2026-02-24 20:00,2026-02-24,20,630000,ОЭС УРАЛА,34982,33559
2026-02-24 21:00,2026-02-24,21,630000,ОЭС УРАЛА,34379,32876
2026-02-24 22:00,2026-02-24,22,630000,ОЭС УРАЛА,34559,32245
2026-02-24 23:00,2026-02-24,23,630000,ОЭС УРАЛА,32952,31562
2026-02-25 00:00,2026-02-25,0,630000,ОЭС УРАЛА,32675,31217
2026-02-25 01:00,2026-02-25,1,630000,ОЭС УРАЛА,31952,31023
2026-02-25 02:00,2026-02-25,2,630000,ОЭС УРАЛА,31498,30906
2026-02-25 03:00,2026-02-25,3,630000,ОЭС УРАЛА,32287,31368
2026-02-25 04:00,2026-02-25,4,630000,ОЭС УРАЛА,32599,31743
2026-02-25 05:00,2026-02-25,5,630000,ОЭС УРАЛА,33761,32894
2026-02-25 06:00,2026-02-25,6,630000,ОЭС УРАЛА,34747,33732
2026-02-25 07:00,2026-02-25,7,630000,ОЭС УРАЛА,35826,34766
2026-02-25 08:00,2026-02-25,8,630000,ОЭС УРАЛА,36006,34807
2026-02-25 09:00,2026-02-25,9,630000,ОЭС УРАЛА,36319,34857
2026-02-25 10:00,2026-02-25,10,630000,ОЭС УРАЛА,36492,34631
2026-02-25 11:00,2026-02-25,11,630000,ОЭС УРАЛА,36294,34436
2026-02-25 12:00,2026-02-25,12,630000,ОЭС УРАЛА,36235,34356
2026-02-25 13:00,2026-02-25,13,630000,ОЭС УРАЛА,35840,34233
2026-02-25 14:00,2026-02-25,14,630000,ОЭС УРАЛА,35579,34293
2026-02-25 15:00,2026-02-25,15,630000,ОЭС УРАЛА,35804,34053
2026-02-25 16:00,2026-02-25,16,630000,ОЭС УРАЛА,35767,34305
2026-02-25 17:00,2026-02-25,17,630000,ОЭС УРАЛА,35771,34827
2026-02-25 18:00,2026-02-25,18,630000,ОЭС УРАЛА,35767,34700
2026-02-25 19:00,2026-02-25,19,630000,ОЭС УРАЛА,36015,34278
2026-02-25 20:00,2026-02-25,20,630000,ОЭС УРАЛА,35674,33695
2026-02-25 21:00,2026-02-25,21,630000,ОЭС УРАЛА,35235,33064
2026-02-25 22:00,2026-02-25,22,630000,ОЭС УРАЛА,34702,32311
2026-02-25 23:00,2026-02-25,23,630000,ОЭС УРАЛА,33665,31671
2026-02-26 00:00,2026-02-26,0,630000,ОЭС УРАЛА,33017,31344
2026-02-26 01:00,2026-02-26,1,630000,ОЭС УРАЛА,33064,31413
2026-02-26 02:00,2026-02-26,2,630000,ОЭС УРАЛА,32522,31013
2026-02-26 03:00,2026-02-26,3,630000,ОЭС УРАЛА,32431,31290
2026-02-26 04:00,2026-02-26,4,630000,ОЭС УРАЛА,32311,31543
2026-02-26 05:00,2026-02-26,5,630000,ОЭС УРАЛА,33464,32861
2026-02-26 06:00,2026-02-26,6,630000,ОЭС УРАЛА,33861,33654
2026-02-26 07:00,2026-02-26,7,630000,ОЭС УРАЛА,35832,34447
2026-02-26 08:00,2026-02-26,8,630000,ОЭС УРАЛА,36488,34833
2026-02-26 09:00,2026-02-26,9,630000,ОЭС УРАЛА,36739,34672
2026-02-26 10:00,2026-02-26,10,630000,ОЭС УРАЛА,36850,34639
2026-02-26 11:00,2026-02-26,11,630000,ОЭС УРАЛА,36761,34440
2026-02-26 12:00,2026-02-26,12,630000,ОЭС УРАЛА,36291,34321
2026-02-26 13:00,2026-02-26,13,630000,ОЭС УРАЛА,36264,34362
2026-02-26 14:00,2026-02-26,14,630000,ОЭС УРАЛА,36260,34300
2026-02-26 15:00,2026-02-26,15,630000,ОЭС УРАЛА,36213,34043
2026-02-26 16:00,2026-02-26,16,630000,ОЭС УРАЛА,36405,34280
2026-02-26 17:00,2026-02-26,17,630000,ОЭС УРАЛА,36178,34630
2026-02-26 18:00,2026-02-26,18,630000,ОЭС УРАЛА,36388,34565
2026-02-26 19:00,2026-02-26,19,630000,ОЭС УРАЛА,36268,34324
2026-02-26 20:00,2026-02-26,20,630000,ОЭС УРАЛА,35943,34044
2026-02-26 21:00,2026-02-26,21,630000,ОЭС УРАЛА,35481,33074
2026-02-26 22:00,2026-02-26,22,630000,ОЭС УРАЛА,34708,32285
2026-02-26 23:00,2026-02-26,23,630000,ОЭС УРАЛА,32873,31555
2026-02-27 00:00,2026-02-27,0,630000,ОЭС УРАЛА,32267,31333
2026-02-27 01:00,2026-02-27,1,630000,ОЭС УРАЛА,32771,31188
2026-02-27 02:00,2026-02-27,2,630000,ОЭС УРАЛА,32876,31184
2026-02-27 03:00,2026-02-27,3,630000,ОЭС УРАЛА,32489,31083
2026-02-27 04:00,2026-02-27,4,630000,ОЭС УРАЛА,32922,31823
2026-02-27 05:00,2026-02-27,5,630000,ОЭС УРАЛА,34141,32874
2026-02-27 06:00,2026-02-27,6,630000,ОЭС УРАЛА,35172,33684
2026-02-27 07:00,2026-02-27,7,630000,ОЭС УРАЛА,36218,34670
2026-02-27 08:00,2026-02-27,8,630000,ОЭС УРАЛА,36460,34898
2026-02-27 09:00,2026-02-27,9,630000,ОЭС УРАЛА,36615,34939
2026-02-27 10:00,2026-02-27,10,630000,ОЭС УРАЛА,36613,34688
2026-02-27 11:00,2026-02-27,11,630000,ОЭС УРАЛА,36568,34275
2026-02-27 12:00,2026-02-27,12,630000,ОЭС УРАЛА,35967,34108
2026-02-27 13:00,2026-02-27,13,630000,ОЭС УРАЛА,35924,34150
2026-02-27 14:00,2026-02-27,14,630000,ОЭС УРАЛА,36083,33918
2026-02-27 15:00,2026-02-27,15,630000,ОЭС УРАЛА,36090,33815
2026-02-27 16:00,2026-02-27,16,630000,ОЭС УРАЛА,36088,33952
2026-02-27 17:00,2026-02-27,17,630000,ОЭС УРАЛА,36062,34439
2026-02-27 18:00,2026-02-27,18,630000,ОЭС УРАЛА,36026,34256
2026-02-27 19:00,2026-02-27,19,630000,ОЭС УРАЛА,35982,33903
2026-02-27 20:00,2026-02-27,20,630000,ОЭС УРАЛА,35519,33365
2026-02-27 21:00,2026-02-27,21,630000,ОЭС УРАЛА,35051,32786
2026-02-27 22:00,2026-02-27,22,630000,ОЭС УРАЛА,35202,32631
2026-02-27 23:00,2026-02-27,23,630000,ОЭС УРАЛА,34070,31775
2026-02-28 00:00,2026-02-28,0,630000,ОЭС УРАЛА,33022,31328
2026-02-28 01:00,2026-02-28,1,630000,ОЭС УРАЛА,32968,31162
2026-02-28 02:00,2026-02-28,2,630000,ОЭС УРАЛА,33646,31078
2026-02-28 03:00,2026-02-28,3,630000,ОЭС УРАЛА,33145,31161
2026-02-28 04:00,2026-02-28,4,630000,ОЭС УРАЛА,33629,31447
2026-02-28 05:00,2026-02-28,5,630000,ОЭС УРАЛА,33593,31479
2026-02-28 06:00,2026-02-28,6,630000,ОЭС УРАЛА,33865,32366
2026-02-28 07:00,2026-02-28,7,630000,ОЭС УРАЛА,34400,33408
2026-02-28 08:00,2026-02-28,8,630000,ОЭС УРАЛА,34765,33737
2026-02-28 09:00,2026-02-28,9,630000,ОЭС УРАЛА,35938,34239
2026-02-28 10:00,2026-02-28,10,630000,ОЭС УРАЛА,36015,34052
2026-02-28 11:00,2026-02-28,11,630000,ОЭС УРАЛА,35991,33938
2026-02-28 12:00,2026-02-28,12,630000,ОЭС УРАЛА,35865,33513
2026-02-28 13:00,2026-02-28,13,630000,ОЭС УРАЛА,35726,33541
2026-02-28 14:00,2026-02-28,14,630000,ОЭС УРАЛА,35863,33406
2026-02-28 15:00,2026-02-28,15,630000,ОЭС УРАЛА,35922,33352
2026-02-28 16:00,2026-02-28,16,630000,ОЭС УРАЛА,35973,33550
2026-02-28 17:00,2026-02-28,17,630000,ОЭС УРАЛА,35787,33774
2026-02-28 18:00,2026-02-28,18,630000,ОЭС УРАЛА,35616,33866
2026-02-28 19:00,2026-02-28,19,630000,ОЭС УРАЛА,35645,33645
2026-02-28 20:00,2026-02-28,20,630000,ОЭС УРАЛА,35787,33368
2026-02-28 21:00,2026-02-28,21,630000,ОЭС УРАЛА,35477,32803
2026-02-28 22:00,2026-02-28,22,630000,ОЭС УРАЛА,35073,31940
2026-02-28 23:00,2026-02-28,23,630000,ОЭС УРАЛА,33553,31623
2026-03-01 00:00,2026-03-01,0,630000,ОЭС УРАЛА,33349,31107
2026-03-01 01:00,2026-03-01,1,630000,ОЭС УРАЛА,32554,30696
2026-03-01 02:00,2026-03-01,2,630000,ОЭС УРАЛА,32865,31141
2026-03-01 03:00,2026-03-01,3,630000,ОЭС УРАЛА,32536,30816
2026-03-01 04:00,2026-03-01,4,630000,ОЭС УРАЛА,32757,31175
2026-03-01 05:00,2026-03-01,5,630000,ОЭС УРАЛА,32962,31309
2026-03-01 06:00,2026-03-01,6,630000,ОЭС УРАЛА,33122,31351
2026-03-01 07:00,2026-03-01,7,630000,ОЭС УРАЛА,33614,32299
2026-03-01 08:00,2026-03-01,8,630000,ОЭС УРАЛА,33862,33164
2026-03-01 09:00,2026-03-01,9,630000,ОЭС УРАЛА,34273,33371
2026-03-01 10:00,2026-03-01,10,630000,ОЭС УРАЛА,35005,33512
2026-03-01 11:00,2026-03-01,11,630000,ОЭС УРАЛА,35329,33448
2026-03-01 12:00,2026-03-01,12,630000,ОЭС УРАЛА,35231,33163
2026-03-01 13:00,2026-03-01,13,630000,ОЭС УРАЛА,35179,33118
2026-03-01 14:00,2026-03-01,14,630000,ОЭС УРАЛА,35117,33045
2026-03-01 15:00,2026-03-01,15,630000,ОЭС УРАЛА,35166,33107
2026-03-01 16:00,2026-03-01,16,630000,ОЭС УРАЛА,35443,33429
2026-03-01 17:00,2026-03-01,17,630000,ОЭС УРАЛА,35671,33878
2026-03-01 18:00,2026-03-01,18,630000,ОЭС УРАЛА,35654,33814
2026-03-01 19:00,2026-03-01,19,630000,ОЭС УРАЛА,35574,33724
2026-03-01 20:00,2026-03-01,20,630000,ОЭС УРАЛА,35458,33250
2026-03-01 21:00,2026-03-01,21,630000,ОЭС УРАЛА,35144,32402
2026-03-01 22:00,2026-03-01,22,630000,ОЭС УРАЛА,34898,31668
2026-03-01 23:00,2026-03-01,23,630000,ОЭС УРАЛА,32225,30940
2026-03-02 00:00,2026-03-02,0,630000,ОЭС УРАЛА,31131,30351
2026-03-02 01:00,2026-03-02,1,630000,ОЭС УРАЛА,31342,30305
2026-03-02 02:00,2026-03-02,2,630000,ОЭС УРАЛА,31406,30306
2026-03-02 03:00,2026-03-02,3,630000,ОЭС УРАЛА,31392,30473
2026-03-02 04:00,2026-03-02,4,630000,ОЭС УРАЛА,31804,30936
2026-03-02 05:00,2026-03-02,5,630000,ОЭС УРАЛА,33356,32289
2026-03-02 06:00,2026-03-02,6,630000,ОЭС УРАЛА,34691,32975
2026-03-02 07:00,2026-03-02,7,630000,ОЭС УРАЛА,35104,33765
2026-03-02 08:00,2026-03-02,8,630000,ОЭС УРАЛА,35465,34196
2026-03-02 09:00,2026-03-02,9,630000,ОЭС УРАЛА,35216,33912
2026-03-02 10:00,2026-03-02,10,630000,ОЭС УРАЛА,35575,33746
2026-03-02 11:00,2026-03-02,11,630000,ОЭС УРАЛА,35606,33635
2026-03-02 12:00,2026-03-02,12,630000,ОЭС УРАЛА,35661,33427
2026-03-02 13:00,2026-03-02,13,630000,ОЭС УРАЛА,35632,33411
2026-03-02 14:00,2026-03-02,14,630000,ОЭС УРАЛА,35643,33173
2026-03-02 15:00,2026-03-02,15,630000,ОЭС УРАЛА,34825,33222
2026-03-02 16:00,2026-03-02,16,630000,ОЭС УРАЛА,35229,33233
2026-03-02 17:00,2026-03-02,17,630000,ОЭС УРАЛА,35121,33809
2026-03-02 18:00,2026-03-02,18,630000,ОЭС УРАЛА,34705,33511
2026-03-02 19:00,2026-03-02,19,630000,ОЭС УРАЛА,34568,33318
2026-03-02 20:00,2026-03-02,20,630000,ОЭС УРАЛА,34678,33116
2026-03-02 21:00,2026-03-02,21,630000,ОЭС УРАЛА,34312,32215
2026-03-02 22:00,2026-03-02,22,630000,ОЭС УРАЛА,34091,31448
2026-03-02 23:00,2026-03-02,23,630000,ОЭС УРАЛА,31721,30788
2026-03-03 00:00,2026-03-03,0,630000,ОЭС УРАЛА,31301,30555
2026-03-03 01:00,2026-03-03,1,630000,ОЭС УРАЛА,30735,30288
2026-03-03 02:00,2026-03-03,2,630000,ОЭС УРАЛА,30721,30277
2026-03-03 03:00,2026-03-03,3,630000,ОЭС УРАЛА,30965,30582
2026-03-03 04:00,2026-03-03,4,630000,ОЭС УРАЛА,31380,31170
2026-03-03 05:00,2026-03-03,5,630000,ОЭС УРАЛА,32104,32242
2026-03-03 06:00,2026-03-03,6,630000,ОЭС УРАЛА,33704,32948
2026-03-03 07:00,2026-03-03,7,630000,ОЭС УРАЛА,34938,33972
2026-03-03 08:00,2026-03-03,8,630000,ОЭС УРАЛА,35310,34187
2026-03-03 09:00,2026-03-03,9,630000,ОЭС УРАЛА,35473,33911
2026-03-03 10:00,2026-03-03,10,630000,ОЭС УРАЛА,35456,33868
2026-03-03 11:00,2026-03-03,11,630000,ОЭС УРАЛА,35447,33932
2026-03-03 12:00,2026-03-03,12,630000,ОЭС УРАЛА,35418,33610
2026-03-03 13:00,2026-03-03,13,630000,ОЭС УРАЛА,35747,33629
2026-03-03 14:00,2026-03-03,14,630000,ОЭС УРАЛА,35471,33547
2026-03-03 15:00,2026-03-03,15,630000,ОЭС УРАЛА,35368,33374
2026-03-03 16:00,2026-03-03,16,630000,ОЭС УРАЛА,35511,33568
2026-03-03 17:00,2026-03-03,17,630000,ОЭС УРАЛА,35555,33966
2026-03-03 18:00,2026-03-03,18,630000,ОЭС УРАЛА,35552,33910
2026-03-03 19:00,2026-03-03,19,630000,ОЭС УРАЛА,35604,33788
2026-03-03 20:00,2026-03-03,20,630000,ОЭС УРАЛА,35370,33235
2026-03-03 21:00,2026-03-03,21,630000,ОЭС УРАЛА,34675,32384
2026-03-03 22:00,2026-03-03,22,630000,ОЭС УРАЛА,33757,31632
2026-03-03 23:00,2026-03-03,23,630000,ОЭС УРАЛА,32209,31250
2026-03-04 00:00,2026-03-04,0,630000,ОЭС УРАЛА,31299,30807
2026-03-04 01:00,2026-03-04,1,630000,ОЭС УРАЛА,31737,30527
2026-03-04 02:00,2026-03-04,2,630000,ОЭС УРАЛА,30843,30517
2026-03-04 03:00,2026-03-04,3,630000,ОЭС УРАЛА,31125,30648
2026-03-04 04:00,2026-03-04,4,630000,ОЭС УРАЛА,32022,31228
2026-03-04 05:00,2026-03-04,5,630000,ОЭС УРАЛА,32807,32259
2026-03-04 06:00,2026-03-04,6,630000,ОЭС УРАЛА,33886,32945
2026-03-04 07:00,2026-03-04,7,630000,ОЭС УРАЛА,34908,33811
2026-03-04 08:00,2026-03-04,8,630000,ОЭС УРАЛА,35221,34066
2026-03-04 09:00,2026-03-04,9,630000,ОЭС УРАЛА,35161,34132
2026-03-04 10:00,2026-03-04,10,630000,ОЭС УРАЛА,35081,33678
2026-03-04 11:00,2026-03-04,11,630000,ОЭС УРАЛА,35211,33408
2026-03-04 12:00,2026-03-04,12,630000,ОЭС УРАЛА,35088,33314
2026-03-04 13:00,2026-03-04,13,630000,ОЭС УРАЛА,35114,33367
2026-03-04 14:00,2026-03-04,14,630000,ОЭС УРАЛА,35411,33231
2026-03-04 15:00,2026-03-04,15,630000,ОЭС УРАЛА,35383,33083
2026-03-04 16:00,2026-03-04,16,630000,ОЭС УРАЛА,35558,33373
2026-03-04 17:00,2026-03-04,17,630000,ОЭС УРАЛА,35084,33386
2026-03-04 18:00,2026-03-04,18,630000,ОЭС УРАЛА,35160,33515
2026-03-04 19:00,2026-03-04,19,630000,ОЭС УРАЛА,35160,33561
2026-03-04 20:00,2026-03-04,20,630000,ОЭС УРАЛА,34859,33096
2026-03-04 21:00,2026-03-04,21,630000,ОЭС УРАЛА,34281,32193
2026-03-04 22:00,2026-03-04,22,630000,ОЭС УРАЛА,33513,31543
2026-03-04 23:00,2026-03-04,23,630000,ОЭС УРАЛА,31886,31003
2026-03-05 00:00,2026-03-05,0,630000,ОЭС УРАЛА,30097,30493
2026-03-05 01:00,2026-03-05,1,630000,ОЭС УРАЛА,31606,30279
2026-03-05 02:00,2026-03-05,2,630000,ОЭС УРАЛА,31673,30294
2026-03-05 03:00,2026-03-05,3,630000,ОЭС УРАЛА,31791,30773
2026-03-05 04:00,2026-03-05,4,630000,ОЭС УРАЛА,32925,31340
2026-03-05 05:00,2026-03-05,5,630000,ОЭС УРАЛА,34173,32448
2026-03-05 06:00,2026-03-05,6,630000,ОЭС УРАЛА,34511,33297
2026-03-05 07:00,2026-03-05,7,630000,ОЭС УРАЛА,35257,34211
2026-03-05 08:00,2026-03-05,8,630000,ОЭС УРАЛА,35742,34284
2026-03-05 09:00,2026-03-05,9,630000,ОЭС УРАЛА,35984,33986
2026-03-05 10:00,2026-03-05,10,630000,ОЭС УРАЛА,35988,33900
2026-03-05 11:00,2026-03-05,11,630000,ОЭС УРАЛА,35752,33731
2026-03-05 12:00,2026-03-05,12,630000,ОЭС УРАЛА,35683,33620
2026-03-05 13:00,2026-03-05,13,630000,ОЭС УРАЛА,36121,33406
2026-03-05 14:00,2026-03-05,14,630000,ОЭС УРАЛА,35971,33467
2026-03-05 15:00,2026-03-05,15,630000,ОЭС УРАЛА,35175,33393
2026-03-05 16:00,2026-03-05,16,630000,ОЭС УРАЛА,35647,33470
2026-03-05 17:00,2026-03-05,17,630000,ОЭС УРАЛА,35363,33784
2026-03-05 18:00,2026-03-05,18,630000,ОЭС УРАЛА,35468,33841
2026-03-05 19:00,2026-03-05,19,630000,ОЭС УРАЛА,35478,33772
2026-03-05 20:00,2026-03-05,20,630000,ОЭС УРАЛА,35583,33135
2026-03-05 21:00,2026-03-05,21,630000,ОЭС УРАЛА,34501,32486
2026-03-05 22:00,2026-03-05,22,630000,ОЭС УРАЛА,34081,31817
2026-03-05 23:00,2026-03-05,23,630000,ОЭС УРАЛА,33147,31116
2026-03-06 00:00,2026-03-06,0,630000,ОЭС УРАЛА,32690,30962
2026-03-06 01:00,2026-03-06,1,630000,ОЭС УРАЛА,32294,30739
2026-03-06 02:00,2026-03-06,2,630000,ОЭС УРАЛА,32295,30831
2026-03-06 03:00,2026-03-06,3,630000,ОЭС УРАЛА,32375,30912
2026-03-06 04:00,2026-03-06,4,630000,ОЭС УРАЛА,32885,31439
2026-03-06 05:00,2026-03-06,5,630000,ОЭС УРАЛА,33940,32700
2026-03-06 06:00,2026-03-06,6,630000,ОЭС УРАЛА,34114,33159
2026-03-06 07:00,2026-03-06,7,630000,ОЭС УРАЛА,35352,34550
2026-03-06 08:00,2026-03-06,8,630000,ОЭС УРАЛА,35632,34618
2026-03-06 09:00,2026-03-06,9,630000,ОЭС УРАЛА,35682,34305
2026-03-06 10:00,2026-03-06,10,630000,ОЭС УРАЛА,35515,34328
2026-03-06 11:00,2026-03-06,11,630000,ОЭС УРАЛА,35426,33943
2026-03-06 12:00,2026-03-06,12,630000,ОЭС УРАЛА,35474,33759
2026-03-06 13:00,2026-03-06,13,630000,ОЭС УРАЛА,35495,33608
2026-03-06 14:00,2026-03-06,14,630000,ОЭС УРАЛА,35708,33510
2026-03-06 15:00,2026-03-06,15,630000,ОЭС УРАЛА,35513,33466
2026-03-06 16:00,2026-03-06,16,630000,ОЭС УРАЛА,35851,33346
2026-03-06 17:00,2026-03-06,17,630000,ОЭС УРАЛА,36049,33793
2026-03-06 18:00,2026-03-06,18,630000,ОЭС УРАЛА,36109,33730
2026-03-06 19:00,2026-03-06,19,630000,ОЭС УРАЛА,36372,33762
2026-03-06 20:00,2026-03-06,20,630000,ОЭС УРАЛА,36262,33253
2026-03-06 21:00,2026-03-06,21,630000,ОЭС УРАЛА,34867,32493
2026-03-06 22:00,2026-03-06,22,630000,ОЭС УРАЛА,35137,31955
2026-03-06 23:00,2026-03-06,23,630000,ОЭС УРАЛА,33160,31257
2026-03-07 00:00,2026-03-07,0,630000,ОЭС УРАЛА,32872,30885
2026-03-07 01:00,2026-03-07,1,630000,ОЭС УРАЛА,32663,30931
2026-03-07 02:00,2026-03-07,2,630000,ОЭС УРАЛА,32779,30817
2026-03-07 03:00,2026-03-07,3,630000,ОЭС УРАЛА,33049,30634
2026-03-07 04:00,2026-03-07,4,630000,ОЭС УРАЛА,32836,30871
2026-03-07 05:00,2026-03-07,5,630000,ОЭС УРАЛА,33080,31182
2026-03-07 06:00,2026-03-07,6,630000,ОЭС УРАЛА,33390,31534
2026-03-07 07:00,2026-03-07,7,630000,ОЭС УРАЛА,34109,32440
2026-03-07 08:00,2026-03-07,8,630000,ОЭС УРАЛА,34695,33242
2026-03-07 09:00,2026-03-07,9,630000,ОЭС УРАЛА,35708,33344
2026-03-07 10:00,2026-03-07,10,630000,ОЭС УРАЛА,35825,33133
2026-03-07 11:00,2026-03-07,11,630000,ОЭС УРАЛА,35907,33087
2026-03-07 12:00,2026-03-07,12,630000,ОЭС УРАЛА,35392,32968
2026-03-07 13:00,2026-03-07,13,630000,ОЭС УРАЛА,35502,33095
2026-03-07 14:00,2026-03-07,14,630000,ОЭС УРАЛА,35554,32606
2026-03-07 15:00,2026-03-07,15,630000,ОЭС УРАЛА,35568,32734
2026-03-07 16:00,2026-03-07,16,630000,ОЭС УРАЛА,35525,32901
2026-03-07 17:00,2026-03-07,17,630000,ОЭС УРАЛА,35621,33186
2026-03-07 18:00,2026-03-07,18,630000,ОЭС УРАЛА,35552,33380
2026-03-07 19:00,2026-03-07,19,630000,ОЭС УРАЛА,35515,33042
2026-03-07 20:00,2026-03-07,20,630000,ОЭС УРАЛА,35230,32587
2026-03-07 21:00,2026-03-07,21,630000,ОЭС УРАЛА,34857,32032
2026-03-07 22:00,2026-03-07,22,630000,ОЭС УРАЛА,34390,31425
2026-03-07 23:00,2026-03-07,23,630000,ОЭС УРАЛА,32795,30827
2026-03-08 00:00,2026-03-08,0,630000,ОЭС УРАЛА,31308,30255
2026-03-08 01:00,2026-03-08,1,630000,ОЭС УРАЛА,31014,30147
2026-03-08 02:00,2026-03-08,2,630000,ОЭС УРАЛА,30557,29989
2026-03-08 03:00,2026-03-08,3,630000,ОЭС УРАЛА,30496,30217
2026-03-08 04:00,2026-03-08,4,630000,ОЭС УРАЛА,30631,30182
2026-03-08 05:00,2026-03-08,5,630000,ОЭС УРАЛА,31193,30629
2026-03-08 06:00,2026-03-08,6,630000,ОЭС УРАЛА,31691,30746
2026-03-08 07:00,2026-03-08,7,630000,ОЭС УРАЛА,32356,31448
2026-03-08 08:00,2026-03-08,8,630000,ОЭС УРАЛА,32900,32173
2026-03-08 09:00,2026-03-08,9,630000,ОЭС УРАЛА,33994,32537
2026-03-08 10:00,2026-03-08,10,630000,ОЭС УРАЛА,34615,32675
2026-03-08 11:00,2026-03-08,11,630000,ОЭС УРАЛА,34580,32600
2026-03-08 12:00,2026-03-08,12,630000,ОЭС УРАЛА,34595,32533
2026-03-08 13:00,2026-03-08,13,630000,ОЭС УРАЛА,34200,32400
2026-03-08 14:00,2026-03-08,14,630000,ОЭС УРАЛА,34168,32090
2026-03-08 15:00,2026-03-08,15,630000,ОЭС УРАЛА,33370,32227
2026-03-08 16:00,2026-03-08,16,630000,ОЭС УРАЛА,33234,32404
2026-03-08 17:00,2026-03-08,17,630000,ОЭС УРАЛА,33935,32580
2026-03-08 18:00,2026-03-08,18,630000,ОЭС УРАЛА,34404,32747
2026-03-08 19:00,2026-03-08,19,630000,ОЭС УРАЛА,33814,32915
2026-03-08 20:00,2026-03-08,20,630000,ОЭС УРАЛА,33490,32566
2026-03-08 21:00,2026-03-08,21,630000,ОЭС УРАЛА,33212,31964
2026-03-08 22:00,2026-03-08,22,630000,ОЭС УРАЛА,32950,31487
2026-03-08 23:00,2026-03-08,23,630000,ОЭС УРАЛА,31201,31048
2026-03-09 00:00,2026-03-09,0,630000,ОЭС УРАЛА,30389,30782
2026-03-09 01:00,2026-03-09,1,630000,ОЭС УРАЛА,31124,30540
2026-03-09 02:00,2026-03-09,2,630000,ОЭС УРАЛА,30759,30211
2026-03-09 03:00,2026-03-09,3,630000,ОЭС УРАЛА,31088,30512
2026-03-09 04:00,2026-03-09,4,630000,ОЭС УРАЛА,31388,30499
2026-03-09 05:00,2026-03-09,5,630000,ОЭС УРАЛА,31808,30792
2026-03-09 06:00,2026-03-09,6,630000,ОЭС УРАЛА,32176,31296
2026-03-09 07:00,2026-03-09,7,630000,ОЭС УРАЛА,32965,32248
2026-03-09 08:00,2026-03-09,8,630000,ОЭС УРАЛА,33422,33052
2026-03-09 09:00,2026-03-09,9,630000,ОЭС УРАЛА,34177,33473
2026-03-09 10:00,2026-03-09,10,630000,ОЭС УРАЛА,34364,33456
2026-03-09 11:00,2026-03-09,11,630000,ОЭС УРАЛА,34310,33310
2026-03-09 12:00,2026-03-09,12,630000,ОЭС УРАЛА,34359,33070
2026-03-09 13:00,2026-03-09,13,630000,ОЭС УРАЛА,34531,33248
2026-03-09 14:00,2026-03-09,14,630000,ОЭС УРАЛА,34619,33249
2026-03-09 15:00,2026-03-09,15,630000,ОЭС УРАЛА,34469,33149
2026-03-09 16:00,2026-03-09,16,630000,ОЭС УРАЛА,34306,33433
2026-03-09 17:00,2026-03-09,17,630000,ОЭС УРАЛА,34801,33882
2026-03-09 18:00,2026-03-09,18,630000,ОЭС УРАЛА,34969,33924
2026-03-09 19:00,2026-03-09,19,630000,ОЭС УРАЛА,34859,33934
2026-03-09 20:00,2026-03-09,20,630000,ОЭС УРАЛА,34709,33457
2026-03-09 21:00,2026-03-09,21,630000,ОЭС УРАЛА,34865,32712
2026-03-09 22:00,2026-03-09,22,630000,ОЭС УРАЛА,33714,31892
2026-03-09 23:00,2026-03-09,23,630000,ОЭС УРАЛА,31872,31137
2026-03-10 00:00,2026-03-10,0,630000,ОЭС УРАЛА,30829,30883
2026-03-10 01:00,2026-03-10,1,630000,ОЭС УРАЛА,31407,30733
2026-03-10 02:00,2026-03-10,2,630000,ОЭС УРАЛА,32132,30977
2026-03-10 03:00,2026-03-10,3,630000,ОЭС УРАЛА,32558,31178
2026-03-10 04:00,2026-03-10,4,630000,ОЭС УРАЛА,33052,31847
2026-03-10 05:00,2026-03-10,5,630000,ОЭС УРАЛА,33106,32582
2026-03-10 06:00,2026-03-10,6,630000,ОЭС УРАЛА,33628,33278
2026-03-10 07:00,2026-03-10,7,630000,ОЭС УРАЛА,35111,34474
2026-03-10 08:00,2026-03-10,8,630000,ОЭС УРАЛА,35493,34873
2026-03-10 09:00,2026-03-10,9,630000,ОЭС УРАЛА,35953,34748
2026-03-10 10:00,2026-03-10,10,630000,ОЭС УРАЛА,35800,34807
2026-03-10 11:00,2026-03-10,11,630000,ОЭС УРАЛА,35689,34652
2026-03-10 12:00,2026-03-10,12,630000,ОЭС УРАЛА,35678,34583
2026-03-10 13:00,2026-03-10,13,630000,ОЭС УРАЛА,35398,34159
2026-03-10 14:00,2026-03-10,14,630000,ОЭС УРАЛА,34919,34082
2026-03-10 15:00,2026-03-10,15,630000,ОЭС УРАЛА,34972,33945
2026-03-10 16:00,2026-03-10,16,630000,ОЭС УРАЛА,35124,34143
2026-03-10 17:00,2026-03-10,17,630000,ОЭС УРАЛА,35162,34028
2026-03-10 18:00,2026-03-10,18,630000,ОЭС УРАЛА,35191,34427
2026-03-10 19:00,2026-03-10,19,630000,ОЭС УРАЛА,35048,34158
2026-03-10 20:00,2026-03-10,20,630000,ОЭС УРАЛА,34945,33684
2026-03-10 21:00,2026-03-10,21,630000,ОЭС УРАЛА,34480,33026
2026-03-10 22:00,2026-03-10,22,630000,ОЭС УРАЛА,32948,32040
2026-03-10 23:00,2026-03-10,23,630000,ОЭС УРАЛА,30693,31549
2026-03-11 00:00,2026-03-11,0,630000,ОЭС УРАЛА,30710,30970
2026-03-11 01:00,2026-03-11,1,630000,ОЭС УРАЛА,31171,30812
2026-03-11 02:00,2026-03-11,2,630000,ОЭС УРАЛА,31806,30910
2026-03-11 03:00,2026-03-11,3,630000,ОЭС УРАЛА,32333,30966
2026-03-11 04:00,2026-03-11,4,630000,ОЭС УРАЛА,32720,31822
2026-03-11 05:00,2026-03-11,5,630000,ОЭС УРАЛА,33903,32770
2026-03-11 06:00,2026-03-11,6,630000,ОЭС УРАЛА,34893,33182
2026-03-11 07:00,2026-03-11,7,630000,ОЭС УРАЛА,35723,34263
2026-03-11 08:00,2026-03-11,8,630000,ОЭС УРАЛА,35828,34441
2026-03-11 09:00,2026-03-11,9,630000,ОЭС УРАЛА,35771,34433
2026-03-11 10:00,2026-03-11,10,630000,ОЭС УРАЛА,35750,34153
2026-03-11 11:00,2026-03-11,11,630000,ОЭС УРАЛА,35745,33946
2026-03-11 12:00,2026-03-11,12,630000,ОЭС УРАЛА,35318,33807
2026-03-11 13:00,2026-03-11,13,630000,ОЭС УРАЛА,35024,33675
2026-03-11 14:00,2026-03-11,14,630000,ОЭС УРАЛА,34609,33509
2026-03-11 15:00,2026-03-11,15,630000,ОЭС УРАЛА,35019,33363
2026-03-11 16:00,2026-03-11,16,630000,ОЭС УРАЛА,35123,33517
2026-03-11 17:00,2026-03-11,17,630000,ОЭС УРАЛА,34999,33689
2026-03-11 18:00,2026-03-11,18,630000,ОЭС УРАЛА,35143,33846
2026-03-11 19:00,2026-03-11,19,630000,ОЭС УРАЛА,35437,33774
2026-03-11 20:00,2026-03-11,20,630000,ОЭС УРАЛА,35045,33197
2026-03-11 21:00,2026-03-11,21,630000,ОЭС УРАЛА,35026,32314
2026-03-11 22:00,2026-03-11,22,630000,ОЭС УРАЛА,33822,31558
2026-03-11 23:00,2026-03-11,23,630000,ОЭС УРАЛА,31646,30769
2026-03-12 00:00,2026-03-12,0,630000,ОЭС УРАЛА,30034,30451
2026-03-12 01:00,2026-03-12,1,630000,ОЭС УРАЛА,30528,30332
2026-03-12 02:00,2026-03-12,2,630000,ОЭС УРАЛА,30740,30202
2026-03-12 03:00,2026-03-12,3,630000,ОЭС УРАЛА,30643,30548
2026-03-12 04:00,2026-03-12,4,630000,ОЭС УРАЛА,31150,30958
2026-03-12 05:00,2026-03-12,5,630000,ОЭС УРАЛА,32545,31933
2026-03-12 06:00,2026-03-12,6,630000,ОЭС УРАЛА,33013,32538
2026-03-12 07:00,2026-03-12,7,630000,ОЭС УРАЛА,33939,33184
2026-03-12 08:00,2026-03-12,8,630000,ОЭС УРАЛА,34608,33155
2026-03-12 09:00,2026-03-12,9,630000,ОЭС УРАЛА,34765,32997
2026-03-12 10:00,2026-03-12,10,630000,ОЭС УРАЛА,34905,33066
2026-03-12 11:00,2026-03-12,11,630000,ОЭС УРАЛА,34902,32882
2026-03-12 12:00,2026-03-12,12,630000,ОЭС УРАЛА,34575,32599
2026-03-12 13:00,2026-03-12,13,630000,ОЭС УРАЛА,33880,32560
2026-03-12 14:00,2026-03-12,14,630000,ОЭС УРАЛА,33948,32482
2026-03-12 15:00,2026-03-12,15,630000,ОЭС УРАЛА,34182,32408
2026-03-12 16:00,2026-03-12,16,630000,ОЭС УРАЛА,34484,32370
2026-03-12 17:00,2026-03-12,17,630000,ОЭС УРАЛА,34582,32425
2026-03-12 18:00,2026-03-12,18,630000,ОЭС УРАЛА,34818,32467
2026-03-12 19:00,2026-03-12,19,630000,ОЭС УРАЛА,34766,32846
2026-03-12 20:00,2026-03-12,20,630000,ОЭС УРАЛА,34914,32166
2026-03-12 21:00,2026-03-12,21,630000,ОЭС УРАЛА,34694,31573
2026-03-12 22:00,2026-03-12,22,630000,ОЭС УРАЛА,33583,30583
2026-03-12 23:00,2026-03-12,23,630000,ОЭС УРАЛА,31955,30130
2026-03-13 00:00,2026-03-13,0,630000,ОЭС УРАЛА,31058,29666
2026-03-13 01:00,2026-03-13,1,630000,ОЭС УРАЛА,31754,29570
2026-03-13 02:00,2026-03-13,2,630000,ОЭС УРАЛА,30831,29442
2026-03-13 03:00,2026-03-13,3,630000,ОЭС УРАЛА,31469,29596
2026-03-13 04:00,2026-03-13,4,630000,ОЭС УРАЛА,31898,30277
2026-03-13 05:00,2026-03-13,5,630000,ОЭС УРАЛА,32297,31134
2026-03-13 06:00,2026-03-13,6,630000,ОЭС УРАЛА,33669,31875
2026-03-13 07:00,2026-03-13,7,630000,ОЭС УРАЛА,34407,32539
2026-03-13 08:00,2026-03-13,8,630000,ОЭС УРАЛА,35252,33246
2026-03-13 09:00,2026-03-13,9,630000,ОЭС УРАЛА,34908,32738
2026-03-13 10:00,2026-03-13,10,630000,ОЭС УРАЛА,34841,32627
2026-03-13 11:00,2026-03-13,11,630000,ОЭС УРАЛА,34477,32300
2026-03-13 12:00,2026-03-13,12,630000,ОЭС УРАЛА,34117,32130
2026-03-13 13:00,2026-03-13,13,630000,ОЭС УРАЛА,33924,32114
2026-03-13 14:00,2026-03-13,14,630000,ОЭС УРАЛА,33678,31894
2026-03-13 15:00,2026-03-13,15,630000,ОЭС УРАЛА,33436,31732
2026-03-13 16:00,2026-03-13,16,630000,ОЭС УРАЛА,33260,31794
2026-03-13 17:00,2026-03-13,17,630000,ОЭС УРАЛА,33369,31984
2026-03-13 18:00,2026-03-13,18,630000,ОЭС УРАЛА,33330,32481
2026-03-13 19:00,2026-03-13,19,630000,ОЭС УРАЛА,34316,32529
2026-03-13 20:00,2026-03-13,20,630000,ОЭС УРАЛА,34961,32118
2026-03-13 21:00,2026-03-13,21,630000,ОЭС УРАЛА,34515,31478
2026-03-13 22:00,2026-03-13,22,630000,ОЭС УРАЛА,33647,30575
2026-03-13 23:00,2026-03-13,23,630000,ОЭС УРАЛА,31752,29945
2026-03-14 00:00,2026-03-14,0,630000,ОЭС УРАЛА,30949,29492
2026-03-14 01:00,2026-03-14,1,630000,ОЭС УРАЛА,30357,29305
2026-03-14 02:00,2026-03-14,2,630000,ОЭС УРАЛА,30442,29515
2026-03-14 03:00,2026-03-14,3,630000,ОЭС УРАЛА,30153,29394
2026-03-14 04:00,2026-03-14,4,630000,ОЭС УРАЛА,30719,29623
2026-03-14 05:00,2026-03-14,5,630000,ОЭС УРАЛА,31556,29892
2026-03-14 06:00,2026-03-14,6,630000,ОЭС УРАЛА,31938,30453
2026-03-14 07:00,2026-03-14,7,630000,ОЭС УРАЛА,32460,31496
2026-03-14 08:00,2026-03-14,8,630000,ОЭС УРАЛА,33102,31854
2026-03-14 09:00,2026-03-14,9,630000,ОЭС УРАЛА,33870,32168
2026-03-14 10:00,2026-03-14,10,630000,ОЭС УРАЛА,33922,32089
2026-03-14 11:00,2026-03-14,11,630000,ОЭС УРАЛА,34314,31684
2026-03-14 12:00,2026-03-14,12,630000,ОЭС УРАЛА,33803,31636
2026-03-14 13:00,2026-03-14,13,630000,ОЭС УРАЛА,33674,31656
2026-03-14 14:00,2026-03-14,14,630000,ОЭС УРАЛА,33580,31272
2026-03-14 15:00,2026-03-14,15,630000,ОЭС УРАЛА,33322,31506
2026-03-14 16:00,2026-03-14,16,630000,ОЭС УРАЛА,33182,31255
2026-03-14 17:00,2026-03-14,17,630000,ОЭС УРАЛА,33410,31401
2026-03-14 18:00,2026-03-14,18,630000,ОЭС УРАЛА,33679,31805
2026-03-14 19:00,2026-03-14,19,630000,ОЭС УРАЛА,34157,31701
2026-03-14 20:00,2026-03-14,20,630000,ОЭС УРАЛА,33408,31313
2026-03-14 21:00,2026-03-14,21,630000,ОЭС УРАЛА,32973,30810
2026-03-14 22:00,2026-03-14,22,630000,ОЭС УРАЛА,32119,30097
2026-03-14 23:00,2026-03-14,23,630000,ОЭС УРАЛА,31150,29700
2026-03-15 00:00,2026-03-15,0,630000,ОЭС УРАЛА,31188,29165
2026-03-15 01:00,2026-03-15,1,630000,ОЭС УРАЛА,31114,29173
2026-03-15 02:00,2026-03-15,2,630000,ОЭС УРАЛА,30792,29076
2026-03-15 03:00,2026-03-15,3,630000,ОЭС УРАЛА,30727,29090
2026-03-15 04:00,2026-03-15,4,630000,ОЭС УРАЛА,31022,29176
2026-03-15 05:00,2026-03-15,5,630000,ОЭС УРАЛА,31021,29409
2026-03-15 06:00,2026-03-15,6,630000,ОЭС УРАЛА,31957,29681
2026-03-15 07:00,2026-03-15,7,630000,ОЭС УРАЛА,32533,30705
2026-03-15 08:00,2026-03-15,8,630000,ОЭС УРАЛА,33192,31336
2026-03-15 09:00,2026-03-15,9,630000,ОЭС УРАЛА,33422,31573
2026-03-15 10:00,2026-03-15,10,630000,ОЭС УРАЛА,33571,31564
2026-03-15 11:00,2026-03-15,11,630000,ОЭС УРАЛА,33165,31372
2026-03-15 12:00,2026-03-15,12,630000,ОЭС УРАЛА,33099,31173
2026-03-15 13:00,2026-03-15,13,630000,ОЭС УРАЛА,32995,31021
2026-03-15 14:00,2026-03-15,14,630000,ОЭС УРАЛА,33039,31005
2026-03-15 15:00,2026-03-15,15,630000,ОЭС УРАЛА,33386,31159
2026-03-15 16:00,2026-03-15,16,630000,ОЭС УРАЛА,33500,31247
2026-03-15 17:00,2026-03-15,17,630000,ОЭС УРАЛА,33679,31613
2026-03-15 18:00,2026-03-15,18,630000,ОЭС УРАЛА,33931,31711
2026-03-15 19:00,2026-03-15,19,630000,ОЭС УРАЛА,33919,31873
2026-03-15 20:00,2026-03-15,20,630000,ОЭС УРАЛА,33737,31445
2026-03-15 21:00,2026-03-15,21,630000,ОЭС УРАЛА,33456,30638
2026-03-15 22:00,2026-03-15,22,630000,ОЭС УРАЛА,33790,29850
2026-03-15 23:00,2026-03-15,23,630000,ОЭС УРАЛА,31247,29187
2026-03-16 00:00,2026-03-16,0,630000,ОЭС УРАЛА,30979,28840
2026-03-16 01:00,2026-03-16,1,630000,ОЭС УРАЛА,30659,28874
2026-03-16 02:00,2026-03-16,2,630000,ОЭС УРАЛА,30389,28806
2026-03-16 03:00,2026-03-16,3,630000,ОЭС УРАЛА,30195,28927
2026-03-16 04:00,2026-03-16,4,630000,ОЭС УРАЛА,30968,29712
2026-03-16 05:00,2026-03-16,5,630000,ОЭС УРАЛА,31674,30549
2026-03-16 06:00,2026-03-16,6,630000,ОЭС УРАЛА,32721,31305
2026-03-16 07:00,2026-03-16,7,630000,ОЭС УРАЛА,33831,32091
2026-03-16 08:00,2026-03-16,8,630000,ОЭС УРАЛА,34349,32283
2026-03-16 09:00,2026-03-16,9,630000,ОЭС УРАЛА,34657,32118
2026-03-16 10:00,2026-03-16,10,630000,ОЭС УРАЛА,34698,31720
2026-03-16 11:00,2026-03-16,11,630000,ОЭС УРАЛА,34307,31757
2026-03-16 12:00,2026-03-16,12,630000,ОЭС УРАЛА,34022,31422
2026-03-16 13:00,2026-03-16,13,630000,ОЭС УРАЛА,33983,31106
2026-03-16 14:00,2026-03-16,14,630000,ОЭС УРАЛА,34088,31251
2026-03-16 15:00,2026-03-16,15,630000,ОЭС УРАЛА,33927,31271
2026-03-16 16:00,2026-03-16,16,630000,ОЭС УРАЛА,33799,31222
2026-03-16 17:00,2026-03-16,17,630000,ОЭС УРАЛА,33871,31449
2026-03-16 18:00,2026-03-16,18,630000,ОЭС УРАЛА,34035,31488
2026-03-16 19:00,2026-03-16,19,630000,ОЭС УРАЛА,34303,31564
2026-03-16 20:00,2026-03-16,20,630000,ОЭС УРАЛА,34099,31253
2026-03-16 21:00,2026-03-16,21,630000,ОЭС УРАЛА,33702,30524
2026-03-16 22:00,2026-03-16,22,630000,ОЭС УРАЛА,32933,29759
2026-03-16 23:00,2026-03-16,23,630000,ОЭС УРАЛА,31351,28895
2026-03-17 00:00,2026-03-17,0,630000,ОЭС УРАЛА,30906,28641
2026-03-17 01:00,2026-03-17,1,630000,ОЭС УРАЛА,30232,28587
2026-03-17 02:00,2026-03-17,2,630000,ОЭС УРАЛА,30557,28374
2026-03-17 03:00,2026-03-17,3,630000,ОЭС УРАЛА,30421,28690
2026-03-17 04:00,2026-03-17,4,630000,ОЭС УРАЛА,30738,29164
2026-03-17 05:00,2026-03-17,5,630000,ОЭС УРАЛА,31997,30090
2026-03-17 06:00,2026-03-17,6,630000,ОЭС УРАЛА,32739,30776
2026-03-17 07:00,2026-03-17,7,630000,ОЭС УРАЛА,33605,31572
2026-03-17 08:00,2026-03-17,8,630000,ОЭС УРАЛА,34060,31923
2026-03-17 09:00,2026-03-17,9,630000,ОЭС УРАЛА,33829,31604
2026-03-17 10:00,2026-03-17,10,630000,ОЭС УРАЛА,33389,31410
2026-03-17 11:00,2026-03-17,11,630000,ОЭС УРАЛА,33124,31210
2026-03-17 12:00,2026-03-17,12,630000,ОЭС УРАЛА,33114,30947
2026-03-17 13:00,2026-03-17,13,630000,ОЭС УРАЛА,32760,30891
2026-03-17 14:00,2026-03-17,14,630000,ОЭС УРАЛА,32653,30815
2026-03-17 15:00,2026-03-17,15,630000,ОЭС УРАЛА,32646,30653
2026-03-17 16:00,2026-03-17,16,630000,ОЭС УРАЛА,32624,30943
2026-03-17 17:00,2026-03-17,17,630000,ОЭС УРАЛА,33060,31202
2026-03-17 18:00,2026-03-17,18,630000,ОЭС УРАЛА,33251,31443
2026-03-17 19:00,2026-03-17,19,630000,ОЭС УРАЛА,33456,31367
2026-03-17 20:00,2026-03-17,20,630000,ОЭС УРАЛА,33504,30859
2026-03-17 21:00,2026-03-17,21,630000,ОЭС УРАЛА,32973,30074
2026-03-17 22:00,2026-03-17,22,630000,ОЭС УРАЛА,32188,29388
2026-03-17 23:00,2026-03-17,23,630000,ОЭС УРАЛА,31276,28846
2026-03-18 00:00,2026-03-18,0,630000,ОЭС УРАЛА,30358,28321
2026-03-18 01:00,2026-03-18,1,630000,ОЭС УРАЛА,29783,28116
2026-03-18 02:00,2026-03-18,2,630000,ОЭС УРАЛА,29749,28127
2026-03-18 03:00,2026-03-18,3,630000,ОЭС УРАЛА,30527,28174
2026-03-18 04:00,2026-03-18,4,630000,ОЭС УРАЛА,31042,28683
2026-03-18 05:00,2026-03-18,5,630000,ОЭС УРАЛА,31542,29783
2026-03-18 06:00,2026-03-18,6,630000,ОЭС УРАЛА,32232,30599
2026-03-18 07:00,2026-03-18,7,630000,ОЭС УРАЛА,33057,31151
2026-03-18 08:00,2026-03-18,8,630000,ОЭС УРАЛА,33318,31480
2026-03-18 09:00,2026-03-18,9,630000,ОЭС УРАЛА,33449,31473
2026-03-18 10:00,2026-03-18,10,630000,ОЭС УРАЛА,33293,31295
2026-03-18 11:00,2026-03-18,11,630000,ОЭС УРАЛА,32995,31214
2026-03-18 12:00,2026-03-18,12,630000,ОЭС УРАЛА,32772,30894
2026-03-18 13:00,2026-03-18,13,630000,ОЭС УРАЛА,32779,30964
2026-03-18 14:00,2026-03-18,14,630000,ОЭС УРАЛА,32856,30766
2026-03-18 15:00,2026-03-18,15,630000,ОЭС УРАЛА,32700,30698
2026-03-18 16:00,2026-03-18,16,630000,ОЭС УРАЛА,32650,30984
2026-03-18 17:00,2026-03-18,17,630000,ОЭС УРАЛА,33057,30978
2026-03-18 18:00,2026-03-18,18,630000,ОЭС УРАЛА,32810,31401
2026-03-18 19:00,2026-03-18,19,630000,ОЭС УРАЛА,32764,31301
2026-03-18 20:00,2026-03-18,20,630000,ОЭС УРАЛА,32706,31096
2026-03-18 21:00,2026-03-18,21,630000,ОЭС УРАЛА,32982,30086
2026-03-18 22:00,2026-03-18,22,630000,ОЭС УРАЛА,31648,29099
2026-03-18 23:00,2026-03-18,23,630000,ОЭС УРАЛА,31460,28826
2026-03-19 00:00,2026-03-19,0,630000,ОЭС УРАЛА,31072,28518
2026-03-19 01:00,2026-03-19,1,630000,ОЭС УРАЛА,30215,28296
2026-03-19 02:00,2026-03-19,2,630000,ОЭС УРАЛА,30530,28284
2026-03-19 03:00,2026-03-19,3,630000,ОЭС УРАЛА,30623,28441
2026-03-19 04:00,2026-03-19,4,630000,ОЭС УРАЛА,30310,28818
2026-03-19 05:00,2026-03-19,5,630000,ОЭС УРАЛА,31732,29754
2026-03-19 06:00,2026-03-19,6,630000,ОЭС УРАЛА,32397,30599
2026-03-19 07:00,2026-03-19,7,630000,ОЭС УРАЛА,33621,31130
2026-03-19 08:00,2026-03-19,8,630000,ОЭС УРАЛА,33935,31398
2026-03-19 09:00,2026-03-19,9,630000,ОЭС УРАЛА,33735,31242
2026-03-19 10:00,2026-03-19,10,630000,ОЭС УРАЛА,33391,31094
2026-03-19 11:00,2026-03-19,11,630000,ОЭС УРАЛА,33256,30987
2026-03-19 12:00,2026-03-19,12,630000,ОЭС УРАЛА,33561,30741
2026-03-19 13:00,2026-03-19,13,630000,ОЭС УРАЛА,33364,30567
2026-03-19 14:00,2026-03-19,14,630000,ОЭС УРАЛА,32682,30312
2026-03-19 15:00,2026-03-19,15,630000,ОЭС УРАЛА,33102,30620
2026-03-19 16:00,2026-03-19,16,630000,ОЭС УРАЛА,33418,30589
2026-03-19 17:00,2026-03-19,17,630000,ОЭС УРАЛА,33631,30765
2026-03-19 18:00,2026-03-19,18,630000,ОЭС УРАЛА,33635,31210
2026-03-19 19:00,2026-03-19,19,630000,ОЭС УРАЛА,33738,31228
2026-03-19 20:00,2026-03-19,20,630000,ОЭС УРАЛА,33978,30908
2026-03-19 21:00,2026-03-19,21,630000,ОЭС УРАЛА,33369,30137
2026-03-19 22:00,2026-03-19,22,630000,ОЭС УРАЛА,33062,29448
2026-03-19 23:00,2026-03-19,23,630000,ОЭС УРАЛА,31383,28688
2026-03-20 00:00,2026-03-20,0,630000,ОЭС УРАЛА,31284,28410
2026-03-20 01:00,2026-03-20,1,630000,ОЭС УРАЛА,30364,28205
2026-03-20 02:00,2026-03-20,2,630000,ОЭС УРАЛА,29980,28104
2026-03-20 03:00,2026-03-20,3,630000,ОЭС УРАЛА,29921,28111
2026-03-20 04:00,2026-03-20,4,630000,ОЭС УРАЛА,30325,28894
2026-03-20 05:00,2026-03-20,5,630000,ОЭС УРАЛА,30798,29654
2026-03-20 06:00,2026-03-20,6,630000,ОЭС УРАЛА,31498,30176
2026-03-20 07:00,2026-03-20,7,630000,ОЭС УРАЛА,32914,30827
2026-03-20 08:00,2026-03-20,8,630000,ОЭС УРАЛА,33499,31149
2026-03-20 09:00,2026-03-20,9,630000,ОЭС УРАЛА,34021,31133
2026-03-20 10:00,2026-03-20,10,630000,ОЭС УРАЛА,33780,31007
2026-03-20 11:00,2026-03-20,11,630000,ОЭС УРАЛА,33365,30774
2026-03-20 12:00,2026-03-20,12,630000,ОЭС УРАЛА,33696,30892
2026-03-20 13:00,2026-03-20,13,630000,ОЭС УРАЛА,33124,30589
2026-03-20 14:00,2026-03-20,14,630000,ОЭС УРАЛА,33137,30327
2026-03-20 15:00,2026-03-20,15,630000,ОЭС УРАЛА,32858,30288
2026-03-20 16:00,2026-03-20,16,630000,ОЭС УРАЛА,32918,30376
2026-03-20 17:00,2026-03-20,17,630000,ОЭС УРАЛА,33004,30530
2026-03-20 18:00,2026-03-20,18,630000,ОЭС УРАЛА,32955,30905
2026-03-20 19:00,2026-03-20,19,630000,ОЭС УРАЛА,33541,31049
2026-03-20 20:00,2026-03-20,20,630000,ОЭС УРАЛА,33114,30447
2026-03-20 21:00,2026-03-20,21,630000,ОЭС УРАЛА,32239,29701
2026-03-20 22:00,2026-03-20,22,630000,ОЭС УРАЛА,30839,28829
2026-03-20 23:00,2026-03-20,23,630000,ОЭС УРАЛА,29780,28307
2026-03-21 00:00,2026-03-21,0,630000,ОЭС УРАЛА,29854,28137
2026-03-21 01:00,2026-03-21,1,630000,ОЭС УРАЛА,29820,27888
2026-03-21 02:00,2026-03-21,2,630000,ОЭС УРАЛА,30097,27755
2026-03-21 03:00,2026-03-21,3,630000,ОЭС УРАЛА,30805,28044
2026-03-21 04:00,2026-03-21,4,630000,ОЭС УРАЛА,30661,28170
2026-03-21 05:00,2026-03-21,5,630000,ОЭС УРАЛА,31170,28669
2026-03-21 06:00,2026-03-21,6,630000,ОЭС УРАЛА,30452,29112
2026-03-21 07:00,2026-03-21,7,630000,ОЭС УРАЛА,31180,29912
2026-03-21 08:00,2026-03-21,8,630000,ОЭС УРАЛА,31847,30478
2026-03-21 09:00,2026-03-21,9,630000,ОЭС УРАЛА,33026,31006
2026-03-21 10:00,2026-03-21,10,630000,ОЭС УРАЛА,33228,31035
2026-03-21 11:00,2026-03-21,11,630000,ОЭС УРАЛА,33116,30812
2026-03-21 12:00,2026-03-21,12,630000,ОЭС УРАЛА,33053,30653
2026-03-21 13:00,2026-03-21,13,630000,ОЭС УРАЛА,32476,30448
2026-03-21 14:00,2026-03-21,14,630000,ОЭС УРАЛА,32305,30398
2026-03-21 15:00,2026-03-21,15,630000,ОЭС УРАЛА,32717,30744
2026-03-21 16:00,2026-03-21,16,630000,ОЭС УРАЛА,32763,30594
2026-03-21 17:00,2026-03-21,17,630000,ОЭС УРАЛА,32831,30662
2026-03-21 18:00,2026-03-21,18,630000,ОЭС УРАЛА,32847,30853
2026-03-21 19:00,2026-03-21,19,630000,ОЭС УРАЛА,32858,30741
2026-03-21 20:00,2026-03-21,20,630000,ОЭС УРАЛА,32456,30399
2026-03-21 21:00,2026-03-21,21,630000,ОЭС УРАЛА,32014,29699
2026-03-21 22:00,2026-03-21,22,630000,ОЭС УРАЛА,32011,29288
2026-03-21 23:00,2026-03-21,23,630000,ОЭС УРАЛА,30784,28475
2026-03-22 00:00,2026-03-22,0,630000,ОЭС УРАЛА,30257,28147
2026-03-22 01:00,2026-03-22,1,630000,ОЭС УРАЛА,29864,27884
2026-03-22 02:00,2026-03-22,2,630000,ОЭС УРАЛА,29513,27811
2026-03-22 03:00,2026-03-22,3,630000,ОЭС УРАЛА,29449,27840
2026-03-22 04:00,2026-03-22,4,630000,ОЭС УРАЛА,29653,28037
2026-03-22 05:00,2026-03-22,5,630000,ОЭС УРАЛА,30353,28117
2026-03-22 06:00,2026-03-22,6,630000,ОЭС УРАЛА,30644,28502
2026-03-22 07:00,2026-03-22,7,630000,ОЭС УРАЛА,30863,29331
2026-03-22 08:00,2026-03-22,8,630000,ОЭС УРАЛА,31207,30011
2026-03-22 09:00,2026-03-22,9,630000,ОЭС УРАЛА,32159,30215
2026-03-22 10:00,2026-03-22,10,630000,ОЭС УРАЛА,32484,30423
2026-03-22 11:00,2026-03-22,11,630000,ОЭС УРАЛА,32880,30469
2026-03-22 12:00,2026-03-22,12,630000,ОЭС УРАЛА,32815,30479
2026-03-22 13:00,2026-03-22,13,630000,ОЭС УРАЛА,32874,30320
2026-03-22 14:00,2026-03-22,14,630000,ОЭС УРАЛА,32938,30109
2026-03-22 15:00,2026-03-22,15,630000,ОЭС УРАЛА,32878,30197
2026-03-22 16:00,2026-03-22,16,630000,ОЭС УРАЛА,32927,30250
2026-03-22 17:00,2026-03-22,17,630000,ОЭС УРАЛА,32966,30424
2026-03-22 18:00,2026-03-22,18,630000,ОЭС УРАЛА,32864,31062
2026-03-22 19:00,2026-03-22,19,630000,ОЭС УРАЛА,32903,31065
2026-03-22 20:00,2026-03-22,20,630000,ОЭС УРАЛА,32741,30542
2026-03-22 21:00,2026-03-22,21,630000,ОЭС УРАЛА,32353,29886
2026-03-22 22:00,2026-03-22,22,630000,ОЭС УРАЛА,32054,28917
2026-03-22 23:00,2026-03-22,23,630000,ОЭС УРАЛА,30177,28392
2026-03-23 00:00,2026-03-23,0,630000,ОЭС УРАЛА,29397,27945
2026-03-23 01:00,2026-03-23,1,630000,ОЭС УРАЛА,29589,27591
2026-03-23 02:00,2026-03-23,2,630000,ОЭС УРАЛА,29019,27453
2026-03-23 03:00,2026-03-23,3,630000,ОЭС УРАЛА,29454,27763
2026-03-23 04:00,2026-03-23,4,630000,ОЭС УРАЛА,29810,28449
2026-03-23 05:00,2026-03-23,5,630000,ОЭС УРАЛА,30160,28990
2026-03-23 06:00,2026-03-23,6,630000,ОЭС УРАЛА,31268,29946
2026-03-23 07:00,2026-03-23,7,630000,ОЭС УРАЛА,33003,30781
2026-03-23 08:00,2026-03-23,8,630000,ОЭС УРАЛА,33729,31077
2026-03-23 09:00,2026-03-23,9,630000,ОЭС УРАЛА,33827,30967
2026-03-23 10:00,2026-03-23,10,630000,ОЭС УРАЛА,33643,30806
2026-03-23 11:00,2026-03-23,11,630000,ОЭС УРАЛА,33533,30760
2026-03-23 12:00,2026-03-23,12,630000,ОЭС УРАЛА,33428,30746
2026-03-23 13:00,2026-03-23,13,630000,ОЭС УРАЛА,33180,30513
2026-03-23 14:00,2026-03-23,14,630000,ОЭС УРАЛА,33137,30153
2026-03-23 15:00,2026-03-23,15,630000,ОЭС УРАЛА,33115,30284
2026-03-23 16:00,2026-03-23,16,630000,ОЭС УРАЛА,33269,30183
2026-03-23 17:00,2026-03-23,17,630000,ОЭС УРАЛА,33056,30331
2026-03-23 18:00,2026-03-23,18,630000,ОЭС УРАЛА,33031,30892
2026-03-23 19:00,2026-03-23,19,630000,ОЭС УРАЛА,32851,30841
2026-03-23 20:00,2026-03-23,20,630000,ОЭС УРАЛА,32594,30462
2026-03-23 21:00,2026-03-23,21,630000,ОЭС УРАЛА,32348,29256
2026-03-23 22:00,2026-03-23,22,630000,ОЭС УРАЛА,31712,28449
2026-03-23 23:00,2026-03-23,23,630000,ОЭС УРАЛА,30223,27970
2026-03-24 00:00,2026-03-24,0,630000,ОЭС УРАЛА,29601,27844
2026-03-24 01:00,2026-03-24,1,630000,ОЭС УРАЛА,29014,27426
2026-03-24 02:00,2026-03-24,2,630000,ОЭС УРАЛА,28944,27481
2026-03-24 03:00,2026-03-24,3,630000,ОЭС УРАЛА,28985,27739
2026-03-24 04:00,2026-03-24,4,630000,ОЭС УРАЛА,29171,28148
2026-03-24 05:00,2026-03-24,5,630000,ОЭС УРАЛА,29886,28874
2026-03-24 06:00,2026-03-24,6,630000,ОЭС УРАЛА,30294,29681
2026-03-24 07:00,2026-03-24,7,630000,ОЭС УРАЛА,31574,30551
2026-03-24 08:00,2026-03-24,8,630000,ОЭС УРАЛА,31798,30496
2026-03-24 09:00,2026-03-24,9,630000,ОЭС УРАЛА,31991,30412
2026-03-24 10:00,2026-03-24,10,630000,ОЭС УРАЛА,32565,30349
2026-03-24 11:00,2026-03-24,11,630000,ОЭС УРАЛА,32013,30055
2026-03-24 12:00,2026-03-24,12,630000,ОЭС УРАЛА,31461,30041
2026-03-24 13:00,2026-03-24,13,630000,ОЭС УРАЛА,31048,29842
2026-03-24 14:00,2026-03-24,14,630000,ОЭС УРАЛА,32209,30068
2026-03-24 15:00,2026-03-24,15,630000,ОЭС УРАЛА,32338,29934
2026-03-24 16:00,2026-03-24,16,630000,ОЭС УРАЛА,32497,29927
2026-03-24 17:00,2026-03-24,17,630000,ОЭС УРАЛА,32543,30197
2026-03-24 18:00,2026-03-24,18,630000,ОЭС УРАЛА,32722,30421
2026-03-24 19:00,2026-03-24,19,630000,ОЭС УРАЛА,32838,30594
2026-03-24 20:00,2026-03-24,20,630000,ОЭС УРАЛА,32569,29979
2026-03-24 21:00,2026-03-24,21,630000,ОЭС УРАЛА,32314,29214
2026-03-24 22:00,2026-03-24,22,630000,ОЭС УРАЛА,31639,28603
2026-03-24 23:00,2026-03-24,23,630000,ОЭС УРАЛА,30154,27842
2026-03-25 00:00,2026-03-25,0,630000,ОЭС УРАЛА,29315,27569
2026-03-25 01:00,2026-03-25,1,630000,ОЭС УРАЛА,29224,27529
2026-03-25 02:00,2026-03-25,2,630000,ОЭС УРАЛА,29060,27250
2026-03-25 03:00,2026-03-25,3,630000,ОЭС УРАЛА,28950,27423
2026-03-25 04:00,2026-03-25,4,630000,ОЭС УРАЛА,29834,27817
2026-03-25 05:00,2026-03-25,5,630000,ОЭС УРАЛА,30343,28771
2026-03-25 06:00,2026-03-25,6,630000,ОЭС УРАЛА,31575,29553
2026-03-25 07:00,2026-03-25,7,630000,ОЭС УРАЛА,32826,30364
2026-03-25 08:00,2026-03-25,8,630000,ОЭС УРАЛА,32720,30472
2026-03-25 09:00,2026-03-25,9,630000,ОЭС УРАЛА,32924,30512
2026-03-25 10:00,2026-03-25,10,630000,ОЭС УРАЛА,32761,30292
2026-03-25 11:00,2026-03-25,11,630000,ОЭС УРАЛА,32859,30289
2026-03-25 12:00,2026-03-25,12,630000,ОЭС УРАЛА,32555,30362
2026-03-25 13:00,2026-03-25,13,630000,ОЭС УРАЛА,32616,30315
2026-03-25 14:00,2026-03-25,14,630000,ОЭС УРАЛА,32640,30114
2026-03-25 15:00,2026-03-25,15,630000,ОЭС УРАЛА,32830,30191
2026-03-25 16:00,2026-03-25,16,630000,ОЭС УРАЛА,32839,30471
2026-03-25 17:00,2026-03-25,17,630000,ОЭС УРАЛА,32606,30285
2026-03-25 18:00,2026-03-25,18,630000,ОЭС УРАЛА,32796,30483
2026-03-25 19:00,2026-03-25,19,630000,ОЭС УРАЛА,33169,30580
2026-03-25 20:00,2026-03-25,20,630000,ОЭС УРАЛА,32796,30115
2026-03-25 21:00,2026-03-25,21,630000,ОЭС УРАЛА,32808,29514
2026-03-25 22:00,2026-03-25,22,630000,ОЭС УРАЛА,31991,28638
2026-03-25 23:00,2026-03-25,23,630000,ОЭС УРАЛА,30259,27798
2026-03-26 00:00,2026-03-26,0,630000,ОЭС УРАЛА,29543,27352
2026-03-26 01:00,2026-03-26,1,630000,ОЭС УРАЛА,29131,27164
2026-03-26 02:00,2026-03-26,2,630000,ОЭС УРАЛА,28843,27002
2026-03-26 03:00,2026-03-26,3,630000,ОЭС УРАЛА,29223,27443
2026-03-26 04:00,2026-03-26,4,630000,ОЭС УРАЛА,29903,27700
2026-03-26 05:00,2026-03-26,5,630000,ОЭС УРАЛА,30187,28632
2026-03-26 06:00,2026-03-26,6,630000,ОЭС УРАЛА,30924,29351
2026-03-26 07:00,2026-03-26,7,630000,ОЭС УРАЛА,32331,30069
2026-03-26 08:00,2026-03-26,8,630000,ОЭС УРАЛА,32924,30310
2026-03-26 09:00,2026-03-26,9,630000,ОЭС УРАЛА,32960,30272
2026-03-26 10:00,2026-03-26,10,630000,ОЭС УРАЛА,32590,30155
2026-03-26 11:00,2026-03-26,11,630000,ОЭС УРАЛА,32528,29903
2026-03-26 12:00,2026-03-26,12,630000,ОЭС УРАЛА,32657,29728
2026-03-26 13:00,2026-03-26,13,630000,ОЭС УРАЛА,32581,29720
2026-03-26 14:00,2026-03-26,14,630000,ОЭС УРАЛА,32934,29744
2026-03-26 15:00,2026-03-26,15,630000,ОЭС УРАЛА,32816,29674
2026-03-26 16:00,2026-03-26,16,630000,ОЭС УРАЛА,32810,29498
2026-03-26 17:00,2026-03-26,17,630000,ОЭС УРАЛА,32710,29813
2026-03-26 18:00,2026-03-26,18,630000,ОЭС УРАЛА,32926,30040
2026-03-26 19:00,2026-03-26,19,630000,ОЭС УРАЛА,32738,30191
2026-03-26 20:00,2026-03-26,20,630000,ОЭС УРАЛА,32599,29815
2026-03-26 21:00,2026-03-26,21,630000,ОЭС УРАЛА,32479,29062
2026-03-26 22:00,2026-03-26,22,630000,ОЭС УРАЛА,32089,28220
2026-03-26 23:00,2026-03-26,23,630000,ОЭС УРАЛА,30436,27285
2026-03-27 00:00,2026-03-27,0,630000,ОЭС УРАЛА,29406,27060
2026-03-27 01:00,2026-03-27,1,630000,ОЭС УРАЛА,29605,26860
2026-03-27 02:00,2026-03-27,2,630000,ОЭС УРАЛА,29410,26806
2026-03-27 03:00,2026-03-27,3,630000,ОЭС УРАЛА,28999,27092
2026-03-27 04:00,2026-03-27,4,630000,ОЭС УРАЛА,29367,27477
2026-03-27 05:00,2026-03-27,5,630000,ОЭС УРАЛА,30383,28287
2026-03-27 06:00,2026-03-27,6,630000,ОЭС УРАЛА,31111,29216
2026-03-27 07:00,2026-03-27,7,630000,ОЭС УРАЛА,31939,30081
2026-03-27 08:00,2026-03-27,8,630000,ОЭС УРАЛА,32515,30282
2026-03-27 09:00,2026-03-27,9,630000,ОЭС УРАЛА,32617,30030
2026-03-27 10:00,2026-03-27,10,630000,ОЭС УРАЛА,32295,29898
2026-03-27 11:00,2026-03-27,11,630000,ОЭС УРАЛА,32108,29914
2026-03-27 12:00,2026-03-27,12,630000,ОЭС УРАЛА,31846,29437
2026-03-27 13:00,2026-03-27,13,630000,ОЭС УРАЛА,32529,29691
2026-03-27 14:00,2026-03-27,14,630000,ОЭС УРАЛА,31928,29378
2026-03-27 15:00,2026-03-27,15,630000,ОЭС УРАЛА,31264,29432
2026-03-27 16:00,2026-03-27,16,630000,ОЭС УРАЛА,31317,29386
2026-03-27 17:00,2026-03-27,17,630000,ОЭС УРАЛА,31376,29707
2026-03-27 18:00,2026-03-27,18,630000,ОЭС УРАЛА,31570,29784
2026-03-27 19:00,2026-03-27,19,630000,ОЭС УРАЛА,31705,30043
2026-03-27 20:00,2026-03-27,20,630000,ОЭС УРАЛА,30977,29647
2026-03-27 21:00,2026-03-27,21,630000,ОЭС УРАЛА,31319,28894
2026-03-27 22:00,2026-03-27,22,630000,ОЭС УРАЛА,30777,28100
2026-03-27 23:00,2026-03-27,23,630000,ОЭС УРАЛА,29212,27406
2026-03-28 00:00,2026-03-28,0,630000,ОЭС УРАЛА,28890,27132
2026-03-28 01:00,2026-03-28,1,630000,ОЭС УРАЛА,28389,26603
2026-03-28 02:00,2026-03-28,2,630000,ОЭС УРАЛА,28394,26786
2026-03-28 03:00,2026-03-28,3,630000,ОЭС УРАЛА,28193,26676
2026-03-28 04:00,2026-03-28,4,630000,ОЭС УРАЛА,28279,26872
2026-03-28 05:00,2026-03-28,5,630000,ОЭС УРАЛА,28860,26821
2026-03-28 06:00,2026-03-28,6,630000,ОЭС УРАЛА,28939,27598
2026-03-28 07:00,2026-03-28,7,630000,ОЭС УРАЛА,29307,28436
2026-03-28 08:00,2026-03-28,8,630000,ОЭС УРАЛА,30140,29229
2026-03-28 09:00,2026-03-28,9,630000,ОЭС УРАЛА,31214,29458
2026-03-28 10:00,2026-03-28,10,630000,ОЭС УРАЛА,31960,29462
2026-03-28 11:00,2026-03-28,11,630000,ОЭС УРАЛА,32024,29568
2026-03-28 12:00,2026-03-28,12,630000,ОЭС УРАЛА,32017,29505
2026-03-28 13:00,2026-03-28,13,630000,ОЭС УРАЛА,31997,29185
2026-03-28 14:00,2026-03-28,14,630000,ОЭС УРАЛА,31937,28953
2026-03-28 15:00,2026-03-28,15,630000,ОЭС УРАЛА,31848,29032
2026-03-28 16:00,2026-03-28,16,630000,ОЭС УРАЛА,31444,29026
2026-03-28 17:00,2026-03-28,17,630000,ОЭС УРАЛА,31529,29176
2026-03-28 18:00,2026-03-28,18,630000,ОЭС УРАЛА,31578,29429
2026-03-28 19:00,2026-03-28,19,630000,ОЭС УРАЛА,31888,29914
2026-03-28 20:00,2026-03-28,20,630000,ОЭС УРАЛА,31930,29142
2026-03-28 21:00,2026-03-28,21,630000,ОЭС УРАЛА,31685,28400
2026-03-28 22:00,2026-03-28,22,630000,ОЭС УРАЛА,31192,27683
2026-03-28 23:00,2026-03-28,23,630000,ОЭС УРАЛА,30113,27317
2026-03-29 00:00,2026-03-29,0,630000,ОЭС УРАЛА,30000,26967
2026-03-29 01:00,2026-03-29,1,630000,ОЭС УРАЛА,28756,26721
2026-03-29 02:00,2026-03-29,2,630000,ОЭС УРАЛА,28279,26345
2026-03-29 03:00,2026-03-29,3,630000,ОЭС УРАЛА,28105,26270
2026-03-29 04:00,2026-03-29,4,630000,ОЭС УРАЛА,28218,26661
2026-03-29 05:00,2026-03-29,5,630000,ОЭС УРАЛА,28406,26552
2026-03-29 06:00,2026-03-29,6,630000,ОЭС УРАЛА,28438,27292
2026-03-29 07:00,2026-03-29,7,630000,ОЭС УРАЛА,28843,28257
2026-03-29 08:00,2026-03-29,8,630000,ОЭС УРАЛА,30067,28676
2026-03-29 09:00,2026-03-29,9,630000,ОЭС УРАЛА,30644,29084
2026-03-29 10:00,2026-03-29,10,630000,ОЭС УРАЛА,31117,29210
2026-03-29 11:00,2026-03-29,11,630000,ОЭС УРАЛА,31112,29006
2026-03-29 12:00,2026-03-29,12,630000,ОЭС УРАЛА,31047,28948
2026-03-29 13:00,2026-03-29,13,630000,ОЭС УРАЛА,31150,28831
2026-03-29 14:00,2026-03-29,14,630000,ОЭС УРАЛА,30824,28886
2026-03-29 15:00,2026-03-29,15,630000,ОЭС УРАЛА,30835,28928
2026-03-29 16:00,2026-03-29,16,630000,ОЭС УРАЛА,30825,29083
2026-03-29 17:00,2026-03-29,17,630000,ОЭС УРАЛА,30880,29078
2026-03-29 18:00,2026-03-29,18,630000,ОЭС УРАЛА,30956,29497
2026-03-29 19:00,2026-03-29,19,630000,ОЭС УРАЛА,31090,29691
2026-03-29 20:00,2026-03-29,20,630000,ОЭС УРАЛА,31113,29164
2026-03-29 21:00,2026-03-29,21,630000,ОЭС УРАЛА,30540,28357
2026-03-29 22:00,2026-03-29,22,630000,ОЭС УРАЛА,30451,27419
2026-03-29 23:00,2026-03-29,23,630000,ОЭС УРАЛА,29429,26874
2026-03-30 00:00,2026-03-30,0,630000,ОЭС УРАЛА,27944,26561
2026-03-30 01:00,2026-03-30,1,630000,ОЭС УРАЛА,27638,26297
2026-03-30 02:00,2026-03-30,2,630000,ОЭС УРАЛА,27637,26309
2026-03-30 03:00,2026-03-30,3,630000,ОЭС УРАЛА,28281,26326
2026-03-30 04:00,2026-03-30,4,630000,ОЭС УРАЛА,28712,26914
2026-03-30 05:00,2026-03-30,5,630000,ОЭС УРАЛА,29125,27573
2026-03-30 06:00,2026-03-30,6,630000,ОЭС УРАЛА,30343,28564
2026-03-30 07:00,2026-03-30,7,630000,ОЭС УРАЛА,30939,29550
2026-03-30 08:00,2026-03-30,8,630000,ОЭС УРАЛА,31467,29602
2026-03-30 09:00,2026-03-30,9,630000,ОЭС УРАЛА,31613,29532
2026-03-30 10:00,2026-03-30,10,630000,ОЭС УРАЛА,31717,29625
2026-03-30 11:00,2026-03-30,11,630000,ОЭС УРАЛА,31653,29498
2026-03-30 12:00,2026-03-30,12,630000,ОЭС УРАЛА,31553,29431
2026-03-30 13:00,2026-03-30,13,630000,ОЭС УРАЛА,31180,29175
2026-03-30 14:00,2026-03-30,14,630000,ОЭС УРАЛА,31036,29189
2026-03-30 15:00,2026-03-30,15,630000,ОЭС УРАЛА,30951,28830
2026-03-30 16:00,2026-03-30,16,630000,ОЭС УРАЛА,30957,29196
2026-03-30 17:00,2026-03-30,17,630000,ОЭС УРАЛА,30923,28907
2026-03-30 18:00,2026-03-30,18,630000,ОЭС УРАЛА,31181,29319
2026-03-30 19:00,2026-03-30,19,630000,ОЭС УРАЛА,31094,29429
2026-03-30 20:00,2026-03-30,20,630000,ОЭС УРАЛА,31158,29128
2026-03-30 21:00,2026-03-30,21,630000,ОЭС УРАЛА,30626,28088
2026-03-30 22:00,2026-03-30,22,630000,ОЭС УРАЛА,30119,27418
2026-03-30 23:00,2026-03-30,23,630000,ОЭС УРАЛА,29361,26766
2026-03-31 00:00,2026-03-31,0,630000,ОЭС УРАЛА,28764,26541
2026-03-31 01:00,2026-03-31,1,630000,ОЭС УРАЛА,28073,26179
2026-03-31 02:00,2026-03-31,2,630000,ОЭС УРАЛА,27583,26102
2026-03-31 03:00,2026-03-31,3,630000,ОЭС УРАЛА,27963,26325
2026-03-31 04:00,2026-03-31,4,630000,ОЭС УРАЛА,28167,26754
2026-03-31 05:00,2026-03-31,5,630000,ОЭС УРАЛА,28979,27598
2026-03-31 06:00,2026-03-31,6,630000,ОЭС УРАЛА,30383,28499
2026-03-31 07:00,2026-03-31,7,630000,ОЭС УРАЛА,31186,29296
2026-03-31 08:00,2026-03-31,8,630000,ОЭС УРАЛА,31493,29604
2026-03-31 09:00,2026-03-31,9,630000,ОЭС УРАЛА,31761,29644
2026-03-31 10:00,2026-03-31,10,630000,ОЭС УРАЛА,31600,29434
2026-03-31 11:00,2026-03-31,11,630000,ОЭС УРАЛА,31577,29107
2026-03-31 12:00,2026-03-31,12,630000,ОЭС УРАЛА,31556,28930
2026-03-31 13:00,2026-03-31,13,630000,ОЭС УРАЛА,31364,28941
2026-03-31 14:00,2026-03-31,14,630000,ОЭС УРАЛА,31298,28903
2026-03-31 15:00,2026-03-31,15,630000,ОЭС УРАЛА,31287,28828
2026-03-31 16:00,2026-03-31,16,630000,ОЭС УРАЛА,31429,28920
2026-03-31 17:00,2026-03-31,17,630000,ОЭС УРАЛА,31690,28914
2026-03-31 18:00,2026-03-31,18,630000,ОЭС УРАЛА,31676,29213
2026-03-31 19:00,2026-03-31,19,630000,ОЭС УРАЛА,31868,29430
2026-03-31 20:00,2026-03-31,20,630000,ОЭС УРАЛА,31648,29023
2026-03-31 21:00,2026-03-31,21,630000,ОЭС УРАЛА,31785,28385
2026-03-31 22:00,2026-03-31,22,630000,ОЭС УРАЛА,30939,27578
2026-03-31 23:00,2026-03-31,23,630000,ОЭС УРАЛА,29612,27111
2026-04-01 00:00,2026-04-01,0,630000,ОЭС УРАЛА,28557,26568
2026-04-01 01:00,2026-04-01,1,630000,ОЭС УРАЛА,27665,26324
2026-04-01 02:00,2026-04-01,2,630000,ОЭС УРАЛА,27048,26164
2026-04-01 03:00,2026-04-01,3,630000,ОЭС УРАЛА,27698,26569
2026-04-01 04:00,2026-04-01,4,630000,ОЭС УРАЛА,27795,26808
2026-04-01 05:00,2026-04-01,5,630000,ОЭС УРАЛА,29498,27813
2026-04-01 06:00,2026-04-01,6,630000,ОЭС УРАЛА,30369,28421
2026-04-01 07:00,2026-04-01,7,630000,ОЭС УРАЛА,31239,28976
2026-04-01 08:00,2026-04-01,8,630000,ОЭС УРАЛА,31419,29293
2026-04-01 09:00,2026-04-01,9,630000,ОЭС УРАЛА,31516,29169
2026-04-01 10:00,2026-04-01,10,630000,ОЭС УРАЛА,31484,29014
2026-04-01 11:00,2026-04-01,11,630000,ОЭС УРАЛА,31463,29041
2026-04-01 12:00,2026-04-01,12,630000,ОЭС УРАЛА,31693,28947
2026-04-01 13:00,2026-04-01,13,630000,ОЭС УРАЛА,31568,28977
2026-04-01 14:00,2026-04-01,14,630000,ОЭС УРАЛА,31652,28715
2026-04-01 15:00,2026-04-01,15,630000,ОЭС УРАЛА,31614,28756
2026-04-01 16:00,2026-04-01,16,630000,ОЭС УРАЛА,31628,28441
2026-04-01 17:00,2026-04-01,17,630000,ОЭС УРАЛА,31574,28657
2026-04-01 18:00,2026-04-01,18,630000,ОЭС УРАЛА,31524,28667
2026-04-01 19:00,2026-04-01,19,630000,ОЭС УРАЛА,31604,29151
2026-04-01 20:00,2026-04-01,20,630000,ОЭС УРАЛА,31347,28568
2026-04-01 21:00,2026-04-01,21,630000,ОЭС УРАЛА,31082,27903
2026-04-01 22:00,2026-04-01,22,630000,ОЭС УРАЛА,30780,27050
2026-04-01 23:00,2026-04-01,23,630000,ОЭС УРАЛА,29815,26552
2026-04-02 00:00,2026-04-02,0,630000,ОЭС УРАЛА,28369,25978
2026-04-02 01:00,2026-04-02,1,630000,ОЭС УРАЛА,28397,25970
2026-04-02 02:00,2026-04-02,2,630000,ОЭС УРАЛА,28210,25941
2026-04-02 03:00,2026-04-02,3,630000,ОЭС УРАЛА,27849,25963
2026-04-02 04:00,2026-04-02,4,630000,ОЭС УРАЛА,28204,26340
2026-04-02 05:00,2026-04-02,5,630000,ОЭС УРАЛА,29208,26794
2026-04-02 06:00,2026-04-02,6,630000,ОЭС УРАЛА,29921,27709
2026-04-02 07:00,2026-04-02,7,630000,ОЭС УРАЛА,30449,28588
2026-04-02 08:00,2026-04-02,8,630000,ОЭС УРАЛА,30751,28725
2026-04-02 09:00,2026-04-02,9,630000,ОЭС УРАЛА,30760,28680
2026-04-02 10:00,2026-04-02,10,630000,ОЭС УРАЛА,30844,28614
2026-04-02 11:00,2026-04-02,11,630000,ОЭС УРАЛА,30896,28383
2026-04-02 12:00,2026-04-02,12,630000,ОЭС УРАЛА,30817,28521
2026-04-02 13:00,2026-04-02,13,630000,ОЭС УРАЛА,30842,28601
2026-04-02 14:00,2026-04-02,14,630000,ОЭС УРАЛА,30994,28251
2026-04-02 15:00,2026-04-02,15,630000,ОЭС УРАЛА,30993,28421
2026-04-02 16:00,2026-04-02,16,630000,ОЭС УРАЛА,31059,28304
2026-04-02 17:00,2026-04-02,17,630000,ОЭС УРАЛА,31036,28277
2026-04-02 18:00,2026-04-02,18,630000,ОЭС УРАЛА,31198,28654
2026-04-02 19:00,2026-04-02,19,630000,ОЭС УРАЛА,31061,28921
2026-04-02 20:00,2026-04-02,20,630000,ОЭС УРАЛА,31151,28650
2026-04-02 21:00,2026-04-02,21,630000,ОЭС УРАЛА,31054,27810
2026-04-02 22:00,2026-04-02,22,630000,ОЭС УРАЛА,30356,27084
2026-04-02 23:00,2026-04-02,23,630000,ОЭС УРАЛА,28722,26329
2026-04-03 00:00,2026-04-03,0,630000,ОЭС УРАЛА,28315,26102
2026-04-03 01:00,2026-04-03,1,630000,ОЭС УРАЛА,27451,25816
2026-04-03 02:00,2026-04-03,2,630000,ОЭС УРАЛА,27139,25506
2026-04-03 03:00,2026-04-03,3,630000,ОЭС УРАЛА,27569,25834
2026-04-03 04:00,2026-04-03,4,630000,ОЭС УРАЛА,27605,26191
2026-04-03 05:00,2026-04-03,5,630000,ОЭС УРАЛА,28548,27050
2026-04-03 06:00,2026-04-03,6,630000,ОЭС УРАЛА,29067,27744
2026-04-03 07:00,2026-04-03,7,630000,ОЭС УРАЛА,29843,28671
2026-04-03 08:00,2026-04-03,8,630000,ОЭС УРАЛА,30297,28852
2026-04-03 09:00,2026-04-03,9,630000,ОЭС УРАЛА,30633,28894
2026-04-03 10:00,2026-04-03,10,630000,ОЭС УРАЛА,30505,28769
2026-04-03 11:00,2026-04-03,11,630000,ОЭС УРАЛА,30405,28756
2026-04-03 12:00,2026-04-03,12,630000,ОЭС УРАЛА,30340,28678
2026-04-03 13:00,2026-04-03,13,630000,ОЭС УРАЛА,30318,28723
2026-04-03 14:00,2026-04-03,14,630000,ОЭС УРАЛА,30495,28453
2026-04-03 15:00,2026-04-03,15,630000,ОЭС УРАЛА,30535,28493
2026-04-03 16:00,2026-04-03,16,630000,ОЭС УРАЛА,30524,28567
2026-04-03 17:00,2026-04-03,17,630000,ОЭС УРАЛА,30542,28633
2026-04-03 18:00,2026-04-03,18,630000,ОЭС УРАЛА,30677,28534
2026-04-03 19:00,2026-04-03,19,630000,ОЭС УРАЛА,30805,28791
2026-04-03 20:00,2026-04-03,20,630000,ОЭС УРАЛА,30530,28388
2026-04-03 21:00,2026-04-03,21,630000,ОЭС УРАЛА,30428,27864
2026-04-03 22:00,2026-04-03,22,630000,ОЭС УРАЛА,29810,27255
2026-04-03 23:00,2026-04-03,23,630000,ОЭС УРАЛА,29262,26675
2026-04-04 00:00,2026-04-04,0,630000,ОЭС УРАЛА,28945,26263
2026-04-04 01:00,2026-04-04,1,630000,ОЭС УРАЛА,28104,26047
2026-04-04 02:00,2026-04-04,2,630000,ОЭС УРАЛА,27942,25820
2026-04-04 03:00,2026-04-04,3,630000,ОЭС УРАЛА,27581,26041
2026-04-04 04:00,2026-04-04,4,630000,ОЭС УРАЛА,27479,26040
2026-04-04 05:00,2026-04-04,5,630000,ОЭС УРАЛА,27761,26197
2026-04-04 06:00,2026-04-04,6,630000,ОЭС УРАЛА,28667,26837
2026-04-04 07:00,2026-04-04,7,630000,ОЭС УРАЛА,29212,27726
2026-04-04 08:00,2026-04-04,8,630000,ОЭС УРАЛА,29993,28356
2026-04-04 09:00,2026-04-04,9,630000,ОЭС УРАЛА,30692,28622
2026-04-04 10:00,2026-04-04,10,630000,ОЭС УРАЛА,30820,28708
2026-04-04 11:00,2026-04-04,11,630000,ОЭС УРАЛА,30817,28669
2026-04-04 12:00,2026-04-04,12,630000,ОЭС УРАЛА,30757,28638
2026-04-04 13:00,2026-04-04,13,630000,ОЭС УРАЛА,30722,28643
2026-04-04 14:00,2026-04-04,14,630000,ОЭС УРАЛА,30758,28574
2026-04-04 15:00,2026-04-04,15,630000,ОЭС УРАЛА,30577,28472
2026-04-04 16:00,2026-04-04,16,630000,ОЭС УРАЛА,30591,28548
2026-04-04 17:00,2026-04-04,17,630000,ОЭС УРАЛА,30585,28519
2026-04-04 18:00,2026-04-04,18,630000,ОЭС УРАЛА,30656,28747
2026-04-04 19:00,2026-04-04,19,630000,ОЭС УРАЛА,30645,28762
2026-04-04 20:00,2026-04-04,20,630000,ОЭС УРАЛА,30552,28310
2026-04-04 21:00,2026-04-04,21,630000,ОЭС УРАЛА,30221,27796
2026-04-04 22:00,2026-04-04,22,630000,ОЭС УРАЛА,29760,27117
2026-04-04 23:00,2026-04-04,23,630000,ОЭС УРАЛА,29563,26644
2026-04-05 00:00,2026-04-05,0,630000,ОЭС УРАЛА,28793,26201
2026-04-05 01:00,2026-04-05,1,630000,ОЭС УРАЛА,28143,25629
2026-04-05 02:00,2026-04-05,2,630000,ОЭС УРАЛА,27528,25629
2026-04-05 03:00,2026-04-05,3,630000,ОЭС УРАЛА,27344,25742
2026-04-05 04:00,2026-04-05,4,630000,ОЭС УРАЛА,27444,25871
2026-04-05 05:00,2026-04-05,5,630000,ОЭС УРАЛА,27692,25849
2026-04-05 06:00,2026-04-05,6,630000,ОЭС УРАЛА,28241,26495
2026-04-05 07:00,2026-04-05,7,630000,ОЭС УРАЛА,29057,27318
2026-04-05 08:00,2026-04-05,8,630000,ОЭС УРАЛА,29299,28047
2026-04-05 09:00,2026-04-05,9,630000,ОЭС УРАЛА,29621,28262
2026-04-05 10:00,2026-04-05,10,630000,ОЭС УРАЛА,29898,28340
2026-04-05 11:00,2026-04-05,11,630000,ОЭС УРАЛА,29971,28591
2026-04-05 12:00,2026-04-05,12,630000,ОЭС УРАЛА,29971,28117
2026-04-05 13:00,2026-04-05,13,630000,ОЭС УРАЛА,29983,28411
2026-04-05 14:00,2026-04-05,14,630000,ОЭС УРАЛА,30112,28240
2026-04-05 15:00,2026-04-05,15,630000,ОЭС УРАЛА,30113,28321
2026-04-05 16:00,2026-04-05,16,630000,ОЭС УРАЛА,30071,28403
2026-04-05 17:00,2026-04-05,17,630000,ОЭС УРАЛА,30353,28339
2026-04-05 18:00,2026-04-05,18,630000,ОЭС УРАЛА,30274,28422
2026-04-05 19:00,2026-04-05,19,630000,ОЭС УРАЛА,30358,29398
2026-04-05 20:00,2026-04-05,20,630000,ОЭС УРАЛА,30736,28638
2026-04-05 21:00,2026-04-05,21,630000,ОЭС УРАЛА,30407,27827
2026-04-05 22:00,2026-04-05,22,630000,ОЭС УРАЛА,29868,26775
2026-04-05 23:00,2026-04-05,23,630000,ОЭС УРАЛА,29008,26544
2026-04-06 00:00,2026-04-06,0,630000,ОЭС УРАЛА,27969,26059
2026-04-06 01:00,2026-04-06,1,630000,ОЭС УРАЛА,26973,25837
2026-04-06 02:00,2026-04-06,2,630000,ОЭС УРАЛА,26722,25526
2026-04-06 03:00,2026-04-06,3,630000,ОЭС УРАЛА,27091,25949
2026-04-06 04:00,2026-04-06,4,630000,ОЭС УРАЛА,27318,26520
2026-04-06 05:00,2026-04-06,5,630000,ОЭС УРАЛА,28227,27026
2026-04-06 06:00,2026-04-06,6,630000,ОЭС УРАЛА,29951,27951
2026-04-06 07:00,2026-04-06,7,630000,ОЭС УРАЛА,30623,28754
2026-04-06 08:00,2026-04-06,8,630000,ОЭС УРАЛА,31318,29170
2026-04-06 09:00,2026-04-06,9,630000,ОЭС УРАЛА,31462,29404
2026-04-06 10:00,2026-04-06,10,630000,ОЭС УРАЛА,31460,29251
2026-04-06 11:00,2026-04-06,11,630000,ОЭС УРАЛА,31846,29280
2026-04-06 12:00,2026-04-06,12,630000,ОЭС УРАЛА,31764,29345
2026-04-06 13:00,2026-04-06,13,630000,ОЭС УРАЛА,31109,29179
2026-04-06 14:00,2026-04-06,14,630000,ОЭС УРАЛА,31764,28995
2026-04-06 15:00,2026-04-06,15,630000,ОЭС УРАЛА,31722,28999
2026-04-06 16:00,2026-04-06,16,630000,ОЭС УРАЛА,31731,28997
2026-04-06 17:00,2026-04-06,17,630000,ОЭС УРАЛА,31796,29029
2026-04-06 18:00,2026-04-06,18,630000,ОЭС УРАЛА,31817,28926
2026-04-06 19:00,2026-04-06,19,630000,ОЭС УРАЛА,31851,29152
2026-04-06 20:00,2026-04-06,20,630000,ОЭС УРАЛА,31803,28835
2026-04-06 21:00,2026-04-06,21,630000,ОЭС УРАЛА,30772,27946
2026-04-06 22:00,2026-04-06,22,630000,ОЭС УРАЛА,30427,27198
2026-04-06 23:00,2026-04-06,23,630000,ОЭС УРАЛА,28186,26478
2026-04-07 00:00,2026-04-07,0,630000,ОЭС УРАЛА,26970,25997
2026-04-07 01:00,2026-04-07,1,630000,ОЭС УРАЛА,26432,25606
2026-04-07 02:00,2026-04-07,2,630000,ОЭС УРАЛА,25785,25844
2026-04-07 03:00,2026-04-07,3,630000,ОЭС УРАЛА,25878,25941
2026-04-07 04:00,2026-04-07,4,630000,ОЭС УРАЛА,26322,26302
2026-04-07 05:00,2026-04-07,5,630000,ОЭС УРАЛА,27631,27229
2026-04-07 06:00,2026-04-07,6,630000,ОЭС УРАЛА,29102,27979
2026-04-07 07:00,2026-04-07,7,630000,ОЭС УРАЛА,29961,28641
2026-04-07 08:00,2026-04-07,8,630000,ОЭС УРАЛА,30860,28967
2026-04-07 09:00,2026-04-07,9,630000,ОЭС УРАЛА,31020,28841
2026-04-07 10:00,2026-04-07,10,630000,ОЭС УРАЛА,30894,28920
2026-04-07 11:00,2026-04-07,11,630000,ОЭС УРАЛА,30903,28873
2026-04-07 12:00,2026-04-07,12,630000,ОЭС УРАЛА,31044,29094
2026-04-07 13:00,2026-04-07,13,630000,ОЭС УРАЛА,31154,29143
2026-04-07 14:00,2026-04-07,14,630000,ОЭС УРАЛА,31103,29030
2026-04-07 15:00,2026-04-07,15,630000,ОЭС УРАЛА,31109,28714
2026-04-07 16:00,2026-04-07,16,630000,ОЭС УРАЛА,31176,28855
2026-04-07 17:00,2026-04-07,17,630000,ОЭС УРАЛА,31050,28711
2026-04-07 18:00,2026-04-07,18,630000,ОЭС УРАЛА,31086,28973
2026-04-07 19:00,2026-04-07,19,630000,ОЭС УРАЛА,31077,29350
2026-04-07 20:00,2026-04-07,20,630000,ОЭС УРАЛА,31075,28687
2026-04-07 21:00,2026-04-07,21,630000,ОЭС УРАЛА,30430,27835
2026-04-07 22:00,2026-04-07,22,630000,ОЭС УРАЛА,30220,27319
2026-04-07 23:00,2026-04-07,23,630000,ОЭС УРАЛА,28770,26581
2026-04-08 00:00,2026-04-08,0,630000,ОЭС УРАЛА,28496,26158
2026-04-08 01:00,2026-04-08,1,630000,ОЭС УРАЛА,27234,26028
2026-04-08 02:00,2026-04-08,2,630000,ОЭС УРАЛА,26621,25917
2026-04-08 03:00,2026-04-08,3,630000,ОЭС УРАЛА,26434,25940
2026-04-08 04:00,2026-04-08,4,630000,ОЭС УРАЛА,26721,26299
2026-04-08 05:00,2026-04-08,5,630000,ОЭС УРАЛА,28151,27234
2026-04-08 06:00,2026-04-08,6,630000,ОЭС УРАЛА,28952,27808
2026-04-08 07:00,2026-04-08,7,630000,ОЭС УРАЛА,30220,28649
2026-04-08 08:00,2026-04-08,8,630000,ОЭС УРАЛА,30848,29000
2026-04-08 09:00,2026-04-08,9,630000,ОЭС УРАЛА,30703,28884
2026-04-08 10:00,2026-04-08,10,630000,ОЭС УРАЛА,30768,28594
2026-04-08 11:00,2026-04-08,11,630000,ОЭС УРАЛА,30793,28541
2026-04-08 12:00,2026-04-08,12,630000,ОЭС УРАЛА,30846,28730
2026-04-08 13:00,2026-04-08,13,630000,ОЭС УРАЛА,30713,28476
2026-04-08 14:00,2026-04-08,14,630000,ОЭС УРАЛА,30657,28472
2026-04-08 15:00,2026-04-08,15,630000,ОЭС УРАЛА,30563,28128
2026-04-08 16:00,2026-04-08,16,630000,ОЭС УРАЛА,30660,28454
2026-04-08 17:00,2026-04-08,17,630000,ОЭС УРАЛА,30767,28415
2026-04-08 18:00,2026-04-08,18,630000,ОЭС УРАЛА,30819,28433
2026-04-08 19:00,2026-04-08,19,630000,ОЭС УРАЛА,30871,28793
2026-04-08 20:00,2026-04-08,20,630000,ОЭС УРАЛА,30818,28528
2026-04-08 21:00,2026-04-08,21,630000,ОЭС УРАЛА,30075,27547
2026-04-08 22:00,2026-04-08,22,630000,ОЭС УРАЛА,29490,27012
2026-04-08 23:00,2026-04-08,23,630000,ОЭС УРАЛА,27920,26238
2026-04-09 00:00,2026-04-09,0,630000,ОЭС УРАЛА,27313,25868
2026-04-09 01:00,2026-04-09,1,630000,ОЭС УРАЛА,26864,25765
2026-04-09 02:00,2026-04-09,2,630000,ОЭС УРАЛА,26432,25583
2026-04-09 03:00,2026-04-09,3,630000,ОЭС УРАЛА,26442,25783
2026-04-09 04:00,2026-04-09,4,630000,ОЭС УРАЛА,26566,26275
2026-04-09 05:00,2026-04-09,5,630000,ОЭС УРАЛА,27262,26980
2026-04-09 06:00,2026-04-09,6,630000,ОЭС УРАЛА,28780,27994
2026-04-09 07:00,2026-04-09,7,630000,ОЭС УРАЛА,29888,28701
2026-04-09 08:00,2026-04-09,8,630000,ОЭС УРАЛА,30659,29167
2026-04-09 09:00,2026-04-09,9,630000,ОЭС УРАЛА,30957,29199
2026-04-09 10:00,2026-04-09,10,630000,ОЭС УРАЛА,31129,29169
2026-04-09 11:00,2026-04-09,11,630000,ОЭС УРАЛА,31019,29092
2026-04-09 12:00,2026-04-09,12,630000,ОЭС УРАЛА,31496,29086
2026-04-09 13:00,2026-04-09,13,630000,ОЭС УРАЛА,31938,29134
2026-04-09 14:00,2026-04-09,14,630000,ОЭС УРАЛА,32066,29500
2026-04-09 15:00,2026-04-09,15,630000,ОЭС УРАЛА,32110,29482
2026-04-09 16:00,2026-04-09,16,630000,ОЭС УРАЛА,32281,29615
2026-04-09 17:00,2026-04-09,17,630000,ОЭС УРАЛА,32273,29466
2026-04-09 18:00,2026-04-09,18,630000,ОЭС УРАЛА,32360,29672
2026-04-09 19:00,2026-04-09,19,630000,ОЭС УРАЛА,32305,30051
2026-04-09 20:00,2026-04-09,20,630000,ОЭС УРАЛА,32063,29649
2026-04-09 21:00,2026-04-09,21,630000,ОЭС УРАЛА,31958,28806
2026-04-09 22:00,2026-04-09,22,630000,ОЭС УРАЛА,31050,27990
2026-04-09 23:00,2026-04-09,23,630000,ОЭС УРАЛА,29816,27166
2026-04-10 00:00,2026-04-10,0,630000,ОЭС УРАЛА,29253,26747
2026-04-10 01:00,2026-04-10,1,630000,ОЭС УРАЛА,28259,26691
2026-04-10 02:00,2026-04-10,2,630000,ОЭС УРАЛА,27835,26572
2026-04-10 03:00,2026-04-10,3,630000,ОЭС УРАЛА,27924,26550
2026-04-10 04:00,2026-04-10,4,630000,ОЭС УРАЛА,27939,27250
2026-04-10 05:00,2026-04-10,5,630000,ОЭС УРАЛА,28694,27898
2026-04-10 06:00,2026-04-10,6,630000,ОЭС УРАЛА,29724,28629
2026-04-10 07:00,2026-04-10,7,630000,ОЭС УРАЛА,30998,29752
2026-04-10 08:00,2026-04-10,8,630000,ОЭС УРАЛА,31008,29751
2026-04-10 09:00,2026-04-10,9,630000,ОЭС УРАЛА,31385,30285
2026-04-10 10:00,2026-04-10,10,630000,ОЭС УРАЛА,31619,30541
2026-04-10 11:00,2026-04-10,11,630000,ОЭС УРАЛА,32064,30390
2026-04-10 12:00,2026-04-10,12,630000,ОЭС УРАЛА,32378,30310
2026-04-10 13:00,2026-04-10,13,630000,ОЭС УРАЛА,32297,30302
2026-04-10 14:00,2026-04-10,14,630000,ОЭС УРАЛА,32532,30347
2026-04-10 15:00,2026-04-10,15,630000,ОЭС УРАЛА,32354,30116
2026-04-10 16:00,2026-04-10,16,630000,ОЭС УРАЛА,32250,30379
2026-04-10 17:00,2026-04-10,17,630000,ОЭС УРАЛА,31823,30186
2026-04-10 18:00,2026-04-10,18,630000,ОЭС УРАЛА,32015,29981
2026-04-10 19:00,2026-04-10,19,630000,ОЭС УРАЛА,31802,30287
2026-04-10 20:00,2026-04-10,20,630000,ОЭС УРАЛА,31889,29732
2026-04-10 21:00,2026-04-10,21,630000,ОЭС УРАЛА,31923,29228
2026-04-10 22:00,2026-04-10,22,630000,ОЭС УРАЛА,31163,28428
2026-04-10 23:00,2026-04-10,23,630000,ОЭС УРАЛА,30012,27938
2026-04-11 00:00,2026-04-11,0,630000,ОЭС УРАЛА,30168,27486
2026-04-11 01:00,2026-04-11,1,630000,ОЭС УРАЛА,29244,27275
2026-04-11 02:00,2026-04-11,2,630000,ОЭС УРАЛА,28809,27163
2026-04-11 03:00,2026-04-11,3,630000,ОЭС УРАЛА,28829,26953
2026-04-11 04:00,2026-04-11,4,630000,ОЭС УРАЛА,28325,26753
2026-04-11 05:00,2026-04-11,5,630000,ОЭС УРАЛА,28167,27008
2026-04-11 06:00,2026-04-11,6,630000,ОЭС УРАЛА,28632,27456
2026-04-11 07:00,2026-04-11,7,630000,ОЭС УРАЛА,29062,28848
2026-04-11 08:00,2026-04-11,8,630000,ОЭС УРАЛА,29269,28922
2026-04-11 09:00,2026-04-11,9,630000,ОЭС УРАЛА,30019,29360
2026-04-11 10:00,2026-04-11,10,630000,ОЭС УРАЛА,30197,29383
2026-04-11 11:00,2026-04-11,11,630000,ОЭС УРАЛА,30352,29556
2026-04-11 12:00,2026-04-11,12,630000,ОЭС УРАЛА,30372,29640
2026-04-11 13:00,2026-04-11,13,630000,ОЭС УРАЛА,30951,29783
2026-04-11 14:00,2026-04-11,14,630000,ОЭС УРАЛА,30821,29706
2026-04-11 15:00,2026-04-11,15,630000,ОЭС УРАЛА,30247,29495
2026-04-11 16:00,2026-04-11,16,630000,ОЭС УРАЛА,30230,29466
2026-04-11 17:00,2026-04-11,17,630000,ОЭС УРАЛА,29864,29361
2026-04-11 18:00,2026-04-11,18,630000,ОЭС УРАЛА,29944,29205
2026-04-11 19:00,2026-04-11,19,630000,ОЭС УРАЛА,29827,29755
2026-04-11 20:00,2026-04-11,20,630000,ОЭС УРАЛА,29881,29422
2026-04-11 21:00,2026-04-11,21,630000,ОЭС УРАЛА,29739,28620
2026-04-11 22:00,2026-04-11,22,630000,ОЭС УРАЛА,29107,27710
2026-04-11 23:00,2026-04-11,23,630000,ОЭС УРАЛА,28833,27237
2026-04-12 00:00,2026-04-12,0,630000,ОЭС УРАЛА,28403,26774
2026-04-12 01:00,2026-04-12,1,630000,ОЭС УРАЛА,27240,26678
2026-04-12 02:00,2026-04-12,2,630000,ОЭС УРАЛА,26397,26452
2026-04-12 03:00,2026-04-12,3,630000,ОЭС УРАЛА,26476,26533
2026-04-12 04:00,2026-04-12,4,630000,ОЭС УРАЛА,26144,26415
2026-04-12 05:00,2026-04-12,5,630000,ОЭС УРАЛА,26212,26481
2026-04-12 06:00,2026-04-12,6,630000,ОЭС УРАЛА,26811,27032
2026-04-12 07:00,2026-04-12,7,630000,ОЭС УРАЛА,27740,27933
2026-04-12 08:00,2026-04-12,8,630000,ОЭС УРАЛА,28374,28466
2026-04-12 09:00,2026-04-12,9,630000,ОЭС УРАЛА,28677,29110
2026-04-12 10:00,2026-04-12,10,630000,ОЭС УРАЛА,28689,29009
2026-04-12 11:00,2026-04-12,11,630000,ОЭС УРАЛА,28909,29119
2026-04-12 12:00,2026-04-12,12,630000,ОЭС УРАЛА,29209,28686
2026-04-12 13:00,2026-04-12,13,630000,ОЭС УРАЛА,29230,28734
2026-04-12 14:00,2026-04-12,14,630000,ОЭС УРАЛА,29377,28589
2026-04-12 15:00,2026-04-12,15,630000,ОЭС УРАЛА,29323,28570
2026-04-12 16:00,2026-04-12,16,630000,ОЭС УРАЛА,29467,29011
2026-04-12 17:00,2026-04-12,17,630000,ОЭС УРАЛА,29413,28875
2026-04-12 18:00,2026-04-12,18,630000,ОЭС УРАЛА,29448,28854
2026-04-12 19:00,2026-04-12,19,630000,ОЭС УРАЛА,29655,29251
2026-04-12 20:00,2026-04-12,20,630000,ОЭС УРАЛА,29754,28964
2026-04-12 21:00,2026-04-12,21,630000,ОЭС УРАЛА,29816,28418
2026-04-12 22:00,2026-04-12,22,630000,ОЭС УРАЛА,29041,27633
2026-04-12 23:00,2026-04-12,23,630000,ОЭС УРАЛА,27171,26805
2026-04-13 00:00,2026-04-13,0,630000,ОЭС УРАЛА,26750,26574
2026-04-13 01:00,2026-04-13,1,630000,ОЭС УРАЛА,25137,26089
2026-04-13 02:00,2026-04-13,2,630000,ОЭС УРАЛА,24683,26311
2026-04-13 03:00,2026-04-13,3,630000,ОЭС УРАЛА,24726,26242
2026-04-13 04:00,2026-04-13,4,630000,ОЭС УРАЛА,25615,26473
2026-04-13 05:00,2026-04-13,5,630000,ОЭС УРАЛА,26351,27684
2026-04-13 06:00,2026-04-13,6,630000,ОЭС УРАЛА,27775,28349
2026-04-13 07:00,2026-04-13,7,630000,ОЭС УРАЛА,28733,28995
2026-04-13 08:00,2026-04-13,8,630000,ОЭС УРАЛА,30870,29637
2026-04-13 09:00,2026-04-13,9,630000,ОЭС УРАЛА,31421,29497
2026-04-13 10:00,2026-04-13,10,630000,ОЭС УРАЛА,31635,29715
2026-04-13 11:00,2026-04-13,11,630000,ОЭС УРАЛА,31276,29316
2026-04-13 12:00,2026-04-13,12,630000,ОЭС УРАЛА,31231,29356
2026-04-13 13:00,2026-04-13,13,630000,ОЭС УРАЛА,31682,29443
2026-04-13 14:00,2026-04-13,14,630000,ОЭС УРАЛА,31476,29463
2026-04-13 15:00,2026-04-13,15,630000,ОЭС УРАЛА,31360,29270
2026-04-13 16:00,2026-04-13,16,630000,ОЭС УРАЛА,31218,29097
2026-04-13 17:00,2026-04-13,17,630000,ОЭС УРАЛА,30581,28852
2026-04-13 18:00,2026-04-13,18,630000,ОЭС УРАЛА,30169,28974
2026-04-13 19:00,2026-04-13,19,630000,ОЭС УРАЛА,30018,29301
2026-04-13 20:00,2026-04-13,20,630000,ОЭС УРАЛА,29319,28873
2026-04-13 21:00,2026-04-13,21,630000,ОЭС УРАЛА,29273,28001
2026-04-13 22:00,2026-04-13,22,630000,ОЭС УРАЛА,28516,27591
2026-04-13 23:00,2026-04-13,23,630000,ОЭС УРАЛА,26211,26603
2026-04-14 00:00,2026-04-14,0,630000,ОЭС УРАЛА,25175,26373
2026-04-14 01:00,2026-04-14,1,630000,ОЭС УРАЛА,24862,25926
2026-04-14 02:00,2026-04-14,2,630000,ОЭС УРАЛА,24341,26123
2026-04-14 03:00,2026-04-14,3,630000,ОЭС УРАЛА,24625,26355
2026-04-14 04:00,2026-04-14,4,630000,ОЭС УРАЛА,24939,26700
2026-04-14 05:00,2026-04-14,5,630000,ОЭС УРАЛА,26505,27610
2026-04-14 06:00,2026-04-14,6,630000,ОЭС УРАЛА,27411,28079
2026-04-14 07:00,2026-04-14,7,630000,ОЭС УРАЛА,28729,28760
2026-04-14 08:00,2026-04-14,8,630000,ОЭС УРАЛА,29607,29248
2026-04-14 09:00,2026-04-14,9,630000,ОЭС УРАЛА,30253,29066
2026-04-14 10:00,2026-04-14,10,630000,ОЭС УРАЛА,30801,29091
2026-04-14 11:00,2026-04-14,11,630000,ОЭС УРАЛА,30447,28804
2026-04-14 12:00,2026-04-14,12,630000,ОЭС УРАЛА,30333,28616
2026-04-14 13:00,2026-04-14,13,630000,ОЭС УРАЛА,30644,28343
2026-04-14 14:00,2026-04-14,14,630000,ОЭС УРАЛА,30969,28481
2026-04-14 15:00,2026-04-14,15,630000,ОЭС УРАЛА,30996,28199
2026-04-14 16:00,2026-04-14,16,630000,ОЭС УРАЛА,31054,28120
2026-04-14 17:00,2026-04-14,17,630000,ОЭС УРАЛА,30449,28226
2026-04-14 18:00,2026-04-14,18,630000,ОЭС УРАЛА,30314,28036
2026-04-14 19:00,2026-04-14,19,630000,ОЭС УРАЛА,30533,28868
2026-04-14 20:00,2026-04-14,20,630000,ОЭС УРАЛА,30580,28485
2026-04-14 21:00,2026-04-14,21,630000,ОЭС УРАЛА,29592,27578
2026-04-14 22:00,2026-04-14,22,630000,ОЭС УРАЛА,29284,27124
2026-04-14 23:00,2026-04-14,23,630000,ОЭС УРАЛА,27392,25970
2026-04-15 00:00,2026-04-15,0,630000,ОЭС УРАЛА,25558,25739
2026-04-15 01:00,2026-04-15,1,630000,ОЭС УРАЛА,24940,25453
2026-04-15 02:00,2026-04-15,2,630000,ОЭС УРАЛА,24209,25523
2026-04-15 03:00,2026-04-15,3,630000,ОЭС УРАЛА,24597,25652
2026-04-15 04:00,2026-04-15,4,630000,ОЭС УРАЛА,24969,25909
2026-04-15 05:00,2026-04-15,5,630000,ОЭС УРАЛА,26227,26604
2026-04-15 06:00,2026-04-15,6,630000,ОЭС УРАЛА,27400,27858
2026-04-15 07:00,2026-04-15,7,630000,ОЭС УРАЛА,28689,28397
2026-04-15 08:00,2026-04-15,8,630000,ОЭС УРАЛА,30218,28753
2026-04-15 09:00,2026-04-15,9,630000,ОЭС УРАЛА,30440,28735
2026-04-15 10:00,2026-04-15,10,630000,ОЭС УРАЛА,30540,28469
2026-04-15 11:00,2026-04-15,11,630000,ОЭС УРАЛА,30005,28392
2026-04-15 12:00,2026-04-15,12,630000,ОЭС УРАЛА,30079,28527
2026-04-15 13:00,2026-04-15,13,630000,ОЭС УРАЛА,30352,28608
2026-04-15 14:00,2026-04-15,14,630000,ОЭС УРАЛА,30602,28251
2026-04-15 15:00,2026-04-15,15,630000,ОЭС УРАЛА,30419,28477
2026-04-15 16:00,2026-04-15,16,630000,ОЭС УРАЛА,30229,28315
2026-04-15 17:00,2026-04-15,17,630000,ОЭС УРАЛА,29687,28255
2026-04-15 18:00,2026-04-15,18,630000,ОЭС УРАЛА,29837,28075
2026-04-15 19:00,2026-04-15,19,630000,ОЭС УРАЛА,29672,28937
2026-04-15 20:00,2026-04-15,20,630000,ОЭС УРАЛА,29286,28377
2026-04-15 21:00,2026-04-15,21,630000,ОЭС УРАЛА,28879,27558
2026-04-15 22:00,2026-04-15,22,630000,ОЭС УРАЛА,28293,27053
2026-04-15 23:00,2026-04-15,23,630000,ОЭС УРАЛА,26532,26067
2026-04-16 00:00,2026-04-16,0,630000,ОЭС УРАЛА,25580,25958
2026-04-16 01:00,2026-04-16,1,630000,ОЭС УРАЛА,24765,25767
2026-04-16 02:00,2026-04-16,2,630000,ОЭС УРАЛА,24274,25505
2026-04-16 03:00,2026-04-16,3,630000,ОЭС УРАЛА,24388,25684
2026-04-16 04:00,2026-04-16,4,630000,ОЭС УРАЛА,24858,25947
2026-04-16 05:00,2026-04-16,5,630000,ОЭС УРАЛА,26021,27037
2026-04-16 06:00,2026-04-16,6,630000,ОЭС УРАЛА,27644,27618
2026-04-16 07:00,2026-04-16,7,630000,ОЭС УРАЛА,28756,28437
2026-04-16 08:00,2026-04-16,8,630000,ОЭС УРАЛА,30655,28737
2026-04-16 09:00,2026-04-16,9,630000,ОЭС УРАЛА,31015,28961
2026-04-16 10:00,2026-04-16,10,630000,ОЭС УРАЛА,31073,28547
2026-04-16 11:00,2026-04-16,11,630000,ОЭС УРАЛА,31155,28715
2026-04-16 12:00,2026-04-16,12,630000,ОЭС УРАЛА,31082,28803
2026-04-16 13:00,2026-04-16,13,630000,ОЭС УРАЛА,31401,28656
2026-04-16 14:00,2026-04-16,14,630000,ОЭС УРАЛА,31367,28371
2026-04-16 15:00,2026-04-16,15,630000,ОЭС УРАЛА,31041,28295
2026-04-16 16:00,2026-04-16,16,630000,ОЭС УРАЛА,31188,28328
2026-04-16 17:00,2026-04-16,17,630000,ОЭС УРАЛА,30914,28349
2026-04-16 18:00,2026-04-16,18,630000,ОЭС УРАЛА,30709,28417
2026-04-16 19:00,2026-04-16,19,630000,ОЭС УРАЛА,30915,29121
2026-04-16 20:00,2026-04-16,20,630000,ОЭС УРАЛА,30812,28809
2026-04-16 21:00,2026-04-16,21,630000,ОЭС УРАЛА,30659,28093
2026-04-16 22:00,2026-04-16,22,630000,ОЭС УРАЛА,29481,27042
2026-04-16 23:00,2026-04-16,23,630000,ОЭС УРАЛА,27470,26356
2026-04-17 00:00,2026-04-17,0,630000,ОЭС УРАЛА,26902,26192
2026-04-17 01:00,2026-04-17,1,630000,ОЭС УРАЛА,26309,25881
2026-04-17 02:00,2026-04-17,2,630000,ОЭС УРАЛА,25677,25762
2026-04-17 03:00,2026-04-17,3,630000,ОЭС УРАЛА,25868,25860
2026-04-17 04:00,2026-04-17,4,630000,ОЭС УРАЛА,26264,26431
2026-04-17 05:00,2026-04-17,5,630000,ОЭС УРАЛА,27596,27151
2026-04-17 06:00,2026-04-17,6,630000,ОЭС УРАЛА,28645,27864
2026-04-17 07:00,2026-04-17,7,630000,ОЭС УРАЛА,29731,28786
2026-04-17 08:00,2026-04-17,8,630000,ОЭС УРАЛА,30402,28659
2026-04-17 09:00,2026-04-17,9,630000,ОЭС УРАЛА,30565,28803
2026-04-17 10:00,2026-04-17,10,630000,ОЭС УРАЛА,30902,28811
2026-04-17 11:00,2026-04-17,11,630000,ОЭС УРАЛА,30867,28666
2026-04-17 12:00,2026-04-17,12,630000,ОЭС УРАЛА,30765,28659
2026-04-17 13:00,2026-04-17,13,630000,ОЭС УРАЛА,30837,28753
2026-04-17 14:00,2026-04-17,14,630000,ОЭС УРАЛА,30637,28750
2026-04-17 15:00,2026-04-17,15,630000,ОЭС УРАЛА,30481,28477
2026-04-17 16:00,2026-04-17,16,630000,ОЭС УРАЛА,30321,28562
2026-04-17 17:00,2026-04-17,17,630000,ОЭС УРАЛА,30312,28392
2026-04-17 18:00,2026-04-17,18,630000,ОЭС УРАЛА,30235,28434
2026-04-17 19:00,2026-04-17,19,630000,ОЭС УРАЛА,30335,29097
2026-04-17 20:00,2026-04-17,20,630000,ОЭС УРАЛА,30206,28769
2026-04-17 21:00,2026-04-17,21,630000,ОЭС УРАЛА,29934,28098
2026-04-17 22:00,2026-04-17,22,630000,ОЭС УРАЛА,28738,27244
2026-04-17 23:00,2026-04-17,23,630000,ОЭС УРАЛА,27900,26728
2026-04-18 00:00,2026-04-18,0,630000,ОЭС УРАЛА,27761,26241
2026-04-18 01:00,2026-04-18,1,630000,ОЭС УРАЛА,26602,26291
2026-04-18 02:00,2026-04-18,2,630000,ОЭС УРАЛА,26260,25889
2026-04-18 03:00,2026-04-18,3,630000,ОЭС УРАЛА,26087,26161
2026-04-18 04:00,2026-04-18,4,630000,ОЭС УРАЛА,25855,26116
2026-04-18 05:00,2026-04-18,5,630000,ОЭС УРАЛА,25794,26349
2026-04-18 06:00,2026-04-18,6,630000,ОЭС УРАЛА,26965,26971
2026-04-18 07:00,2026-04-18,7,630000,ОЭС УРАЛА,28235,27971
2026-04-18 08:00,2026-04-18,8,630000,ОЭС УРАЛА,29476,28234
2026-04-18 09:00,2026-04-18,9,630000,ОЭС УРАЛА,30846,28765
2026-04-18 10:00,2026-04-18,10,630000,ОЭС УРАЛА,31264,29209
2026-04-18 11:00,2026-04-18,11,630000,ОЭС УРАЛА,31252,29023
2026-04-18 12:00,2026-04-18,12,630000,ОЭС УРАЛА,31285,28896
2026-04-18 13:00,2026-04-18,13,630000,ОЭС УРАЛА,31433,28780
2026-04-18 14:00,2026-04-18,14,630000,ОЭС УРАЛА,31518,28693
2026-04-18 15:00,2026-04-18,15,630000,ОЭС УРАЛА,30955,28871
2026-04-18 16:00,2026-04-18,16,630000,ОЭС УРАЛА,30676,28879
2026-04-18 17:00,2026-04-18,17,630000,ОЭС УРАЛА,30585,28612
2026-04-18 18:00,2026-04-18,18,630000,ОЭС УРАЛА,30885,28957
2026-04-18 19:00,2026-04-18,19,630000,ОЭС УРАЛА,31108,29147
2026-04-18 20:00,2026-04-18,20,630000,ОЭС УРАЛА,31056,28747
2026-04-18 21:00,2026-04-18,21,630000,ОЭС УРАЛА,30895,28131
2026-04-18 22:00,2026-04-18,22,630000,ОЭС УРАЛА,30184,27657
2026-04-18 23:00,2026-04-18,23,630000,ОЭС УРАЛА,28661,26765
2026-04-19 00:00,2026-04-19,0,630000,ОЭС УРАЛА,27595,26406
2026-04-19 01:00,2026-04-19,1,630000,ОЭС УРАЛА,26606,26133
2026-04-19 02:00,2026-04-19,2,630000,ОЭС УРАЛА,26121,26151
2026-04-19 03:00,2026-04-19,3,630000,ОЭС УРАЛА,25992,26074
2026-04-19 04:00,2026-04-19,4,630000,ОЭС УРАЛА,26121,25914
2026-04-19 05:00,2026-04-19,5,630000,ОЭС УРАЛА,26372,26253
2026-04-19 06:00,2026-04-19,6,630000,ОЭС УРАЛА,26867,26795
2026-04-19 07:00,2026-04-19,7,630000,ОЭС УРАЛА,27412,27650
2026-04-19 08:00,2026-04-19,8,630000,ОЭС УРАЛА,29116,27880
2026-04-19 09:00,2026-04-19,9,630000,ОЭС УРАЛА,30380,28357
2026-04-19 10:00,2026-04-19,10,630000,ОЭС УРАЛА,30734,28711
2026-04-19 11:00,2026-04-19,11,630000,ОЭС УРАЛА,30537,28747
2026-04-19 12:00,2026-04-19,12,630000,ОЭС УРАЛА,30386,28714
2026-04-19 13:00,2026-04-19,13,630000,ОЭС УРАЛА,30536,28268
2026-04-19 14:00,2026-04-19,14,630000,ОЭС УРАЛА,31088,28746
2026-04-19 15:00,2026-04-19,15,630000,ОЭС УРАЛА,31005,28625
2026-04-19 16:00,2026-04-19,16,630000,ОЭС УРАЛА,30914,28725
2026-04-19 17:00,2026-04-19,17,630000,ОЭС УРАЛА,31203,28864
2026-04-19 18:00,2026-04-19,18,630000,ОЭС УРАЛА,31402,28837
2026-04-19 19:00,2026-04-19,19,630000,ОЭС УРАЛА,31242,29331
2026-04-19 20:00,2026-04-19,20,630000,ОЭС УРАЛА,30794,28918
2026-04-19 21:00,2026-04-19,21,630000,ОЭС УРАЛА,30414,28296
2026-04-19 22:00,2026-04-19,22,630000,ОЭС УРАЛА,29566,27134
2026-04-19 23:00,2026-04-19,23,630000,ОЭС УРАЛА,27994,26660
2026-04-20 00:00,2026-04-20,0,630000,ОЭС УРАЛА,26710,26082
2026-04-20 01:00,2026-04-20,1,630000,ОЭС УРАЛА,25365,26000
2026-04-20 02:00,2026-04-20,2,630000,ОЭС УРАЛА,24914,25791
2026-04-20 03:00,2026-04-20,3,630000,ОЭС УРАЛА,25412,26189
2026-04-20 04:00,2026-04-20,4,630000,ОЭС УРАЛА,25802,26507
2026-04-20 05:00,2026-04-20,5,630000,ОЭС УРАЛА,26774,27215
2026-04-20 06:00,2026-04-20,6,630000,ОЭС УРАЛА,27493,28325
2026-04-20 07:00,2026-04-20,7,630000,ОЭС УРАЛА,29178,29015
2026-04-20 08:00,2026-04-20,8,630000,ОЭС УРАЛА,30168,29261
2026-04-20 09:00,2026-04-20,9,630000,ОЭС УРАЛА,31015,29303
2026-04-20 10:00,2026-04-20,10,630000,ОЭС УРАЛА,31083,29203
2026-04-20 11:00,2026-04-20,11,630000,ОЭС УРАЛА,31089,29140
2026-04-20 12:00,2026-04-20,12,630000,ОЭС УРАЛА,30970,29230
2026-04-20 13:00,2026-04-20,13,630000,ОЭС УРАЛА,31432,29121
2026-04-20 14:00,2026-04-20,14,630000,ОЭС УРАЛА,31405,29312
2026-04-20 15:00,2026-04-20,15,630000,ОЭС УРАЛА,31371,29251
2026-04-20 16:00,2026-04-20,16,630000,ОЭС УРАЛА,31365,29230
2026-04-20 17:00,2026-04-20,17,630000,ОЭС УРАЛА,31037,29169
2026-04-20 18:00,2026-04-20,18,630000,ОЭС УРАЛА,31198,29077
2026-04-20 19:00,2026-04-20,19,630000,ОЭС УРАЛА,31151,29502
2026-04-20 20:00,2026-04-20,20,630000,ОЭС УРАЛА,30913,29255
2026-04-20 21:00,2026-04-20,21,630000,ОЭС УРАЛА,30241,28465
2026-04-20 22:00,2026-04-20,22,630000,ОЭС УРАЛА,29671,27535
2026-04-20 23:00,2026-04-20,23,630000,ОЭС УРАЛА,27474,26740
2026-04-21 00:00,2026-04-21,0,630000,ОЭС УРАЛА,26438,26624
2026-04-21 01:00,2026-04-21,1,630000,ОЭС УРАЛА,25299,26424
2026-04-21 02:00,2026-04-21,2,630000,ОЭС УРАЛА,24700,26280
2026-04-21 03:00,2026-04-21,3,630000,ОЭС УРАЛА,25066,26395
2026-04-21 04:00,2026-04-21,4,630000,ОЭС УРАЛА,25420,26625
2026-04-21 05:00,2026-04-21,5,630000,ОЭС УРАЛА,26587,27481
2026-04-21 06:00,2026-04-21,6,630000,ОЭС УРАЛА,28155,28431
2026-04-21 07:00,2026-04-21,7,630000,ОЭС УРАЛА,29172,29247
2026-04-21 08:00,2026-04-21,8,630000,ОЭС УРАЛА,30147,29350
2026-04-21 09:00,2026-04-21,9,630000,ОЭС УРАЛА,30561,29404
2026-04-21 10:00,2026-04-21,10,630000,ОЭС УРАЛА,30305,29582
2026-04-21 11:00,2026-04-21,11,630000,ОЭС УРАЛА,30764,29525
2026-04-21 12:00,2026-04-21,12,630000,ОЭС УРАЛА,30651,29468
2026-04-21 13:00,2026-04-21,13,630000,ОЭС УРАЛА,30872,29333
2026-04-21 14:00,2026-04-21,14,630000,ОЭС УРАЛА,31254,29538
2026-04-21 15:00,2026-04-21,15,630000,ОЭС УРАЛА,31339,29225
2026-04-21 16:00,2026-04-21,16,630000,ОЭС УРАЛА,31504,29160
2026-04-21 17:00,2026-04-21,17,630000,ОЭС УРАЛА,31262,29012
2026-04-21 18:00,2026-04-21,18,630000,ОЭС УРАЛА,30905,29018
2026-04-21 19:00,2026-04-21,19,630000,ОЭС УРАЛА,30774,29372
2026-04-21 20:00,2026-04-21,20,630000,ОЭС УРАЛА,30530,29165
2026-04-21 21:00,2026-04-21,21,630000,ОЭС УРАЛА,30006,28219
2026-04-21 22:00,2026-04-21,22,630000,ОЭС УРАЛА,28882,27348
2026-04-21 23:00,2026-04-21,23,630000,ОЭС УРАЛА,27340,26887
2026-04-22 00:00,2026-04-22,0,630000,ОЭС УРАЛА,26562,26533
2026-04-22 01:00,2026-04-22,1,630000,ОЭС УРАЛА,26101,26178
2026-04-22 02:00,2026-04-22,2,630000,ОЭС УРАЛА,25767,26354
2026-04-22 03:00,2026-04-22,3,630000,ОЭС УРАЛА,25858,26488
2026-04-22 04:00,2026-04-22,4,630000,ОЭС УРАЛА,26535,26704
2026-04-22 05:00,2026-04-22,5,630000,ОЭС УРАЛА,28633,27451
2026-04-22 06:00,2026-04-22,6,630000,ОЭС УРАЛА,29344,28280
2026-04-22 07:00,2026-04-22,7,630000,ОЭС УРАЛА,30093,29187
2026-04-22 08:00,2026-04-22,8,630000,ОЭС УРАЛА,31196,29476
2026-04-22 09:00,2026-04-22,9,630000,ОЭС УРАЛА,31469,29534
2026-04-22 10:00,2026-04-22,10,630000,ОЭС УРАЛА,31532,29284
2026-04-22 11:00,2026-04-22,11,630000,ОЭС УРАЛА,31649,29151
2026-04-22 12:00,2026-04-22,12,630000,ОЭС УРАЛА,31214,29060
2026-04-22 13:00,2026-04-22,13,630000,ОЭС УРАЛА,30956,29160
2026-04-22 14:00,2026-04-22,14,630000,ОЭС УРАЛА,31578,29154
2026-04-22 15:00,2026-04-22,15,630000,ОЭС УРАЛА,31365,29038
2026-04-22 16:00,2026-04-22,16,630000,ОЭС УРАЛА,31570,28919
2026-04-22 17:00,2026-04-22,17,630000,ОЭС УРАЛА,31546,29008
2026-04-22 18:00,2026-04-22,18,630000,ОЭС УРАЛА,31490,29082
2026-04-22 19:00,2026-04-22,19,630000,ОЭС УРАЛА,31842,29298
2026-04-22 20:00,2026-04-22,20,630000,ОЭС УРАЛА,31682,29019
2026-04-22 21:00,2026-04-22,21,630000,ОЭС УРАЛА,31313,28475
2026-04-22 22:00,2026-04-22,22,630000,ОЭС УРАЛА,30093,27629
2026-04-22 23:00,2026-04-22,23,630000,ОЭС УРАЛА,28523,26729
2026-04-23 00:00,2026-04-23,0,630000,ОЭС УРАЛА,27189,26317
2026-04-23 01:00,2026-04-23,1,630000,ОЭС УРАЛА,25456,26045
2026-04-23 02:00,2026-04-23,2,630000,ОЭС УРАЛА,24587,25972
2026-04-23 03:00,2026-04-23,3,630000,ОЭС УРАЛА,24452,26122
2026-04-23 04:00,2026-04-23,4,630000,ОЭС УРАЛА,24650,26402
2026-04-23 05:00,2026-04-23,5,630000,ОЭС УРАЛА,26090,27216
2026-04-23 06:00,2026-04-23,6,630000,ОЭС УРАЛА,28065,28144
2026-04-23 07:00,2026-04-23,7,630000,ОЭС УРАЛА,29682,29037
2026-04-23 08:00,2026-04-23,8,630000,ОЭС УРАЛА,30397,29375
2026-04-23 09:00,2026-04-23,9,630000,ОЭС УРАЛА,30767,29370
2026-04-23 10:00,2026-04-23,10,630000,ОЭС УРАЛА,30619,29371
2026-04-23 11:00,2026-04-23,11,630000,ОЭС УРАЛА,30971,29233
2026-04-23 12:00,2026-04-23,12,630000,ОЭС УРАЛА,31085,29231
2026-04-23 13:00,2026-04-23,13,630000,ОЭС УРАЛА,31013,29086
2026-04-23 14:00,2026-04-23,14,630000,ОЭС УРАЛА,31086,29172
2026-04-23 15:00,2026-04-23,15,630000,ОЭС УРАЛА,30926,29075
2026-04-23 16:00,2026-04-23,16,630000,ОЭС УРАЛА,30936,29154
2026-04-23 17:00,2026-04-23,17,630000,ОЭС УРАЛА,31174,29108
2026-04-23 18:00,2026-04-23,18,630000,ОЭС УРАЛА,31020,28993
2026-04-23 19:00,2026-04-23,19,630000,ОЭС УРАЛА,31095,29518
2026-04-23 20:00,2026-04-23,20,630000,ОЭС УРАЛА,31204,29220
2026-04-23 21:00,2026-04-23,21,630000,ОЭС УРАЛА,30883,28313
2026-04-23 22:00,2026-04-23,22,630000,ОЭС УРАЛА,29928,27385
2026-04-23 23:00,2026-04-23,23,630000,ОЭС УРАЛА,27997,26800
2026-04-24 00:00,2026-04-24,0,630000,ОЭС УРАЛА,26307,26418
2026-04-24 01:00,2026-04-24,1,630000,ОЭС УРАЛА,25572,26375
2026-04-24 02:00,2026-04-24,2,630000,ОЭС УРАЛА,25041,26237
2026-04-24 03:00,2026-04-24,3,630000,ОЭС УРАЛА,25151,26415
2026-04-24 04:00,2026-04-24,4,630000,ОЭС УРАЛА,25523,26679
2026-04-24 05:00,2026-04-24,5,630000,ОЭС УРАЛА,26117,27310
2026-04-24 06:00,2026-04-24,6,630000,ОЭС УРАЛА,27902,28443
2026-04-24 07:00,2026-04-24,7,630000,ОЭС УРАЛА,28707,29249
2026-04-24 08:00,2026-04-24,8,630000,ОЭС УРАЛА,29953,29446
2026-04-24 09:00,2026-04-24,9,630000,ОЭС УРАЛА,30572,29211
2026-04-24 10:00,2026-04-24,10,630000,ОЭС УРАЛА,30532,29309
2026-04-24 11:00,2026-04-24,11,630000,ОЭС УРАЛА,31078,29182
2026-04-24 12:00,2026-04-24,12,630000,ОЭС УРАЛА,31027,29218
2026-04-24 13:00,2026-04-24,13,630000,ОЭС УРАЛА,31126,29240
2026-04-24 14:00,2026-04-24,14,630000,ОЭС УРАЛА,31104,29094
2026-04-24 15:00,2026-04-24,15,630000,ОЭС УРАЛА,30987,29159
2026-04-24 16:00,2026-04-24,16,630000,ОЭС УРАЛА,30985,28964
2026-04-24 17:00,2026-04-24,17,630000,ОЭС УРАЛА,31142,28880
2026-04-24 18:00,2026-04-24,18,630000,ОЭС УРАЛА,31237,28847
2026-04-24 19:00,2026-04-24,19,630000,ОЭС УРАЛА,31209,29345
2026-04-24 20:00,2026-04-24,20,630000,ОЭС УРАЛА,31024,29303
2026-04-24 21:00,2026-04-24,21,630000,ОЭС УРАЛА,30644,28294
2026-04-24 22:00,2026-04-24,22,630000,ОЭС УРАЛА,29868,27781
2026-04-24 23:00,2026-04-24,23,630000,ОЭС УРАЛА,29100,27258
2026-04-25 00:00,2026-04-25,0,630000,ОЭС УРАЛА,28415,26685
2026-04-25 01:00,2026-04-25,1,630000,ОЭС УРАЛА,27759,26476
2026-04-25 02:00,2026-04-25,2,630000,ОЭС УРАЛА,26974,26342
2026-04-25 03:00,2026-04-25,3,630000,ОЭС УРАЛА,26530,26281
2026-04-25 04:00,2026-04-25,4,630000,ОЭС УРАЛА,26134,26422
2026-04-25 05:00,2026-04-25,5,630000,ОЭС УРАЛА,25890,26604
2026-04-25 06:00,2026-04-25,6,630000,ОЭС УРАЛА,26941,27057
2026-04-25 07:00,2026-04-25,7,630000,ОЭС УРАЛА,27573,28372
2026-04-25 08:00,2026-04-25,8,630000,ОЭС УРАЛА,28385,28902
2026-04-25 09:00,2026-04-25,9,630000,ОЭС УРАЛА,29075,29122
2026-04-25 10:00,2026-04-25,10,630000,ОЭС УРАЛА,29596,29193
2026-04-25 11:00,2026-04-25,11,630000,ОЭС УРАЛА,29949,29077
2026-04-25 12:00,2026-04-25,12,630000,ОЭС УРАЛА,30028,29372
2026-04-25 13:00,2026-04-25,13,630000,ОЭС УРАЛА,29834,28917
2026-04-25 14:00,2026-04-25,14,630000,ОЭС УРАЛА,29982,29058
2026-04-25 15:00,2026-04-25,15,630000,ОЭС УРАЛА,30324,29037
2026-04-25 16:00,2026-04-25,16,630000,ОЭС УРАЛА,29943,29103
2026-04-25 17:00,2026-04-25,17,630000,ОЭС УРАЛА,30002,28780
2026-04-25 18:00,2026-04-25,18,630000,ОЭС УРАЛА,30000,28690
2026-04-25 19:00,2026-04-25,19,630000,ОЭС УРАЛА,29971,29120
2026-04-25 20:00,2026-04-25,20,630000,ОЭС УРАЛА,30015,28925
2026-04-25 21:00,2026-04-25,21,630000,ОЭС УРАЛА,29938,28473
2026-04-25 22:00,2026-04-25,22,630000,ОЭС УРАЛА,29531,27676
2026-04-25 23:00,2026-04-25,23,630000,ОЭС УРАЛА,28205,26970
2026-04-26 00:00,2026-04-26,0,630000,ОЭС УРАЛА,26981,26546
2026-04-26 01:00,2026-04-26,1,630000,ОЭС УРАЛА,25521,26333
2026-04-26 02:00,2026-04-26,2,630000,ОЭС УРАЛА,24731,26125
2026-04-26 03:00,2026-04-26,3,630000,ОЭС УРАЛА,24541,26129
2026-04-26 04:00,2026-04-26,4,630000,ОЭС УРАЛА,24203,25970
2026-04-26 05:00,2026-04-26,5,630000,ОЭС УРАЛА,24092,26045
2026-04-26 06:00,2026-04-26,6,630000,ОЭС УРАЛА,24930,26633
2026-04-26 07:00,2026-04-26,7,630000,ОЭС УРАЛА,25993,27662
2026-04-26 08:00,2026-04-26,8,630000,ОЭС УРАЛА,27957,28526
2026-04-26 09:00,2026-04-26,9,630000,ОЭС УРАЛА,28770,29000
2026-04-26 10:00,2026-04-26,10,630000,ОЭС УРАЛА,29240,28852
2026-04-26 11:00,2026-04-26,11,630000,ОЭС УРАЛА,29554,29132
2026-04-26 12:00,2026-04-26,12,630000,ОЭС УРАЛА,29533,28965
2026-04-26 13:00,2026-04-26,13,630000,ОЭС УРАЛА,29548,28568
2026-04-26 14:00,2026-04-26,14,630000,ОЭС УРАЛА,28998,28717
2026-04-26 15:00,2026-04-26,15,630000,ОЭС УРАЛА,29572,28876
2026-04-26 16:00,2026-04-26,16,630000,ОЭС УРАЛА,29588,28815
2026-04-26 17:00,2026-04-26,17,630000,ОЭС УРАЛА,30066,29002
2026-04-26 18:00,2026-04-26,18,630000,ОЭС УРАЛА,30215,28780
2026-04-26 19:00,2026-04-26,19,630000,ОЭС УРАЛА,30476,29393
2026-04-26 20:00,2026-04-26,20,630000,ОЭС УРАЛА,30510,29231
2026-04-26 21:00,2026-04-26,21,630000,ОЭС УРАЛА,30267,28365
2026-04-26 22:00,2026-04-26,22,630000,ОЭС УРАЛА,29320,27582
2026-04-26 23:00,2026-04-26,23,630000,ОЭС УРАЛА,28069,26801
2026-04-27 00:00,2026-04-27,0,630000,ОЭС УРАЛА,26070,26455
2026-04-27 01:00,2026-04-27,1,630000,ОЭС УРАЛА,25157,26289
2026-04-27 02:00,2026-04-27,2,630000,ОЭС УРАЛА,25041,26284
2026-04-27 03:00,2026-04-27,3,630000,ОЭС УРАЛА,24883,26226
2026-04-27 04:00,2026-04-27,4,630000,ОЭС УРАЛА,25119,26481
2026-04-27 05:00,2026-04-27,5,630000,ОЭС УРАЛА,26007,27426
2026-04-27 06:00,2026-04-27,6,630000,ОЭС УРАЛА,27497,28319
2026-04-27 07:00,2026-04-27,7,630000,ОЭС УРАЛА,29043,29014
2026-04-27 08:00,2026-04-27,8,630000,ОЭС УРАЛА,29987,29370
2026-04-27 09:00,2026-04-27,9,630000,ОЭС УРАЛА,30519,29430
2026-04-27 10:00,2026-04-27,10,630000,ОЭС УРАЛА,30452,29138
2026-04-27 11:00,2026-04-27,11,630000,ОЭС УРАЛА,30500,29071
2026-04-27 12:00,2026-04-27,12,630000,ОЭС УРАЛА,30455,29126
2026-04-27 13:00,2026-04-27,13,630000,ОЭС УРАЛА,30194,28969
2026-04-27 14:00,2026-04-27,14,630000,ОЭС УРАЛА,29977,28911
2026-04-27 15:00,2026-04-27,15,630000,ОЭС УРАЛА,30207,28702
2026-04-27 16:00,2026-04-27,16,630000,ОЭС УРАЛА,30097,28638
2026-04-27 17:00,2026-04-27,17,630000,ОЭС УРАЛА,29963,28654
2026-04-27 18:00,2026-04-27,18,630000,ОЭС УРАЛА,30151,28524
2026-04-27 19:00,2026-04-27,19,630000,ОЭС УРАЛА,30106,28888
2026-04-27 20:00,2026-04-27,20,630000,ОЭС УРАЛА,30294,28863
2026-04-27 21:00,2026-04-27,21,630000,ОЭС УРАЛА,29816,27971
2026-04-27 22:00,2026-04-27,22,630000,ОЭС УРАЛА,29109,27442
2026-04-27 23:00,2026-04-27,23,630000,ОЭС УРАЛА,27633,26717
2026-04-28 00:00,2026-04-28,0,630000,ОЭС УРАЛА,25835,26330
2026-04-28 01:00,2026-04-28,1,630000,ОЭС УРАЛА,25525,26097
2026-04-28 02:00,2026-04-28,2,630000,ОЭС УРАЛА,25139,25862
2026-04-28 03:00,2026-04-28,3,630000,ОЭС УРАЛА,25019,26123
2026-04-28 04:00,2026-04-28,4,630000,ОЭС УРАЛА,25234,26643
2026-04-28 05:00,2026-04-28,5,630000,ОЭС УРАЛА,26549,27335
2026-04-28 06:00,2026-04-28,6,630000,ОЭС УРАЛА,27838,28054
2026-04-28 07:00,2026-04-28,7,630000,ОЭС УРАЛА,29565,29066
2026-04-28 08:00,2026-04-28,8,630000,ОЭС УРАЛА,30150,28994
2026-04-28 09:00,2026-04-28,9,630000,ОЭС УРАЛА,30433,29111
2026-04-28 10:00,2026-04-28,10,630000,ОЭС УРАЛА,30468,29086
2026-04-28 11:00,2026-04-28,11,630000,ОЭС УРАЛА,30431,28943
2026-04-28 12:00,2026-04-28,12,630000,ОЭС УРАЛА,30329,28984
2026-04-28 13:00,2026-04-28,13,630000,ОЭС УРАЛА,30090,28909
2026-04-28 14:00,2026-04-28,14,630000,ОЭС УРАЛА,30400,28822
2026-04-28 15:00,2026-04-28,15,630000,ОЭС УРАЛА,30479,28827
2026-04-28 16:00,2026-04-28,16,630000,ОЭС УРАЛА,30657,28808
2026-04-28 17:00,2026-04-28,17,630000,ОЭС УРАЛА,30503,28628
2026-04-28 18:00,2026-04-28,18,630000,ОЭС УРАЛА,30592,28485
2026-04-28 19:00,2026-04-28,19,630000,ОЭС УРАЛА,30356,29012
2026-04-28 20:00,2026-04-28,20,630000,ОЭС УРАЛА,30368,28728
2026-04-28 21:00,2026-04-28,21,630000,ОЭС УРАЛА,29850,28248
2026-04-28 22:00,2026-04-28,22,630000,ОЭС УРАЛА,29028,27442
2026-04-28 23:00,2026-04-28,23,630000,ОЭС УРАЛА,26996,26547
2026-04-29 00:00,2026-04-29,0,630000,ОЭС УРАЛА,25799,26297
2026-04-29 01:00,2026-04-29,1,630000,ОЭС УРАЛА,24916,26075
2026-04-29 02:00,2026-04-29,2,630000,ОЭС УРАЛА,24919,26079
2026-04-29 03:00,2026-04-29,3,630000,ОЭС УРАЛА,25327,26217
2026-04-29 04:00,2026-04-29,4,630000,ОЭС УРАЛА,25659,26306
2026-04-29 05:00,2026-04-29,5,630000,ОЭС УРАЛА,26093,27401
2026-04-29 06:00,2026-04-29,6,630000,ОЭС УРАЛА,27698,28063
2026-04-29 07:00,2026-04-29,7,630000,ОЭС УРАЛА,29340,28571
2026-04-29 08:00,2026-04-29,8,630000,ОЭС УРАЛА,29936,28944
2026-04-29 09:00,2026-04-29,9,630000,ОЭС УРАЛА,29864,28914
2026-04-29 10:00,2026-04-29,10,630000,ОЭС УРАЛА,29818,28670
2026-04-29 11:00,2026-04-29,11,630000,ОЭС УРАЛА,29808,28480
2026-04-29 12:00,2026-04-29,12,630000,ОЭС УРАЛА,29688,28597
2026-04-29 13:00,2026-04-29,13,630000,ОЭС УРАЛА,29768,28528
2026-04-29 14:00,2026-04-29,14,630000,ОЭС УРАЛА,30299,28448
2026-04-29 15:00,2026-04-29,15,630000,ОЭС УРАЛА,30412,28428
2026-04-29 16:00,2026-04-29,16,630000,ОЭС УРАЛА,30259,28546
2026-04-29 17:00,2026-04-29,17,630000,ОЭС УРАЛА,30536,28294
2026-04-29 18:00,2026-04-29,18,630000,ОЭС УРАЛА,30642,28480
2026-04-29 19:00,2026-04-29,19,630000,ОЭС УРАЛА,30792,28822
2026-04-29 20:00,2026-04-29,20,630000,ОЭС УРАЛА,30444,28698
2026-04-29 21:00,2026-04-29,21,630000,ОЭС УРАЛА,29929,28021
2026-04-29 22:00,2026-04-29,22,630000,ОЭС УРАЛА,29063,27140
2026-04-29 23:00,2026-04-29,23,630000,ОЭС УРАЛА,27762,26439
2026-04-30 00:00,2026-04-30,0,630000,ОЭС УРАЛА,26299,26230
2026-04-30 01:00,2026-04-30,1,630000,ОЭС УРАЛА,25618,25857
2026-04-30 02:00,2026-04-30,2,630000,ОЭС УРАЛА,25119,25902
2026-04-30 03:00,2026-04-30,3,630000,ОЭС УРАЛА,24740,25702
2026-04-30 04:00,2026-04-30,4,630000,ОЭС УРАЛА,25132,26275
2026-04-30 05:00,2026-04-30,5,630000,ОЭС УРАЛА,26048,27071
2026-04-30 06:00,2026-04-30,6,630000,ОЭС УРАЛА,27914,27913
2026-04-30 07:00,2026-04-30,7,630000,ОЭС УРАЛА,29063,28644
2026-04-30 08:00,2026-04-30,8,630000,ОЭС УРАЛА,29678,28675
2026-04-30 09:00,2026-04-30,9,630000,ОЭС УРАЛА,30042,28764
2026-04-30 10:00,2026-04-30,10,630000,ОЭС УРАЛА,29966,28395
2026-04-30 11:00,2026-04-30,11,630000,ОЭС УРАЛА,29757,28347
2026-04-30 12:00,2026-04-30,12,630000,ОЭС УРАЛА,29593,28408
2026-04-30 13:00,2026-04-30,13,630000,ОЭС УРАЛА,29692,28122
2026-04-30 14:00,2026-04-30,14,630000,ОЭС УРАЛА,29897,27952
2026-04-30 15:00,2026-04-30,15,630000,ОЭС УРАЛА,30067,27940
2026-04-30 16:00,2026-04-30,16,630000,ОЭС УРАЛА,30162,28095
2026-04-30 17:00,2026-04-30,17,630000,ОЭС УРАЛА,30162,27962
2026-04-30 18:00,2026-04-30,18,630000,ОЭС УРАЛА,30356,27844
2026-04-30 19:00,2026-04-30,19,630000,ОЭС УРАЛА,30387,28353
2026-04-30 20:00,2026-04-30,20,630000,ОЭС УРАЛА,30526,28180
2026-04-30 21:00,2026-04-30,21,630000,ОЭС УРАЛА,29489,27599
2026-04-30 22:00,2026-04-30,22,630000,ОЭС УРАЛА,28885,26763
2026-04-30 23:00,2026-04-30,23,630000,ОЭС УРАЛА,28103,26302
2026-05-01 00:00,2026-05-01,0,630000,ОЭС УРАЛА,26198,25775
2026-05-01 01:00,2026-05-01,1,630000,ОЭС УРАЛА,25587,25584
2026-05-01 02:00,2026-05-01,2,630000,ОЭС УРАЛА,25117,25346
2026-05-01 03:00,2026-05-01,3,630000,ОЭС УРАЛА,25828,25215
2026-05-01 04:00,2026-05-01,4,630000,ОЭС УРАЛА,25737,25440
2026-05-01 05:00,2026-05-01,5,630000,ОЭС УРАЛА,25543,25693
2026-05-01 06:00,2026-05-01,6,630000,ОЭС УРАЛА,26481,26210
2026-05-01 07:00,2026-05-01,7,630000,ОЭС УРАЛА,27723,27357
2026-05-01 08:00,2026-05-01,8,630000,ОЭС УРАЛА,29389,27962
2026-05-01 09:00,2026-05-01,9,630000,ОЭС УРАЛА,30267,28384
2026-05-01 10:00,2026-05-01,10,630000,ОЭС УРАЛА,30417,28607
2026-05-01 11:00,2026-05-01,11,630000,ОЭС УРАЛА,30188,28629
2026-05-01 12:00,2026-05-01,12,630000,ОЭС УРАЛА,30259,28606
2026-05-01 13:00,2026-05-01,13,630000,ОЭС УРАЛА,30248,28240
2026-05-01 14:00,2026-05-01,14,630000,ОЭС УРАЛА,30105,28043
2026-05-01 15:00,2026-05-01,15,630000,ОЭС УРАЛА,30545,28381
2026-05-01 16:00,2026-05-01,16,630000,ОЭС УРАЛА,30424,28573
2026-05-01 17:00,2026-05-01,17,630000,ОЭС УРАЛА,30496,28335
2026-05-01 18:00,2026-05-01,18,630000,ОЭС УРАЛА,30523,28270
2026-05-01 19:00,2026-05-01,19,630000,ОЭС УРАЛА,30543,28648
2026-05-01 20:00,2026-05-01,20,630000,ОЭС УРАЛА,30508,28467
2026-05-01 21:00,2026-05-01,21,630000,ОЭС УРАЛА,30444,28000
2026-05-01 22:00,2026-05-01,22,630000,ОЭС УРАЛА,29863,27240
2026-05-01 23:00,2026-05-01,23,630000,ОЭС УРАЛА,28718,26716
2026-05-02 00:00,2026-05-02,0,630000,ОЭС УРАЛА,27394,26076
2026-05-02 01:00,2026-05-02,1,630000,ОЭС УРАЛА,26391,25943
2026-05-02 02:00,2026-05-02,2,630000,ОЭС УРАЛА,26000,25976
2026-05-02 03:00,2026-05-02,3,630000,ОЭС УРАЛА,25867,25718
2026-05-02 04:00,2026-05-02,4,630000,ОЭС УРАЛА,25875,25788
2026-05-02 05:00,2026-05-02,5,630000,ОЭС УРАЛА,26063,26005
2026-05-02 06:00,2026-05-02,6,630000,ОЭС УРАЛА,26756,26439
2026-05-02 07:00,2026-05-02,7,630000,ОЭС УРАЛА,28157,27651
2026-05-02 08:00,2026-05-02,8,630000,ОЭС УРАЛА,29029,28057
2026-05-02 09:00,2026-05-02,9,630000,ОЭС УРАЛА,29786,28361
2026-05-02 10:00,2026-05-02,10,630000,ОЭС УРАЛА,30266,28445
2026-05-02 11:00,2026-05-02,11,630000,ОЭС УРАЛА,30472,28258
2026-05-02 12:00,2026-05-02,12,630000,ОЭС УРАЛА,30155,28373
2026-05-02 13:00,2026-05-02,13,630000,ОЭС УРАЛА,30079,27952
2026-05-02 14:00,2026-05-02,14,630000,ОЭС УРАЛА,30118,28063
2026-05-02 15:00,2026-05-02,15,630000,ОЭС УРАЛА,30566,28127
2026-05-02 16:00,2026-05-02,16,630000,ОЭС УРАЛА,30511,28234
2026-05-02 17:00,2026-05-02,17,630000,ОЭС УРАЛА,30302,27888
2026-05-02 18:00,2026-05-02,18,630000,ОЭС УРАЛА,30405,27758
2026-05-02 19:00,2026-05-02,19,630000,ОЭС УРАЛА,30772,28323
2026-05-02 20:00,2026-05-02,20,630000,ОЭС УРАЛА,30318,28251
2026-05-02 21:00,2026-05-02,21,630000,ОЭС УРАЛА,29782,27672
2026-05-02 22:00,2026-05-02,22,630000,ОЭС УРАЛА,29391,27097
2026-05-02 23:00,2026-05-02,23,630000,ОЭС УРАЛА,28360,26649
2026-05-03 00:00,2026-05-03,0,630000,ОЭС УРАЛА,27342,26022
2026-05-03 01:00,2026-05-03,1,630000,ОЭС УРАЛА,25914,25618
2026-05-03 02:00,2026-05-03,2,630000,ОЭС УРАЛА,25906,25617
2026-05-03 03:00,2026-05-03,3,630000,ОЭС УРАЛА,25211,25387
2026-05-03 04:00,2026-05-03,4,630000,ОЭС УРАЛА,24804,25521
2026-05-03 05:00,2026-05-03,5,630000,ОЭС УРАЛА,24175,25744
2026-05-03 06:00,2026-05-03,6,630000,ОЭС УРАЛА,25354,26134
2026-05-03 07:00,2026-05-03,7,630000,ОЭС УРАЛА,27235,27268
2026-05-03 08:00,2026-05-03,8,630000,ОЭС УРАЛА,28907,27901
2026-05-03 09:00,2026-05-03,9,630000,ОЭС УРАЛА,29340,27907
2026-05-03 10:00,2026-05-03,10,630000,ОЭС УРАЛА,29746,28015
2026-05-03 11:00,2026-05-03,11,630000,ОЭС УРАЛА,29470,28104
2026-05-03 12:00,2026-05-03,12,630000,ОЭС УРАЛА,29810,27727
2026-05-03 13:00,2026-05-03,13,630000,ОЭС УРАЛА,30231,27884
2026-05-03 14:00,2026-05-03,14,630000,ОЭС УРАЛА,29959,27871
2026-05-03 15:00,2026-05-03,15,630000,ОЭС УРАЛА,29634,27953
2026-05-03 16:00,2026-05-03,16,630000,ОЭС УРАЛА,30045,27856
2026-05-03 17:00,2026-05-03,17,630000,ОЭС УРАЛА,30334,28107
2026-05-03 18:00,2026-05-03,18,630000,ОЭС УРАЛА,30259,27983
2026-05-03 19:00,2026-05-03,19,630000,ОЭС УРАЛА,30191,28349
2026-05-03 20:00,2026-05-03,20,630000,ОЭС УРАЛА,30536,28341
2026-05-03 21:00,2026-05-03,21,630000,ОЭС УРАЛА,30156,27466
2026-05-03 22:00,2026-05-03,22,630000,ОЭС УРАЛА,28156,26222
2026-05-03 23:00,2026-05-03,23,630000,ОЭС УРАЛА,26926,25678
2026-05-04 00:00,2026-05-04,0,630000,ОЭС УРАЛА,25289,25515
2026-05-04 01:00,2026-05-04,1,630000,ОЭС УРАЛА,24572,25190
2026-05-04 02:00,2026-05-04,2,630000,ОЭС УРАЛА,23373,25268
2026-05-04 03:00,2026-05-04,3,630000,ОЭС УРАЛА,23205,25382
2026-05-04 04:00,2026-05-04,4,630000,ОЭС УРАЛА,22836,25632
2026-05-04 05:00,2026-05-04,5,630000,ОЭС УРАЛА,24274,26630
2026-05-04 06:00,2026-05-04,6,630000,ОЭС УРАЛА,26619,27395
2026-05-04 07:00,2026-05-04,7,630000,ОЭС УРАЛА,28453,28189
2026-05-04 08:00,2026-05-04,8,630000,ОЭС УРАЛА,29183,28441
2026-05-04 09:00,2026-05-04,9,630000,ОЭС УРАЛА,29642,28604
2026-05-04 10:00,2026-05-04,10,630000,ОЭС УРАЛА,29903,28628
2026-05-04 11:00,2026-05-04,11,630000,ОЭС УРАЛА,29790,28325
2026-05-04 12:00,2026-05-04,12,630000,ОЭС УРАЛА,29654,28321
2026-05-04 13:00,2026-05-04,13,630000,ОЭС УРАЛА,29628,28206
2026-05-04 14:00,2026-05-04,14,630000,ОЭС УРАЛА,29853,27909
2026-05-04 15:00,2026-05-04,15,630000,ОЭС УРАЛА,29891,27874
2026-05-04 16:00,2026-05-04,16,630000,ОЭС УРАЛА,30099,27935
2026-05-04 17:00,2026-05-04,17,630000,ОЭС УРАЛА,30105,27676
2026-05-04 18:00,2026-05-04,18,630000,ОЭС УРАЛА,30388,27587
2026-05-04 19:00,2026-05-04,19,630000,ОЭС УРАЛА,30359,28123
2026-05-04 20:00,2026-05-04,20,630000,ОЭС УРАЛА,29939,28108
2026-05-04 21:00,2026-05-04,21,630000,ОЭС УРАЛА,29733,27323
2026-05-04 22:00,2026-05-04,22,630000,ОЭС УРАЛА,28622,26342
2026-05-04 23:00,2026-05-04,23,630000,ОЭС УРАЛА,27099,25534
2026-05-05 00:00,2026-05-05,0,630000,ОЭС УРАЛА,25896,24967
2026-05-05 01:00,2026-05-05,1,630000,ОЭС УРАЛА,24024,24643
2026-05-05 02:00,2026-05-05,2,630000,ОЭС УРАЛА,22812,24643
2026-05-05 03:00,2026-05-05,3,630000,ОЭС УРАЛА,22821,24726
2026-05-05 04:00,2026-05-05,4,630000,ОЭС УРАЛА,23219,25120
2026-05-05 05:00,2026-05-05,5,630000,ОЭС УРАЛА,23971,25883
2026-05-05 06:00,2026-05-05,6,630000,ОЭС УРАЛА,26399,26643
2026-05-05 07:00,2026-05-05,7,630000,ОЭС УРАЛА,27592,27278
2026-05-05 08:00,2026-05-05,8,630000,ОЭС УРАЛА,29413,27704
2026-05-05 09:00,2026-05-05,9,630000,ОЭС УРАЛА,29645,27344
2026-05-05 10:00,2026-05-05,10,630000,ОЭС УРАЛА,29674,27272
2026-05-05 11:00,2026-05-05,11,630000,ОЭС УРАЛА,29384,26858
2026-05-05 12:00,2026-05-05,12,630000,ОЭС УРАЛА,29384,26918
2026-05-05 13:00,2026-05-05,13,630000,ОЭС УРАЛА,29593,27014
2026-05-05 14:00,2026-05-05,14,630000,ОЭС УРАЛА,29983,26705
2026-05-05 15:00,2026-05-05,15,630000,ОЭС УРАЛА,29958,26434
2026-05-05 16:00,2026-05-05,16,630000,ОЭС УРАЛА,30009,26543
2026-05-05 17:00,2026-05-05,17,630000,ОЭС УРАЛА,29882,26304
2026-05-05 18:00,2026-05-05,18,630000,ОЭС УРАЛА,29928,26281
2026-05-05 19:00,2026-05-05,19,630000,ОЭС УРАЛА,29948,26658
2026-05-05 20:00,2026-05-05,20,630000,ОЭС УРАЛА,29760,27032
2026-05-05 21:00,2026-05-05,21,630000,ОЭС УРАЛА,28892,26050
2026-05-05 22:00,2026-05-05,22,630000,ОЭС УРАЛА,27666,25263
2026-05-05 23:00,2026-05-05,23,630000,ОЭС УРАЛА,26393,24415
2026-05-06 00:00,2026-05-06,0,630000,ОЭС УРАЛА,24692,24078
2026-05-06 01:00,2026-05-06,1,630000,ОЭС УРАЛА,23358,23716
2026-05-06 02:00,2026-05-06,2,630000,ОЭС УРАЛА,22122,23451
2026-05-06 03:00,2026-05-06,3,630000,ОЭС УРАЛА,21804,23822
2026-05-06 04:00,2026-05-06,4,630000,ОЭС УРАЛА,21822,24126
2026-05-06 05:00,2026-05-06,5,630000,ОЭС УРАЛА,23154,25124
2026-05-06 06:00,2026-05-06,6,630000,ОЭС УРАЛА,25936,26091
2026-05-06 07:00,2026-05-06,7,630000,ОЭС УРАЛА,27046,26442
2026-05-06 08:00,2026-05-06,8,630000,ОЭС УРАЛА,28566,26988
2026-05-06 09:00,2026-05-06,9,630000,ОЭС УРАЛА,28495,26699
2026-05-06 10:00,2026-05-06,10,630000,ОЭС УРАЛА,28495,26892
2026-05-06 11:00,2026-05-06,11,630000,ОЭС УРАЛА,28484,26575
2026-05-06 12:00,2026-05-06,12,630000,ОЭС УРАЛА,28427,26811
2026-05-06 13:00,2026-05-06,13,630000,ОЭС УРАЛА,28414,26693
2026-05-06 14:00,2026-05-06,14,630000,ОЭС УРАЛА,28203,26497
2026-05-06 15:00,2026-05-06,15,630000,ОЭС УРАЛА,28502,26479
2026-05-06 16:00,2026-05-06,16,630000,ОЭС УРАЛА,28492,26237
2026-05-06 17:00,2026-05-06,17,630000,ОЭС УРАЛА,28443,26428
2026-05-06 18:00,2026-05-06,18,630000,ОЭС УРАЛА,28253,26133
2026-05-06 19:00,2026-05-06,19,630000,ОЭС УРАЛА,28221,26264
2026-05-06 20:00,2026-05-06,20,630000,ОЭС УРАЛА,28412,26573
2026-05-06 21:00,2026-05-06,21,630000,ОЭС УРАЛА,28437,25890
2026-05-06 22:00,2026-05-06,22,630000,ОЭС УРАЛА,28367,25006
2026-05-06 23:00,2026-05-06,23,630000,ОЭС УРАЛА,26286,24094
2026-05-07 00:00,2026-05-07,0,630000,ОЭС УРАЛА,23987,23480
2026-05-07 01:00,2026-05-07,1,630000,ОЭС УРАЛА,23052,23153
2026-05-07 02:00,2026-05-07,2,630000,ОЭС УРАЛА,22348,23293
2026-05-07 03:00,2026-05-07,3,630000,ОЭС УРАЛА,22362,23136
2026-05-07 04:00,2026-05-07,4,630000,ОЭС УРАЛА,22557,23772
2026-05-07 05:00,2026-05-07,5,630000,ОЭС УРАЛА,23238,24672
2026-05-07 06:00,2026-05-07,6,630000,ОЭС УРАЛА,25168,25175
2026-05-07 07:00,2026-05-07,7,630000,ОЭС УРАЛА,27541,26203
2026-05-07 08:00,2026-05-07,8,630000,ОЭС УРАЛА,28344,26770
2026-05-07 09:00,2026-05-07,9,630000,ОЭС УРАЛА,28707,26446
2026-05-07 10:00,2026-05-07,10,630000,ОЭС УРАЛА,29002,26432
2026-05-07 11:00,2026-05-07,11,630000,ОЭС УРАЛА,28913,26393
2026-05-07 12:00,2026-05-07,12,630000,ОЭС УРАЛА,29106,26578
2026-05-07 13:00,2026-05-07,13,630000,ОЭС УРАЛА,28978,26401
2026-05-07 14:00,2026-05-07,14,630000,ОЭС УРАЛА,29457,26439
2026-05-07 15:00,2026-05-07,15,630000,ОЭС УРАЛА,29298,26181
2026-05-07 16:00,2026-05-07,16,630000,ОЭС УРАЛА,29356,26276
2026-05-07 17:00,2026-05-07,17,630000,ОЭС УРАЛА,29686,26344
2026-05-07 18:00,2026-05-07,18,630000,ОЭС УРАЛА,29340,26070
2026-05-07 19:00,2026-05-07,19,630000,ОЭС УРАЛА,29201,26468
2026-05-07 20:00,2026-05-07,20,630000,ОЭС УРАЛА,29136,26489
2026-05-07 21:00,2026-05-07,21,630000,ОЭС УРАЛА,28882,25807
2026-05-07 22:00,2026-05-07,22,630000,ОЭС УРАЛА,27547,24762
2026-05-07 23:00,2026-05-07,23,630000,ОЭС УРАЛА,25968,24098
2026-05-08 00:00,2026-05-08,0,630000,ОЭС УРАЛА,23998,23845
2026-05-08 01:00,2026-05-08,1,630000,ОЭС УРАЛА,22702,23473
2026-05-08 02:00,2026-05-08,2,630000,ОЭС УРАЛА,22464,23359
2026-05-08 03:00,2026-05-08,3,630000,ОЭС УРАЛА,22029,23538
2026-05-08 04:00,2026-05-08,4,630000,ОЭС УРАЛА,22414,23980
2026-05-08 05:00,2026-05-08,5,630000,ОЭС УРАЛА,23595,24704
2026-05-08 06:00,2026-05-08,6,630000,ОЭС УРАЛА,26001,25616
2026-05-08 07:00,2026-05-08,7,630000,ОЭС УРАЛА,27400,26250
2026-05-08 08:00,2026-05-08,8,630000,ОЭС УРАЛА,28748,26493
2026-05-08 09:00,2026-05-08,9,630000,ОЭС УРАЛА,29414,26679
2026-05-08 10:00,2026-05-08,10,630000,ОЭС УРАЛА,29961,26563
2026-05-08 11:00,2026-05-08,11,630000,ОЭС УРАЛА,29339,26556
2026-05-08 12:00,2026-05-08,12,630000,ОЭС УРАЛА,28779,26566
2026-05-08 13:00,2026-05-08,13,630000,ОЭС УРАЛА,29235,26388
2026-05-08 14:00,2026-05-08,14,630000,ОЭС УРАЛА,29528,26375
2026-05-08 15:00,2026-05-08,15,630000,ОЭС УРАЛА,29543,26404
2026-05-08 16:00,2026-05-08,16,630000,ОЭС УРАЛА,29710,26417
2026-05-08 17:00,2026-05-08,17,630000,ОЭС УРАЛА,29816,26178
2026-05-08 18:00,2026-05-08,18,630000,ОЭС УРАЛА,29623,25982
2026-05-08 19:00,2026-05-08,19,630000,ОЭС УРАЛА,29590,26274
2026-05-08 20:00,2026-05-08,20,630000,ОЭС УРАЛА,29575,26382
2026-05-08 21:00,2026-05-08,21,630000,ОЭС УРАЛА,29459,25674
2026-05-08 22:00,2026-05-08,22,630000,ОЭС УРАЛА,28214,25044
2026-05-08 23:00,2026-05-08,23,630000,ОЭС УРАЛА,27010,24322
2026-05-09 00:00,2026-05-09,0,630000,ОЭС УРАЛА,25502,23675
2026-05-09 01:00,2026-05-09,1,630000,ОЭС УРАЛА,24004,23526
2026-05-09 02:00,2026-05-09,2,630000,ОЭС УРАЛА,23511,23308
2026-05-09 03:00,2026-05-09,3,630000,ОЭС УРАЛА,23285,23045
2026-05-09 04:00,2026-05-09,4,630000,ОЭС УРАЛА,22615,23130
2026-05-09 05:00,2026-05-09,5,630000,ОЭС УРАЛА,22466,23233
2026-05-09 06:00,2026-05-09,6,630000,ОЭС УРАЛА,23594,23984
2026-05-09 07:00,2026-05-09,7,630000,ОЭС УРАЛА,25133,25019
2026-05-09 08:00,2026-05-09,8,630000,ОЭС УРАЛА,27197,25686
2026-05-09 09:00,2026-05-09,9,630000,ОЭС УРАЛА,28310,25768
2026-05-09 10:00,2026-05-09,10,630000,ОЭС УРАЛА,28638,26008
2026-05-09 11:00,2026-05-09,11,630000,ОЭС УРАЛА,28420,26161
2026-05-09 12:00,2026-05-09,12,630000,ОЭС УРАЛА,28641,26101
2026-05-09 13:00,2026-05-09,13,630000,ОЭС УРАЛА,28614,25649
2026-05-09 14:00,2026-05-09,14,630000,ОЭС УРАЛА,28517,25765
2026-05-09 15:00,2026-05-09,15,630000,ОЭС УРАЛА,28512,25760
2026-05-09 16:00,2026-05-09,16,630000,ОЭС УРАЛА,28346,25601
2026-05-09 17:00,2026-05-09,17,630000,ОЭС УРАЛА,28025,25773
2026-05-09 18:00,2026-05-09,18,630000,ОЭС УРАЛА,28103,25569
2026-05-09 19:00,2026-05-09,19,630000,ОЭС УРАЛА,27684,25982
2026-05-09 20:00,2026-05-09,20,630000,ОЭС УРАЛА,28275,26262
2026-05-09 21:00,2026-05-09,21,630000,ОЭС УРАЛА,27926,25714
2026-05-09 22:00,2026-05-09,22,630000,ОЭС УРАЛА,27343,25010
2026-05-09 23:00,2026-05-09,23,630000,ОЭС УРАЛА,25668,24369
2026-05-10 00:00,2026-05-10,0,630000,ОЭС УРАЛА,24450,23728
2026-05-10 01:00,2026-05-10,1,630000,ОЭС УРАЛА,23475,23538
2026-05-10 02:00,2026-05-10,2,630000,ОЭС УРАЛА,22875,23322
2026-05-10 03:00,2026-05-10,3,630000,ОЭС УРАЛА,22369,23487
2026-05-10 04:00,2026-05-10,4,630000,ОЭС УРАЛА,21790,23536
2026-05-10 05:00,2026-05-10,5,630000,ОЭС УРАЛА,21576,23536
2026-05-10 06:00,2026-05-10,6,630000,ОЭС УРАЛА,22538,23971
2026-05-10 07:00,2026-05-10,7,630000,ОЭС УРАЛА,24526,25243
2026-05-10 08:00,2026-05-10,8,630000,ОЭС УРАЛА,25704,25864
2026-05-10 09:00,2026-05-10,9,630000,ОЭС УРАЛА,26959,26131
2026-05-10 10:00,2026-05-10,10,630000,ОЭС УРАЛА,28059,26484
2026-05-10 11:00,2026-05-10,11,630000,ОЭС УРАЛА,27910,26386
2026-05-10 12:00,2026-05-10,12,630000,ОЭС УРАЛА,28293,26433
2026-05-10 13:00,2026-05-10,13,630000,ОЭС УРАЛА,28420,26363
2026-05-10 14:00,2026-05-10,14,630000,ОЭС УРАЛА,28947,26496
2026-05-10 15:00,2026-05-10,15,630000,ОЭС УРАЛА,29213,26503
2026-05-10 16:00,2026-05-10,16,630000,ОЭС УРАЛА,29240,26682
2026-05-10 17:00,2026-05-10,17,630000,ОЭС УРАЛА,28906,26521
2026-05-10 18:00,2026-05-10,18,630000,ОЭС УРАЛА,29069,26580
2026-05-10 19:00,2026-05-10,19,630000,ОЭС УРАЛА,28809,26835
2026-05-10 20:00,2026-05-10,20,630000,ОЭС УРАЛА,28836,27062
2026-05-10 21:00,2026-05-10,21,630000,ОЭС УРАЛА,28660,26534
2026-05-10 22:00,2026-05-10,22,630000,ОЭС УРАЛА,27702,25675
2026-05-10 23:00,2026-05-10,23,630000,ОЭС УРАЛА,26538,25054
2026-05-11 00:00,2026-05-11,0,630000,ОЭС УРАЛА,24883,24609
2026-05-11 01:00,2026-05-11,1,630000,ОЭС УРАЛА,24209,24550
2026-05-11 02:00,2026-05-11,2,630000,ОЭС УРАЛА,23293,24238
2026-05-11 03:00,2026-05-11,3,630000,ОЭС УРАЛА,22299,24046
2026-05-11 04:00,2026-05-11,4,630000,ОЭС УРАЛА,21888,24173
2026-05-11 05:00,2026-05-11,5,630000,ОЭС УРАЛА,21896,24404
2026-05-11 06:00,2026-05-11,6,630000,ОЭС УРАЛА,23531,24938
2026-05-11 07:00,2026-05-11,7,630000,ОЭС УРАЛА,25215,25883
2026-05-11 08:00,2026-05-11,8,630000,ОЭС УРАЛА,27451,26680
2026-05-11 09:00,2026-05-11,9,630000,ОЭС УРАЛА,28462,27083
2026-05-11 10:00,2026-05-11,10,630000,ОЭС УРАЛА,28967,27107
2026-05-11 11:00,2026-05-11,11,630000,ОЭС УРАЛА,28920,26986
2026-05-11 12:00,2026-05-11,12,630000,ОЭС УРАЛА,28726,26830
2026-05-11 13:00,2026-05-11,13,630000,ОЭС УРАЛА,28839,26827
2026-05-11 14:00,2026-05-11,14,630000,ОЭС УРАЛА,29063,26849
2026-05-11 15:00,2026-05-11,15,630000,ОЭС УРАЛА,29148,26854
2026-05-11 16:00,2026-05-11,16,630000,ОЭС УРАЛА,29046,26970
2026-05-11 17:00,2026-05-11,17,630000,ОЭС УРАЛА,29032,26940
2026-05-11 18:00,2026-05-11,18,630000,ОЭС УРАЛА,29145,26962
2026-05-11 19:00,2026-05-11,19,630000,ОЭС УРАЛА,29146,27250
2026-05-11 20:00,2026-05-11,20,630000,ОЭС УРАЛА,29450,27759
2026-05-11 21:00,2026-05-11,21,630000,ОЭС УРАЛА,29544,27108
2026-05-11 22:00,2026-05-11,22,630000,ОЭС УРАЛА,28366,25960
2026-05-11 23:00,2026-05-11,23,630000,ОЭС УРАЛА,26231,25261
2026-05-12 00:00,2026-05-12,0,630000,ОЭС УРАЛА,24969,24510
2026-05-12 01:00,2026-05-12,1,630000,ОЭС УРАЛА,24125,24664
2026-05-12 02:00,2026-05-12,2,630000,ОЭС УРАЛА,23405,24535
2026-05-12 03:00,2026-05-12,3,630000,ОЭС УРАЛА,22942,24409
2026-05-12 04:00,2026-05-12,4,630000,ОЭС УРАЛА,22618,24906
2026-05-12 05:00,2026-05-12,5,630000,ОЭС УРАЛА,23603,25684
2026-05-12 06:00,2026-05-12,6,630000,ОЭС УРАЛА,25266,26472
2026-05-12 07:00,2026-05-12,7,630000,ОЭС УРАЛА,28089,27682
2026-05-12 08:00,2026-05-12,8,630000,ОЭС УРАЛА,28982,27412
2026-05-12 09:00,2026-05-12,9,630000,ОЭС УРАЛА,29516,27716
2026-05-12 10:00,2026-05-12,10,630000,ОЭС УРАЛА,29617,27825
2026-05-12 11:00,2026-05-12,11,630000,ОЭС УРАЛА,29327,27675
2026-05-12 12:00,2026-05-12,12,630000,ОЭС УРАЛА,29552,27834
2026-05-12 13:00,2026-05-12,13,630000,ОЭС УРАЛА,29645,27787
2026-05-12 14:00,2026-05-12,14,630000,ОЭС УРАЛА,28985,27319
2026-05-12 15:00,2026-05-12,15,630000,ОЭС УРАЛА,29108,27293
2026-05-12 16:00,2026-05-12,16,630000,ОЭС УРАЛА,29397,27693
2026-05-12 17:00,2026-05-12,17,630000,ОЭС УРАЛА,29250,27390
2026-05-12 18:00,2026-05-12,18,630000,ОЭС УРАЛА,29092,27172
2026-05-12 19:00,2026-05-12,19,630000,ОЭС УРАЛА,28598,27334
2026-05-12 20:00,2026-05-12,20,630000,ОЭС УРАЛА,28789,27573
2026-05-12 21:00,2026-05-12,21,630000,ОЭС УРАЛА,28685,26564
2026-05-12 22:00,2026-05-12,22,630000,ОЭС УРАЛА,27788,25730
2026-05-12 23:00,2026-05-12,23,630000,ОЭС УРАЛА,26119,25058
2026-05-13 00:00,2026-05-13,0,630000,ОЭС УРАЛА,24547,24792
2026-05-13 01:00,2026-05-13,1,630000,ОЭС УРАЛА,22775,24413
2026-05-13 02:00,2026-05-13,2,630000,ОЭС УРАЛА,21743,24275
2026-05-13 03:00,2026-05-13,3,630000,ОЭС УРАЛА,21628,24485
2026-05-13 04:00,2026-05-13,4,630000,ОЭС УРАЛА,21487,24855
2026-05-13 05:00,2026-05-13,5,630000,ОЭС УРАЛА,22788,25842
2026-05-13 06:00,2026-05-13,6,630000,ОЭС УРАЛА,25259,26640
2026-05-13 07:00,2026-05-13,7,630000,ОЭС УРАЛА,28277,27276
2026-05-13 08:00,2026-05-13,8,630000,ОЭС УРАЛА,28515,27402
2026-05-13 09:00,2026-05-13,9,630000,ОЭС УРАЛА,28338,27325
2026-05-13 10:00,2026-05-13,10,630000,ОЭС УРАЛА,28736,27374
2026-05-13 11:00,2026-05-13,11,630000,ОЭС УРАЛА,28680,27109
2026-05-13 12:00,2026-05-13,12,630000,ОЭС УРАЛА,28658,27175
2026-05-13 13:00,2026-05-13,13,630000,ОЭС УРАЛА,28919,27489
2026-05-13 14:00,2026-05-13,14,630000,ОЭС УРАЛА,28797,27153
2026-05-13 15:00,2026-05-13,15,630000,ОЭС УРАЛА,28527,26861
2026-05-13 16:00,2026-05-13,16,630000,ОЭС УРАЛА,28693,27086
2026-05-13 17:00,2026-05-13,17,630000,ОЭС УРАЛА,28500,27247
2026-05-13 18:00,2026-05-13,18,630000,ОЭС УРАЛА,28442,26944
2026-05-13 19:00,2026-05-13,19,630000,ОЭС УРАЛА,28358,27131
2026-05-13 20:00,2026-05-13,20,630000,ОЭС УРАЛА,28578,27489
2026-05-13 21:00,2026-05-13,21,630000,ОЭС УРАЛА,28331,26487
2026-05-13 22:00,2026-05-13,22,630000,ОЭС УРАЛА,27461,25624
2026-05-13 23:00,2026-05-13,23,630000,ОЭС УРАЛА,25359,24907
2026-05-14 00:00,2026-05-14,0,630000,ОЭС УРАЛА,23710,24224
2026-05-14 01:00,2026-05-14,1,630000,ОЭС УРАЛА,22688,24374
2026-05-14 02:00,2026-05-14,2,630000,ОЭС УРАЛА,21035,24165
2026-05-14 03:00,2026-05-14,3,630000,ОЭС УРАЛА,20813,24176
2026-05-14 04:00,2026-05-14,4,630000,ОЭС УРАЛА,20587,24750
2026-05-14 05:00,2026-05-14,5,630000,ОЭС УРАЛА,21809,25490
2026-05-14 06:00,2026-05-14,6,630000,ОЭС УРАЛА,24714,26026
2026-05-14 07:00,2026-05-14,7,630000,ОЭС УРАЛА,26370,27039
2026-05-14 08:00,2026-05-14,8,630000,ОЭС УРАЛА,27633,27170
2026-05-14 09:00,2026-05-14,9,630000,ОЭС УРАЛА,27741,27050
2026-05-14 10:00,2026-05-14,10,630000,ОЭС УРАЛА,27710,26806
2026-05-14 11:00,2026-05-14,11,630000,ОЭС УРАЛА,28143,26913
2026-05-14 12:00,2026-05-14,12,630000,ОЭС УРАЛА,28261,27017
2026-05-14 13:00,2026-05-14,13,630000,ОЭС УРАЛА,28108,26831
2026-05-14 14:00,2026-05-14,14,630000,ОЭС УРАЛА,28104,26673
2026-05-14 15:00,2026-05-14,15,630000,ОЭС УРАЛА,28100,26687
2026-05-14 16:00,2026-05-14,16,630000,ОЭС УРАЛА,28647,26906
2026-05-14 17:00,2026-05-14,17,630000,ОЭС УРАЛА,28190,26726
2026-05-14 18:00,2026-05-14,18,630000,ОЭС УРАЛА,28137,26415
2026-05-14 19:00,2026-05-14,19,630000,ОЭС УРАЛА,28038,26868
2026-05-14 20:00,2026-05-14,20,630000,ОЭС УРАЛА,27954,26991
2026-05-14 21:00,2026-05-14,21,630000,ОЭС УРАЛА,27541,26368
2026-05-14 22:00,2026-05-14,22,630000,ОЭС УРАЛА,26711,25482
2026-05-14 23:00,2026-05-14,23,630000,ОЭС УРАЛА,24545,24699
2026-05-15 00:00,2026-05-15,0,630000,ОЭС УРАЛА,22949,24029
2026-05-15 01:00,2026-05-15,1,630000,ОЭС УРАЛА,21910,23948
2026-05-15 02:00,2026-05-15,2,630000,ОЭС УРАЛА,21538,23840
2026-05-15 03:00,2026-05-15,3,630000,ОЭС УРАЛА,21862,23676
2026-05-15 04:00,2026-05-15,4,630000,ОЭС УРАЛА,22071,24270
2026-05-15 05:00,2026-05-15,5,630000,ОЭС УРАЛА,23575,25237
2026-05-15 06:00,2026-05-15,6,630000,ОЭС УРАЛА,25288,26045
2026-05-15 07:00,2026-05-15,7,630000,ОЭС УРАЛА,26439,26873
2026-05-15 08:00,2026-05-15,8,630000,ОЭС УРАЛА,27841,27222
2026-05-15 09:00,2026-05-15,9,630000,ОЭС УРАЛА,28107,26938
2026-05-15 10:00,2026-05-15,10,630000,ОЭС УРАЛА,28105,26973
2026-05-15 11:00,2026-05-15,11,630000,ОЭС УРАЛА,28281,27018
2026-05-15 12:00,2026-05-15,12,630000,ОЭС УРАЛА,27990,26877
2026-05-15 13:00,2026-05-15,13,630000,ОЭС УРАЛА,28003,26858
2026-05-15 14:00,2026-05-15,14,630000,ОЭС УРАЛА,27926,26754
2026-05-15 15:00,2026-05-15,15,630000,ОЭС УРАЛА,28029,26592
2026-05-15 16:00,2026-05-15,16,630000,ОЭС УРАЛА,28048,26623
2026-05-15 17:00,2026-05-15,17,630000,ОЭС УРАЛА,27799,26484
2026-05-15 18:00,2026-05-15,18,630000,ОЭС УРАЛА,27779,25994
2026-05-15 19:00,2026-05-15,19,630000,ОЭС УРАЛА,27931,26008
2026-05-15 20:00,2026-05-15,20,630000,ОЭС УРАЛА,27775,26369
2026-05-15 21:00,2026-05-15,21,630000,ОЭС УРАЛА,27414,25847
2026-05-15 22:00,2026-05-15,22,630000,ОЭС УРАЛА,27007,25210
2026-05-15 23:00,2026-05-15,23,630000,ОЭС УРАЛА,25336,24293
2026-05-16 00:00,2026-05-16,0,630000,ОЭС УРАЛА,24080,23884
2026-05-16 01:00,2026-05-16,1,630000,ОЭС УРАЛА,23348,23413
2026-05-16 02:00,2026-05-16,2,630000,ОЭС УРАЛА,22550,23239
2026-05-16 03:00,2026-05-16,3,630000,ОЭС УРАЛА,22290,23324
2026-05-16 04:00,2026-05-16,4,630000,ОЭС УРАЛА,21702,23254
2026-05-16 05:00,2026-05-16,5,630000,ОЭС УРАЛА,22162,23688
2026-05-16 06:00,2026-05-16,6,630000,ОЭС УРАЛА,23305,24469
2026-05-16 07:00,2026-05-16,7,630000,ОЭС УРАЛА,24638,25571
2026-05-16 08:00,2026-05-16,8,630000,ОЭС УРАЛА,26325,26221
2026-05-16 09:00,2026-05-16,9,630000,ОЭС УРАЛА,26945,26443
2026-05-16 10:00,2026-05-16,10,630000,ОЭС УРАЛА,27186,26574
2026-05-16 11:00,2026-05-16,11,630000,ОЭС УРАЛА,27140,26439
2026-05-16 12:00,2026-05-16,12,630000,ОЭС УРАЛА,27188,26210
2026-05-16 13:00,2026-05-16,13,630000,ОЭС УРАЛА,27260,26513
2026-05-16 14:00,2026-05-16,14,630000,ОЭС УРАЛА,27134,26264
2026-05-16 15:00,2026-05-16,15,630000,ОЭС УРАЛА,26961,25934
2026-05-16 16:00,2026-05-16,16,630000,ОЭС УРАЛА,26883,26107
2026-05-16 17:00,2026-05-16,17,630000,ОЭС УРАЛА,26871,25984
2026-05-16 18:00,2026-05-16,18,630000,ОЭС УРАЛА,26930,25571
2026-05-16 19:00,2026-05-16,19,630000,ОЭС УРАЛА,26960,25915
2026-05-16 20:00,2026-05-16,20,630000,ОЭС УРАЛА,27153,26235
2026-05-16 21:00,2026-05-16,21,630000,ОЭС УРАЛА,26798,25518
2026-05-16 22:00,2026-05-16,22,630000,ОЭС УРАЛА,26272,24899
2026-05-16 23:00,2026-05-16,23,630000,ОЭС УРАЛА,24465,24156
2026-05-17 00:00,2026-05-17,0,630000,ОЭС УРАЛА,24125,23597
2026-05-17 01:00,2026-05-17,1,630000,ОЭС УРАЛА,22674,23225
2026-05-17 02:00,2026-05-17,2,630000,ОЭС УРАЛА,21964,23062
2026-05-17 03:00,2026-05-17,3,630000,ОЭС УРАЛА,21565,23107
2026-05-17 04:00,2026-05-17,4,630000,ОЭС УРАЛА,20399,23250
2026-05-17 05:00,2026-05-17,5,630000,ОЭС УРАЛА,20670,23433
2026-05-17 06:00,2026-05-17,6,630000,ОЭС УРАЛА,22307,23963
2026-05-17 07:00,2026-05-17,7,630000,ОЭС УРАЛА,23413,25035
2026-05-17 08:00,2026-05-17,8,630000,ОЭС УРАЛА,25420,25628
2026-05-17 09:00,2026-05-17,9,630000,ОЭС УРАЛА,26839,26341
2026-05-17 10:00,2026-05-17,10,630000,ОЭС УРАЛА,27553,26359
2026-05-17 11:00,2026-05-17,11,630000,ОЭС УРАЛА,27616,26406
2026-05-17 12:00,2026-05-17,12,630000,ОЭС УРАЛА,27515,26494
2026-05-17 13:00,2026-05-17,13,630000,ОЭС УРАЛА,27572,26270
2026-05-17 14:00,2026-05-17,14,630000,ОЭС УРАЛА,27541,26037
2026-05-17 15:00,2026-05-17,15,630000,ОЭС УРАЛА,27120,26351
2026-05-17 16:00,2026-05-17,16,630000,ОЭС УРАЛА,27065,26331
2026-05-17 17:00,2026-05-17,17,630000,ОЭС УРАЛА,26819,26206
2026-05-17 18:00,2026-05-17,18,630000,ОЭС УРАЛА,26888,26023
2026-05-17 19:00,2026-05-17,19,630000,ОЭС УРАЛА,27026,25984
2026-05-17 20:00,2026-05-17,20,630000,ОЭС УРАЛА,26834,26518
2026-05-17 21:00,2026-05-17,21,630000,ОЭС УРАЛА,26864,25679
2026-05-17 22:00,2026-05-17,22,630000,ОЭС УРАЛА,27040,24600
2026-05-17 23:00,2026-05-17,23,630000,ОЭС УРАЛА,25110,23883
2026-05-18 00:00,2026-05-18,0,630000,ОЭС УРАЛА,22726,23431
2026-05-18 01:00,2026-05-18,1,630000,ОЭС УРАЛА,21925,23160
2026-05-18 02:00,2026-05-18,2,630000,ОЭС УРАЛА,20461,23003
2026-05-18 03:00,2026-05-18,3,630000,ОЭС УРАЛА,20260,22907
2026-05-18 04:00,2026-05-18,4,630000,ОЭС УРАЛА,20721,23814
2026-05-18 05:00,2026-05-18,5,630000,ОЭС УРАЛА,21748,24662
2026-05-18 06:00,2026-05-18,6,630000,ОЭС УРАЛА,24531,25507
2026-05-18 07:00,2026-05-18,7,630000,ОЭС УРАЛА,26618,26506
2026-05-18 08:00,2026-05-18,8,630000,ОЭС УРАЛА,27969,26849
2026-05-18 09:00,2026-05-18,9,630000,ОЭС УРАЛА,28767,27062
2026-05-18 10:00,2026-05-18,10,630000,ОЭС УРАЛА,28330,26857
2026-05-18 11:00,2026-05-18,11,630000,ОЭС УРАЛА,28597,27156
2026-05-18 12:00,2026-05-18,12,630000,ОЭС УРАЛА,28498,27079
2026-05-18 13:00,2026-05-18,13,630000,ОЭС УРАЛА,28620,27051
2026-05-18 14:00,2026-05-18,14,630000,ОЭС УРАЛА,27970,27022
2026-05-18 15:00,2026-05-18,15,630000,ОЭС УРАЛА,27721,26718
2026-05-18 16:00,2026-05-18,16,630000,ОЭС УРАЛА,27711,26712
2026-05-18 17:00,2026-05-18,17,630000,ОЭС УРАЛА,28363,26494
2026-05-18 18:00,2026-05-18,18,630000,ОЭС УРАЛА,28463,26208
2026-05-18 19:00,2026-05-18,19,630000,ОЭС УРАЛА,28299,26348
2026-05-18 20:00,2026-05-18,20,630000,ОЭС УРАЛА,28258,26699
2026-05-18 21:00,2026-05-18,21,630000,ОЭС УРАЛА,27073,25836
2026-05-18 22:00,2026-05-18,22,630000,ОЭС УРАЛА,25544,24706
2026-05-18 23:00,2026-05-18,23,630000,ОЭС УРАЛА,23011,24002
2026-05-19 00:00,2026-05-19,0,630000,ОЭС УРАЛА,22235,23680
2026-05-19 01:00,2026-05-19,1,630000,ОЭС УРАЛА,20115,23290
2026-05-19 02:00,2026-05-19,2,630000,ОЭС УРАЛА,19870,23401
2026-05-19 03:00,2026-05-19,3,630000,ОЭС УРАЛА,19715,23031
2026-05-19 04:00,2026-05-19,4,630000,ОЭС УРАЛА,19729,23853
2026-05-19 05:00,2026-05-19,5,630000,ОЭС УРАЛА,21656,24816
2026-05-19 06:00,2026-05-19,6,630000,ОЭС УРАЛА,23834,25655
2026-05-19 07:00,2026-05-19,7,630000,ОЭС УРАЛА,25808,26646
2026-05-19 08:00,2026-05-19,8,630000,ОЭС УРАЛА,27632,26951
2026-05-19 09:00,2026-05-19,9,630000,ОЭС УРАЛА,27818,26966
2026-05-19 10:00,2026-05-19,10,630000,ОЭС УРАЛА,27801,27169
2026-05-19 11:00,2026-05-19,11,630000,ОЭС УРАЛА,27827,27009
2026-05-19 12:00,2026-05-19,12,630000,ОЭС УРАЛА,28062,27155
2026-05-19 13:00,2026-05-19,13,630000,ОЭС УРАЛА,27790,27072
2026-05-19 14:00,2026-05-19,14,630000,ОЭС УРАЛА,27798,27037
2026-05-19 15:00,2026-05-19,15,630000,ОЭС УРАЛА,27890,26870
2026-05-19 16:00,2026-05-19,16,630000,ОЭС УРАЛА,27681,26838
2026-05-19 17:00,2026-05-19,17,630000,ОЭС УРАЛА,27537,26620
2026-05-19 18:00,2026-05-19,18,630000,ОЭС УРАЛА,27816,26291
2026-05-19 19:00,2026-05-19,19,630000,ОЭС УРАЛА,27322,26397
2026-05-19 20:00,2026-05-19,20,630000,ОЭС УРАЛА,26561,26558
2026-05-19 21:00,2026-05-19,21,630000,ОЭС УРАЛА,26455,25662
2026-05-19 22:00,2026-05-19,22,630000,ОЭС УРАЛА,26187,25094
2026-05-19 23:00,2026-05-19,23,630000,ОЭС УРАЛА,23371,23703
2026-05-20 00:00,2026-05-20,0,630000,ОЭС УРАЛА,22077,23313
2026-05-20 01:00,2026-05-20,1,630000,ОЭС УРАЛА,20463,23173
2026-05-20 02:00,2026-05-20,2,630000,ОЭС УРАЛА,19839,23238
2026-05-20 03:00,2026-05-20,3,630000,ОЭС УРАЛА,19703,23039
2026-05-20 04:00,2026-05-20,4,630000,ОЭС УРАЛА,20054,23428
2026-05-20 05:00,2026-05-20,5,630000,ОЭС УРАЛА,21624,24732
2026-05-20 06:00,2026-05-20,6,630000,ОЭС УРАЛА,24078,25404
2026-05-20 07:00,2026-05-20,7,630000,ОЭС УРАЛА,26860,26458
2026-05-20 08:00,2026-05-20,8,630000,ОЭС УРАЛА,28326,27041
2026-05-20 09:00,2026-05-20,9,630000,ОЭС УРАЛА,28785,27081
2026-05-20 10:00,2026-05-20,10,630000,ОЭС УРАЛА,28793,27084
2026-05-20 11:00,2026-05-20,11,630000,ОЭС УРАЛА,28885,27261
2026-05-20 12:00,2026-05-20,12,630000,ОЭС УРАЛА,29205,27204
2026-05-20 13:00,2026-05-20,13,630000,ОЭС УРАЛА,29131,27274
2026-05-20 14:00,2026-05-20,14,630000,ОЭС УРАЛА,28967,27161
2026-05-20 15:00,2026-05-20,15,630000,ОЭС УРАЛА,29001,27088
2026-05-20 16:00,2026-05-20,16,630000,ОЭС УРАЛА,28969,26892
2026-05-20 17:00,2026-05-20,17,630000,ОЭС УРАЛА,29163,26729
2026-05-20 18:00,2026-05-20,18,630000,ОЭС УРАЛА,29065,26474
2026-05-20 19:00,2026-05-20,19,630000,ОЭС УРАЛА,29005,26702
2026-05-20 20:00,2026-05-20,20,630000,ОЭС УРАЛА,28690,26707
2026-05-20 21:00,2026-05-20,21,630000,ОЭС УРАЛА,28215,26071
2026-05-20 22:00,2026-05-20,22,630000,ОЭС УРАЛА,27385,25449
2026-05-20 23:00,2026-05-20,23,630000,ОЭС УРАЛА,25175,24363
2026-05-21 00:00,2026-05-21,0,630000,ОЭС УРАЛА,22186,23617
2026-05-21 01:00,2026-05-21,1,630000,ОЭС УРАЛА,21883,23565
2026-05-21 02:00,2026-05-21,2,630000,ОЭС УРАЛА,20931,23260
2026-05-21 03:00,2026-05-21,3,630000,ОЭС УРАЛА,20450,23380
2026-05-21 04:00,2026-05-21,4,630000,ОЭС УРАЛА,20684,24081
2026-05-21 05:00,2026-05-21,5,630000,ОЭС УРАЛА,22185,24890
2026-05-21 06:00,2026-05-21,6,630000,ОЭС УРАЛА,24742,25465
2026-05-21 07:00,2026-05-21,7,630000,ОЭС УРАЛА,26674,26751
2026-05-21 08:00,2026-05-21,8,630000,ОЭС УРАЛА,28351,27078
2026-05-21 09:00,2026-05-21,9,630000,ОЭС УРАЛА,29260,27143
2026-05-21 10:00,2026-05-21,10,630000,ОЭС УРАЛА,29535,27278
2026-05-21 11:00,2026-05-21,11,630000,ОЭС УРАЛА,29653,27207
2026-05-21 12:00,2026-05-21,12,630000,ОЭС УРАЛА,29767,27255
2026-05-21 13:00,2026-05-21,13,630000,ОЭС УРАЛА,29675,27119
2026-05-21 14:00,2026-05-21,14,630000,ОЭС УРАЛА,29530,26963
2026-05-21 15:00,2026-05-21,15,630000,ОЭС УРАЛА,29561,27057
2026-05-21 16:00,2026-05-21,16,630000,ОЭС УРАЛА,29725,26894
2026-05-21 17:00,2026-05-21,17,630000,ОЭС УРАЛА,29679,26696
2026-05-21 18:00,2026-05-21,18,630000,ОЭС УРАЛА,29494,26428
2026-05-21 19:00,2026-05-21,19,630000,ОЭС УРАЛА,29163,26691
2026-05-21 20:00,2026-05-21,20,630000,ОЭС УРАЛА,28509,26597
2026-05-21 21:00,2026-05-21,21,630000,ОЭС УРАЛА,27963,26131
2026-05-21 22:00,2026-05-21,22,630000,ОЭС УРАЛА,27489,25193
2026-05-21 23:00,2026-05-21,23,630000,ОЭС УРАЛА,25141,24182
2026-05-22 00:00,2026-05-22,0,630000,ОЭС УРАЛА,23013,23509
2026-05-22 01:00,2026-05-22,1,630000,ОЭС УРАЛА,22016,23752
2026-05-22 02:00,2026-05-22,2,630000,ОЭС УРАЛА,21208,23624
2026-05-22 03:00,2026-05-22,3,630000,ОЭС УРАЛА,20903,23384
2026-05-22 04:00,2026-05-22,4,630000,ОЭС УРАЛА,21066,23953
2026-05-22 05:00,2026-05-22,5,630000,ОЭС УРАЛА,22376,24872
2026-05-22 06:00,2026-05-22,6,630000,ОЭС УРАЛА,24954,25635
2026-05-22 07:00,2026-05-22,7,630000,ОЭС УРАЛА,26441,26560
2026-05-22 08:00,2026-05-22,8,630000,ОЭС УРАЛА,28034,27130
2026-05-22 09:00,2026-05-22,9,630000,ОЭС УРАЛА,29025,27245
2026-05-22 10:00,2026-05-22,10,630000,ОЭС УРАЛА,29649,27189
2026-05-22 11:00,2026-05-22,11,630000,ОЭС УРАЛА,29605,27208
2026-05-22 12:00,2026-05-22,12,630000,ОЭС УРАЛА,29525,27306
2026-05-22 13:00,2026-05-22,13,630000,ОЭС УРАЛА,29306,27029
2026-05-22 14:00,2026-05-22,14,630000,ОЭС УРАЛА,29394,27066
2026-05-22 15:00,2026-05-22,15,630000,ОЭС УРАЛА,29319,26931
2026-05-22 16:00,2026-05-22,16,630000,ОЭС УРАЛА,29321,26837
2026-05-22 17:00,2026-05-22,17,630000,ОЭС УРАЛА,29273,26646
2026-05-22 18:00,2026-05-22,18,630000,ОЭС УРАЛА,29268,26377
2026-05-22 19:00,2026-05-22,19,630000,ОЭС УРАЛА,29076,26614
2026-05-22 20:00,2026-05-22,20,630000,ОЭС УРАЛА,28614,26767
2026-05-22 21:00,2026-05-22,21,630000,ОЭС УРАЛА,28169,26379
2026-05-22 22:00,2026-05-22,22,630000,ОЭС УРАЛА,27525,25587
2026-05-22 23:00,2026-05-22,23,630000,ОЭС УРАЛА,25217,24611
2026-05-23 00:00,2026-05-23,0,630000,ОЭС УРАЛА,24252,23956
2026-05-23 01:00,2026-05-23,1,630000,ОЭС УРАЛА,23300,23944
2026-05-23 02:00,2026-05-23,2,630000,ОЭС УРАЛА,22832,23754
2026-05-23 03:00,2026-05-23,3,630000,ОЭС УРАЛА,22015,23314
2026-05-23 04:00,2026-05-23,4,630000,ОЭС УРАЛА,21778,23637
2026-05-23 05:00,2026-05-23,5,630000,ОЭС УРАЛА,22242,23787
2026-05-23 06:00,2026-05-23,6,630000,ОЭС УРАЛА,23602,24482
2026-05-23 07:00,2026-05-23,7,630000,ОЭС УРАЛА,25403,25707
2026-05-23 08:00,2026-05-23,8,630000,ОЭС УРАЛА,27323,26330
2026-05-23 09:00,2026-05-23,9,630000,ОЭС УРАЛА,28239,26808
2026-05-23 10:00,2026-05-23,10,630000,ОЭС УРАЛА,28906,26750
2026-05-23 11:00,2026-05-23,11,630000,ОЭС УРАЛА,28815,26907
2026-05-23 12:00,2026-05-23,12,630000,ОЭС УРАЛА,28555,26959
2026-05-23 13:00,2026-05-23,13,630000,ОЭС УРАЛА,28560,26778
2026-05-23 14:00,2026-05-23,14,630000,ОЭС УРАЛА,28863,26431
2026-05-23 15:00,2026-05-23,15,630000,ОЭС УРАЛА,29113,26622
2026-05-23 16:00,2026-05-23,16,630000,ОЭС УРАЛА,29203,26739
2026-05-23 17:00,2026-05-23,17,630000,ОЭС УРАЛА,29103,26333
2026-05-23 18:00,2026-05-23,18,630000,ОЭС УРАЛА,28725,26019
2026-05-23 19:00,2026-05-23,19,630000,ОЭС УРАЛА,28571,25881
2026-05-23 20:00,2026-05-23,20,630000,ОЭС УРАЛА,28458,26459
2026-05-23 21:00,2026-05-23,21,630000,ОЭС УРАЛА,27937,25823
2026-05-23 22:00,2026-05-23,22,630000,ОЭС УРАЛА,27513,24982
2026-05-23 23:00,2026-05-23,23,630000,ОЭС УРАЛА,26038,24176
2026-05-24 00:00,2026-05-24,0,630000,ОЭС УРАЛА,24111,23700
2026-05-24 01:00,2026-05-24,1,630000,ОЭС УРАЛА,23297,23548
2026-05-24 02:00,2026-05-24,2,630000,ОЭС УРАЛА,21935,23096
2026-05-24 03:00,2026-05-24,3,630000,ОЭС УРАЛА,21113,23094
2026-05-24 04:00,2026-05-24,4,630000,ОЭС УРАЛА,20641,23278
2026-05-24 05:00,2026-05-24,5,630000,ОЭС УРАЛА,20754,23670
2026-05-24 06:00,2026-05-24,6,630000,ОЭС УРАЛА,21923,24191
2026-05-24 07:00,2026-05-24,7,630000,ОЭС УРАЛА,23480,24992
2026-05-24 08:00,2026-05-24,8,630000,ОЭС УРАЛА,26040,25839
2026-05-24 09:00,2026-05-24,9,630000,ОЭС УРАЛА,27712,26319
2026-05-24 10:00,2026-05-24,10,630000,ОЭС УРАЛА,28389,26618
2026-05-24 11:00,2026-05-24,11,630000,ОЭС УРАЛА,28611,26602
2026-05-24 12:00,2026-05-24,12,630000,ОЭС УРАЛА,28551,26635
2026-05-24 13:00,2026-05-24,13,630000,ОЭС УРАЛА,28221,26516
2026-05-24 14:00,2026-05-24,14,630000,ОЭС УРАЛА,28540,26535
2026-05-24 15:00,2026-05-24,15,630000,ОЭС УРАЛА,28887,26590
2026-05-24 16:00,2026-05-24,16,630000,ОЭС УРАЛА,28900,26721
2026-05-24 17:00,2026-05-24,17,630000,ОЭС УРАЛА,28712,26478
2026-05-24 18:00,2026-05-24,18,630000,ОЭС УРАЛА,28816,26502
2026-05-24 19:00,2026-05-24,19,630000,ОЭС УРАЛА,28687,26467
2026-05-24 20:00,2026-05-24,20,630000,ОЭС УРАЛА,28463,26705
2026-05-24 21:00,2026-05-24,21,630000,ОЭС УРАЛА,28445,25922
2026-05-24 22:00,2026-05-24,22,630000,ОЭС УРАЛА,27221,24804
2026-05-24 23:00,2026-05-24,23,630000,ОЭС УРАЛА,25594,23995
2026-05-25 00:00,2026-05-25,0,630000,ОЭС УРАЛА,23826,23630
2026-05-25 01:00,2026-05-25,1,630000,ОЭС УРАЛА,22413,23367
2026-05-25 02:00,2026-05-25,2,630000,ОЭС УРАЛА,21772,23119
2026-05-25 03:00,2026-05-25,3,630000,ОЭС УРАЛА,21061,23127
2026-05-25 04:00,2026-05-25,4,630000,ОЭС УРАЛА,21210,23561
2026-05-25 05:00,2026-05-25,5,630000,ОЭС УРАЛА,22628,24700
2026-05-25 06:00,2026-05-25,6,630000,ОЭС УРАЛА,25699,25467
2026-05-25 07:00,2026-05-25,7,630000,ОЭС УРАЛА,27989,26615
2026-05-25 08:00,2026-05-25,8,630000,ОЭС УРАЛА,29143,27296
2026-05-25 09:00,2026-05-25,9,630000,ОЭС УРАЛА,29857,27297
2026-05-25 10:00,2026-05-25,10,630000,ОЭС УРАЛА,29328,27245
2026-05-25 11:00,2026-05-25,11,630000,ОЭС УРАЛА,29735,27369
2026-05-25 12:00,2026-05-25,12,630000,ОЭС УРАЛА,29722,27507
2026-05-25 13:00,2026-05-25,13,630000,ОЭС УРАЛА,29640,27389
2026-05-25 14:00,2026-05-25,14,630000,ОЭС УРАЛА,29784,27443
2026-05-25 15:00,2026-05-25,15,630000,ОЭС УРАЛА,29507,27073
2026-05-25 16:00,2026-05-25,16,630000,ОЭС УРАЛА,29714,27162
2026-05-25 17:00,2026-05-25,17,630000,ОЭС УРАЛА,29672,26906
2026-05-25 18:00,2026-05-25,18,630000,ОЭС УРАЛА,29621,26490
2026-05-25 19:00,2026-05-25,19,630000,ОЭС УРАЛА,29170,26413
2026-05-25 20:00,2026-05-25,20,630000,ОЭС УРАЛА,28478,26465
2026-05-25 21:00,2026-05-25,21,630000,ОЭС УРАЛА,28628,26138
2026-05-25 22:00,2026-05-25,22,630000,ОЭС УРАЛА,27865,25165
2026-05-25 23:00,2026-05-25,23,630000,ОЭС УРАЛА,24748,24109
2026-05-26 00:00,2026-05-26,0,630000,ОЭС УРАЛА,23300,23532
2026-05-26 01:00,2026-05-26,1,630000,ОЭС УРАЛА,21904,23283
2026-05-26 02:00,2026-05-26,2,630000,ОЭС УРАЛА,21012,23167
2026-05-26 03:00,2026-05-26,3,630000,ОЭС УРАЛА,20406,23043
2026-05-26 04:00,2026-05-26,4,630000,ОЭС УРАЛА,20651,23693
2026-05-26 05:00,2026-05-26,5,630000,ОЭС УРАЛА,21753,24522
2026-05-26 06:00,2026-05-26,6,630000,ОЭС УРАЛА,24366,25661
2026-05-26 07:00,2026-05-26,7,630000,ОЭС УРАЛА,26776,26726
2026-05-26 08:00,2026-05-26,8,630000,ОЭС УРАЛА,28026,27013
2026-05-26 09:00,2026-05-26,9,630000,ОЭС УРАЛА,29002,27135
2026-05-26 10:00,2026-05-26,10,630000,ОЭС УРАЛА,28836,27047
2026-05-26 11:00,2026-05-26,11,630000,ОЭС УРАЛА,28915,27123
2026-05-26 12:00,2026-05-26,12,630000,ОЭС УРАЛА,28808,27293
2026-05-26 13:00,2026-05-26,13,630000,ОЭС УРАЛА,28903,27356
2026-05-26 14:00,2026-05-26,14,630000,ОЭС УРАЛА,28208,27344
2026-05-26 15:00,2026-05-26,15,630000,ОЭС УРАЛА,28165,27196
2026-05-26 16:00,2026-05-26,16,630000,ОЭС УРАЛА,28382,26811
2026-05-26 17:00,2026-05-26,17,630000,ОЭС УРАЛА,28348,26672
2026-05-26 18:00,2026-05-26,18,630000,ОЭС УРАЛА,28272,26280
2026-05-26 19:00,2026-05-26,19,630000,ОЭС УРАЛА,28408,26651
2026-05-26 20:00,2026-05-26,20,630000,ОЭС УРАЛА,27793,26292
2026-05-26 21:00,2026-05-26,21,630000,ОЭС УРАЛА,27221,25996
2026-05-26 22:00,2026-05-26,22,630000,ОЭС УРАЛА,26189,24873
2026-05-26 23:00,2026-05-26,23,630000,ОЭС УРАЛА,23491,23859
2026-05-27 00:00,2026-05-27,0,630000,ОЭС УРАЛА,21969,23266
2026-05-27 01:00,2026-05-27,1,630000,ОЭС УРАЛА,20815,22911
2026-05-27 02:00,2026-05-27,2,630000,ОЭС УРАЛА,20321,23033
2026-05-27 03:00,2026-05-27,3,630000,ОЭС УРАЛА,20236,22894
2026-05-27 04:00,2026-05-27,4,630000,ОЭС УРАЛА,20099,23199
2026-05-27 05:00,2026-05-27,5,630000,ОЭС УРАЛА,20885,24076
2026-05-27 06:00,2026-05-27,6,630000,ОЭС УРАЛА,23915,24966
2026-05-27 07:00,2026-05-27,7,630000,ОЭС УРАЛА,25392,26323
2026-05-27 08:00,2026-05-27,8,630000,ОЭС УРАЛА,27481,26627
2026-05-27 09:00,2026-05-27,9,630000,ОЭС УРАЛА,28757,27072
2026-05-27 10:00,2026-05-27,10,630000,ОЭС УРАЛА,28596,27163
2026-05-27 11:00,2026-05-27,11,630000,ОЭС УРАЛА,28303,27088
2026-05-27 12:00,2026-05-27,12,630000,ОЭС УРАЛА,28172,27260
2026-05-27 13:00,2026-05-27,13,630000,ОЭС УРАЛА,28492,27067
2026-05-27 14:00,2026-05-27,14,630000,ОЭС УРАЛА,28512,26956
2026-05-27 15:00,2026-05-27,15,630000,ОЭС УРАЛА,28548,26784
2026-05-27 16:00,2026-05-27,16,630000,ОЭС УРАЛА,28425,26741
2026-05-27 17:00,2026-05-27,17,630000,ОЭС УРАЛА,28349,26491
2026-05-27 18:00,2026-05-27,18,630000,ОЭС УРАЛА,28224,26101
2026-05-27 19:00,2026-05-27,19,630000,ОЭС УРАЛА,28215,26450
2026-05-27 20:00,2026-05-27,20,630000,ОЭС УРАЛА,27461,26360
2026-05-27 21:00,2026-05-27,21,630000,ОЭС УРАЛА,26851,25830
2026-05-27 22:00,2026-05-27,22,630000,ОЭС УРАЛА,26134,24858
2026-05-27 23:00,2026-05-27,23,630000,ОЭС УРАЛА,23800,24043
2026-05-28 00:00,2026-05-28,0,630000,ОЭС УРАЛА,22325,23519
2026-05-28 01:00,2026-05-28,1,630000,ОЭС УРАЛА,21843,23305
2026-05-28 02:00,2026-05-28,2,630000,ОЭС УРАЛА,20749,23141
2026-05-28 03:00,2026-05-28,3,630000,ОЭС УРАЛА,20488,23056
2026-05-28 04:00,2026-05-28,4,630000,ОЭС УРАЛА,20521,23556
2026-05-28 05:00,2026-05-28,5,630000,ОЭС УРАЛА,21659,24560
2026-05-28 06:00,2026-05-28,6,630000,ОЭС УРАЛА,24096,25265
2026-05-28 07:00,2026-05-28,7,630000,ОЭС УРАЛА,26195,26478
2026-05-28 08:00,2026-05-28,8,630000,ОЭС УРАЛА,27258,26852
2026-05-28 09:00,2026-05-28,9,630000,ОЭС УРАЛА,28418,27064
2026-05-28 10:00,2026-05-28,10,630000,ОЭС УРАЛА,28015,26755
2026-05-28 11:00,2026-05-28,11,630000,ОЭС УРАЛА,27784,26859
2026-05-28 12:00,2026-05-28,12,630000,ОЭС УРАЛА,26922,26635
2026-05-28 13:00,2026-05-28,13,630000,ОЭС УРАЛА,27175,26695
2026-05-28 14:00,2026-05-28,14,630000,ОЭС УРАЛА,27089,26448
2026-05-28 15:00,2026-05-28,15,630000,ОЭС УРАЛА,27253,26438
2026-05-28 16:00,2026-05-28,16,630000,ОЭС УРАЛА,27322,26483
2026-05-28 17:00,2026-05-28,17,630000,ОЭС УРАЛА,27609,26139
2026-05-28 18:00,2026-05-28,18,630000,ОЭС УРАЛА,27655,26102
2026-05-28 19:00,2026-05-28,19,630000,ОЭС УРАЛА,27565,26029
2026-05-28 20:00,2026-05-28,20,630000,ОЭС УРАЛА,27472,26243
2026-05-28 21:00,2026-05-28,21,630000,ОЭС УРАЛА,27374,25483
2026-05-28 22:00,2026-05-28,22,630000,ОЭС УРАЛА,26979,24839
2026-05-28 23:00,2026-05-28,23,630000,ОЭС УРАЛА,23869,23824
2026-05-29 00:00,2026-05-29,0,630000,ОЭС УРАЛА,23114,23309
2026-05-29 01:00,2026-05-29,1,630000,ОЭС УРАЛА,22635,23219
2026-05-29 02:00,2026-05-29,2,630000,ОЭС УРАЛА,21613,22931
2026-05-29 03:00,2026-05-29,3,630000,ОЭС УРАЛА,21337,22770
2026-05-29 04:00,2026-05-29,4,630000,ОЭС УРАЛА,21330,23260
2026-05-29 05:00,2026-05-29,5,630000,ОЭС УРАЛА,22238,24223
2026-05-29 06:00,2026-05-29,6,630000,ОЭС УРАЛА,24614,25258
2026-05-29 07:00,2026-05-29,7,630000,ОЭС УРАЛА,26970,26219
2026-05-29 08:00,2026-05-29,8,630000,ОЭС УРАЛА,27999,26564
2026-05-29 09:00,2026-05-29,9,630000,ОЭС УРАЛА,29289,27057
2026-05-29 10:00,2026-05-29,10,630000,ОЭС УРАЛА,27677,26793
2026-05-29 11:00,2026-05-29,11,630000,ОЭС УРАЛА,29001,27057
2026-05-29 12:00,2026-05-29,12,630000,ОЭС УРАЛА,28812,26961
2026-05-29 13:00,2026-05-29,13,630000,ОЭС УРАЛА,28871,26715
2026-05-29 14:00,2026-05-29,14,630000,ОЭС УРАЛА,28725,26537
2026-05-29 15:00,2026-05-29,15,630000,ОЭС УРАЛА,28882,26616
2026-05-29 16:00,2026-05-29,16,630000,ОЭС УРАЛА,28656,26522
2026-05-29 17:00,2026-05-29,17,630000,ОЭС УРАЛА,28138,26109
2026-05-29 18:00,2026-05-29,18,630000,ОЭС УРАЛА,28493,26188
2026-05-29 19:00,2026-05-29,19,630000,ОЭС УРАЛА,28111,25931
2026-05-29 20:00,2026-05-29,20,630000,ОЭС УРАЛА,28203,26307
2026-05-29 21:00,2026-05-29,21,630000,ОЭС УРАЛА,27697,25564
2026-05-29 22:00,2026-05-29,22,630000,ОЭС УРАЛА,27251,25160
2026-05-29 23:00,2026-05-29,23,630000,ОЭС УРАЛА,24761,24287
2026-05-30 00:00,2026-05-30,0,630000,ОЭС УРАЛА,24205,23816
2026-05-30 01:00,2026-05-30,1,630000,ОЭС УРАЛА,23294,23579
2026-05-30 02:00,2026-05-30,2,630000,ОЭС УРАЛА,22961,23271
2026-05-30 03:00,2026-05-30,3,630000,ОЭС УРАЛА,22641,23055
2026-05-30 04:00,2026-05-30,4,630000,ОЭС УРАЛА,22384,23435
2026-05-30 05:00,2026-05-30,5,630000,ОЭС УРАЛА,22890,23805
2026-05-30 06:00,2026-05-30,6,630000,ОЭС УРАЛА,24173,24379
2026-05-30 07:00,2026-05-30,7,630000,ОЭС УРАЛА,24684,25527
2026-05-30 08:00,2026-05-30,8,630000,ОЭС УРАЛА,26938,26289
2026-05-30 09:00,2026-05-30,9,630000,ОЭС УРАЛА,28016,26498
2026-05-30 10:00,2026-05-30,10,630000,ОЭС УРАЛА,27980,26514
2026-05-30 11:00,2026-05-30,11,630000,ОЭС УРАЛА,28142,26483
2026-05-30 12:00,2026-05-30,12,630000,ОЭС УРАЛА,28095,26388
2026-05-30 13:00,2026-05-30,13,630000,ОЭС УРАЛА,27828,26410
2026-05-30 14:00,2026-05-30,14,630000,ОЭС УРАЛА,27746,26110
2026-05-30 15:00,2026-05-30,15,630000,ОЭС УРАЛА,27980,26205
2026-05-30 16:00,2026-05-30,16,630000,ОЭС УРАЛА,27897,26507
2026-05-30 17:00,2026-05-30,17,630000,ОЭС УРАЛА,28105,26097
2026-05-30 18:00,2026-05-30,18,630000,ОЭС УРАЛА,28465,25987
2026-05-30 19:00,2026-05-30,19,630000,ОЭС УРАЛА,28263,25896
2026-05-30 20:00,2026-05-30,20,630000,ОЭС УРАЛА,28053,26158
2026-05-30 21:00,2026-05-30,21,630000,ОЭС УРАЛА,28152,25785
2026-05-30 22:00,2026-05-30,22,630000,ОЭС УРАЛА,27426,25054
2026-05-30 23:00,2026-05-30,23,630000,ОЭС УРАЛА,25837,24421
2026-05-31 00:00,2026-05-31,0,630000,ОЭС УРАЛА,25112,23793
2026-05-31 01:00,2026-05-31,1,630000,ОЭС УРАЛА,24117,23390
2026-05-31 02:00,2026-05-31,2,630000,ОЭС УРАЛА,22946,23061
2026-05-31 03:00,2026-05-31,3,630000,ОЭС УРАЛА,21785,22876
2026-05-31 04:00,2026-05-31,4,630000,ОЭС УРАЛА,21068,23132
2026-05-31 05:00,2026-05-31,5,630000,ОЭС УРАЛА,21511,23376
2026-05-31 06:00,2026-05-31,6,630000,ОЭС УРАЛА,22325,23768
2026-05-31 07:00,2026-05-31,7,630000,ОЭС УРАЛА,23231,24807
2026-05-31 08:00,2026-05-31,8,630000,ОЭС УРАЛА,25761,25500
2026-05-31 09:00,2026-05-31,9,630000,ОЭС УРАЛА,27185,26088
2026-05-31 10:00,2026-05-31,10,630000,ОЭС УРАЛА,27698,26191
2026-05-31 11:00,2026-05-31,11,630000,ОЭС УРАЛА,27771,26116
2026-05-31 12:00,2026-05-31,12,630000,ОЭС УРАЛА,27550,26060
2026-05-31 13:00,2026-05-31,13,630000,ОЭС УРАЛА,27326,25773
2026-05-31 14:00,2026-05-31,14,630000,ОЭС УРАЛА,27006,25770
2026-05-31 15:00,2026-05-31,15,630000,ОЭС УРАЛА,27166,25996
2026-05-31 16:00,2026-05-31,16,630000,ОЭС УРАЛА,27364,26237
2026-05-31 17:00,2026-05-31,17,630000,ОЭС УРАЛА,27117,26078
2026-05-31 18:00,2026-05-31,18,630000,ОЭС УРАЛА,27349,26175
2026-05-31 19:00,2026-05-31,19,630000,ОЭС УРАЛА,27568,26097
2026-05-31 20:00,2026-05-31,20,630000,ОЭС УРАЛА,27535,25982
2026-05-31 21:00,2026-05-31,21,630000,ОЭС УРАЛА,27631,25548
2026-05-31 22:00,2026-05-31,22,630000,ОЭС УРАЛА,27169,24821
2026-05-31 23:00,2026-05-31,23,630000,ОЭС УРАЛА,24950,23757
2026-06-01 00:00,2026-06-01,0,630000,ОЭС УРАЛА,23759,23319
2026-06-01 01:00,2026-06-01,1,630000,ОЭС УРАЛА,23005,23182
2026-06-01 02:00,2026-06-01,2,630000,ОЭС УРАЛА,22460,23010
2026-06-01 03:00,2026-06-01,3,630000,ОЭС УРАЛА,21949,23044
2026-06-01 04:00,2026-06-01,4,630000,ОЭС УРАЛА,21661,23105
2026-06-01 05:00,2026-06-01,5,630000,ОЭС УРАЛА,22477,24006
2026-06-01 06:00,2026-06-01,6,630000,ОЭС УРАЛА,24857,24827
2026-06-01 07:00,2026-06-01,7,630000,ОЭС УРАЛА,26946,25770
2026-06-01 08:00,2026-06-01,8,630000,ОЭС УРАЛА,27928,26148
2026-06-01 09:00,2026-06-01,9,630000,ОЭС УРАЛА,28982,26887
2026-06-01 10:00,2026-06-01,10,630000,ОЭС УРАЛА,28585,26579
2026-06-01 11:00,2026-06-01,11,630000,ОЭС УРАЛА,28588,26496
2026-06-01 12:00,2026-06-01,12,630000,ОЭС УРАЛА,28286,26405
2026-06-01 13:00,2026-06-01,13,630000,ОЭС УРАЛА,28402,26368
2026-06-01 14:00,2026-06-01,14,630000,ОЭС УРАЛА,28436,26360
2026-06-01 15:00,2026-06-01,15,630000,ОЭС УРАЛА,28478,26341
2026-06-01 16:00,2026-06-01,16,630000,ОЭС УРАЛА,28321,26071
2026-06-01 17:00,2026-06-01,17,630000,ОЭС УРАЛА,28109,25893
2026-06-01 18:00,2026-06-01,18,630000,ОЭС УРАЛА,28136,25959
2026-06-01 19:00,2026-06-01,19,630000,ОЭС УРАЛА,28161,26081
2026-06-01 20:00,2026-06-01,20,630000,ОЭС УРАЛА,28224,25990
2026-06-01 21:00,2026-06-01,21,630000,ОЭС УРАЛА,27364,25285
2026-06-01 22:00,2026-06-01,22,630000,ОЭС УРАЛА,26789,24527
2026-06-01 23:00,2026-06-01,23,630000,ОЭС УРАЛА,25569,23686
2026-06-02 00:00,2026-06-02,0,630000,ОЭС УРАЛА,24436,23006
2026-06-02 01:00,2026-06-02,1,630000,ОЭС УРАЛА,22943,22806
2026-06-02 02:00,2026-06-02,2,630000,ОЭС УРАЛА,21978,22802
2026-06-02 03:00,2026-06-02,3,630000,ОЭС УРАЛА,21183,22711
2026-06-02 04:00,2026-06-02,4,630000,ОЭС УРАЛА,20859,23223
2026-06-02 05:00,2026-06-02,5,630000,ОЭС УРАЛА,22330,23923
2026-06-02 06:00,2026-06-02,6,630000,ОЭС УРАЛА,25008,24735
2026-06-02 07:00,2026-06-02,7,630000,ОЭС УРАЛА,26665,25939
2026-06-02 08:00,2026-06-02,8,630000,ОЭС УРАЛА,28137,26363
2026-06-02 09:00,2026-06-02,9,630000,ОЭС УРАЛА,28715,26383
2026-06-02 10:00,2026-06-02,10,630000,ОЭС УРАЛА,28463,26372
2026-06-02 11:00,2026-06-02,11,630000,ОЭС УРАЛА,28208,26197
2026-06-02 12:00,2026-06-02,12,630000,ОЭС УРАЛА,28295,26339
2026-06-02 13:00,2026-06-02,13,630000,ОЭС УРАЛА,28474,26158
2026-06-02 14:00,2026-06-02,14,630000,ОЭС УРАЛА,28152,26098
2026-06-02 15:00,2026-06-02,15,630000,ОЭС УРАЛА,28200,25904
2026-06-02 16:00,2026-06-02,16,630000,ОЭС УРАЛА,28538,26245
2026-06-02 17:00,2026-06-02,17,630000,ОЭС УРАЛА,28543,26093
2026-06-02 18:00,2026-06-02,18,630000,ОЭС УРАЛА,28728,25916
2026-06-02 19:00,2026-06-02,19,630000,ОЭС УРАЛА,28642,25812
2026-06-02 20:00,2026-06-02,20,630000,ОЭС УРАЛА,28164,25648
2026-06-02 21:00,2026-06-02,21,630000,ОЭС УРАЛА,27002,24962
2026-06-02 22:00,2026-06-02,22,630000,ОЭС УРАЛА,26842,24295
2026-06-02 23:00,2026-06-02,23,630000,ОЭС УРАЛА,25622,23647
2026-06-03 00:00,2026-06-03,0,630000,ОЭС УРАЛА,24515,23060
2026-06-03 01:00,2026-06-03,1,630000,ОЭС УРАЛА,22331,22847
2026-06-03 02:00,2026-06-03,2,630000,ОЭС УРАЛА,21506,22628
2026-06-03 03:00,2026-06-03,3,630000,ОЭС УРАЛА,20803,22626
2026-06-03 04:00,2026-06-03,4,630000,ОЭС УРАЛА,20657,23115
2026-06-03 05:00,2026-06-03,5,630000,ОЭС УРАЛА,22124,23991
2026-06-03 06:00,2026-06-03,6,630000,ОЭС УРАЛА,24627,24602
2026-06-03 07:00,2026-06-03,7,630000,ОЭС УРАЛА,27023,25794
2026-06-03 08:00,2026-06-03,8,630000,ОЭС УРАЛА,27838,26041
2026-06-03 09:00,2026-06-03,9,630000,ОЭС УРАЛА,28437,26524
2026-06-03 10:00,2026-06-03,10,630000,ОЭС УРАЛА,28492,26168
2026-06-03 11:00,2026-06-03,11,630000,ОЭС УРАЛА,28172,26209
2026-06-03 12:00,2026-06-03,12,630000,ОЭС УРАЛА,28385,26116
2026-06-03 13:00,2026-06-03,13,630000,ОЭС УРАЛА,28387,25865
2026-06-03 14:00,2026-06-03,14,630000,ОЭС УРАЛА,28276,25774
2026-06-03 15:00,2026-06-03,15,630000,ОЭС УРАЛА,28303,25898
2026-06-03 16:00,2026-06-03,16,630000,ОЭС УРАЛА,28300,25861
2026-06-03 17:00,2026-06-03,17,630000,ОЭС УРАЛА,28748,25575
2026-06-03 18:00,2026-06-03,18,630000,ОЭС УРАЛА,28911,25540
2026-06-03 19:00,2026-06-03,19,630000,ОЭС УРАЛА,28880,25529
2026-06-03 20:00,2026-06-03,20,630000,ОЭС УРАЛА,28579,25562
2026-06-03 21:00,2026-06-03,21,630000,ОЭС УРАЛА,27959,24995
2026-06-03 22:00,2026-06-03,22,630000,ОЭС УРАЛА,27114,24080
2026-06-03 23:00,2026-06-03,23,630000,ОЭС УРАЛА,25689,23398
2026-06-04 00:00,2026-06-04,0,630000,ОЭС УРАЛА,24720,22858
2026-06-04 01:00,2026-06-04,1,630000,ОЭС УРАЛА,22333,22721
2026-06-04 02:00,2026-06-04,2,630000,ОЭС УРАЛА,21216,22538
2026-06-04 03:00,2026-06-04,3,630000,ОЭС УРАЛА,20565,22367
2026-06-04 04:00,2026-06-04,4,630000,ОЭС УРАЛА,20689,22871
2026-06-04 05:00,2026-06-04,5,630000,ОЭС УРАЛА,21920,23528
2026-06-04 06:00,2026-06-04,6,630000,ОЭС УРАЛА,24226,24454
2026-06-04 07:00,2026-06-04,7,630000,ОЭС УРАЛА,26396,25611
2026-06-04 08:00,2026-06-04,8,630000,ОЭС УРАЛА,27499,25832
2026-06-04 09:00,2026-06-04,9,630000,ОЭС УРАЛА,28069,25952
2026-06-04 10:00,2026-06-04,10,630000,ОЭС УРАЛА,28273,26157
2026-06-04 11:00,2026-06-04,11,630000,ОЭС УРАЛА,28099,25974
2026-06-04 12:00,2026-06-04,12,630000,ОЭС УРАЛА,27990,25911
2026-06-04 13:00,2026-06-04,13,630000,ОЭС УРАЛА,28211,25843
2026-06-04 14:00,2026-06-04,14,630000,ОЭС УРАЛА,28248,25629
2026-06-04 15:00,2026-06-04,15,630000,ОЭС УРАЛА,28271,25692
2026-06-04 16:00,2026-06-04,16,630000,ОЭС УРАЛА,28416,25749
2026-06-04 17:00,2026-06-04,17,630000,ОЭС УРАЛА,28448,25593
2026-06-04 18:00,2026-06-04,18,630000,ОЭС УРАЛА,28462,25567
2026-06-04 19:00,2026-06-04,19,630000,ОЭС УРАЛА,28221,25601
2026-06-04 20:00,2026-06-04,20,630000,ОЭС УРАЛА,27804,25574
2026-06-04 21:00,2026-06-04,21,630000,ОЭС УРАЛА,27847,24597
2026-06-04 22:00,2026-06-04,22,630000,ОЭС УРАЛА,27260,24323
2026-06-04 23:00,2026-06-04,23,630000,ОЭС УРАЛА,25643,23407
2026-06-05 00:00,2026-06-05,0,630000,ОЭС УРАЛА,24173,23116
2026-06-05 01:00,2026-06-05,1,630000,ОЭС УРАЛА,22399,22669
2026-06-05 02:00,2026-06-05,2,630000,ОЭС УРАЛА,21519,22227
2026-06-05 03:00,2026-06-05,3,630000,ОЭС УРАЛА,21071,22328
2026-06-05 04:00,2026-06-05,4,630000,ОЭС УРАЛА,20724,22982
2026-06-05 05:00,2026-06-05,5,630000,ОЭС УРАЛА,21877,23564
2026-06-05 06:00,2026-06-05,6,630000,ОЭС УРАЛА,23973,24301
2026-06-05 07:00,2026-06-05,7,630000,ОЭС УРАЛА,26579,25522
2026-06-05 08:00,2026-06-05,8,630000,ОЭС УРАЛА,27630,26164
2026-06-05 09:00,2026-06-05,9,630000,ОЭС УРАЛА,28917,26433
2026-06-05 10:00,2026-06-05,10,630000,ОЭС УРАЛА,28949,26348
2026-06-05 11:00,2026-06-05,11,630000,ОЭС УРАЛА,28934,26482
2026-06-05 12:00,2026-06-05,12,630000,ОЭС УРАЛА,28771,26224
2026-06-05 13:00,2026-06-05,13,630000,ОЭС УРАЛА,28792,26447
2026-06-05 14:00,2026-06-05,14,630000,ОЭС УРАЛА,28758,26093
2026-06-05 15:00,2026-06-05,15,630000,ОЭС УРАЛА,28588,26136
2026-06-05 16:00,2026-06-05,16,630000,ОЭС УРАЛА,28452,26070
2026-06-05 17:00,2026-06-05,17,630000,ОЭС УРАЛА,28450,26037
2026-06-05 18:00,2026-06-05,18,630000,ОЭС УРАЛА,28254,25864
2026-06-05 19:00,2026-06-05,19,630000,ОЭС УРАЛА,28199,25712
2026-06-05 20:00,2026-06-05,20,630000,ОЭС УРАЛА,27861,25689
2026-06-05 21:00,2026-06-05,21,630000,ОЭС УРАЛА,27273,24996
2026-06-05 22:00,2026-06-05,22,630000,ОЭС УРАЛА,26608,24342
2026-06-05 23:00,2026-06-05,23,630000,ОЭС УРАЛА,24562,23730
2026-06-06 00:00,2026-06-06,0,630000,ОЭС УРАЛА,23037,23099
2026-06-06 01:00,2026-06-06,1,630000,ОЭС УРАЛА,23089,22939
2026-06-06 02:00,2026-06-06,2,630000,ОЭС УРАЛА,22400,22487
2026-06-06 03:00,2026-06-06,3,630000,ОЭС УРАЛА,21790,22515
2026-06-06 04:00,2026-06-06,4,630000,ОЭС УРАЛА,21252,22665
2026-06-06 05:00,2026-06-06,5,630000,ОЭС УРАЛА,21586,23143
2026-06-06 06:00,2026-06-06,6,630000,ОЭС УРАЛА,23007,23613
2026-06-06 07:00,2026-06-06,7,630000,ОЭС УРАЛА,24467,24580
2026-06-06 08:00,2026-06-06,8,630000,ОЭС УРАЛА,25998,25660
2026-06-06 09:00,2026-06-06,9,630000,ОЭС УРАЛА,26766,25718
2026-06-06 10:00,2026-06-06,10,630000,ОЭС УРАЛА,27427,26085
2026-06-06 11:00,2026-06-06,11,630000,ОЭС УРАЛА,27441,25886
2026-06-06 12:00,2026-06-06,12,630000,ОЭС УРАЛА,27055,25733
2026-06-06 13:00,2026-06-06,13,630000,ОЭС УРАЛА,26827,25805
2026-06-06 14:00,2026-06-06,14,630000,ОЭС УРАЛА,26862,25514
2026-06-06 15:00,2026-06-06,15,630000,ОЭС УРАЛА,27044,25503
2026-06-06 16:00,2026-06-06,16,630000,ОЭС УРАЛА,27423,25668
2026-06-06 17:00,2026-06-06,17,630000,ОЭС УРАЛА,27339,25373
2026-06-06 18:00,2026-06-06,18,630000,ОЭС УРАЛА,27232,25019
2026-06-06 19:00,2026-06-06,19,630000,ОЭС УРАЛА,27274,25240
2026-06-06 20:00,2026-06-06,20,630000,ОЭС УРАЛА,26838,25008
2026-06-06 21:00,2026-06-06,21,630000,ОЭС УРАЛА,25706,24561
2026-06-06 22:00,2026-06-06,22,630000,ОЭС УРАЛА,24856,23881
2026-06-06 23:00,2026-06-06,23,630000,ОЭС УРАЛА,23899,23281
2026-06-07 00:00,2026-06-07,0,630000,ОЭС УРАЛА,22121,22606
2026-06-07 01:00,2026-06-07,1,630000,ОЭС УРАЛА,21895,22561
2026-06-07 02:00,2026-06-07,2,630000,ОЭС УРАЛА,21220,22174
2026-06-07 03:00,2026-06-07,3,630000,ОЭС УРАЛА,20747,21906
2026-06-07 04:00,2026-06-07,4,630000,ОЭС УРАЛА,20622,22016
2026-06-07 05:00,2026-06-07,5,630000,ОЭС УРАЛА,20082,22541
2026-06-07 06:00,2026-06-07,6,630000,ОЭС УРАЛА,20675,23098
2026-06-07 07:00,2026-06-07,7,630000,ОЭС УРАЛА,21826,23819
2026-06-07 08:00,2026-06-07,8,630000,ОЭС УРАЛА,23464,24823
2026-06-07 09:00,2026-06-07,9,630000,ОЭС УРАЛА,24644,24932
2026-06-07 10:00,2026-06-07,10,630000,ОЭС УРАЛА,26302,25175
2026-06-07 11:00,2026-06-07,11,630000,ОЭС УРАЛА,26583,25284
2026-06-07 12:00,2026-06-07,12,630000,ОЭС УРАЛА,26927,25530
2026-06-07 13:00,2026-06-07,13,630000,ОЭС УРАЛА,27061,25616
2026-06-07 14:00,2026-06-07,14,630000,ОЭС УРАЛА,27309,25296
2026-06-07 15:00,2026-06-07,15,630000,ОЭС УРАЛА,27291,25536
2026-06-07 16:00,2026-06-07,16,630000,ОЭС УРАЛА,26975,25472
2026-06-07 17:00,2026-06-07,17,630000,ОЭС УРАЛА,26155,25264
2026-06-07 18:00,2026-06-07,18,630000,ОЭС УРАЛА,26330,24859
2026-06-07 19:00,2026-06-07,19,630000,ОЭС УРАЛА,26409,25083
2026-06-07 20:00,2026-06-07,20,630000,ОЭС УРАЛА,26150,25106
2026-06-07 21:00,2026-06-07,21,630000,ОЭС УРАЛА,25505,24686
2026-06-07 22:00,2026-06-07,22,630000,ОЭС УРАЛА,24495,23738
2026-06-07 23:00,2026-06-07,23,630000,ОЭС УРАЛА,22812,22873
2026-06-08 00:00,2026-06-08,0,630000,ОЭС УРАЛА,21178,22663
2026-06-08 01:00,2026-06-08,1,630000,ОЭС УРАЛА,20774,22495
2026-06-08 02:00,2026-06-08,2,630000,ОЭС УРАЛА,19963,22350
2026-06-08 03:00,2026-06-08,3,630000,ОЭС УРАЛА,19151,21986
2026-06-08 04:00,2026-06-08,4,630000,ОЭС УРАЛА,19367,22765
2026-06-08 05:00,2026-06-08,5,630000,ОЭС УРАЛА,20631,23587
2026-06-08 06:00,2026-06-08,6,630000,ОЭС УРАЛА,23208,24417
2026-06-08 07:00,2026-06-08,7,630000,ОЭС УРАЛА,25104,25592
2026-06-08 08:00,2026-06-08,8,630000,ОЭС УРАЛА,26718,26010
2026-06-08 09:00,2026-06-08,9,630000,ОЭС УРАЛА,27496,26250
2026-06-08 10:00,2026-06-08,10,630000,ОЭС УРАЛА,27469,26440
2026-06-08 11:00,2026-06-08,11,630000,ОЭС УРАЛА,27708,26273
2026-06-08 12:00,2026-06-08,12,630000,ОЭС УРАЛА,27549,26371
2026-06-08 13:00,2026-06-08,13,630000,ОЭС УРАЛА,27695,26370
2026-06-08 14:00,2026-06-08,14,630000,ОЭС УРАЛА,27675,26177
2026-06-08 15:00,2026-06-08,15,630000,ОЭС УРАЛА,27700,26130
2026-06-08 16:00,2026-06-08,16,630000,ОЭС УРАЛА,27911,26055
2026-06-08 17:00,2026-06-08,17,630000,ОЭС УРАЛА,27756,25832
2026-06-08 18:00,2026-06-08,18,630000,ОЭС УРАЛА,27612,25560
2026-06-08 19:00,2026-06-08,19,630000,ОЭС УРАЛА,27090,25539
2026-06-08 20:00,2026-06-08,20,630000,ОЭС УРАЛА,25985,25488
2026-06-08 21:00,2026-06-08,21,630000,ОЭС УРАЛА,25445,24806
2026-06-08 22:00,2026-06-08,22,630000,ОЭС УРАЛА,24528,23947
2026-06-08 23:00,2026-06-08,23,630000,ОЭС УРАЛА,23096,23234
2026-06-09 00:00,2026-06-09,0,630000,ОЭС УРАЛА,21963,22708
2026-06-09 01:00,2026-06-09,1,630000,ОЭС УРАЛА,21992,22492
2026-06-09 02:00,2026-06-09,2,630000,ОЭС УРАЛА,20452,22318
2026-06-09 03:00,2026-06-09,3,630000,ОЭС УРАЛА,19397,22225
2026-06-09 04:00,2026-06-09,4,630000,ОЭС УРАЛА,19356,22695
2026-06-09 05:00,2026-06-09,5,630000,ОЭС УРАЛА,20399,23691
2026-06-09 06:00,2026-06-09,6,630000,ОЭС УРАЛА,23625,24534
2026-06-09 07:00,2026-06-09,7,630000,ОЭС УРАЛА,25618,25473
2026-06-09 08:00,2026-06-09,8,630000,ОЭС УРАЛА,27351,25626
2026-06-09 09:00,2026-06-09,9,630000,ОЭС УРАЛА,27649,26255
2026-06-09 10:00,2026-06-09,10,630000,ОЭС УРАЛА,27525,26082
2026-06-09 11:00,2026-06-09,11,630000,ОЭС УРАЛА,27454,26137
2026-06-09 12:00,2026-06-09,12,630000,ОЭС УРАЛА,27502,25941
2026-06-09 13:00,2026-06-09,13,630000,ОЭС УРАЛА,27603,25984
2026-06-09 14:00,2026-06-09,14,630000,ОЭС УРАЛА,27540,26079
2026-06-09 15:00,2026-06-09,15,630000,ОЭС УРАЛА,27440,25684
2026-06-09 16:00,2026-06-09,16,630000,ОЭС УРАЛА,27372,25777
2026-06-09 17:00,2026-06-09,17,630000,ОЭС УРАЛА,27319,25863
2026-06-09 18:00,2026-06-09,18,630000,ОЭС УРАЛА,27500,25398
2026-06-09 19:00,2026-06-09,19,630000,ОЭС УРАЛА,27446,25494
2026-06-09 20:00,2026-06-09,20,630000,ОЭС УРАЛА,26773,25031
2026-06-09 21:00,2026-06-09,21,630000,ОЭС УРАЛА,26877,24724
2026-06-09 22:00,2026-06-09,22,630000,ОЭС УРАЛА,26132,24016
2026-06-09 23:00,2026-06-09,23,630000,ОЭС УРАЛА,24133,23063
2026-06-10 00:00,2026-06-10,0,630000,ОЭС УРАЛА,22240,22796
2026-06-10 01:00,2026-06-10,1,630000,ОЭС УРАЛА,20753,22505
2026-06-10 02:00,2026-06-10,2,630000,ОЭС УРАЛА,20599,22578
2026-06-10 03:00,2026-06-10,3,630000,ОЭС УРАЛА,19939,22587
2026-06-10 04:00,2026-06-10,4,630000,ОЭС УРАЛА,20190,23106
2026-06-10 05:00,2026-06-10,5,630000,ОЭС УРАЛА,20971,23751
2026-06-10 06:00,2026-06-10,6,630000,ОЭС УРАЛА,23331,24376
2026-06-10 07:00,2026-06-10,7,630000,ОЭС УРАЛА,26212,25609
2026-06-10 08:00,2026-06-10,8,630000,ОЭС УРАЛА,27194,25955
2026-06-10 09:00,2026-06-10,9,630000,ОЭС УРАЛА,27547,26150
2026-06-10 10:00,2026-06-10,10,630000,ОЭС УРАЛА,27508,26291
2026-06-10 11:00,2026-06-10,11,630000,ОЭС УРАЛА,27712,26184
2026-06-10 12:00,2026-06-10,12,630000,ОЭС УРАЛА,27557,26434
2026-06-10 13:00,2026-06-10,13,630000,ОЭС УРАЛА,27796,26389
2026-06-10 14:00,2026-06-10,14,630000,ОЭС УРАЛА,27722,26440
2026-06-10 15:00,2026-06-10,15,630000,ОЭС УРАЛА,27796,26354
2026-06-10 16:00,2026-06-10,16,630000,ОЭС УРАЛА,27856,26150
2026-06-10 17:00,2026-06-10,17,630000,ОЭС УРАЛА,27426,26053
2026-06-10 18:00,2026-06-10,18,630000,ОЭС УРАЛА,27624,25892
2026-06-10 19:00,2026-06-10,19,630000,ОЭС УРАЛА,27507,26056
2026-06-10 20:00,2026-06-10,20,630000,ОЭС УРАЛА,26782,25910
2026-06-10 21:00,2026-06-10,21,630000,ОЭС УРАЛА,26775,25238
2026-06-10 22:00,2026-06-10,22,630000,ОЭС УРАЛА,26316,24694
2026-06-10 23:00,2026-06-10,23,630000,ОЭС УРАЛА,25016,23770
2026-06-11 00:00,2026-06-11,0,630000,ОЭС УРАЛА,23650,23297
2026-06-11 01:00,2026-06-11,1,630000,ОЭС УРАЛА,22494,23194
2026-06-11 02:00,2026-06-11,2,630000,ОЭС УРАЛА,21946,22936
2026-06-11 03:00,2026-06-11,3,630000,ОЭС УРАЛА,21825,23123
2026-06-11 04:00,2026-06-11,4,630000,ОЭС УРАЛА,21648,23244
2026-06-11 05:00,2026-06-11,5,630000,ОЭС УРАЛА,22548,24210
2026-06-11 06:00,2026-06-11,6,630000,ОЭС УРАЛА,24687,25027
2026-06-11 07:00,2026-06-11,7,630000,ОЭС УРАЛА,27108,26146
2026-06-11 08:00,2026-06-11,8,630000,ОЭС УРАЛА,27126,26537
2026-06-11 09:00,2026-06-11,9,630000,ОЭС УРАЛА,27898,26690
2026-06-11 10:00,2026-06-11,10,630000,ОЭС УРАЛА,27759,26908
2026-06-11 11:00,2026-06-11,11,630000,ОЭС УРАЛА,27979,27056
2026-06-11 12:00,2026-06-11,12,630000,ОЭС УРАЛА,27743,26661
2026-06-11 13:00,2026-06-11,13,630000,ОЭС УРАЛА,28073,26705
2026-06-11 14:00,2026-06-11,14,630000,ОЭС УРАЛА,28046,26494
2026-06-11 15:00,2026-06-11,15,630000,ОЭС УРАЛА,27469,26594
2026-06-11 16:00,2026-06-11,16,630000,ОЭС УРАЛА,27459,26205
2026-06-11 17:00,2026-06-11,17,630000,ОЭС УРАЛА,27696,26181
2026-06-11 18:00,2026-06-11,18,630000,ОЭС УРАЛА,27418,25965
2026-06-11 19:00,2026-06-11,19,630000,ОЭС УРАЛА,27588,25961
2026-06-11 20:00,2026-06-11,20,630000,ОЭС УРАЛА,26435,25704
2026-06-11 21:00,2026-06-11,21,630000,ОЭС УРАЛА,25360,25536
2026-06-11 22:00,2026-06-11,22,630000,ОЭС УРАЛА,24976,24751
2026-06-11 23:00,2026-06-11,23,630000,ОЭС УРАЛА,24475,23994
2026-06-12 00:00,2026-06-12,0,630000,ОЭС УРАЛА,23123,23537
2026-06-12 01:00,2026-06-12,1,630000,ОЭС УРАЛА,23003,23499
2026-06-12 02:00,2026-06-12,2,630000,ОЭС УРАЛА,22669,23371
2026-06-12 03:00,2026-06-12,3,630000,ОЭС УРАЛА,21933,23046
2026-06-12 04:00,2026-06-12,4,630000,ОЭС УРАЛА,21435,23236
2026-06-12 05:00,2026-06-12,5,630000,ОЭС УРАЛА,21514,23567
2026-06-12 06:00,2026-06-12,6,630000,ОЭС УРАЛА,23180,24015
2026-06-12 07:00,2026-06-12,7,630000,ОЭС УРАЛА,24785,25280
2026-06-12 08:00,2026-06-12,8,630000,ОЭС УРАЛА,26689,25912
2026-06-12 09:00,2026-06-12,9,630000,ОЭС УРАЛА,27513,26258
2026-06-12 10:00,2026-06-12,10,630000,ОЭС УРАЛА,27940,26313
2026-06-12 11:00,2026-06-12,11,630000,ОЭС УРАЛА,27954,26342
2026-06-12 12:00,2026-06-12,12,630000,ОЭС УРАЛА,27871,26269
2026-06-12 13:00,2026-06-12,13,630000,ОЭС УРАЛА,28200,26089
2026-06-12 14:00,2026-06-12,14,630000,ОЭС УРАЛА,28430,26237
2026-06-12 15:00,2026-06-12,15,630000,ОЭС УРАЛА,26992,25900
2026-06-12 16:00,2026-06-12,16,630000,ОЭС УРАЛА,26935,25968
2026-06-12 17:00,2026-06-12,17,630000,ОЭС УРАЛА,27109,25697
2026-06-12 18:00,2026-06-12,18,630000,ОЭС УРАЛА,26973,25491
2026-06-12 19:00,2026-06-12,19,630000,ОЭС УРАЛА,26847,25718
2026-06-12 20:00,2026-06-12,20,630000,ОЭС УРАЛА,26370,25212
2026-06-12 21:00,2026-06-12,21,630000,ОЭС УРАЛА,25831,25309
2026-06-12 22:00,2026-06-12,22,630000,ОЭС УРАЛА,25570,24604
2026-06-12 23:00,2026-06-12,23,630000,ОЭС УРАЛА,24632,23995
2026-06-13 00:00,2026-06-13,0,630000,ОЭС УРАЛА,23583,23480
2026-06-13 01:00,2026-06-13,1,630000,ОЭС УРАЛА,22538,23224
2026-06-13 02:00,2026-06-13,2,630000,ОЭС УРАЛА,21731,22814
2026-06-13 03:00,2026-06-13,3,630000,ОЭС УРАЛА,20471,22857
2026-06-13 04:00,2026-06-13,4,630000,ОЭС УРАЛА,19975,22971
2026-06-13 05:00,2026-06-13,5,630000,ОЭС УРАЛА,20098,23208
2026-06-13 06:00,2026-06-13,6,630000,ОЭС УРАЛА,22386,23645
2026-06-13 07:00,2026-06-13,7,630000,ОЭС УРАЛА,22911,24983
2026-06-13 08:00,2026-06-13,8,630000,ОЭС УРАЛА,25440,25741
2026-06-13 09:00,2026-06-13,9,630000,ОЭС УРАЛА,26981,26013
2026-06-13 10:00,2026-06-13,10,630000,ОЭС УРАЛА,27322,26267
2026-06-13 11:00,2026-06-13,11,630000,ОЭС УРАЛА,27120,26036
2026-06-13 12:00,2026-06-13,12,630000,ОЭС УРАЛА,26670,26032
2026-06-13 13:00,2026-06-13,13,630000,ОЭС УРАЛА,26837,25716
2026-06-13 14:00,2026-06-13,14,630000,ОЭС УРАЛА,27280,25818
2026-06-13 15:00,2026-06-13,15,630000,ОЭС УРАЛА,27259,25764
2026-06-13 16:00,2026-06-13,16,630000,ОЭС УРАЛА,27091,25870
2026-06-13 17:00,2026-06-13,17,630000,ОЭС УРАЛА,27212,25693
2026-06-13 18:00,2026-06-13,18,630000,ОЭС УРАЛА,27209,25438
2026-06-13 19:00,2026-06-13,19,630000,ОЭС УРАЛА,26927,25473
2026-06-13 20:00,2026-06-13,20,630000,ОЭС УРАЛА,26413,25460
2026-06-13 21:00,2026-06-13,21,630000,ОЭС УРАЛА,26141,25189
2026-06-13 22:00,2026-06-13,22,630000,ОЭС УРАЛА,25337,24237
2026-06-13 23:00,2026-06-13,23,630000,ОЭС УРАЛА,23748,23739
2026-06-14 00:00,2026-06-14,0,630000,ОЭС УРАЛА,22033,23281
2026-06-14 01:00,2026-06-14,1,630000,ОЭС УРАЛА,22073,23007
2026-06-14 02:00,2026-06-14,2,630000,ОЭС УРАЛА,21394,22878
2026-06-14 03:00,2026-06-14,3,630000,ОЭС УРАЛА,19958,22814
2026-06-14 04:00,2026-06-14,4,630000,ОЭС УРАЛА,19519,22857
2026-06-14 05:00,2026-06-14,5,630000,ОЭС УРАЛА,19521,23163
2026-06-14 06:00,2026-06-14,6,630000,ОЭС УРАЛА,21462,23619
2026-06-14 07:00,2026-06-14,7,630000,ОЭС УРАЛА,23600,24619
2026-06-14 08:00,2026-06-14,8,630000,ОЭС УРАЛА,25060,25192
2026-06-14 09:00,2026-06-14,9,630000,ОЭС УРАЛА,26449,25743
2026-06-14 10:00,2026-06-14,10,630000,ОЭС УРАЛА,27060,26034
2026-06-14 11:00,2026-06-14,11,630000,ОЭС УРАЛА,27349,25907
2026-06-14 12:00,2026-06-14,12,630000,ОЭС УРАЛА,27337,26075
2026-06-14 13:00,2026-06-14,13,630000,ОЭС УРАЛА,27234,26230
2026-06-14 14:00,2026-06-14,14,630000,ОЭС УРАЛА,27059,25899
2026-06-14 15:00,2026-06-14,15,630000,ОЭС УРАЛА,27350,25989
2026-06-14 16:00,2026-06-14,16,630000,ОЭС УРАЛА,27333,25777
2026-06-14 17:00,2026-06-14,17,630000,ОЭС УРАЛА,27190,25971
2026-06-14 18:00,2026-06-14,18,630000,ОЭС УРАЛА,27142,25451
2026-06-14 19:00,2026-06-14,19,630000,ОЭС УРАЛА,27225,25710
2026-06-14 20:00,2026-06-14,20,630000,ОЭС УРАЛА,27245,25848
2026-06-14 21:00,2026-06-14,21,630000,ОЭС УРАЛА,27090,25526
2026-06-14 22:00,2026-06-14,22,630000,ОЭС УРАЛА,26350,24479
2026-06-14 23:00,2026-06-14,23,630000,ОЭС УРАЛА,24494,23550
2026-06-15 00:00,2026-06-15,0,630000,ОЭС УРАЛА,23675,23337
2026-06-15 01:00,2026-06-15,1,630000,ОЭС УРАЛА,21173,23104
2026-06-15 02:00,2026-06-15,2,630000,ОЭС УРАЛА,21127,22740
2026-06-15 03:00,2026-06-15,3,630000,ОЭС УРАЛА,20110,22726
2026-06-15 04:00,2026-06-15,4,630000,ОЭС УРАЛА,20182,23276
2026-06-15 05:00,2026-06-15,5,630000,ОЭС УРАЛА,21140,23959
2026-06-15 06:00,2026-06-15,6,630000,ОЭС УРАЛА,24107,25173
2026-06-15 07:00,2026-06-15,7,630000,ОЭС УРАЛА,25805,26091
2026-06-15 08:00,2026-06-15,8,630000,ОЭС УРАЛА,27900,26810
2026-06-15 09:00,2026-06-15,9,630000,ОЭС УРАЛА,27731,27013
2026-06-15 10:00,2026-06-15,10,630000,ОЭС УРАЛА,27793,26886
2026-06-15 11:00,2026-06-15,11,630000,ОЭС УРАЛА,27838,26990
2026-06-15 12:00,2026-06-15,12,630000,ОЭС УРАЛА,27932,27157
2026-06-15 13:00,2026-06-15,13,630000,ОЭС УРАЛА,27805,26910
2026-06-15 14:00,2026-06-15,14,630000,ОЭС УРАЛА,27928,26954
2026-06-15 15:00,2026-06-15,15,630000,ОЭС УРАЛА,28076,26764
2026-06-15 16:00,2026-06-15,16,630000,ОЭС УРАЛА,28109,26631
2026-06-15 17:00,2026-06-15,17,630000,ОЭС УРАЛА,27975,26663
2026-06-15 18:00,2026-06-15,18,630000,ОЭС УРАЛА,27964,26051
2026-06-15 19:00,2026-06-15,19,630000,ОЭС УРАЛА,27748,26278
2026-06-15 20:00,2026-06-15,20,630000,ОЭС УРАЛА,27369,25904
2026-06-15 21:00,2026-06-15,21,630000,ОЭС УРАЛА,27036,25635
2026-06-15 22:00,2026-06-15,22,630000,ОЭС УРАЛА,26227,25047
2026-06-15 23:00,2026-06-15,23,630000,ОЭС УРАЛА,24600,24022
2026-06-16 00:00,2026-06-16,0,630000,ОЭС УРАЛА,22913,23452
2026-06-16 01:00,2026-06-16,1,630000,ОЭС УРАЛА,22539,23245
2026-06-16 02:00,2026-06-16,2,630000,ОЭС УРАЛА,21095,22974
2026-06-16 03:00,2026-06-16,3,630000,ОЭС УРАЛА,20066,22612
2026-06-16 04:00,2026-06-16,4,630000,ОЭС УРАЛА,20097,23533
2026-06-16 05:00,2026-06-16,5,630000,ОЭС УРАЛА,21644,23929
2026-06-16 06:00,2026-06-16,6,630000,ОЭС УРАЛА,25404,25289
2026-06-16 07:00,2026-06-16,7,630000,ОЭС УРАЛА,26025,26180
2026-06-16 08:00,2026-06-16,8,630000,ОЭС УРАЛА,27043,26578
2026-06-16 09:00,2026-06-16,9,630000,ОЭС УРАЛА,27577,26803
2026-06-16 10:00,2026-06-16,10,630000,ОЭС УРАЛА,27803,26733
2026-06-16 11:00,2026-06-16,11,630000,ОЭС УРАЛА,27525,26948
2026-06-16 12:00,2026-06-16,12,630000,ОЭС УРАЛА,27436,26902
2026-06-16 13:00,2026-06-16,13,630000,ОЭС УРАЛА,27446,27184
2026-06-16 14:00,2026-06-16,14,630000,ОЭС УРАЛА,27426,26905
2026-06-16 15:00,2026-06-16,15,630000,ОЭС УРАЛА,27631,26644
2026-06-16 16:00,2026-06-16,16,630000,ОЭС УРАЛА,27383,26481
2026-06-16 17:00,2026-06-16,17,630000,ОЭС УРАЛА,27395,26431
2026-06-16 18:00,2026-06-16,18,630000,ОЭС УРАЛА,27156,26111
2026-06-16 19:00,2026-06-16,19,630000,ОЭС УРАЛА,27092,26150
2026-06-16 20:00,2026-06-16,20,630000,ОЭС УРАЛА,26556,25975
2026-06-16 21:00,2026-06-16,21,630000,ОЭС УРАЛА,26988,25655
2026-06-16 22:00,2026-06-16,22,630000,ОЭС УРАЛА,26550,25042
2026-06-16 23:00,2026-06-16,23,630000,ОЭС УРАЛА,24872,24171
2026-06-17 00:00,2026-06-17,0,630000,ОЭС УРАЛА,22140,23548
2026-06-17 01:00,2026-06-17,1,630000,ОЭС УРАЛА,21367,23299
2026-06-17 02:00,2026-06-17,2,630000,ОЭС УРАЛА,21048,23287
2026-06-17 03:00,2026-06-17,3,630000,ОЭС УРАЛА,20490,23093
2026-06-17 04:00,2026-06-17,4,630000,ОЭС УРАЛА,20659,23568
2026-06-17 05:00,2026-06-17,5,630000,ОЭС УРАЛА,22213,24607
2026-06-17 06:00,2026-06-17,6,630000,ОЭС УРАЛА,24609,25075
2026-06-17 07:00,2026-06-17,7,630000,ОЭС УРАЛА,26560,26681
2026-06-17 08:00,2026-06-17,8,630000,ОЭС УРАЛА,27365,26725
2026-06-17 09:00,2026-06-17,9,630000,ОЭС УРАЛА,27986,26900
2026-06-17 10:00,2026-06-17,10,630000,ОЭС УРАЛА,27921,26956
2026-06-17 11:00,2026-06-17,11,630000,ОЭС УРАЛА,27952,27000
2026-06-17 12:00,2026-06-17,12,630000,ОЭС УРАЛА,27907,27064
2026-06-17 13:00,2026-06-17,13,630000,ОЭС УРАЛА,28021,27198
2026-06-17 14:00,2026-06-17,14,630000,ОЭС УРАЛА,28050,27118
2026-06-17 15:00,2026-06-17,15,630000,ОЭС УРАЛА,27848,26986
2026-06-17 16:00,2026-06-17,16,630000,ОЭС УРАЛА,27995,26820
2026-06-17 17:00,2026-06-17,17,630000,ОЭС УРАЛА,27862,26656
2026-06-17 18:00,2026-06-17,18,630000,ОЭС УРАЛА,27795,26294
2026-06-17 19:00,2026-06-17,19,630000,ОЭС УРАЛА,27759,26247
2026-06-17 20:00,2026-06-17,20,630000,ОЭС УРАЛА,27477,25981
2026-06-17 21:00,2026-06-17,21,630000,ОЭС УРАЛА,27141,25692
2026-06-17 22:00,2026-06-17,22,630000,ОЭС УРАЛА,26328,24897
2026-06-17 23:00,2026-06-17,23,630000,ОЭС УРАЛА,23815,24096
2026-06-18 00:00,2026-06-18,0,630000,ОЭС УРАЛА,21613,23619
2026-06-18 01:00,2026-06-18,1,630000,ОЭС УРАЛА,21114,23423
2026-06-18 02:00,2026-06-18,2,630000,ОЭС УРАЛА,21013,23117
2026-06-18 03:00,2026-06-18,3,630000,ОЭС УРАЛА,20621,22841
2026-06-18 04:00,2026-06-18,4,630000,ОЭС УРАЛА,20100,23395
2026-06-18 05:00,2026-06-18,5,630000,ОЭС УРАЛА,21513,24131
2026-06-18 06:00,2026-06-18,6,630000,ОЭС УРАЛА,24691,25061
2026-06-18 07:00,2026-06-18,7,630000,ОЭС УРАЛА,26671,26444
2026-06-18 08:00,2026-06-18,8,630000,ОЭС УРАЛА,27594,26894
2026-06-18 09:00,2026-06-18,9,630000,ОЭС УРАЛА,28176,27195
2026-06-18 10:00,2026-06-18,10,630000,ОЭС УРАЛА,28037,26839
2026-06-18 11:00,2026-06-18,11,630000,ОЭС УРАЛА,28121,27053
2026-06-18 12:00,2026-06-18,12,630000,ОЭС УРАЛА,28074,27211
2026-06-18 13:00,2026-06-18,13,630000,ОЭС УРАЛА,28038,27083
2026-06-18 14:00,2026-06-18,14,630000,ОЭС УРАЛА,27926,26898
2026-06-18 15:00,2026-06-18,15,630000,ОЭС УРАЛА,27886,26952
2026-06-18 16:00,2026-06-18,16,630000,ОЭС УРАЛА,27656,26867
2026-06-18 17:00,2026-06-18,17,630000,ОЭС УРАЛА,27860,26585
2026-06-18 18:00,2026-06-18,18,630000,ОЭС УРАЛА,27800,26192
2026-06-18 19:00,2026-06-18,19,630000,ОЭС УРАЛА,27715,26275
2026-06-18 20:00,2026-06-18,20,630000,ОЭС УРАЛА,27249,26185
2026-06-18 21:00,2026-06-18,21,630000,ОЭС УРАЛА,27154,25623
2026-06-18 22:00,2026-06-18,22,630000,ОЭС УРАЛА,26361,25078
2026-06-18 23:00,2026-06-18,23,630000,ОЭС УРАЛА,24036,24090
2026-06-19 00:00,2026-06-19,0,630000,ОЭС УРАЛА,22932,23599
2026-06-19 01:00,2026-06-19,1,630000,ОЭС УРАЛА,20956,23146
2026-06-19 02:00,2026-06-19,2,630000,ОЭС УРАЛА,20280,23141
2026-06-19 03:00,2026-06-19,3,630000,ОЭС УРАЛА,19600,22992
2026-06-19 04:00,2026-06-19,4,630000,ОЭС УРАЛА,19652,23371
2026-06-19 05:00,2026-06-19,5,630000,ОЭС УРАЛА,21367,24485
2026-06-19 06:00,2026-06-19,6,630000,ОЭС УРАЛА,24088,25249
2026-06-19 07:00,2026-06-19,7,630000,ОЭС УРАЛА,25684,26241
2026-06-19 08:00,2026-06-19,8,630000,ОЭС УРАЛА,27052,26762
2026-06-19 09:00,2026-06-19,9,630000,ОЭС УРАЛА,28134,27255
2026-06-19 10:00,2026-06-19,10,630000,ОЭС УРАЛА,28179,27201
2026-06-19 11:00,2026-06-19,11,630000,ОЭС УРАЛА,27968,26814
2026-06-19 12:00,2026-06-19,12,630000,ОЭС УРАЛА,27775,27226
2026-06-19 13:00,2026-06-19,13,630000,ОЭС УРАЛА,27752,27057
2026-06-19 14:00,2026-06-19,14,630000,ОЭС УРАЛА,28066,27092
2026-06-19 15:00,2026-06-19,15,630000,ОЭС УРАЛА,28076,26833
2026-06-19 16:00,2026-06-19,16,630000,ОЭС УРАЛА,27833,26482
2026-06-19 17:00,2026-06-19,17,630000,ОЭС УРАЛА,27573,26365
2026-06-19 18:00,2026-06-19,18,630000,ОЭС УРАЛА,27410,25847
2026-06-19 19:00,2026-06-19,19,630000,ОЭС УРАЛА,27135,25746
2026-06-19 20:00,2026-06-19,20,630000,ОЭС УРАЛА,25563,25407
2026-06-19 21:00,2026-06-19,21,630000,ОЭС УРАЛА,25215,25421
2026-06-19 22:00,2026-06-19,22,630000,ОЭС УРАЛА,24710,24794
2026-06-19 23:00,2026-06-19,23,630000,ОЭС УРАЛА,23632,24249
2026-06-20 00:00,2026-06-20,0,630000,ОЭС УРАЛА,23028,23616
2026-06-20 01:00,2026-06-20,1,630000,ОЭС УРАЛА,21902,23361
2026-06-20 02:00,2026-06-20,2,630000,ОЭС УРАЛА,20851,22908
2026-06-20 03:00,2026-06-20,3,630000,ОЭС УРАЛА,20593,22894
2026-06-20 04:00,2026-06-20,4,630000,ОЭС УРАЛА,20144,22851
2026-06-20 05:00,2026-06-20,5,630000,ОЭС УРАЛА,20533,23315
2026-06-20 06:00,2026-06-20,6,630000,ОЭС УРАЛА,22271,24053
2026-06-20 07:00,2026-06-20,7,630000,ОЭС УРАЛА,23758,24926
2026-06-20 08:00,2026-06-20,8,630000,ОЭС УРАЛА,24753,25923
2026-06-20 09:00,2026-06-20,9,630000,ОЭС УРАЛА,25766,26163
2026-06-20 10:00,2026-06-20,10,630000,ОЭС УРАЛА,26181,26399
2026-06-20 11:00,2026-06-20,11,630000,ОЭС УРАЛА,26371,26287
2026-06-20 12:00,2026-06-20,12,630000,ОЭС УРАЛА,26242,26338
2026-06-20 13:00,2026-06-20,13,630000,ОЭС УРАЛА,26459,26176
2026-06-20 14:00,2026-06-20,14,630000,ОЭС УРАЛА,26572,26403
2026-06-20 15:00,2026-06-20,15,630000,ОЭС УРАЛА,26486,26213
2026-06-20 16:00,2026-06-20,16,630000,ОЭС УРАЛА,26656,26170
2026-06-20 17:00,2026-06-20,17,630000,ОЭС УРАЛА,26708,26047
2026-06-20 18:00,2026-06-20,18,630000,ОЭС УРАЛА,26410,25597
2026-06-20 19:00,2026-06-20,19,630000,ОЭС УРАЛА,26338,25635
2026-06-20 20:00,2026-06-20,20,630000,ОЭС УРАЛА,25745,25697
2026-06-20 21:00,2026-06-20,21,630000,ОЭС УРАЛА,25453,25336
2026-06-20 22:00,2026-06-20,22,630000,ОЭС УРАЛА,24646,24543
2026-06-20 23:00,2026-06-20,23,630000,ОЭС УРАЛА,23326,23757
2026-06-21 00:00,2026-06-21,0,630000,ОЭС УРАЛА,22613,23149
2026-06-21 01:00,2026-06-21,1,630000,ОЭС УРАЛА,21990,23216
2026-06-21 02:00,2026-06-21,2,630000,ОЭС УРАЛА,20327,22742
2026-06-21 03:00,2026-06-21,3,630000,ОЭС УРАЛА,19469,22841
2026-06-21 04:00,2026-06-21,4,630000,ОЭС УРАЛА,19040,22889
2026-06-21 05:00,2026-06-21,5,630000,ОЭС УРАЛА,19646,23152
2026-06-21 06:00,2026-06-21,6,630000,ОЭС УРАЛА,21421,23515
2026-06-21 07:00,2026-06-21,7,630000,ОЭС УРАЛА,22201,24812
2026-06-21 08:00,2026-06-21,8,630000,ОЭС УРАЛА,24326,25685
2026-06-21 09:00,2026-06-21,9,630000,ОЭС УРАЛА,25420,26053
2026-06-21 10:00,2026-06-21,10,630000,ОЭС УРАЛА,26052,26374
2026-06-21 11:00,2026-06-21,11,630000,ОЭС УРАЛА,25678,26337
2026-06-21 12:00,2026-06-21,12,630000,ОЭС УРАЛА,25311,26487
2026-06-21 13:00,2026-06-21,13,630000,ОЭС УРАЛА,25213,26350
2026-06-21 14:00,2026-06-21,14,630000,ОЭС УРАЛА,25790,26156
2026-06-21 15:00,2026-06-21,15,630000,ОЭС УРАЛА,26030,26481
2026-06-21 16:00,2026-06-21,16,630000,ОЭС УРАЛА,25684,26302
2026-06-21 17:00,2026-06-21,17,630000,ОЭС УРАЛА,25876,26218
2026-06-21 18:00,2026-06-21,18,630000,ОЭС УРАЛА,25549,25919
2026-06-21 19:00,2026-06-21,19,630000,ОЭС УРАЛА,25737,25825
2026-06-21 20:00,2026-06-21,20,630000,ОЭС УРАЛА,25658,25807
2026-06-21 21:00,2026-06-21,21,630000,ОЭС УРАЛА,25479,25469
2026-06-21 22:00,2026-06-21,22,630000,ОЭС УРАЛА,24921,24551
2026-06-21 23:00,2026-06-21,23,630000,ОЭС УРАЛА,23125,23702
2026-06-22 00:00,2026-06-22,0,630000,ОЭС УРАЛА,22206,23456
2026-06-22 01:00,2026-06-22,1,630000,ОЭС УРАЛА,19932,23185
2026-06-22 02:00,2026-06-22,2,630000,ОЭС УРАЛА,20153,23058
2026-06-22 03:00,2026-06-22,3,630000,ОЭС УРАЛА,19756,22921
2026-06-22 04:00,2026-06-22,4,630000,ОЭС УРАЛА,19619,23332
2026-06-22 05:00,2026-06-22,5,630000,ОЭС УРАЛА,21681,24092
2026-06-22 06:00,2026-06-22,6,630000,ОЭС УРАЛА,23837,24978
2026-06-22 07:00,2026-06-22,7,630000,ОЭС УРАЛА,25433,26177
2026-06-22 08:00,2026-06-22,8,630000,ОЭС УРАЛА,26881,26942
2026-06-22 09:00,2026-06-22,9,630000,ОЭС УРАЛА,27434,26993
2026-06-22 10:00,2026-06-22,10,630000,ОЭС УРАЛА,27513,27183
2026-06-22 11:00,2026-06-22,11,630000,ОЭС УРАЛА,27577,27281
2026-06-22 12:00,2026-06-22,12,630000,ОЭС УРАЛА,27819,27339
2026-06-22 13:00,2026-06-22,13,630000,ОЭС УРАЛА,27782,27285
2026-06-22 14:00,2026-06-22,14,630000,ОЭС УРАЛА,27679,27205
2026-06-22 15:00,2026-06-22,15,630000,ОЭС УРАЛА,27419,27019
2026-06-22 16:00,2026-06-22,16,630000,ОЭС УРАЛА,27560,27010
2026-06-22 17:00,2026-06-22,17,630000,ОЭС УРАЛА,27431,26843
2026-06-22 18:00,2026-06-22,18,630000,ОЭС УРАЛА,27431,26362
2026-06-22 19:00,2026-06-22,19,630000,ОЭС УРАЛА,27294,26295
2026-06-22 20:00,2026-06-22,20,630000,ОЭС УРАЛА,27018,26378
2026-06-22 21:00,2026-06-22,21,630000,ОЭС УРАЛА,26369,25762
2026-06-22 22:00,2026-06-22,22,630000,ОЭС УРАЛА,25510,24821
2026-06-22 23:00,2026-06-22,23,630000,ОЭС УРАЛА,22831,24046
2026-06-23 00:00,2026-06-23,0,630000,ОЭС УРАЛА,22189,23553
2026-06-23 01:00,2026-06-23,1,630000,ОЭС УРАЛА,21338,23285
2026-06-23 02:00,2026-06-23,2,630000,ОЭС УРАЛА,20932,23256
2026-06-23 03:00,2026-06-23,3,630000,ОЭС УРАЛА,20421,23256
2026-06-23 04:00,2026-06-23,4,630000,ОЭС УРАЛА,20708,23705
2026-06-23 05:00,2026-06-23,5,630000,ОЭС УРАЛА,22103,24419
2026-06-23 06:00,2026-06-23,6,630000,ОЭС УРАЛА,24392,25101
2026-06-23 07:00,2026-06-23,7,630000,ОЭС УРАЛА,25833,26250
2026-06-23 08:00,2026-06-23,8,630000,ОЭС УРАЛА,27568,26770
2026-06-23 09:00,2026-06-23,9,630000,ОЭС УРАЛА,27558,26794
2026-06-23 10:00,2026-06-23,10,630000,ОЭС УРАЛА,27430,26779
2026-06-23 11:00,2026-06-23,11,630000,ОЭС УРАЛА,27614,27130
2026-06-23 12:00,2026-06-23,12,630000,ОЭС УРАЛА,27645,26967
2026-06-23 13:00,2026-06-23,13,630000,ОЭС УРАЛА,27620,26969
2026-06-23 14:00,2026-06-23,14,630000,ОЭС УРАЛА,27623,26801
2026-06-23 15:00,2026-06-23,15,630000,ОЭС УРАЛА,27700,26598
2026-06-23 16:00,2026-06-23,16,630000,ОЭС УРАЛА,27670,26483
2026-06-23 17:00,2026-06-23,17,630000,ОЭС УРАЛА,27463,26438
2026-06-23 18:00,2026-06-23,18,630000,ОЭС УРАЛА,27312,26140
2026-06-23 19:00,2026-06-23,19,630000,ОЭС УРАЛА,27767,26276
2026-06-23 20:00,2026-06-23,20,630000,ОЭС УРАЛА,27072,26246
2026-06-23 21:00,2026-06-23,21,630000,ОЭС УРАЛА,26776,25615
2026-06-23 22:00,2026-06-23,22,630000,ОЭС УРАЛА,25834,24927
2026-06-23 23:00,2026-06-23,23,630000,ОЭС УРАЛА,23560,24347
2026-06-24 00:00,2026-06-24,0,630000,ОЭС УРАЛА,22778,23683
2026-06-24 01:00,2026-06-24,1,630000,ОЭС УРАЛА,21390,23420
2026-06-24 02:00,2026-06-24,2,630000,ОЭС УРАЛА,21365,23163
2026-06-24 03:00,2026-06-24,3,630000,ОЭС УРАЛА,20282,23165
2026-06-24 04:00,2026-06-24,4,630000,ОЭС УРАЛА,20609,23385
2026-06-24 05:00,2026-06-24,5,630000,ОЭС УРАЛА,22413,24041
2026-06-24 06:00,2026-06-24,6,630000,ОЭС УРАЛА,24020,25140
2026-06-24 07:00,2026-06-24,7,630000,ОЭС УРАЛА,25184,25843
2026-06-24 08:00,2026-06-24,8,630000,ОЭС УРАЛА,27618,26219
2026-06-24 09:00,2026-06-24,9,630000,ОЭС УРАЛА,28124,26524
2026-06-24 10:00,2026-06-24,10,630000,ОЭС УРАЛА,28125,26429
2026-06-24 11:00,2026-06-24,11,630000,ОЭС УРАЛА,27930,26678
2026-06-24 12:00,2026-06-24,12,630000,ОЭС УРАЛА,27700,26717
2026-06-24 13:00,2026-06-24,13,630000,ОЭС УРАЛА,27930,26606
2026-06-24 14:00,2026-06-24,14,630000,ОЭС УРАЛА,27863,26539
2026-06-24 15:00,2026-06-24,15,630000,ОЭС УРАЛА,27604,26490
2026-06-24 16:00,2026-06-24,16,630000,ОЭС УРАЛА,27625,26510
2026-06-24 17:00,2026-06-24,17,630000,ОЭС УРАЛА,27455,26342
2026-06-24 18:00,2026-06-24,18,630000,ОЭС УРАЛА,27449,26069
2026-06-24 19:00,2026-06-24,19,630000,ОЭС УРАЛА,27326,26031
2026-06-24 20:00,2026-06-24,20,630000,ОЭС УРАЛА,27012,25827
2026-06-24 21:00,2026-06-24,21,630000,ОЭС УРАЛА,26431,25469
2026-06-24 22:00,2026-06-24,22,630000,ОЭС УРАЛА,26105,24507
2026-06-24 23:00,2026-06-24,23,630000,ОЭС УРАЛА,24468,23838
2026-06-25 00:00,2026-06-25,0,630000,ОЭС УРАЛА,22572,23295
2026-06-25 01:00,2026-06-25,1,630000,ОЭС УРАЛА,21563,22898
2026-06-25 02:00,2026-06-25,2,630000,ОЭС УРАЛА,21273,22740
2026-06-25 03:00,2026-06-25,3,630000,ОЭС УРАЛА,20860,22752
2026-06-25 04:00,2026-06-25,4,630000,ОЭС УРАЛА,20840,23190
2026-06-25 05:00,2026-06-25,5,630000,ОЭС УРАЛА,22000,23824
2026-06-25 06:00,2026-06-25,6,630000,ОЭС УРАЛА,24644,24754
2026-06-25 07:00,2026-06-25,7,630000,ОЭС УРАЛА,26403,25754
2026-06-25 08:00,2026-06-25,8,630000,ОЭС УРАЛА,27405,26373
2026-06-25 09:00,2026-06-25,9,630000,ОЭС УРАЛА,27961,26527
2026-06-25 10:00,2026-06-25,10,630000,ОЭС УРАЛА,27833,26335
2026-06-25 11:00,2026-06-25,11,630000,ОЭС УРАЛА,27753,26445
2026-06-25 12:00,2026-06-25,12,630000,ОЭС УРАЛА,27537,26357
2026-06-25 13:00,2026-06-25,13,630000,ОЭС УРАЛА,27777,26438
2026-06-25 14:00,2026-06-25,14,630000,ОЭС УРАЛА,27570,26079
2026-06-25 15:00,2026-06-25,15,630000,ОЭС УРАЛА,27810,26230
2026-06-25 16:00,2026-06-25,16,630000,ОЭС УРАЛА,27931,26277
2026-06-25 17:00,2026-06-25,17,630000,ОЭС УРАЛА,27778,26011
2026-06-25 18:00,2026-06-25,18,630000,ОЭС УРАЛА,27455,25539
2026-06-25 19:00,2026-06-25,19,630000,ОЭС УРАЛА,27641,25819
2026-06-25 20:00,2026-06-25,20,630000,ОЭС УРАЛА,26559,25846
2026-06-25 21:00,2026-06-25,21,630000,ОЭС УРАЛА,25946,25315
2026-06-25 22:00,2026-06-25,22,630000,ОЭС УРАЛА,25219,24447
2026-06-25 23:00,2026-06-25,23,630000,ОЭС УРАЛА,23892,23731
2026-06-26 00:00,2026-06-26,0,630000,ОЭС УРАЛА,22302,23441
2026-06-26 01:00,2026-06-26,1,630000,ОЭС УРАЛА,20651,22820
2026-06-26 02:00,2026-06-26,2,630000,ОЭС УРАЛА,21420,22480
2026-06-26 03:00,2026-06-26,3,630000,ОЭС УРАЛА,20546,22614
2026-06-26 04:00,2026-06-26,4,630000,ОЭС УРАЛА,21030,23089
2026-06-26 05:00,2026-06-26,5,630000,ОЭС УРАЛА,22382,23746
2026-06-26 06:00,2026-06-26,6,630000,ОЭС УРАЛА,24125,24789
2026-06-26 07:00,2026-06-26,7,630000,ОЭС УРАЛА,26015,25800
2026-06-26 08:00,2026-06-26,8,630000,ОЭС УРАЛА,27458,26479
2026-06-26 09:00,2026-06-26,9,630000,ОЭС УРАЛА,27728,26680
2026-06-26 10:00,2026-06-26,10,630000,ОЭС УРАЛА,27489,26425
2026-06-26 11:00,2026-06-26,11,630000,ОЭС УРАЛА,27615,26704
2026-06-26 12:00,2026-06-26,12,630000,ОЭС УРАЛА,27827,26628
2026-06-26 13:00,2026-06-26,13,630000,ОЭС УРАЛА,27999,26405
2026-06-26 14:00,2026-06-26,14,630000,ОЭС УРАЛА,27567,26226
2026-06-26 15:00,2026-06-26,15,630000,ОЭС УРАЛА,27791,26066
2026-06-26 16:00,2026-06-26,16,630000,ОЭС УРАЛА,27774,26089
2026-06-26 17:00,2026-06-26,17,630000,ОЭС УРАЛА,27599,25936
2026-06-26 18:00,2026-06-26,18,630000,ОЭС УРАЛА,27420,25478
2026-06-26 19:00,2026-06-26,19,630000,ОЭС УРАЛА,27108,25453
2026-06-26 20:00,2026-06-26,20,630000,ОЭС УРАЛА,26606,25259
2026-06-26 21:00,2026-06-26,21,630000,ОЭС УРАЛА,26251,25094
2026-06-26 22:00,2026-06-26,22,630000,ОЭС УРАЛА,25035,24530
2026-06-26 23:00,2026-06-26,23,630000,ОЭС УРАЛА,24216,23942
2026-06-27 00:00,2026-06-27,0,630000,ОЭС УРАЛА,23469,23506
2026-06-27 01:00,2026-06-27,1,630000,ОЭС УРАЛА,22908,23217
2026-06-27 02:00,2026-06-27,2,630000,ОЭС УРАЛА,22073,22828
2026-06-27 03:00,2026-06-27,3,630000,ОЭС УРАЛА,21488,22529
2026-06-27 04:00,2026-06-27,4,630000,ОЭС УРАЛА,20610,23104
2026-06-27 05:00,2026-06-27,5,630000,ОЭС УРАЛА,21130,23136
2026-06-27 06:00,2026-06-27,6,630000,ОЭС УРАЛА,22992,23458
2026-06-27 07:00,2026-06-27,7,630000,ОЭС УРАЛА,24076,24741
2026-06-27 08:00,2026-06-27,8,630000,ОЭС УРАЛА,25505,25503
2026-06-27 09:00,2026-06-27,9,630000,ОЭС УРАЛА,26717,26011
2026-06-27 10:00,2026-06-27,10,630000,ОЭС УРАЛА,26995,26042
2026-06-27 11:00,2026-06-27,11,630000,ОЭС УРАЛА,26925,26309
2026-06-27 12:00,2026-06-27,12,630000,ОЭС УРАЛА,26781,25941
2026-06-27 13:00,2026-06-27,13,630000,ОЭС УРАЛА,26334,25777
2026-06-27 14:00,2026-06-27,14,630000,ОЭС УРАЛА,26702,25789
2026-06-27 15:00,2026-06-27,15,630000,ОЭС УРАЛА,26759,25757
2026-06-27 16:00,2026-06-27,16,630000,ОЭС УРАЛА,27075,25913
2026-06-27 17:00,2026-06-27,17,630000,ОЭС УРАЛА,26518,25485
2026-06-27 18:00,2026-06-27,18,630000,ОЭС УРАЛА,26574,25559
2026-06-27 19:00,2026-06-27,19,630000,ОЭС УРАЛА,26633,25382
2026-06-27 20:00,2026-06-27,20,630000,ОЭС УРАЛА,25868,25485
2026-06-27 21:00,2026-06-27,21,630000,ОЭС УРАЛА,24864,24985
2026-06-27 22:00,2026-06-27,22,630000,ОЭС УРАЛА,24511,24268
2026-06-27 23:00,2026-06-27,23,630000,ОЭС УРАЛА,22549,23545
2026-06-28 00:00,2026-06-28,0,630000,ОЭС УРАЛА,22686,23214
2026-06-28 01:00,2026-06-28,1,630000,ОЭС УРАЛА,22472,23010
2026-06-28 02:00,2026-06-28,2,630000,ОЭС УРАЛА,20895,22603
2026-06-28 03:00,2026-06-28,3,630000,ОЭС УРАЛА,19911,22490
2026-06-28 04:00,2026-06-28,4,630000,ОЭС УРАЛА,19414,22640
2026-06-28 05:00,2026-06-28,5,630000,ОЭС УРАЛА,19625,22811
2026-06-28 06:00,2026-06-28,6,630000,ОЭС УРАЛА,20867,23321
2026-06-28 07:00,2026-06-28,7,630000,ОЭС УРАЛА,22712,24424
2026-06-28 08:00,2026-06-28,8,630000,ОЭС УРАЛА,24270,25145
2026-06-28 09:00,2026-06-28,9,630000,ОЭС УРАЛА,26259,25713
2026-06-28 10:00,2026-06-28,10,630000,ОЭС УРАЛА,26209,25880
2026-06-28 11:00,2026-06-28,11,630000,ОЭС УРАЛА,26512,25743
2026-06-28 12:00,2026-06-28,12,630000,ОЭС УРАЛА,26610,25946
2026-06-28 13:00,2026-06-28,13,630000,ОЭС УРАЛА,26779,25886
2026-06-28 14:00,2026-06-28,14,630000,ОЭС УРАЛА,26565,25907
2026-06-28 15:00,2026-06-28,15,630000,ОЭС УРАЛА,26826,25605
2026-06-28 16:00,2026-06-28,16,630000,ОЭС УРАЛА,26888,25768
2026-06-28 17:00,2026-06-28,17,630000,ОЭС УРАЛА,26996,25462
2026-06-28 18:00,2026-06-28,18,630000,ОЭС УРАЛА,26932,25343
2026-06-28 19:00,2026-06-28,19,630000,ОЭС УРАЛА,26995,25467
2026-06-28 20:00,2026-06-28,20,630000,ОЭС УРАЛА,26813,25405
2026-06-28 21:00,2026-06-28,21,630000,ОЭС УРАЛА,26294,25106
2026-06-28 22:00,2026-06-28,22,630000,ОЭС УРАЛА,25673,24528
2026-06-28 23:00,2026-06-28,23,630000,ОЭС УРАЛА,23659,23446
2026-06-29 00:00,2026-06-29,0,630000,ОЭС УРАЛА,21719,22775
2026-06-29 01:00,2026-06-29,1,630000,ОЭС УРАЛА,20773,22780
2026-06-29 02:00,2026-06-29,2,630000,ОЭС УРАЛА,19582,22664
2026-06-29 03:00,2026-06-29,3,630000,ОЭС УРАЛА,19481,22552
2026-06-29 04:00,2026-06-29,4,630000,ОЭС УРАЛА,19530,22874
2026-06-29 05:00,2026-06-29,5,630000,ОЭС УРАЛА,20935,23626
2026-06-29 06:00,2026-06-29,6,630000,ОЭС УРАЛА,23418,24568
2026-06-29 07:00,2026-06-29,7,630000,ОЭС УРАЛА,25278,25719
2026-06-29 08:00,2026-06-29,8,630000,ОЭС УРАЛА,27024,26243
2026-06-29 09:00,2026-06-29,9,630000,ОЭС УРАЛА,28040,26842
2026-06-29 10:00,2026-06-29,10,630000,ОЭС УРАЛА,28494,26814
2026-06-29 11:00,2026-06-29,11,630000,ОЭС УРАЛА,28138,26634
2026-06-29 12:00,2026-06-29,12,630000,ОЭС УРАЛА,27910,26717
2026-06-29 13:00,2026-06-29,13,630000,ОЭС УРАЛА,28216,26537
2026-06-29 14:00,2026-06-29,14,630000,ОЭС УРАЛА,28052,26408
2026-06-29 15:00,2026-06-29,15,630000,ОЭС УРАЛА,28071,26372
2026-06-29 16:00,2026-06-29,16,630000,ОЭС УРАЛА,28174,26303
2026-06-29 17:00,2026-06-29,17,630000,ОЭС УРАЛА,28052,26285
2026-06-29 18:00,2026-06-29,18,630000,ОЭС УРАЛА,27880,25730
2026-06-29 19:00,2026-06-29,19,630000,ОЭС УРАЛА,27640,25830
2026-06-29 20:00,2026-06-29,20,630000,ОЭС УРАЛА,27674,25877
2026-06-29 21:00,2026-06-29,21,630000,ОЭС УРАЛА,26797,25561
2026-06-29 22:00,2026-06-29,22,630000,ОЭС УРАЛА,26573,24755
2026-06-29 23:00,2026-06-29,23,630000,ОЭС УРАЛА,23788,23661
2026-06-30 00:00,2026-06-30,0,630000,ОЭС УРАЛА,21469,23366
2026-06-30 01:00,2026-06-30,1,630000,ОЭС УРАЛА,20864,22974
2026-06-30 02:00,2026-06-30,2,630000,ОЭС УРАЛА,19996,22599
2026-06-30 03:00,2026-06-30,3,630000,ОЭС УРАЛА,19727,22562
2026-06-30 04:00,2026-06-30,4,630000,ОЭС УРАЛА,19897,23049
2026-06-30 05:00,2026-06-30,5,630000,ОЭС УРАЛА,20506,23663
2026-06-30 06:00,2026-06-30,6,630000,ОЭС УРАЛА,23713,24647
2026-06-30 07:00,2026-06-30,7,630000,ОЭС УРАЛА,25913,25806
2026-06-30 08:00,2026-06-30,8,630000,ОЭС УРАЛА,27623,26159
2026-06-30 09:00,2026-06-30,9,630000,ОЭС УРАЛА,28189,26551
2026-06-30 10:00,2026-06-30,10,630000,ОЭС УРАЛА,28016,26470
2026-06-30 11:00,2026-06-30,11,630000,ОЭС УРАЛА,27866,26461
2026-06-30 12:00,2026-06-30,12,630000,ОЭС УРАЛА,27372,26454
2026-06-30 13:00,2026-06-30,13,630000,ОЭС УРАЛА,27391,25990
2026-06-30 14:00,2026-06-30,14,630000,ОЭС УРАЛА,27568,26225
2026-06-30 15:00,2026-06-30,15,630000,ОЭС УРАЛА,27825,26132
2026-06-30 16:00,2026-06-30,16,630000,ОЭС УРАЛА,27853,26145
2026-06-30 17:00,2026-06-30,17,630000,ОЭС УРАЛА,28291,26044
2026-06-30 18:00,2026-06-30,18,630000,ОЭС УРАЛА,28342,25620
2026-06-30 19:00,2026-06-30,19,630000,ОЭС УРАЛА,27885,25532
2026-06-30 20:00,2026-06-30,20,630000,ОЭС УРАЛА,27424,25653
2026-06-30 21:00,2026-06-30,21,630000,ОЭС УРАЛА,27133,25323
2026-06-30 22:00,2026-06-30,22,630000,ОЭС УРАЛА,26496,24583
2026-06-30 23:00,2026-06-30,23,630000,ОЭС УРАЛА,24787,23927
2026-07-01 00:00,2026-07-01,0,630000,ОЭС УРАЛА,21469,23178
2026-07-01 01:00,2026-07-01,1,630000,ОЭС УРАЛА,20969,22774
2026-07-01 02:00,2026-07-01,2,630000,ОЭС УРАЛА,20335,22552
2026-07-01 03:00,2026-07-01,3,630000,ОЭС УРАЛА,19900,22495
2026-07-01 04:00,2026-07-01,4,630000,ОЭС УРАЛА,19827,23031
2026-07-01 05:00,2026-07-01,5,630000,ОЭС УРАЛА,20342,23999
2026-07-01 06:00,2026-07-01,6,630000,ОЭС УРАЛА,22873,24487
2026-07-01 07:00,2026-07-01,7,630000,ОЭС УРАЛА,25445,25607
2026-07-01 08:00,2026-07-01,8,630000,ОЭС УРАЛА,26763,26017
2026-07-01 09:00,2026-07-01,9,630000,ОЭС УРАЛА,27708,26354
2026-07-01 10:00,2026-07-01,10,630000,ОЭС УРАЛА,27485,26254
2026-07-01 11:00,2026-07-01,11,630000,ОЭС УРАЛА,27366,26296
2026-07-01 12:00,2026-07-01,12,630000,ОЭС УРАЛА,27461,26455
2026-07-01 13:00,2026-07-01,13,630000,ОЭС УРАЛА,27334,26237
2026-07-01 14:00,2026-07-01,14,630000,ОЭС УРАЛА,27438,25980
2026-07-01 15:00,2026-07-01,15,630000,ОЭС УРАЛА,28111,26063
2026-07-01 16:00,2026-07-01,16,630000,ОЭС УРАЛА,27774,26015
2026-07-01 17:00,2026-07-01,17,630000,ОЭС УРАЛА,27726,25998
2026-07-01 18:00,2026-07-01,18,630000,ОЭС УРАЛА,27938,25708
2026-07-01 19:00,2026-07-01,19,630000,ОЭС УРАЛА,27456,25712
2026-07-01 20:00,2026-07-01,20,630000,ОЭС УРАЛА,26851,25867
2026-07-01 21:00,2026-07-01,21,630000,ОЭС УРАЛА,26836,25299
2026-07-01 22:00,2026-07-01,22,630000,ОЭС УРАЛА,25336,24508
2026-07-01 23:00,2026-07-01,23,630000,ОЭС УРАЛА,24278,23699
2026-07-02 00:00,2026-07-02,0,630000,ОЭС УРАЛА,23084,23000
2026-07-02 01:00,2026-07-02,1,630000,ОЭС УРАЛА,21899,22680
2026-07-02 02:00,2026-07-02,2,630000,ОЭС УРАЛА,20959,22479
2026-07-02 03:00,2026-07-02,3,630000,ОЭС УРАЛА,19949,22638
2026-07-02 04:00,2026-07-02,4,630000,ОЭС УРАЛА,19980,22907
2026-07-02 05:00,2026-07-02,5,630000,ОЭС УРАЛА,21873,23551
2026-07-02 06:00,2026-07-02,6,630000,ОЭС УРАЛА,23655,24369
2026-07-02 07:00,2026-07-02,7,630000,ОЭС УРАЛА,25163,25756
2026-07-02 08:00,2026-07-02,8,630000,ОЭС УРАЛА,26866,25982
2026-07-02 09:00,2026-07-02,9,630000,ОЭС УРАЛА,28591,26377
2026-07-02 10:00,2026-07-02,10,630000,ОЭС УРАЛА,28810,26484
2026-07-02 11:00,2026-07-02,11,630000,ОЭС УРАЛА,28646,26407
2026-07-02 12:00,2026-07-02,12,630000,ОЭС УРАЛА,28630,26693
2026-07-02 13:00,2026-07-02,13,630000,ОЭС УРАЛА,28683,26560
2026-07-02 14:00,2026-07-02,14,630000,ОЭС УРАЛА,28928,26355
2026-07-02 15:00,2026-07-02,15,630000,ОЭС УРАЛА,29076,26199
2026-07-02 16:00,2026-07-02,16,630000,ОЭС УРАЛА,29077,26378
2026-07-02 17:00,2026-07-02,17,630000,ОЭС УРАЛА,28716,26164
2026-07-02 18:00,2026-07-02,18,630000,ОЭС УРАЛА,28510,25606
2026-07-02 19:00,2026-07-02,19,630000,ОЭС УРАЛА,28181,25672
2026-07-02 20:00,2026-07-02,20,630000,ОЭС УРАЛА,27629,25800
2026-07-02 21:00,2026-07-02,21,630000,ОЭС УРАЛА,26483,25218
2026-07-02 22:00,2026-07-02,22,630000,ОЭС УРАЛА,25463,24453
2026-07-02 23:00,2026-07-02,23,630000,ОЭС УРАЛА,23769,23465
2026-07-03 00:00,2026-07-03,0,630000,ОЭС УРАЛА,22491,23317
2026-07-03 01:00,2026-07-03,1,630000,ОЭС УРАЛА,21838,22504
2026-07-03 02:00,2026-07-03,2,630000,ОЭС УРАЛА,20740,22663
2026-07-03 03:00,2026-07-03,3,630000,ОЭС УРАЛА,20657,22458
2026-07-03 04:00,2026-07-03,4,630000,ОЭС УРАЛА,20739,22887
2026-07-03 05:00,2026-07-03,5,630000,ОЭС УРАЛА,22148,23744
2026-07-03 06:00,2026-07-03,6,630000,ОЭС УРАЛА,23862,24556
2026-07-03 07:00,2026-07-03,7,630000,ОЭС УРАЛА,26043,25571
2026-07-03 08:00,2026-07-03,8,630000,ОЭС УРАЛА,26925,26106
2026-07-03 09:00,2026-07-03,9,630000,ОЭС УРАЛА,28311,26468
2026-07-03 10:00,2026-07-03,10,630000,ОЭС УРАЛА,28327,26365
2026-07-03 11:00,2026-07-03,11,630000,ОЭС УРАЛА,28101,26397
2026-07-03 12:00,2026-07-03,12,630000,ОЭС УРАЛА,27740,26487
2026-07-03 13:00,2026-07-03,13,630000,ОЭС УРАЛА,28425,26582
2026-07-03 14:00,2026-07-03,14,630000,ОЭС УРАЛА,28485,26536
2026-07-03 15:00,2026-07-03,15,630000,ОЭС УРАЛА,28344,26413
2026-07-03 16:00,2026-07-03,16,630000,ОЭС УРАЛА,27790,26133
2026-07-03 17:00,2026-07-03,17,630000,ОЭС УРАЛА,27919,26086
2026-07-03 18:00,2026-07-03,18,630000,ОЭС УРАЛА,27879,25673
2026-07-03 19:00,2026-07-03,19,630000,ОЭС УРАЛА,27343,25747
2026-07-03 20:00,2026-07-03,20,630000,ОЭС УРАЛА,26897,25470
2026-07-03 21:00,2026-07-03,21,630000,ОЭС УРАЛА,26488,25392
2026-07-03 22:00,2026-07-03,22,630000,ОЭС УРАЛА,25177,24628
2026-07-03 23:00,2026-07-03,23,630000,ОЭС УРАЛА,23937,23927
2026-07-04 00:00,2026-07-04,0,630000,ОЭС УРАЛА,21678,23324
2026-07-04 01:00,2026-07-04,1,630000,ОЭС УРАЛА,21860,23061
2026-07-04 02:00,2026-07-04,2,630000,ОЭС УРАЛА,20731,22936
2026-07-04 03:00,2026-07-04,3,630000,ОЭС УРАЛА,19901,22767
2026-07-04 04:00,2026-07-04,4,630000,ОЭС УРАЛА,19550,22867
2026-07-04 05:00,2026-07-04,5,630000,ОЭС УРАЛА,20570,23266
2026-07-04 06:00,2026-07-04,6,630000,ОЭС УРАЛА,22188,23800
2026-07-04 07:00,2026-07-04,7,630000,ОЭС УРАЛА,23816,24750
2026-07-04 08:00,2026-07-04,8,630000,ОЭС УРАЛА,25114,25467
2026-07-04 09:00,2026-07-04,9,630000,ОЭС УРАЛА,26360,25880
2026-07-04 10:00,2026-07-04,10,630000,ОЭС УРАЛА,26531,26191
2026-07-04 11:00,2026-07-04,11,630000,ОЭС УРАЛА,26872,26244
2026-07-04 12:00,2026-07-04,12,630000,ОЭС УРАЛА,26917,26051
2026-07-04 13:00,2026-07-04,13,630000,ОЭС УРАЛА,26909,25995
2026-07-04 14:00,2026-07-04,14,630000,ОЭС УРАЛА,26924,25987
2026-07-04 15:00,2026-07-04,15,630000,ОЭС УРАЛА,26843,25753
2026-07-04 16:00,2026-07-04,16,630000,ОЭС УРАЛА,26985,25708
2026-07-04 17:00,2026-07-04,17,630000,ОЭС УРАЛА,26901,25776
2026-07-04 18:00,2026-07-04,18,630000,ОЭС УРАЛА,26726,25193
2026-07-04 19:00,2026-07-04,19,630000,ОЭС УРАЛА,26786,25322
2026-07-04 20:00,2026-07-04,20,630000,ОЭС УРАЛА,26119,25322
2026-07-04 21:00,2026-07-04,21,630000,ОЭС УРАЛА,26258,25171
2026-07-04 22:00,2026-07-04,22,630000,ОЭС УРАЛА,24901,24276
2026-07-04 23:00,2026-07-04,23,630000,ОЭС УРАЛА,23836,23603
2026-07-05 00:00,2026-07-05,0,630000,ОЭС УРАЛА,22351,22950
2026-07-05 01:00,2026-07-05,1,630000,ОЭС УРАЛА,21615,22743
2026-07-05 02:00,2026-07-05,2,630000,ОЭС УРАЛА,20100,22441
2026-07-05 03:00,2026-07-05,3,630000,ОЭС УРАЛА,19532,22364
2026-07-05 04:00,2026-07-05,4,630000,ОЭС УРАЛА,19354,22414
2026-07-05 05:00,2026-07-05,5,630000,ОЭС УРАЛА,19861,23047
2026-07-05 06:00,2026-07-05,6,630000,ОЭС УРАЛА,20939,23402
2026-07-05 07:00,2026-07-05,7,630000,ОЭС УРАЛА,22164,24378
2026-07-05 08:00,2026-07-05,8,630000,ОЭС УРАЛА,24205,24868
2026-07-05 09:00,2026-07-05,9,630000,ОЭС УРАЛА,25802,25543
2026-07-05 10:00,2026-07-05,10,630000,ОЭС УРАЛА,25898,25727
2026-07-05 11:00,2026-07-05,11,630000,ОЭС УРАЛА,25971,25952
2026-07-05 12:00,2026-07-05,12,630000,ОЭС УРАЛА,25790,25915
2026-07-05 13:00,2026-07-05,13,630000,ОЭС УРАЛА,25541,25972
2026-07-05 14:00,2026-07-05,14,630000,ОЭС УРАЛА,25606,25970
2026-07-05 15:00,2026-07-05,15,630000,ОЭС УРАЛА,25716,25852
2026-07-05 16:00,2026-07-05,16,630000,ОЭС УРАЛА,25667,26263
2026-07-05 17:00,2026-07-05,17,630000,ОЭС УРАЛА,25636,25974
2026-07-05 18:00,2026-07-05,18,630000,ОЭС УРАЛА,25752,25694
2026-07-05 19:00,2026-07-05,19,630000,ОЭС УРАЛА,25540,25814
2026-07-05 20:00,2026-07-05,20,630000,ОЭС УРАЛА,25715,25744
2026-07-05 21:00,2026-07-05,21,630000,ОЭС УРАЛА,25728,25504
2026-07-05 22:00,2026-07-05,22,630000,ОЭС УРАЛА,25364,24402
2026-07-05 23:00,2026-07-05,23,630000,ОЭС УРАЛА,23634,23737
2026-07-06 00:00,2026-07-06,0,630000,ОЭС УРАЛА,21904,23248
2026-07-06 01:00,2026-07-06,1,630000,ОЭС УРАЛА,20042,22838
2026-07-06 02:00,2026-07-06,2,630000,ОЭС УРАЛА,19848,22378
2026-07-06 03:00,2026-07-06,3,630000,ОЭС УРАЛА,19973,22282
2026-07-06 04:00,2026-07-06,4,630000,ОЭС УРАЛА,20616,22928
2026-07-06 05:00,2026-07-06,5,630000,ОЭС УРАЛА,20622,23817
2026-07-06 06:00,2026-07-06,6,630000,ОЭС УРАЛА,22477,24810
2026-07-06 07:00,2026-07-06,7,630000,ОЭС УРАЛА,24956,25943
2026-07-06 08:00,2026-07-06,8,630000,ОЭС УРАЛА,26536,26739
2026-07-06 09:00,2026-07-06,9,630000,ОЭС УРАЛА,27231,27103
2026-07-06 10:00,2026-07-06,10,630000,ОЭС УРАЛА,27572,27250
2026-07-06 11:00,2026-07-06,11,630000,ОЭС УРАЛА,27625,27191
2026-07-06 12:00,2026-07-06,12,630000,ОЭС УРАЛА,27536,27383
2026-07-06 13:00,2026-07-06,13,630000,ОЭС УРАЛА,27501,27295
2026-07-06 14:00,2026-07-06,14,630000,ОЭС УРАЛА,27364,27237
2026-07-06 15:00,2026-07-06,15,630000,ОЭС УРАЛА,27405,26959
2026-07-06 16:00,2026-07-06,16,630000,ОЭС УРАЛА,27402,26752
2026-07-06 17:00,2026-07-06,17,630000,ОЭС УРАЛА,27172,26655
2026-07-06 18:00,2026-07-06,18,630000,ОЭС УРАЛА,27089,26348
2026-07-06 19:00,2026-07-06,19,630000,ОЭС УРАЛА,26766,26080
2026-07-06 20:00,2026-07-06,20,630000,ОЭС УРАЛА,26760,26136
2026-07-06 21:00,2026-07-06,21,630000,ОЭС УРАЛА,26139,25245
2026-07-06 22:00,2026-07-06,22,630000,ОЭС УРАЛА,25366,24316
2026-07-06 23:00,2026-07-06,23,630000,ОЭС УРАЛА,23849,23715
2026-07-07 00:00,2026-07-07,0,630000,ОЭС УРАЛА,22957,23182
2026-07-07 01:00,2026-07-07,1,630000,ОЭС УРАЛА,20468,23109
2026-07-07 02:00,2026-07-07,2,630000,ОЭС УРАЛА,19868,22609
2026-07-07 03:00,2026-07-07,3,630000,ОЭС УРАЛА,19565,22737
2026-07-07 04:00,2026-07-07,4,630000,ОЭС УРАЛА,19891,23005
2026-07-07 05:00,2026-07-07,5,630000,ОЭС УРАЛА,20035,23898
2026-07-07 06:00,2026-07-07,6,630000,ОЭС УРАЛА,22592,24858
2026-07-07 07:00,2026-07-07,7,630000,ОЭС УРАЛА,24861,26102
2026-07-07 08:00,2026-07-07,8,630000,ОЭС УРАЛА,26475,26711
2026-07-07 09:00,2026-07-07,9,630000,ОЭС УРАЛА,27412,27214
2026-07-07 10:00,2026-07-07,10,630000,ОЭС УРАЛА,27756,27266
2026-07-07 11:00,2026-07-07,11,630000,ОЭС УРАЛА,27841,27234
2026-07-07 12:00,2026-07-07,12,630000,ОЭС УРАЛА,27648,27006
2026-07-07 13:00,2026-07-07,13,630000,ОЭС УРАЛА,27800,27120
2026-07-07 14:00,2026-07-07,14,630000,ОЭС УРАЛА,27598,27207
2026-07-07 15:00,2026-07-07,15,630000,ОЭС УРАЛА,27559,26688
2026-07-07 16:00,2026-07-07,16,630000,ОЭС УРАЛА,27274,26584
2026-07-07 17:00,2026-07-07,17,630000,ОЭС УРАЛА,27309,26357
2026-07-07 18:00,2026-07-07,18,630000,ОЭС УРАЛА,27017,26128
2026-07-07 19:00,2026-07-07,19,630000,ОЭС УРАЛА,26821,25921
2026-07-07 20:00,2026-07-07,20,630000,ОЭС УРАЛА,26425,25916
2026-07-07 21:00,2026-07-07,21,630000,ОЭС УРАЛА,26037,25605
2026-07-07 22:00,2026-07-07,22,630000,ОЭС УРАЛА,25212,24541
2026-07-07 23:00,2026-07-07,23,630000,ОЭС УРАЛА,24164,23953
2026-07-08 00:00,2026-07-08,0,630000,ОЭС УРАЛА,22168,23396
2026-07-08 01:00,2026-07-08,1,630000,ОЭС УРАЛА,20574,23220
2026-07-08 02:00,2026-07-08,2,630000,ОЭС УРАЛА,19769,22818
2026-07-08 03:00,2026-07-08,3,630000,ОЭС УРАЛА,19347,22736
2026-07-08 04:00,2026-07-08,4,630000,ОЭС УРАЛА,20820,23305
2026-07-08 05:00,2026-07-08,5,630000,ОЭС УРАЛА,20820,23899
2026-07-08 06:00,2026-07-08,6,630000,ОЭС УРАЛА,23049,24890
2026-07-08 07:00,2026-07-08,7,630000,ОЭС УРАЛА,23496,26082
2026-07-08 08:00,2026-07-08,8,630000,ОЭС УРАЛА,26293,26459
2026-07-08 09:00,2026-07-08,9,630000,ОЭС УРАЛА,27514,26960
2026-07-08 10:00,2026-07-08,10,630000,ОЭС УРАЛА,27829,26771
2026-07-08 11:00,2026-07-08,11,630000,ОЭС УРАЛА,27814,26810
2026-07-08 12:00,2026-07-08,12,630000,ОЭС УРАЛА,28007,27050
2026-07-08 13:00,2026-07-08,13,630000,ОЭС УРАЛА,27858,26968
2026-07-08 14:00,2026-07-08,14,630000,ОЭС УРАЛА,28035,27098
2026-07-08 15:00,2026-07-08,15,630000,ОЭС УРАЛА,28206,26791
2026-07-08 16:00,2026-07-08,16,630000,ОЭС УРАЛА,28068,26851
2026-07-08 17:00,2026-07-08,17,630000,ОЭС УРАЛА,27755,26376
2026-07-08 18:00,2026-07-08,18,630000,ОЭС УРАЛА,27346,26245
2026-07-08 19:00,2026-07-08,19,630000,ОЭС УРАЛА,27190,26222
2026-07-08 20:00,2026-07-08,20,630000,ОЭС УРАЛА,26545,25978
2026-07-08 21:00,2026-07-08,21,630000,ОЭС УРАЛА,25779,25609
2026-07-08 22:00,2026-07-08,22,630000,ОЭС УРАЛА,25310,24843
2026-07-08 23:00,2026-07-08,23,630000,ОЭС УРАЛА,23635,24007
2026-07-09 00:00,2026-07-09,0,630000,ОЭС УРАЛА,21568,23505
2026-07-09 01:00,2026-07-09,1,630000,ОЭС УРАЛА,20181,23285
2026-07-09 02:00,2026-07-09,2,630000,ОЭС УРАЛА,20104,22859
2026-07-09 03:00,2026-07-09,3,630000,ОЭС УРАЛА,20041,22923
2026-07-09 04:00,2026-07-09,4,630000,ОЭС УРАЛА,20664,23226
2026-07-09 05:00,2026-07-09,5,630000,ОЭС УРАЛА,21391,23971
2026-07-09 06:00,2026-07-09,6,630000,ОЭС УРАЛА,23453,24946
2026-07-09 07:00,2026-07-09,7,630000,ОЭС УРАЛА,24700,26023
2026-07-09 08:00,2026-07-09,8,630000,ОЭС УРАЛА,26173,26643
2026-07-09 09:00,2026-07-09,9,630000,ОЭС УРАЛА,27253,26961
2026-07-09 10:00,2026-07-09,10,630000,ОЭС УРАЛА,27777,26954
2026-07-09 11:00,2026-07-09,11,630000,ОЭС УРАЛА,28040,27236
2026-07-09 12:00,2026-07-09,12,630000,ОЭС УРАЛА,28083,27326
2026-07-09 13:00,2026-07-09,13,630000,ОЭС УРАЛА,28080,27103
2026-07-09 14:00,2026-07-09,14,630000,ОЭС УРАЛА,28079,27071
2026-07-09 15:00,2026-07-09,15,630000,ОЭС УРАЛА,28028,27065
2026-07-09 16:00,2026-07-09,16,630000,ОЭС УРАЛА,28272,26860
2026-07-09 17:00,2026-07-09,17,630000,ОЭС УРАЛА,28099,26586
2026-07-09 18:00,2026-07-09,18,630000,ОЭС УРАЛА,28075,26362
2026-07-09 19:00,2026-07-09,19,630000,ОЭС УРАЛА,27873,26378
2026-07-09 20:00,2026-07-09,20,630000,ОЭС УРАЛА,27156,26240
2026-07-09 21:00,2026-07-09,21,630000,ОЭС УРАЛА,26443,25805
2026-07-09 22:00,2026-07-09,22,630000,ОЭС УРАЛА,25799,24930
2026-07-09 23:00,2026-07-09,23,630000,ОЭС УРАЛА,22975,23906
2026-07-10 00:00,2026-07-10,0,630000,ОЭС УРАЛА,20918,23548
2026-07-10 01:00,2026-07-10,1,630000,ОЭС УРАЛА,19899,23463
2026-07-10 02:00,2026-07-10,2,630000,ОЭС УРАЛА,19761,23275
2026-07-10 03:00,2026-07-10,3,630000,ОЭС УРАЛА,19384,22854
2026-07-10 04:00,2026-07-10,4,630000,ОЭС УРАЛА,19448,23498
2026-07-10 05:00,2026-07-10,5,630000,ОЭС УРАЛА,19850,24255
2026-07-10 06:00,2026-07-10,6,630000,ОЭС УРАЛА,22329,24945
2026-07-10 07:00,2026-07-10,7,630000,ОЭС УРАЛА,24391,26032
2026-07-10 08:00,2026-07-10,8,630000,ОЭС УРАЛА,25861,26637
2026-07-10 09:00,2026-07-10,9,630000,ОЭС УРАЛА,27219,26899
2026-07-10 10:00,2026-07-10,10,630000,ОЭС УРАЛА,27321,26890
2026-07-10 11:00,2026-07-10,11,630000,ОЭС УРАЛА,27356,26865
2026-07-10 12:00,2026-07-10,12,630000,ОЭС УРАЛА,27027,26880
2026-07-10 13:00,2026-07-10,13,630000,ОЭС УРАЛА,27495,27125
2026-07-10 14:00,2026-07-10,14,630000,ОЭС УРАЛА,27753,27116
2026-07-10 15:00,2026-07-10,15,630000,ОЭС УРАЛА,27987,26981
2026-07-10 16:00,2026-07-10,16,630000,ОЭС УРАЛА,27788,26758
2026-07-10 17:00,2026-07-10,17,630000,ОЭС УРАЛА,27434,26406
2026-07-10 18:00,2026-07-10,18,630000,ОЭС УРАЛА,27338,25953
2026-07-10 19:00,2026-07-10,19,630000,ОЭС УРАЛА,27265,25689
2026-07-10 20:00,2026-07-10,20,630000,ОЭС УРАЛА,26926,25699
2026-07-10 21:00,2026-07-10,21,630000,ОЭС УРАЛА,26420,25335
2026-07-10 22:00,2026-07-10,22,630000,ОЭС УРАЛА,26046,24639
2026-07-10 23:00,2026-07-10,23,630000,ОЭС УРАЛА,24559,23904
2026-07-11 00:00,2026-07-11,0,630000,ОЭС УРАЛА,24215,23670
2026-07-11 01:00,2026-07-11,1,630000,ОЭС УРАЛА,23022,23262
2026-07-11 02:00,2026-07-11,2,630000,ОЭС УРАЛА,22693,22876
2026-07-11 03:00,2026-07-11,3,630000,ОЭС УРАЛА,21486,22659
2026-07-11 04:00,2026-07-11,4,630000,ОЭС УРАЛА,21040,22906
2026-07-11 05:00,2026-07-11,5,630000,ОЭС УРАЛА,20632,23203
2026-07-11 06:00,2026-07-11,6,630000,ОЭС УРАЛА,22345,23521
2026-07-11 07:00,2026-07-11,7,630000,ОЭС УРАЛА,23645,24916
2026-07-11 08:00,2026-07-11,8,630000,ОЭС УРАЛА,25412,25883
2026-07-11 09:00,2026-07-11,9,630000,ОЭС УРАЛА,27056,26393
2026-07-11 10:00,2026-07-11,10,630000,ОЭС УРАЛА,27363,26641
2026-07-11 11:00,2026-07-11,11,630000,ОЭС УРАЛА,27428,26539
2026-07-11 12:00,2026-07-11,12,630000,ОЭС УРАЛА,27568,26862
2026-07-11 13:00,2026-07-11,13,630000,ОЭС УРАЛА,27745,26579
2026-07-11 14:00,2026-07-11,14,630000,ОЭС УРАЛА,27717,26271
2026-07-11 15:00,2026-07-11,15,630000,ОЭС УРАЛА,27710,26548
2026-07-11 16:00,2026-07-11,16,630000,ОЭС УРАЛА,27582,26341
2026-07-11 17:00,2026-07-11,17,630000,ОЭС УРАЛА,27266,26201
2026-07-11 18:00,2026-07-11,18,630000,ОЭС УРАЛА,27094,26019
2026-07-11 19:00,2026-07-11,19,630000,ОЭС УРАЛА,27109,25872
2026-07-11 20:00,2026-07-11,20,630000,ОЭС УРАЛА,26297,25671
2026-07-11 21:00,2026-07-11,21,630000,ОЭС УРАЛА,26170,25453
2026-07-11 22:00,2026-07-11,22,630000,ОЭС УРАЛА,25487,24470
2026-07-11 23:00,2026-07-11,23,630000,ОЭС УРАЛА,23604,24002
2026-07-12 00:00,2026-07-12,0,630000,ОЭС УРАЛА,22411,23206
2026-07-12 01:00,2026-07-12,1,630000,ОЭС УРАЛА,21293,23317
2026-07-12 02:00,2026-07-12,2,630000,ОЭС УРАЛА,21321,22766
2026-07-12 03:00,2026-07-12,3,630000,ОЭС УРАЛА,21435,22700
2026-07-12 04:00,2026-07-12,4,630000,ОЭС УРАЛА,20337,22613
2026-07-12 05:00,2026-07-12,5,630000,ОЭС УРАЛА,20032,23117
2026-07-12 06:00,2026-07-12,6,630000,ОЭС УРАЛА,21053,23685
2026-07-12 07:00,2026-07-12,7,630000,ОЭС УРАЛА,22222,24633
2026-07-12 08:00,2026-07-12,8,630000,ОЭС УРАЛА,24351,25666
2026-07-12 09:00,2026-07-12,9,630000,ОЭС УРАЛА,25617,25983
2026-07-12 10:00,2026-07-12,10,630000,ОЭС УРАЛА,26775,25973
2026-07-12 11:00,2026-07-12,11,630000,ОЭС УРАЛА,27379,26331
2026-07-12 12:00,2026-07-12,12,630000,ОЭС УРАЛА,27360,26397
2026-07-12 13:00,2026-07-12,13,630000,ОЭС УРАЛА,27353,26462
2026-07-12 14:00,2026-07-12,14,630000,ОЭС УРАЛА,26636,26372
2026-07-12 15:00,2026-07-12,15,630000,ОЭС УРАЛА,26824,26424
2026-07-12 16:00,2026-07-12,16,630000,ОЭС УРАЛА,26985,26337
2026-07-12 17:00,2026-07-12,17,630000,ОЭС УРАЛА,27094,26274
2026-07-12 18:00,2026-07-12,18,630000,ОЭС УРАЛА,27007,25942
2026-07-12 19:00,2026-07-12,19,630000,ОЭС УРАЛА,26953,26223
2026-07-12 20:00,2026-07-12,20,630000,ОЭС УРАЛА,26673,26134
2026-07-12 21:00,2026-07-12,21,630000,ОЭС УРАЛА,26537,25495
2026-07-12 22:00,2026-07-12,22,630000,ОЭС УРАЛА,24832,24378
2026-07-12 23:00,2026-07-12,23,630000,ОЭС УРАЛА,22652,23602
2026-07-13 00:00,2026-07-13,0,630000,ОЭС УРАЛА,20736,22990
2026-07-13 01:00,2026-07-13,1,630000,ОЭС УРАЛА,20509,22906
2026-07-13 02:00,2026-07-13,2,630000,ОЭС УРАЛА,19686,22876
2026-07-13 03:00,2026-07-13,3,630000,ОЭС УРАЛА,20002,22960
2026-07-13 04:00,2026-07-13,4,630000,ОЭС УРАЛА,20132,22983
2026-07-13 05:00,2026-07-13,5,630000,ОЭС УРАЛА,20934,23742
2026-07-13 06:00,2026-07-13,6,630000,ОЭС УРАЛА,22708,24873
2026-07-13 07:00,2026-07-13,7,630000,ОЭС УРАЛА,24591,25894
2026-07-13 08:00,2026-07-13,8,630000,ОЭС УРАЛА,26776,26441
2026-07-13 09:00,2026-07-13,9,630000,ОЭС УРАЛА,27972,27045
2026-07-13 10:00,2026-07-13,10,630000,ОЭС УРАЛА,28389,26853
2026-07-13 11:00,2026-07-13,11,630000,ОЭС УРАЛА,28511,27019
2026-07-13 12:00,2026-07-13,12,630000,ОЭС УРАЛА,28203,27065
2026-07-13 13:00,2026-07-13,13,630000,ОЭС УРАЛА,28563,27261
2026-07-13 14:00,2026-07-13,14,630000,ОЭС УРАЛА,28642,27203
2026-07-13 15:00,2026-07-13,15,630000,ОЭС УРАЛА,28721,26854
2026-07-13 16:00,2026-07-13,16,630000,ОЭС УРАЛА,28861,26881
2026-07-13 17:00,2026-07-13,17,630000,ОЭС УРАЛА,29100,26604
2026-07-13 18:00,2026-07-13,18,630000,ОЭС УРАЛА,29074,26209
2026-07-13 19:00,2026-07-13,19,630000,ОЭС УРАЛА,28490,26377
2026-07-13 20:00,2026-07-13,20,630000,ОЭС УРАЛА,27725,26060
2026-07-13 21:00,2026-07-13,21,630000,ОЭС УРАЛА,26902,25405
2026-07-13 22:00,2026-07-13,22,630000,ОЭС УРАЛА,25936,24735
2026-07-13 23:00,2026-07-13,23,630000,ОЭС УРАЛА,23837,23707
2026-07-14 00:00,2026-07-14,0,630000,ОЭС УРАЛА,20880,23310
2026-07-14 01:00,2026-07-14,1,630000,ОЭС УРАЛА,19937,22719
2026-07-14 02:00,2026-07-14,2,630000,ОЭС УРАЛА,19945,22668
2026-07-14 03:00,2026-07-14,3,630000,ОЭС УРАЛА,19615,22753
2026-07-14 04:00,2026-07-14,4,630000,ОЭС УРАЛА,20365,23059
2026-07-14 05:00,2026-07-14,5,630000,ОЭС УРАЛА,21057,23746
2026-07-14 06:00,2026-07-14,6,630000,ОЭС УРАЛА,21863,24488
2026-07-14 07:00,2026-07-14,7,630000,ОЭС УРАЛА,24184,25704
2026-07-14 08:00,2026-07-14,8,630000,ОЭС УРАЛА,26107,26266
2026-07-14 09:00,2026-07-14,9,630000,ОЭС УРАЛА,27528,26625
2026-07-14 10:00,2026-07-14,10,630000,ОЭС УРАЛА,28622,26648
2026-07-14 11:00,2026-07-14,11,630000,ОЭС УРАЛА,28680,26877
2026-07-14 12:00,2026-07-14,12,630000,ОЭС УРАЛА,28714,26965
2026-07-14 13:00,2026-07-14,13,630000,ОЭС УРАЛА,28393,26651
2026-07-14 14:00,2026-07-14,14,630000,ОЭС УРАЛА,28361,26731
2026-07-14 15:00,2026-07-14,15,630000,ОЭС УРАЛА,28498,26534
2026-07-14 16:00,2026-07-14,16,630000,ОЭС УРАЛА,28643,26483
2026-07-14 17:00,2026-07-14,17,630000,ОЭС УРАЛА,28533,26112
2026-07-14 18:00,2026-07-14,18,630000,ОЭС УРАЛА,28232,25826
2026-07-14 19:00,2026-07-14,19,630000,ОЭС УРАЛА,27810,25816
2026-07-14 20:00,2026-07-14,20,630000,ОЭС УРАЛА,27178,25855
2026-07-14 21:00,2026-07-14,21,630000,ОЭС УРАЛА,26794,25294
2026-07-14 22:00,2026-07-14,22,630000,ОЭС УРАЛА,26191,24332
2026-07-14 23:00,2026-07-14,23,630000,ОЭС УРАЛА,24300,23640
2026-07-15 00:00,2026-07-15,0,630000,ОЭС УРАЛА,19976,23085
2026-07-15 01:00,2026-07-15,1,630000,ОЭС УРАЛА,20146,22880
2026-07-15 02:00,2026-07-15,2,630000,ОЭС УРАЛА,20227,22734
2026-07-15 03:00,2026-07-15,3,630000,ОЭС УРАЛА,20221,22791
2026-07-15 04:00,2026-07-15,4,630000,ОЭС УРАЛА,20311,23107
2026-07-15 05:00,2026-07-15,5,630000,ОЭС УРАЛА,20461,23812
2026-07-15 06:00,2026-07-15,6,630000,ОЭС УРАЛА,21492,24522
2026-07-15 07:00,2026-07-15,7,630000,ОЭС УРАЛА,23752,25531
2026-07-15 08:00,2026-07-15,8,630000,ОЭС УРАЛА,26039,25847
2026-07-15 09:00,2026-07-15,9,630000,ОЭС УРАЛА,27408,26295
2026-07-15 10:00,2026-07-15,10,630000,ОЭС УРАЛА,28744,26521
2026-07-15 11:00,2026-07-15,11,630000,ОЭС УРАЛА,28393,26607
2026-07-15 12:00,2026-07-15,12,630000,ОЭС УРАЛА,28072,26525
2026-07-15 13:00,2026-07-15,13,630000,ОЭС УРАЛА,28173,26604
2026-07-15 14:00,2026-07-15,14,630000,ОЭС УРАЛА,28264,26263
2026-07-15 15:00,2026-07-15,15,630000,ОЭС УРАЛА,28465,26421
2026-07-15 16:00,2026-07-15,16,630000,ОЭС УРАЛА,27941,26304
2026-07-15 17:00,2026-07-15,17,630000,ОЭС УРАЛА,28101,26164
2026-07-15 18:00,2026-07-15,18,630000,ОЭС УРАЛА,28170,25891
2026-07-15 19:00,2026-07-15,19,630000,ОЭС УРАЛА,27604,25898
2026-07-15 20:00,2026-07-15,20,630000,ОЭС УРАЛА,26938,25678
2026-07-15 21:00,2026-07-15,21,630000,ОЭС УРАЛА,26727,25289
2026-07-15 22:00,2026-07-15,22,630000,ОЭС УРАЛА,25535,24362
2026-07-15 23:00,2026-07-15,23,630000,ОЭС УРАЛА,23521,23310
2026-07-16 00:00,2026-07-16,0,630000,ОЭС УРАЛА,21700,23228
2026-07-16 01:00,2026-07-16,1,630000,ОЭС УРАЛА,20719,22782
2026-07-16 02:00,2026-07-16,2,630000,ОЭС УРАЛА,20394,22727
2026-07-16 03:00,2026-07-16,3,630000,ОЭС УРАЛА,20130,22626
2026-07-16 04:00,2026-07-16,4,630000,ОЭС УРАЛА,20344,22822
2026-07-16 05:00,2026-07-16,5,630000,ОЭС УРАЛА,20446,23792
2026-07-16 06:00,2026-07-16,6,630000,ОЭС УРАЛА,20969,24427
2026-07-16 07:00,2026-07-16,7,630000,ОЭС УРАЛА,23404,25337
2026-07-16 08:00,2026-07-16,8,630000,ОЭС УРАЛА,25204,25541
2026-07-16 09:00,2026-07-16,9,630000,ОЭС УРАЛА,27273,26054
2026-07-16 10:00,2026-07-16,10,630000,ОЭС УРАЛА,27859,26359
2026-07-16 11:00,2026-07-16,11,630000,ОЭС УРАЛА,27970,26511
2026-07-16 12:00,2026-07-16,12,630000,ОЭС УРАЛА,27904,26425
2026-07-16 13:00,2026-07-16,13,630000,ОЭС УРАЛА,27833,26441
2026-07-16 14:00,2026-07-16,14,630000,ОЭС УРАЛА,27827,26486
2026-07-16 15:00,2026-07-16,15,630000,ОЭС УРАЛА,27280,26283
2026-07-16 16:00,2026-07-16,16,630000,ОЭС УРАЛА,27801,26319
2026-07-16 17:00,2026-07-16,17,630000,ОЭС УРАЛА,27516,26104
2026-07-16 18:00,2026-07-16,18,630000,ОЭС УРАЛА,27380,25749
2026-07-16 19:00,2026-07-16,19,630000,ОЭС УРАЛА,27019,25647
2026-07-16 20:00,2026-07-16,20,630000,ОЭС УРАЛА,26595,25716
2026-07-16 21:00,2026-07-16,21,630000,ОЭС УРАЛА,25386,25319
2026-07-16 22:00,2026-07-16,22,630000,ОЭС УРАЛА,24654,24145
2026-07-16 23:00,2026-07-16,23,630000,ОЭС УРАЛА,22036,23574
2026-07-17 00:00,2026-07-17,0,630000,ОЭС УРАЛА,21321,23182
2026-07-17 01:00,2026-07-17,1,630000,ОЭС УРАЛА,20086,23089
2026-07-17 02:00,2026-07-17,2,630000,ОЭС УРАЛА,19785,22888
2026-07-17 03:00,2026-07-17,3,630000,ОЭС УРАЛА,20146,22584
2026-07-17 04:00,2026-07-17,4,630000,ОЭС УРАЛА,20635,23190
2026-07-17 05:00,2026-07-17,5,630000,ОЭС УРАЛА,21413,23599
2026-07-17 06:00,2026-07-17,6,630000,ОЭС УРАЛА,22868,24853
2026-07-17 07:00,2026-07-17,7,630000,ОЭС УРАЛА,25320,25664
2026-07-17 08:00,2026-07-17,8,630000,ОЭС УРАЛА,26720,26299
2026-07-17 09:00,2026-07-17,9,630000,ОЭС УРАЛА,28133,26494
2026-07-17 10:00,2026-07-17,10,630000,ОЭС УРАЛА,28212,26843
2026-07-17 11:00,2026-07-17,11,630000,ОЭС УРАЛА,28284,26671
2026-07-17 12:00,2026-07-17,12,630000,ОЭС УРАЛА,27381,26566
2026-07-17 13:00,2026-07-17,13,630000,ОЭС УРАЛА,27681,26856
2026-07-17 14:00,2026-07-17,14,630000,ОЭС УРАЛА,28002,26832
2026-07-17 15:00,2026-07-17,15,630000,ОЭС УРАЛА,28259,26635
2026-07-17 16:00,2026-07-17,16,630000,ОЭС УРАЛА,28314,26522
2026-07-17 17:00,2026-07-17,17,630000,ОЭС УРАЛА,27544,26494
2026-07-17 18:00,2026-07-17,18,630000,ОЭС УРАЛА,27412,26102
2026-07-17 19:00,2026-07-17,19,630000,ОЭС УРАЛА,27269,26100
2026-07-17 20:00,2026-07-17,20,630000,ОЭС УРАЛА,26879,25972
2026-07-17 21:00,2026-07-17,21,630000,ОЭС УРАЛА,26148,25764
2026-07-17 22:00,2026-07-17,22,630000,ОЭС УРАЛА,26393,25028
2026-07-17 23:00,2026-07-17,23,630000,ОЭС УРАЛА,23934,23973
2026-07-18 00:00,2026-07-18,0,630000,ОЭС УРАЛА,21498,23555
2026-07-18 01:00,2026-07-18,1,630000,ОЭС УРАЛА,22493,23479
2026-07-18 02:00,2026-07-18,2,630000,ОЭС УРАЛА,21135,23225
2026-07-18 03:00,2026-07-18,3,630000,ОЭС УРАЛА,20597,23170
2026-07-18 04:00,2026-07-18,4,630000,ОЭС УРАЛА,20502,23316
2026-07-18 05:00,2026-07-18,5,630000,ОЭС УРАЛА,21041,23482
2026-07-18 06:00,2026-07-18,6,630000,ОЭС УРАЛА,22463,24037
2026-07-18 07:00,2026-07-18,7,630000,ОЭС УРАЛА,23466,25116
2026-07-18 08:00,2026-07-18,8,630000,ОЭС УРАЛА,25574,26112
2026-07-18 09:00,2026-07-18,9,630000,ОЭС УРАЛА,26207,26079
2026-07-18 10:00,2026-07-18,10,630000,ОЭС УРАЛА,26321,26434
2026-07-18 11:00,2026-07-18,11,630000,ОЭС УРАЛА,26536,26435
2026-07-18 12:00,2026-07-18,12,630000,ОЭС УРАЛА,26493,26570
2026-07-18 13:00,2026-07-18,13,630000,ОЭС УРАЛА,26565,26281
2026-07-18 14:00,2026-07-18,14,630000,ОЭС УРАЛА,26517,26137
2026-07-18 15:00,2026-07-18,15,630000,ОЭС УРАЛА,26459,26218
2026-07-18 16:00,2026-07-18,16,630000,ОЭС УРАЛА,26583,26077
2026-07-18 17:00,2026-07-18,17,630000,ОЭС УРАЛА,26630,26099
2026-07-18 18:00,2026-07-18,18,630000,ОЭС УРАЛА,26507,25668
2026-07-18 19:00,2026-07-18,19,630000,ОЭС УРАЛА,26555,25723
2026-07-18 20:00,2026-07-18,20,630000,ОЭС УРАЛА,26044,25763
2026-07-18 21:00,2026-07-18,21,630000,ОЭС УРАЛА,25830,25193
2026-07-18 22:00,2026-07-18,22,630000,ОЭС УРАЛА,24961,24425
2026-07-18 23:00,2026-07-18,23,630000,ОЭС УРАЛА,23445,23762
2026-07-19 00:00,2026-07-19,0,630000,ОЭС УРАЛА,22159,23465
2026-07-19 01:00,2026-07-19,1,630000,ОЭС УРАЛА,21210,23077
2026-07-19 02:00,2026-07-19,2,630000,ОЭС УРАЛА,20271,23117
2026-07-19 03:00,2026-07-19,3,630000,ОЭС УРАЛА,20323,22843
2026-07-19 04:00,2026-07-19,4,630000,ОЭС УРАЛА,20274,22956
2026-07-19 05:00,2026-07-19,5,630000,ОЭС УРАЛА,20093,23036
2026-07-19 06:00,2026-07-19,6,630000,ОЭС УРАЛА,20963,23780
2026-07-19 07:00,2026-07-19,7,630000,ОЭС УРАЛА,23162,24663
2026-07-19 08:00,2026-07-19,8,630000,ОЭС УРАЛА,24213,25498
2026-07-19 09:00,2026-07-19,9,630000,ОЭС УРАЛА,25479,25902
2026-07-19 10:00,2026-07-19,10,630000,ОЭС УРАЛА,26303,26134
2026-07-19 11:00,2026-07-19,11,630000,ОЭС УРАЛА,26707,26197
2026-07-19 12:00,2026-07-19,12,630000,ОЭС УРАЛА,26474,26224
2026-07-19 13:00,2026-07-19,13,630000,ОЭС УРАЛА,26265,25950
2026-07-19 14:00,2026-07-19,14,630000,ОЭС УРАЛА,26580,26173
2026-07-19 15:00,2026-07-19,15,630000,ОЭС УРАЛА,26430,26022
2026-07-19 16:00,2026-07-19,16,630000,ОЭС УРАЛА,26824,26164
2026-07-19 17:00,2026-07-19,17,630000,ОЭС УРАЛА,26244,25925
2026-07-19 18:00,2026-07-19,18,630000,ОЭС УРАЛА,26647,25780
2026-07-19 19:00,2026-07-19,19,630000,ОЭС УРАЛА,26520,26014
2026-07-19 20:00,2026-07-19,20,630000,ОЭС УРАЛА,26441,25861
2026-07-19 21:00,2026-07-19,21,630000,ОЭС УРАЛА,26087,25238
2026-07-19 22:00,2026-07-19,22,630000,ОЭС УРАЛА,25866,24468
2026-07-19 23:00,2026-07-19,23,630000,ОЭС УРАЛА,24672,23777
2026-07-20 00:00,2026-07-20,0,630000,ОЭС УРАЛА,23163,23450
2026-07-20 01:00,2026-07-20,1,630000,ОЭС УРАЛА,21323,23151
2026-07-20 02:00,2026-07-20,2,630000,ОЭС УРАЛА,21029,22643
2026-07-20 03:00,2026-07-20,3,630000,ОЭС УРАЛА,20513,22749
2026-07-20 04:00,2026-07-20,4,630000,ОЭС УРАЛА,20580,23061
2026-07-20 05:00,2026-07-20,5,630000,ОЭС УРАЛА,21113,23815
2026-07-20 06:00,2026-07-20,6,630000,ОЭС УРАЛА,23515,24737
2026-07-20 07:00,2026-07-20,7,630000,ОЭС УРАЛА,25030,26118
2026-07-20 08:00,2026-07-20,8,630000,ОЭС УРАЛА,26855,26312
2026-07-20 09:00,2026-07-20,9,630000,ОЭС УРАЛА,28033,26875
2026-07-20 10:00,2026-07-20,10,630000,ОЭС УРАЛА,28944,26628
2026-07-20 11:00,2026-07-20,11,630000,ОЭС УРАЛА,28553,27083
2026-07-20 12:00,2026-07-20,12,630000,ОЭС УРАЛА,28633,27081
2026-07-20 13:00,2026-07-20,13,630000,ОЭС УРАЛА,28937,27130
2026-07-20 14:00,2026-07-20,14,630000,ОЭС УРАЛА,29253,27112
2026-07-20 15:00,2026-07-20,15,630000,ОЭС УРАЛА,29366,26857
2026-07-20 16:00,2026-07-20,16,630000,ОЭС УРАЛА,29641,26749
2026-07-20 17:00,2026-07-20,17,630000,ОЭС УРАЛА,29284,26554
2026-07-20 18:00,2026-07-20,18,630000,ОЭС УРАЛА,29072,26305
2026-07-20 19:00,2026-07-20,19,630000,ОЭС УРАЛА,29092,26313
2026-07-20 20:00,2026-07-20,20,630000,ОЭС УРАЛА,28651,26238
2026-07-20 21:00,2026-07-20,21,630000,ОЭС УРАЛА,28296,25771
2026-07-20 22:00,2026-07-20,22,630000,ОЭС УРАЛА,27175,24641
2026-07-20 23:00,2026-07-20,23,630000,ОЭС УРАЛА,24339,24087
2026-07-21 00:00,2026-07-21,0,630000,ОЭС УРАЛА,21907,23334
2026-07-21 01:00,2026-07-21,1,630000,ОЭС УРАЛА,20932,23213
2026-07-21 02:00,2026-07-21,2,630000,ОЭС УРАЛА,20916,22954
2026-07-21 03:00,2026-07-21,3,630000,ОЭС УРАЛА,20470,22800
2026-07-21 04:00,2026-07-21,4,630000,ОЭС УРАЛА,20879,23121
2026-07-21 05:00,2026-07-21,5,630000,ОЭС УРАЛА,21506,24050
2026-07-21 06:00,2026-07-21,6,630000,ОЭС УРАЛА,23886,24895
2026-07-21 07:00,2026-07-21,7,630000,ОЭС УРАЛА,25700,26261
2026-07-21 08:00,2026-07-21,8,630000,ОЭС УРАЛА,27388,26681
2026-07-21 09:00,2026-07-21,9,630000,ОЭС УРАЛА,28396,27174
2026-07-21 10:00,2026-07-21,10,630000,ОЭС УРАЛА,28752,27136
2026-07-21 11:00,2026-07-21,11,630000,ОЭС УРАЛА,28624,27175
2026-07-21 12:00,2026-07-21,12,630000,ОЭС УРАЛА,28584,27198
2026-07-21 13:00,2026-07-21,13,630000,ОЭС УРАЛА,28937,27539
2026-07-21 14:00,2026-07-21,14,630000,ОЭС УРАЛА,29032,27392
2026-07-21 15:00,2026-07-21,15,630000,ОЭС УРАЛА,29074,26977
2026-07-21 16:00,2026-07-21,16,630000,ОЭС УРАЛА,28969,27177
2026-07-21 17:00,2026-07-21,17,630000,ОЭС УРАЛА,28620,26940
2026-07-21 18:00,2026-07-21,18,630000,ОЭС УРАЛА,28581,26434
2026-07-21 19:00,2026-07-21,19,630000,ОЭС УРАЛА,28787,26307
2026-07-21 20:00,2026-07-21,20,630000,ОЭС УРАЛА,28247,26292
2026-07-21 21:00,2026-07-21,21,630000,ОЭС УРАЛА,27893,25810
2026-07-21 22:00,2026-07-21,22,630000,ОЭС УРАЛА,26467,25043
2026-07-21 23:00,2026-07-21,23,630000,ОЭС УРАЛА,24197,24053
2026-07-22 00:00,2026-07-22,0,630000,ОЭС УРАЛА,22431,23564
2026-07-22 01:00,2026-07-22,1,630000,ОЭС УРАЛА,20826,23345
2026-07-22 02:00,2026-07-22,2,630000,ОЭС УРАЛА,20928,23000
2026-07-22 03:00,2026-07-22,3,630000,ОЭС УРАЛА,20676,22875
2026-07-22 04:00,2026-07-22,4,630000,ОЭС УРАЛА,20573,23610
2026-07-22 05:00,2026-07-22,5,630000,ОЭС УРАЛА,21235,23967
2026-07-22 06:00,2026-07-22,6,630000,ОЭС УРАЛА,22709,25160
2026-07-22 07:00,2026-07-22,7,630000,ОЭС УРАЛА,24863,26359
2026-07-22 08:00,2026-07-22,8,630000,ОЭС УРАЛА,27527,27117
2026-07-22 09:00,2026-07-22,9,630000,ОЭС УРАЛА,28693,27562
2026-07-22 10:00,2026-07-22,10,630000,ОЭС УРАЛА,29280,27804
2026-07-22 11:00,2026-07-22,11,630000,ОЭС УРАЛА,29374,27621
2026-07-22 12:00,2026-07-22,12,630000,ОЭС УРАЛА,29223,27410
2026-07-22 13:00,2026-07-22,13,630000,ОЭС УРАЛА,29035,27686
2026-07-22 14:00,2026-07-22,14,630000,ОЭС УРАЛА,28206,27574
2026-07-22 15:00,2026-07-22,15,630000,ОЭС УРАЛА,28286,27475
2026-07-22 16:00,2026-07-22,16,630000,ОЭС УРАЛА,28577,27336
2026-07-22 17:00,2026-07-22,17,630000,ОЭС УРАЛА,28192,27095
2026-07-22 18:00,2026-07-22,18,630000,ОЭС УРАЛА,27980,26479
2026-07-22 19:00,2026-07-22,19,630000,ОЭС УРАЛА,27692,26560
2026-07-22 20:00,2026-07-22,20,630000,ОЭС УРАЛА,27538,26504
2026-07-22 21:00,2026-07-22,21,630000,ОЭС УРАЛА,27092,26231
2026-07-22 22:00,2026-07-22,22,630000,ОЭС УРАЛА,25489,25019
2026-07-22 23:00,2026-07-22,23,630000,ОЭС УРАЛА,23384,24092
2026-07-23 00:00,2026-07-23,0,630000,ОЭС УРАЛА,21632,23449
2026-07-23 01:00,2026-07-23,1,630000,ОЭС УРАЛА,19977,23193
2026-07-23 02:00,2026-07-23,2,630000,ОЭС УРАЛА,20127,23145
2026-07-23 03:00,2026-07-23,3,630000,ОЭС УРАЛА,20000,22861
2026-07-23 04:00,2026-07-23,4,630000,ОЭС УРАЛА,20177,23326
2026-07-23 05:00,2026-07-23,5,630000,ОЭС УРАЛА,21628,24281
2026-07-23 06:00,2026-07-23,6,630000,ОЭС УРАЛА,23476,25158
2026-07-23 07:00,2026-07-23,7,630000,ОЭС УРАЛА,24889,26248
2026-07-23 08:00,2026-07-23,8,630000,ОЭС УРАЛА,27123,27094
2026-07-23 09:00,2026-07-23,9,630000,ОЭС УРАЛА,28491,27615
2026-07-23 10:00,2026-07-23,10,630000,ОЭС УРАЛА,29050,27851
2026-07-23 11:00,2026-07-23,11,630000,ОЭС УРАЛА,29011,27946
2026-07-23 12:00,2026-07-23,12,630000,ОЭС УРАЛА,28541,27784
2026-07-23 13:00,2026-07-23,13,630000,ОЭС УРАЛА,29079,28014
2026-07-23 14:00,2026-07-23,14,630000,ОЭС УРАЛА,28953,27873
2026-07-23 15:00,2026-07-23,15,630000,ОЭС УРАЛА,28718,27652
2026-07-23 16:00,2026-07-23,16,630000,ОЭС УРАЛА,28667,27429
2026-07-23 17:00,2026-07-23,17,630000,ОЭС УРАЛА,28404,27218
2026-07-23 18:00,2026-07-23,18,630000,ОЭС УРАЛА,28245,27137
2026-07-23 19:00,2026-07-23,19,630000,ОЭС УРАЛА,27960,26921
2026-07-23 20:00,2026-07-23,20,630000,ОЭС УРАЛА,27610,26869
2026-07-23 21:00,2026-07-23,21,630000,ОЭС УРАЛА,27434,25992
2026-07-23 22:00,2026-07-23,22,630000,ОЭС УРАЛА,25740,25295
2026-07-23 23:00,2026-07-23,23,630000,ОЭС УРАЛА,23107,24393
2026-07-24 00:00,2026-07-24,0,630000,ОЭС УРАЛА,22656,23772
2026-07-24 01:00,2026-07-24,1,630000,ОЭС УРАЛА,21225,23419
2026-07-24 02:00,2026-07-24,2,630000,ОЭС УРАЛА,21195,23567
2026-07-24 03:00,2026-07-24,3,630000,ОЭС УРАЛА,21065,23286
2026-07-24 04:00,2026-07-24,4,630000,ОЭС УРАЛА,20930,23497
2026-07-24 05:00,2026-07-24,5,630000,ОЭС УРАЛА,21173,24181
2026-07-24 06:00,2026-07-24,6,630000,ОЭС УРАЛА,23419,25272
2026-07-24 07:00,2026-07-24,7,630000,ОЭС УРАЛА,25210,26729
2026-07-24 08:00,2026-07-24,8,630000,ОЭС УРАЛА,27900,27321
2026-07-24 09:00,2026-07-24,9,630000,ОЭС УРАЛА,28840,27829
2026-07-24 10:00,2026-07-24,10,630000,ОЭС УРАЛА,29199,27969
2026-07-24 11:00,2026-07-24,11,630000,ОЭС УРАЛА,28840,28288
2026-07-24 12:00,2026-07-24,12,630000,ОЭС УРАЛА,28651,27973
2026-07-24 13:00,2026-07-24,13,630000,ОЭС УРАЛА,29166,28096
2026-07-24 14:00,2026-07-24,14,630000,ОЭС УРАЛА,29154,27697
2026-07-24 15:00,2026-07-24,15,630000,ОЭС УРАЛА,29246,27818
2026-07-24 16:00,2026-07-24,16,630000,ОЭС УРАЛА,28999,27626
2026-07-24 17:00,2026-07-24,17,630000,ОЭС УРАЛА,28433,27300
2026-07-24 18:00,2026-07-24,18,630000,ОЭС УРАЛА,28756,27088
2026-07-24 19:00,2026-07-24,19,630000,ОЭС УРАЛА,28484,27119
2026-07-24 20:00,2026-07-24,20,630000,ОЭС УРАЛА,28105,26795
2026-07-24 21:00,2026-07-24,21,630000,ОЭС УРАЛА,27848,26521
2026-07-24 22:00,2026-07-24,22,630000,ОЭС УРАЛА,26146,25823
2026-07-24 23:00,2026-07-24,23,630000,ОЭС УРАЛА,24643,24768
2026-07-25 00:00,2026-07-25,0,630000,ОЭС УРАЛА,22851,24156
2026-07-25 01:00,2026-07-25,1,630000,ОЭС УРАЛА,22149,23985
2026-07-25 02:00,2026-07-25,2,630000,ОЭС УРАЛА,20751,23700
2026-07-25 03:00,2026-07-25,3,630000,ОЭС УРАЛА,20531,23432
2026-07-25 04:00,2026-07-25,4,630000,ОЭС УРАЛА,20533,23340
2026-07-25 05:00,2026-07-25,5,630000,ОЭС УРАЛА,20728,23718
2026-07-25 06:00,2026-07-25,6,630000,ОЭС УРАЛА,21740,24324
2026-07-25 07:00,2026-07-25,7,630000,ОЭС УРАЛА,23708,25802
2026-07-25 08:00,2026-07-25,8,630000,ОЭС УРАЛА,25576,26298
2026-07-25 09:00,2026-07-25,9,630000,ОЭС УРАЛА,27262,27107
2026-07-25 10:00,2026-07-25,10,630000,ОЭС УРАЛА,27241,27330
2026-07-25 11:00,2026-07-25,11,630000,ОЭС УРАЛА,27835,27060
2026-07-25 12:00,2026-07-25,12,630000,ОЭС УРАЛА,27808,27305
2026-07-25 13:00,2026-07-25,13,630000,ОЭС УРАЛА,27849,27273
2026-07-25 14:00,2026-07-25,14,630000,ОЭС УРАЛА,27876,27243
2026-07-25 15:00,2026-07-25,15,630000,ОЭС УРАЛА,27550,27255
2026-07-25 16:00,2026-07-25,16,630000,ОЭС УРАЛА,27249,26924
2026-07-25 17:00,2026-07-25,17,630000,ОЭС УРАЛА,27276,26745
2026-07-25 18:00,2026-07-25,18,630000,ОЭС УРАЛА,27339,26432
2026-07-25 19:00,2026-07-25,19,630000,ОЭС УРАЛА,26915,26565
2026-07-25 20:00,2026-07-25,20,630000,ОЭС УРАЛА,26854,26594
2026-07-25 21:00,2026-07-25,21,630000,ОЭС УРАЛА,26795,25948
2026-07-25 22:00,2026-07-25,22,630000,ОЭС УРАЛА,25657,25252
2026-07-25 23:00,2026-07-25,23,630000,ОЭС УРАЛА,22953,24314
2026-07-26 00:00,2026-07-26,0,630000,ОЭС УРАЛА,22740,23978
2026-07-26 01:00,2026-07-26,1,630000,ОЭС УРАЛА,20934,23759
2026-07-26 02:00,2026-07-26,2,630000,ОЭС УРАЛА,20483,23167
2026-07-26 03:00,2026-07-26,3,630000,ОЭС УРАЛА,19744,23432
2026-07-26 04:00,2026-07-26,4,630000,ОЭС УРАЛА,19785,23373
2026-07-26 05:00,2026-07-26,5,630000,ОЭС УРАЛА,20005,23933
2026-07-26 06:00,2026-07-26,6,630000,ОЭС УРАЛА,20849,24506
2026-07-26 07:00,2026-07-26,7,630000,ОЭС УРАЛА,22340,25474
2026-07-26 08:00,2026-07-26,8,630000,ОЭС УРАЛА,24146,26431
2026-07-26 09:00,2026-07-26,9,630000,ОЭС УРАЛА,25964,27048
2026-07-26 10:00,2026-07-26,10,630000,ОЭС УРАЛА,27155,27276
2026-07-26 11:00,2026-07-26,11,630000,ОЭС УРАЛА,27158,27649
2026-07-26 12:00,2026-07-26,12,630000,ОЭС УРАЛА,27330,27686
2026-07-26 13:00,2026-07-26,13,630000,ОЭС УРАЛА,27295,27453
2026-07-26 14:00,2026-07-26,14,630000,ОЭС УРАЛА,27260,27268
2026-07-26 15:00,2026-07-26,15,630000,ОЭС УРАЛА,26740,27412
2026-07-26 16:00,2026-07-26,16,630000,ОЭС УРАЛА,26867,27294
2026-07-26 17:00,2026-07-26,17,630000,ОЭС УРАЛА,27003,27123
2026-07-26 18:00,2026-07-26,18,630000,ОЭС УРАЛА,26739,26895
2026-07-26 19:00,2026-07-26,19,630000,ОЭС УРАЛА,26425,27102
2026-07-26 20:00,2026-07-26,20,630000,ОЭС УРАЛА,26469,26911
2026-07-26 21:00,2026-07-26,21,630000,ОЭС УРАЛА,26153,26421
2026-07-26 22:00,2026-07-26,22,630000,ОЭС УРАЛА,25866,25416
2026-07-26 23:00,2026-07-26,23,630000,ОЭС УРАЛА,23867,24672
2026-07-27 00:00,2026-07-27,0,630000,ОЭС УРАЛА,21635,24366
2026-07-27 01:00,2026-07-27,1,630000,ОЭС УРАЛА,20257,23821
2026-07-27 02:00,2026-07-27,2,630000,ОЭС УРАЛА,19033,23564
2026-07-27 03:00,2026-07-27,3,630000,ОЭС УРАЛА,19032,23527
2026-07-27 04:00,2026-07-27,4,630000,ОЭС УРАЛА,20017,24010
2026-07-27 05:00,2026-07-27,5,630000,ОЭС УРАЛА,21058,24955
2026-07-27 06:00,2026-07-27,6,630000,ОЭС УРАЛА,23176,25737
2026-07-27 07:00,2026-07-27,7,630000,ОЭС УРАЛА,25065,27333
2026-07-27 08:00,2026-07-27,8,630000,ОЭС УРАЛА,26877,28141
2026-07-27 09:00,2026-07-27,9,630000,ОЭС УРАЛА,27512,28426
2026-07-27 10:00,2026-07-27,10,630000,ОЭС УРАЛА,27860,28613
2026-07-27 11:00,2026-07-27,11,630000,ОЭС УРАЛА,27940,28889
2026-07-27 12:00,2026-07-27,12,630000,ОЭС УРАЛА,27896,28693
2026-07-27 13:00,2026-07-27,13,630000,ОЭС УРАЛА,28151,28754
2026-07-27 14:00,2026-07-27,14,630000,ОЭС УРАЛА,28023,28658
2026-07-27 15:00,2026-07-27,15,630000,ОЭС УРАЛА,28056,28524
2026-07-27 16:00,2026-07-27,16,630000,ОЭС УРАЛА,28386,28460
2026-07-27 17:00,2026-07-27,17,630000,ОЭС УРАЛА,28291,28086
2026-07-27 18:00,2026-07-27,18,630000,ОЭС УРАЛА,27832,27693
2026-07-27 19:00,2026-07-27,19,630000,ОЭС УРАЛА,27701,27574
2026-07-27 20:00,2026-07-27,20,630000,ОЭС УРАЛА,27287,27623
2026-07-27 21:00,2026-07-27,21,630000,ОЭС УРАЛА,27506,26947
2026-07-27 22:00,2026-07-27,22,630000,ОЭС УРАЛА,26719,26149
2026-07-27 23:00,2026-07-27,23,630000,ОЭС УРАЛА,24010,24816
2026-07-28 00:00,2026-07-28,0,630000,ОЭС УРАЛА,22550,24527
2026-07-28 01:00,2026-07-28,1,630000,ОЭС УРАЛА,21036,23891
2026-07-28 02:00,2026-07-28,2,630000,ОЭС УРАЛА,21013,23929
2026-07-28 03:00,2026-07-28,3,630000,ОЭС УРАЛА,20797,23848
2026-07-28 04:00,2026-07-28,4,630000,ОЭС УРАЛА,21229,24154
2026-07-28 05:00,2026-07-28,5,630000,ОЭС УРАЛА,21771,24954
2026-07-28 06:00,2026-07-28,6,630000,ОЭС УРАЛА,23218,26111
2026-07-28 07:00,2026-07-28,7,630000,ОЭС УРАЛА,25831,27425
2026-07-28 08:00,2026-07-28,8,630000,ОЭС УРАЛА,28403,28088
2026-07-28 09:00,2026-07-28,9,630000,ОЭС УРАЛА,28625,28351
2026-07-28 10:00,2026-07-28,10,630000,ОЭС УРАЛА,28597,28497
2026-07-28 11:00,2026-07-28,11,630000,ОЭС УРАЛА,28421,28558
2026-07-28 12:00,2026-07-28,12,630000,ОЭС УРАЛА,28532,28644
2026-07-28 13:00,2026-07-28,13,630000,ОЭС УРАЛА,28775,28392
2026-07-28 14:00,2026-07-28,14,630000,ОЭС УРАЛА,28936,28476
2026-07-28 15:00,2026-07-28,15,630000,ОЭС УРАЛА,28985,28174
2026-07-28 16:00,2026-07-28,16,630000,ОЭС УРАЛА,29010,28000
2026-07-28 17:00,2026-07-28,17,630000,ОЭС УРАЛА,28813,27853
2026-07-28 18:00,2026-07-28,18,630000,ОЭС УРАЛА,28119,27577
2026-07-28 19:00,2026-07-28,19,630000,ОЭС УРАЛА,28112,27572
2026-07-28 20:00,2026-07-28,20,630000,ОЭС УРАЛА,27806,27595
2026-07-28 21:00,2026-07-28,21,630000,ОЭС УРАЛА,27564,26872
2026-07-28 22:00,2026-07-28,22,630000,ОЭС УРАЛА,26354,25785
2026-07-28 23:00,2026-07-28,23,630000,ОЭС УРАЛА,23706,24783
2026-07-29 00:00,2026-07-29,0,630000,ОЭС УРАЛА,22639,24139
2026-07-29 01:00,2026-07-29,1,630000,ОЭС УРАЛА,21131,23756
2026-07-29 02:00,2026-07-29,2,630000,ОЭС УРАЛА,20845,23801
2026-07-29 03:00,2026-07-29,3,630000,ОЭС УРАЛА,20803,23646
2026-07-29 04:00,2026-07-29,4,630000,ОЭС УРАЛА,20790,24176
2026-07-29 05:00,2026-07-29,5,630000,ОЭС УРАЛА,21662,24908
2026-07-29 06:00,2026-07-29,6,630000,ОЭС УРАЛА,22716,25438
2026-07-29 07:00,2026-07-29,7,630000,ОЭС УРАЛА,25071,27215
2026-07-29 08:00,2026-07-29,8,630000,ОЭС УРАЛА,27529,27953
2026-07-29 09:00,2026-07-29,9,630000,ОЭС УРАЛА,28597,28258
2026-07-29 10:00,2026-07-29,10,630000,ОЭС УРАЛА,29042,28254
2026-07-29 11:00,2026-07-29,11,630000,ОЭС УРАЛА,29061,28333
2026-07-29 12:00,2026-07-29,12,630000,ОЭС УРАЛА,29102,28565
2026-07-29 13:00,2026-07-29,13,630000,ОЭС УРАЛА,29156,28075
2026-07-29 14:00,2026-07-29,14,630000,ОЭС УРАЛА,29182,28229
2026-07-29 15:00,2026-07-29,15,630000,ОЭС УРАЛА,29080,27930
2026-07-29 16:00,2026-07-29,16,630000,ОЭС УРАЛА,29300,27914
2026-07-29 17:00,2026-07-29,17,630000,ОЭС УРАЛА,28898,27755
2026-07-29 18:00,2026-07-29,18,630000,ОЭС УРАЛА,28910,27397
2026-07-29 19:00,2026-07-29,19,630000,ОЭС УРАЛА,28351,27501
2026-07-29 20:00,2026-07-29,20,630000,ОЭС УРАЛА,27974,27599
2026-07-29 21:00,2026-07-29,21,630000,ОЭС УРАЛА,27542,26948
2026-07-29 22:00,2026-07-29,22,630000,ОЭС УРАЛА,24502,25559
2026-07-29 23:00,2026-07-29,23,630000,ОЭС УРАЛА,23598,24804
2026-07-30 00:00,2026-07-30,0,630000,ОЭС УРАЛА,21076,24098
2026-07-30 01:00,2026-07-30,1,630000,ОЭС УРАЛА,20906,23938
2026-07-30 02:00,2026-07-30,2,630000,ОЭС УРАЛА,21058,23970
2026-07-30 03:00,2026-07-30,3,630000,ОЭС УРАЛА,21041,23467
2026-07-30 04:00,2026-07-30,4,630000,ОЭС УРАЛА,20950,23791
2026-07-30 05:00,2026-07-30,5,630000,ОЭС УРАЛА,21353,24578
2026-07-30 06:00,2026-07-30,6,630000,ОЭС УРАЛА,22478,25543
2026-07-30 07:00,2026-07-30,7,630000,ОЭС УРАЛА,24734,26819
2026-07-30 08:00,2026-07-30,8,630000,ОЭС УРАЛА,26652,27388
2026-07-30 09:00,2026-07-30,9,630000,ОЭС УРАЛА,28247,27894
2026-07-30 10:00,2026-07-30,10,630000,ОЭС УРАЛА,28129,27891
2026-07-30 11:00,2026-07-30,11,630000,ОЭС УРАЛА,27560,27959
2026-07-30 12:00,2026-07-30,12,630000,ОЭС УРАЛА,28839,28202
2026-07-30 13:00,2026-07-30,13,630000,ОЭС УРАЛА,29367,28339
2026-07-30 14:00,2026-07-30,14,630000,ОЭС УРАЛА,29491,28035
2026-07-30 15:00,2026-07-30,15,630000,ОЭС УРАЛА,28864,27780
2026-07-30 16:00,2026-07-30,16,630000,ОЭС УРАЛА,28568,27759
2026-07-30 17:00,2026-07-30,17,630000,ОЭС УРАЛА,28512,27641
2026-07-30 18:00,2026-07-30,18,630000,ОЭС УРАЛА,28468,27365
2026-07-30 19:00,2026-07-30,19,630000,ОЭС УРАЛА,27842,27035
2026-07-30 20:00,2026-07-30,20,630000,ОЭС УРАЛА,26997,27112
2026-07-30 21:00,2026-07-30,21,630000,ОЭС УРАЛА,26242,26406
2026-07-30 22:00,2026-07-30,22,630000,ОЭС УРАЛА,24689,25189
2026-07-30 23:00,2026-07-30,23,630000,ОЭС УРАЛА,22415,24221
2026-07-31 00:00,2026-07-31,0,630000,ОЭС УРАЛА,20974,23892
2026-07-31 01:00,2026-07-31,1,630000,ОЭС УРАЛА,20256,23642
2026-07-31 02:00,2026-07-31,2,630000,ОЭС УРАЛА,20277,23140
2026-07-31 03:00,2026-07-31,3,630000,ОЭС УРАЛА,20416,23343
2026-07-31 04:00,2026-07-31,4,630000,ОЭС УРАЛА,20527,23636
2026-07-31 05:00,2026-07-31,5,630000,ОЭС УРАЛА,21350,24379
2026-07-31 06:00,2026-07-31,6,630000,ОЭС УРАЛА,23394,25233
2026-07-31 07:00,2026-07-31,7,630000,ОЭС УРАЛА,24627,26515
2026-07-31 08:00,2026-07-31,8,630000,ОЭС УРАЛА,26854,27180
2026-07-31 09:00,2026-07-31,9,630000,ОЭС УРАЛА,28225,27342
2026-07-31 10:00,2026-07-31,10,630000,ОЭС УРАЛА,28573,27589
2026-07-31 11:00,2026-07-31,11,630000,ОЭС УРАЛА,28578,27526
2026-07-31 12:00,2026-07-31,12,630000,ОЭС УРАЛА,28750,27659
2026-07-31 13:00,2026-07-31,13,630000,ОЭС УРАЛА,28652,27110
2026-07-31 14:00,2026-07-31,14,630000,ОЭС УРАЛА,27387,27054
2026-07-31 15:00,2026-07-31,15,630000,ОЭС УРАЛА,27404,26898
2026-07-31 16:00,2026-07-31,16,630000,ОЭС УРАЛА,28523,26622
2026-07-31 17:00,2026-07-31,17,630000,ОЭС УРАЛА,28032,26400
2026-07-31 18:00,2026-07-31,18,630000,ОЭС УРАЛА,27757,26096
2026-07-31 19:00,2026-07-31,19,630000,ОЭС УРАЛА,26810,26060
2026-07-31 20:00,2026-07-31,20,630000,ОЭС УРАЛА,26369,26068
2026-07-31 21:00,2026-07-31,21,630000,ОЭС УРАЛА,26588,25542
2026-07-31 22:00,2026-07-31,22,630000,ОЭС УРАЛА,25608,24755
2026-07-31 23:00,2026-07-31,23,630000,ОЭС УРАЛА,23595,24223
2026-08-01 00:00,2026-08-01,0,630000,ОЭС УРАЛА,22369,23721
2026-08-01 01:00,2026-08-01,1,630000,ОЭС УРАЛА,22091,23497
2026-08-01 02:00,2026-08-01,2,630000,ОЭС УРАЛА,21243,23354
2026-08-01 03:00,2026-08-01,3,630000,ОЭС УРАЛА,20820,23117
2026-08-01 04:00,2026-08-01,4,630000,ОЭС УРАЛА,21103,23213
2026-08-01 05:00,2026-08-01,5,630000,ОЭС УРАЛА,20961,23296
2026-08-01 06:00,2026-08-01,6,630000,ОЭС УРАЛА,21804,24012
2026-08-01 07:00,2026-08-01,7,630000,ОЭС УРАЛА,22936,25087
2026-08-01 08:00,2026-08-01,8,630000,ОЭС УРАЛА,25360,25947
2026-08-01 09:00,2026-08-01,9,630000,ОЭС УРАЛА,26634,26184
2026-08-01 10:00,2026-08-01,10,630000,ОЭС УРАЛА,27276,26501
2026-08-01 11:00,2026-08-01,11,630000,ОЭС УРАЛА,27677,26288
2026-08-01 12:00,2026-08-01,12,630000,ОЭС УРАЛА,27456,26522
2026-08-01 13:00,2026-08-01,13,630000,ОЭС УРАЛА,27306,26405
2026-08-01 14:00,2026-08-01,14,630000,ОЭС УРАЛА,27797,26425
2026-08-01 15:00,2026-08-01,15,630000,ОЭС УРАЛА,27771,26451
2026-08-01 16:00,2026-08-01,16,630000,ОЭС УРАЛА,27289,26238
2026-08-01 17:00,2026-08-01,17,630000,ОЭС УРАЛА,26893,26121
2026-08-01 18:00,2026-08-01,18,630000,ОЭС УРАЛА,26641,26040
2026-08-01 19:00,2026-08-01,19,630000,ОЭС УРАЛА,26683,26003
2026-08-01 20:00,2026-08-01,20,630000,ОЭС УРАЛА,26241,26095
2026-08-01 21:00,2026-08-01,21,630000,ОЭС УРАЛА,25501,25467
2026-08-01 22:00,2026-08-01,22,630000,ОЭС УРАЛА,24514,24718
2026-08-01 23:00,2026-08-01,23,630000,ОЭС УРАЛА,23593,24146
2026-08-02 00:00,2026-08-02,0,630000,ОЭС УРАЛА,23385,23652
2026-08-02 01:00,2026-08-02,1,630000,ОЭС УРАЛА,20817,23050
2026-08-02 02:00,2026-08-02,2,630000,ОЭС УРАЛА,20343,22965
2026-08-02 03:00,2026-08-02,3,630000,ОЭС УРАЛА,19866,23102
2026-08-02 04:00,2026-08-02,4,630000,ОЭС УРАЛА,19841,22962
2026-08-02 05:00,2026-08-02,5,630000,ОЭС УРАЛА,19927,23177
2026-08-02 06:00,2026-08-02,6,630000,ОЭС УРАЛА,20084,23546
2026-08-02 07:00,2026-08-02,7,630000,ОЭС УРАЛА,22144,24541
2026-08-02 08:00,2026-08-02,8,630000,ОЭС УРАЛА,24164,25379
2026-08-02 09:00,2026-08-02,9,630000,ОЭС УРАЛА,25221,25938
2026-08-02 10:00,2026-08-02,10,630000,ОЭС УРАЛА,26163,26063
2026-08-02 11:00,2026-08-02,11,630000,ОЭС УРАЛА,26915,26440
2026-08-02 12:00,2026-08-02,12,630000,ОЭС УРАЛА,26987,26318
2026-08-02 13:00,2026-08-02,13,630000,ОЭС УРАЛА,27295,26498
2026-08-02 14:00,2026-08-02,14,630000,ОЭС УРАЛА,27320,26312
2026-08-02 15:00,2026-08-02,15,630000,ОЭС УРАЛА,27559,26506
2026-08-02 16:00,2026-08-02,16,630000,ОЭС УРАЛА,26647,26134
2026-08-02 17:00,2026-08-02,17,630000,ОЭС УРАЛА,26900,25936
2026-08-02 18:00,2026-08-02,18,630000,ОЭС УРАЛА,26686,25868
2026-08-02 19:00,2026-08-02,19,630000,ОЭС УРАЛА,26650,25861
2026-08-02 20:00,2026-08-02,20,630000,ОЭС УРАЛА,25995,25910
2026-08-02 21:00,2026-08-02,21,630000,ОЭС УРАЛА,25195,25108
2026-08-02 22:00,2026-08-02,22,630000,ОЭС УРАЛА,24053,24477
2026-08-02 23:00,2026-08-02,23,630000,ОЭС УРАЛА,22227,23715
2026-08-03 00:00,2026-08-03,0,630000,ОЭС УРАЛА,21059,23220
2026-08-03 01:00,2026-08-03,1,630000,ОЭС УРАЛА,19448,23105
2026-08-03 02:00,2026-08-03,2,630000,ОЭС УРАЛА,19523,23181
2026-08-03 03:00,2026-08-03,3,630000,ОЭС УРАЛА,19623,23086
2026-08-03 04:00,2026-08-03,4,630000,ОЭС УРАЛА,20089,23205
2026-08-03 05:00,2026-08-03,5,630000,ОЭС УРАЛА,20480,23929
2026-08-03 06:00,2026-08-03,6,630000,ОЭС УРАЛА,22014,24791
2026-08-03 07:00,2026-08-03,7,630000,ОЭС УРАЛА,23655,25862
2026-08-03 08:00,2026-08-03,8,630000,ОЭС УРАЛА,25092,26411
2026-08-03 09:00,2026-08-03,9,630000,ОЭС УРАЛА,26372,26922
2026-08-03 10:00,2026-08-03,10,630000,ОЭС УРАЛА,28231,27163
2026-08-03 11:00,2026-08-03,11,630000,ОЭС УРАЛА,28317,27210
2026-08-03 12:00,2026-08-03,12,630000,ОЭС УРАЛА,28523,26949
2026-08-03 13:00,2026-08-03,13,630000,ОЭС УРАЛА,28517,27072
2026-08-03 14:00,2026-08-03,14,630000,ОЭС УРАЛА,28662,27096
2026-08-03 15:00,2026-08-03,15,630000,ОЭС УРАЛА,28504,27003
2026-08-03 16:00,2026-08-03,16,630000,ОЭС УРАЛА,26928,26595
2026-08-03 17:00,2026-08-03,17,630000,ОЭС УРАЛА,26577,26547
2026-08-03 18:00,2026-08-03,18,630000,ОЭС УРАЛА,26280,26254
2026-08-03 19:00,2026-08-03,19,630000,ОЭС УРАЛА,26338,26536
2026-08-03 20:00,2026-08-03,20,630000,ОЭС УРАЛА,26262,26461
2026-08-03 21:00,2026-08-03,21,630000,ОЭС УРАЛА,25170,25557
2026-08-03 22:00,2026-08-03,22,630000,ОЭС УРАЛА,24179,24570
2026-08-03 23:00,2026-08-03,23,630000,ОЭС УРАЛА,22331,23607
2026-08-04 00:00,2026-08-04,0,630000,ОЭС УРАЛА,20481,23753
2026-08-04 01:00,2026-08-04,1,630000,ОЭС УРАЛА,19560,23348
2026-08-04 02:00,2026-08-04,2,630000,ОЭС УРАЛА,19751,23037
2026-08-04 03:00,2026-08-04,3,630000,ОЭС УРАЛА,19693,23119
2026-08-04 04:00,2026-08-04,4,630000,ОЭС УРАЛА,19906,23554
2026-08-04 05:00,2026-08-04,5,630000,ОЭС УРАЛА,19886,24094
2026-08-04 06:00,2026-08-04,6,630000,ОЭС УРАЛА,22599,24851
2026-08-04 07:00,2026-08-04,7,630000,ОЭС УРАЛА,24381,25959
2026-08-04 08:00,2026-08-04,8,630000,ОЭС УРАЛА,25372,26327
2026-08-04 09:00,2026-08-04,9,630000,ОЭС УРАЛА,25589,26718
2026-08-04 10:00,2026-08-04,10,630000,ОЭС УРАЛА,26612,26832
2026-08-04 11:00,2026-08-04,11,630000,ОЭС УРАЛА,26782,26876
2026-08-04 12:00,2026-08-04,12,630000,ОЭС УРАЛА,26815,27002
2026-08-04 13:00,2026-08-04,13,630000,ОЭС УРАЛА,27201,27080
2026-08-04 14:00,2026-08-04,14,630000,ОЭС УРАЛА,26889,26801
2026-08-04 15:00,2026-08-04,15,630000,ОЭС УРАЛА,27202,26891
2026-08-04 16:00,2026-08-04,16,630000,ОЭС УРАЛА,27532,26780
2026-08-04 17:00,2026-08-04,17,630000,ОЭС УРАЛА,27492,26682
2026-08-04 18:00,2026-08-04,18,630000,ОЭС УРАЛА,26948,26303
2026-08-04 19:00,2026-08-04,19,630000,ОЭС УРАЛА,27144,26379
2026-08-04 20:00,2026-08-04,20,630000,ОЭС УРАЛА,26651,26368
2026-08-04 21:00,2026-08-04,21,630000,ОЭС УРАЛА,25611,25652
2026-08-04 22:00,2026-08-04,22,630000,ОЭС УРАЛА,24304,24684
2026-08-04 23:00,2026-08-04,23,630000,ОЭС УРАЛА,23149,23976
2026-08-05 00:00,2026-08-05,0,630000,ОЭС УРАЛА,22292,23446
2026-08-05 01:00,2026-08-05,1,630000,ОЭС УРАЛА,20595,23249
2026-08-05 02:00,2026-08-05,2,630000,ОЭС УРАЛА,20699,23359
2026-08-05 03:00,2026-08-05,3,630000,ОЭС УРАЛА,20392,22964
2026-08-05 04:00,2026-08-05,4,630000,ОЭС УРАЛА,20366,23430
2026-08-05 05:00,2026-08-05,5,630000,ОЭС УРАЛА,20905,23993
2026-08-05 06:00,2026-08-05,6,630000,ОЭС УРАЛА,22861,25029
2026-08-05 07:00,2026-08-05,7,630000,ОЭС УРАЛА,24186,25974
2026-08-05 08:00,2026-08-05,8,630000,ОЭС УРАЛА,25918,26554
2026-08-05 09:00,2026-08-05,9,630000,ОЭС УРАЛА,27311,26909
2026-08-05 10:00,2026-08-05,10,630000,ОЭС УРАЛА,27952,26766
2026-08-05 11:00,2026-08-05,11,630000,ОЭС УРАЛА,28256,26877
2026-08-05 12:00,2026-08-05,12,630000,ОЭС УРАЛА,27897,27197
2026-08-05 13:00,2026-08-05,13,630000,ОЭС УРАЛА,28182,26890
2026-08-05 14:00,2026-08-05,14,630000,ОЭС УРАЛА,28569,26989
2026-08-05 15:00,2026-08-05,15,630000,ОЭС УРАЛА,28775,26726
2026-08-05 16:00,2026-08-05,16,630000,ОЭС УРАЛА,28489,26744
2026-08-05 17:00,2026-08-05,17,630000,ОЭС УРАЛА,28187,26570
2026-08-05 18:00,2026-08-05,18,630000,ОЭС УРАЛА,27814,25960
2026-08-05 19:00,2026-08-05,19,630000,ОЭС УРАЛА,27946,26311
2026-08-05 20:00,2026-08-05,20,630000,ОЭС УРАЛА,27558,26330
2026-08-05 21:00,2026-08-05,21,630000,ОЭС УРАЛА,26627,25347
2026-08-05 22:00,2026-08-05,22,630000,ОЭС УРАЛА,25933,24602
2026-08-05 23:00,2026-08-05,23,630000,ОЭС УРАЛА,23067,23524
2026-08-06 00:00,2026-08-06,0,630000,ОЭС УРАЛА,22160,23240
2026-08-06 01:00,2026-08-06,1,630000,ОЭС УРАЛА,20528,23259
2026-08-06 02:00,2026-08-06,2,630000,ОЭС УРАЛА,20708,22820
2026-08-06 03:00,2026-08-06,3,630000,ОЭС УРАЛА,20723,22699
2026-08-06 04:00,2026-08-06,4,630000,ОЭС УРАЛА,20810,23140
2026-08-06 05:00,2026-08-06,5,630000,ОЭС УРАЛА,20909,23657
2026-08-06 06:00,2026-08-06,6,630000,ОЭС УРАЛА,23201,24550
2026-08-06 07:00,2026-08-06,7,630000,ОЭС УРАЛА,24612,26079
2026-08-06 08:00,2026-08-06,8,630000,ОЭС УРАЛА,26599,26596
2026-08-06 09:00,2026-08-06,9,630000,ОЭС УРАЛА,27786,26661
2026-08-06 10:00,2026-08-06,10,630000,ОЭС УРАЛА,28284,26524
2026-08-06 11:00,2026-08-06,11,630000,ОЭС УРАЛА,28676,26687
2026-08-06 12:00,2026-08-06,12,630000,ОЭС УРАЛА,27974,27090
2026-08-06 13:00,2026-08-06,13,630000,ОЭС УРАЛА,28586,26837
2026-08-06 14:00,2026-08-06,14,630000,ОЭС УРАЛА,28571,26815
2026-08-06 15:00,2026-08-06,15,630000,ОЭС УРАЛА,28467,26668
2026-08-06 16:00,2026-08-06,16,630000,ОЭС УРАЛА,28792,26504
2026-08-06 17:00,2026-08-06,17,630000,ОЭС УРАЛА,28555,26320
2026-08-06 18:00,2026-08-06,18,630000,ОЭС УРАЛА,28545,25858
2026-08-06 19:00,2026-08-06,19,630000,ОЭС УРАЛА,27440,26121
2026-08-06 20:00,2026-08-06,20,630000,ОЭС УРАЛА,27475,26488
2026-08-06 21:00,2026-08-06,21,630000,ОЭС УРАЛА,27387,25766
2026-08-06 22:00,2026-08-06,22,630000,ОЭС УРАЛА,25909,24857
2026-08-06 23:00,2026-08-06,23,630000,ОЭС УРАЛА,22773,23751
2026-08-07 00:00,2026-08-07,0,630000,ОЭС УРАЛА,21819,23368
2026-08-07 01:00,2026-08-07,1,630000,ОЭС УРАЛА,20197,23219
2026-08-07 02:00,2026-08-07,2,630000,ОЭС УРАЛА,20412,23103
2026-08-07 03:00,2026-08-07,3,630000,ОЭС УРАЛА,20272,23005
2026-08-07 04:00,2026-08-07,4,630000,ОЭС УРАЛА,20158,23453
2026-08-07 05:00,2026-08-07,5,630000,ОЭС УРАЛА,20939,23998
2026-08-07 06:00,2026-08-07,6,630000,ОЭС УРАЛА,23355,24917
2026-08-07 07:00,2026-08-07,7,630000,ОЭС УРАЛА,25644,25922
2026-08-07 08:00,2026-08-07,8,630000,ОЭС УРАЛА,27238,26671
2026-08-07 09:00,2026-08-07,9,630000,ОЭС УРАЛА,28074,26798
2026-08-07 10:00,2026-08-07,10,630000,ОЭС УРАЛА,28680,26834
2026-08-07 11:00,2026-08-07,11,630000,ОЭС УРАЛА,28812,26914
2026-08-07 12:00,2026-08-07,12,630000,ОЭС УРАЛА,28928,27058
2026-08-07 13:00,2026-08-07,13,630000,ОЭС УРАЛА,28414,26844
2026-08-07 14:00,2026-08-07,14,630000,ОЭС УРАЛА,28791,26965
2026-08-07 15:00,2026-08-07,15,630000,ОЭС УРАЛА,28607,26899
2026-08-07 16:00,2026-08-07,16,630000,ОЭС УРАЛА,28739,26830
2026-08-07 17:00,2026-08-07,17,630000,ОЭС УРАЛА,28511,26362
2026-08-07 18:00,2026-08-07,18,630000,ОЭС УРАЛА,28608,26017
2026-08-07 19:00,2026-08-07,19,630000,ОЭС УРАЛА,28158,26162
2026-08-07 20:00,2026-08-07,20,630000,ОЭС УРАЛА,27564,26489
2026-08-07 21:00,2026-08-07,21,630000,ОЭС УРАЛА,26893,25720
2026-08-07 22:00,2026-08-07,22,630000,ОЭС УРАЛА,26650,24957
2026-08-07 23:00,2026-08-07,23,630000,ОЭС УРАЛА,23475,24127
2026-08-08 00:00,2026-08-08,0,630000,ОЭС УРАЛА,22234,23556
2026-08-08 01:00,2026-08-08,1,630000,ОЭС УРАЛА,22122,23121
2026-08-08 02:00,2026-08-08,2,630000,ОЭС УРАЛА,21389,23017
2026-08-08 03:00,2026-08-08,3,630000,ОЭС УРАЛА,20169,22629
2026-08-08 04:00,2026-08-08,4,630000,ОЭС УРАЛА,20198,22513
2026-08-08 05:00,2026-08-08,5,630000,ОЭС УРАЛА,20222,22866
2026-08-08 06:00,2026-08-08,6,630000,ОЭС УРАЛА,21872,23729
2026-08-08 07:00,2026-08-08,7,630000,ОЭС УРАЛА,23693,25180
2026-08-08 08:00,2026-08-08,8,630000,ОЭС УРАЛА,25693,26006
2026-08-08 09:00,2026-08-08,9,630000,ОЭС УРАЛА,26265,26578
2026-08-08 10:00,2026-08-08,10,630000,ОЭС УРАЛА,26892,26244
2026-08-08 11:00,2026-08-08,11,630000,ОЭС УРАЛА,26800,26509
2026-08-08 12:00,2026-08-08,12,630000,ОЭС УРАЛА,26762,26426
2026-08-08 13:00,2026-08-08,13,630000,ОЭС УРАЛА,26982,26475
2026-08-08 14:00,2026-08-08,14,630000,ОЭС УРАЛА,26792,26519
2026-08-08 15:00,2026-08-08,15,630000,ОЭС УРАЛА,26827,26450
2026-08-08 16:00,2026-08-08,16,630000,ОЭС УРАЛА,26875,26498
2026-08-08 17:00,2026-08-08,17,630000,ОЭС УРАЛА,26960,26217
2026-08-08 18:00,2026-08-08,18,630000,ОЭС УРАЛА,26742,25537
2026-08-08 19:00,2026-08-08,19,630000,ОЭС УРАЛА,26767,25900
2026-08-08 20:00,2026-08-08,20,630000,ОЭС УРАЛА,26902,26134
2026-08-08 21:00,2026-08-08,21,630000,ОЭС УРАЛА,26351,25288
2026-08-08 22:00,2026-08-08,22,630000,ОЭС УРАЛА,25780,24204
2026-08-08 23:00,2026-08-08,23,630000,ОЭС УРАЛА,23647,23613
2026-08-09 00:00,2026-08-09,0,630000,ОЭС УРАЛА,23393,23396
2026-08-09 01:00,2026-08-09,1,630000,ОЭС УРАЛА,21562,22775
2026-08-09 02:00,2026-08-09,2,630000,ОЭС УРАЛА,21568,22529
2026-08-09 03:00,2026-08-09,3,630000,ОЭС УРАЛА,21438,22357
2026-08-09 04:00,2026-08-09,4,630000,ОЭС УРАЛА,20968,22322
2026-08-09 05:00,2026-08-09,5,630000,ОЭС УРАЛА,20970,22612
2026-08-09 06:00,2026-08-09,6,630000,ОЭС УРАЛА,21451,23226
2026-08-09 07:00,2026-08-09,7,630000,ОЭС УРАЛА,23115,24384
2026-08-09 08:00,2026-08-09,8,630000,ОЭС УРАЛА,23628,25114
2026-08-09 09:00,2026-08-09,9,630000,ОЭС УРАЛА,24956,25775
2026-08-09 10:00,2026-08-09,10,630000,ОЭС УРАЛА,26455,26038
2026-08-09 11:00,2026-08-09,11,630000,ОЭС УРАЛА,26444,26211
2026-08-09 12:00,2026-08-09,12,630000,ОЭС УРАЛА,26808,26112
2026-08-09 13:00,2026-08-09,13,630000,ОЭС УРАЛА,27114,26376
2026-08-09 14:00,2026-08-09,14,630000,ОЭС УРАЛА,26726,26099
2026-08-09 15:00,2026-08-09,15,630000,ОЭС УРАЛА,26891,26238
2026-08-09 16:00,2026-08-09,16,630000,ОЭС УРАЛА,26353,26063
2026-08-09 17:00,2026-08-09,17,630000,ОЭС УРАЛА,26429,25850
2026-08-09 18:00,2026-08-09,18,630000,ОЭС УРАЛА,26514,25566
2026-08-09 19:00,2026-08-09,19,630000,ОЭС УРАЛА,26538,25808
2026-08-09 20:00,2026-08-09,20,630000,ОЭС УРАЛА,26733,25769
2026-08-09 21:00,2026-08-09,21,630000,ОЭС УРАЛА,26255,25075
2026-08-09 22:00,2026-08-09,22,630000,ОЭС УРАЛА,25610,24194
2026-08-09 23:00,2026-08-09,23,630000,ОЭС УРАЛА,23414,23350
2026-08-10 00:00,2026-08-10,0,630000,ОЭС УРАЛА,22592,22740
2026-08-10 01:00,2026-08-10,1,630000,ОЭС УРАЛА,21384,22559
2026-08-10 02:00,2026-08-10,2,630000,ОЭС УРАЛА,21032,22502
2026-08-10 03:00,2026-08-10,3,630000,ОЭС УРАЛА,21296,22359
2026-08-10 04:00,2026-08-10,4,630000,ОЭС УРАЛА,21343,22646
2026-08-10 05:00,2026-08-10,5,630000,ОЭС УРАЛА,22285,23401
2026-08-10 06:00,2026-08-10,6,630000,ОЭС УРАЛА,22946,24276
2026-08-10 07:00,2026-08-10,7,630000,ОЭС УРАЛА,24627,25515
2026-08-10 08:00,2026-08-10,8,630000,ОЭС УРАЛА,27081,26296
2026-08-10 09:00,2026-08-10,9,630000,ОЭС УРАЛА,27722,26527
2026-08-10 10:00,2026-08-10,10,630000,ОЭС УРАЛА,28599,26738
2026-08-10 11:00,2026-08-10,11,630000,ОЭС УРАЛА,28645,26695
2026-08-10 12:00,2026-08-10,12,630000,ОЭС УРАЛА,28456,26768
2026-08-10 13:00,2026-08-10,13,630000,ОЭС УРАЛА,28552,26815
2026-08-10 14:00,2026-08-10,14,630000,ОЭС УРАЛА,28749,26662
2026-08-10 15:00,2026-08-10,15,630000,ОЭС УРАЛА,28644,26423
2026-08-10 16:00,2026-08-10,16,630000,ОЭС УРАЛА,28743,26353
2026-08-10 17:00,2026-08-10,17,630000,ОЭС УРАЛА,28258,25882
2026-08-10 18:00,2026-08-10,18,630000,ОЭС УРАЛА,27431,25411
2026-08-10 19:00,2026-08-10,19,630000,ОЭС УРАЛА,27554,25703
2026-08-10 20:00,2026-08-10,20,630000,ОЭС УРАЛА,27253,25597
2026-08-10 21:00,2026-08-10,21,630000,ОЭС УРАЛА,25833,24809
2026-08-10 22:00,2026-08-10,22,630000,ОЭС УРАЛА,24771,23708
2026-08-10 23:00,2026-08-10,23,630000,ОЭС УРАЛА,22045,23005
2026-08-11 00:00,2026-08-11,0,630000,ОЭС УРАЛА,19988,22339
2026-08-11 01:00,2026-08-11,1,630000,ОЭС УРАЛА,20964,22448
2026-08-11 02:00,2026-08-11,2,630000,ОЭС УРАЛА,20054,22166
2026-08-11 03:00,2026-08-11,3,630000,ОЭС УРАЛА,20273,22095
2026-08-11 04:00,2026-08-11,4,630000,ОЭС УРАЛА,20143,22651
2026-08-11 05:00,2026-08-11,5,630000,ОЭС УРАЛА,21131,23318
2026-08-11 06:00,2026-08-11,6,630000,ОЭС УРАЛА,22769,24087
2026-08-11 07:00,2026-08-11,7,630000,ОЭС УРАЛА,25025,25155
2026-08-11 08:00,2026-08-11,8,630000,ОЭС УРАЛА,26288,25730
2026-08-11 09:00,2026-08-11,9,630000,ОЭС УРАЛА,27263,25998
2026-08-11 10:00,2026-08-11,10,630000,ОЭС УРАЛА,27757,25859
2026-08-11 11:00,2026-08-11,11,630000,ОЭС УРАЛА,28110,25965
2026-08-11 12:00,2026-08-11,12,630000,ОЭС УРАЛА,28241,26410
2026-08-11 13:00,2026-08-11,13,630000,ОЭС УРАЛА,27845,26238
2026-08-11 14:00,2026-08-11,14,630000,ОЭС УРАЛА,27954,26093
2026-08-11 15:00,2026-08-11,15,630000,ОЭС УРАЛА,28101,26027
2026-08-11 16:00,2026-08-11,16,630000,ОЭС УРАЛА,28125,26013
2026-08-11 17:00,2026-08-11,17,630000,ОЭС УРАЛА,27970,25750
2026-08-11 18:00,2026-08-11,18,630000,ОЭС УРАЛА,27437,25524
2026-08-11 19:00,2026-08-11,19,630000,ОЭС УРАЛА,27511,25743
2026-08-11 20:00,2026-08-11,20,630000,ОЭС УРАЛА,27222,25742
2026-08-11 21:00,2026-08-11,21,630000,ОЭС УРАЛА,26124,24845
2026-08-11 22:00,2026-08-11,22,630000,ОЭС УРАЛА,24660,23916
2026-08-11 23:00,2026-08-11,23,630000,ОЭС УРАЛА,22569,23192
2026-08-12 00:00,2026-08-12,0,630000,ОЭС УРАЛА,21021,22700
2026-08-12 01:00,2026-08-12,1,630000,ОЭС УРАЛА,20699,22586
2026-08-12 02:00,2026-08-12,2,630000,ОЭС УРАЛА,20048,22434
2026-08-12 03:00,2026-08-12,3,630000,ОЭС УРАЛА,19880,22492
2026-08-12 04:00,2026-08-12,4,630000,ОЭС УРАЛА,19949,22706
2026-08-12 05:00,2026-08-12,5,630000,ОЭС УРАЛА,21482,23611
2026-08-12 06:00,2026-08-12,6,630000,ОЭС УРАЛА,23053,24385
2026-08-12 07:00,2026-08-12,7,630000,ОЭС УРАЛА,24685,25438
2026-08-12 08:00,2026-08-12,8,630000,ОЭС УРАЛА,26143,26147
2026-08-12 09:00,2026-08-12,9,630000,ОЭС УРАЛА,28186,26654
2026-08-12 10:00,2026-08-12,10,630000,ОЭС УРАЛА,28615,26733
2026-08-12 11:00,2026-08-12,11,630000,ОЭС УРАЛА,28943,26653
2026-08-12 12:00,2026-08-12,12,630000,ОЭС УРАЛА,29000,26668
2026-08-12 13:00,2026-08-12,13,630000,ОЭС УРАЛА,29207,26696
2026-08-12 14:00,2026-08-12,14,630000,ОЭС УРАЛА,29657,26802
2026-08-12 15:00,2026-08-12,15,630000,ОЭС УРАЛА,29573,26602
2026-08-12 16:00,2026-08-12,16,630000,ОЭС УРАЛА,29611,26500
2026-08-12 17:00,2026-08-12,17,630000,ОЭС УРАЛА,29337,26246
2026-08-12 18:00,2026-08-12,18,630000,ОЭС УРАЛА,28481,25817
2026-08-12 19:00,2026-08-12,19,630000,ОЭС УРАЛА,28040,25986
2026-08-12 20:00,2026-08-12,20,630000,ОЭС УРАЛА,27480,26273
2026-08-12 21:00,2026-08-12,21,630000,ОЭС УРАЛА,26613,25171
2026-08-12 22:00,2026-08-12,22,630000,ОЭС УРАЛА,25744,24212
2026-08-12 23:00,2026-08-12,23,630000,ОЭС УРАЛА,24487,23652
2026-08-13 00:00,2026-08-13,0,630000,ОЭС УРАЛА,21460,22856
2026-08-13 01:00,2026-08-13,1,630000,ОЭС УРАЛА,21464,22816
2026-08-13 02:00,2026-08-13,2,630000,ОЭС УРАЛА,21029,22555
2026-08-13 03:00,2026-08-13,3,630000,ОЭС УРАЛА,20746,22707
2026-08-13 04:00,2026-08-13,4,630000,ОЭС УРАЛА,20782,23000
2026-08-13 05:00,2026-08-13,5,630000,ОЭС УРАЛА,22111,23861
2026-08-13 06:00,2026-08-13,6,630000,ОЭС УРАЛА,23700,24609
2026-08-13 07:00,2026-08-13,7,630000,ОЭС УРАЛА,24794,25542
2026-08-13 08:00,2026-08-13,8,630000,ОЭС УРАЛА,26133,26226
2026-08-13 09:00,2026-08-13,9,630000,ОЭС УРАЛА,27834,26387
2026-08-13 10:00,2026-08-13,10,630000,ОЭС УРАЛА,28300,26518
2026-08-13 11:00,2026-08-13,11,630000,ОЭС УРАЛА,28208,26578
2026-08-13 12:00,2026-08-13,12,630000,ОЭС УРАЛА,28282,26799
2026-08-13 13:00,2026-08-13,13,630000,ОЭС УРАЛА,28112,26855
2026-08-13 14:00,2026-08-13,14,630000,ОЭС УРАЛА,28337,26653
2026-08-13 15:00,2026-08-13,15,630000,ОЭС УРАЛА,28124,26694
2026-08-13 16:00,2026-08-13,16,630000,ОЭС УРАЛА,28411,26454
2026-08-13 17:00,2026-08-13,17,630000,ОЭС УРАЛА,28150,26155
2026-08-13 18:00,2026-08-13,18,630000,ОЭС УРАЛА,26820,25876
2026-08-13 19:00,2026-08-13,19,630000,ОЭС УРАЛА,27106,26409
2026-08-13 20:00,2026-08-13,20,630000,ОЭС УРАЛА,27220,25917
2026-08-13 21:00,2026-08-13,21,630000,ОЭС УРАЛА,26112,25213
2026-08-13 22:00,2026-08-13,22,630000,ОЭС УРАЛА,24878,24437
2026-08-13 23:00,2026-08-13,23,630000,ОЭС УРАЛА,22855,23506
2026-08-14 00:00,2026-08-14,0,630000,ОЭС УРАЛА,21455,23005
2026-08-14 01:00,2026-08-14,1,630000,ОЭС УРАЛА,20597,22855
2026-08-14 02:00,2026-08-14,2,630000,ОЭС УРАЛА,21599,22824
2026-08-14 03:00,2026-08-14,3,630000,ОЭС УРАЛА,21381,22651
2026-08-14 04:00,2026-08-14,4,630000,ОЭС УРАЛА,21558,23102
2026-08-14 05:00,2026-08-14,5,630000,ОЭС УРАЛА,21808,23291
2026-08-14 06:00,2026-08-14,6,630000,ОЭС УРАЛА,23849,24369
2026-08-14 07:00,2026-08-14,7,630000,ОЭС УРАЛА,25256,25626
2026-08-14 08:00,2026-08-14,8,630000,ОЭС УРАЛА,26187,26194
2026-08-14 09:00,2026-08-14,9,630000,ОЭС УРАЛА,27850,26534
2026-08-14 10:00,2026-08-14,10,630000,ОЭС УРАЛА,28087,26418
2026-08-14 11:00,2026-08-14,11,630000,ОЭС УРАЛА,27926,26442
2026-08-14 12:00,2026-08-14,12,630000,ОЭС УРАЛА,27821,26590
2026-08-14 13:00,2026-08-14,13,630000,ОЭС УРАЛА,27940,26595
2026-08-14 14:00,2026-08-14,14,630000,ОЭС УРАЛА,27898,26450
2026-08-14 15:00,2026-08-14,15,630000,ОЭС УРАЛА,27289,26171
2026-08-14 16:00,2026-08-14,16,630000,ОЭС УРАЛА,27863,26064
2026-08-14 17:00,2026-08-14,17,630000,ОЭС УРАЛА,27376,25937
2026-08-14 18:00,2026-08-14,18,630000,ОЭС УРАЛА,27006,25613
2026-08-14 19:00,2026-08-14,19,630000,ОЭС УРАЛА,26511,25786
2026-08-14 20:00,2026-08-14,20,630000,ОЭС УРАЛА,26057,25819
2026-08-14 21:00,2026-08-14,21,630000,ОЭС УРАЛА,25563,25230
2026-08-14 22:00,2026-08-14,22,630000,ОЭС УРАЛА,24512,24333
2026-08-14 23:00,2026-08-14,23,630000,ОЭС УРАЛА,23136,23514
2026-08-15 00:00,2026-08-15,0,630000,ОЭС УРАЛА,23029,22982
2026-08-15 01:00,2026-08-15,1,630000,ОЭС УРАЛА,22944,22718
2026-08-15 02:00,2026-08-15,2,630000,ОЭС УРАЛА,22721,22613
2026-08-15 03:00,2026-08-15,3,630000,ОЭС УРАЛА,22585,22516
2026-08-15 04:00,2026-08-15,4,630000,ОЭС УРАЛА,22261,22406
2026-08-15 05:00,2026-08-15,5,630000,ОЭС УРАЛА,21745,22731
2026-08-15 06:00,2026-08-15,6,630000,ОЭС УРАЛА,23164,23343
2026-08-15 07:00,2026-08-15,7,630000,ОЭС УРАЛА,23994,24476
2026-08-15 08:00,2026-08-15,8,630000,ОЭС УРАЛА,24776,25206
2026-08-15 09:00,2026-08-15,9,630000,ОЭС УРАЛА,26121,25609
2026-08-15 10:00,2026-08-15,10,630000,ОЭС УРАЛА,26620,25861
2026-08-15 11:00,2026-08-15,11,630000,ОЭС УРАЛА,26672,25846
2026-08-15 12:00,2026-08-15,12,630000,ОЭС УРАЛА,26672,25928
2026-08-15 13:00,2026-08-15,13,630000,ОЭС УРАЛА,26667,25814
2026-08-15 14:00,2026-08-15,14,630000,ОЭС УРАЛА,26699,25573
2026-08-15 15:00,2026-08-15,15,630000,ОЭС УРАЛА,26939,25964
2026-08-15 16:00,2026-08-15,16,630000,ОЭС УРАЛА,27011,25603
2026-08-15 17:00,2026-08-15,17,630000,ОЭС УРАЛА,27010,25386
2026-08-15 18:00,2026-08-15,18,630000,ОЭС УРАЛА,26814,25351
2026-08-15 19:00,2026-08-15,19,630000,ОЭС УРАЛА,26794,25658
2026-08-15 20:00,2026-08-15,20,630000,ОЭС УРАЛА,26875,25694
2026-08-15 21:00,2026-08-15,21,630000,ОЭС УРАЛА,26147,24949
2026-08-15 22:00,2026-08-15,22,630000,ОЭС УРАЛА,25152,23960
2026-08-15 23:00,2026-08-15,23,630000,ОЭС УРАЛА,23074,23525
2026-08-16 00:00,2026-08-16,0,630000,ОЭС УРАЛА,23095,23346
2026-08-16 01:00,2026-08-16,1,630000,ОЭС УРАЛА,22915,22888
2026-08-16 02:00,2026-08-16,2,630000,ОЭС УРАЛА,22190,22699
2026-08-16 03:00,2026-08-16,3,630000,ОЭС УРАЛА,21284,22617
2026-08-16 04:00,2026-08-16,4,630000,ОЭС УРАЛА,21430,22545
2026-08-16 05:00,2026-08-16,5,630000,ОЭС УРАЛА,21691,22773
2026-08-16 06:00,2026-08-16,6,630000,ОЭС УРАЛА,22393,23479
2026-08-16 07:00,2026-08-16,7,630000,ОЭС УРАЛА,23335,24186
2026-08-16 08:00,2026-08-16,8,630000,ОЭС УРАЛА,25063,25064
2026-08-16 09:00,2026-08-16,9,630000,ОЭС УРАЛА,25916,25460
2026-08-16 10:00,2026-08-16,10,630000,ОЭС УРАЛА,26572,25779
2026-08-16 11:00,2026-08-16,11,630000,ОЭС УРАЛА,26816,25961
2026-08-16 12:00,2026-08-16,12,630000,ОЭС УРАЛА,26917,25949
2026-08-16 13:00,2026-08-16,13,630000,ОЭС УРАЛА,26815,25693
2026-08-16 14:00,2026-08-16,14,630000,ОЭС УРАЛА,26921,25762
2026-08-16 15:00,2026-08-16,15,630000,ОЭС УРАЛА,27198,25978
2026-08-16 16:00,2026-08-16,16,630000,ОЭС УРАЛА,27134,25972
2026-08-16 17:00,2026-08-16,17,630000,ОЭС УРАЛА,27382,25829
2026-08-16 18:00,2026-08-16,18,630000,ОЭС УРАЛА,27454,25765
2026-08-16 19:00,2026-08-16,19,630000,ОЭС УРАЛА,27635,26026
2026-08-16 20:00,2026-08-16,20,630000,ОЭС УРАЛА,27317,25786
2026-08-16 21:00,2026-08-16,21,630000,ОЭС УРАЛА,26682,25194
2026-08-16 22:00,2026-08-16,22,630000,ОЭС УРАЛА,25712,24285
2026-08-16 23:00,2026-08-16,23,630000,ОЭС УРАЛА,23617,23597
2026-08-17 00:00,2026-08-17,0,630000,ОЭС УРАЛА,21594,23017
2026-08-17 01:00,2026-08-17,1,630000,ОЭС УРАЛА,22466,23116
2026-08-17 02:00,2026-08-17,2,630000,ОЭС УРАЛА,21832,22871
2026-08-17 03:00,2026-08-17,3,630000,ОЭС УРАЛА,21353,22730
2026-08-17 04:00,2026-08-17,4,630000,ОЭС УРАЛА,21652,23191
2026-08-17 05:00,2026-08-17,5,630000,ОЭС УРАЛА,22811,23932
2026-08-17 06:00,2026-08-17,6,630000,ОЭС УРАЛА,24696,24694
2026-08-17 07:00,2026-08-17,7,630000,ОЭС УРАЛА,26199,26031
2026-08-17 08:00,2026-08-17,8,630000,ОЭС УРАЛА,27234,26444
2026-08-17 09:00,2026-08-17,9,630000,ОЭС УРАЛА,28237,26787
2026-08-17 10:00,2026-08-17,10,630000,ОЭС УРАЛА,28549,26922
2026-08-17 11:00,2026-08-17,11,630000,ОЭС УРАЛА,28548,26796
2026-08-17 12:00,2026-08-17,12,630000,ОЭС УРАЛА,28512,26865
2026-08-17 13:00,2026-08-17,13,630000,ОЭС УРАЛА,28193,26702
2026-08-17 14:00,2026-08-17,14,630000,ОЭС УРАЛА,28256,26566
2026-08-17 15:00,2026-08-17,15,630000,ОЭС УРАЛА,28362,26505
2026-08-17 16:00,2026-08-17,16,630000,ОЭС УРАЛА,28403,26532
2026-08-17 17:00,2026-08-17,17,630000,ОЭС УРАЛА,28336,26365
2026-08-17 18:00,2026-08-17,18,630000,ОЭС УРАЛА,27988,26140
2026-08-17 19:00,2026-08-17,19,630000,ОЭС УРАЛА,28088,26494
2026-08-17 20:00,2026-08-17,20,630000,ОЭС УРАЛА,27889,26452
2026-08-17 21:00,2026-08-17,21,630000,ОЭС УРАЛА,27394,25473
2026-08-17 22:00,2026-08-17,22,630000,ОЭС УРАЛА,25825,24661
2026-08-17 23:00,2026-08-17,23,630000,ОЭС УРАЛА,24468,23753
2026-08-18 00:00,2026-08-18,0,630000,ОЭС УРАЛА,23299,23331
2026-08-18 01:00,2026-08-18,1,630000,ОЭС УРАЛА,22116,23125
2026-08-18 02:00,2026-08-18,2,630000,ОЭС УРАЛА,21321,22657
2026-08-18 03:00,2026-08-18,3,630000,ОЭС УРАЛА,21165,22821
2026-08-18 04:00,2026-08-18,4,630000,ОЭС УРАЛА,21341,23127
2026-08-18 05:00,2026-08-18,5,630000,ОЭС УРАЛА,22686,23698
2026-08-18 06:00,2026-08-18,6,630000,ОЭС УРАЛА,24114,24642
2026-08-18 07:00,2026-08-18,7,630000,ОЭС УРАЛА,25590,25714
2026-08-18 08:00,2026-08-18,8,630000,ОЭС УРАЛА,26768,26089
2026-08-18 09:00,2026-08-18,9,630000,ОЭС УРАЛА,28182,26560
2026-08-18 10:00,2026-08-18,10,630000,ОЭС УРАЛА,28445,26489
2026-08-18 11:00,2026-08-18,11,630000,ОЭС УРАЛА,28428,26507
2026-08-18 12:00,2026-08-18,12,630000,ОЭС УРАЛА,28220,26710
2026-08-18 13:00,2026-08-18,13,630000,ОЭС УРАЛА,28159,26631
2026-08-18 14:00,2026-08-18,14,630000,ОЭС УРАЛА,28284,26414
2026-08-18 15:00,2026-08-18,15,630000,ОЭС УРАЛА,28186,26331
2026-08-18 16:00,2026-08-18,16,630000,ОЭС УРАЛА,28403,26363
2026-08-18 17:00,2026-08-18,17,630000,ОЭС УРАЛА,28419,26199
2026-08-18 18:00,2026-08-18,18,630000,ОЭС УРАЛА,27560,25810
2026-08-18 19:00,2026-08-18,19,630000,ОЭС УРАЛА,27493,26150
2026-08-18 20:00,2026-08-18,20,630000,ОЭС УРАЛА,27370,26056
2026-08-18 21:00,2026-08-18,21,630000,ОЭС УРАЛА,27131,25070
2026-08-18 22:00,2026-08-18,22,630000,ОЭС УРАЛА,26174,24460
2026-08-18 23:00,2026-08-18,23,630000,ОЭС УРАЛА,24133,23646
2026-08-19 00:00,2026-08-19,0,630000,ОЭС УРАЛА,22664,22896
2026-08-19 01:00,2026-08-19,1,630000,ОЭС УРАЛА,23056,23192
2026-08-19 02:00,2026-08-19,2,630000,ОЭС УРАЛА,23080,22869
2026-08-19 03:00,2026-08-19,3,630000,ОЭС УРАЛА,22763,22883
2026-08-19 04:00,2026-08-19,4,630000,ОЭС УРАЛА,22783,23056
2026-08-19 05:00,2026-08-19,5,630000,ОЭС УРАЛА,23253,23881
2026-08-19 06:00,2026-08-19,6,630000,ОЭС УРАЛА,25427,24682
2026-08-19 07:00,2026-08-19,7,630000,ОЭС УРАЛА,26703,25839
2026-08-19 08:00,2026-08-19,8,630000,ОЭС УРАЛА,27564,26238
2026-08-19 09:00,2026-08-19,9,630000,ОЭС УРАЛА,28498,26486
2026-08-19 10:00,2026-08-19,10,630000,ОЭС УРАЛА,28418,26621
2026-08-19 11:00,2026-08-19,11,630000,ОЭС УРАЛА,28400,26544
2026-08-19 12:00,2026-08-19,12,630000,ОЭС УРАЛА,28505,26719
2026-08-19 13:00,2026-08-19,13,630000,ОЭС УРАЛА,28491,26687
2026-08-19 14:00,2026-08-19,14,630000,ОЭС УРАЛА,28436,26908
2026-08-19 15:00,2026-08-19,15,630000,ОЭС УРАЛА,28134,26415
2026-08-19 16:00,2026-08-19,16,630000,ОЭС УРАЛА,28339,26395
2026-08-19 17:00,2026-08-19,17,630000,ОЭС УРАЛА,28171,26230
2026-08-19 18:00,2026-08-19,18,630000,ОЭС УРАЛА,27896,26183
2026-08-19 19:00,2026-08-19,19,630000,ОЭС УРАЛА,28141,26416
2026-08-19 20:00,2026-08-19,20,630000,ОЭС УРАЛА,27994,26328
2026-08-19 21:00,2026-08-19,21,630000,ОЭС УРАЛА,27346,25434
2026-08-19 22:00,2026-08-19,22,630000,ОЭС УРАЛА,26487,24652
2026-08-19 23:00,2026-08-19,23,630000,ОЭС УРАЛА,25310,23933
2026-08-20 00:00,2026-08-20,0,630000,ОЭС УРАЛА,23157,23402
2026-08-20 01:00,2026-08-20,1,630000,ОЭС УРАЛА,22144,22987
2026-08-20 02:00,2026-08-20,2,630000,ОЭС УРАЛА,21828,22869
2026-08-20 03:00,2026-08-20,3,630000,ОЭС УРАЛА,21978,22827
2026-08-20 04:00,2026-08-20,4,630000,ОЭС УРАЛА,21957,23118
2026-08-20 05:00,2026-08-20,5,630000,ОЭС УРАЛА,22588,23931
2026-08-20 06:00,2026-08-20,6,630000,ОЭС УРАЛА,25405,24784
2026-08-20 07:00,2026-08-20,7,630000,ОЭС УРАЛА,26098,26063
2026-08-20 08:00,2026-08-20,8,630000,ОЭС УРАЛА,26658,26443
2026-08-20 09:00,2026-08-20,9,630000,ОЭС УРАЛА,28080,26632
2026-08-20 10:00,2026-08-20,10,630000,ОЭС УРАЛА,28449,26388
2026-08-20 11:00,2026-08-20,11,630000,ОЭС УРАЛА,28420,26652
2026-08-20 12:00,2026-08-20,12,630000,ОЭС УРАЛА,28530,26660
2026-08-20 13:00,2026-08-20,13,630000,ОЭС УРАЛА,28560,26598
2026-08-20 14:00,2026-08-20,14,630000,ОЭС УРАЛА,28625,26654
2026-08-20 15:00,2026-08-20,15,630000,ОЭС УРАЛА,28286,26732
2026-08-20 16:00,2026-08-20,16,630000,ОЭС УРАЛА,28234,26526
2026-08-20 17:00,2026-08-20,17,630000,ОЭС УРАЛА,28212,26358
2026-08-20 18:00,2026-08-20,18,630000,ОЭС УРАЛА,27749,26116
2026-08-20 19:00,2026-08-20,19,630000,ОЭС УРАЛА,27626,26688
2026-08-20 20:00,2026-08-20,20,630000,ОЭС УРАЛА,27414,26168
2026-08-20 21:00,2026-08-20,21,630000,ОЭС УРАЛА,26482,25520
2026-08-20 22:00,2026-08-20,22,630000,ОЭС УРАЛА,25978,24814
2026-08-20 23:00,2026-08-20,23,630000,ОЭС УРАЛА,24699,24051
2026-08-21 00:00,2026-08-21,0,630000,ОЭС УРАЛА,22701,23392
2026-08-21 01:00,2026-08-21,1,630000,ОЭС УРАЛА,21173,22916
2026-08-21 02:00,2026-08-21,2,630000,ОЭС УРАЛА,21679,22862
2026-08-21 03:00,2026-08-21,3,630000,ОЭС УРАЛА,21654,22778
2026-08-21 04:00,2026-08-21,4,630000,ОЭС УРАЛА,22280,23439
2026-08-21 05:00,2026-08-21,5,630000,ОЭС УРАЛА,23064,24027
2026-08-21 06:00,2026-08-21,6,630000,ОЭС УРАЛА,25058,25024
2026-08-21 07:00,2026-08-21,7,630000,ОЭС УРАЛА,26524,25899
2026-08-21 08:00,2026-08-21,8,630000,ОЭС УРАЛА,27478,26274
2026-08-21 09:00,2026-08-21,9,630000,ОЭС УРАЛА,28152,26501
2026-08-21 10:00,2026-08-21,10,630000,ОЭС УРАЛА,28015,26871
2026-08-21 11:00,2026-08-21,11,630000,ОЭС УРАЛА,28029,26828
2026-08-21 12:00,2026-08-21,12,630000,ОЭС УРАЛА,28024,27029
2026-08-21 13:00,2026-08-21,13,630000,ОЭС УРАЛА,27925,26843
2026-08-21 14:00,2026-08-21,14,630000,ОЭС УРАЛА,27881,26571
2026-08-21 15:00,2026-08-21,15,630000,ОЭС УРАЛА,28016,26444
2026-08-21 16:00,2026-08-21,16,630000,ОЭС УРАЛА,28406,26505
2026-08-21 17:00,2026-08-21,17,630000,ОЭС УРАЛА,27944,26237
2026-08-21 18:00,2026-08-21,18,630000,ОЭС УРАЛА,27484,25968
2026-08-21 19:00,2026-08-21,19,630000,ОЭС УРАЛА,27524,26509
2026-08-21 20:00,2026-08-21,20,630000,ОЭС УРАЛА,27141,26140
2026-08-21 21:00,2026-08-21,21,630000,ОЭС УРАЛА,26598,25383
2026-08-21 22:00,2026-08-21,22,630000,ОЭС УРАЛА,26122,24655
2026-08-21 23:00,2026-08-21,23,630000,ОЭС УРАЛА,25096,23946
2026-08-22 00:00,2026-08-22,0,630000,ОЭС УРАЛА,24128,23574
2026-08-22 01:00,2026-08-22,1,630000,ОЭС УРАЛА,23838,23214
2026-08-22 02:00,2026-08-22,2,630000,ОЭС УРАЛА,23155,22981
2026-08-22 03:00,2026-08-22,3,630000,ОЭС УРАЛА,22457,22874
2026-08-22 04:00,2026-08-22,4,630000,ОЭС УРАЛА,22452,22923
2026-08-22 05:00,2026-08-22,5,630000,ОЭС УРАЛА,22831,23066
2026-08-22 06:00,2026-08-22,6,630000,ОЭС УРАЛА,24024,24012
2026-08-22 07:00,2026-08-22,7,630000,ОЭС УРАЛА,25719,25275
2026-08-22 08:00,2026-08-22,8,630000,ОЭС УРАЛА,26230,25897
2026-08-22 09:00,2026-08-22,9,630000,ОЭС УРАЛА,26667,25878
2026-08-22 10:00,2026-08-22,10,630000,ОЭС УРАЛА,27288,26412
2026-08-22 11:00,2026-08-22,11,630000,ОЭС УРАЛА,27200,26289
2026-08-22 12:00,2026-08-22,12,630000,ОЭС УРАЛА,27098,26583
2026-08-22 13:00,2026-08-22,13,630000,ОЭС УРАЛА,27315,26470
2026-08-22 14:00,2026-08-22,14,630000,ОЭС УРАЛА,27391,26172
2026-08-22 15:00,2026-08-22,15,630000,ОЭС УРАЛА,27384,26129
2026-08-22 16:00,2026-08-22,16,630000,ОЭС УРАЛА,27348,26221
2026-08-22 17:00,2026-08-22,17,630000,ОЭС УРАЛА,27099,26122
2026-08-22 18:00,2026-08-22,18,630000,ОЭС УРАЛА,27254,25802
2026-08-22 19:00,2026-08-22,19,630000,ОЭС УРАЛА,27350,26305
2026-08-22 20:00,2026-08-22,20,630000,ОЭС УРАЛА,27216,26165
2026-08-22 21:00,2026-08-22,21,630000,ОЭС УРАЛА,26977,25368
2026-08-22 22:00,2026-08-22,22,630000,ОЭС УРАЛА,26366,24541
2026-08-22 23:00,2026-08-22,23,630000,ОЭС УРАЛА,23836,23774
2026-08-23 00:00,2026-08-23,0,630000,ОЭС УРАЛА,22572,23259
2026-08-23 01:00,2026-08-23,1,630000,ОЭС УРАЛА,21887,22819
2026-08-23 02:00,2026-08-23,2,630000,ОЭС УРАЛА,21128,22649
2026-08-23 03:00,2026-08-23,3,630000,ОЭС УРАЛА,21168,22748
2026-08-23 04:00,2026-08-23,4,630000,ОЭС УРАЛА,21098,22646
2026-08-23 05:00,2026-08-23,5,630000,ОЭС УРАЛА,21158,22900
2026-08-23 06:00,2026-08-23,6,630000,ОЭС УРАЛА,21922,23555
2026-08-23 07:00,2026-08-23,7,630000,ОЭС УРАЛА,23376,24527
2026-08-23 08:00,2026-08-23,8,630000,ОЭС УРАЛА,24709,25536
2026-08-23 09:00,2026-08-23,9,630000,ОЭС УРАЛА,26098,26032
2026-08-23 10:00,2026-08-23,10,630000,ОЭС УРАЛА,26573,25800
2026-08-23 11:00,2026-08-23,11,630000,ОЭС УРАЛА,26842,26204
2026-08-23 12:00,2026-08-23,12,630000,ОЭС УРАЛА,26920,26167
2026-08-23 13:00,2026-08-23,13,630000,ОЭС УРАЛА,26882,26008
2026-08-23 14:00,2026-08-23,14,630000,ОЭС УРАЛА,26931,25766
2026-08-23 15:00,2026-08-23,15,630000,ОЭС УРАЛА,27091,26129
2026-08-23 16:00,2026-08-23,16,630000,ОЭС УРАЛА,26964,25951
2026-08-23 17:00,2026-08-23,17,630000,ОЭС УРАЛА,26901,25925
2026-08-23 18:00,2026-08-23,18,630000,ОЭС УРАЛА,26868,25613
2026-08-23 19:00,2026-08-23,19,630000,ОЭС УРАЛА,27042,26408
2026-08-23 20:00,2026-08-23,20,630000,ОЭС УРАЛА,26792,25879
2026-08-23 21:00,2026-08-23,21,630000,ОЭС УРАЛА,26596,25122
2026-08-23 22:00,2026-08-23,22,630000,ОЭС УРАЛА,25991,24286
2026-08-23 23:00,2026-08-23,23,630000,ОЭС УРАЛА,24568,23615
2026-08-24 00:00,2026-08-24,0,630000,ОЭС УРАЛА,23474,23010
2026-08-24 01:00,2026-08-24,1,630000,ОЭС УРАЛА,22221,22756
2026-08-24 02:00,2026-08-24,2,630000,ОЭС УРАЛА,21634,22791
2026-08-24 03:00,2026-08-24,3,630000,ОЭС УРАЛА,21132,22870
2026-08-24 04:00,2026-08-24,4,630000,ОЭС УРАЛА,21350,23153
2026-08-24 05:00,2026-08-24,5,630000,ОЭС УРАЛА,21569,23808
2026-08-24 06:00,2026-08-24,6,630000,ОЭС УРАЛА,23857,24737
2026-08-24 07:00,2026-08-24,7,630000,ОЭС УРАЛА,25156,26173
2026-08-24 08:00,2026-08-24,8,630000,ОЭС УРАЛА,26453,26478
2026-08-24 09:00,2026-08-24,9,630000,ОЭС УРАЛА,27440,26482
2026-08-24 10:00,2026-08-24,10,630000,ОЭС УРАЛА,27624,26794
2026-08-24 11:00,2026-08-24,11,630000,ОЭС УРАЛА,27565,26684
2026-08-24 12:00,2026-08-24,12,630000,ОЭС УРАЛА,27556,26692
2026-08-24 13:00,2026-08-24,13,630000,ОЭС УРАЛА,27419,26940
2026-08-24 14:00,2026-08-24,14,630000,ОЭС УРАЛА,27626,26799
2026-08-24 15:00,2026-08-24,15,630000,ОЭС УРАЛА,27400,26706
2026-08-24 16:00,2026-08-24,16,630000,ОЭС УРАЛА,27483,26908
2026-08-24 17:00,2026-08-24,17,630000,ОЭС УРАЛА,27683,26625
2026-08-24 18:00,2026-08-24,18,630000,ОЭС УРАЛА,26995,26273
2026-08-24 19:00,2026-08-24,19,630000,ОЭС УРАЛА,26827,26705
2026-08-24 20:00,2026-08-24,20,630000,ОЭС УРАЛА,26820,26134
2026-08-24 21:00,2026-08-24,21,630000,ОЭС УРАЛА,25963,25398
2026-08-24 22:00,2026-08-24,22,630000,ОЭС УРАЛА,24236,24695
2026-08-24 23:00,2026-08-24,23,630000,ОЭС УРАЛА,22936,23805
2026-08-25 00:00,2026-08-25,0,630000,ОЭС УРАЛА,21847,23548
2026-08-25 01:00,2026-08-25,1,630000,ОЭС УРАЛА,22229,23288
2026-08-25 02:00,2026-08-25,2,630000,ОЭС УРАЛА,21032,23264
2026-08-25 03:00,2026-08-25,3,630000,ОЭС УРАЛА,21267,23273
2026-08-25 04:00,2026-08-25,4,630000,ОЭС УРАЛА,21439,23307
2026-08-25 05:00,2026-08-25,5,630000,ОЭС УРАЛА,22169,24148
2026-08-25 06:00,2026-08-25,6,630000,ОЭС УРАЛА,23721,25124
2026-08-25 07:00,2026-08-25,7,630000,ОЭС УРАЛА,25373,26026
2026-08-25 08:00,2026-08-25,8,630000,ОЭС УРАЛА,26560,26668
2026-08-25 09:00,2026-08-25,9,630000,ОЭС УРАЛА,27499,26679
2026-08-25 10:00,2026-08-25,10,630000,ОЭС УРАЛА,27182,26595
2026-08-25 11:00,2026-08-25,11,630000,ОЭС УРАЛА,27453,26904
2026-08-25 12:00,2026-08-25,12,630000,ОЭС УРАЛА,27265,26865
2026-08-25 13:00,2026-08-25,13,630000,ОЭС УРАЛА,27517,26934
2026-08-25 14:00,2026-08-25,14,630000,ОЭС УРАЛА,27713,27083
2026-08-25 15:00,2026-08-25,15,630000,ОЭС УРАЛА,27796,27157
2026-08-25 16:00,2026-08-25,16,630000,ОЭС УРАЛА,27631,26736
2026-08-25 17:00,2026-08-25,17,630000,ОЭС УРАЛА,27514,26626
2026-08-25 18:00,2026-08-25,18,630000,ОЭС УРАЛА,27159,26411
2026-08-25 19:00,2026-08-25,19,630000,ОЭС УРАЛА,27485,26826
2026-08-25 20:00,2026-08-25,20,630000,ОЭС УРАЛА,27618,26523
2026-08-25 21:00,2026-08-25,21,630000,ОЭС УРАЛА,26589,25566
2026-08-25 22:00,2026-08-25,22,630000,ОЭС УРАЛА,25466,24999
2026-08-25 23:00,2026-08-25,23,630000,ОЭС УРАЛА,23438,24124
2026-08-26 00:00,2026-08-26,0,630000,ОЭС УРАЛА,21766,23770
2026-08-26 01:00,2026-08-26,1,630000,ОЭС УРАЛА,20794,23525
2026-08-26 02:00,2026-08-26,2,630000,ОЭС УРАЛА,21196,23426
2026-08-26 03:00,2026-08-26,3,630000,ОЭС УРАЛА,21051,23323
2026-08-26 04:00,2026-08-26,4,630000,ОЭС УРАЛА,21328,23509
2026-08-26 05:00,2026-08-26,5,630000,ОЭС УРАЛА,22073,24283
2026-08-26 06:00,2026-08-26,6,630000,ОЭС УРАЛА,23820,24958
2026-08-26 07:00,2026-08-26,7,630000,ОЭС УРАЛА,25600,26110
2026-08-26 08:00,2026-08-26,8,630000,ОЭС УРАЛА,26707,26683
2026-08-26 09:00,2026-08-26,9,630000,ОЭС УРАЛА,27755,27176
2026-08-26 10:00,2026-08-26,10,630000,ОЭС УРАЛА,28120,26850
2026-08-26 11:00,2026-08-26,11,630000,ОЭС УРАЛА,28105,26948
2026-08-26 12:00,2026-08-26,12,630000,ОЭС УРАЛА,27415,27101
2026-08-26 13:00,2026-08-26,13,630000,ОЭС УРАЛА,27331,26903
2026-08-26 14:00,2026-08-26,14,630000,ОЭС УРАЛА,27651,26990
2026-08-26 15:00,2026-08-26,15,630000,ОЭС УРАЛА,27574,26785
2026-08-26 16:00,2026-08-26,16,630000,ОЭС УРАЛА,27887,26593
2026-08-26 17:00,2026-08-26,17,630000,ОЭС УРАЛА,27698,26521
2026-08-26 18:00,2026-08-26,18,630000,ОЭС УРАЛА,27427,26520
2026-08-26 19:00,2026-08-26,19,630000,ОЭС УРАЛА,27436,26878
2026-08-26 20:00,2026-08-26,20,630000,ОЭС УРАЛА,27276,26319
2026-08-26 21:00,2026-08-26,21,630000,ОЭС УРАЛА,26729,25646
2026-08-26 22:00,2026-08-26,22,630000,ОЭС УРАЛА,24851,24929
2026-08-26 23:00,2026-08-26,23,630000,ОЭС УРАЛА,23015,24120
2026-08-27 00:00,2026-08-27,0,630000,ОЭС УРАЛА,21170,23739
2026-08-27 01:00,2026-08-27,1,630000,ОЭС УРАЛА,21135,23375
2026-08-27 02:00,2026-08-27,2,630000,ОЭС УРАЛА,20981,23196
2026-08-27 03:00,2026-08-27,3,630000,ОЭС УРАЛА,21240,23244
2026-08-27 04:00,2026-08-27,4,630000,ОЭС УРАЛА,21789,23395
2026-08-27 05:00,2026-08-27,5,630000,ОЭС УРАЛА,22264,24203
2026-08-27 06:00,2026-08-27,6,630000,ОЭС УРАЛА,24494,25088
2026-08-27 07:00,2026-08-27,7,630000,ОЭС УРАЛА,25506,26032
2026-08-27 08:00,2026-08-27,8,630000,ОЭС УРАЛА,26363,26421
2026-08-27 09:00,2026-08-27,9,630000,ОЭС УРАЛА,27193,26546
2026-08-27 10:00,2026-08-27,10,630000,ОЭС УРАЛА,27515,26778
2026-08-27 11:00,2026-08-27,11,630000,ОЭС УРАЛА,27195,26626
2026-08-27 12:00,2026-08-27,12,630000,ОЭС УРАЛА,26753,26547
2026-08-27 13:00,2026-08-27,13,630000,ОЭС УРАЛА,27002,26494
2026-08-27 14:00,2026-08-27,14,630000,ОЭС УРАЛА,27063,26407
2026-08-27 15:00,2026-08-27,15,630000,ОЭС УРАЛА,27105,26405
2026-08-27 16:00,2026-08-27,16,630000,ОЭС УРАЛА,27179,26374
2026-08-27 17:00,2026-08-27,17,630000,ОЭС УРАЛА,27024,26217
2026-08-27 18:00,2026-08-27,18,630000,ОЭС УРАЛА,26764,26202
2026-08-27 19:00,2026-08-27,19,630000,ОЭС УРАЛА,27640,26722
2026-08-27 20:00,2026-08-27,20,630000,ОЭС УРАЛА,26481,26224
2026-08-27 21:00,2026-08-27,21,630000,ОЭС УРАЛА,26666,25496
2026-08-27 22:00,2026-08-27,22,630000,ОЭС УРАЛА,25154,24488
2026-08-27 23:00,2026-08-27,23,630000,ОЭС УРАЛА,23267,24001
2026-08-28 00:00,2026-08-28,0,630000,ОЭС УРАЛА,21571,23673
2026-08-28 01:00,2026-08-28,1,630000,ОЭС УРАЛА,22601,23332
2026-08-28 02:00,2026-08-28,2,630000,ОЭС УРАЛА,21642,23526
2026-08-28 03:00,2026-08-28,3,630000,ОЭС УРАЛА,21704,23401
2026-08-28 04:00,2026-08-28,4,630000,ОЭС УРАЛА,22600,23617
2026-08-28 05:00,2026-08-28,5,630000,ОЭС УРАЛА,24249,24402
2026-08-28 06:00,2026-08-28,6,630000,ОЭС УРАЛА,25328,25237
2026-08-28 07:00,2026-08-28,7,630000,ОЭС УРАЛА,26576,25932
2026-08-28 08:00,2026-08-28,8,630000,ОЭС УРАЛА,27390,26477
2026-08-28 09:00,2026-08-28,9,630000,ОЭС УРАЛА,28317,26770
2026-08-28 10:00,2026-08-28,10,630000,ОЭС УРАЛА,28288,26741
2026-08-28 11:00,2026-08-28,11,630000,ОЭС УРАЛА,28355,26909
2026-08-28 12:00,2026-08-28,12,630000,ОЭС УРАЛА,28298,26930
2026-08-28 13:00,2026-08-28,13,630000,ОЭС УРАЛА,28135,26799
2026-08-28 14:00,2026-08-28,14,630000,ОЭС УРАЛА,27987,26780
2026-08-28 15:00,2026-08-28,15,630000,ОЭС УРАЛА,28064,26452
2026-08-28 16:00,2026-08-28,16,630000,ОЭС УРАЛА,27966,26703
2026-08-28 17:00,2026-08-28,17,630000,ОЭС УРАЛА,27400,26630
2026-08-28 18:00,2026-08-28,18,630000,ОЭС УРАЛА,27448,26516
2026-08-28 19:00,2026-08-28,19,630000,ОЭС УРАЛА,27643,26917
2026-08-28 20:00,2026-08-28,20,630000,ОЭС УРАЛА,27745,26505
2026-08-28 21:00,2026-08-28,21,630000,ОЭС УРАЛА,27211,25993
2026-08-28 22:00,2026-08-28,22,630000,ОЭС УРАЛА,26023,25207
2026-08-28 23:00,2026-08-28,23,630000,ОЭС УРАЛА,24790,24573
2026-08-29 00:00,2026-08-29,0,630000,ОЭС УРАЛА,23757,23891
2026-08-29 01:00,2026-08-29,1,630000,ОЭС УРАЛА,23186,23696
2026-08-29 02:00,2026-08-29,2,630000,ОЭС УРАЛА,22994,23916
2026-08-29 03:00,2026-08-29,3,630000,ОЭС УРАЛА,22683,23667
2026-08-29 04:00,2026-08-29,4,630000,ОЭС УРАЛА,22514,23575
2026-08-29 05:00,2026-08-29,5,630000,ОЭС УРАЛА,23118,23846
2026-08-29 06:00,2026-08-29,6,630000,ОЭС УРАЛА,23268,24602
2026-08-29 07:00,2026-08-29,7,630000,ОЭС УРАЛА,24754,25654
2026-08-29 08:00,2026-08-29,8,630000,ОЭС УРАЛА,26086,26435
2026-08-29 09:00,2026-08-29,9,630000,ОЭС УРАЛА,27495,26616
2026-08-29 10:00,2026-08-29,10,630000,ОЭС УРАЛА,27279,26761
2026-08-29 11:00,2026-08-29,11,630000,ОЭС УРАЛА,27255,26790
2026-08-29 12:00,2026-08-29,12,630000,ОЭС УРАЛА,27159,26810
2026-08-29 13:00,2026-08-29,13,630000,ОЭС УРАЛА,27368,26814
2026-08-29 14:00,2026-08-29,14,630000,ОЭС УРАЛА,27356,26938
2026-08-29 15:00,2026-08-29,15,630000,ОЭС УРАЛА,27455,26569
2026-08-29 16:00,2026-08-29,16,630000,ОЭС УРАЛА,27566,26693
2026-08-29 17:00,2026-08-29,17,630000,ОЭС УРАЛА,27219,26534
2026-08-29 18:00,2026-08-29,18,630000,ОЭС УРАЛА,27541,26487
2026-08-29 19:00,2026-08-29,19,630000,ОЭС УРАЛА,27304,26998
2026-08-29 20:00,2026-08-29,20,630000,ОЭС УРАЛА,27140,26604
2026-08-29 21:00,2026-08-29,21,630000,ОЭС УРАЛА,26871,25957
2026-08-29 22:00,2026-08-29,22,630000,ОЭС УРАЛА,26211,25034
2026-08-29 23:00,2026-08-29,23,630000,ОЭС УРАЛА,24561,24479
2026-08-30 00:00,2026-08-30,0,630000,ОЭС УРАЛА,23130,23998
2026-08-30 01:00,2026-08-30,1,630000,ОЭС УРАЛА,22452,23873
2026-08-30 02:00,2026-08-30,2,630000,ОЭС УРАЛА,22277,23516
2026-08-30 03:00,2026-08-30,3,630000,ОЭС УРАЛА,21735,23672
2026-08-30 04:00,2026-08-30,4,630000,ОЭС УРАЛА,21799,23793
2026-08-30 05:00,2026-08-30,5,630000,ОЭС УРАЛА,22241,23744
2026-08-30 06:00,2026-08-30,6,630000,ОЭС УРАЛА,22470,24257
2026-08-30 07:00,2026-08-30,7,630000,ОЭС УРАЛА,24605,25459
2026-08-30 08:00,2026-08-30,8,630000,ОЭС УРАЛА,25242,26158
2026-08-30 09:00,2026-08-30,9,630000,ОЭС УРАЛА,27479,26763
2026-08-30 10:00,2026-08-30,10,630000,ОЭС УРАЛА,27623,26970
2026-08-30 11:00,2026-08-30,11,630000,ОЭС УРАЛА,27755,26722
2026-08-30 12:00,2026-08-30,12,630000,ОЭС УРАЛА,27720,26882
2026-08-30 13:00,2026-08-30,13,630000,ОЭС УРАЛА,27591,26583
2026-08-30 14:00,2026-08-30,14,630000,ОЭС УРАЛА,27481,26761
2026-08-30 15:00,2026-08-30,15,630000,ОЭС УРАЛА,27868,26898
2026-08-30 16:00,2026-08-30,16,630000,ОЭС УРАЛА,27803,26878
2026-08-30 17:00,2026-08-30,17,630000,ОЭС УРАЛА,27891,26701
2026-08-30 18:00,2026-08-30,18,630000,ОЭС УРАЛА,27844,26830
2026-08-30 19:00,2026-08-30,19,630000,ОЭС УРАЛА,27979,27385
2026-08-30 20:00,2026-08-30,20,630000,ОЭС УРАЛА,27880,26861
2026-08-30 21:00,2026-08-30,21,630000,ОЭС УРАЛА,27145,26192
2026-08-30 22:00,2026-08-30,22,630000,ОЭС УРАЛА,26091,25029
2026-08-30 23:00,2026-08-30,23,630000,ОЭС УРАЛА,25269,24320
2026-08-31 00:00,2026-08-31,0,630000,ОЭС УРАЛА,23192,23868
2026-08-31 01:00,2026-08-31,1,630000,ОЭС УРАЛА,22467,23650
2026-08-31 02:00,2026-08-31,2,630000,ОЭС УРАЛА,22185,23522
2026-08-31 03:00,2026-08-31,3,630000,ОЭС УРАЛА,21523,23712
2026-08-31 04:00,2026-08-31,4,630000,ОЭС УРАЛА,22819,23877
2026-08-31 05:00,2026-08-31,5,630000,ОЭС УРАЛА,23593,24316
2026-08-31 06:00,2026-08-31,6,630000,ОЭС УРАЛА,25440,25475
2026-08-31 07:00,2026-08-31,7,630000,ОЭС УРАЛА,26880,26888
2026-08-31 08:00,2026-08-31,8,630000,ОЭС УРАЛА,28083,27218
2026-08-31 09:00,2026-08-31,9,630000,ОЭС УРАЛА,28721,27285
2026-08-31 10:00,2026-08-31,10,630000,ОЭС УРАЛА,28794,27075
2026-08-31 11:00,2026-08-31,11,630000,ОЭС УРАЛА,28570,26995
2026-08-31 12:00,2026-08-31,12,630000,ОЭС УРАЛА,28326,27068
2026-08-31 13:00,2026-08-31,13,630000,ОЭС УРАЛА,28329,26521
2026-08-31 14:00,2026-08-31,14,630000,ОЭС УРАЛА,28126,26446
2026-08-31 15:00,2026-08-31,15,630000,ОЭС УРАЛА,28006,26540
2026-08-31 16:00,2026-08-31,16,630000,ОЭС УРАЛА,28309,26489
2026-08-31 17:00,2026-08-31,17,630000,ОЭС УРАЛА,28248,26570
2026-08-31 18:00,2026-08-31,18,630000,ОЭС УРАЛА,28058,26504
2026-08-31 19:00,2026-08-31,19,630000,ОЭС УРАЛА,28271,27120
2026-08-31 20:00,2026-08-31,20,630000,ОЭС УРАЛА,28171,26673
2026-08-31 21:00,2026-08-31,21,630000,ОЭС УРАЛА,27596,25785
2026-08-31 22:00,2026-08-31,22,630000,ОЭС УРАЛА,27090,25011
2026-08-31 23:00,2026-08-31,23,630000,ОЭС УРАЛА,24834,24112
2026-09-01 00:00,2026-09-01,0,630000,ОЭС УРАЛА,23189,23580
2026-09-01 01:00,2026-09-01,1,630000,ОЭС УРАЛА,21942,23493
2026-09-01 02:00,2026-09-01,2,630000,ОЭС УРАЛА,20893,23352
2026-09-01 03:00,2026-09-01,3,630000,ОЭС УРАЛА,20639,23414
2026-09-01 04:00,2026-09-01,4,630000,ОЭС УРАЛА,21269,23565
2026-09-01 05:00,2026-09-01,5,630000,ОЭС УРАЛА,21866,24626
2026-09-01 06:00,2026-09-01,6,630000,ОЭС УРАЛА,24349,25360
2026-09-01 07:00,2026-09-01,7,630000,ОЭС УРАЛА,26740,26779
2026-09-01 08:00,2026-09-01,8,630000,ОЭС УРАЛА,28061,26808
2026-09-01 09:00,2026-09-01,9,630000,ОЭС УРАЛА,28412,27100
2026-09-01 10:00,2026-09-01,10,630000,ОЭС УРАЛА,27553,26734
2026-09-01 11:00,2026-09-01,11,630000,ОЭС УРАЛА,27070,26732
2026-09-01 12:00,2026-09-01,12,630000,ОЭС УРАЛА,27471,26674
2026-09-01 13:00,2026-09-01,13,630000,ОЭС УРАЛА,27409,26679
2026-09-01 14:00,2026-09-01,14,630000,ОЭС УРАЛА,28449,26781
2026-09-01 15:00,2026-09-01,15,630000,ОЭС УРАЛА,28211,26651
2026-09-01 16:00,2026-09-01,16,630000,ОЭС УРАЛА,28082,26569
2026-09-01 17:00,2026-09-01,17,630000,ОЭС УРАЛА,28131,26280
2026-09-01 18:00,2026-09-01,18,630000,ОЭС УРАЛА,28127,26457
2026-09-01 19:00,2026-09-01,19,630000,ОЭС УРАЛА,28094,27068
2026-09-01 20:00,2026-09-01,20,630000,ОЭС УРАЛА,27535,26550
2026-09-01 21:00,2026-09-01,21,630000,ОЭС УРАЛА,26569,25695
2026-09-01 22:00,2026-09-01,22,630000,ОЭС УРАЛА,25641,24872
2026-09-01 23:00,2026-09-01,23,630000,ОЭС УРАЛА,23070,24096
2026-09-02 00:00,2026-09-02,0,630000,ОЭС УРАЛА,21628,23506
2026-09-02 01:00,2026-09-02,1,630000,ОЭС УРАЛА,20691,23230
2026-09-02 02:00,2026-09-02,2,630000,ОЭС УРАЛА,20047,23570
2026-09-02 03:00,2026-09-02,3,630000,ОЭС УРАЛА,20627,23542
2026-09-02 04:00,2026-09-02,4,630000,ОЭС УРАЛА,21401,23983
2026-09-02 05:00,2026-09-02,5,630000,ОЭС УРАЛА,22677,24658
2026-09-02 06:00,2026-09-02,6,630000,ОЭС УРАЛА,24948,25538
2026-09-02 07:00,2026-09-02,7,630000,ОЭС УРАЛА,26371,26909
2026-09-02 08:00,2026-09-02,8,630000,ОЭС УРАЛА,27045,27015
2026-09-02 09:00,2026-09-02,9,630000,ОЭС УРАЛА,27802,27032
2026-09-02 10:00,2026-09-02,10,630000,ОЭС УРАЛА,27802,26958
2026-09-02 11:00,2026-09-02,11,630000,ОЭС УРАЛА,27371,26759
2026-09-02 12:00,2026-09-02,12,630000,ОЭС УРАЛА,27343,26742
2026-09-02 13:00,2026-09-02,13,630000,ОЭС УРАЛА,27424,26853
2026-09-02 14:00,2026-09-02,14,630000,ОЭС УРАЛА,27652,26862
2026-09-02 15:00,2026-09-02,15,630000,ОЭС УРАЛА,26969,26589
2026-09-02 16:00,2026-09-02,16,630000,ОЭС УРАЛА,27483,26679
2026-09-02 17:00,2026-09-02,17,630000,ОЭС УРАЛА,27790,26594
2026-09-02 18:00,2026-09-02,18,630000,ОЭС УРАЛА,27782,26846
2026-09-02 19:00,2026-09-02,19,630000,ОЭС УРАЛА,27841,27371
2026-09-02 20:00,2026-09-02,20,630000,ОЭС УРАЛА,27636,26746
2026-09-02 21:00,2026-09-02,21,630000,ОЭС УРАЛА,26601,25886
2026-09-02 22:00,2026-09-02,22,630000,ОЭС УРАЛА,26285,25106
2026-09-02 23:00,2026-09-02,23,630000,ОЭС УРАЛА,24464,24239
2026-09-03 00:00,2026-09-03,0,630000,ОЭС УРАЛА,23056,23834
2026-09-03 01:00,2026-09-03,1,630000,ОЭС УРАЛА,22331,23597
2026-09-03 02:00,2026-09-03,2,630000,ОЭС УРАЛА,21712,23664
2026-09-03 03:00,2026-09-03,3,630000,ОЭС УРАЛА,21889,23747
2026-09-03 04:00,2026-09-03,4,630000,ОЭС УРАЛА,22649,24211
2026-09-03 05:00,2026-09-03,5,630000,ОЭС УРАЛА,24638,25171
2026-09-03 06:00,2026-09-03,6,630000,ОЭС УРАЛА,26521,25971
2026-09-03 07:00,2026-09-03,7,630000,ОЭС УРАЛА,27558,26896
2026-09-03 08:00,2026-09-03,8,630000,ОЭС УРАЛА,28223,26894
2026-09-03 09:00,2026-09-03,9,630000,ОЭС УРАЛА,28170,26937
2026-09-03 10:00,2026-09-03,10,630000,ОЭС УРАЛА,28254,27005
2026-09-03 11:00,2026-09-03,11,630000,ОЭС УРАЛА,28271,27042
2026-09-03 12:00,2026-09-03,12,630000,ОЭС УРАЛА,28240,26725
2026-09-03 13:00,2026-09-03,13,630000,ОЭС УРАЛА,27906,26828
2026-09-03 14:00,2026-09-03,14,630000,ОЭС УРАЛА,27922,26658
2026-09-03 15:00,2026-09-03,15,630000,ОЭС УРАЛА,27961,26678
2026-09-03 16:00,2026-09-03,16,630000,ОЭС УРАЛА,28029,26505
2026-09-03 17:00,2026-09-03,17,630000,ОЭС УРАЛА,28231,26436
2026-09-03 18:00,2026-09-03,18,630000,ОЭС УРАЛА,28275,26478
2026-09-03 19:00,2026-09-03,19,630000,ОЭС УРАЛА,28183,26989
2026-09-03 20:00,2026-09-03,20,630000,ОЭС УРАЛА,28217,26645
2026-09-03 21:00,2026-09-03,21,630000,ОЭС УРАЛА,26885,25661
2026-09-03 22:00,2026-09-03,22,630000,ОЭС УРАЛА,25797,24806
2026-09-03 23:00,2026-09-03,23,630000,ОЭС УРАЛА,23974,23861
2026-09-04 00:00,2026-09-04,0,630000,ОЭС УРАЛА,23222,23541
2026-09-04 01:00,2026-09-04,1,630000,ОЭС УРАЛА,22389,23300
2026-09-04 02:00,2026-09-04,2,630000,ОЭС УРАЛА,21803,23367
2026-09-04 03:00,2026-09-04,3,630000,ОЭС УРАЛА,21952,23494
2026-09-04 04:00,2026-09-04,4,630000,ОЭС УРАЛА,22901,23870
2026-09-04 05:00,2026-09-04,5,630000,ОЭС УРАЛА,24420,24798
2026-09-04 06:00,2026-09-04,6,630000,ОЭС УРАЛА,26374,25449
2026-09-04 07:00,2026-09-04,7,630000,ОЭС УРАЛА,28193,26648
2026-09-04 08:00,2026-09-04,8,630000,ОЭС УРАЛА,28529,27067
2026-09-04 09:00,2026-09-04,9,630000,ОЭС УРАЛА,28846,27000
2026-09-04 10:00,2026-09-04,10,630000,ОЭС УРАЛА,28747,26863
2026-09-04 11:00,2026-09-04,11,630000,ОЭС УРАЛА,28307,26835
2026-09-04 12:00,2026-09-04,12,630000,ОЭС УРАЛА,28140,27044
2026-09-04 13:00,2026-09-04,13,630000,ОЭС УРАЛА,27820,26941
2026-09-04 14:00,2026-09-04,14,630000,ОЭС УРАЛА,28104,26701
2026-09-04 15:00,2026-09-04,15,630000,ОЭС УРАЛА,27909,26486
2026-09-04 16:00,2026-09-04,16,630000,ОЭС УРАЛА,28339,26673
2026-09-04 17:00,2026-09-04,17,630000,ОЭС УРАЛА,28274,26328
2026-09-04 18:00,2026-09-04,18,630000,ОЭС УРАЛА,28384,26253
2026-09-04 19:00,2026-09-04,19,630000,ОЭС УРАЛА,28374,26758
2026-09-04 20:00,2026-09-04,20,630000,ОЭС УРАЛА,28450,26609
2026-09-04 21:00,2026-09-04,21,630000,ОЭС УРАЛА,27596,25646
2026-09-04 22:00,2026-09-04,22,630000,ОЭС УРАЛА,26472,24999
2026-09-04 23:00,2026-09-04,23,630000,ОЭС УРАЛА,24790,24105
2026-09-05 00:00,2026-09-05,0,630000,ОЭС УРАЛА,24083,23520
2026-09-05 01:00,2026-09-05,1,630000,ОЭС УРАЛА,23275,23415
2026-09-05 02:00,2026-09-05,2,630000,ОЭС УРАЛА,22952,23329
2026-09-05 03:00,2026-09-05,3,630000,ОЭС УРАЛА,22795,22979
2026-09-05 04:00,2026-09-05,4,630000,ОЭС УРАЛА,22810,22923
2026-09-05 05:00,2026-09-05,5,630000,ОЭС УРАЛА,22945,23239
2026-09-05 06:00,2026-09-05,6,630000,ОЭС УРАЛА,23157,23954
2026-09-05 07:00,2026-09-05,7,630000,ОЭС УРАЛА,24782,25014
2026-09-05 08:00,2026-09-05,8,630000,ОЭС УРАЛА,26235,25679
2026-09-05 09:00,2026-09-05,9,630000,ОЭС УРАЛА,26896,26159
2026-09-05 10:00,2026-09-05,10,630000,ОЭС УРАЛА,26953,26072
2026-09-05 11:00,2026-09-05,11,630000,ОЭС УРАЛА,27019,26213
2026-09-05 12:00,2026-09-05,12,630000,ОЭС УРАЛА,26730,26187
2026-09-05 13:00,2026-09-05,13,630000,ОЭС УРАЛА,26853,26034
2026-09-05 14:00,2026-09-05,14,630000,ОЭС УРАЛА,26813,25899
2026-09-05 15:00,2026-09-05,15,630000,ОЭС УРАЛА,26785,26110
2026-09-05 16:00,2026-09-05,16,630000,ОЭС УРАЛА,26867,25956
2026-09-05 17:00,2026-09-05,17,630000,ОЭС УРАЛА,26807,25765
2026-09-05 18:00,2026-09-05,18,630000,ОЭС УРАЛА,26678,26040
2026-09-05 19:00,2026-09-05,19,630000,ОЭС УРАЛА,26939,26226
2026-09-05 20:00,2026-09-05,20,630000,ОЭС УРАЛА,26955,26098
2026-09-05 21:00,2026-09-05,21,630000,ОЭС УРАЛА,26589,25245
2026-09-05 22:00,2026-09-05,22,630000,ОЭС УРАЛА,25365,24224
2026-09-05 23:00,2026-09-05,23,630000,ОЭС УРАЛА,23575,23552
2026-09-06 00:00,2026-09-06,0,630000,ОЭС УРАЛА,22107,23181
2026-09-06 01:00,2026-09-06,1,630000,ОЭС УРАЛА,22167,23276
2026-09-06 02:00,2026-09-06,2,630000,ОЭС УРАЛА,21915,22958
2026-09-06 03:00,2026-09-06,3,630000,ОЭС УРАЛА,20801,22628
2026-09-06 04:00,2026-09-06,4,630000,ОЭС УРАЛА,20096,22970
2026-09-06 05:00,2026-09-06,5,630000,ОЭС УРАЛА,21022,22866
2026-09-06 06:00,2026-09-06,6,630000,ОЭС УРАЛА,21623,23571
2026-09-06 07:00,2026-09-06,7,630000,ОЭС УРАЛА,22463,24768
2026-09-06 08:00,2026-09-06,8,630000,ОЭС УРАЛА,24553,25314
2026-09-06 09:00,2026-09-06,9,630000,ОЭС УРАЛА,26420,25933
2026-09-06 10:00,2026-09-06,10,630000,ОЭС УРАЛА,26618,26095
2026-09-06 11:00,2026-09-06,11,630000,ОЭС УРАЛА,26823,26110
2026-09-06 12:00,2026-09-06,12,630000,ОЭС УРАЛА,26888,25923
2026-09-06 13:00,2026-09-06,13,630000,ОЭС УРАЛА,26981,26147
2026-09-06 14:00,2026-09-06,14,630000,ОЭС УРАЛА,26662,26054
2026-09-06 15:00,2026-09-06,15,630000,ОЭС УРАЛА,26734,26214
2026-09-06 16:00,2026-09-06,16,630000,ОЭС УРАЛА,26389,26076
2026-09-06 17:00,2026-09-06,17,630000,ОЭС УРАЛА,26598,26012
2026-09-06 18:00,2026-09-06,18,630000,ОЭС УРАЛА,26618,26390
2026-09-06 19:00,2026-09-06,19,630000,ОЭС УРАЛА,26958,26626
2026-09-06 20:00,2026-09-06,20,630000,ОЭС УРАЛА,26938,26043
2026-09-06 21:00,2026-09-06,21,630000,ОЭС УРАЛА,26414,25148
2026-09-06 22:00,2026-09-06,22,630000,ОЭС УРАЛА,25122,24090
2026-09-06 23:00,2026-09-06,23,630000,ОЭС УРАЛА,23735,23323
2026-09-07 00:00,2026-09-07,0,630000,ОЭС УРАЛА,22932,23084
2026-09-07 01:00,2026-09-07,1,630000,ОЭС УРАЛА,22081,22685
2026-09-07 02:00,2026-09-07,2,630000,ОЭС УРАЛА,21550,22547
2026-09-07 03:00,2026-09-07,3,630000,ОЭС УРАЛА,21445,22737
2026-09-07 04:00,2026-09-07,4,630000,ОЭС УРАЛА,21514,23217
2026-09-07 05:00,2026-09-07,5,630000,ОЭС УРАЛА,22577,24165
2026-09-07 06:00,2026-09-07,6,630000,ОЭС УРАЛА,24707,24933
2026-09-07 07:00,2026-09-07,7,630000,ОЭС УРАЛА,25723,25854
2026-09-07 08:00,2026-09-07,8,630000,ОЭС УРАЛА,26896,26323
2026-09-07 09:00,2026-09-07,9,630000,ОЭС УРАЛА,27820,26599
2026-09-07 10:00,2026-09-07,10,630000,ОЭС УРАЛА,27915,26630
2026-09-07 11:00,2026-09-07,11,630000,ОЭС УРАЛА,28094,26670
2026-09-07 12:00,2026-09-07,12,630000,ОЭС УРАЛА,27916,26799
2026-09-07 13:00,2026-09-07,13,630000,ОЭС УРАЛА,27981,26728
2026-09-07 14:00,2026-09-07,14,630000,ОЭС УРАЛА,27868,26595
2026-09-07 15:00,2026-09-07,15,630000,ОЭС УРАЛА,27678,26528
2026-09-07 16:00,2026-09-07,16,630000,ОЭС УРАЛА,28163,26337
2026-09-07 17:00,2026-09-07,17,630000,ОЭС УРАЛА,27948,26273
2026-09-07 18:00,2026-09-07,18,630000,ОЭС УРАЛА,28182,26486
2026-09-07 19:00,2026-09-07,19,630000,ОЭС УРАЛА,28239,26531
2026-09-07 20:00,2026-09-07,20,630000,ОЭС УРАЛА,27992,26311
2026-09-07 21:00,2026-09-07,21,630000,ОЭС УРАЛА,27327,25305
2026-09-07 22:00,2026-09-07,22,630000,ОЭС УРАЛА,26155,24393
2026-09-07 23:00,2026-09-07,23,630000,ОЭС УРАЛА,24418,23600
2026-09-08 00:00,2026-09-08,0,630000,ОЭС УРАЛА,22501,22884
2026-09-08 01:00,2026-09-08,1,630000,ОЭС УРАЛА,22600,23142
2026-09-08 02:00,2026-09-08,2,630000,ОЭС УРАЛА,22568,22776
2026-09-08 03:00,2026-09-08,3,630000,ОЭС УРАЛА,22446,22965
2026-09-08 04:00,2026-09-08,4,630000,ОЭС УРАЛА,22803,23408
2026-09-08 05:00,2026-09-08,5,630000,ОЭС УРАЛА,23596,24332
2026-09-08 06:00,2026-09-08,6,630000,ОЭС УРАЛА,25456,25273
2026-09-08 07:00,2026-09-08,7,630000,ОЭС УРАЛА,27113,26182
2026-09-08 08:00,2026-09-08,8,630000,ОЭС УРАЛА,28219,26502
2026-09-08 09:00,2026-09-08,9,630000,ОЭС УРАЛА,28275,26469
2026-09-08 10:00,2026-09-08,10,630000,ОЭС УРАЛА,28259,26443
2026-09-08 11:00,2026-09-08,11,630000,ОЭС УРАЛА,28290,26265
2026-09-08 12:00,2026-09-08,12,630000,ОЭС УРАЛА,27998,26266
2026-09-08 13:00,2026-09-08,13,630000,ОЭС УРАЛА,27822,26094
2026-09-08 14:00,2026-09-08,14,630000,ОЭС УРАЛА,27856,26235
2026-09-08 15:00,2026-09-08,15,630000,ОЭС УРАЛА,27647,26200
2026-09-08 16:00,2026-09-08,16,630000,ОЭС УРАЛА,27410,26190
2026-09-08 17:00,2026-09-08,17,630000,ОЭС УРАЛА,27768,25854
2026-09-08 18:00,2026-09-08,18,630000,ОЭС УРАЛА,27712,26147
2026-09-08 19:00,2026-09-08,19,630000,ОЭС УРАЛА,27950,26496
2026-09-08 20:00,2026-09-08,20,630000,ОЭС УРАЛА,27941,25813
2026-09-08 21:00,2026-09-08,21,630000,ОЭС УРАЛА,27320,25147
2026-09-08 22:00,2026-09-08,22,630000,ОЭС УРАЛА,26404,24365
2026-09-08 23:00,2026-09-08,23,630000,ОЭС УРАЛА,24420,23554
2026-09-09 00:00,2026-09-09,0,630000,ОЭС УРАЛА,23101,22972
2026-09-09 01:00,2026-09-09,1,630000,ОЭС УРАЛА,22475,22897
2026-09-09 02:00,2026-09-09,2,630000,ОЭС УРАЛА,22657,22668
2026-09-09 03:00,2026-09-09,3,630000,ОЭС УРАЛА,22779,22841
2026-09-09 04:00,2026-09-09,4,630000,ОЭС УРАЛА,22720,23411
2026-09-09 05:00,2026-09-09,5,630000,ОЭС УРАЛА,24654,24271
2026-09-09 06:00,2026-09-09,6,630000,ОЭС УРАЛА,26453,25300
2026-09-09 07:00,2026-09-09,7,630000,ОЭС УРАЛА,27712,26032
2026-09-09 08:00,2026-09-09,8,630000,ОЭС УРАЛА,28285,26283
2026-09-09 09:00,2026-09-09,9,630000,ОЭС УРАЛА,28835,26358
2026-09-09 10:00,2026-09-09,10,630000,ОЭС УРАЛА,28186,26201
2026-09-09 11:00,2026-09-09,11,630000,ОЭС УРАЛА,27687,26148
2026-09-09 12:00,2026-09-09,12,630000,ОЭС УРАЛА,27876,26141
2026-09-09 13:00,2026-09-09,13,630000,ОЭС УРАЛА,28051,26223
2026-09-09 14:00,2026-09-09,14,630000,ОЭС УРАЛА,28346,26386
2026-09-09 15:00,2026-09-09,15,630000,ОЭС УРАЛА,28635,26102
2026-09-09 16:00,2026-09-09,16,630000,ОЭС УРАЛА,28501,26089
2026-09-09 17:00,2026-09-09,17,630000,ОЭС УРАЛА,28711,26220
2026-09-09 18:00,2026-09-09,18,630000,ОЭС УРАЛА,28774,26282
2026-09-09 19:00,2026-09-09,19,630000,ОЭС УРАЛА,28780,26366
2026-09-09 20:00,2026-09-09,20,630000,ОЭС УРАЛА,27791,25955
2026-09-09 21:00,2026-09-09,21,630000,ОЭС УРАЛА,27117,25129
2026-09-09 22:00,2026-09-09,22,630000,ОЭС УРАЛА,25987,24308
2026-09-09 23:00,2026-09-09,23,630000,ОЭС УРАЛА,24169,23502
2026-09-10 00:00,2026-09-10,0,630000,ОЭС УРАЛА,23422,23241
2026-09-10 01:00,2026-09-10,1,630000,ОЭС УРАЛА,22791,23023
2026-09-10 02:00,2026-09-10,2,630000,ОЭС УРАЛА,22893,23099
2026-09-10 03:00,2026-09-10,3,630000,ОЭС УРАЛА,22282,23105
2026-09-10 04:00,2026-09-10,4,630000,ОЭС УРАЛА,22245,23436
2026-09-10 05:00,2026-09-10,5,630000,ОЭС УРАЛА,23892,24567
2026-09-10 06:00,2026-09-10,6,630000,ОЭС УРАЛА,26065,25480
2026-09-10 07:00,2026-09-10,7,630000,ОЭС УРАЛА,27670,26420
2026-09-10 08:00,2026-09-10,8,630000,ОЭС УРАЛА,28786,26601
2026-09-10 09:00,2026-09-10,9,630000,ОЭС УРАЛА,28952,26876
2026-09-10 10:00,2026-09-10,10,630000,ОЭС УРАЛА,28826,26644
2026-09-10 11:00,2026-09-10,11,630000,ОЭС УРАЛА,28775,26599
2026-09-10 12:00,2026-09-10,12,630000,ОЭС УРАЛА,28665,26447
2026-09-10 13:00,2026-09-10,13,630000,ОЭС УРАЛА,28847,26546
2026-09-10 14:00,2026-09-10,14,630000,ОЭС УРАЛА,28963,26428
2026-09-10 15:00,2026-09-10,15,630000,ОЭС УРАЛА,29063,26508
2026-09-10 16:00,2026-09-10,16,630000,ОЭС УРАЛА,29259,26456
2026-09-10 17:00,2026-09-10,17,630000,ОЭС УРАЛА,29404,26498
2026-09-10 18:00,2026-09-10,18,630000,ОЭС УРАЛА,29648,26881
2026-09-10 19:00,2026-09-10,19,630000,ОЭС УРАЛА,29693,27115
2026-09-10 20:00,2026-09-10,20,630000,ОЭС УРАЛА,29093,26501
2026-09-10 21:00,2026-09-10,21,630000,ОЭС УРАЛА,27728,25645
2026-09-10 22:00,2026-09-10,22,630000,ОЭС УРАЛА,26122,24596
2026-09-10 23:00,2026-09-10,23,630000,ОЭС УРАЛА,24577,23850
2026-09-11 00:00,2026-09-11,0,630000,ОЭС УРАЛА,24116,23544
2026-09-11 01:00,2026-09-11,1,630000,ОЭС УРАЛА,23365,23469
2026-09-11 02:00,2026-09-11,2,630000,ОЭС УРАЛА,23295,23473
2026-09-11 03:00,2026-09-11,3,630000,ОЭС УРАЛА,23112,23479
2026-09-11 04:00,2026-09-11,4,630000,ОЭС УРАЛА,23527,23910
2026-09-11 05:00,2026-09-11,5,630000,ОЭС УРАЛА,24942,24699
2026-09-11 06:00,2026-09-11,6,630000,ОЭС УРАЛА,26564,25720
2026-09-11 07:00,2026-09-11,7,630000,ОЭС УРАЛА,28372,26774
2026-09-11 08:00,2026-09-11,8,630000,ОЭС УРАЛА,29146,26685
2026-09-11 09:00,2026-09-11,9,630000,ОЭС УРАЛА,28641,26895
2026-09-11 10:00,2026-09-11,10,630000,ОЭС УРАЛА,28908,26677
2026-09-11 11:00,2026-09-11,11,630000,ОЭС УРАЛА,28669,26842
2026-09-11 12:00,2026-09-11,12,630000,ОЭС УРАЛА,28562,26895
2026-09-11 13:00,2026-09-11,13,630000,ОЭС УРАЛА,28625,26703
2026-09-11 14:00,2026-09-11,14,630000,ОЭС УРАЛА,28734,26706
2026-09-11 15:00,2026-09-11,15,630000,ОЭС УРАЛА,28451,26913
2026-09-11 16:00,2026-09-11,16,630000,ОЭС УРАЛА,28580,26723
2026-09-11 17:00,2026-09-11,17,630000,ОЭС УРАЛА,28689,26545
2026-09-11 18:00,2026-09-11,18,630000,ОЭС УРАЛА,28019,26673
2026-09-11 19:00,2026-09-11,19,630000,ОЭС УРАЛА,27974,26790
2026-09-11 20:00,2026-09-11,20,630000,ОЭС УРАЛА,28193,26661
2026-09-11 21:00,2026-09-11,21,630000,ОЭС УРАЛА,27136,25706
2026-09-11 22:00,2026-09-11,22,630000,ОЭС УРАЛА,26549,25139
2026-09-11 23:00,2026-09-11,23,630000,ОЭС УРАЛА,24670,24521
2026-09-12 00:00,2026-09-12,0,630000,ОЭС УРАЛА,24578,23995
2026-09-12 01:00,2026-09-12,1,630000,ОЭС УРАЛА,23416,23768
2026-09-12 02:00,2026-09-12,2,630000,ОЭС УРАЛА,23459,23616
2026-09-12 03:00,2026-09-12,3,630000,ОЭС УРАЛА,23008,23569
2026-09-12 04:00,2026-09-12,4,630000,ОЭС УРАЛА,23243,23491
2026-09-12 05:00,2026-09-12,5,630000,ОЭС УРАЛА,23532,23821
2026-09-12 06:00,2026-09-12,6,630000,ОЭС УРАЛА,24665,24334
2026-09-12 07:00,2026-09-12,7,630000,ОЭС УРАЛА,25236,25689
2026-09-12 08:00,2026-09-12,8,630000,ОЭС УРАЛА,26155,26387
2026-09-12 09:00,2026-09-12,9,630000,ОЭС УРАЛА,27656,26638
2026-09-12 10:00,2026-09-12,10,630000,ОЭС УРАЛА,27863,26928
2026-09-12 11:00,2026-09-12,11,630000,ОЭС УРАЛА,28053,26870
2026-09-12 12:00,2026-09-12,12,630000,ОЭС УРАЛА,27880,27124
2026-09-12 13:00,2026-09-12,13,630000,ОЭС УРАЛА,28001,26865
2026-09-12 14:00,2026-09-12,14,630000,ОЭС УРАЛА,28156,26711
2026-09-12 15:00,2026-09-12,15,630000,ОЭС УРАЛА,27979,26610
2026-09-12 16:00,2026-09-12,16,630000,ОЭС УРАЛА,28156,26842
2026-09-12 17:00,2026-09-12,17,630000,ОЭС УРАЛА,28233,26617
2026-09-12 18:00,2026-09-12,18,630000,ОЭС УРАЛА,28414,26840
2026-09-12 19:00,2026-09-12,19,630000,ОЭС УРАЛА,28313,27059
2026-09-12 20:00,2026-09-12,20,630000,ОЭС УРАЛА,28287,26460
2026-09-12 21:00,2026-09-12,21,630000,ОЭС УРАЛА,27598,25854
2026-09-12 22:00,2026-09-12,22,630000,ОЭС УРАЛА,26515,24903
2026-09-12 23:00,2026-09-12,23,630000,ОЭС УРАЛА,23502,23990
2026-09-13 00:00,2026-09-13,0,630000,ОЭС УРАЛА,23879,23872
2026-09-13 01:00,2026-09-13,1,630000,ОЭС УРАЛА,23052,23582
2026-09-13 02:00,2026-09-13,2,630000,ОЭС УРАЛА,21730,23196
2026-09-13 03:00,2026-09-13,3,630000,ОЭС УРАЛА,22121,23610
2026-09-13 04:00,2026-09-13,4,630000,ОЭС УРАЛА,22171,23439
2026-09-13 05:00,2026-09-13,5,630000,ОЭС УРАЛА,22532,23545
2026-09-13 06:00,2026-09-13,6,630000,ОЭС УРАЛА,23391,24221
2026-09-13 07:00,2026-09-13,7,630000,ОЭС УРАЛА,23782,25298
2026-09-13 08:00,2026-09-13,8,630000,ОЭС УРАЛА,25249,25767
2026-09-13 09:00,2026-09-13,9,630000,ОЭС УРАЛА,27605,26586
2026-09-13 10:00,2026-09-13,10,630000,ОЭС УРАЛА,27890,26757
2026-09-13 11:00,2026-09-13,11,630000,ОЭС УРАЛА,28184,27029
2026-09-13 12:00,2026-09-13,12,630000,ОЭС УРАЛА,28186,26818
2026-09-13 13:00,2026-09-13,13,630000,ОЭС УРАЛА,28922,26950
2026-09-13 14:00,2026-09-13,14,630000,ОЭС УРАЛА,28815,26887
2026-09-13 15:00,2026-09-13,15,630000,ОЭС УРАЛА,28866,26983
2026-09-13 16:00,2026-09-13,16,630000,ОЭС УРАЛА,28817,27200
2026-09-13 17:00,2026-09-13,17,630000,ОЭС УРАЛА,28788,26933
2026-09-13 18:00,2026-09-13,18,630000,ОЭС УРАЛА,28689,27195
2026-09-13 19:00,2026-09-13,19,630000,ОЭС УРАЛА,28738,27228
2026-09-13 20:00,2026-09-13,20,630000,ОЭС УРАЛА,28733,26911
2026-09-13 21:00,2026-09-13,21,630000,ОЭС УРАЛА,27919,26184
2026-09-13 22:00,2026-09-13,22,630000,ОЭС УРАЛА,26638,24865
2026-09-13 23:00,2026-09-13,23,630000,ОЭС УРАЛА,24437,24296
2026-09-14 00:00,2026-09-14,0,630000,ОЭС УРАЛА,23802,23682
2026-09-14 01:00,2026-09-14,1,630000,ОЭС УРАЛА,23457,23506
2026-09-14 02:00,2026-09-14,2,630000,ОЭС УРАЛА,23049,23663
2026-09-14 03:00,2026-09-14,3,630000,ОЭС УРАЛА,22476,23833
2026-09-14 04:00,2026-09-14,4,630000,ОЭС УРАЛА,23733,24179
2026-09-14 05:00,2026-09-14,5,630000,ОЭС УРАЛА,25576,25223
2026-09-14 06:00,2026-09-14,6,630000,ОЭС УРАЛА,27099,26156
2026-09-14 07:00,2026-09-14,7,630000,ОЭС УРАЛА,28624,27200
2026-09-14 08:00,2026-09-14,8,630000,ОЭС УРАЛА,29319,27396
2026-09-14 09:00,2026-09-14,9,630000,ОЭС УРАЛА,29330,27458
2026-09-14 10:00,2026-09-14,10,630000,ОЭС УРАЛА,29221,27386
2026-09-14 11:00,2026-09-14,11,630000,ОЭС УРАЛА,29543,27644
2026-09-14 12:00,2026-09-14,12,630000,ОЭС УРАЛА,28988,27425
2026-09-14 13:00,2026-09-14,13,630000,ОЭС УРАЛА,28772,27353
2026-09-14 14:00,2026-09-14,14,630000,ОЭС УРАЛА,28977,26989
2026-09-14 15:00,2026-09-14,15,630000,ОЭС УРАЛА,28762,26873
2026-09-14 16:00,2026-09-14,16,630000,ОЭС УРАЛА,29065,27213
2026-09-14 17:00,2026-09-14,17,630000,ОЭС УРАЛА,29156,27245
2026-09-14 18:00,2026-09-14,18,630000,ОЭС УРАЛА,28628,27312
2026-09-14 19:00,2026-09-14,19,630000,ОЭС УРАЛА,28980,27410
2026-09-14 20:00,2026-09-14,20,630000,ОЭС УРАЛА,28724,26696
2026-09-14 21:00,2026-09-14,21,630000,ОЭС УРАЛА,27729,25763
2026-09-14 22:00,2026-09-14,22,630000,ОЭС УРАЛА,26263,24856
2026-09-14 23:00,2026-09-14,23,630000,ОЭС УРАЛА,23802,24234
2026-09-15 00:00,2026-09-15,0,630000,ОЭС УРАЛА,23025,23936
2026-09-15 01:00,2026-09-15,1,630000,ОЭС УРАЛА,22408,23810
2026-09-15 02:00,2026-09-15,2,630000,ОЭС УРАЛА,23207,23739
2026-09-15 03:00,2026-09-15,3,630000,ОЭС УРАЛА,23497,23914
2026-09-15 04:00,2026-09-15,4,630000,ОЭС УРАЛА,23586,24358
2026-09-15 05:00,2026-09-15,5,630000,ОЭС УРАЛА,25709,25241
2026-09-15 06:00,2026-09-15,6,630000,ОЭС УРАЛА,26788,26149
2026-09-15 07:00,2026-09-15,7,630000,ОЭС УРАЛА,27757,26893
2026-09-15 08:00,2026-09-15,8,630000,ОЭС УРАЛА,28525,27338
2026-09-15 09:00,2026-09-15,9,630000,ОЭС УРАЛА,28529,27224
2026-09-15 10:00,2026-09-15,10,630000,ОЭС УРАЛА,28476,26994
2026-09-15 11:00,2026-09-15,11,630000,ОЭС УРАЛА,28413,26871
2026-09-15 12:00,2026-09-15,12,630000,ОЭС УРАЛА,28282,26955
2026-09-15 13:00,2026-09-15,13,630000,ОЭС УРАЛА,28350,26742
2026-09-15 14:00,2026-09-15,14,630000,ОЭС УРАЛА,28395,26709
2026-09-15 15:00,2026-09-15,15,630000,ОЭС УРАЛА,28357,26572
2026-09-15 16:00,2026-09-15,16,630000,ОЭС УРАЛА,28309,26641
2026-09-15 17:00,2026-09-15,17,630000,ОЭС УРАЛА,28247,26712
2026-09-15 18:00,2026-09-15,18,630000,ОЭС УРАЛА,28418,27243
2026-09-15 19:00,2026-09-15,19,630000,ОЭС УРАЛА,28292,27236
2026-09-15 20:00,2026-09-15,20,630000,ОЭС УРАЛА,28643,26893
2026-09-15 21:00,2026-09-15,21,630000,ОЭС УРАЛА,27891,25956
2026-09-15 22:00,2026-09-15,22,630000,ОЭС УРАЛА,26527,25028
2026-09-15 23:00,2026-09-15,23,630000,ОЭС УРАЛА,24735,24433
2026-09-16 00:00,2026-09-16,0,630000,ОЭС УРАЛА,24375,24045
2026-09-16 01:00,2026-09-16,1,630000,ОЭС УРАЛА,23983,23813
2026-09-16 02:00,2026-09-16,2,630000,ОЭС УРАЛА,23587,23805
2026-09-16 03:00,2026-09-16,3,630000,ОЭС УРАЛА,23644,23879
2026-09-16 04:00,2026-09-16,4,630000,ОЭС УРАЛА,24020,24405
2026-09-16 05:00,2026-09-16,5,630000,ОЭС УРАЛА,25671,25057
2026-09-16 06:00,2026-09-16,6,630000,ОЭС УРАЛА,26549,26198
2026-09-16 07:00,2026-09-16,7,630000,ОЭС УРАЛА,27683,26872
2026-09-16 08:00,2026-09-16,8,630000,ОЭС УРАЛА,29013,27228
2026-09-16 09:00,2026-09-16,9,630000,ОЭС УРАЛА,29460,27370
2026-09-16 10:00,2026-09-16,10,630000,ОЭС УРАЛА,29478,27446
2026-09-16 11:00,2026-09-16,11,630000,ОЭС УРАЛА,29247,27289
2026-09-16 12:00,2026-09-16,12,630000,ОЭС УРАЛА,29154,27176
2026-09-16 13:00,2026-09-16,13,630000,ОЭС УРАЛА,29137,27163
2026-09-16 14:00,2026-09-16,14,630000,ОЭС УРАЛА,29263,27052
2026-09-16 15:00,2026-09-16,15,630000,ОЭС УРАЛА,29255,27205
2026-09-16 16:00,2026-09-16,16,630000,ОЭС УРАЛА,29247,27160
2026-09-16 17:00,2026-09-16,17,630000,ОЭС УРАЛА,28570,27054
2026-09-16 18:00,2026-09-16,18,630000,ОЭС УРАЛА,28513,27090
2026-09-16 19:00,2026-09-16,19,630000,ОЭС УРАЛА,28996,27240
2026-09-16 20:00,2026-09-16,20,630000,ОЭС УРАЛА,28891,26854
2026-09-16 21:00,2026-09-16,21,630000,ОЭС УРАЛА,27941,25810
2026-09-16 22:00,2026-09-16,22,630000,ОЭС УРАЛА,26715,25132
2026-09-16 23:00,2026-09-16,23,630000,ОЭС УРАЛА,25578,24446
2026-09-17 00:00,2026-09-17,0,630000,ОЭС УРАЛА,24271,23886
2026-09-17 01:00,2026-09-17,1,630000,ОЭС УРАЛА,23242,23764
2026-09-17 02:00,2026-09-17,2,630000,ОЭС УРАЛА,23796,23742
2026-09-17 03:00,2026-09-17,3,630000,ОЭС УРАЛА,23670,24015
2026-09-17 04:00,2026-09-17,4,630000,ОЭС УРАЛА,24078,24060
2026-09-17 05:00,2026-09-17,5,630000,ОЭС УРАЛА,25515,25034
2026-09-17 06:00,2026-09-17,6,630000,ОЭС УРАЛА,26715,25784
2026-09-17 07:00,2026-09-17,7,630000,ОЭС УРАЛА,27427,26882
2026-09-17 08:00,2026-09-17,8,630000,ОЭС УРАЛА,28025,27145
2026-09-17 09:00,2026-09-17,9,630000,ОЭС УРАЛА,28354,27184
2026-09-17 10:00,2026-09-17,10,630000,ОЭС УРАЛА,28370,27034
2026-09-17 11:00,2026-09-17,11,630000,ОЭС УРАЛА,28208,27217
2026-09-17 12:00,2026-09-17,12,630000,ОЭС УРАЛА,27890,27139
2026-09-17 13:00,2026-09-17,13,630000,ОЭС УРАЛА,28292,27248
2026-09-17 14:00,2026-09-17,14,630000,ОЭС УРАЛА,28537,27015
2026-09-17 15:00,2026-09-17,15,630000,ОЭС УРАЛА,28653,26973
2026-09-17 16:00,2026-09-17,16,630000,ОЭС УРАЛА,28209,27031
2026-09-17 17:00,2026-09-17,17,630000,ОЭС УРАЛА,28368,27093
2026-09-17 18:00,2026-09-17,18,630000,ОЭС УРАЛА,28407,27227
2026-09-17 19:00,2026-09-17,19,630000,ОЭС УРАЛА,28464,27250
2026-09-17 20:00,2026-09-17,20,630000,ОЭС УРАЛА,28324,26687
2026-09-17 21:00,2026-09-17,21,630000,ОЭС УРАЛА,27329,25709
2026-09-17 22:00,2026-09-17,22,630000,ОЭС УРАЛА,26361,24864
2026-09-17 23:00,2026-09-17,23,630000,ОЭС УРАЛА,24866,24168
2026-09-18 00:00,2026-09-18,0,630000,ОЭС УРАЛА,23694,23914
2026-09-18 01:00,2026-09-18,1,630000,ОЭС УРАЛА,24102,23830
2026-09-18 02:00,2026-09-18,2,630000,ОЭС УРАЛА,23852,23803
2026-09-18 03:00,2026-09-18,3,630000,ОЭС УРАЛА,24058,23528
2026-09-18 04:00,2026-09-18,4,630000,ОЭС УРАЛА,23912,24198
2026-09-18 05:00,2026-09-18,5,630000,ОЭС УРАЛА,25304,24775
2026-09-18 06:00,2026-09-18,6,630000,ОЭС УРАЛА,26176,25753
2026-09-18 07:00,2026-09-18,7,630000,ОЭС УРАЛА,27153,26591
2026-09-18 08:00,2026-09-18,8,630000,ОЭС УРАЛА,28291,27108
2026-09-18 09:00,2026-09-18,9,630000,ОЭС УРАЛА,28264,27315
2026-09-18 10:00,2026-09-18,10,630000,ОЭС УРАЛА,28515,27092
2026-09-18 11:00,2026-09-18,11,630000,ОЭС УРАЛА,28581,26871
2026-09-18 12:00,2026-09-18,12,630000,ОЭС УРАЛА,28114,26880
2026-09-18 13:00,2026-09-18,13,630000,ОЭС УРАЛА,28288,26788
2026-09-18 14:00,2026-09-18,14,630000,ОЭС УРАЛА,28369,26657
2026-09-18 15:00,2026-09-18,15,630000,ОЭС УРАЛА,28185,26614
2026-09-18 16:00,2026-09-18,16,630000,ОЭС УРАЛА,27751,26604
2026-09-18 17:00,2026-09-18,17,630000,ОЭС УРАЛА,27941,26631
2026-09-18 18:00,2026-09-18,18,630000,ОЭС УРАЛА,28597,27317
2026-09-18 19:00,2026-09-18,19,630000,ОЭС УРАЛА,28941,27390
2026-09-18 20:00,2026-09-18,20,630000,ОЭС УРАЛА,28327,26804
2026-09-18 21:00,2026-09-18,21,630000,ОЭС УРАЛА,28315,26172
2026-09-18 22:00,2026-09-18,22,630000,ОЭС УРАЛА,27633,25396
2026-09-18 23:00,2026-09-18,23,630000,ОЭС УРАЛА,26207,24601
2026-09-19 00:00,2026-09-19,0,630000,ОЭС УРАЛА,24464,24425
2026-09-19 01:00,2026-09-19,1,630000,ОЭС УРАЛА,25314,24151
2026-09-19 02:00,2026-09-19,2,630000,ОЭС УРАЛА,25172,24163
2026-09-19 03:00,2026-09-19,3,630000,ОЭС УРАЛА,25228,24228
2026-09-19 04:00,2026-09-19,4,630000,ОЭС УРАЛА,25407,24104
2026-09-19 05:00,2026-09-19,5,630000,ОЭС УРАЛА,25924,24480
2026-09-19 06:00,2026-09-19,6,630000,ОЭС УРАЛА,26222,24970
2026-09-19 07:00,2026-09-19,7,630000,ОЭС УРАЛА,27558,26123
2026-09-19 08:00,2026-09-19,8,630000,ОЭС УРАЛА,28146,26801
2026-09-19 09:00,2026-09-19,9,630000,ОЭС УРАЛА,28754,26951
2026-09-19 10:00,2026-09-19,10,630000,ОЭС УРАЛА,29042,26831
2026-09-19 11:00,2026-09-19,11,630000,ОЭС УРАЛА,28642,26773
2026-09-19 12:00,2026-09-19,12,630000,ОЭС УРАЛА,28680,26738
2026-09-19 13:00,2026-09-19,13,630000,ОЭС УРАЛА,28618,26485
2026-09-19 14:00,2026-09-19,14,630000,ОЭС УРАЛА,28463,26524
2026-09-19 15:00,2026-09-19,15,630000,ОЭС УРАЛА,28155,26426
2026-09-19 16:00,2026-09-19,16,630000,ОЭС УРАЛА,28084,26444
2026-09-19 17:00,2026-09-19,17,630000,ОЭС УРАЛА,28157,26532
2026-09-19 18:00,2026-09-19,18,630000,ОЭС УРАЛА,28110,27043
2026-09-19 19:00,2026-09-19,19,630000,ОЭС УРАЛА,28190,27046
2026-09-19 20:00,2026-09-19,20,630000,ОЭС УРАЛА,28576,26530
2026-09-19 21:00,2026-09-19,21,630000,ОЭС УРАЛА,27891,25938
2026-09-19 22:00,2026-09-19,22,630000,ОЭС УРАЛА,26720,25161
2026-09-19 23:00,2026-09-19,23,630000,ОЭС УРАЛА,25704,24522
2026-09-20 00:00,2026-09-20,0,630000,ОЭС УРАЛА,25273,23835
2026-09-20 01:00,2026-09-20,1,630000,ОЭС УРАЛА,24596,23929
2026-09-20 02:00,2026-09-20,2,630000,ОЭС УРАЛА,24085,23819
2026-09-20 03:00,2026-09-20,3,630000,ОЭС УРАЛА,24244,23857
2026-09-20 04:00,2026-09-20,4,630000,ОЭС УРАЛА,24332,24021
2026-09-20 05:00,2026-09-20,5,630000,ОЭС УРАЛА,24569,24001
2026-09-20 06:00,2026-09-20,6,630000,ОЭС УРАЛА,24958,24483
2026-09-20 07:00,2026-09-20,7,630000,ОЭС УРАЛА,25584,25721
2026-09-20 08:00,2026-09-20,8,630000,ОЭС УРАЛА,26987,26324
2026-09-20 09:00,2026-09-20,9,630000,ОЭС УРАЛА,27695,26719
2026-09-20 10:00,2026-09-20,10,630000,ОЭС УРАЛА,27571,26670
2026-09-20 11:00,2026-09-20,11,630000,ОЭС УРАЛА,27485,26707
2026-09-20 12:00,2026-09-20,12,630000,ОЭС УРАЛА,27574,26546
2026-09-20 13:00,2026-09-20,13,630000,ОЭС УРАЛА,27520,26488
2026-09-20 14:00,2026-09-20,14,630000,ОЭС УРАЛА,27589,26624
2026-09-20 15:00,2026-09-20,15,630000,ОЭС УРАЛА,27644,26469
2026-09-20 16:00,2026-09-20,16,630000,ОЭС УРАЛА,27750,26812
2026-09-20 17:00,2026-09-20,17,630000,ОЭС УРАЛА,27903,26932
2026-09-20 18:00,2026-09-20,18,630000,ОЭС УРАЛА,27649,27265
2026-09-20 19:00,2026-09-20,19,630000,ОЭС УРАЛА,27619,27442
2026-09-20 20:00,2026-09-20,20,630000,ОЭС УРАЛА,27714,26784
2026-09-20 21:00,2026-09-20,21,630000,ОЭС УРАЛА,27068,25838
2026-09-20 22:00,2026-09-20,22,630000,ОЭС УРАЛА,26498,24815
2026-09-20 23:00,2026-09-20,23,630000,ОЭС УРАЛА,25306,24275
2026-09-21 00:00,2026-09-21,0,630000,ОЭС УРАЛА,24467,23915
2026-09-21 01:00,2026-09-21,1,630000,ОЭС УРАЛА,23484,23750
2026-09-21 02:00,2026-09-21,2,630000,ОЭС УРАЛА,24081,23568
2026-09-21 03:00,2026-09-21,3,630000,ОЭС УРАЛА,23955,23646
2026-09-21 04:00,2026-09-21,4,630000,ОЭС УРАЛА,24194,24025
2026-09-21 05:00,2026-09-21,5,630000,ОЭС УРАЛА,24940,24923
2026-09-21 06:00,2026-09-21,6,630000,ОЭС УРАЛА,26272,25850
2026-09-21 07:00,2026-09-21,7,630000,ОЭС УРАЛА,27820,26884
2026-09-21 08:00,2026-09-21,8,630000,ОЭС УРАЛА,28106,27058
2026-09-21 09:00,2026-09-21,9,630000,ОЭС УРАЛА,28123,27110
2026-09-21 10:00,2026-09-21,10,630000,ОЭС УРАЛА,27932,26906
2026-09-21 11:00,2026-09-21,11,630000,ОЭС УРАЛА,28043,26747
2026-09-21 12:00,2026-09-21,12,630000,ОЭС УРАЛА,27813,26850
2026-09-21 13:00,2026-09-21,13,630000,ОЭС УРАЛА,28014,26587
2026-09-21 14:00,2026-09-21,14,630000,ОЭС УРАЛА,28042,26718
2026-09-21 15:00,2026-09-21,15,630000,ОЭС УРАЛА,27920,26538
2026-09-21 16:00,2026-09-21,16,630000,ОЭС УРАЛА,28011,26661
2026-09-21 17:00,2026-09-21,17,630000,ОЭС УРАЛА,28194,26734
2026-09-21 18:00,2026-09-21,18,630000,ОЭС УРАЛА,28366,27032
2026-09-21 19:00,2026-09-21,19,630000,ОЭС УРАЛА,28219,27036
2026-09-21 20:00,2026-09-21,20,630000,ОЭС УРАЛА,27839,26329
2026-09-21 21:00,2026-09-21,21,630000,ОЭС УРАЛА,27056,25656
2026-09-21 22:00,2026-09-21,22,630000,ОЭС УРАЛА,26228,24853
2026-09-21 23:00,2026-09-21,23,630000,ОЭС УРАЛА,24691,23931
2026-09-22 00:00,2026-09-22,0,630000,ОЭС УРАЛА,23807,23748
2026-09-22 01:00,2026-09-22,1,630000,ОЭС УРАЛА,23913,23722
2026-09-22 02:00,2026-09-22,2,630000,ОЭС УРАЛА,23958,23561
2026-09-22 03:00,2026-09-22,3,630000,ОЭС УРАЛА,24608,23713
2026-09-22 04:00,2026-09-22,4,630000,ОЭС УРАЛА,24413,24127
2026-09-22 05:00,2026-09-22,5,630000,ОЭС УРАЛА,25423,25136
2026-09-22 06:00,2026-09-22,6,630000,ОЭС УРАЛА,26781,26004
2026-09-22 07:00,2026-09-22,7,630000,ОЭС УРАЛА,27502,26833
2026-09-22 08:00,2026-09-22,8,630000,ОЭС УРАЛА,27451,27014
2026-09-22 09:00,2026-09-22,9,630000,ОЭС УРАЛА,27184,26976
2026-09-22 10:00,2026-09-22,10,630000,ОЭС УРАЛА,27267,26621
2026-09-22 11:00,2026-09-22,11,630000,ОЭС УРАЛА,27319,26628
2026-09-22 12:00,2026-09-22,12,630000,ОЭС УРАЛА,27402,26552
2026-09-22 13:00,2026-09-22,13,630000,ОЭС УРАЛА,27752,26389
2026-09-22 14:00,2026-09-22,14,630000,ОЭС УРАЛА,27416,26456
2026-09-22 15:00,2026-09-22,15,630000,ОЭС УРАЛА,27420,26283
2026-09-22 16:00,2026-09-22,16,630000,ОЭС УРАЛА,27428,26253
2026-09-22 17:00,2026-09-22,17,630000,ОЭС УРАЛА,27690,26488
2026-09-22 18:00,2026-09-22,18,630000,ОЭС УРАЛА,28089,26876
2026-09-22 19:00,2026-09-22,19,630000,ОЭС УРАЛА,27938,26565
2026-09-22 20:00,2026-09-22,20,630000,ОЭС УРАЛА,27744,26039
2026-09-22 21:00,2026-09-22,21,630000,ОЭС УРАЛА,26392,25194
2026-09-22 22:00,2026-09-22,22,630000,ОЭС УРАЛА,25704,24386
2026-09-22 23:00,2026-09-22,23,630000,ОЭС УРАЛА,23187,23868
2026-09-23 00:00,2026-09-23,0,630000,ОЭС УРАЛА,22426,23438
2026-09-23 01:00,2026-09-23,1,630000,ОЭС УРАЛА,23521,23367
2026-09-23 02:00,2026-09-23,2,630000,ОЭС УРАЛА,23085,23245
2026-09-23 03:00,2026-09-23,3,630000,ОЭС УРАЛА,23143,23487
2026-09-23 04:00,2026-09-23,4,630000,ОЭС УРАЛА,23032,23631
2026-09-23 05:00,2026-09-23,5,630000,ОЭС УРАЛА,24216,24585
2026-09-23 06:00,2026-09-23,6,630000,ОЭС УРАЛА,24906,25296
2026-09-23 07:00,2026-09-23,7,630000,ОЭС УРАЛА,26899,26255
2026-09-23 08:00,2026-09-23,8,630000,ОЭС УРАЛА,27444,26433
2026-09-23 09:00,2026-09-23,9,630000,ОЭС УРАЛА,27065,26661
2026-09-23 10:00,2026-09-23,10,630000,ОЭС УРАЛА,27444,26454
2026-09-23 11:00,2026-09-23,11,630000,ОЭС УРАЛА,27477,26368
2026-09-23 12:00,2026-09-23,12,630000,ОЭС УРАЛА,27499,26287
2026-09-23 13:00,2026-09-23,13,630000,ОЭС УРАЛА,27482,26252
2026-09-23 14:00,2026-09-23,14,630000,ОЭС УРАЛА,27526,26197
2026-09-23 15:00,2026-09-23,15,630000,ОЭС УРАЛА,27337,26117
2026-09-23 16:00,2026-09-23,16,630000,ОЭС УРАЛА,27246,26208
2026-09-23 17:00,2026-09-23,17,630000,ОЭС УРАЛА,27640,26451
2026-09-23 18:00,2026-09-23,18,630000,ОЭС УРАЛА,28089,26634
2026-09-23 19:00,2026-09-23,19,630000,ОЭС УРАЛА,28308,26644
2026-09-23 20:00,2026-09-23,20,630000,ОЭС УРАЛА,27270,26042
2026-09-23 21:00,2026-09-23,21,630000,ОЭС УРАЛА,26598,25159
2026-09-23 22:00,2026-09-23,22,630000,ОЭС УРАЛА,25614,24243
2026-09-23 23:00,2026-09-23,23,630000,ОЭС УРАЛА,22817,23689
2026-09-24 00:00,2026-09-24,0,630000,ОЭС УРАЛА,22422,23395
2026-09-24 01:00,2026-09-24,1,630000,ОЭС УРАЛА,22177,23370
2026-09-24 02:00,2026-09-24,2,630000,ОЭС УРАЛА,22280,22939
2026-09-24 03:00,2026-09-24,3,630000,ОЭС УРАЛА,21888,23311
2026-09-24 04:00,2026-09-24,4,630000,ОЭС УРАЛА,22458,23600
2026-09-24 05:00,2026-09-24,5,630000,ОЭС УРАЛА,24053,24496
2026-09-24 06:00,2026-09-24,6,630000,ОЭС УРАЛА,26572,25580
2026-09-24 07:00,2026-09-24,7,630000,ОЭС УРАЛА,27744,26146
2026-09-24 08:00,2026-09-24,8,630000,ОЭС УРАЛА,27796,26665
2026-09-24 09:00,2026-09-24,9,630000,ОЭС УРАЛА,28376,26826
2026-09-24 10:00,2026-09-24,10,630000,ОЭС УРАЛА,27995,26549
2026-09-24 11:00,2026-09-24,11,630000,ОЭС УРАЛА,28240,26270
2026-09-24 12:00,2026-09-24,12,630000,ОЭС УРАЛА,28086,26496
2026-09-24 13:00,2026-09-24,13,630000,ОЭС УРАЛА,28035,26333
2026-09-24 14:00,2026-09-24,14,630000,ОЭС УРАЛА,27833,26362
2026-09-24 15:00,2026-09-24,15,630000,ОЭС УРАЛА,27989,26370
2026-09-24 16:00,2026-09-24,16,630000,ОЭС УРАЛА,28054,26352
2026-09-24 17:00,2026-09-24,17,630000,ОЭС УРАЛА,27971,26354
2026-09-24 18:00,2026-09-24,18,630000,ОЭС УРАЛА,27925,26695
2026-09-24 19:00,2026-09-24,19,630000,ОЭС УРАЛА,27912,26646
2026-09-24 20:00,2026-09-24,20,630000,ОЭС УРАЛА,28128,26223
2026-09-24 21:00,2026-09-24,21,630000,ОЭС УРАЛА,27202,25521
2026-09-24 22:00,2026-09-24,22,630000,ОЭС УРАЛА,26708,24923
2026-09-24 23:00,2026-09-24,23,630000,ОЭС УРАЛА,25160,23891
2026-09-25 00:00,2026-09-25,0,630000,ОЭС УРАЛА,24635,23727
2026-09-25 01:00,2026-09-25,1,630000,ОЭС УРАЛА,24652,23634
2026-09-25 02:00,2026-09-25,2,630000,ОЭС УРАЛА,24331,23589
2026-09-25 03:00,2026-09-25,3,630000,ОЭС УРАЛА,24593,23773
2026-09-25 04:00,2026-09-25,4,630000,ОЭС УРАЛА,24119,24104
2026-09-25 05:00,2026-09-25,5,630000,ОЭС УРАЛА,25940,25137
2026-09-25 06:00,2026-09-25,6,630000,ОЭС УРАЛА,26913,25797
2026-09-25 07:00,2026-09-25,7,630000,ОЭС УРАЛА,27911,26737
2026-09-25 08:00,2026-09-25,8,630000,ОЭС УРАЛА,28709,26871
2026-09-25 09:00,2026-09-25,9,630000,ОЭС УРАЛА,28611,26824
2026-09-25 10:00,2026-09-25,10,630000,ОЭС УРАЛА,28789,26746
2026-09-25 11:00,2026-09-25,11,630000,ОЭС УРАЛА,28703,26618
2026-09-25 12:00,2026-09-25,12,630000,ОЭС УРАЛА,28639,26413
2026-09-25 13:00,2026-09-25,13,630000,ОЭС УРАЛА,28507,26376
2026-09-25 14:00,2026-09-25,14,630000,ОЭС УРАЛА,28304,26374
2026-09-25 15:00,2026-09-25,15,630000,ОЭС УРАЛА,28183,26214
2026-09-25 16:00,2026-09-25,16,630000,ОЭС УРАЛА,28468,26528
2026-09-25 17:00,2026-09-25,17,630000,ОЭС УРАЛА,28682,26644
2026-09-25 18:00,2026-09-25,18,630000,ОЭС УРАЛА,29162,27050
2026-09-25 19:00,2026-09-25,19,630000,ОЭС УРАЛА,29044,26697
2026-09-25 20:00,2026-09-25,20,630000,ОЭС УРАЛА,28362,26266
2026-09-25 21:00,2026-09-25,21,630000,ОЭС УРАЛА,27905,25611
2026-09-25 22:00,2026-09-25,22,630000,ОЭС УРАЛА,26698,25053
2026-09-25 23:00,2026-09-25,23,630000,ОЭС УРАЛА,25313,24145
2026-09-26 00:00,2026-09-26,0,630000,ОЭС УРАЛА,24846,23701
2026-09-26 01:00,2026-09-26,1,630000,ОЭС УРАЛА,25607,23800
2026-09-26 02:00,2026-09-26,2,630000,ОЭС УРАЛА,25474,23582
2026-09-26 03:00,2026-09-26,3,630000,ОЭС УРАЛА,25954,23775
2026-09-26 04:00,2026-09-26,4,630000,ОЭС УРАЛА,26526,23857
2026-09-26 05:00,2026-09-26,5,630000,ОЭС УРАЛА,26688,24159
2026-09-26 06:00,2026-09-26,6,630000,ОЭС УРАЛА,26780,24526
2026-09-26 07:00,2026-09-26,7,630000,ОЭС УРАЛА,27295,25915
2026-09-26 08:00,2026-09-26,8,630000,ОЭС УРАЛА,28085,26142
2026-09-26 09:00,2026-09-26,9,630000,ОЭС УРАЛА,28597,26548
2026-09-26 10:00,2026-09-26,10,630000,ОЭС УРАЛА,28974,26393
2026-09-26 11:00,2026-09-26,11,630000,ОЭС УРАЛА,28576,26287
2026-09-26 12:00,2026-09-26,12,630000,ОЭС УРАЛА,28653,26146
2026-09-26 13:00,2026-09-26,13,630000,ОЭС УРАЛА,28532,26117
2026-09-26 14:00,2026-09-26,14,630000,ОЭС УРАЛА,28487,26083
2026-09-26 15:00,2026-09-26,15,630000,ОЭС УРАЛА,28457,26186
2026-09-26 16:00,2026-09-26,16,630000,ОЭС УРАЛА,28617,26188
2026-09-26 17:00,2026-09-26,17,630000,ОЭС УРАЛА,28799,26525
2026-09-26 18:00,2026-09-26,18,630000,ОЭС УРАЛА,28802,26751
2026-09-26 19:00,2026-09-26,19,630000,ОЭС УРАЛА,28664,26684
2026-09-26 20:00,2026-09-26,20,630000,ОЭС УРАЛА,28340,26130
2026-09-26 21:00,2026-09-26,21,630000,ОЭС УРАЛА,28392,25669
2026-09-26 22:00,2026-09-26,22,630000,ОЭС УРАЛА,27441,24794
2026-09-26 23:00,2026-09-26,23,630000,ОЭС УРАЛА,25590,24105
2026-09-27 00:00,2026-09-27,0,630000,ОЭС УРАЛА,24987,23763
2026-09-27 01:00,2026-09-27,1,630000,ОЭС УРАЛА,23997,23535
2026-09-27 02:00,2026-09-27,2,630000,ОЭС УРАЛА,23632,22953
2026-09-27 03:00,2026-09-27,3,630000,ОЭС УРАЛА,23544,23193
2026-09-27 04:00,2026-09-27,4,630000,ОЭС УРАЛА,23300,23252
2026-09-27 05:00,2026-09-27,5,630000,ОЭС УРАЛА,24697,23359
2026-09-27 06:00,2026-09-27,6,630000,ОЭС УРАЛА,25634,23834
2026-09-27 07:00,2026-09-27,7,630000,ОЭС УРАЛА,26147,25308
2026-09-27 08:00,2026-09-27,8,630000,ОЭС УРАЛА,26940,25749
2026-09-27 09:00,2026-09-27,9,630000,ОЭС УРАЛА,28036,26132
2026-09-27 10:00,2026-09-27,10,630000,ОЭС УРАЛА,28572,26297
2026-09-27 11:00,2026-09-27,11,630000,ОЭС УРАЛА,28626,26305
2026-09-27 12:00,2026-09-27,12,630000,ОЭС УРАЛА,28532,26010
2026-09-27 13:00,2026-09-27,13,630000,ОЭС УРАЛА,28389,26069
2026-09-27 14:00,2026-09-27,14,630000,ОЭС УРАЛА,28419,25887
2026-09-27 15:00,2026-09-27,15,630000,ОЭС УРАЛА,28412,25871
2026-09-27 16:00,2026-09-27,16,630000,ОЭС УРАЛА,28449,26124
2026-09-27 17:00,2026-09-27,17,630000,ОЭС УРАЛА,28559,26478
2026-09-27 18:00,2026-09-27,18,630000,ОЭС УРАЛА,28482,26788
2026-09-27 19:00,2026-09-27,19,630000,ОЭС УРАЛА,28937,26777
2026-09-27 20:00,2026-09-27,20,630000,ОЭС УРАЛА,28698,26199
2026-09-27 21:00,2026-09-27,21,630000,ОЭС УРАЛА,27398,25417
2026-09-27 22:00,2026-09-27,22,630000,ОЭС УРАЛА,27703,24830
2026-09-27 23:00,2026-09-27,23,630000,ОЭС УРАЛА,26946,24051
