datetime_msk,date,hour,kpo,energy_system,generation_mw,consumption_mw
2025-09-28 00:00,2025-09-28,0,550000,ОЭС ЮГА,11616,10844
2025-09-28 01:00,2025-09-28,1,550000,ОЭС ЮГА,10846,10326
2025-09-28 02:00,2025-09-28,2,550000,ОЭС ЮГА,10930,9872
2025-09-28 03:00,2025-09-28,3,550000,ОЭС ЮГА,10761,9748
2025-09-28 04:00,2025-09-28,4,550000,ОЭС ЮГА,10635,9824
2025-09-28 05:00,2025-09-28,5,550000,ОЭС ЮГА,10781,9870
2025-09-28 06:00,2025-09-28,6,550000,ОЭС ЮГА,10953,10026
2025-09-28 07:00,2025-09-28,7,550000,ОЭС ЮГА,11031,10234
2025-09-28 08:00,2025-09-28,8,550000,ОЭС ЮГА,11766,10919
2025-09-28 09:00,2025-09-28,9,550000,ОЭС ЮГА,12321,11808
2025-09-28 10:00,2025-09-28,10,550000,ОЭС ЮГА,12788,12152
2025-09-28 11:00,2025-09-28,11,550000,ОЭС ЮГА,13024,12294
2025-09-28 12:00,2025-09-28,12,550000,ОЭС ЮГА,12622,12328
2025-09-28 13:00,2025-09-28,13,550000,ОЭС ЮГА,12744,12119
2025-09-28 14:00,2025-09-28,14,550000,ОЭС ЮГА,12741,12163
2025-09-28 15:00,2025-09-28,15,550000,ОЭС ЮГА,12859,12238
2025-09-28 16:00,2025-09-28,16,550000,ОЭС ЮГА,12700,12213
2025-09-28 17:00,2025-09-28,17,550000,ОЭС ЮГА,12543,12303
2025-09-28 18:00,2025-09-28,18,550000,ОЭС ЮГА,12994,12887
2025-09-28 19:00,2025-09-28,19,550000,ОЭС ЮГА,13689,13515
2025-09-28 20:00,2025-09-28,20,550000,ОЭС ЮГА,13337,13243
2025-09-28 21:00,2025-09-28,21,550000,ОЭС ЮГА,12847,13229
2025-09-28 22:00,2025-09-28,22,550000,ОЭС ЮГА,12410,12460
2025-09-28 23:00,2025-09-28,23,550000,ОЭС ЮГА,12132,11607
2025-09-29 00:00,2025-09-29,0,550000,ОЭС ЮГА,12056,10667
2025-09-29 01:00,2025-09-29,1,550000,ОЭС ЮГА,11749,10208
2025-09-29 02:00,2025-09-29,2,550000,ОЭС ЮГА,11599,9867
2025-09-29 03:00,2025-09-29,3,550000,ОЭС ЮГА,11473,9792
2025-09-29 04:00,2025-09-29,4,550000,ОЭС ЮГА,11392,9793
2025-09-29 05:00,2025-09-29,5,550000,ОЭС ЮГА,11406,10040
2025-09-29 06:00,2025-09-29,6,550000,ОЭС ЮГА,11716,10545
2025-09-29 07:00,2025-09-29,7,550000,ОЭС ЮГА,12574,11526
2025-09-29 08:00,2025-09-29,8,550000,ОЭС ЮГА,13391,12245
2025-09-29 09:00,2025-09-29,9,550000,ОЭС ЮГА,13998,12855
2025-09-29 10:00,2025-09-29,10,550000,ОЭС ЮГА,13832,13175
2025-09-29 11:00,2025-09-29,11,550000,ОЭС ЮГА,14081,13210
2025-09-29 12:00,2025-09-29,12,550000,ОЭС ЮГА,13876,13155
2025-09-29 13:00,2025-09-29,13,550000,ОЭС ЮГА,13721,12893
2025-09-29 14:00,2025-09-29,14,550000,ОЭС ЮГА,13976,13127
2025-09-29 15:00,2025-09-29,15,550000,ОЭС ЮГА,14085,13143
2025-09-29 16:00,2025-09-29,16,550000,ОЭС ЮГА,14101,13321
2025-09-29 17:00,2025-09-29,17,550000,ОЭС ЮГА,13980,13291
2025-09-29 18:00,2025-09-29,18,550000,ОЭС ЮГА,14323,13817
2025-09-29 19:00,2025-09-29,19,550000,ОЭС ЮГА,14520,13934
2025-09-29 20:00,2025-09-29,20,550000,ОЭС ЮГА,14549,13794
2025-09-29 21:00,2025-09-29,21,550000,ОЭС ЮГА,14062,13509
2025-09-29 22:00,2025-09-29,22,550000,ОЭС ЮГА,14084,12762
2025-09-29 23:00,2025-09-29,23,550000,ОЭС ЮГА,13411,11826
2025-09-30 00:00,2025-09-30,0,550000,ОЭС ЮГА,12725,11109
2025-09-30 01:00,2025-09-30,1,550000,ОЭС ЮГА,12372,10593
2025-09-30 02:00,2025-09-30,2,550000,ОЭС ЮГА,11805,10323
2025-09-30 03:00,2025-09-30,3,550000,ОЭС ЮГА,11839,10084
2025-09-30 04:00,2025-09-30,4,550000,ОЭС ЮГА,11775,10049
2025-09-30 05:00,2025-09-30,5,550000,ОЭС ЮГА,11868,10491
2025-09-30 06:00,2025-09-30,6,550000,ОЭС ЮГА,12424,10924
2025-09-30 07:00,2025-09-30,7,550000,ОЭС ЮГА,13157,11837
2025-09-30 08:00,2025-09-30,8,550000,ОЭС ЮГА,13656,12529
2025-09-30 09:00,2025-09-30,9,550000,ОЭС ЮГА,14786,13579
2025-09-30 10:00,2025-09-30,10,550000,ОЭС ЮГА,14972,13848
2025-09-30 11:00,2025-09-30,11,550000,ОЭС ЮГА,15050,13821
2025-09-30 12:00,2025-09-30,12,550000,ОЭС ЮГА,14926,13663
2025-09-30 13:00,2025-09-30,13,550000,ОЭС ЮГА,14745,13545
2025-09-30 14:00,2025-09-30,14,550000,ОЭС ЮГА,14765,13688
2025-09-30 15:00,2025-09-30,15,550000,ОЭС ЮГА,14540,13578
2025-09-30 16:00,2025-09-30,16,550000,ОЭС ЮГА,14387,13473
2025-09-30 17:00,2025-09-30,17,550000,ОЭС ЮГА,14154,13581
2025-09-30 18:00,2025-09-30,18,550000,ОЭС ЮГА,14443,13795
2025-09-30 19:00,2025-09-30,19,550000,ОЭС ЮГА,15107,14204
2025-09-30 20:00,2025-09-30,20,550000,ОЭС ЮГА,14695,14065
2025-09-30 21:00,2025-09-30,21,550000,ОЭС ЮГА,14163,13710
2025-09-30 22:00,2025-09-30,22,550000,ОЭС ЮГА,13884,13157
2025-09-30 23:00,2025-09-30,23,550000,ОЭС ЮГА,13103,12252
2025-10-01 00:00,2025-10-01,0,550000,ОЭС ЮГА,12477,11193
2025-10-01 01:00,2025-10-01,1,550000,ОЭС ЮГА,12227,10816
2025-10-01 02:00,2025-10-01,2,550000,ОЭС ЮГА,11921,10463
2025-10-01 03:00,2025-10-01,3,550000,ОЭС ЮГА,11781,10412
2025-10-01 04:00,2025-10-01,4,550000,ОЭС ЮГА,11793,10319
2025-10-01 05:00,2025-10-01,5,550000,ОЭС ЮГА,12078,10593
2025-10-01 06:00,2025-10-01,6,550000,ОЭС ЮГА,12406,11158
2025-10-01 07:00,2025-10-01,7,550000,ОЭС ЮГА,13201,11910
2025-10-01 08:00,2025-10-01,8,550000,ОЭС ЮГА,13354,12517
2025-10-01 09:00,2025-10-01,9,550000,ОЭС ЮГА,13814,13445
2025-10-01 10:00,2025-10-01,10,550000,ОЭС ЮГА,14302,13517
2025-10-01 11:00,2025-10-01,11,550000,ОЭС ЮГА,14193,13442
2025-10-01 12:00,2025-10-01,12,550000,ОЭС ЮГА,14340,13398
2025-10-01 13:00,2025-10-01,13,550000,ОЭС ЮГА,14523,13370
2025-10-01 14:00,2025-10-01,14,550000,ОЭС ЮГА,14740,13532
2025-10-01 15:00,2025-10-01,15,550000,ОЭС ЮГА,14305,13252
2025-10-01 16:00,2025-10-01,16,550000,ОЭС ЮГА,14000,13352
2025-10-01 17:00,2025-10-01,17,550000,ОЭС ЮГА,14092,13379
2025-10-01 18:00,2025-10-01,18,550000,ОЭС ЮГА,14170,13748
2025-10-01 19:00,2025-10-01,19,550000,ОЭС ЮГА,14734,14200
2025-10-01 20:00,2025-10-01,20,550000,ОЭС ЮГА,14320,14042
2025-10-01 21:00,2025-10-01,21,550000,ОЭС ЮГА,13957,13827
2025-10-01 22:00,2025-10-01,22,550000,ОЭС ЮГА,13636,13214
2025-10-01 23:00,2025-10-01,23,550000,ОЭС ЮГА,13113,12248
2025-10-02 00:00,2025-10-02,0,550000,ОЭС ЮГА,12769,11245
2025-10-02 01:00,2025-10-02,1,550000,ОЭС ЮГА,12560,10934
2025-10-02 02:00,2025-10-02,2,550000,ОЭС ЮГА,11852,10472
2025-10-02 03:00,2025-10-02,3,550000,ОЭС ЮГА,11775,10328
2025-10-02 04:00,2025-10-02,4,550000,ОЭС ЮГА,11654,10312
2025-10-02 05:00,2025-10-02,5,550000,ОЭС ЮГА,11944,10665
2025-10-02 06:00,2025-10-02,6,550000,ОЭС ЮГА,12302,11028
2025-10-02 07:00,2025-10-02,7,550000,ОЭС ЮГА,13163,12018
2025-10-02 08:00,2025-10-02,8,550000,ОЭС ЮГА,13373,12760
2025-10-02 09:00,2025-10-02,9,550000,ОЭС ЮГА,13676,13249
2025-10-02 10:00,2025-10-02,10,550000,ОЭС ЮГА,13886,13247
2025-10-02 11:00,2025-10-02,11,550000,ОЭС ЮГА,13819,13300
2025-10-02 12:00,2025-10-02,12,550000,ОЭС ЮГА,13699,13159
2025-10-02 13:00,2025-10-02,13,550000,ОЭС ЮГА,13550,13039
2025-10-02 14:00,2025-10-02,14,550000,ОЭС ЮГА,13548,13122
2025-10-02 15:00,2025-10-02,15,550000,ОЭС ЮГА,13623,13242
2025-10-02 16:00,2025-10-02,16,550000,ОЭС ЮГА,13124,13022
2025-10-02 17:00,2025-10-02,17,550000,ОЭС ЮГА,13150,13030
2025-10-02 18:00,2025-10-02,18,550000,ОЭС ЮГА,13685,13475
2025-10-02 19:00,2025-10-02,19,550000,ОЭС ЮГА,14511,13910
2025-10-02 20:00,2025-10-02,20,550000,ОЭС ЮГА,14658,13885
2025-10-02 21:00,2025-10-02,21,550000,ОЭС ЮГА,14207,13476
2025-10-02 22:00,2025-10-02,22,550000,ОЭС ЮГА,14097,13085
2025-10-02 23:00,2025-10-02,23,550000,ОЭС ЮГА,13507,12240
2025-10-03 00:00,2025-10-03,0,550000,ОЭС ЮГА,12642,11241
2025-10-03 01:00,2025-10-03,1,550000,ОЭС ЮГА,11981,10737
2025-10-03 02:00,2025-10-03,2,550000,ОЭС ЮГА,11740,10402
2025-10-03 03:00,2025-10-03,3,550000,ОЭС ЮГА,11646,10233
2025-10-03 04:00,2025-10-03,4,550000,ОЭС ЮГА,11669,10169
2025-10-03 05:00,2025-10-03,5,550000,ОЭС ЮГА,12011,10600
2025-10-03 06:00,2025-10-03,6,550000,ОЭС ЮГА,12235,11107
2025-10-03 07:00,2025-10-03,7,550000,ОЭС ЮГА,12689,11777
2025-10-03 08:00,2025-10-03,8,550000,ОЭС ЮГА,13548,12505
2025-10-03 09:00,2025-10-03,9,550000,ОЭС ЮГА,14017,13139
2025-10-03 10:00,2025-10-03,10,550000,ОЭС ЮГА,14195,13106
2025-10-03 11:00,2025-10-03,11,550000,ОЭС ЮГА,14127,13054
2025-10-03 12:00,2025-10-03,12,550000,ОЭС ЮГА,14056,13149
2025-10-03 13:00,2025-10-03,13,550000,ОЭС ЮГА,14030,12993
2025-10-03 14:00,2025-10-03,14,550000,ОЭС ЮГА,13992,12961
2025-10-03 15:00,2025-10-03,15,550000,ОЭС ЮГА,13748,12935
2025-10-03 16:00,2025-10-03,16,550000,ОЭС ЮГА,13806,13065
2025-10-03 17:00,2025-10-03,17,550000,ОЭС ЮГА,13641,12969
2025-10-03 18:00,2025-10-03,18,550000,ОЭС ЮГА,14059,13465
2025-10-03 19:00,2025-10-03,19,550000,ОЭС ЮГА,14874,13942
2025-10-03 20:00,2025-10-03,20,550000,ОЭС ЮГА,14808,13697
2025-10-03 21:00,2025-10-03,21,550000,ОЭС ЮГА,14458,13471
2025-10-03 22:00,2025-10-03,22,550000,ОЭС ЮГА,14317,12872
2025-10-03 23:00,2025-10-03,23,550000,ОЭС ЮГА,13642,12114
2025-10-04 00:00,2025-10-04,0,550000,ОЭС ЮГА,12875,11305
2025-10-04 01:00,2025-10-04,1,550000,ОЭС ЮГА,12188,10665
2025-10-04 02:00,2025-10-04,2,550000,ОЭС ЮГА,11896,10408
2025-10-04 03:00,2025-10-04,3,550000,ОЭС ЮГА,11790,10271
2025-10-04 04:00,2025-10-04,4,550000,ОЭС ЮГА,11760,10143
2025-10-04 05:00,2025-10-04,5,550000,ОЭС ЮГА,11833,10296
2025-10-04 06:00,2025-10-04,6,550000,ОЭС ЮГА,11924,10681
2025-10-04 07:00,2025-10-04,7,550000,ОЭС ЮГА,12188,10901
2025-10-04 08:00,2025-10-04,8,550000,ОЭС ЮГА,13382,11597
2025-10-04 09:00,2025-10-04,9,550000,ОЭС ЮГА,14064,12343
2025-10-04 10:00,2025-10-04,10,550000,ОЭС ЮГА,13991,12772
2025-10-04 11:00,2025-10-04,11,550000,ОЭС ЮГА,13940,12927
2025-10-04 12:00,2025-10-04,12,550000,ОЭС ЮГА,13872,12711
2025-10-04 13:00,2025-10-04,13,550000,ОЭС ЮГА,13772,12669
2025-10-04 14:00,2025-10-04,14,550000,ОЭС ЮГА,13916,12644
2025-10-04 15:00,2025-10-04,15,550000,ОЭС ЮГА,13664,12534
2025-10-04 16:00,2025-10-04,16,550000,ОЭС ЮГА,13473,12469
2025-10-04 17:00,2025-10-04,17,550000,ОЭС ЮГА,13225,12391
2025-10-04 18:00,2025-10-04,18,550000,ОЭС ЮГА,13711,13097
2025-10-04 19:00,2025-10-04,19,550000,ОЭС ЮГА,14320,13615
2025-10-04 20:00,2025-10-04,20,550000,ОЭС ЮГА,14299,13427
2025-10-04 21:00,2025-10-04,21,550000,ОЭС ЮГА,13765,13114
2025-10-04 22:00,2025-10-04,22,550000,ОЭС ЮГА,13305,12365
2025-10-04 23:00,2025-10-04,23,550000,ОЭС ЮГА,12691,11840
2025-10-05 00:00,2025-10-05,0,550000,ОЭС ЮГА,12182,10970
2025-10-05 01:00,2025-10-05,1,550000,ОЭС ЮГА,12216,10632
2025-10-05 02:00,2025-10-05,2,550000,ОЭС ЮГА,11541,10161
2025-10-05 03:00,2025-10-05,3,550000,ОЭС ЮГА,11338,10126
2025-10-05 04:00,2025-10-05,4,550000,ОЭС ЮГА,11290,10012
2025-10-05 05:00,2025-10-05,5,550000,ОЭС ЮГА,11375,10313
2025-10-05 06:00,2025-10-05,6,550000,ОЭС ЮГА,11231,10227
2025-10-05 07:00,2025-10-05,7,550000,ОЭС ЮГА,11323,10462
2025-10-05 08:00,2025-10-05,8,550000,ОЭС ЮГА,11945,11290
2025-10-05 09:00,2025-10-05,9,550000,ОЭС ЮГА,12833,11940
2025-10-05 10:00,2025-10-05,10,550000,ОЭС ЮГА,13111,12431
2025-10-05 11:00,2025-10-05,11,550000,ОЭС ЮГА,13041,12454
2025-10-05 12:00,2025-10-05,12,550000,ОЭС ЮГА,13046,12558
2025-10-05 13:00,2025-10-05,13,550000,ОЭС ЮГА,13049,12457
2025-10-05 14:00,2025-10-05,14,550000,ОЭС ЮГА,13214,12383
2025-10-05 15:00,2025-10-05,15,550000,ОЭС ЮГА,12783,12493
2025-10-05 16:00,2025-10-05,16,550000,ОЭС ЮГА,13211,12567
2025-10-05 17:00,2025-10-05,17,550000,ОЭС ЮГА,13194,12643
2025-10-05 18:00,2025-10-05,18,550000,ОЭС ЮГА,13756,13375
2025-10-05 19:00,2025-10-05,19,550000,ОЭС ЮГА,14072,13664
2025-10-05 20:00,2025-10-05,20,550000,ОЭС ЮГА,13898,13449
2025-10-05 21:00,2025-10-05,21,550000,ОЭС ЮГА,13474,13299
2025-10-05 22:00,2025-10-05,22,550000,ОЭС ЮГА,12811,12539
2025-10-05 23:00,2025-10-05,23,550000,ОЭС ЮГА,12146,11815
2025-10-06 00:00,2025-10-06,0,550000,ОЭС ЮГА,11792,10993
2025-10-06 01:00,2025-10-06,1,550000,ОЭС ЮГА,10957,10493
2025-10-06 02:00,2025-10-06,2,550000,ОЭС ЮГА,10857,9970
2025-10-06 03:00,2025-10-06,3,550000,ОЭС ЮГА,10885,9992
2025-10-06 04:00,2025-10-06,4,550000,ОЭС ЮГА,10650,9813
2025-10-06 05:00,2025-10-06,5,550000,ОЭС ЮГА,11207,10264
2025-10-06 06:00,2025-10-06,6,550000,ОЭС ЮГА,11331,10600
2025-10-06 07:00,2025-10-06,7,550000,ОЭС ЮГА,12359,11428
2025-10-06 08:00,2025-10-06,8,550000,ОЭС ЮГА,12463,12108
2025-10-06 09:00,2025-10-06,9,550000,ОЭС ЮГА,13169,12797
2025-10-06 10:00,2025-10-06,10,550000,ОЭС ЮГА,13370,13029
2025-10-06 11:00,2025-10-06,11,550000,ОЭС ЮГА,13342,13061
2025-10-06 12:00,2025-10-06,12,550000,ОЭС ЮГА,13340,12966
2025-10-06 13:00,2025-10-06,13,550000,ОЭС ЮГА,13294,12702
2025-10-06 14:00,2025-10-06,14,550000,ОЭС ЮГА,13244,12820
2025-10-06 15:00,2025-10-06,15,550000,ОЭС ЮГА,13168,12612
2025-10-06 16:00,2025-10-06,16,550000,ОЭС ЮГА,13103,12598
2025-10-06 17:00,2025-10-06,17,550000,ОЭС ЮГА,13076,12528
2025-10-06 18:00,2025-10-06,18,550000,ОЭС ЮГА,13837,13158
2025-10-06 19:00,2025-10-06,19,550000,ОЭС ЮГА,13922,13479
2025-10-06 20:00,2025-10-06,20,550000,ОЭС ЮГА,13524,13201
2025-10-06 21:00,2025-10-06,21,550000,ОЭС ЮГА,13019,13019
2025-10-06 22:00,2025-10-06,22,550000,ОЭС ЮГА,12506,12536
2025-10-06 23:00,2025-10-06,23,550000,ОЭС ЮГА,12446,11669
2025-10-07 00:00,2025-10-07,0,550000,ОЭС ЮГА,11656,10865
2025-10-07 01:00,2025-10-07,1,550000,ОЭС ЮГА,11428,10351
2025-10-07 02:00,2025-10-07,2,550000,ОЭС ЮГА,11345,9899
2025-10-07 03:00,2025-10-07,3,550000,ОЭС ЮГА,11401,9932
2025-10-07 04:00,2025-10-07,4,550000,ОЭС ЮГА,11290,10004
2025-10-07 05:00,2025-10-07,5,550000,ОЭС ЮГА,11508,10153
2025-10-07 06:00,2025-10-07,6,550000,ОЭС ЮГА,11879,10816
2025-10-07 07:00,2025-10-07,7,550000,ОЭС ЮГА,12390,11305
2025-10-07 08:00,2025-10-07,8,550000,ОЭС ЮГА,12666,11986
2025-10-07 09:00,2025-10-07,9,550000,ОЭС ЮГА,13480,12644
2025-10-07 10:00,2025-10-07,10,550000,ОЭС ЮГА,13220,12710
2025-10-07 11:00,2025-10-07,11,550000,ОЭС ЮГА,13605,12755
2025-10-07 12:00,2025-10-07,12,550000,ОЭС ЮГА,13438,12589
2025-10-07 13:00,2025-10-07,13,550000,ОЭС ЮГА,13348,12590
2025-10-07 14:00,2025-10-07,14,550000,ОЭС ЮГА,13153,12483
2025-10-07 15:00,2025-10-07,15,550000,ОЭС ЮГА,13179,12527
2025-10-07 16:00,2025-10-07,16,550000,ОЭС ЮГА,13078,12352
2025-10-07 17:00,2025-10-07,17,550000,ОЭС ЮГА,12793,12315
2025-10-07 18:00,2025-10-07,18,550000,ОЭС ЮГА,13118,13091
2025-10-07 19:00,2025-10-07,19,550000,ОЭС ЮГА,13185,13422
2025-10-07 20:00,2025-10-07,20,550000,ОЭС ЮГА,13186,13059
2025-10-07 21:00,2025-10-07,21,550000,ОЭС ЮГА,13457,12798
2025-10-07 22:00,2025-10-07,22,550000,ОЭС ЮГА,13012,12336
2025-10-07 23:00,2025-10-07,23,550000,ОЭС ЮГА,12656,11533
2025-10-08 00:00,2025-10-08,0,550000,ОЭС ЮГА,11920,10632
2025-10-08 01:00,2025-10-08,1,550000,ОЭС ЮГА,11415,10196
2025-10-08 02:00,2025-10-08,2,550000,ОЭС ЮГА,11073,9860
2025-10-08 03:00,2025-10-08,3,550000,ОЭС ЮГА,10938,9759
2025-10-08 04:00,2025-10-08,4,550000,ОЭС ЮГА,11249,9847
2025-10-08 05:00,2025-10-08,5,550000,ОЭС ЮГА,11234,10091
2025-10-08 06:00,2025-10-08,6,550000,ОЭС ЮГА,11956,10596
2025-10-08 07:00,2025-10-08,7,550000,ОЭС ЮГА,12403,11302
2025-10-08 08:00,2025-10-08,8,550000,ОЭС ЮГА,12751,11952
2025-10-08 09:00,2025-10-08,9,550000,ОЭС ЮГА,12861,12668
2025-10-08 10:00,2025-10-08,10,550000,ОЭС ЮГА,13260,12840
2025-10-08 11:00,2025-10-08,11,550000,ОЭС ЮГА,13649,12772
2025-10-08 12:00,2025-10-08,12,550000,ОЭС ЮГА,13627,12674
2025-10-08 13:00,2025-10-08,13,550000,ОЭС ЮГА,13645,12629
2025-10-08 14:00,2025-10-08,14,550000,ОЭС ЮГА,13422,12613
2025-10-08 15:00,2025-10-08,15,550000,ОЭС ЮГА,13315,12518
2025-10-08 16:00,2025-10-08,16,550000,ОЭС ЮГА,13022,12550
2025-10-08 17:00,2025-10-08,17,550000,ОЭС ЮГА,12960,12353
2025-10-08 18:00,2025-10-08,18,550000,ОЭС ЮГА,13440,13063
2025-10-08 19:00,2025-10-08,19,550000,ОЭС ЮГА,14123,13448
2025-10-08 20:00,2025-10-08,20,550000,ОЭС ЮГА,13447,13095
2025-10-08 21:00,2025-10-08,21,550000,ОЭС ЮГА,13014,12830
2025-10-08 22:00,2025-10-08,22,550000,ОЭС ЮГА,13030,12352
2025-10-08 23:00,2025-10-08,23,550000,ОЭС ЮГА,12405,11427
2025-10-09 00:00,2025-10-09,0,550000,ОЭС ЮГА,11627,10611
2025-10-09 01:00,2025-10-09,1,550000,ОЭС ЮГА,11536,10126
2025-10-09 02:00,2025-10-09,2,550000,ОЭС ЮГА,10863,9803
2025-10-09 03:00,2025-10-09,3,550000,ОЭС ЮГА,10889,9719
2025-10-09 04:00,2025-10-09,4,550000,ОЭС ЮГА,10788,9720
2025-10-09 05:00,2025-10-09,5,550000,ОЭС ЮГА,11139,9950
2025-10-09 06:00,2025-10-09,6,550000,ОЭС ЮГА,11318,10418
2025-10-09 07:00,2025-10-09,7,550000,ОЭС ЮГА,11859,11044
2025-10-09 08:00,2025-10-09,8,550000,ОЭС ЮГА,12127,11875
2025-10-09 09:00,2025-10-09,9,550000,ОЭС ЮГА,12894,12515
2025-10-09 10:00,2025-10-09,10,550000,ОЭС ЮГА,13162,12932
2025-10-09 11:00,2025-10-09,11,550000,ОЭС ЮГА,12914,12775
2025-10-09 12:00,2025-10-09,12,550000,ОЭС ЮГА,13010,12991
2025-10-09 13:00,2025-10-09,13,550000,ОЭС ЮГА,13145,12861
2025-10-09 14:00,2025-10-09,14,550000,ОЭС ЮГА,13253,12684
2025-10-09 15:00,2025-10-09,15,550000,ОЭС ЮГА,12882,12841
2025-10-09 16:00,2025-10-09,16,550000,ОЭС ЮГА,12823,12748
2025-10-09 17:00,2025-10-09,17,550000,ОЭС ЮГА,12719,12699
2025-10-09 18:00,2025-10-09,18,550000,ОЭС ЮГА,13171,13190
2025-10-09 19:00,2025-10-09,19,550000,ОЭС ЮГА,13172,13498
2025-10-09 20:00,2025-10-09,20,550000,ОЭС ЮГА,13318,13275
2025-10-09 21:00,2025-10-09,21,550000,ОЭС ЮГА,12472,12974
2025-10-09 22:00,2025-10-09,22,550000,ОЭС ЮГА,12285,12495
2025-10-09 23:00,2025-10-09,23,550000,ОЭС ЮГА,12593,11508
2025-10-10 00:00,2025-10-10,0,550000,ОЭС ЮГА,11710,10836
2025-10-10 01:00,2025-10-10,1,550000,ОЭС ЮГА,11298,10358
2025-10-10 02:00,2025-10-10,2,550000,ОЭС ЮГА,11619,9980
2025-10-10 03:00,2025-10-10,3,550000,ОЭС ЮГА,11441,9962
2025-10-10 04:00,2025-10-10,4,550000,ОЭС ЮГА,11245,9779
2025-10-10 05:00,2025-10-10,5,550000,ОЭС ЮГА,11169,10107
2025-10-10 06:00,2025-10-10,6,550000,ОЭС ЮГА,11765,10557
2025-10-10 07:00,2025-10-10,7,550000,ОЭС ЮГА,12762,11471
2025-10-10 08:00,2025-10-10,8,550000,ОЭС ЮГА,12647,12112
2025-10-10 09:00,2025-10-10,9,550000,ОЭС ЮГА,13248,12916
2025-10-10 10:00,2025-10-10,10,550000,ОЭС ЮГА,13365,13170
2025-10-10 11:00,2025-10-10,11,550000,ОЭС ЮГА,13166,13260
2025-10-10 12:00,2025-10-10,12,550000,ОЭС ЮГА,13070,13070
2025-10-10 13:00,2025-10-10,13,550000,ОЭС ЮГА,13155,13006
2025-10-10 14:00,2025-10-10,14,550000,ОЭС ЮГА,12761,13094
2025-10-10 15:00,2025-10-10,15,550000,ОЭС ЮГА,13068,12915
2025-10-10 16:00,2025-10-10,16,550000,ОЭС ЮГА,12937,12903
2025-10-10 17:00,2025-10-10,17,550000,ОЭС ЮГА,13059,13031
2025-10-10 18:00,2025-10-10,18,550000,ОЭС ЮГА,13452,13551
2025-10-10 19:00,2025-10-10,19,550000,ОЭС ЮГА,13665,13513
2025-10-10 20:00,2025-10-10,20,550000,ОЭС ЮГА,13146,13195
2025-10-10 21:00,2025-10-10,21,550000,ОЭС ЮГА,13110,13218
2025-10-10 22:00,2025-10-10,22,550000,ОЭС ЮГА,12915,12583
2025-10-10 23:00,2025-10-10,23,550000,ОЭС ЮГА,12532,11834
2025-10-11 00:00,2025-10-11,0,550000,ОЭС ЮГА,11321,11107
2025-10-11 01:00,2025-10-11,1,550000,ОЭС ЮГА,10776,10894
2025-10-11 02:00,2025-10-11,2,550000,ОЭС ЮГА,10355,10439
2025-10-11 03:00,2025-10-11,3,550000,ОЭС ЮГА,10283,10351
2025-10-11 04:00,2025-10-11,4,550000,ОЭС ЮГА,10535,10261
2025-10-11 05:00,2025-10-11,5,550000,ОЭС ЮГА,10807,10372
2025-10-11 06:00,2025-10-11,6,550000,ОЭС ЮГА,10617,10788
2025-10-11 07:00,2025-10-11,7,550000,ОЭС ЮГА,11183,10863
2025-10-11 08:00,2025-10-11,8,550000,ОЭС ЮГА,11810,11551
2025-10-11 09:00,2025-10-11,9,550000,ОЭС ЮГА,12554,12489
2025-10-11 10:00,2025-10-11,10,550000,ОЭС ЮГА,13525,12875
2025-10-11 11:00,2025-10-11,11,550000,ОЭС ЮГА,13259,13093
2025-10-11 12:00,2025-10-11,12,550000,ОЭС ЮГА,13380,12976
2025-10-11 13:00,2025-10-11,13,550000,ОЭС ЮГА,13366,12759
2025-10-11 14:00,2025-10-11,14,550000,ОЭС ЮГА,13627,12998
2025-10-11 15:00,2025-10-11,15,550000,ОЭС ЮГА,13172,12864
2025-10-11 16:00,2025-10-11,16,550000,ОЭС ЮГА,13329,12935
2025-10-11 17:00,2025-10-11,17,550000,ОЭС ЮГА,13131,13084
2025-10-11 18:00,2025-10-11,18,550000,ОЭС ЮГА,13799,13762
2025-10-11 19:00,2025-10-11,19,550000,ОЭС ЮГА,14027,13666
2025-10-11 20:00,2025-10-11,20,550000,ОЭС ЮГА,13735,13357
2025-10-11 21:00,2025-10-11,21,550000,ОЭС ЮГА,13286,13143
2025-10-11 22:00,2025-10-11,22,550000,ОЭС ЮГА,12703,12574
2025-10-11 23:00,2025-10-11,23,550000,ОЭС ЮГА,12468,11930
2025-10-12 00:00,2025-10-12,0,550000,ОЭС ЮГА,11761,11225
2025-10-12 01:00,2025-10-12,1,550000,ОЭС ЮГА,10840,10784
2025-10-12 02:00,2025-10-12,2,550000,ОЭС ЮГА,11008,10442
2025-10-12 03:00,2025-10-12,3,550000,ОЭС ЮГА,10578,10254
2025-10-12 04:00,2025-10-12,4,550000,ОЭС ЮГА,10831,10301
2025-10-12 05:00,2025-10-12,5,550000,ОЭС ЮГА,10743,10306
2025-10-12 06:00,2025-10-12,6,550000,ОЭС ЮГА,10933,10615
2025-10-12 07:00,2025-10-12,7,550000,ОЭС ЮГА,11055,10817
2025-10-12 08:00,2025-10-12,8,550000,ОЭС ЮГА,11879,11389
2025-10-12 09:00,2025-10-12,9,550000,ОЭС ЮГА,12235,12187
2025-10-12 10:00,2025-10-12,10,550000,ОЭС ЮГА,12342,12637
2025-10-12 11:00,2025-10-12,11,550000,ОЭС ЮГА,12473,12651
2025-10-12 12:00,2025-10-12,12,550000,ОЭС ЮГА,12380,12659
2025-10-12 13:00,2025-10-12,13,550000,ОЭС ЮГА,12094,12626
2025-10-12 14:00,2025-10-12,14,550000,ОЭС ЮГА,12134,12599
2025-10-12 15:00,2025-10-12,15,550000,ОЭС ЮГА,12200,12458
2025-10-12 16:00,2025-10-12,16,550000,ОЭС ЮГА,12384,12718
2025-10-12 17:00,2025-10-12,17,550000,ОЭС ЮГА,12852,12905
2025-10-12 18:00,2025-10-12,18,550000,ОЭС ЮГА,13594,13610
2025-10-12 19:00,2025-10-12,19,550000,ОЭС ЮГА,13881,13775
2025-10-12 20:00,2025-10-12,20,550000,ОЭС ЮГА,13733,13711
2025-10-12 21:00,2025-10-12,21,550000,ОЭС ЮГА,13099,13418
2025-10-12 22:00,2025-10-12,22,550000,ОЭС ЮГА,12544,12860
2025-10-12 23:00,2025-10-12,23,550000,ОЭС ЮГА,12344,12047
2025-10-13 00:00,2025-10-13,0,550000,ОЭС ЮГА,11553,11145
2025-10-13 01:00,2025-10-13,1,550000,ОЭС ЮГА,10861,10654
2025-10-13 02:00,2025-10-13,2,550000,ОЭС ЮГА,10744,10363
2025-10-13 03:00,2025-10-13,3,550000,ОЭС ЮГА,10576,10077
2025-10-13 04:00,2025-10-13,4,550000,ОЭС ЮГА,10646,10061
2025-10-13 05:00,2025-10-13,5,550000,ОЭС ЮГА,10989,10442
2025-10-13 06:00,2025-10-13,6,550000,ОЭС ЮГА,11388,11099
2025-10-13 07:00,2025-10-13,7,550000,ОЭС ЮГА,11914,11910
2025-10-13 08:00,2025-10-13,8,550000,ОЭС ЮГА,12425,12648
2025-10-13 09:00,2025-10-13,9,550000,ОЭС ЮГА,13578,13415
2025-10-13 10:00,2025-10-13,10,550000,ОЭС ЮГА,13931,13532
2025-10-13 11:00,2025-10-13,11,550000,ОЭС ЮГА,13935,13606
2025-10-13 12:00,2025-10-13,12,550000,ОЭС ЮГА,13996,13605
2025-10-13 13:00,2025-10-13,13,550000,ОЭС ЮГА,13718,13381
2025-10-13 14:00,2025-10-13,14,550000,ОЭС ЮГА,13498,13608
2025-10-13 15:00,2025-10-13,15,550000,ОЭС ЮГА,13511,13557
2025-10-13 16:00,2025-10-13,16,550000,ОЭС ЮГА,14012,13528
2025-10-13 17:00,2025-10-13,17,550000,ОЭС ЮГА,13949,13577
2025-10-13 18:00,2025-10-13,18,550000,ОЭС ЮГА,14648,14012
2025-10-13 19:00,2025-10-13,19,550000,ОЭС ЮГА,14827,14142
2025-10-13 20:00,2025-10-13,20,550000,ОЭС ЮГА,13920,13826
2025-10-13 21:00,2025-10-13,21,550000,ОЭС ЮГА,13361,13661
2025-10-13 22:00,2025-10-13,22,550000,ОЭС ЮГА,12950,12935
2025-10-13 23:00,2025-10-13,23,550000,ОЭС ЮГА,12454,12237
2025-10-14 00:00,2025-10-14,0,550000,ОЭС ЮГА,12252,11425
2025-10-14 01:00,2025-10-14,1,550000,ОЭС ЮГА,11326,10886
2025-10-14 02:00,2025-10-14,2,550000,ОЭС ЮГА,10989,10591
2025-10-14 03:00,2025-10-14,3,550000,ОЭС ЮГА,10964,10446
2025-10-14 04:00,2025-10-14,4,550000,ОЭС ЮГА,11035,10362
2025-10-14 05:00,2025-10-14,5,550000,ОЭС ЮГА,11267,10641
2025-10-14 06:00,2025-10-14,6,550000,ОЭС ЮГА,11577,11209
2025-10-14 07:00,2025-10-14,7,550000,ОЭС ЮГА,12321,11930
2025-10-14 08:00,2025-10-14,8,550000,ОЭС ЮГА,12658,12534
2025-10-14 09:00,2025-10-14,9,550000,ОЭС ЮГА,13703,13126
2025-10-14 10:00,2025-10-14,10,550000,ОЭС ЮГА,13759,13396
2025-10-14 11:00,2025-10-14,11,550000,ОЭС ЮГА,13623,13385
2025-10-14 12:00,2025-10-14,12,550000,ОЭС ЮГА,13555,13221
2025-10-14 13:00,2025-10-14,13,550000,ОЭС ЮГА,13424,13230
2025-10-14 14:00,2025-10-14,14,550000,ОЭС ЮГА,13394,13247
2025-10-14 15:00,2025-10-14,15,550000,ОЭС ЮГА,13478,13095
2025-10-14 16:00,2025-10-14,16,550000,ОЭС ЮГА,13368,13253
2025-10-14 17:00,2025-10-14,17,550000,ОЭС ЮГА,13253,13257
2025-10-14 18:00,2025-10-14,18,550000,ОЭС ЮГА,13730,14084
2025-10-14 19:00,2025-10-14,19,550000,ОЭС ЮГА,13956,14216
2025-10-14 20:00,2025-10-14,20,550000,ОЭС ЮГА,13805,14076
2025-10-14 21:00,2025-10-14,21,550000,ОЭС ЮГА,13271,13768
2025-10-14 22:00,2025-10-14,22,550000,ОЭС ЮГА,13044,13230
2025-10-14 23:00,2025-10-14,23,550000,ОЭС ЮГА,12205,12289
2025-10-15 00:00,2025-10-15,0,550000,ОЭС ЮГА,11613,11490
2025-10-15 01:00,2025-10-15,1,550000,ОЭС ЮГА,11138,10977
2025-10-15 02:00,2025-10-15,2,550000,ОЭС ЮГА,10863,10576
2025-10-15 03:00,2025-10-15,3,550000,ОЭС ЮГА,11056,10604
2025-10-15 04:00,2025-10-15,4,550000,ОЭС ЮГА,10813,10562
2025-10-15 05:00,2025-10-15,5,550000,ОЭС ЮГА,11167,10777
2025-10-15 06:00,2025-10-15,6,550000,ОЭС ЮГА,11330,11235
2025-10-15 07:00,2025-10-15,7,550000,ОЭС ЮГА,12140,12061
2025-10-15 08:00,2025-10-15,8,550000,ОЭС ЮГА,12547,12796
2025-10-15 09:00,2025-10-15,9,550000,ОЭС ЮГА,13791,13583
2025-10-15 10:00,2025-10-15,10,550000,ОЭС ЮГА,14012,13874
2025-10-15 11:00,2025-10-15,11,550000,ОЭС ЮГА,13865,13772
2025-10-15 12:00,2025-10-15,12,550000,ОЭС ЮГА,13313,13592
2025-10-15 13:00,2025-10-15,13,550000,ОЭС ЮГА,13914,13527
2025-10-15 14:00,2025-10-15,14,550000,ОЭС ЮГА,13728,13434
2025-10-15 15:00,2025-10-15,15,550000,ОЭС ЮГА,13655,13420
2025-10-15 16:00,2025-10-15,16,550000,ОЭС ЮГА,13714,13530
2025-10-15 17:00,2025-10-15,17,550000,ОЭС ЮГА,13515,13549
2025-10-15 18:00,2025-10-15,18,550000,ОЭС ЮГА,14490,14391
2025-10-15 19:00,2025-10-15,19,550000,ОЭС ЮГА,14561,14479
2025-10-15 20:00,2025-10-15,20,550000,ОЭС ЮГА,13875,14189
2025-10-15 21:00,2025-10-15,21,550000,ОЭС ЮГА,13853,14112
2025-10-15 22:00,2025-10-15,22,550000,ОЭС ЮГА,13451,13310
2025-10-15 23:00,2025-10-15,23,550000,ОЭС ЮГА,13269,12444
2025-10-16 00:00,2025-10-16,0,550000,ОЭС ЮГА,11975,11774
2025-10-16 01:00,2025-10-16,1,550000,ОЭС ЮГА,12133,11064
2025-10-16 02:00,2025-10-16,2,550000,ОЭС ЮГА,11213,10991
2025-10-16 03:00,2025-10-16,3,550000,ОЭС ЮГА,11085,10892
2025-10-16 04:00,2025-10-16,4,550000,ОЭС ЮГА,11583,10860
2025-10-16 05:00,2025-10-16,5,550000,ОЭС ЮГА,11536,11033
2025-10-16 06:00,2025-10-16,6,550000,ОЭС ЮГА,12127,11658
2025-10-16 07:00,2025-10-16,7,550000,ОЭС ЮГА,12575,12373
2025-10-16 08:00,2025-10-16,8,550000,ОЭС ЮГА,13666,13169
2025-10-16 09:00,2025-10-16,9,550000,ОЭС ЮГА,14664,13982
2025-10-16 10:00,2025-10-16,10,550000,ОЭС ЮГА,14361,14084
2025-10-16 11:00,2025-10-16,11,550000,ОЭС ЮГА,14638,13928
2025-10-16 12:00,2025-10-16,12,550000,ОЭС ЮГА,14237,13712
2025-10-16 13:00,2025-10-16,13,550000,ОЭС ЮГА,14206,13755
2025-10-16 14:00,2025-10-16,14,550000,ОЭС ЮГА,14267,13855
2025-10-16 15:00,2025-10-16,15,550000,ОЭС ЮГА,14489,13775
2025-10-16 16:00,2025-10-16,16,550000,ОЭС ЮГА,14422,13816
2025-10-16 17:00,2025-10-16,17,550000,ОЭС ЮГА,14361,13830
2025-10-16 18:00,2025-10-16,18,550000,ОЭС ЮГА,15202,14547
2025-10-16 19:00,2025-10-16,19,550000,ОЭС ЮГА,15284,14562
2025-10-16 20:00,2025-10-16,20,550000,ОЭС ЮГА,15089,14521
2025-10-16 21:00,2025-10-16,21,550000,ОЭС ЮГА,15092,14193
2025-10-16 22:00,2025-10-16,22,550000,ОЭС ЮГА,14741,13704
2025-10-16 23:00,2025-10-16,23,550000,ОЭС ЮГА,13745,12782
2025-10-17 00:00,2025-10-17,0,550000,ОЭС ЮГА,12875,11884
2025-10-17 01:00,2025-10-17,1,550000,ОЭС ЮГА,12107,11492
2025-10-17 02:00,2025-10-17,2,550000,ОЭС ЮГА,11789,11065
2025-10-17 03:00,2025-10-17,3,550000,ОЭС ЮГА,11851,11015
2025-10-17 04:00,2025-10-17,4,550000,ОЭС ЮГА,11757,10981
2025-10-17 05:00,2025-10-17,5,550000,ОЭС ЮГА,11759,11151
2025-10-17 06:00,2025-10-17,6,550000,ОЭС ЮГА,12201,11655
2025-10-17 07:00,2025-10-17,7,550000,ОЭС ЮГА,12955,12479
2025-10-17 08:00,2025-10-17,8,550000,ОЭС ЮГА,13640,13268
2025-10-17 09:00,2025-10-17,9,550000,ОЭС ЮГА,14293,13952
2025-10-17 10:00,2025-10-17,10,550000,ОЭС ЮГА,14372,14032
2025-10-17 11:00,2025-10-17,11,550000,ОЭС ЮГА,13842,13993
2025-10-17 12:00,2025-10-17,12,550000,ОЭС ЮГА,13368,14006
2025-10-17 13:00,2025-10-17,13,550000,ОЭС ЮГА,13433,13794
2025-10-17 14:00,2025-10-17,14,550000,ОЭС ЮГА,13605,13713
2025-10-17 15:00,2025-10-17,15,550000,ОЭС ЮГА,13481,13785
2025-10-17 16:00,2025-10-17,16,550000,ОЭС ЮГА,13393,13610
2025-10-17 17:00,2025-10-17,17,550000,ОЭС ЮГА,13489,13767
2025-10-17 18:00,2025-10-17,18,550000,ОЭС ЮГА,14430,14510
2025-10-17 19:00,2025-10-17,19,550000,ОЭС ЮГА,14800,14797
2025-10-17 20:00,2025-10-17,20,550000,ОЭС ЮГА,14145,14169
2025-10-17 21:00,2025-10-17,21,550000,ОЭС ЮГА,14336,14271
2025-10-17 22:00,2025-10-17,22,550000,ОЭС ЮГА,13960,13604
2025-10-17 23:00,2025-10-17,23,550000,ОЭС ЮГА,12770,12785
2025-10-18 00:00,2025-10-18,0,550000,ОЭС ЮГА,12131,12152
2025-10-18 01:00,2025-10-18,1,550000,ОЭС ЮГА,11672,11647
2025-10-18 02:00,2025-10-18,2,550000,ОЭС ЮГА,11119,11269
2025-10-18 03:00,2025-10-18,3,550000,ОЭС ЮГА,11423,11062
2025-10-18 04:00,2025-10-18,4,550000,ОЭС ЮГА,11078,10950
2025-10-18 05:00,2025-10-18,5,550000,ОЭС ЮГА,11192,11237
2025-10-18 06:00,2025-10-18,6,550000,ОЭС ЮГА,11188,11410
2025-10-18 07:00,2025-10-18,7,550000,ОЭС ЮГА,12011,11597
2025-10-18 08:00,2025-10-18,8,550000,ОЭС ЮГА,12649,12604
2025-10-18 09:00,2025-10-18,9,550000,ОЭС ЮГА,12989,13411
2025-10-18 10:00,2025-10-18,10,550000,ОЭС ЮГА,13444,13708
2025-10-18 11:00,2025-10-18,11,550000,ОЭС ЮГА,13567,13709
2025-10-18 12:00,2025-10-18,12,550000,ОЭС ЮГА,13584,13511
2025-10-18 13:00,2025-10-18,13,550000,ОЭС ЮГА,13265,13747
2025-10-18 14:00,2025-10-18,14,550000,ОЭС ЮГА,13268,13459
2025-10-18 15:00,2025-10-18,15,550000,ОЭС ЮГА,13327,13547
2025-10-18 16:00,2025-10-18,16,550000,ОЭС ЮГА,13300,13658
2025-10-18 17:00,2025-10-18,17,550000,ОЭС ЮГА,13358,13655
2025-10-18 18:00,2025-10-18,18,550000,ОЭС ЮГА,13640,14580
2025-10-18 19:00,2025-10-18,19,550000,ОЭС ЮГА,14369,14564
2025-10-18 20:00,2025-10-18,20,550000,ОЭС ЮГА,13772,14060
2025-10-18 21:00,2025-10-18,21,550000,ОЭС ЮГА,13809,14077
2025-10-18 22:00,2025-10-18,22,550000,ОЭС ЮГА,13080,13339
2025-10-18 23:00,2025-10-18,23,550000,ОЭС ЮГА,12761,12735
2025-10-19 00:00,2025-10-19,0,550000,ОЭС ЮГА,11731,12143
2025-10-19 01:00,2025-10-19,1,550000,ОЭС ЮГА,11575,11400
2025-10-19 02:00,2025-10-19,2,550000,ОЭС ЮГА,11407,11164
2025-10-19 03:00,2025-10-19,3,550000,ОЭС ЮГА,10891,10943
2025-10-19 04:00,2025-10-19,4,550000,ОЭС ЮГА,10847,10704
2025-10-19 05:00,2025-10-19,5,550000,ОЭС ЮГА,10767,10984
2025-10-19 06:00,2025-10-19,6,550000,ОЭС ЮГА,10894,11272
2025-10-19 07:00,2025-10-19,7,550000,ОЭС ЮГА,11584,11394
2025-10-19 08:00,2025-10-19,8,550000,ОЭС ЮГА,12332,11973
2025-10-19 09:00,2025-10-19,9,550000,ОЭС ЮГА,12734,12771
2025-10-19 10:00,2025-10-19,10,550000,ОЭС ЮГА,13298,13296
2025-10-19 11:00,2025-10-19,11,550000,ОЭС ЮГА,13223,13384
2025-10-19 12:00,2025-10-19,12,550000,ОЭС ЮГА,13101,13738
2025-10-19 13:00,2025-10-19,13,550000,ОЭС ЮГА,13356,13549
2025-10-19 14:00,2025-10-19,14,550000,ОЭС ЮГА,13251,13552
2025-10-19 15:00,2025-10-19,15,550000,ОЭС ЮГА,13420,13404
2025-10-19 16:00,2025-10-19,16,550000,ОЭС ЮГА,13276,13680
2025-10-19 17:00,2025-10-19,17,550000,ОЭС ЮГА,13854,13835
2025-10-19 18:00,2025-10-19,18,550000,ОЭС ЮГА,14382,14677
2025-10-19 19:00,2025-10-19,19,550000,ОЭС ЮГА,14572,14640
2025-10-19 20:00,2025-10-19,20,550000,ОЭС ЮГА,14315,14432
2025-10-19 21:00,2025-10-19,21,550000,ОЭС ЮГА,13690,14035
2025-10-19 22:00,2025-10-19,22,550000,ОЭС ЮГА,13092,13679
2025-10-19 23:00,2025-10-19,23,550000,ОЭС ЮГА,12602,12771
2025-10-20 00:00,2025-10-20,0,550000,ОЭС ЮГА,11579,12010
2025-10-20 01:00,2025-10-20,1,550000,ОЭС ЮГА,11047,11431
2025-10-20 02:00,2025-10-20,2,550000,ОЭС ЮГА,11340,10870
2025-10-20 03:00,2025-10-20,3,550000,ОЭС ЮГА,10949,10838
2025-10-20 04:00,2025-10-20,4,550000,ОЭС ЮГА,10800,10808
2025-10-20 05:00,2025-10-20,5,550000,ОЭС ЮГА,10949,10993
2025-10-20 06:00,2025-10-20,6,550000,ОЭС ЮГА,11777,11643
2025-10-20 07:00,2025-10-20,7,550000,ОЭС ЮГА,12248,12364
2025-10-20 08:00,2025-10-20,8,550000,ОЭС ЮГА,12952,13112
2025-10-20 09:00,2025-10-20,9,550000,ОЭС ЮГА,13167,13817
2025-10-20 10:00,2025-10-20,10,550000,ОЭС ЮГА,13899,14125
2025-10-20 11:00,2025-10-20,11,550000,ОЭС ЮГА,13690,14162
2025-10-20 12:00,2025-10-20,12,550000,ОЭС ЮГА,13618,14025
2025-10-20 13:00,2025-10-20,13,550000,ОЭС ЮГА,13546,14015
2025-10-20 14:00,2025-10-20,14,550000,ОЭС ЮГА,13443,14112
2025-10-20 15:00,2025-10-20,15,550000,ОЭС ЮГА,13300,13953
2025-10-20 16:00,2025-10-20,16,550000,ОЭС ЮГА,13194,13961
2025-10-20 17:00,2025-10-20,17,550000,ОЭС ЮГА,13159,14168
2025-10-20 18:00,2025-10-20,18,550000,ОЭС ЮГА,14095,14576
2025-10-20 19:00,2025-10-20,19,550000,ОЭС ЮГА,14203,14866
2025-10-20 20:00,2025-10-20,20,550000,ОЭС ЮГА,14167,14570
2025-10-20 21:00,2025-10-20,21,550000,ОЭС ЮГА,13520,14257
2025-10-20 22:00,2025-10-20,22,550000,ОЭС ЮГА,13499,13516
2025-10-20 23:00,2025-10-20,23,550000,ОЭС ЮГА,13036,12643
2025-10-21 00:00,2025-10-21,0,550000,ОЭС ЮГА,11788,11749
2025-10-21 01:00,2025-10-21,1,550000,ОЭС ЮГА,11444,11412
2025-10-21 02:00,2025-10-21,2,550000,ОЭС ЮГА,11568,11020
2025-10-21 03:00,2025-10-21,3,550000,ОЭС ЮГА,11550,10971
2025-10-21 04:00,2025-10-21,4,550000,ОЭС ЮГА,11311,10961
2025-10-21 05:00,2025-10-21,5,550000,ОЭС ЮГА,11276,11224
2025-10-21 06:00,2025-10-21,6,550000,ОЭС ЮГА,11745,11829
2025-10-21 07:00,2025-10-21,7,550000,ОЭС ЮГА,12783,12503
2025-10-21 08:00,2025-10-21,8,550000,ОЭС ЮГА,13073,13511
2025-10-21 09:00,2025-10-21,9,550000,ОЭС ЮГА,14050,14230
2025-10-21 10:00,2025-10-21,10,550000,ОЭС ЮГА,14114,14436
2025-10-21 11:00,2025-10-21,11,550000,ОЭС ЮГА,14391,14347
2025-10-21 12:00,2025-10-21,12,550000,ОЭС ЮГА,13782,14244
2025-10-21 13:00,2025-10-21,13,550000,ОЭС ЮГА,13709,14254
2025-10-21 14:00,2025-10-21,14,550000,ОЭС ЮГА,13897,14268
2025-10-21 15:00,2025-10-21,15,550000,ОЭС ЮГА,13903,14210
2025-10-21 16:00,2025-10-21,16,550000,ОЭС ЮГА,13796,14162
2025-10-21 17:00,2025-10-21,17,550000,ОЭС ЮГА,13666,14173
2025-10-21 18:00,2025-10-21,18,550000,ОЭС ЮГА,15130,14808
2025-10-21 19:00,2025-10-21,19,550000,ОЭС ЮГА,15401,14795
2025-10-21 20:00,2025-10-21,20,550000,ОЭС ЮГА,15275,14576
2025-10-21 21:00,2025-10-21,21,550000,ОЭС ЮГА,14434,14432
2025-10-21 22:00,2025-10-21,22,550000,ОЭС ЮГА,14110,13934
2025-10-21 23:00,2025-10-21,23,550000,ОЭС ЮГА,13259,13101
2025-10-22 00:00,2025-10-22,0,550000,ОЭС ЮГА,12148,12323
2025-10-22 01:00,2025-10-22,1,550000,ОЭС ЮГА,11637,11772
2025-10-22 02:00,2025-10-22,2,550000,ОЭС ЮГА,11445,11397
2025-10-22 03:00,2025-10-22,3,550000,ОЭС ЮГА,11420,11273
2025-10-22 04:00,2025-10-22,4,550000,ОЭС ЮГА,11691,11265
2025-10-22 05:00,2025-10-22,5,550000,ОЭС ЮГА,11751,11318
2025-10-22 06:00,2025-10-22,6,550000,ОЭС ЮГА,12223,12157
2025-10-22 07:00,2025-10-22,7,550000,ОЭС ЮГА,12891,12913
2025-10-22 08:00,2025-10-22,8,550000,ОЭС ЮГА,13364,13533
2025-10-22 09:00,2025-10-22,9,550000,ОЭС ЮГА,14357,14132
2025-10-22 10:00,2025-10-22,10,550000,ОЭС ЮГА,14658,14157
2025-10-22 11:00,2025-10-22,11,550000,ОЭС ЮГА,14628,14038
2025-10-22 12:00,2025-10-22,12,550000,ОЭС ЮГА,14139,13795
2025-10-22 13:00,2025-10-22,13,550000,ОЭС ЮГА,14043,13804
2025-10-22 14:00,2025-10-22,14,550000,ОЭС ЮГА,13983,13712
2025-10-22 15:00,2025-10-22,15,550000,ОЭС ЮГА,13803,13923
2025-10-22 16:00,2025-10-22,16,550000,ОЭС ЮГА,13776,13794
2025-10-22 17:00,2025-10-22,17,550000,ОЭС ЮГА,13519,14060
2025-10-22 18:00,2025-10-22,18,550000,ОЭС ЮГА,15054,14685
2025-10-22 19:00,2025-10-22,19,550000,ОЭС ЮГА,15142,14707
2025-10-22 20:00,2025-10-22,20,550000,ОЭС ЮГА,14520,14478
2025-10-22 21:00,2025-10-22,21,550000,ОЭС ЮГА,14131,14166
2025-10-22 22:00,2025-10-22,22,550000,ОЭС ЮГА,13696,13616
2025-10-22 23:00,2025-10-22,23,550000,ОЭС ЮГА,12777,12933
2025-10-23 00:00,2025-10-23,0,550000,ОЭС ЮГА,11694,11867
2025-10-23 01:00,2025-10-23,1,550000,ОЭС ЮГА,11632,11461
2025-10-23 02:00,2025-10-23,2,550000,ОЭС ЮГА,11167,11198
2025-10-23 03:00,2025-10-23,3,550000,ОЭС ЮГА,10931,11004
2025-10-23 04:00,2025-10-23,4,550000,ОЭС ЮГА,11295,10987
2025-10-23 05:00,2025-10-23,5,550000,ОЭС ЮГА,11364,11198
2025-10-23 06:00,2025-10-23,6,550000,ОЭС ЮГА,11769,11784
2025-10-23 07:00,2025-10-23,7,550000,ОЭС ЮГА,12526,12646
2025-10-23 08:00,2025-10-23,8,550000,ОЭС ЮГА,12985,13418
2025-10-23 09:00,2025-10-23,9,550000,ОЭС ЮГА,13987,14021
2025-10-23 10:00,2025-10-23,10,550000,ОЭС ЮГА,14532,14336
2025-10-23 11:00,2025-10-23,11,550000,ОЭС ЮГА,14681,14365
2025-10-23 12:00,2025-10-23,12,550000,ОЭС ЮГА,14196,13995
2025-10-23 13:00,2025-10-23,13,550000,ОЭС ЮГА,14021,14075
2025-10-23 14:00,2025-10-23,14,550000,ОЭС ЮГА,14047,14138
2025-10-23 15:00,2025-10-23,15,550000,ОЭС ЮГА,13959,13875
2025-10-23 16:00,2025-10-23,16,550000,ОЭС ЮГА,14154,14049
2025-10-23 17:00,2025-10-23,17,550000,ОЭС ЮГА,14198,13941
2025-10-23 18:00,2025-10-23,18,550000,ОЭС ЮГА,14484,14674
2025-10-23 19:00,2025-10-23,19,550000,ОЭС ЮГА,15010,14660
2025-10-23 20:00,2025-10-23,20,550000,ОЭС ЮГА,14558,14433
2025-10-23 21:00,2025-10-23,21,550000,ОЭС ЮГА,13902,14166
2025-10-23 22:00,2025-10-23,22,550000,ОЭС ЮГА,13817,13631
2025-10-23 23:00,2025-10-23,23,550000,ОЭС ЮГА,13016,12842
2025-10-24 00:00,2025-10-24,0,550000,ОЭС ЮГА,11930,12174
2025-10-24 01:00,2025-10-24,1,550000,ОЭС ЮГА,11237,11594
2025-10-24 02:00,2025-10-24,2,550000,ОЭС ЮГА,11024,11284
2025-10-24 03:00,2025-10-24,3,550000,ОЭС ЮГА,11328,10839
2025-10-24 04:00,2025-10-24,4,550000,ОЭС ЮГА,11308,10960
2025-10-24 05:00,2025-10-24,5,550000,ОЭС ЮГА,11592,11264
2025-10-24 06:00,2025-10-24,6,550000,ОЭС ЮГА,11934,11689
2025-10-24 07:00,2025-10-24,7,550000,ОЭС ЮГА,13053,12470
2025-10-24 08:00,2025-10-24,8,550000,ОЭС ЮГА,13827,13211
2025-10-24 09:00,2025-10-24,9,550000,ОЭС ЮГА,14348,14001
2025-10-24 10:00,2025-10-24,10,550000,ОЭС ЮГА,14414,14069
2025-10-24 11:00,2025-10-24,11,550000,ОЭС ЮГА,14445,14066
2025-10-24 12:00,2025-10-24,12,550000,ОЭС ЮГА,14426,13952
2025-10-24 13:00,2025-10-24,13,550000,ОЭС ЮГА,14156,13785
2025-10-24 14:00,2025-10-24,14,550000,ОЭС ЮГА,14061,13806
2025-10-24 15:00,2025-10-24,15,550000,ОЭС ЮГА,13838,13717
2025-10-24 16:00,2025-10-24,16,550000,ОЭС ЮГА,13759,13804
2025-10-24 17:00,2025-10-24,17,550000,ОЭС ЮГА,13630,13844
2025-10-24 18:00,2025-10-24,18,550000,ОЭС ЮГА,14609,14432
2025-10-24 19:00,2025-10-24,19,550000,ОЭС ЮГА,14738,14359
2025-10-24 20:00,2025-10-24,20,550000,ОЭС ЮГА,13613,13982
2025-10-24 21:00,2025-10-24,21,550000,ОЭС ЮГА,13259,13640
2025-10-24 22:00,2025-10-24,22,550000,ОЭС ЮГА,13058,13331
2025-10-24 23:00,2025-10-24,23,550000,ОЭС ЮГА,12850,12603
2025-10-25 00:00,2025-10-25,0,550000,ОЭС ЮГА,11974,12018
2025-10-25 01:00,2025-10-25,1,550000,ОЭС ЮГА,11435,11529
2025-10-25 02:00,2025-10-25,2,550000,ОЭС ЮГА,11429,11009
2025-10-25 03:00,2025-10-25,3,550000,ОЭС ЮГА,11236,10861
2025-10-25 04:00,2025-10-25,4,550000,ОЭС ЮГА,11137,10747
2025-10-25 05:00,2025-10-25,5,550000,ОЭС ЮГА,11180,10953
2025-10-25 06:00,2025-10-25,6,550000,ОЭС ЮГА,11569,11337
2025-10-25 07:00,2025-10-25,7,550000,ОЭС ЮГА,11893,11462
2025-10-25 08:00,2025-10-25,8,550000,ОЭС ЮГА,13020,12257
2025-10-25 09:00,2025-10-25,9,550000,ОЭС ЮГА,13587,13142
2025-10-25 10:00,2025-10-25,10,550000,ОЭС ЮГА,14256,13505
2025-10-25 11:00,2025-10-25,11,550000,ОЭС ЮГА,14445,13594
2025-10-25 12:00,2025-10-25,12,550000,ОЭС ЮГА,14175,13682
2025-10-25 13:00,2025-10-25,13,550000,ОЭС ЮГА,14002,13520
2025-10-25 14:00,2025-10-25,14,550000,ОЭС ЮГА,13958,13512
2025-10-25 15:00,2025-10-25,15,550000,ОЭС ЮГА,13676,13494
2025-10-25 16:00,2025-10-25,16,550000,ОЭС ЮГА,13987,13380
2025-10-25 17:00,2025-10-25,17,550000,ОЭС ЮГА,14195,13545
2025-10-25 18:00,2025-10-25,18,550000,ОЭС ЮГА,14595,14138
2025-10-25 19:00,2025-10-25,19,550000,ОЭС ЮГА,14121,14244
2025-10-25 20:00,2025-10-25,20,550000,ОЭС ЮГА,13950,13825
2025-10-25 21:00,2025-10-25,21,550000,ОЭС ЮГА,13554,13563
2025-10-25 22:00,2025-10-25,22,550000,ОЭС ЮГА,13098,13068
2025-10-25 23:00,2025-10-25,23,550000,ОЭС ЮГА,12589,12375
2025-10-26 00:00,2025-10-26,0,550000,ОЭС ЮГА,11826,11656
2025-10-26 01:00,2025-10-26,1,550000,ОЭС ЮГА,11210,11131
2025-10-26 02:00,2025-10-26,2,550000,ОЭС ЮГА,10901,10996
2025-10-26 03:00,2025-10-26,3,550000,ОЭС ЮГА,10504,10903
2025-10-26 04:00,2025-10-26,4,550000,ОЭС ЮГА,10551,10787
2025-10-26 05:00,2025-10-26,5,550000,ОЭС ЮГА,10244,10985
2025-10-26 06:00,2025-10-26,6,550000,ОЭС ЮГА,10382,11325
2025-10-26 07:00,2025-10-26,7,550000,ОЭС ЮГА,10617,11309
2025-10-26 08:00,2025-10-26,8,550000,ОЭС ЮГА,11061,11967
2025-10-26 09:00,2025-10-26,9,550000,ОЭС ЮГА,11961,12762
2025-10-26 10:00,2025-10-26,10,550000,ОЭС ЮГА,12205,13426
2025-10-26 11:00,2025-10-26,11,550000,ОЭС ЮГА,12430,13510
2025-10-26 12:00,2025-10-26,12,550000,ОЭС ЮГА,12530,13453
2025-10-26 13:00,2025-10-26,13,550000,ОЭС ЮГА,12182,13424
2025-10-26 14:00,2025-10-26,14,550000,ОЭС ЮГА,12262,13398
2025-10-26 15:00,2025-10-26,15,550000,ОЭС ЮГА,12693,13205
2025-10-26 16:00,2025-10-26,16,550000,ОЭС ЮГА,13081,13264
2025-10-26 17:00,2025-10-26,17,550000,ОЭС ЮГА,13085,13708
2025-10-26 18:00,2025-10-26,18,550000,ОЭС ЮГА,14051,14293
2025-10-26 19:00,2025-10-26,19,550000,ОЭС ЮГА,13831,14252
2025-10-26 20:00,2025-10-26,20,550000,ОЭС ЮГА,13205,14000
2025-10-26 21:00,2025-10-26,21,550000,ОЭС ЮГА,12931,13808
2025-10-26 22:00,2025-10-26,22,550000,ОЭС ЮГА,12586,13321
2025-10-26 23:00,2025-10-26,23,550000,ОЭС ЮГА,12346,12385
2025-10-27 00:00,2025-10-27,0,550000,ОЭС ЮГА,11956,11796
2025-10-27 01:00,2025-10-27,1,550000,ОЭС ЮГА,11716,11373
2025-10-27 02:00,2025-10-27,2,550000,ОЭС ЮГА,11416,10949
2025-10-27 03:00,2025-10-27,3,550000,ОЭС ЮГА,11229,10725
2025-10-27 04:00,2025-10-27,4,550000,ОЭС ЮГА,11247,10600
2025-10-27 05:00,2025-10-27,5,550000,ОЭС ЮГА,11538,10826
2025-10-27 06:00,2025-10-27,6,550000,ОЭС ЮГА,11720,11576
2025-10-27 07:00,2025-10-27,7,550000,ОЭС ЮГА,12441,12109
2025-10-27 08:00,2025-10-27,8,550000,ОЭС ЮГА,13377,12912
2025-10-27 09:00,2025-10-27,9,550000,ОЭС ЮГА,14025,13789
2025-10-27 10:00,2025-10-27,10,550000,ОЭС ЮГА,14196,13982
2025-10-27 11:00,2025-10-27,11,550000,ОЭС ЮГА,14082,13814
2025-10-27 12:00,2025-10-27,12,550000,ОЭС ЮГА,14019,13790
2025-10-27 13:00,2025-10-27,13,550000,ОЭС ЮГА,14134,13670
2025-10-27 14:00,2025-10-27,14,550000,ОЭС ЮГА,13934,13772
2025-10-27 15:00,2025-10-27,15,550000,ОЭС ЮГА,14007,13708
2025-10-27 16:00,2025-10-27,16,550000,ОЭС ЮГА,14030,13806
2025-10-27 17:00,2025-10-27,17,550000,ОЭС ЮГА,14347,13950
2025-10-27 18:00,2025-10-27,18,550000,ОЭС ЮГА,14506,14510
2025-10-27 19:00,2025-10-27,19,550000,ОЭС ЮГА,14861,14417
2025-10-27 20:00,2025-10-27,20,550000,ОЭС ЮГА,14495,14003
2025-10-27 21:00,2025-10-27,21,550000,ОЭС ЮГА,14151,13713
2025-10-27 22:00,2025-10-27,22,550000,ОЭС ЮГА,13844,13343
2025-10-27 23:00,2025-10-27,23,550000,ОЭС ЮГА,13448,12608
2025-10-28 00:00,2025-10-28,0,550000,ОЭС ЮГА,12907,11767
2025-10-28 01:00,2025-10-28,1,550000,ОЭС ЮГА,11564,11381
2025-10-28 02:00,2025-10-28,2,550000,ОЭС ЮГА,11661,11063
2025-10-28 03:00,2025-10-28,3,550000,ОЭС ЮГА,11421,10761
2025-10-28 04:00,2025-10-28,4,550000,ОЭС ЮГА,11555,10857
2025-10-28 05:00,2025-10-28,5,550000,ОЭС ЮГА,11719,11136
2025-10-28 06:00,2025-10-28,6,550000,ОЭС ЮГА,11927,11582
2025-10-28 07:00,2025-10-28,7,550000,ОЭС ЮГА,12532,12004
2025-10-28 08:00,2025-10-28,8,550000,ОЭС ЮГА,13020,12865
2025-10-28 09:00,2025-10-28,9,550000,ОЭС ЮГА,13827,13524
2025-10-28 10:00,2025-10-28,10,550000,ОЭС ЮГА,14271,13790
2025-10-28 11:00,2025-10-28,11,550000,ОЭС ЮГА,14021,13766
2025-10-28 12:00,2025-10-28,12,550000,ОЭС ЮГА,13979,13647
2025-10-28 13:00,2025-10-28,13,550000,ОЭС ЮГА,14063,13523
2025-10-28 14:00,2025-10-28,14,550000,ОЭС ЮГА,13974,13652
2025-10-28 15:00,2025-10-28,15,550000,ОЭС ЮГА,13598,13595
2025-10-28 16:00,2025-10-28,16,550000,ОЭС ЮГА,13829,13608
2025-10-28 17:00,2025-10-28,17,550000,ОЭС ЮГА,13629,13799
2025-10-28 18:00,2025-10-28,18,550000,ОЭС ЮГА,14879,14410
2025-10-28 19:00,2025-10-28,19,550000,ОЭС ЮГА,14643,14341
2025-10-28 20:00,2025-10-28,20,550000,ОЭС ЮГА,14264,14038
2025-10-28 21:00,2025-10-28,21,550000,ОЭС ЮГА,13613,13818
2025-10-28 22:00,2025-10-28,22,550000,ОЭС ЮГА,13134,13312
2025-10-28 23:00,2025-10-28,23,550000,ОЭС ЮГА,12640,12438
2025-10-29 00:00,2025-10-29,0,550000,ОЭС ЮГА,12044,11693
2025-10-29 01:00,2025-10-29,1,550000,ОЭС ЮГА,11541,11181
2025-10-29 02:00,2025-10-29,2,550000,ОЭС ЮГА,11318,10897
2025-10-29 03:00,2025-10-29,3,550000,ОЭС ЮГА,11178,10591
2025-10-29 04:00,2025-10-29,4,550000,ОЭС ЮГА,11551,10764
2025-10-29 05:00,2025-10-29,5,550000,ОЭС ЮГА,11675,10957
2025-10-29 06:00,2025-10-29,6,550000,ОЭС ЮГА,12309,11513
2025-10-29 07:00,2025-10-29,7,550000,ОЭС ЮГА,12467,12127
2025-10-29 08:00,2025-10-29,8,550000,ОЭС ЮГА,13227,12832
2025-10-29 09:00,2025-10-29,9,550000,ОЭС ЮГА,13881,13743
2025-10-29 10:00,2025-10-29,10,550000,ОЭС ЮГА,14250,14117
2025-10-29 11:00,2025-10-29,11,550000,ОЭС ЮГА,14352,14119
2025-10-29 12:00,2025-10-29,12,550000,ОЭС ЮГА,14348,14077
2025-10-29 13:00,2025-10-29,13,550000,ОЭС ЮГА,14367,13908
2025-10-29 14:00,2025-10-29,14,550000,ОЭС ЮГА,14129,13936
2025-10-29 15:00,2025-10-29,15,550000,ОЭС ЮГА,13800,13679
2025-10-29 16:00,2025-10-29,16,550000,ОЭС ЮГА,13942,13834
2025-10-29 17:00,2025-10-29,17,550000,ОЭС ЮГА,14064,13767
2025-10-29 18:00,2025-10-29,18,550000,ОЭС ЮГА,15001,14506
2025-10-29 19:00,2025-10-29,19,550000,ОЭС ЮГА,14741,14436
2025-10-29 20:00,2025-10-29,20,550000,ОЭС ЮГА,14373,14062
2025-10-29 21:00,2025-10-29,21,550000,ОЭС ЮГА,13736,13969
2025-10-29 22:00,2025-10-29,22,550000,ОЭС ЮГА,13454,13372
2025-10-29 23:00,2025-10-29,23,550000,ОЭС ЮГА,12942,12602
2025-10-30 00:00,2025-10-30,0,550000,ОЭС ЮГА,12661,11883
2025-10-30 01:00,2025-10-30,1,550000,ОЭС ЮГА,11942,11437
2025-10-30 02:00,2025-10-30,2,550000,ОЭС ЮГА,11220,11097
2025-10-30 03:00,2025-10-30,3,550000,ОЭС ЮГА,11212,10936
2025-10-30 04:00,2025-10-30,4,550000,ОЭС ЮГА,11237,10850
2025-10-30 05:00,2025-10-30,5,550000,ОЭС ЮГА,11427,11058
2025-10-30 06:00,2025-10-30,6,550000,ОЭС ЮГА,12059,11552
2025-10-30 07:00,2025-10-30,7,550000,ОЭС ЮГА,12600,12068
2025-10-30 08:00,2025-10-30,8,550000,ОЭС ЮГА,12726,12919
2025-10-30 09:00,2025-10-30,9,550000,ОЭС ЮГА,13584,13786
2025-10-30 10:00,2025-10-30,10,550000,ОЭС ЮГА,14092,13886
2025-10-30 11:00,2025-10-30,11,550000,ОЭС ЮГА,14133,13833
2025-10-30 12:00,2025-10-30,12,550000,ОЭС ЮГА,14270,13626
2025-10-30 13:00,2025-10-30,13,550000,ОЭС ЮГА,13863,13639
2025-10-30 14:00,2025-10-30,14,550000,ОЭС ЮГА,13593,13517
2025-10-30 15:00,2025-10-30,15,550000,ОЭС ЮГА,14060,13634
2025-10-30 16:00,2025-10-30,16,550000,ОЭС ЮГА,14034,13558
2025-10-30 17:00,2025-10-30,17,550000,ОЭС ЮГА,14552,13812
2025-10-30 18:00,2025-10-30,18,550000,ОЭС ЮГА,15073,14398
2025-10-30 19:00,2025-10-30,19,550000,ОЭС ЮГА,14934,14456
2025-10-30 20:00,2025-10-30,20,550000,ОЭС ЮГА,14011,14066
2025-10-30 21:00,2025-10-30,21,550000,ОЭС ЮГА,13326,13975
2025-10-30 22:00,2025-10-30,22,550000,ОЭС ЮГА,13333,13318
2025-10-30 23:00,2025-10-30,23,550000,ОЭС ЮГА,12426,12736
2025-10-31 00:00,2025-10-31,0,550000,ОЭС ЮГА,12027,11780
2025-10-31 01:00,2025-10-31,1,550000,ОЭС ЮГА,11643,11420
2025-10-31 02:00,2025-10-31,2,550000,ОЭС ЮГА,11211,11090
2025-10-31 03:00,2025-10-31,3,550000,ОЭС ЮГА,11525,11088
2025-10-31 04:00,2025-10-31,4,550000,ОЭС ЮГА,11051,10782
2025-10-31 05:00,2025-10-31,5,550000,ОЭС ЮГА,11364,11130
2025-10-31 06:00,2025-10-31,6,550000,ОЭС ЮГА,12261,11601
2025-10-31 07:00,2025-10-31,7,550000,ОЭС ЮГА,12965,12256
2025-10-31 08:00,2025-10-31,8,550000,ОЭС ЮГА,13957,13049
2025-10-31 09:00,2025-10-31,9,550000,ОЭС ЮГА,14024,13657
2025-10-31 10:00,2025-10-31,10,550000,ОЭС ЮГА,13954,13916
2025-10-31 11:00,2025-10-31,11,550000,ОЭС ЮГА,13956,13877
2025-10-31 12:00,2025-10-31,12,550000,ОЭС ЮГА,14135,13683
2025-10-31 13:00,2025-10-31,13,550000,ОЭС ЮГА,14092,13653
2025-10-31 14:00,2025-10-31,14,550000,ОЭС ЮГА,13823,13515
2025-10-31 15:00,2025-10-31,15,550000,ОЭС ЮГА,13582,13580
2025-10-31 16:00,2025-10-31,16,550000,ОЭС ЮГА,14127,13572
2025-10-31 17:00,2025-10-31,17,550000,ОЭС ЮГА,14231,13901
2025-10-31 18:00,2025-10-31,18,550000,ОЭС ЮГА,13715,14647
2025-10-31 19:00,2025-10-31,19,550000,ОЭС ЮГА,14306,14493
2025-10-31 20:00,2025-10-31,20,550000,ОЭС ЮГА,14081,14202
2025-10-31 21:00,2025-10-31,21,550000,ОЭС ЮГА,13582,14013
2025-10-31 22:00,2025-10-31,22,550000,ОЭС ЮГА,12642,13584
2025-10-31 23:00,2025-10-31,23,550000,ОЭС ЮГА,12665,12785
2025-11-01 00:00,2025-11-01,0,550000,ОЭС ЮГА,11503,12107
2025-11-01 01:00,2025-11-01,1,550000,ОЭС ЮГА,11391,11725
2025-11-01 02:00,2025-11-01,2,550000,ОЭС ЮГА,11228,11123
2025-11-01 03:00,2025-11-01,3,550000,ОЭС ЮГА,11268,11078
2025-11-01 04:00,2025-11-01,4,550000,ОЭС ЮГА,11438,10965
2025-11-01 05:00,2025-11-01,5,550000,ОЭС ЮГА,11416,11077
2025-11-01 06:00,2025-11-01,6,550000,ОЭС ЮГА,11814,11632
2025-11-01 07:00,2025-11-01,7,550000,ОЭС ЮГА,12270,11894
2025-11-01 08:00,2025-11-01,8,550000,ОЭС ЮГА,12717,12658
2025-11-01 09:00,2025-11-01,9,550000,ОЭС ЮГА,13376,13502
2025-11-01 10:00,2025-11-01,10,550000,ОЭС ЮГА,14192,13576
2025-11-01 11:00,2025-11-01,11,550000,ОЭС ЮГА,13947,13632
2025-11-01 12:00,2025-11-01,12,550000,ОЭС ЮГА,13602,13426
2025-11-01 13:00,2025-11-01,13,550000,ОЭС ЮГА,13559,13329
2025-11-01 14:00,2025-11-01,14,550000,ОЭС ЮГА,13594,13293
2025-11-01 15:00,2025-11-01,15,550000,ОЭС ЮГА,13655,13462
2025-11-01 16:00,2025-11-01,16,550000,ОЭС ЮГА,13575,13357
2025-11-01 17:00,2025-11-01,17,550000,ОЭС ЮГА,13966,13653
2025-11-01 18:00,2025-11-01,18,550000,ОЭС ЮГА,15183,14213
2025-11-01 19:00,2025-11-01,19,550000,ОЭС ЮГА,14375,14137
2025-11-01 20:00,2025-11-01,20,550000,ОЭС ЮГА,14054,13840
2025-11-01 21:00,2025-11-01,21,550000,ОЭС ЮГА,13575,13690
2025-11-01 22:00,2025-11-01,22,550000,ОЭС ЮГА,13094,13097
2025-11-01 23:00,2025-11-01,23,550000,ОЭС ЮГА,12782,12508
2025-11-02 00:00,2025-11-02,0,550000,ОЭС ЮГА,11868,11872
2025-11-02 01:00,2025-11-02,1,550000,ОЭС ЮГА,11354,11419
2025-11-02 02:00,2025-11-02,2,550000,ОЭС ЮГА,11433,10961
2025-11-02 03:00,2025-11-02,3,550000,ОЭС ЮГА,11423,10896
2025-11-02 04:00,2025-11-02,4,550000,ОЭС ЮГА,11239,10713
2025-11-02 05:00,2025-11-02,5,550000,ОЭС ЮГА,11401,10880
2025-11-02 06:00,2025-11-02,6,550000,ОЭС ЮГА,11604,11123
2025-11-02 07:00,2025-11-02,7,550000,ОЭС ЮГА,11680,11400
2025-11-02 08:00,2025-11-02,8,550000,ОЭС ЮГА,12086,11911
2025-11-02 09:00,2025-11-02,9,550000,ОЭС ЮГА,13035,12755
2025-11-02 10:00,2025-11-02,10,550000,ОЭС ЮГА,13382,13237
2025-11-02 11:00,2025-11-02,11,550000,ОЭС ЮГА,13432,13335
2025-11-02 12:00,2025-11-02,12,550000,ОЭС ЮГА,13418,13277
2025-11-02 13:00,2025-11-02,13,550000,ОЭС ЮГА,13602,13334
2025-11-02 14:00,2025-11-02,14,550000,ОЭС ЮГА,13384,13223
2025-11-02 15:00,2025-11-02,15,550000,ОЭС ЮГА,13232,13111
2025-11-02 16:00,2025-11-02,16,550000,ОЭС ЮГА,13119,13235
2025-11-02 17:00,2025-11-02,17,550000,ОЭС ЮГА,13767,13542
2025-11-02 18:00,2025-11-02,18,550000,ОЭС ЮГА,14592,14315
2025-11-02 19:00,2025-11-02,19,550000,ОЭС ЮГА,14567,14164
2025-11-02 20:00,2025-11-02,20,550000,ОЭС ЮГА,14228,13931
2025-11-02 21:00,2025-11-02,21,550000,ОЭС ЮГА,13773,13766
2025-11-02 22:00,2025-11-02,22,550000,ОЭС ЮГА,13218,13083
2025-11-02 23:00,2025-11-02,23,550000,ОЭС ЮГА,12403,12427
2025-11-03 00:00,2025-11-03,0,550000,ОЭС ЮГА,11403,11906
2025-11-03 01:00,2025-11-03,1,550000,ОЭС ЮГА,11331,11436
2025-11-03 02:00,2025-11-03,2,550000,ОЭС ЮГА,11298,11144
2025-11-03 03:00,2025-11-03,3,550000,ОЭС ЮГА,10975,10809
2025-11-03 04:00,2025-11-03,4,550000,ОЭС ЮГА,10805,10857
2025-11-03 05:00,2025-11-03,5,550000,ОЭС ЮГА,11051,11059
2025-11-03 06:00,2025-11-03,6,550000,ОЭС ЮГА,11148,11384
2025-11-03 07:00,2025-11-03,7,550000,ОЭС ЮГА,11530,11671
2025-11-03 08:00,2025-11-03,8,550000,ОЭС ЮГА,12259,12307
2025-11-03 09:00,2025-11-03,9,550000,ОЭС ЮГА,12717,13098
2025-11-03 10:00,2025-11-03,10,550000,ОЭС ЮГА,13492,13591
2025-11-03 11:00,2025-11-03,11,550000,ОЭС ЮГА,13314,13503
2025-11-03 12:00,2025-11-03,12,550000,ОЭС ЮГА,13770,13523
2025-11-03 13:00,2025-11-03,13,550000,ОЭС ЮГА,13474,13471
2025-11-03 14:00,2025-11-03,14,550000,ОЭС ЮГА,13387,13163
2025-11-03 15:00,2025-11-03,15,550000,ОЭС ЮГА,13575,13320
2025-11-03 16:00,2025-11-03,16,550000,ОЭС ЮГА,13206,13464
2025-11-03 17:00,2025-11-03,17,550000,ОЭС ЮГА,13867,13790
2025-11-03 18:00,2025-11-03,18,550000,ОЭС ЮГА,15002,14565
2025-11-03 19:00,2025-11-03,19,550000,ОЭС ЮГА,14899,14386
2025-11-03 20:00,2025-11-03,20,550000,ОЭС ЮГА,14188,14070
2025-11-03 21:00,2025-11-03,21,550000,ОЭС ЮГА,13933,13836
2025-11-03 22:00,2025-11-03,22,550000,ОЭС ЮГА,13156,13533
2025-11-03 23:00,2025-11-03,23,550000,ОЭС ЮГА,12889,12783
2025-11-04 00:00,2025-11-04,0,550000,ОЭС ЮГА,12438,12116
2025-11-04 01:00,2025-11-04,1,550000,ОЭС ЮГА,11930,11445
2025-11-04 02:00,2025-11-04,2,550000,ОЭС ЮГА,11605,11352
2025-11-04 03:00,2025-11-04,3,550000,ОЭС ЮГА,11357,11116
2025-11-04 04:00,2025-11-04,4,550000,ОЭС ЮГА,11246,10999
2025-11-04 05:00,2025-11-04,5,550000,ОЭС ЮГА,11136,11169
2025-11-04 06:00,2025-11-04,6,550000,ОЭС ЮГА,11775,11449
2025-11-04 07:00,2025-11-04,7,550000,ОЭС ЮГА,12149,11846
2025-11-04 08:00,2025-11-04,8,550000,ОЭС ЮГА,12551,12460
2025-11-04 09:00,2025-11-04,9,550000,ОЭС ЮГА,13921,13443
2025-11-04 10:00,2025-11-04,10,550000,ОЭС ЮГА,14216,13730
2025-11-04 11:00,2025-11-04,11,550000,ОЭС ЮГА,14229,13807
2025-11-04 12:00,2025-11-04,12,550000,ОЭС ЮГА,14187,13685
2025-11-04 13:00,2025-11-04,13,550000,ОЭС ЮГА,14213,13455
2025-11-04 14:00,2025-11-04,14,550000,ОЭС ЮГА,13873,13394
2025-11-04 15:00,2025-11-04,15,550000,ОЭС ЮГА,13772,13395
2025-11-04 16:00,2025-11-04,16,550000,ОЭС ЮГА,13808,13669
2025-11-04 17:00,2025-11-04,17,550000,ОЭС ЮГА,14440,14057
2025-11-04 18:00,2025-11-04,18,550000,ОЭС ЮГА,15549,14673
2025-11-04 19:00,2025-11-04,19,550000,ОЭС ЮГА,15241,14595
2025-11-04 20:00,2025-11-04,20,550000,ОЭС ЮГА,14682,14307
2025-11-04 21:00,2025-11-04,21,550000,ОЭС ЮГА,14304,13978
2025-11-04 22:00,2025-11-04,22,550000,ОЭС ЮГА,13992,13396
2025-11-04 23:00,2025-11-04,23,550000,ОЭС ЮГА,13199,12741
2025-11-05 00:00,2025-11-05,0,550000,ОЭС ЮГА,12711,11964
2025-11-05 01:00,2025-11-05,1,550000,ОЭС ЮГА,12095,11576
2025-11-05 02:00,2025-11-05,2,550000,ОЭС ЮГА,11435,11382
2025-11-05 03:00,2025-11-05,3,550000,ОЭС ЮГА,11227,11071
2025-11-05 04:00,2025-11-05,4,550000,ОЭС ЮГА,11348,10863
2025-11-05 05:00,2025-11-05,5,550000,ОЭС ЮГА,11506,11311
2025-11-05 06:00,2025-11-05,6,550000,ОЭС ЮГА,12259,11966
2025-11-05 07:00,2025-11-05,7,550000,ОЭС ЮГА,13207,12835
2025-11-05 08:00,2025-11-05,8,550000,ОЭС ЮГА,13746,13346
2025-11-05 09:00,2025-11-05,9,550000,ОЭС ЮГА,14562,14189
2025-11-05 10:00,2025-11-05,10,550000,ОЭС ЮГА,14734,14347
2025-11-05 11:00,2025-11-05,11,550000,ОЭС ЮГА,14806,14399
2025-11-05 12:00,2025-11-05,12,550000,ОЭС ЮГА,14744,14197
2025-11-05 13:00,2025-11-05,13,550000,ОЭС ЮГА,14424,14035
2025-11-05 14:00,2025-11-05,14,550000,ОЭС ЮГА,14293,13839
2025-11-05 15:00,2025-11-05,15,550000,ОЭС ЮГА,14230,14003
2025-11-05 16:00,2025-11-05,16,550000,ОЭС ЮГА,14540,14144
2025-11-05 17:00,2025-11-05,17,550000,ОЭС ЮГА,14905,14296
2025-11-05 18:00,2025-11-05,18,550000,ОЭС ЮГА,15471,14701
2025-11-05 19:00,2025-11-05,19,550000,ОЭС ЮГА,15252,14664
2025-11-05 20:00,2025-11-05,20,550000,ОЭС ЮГА,14946,14474
2025-11-05 21:00,2025-11-05,21,550000,ОЭС ЮГА,14478,14114
2025-11-05 22:00,2025-11-05,22,550000,ОЭС ЮГА,14256,13583
2025-11-05 23:00,2025-11-05,23,550000,ОЭС ЮГА,13575,12883
2025-11-06 00:00,2025-11-06,0,550000,ОЭС ЮГА,12714,12070
2025-11-06 01:00,2025-11-06,1,550000,ОЭС ЮГА,11926,11462
2025-11-06 02:00,2025-11-06,2,550000,ОЭС ЮГА,11684,11040
2025-11-06 03:00,2025-11-06,3,550000,ОЭС ЮГА,11504,10811
2025-11-06 04:00,2025-11-06,4,550000,ОЭС ЮГА,11413,10933
2025-11-06 05:00,2025-11-06,5,550000,ОЭС ЮГА,11738,11235
2025-11-06 06:00,2025-11-06,6,550000,ОЭС ЮГА,12551,11747
2025-11-06 07:00,2025-11-06,7,550000,ОЭС ЮГА,13267,12639
2025-11-06 08:00,2025-11-06,8,550000,ОЭС ЮГА,13547,13379
2025-11-06 09:00,2025-11-06,9,550000,ОЭС ЮГА,14516,14061
2025-11-06 10:00,2025-11-06,10,550000,ОЭС ЮГА,14883,14311
2025-11-06 11:00,2025-11-06,11,550000,ОЭС ЮГА,14488,13972
2025-11-06 12:00,2025-11-06,12,550000,ОЭС ЮГА,14401,13842
2025-11-06 13:00,2025-11-06,13,550000,ОЭС ЮГА,14206,13672
2025-11-06 14:00,2025-11-06,14,550000,ОЭС ЮГА,14090,13726
2025-11-06 15:00,2025-11-06,15,550000,ОЭС ЮГА,14018,13797
2025-11-06 16:00,2025-11-06,16,550000,ОЭС ЮГА,14102,13802
2025-11-06 17:00,2025-11-06,17,550000,ОЭС ЮГА,14521,14289
2025-11-06 18:00,2025-11-06,18,550000,ОЭС ЮГА,15282,14724
2025-11-06 19:00,2025-11-06,19,550000,ОЭС ЮГА,15063,14717
2025-11-06 20:00,2025-11-06,20,550000,ОЭС ЮГА,14967,14382
2025-11-06 21:00,2025-11-06,21,550000,ОЭС ЮГА,14688,14047
2025-11-06 22:00,2025-11-06,22,550000,ОЭС ЮГА,14272,13521
2025-11-06 23:00,2025-11-06,23,550000,ОЭС ЮГА,13317,12862
2025-11-07 00:00,2025-11-07,0,550000,ОЭС ЮГА,12652,12024
2025-11-07 01:00,2025-11-07,1,550000,ОЭС ЮГА,11978,11483
2025-11-07 02:00,2025-11-07,2,550000,ОЭС ЮГА,11819,11133
2025-11-07 03:00,2025-11-07,3,550000,ОЭС ЮГА,11618,11040
2025-11-07 04:00,2025-11-07,4,550000,ОЭС ЮГА,11467,10963
2025-11-07 05:00,2025-11-07,5,550000,ОЭС ЮГА,11775,11233
2025-11-07 06:00,2025-11-07,6,550000,ОЭС ЮГА,12234,11823
2025-11-07 07:00,2025-11-07,7,550000,ОЭС ЮГА,13130,12575
2025-11-07 08:00,2025-11-07,8,550000,ОЭС ЮГА,13598,13259
2025-11-07 09:00,2025-11-07,9,550000,ОЭС ЮГА,14534,14012
2025-11-07 10:00,2025-11-07,10,550000,ОЭС ЮГА,14541,14061
2025-11-07 11:00,2025-11-07,11,550000,ОЭС ЮГА,14555,13982
2025-11-07 12:00,2025-11-07,12,550000,ОЭС ЮГА,14442,13909
2025-11-07 13:00,2025-11-07,13,550000,ОЭС ЮГА,13932,13695
2025-11-07 14:00,2025-11-07,14,550000,ОЭС ЮГА,13842,13679
2025-11-07 15:00,2025-11-07,15,550000,ОЭС ЮГА,13963,13685
2025-11-07 16:00,2025-11-07,16,550000,ОЭС ЮГА,13865,13668
2025-11-07 17:00,2025-11-07,17,550000,ОЭС ЮГА,14088,14071
2025-11-07 18:00,2025-11-07,18,550000,ОЭС ЮГА,14935,14609
2025-11-07 19:00,2025-11-07,19,550000,ОЭС ЮГА,14819,14440
2025-11-07 20:00,2025-11-07,20,550000,ОЭС ЮГА,14348,14143
2025-11-07 21:00,2025-11-07,21,550000,ОЭС ЮГА,13639,13814
2025-11-07 22:00,2025-11-07,22,550000,ОЭС ЮГА,13979,13314
2025-11-07 23:00,2025-11-07,23,550000,ОЭС ЮГА,13419,12684
2025-11-08 00:00,2025-11-08,0,550000,ОЭС ЮГА,12235,11973
2025-11-08 01:00,2025-11-08,1,550000,ОЭС ЮГА,11700,11388
2025-11-08 02:00,2025-11-08,2,550000,ОЭС ЮГА,11723,11090
2025-11-08 03:00,2025-11-08,3,550000,ОЭС ЮГА,11152,11056
2025-11-08 04:00,2025-11-08,4,550000,ОЭС ЮГА,11401,10993
2025-11-08 05:00,2025-11-08,5,550000,ОЭС ЮГА,11360,11062
2025-11-08 06:00,2025-11-08,6,550000,ОЭС ЮГА,11890,11515
2025-11-08 07:00,2025-11-08,7,550000,ОЭС ЮГА,12413,11874
2025-11-08 08:00,2025-11-08,8,550000,ОЭС ЮГА,12805,12483
2025-11-08 09:00,2025-11-08,9,550000,ОЭС ЮГА,13808,13411
2025-11-08 10:00,2025-11-08,10,550000,ОЭС ЮГА,14303,13640
2025-11-08 11:00,2025-11-08,11,550000,ОЭС ЮГА,14287,13809
2025-11-08 12:00,2025-11-08,12,550000,ОЭС ЮГА,14098,13626
2025-11-08 13:00,2025-11-08,13,550000,ОЭС ЮГА,13864,13530
2025-11-08 14:00,2025-11-08,14,550000,ОЭС ЮГА,13767,13622
2025-11-08 15:00,2025-11-08,15,550000,ОЭС ЮГА,14182,13474
2025-11-08 16:00,2025-11-08,16,550000,ОЭС ЮГА,14447,13515
2025-11-08 17:00,2025-11-08,17,550000,ОЭС ЮГА,14719,13992
2025-11-08 18:00,2025-11-08,18,550000,ОЭС ЮГА,15707,14607
2025-11-08 19:00,2025-11-08,19,550000,ОЭС ЮГА,15383,14362
2025-11-08 20:00,2025-11-08,20,550000,ОЭС ЮГА,15311,13863
2025-11-08 21:00,2025-11-08,21,550000,ОЭС ЮГА,14756,13761
2025-11-08 22:00,2025-11-08,22,550000,ОЭС ЮГА,14082,13303
2025-11-08 23:00,2025-11-08,23,550000,ОЭС ЮГА,13341,12725
2025-11-09 00:00,2025-11-09,0,550000,ОЭС ЮГА,12736,12057
2025-11-09 01:00,2025-11-09,1,550000,ОЭС ЮГА,12145,11484
2025-11-09 02:00,2025-11-09,2,550000,ОЭС ЮГА,11827,11016
2025-11-09 03:00,2025-11-09,3,550000,ОЭС ЮГА,11644,10955
2025-11-09 04:00,2025-11-09,4,550000,ОЭС ЮГА,11780,10892
2025-11-09 05:00,2025-11-09,5,550000,ОЭС ЮГА,11802,10975
2025-11-09 06:00,2025-11-09,6,550000,ОЭС ЮГА,11925,11309
2025-11-09 07:00,2025-11-09,7,550000,ОЭС ЮГА,12356,11582
2025-11-09 08:00,2025-11-09,8,550000,ОЭС ЮГА,13081,11930
2025-11-09 09:00,2025-11-09,9,550000,ОЭС ЮГА,13529,12894
2025-11-09 10:00,2025-11-09,10,550000,ОЭС ЮГА,13789,13272
2025-11-09 11:00,2025-11-09,11,550000,ОЭС ЮГА,13879,13228
2025-11-09 12:00,2025-11-09,12,550000,ОЭС ЮГА,13905,13221
2025-11-09 13:00,2025-11-09,13,550000,ОЭС ЮГА,13795,13219
2025-11-09 14:00,2025-11-09,14,550000,ОЭС ЮГА,13630,13338
2025-11-09 15:00,2025-11-09,15,550000,ОЭС ЮГА,13585,13226
2025-11-09 16:00,2025-11-09,16,550000,ОЭС ЮГА,13768,13324
2025-11-09 17:00,2025-11-09,17,550000,ОЭС ЮГА,14551,14036
2025-11-09 18:00,2025-11-09,18,550000,ОЭС ЮГА,15394,14554
2025-11-09 19:00,2025-11-09,19,550000,ОЭС ЮГА,15401,14329
2025-11-09 20:00,2025-11-09,20,550000,ОЭС ЮГА,15305,14289
2025-11-09 21:00,2025-11-09,21,550000,ОЭС ЮГА,14922,13952
2025-11-09 22:00,2025-11-09,22,550000,ОЭС ЮГА,14200,13410
2025-11-09 23:00,2025-11-09,23,550000,ОЭС ЮГА,13425,12663
2025-11-10 00:00,2025-11-10,0,550000,ОЭС ЮГА,12685,11889
2025-11-10 01:00,2025-11-10,1,550000,ОЭС ЮГА,11738,11368
2025-11-10 02:00,2025-11-10,2,550000,ОЭС ЮГА,11492,11098
2025-11-10 03:00,2025-11-10,3,550000,ОЭС ЮГА,11539,10954
2025-11-10 04:00,2025-11-10,4,550000,ОЭС ЮГА,11482,10882
2025-11-10 05:00,2025-11-10,5,550000,ОЭС ЮГА,11808,11126
2025-11-10 06:00,2025-11-10,6,550000,ОЭС ЮГА,12309,11750
2025-11-10 07:00,2025-11-10,7,550000,ОЭС ЮГА,13123,12684
2025-11-10 08:00,2025-11-10,8,550000,ОЭС ЮГА,13492,13298
2025-11-10 09:00,2025-11-10,9,550000,ОЭС ЮГА,14261,13937
2025-11-10 10:00,2025-11-10,10,550000,ОЭС ЮГА,14802,14273
2025-11-10 11:00,2025-11-10,11,550000,ОЭС ЮГА,14812,14170
2025-11-10 12:00,2025-11-10,12,550000,ОЭС ЮГА,14556,13891
2025-11-10 13:00,2025-11-10,13,550000,ОЭС ЮГА,14368,13762
2025-11-10 14:00,2025-11-10,14,550000,ОЭС ЮГА,14307,13826
2025-11-10 15:00,2025-11-10,15,550000,ОЭС ЮГА,14473,13879
2025-11-10 16:00,2025-11-10,16,550000,ОЭС ЮГА,14324,13825
2025-11-10 17:00,2025-11-10,17,550000,ОЭС ЮГА,14613,14203
2025-11-10 18:00,2025-11-10,18,550000,ОЭС ЮГА,15496,14619
2025-11-10 19:00,2025-11-10,19,550000,ОЭС ЮГА,14997,14404
2025-11-10 20:00,2025-11-10,20,550000,ОЭС ЮГА,14721,14216
2025-11-10 21:00,2025-11-10,21,550000,ОЭС ЮГА,14624,13984
2025-11-10 22:00,2025-11-10,22,550000,ОЭС ЮГА,14224,13241
2025-11-10 23:00,2025-11-10,23,550000,ОЭС ЮГА,13487,12635
2025-11-11 00:00,2025-11-11,0,550000,ОЭС ЮГА,12365,11829
2025-11-11 01:00,2025-11-11,1,550000,ОЭС ЮГА,11821,11233
2025-11-11 02:00,2025-11-11,2,550000,ОЭС ЮГА,11516,11079
2025-11-11 03:00,2025-11-11,3,550000,ОЭС ЮГА,11403,10894
2025-11-11 04:00,2025-11-11,4,550000,ОЭС ЮГА,11400,10896
2025-11-11 05:00,2025-11-11,5,550000,ОЭС ЮГА,11559,11048
2025-11-11 06:00,2025-11-11,6,550000,ОЭС ЮГА,12086,11795
2025-11-11 07:00,2025-11-11,7,550000,ОЭС ЮГА,13168,12498
2025-11-11 08:00,2025-11-11,8,550000,ОЭС ЮГА,13469,13144
2025-11-11 09:00,2025-11-11,9,550000,ОЭС ЮГА,14297,14024
2025-11-11 10:00,2025-11-11,10,550000,ОЭС ЮГА,14055,14155
2025-11-11 11:00,2025-11-11,11,550000,ОЭС ЮГА,13972,14093
2025-11-11 12:00,2025-11-11,12,550000,ОЭС ЮГА,13936,13846
2025-11-11 13:00,2025-11-11,13,550000,ОЭС ЮГА,13775,13844
2025-11-11 14:00,2025-11-11,14,550000,ОЭС ЮГА,13650,13826
2025-11-11 15:00,2025-11-11,15,550000,ОЭС ЮГА,13881,14062
2025-11-11 16:00,2025-11-11,16,550000,ОЭС ЮГА,14030,13923
2025-11-11 17:00,2025-11-11,17,550000,ОЭС ЮГА,14662,14337
2025-11-11 18:00,2025-11-11,18,550000,ОЭС ЮГА,15399,14796
2025-11-11 19:00,2025-11-11,19,550000,ОЭС ЮГА,14928,14624
2025-11-11 20:00,2025-11-11,20,550000,ОЭС ЮГА,14520,14399
2025-11-11 21:00,2025-11-11,21,550000,ОЭС ЮГА,14263,13977
2025-11-11 22:00,2025-11-11,22,550000,ОЭС ЮГА,14000,13532
2025-11-11 23:00,2025-11-11,23,550000,ОЭС ЮГА,13082,12741
2025-11-12 00:00,2025-11-12,0,550000,ОЭС ЮГА,12321,12012
2025-11-12 01:00,2025-11-12,1,550000,ОЭС ЮГА,12343,11560
2025-11-12 02:00,2025-11-12,2,550000,ОЭС ЮГА,11751,11193
2025-11-12 03:00,2025-11-12,3,550000,ОЭС ЮГА,11442,11109
2025-11-12 04:00,2025-11-12,4,550000,ОЭС ЮГА,11499,10974
2025-11-12 05:00,2025-11-12,5,550000,ОЭС ЮГА,11709,11193
2025-11-12 06:00,2025-11-12,6,550000,ОЭС ЮГА,11947,11950
2025-11-12 07:00,2025-11-12,7,550000,ОЭС ЮГА,13357,12731
2025-11-12 08:00,2025-11-12,8,550000,ОЭС ЮГА,13735,13311
2025-11-12 09:00,2025-11-12,9,550000,ОЭС ЮГА,14236,14041
2025-11-12 10:00,2025-11-12,10,550000,ОЭС ЮГА,14717,14284
2025-11-12 11:00,2025-11-12,11,550000,ОЭС ЮГА,14388,14181
2025-11-12 12:00,2025-11-12,12,550000,ОЭС ЮГА,14382,14025
2025-11-12 13:00,2025-11-12,13,550000,ОЭС ЮГА,14369,14046
2025-11-12 14:00,2025-11-12,14,550000,ОЭС ЮГА,14338,14012
2025-11-12 15:00,2025-11-12,15,550000,ОЭС ЮГА,14211,14193
2025-11-12 16:00,2025-11-12,16,550000,ОЭС ЮГА,14141,14063
2025-11-12 17:00,2025-11-12,17,550000,ОЭС ЮГА,15238,14585
2025-11-12 18:00,2025-11-12,18,550000,ОЭС ЮГА,15183,14755
2025-11-12 19:00,2025-11-12,19,550000,ОЭС ЮГА,14732,14642
2025-11-12 20:00,2025-11-12,20,550000,ОЭС ЮГА,14542,14405
2025-11-12 21:00,2025-11-12,21,550000,ОЭС ЮГА,13974,14110
2025-11-12 22:00,2025-11-12,22,550000,ОЭС ЮГА,14333,13520
2025-11-12 23:00,2025-11-12,23,550000,ОЭС ЮГА,13516,12746
2025-11-13 00:00,2025-11-13,0,550000,ОЭС ЮГА,12862,12034
2025-11-13 01:00,2025-11-13,1,550000,ОЭС ЮГА,12176,11421
2025-11-13 02:00,2025-11-13,2,550000,ОЭС ЮГА,11766,11065
2025-11-13 03:00,2025-11-13,3,550000,ОЭС ЮГА,11661,10926
2025-11-13 04:00,2025-11-13,4,550000,ОЭС ЮГА,11534,11050
2025-11-13 05:00,2025-11-13,5,550000,ОЭС ЮГА,11611,11281
2025-11-13 06:00,2025-11-13,6,550000,ОЭС ЮГА,12824,11765
2025-11-13 07:00,2025-11-13,7,550000,ОЭС ЮГА,13535,12581
2025-11-13 08:00,2025-11-13,8,550000,ОЭС ЮГА,14023,13206
2025-11-13 09:00,2025-11-13,9,550000,ОЭС ЮГА,14745,13999
2025-11-13 10:00,2025-11-13,10,550000,ОЭС ЮГА,14745,14284
2025-11-13 11:00,2025-11-13,11,550000,ОЭС ЮГА,14627,14160
2025-11-13 12:00,2025-11-13,12,550000,ОЭС ЮГА,14073,14006
2025-11-13 13:00,2025-11-13,13,550000,ОЭС ЮГА,14086,14181
2025-11-13 14:00,2025-11-13,14,550000,ОЭС ЮГА,14083,14027
2025-11-13 15:00,2025-11-13,15,550000,ОЭС ЮГА,14590,14173
2025-11-13 16:00,2025-11-13,16,550000,ОЭС ЮГА,14542,14312
2025-11-13 17:00,2025-11-13,17,550000,ОЭС ЮГА,14624,14676
2025-11-13 18:00,2025-11-13,18,550000,ОЭС ЮГА,15639,14962
2025-11-13 19:00,2025-11-13,19,550000,ОЭС ЮГА,15222,14915
2025-11-13 20:00,2025-11-13,20,550000,ОЭС ЮГА,14933,14567
2025-11-13 21:00,2025-11-13,21,550000,ОЭС ЮГА,14535,14202
2025-11-13 22:00,2025-11-13,22,550000,ОЭС ЮГА,14445,13641
2025-11-13 23:00,2025-11-13,23,550000,ОЭС ЮГА,13549,12934
2025-11-14 00:00,2025-11-14,0,550000,ОЭС ЮГА,12613,12226
2025-11-14 01:00,2025-11-14,1,550000,ОЭС ЮГА,11835,11639
2025-11-14 02:00,2025-11-14,2,550000,ОЭС ЮГА,11666,11371
2025-11-14 03:00,2025-11-14,3,550000,ОЭС ЮГА,11342,11052
2025-11-14 04:00,2025-11-14,4,550000,ОЭС ЮГА,11282,11016
2025-11-14 05:00,2025-11-14,5,550000,ОЭС ЮГА,11521,11291
2025-11-14 06:00,2025-11-14,6,550000,ОЭС ЮГА,12109,11752
2025-11-14 07:00,2025-11-14,7,550000,ОЭС ЮГА,13109,12723
2025-11-14 08:00,2025-11-14,8,550000,ОЭС ЮГА,13328,13393
2025-11-14 09:00,2025-11-14,9,550000,ОЭС ЮГА,14377,14402
2025-11-14 10:00,2025-11-14,10,550000,ОЭС ЮГА,14823,14617
2025-11-14 11:00,2025-11-14,11,550000,ОЭС ЮГА,14610,14504
2025-11-14 12:00,2025-11-14,12,550000,ОЭС ЮГА,14736,14260
2025-11-14 13:00,2025-11-14,13,550000,ОЭС ЮГА,14471,14194
2025-11-14 14:00,2025-11-14,14,550000,ОЭС ЮГА,14338,14160
2025-11-14 15:00,2025-11-14,15,550000,ОЭС ЮГА,14404,14345
2025-11-14 16:00,2025-11-14,16,550000,ОЭС ЮГА,14396,14208
2025-11-14 17:00,2025-11-14,17,550000,ОЭС ЮГА,14690,14768
2025-11-14 18:00,2025-11-14,18,550000,ОЭС ЮГА,15130,14892
2025-11-14 19:00,2025-11-14,19,550000,ОЭС ЮГА,15026,14568
2025-11-14 20:00,2025-11-14,20,550000,ОЭС ЮГА,14690,14236
2025-11-14 21:00,2025-11-14,21,550000,ОЭС ЮГА,14495,14124
2025-11-14 22:00,2025-11-14,22,550000,ОЭС ЮГА,14287,13621
2025-11-14 23:00,2025-11-14,23,550000,ОЭС ЮГА,13692,12850
2025-11-15 00:00,2025-11-15,0,550000,ОЭС ЮГА,12832,12278
2025-11-15 01:00,2025-11-15,1,550000,ОЭС ЮГА,12367,11503
2025-11-15 02:00,2025-11-15,2,550000,ОЭС ЮГА,12055,11321
2025-11-15 03:00,2025-11-15,3,550000,ОЭС ЮГА,11787,10878
2025-11-15 04:00,2025-11-15,4,550000,ОЭС ЮГА,11428,10945
2025-11-15 05:00,2025-11-15,5,550000,ОЭС ЮГА,11233,11112
2025-11-15 06:00,2025-11-15,6,550000,ОЭС ЮГА,11912,11416
2025-11-15 07:00,2025-11-15,7,550000,ОЭС ЮГА,12712,11892
2025-11-15 08:00,2025-11-15,8,550000,ОЭС ЮГА,13107,12348
2025-11-15 09:00,2025-11-15,9,550000,ОЭС ЮГА,13620,13393
2025-11-15 10:00,2025-11-15,10,550000,ОЭС ЮГА,14020,13753
2025-11-15 11:00,2025-11-15,11,550000,ОЭС ЮГА,14065,13842
2025-11-15 12:00,2025-11-15,12,550000,ОЭС ЮГА,14107,13968
2025-11-15 13:00,2025-11-15,13,550000,ОЭС ЮГА,13999,13823
2025-11-15 14:00,2025-11-15,14,550000,ОЭС ЮГА,13888,13800
2025-11-15 15:00,2025-11-15,15,550000,ОЭС ЮГА,13981,13734
2025-11-15 16:00,2025-11-15,16,550000,ОЭС ЮГА,14077,13847
2025-11-15 17:00,2025-11-15,17,550000,ОЭС ЮГА,14456,14370
2025-11-15 18:00,2025-11-15,18,550000,ОЭС ЮГА,14677,14676
2025-11-15 19:00,2025-11-15,19,550000,ОЭС ЮГА,14228,14360
2025-11-15 20:00,2025-11-15,20,550000,ОЭС ЮГА,13968,14028
2025-11-15 21:00,2025-11-15,21,550000,ОЭС ЮГА,14088,13851
2025-11-15 22:00,2025-11-15,22,550000,ОЭС ЮГА,13222,13299
2025-11-15 23:00,2025-11-15,23,550000,ОЭС ЮГА,13044,12713
2025-11-16 00:00,2025-11-16,0,550000,ОЭС ЮГА,12288,11965
2025-11-16 01:00,2025-11-16,1,550000,ОЭС ЮГА,11551,11464
2025-11-16 02:00,2025-11-16,2,550000,ОЭС ЮГА,11296,11265
2025-11-16 03:00,2025-11-16,3,550000,ОЭС ЮГА,11100,10828
2025-11-16 04:00,2025-11-16,4,550000,ОЭС ЮГА,11097,10886
2025-11-16 05:00,2025-11-16,5,550000,ОЭС ЮГА,11134,10853
2025-11-16 06:00,2025-11-16,6,550000,ОЭС ЮГА,11750,11251
2025-11-16 07:00,2025-11-16,7,550000,ОЭС ЮГА,11850,11571
2025-11-16 08:00,2025-11-16,8,550000,ОЭС ЮГА,12282,11942
2025-11-16 09:00,2025-11-16,9,550000,ОЭС ЮГА,12753,12780
2025-11-16 10:00,2025-11-16,10,550000,ОЭС ЮГА,13292,13439
2025-11-16 11:00,2025-11-16,11,550000,ОЭС ЮГА,13355,13702
2025-11-16 12:00,2025-11-16,12,550000,ОЭС ЮГА,13478,13682
2025-11-16 13:00,2025-11-16,13,550000,ОЭС ЮГА,13314,13680
2025-11-16 14:00,2025-11-16,14,550000,ОЭС ЮГА,13250,13508
2025-11-16 15:00,2025-11-16,15,550000,ОЭС ЮГА,13375,13569
2025-11-16 16:00,2025-11-16,16,550000,ОЭС ЮГА,13491,13626
2025-11-16 17:00,2025-11-16,17,550000,ОЭС ЮГА,14117,14312
2025-11-16 18:00,2025-11-16,18,550000,ОЭС ЮГА,14838,14667
2025-11-16 19:00,2025-11-16,19,550000,ОЭС ЮГА,14595,14552
2025-11-16 20:00,2025-11-16,20,550000,ОЭС ЮГА,14277,14285
2025-11-16 21:00,2025-11-16,21,550000,ОЭС ЮГА,14202,14122
2025-11-16 22:00,2025-11-16,22,550000,ОЭС ЮГА,13318,13429
2025-11-16 23:00,2025-11-16,23,550000,ОЭС ЮГА,12795,12789
2025-11-17 00:00,2025-11-17,0,550000,ОЭС ЮГА,11986,12007
2025-11-17 01:00,2025-11-17,1,550000,ОЭС ЮГА,11049,11512
2025-11-17 02:00,2025-11-17,2,550000,ОЭС ЮГА,10829,11081
2025-11-17 03:00,2025-11-17,3,550000,ОЭС ЮГА,10779,10938
2025-11-17 04:00,2025-11-17,4,550000,ОЭС ЮГА,10797,10874
2025-11-17 05:00,2025-11-17,5,550000,ОЭС ЮГА,10935,11181
2025-11-17 06:00,2025-11-17,6,550000,ОЭС ЮГА,11204,11857
2025-11-17 07:00,2025-11-17,7,550000,ОЭС ЮГА,12578,12805
2025-11-17 08:00,2025-11-17,8,550000,ОЭС ЮГА,13106,13303
2025-11-17 09:00,2025-11-17,9,550000,ОЭС ЮГА,14304,14001
2025-11-17 10:00,2025-11-17,10,550000,ОЭС ЮГА,14580,14153
2025-11-17 11:00,2025-11-17,11,550000,ОЭС ЮГА,14334,14248
2025-11-17 12:00,2025-11-17,12,550000,ОЭС ЮГА,14209,14008
2025-11-17 13:00,2025-11-17,13,550000,ОЭС ЮГА,14417,13816
2025-11-17 14:00,2025-11-17,14,550000,ОЭС ЮГА,14531,13928
2025-11-17 15:00,2025-11-17,15,550000,ОЭС ЮГА,14779,13997
2025-11-17 16:00,2025-11-17,16,550000,ОЭС ЮГА,14504,14120
2025-11-17 17:00,2025-11-17,17,550000,ОЭС ЮГА,14179,14578
2025-11-17 18:00,2025-11-17,18,550000,ОЭС ЮГА,14821,14780
2025-11-17 19:00,2025-11-17,19,550000,ОЭС ЮГА,14696,14536
2025-11-17 20:00,2025-11-17,20,550000,ОЭС ЮГА,14560,14304
2025-11-17 21:00,2025-11-17,21,550000,ОЭС ЮГА,14169,14098
2025-11-17 22:00,2025-11-17,22,550000,ОЭС ЮГА,13740,13669
2025-11-17 23:00,2025-11-17,23,550000,ОЭС ЮГА,12614,12886
2025-11-18 00:00,2025-11-18,0,550000,ОЭС ЮГА,12420,12097
2025-11-18 01:00,2025-11-18,1,550000,ОЭС ЮГА,12025,11489
2025-11-18 02:00,2025-11-18,2,550000,ОЭС ЮГА,12068,11037
2025-11-18 03:00,2025-11-18,3,550000,ОЭС ЮГА,11638,11011
2025-11-18 04:00,2025-11-18,4,550000,ОЭС ЮГА,11638,10872
2025-11-18 05:00,2025-11-18,5,550000,ОЭС ЮГА,11567,11222
2025-11-18 06:00,2025-11-18,6,550000,ОЭС ЮГА,12175,11791
2025-11-18 07:00,2025-11-18,7,550000,ОЭС ЮГА,13320,12616
2025-11-18 08:00,2025-11-18,8,550000,ОЭС ЮГА,14093,13300
2025-11-18 09:00,2025-11-18,9,550000,ОЭС ЮГА,14928,13893
2025-11-18 10:00,2025-11-18,10,550000,ОЭС ЮГА,15067,14270
2025-11-18 11:00,2025-11-18,11,550000,ОЭС ЮГА,14713,13869
2025-11-18 12:00,2025-11-18,12,550000,ОЭС ЮГА,14723,13776
2025-11-18 13:00,2025-11-18,13,550000,ОЭС ЮГА,14347,13566
2025-11-18 14:00,2025-11-18,14,550000,ОЭС ЮГА,14395,13678
2025-11-18 15:00,2025-11-18,15,550000,ОЭС ЮГА,14351,13776
2025-11-18 16:00,2025-11-18,16,550000,ОЭС ЮГА,14055,13619
2025-11-18 17:00,2025-11-18,17,550000,ОЭС ЮГА,14592,14425
2025-11-18 18:00,2025-11-18,18,550000,ОЭС ЮГА,14950,14757
2025-11-18 19:00,2025-11-18,19,550000,ОЭС ЮГА,14772,14662
2025-11-18 20:00,2025-11-18,20,550000,ОЭС ЮГА,14436,14377
2025-11-18 21:00,2025-11-18,21,550000,ОЭС ЮГА,14454,14147
2025-11-18 22:00,2025-11-18,22,550000,ОЭС ЮГА,14299,13526
2025-11-18 23:00,2025-11-18,23,550000,ОЭС ЮГА,13280,12781
2025-11-19 00:00,2025-11-19,0,550000,ОЭС ЮГА,12555,11980
2025-11-19 01:00,2025-11-19,1,550000,ОЭС ЮГА,12561,11350
2025-11-19 02:00,2025-11-19,2,550000,ОЭС ЮГА,12067,10999
2025-11-19 03:00,2025-11-19,3,550000,ОЭС ЮГА,11891,10810
2025-11-19 04:00,2025-11-19,4,550000,ОЭС ЮГА,11769,10807
2025-11-19 05:00,2025-11-19,5,550000,ОЭС ЮГА,11941,10934
2025-11-19 06:00,2025-11-19,6,550000,ОЭС ЮГА,12709,11701
2025-11-19 07:00,2025-11-19,7,550000,ОЭС ЮГА,13302,12691
2025-11-19 08:00,2025-11-19,8,550000,ОЭС ЮГА,13562,13306
2025-11-19 09:00,2025-11-19,9,550000,ОЭС ЮГА,14215,13954
2025-11-19 10:00,2025-11-19,10,550000,ОЭС ЮГА,14451,14078
2025-11-19 11:00,2025-11-19,11,550000,ОЭС ЮГА,14168,13993
2025-11-19 12:00,2025-11-19,12,550000,ОЭС ЮГА,14122,13655
2025-11-19 13:00,2025-11-19,13,550000,ОЭС ЮГА,14226,13777
2025-11-19 14:00,2025-11-19,14,550000,ОЭС ЮГА,14207,13809
2025-11-19 15:00,2025-11-19,15,550000,ОЭС ЮГА,14084,13793
2025-11-19 16:00,2025-11-19,16,550000,ОЭС ЮГА,14435,13866
2025-11-19 17:00,2025-11-19,17,550000,ОЭС ЮГА,14883,14273
2025-11-19 18:00,2025-11-19,18,550000,ОЭС ЮГА,15140,14735
2025-11-19 19:00,2025-11-19,19,550000,ОЭС ЮГА,14914,14415
2025-11-19 20:00,2025-11-19,20,550000,ОЭС ЮГА,14677,14310
2025-11-19 21:00,2025-11-19,21,550000,ОЭС ЮГА,14583,13952
2025-11-19 22:00,2025-11-19,22,550000,ОЭС ЮГА,14245,13508
2025-11-19 23:00,2025-11-19,23,550000,ОЭС ЮГА,13454,12700
2025-11-20 00:00,2025-11-20,0,550000,ОЭС ЮГА,12470,11872
2025-11-20 01:00,2025-11-20,1,550000,ОЭС ЮГА,11852,11249
2025-11-20 02:00,2025-11-20,2,550000,ОЭС ЮГА,11557,10921
2025-11-20 03:00,2025-11-20,3,550000,ОЭС ЮГА,11559,10830
2025-11-20 04:00,2025-11-20,4,550000,ОЭС ЮГА,11341,10745
2025-11-20 05:00,2025-11-20,5,550000,ОЭС ЮГА,11925,10981
2025-11-20 06:00,2025-11-20,6,550000,ОЭС ЮГА,12341,11727
2025-11-20 07:00,2025-11-20,7,550000,ОЭС ЮГА,13032,12630
2025-11-20 08:00,2025-11-20,8,550000,ОЭС ЮГА,13331,13089
2025-11-20 09:00,2025-11-20,9,550000,ОЭС ЮГА,14147,13817
2025-11-20 10:00,2025-11-20,10,550000,ОЭС ЮГА,14193,14000
2025-11-20 11:00,2025-11-20,11,550000,ОЭС ЮГА,14305,14038
2025-11-20 12:00,2025-11-20,12,550000,ОЭС ЮГА,14050,13714
2025-11-20 13:00,2025-11-20,13,550000,ОЭС ЮГА,14127,13789
2025-11-20 14:00,2025-11-20,14,550000,ОЭС ЮГА,14070,13712
2025-11-20 15:00,2025-11-20,15,550000,ОЭС ЮГА,14245,13843
2025-11-20 16:00,2025-11-20,16,550000,ОЭС ЮГА,14352,13764
2025-11-20 17:00,2025-11-20,17,550000,ОЭС ЮГА,14758,14420
2025-11-20 18:00,2025-11-20,18,550000,ОЭС ЮГА,15037,14691
2025-11-20 19:00,2025-11-20,19,550000,ОЭС ЮГА,15069,14574
2025-11-20 20:00,2025-11-20,20,550000,ОЭС ЮГА,15086,14303
2025-11-20 21:00,2025-11-20,21,550000,ОЭС ЮГА,14114,13994
2025-11-20 22:00,2025-11-20,22,550000,ОЭС ЮГА,14326,13465
2025-11-20 23:00,2025-11-20,23,550000,ОЭС ЮГА,13426,12730
2025-11-21 00:00,2025-11-21,0,550000,ОЭС ЮГА,12528,12102
2025-11-21 01:00,2025-11-21,1,550000,ОЭС ЮГА,11928,11526
2025-11-21 02:00,2025-11-21,2,550000,ОЭС ЮГА,11464,11080
2025-11-21 03:00,2025-11-21,3,550000,ОЭС ЮГА,11637,10985
2025-11-21 04:00,2025-11-21,4,550000,ОЭС ЮГА,11739,11010
2025-11-21 05:00,2025-11-21,5,550000,ОЭС ЮГА,11801,11338
2025-11-21 06:00,2025-11-21,6,550000,ОЭС ЮГА,12579,11922
2025-11-21 07:00,2025-11-21,7,550000,ОЭС ЮГА,13508,12760
2025-11-21 08:00,2025-11-21,8,550000,ОЭС ЮГА,14028,13299
2025-11-21 09:00,2025-11-21,9,550000,ОЭС ЮГА,14583,13939
2025-11-21 10:00,2025-11-21,10,550000,ОЭС ЮГА,14637,14206
2025-11-21 11:00,2025-11-21,11,550000,ОЭС ЮГА,14656,14224
2025-11-21 12:00,2025-11-21,12,550000,ОЭС ЮГА,14713,13893
2025-11-21 13:00,2025-11-21,13,550000,ОЭС ЮГА,14608,13680
2025-11-21 14:00,2025-11-21,14,550000,ОЭС ЮГА,14649,13837
2025-11-21 15:00,2025-11-21,15,550000,ОЭС ЮГА,14270,13897
2025-11-21 16:00,2025-11-21,16,550000,ОЭС ЮГА,14281,13836
2025-11-21 17:00,2025-11-21,17,550000,ОЭС ЮГА,14738,14498
2025-11-21 18:00,2025-11-21,18,550000,ОЭС ЮГА,15111,14725
2025-11-21 19:00,2025-11-21,19,550000,ОЭС ЮГА,14717,14527
2025-11-21 20:00,2025-11-21,20,550000,ОЭС ЮГА,14256,14157
2025-11-21 21:00,2025-11-21,21,550000,ОЭС ЮГА,14095,13776
2025-11-21 22:00,2025-11-21,22,550000,ОЭС ЮГА,13791,13337
2025-11-21 23:00,2025-11-21,23,550000,ОЭС ЮГА,12983,12646
2025-11-22 00:00,2025-11-22,0,550000,ОЭС ЮГА,12518,12002
2025-11-22 01:00,2025-11-22,1,550000,ОЭС ЮГА,12110,11521
2025-11-22 02:00,2025-11-22,2,550000,ОЭС ЮГА,11647,11245
2025-11-22 03:00,2025-11-22,3,550000,ОЭС ЮГА,11511,11111
2025-11-22 04:00,2025-11-22,4,550000,ОЭС ЮГА,11433,10932
2025-11-22 05:00,2025-11-22,5,550000,ОЭС ЮГА,11668,11216
2025-11-22 06:00,2025-11-22,6,550000,ОЭС ЮГА,12105,11565
2025-11-22 07:00,2025-11-22,7,550000,ОЭС ЮГА,12466,11941
2025-11-22 08:00,2025-11-22,8,550000,ОЭС ЮГА,13247,12449
2025-11-22 09:00,2025-11-22,9,550000,ОЭС ЮГА,14277,13428
2025-11-22 10:00,2025-11-22,10,550000,ОЭС ЮГА,14641,13739
2025-11-22 11:00,2025-11-22,11,550000,ОЭС ЮГА,14698,13806
2025-11-22 12:00,2025-11-22,12,550000,ОЭС ЮГА,14681,13646
2025-11-22 13:00,2025-11-22,13,550000,ОЭС ЮГА,14567,13563
2025-11-22 14:00,2025-11-22,14,550000,ОЭС ЮГА,14459,13626
2025-11-22 15:00,2025-11-22,15,550000,ОЭС ЮГА,14658,13499
2025-11-22 16:00,2025-11-22,16,550000,ОЭС ЮГА,14486,13644
2025-11-22 17:00,2025-11-22,17,550000,ОЭС ЮГА,15430,14406
2025-11-22 18:00,2025-11-22,18,550000,ОЭС ЮГА,15723,14762
2025-11-22 19:00,2025-11-22,19,550000,ОЭС ЮГА,15602,14442
2025-11-22 20:00,2025-11-22,20,550000,ОЭС ЮГА,14747,14149
2025-11-22 21:00,2025-11-22,21,550000,ОЭС ЮГА,14365,13864
2025-11-22 22:00,2025-11-22,22,550000,ОЭС ЮГА,14203,13555
2025-11-22 23:00,2025-11-22,23,550000,ОЭС ЮГА,13440,12721
2025-11-23 00:00,2025-11-23,0,550000,ОЭС ЮГА,12753,12062
2025-11-23 01:00,2025-11-23,1,550000,ОЭС ЮГА,12202,11619
2025-11-23 02:00,2025-11-23,2,550000,ОЭС ЮГА,11842,11439
2025-11-23 03:00,2025-11-23,3,550000,ОЭС ЮГА,11688,10976
2025-11-23 04:00,2025-11-23,4,550000,ОЭС ЮГА,11638,11215
2025-11-23 05:00,2025-11-23,5,550000,ОЭС ЮГА,11623,11086
2025-11-23 06:00,2025-11-23,6,550000,ОЭС ЮГА,12184,11490
2025-11-23 07:00,2025-11-23,7,550000,ОЭС ЮГА,12421,11649
2025-11-23 08:00,2025-11-23,8,550000,ОЭС ЮГА,12911,12103
2025-11-23 09:00,2025-11-23,9,550000,ОЭС ЮГА,13792,12841
2025-11-23 10:00,2025-11-23,10,550000,ОЭС ЮГА,14316,13400
2025-11-23 11:00,2025-11-23,11,550000,ОЭС ЮГА,14478,13566
2025-11-23 12:00,2025-11-23,12,550000,ОЭС ЮГА,14302,13297
2025-11-23 13:00,2025-11-23,13,550000,ОЭС ЮГА,14371,13146
2025-11-23 14:00,2025-11-23,14,550000,ОЭС ЮГА,14357,13281
2025-11-23 15:00,2025-11-23,15,550000,ОЭС ЮГА,14277,13141
2025-11-23 16:00,2025-11-23,16,550000,ОЭС ЮГА,14219,13429
2025-11-23 17:00,2025-11-23,17,550000,ОЭС ЮГА,14530,14098
2025-11-23 18:00,2025-11-23,18,550000,ОЭС ЮГА,15231,14491
2025-11-23 19:00,2025-11-23,19,550000,ОЭС ЮГА,15207,14453
2025-11-23 20:00,2025-11-23,20,550000,ОЭС ЮГА,14601,14127
2025-11-23 21:00,2025-11-23,21,550000,ОЭС ЮГА,14714,13915
2025-11-23 22:00,2025-11-23,22,550000,ОЭС ЮГА,14206,13428
2025-11-23 23:00,2025-11-23,23,550000,ОЭС ЮГА,13167,12751
2025-11-24 00:00,2025-11-24,0,550000,ОЭС ЮГА,12570,11884
2025-11-24 01:00,2025-11-24,1,550000,ОЭС ЮГА,11927,11316
2025-11-24 02:00,2025-11-24,2,550000,ОЭС ЮГА,11693,10866
2025-11-24 03:00,2025-11-24,3,550000,ОЭС ЮГА,11505,10947
2025-11-24 04:00,2025-11-24,4,550000,ОЭС ЮГА,11557,10649
2025-11-24 05:00,2025-11-24,5,550000,ОЭС ЮГА,11732,11104
2025-11-24 06:00,2025-11-24,6,550000,ОЭС ЮГА,11845,11672
2025-11-24 07:00,2025-11-24,7,550000,ОЭС ЮГА,13241,12703
2025-11-24 08:00,2025-11-24,8,550000,ОЭС ЮГА,13713,13222
2025-11-24 09:00,2025-11-24,9,550000,ОЭС ЮГА,14760,13989
2025-11-24 10:00,2025-11-24,10,550000,ОЭС ЮГА,14333,14233
2025-11-24 11:00,2025-11-24,11,550000,ОЭС ЮГА,14422,14185
2025-11-24 12:00,2025-11-24,12,550000,ОЭС ЮГА,14064,13960
2025-11-24 13:00,2025-11-24,13,550000,ОЭС ЮГА,13872,13911
2025-11-24 14:00,2025-11-24,14,550000,ОЭС ЮГА,14049,13998
2025-11-24 15:00,2025-11-24,15,550000,ОЭС ЮГА,13964,13866
2025-11-24 16:00,2025-11-24,16,550000,ОЭС ЮГА,14071,14063
2025-11-24 17:00,2025-11-24,17,550000,ОЭС ЮГА,14703,14664
2025-11-24 18:00,2025-11-24,18,550000,ОЭС ЮГА,15109,14767
2025-11-24 19:00,2025-11-24,19,550000,ОЭС ЮГА,15039,14723
2025-11-24 20:00,2025-11-24,20,550000,ОЭС ЮГА,14772,14470
2025-11-24 21:00,2025-11-24,21,550000,ОЭС ЮГА,14361,14102
2025-11-24 22:00,2025-11-24,22,550000,ОЭС ЮГА,14173,13588
2025-11-24 23:00,2025-11-24,23,550000,ОЭС ЮГА,13286,12749
2025-11-25 00:00,2025-11-25,0,550000,ОЭС ЮГА,12526,12073
2025-11-25 01:00,2025-11-25,1,550000,ОЭС ЮГА,11959,11339
2025-11-25 02:00,2025-11-25,2,550000,ОЭС ЮГА,11846,11131
2025-11-25 03:00,2025-11-25,3,550000,ОЭС ЮГА,11328,10894
2025-11-25 04:00,2025-11-25,4,550000,ОЭС ЮГА,11285,10919
2025-11-25 05:00,2025-11-25,5,550000,ОЭС ЮГА,11601,11082
2025-11-25 06:00,2025-11-25,6,550000,ОЭС ЮГА,12320,11740
2025-11-25 07:00,2025-11-25,7,550000,ОЭС ЮГА,13116,12793
2025-11-25 08:00,2025-11-25,8,550000,ОЭС ЮГА,13359,13285
2025-11-25 09:00,2025-11-25,9,550000,ОЭС ЮГА,14402,14269
2025-11-25 10:00,2025-11-25,10,550000,ОЭС ЮГА,14443,14385
2025-11-25 11:00,2025-11-25,11,550000,ОЭС ЮГА,14366,14295
2025-11-25 12:00,2025-11-25,12,550000,ОЭС ЮГА,13956,13941
2025-11-25 13:00,2025-11-25,13,550000,ОЭС ЮГА,13949,13852
2025-11-25 14:00,2025-11-25,14,550000,ОЭС ЮГА,14199,13755
2025-11-25 15:00,2025-11-25,15,550000,ОЭС ЮГА,14218,13700
2025-11-25 16:00,2025-11-25,16,550000,ОЭС ЮГА,14427,13913
2025-11-25 17:00,2025-11-25,17,550000,ОЭС ЮГА,14814,14529
2025-11-25 18:00,2025-11-25,18,550000,ОЭС ЮГА,15213,14754
2025-11-25 19:00,2025-11-25,19,550000,ОЭС ЮГА,14934,14681
2025-11-25 20:00,2025-11-25,20,550000,ОЭС ЮГА,14264,14348
2025-11-25 21:00,2025-11-25,21,550000,ОЭС ЮГА,13657,14133
2025-11-25 22:00,2025-11-25,22,550000,ОЭС ЮГА,13028,13544
2025-11-25 23:00,2025-11-25,23,550000,ОЭС ЮГА,12671,12766
2025-11-26 00:00,2025-11-26,0,550000,ОЭС ЮГА,11465,12061
2025-11-26 01:00,2025-11-26,1,550000,ОЭС ЮГА,11305,11473
2025-11-26 02:00,2025-11-26,2,550000,ОЭС ЮГА,11379,11229
2025-11-26 03:00,2025-11-26,3,550000,ОЭС ЮГА,11214,11089
2025-11-26 04:00,2025-11-26,4,550000,ОЭС ЮГА,11310,11004
2025-11-26 05:00,2025-11-26,5,550000,ОЭС ЮГА,11322,11181
2025-11-26 06:00,2025-11-26,6,550000,ОЭС ЮГА,11542,11839
2025-11-26 07:00,2025-11-26,7,550000,ОЭС ЮГА,12336,12970
2025-11-26 08:00,2025-11-26,8,550000,ОЭС ЮГА,13533,13579
2025-11-26 09:00,2025-11-26,9,550000,ОЭС ЮГА,14146,14112
2025-11-26 10:00,2025-11-26,10,550000,ОЭС ЮГА,14191,14528
2025-11-26 11:00,2025-11-26,11,550000,ОЭС ЮГА,14178,14438
2025-11-26 12:00,2025-11-26,12,550000,ОЭС ЮГА,14173,14447
2025-11-26 13:00,2025-11-26,13,550000,ОЭС ЮГА,14036,14336
2025-11-26 14:00,2025-11-26,14,550000,ОЭС ЮГА,14181,14479
2025-11-26 15:00,2025-11-26,15,550000,ОЭС ЮГА,14092,14503
2025-11-26 16:00,2025-11-26,16,550000,ОЭС ЮГА,14060,14468
2025-11-26 17:00,2025-11-26,17,550000,ОЭС ЮГА,14649,14873
2025-11-26 18:00,2025-11-26,18,550000,ОЭС ЮГА,14812,14928
2025-11-26 19:00,2025-11-26,19,550000,ОЭС ЮГА,14537,14711
2025-11-26 20:00,2025-11-26,20,550000,ОЭС ЮГА,14332,14708
2025-11-26 21:00,2025-11-26,21,550000,ОЭС ЮГА,13910,14372
2025-11-26 22:00,2025-11-26,22,550000,ОЭС ЮГА,13216,13832
2025-11-26 23:00,2025-11-26,23,550000,ОЭС ЮГА,12429,13072
2025-11-27 00:00,2025-11-27,0,550000,ОЭС ЮГА,12072,12170
2025-11-27 01:00,2025-11-27,1,550000,ОЭС ЮГА,11226,11672
2025-11-27 02:00,2025-11-27,2,550000,ОЭС ЮГА,11365,11358
2025-11-27 03:00,2025-11-27,3,550000,ОЭС ЮГА,11385,11236
2025-11-27 04:00,2025-11-27,4,550000,ОЭС ЮГА,11133,11099
2025-11-27 05:00,2025-11-27,5,550000,ОЭС ЮГА,11223,11321
2025-11-27 06:00,2025-11-27,6,550000,ОЭС ЮГА,12190,12033
2025-11-27 07:00,2025-11-27,7,550000,ОЭС ЮГА,12691,13016
2025-11-27 08:00,2025-11-27,8,550000,ОЭС ЮГА,13588,13449
2025-11-27 09:00,2025-11-27,9,550000,ОЭС ЮГА,14572,14226
2025-11-27 10:00,2025-11-27,10,550000,ОЭС ЮГА,14880,14440
2025-11-27 11:00,2025-11-27,11,550000,ОЭС ЮГА,14620,14333
2025-11-27 12:00,2025-11-27,12,550000,ОЭС ЮГА,14500,14125
2025-11-27 13:00,2025-11-27,13,550000,ОЭС ЮГА,14131,13986
2025-11-27 14:00,2025-11-27,14,550000,ОЭС ЮГА,13954,13994
2025-11-27 15:00,2025-11-27,15,550000,ОЭС ЮГА,13805,14015
2025-11-27 16:00,2025-11-27,16,550000,ОЭС ЮГА,13993,14191
2025-11-27 17:00,2025-11-27,17,550000,ОЭС ЮГА,14689,14640
2025-11-27 18:00,2025-11-27,18,550000,ОЭС ЮГА,14891,14971
2025-11-27 19:00,2025-11-27,19,550000,ОЭС ЮГА,14494,14734
2025-11-27 20:00,2025-11-27,20,550000,ОЭС ЮГА,14459,14452
2025-11-27 21:00,2025-11-27,21,550000,ОЭС ЮГА,14035,14379
2025-11-27 22:00,2025-11-27,22,550000,ОЭС ЮГА,13394,13873
2025-11-27 23:00,2025-11-27,23,550000,ОЭС ЮГА,12523,13141
2025-11-28 00:00,2025-11-28,0,550000,ОЭС ЮГА,11906,12364
2025-11-28 01:00,2025-11-28,1,550000,ОЭС ЮГА,11438,11925
2025-11-28 02:00,2025-11-28,2,550000,ОЭС ЮГА,10993,11529
2025-11-28 03:00,2025-11-28,3,550000,ОЭС ЮГА,10957,11353
2025-11-28 04:00,2025-11-28,4,550000,ОЭС ЮГА,11020,11356
2025-11-28 05:00,2025-11-28,5,550000,ОЭС ЮГА,11139,11492
2025-11-28 06:00,2025-11-28,6,550000,ОЭС ЮГА,11814,12133
2025-11-28 07:00,2025-11-28,7,550000,ОЭС ЮГА,12751,13187
2025-11-28 08:00,2025-11-28,8,550000,ОЭС ЮГА,13446,13671
2025-11-28 09:00,2025-11-28,9,550000,ОЭС ЮГА,14152,14527
2025-11-28 10:00,2025-11-28,10,550000,ОЭС ЮГА,14661,14706
2025-11-28 11:00,2025-11-28,11,550000,ОЭС ЮГА,14662,14622
2025-11-28 12:00,2025-11-28,12,550000,ОЭС ЮГА,14496,14463
2025-11-28 13:00,2025-11-28,13,550000,ОЭС ЮГА,14463,14337
2025-11-28 14:00,2025-11-28,14,550000,ОЭС ЮГА,14520,14238
2025-11-28 15:00,2025-11-28,15,550000,ОЭС ЮГА,14489,14098
2025-11-28 16:00,2025-11-28,16,550000,ОЭС ЮГА,14718,14300
2025-11-28 17:00,2025-11-28,17,550000,ОЭС ЮГА,15247,14913
2025-11-28 18:00,2025-11-28,18,550000,ОЭС ЮГА,15615,15150
2025-11-28 19:00,2025-11-28,19,550000,ОЭС ЮГА,15396,14866
2025-11-28 20:00,2025-11-28,20,550000,ОЭС ЮГА,15072,14584
2025-11-28 21:00,2025-11-28,21,550000,ОЭС ЮГА,14731,14136
2025-11-28 22:00,2025-11-28,22,550000,ОЭС ЮГА,14525,13713
2025-11-28 23:00,2025-11-28,23,550000,ОЭС ЮГА,13564,13077
2025-11-29 00:00,2025-11-29,0,550000,ОЭС ЮГА,12698,12215
2025-11-29 01:00,2025-11-29,1,550000,ОЭС ЮГА,12139,11770
2025-11-29 02:00,2025-11-29,2,550000,ОЭС ЮГА,11759,11439
2025-11-29 03:00,2025-11-29,3,550000,ОЭС ЮГА,11359,11266
2025-11-29 04:00,2025-11-29,4,550000,ОЭС ЮГА,11310,11238
2025-11-29 05:00,2025-11-29,5,550000,ОЭС ЮГА,11450,11323
2025-11-29 06:00,2025-11-29,6,550000,ОЭС ЮГА,11787,11635
2025-11-29 07:00,2025-11-29,7,550000,ОЭС ЮГА,12420,12205
2025-11-29 08:00,2025-11-29,8,550000,ОЭС ЮГА,12823,12669
2025-11-29 09:00,2025-11-29,9,550000,ОЭС ЮГА,13675,13536
2025-11-29 10:00,2025-11-29,10,550000,ОЭС ЮГА,14084,14287
2025-11-29 11:00,2025-11-29,11,550000,ОЭС ЮГА,14276,14449
2025-11-29 12:00,2025-11-29,12,550000,ОЭС ЮГА,14290,14280
2025-11-29 13:00,2025-11-29,13,550000,ОЭС ЮГА,14317,14161
2025-11-29 14:00,2025-11-29,14,550000,ОЭС ЮГА,14389,13987
2025-11-29 15:00,2025-11-29,15,550000,ОЭС ЮГА,14509,13982
2025-11-29 16:00,2025-11-29,16,550000,ОЭС ЮГА,14441,14138
2025-11-29 17:00,2025-11-29,17,550000,ОЭС ЮГА,14782,14922
2025-11-29 18:00,2025-11-29,18,550000,ОЭС ЮГА,15184,15006
2025-11-29 19:00,2025-11-29,19,550000,ОЭС ЮГА,14863,14674
2025-11-29 20:00,2025-11-29,20,550000,ОЭС ЮГА,14375,14280
2025-11-29 21:00,2025-11-29,21,550000,ОЭС ЮГА,14297,14087
2025-11-29 22:00,2025-11-29,22,550000,ОЭС ЮГА,13936,13661
2025-11-29 23:00,2025-11-29,23,550000,ОЭС ЮГА,13387,12905
2025-11-30 00:00,2025-11-30,0,550000,ОЭС ЮГА,12190,12249
2025-11-30 01:00,2025-11-30,1,550000,ОЭС ЮГА,11448,11851
2025-11-30 02:00,2025-11-30,2,550000,ОЭС ЮГА,11106,11355
2025-11-30 03:00,2025-11-30,3,550000,ОЭС ЮГА,11198,11307
2025-11-30 04:00,2025-11-30,4,550000,ОЭС ЮГА,11259,11089
2025-11-30 05:00,2025-11-30,5,550000,ОЭС ЮГА,11574,11289
2025-11-30 06:00,2025-11-30,6,550000,ОЭС ЮГА,11673,11597
2025-11-30 07:00,2025-11-30,7,550000,ОЭС ЮГА,11896,11854
2025-11-30 08:00,2025-11-30,8,550000,ОЭС ЮГА,12251,12332
2025-11-30 09:00,2025-11-30,9,550000,ОЭС ЮГА,12909,13242
2025-11-30 10:00,2025-11-30,10,550000,ОЭС ЮГА,13412,13579
2025-11-30 11:00,2025-11-30,11,550000,ОЭС ЮГА,13537,13939
2025-11-30 12:00,2025-11-30,12,550000,ОЭС ЮГА,13665,13859
2025-11-30 13:00,2025-11-30,13,550000,ОЭС ЮГА,13726,13831
2025-11-30 14:00,2025-11-30,14,550000,ОЭС ЮГА,13864,13952
2025-11-30 15:00,2025-11-30,15,550000,ОЭС ЮГА,13907,13883
2025-11-30 16:00,2025-11-30,16,550000,ОЭС ЮГА,14241,14079
2025-11-30 17:00,2025-11-30,17,550000,ОЭС ЮГА,14823,14589
2025-11-30 18:00,2025-11-30,18,550000,ОЭС ЮГА,15082,14858
2025-11-30 19:00,2025-11-30,19,550000,ОЭС ЮГА,14717,14730
2025-11-30 20:00,2025-11-30,20,550000,ОЭС ЮГА,14190,14509
2025-11-30 21:00,2025-11-30,21,550000,ОЭС ЮГА,13956,14353
2025-11-30 22:00,2025-11-30,22,550000,ОЭС ЮГА,13314,13858
2025-11-30 23:00,2025-11-30,23,550000,ОЭС ЮГА,12376,13113
2025-12-01 00:00,2025-12-01,0,550000,ОЭС ЮГА,11968,12291
2025-12-01 01:00,2025-12-01,1,550000,ОЭС ЮГА,11813,11614
2025-12-01 02:00,2025-12-01,2,550000,ОЭС ЮГА,11517,11479
2025-12-01 03:00,2025-12-01,3,550000,ОЭС ЮГА,11402,11222
2025-12-01 04:00,2025-12-01,4,550000,ОЭС ЮГА,11459,11124
2025-12-01 05:00,2025-12-01,5,550000,ОЭС ЮГА,11623,11329
2025-12-01 06:00,2025-12-01,6,550000,ОЭС ЮГА,11935,11972
2025-12-01 07:00,2025-12-01,7,550000,ОЭС ЮГА,12890,12968
2025-12-01 08:00,2025-12-01,8,550000,ОЭС ЮГА,13640,13672
2025-12-01 09:00,2025-12-01,9,550000,ОЭС ЮГА,14407,14448
2025-12-01 10:00,2025-12-01,10,550000,ОЭС ЮГА,14691,14977
2025-12-01 11:00,2025-12-01,11,550000,ОЭС ЮГА,14800,15085
2025-12-01 12:00,2025-12-01,12,550000,ОЭС ЮГА,14924,14793
2025-12-01 13:00,2025-12-01,13,550000,ОЭС ЮГА,15095,14898
2025-12-01 14:00,2025-12-01,14,550000,ОЭС ЮГА,15092,14910
2025-12-01 15:00,2025-12-01,15,550000,ОЭС ЮГА,15050,14875
2025-12-01 16:00,2025-12-01,16,550000,ОЭС ЮГА,15036,14908
2025-12-01 17:00,2025-12-01,17,550000,ОЭС ЮГА,15264,15143
2025-12-01 18:00,2025-12-01,18,550000,ОЭС ЮГА,15682,15333
2025-12-01 19:00,2025-12-01,19,550000,ОЭС ЮГА,15144,15119
2025-12-01 20:00,2025-12-01,20,550000,ОЭС ЮГА,14557,14731
2025-12-01 21:00,2025-12-01,21,550000,ОЭС ЮГА,13893,14520
2025-12-01 22:00,2025-12-01,22,550000,ОЭС ЮГА,13551,14153
2025-12-01 23:00,2025-12-01,23,550000,ОЭС ЮГА,12701,13452
2025-12-02 00:00,2025-12-02,0,550000,ОЭС ЮГА,12048,12633
2025-12-02 01:00,2025-12-02,1,550000,ОЭС ЮГА,11664,11941
2025-12-02 02:00,2025-12-02,2,550000,ОЭС ЮГА,11303,11717
2025-12-02 03:00,2025-12-02,3,550000,ОЭС ЮГА,11177,11510
2025-12-02 04:00,2025-12-02,4,550000,ОЭС ЮГА,11183,11389
2025-12-02 05:00,2025-12-02,5,550000,ОЭС ЮГА,11438,11632
2025-12-02 06:00,2025-12-02,6,550000,ОЭС ЮГА,11935,12365
2025-12-02 07:00,2025-12-02,7,550000,ОЭС ЮГА,12783,13271
2025-12-02 08:00,2025-12-02,8,550000,ОЭС ЮГА,13671,13966
2025-12-02 09:00,2025-12-02,9,550000,ОЭС ЮГА,14668,14795
2025-12-02 10:00,2025-12-02,10,550000,ОЭС ЮГА,14612,15159
2025-12-02 11:00,2025-12-02,11,550000,ОЭС ЮГА,14842,15087
2025-12-02 12:00,2025-12-02,12,550000,ОЭС ЮГА,15003,15171
2025-12-02 13:00,2025-12-02,13,550000,ОЭС ЮГА,15034,15069
2025-12-02 14:00,2025-12-02,14,550000,ОЭС ЮГА,14848,14990
2025-12-02 15:00,2025-12-02,15,550000,ОЭС ЮГА,15140,15095
2025-12-02 16:00,2025-12-02,16,550000,ОЭС ЮГА,14963,14978
2025-12-02 17:00,2025-12-02,17,550000,ОЭС ЮГА,15317,15403
2025-12-02 18:00,2025-12-02,18,550000,ОЭС ЮГА,15736,15332
2025-12-02 19:00,2025-12-02,19,550000,ОЭС ЮГА,15555,15282
2025-12-02 20:00,2025-12-02,20,550000,ОЭС ЮГА,14952,15079
2025-12-02 21:00,2025-12-02,21,550000,ОЭС ЮГА,14493,14834
2025-12-02 22:00,2025-12-02,22,550000,ОЭС ЮГА,14087,14291
2025-12-02 23:00,2025-12-02,23,550000,ОЭС ЮГА,13175,13514
2025-12-03 00:00,2025-12-03,0,550000,ОЭС ЮГА,12266,12576
2025-12-03 01:00,2025-12-03,1,550000,ОЭС ЮГА,11948,12146
2025-12-03 02:00,2025-12-03,2,550000,ОЭС ЮГА,11755,11695
2025-12-03 03:00,2025-12-03,3,550000,ОЭС ЮГА,11777,11600
2025-12-03 04:00,2025-12-03,4,550000,ОЭС ЮГА,11625,11517
2025-12-03 05:00,2025-12-03,5,550000,ОЭС ЮГА,12002,11767
2025-12-03 06:00,2025-12-03,6,550000,ОЭС ЮГА,12270,12387
2025-12-03 07:00,2025-12-03,7,550000,ОЭС ЮГА,13186,13278
2025-12-03 08:00,2025-12-03,8,550000,ОЭС ЮГА,13720,13991
2025-12-03 09:00,2025-12-03,9,550000,ОЭС ЮГА,14688,14836
2025-12-03 10:00,2025-12-03,10,550000,ОЭС ЮГА,15121,15169
2025-12-03 11:00,2025-12-03,11,550000,ОЭС ЮГА,14987,15329
2025-12-03 12:00,2025-12-03,12,550000,ОЭС ЮГА,14911,15090
2025-12-03 13:00,2025-12-03,13,550000,ОЭС ЮГА,14914,14967
2025-12-03 14:00,2025-12-03,14,550000,ОЭС ЮГА,15059,14964
2025-12-03 15:00,2025-12-03,15,550000,ОЭС ЮГА,14908,14825
2025-12-03 16:00,2025-12-03,16,550000,ОЭС ЮГА,14886,14899
2025-12-03 17:00,2025-12-03,17,550000,ОЭС ЮГА,15747,15461
2025-12-03 18:00,2025-12-03,18,550000,ОЭС ЮГА,15748,15476
2025-12-03 19:00,2025-12-03,19,550000,ОЭС ЮГА,15378,15386
2025-12-03 20:00,2025-12-03,20,550000,ОЭС ЮГА,14728,15034
2025-12-03 21:00,2025-12-03,21,550000,ОЭС ЮГА,13850,14859
2025-12-03 22:00,2025-12-03,22,550000,ОЭС ЮГА,13853,14259
2025-12-03 23:00,2025-12-03,23,550000,ОЭС ЮГА,12760,13581
2025-12-04 00:00,2025-12-04,0,550000,ОЭС ЮГА,12135,12836
2025-12-04 01:00,2025-12-04,1,550000,ОЭС ЮГА,11935,12188
2025-12-04 02:00,2025-12-04,2,550000,ОЭС ЮГА,11771,11730
2025-12-04 03:00,2025-12-04,3,550000,ОЭС ЮГА,11571,11659
2025-12-04 04:00,2025-12-04,4,550000,ОЭС ЮГА,11545,11465
2025-12-04 05:00,2025-12-04,5,550000,ОЭС ЮГА,11947,11802
2025-12-04 06:00,2025-12-04,6,550000,ОЭС ЮГА,12253,12231
2025-12-04 07:00,2025-12-04,7,550000,ОЭС ЮГА,13361,13304
2025-12-04 08:00,2025-12-04,8,550000,ОЭС ЮГА,14222,13983
2025-12-04 09:00,2025-12-04,9,550000,ОЭС ЮГА,15100,14866
2025-12-04 10:00,2025-12-04,10,550000,ОЭС ЮГА,15283,15088
2025-12-04 11:00,2025-12-04,11,550000,ОЭС ЮГА,15500,15063
2025-12-04 12:00,2025-12-04,12,550000,ОЭС ЮГА,15749,15002
2025-12-04 13:00,2025-12-04,13,550000,ОЭС ЮГА,15659,14895
2025-12-04 14:00,2025-12-04,14,550000,ОЭС ЮГА,15547,14944
2025-12-04 15:00,2025-12-04,15,550000,ОЭС ЮГА,15622,14934
2025-12-04 16:00,2025-12-04,16,550000,ОЭС ЮГА,15636,15072
2025-12-04 17:00,2025-12-04,17,550000,ОЭС ЮГА,15830,15557
2025-12-04 18:00,2025-12-04,18,550000,ОЭС ЮГА,16031,15708
2025-12-04 19:00,2025-12-04,19,550000,ОЭС ЮГА,15665,15478
2025-12-04 20:00,2025-12-04,20,550000,ОЭС ЮГА,14976,15206
2025-12-04 21:00,2025-12-04,21,550000,ОЭС ЮГА,14572,14823
2025-12-04 22:00,2025-12-04,22,550000,ОЭС ЮГА,13937,14391
2025-12-04 23:00,2025-12-04,23,550000,ОЭС ЮГА,12981,13697
2025-12-05 00:00,2025-12-05,0,550000,ОЭС ЮГА,12676,12726
2025-12-05 01:00,2025-12-05,1,550000,ОЭС ЮГА,11780,12378
2025-12-05 02:00,2025-12-05,2,550000,ОЭС ЮГА,11699,11920
2025-12-05 03:00,2025-12-05,3,550000,ОЭС ЮГА,11706,11768
2025-12-05 04:00,2025-12-05,4,550000,ОЭС ЮГА,11642,11636
2025-12-05 05:00,2025-12-05,5,550000,ОЭС ЮГА,11987,11906
2025-12-05 06:00,2025-12-05,6,550000,ОЭС ЮГА,12602,12519
2025-12-05 07:00,2025-12-05,7,550000,ОЭС ЮГА,13360,13510
2025-12-05 08:00,2025-12-05,8,550000,ОЭС ЮГА,14206,14232
2025-12-05 09:00,2025-12-05,9,550000,ОЭС ЮГА,15151,15102
2025-12-05 10:00,2025-12-05,10,550000,ОЭС ЮГА,15437,15404
2025-12-05 11:00,2025-12-05,11,550000,ОЭС ЮГА,15463,15394
2025-12-05 12:00,2025-12-05,12,550000,ОЭС ЮГА,15477,15404
2025-12-05 13:00,2025-12-05,13,550000,ОЭС ЮГА,15974,15206
2025-12-05 14:00,2025-12-05,14,550000,ОЭС ЮГА,15703,15055
2025-12-05 15:00,2025-12-05,15,550000,ОЭС ЮГА,15590,15157
2025-12-05 16:00,2025-12-05,16,550000,ОЭС ЮГА,15722,15179
2025-12-05 17:00,2025-12-05,17,550000,ОЭС ЮГА,16179,15582
2025-12-05 18:00,2025-12-05,18,550000,ОЭС ЮГА,15862,15641
2025-12-05 19:00,2025-12-05,19,550000,ОЭС ЮГА,15663,15496
2025-12-05 20:00,2025-12-05,20,550000,ОЭС ЮГА,15284,15169
2025-12-05 21:00,2025-12-05,21,550000,ОЭС ЮГА,14944,14985
2025-12-05 22:00,2025-12-05,22,550000,ОЭС ЮГА,14541,14612
2025-12-05 23:00,2025-12-05,23,550000,ОЭС ЮГА,13672,14004
2025-12-06 00:00,2025-12-06,0,550000,ОЭС ЮГА,12840,13058
2025-12-06 01:00,2025-12-06,1,550000,ОЭС ЮГА,12202,12755
2025-12-06 02:00,2025-12-06,2,550000,ОЭС ЮГА,11977,12354
2025-12-06 03:00,2025-12-06,3,550000,ОЭС ЮГА,11762,11963
2025-12-06 04:00,2025-12-06,4,550000,ОЭС ЮГА,11778,12013
2025-12-06 05:00,2025-12-06,5,550000,ОЭС ЮГА,11961,12077
2025-12-06 06:00,2025-12-06,6,550000,ОЭС ЮГА,12246,12476
2025-12-06 07:00,2025-12-06,7,550000,ОЭС ЮГА,12445,12941
2025-12-06 08:00,2025-12-06,8,550000,ОЭС ЮГА,13435,13562
2025-12-06 09:00,2025-12-06,9,550000,ОЭС ЮГА,14549,14344
2025-12-06 10:00,2025-12-06,10,550000,ОЭС ЮГА,14917,15212
2025-12-06 11:00,2025-12-06,11,550000,ОЭС ЮГА,15154,15319
2025-12-06 12:00,2025-12-06,12,550000,ОЭС ЮГА,15280,15457
2025-12-06 13:00,2025-12-06,13,550000,ОЭС ЮГА,15207,15323
2025-12-06 14:00,2025-12-06,14,550000,ОЭС ЮГА,14996,15314
2025-12-06 15:00,2025-12-06,15,550000,ОЭС ЮГА,15249,15144
2025-12-06 16:00,2025-12-06,16,550000,ОЭС ЮГА,15321,15157
2025-12-06 17:00,2025-12-06,17,550000,ОЭС ЮГА,16042,15887
2025-12-06 18:00,2025-12-06,18,550000,ОЭС ЮГА,16339,15809
2025-12-06 19:00,2025-12-06,19,550000,ОЭС ЮГА,16072,15674
2025-12-06 20:00,2025-12-06,20,550000,ОЭС ЮГА,15580,15296
2025-12-06 21:00,2025-12-06,21,550000,ОЭС ЮГА,15167,15031
2025-12-06 22:00,2025-12-06,22,550000,ОЭС ЮГА,14248,14654
2025-12-06 23:00,2025-12-06,23,550000,ОЭС ЮГА,13563,13947
2025-12-07 00:00,2025-12-07,0,550000,ОЭС ЮГА,13296,13133
2025-12-07 01:00,2025-12-07,1,550000,ОЭС ЮГА,12542,12567
2025-12-07 02:00,2025-12-07,2,550000,ОЭС ЮГА,12490,12136
2025-12-07 03:00,2025-12-07,3,550000,ОЭС ЮГА,12388,12036
2025-12-07 04:00,2025-12-07,4,550000,ОЭС ЮГА,12208,11856
2025-12-07 05:00,2025-12-07,5,550000,ОЭС ЮГА,12219,11845
2025-12-07 06:00,2025-12-07,6,550000,ОЭС ЮГА,12641,12209
2025-12-07 07:00,2025-12-07,7,550000,ОЭС ЮГА,12737,12780
2025-12-07 08:00,2025-12-07,8,550000,ОЭС ЮГА,12928,12866
2025-12-07 09:00,2025-12-07,9,550000,ОЭС ЮГА,13700,13788
2025-12-07 10:00,2025-12-07,10,550000,ОЭС ЮГА,14544,14645
2025-12-07 11:00,2025-12-07,11,550000,ОЭС ЮГА,14663,15024
2025-12-07 12:00,2025-12-07,12,550000,ОЭС ЮГА,15035,15134
2025-12-07 13:00,2025-12-07,13,550000,ОЭС ЮГА,15126,15146
2025-12-07 14:00,2025-12-07,14,550000,ОЭС ЮГА,15281,15193
2025-12-07 15:00,2025-12-07,15,550000,ОЭС ЮГА,15411,15072
2025-12-07 16:00,2025-12-07,16,550000,ОЭС ЮГА,15533,15268
2025-12-07 17:00,2025-12-07,17,550000,ОЭС ЮГА,16423,15853
2025-12-07 18:00,2025-12-07,18,550000,ОЭС ЮГА,16706,15752
2025-12-07 19:00,2025-12-07,19,550000,ОЭС ЮГА,16479,15672
2025-12-07 20:00,2025-12-07,20,550000,ОЭС ЮГА,16012,15520
2025-12-07 21:00,2025-12-07,21,550000,ОЭС ЮГА,15382,15270
2025-12-07 22:00,2025-12-07,22,550000,ОЭС ЮГА,14097,14737
2025-12-07 23:00,2025-12-07,23,550000,ОЭС ЮГА,13282,13797
2025-12-08 00:00,2025-12-08,0,550000,ОЭС ЮГА,12801,13098
2025-12-08 01:00,2025-12-08,1,550000,ОЭС ЮГА,12599,12520
2025-12-08 02:00,2025-12-08,2,550000,ОЭС ЮГА,12271,12108
2025-12-08 03:00,2025-12-08,3,550000,ОЭС ЮГА,12360,11897
2025-12-08 04:00,2025-12-08,4,550000,ОЭС ЮГА,12527,11890
2025-12-08 05:00,2025-12-08,5,550000,ОЭС ЮГА,12837,12065
2025-12-08 06:00,2025-12-08,6,550000,ОЭС ЮГА,13211,12690
2025-12-08 07:00,2025-12-08,7,550000,ОЭС ЮГА,13638,13736
2025-12-08 08:00,2025-12-08,8,550000,ОЭС ЮГА,14473,14487
2025-12-08 09:00,2025-12-08,9,550000,ОЭС ЮГА,15545,15361
2025-12-08 10:00,2025-12-08,10,550000,ОЭС ЮГА,16111,15842
2025-12-08 11:00,2025-12-08,11,550000,ОЭС ЮГА,16229,15935
2025-12-08 12:00,2025-12-08,12,550000,ОЭС ЮГА,15979,15788
2025-12-08 13:00,2025-12-08,13,550000,ОЭС ЮГА,16397,15668
2025-12-08 14:00,2025-12-08,14,550000,ОЭС ЮГА,16286,15693
2025-12-08 15:00,2025-12-08,15,550000,ОЭС ЮГА,15807,15555
2025-12-08 16:00,2025-12-08,16,550000,ОЭС ЮГА,15845,15644
2025-12-08 17:00,2025-12-08,17,550000,ОЭС ЮГА,16389,16107
2025-12-08 18:00,2025-12-08,18,550000,ОЭС ЮГА,16583,16082
2025-12-08 19:00,2025-12-08,19,550000,ОЭС ЮГА,16026,15967
2025-12-08 20:00,2025-12-08,20,550000,ОЭС ЮГА,15758,15691
2025-12-08 21:00,2025-12-08,21,550000,ОЭС ЮГА,15346,15301
2025-12-08 22:00,2025-12-08,22,550000,ОЭС ЮГА,14925,14685
2025-12-08 23:00,2025-12-08,23,550000,ОЭС ЮГА,13974,13952
2025-12-09 00:00,2025-12-09,0,550000,ОЭС ЮГА,13302,13260
2025-12-09 01:00,2025-12-09,1,550000,ОЭС ЮГА,12916,12655
2025-12-09 02:00,2025-12-09,2,550000,ОЭС ЮГА,12335,12245
2025-12-09 03:00,2025-12-09,3,550000,ОЭС ЮГА,12048,12125
2025-12-09 04:00,2025-12-09,4,550000,ОЭС ЮГА,12123,12088
2025-12-09 05:00,2025-12-09,5,550000,ОЭС ЮГА,12223,12259
2025-12-09 06:00,2025-12-09,6,550000,ОЭС ЮГА,13042,13030
2025-12-09 07:00,2025-12-09,7,550000,ОЭС ЮГА,14042,14141
2025-12-09 08:00,2025-12-09,8,550000,ОЭС ЮГА,14907,14801
2025-12-09 09:00,2025-12-09,9,550000,ОЭС ЮГА,16059,15589
2025-12-09 10:00,2025-12-09,10,550000,ОЭС ЮГА,16530,16053
2025-12-09 11:00,2025-12-09,11,550000,ОЭС ЮГА,16625,16065
2025-12-09 12:00,2025-12-09,12,550000,ОЭС ЮГА,16476,15958
2025-12-09 13:00,2025-12-09,13,550000,ОЭС ЮГА,16605,15945
2025-12-09 14:00,2025-12-09,14,550000,ОЭС ЮГА,16222,15867
2025-12-09 15:00,2025-12-09,15,550000,ОЭС ЮГА,16357,15837
2025-12-09 16:00,2025-12-09,16,550000,ОЭС ЮГА,16493,15843
2025-12-09 17:00,2025-12-09,17,550000,ОЭС ЮГА,16590,16460
2025-12-09 18:00,2025-12-09,18,550000,ОЭС ЮГА,16849,16244
2025-12-09 19:00,2025-12-09,19,550000,ОЭС ЮГА,16873,16010
2025-12-09 20:00,2025-12-09,20,550000,ОЭС ЮГА,16228,15671
2025-12-09 21:00,2025-12-09,21,550000,ОЭС ЮГА,15990,15542
2025-12-09 22:00,2025-12-09,22,550000,ОЭС ЮГА,15314,14985
2025-12-09 23:00,2025-12-09,23,550000,ОЭС ЮГА,14467,14241
2025-12-10 00:00,2025-12-10,0,550000,ОЭС ЮГА,13688,13547
2025-12-10 01:00,2025-12-10,1,550000,ОЭС ЮГА,13239,12974
2025-12-10 02:00,2025-12-10,2,550000,ОЭС ЮГА,12818,12487
2025-12-10 03:00,2025-12-10,3,550000,ОЭС ЮГА,12625,12365
2025-12-10 04:00,2025-12-10,4,550000,ОЭС ЮГА,12723,12307
2025-12-10 05:00,2025-12-10,5,550000,ОЭС ЮГА,12876,12383
2025-12-10 06:00,2025-12-10,6,550000,ОЭС ЮГА,13241,13222
2025-12-10 07:00,2025-12-10,7,550000,ОЭС ЮГА,14147,14160
2025-12-10 08:00,2025-12-10,8,550000,ОЭС ЮГА,15208,14869
2025-12-10 09:00,2025-12-10,9,550000,ОЭС ЮГА,16051,15684
2025-12-10 10:00,2025-12-10,10,550000,ОЭС ЮГА,16332,16020
2025-12-10 11:00,2025-12-10,11,550000,ОЭС ЮГА,16174,16027
2025-12-10 12:00,2025-12-10,12,550000,ОЭС ЮГА,16043,16101
2025-12-10 13:00,2025-12-10,13,550000,ОЭС ЮГА,15984,16034
2025-12-10 14:00,2025-12-10,14,550000,ОЭС ЮГА,16030,15931
2025-12-10 15:00,2025-12-10,15,550000,ОЭС ЮГА,15978,15875
2025-12-10 16:00,2025-12-10,16,550000,ОЭС ЮГА,16041,16005
2025-12-10 17:00,2025-12-10,17,550000,ОЭС ЮГА,16562,16387
2025-12-10 18:00,2025-12-10,18,550000,ОЭС ЮГА,16835,16486
2025-12-10 19:00,2025-12-10,19,550000,ОЭС ЮГА,16113,15990
2025-12-10 20:00,2025-12-10,20,550000,ОЭС ЮГА,16195,15829
2025-12-10 21:00,2025-12-10,21,550000,ОЭС ЮГА,15558,15727
2025-12-10 22:00,2025-12-10,22,550000,ОЭС ЮГА,14346,15014
2025-12-10 23:00,2025-12-10,23,550000,ОЭС ЮГА,13383,14244
2025-12-11 00:00,2025-12-11,0,550000,ОЭС ЮГА,12872,13488
2025-12-11 01:00,2025-12-11,1,550000,ОЭС ЮГА,12479,12865
2025-12-11 02:00,2025-12-11,2,550000,ОЭС ЮГА,12211,12379
2025-12-11 03:00,2025-12-11,3,550000,ОЭС ЮГА,11824,12118
2025-12-11 04:00,2025-12-11,4,550000,ОЭС ЮГА,11855,11944
2025-12-11 05:00,2025-12-11,5,550000,ОЭС ЮГА,12304,12268
2025-12-11 06:00,2025-12-11,6,550000,ОЭС ЮГА,13136,13123
2025-12-11 07:00,2025-12-11,7,550000,ОЭС ЮГА,13656,13933
2025-12-11 08:00,2025-12-11,8,550000,ОЭС ЮГА,14117,14584
2025-12-11 09:00,2025-12-11,9,550000,ОЭС ЮГА,14818,15386
2025-12-11 10:00,2025-12-11,10,550000,ОЭС ЮГА,16179,15775
2025-12-11 11:00,2025-12-11,11,550000,ОЭС ЮГА,15793,15797
2025-12-11 12:00,2025-12-11,12,550000,ОЭС ЮГА,15671,15561
2025-12-11 13:00,2025-12-11,13,550000,ОЭС ЮГА,15786,15469
2025-12-11 14:00,2025-12-11,14,550000,ОЭС ЮГА,15821,15558
2025-12-11 15:00,2025-12-11,15,550000,ОЭС ЮГА,15746,15563
2025-12-11 16:00,2025-12-11,16,550000,ОЭС ЮГА,16006,15640
2025-12-11 17:00,2025-12-11,17,550000,ОЭС ЮГА,16122,16100
2025-12-11 18:00,2025-12-11,18,550000,ОЭС ЮГА,16512,16214
2025-12-11 19:00,2025-12-11,19,550000,ОЭС ЮГА,16094,15895
2025-12-11 20:00,2025-12-11,20,550000,ОЭС ЮГА,15639,15686
2025-12-11 21:00,2025-12-11,21,550000,ОЭС ЮГА,15347,15333
2025-12-11 22:00,2025-12-11,22,550000,ОЭС ЮГА,14713,14986
2025-12-11 23:00,2025-12-11,23,550000,ОЭС ЮГА,13101,14134
2025-12-12 00:00,2025-12-12,0,550000,ОЭС ЮГА,12495,13356
2025-12-12 01:00,2025-12-12,1,550000,ОЭС ЮГА,12381,12794
2025-12-12 02:00,2025-12-12,2,550000,ОЭС ЮГА,12079,12227
2025-12-12 03:00,2025-12-12,3,550000,ОЭС ЮГА,12132,12271
2025-12-12 04:00,2025-12-12,4,550000,ОЭС ЮГА,12242,12019
2025-12-12 05:00,2025-12-12,5,550000,ОЭС ЮГА,12199,12356
2025-12-12 06:00,2025-12-12,6,550000,ОЭС ЮГА,12546,12918
2025-12-12 07:00,2025-12-12,7,550000,ОЭС ЮГА,13663,14038
2025-12-12 08:00,2025-12-12,8,550000,ОЭС ЮГА,14372,14724
2025-12-12 09:00,2025-12-12,9,550000,ОЭС ЮГА,15647,15644
2025-12-12 10:00,2025-12-12,10,550000,ОЭС ЮГА,16245,15980
2025-12-12 11:00,2025-12-12,11,550000,ОЭС ЮГА,16279,16038
2025-12-12 12:00,2025-12-12,12,550000,ОЭС ЮГА,16280,16069
2025-12-12 13:00,2025-12-12,13,550000,ОЭС ЮГА,16225,15893
2025-12-12 14:00,2025-12-12,14,550000,ОЭС ЮГА,16196,15893
2025-12-12 15:00,2025-12-12,15,550000,ОЭС ЮГА,16345,15719
2025-12-12 16:00,2025-12-12,16,550000,ОЭС ЮГА,16416,15829
2025-12-12 17:00,2025-12-12,17,550000,ОЭС ЮГА,16650,16165
2025-12-12 18:00,2025-12-12,18,550000,ОЭС ЮГА,16935,16181
2025-12-12 19:00,2025-12-12,19,550000,ОЭС ЮГА,16788,15935
2025-12-12 20:00,2025-12-12,20,550000,ОЭС ЮГА,16085,15473
2025-12-12 21:00,2025-12-12,21,550000,ОЭС ЮГА,15492,15212
2025-12-12 22:00,2025-12-12,22,550000,ОЭС ЮГА,15312,14769
2025-12-12 23:00,2025-12-12,23,550000,ОЭС ЮГА,13638,14070
2025-12-13 00:00,2025-12-13,0,550000,ОЭС ЮГА,13186,13234
2025-12-13 01:00,2025-12-13,1,550000,ОЭС ЮГА,12594,12795
2025-12-13 02:00,2025-12-13,2,550000,ОЭС ЮГА,12278,12395
2025-12-13 03:00,2025-12-13,3,550000,ОЭС ЮГА,12289,12345
2025-12-13 04:00,2025-12-13,4,550000,ОЭС ЮГА,12027,11989
2025-12-13 05:00,2025-12-13,5,550000,ОЭС ЮГА,12447,12138
2025-12-13 06:00,2025-12-13,6,550000,ОЭС ЮГА,12777,12606
2025-12-13 07:00,2025-12-13,7,550000,ОЭС ЮГА,13184,13121
2025-12-13 08:00,2025-12-13,8,550000,ОЭС ЮГА,13625,13461
2025-12-13 09:00,2025-12-13,9,550000,ОЭС ЮГА,14837,14586
2025-12-13 10:00,2025-12-13,10,550000,ОЭС ЮГА,15141,15219
2025-12-13 11:00,2025-12-13,11,550000,ОЭС ЮГА,15733,15296
2025-12-13 12:00,2025-12-13,12,550000,ОЭС ЮГА,16157,15463
2025-12-13 13:00,2025-12-13,13,550000,ОЭС ЮГА,16086,15500
2025-12-13 14:00,2025-12-13,14,550000,ОЭС ЮГА,15627,15369
2025-12-13 15:00,2025-12-13,15,550000,ОЭС ЮГА,16019,15255
2025-12-13 16:00,2025-12-13,16,550000,ОЭС ЮГА,15932,15329
2025-12-13 17:00,2025-12-13,17,550000,ОЭС ЮГА,17238,15971
2025-12-13 18:00,2025-12-13,18,550000,ОЭС ЮГА,17205,16176
2025-12-13 19:00,2025-12-13,19,550000,ОЭС ЮГА,17044,15950
2025-12-13 20:00,2025-12-13,20,550000,ОЭС ЮГА,16229,15563
2025-12-13 21:00,2025-12-13,21,550000,ОЭС ЮГА,15639,15319
2025-12-13 22:00,2025-12-13,22,550000,ОЭС ЮГА,14605,14916
2025-12-13 23:00,2025-12-13,23,550000,ОЭС ЮГА,14132,14077
2025-12-14 00:00,2025-12-14,0,550000,ОЭС ЮГА,13358,13573
2025-12-14 01:00,2025-12-14,1,550000,ОЭС ЮГА,13006,13056
2025-12-14 02:00,2025-12-14,2,550000,ОЭС ЮГА,12732,12728
2025-12-14 03:00,2025-12-14,3,550000,ОЭС ЮГА,12678,12465
2025-12-14 04:00,2025-12-14,4,550000,ОЭС ЮГА,12608,12342
2025-12-14 05:00,2025-12-14,5,550000,ОЭС ЮГА,12590,12402
2025-12-14 06:00,2025-12-14,6,550000,ОЭС ЮГА,12858,12673
2025-12-14 07:00,2025-12-14,7,550000,ОЭС ЮГА,13119,13171
2025-12-14 08:00,2025-12-14,8,550000,ОЭС ЮГА,13382,13557
2025-12-14 09:00,2025-12-14,9,550000,ОЭС ЮГА,14230,14717
2025-12-14 10:00,2025-12-14,10,550000,ОЭС ЮГА,15196,15411
2025-12-14 11:00,2025-12-14,11,550000,ОЭС ЮГА,15396,15673
2025-12-14 12:00,2025-12-14,12,550000,ОЭС ЮГА,15721,15712
2025-12-14 13:00,2025-12-14,13,550000,ОЭС ЮГА,15334,15727
2025-12-14 14:00,2025-12-14,14,550000,ОЭС ЮГА,15517,15773
2025-12-14 15:00,2025-12-14,15,550000,ОЭС ЮГА,15409,15852
2025-12-14 16:00,2025-12-14,16,550000,ОЭС ЮГА,15557,15941
2025-12-14 17:00,2025-12-14,17,550000,ОЭС ЮГА,16922,16735
2025-12-14 18:00,2025-12-14,18,550000,ОЭС ЮГА,17294,16849
2025-12-14 19:00,2025-12-14,19,550000,ОЭС ЮГА,16925,16679
2025-12-14 20:00,2025-12-14,20,550000,ОЭС ЮГА,16458,16359
2025-12-14 21:00,2025-12-14,21,550000,ОЭС ЮГА,15790,15991
2025-12-14 22:00,2025-12-14,22,550000,ОЭС ЮГА,15054,15683
2025-12-14 23:00,2025-12-14,23,550000,ОЭС ЮГА,14050,14743
2025-12-15 00:00,2025-12-15,0,550000,ОЭС ЮГА,13476,13936
2025-12-15 01:00,2025-12-15,1,550000,ОЭС ЮГА,12789,13356
2025-12-15 02:00,2025-12-15,2,550000,ОЭС ЮГА,12153,12938
2025-12-15 03:00,2025-12-15,3,550000,ОЭС ЮГА,12006,12890
2025-12-15 04:00,2025-12-15,4,550000,ОЭС ЮГА,11990,12684
2025-12-15 05:00,2025-12-15,5,550000,ОЭС ЮГА,12233,12794
2025-12-15 06:00,2025-12-15,6,550000,ОЭС ЮГА,12818,13468
2025-12-15 07:00,2025-12-15,7,550000,ОЭС ЮГА,13632,14647
2025-12-15 08:00,2025-12-15,8,550000,ОЭС ЮГА,14535,15280
2025-12-15 09:00,2025-12-15,9,550000,ОЭС ЮГА,15640,16348
2025-12-15 10:00,2025-12-15,10,550000,ОЭС ЮГА,16563,16692
2025-12-15 11:00,2025-12-15,11,550000,ОЭС ЮГА,17002,16868
2025-12-15 12:00,2025-12-15,12,550000,ОЭС ЮГА,16639,16741
2025-12-15 13:00,2025-12-15,13,550000,ОЭС ЮГА,16397,16597
2025-12-15 14:00,2025-12-15,14,550000,ОЭС ЮГА,15926,16739
2025-12-15 15:00,2025-12-15,15,550000,ОЭС ЮГА,15827,16562
2025-12-15 16:00,2025-12-15,16,550000,ОЭС ЮГА,15573,16678
2025-12-15 17:00,2025-12-15,17,550000,ОЭС ЮГА,16393,17170
2025-12-15 18:00,2025-12-15,18,550000,ОЭС ЮГА,16516,17130
2025-12-15 19:00,2025-12-15,19,550000,ОЭС ЮГА,16140,16952
2025-12-15 20:00,2025-12-15,20,550000,ОЭС ЮГА,15991,16580
2025-12-15 21:00,2025-12-15,21,550000,ОЭС ЮГА,15703,16347
2025-12-15 22:00,2025-12-15,22,550000,ОЭС ЮГА,15335,16048
2025-12-15 23:00,2025-12-15,23,550000,ОЭС ЮГА,14240,15057
2025-12-16 00:00,2025-12-16,0,550000,ОЭС ЮГА,13289,14279
2025-12-16 01:00,2025-12-16,1,550000,ОЭС ЮГА,12880,13674
2025-12-16 02:00,2025-12-16,2,550000,ОЭС ЮГА,12516,13233
2025-12-16 03:00,2025-12-16,3,550000,ОЭС ЮГА,11970,13049
2025-12-16 04:00,2025-12-16,4,550000,ОЭС ЮГА,11818,13132
2025-12-16 05:00,2025-12-16,5,550000,ОЭС ЮГА,12063,13142
2025-12-16 06:00,2025-12-16,6,550000,ОЭС ЮГА,12795,13906
2025-12-16 07:00,2025-12-16,7,550000,ОЭС ЮГА,14005,14874
2025-12-16 08:00,2025-12-16,8,550000,ОЭС ЮГА,14558,15744
2025-12-16 09:00,2025-12-16,9,550000,ОЭС ЮГА,15796,16599
2025-12-16 10:00,2025-12-16,10,550000,ОЭС ЮГА,16168,17087
2025-12-16 11:00,2025-12-16,11,550000,ОЭС ЮГА,16450,16877
2025-12-16 12:00,2025-12-16,12,550000,ОЭС ЮГА,16395,16730
2025-12-16 13:00,2025-12-16,13,550000,ОЭС ЮГА,16187,16796
2025-12-16 14:00,2025-12-16,14,550000,ОЭС ЮГА,16100,16738
2025-12-16 15:00,2025-12-16,15,550000,ОЭС ЮГА,16013,16724
2025-12-16 16:00,2025-12-16,16,550000,ОЭС ЮГА,15999,16779
2025-12-16 17:00,2025-12-16,17,550000,ОЭС ЮГА,16208,17279
2025-12-16 18:00,2025-12-16,18,550000,ОЭС ЮГА,16963,17294
2025-12-16 19:00,2025-12-16,19,550000,ОЭС ЮГА,16529,16911
2025-12-16 20:00,2025-12-16,20,550000,ОЭС ЮГА,16166,16693
2025-12-16 21:00,2025-12-16,21,550000,ОЭС ЮГА,16022,16238
2025-12-16 22:00,2025-12-16,22,550000,ОЭС ЮГА,15448,15897
2025-12-16 23:00,2025-12-16,23,550000,ОЭС ЮГА,14294,15012
2025-12-17 00:00,2025-12-17,0,550000,ОЭС ЮГА,13138,14108
2025-12-17 01:00,2025-12-17,1,550000,ОЭС ЮГА,12538,13622
2025-12-17 02:00,2025-12-17,2,550000,ОЭС ЮГА,12216,13091
2025-12-17 03:00,2025-12-17,3,550000,ОЭС ЮГА,12137,13113
2025-12-17 04:00,2025-12-17,4,550000,ОЭС ЮГА,12159,12938
2025-12-17 05:00,2025-12-17,5,550000,ОЭС ЮГА,12534,13229
2025-12-17 06:00,2025-12-17,6,550000,ОЭС ЮГА,12932,13810
2025-12-17 07:00,2025-12-17,7,550000,ОЭС ЮГА,14371,14993
2025-12-17 08:00,2025-12-17,8,550000,ОЭС ЮГА,15114,15696
2025-12-17 09:00,2025-12-17,9,550000,ОЭС ЮГА,15787,16731
2025-12-17 10:00,2025-12-17,10,550000,ОЭС ЮГА,16159,16984
2025-12-17 11:00,2025-12-17,11,550000,ОЭС ЮГА,16332,16923
2025-12-17 12:00,2025-12-17,12,550000,ОЭС ЮГА,16331,16618
2025-12-17 13:00,2025-12-17,13,550000,ОЭС ЮГА,16396,16534
2025-12-17 14:00,2025-12-17,14,550000,ОЭС ЮГА,16367,16433
2025-12-17 15:00,2025-12-17,15,550000,ОЭС ЮГА,16185,16468
2025-12-17 16:00,2025-12-17,16,550000,ОЭС ЮГА,15931,16486
2025-12-17 17:00,2025-12-17,17,550000,ОЭС ЮГА,16317,16931
2025-12-17 18:00,2025-12-17,18,550000,ОЭС ЮГА,16499,17181
2025-12-17 19:00,2025-12-17,19,550000,ОЭС ЮГА,16239,16781
2025-12-17 20:00,2025-12-17,20,550000,ОЭС ЮГА,16005,16482
2025-12-17 21:00,2025-12-17,21,550000,ОЭС ЮГА,15736,16183
2025-12-17 22:00,2025-12-17,22,550000,ОЭС ЮГА,15255,15857
2025-12-17 23:00,2025-12-17,23,550000,ОЭС ЮГА,14234,15107
2025-12-18 00:00,2025-12-18,0,550000,ОЭС ЮГА,13159,14158
2025-12-18 01:00,2025-12-18,1,550000,ОЭС ЮГА,12577,13636
2025-12-18 02:00,2025-12-18,2,550000,ОЭС ЮГА,12063,13134
2025-12-18 03:00,2025-12-18,3,550000,ОЭС ЮГА,11808,13073
2025-12-18 04:00,2025-12-18,4,550000,ОЭС ЮГА,11843,12957
2025-12-18 05:00,2025-12-18,5,550000,ОЭС ЮГА,12277,13232
2025-12-18 06:00,2025-12-18,6,550000,ОЭС ЮГА,12901,13765
2025-12-18 07:00,2025-12-18,7,550000,ОЭС ЮГА,13900,14955
2025-12-18 08:00,2025-12-18,8,550000,ОЭС ЮГА,14764,15739
2025-12-18 09:00,2025-12-18,9,550000,ОЭС ЮГА,15864,16514
2025-12-18 10:00,2025-12-18,10,550000,ОЭС ЮГА,16140,16681
2025-12-18 11:00,2025-12-18,11,550000,ОЭС ЮГА,16093,16511
2025-12-18 12:00,2025-12-18,12,550000,ОЭС ЮГА,16125,16502
2025-12-18 13:00,2025-12-18,13,550000,ОЭС ЮГА,15977,16280
2025-12-18 14:00,2025-12-18,14,550000,ОЭС ЮГА,16197,16323
2025-12-18 15:00,2025-12-18,15,550000,ОЭС ЮГА,15938,16265
2025-12-18 16:00,2025-12-18,16,550000,ОЭС ЮГА,16121,16266
2025-12-18 17:00,2025-12-18,17,550000,ОЭС ЮГА,16006,16829
2025-12-18 18:00,2025-12-18,18,550000,ОЭС ЮГА,16638,16926
2025-12-18 19:00,2025-12-18,19,550000,ОЭС ЮГА,16483,16722
2025-12-18 20:00,2025-12-18,20,550000,ОЭС ЮГА,16158,16350
2025-12-18 21:00,2025-12-18,21,550000,ОЭС ЮГА,15887,16003
2025-12-18 22:00,2025-12-18,22,550000,ОЭС ЮГА,15452,15525
2025-12-18 23:00,2025-12-18,23,550000,ОЭС ЮГА,14579,14871
2025-12-19 00:00,2025-12-19,0,550000,ОЭС ЮГА,13728,14091
2025-12-19 01:00,2025-12-19,1,550000,ОЭС ЮГА,12644,13380
2025-12-19 02:00,2025-12-19,2,550000,ОЭС ЮГА,12340,13095
2025-12-19 03:00,2025-12-19,3,550000,ОЭС ЮГА,12357,12818
2025-12-19 04:00,2025-12-19,4,550000,ОЭС ЮГА,12378,12818
2025-12-19 05:00,2025-12-19,5,550000,ОЭС ЮГА,12640,12798
2025-12-19 06:00,2025-12-19,6,550000,ОЭС ЮГА,13231,13515
2025-12-19 07:00,2025-12-19,7,550000,ОЭС ЮГА,14398,14589
2025-12-19 08:00,2025-12-19,8,550000,ОЭС ЮГА,15127,15313
2025-12-19 09:00,2025-12-19,9,550000,ОЭС ЮГА,15859,15922
2025-12-19 10:00,2025-12-19,10,550000,ОЭС ЮГА,16058,16396
2025-12-19 11:00,2025-12-19,11,550000,ОЭС ЮГА,16274,16624
2025-12-19 12:00,2025-12-19,12,550000,ОЭС ЮГА,16311,16519
2025-12-19 13:00,2025-12-19,13,550000,ОЭС ЮГА,16364,16162
2025-12-19 14:00,2025-12-19,14,550000,ОЭС ЮГА,16283,16263
2025-12-19 15:00,2025-12-19,15,550000,ОЭС ЮГА,16300,16112
2025-12-19 16:00,2025-12-19,16,550000,ОЭС ЮГА,16451,16130
2025-12-19 17:00,2025-12-19,17,550000,ОЭС ЮГА,16207,16644
2025-12-19 18:00,2025-12-19,18,550000,ОЭС ЮГА,16531,16647
2025-12-19 19:00,2025-12-19,19,550000,ОЭС ЮГА,16428,16289
2025-12-19 20:00,2025-12-19,20,550000,ОЭС ЮГА,16002,15946
2025-12-19 21:00,2025-12-19,21,550000,ОЭС ЮГА,15743,15725
2025-12-19 22:00,2025-12-19,22,550000,ОЭС ЮГА,14885,15353
2025-12-19 23:00,2025-12-19,23,550000,ОЭС ЮГА,13853,14696
2025-12-20 00:00,2025-12-20,0,550000,ОЭС ЮГА,12835,14147
2025-12-20 01:00,2025-12-20,1,550000,ОЭС ЮГА,12643,13397
2025-12-20 02:00,2025-12-20,2,550000,ОЭС ЮГА,12121,12993
2025-12-20 03:00,2025-12-20,3,550000,ОЭС ЮГА,11857,12657
2025-12-20 04:00,2025-12-20,4,550000,ОЭС ЮГА,11714,12663
2025-12-20 05:00,2025-12-20,5,550000,ОЭС ЮГА,11874,12702
2025-12-20 06:00,2025-12-20,6,550000,ОЭС ЮГА,12198,13070
2025-12-20 07:00,2025-12-20,7,550000,ОЭС ЮГА,12872,13555
2025-12-20 08:00,2025-12-20,8,550000,ОЭС ЮГА,13663,14170
2025-12-20 09:00,2025-12-20,9,550000,ОЭС ЮГА,14817,15270
2025-12-20 10:00,2025-12-20,10,550000,ОЭС ЮГА,15629,15931
2025-12-20 11:00,2025-12-20,11,550000,ОЭС ЮГА,15674,16243
2025-12-20 12:00,2025-12-20,12,550000,ОЭС ЮГА,15739,15958
2025-12-20 13:00,2025-12-20,13,550000,ОЭС ЮГА,15809,16034
2025-12-20 14:00,2025-12-20,14,550000,ОЭС ЮГА,15620,15881
2025-12-20 15:00,2025-12-20,15,550000,ОЭС ЮГА,15620,15785
2025-12-20 16:00,2025-12-20,16,550000,ОЭС ЮГА,15658,15860
2025-12-20 17:00,2025-12-20,17,550000,ОЭС ЮГА,16004,16613
2025-12-20 18:00,2025-12-20,18,550000,ОЭС ЮГА,16298,16714
2025-12-20 19:00,2025-12-20,19,550000,ОЭС ЮГА,15884,16457
2025-12-20 20:00,2025-12-20,20,550000,ОЭС ЮГА,16084,15941
2025-12-20 21:00,2025-12-20,21,550000,ОЭС ЮГА,15639,15722
2025-12-20 22:00,2025-12-20,22,550000,ОЭС ЮГА,15070,15360
2025-12-20 23:00,2025-12-20,23,550000,ОЭС ЮГА,14228,14611
2025-12-21 00:00,2025-12-21,0,550000,ОЭС ЮГА,13484,14016
2025-12-21 01:00,2025-12-21,1,550000,ОЭС ЮГА,12826,13285
2025-12-21 02:00,2025-12-21,2,550000,ОЭС ЮГА,12327,12910
2025-12-21 03:00,2025-12-21,3,550000,ОЭС ЮГА,12174,12781
2025-12-21 04:00,2025-12-21,4,550000,ОЭС ЮГА,11987,12512
2025-12-21 05:00,2025-12-21,5,550000,ОЭС ЮГА,12346,12626
2025-12-21 06:00,2025-12-21,6,550000,ОЭС ЮГА,12490,13004
2025-12-21 07:00,2025-12-21,7,550000,ОЭС ЮГА,12833,13504
2025-12-21 08:00,2025-12-21,8,550000,ОЭС ЮГА,13236,13763
2025-12-21 09:00,2025-12-21,9,550000,ОЭС ЮГА,14538,14807
2025-12-21 10:00,2025-12-21,10,550000,ОЭС ЮГА,15657,15613
2025-12-21 11:00,2025-12-21,11,550000,ОЭС ЮГА,15830,15943
2025-12-21 12:00,2025-12-21,12,550000,ОЭС ЮГА,15862,15897
2025-12-21 13:00,2025-12-21,13,550000,ОЭС ЮГА,15934,15919
2025-12-21 14:00,2025-12-21,14,550000,ОЭС ЮГА,15657,15717
2025-12-21 15:00,2025-12-21,15,550000,ОЭС ЮГА,15741,15779
2025-12-21 16:00,2025-12-21,16,550000,ОЭС ЮГА,15666,16048
2025-12-21 17:00,2025-12-21,17,550000,ОЭС ЮГА,16453,16805
2025-12-21 18:00,2025-12-21,18,550000,ОЭС ЮГА,16778,16816
2025-12-21 19:00,2025-12-21,19,550000,ОЭС ЮГА,16824,16651
2025-12-21 20:00,2025-12-21,20,550000,ОЭС ЮГА,16748,16381
2025-12-21 21:00,2025-12-21,21,550000,ОЭС ЮГА,16468,16234
2025-12-21 22:00,2025-12-21,22,550000,ОЭС ЮГА,15776,15586
2025-12-21 23:00,2025-12-21,23,550000,ОЭС ЮГА,14362,14643
2025-12-22 00:00,2025-12-22,0,550000,ОЭС ЮГА,13439,13866
2025-12-22 01:00,2025-12-22,1,550000,ОЭС ЮГА,12671,13269
2025-12-22 02:00,2025-12-22,2,550000,ОЭС ЮГА,12716,12752
2025-12-22 03:00,2025-12-22,3,550000,ОЭС ЮГА,12590,12732
2025-12-22 04:00,2025-12-22,4,550000,ОЭС ЮГА,12704,12486
2025-12-22 05:00,2025-12-22,5,550000,ОЭС ЮГА,12880,12730
2025-12-22 06:00,2025-12-22,6,550000,ОЭС ЮГА,13497,13321
2025-12-22 07:00,2025-12-22,7,550000,ОЭС ЮГА,14626,14399
2025-12-22 08:00,2025-12-22,8,550000,ОЭС ЮГА,15366,15192
2025-12-22 09:00,2025-12-22,9,550000,ОЭС ЮГА,16555,16152
2025-12-22 10:00,2025-12-22,10,550000,ОЭС ЮГА,16755,16586
2025-12-22 11:00,2025-12-22,11,550000,ОЭС ЮГА,16902,16780
2025-12-22 12:00,2025-12-22,12,550000,ОЭС ЮГА,16900,16585
2025-12-22 13:00,2025-12-22,13,550000,ОЭС ЮГА,16861,16534
2025-12-22 14:00,2025-12-22,14,550000,ОЭС ЮГА,16798,16440
2025-12-22 15:00,2025-12-22,15,550000,ОЭС ЮГА,16711,16413
2025-12-22 16:00,2025-12-22,16,550000,ОЭС ЮГА,16815,16367
2025-12-22 17:00,2025-12-22,17,550000,ОЭС ЮГА,17172,16913
2025-12-22 18:00,2025-12-22,18,550000,ОЭС ЮГА,17765,16951
2025-12-22 19:00,2025-12-22,19,550000,ОЭС ЮГА,17212,16720
2025-12-22 20:00,2025-12-22,20,550000,ОЭС ЮГА,16759,16392
2025-12-22 21:00,2025-12-22,21,550000,ОЭС ЮГА,16434,16008
2025-12-22 22:00,2025-12-22,22,550000,ОЭС ЮГА,15996,15560
2025-12-22 23:00,2025-12-22,23,550000,ОЭС ЮГА,15086,14638
2025-12-23 00:00,2025-12-23,0,550000,ОЭС ЮГА,14302,13813
2025-12-23 01:00,2025-12-23,1,550000,ОЭС ЮГА,13127,13441
2025-12-23 02:00,2025-12-23,2,550000,ОЭС ЮГА,12857,12963
2025-12-23 03:00,2025-12-23,3,550000,ОЭС ЮГА,12738,12857
2025-12-23 04:00,2025-12-23,4,550000,ОЭС ЮГА,12653,12361
2025-12-23 05:00,2025-12-23,5,550000,ОЭС ЮГА,12726,12837
2025-12-23 06:00,2025-12-23,6,550000,ОЭС ЮГА,13257,13373
2025-12-23 07:00,2025-12-23,7,550000,ОЭС ЮГА,14456,14450
2025-12-23 08:00,2025-12-23,8,550000,ОЭС ЮГА,15192,15285
2025-12-23 09:00,2025-12-23,9,550000,ОЭС ЮГА,16519,16116
2025-12-23 10:00,2025-12-23,10,550000,ОЭС ЮГА,16464,16500
2025-12-23 11:00,2025-12-23,11,550000,ОЭС ЮГА,16302,16515
2025-12-23 12:00,2025-12-23,12,550000,ОЭС ЮГА,16876,16458
2025-12-23 13:00,2025-12-23,13,550000,ОЭС ЮГА,17142,16440
2025-12-23 14:00,2025-12-23,14,550000,ОЭС ЮГА,17194,16394
2025-12-23 15:00,2025-12-23,15,550000,ОЭС ЮГА,16950,16301
2025-12-23 16:00,2025-12-23,16,550000,ОЭС ЮГА,17014,16497
2025-12-23 17:00,2025-12-23,17,550000,ОЭС ЮГА,17007,16584
2025-12-23 18:00,2025-12-23,18,550000,ОЭС ЮГА,17775,16724
2025-12-23 19:00,2025-12-23,19,550000,ОЭС ЮГА,17567,16516
2025-12-23 20:00,2025-12-23,20,550000,ОЭС ЮГА,17066,16250
2025-12-23 21:00,2025-12-23,21,550000,ОЭС ЮГА,16272,16028
2025-12-23 22:00,2025-12-23,22,550000,ОЭС ЮГА,16054,15690
2025-12-23 23:00,2025-12-23,23,550000,ОЭС ЮГА,14234,14642
2025-12-24 00:00,2025-12-24,0,550000,ОЭС ЮГА,13811,13878
2025-12-24 01:00,2025-12-24,1,550000,ОЭС ЮГА,12885,13315
2025-12-24 02:00,2025-12-24,2,550000,ОЭС ЮГА,12288,12902
2025-12-24 03:00,2025-12-24,3,550000,ОЭС ЮГА,12305,12815
2025-12-24 04:00,2025-12-24,4,550000,ОЭС ЮГА,12526,12802
2025-12-24 05:00,2025-12-24,5,550000,ОЭС ЮГА,12632,12987
2025-12-24 06:00,2025-12-24,6,550000,ОЭС ЮГА,13243,13765
2025-12-24 07:00,2025-12-24,7,550000,ОЭС ЮГА,14672,14491
2025-12-24 08:00,2025-12-24,8,550000,ОЭС ЮГА,15450,15416
2025-12-24 09:00,2025-12-24,9,550000,ОЭС ЮГА,16145,16281
2025-12-24 10:00,2025-12-24,10,550000,ОЭС ЮГА,16756,16646
2025-12-24 11:00,2025-12-24,11,550000,ОЭС ЮГА,17073,16809
2025-12-24 12:00,2025-12-24,12,550000,ОЭС ЮГА,16806,16781
2025-12-24 13:00,2025-12-24,13,550000,ОЭС ЮГА,17091,16533
2025-12-24 14:00,2025-12-24,14,550000,ОЭС ЮГА,17041,16727
2025-12-24 15:00,2025-12-24,15,550000,ОЭС ЮГА,16987,16633
2025-12-24 16:00,2025-12-24,16,550000,ОЭС ЮГА,17013,16694
2025-12-24 17:00,2025-12-24,17,550000,ОЭС ЮГА,17526,17173
2025-12-24 18:00,2025-12-24,18,550000,ОЭС ЮГА,17967,17083
2025-12-24 19:00,2025-12-24,19,550000,ОЭС ЮГА,17790,16819
2025-12-24 20:00,2025-12-24,20,550000,ОЭС ЮГА,17453,16546
2025-12-24 21:00,2025-12-24,21,550000,ОЭС ЮГА,16334,16338
2025-12-24 22:00,2025-12-24,22,550000,ОЭС ЮГА,15570,15962
2025-12-24 23:00,2025-12-24,23,550000,ОЭС ЮГА,13895,15154
2025-12-25 00:00,2025-12-25,0,550000,ОЭС ЮГА,12945,14502
2025-12-25 01:00,2025-12-25,1,550000,ОЭС ЮГА,13119,13805
2025-12-25 02:00,2025-12-25,2,550000,ОЭС ЮГА,12701,13343
2025-12-25 03:00,2025-12-25,3,550000,ОЭС ЮГА,12819,13334
2025-12-25 04:00,2025-12-25,4,550000,ОЭС ЮГА,12694,12992
2025-12-25 05:00,2025-12-25,5,550000,ОЭС ЮГА,13216,13310
2025-12-25 06:00,2025-12-25,6,550000,ОЭС ЮГА,13728,14211
2025-12-25 07:00,2025-12-25,7,550000,ОЭС ЮГА,14730,15090
2025-12-25 08:00,2025-12-25,8,550000,ОЭС ЮГА,15838,15913
2025-12-25 09:00,2025-12-25,9,550000,ОЭС ЮГА,16864,16951
2025-12-25 10:00,2025-12-25,10,550000,ОЭС ЮГА,17363,17254
2025-12-25 11:00,2025-12-25,11,550000,ОЭС ЮГА,17664,17255
2025-12-25 12:00,2025-12-25,12,550000,ОЭС ЮГА,17504,17156
2025-12-25 13:00,2025-12-25,13,550000,ОЭС ЮГА,17672,17034
2025-12-25 14:00,2025-12-25,14,550000,ОЭС ЮГА,17524,17010
2025-12-25 15:00,2025-12-25,15,550000,ОЭС ЮГА,17314,16978
2025-12-25 16:00,2025-12-25,16,550000,ОЭС ЮГА,17630,16955
2025-12-25 17:00,2025-12-25,17,550000,ОЭС ЮГА,17804,17564
2025-12-25 18:00,2025-12-25,18,550000,ОЭС ЮГА,18481,17601
2025-12-25 19:00,2025-12-25,19,550000,ОЭС ЮГА,18107,17492
2025-12-25 20:00,2025-12-25,20,550000,ОЭС ЮГА,17144,17168
2025-12-25 21:00,2025-12-25,21,550000,ОЭС ЮГА,16486,17064
2025-12-25 22:00,2025-12-25,22,550000,ОЭС ЮГА,15856,16352
2025-12-25 23:00,2025-12-25,23,550000,ОЭС ЮГА,14730,15766
2025-12-26 00:00,2025-12-26,0,550000,ОЭС ЮГА,14121,14987
2025-12-26 01:00,2025-12-26,1,550000,ОЭС ЮГА,13929,14225
2025-12-26 02:00,2025-12-26,2,550000,ОЭС ЮГА,13195,13734
2025-12-26 03:00,2025-12-26,3,550000,ОЭС ЮГА,13269,13700
2025-12-26 04:00,2025-12-26,4,550000,ОЭС ЮГА,13109,13674
2025-12-26 05:00,2025-12-26,5,550000,ОЭС ЮГА,13575,13821
2025-12-26 06:00,2025-12-26,6,550000,ОЭС ЮГА,14075,14475
2025-12-26 07:00,2025-12-26,7,550000,ОЭС ЮГА,15309,15374
2025-12-26 08:00,2025-12-26,8,550000,ОЭС ЮГА,15825,16256
2025-12-26 09:00,2025-12-26,9,550000,ОЭС ЮГА,17194,17296
2025-12-26 10:00,2025-12-26,10,550000,ОЭС ЮГА,17980,17739
2025-12-26 11:00,2025-12-26,11,550000,ОЭС ЮГА,18021,17748
2025-12-26 12:00,2025-12-26,12,550000,ОЭС ЮГА,17884,17475
2025-12-26 13:00,2025-12-26,13,550000,ОЭС ЮГА,17917,17428
2025-12-26 14:00,2025-12-26,14,550000,ОЭС ЮГА,17738,17403
2025-12-26 15:00,2025-12-26,15,550000,ОЭС ЮГА,17344,17117
2025-12-26 16:00,2025-12-26,16,550000,ОЭС ЮГА,17088,17131
2025-12-26 17:00,2025-12-26,17,550000,ОЭС ЮГА,17285,17523
2025-12-26 18:00,2025-12-26,18,550000,ОЭС ЮГА,17573,17557
2025-12-26 19:00,2025-12-26,19,550000,ОЭС ЮГА,17315,17302
2025-12-26 20:00,2025-12-26,20,550000,ОЭС ЮГА,16966,16991
2025-12-26 21:00,2025-12-26,21,550000,ОЭС ЮГА,16233,16708
2025-12-26 22:00,2025-12-26,22,550000,ОЭС ЮГА,16011,16460
2025-12-26 23:00,2025-12-26,23,550000,ОЭС ЮГА,15523,15747
2025-12-27 00:00,2025-12-27,0,550000,ОЭС ЮГА,14598,14944
2025-12-27 01:00,2025-12-27,1,550000,ОЭС ЮГА,14138,14161
2025-12-27 02:00,2025-12-27,2,550000,ОЭС ЮГА,13548,13931
2025-12-27 03:00,2025-12-27,3,550000,ОЭС ЮГА,13195,13662
2025-12-27 04:00,2025-12-27,4,550000,ОЭС ЮГА,13080,13552
2025-12-27 05:00,2025-12-27,5,550000,ОЭС ЮГА,13381,13602
2025-12-27 06:00,2025-12-27,6,550000,ОЭС ЮГА,13898,14033
2025-12-27 07:00,2025-12-27,7,550000,ОЭС ЮГА,14254,14726
2025-12-27 08:00,2025-12-27,8,550000,ОЭС ЮГА,14902,15183
2025-12-27 09:00,2025-12-27,9,550000,ОЭС ЮГА,16068,16122
2025-12-27 10:00,2025-12-27,10,550000,ОЭС ЮГА,16698,16808
2025-12-27 11:00,2025-12-27,11,550000,ОЭС ЮГА,17216,17135
2025-12-27 12:00,2025-12-27,12,550000,ОЭС ЮГА,17433,17038
2025-12-27 13:00,2025-12-27,13,550000,ОЭС ЮГА,17419,16919
2025-12-27 14:00,2025-12-27,14,550000,ОЭС ЮГА,17429,16965
2025-12-27 15:00,2025-12-27,15,550000,ОЭС ЮГА,17371,16648
2025-12-27 16:00,2025-12-27,16,550000,ОЭС ЮГА,17691,16769
2025-12-27 17:00,2025-12-27,17,550000,ОЭС ЮГА,18514,17330
2025-12-27 18:00,2025-12-27,18,550000,ОЭС ЮГА,18649,17449
2025-12-27 19:00,2025-12-27,19,550000,ОЭС ЮГА,17846,17215
2025-12-27 20:00,2025-12-27,20,550000,ОЭС ЮГА,17364,16945
2025-12-27 21:00,2025-12-27,21,550000,ОЭС ЮГА,17045,16674
2025-12-27 22:00,2025-12-27,22,550000,ОЭС ЮГА,16354,16072
2025-12-27 23:00,2025-12-27,23,550000,ОЭС ЮГА,15097,15486
2025-12-28 00:00,2025-12-28,0,550000,ОЭС ЮГА,14142,14741
2025-12-28 01:00,2025-12-28,1,550000,ОЭС ЮГА,13848,13988
2025-12-28 02:00,2025-12-28,2,550000,ОЭС ЮГА,13376,13569
2025-12-28 03:00,2025-12-28,3,550000,ОЭС ЮГА,13222,13226
2025-12-28 04:00,2025-12-28,4,550000,ОЭС ЮГА,13216,13202
2025-12-28 05:00,2025-12-28,5,550000,ОЭС ЮГА,13607,13092
2025-12-28 06:00,2025-12-28,6,550000,ОЭС ЮГА,13940,13597
2025-12-28 07:00,2025-12-28,7,550000,ОЭС ЮГА,14276,13954
2025-12-28 08:00,2025-12-28,8,550000,ОЭС ЮГА,14576,14468
2025-12-28 09:00,2025-12-28,9,550000,ОЭС ЮГА,15686,15420
2025-12-28 10:00,2025-12-28,10,550000,ОЭС ЮГА,16580,16275
2025-12-28 11:00,2025-12-28,11,550000,ОЭС ЮГА,17083,16384
2025-12-28 12:00,2025-12-28,12,550000,ОЭС ЮГА,17100,16489
2025-12-28 13:00,2025-12-28,13,550000,ОЭС ЮГА,17272,16479
2025-12-28 14:00,2025-12-28,14,550000,ОЭС ЮГА,17016,16277
2025-12-28 15:00,2025-12-28,15,550000,ОЭС ЮГА,17013,16369
2025-12-28 16:00,2025-12-28,16,550000,ОЭС ЮГА,17181,16586
2025-12-28 17:00,2025-12-28,17,550000,ОЭС ЮГА,18135,17027
2025-12-28 18:00,2025-12-28,18,550000,ОЭС ЮГА,18465,17162
2025-12-28 19:00,2025-12-28,19,550000,ОЭС ЮГА,18049,16953
2025-12-28 20:00,2025-12-28,20,550000,ОЭС ЮГА,17376,16717
2025-12-28 21:00,2025-12-28,21,550000,ОЭС ЮГА,17175,16421
2025-12-28 22:00,2025-12-28,22,550000,ОЭС ЮГА,16343,15841
2025-12-28 23:00,2025-12-28,23,550000,ОЭС ЮГА,14672,15183
2025-12-29 00:00,2025-12-29,0,550000,ОЭС ЮГА,14073,14366
2025-12-29 01:00,2025-12-29,1,550000,ОЭС ЮГА,13711,13805
2025-12-29 02:00,2025-12-29,2,550000,ОЭС ЮГА,13352,13327
2025-12-29 03:00,2025-12-29,3,550000,ОЭС ЮГА,13084,13034
2025-12-29 04:00,2025-12-29,4,550000,ОЭС ЮГА,13091,12944
2025-12-29 05:00,2025-12-29,5,550000,ОЭС ЮГА,13263,13094
2025-12-29 06:00,2025-12-29,6,550000,ОЭС ЮГА,13926,13654
2025-12-29 07:00,2025-12-29,7,550000,ОЭС ЮГА,15121,14590
2025-12-29 08:00,2025-12-29,8,550000,ОЭС ЮГА,15619,15344
2025-12-29 09:00,2025-12-29,9,550000,ОЭС ЮГА,16729,16367
2025-12-29 10:00,2025-12-29,10,550000,ОЭС ЮГА,16812,16806
2025-12-29 11:00,2025-12-29,11,550000,ОЭС ЮГА,16625,16807
2025-12-29 12:00,2025-12-29,12,550000,ОЭС ЮГА,16653,16769
2025-12-29 13:00,2025-12-29,13,550000,ОЭС ЮГА,16770,16830
2025-12-29 14:00,2025-12-29,14,550000,ОЭС ЮГА,16784,16744
2025-12-29 15:00,2025-12-29,15,550000,ОЭС ЮГА,16664,16646
2025-12-29 16:00,2025-12-29,16,550000,ОЭС ЮГА,16637,16621
2025-12-29 17:00,2025-12-29,17,550000,ОЭС ЮГА,16524,16994
2025-12-29 18:00,2025-12-29,18,550000,ОЭС ЮГА,17600,17089
2025-12-29 19:00,2025-12-29,19,550000,ОЭС ЮГА,17562,16738
2025-12-29 20:00,2025-12-29,20,550000,ОЭС ЮГА,17169,16579
2025-12-29 21:00,2025-12-29,21,550000,ОЭС ЮГА,16964,16302
2025-12-29 22:00,2025-12-29,22,550000,ОЭС ЮГА,15962,15983
2025-12-29 23:00,2025-12-29,23,550000,ОЭС ЮГА,15203,15211
2025-12-30 00:00,2025-12-30,0,550000,ОЭС ЮГА,14725,14545
2025-12-30 01:00,2025-12-30,1,550000,ОЭС ЮГА,14384,13732
2025-12-30 02:00,2025-12-30,2,550000,ОЭС ЮГА,13637,13415
2025-12-30 03:00,2025-12-30,3,550000,ОЭС ЮГА,13675,13139
2025-12-30 04:00,2025-12-30,4,550000,ОЭС ЮГА,13351,13097
2025-12-30 05:00,2025-12-30,5,550000,ОЭС ЮГА,13459,13149
2025-12-30 06:00,2025-12-30,6,550000,ОЭС ЮГА,14115,13753
2025-12-30 07:00,2025-12-30,7,550000,ОЭС ЮГА,14867,14542
2025-12-30 08:00,2025-12-30,8,550000,ОЭС ЮГА,15718,15212
2025-12-30 09:00,2025-12-30,9,550000,ОЭС ЮГА,16096,16265
2025-12-30 10:00,2025-12-30,10,550000,ОЭС ЮГА,16890,16781
2025-12-30 11:00,2025-12-30,11,550000,ОЭС ЮГА,17094,16870
2025-12-30 12:00,2025-12-30,12,550000,ОЭС ЮГА,17143,16750
2025-12-30 13:00,2025-12-30,13,550000,ОЭС ЮГА,17013,16634
2025-12-30 14:00,2025-12-30,14,550000,ОЭС ЮГА,16634,16397
2025-12-30 15:00,2025-12-30,15,550000,ОЭС ЮГА,16740,16399
2025-12-30 16:00,2025-12-30,16,550000,ОЭС ЮГА,17081,16309
2025-12-30 17:00,2025-12-30,17,550000,ОЭС ЮГА,17107,16917
2025-12-30 18:00,2025-12-30,18,550000,ОЭС ЮГА,17599,16969
2025-12-30 19:00,2025-12-30,19,550000,ОЭС ЮГА,17104,16661
2025-12-30 20:00,2025-12-30,20,550000,ОЭС ЮГА,16446,16445
2025-12-30 21:00,2025-12-30,21,550000,ОЭС ЮГА,16078,16201
2025-12-30 22:00,2025-12-30,22,550000,ОЭС ЮГА,15800,15974
2025-12-30 23:00,2025-12-30,23,550000,ОЭС ЮГА,15283,15208
2025-12-31 00:00,2025-12-31,0,550000,ОЭС ЮГА,14109,14306
2025-12-31 01:00,2025-12-31,1,550000,ОЭС ЮГА,13033,13717
2025-12-31 02:00,2025-12-31,2,550000,ОЭС ЮГА,12561,13121
2025-12-31 03:00,2025-12-31,3,550000,ОЭС ЮГА,12495,12868
2025-12-31 04:00,2025-12-31,4,550000,ОЭС ЮГА,12463,12581
2025-12-31 05:00,2025-12-31,5,550000,ОЭС ЮГА,12359,12671
2025-12-31 06:00,2025-12-31,6,550000,ОЭС ЮГА,12624,12845
2025-12-31 07:00,2025-12-31,7,550000,ОЭС ЮГА,12471,13298
2025-12-31 08:00,2025-12-31,8,550000,ОЭС ЮГА,13669,13624
2025-12-31 09:00,2025-12-31,9,550000,ОЭС ЮГА,14235,14550
2025-12-31 10:00,2025-12-31,10,550000,ОЭС ЮГА,15040,15205
2025-12-31 11:00,2025-12-31,11,550000,ОЭС ЮГА,15357,15665
2025-12-31 12:00,2025-12-31,12,550000,ОЭС ЮГА,15481,15604
2025-12-31 13:00,2025-12-31,13,550000,ОЭС ЮГА,15684,15637
2025-12-31 14:00,2025-12-31,14,550000,ОЭС ЮГА,15786,15696
2025-12-31 15:00,2025-12-31,15,550000,ОЭС ЮГА,15941,15549
2025-12-31 16:00,2025-12-31,16,550000,ОЭС ЮГА,16157,16000
2025-12-31 17:00,2025-12-31,17,550000,ОЭС ЮГА,16533,16474
2025-12-31 18:00,2025-12-31,18,550000,ОЭС ЮГА,17279,16905
2025-12-31 19:00,2025-12-31,19,550000,ОЭС ЮГА,16612,16435
2025-12-31 20:00,2025-12-31,20,550000,ОЭС ЮГА,16417,16137
2025-12-31 21:00,2025-12-31,21,550000,ОЭС ЮГА,16372,15737
2025-12-31 22:00,2025-12-31,22,550000,ОЭС ЮГА,15394,15152
2025-12-31 23:00,2025-12-31,23,550000,ОЭС ЮГА,15347,14642
2026-01-01 00:00,2026-01-01,0,550000,ОЭС ЮГА,14811,14002
2026-01-01 01:00,2026-01-01,1,550000,ОЭС ЮГА,13664,13724
2026-01-01 02:00,2026-01-01,2,550000,ОЭС ЮГА,13091,13337
2026-01-01 03:00,2026-01-01,3,550000,ОЭС ЮГА,12820,13055
2026-01-01 04:00,2026-01-01,4,550000,ОЭС ЮГА,12442,12638
2026-01-01 05:00,2026-01-01,5,550000,ОЭС ЮГА,12370,12752
2026-01-01 06:00,2026-01-01,6,550000,ОЭС ЮГА,12346,12702
2026-01-01 07:00,2026-01-01,7,550000,ОЭС ЮГА,12264,12869
2026-01-01 08:00,2026-01-01,8,550000,ОЭС ЮГА,12090,12899
2026-01-01 09:00,2026-01-01,9,550000,ОЭС ЮГА,12826,13301
2026-01-01 10:00,2026-01-01,10,550000,ОЭС ЮГА,13008,13755
2026-01-01 11:00,2026-01-01,11,550000,ОЭС ЮГА,13342,14276
2026-01-01 12:00,2026-01-01,12,550000,ОЭС ЮГА,13926,14445
2026-01-01 13:00,2026-01-01,13,550000,ОЭС ЮГА,14305,14542
2026-01-01 14:00,2026-01-01,14,550000,ОЭС ЮГА,14221,14573
2026-01-01 15:00,2026-01-01,15,550000,ОЭС ЮГА,14051,14513
2026-01-01 16:00,2026-01-01,16,550000,ОЭС ЮГА,14396,14595
2026-01-01 17:00,2026-01-01,17,550000,ОЭС ЮГА,14802,15158
2026-01-01 18:00,2026-01-01,18,550000,ОЭС ЮГА,15490,15474
2026-01-01 19:00,2026-01-01,19,550000,ОЭС ЮГА,15042,15426
2026-01-01 20:00,2026-01-01,20,550000,ОЭС ЮГА,14791,15349
2026-01-01 21:00,2026-01-01,21,550000,ОЭС ЮГА,14631,15155
2026-01-01 22:00,2026-01-01,22,550000,ОЭС ЮГА,14311,14967
2026-01-01 23:00,2026-01-01,23,550000,ОЭС ЮГА,13617,14328
2026-01-02 00:00,2026-01-02,0,550000,ОЭС ЮГА,13538,13962
2026-01-02 01:00,2026-01-02,1,550000,ОЭС ЮГА,13164,13459
2026-01-02 02:00,2026-01-02,2,550000,ОЭС ЮГА,12495,13090
2026-01-02 03:00,2026-01-02,3,550000,ОЭС ЮГА,12401,12729
2026-01-02 04:00,2026-01-02,4,550000,ОЭС ЮГА,12454,12743
2026-01-02 05:00,2026-01-02,5,550000,ОЭС ЮГА,12677,12792
2026-01-02 06:00,2026-01-02,6,550000,ОЭС ЮГА,12756,13064
2026-01-02 07:00,2026-01-02,7,550000,ОЭС ЮГА,12786,13526
2026-01-02 08:00,2026-01-02,8,550000,ОЭС ЮГА,13432,13586
2026-01-02 09:00,2026-01-02,9,550000,ОЭС ЮГА,13882,14438
2026-01-02 10:00,2026-01-02,10,550000,ОЭС ЮГА,14557,15156
2026-01-02 11:00,2026-01-02,11,550000,ОЭС ЮГА,15244,15459
2026-01-02 12:00,2026-01-02,12,550000,ОЭС ЮГА,15370,15427
2026-01-02 13:00,2026-01-02,13,550000,ОЭС ЮГА,15269,15503
2026-01-02 14:00,2026-01-02,14,550000,ОЭС ЮГА,15037,15187
2026-01-02 15:00,2026-01-02,15,550000,ОЭС ЮГА,15216,15226
2026-01-02 16:00,2026-01-02,16,550000,ОЭС ЮГА,15398,15190
2026-01-02 17:00,2026-01-02,17,550000,ОЭС ЮГА,16414,15793
2026-01-02 18:00,2026-01-02,18,550000,ОЭС ЮГА,16679,16020
2026-01-02 19:00,2026-01-02,19,550000,ОЭС ЮГА,16356,15885
2026-01-02 20:00,2026-01-02,20,550000,ОЭС ЮГА,16165,15647
2026-01-02 21:00,2026-01-02,21,550000,ОЭС ЮГА,15979,15569
2026-01-02 22:00,2026-01-02,22,550000,ОЭС ЮГА,15437,15173
2026-01-02 23:00,2026-01-02,23,550000,ОЭС ЮГА,14711,14648
2026-01-03 00:00,2026-01-03,0,550000,ОЭС ЮГА,14712,14038
2026-01-03 01:00,2026-01-03,1,550000,ОЭС ЮГА,13945,13360
2026-01-03 02:00,2026-01-03,2,550000,ОЭС ЮГА,13421,13053
2026-01-03 03:00,2026-01-03,3,550000,ОЭС ЮГА,13404,12797
2026-01-03 04:00,2026-01-03,4,550000,ОЭС ЮГА,13261,12645
2026-01-03 05:00,2026-01-03,5,550000,ОЭС ЮГА,13457,12743
2026-01-03 06:00,2026-01-03,6,550000,ОЭС ЮГА,13878,12997
2026-01-03 07:00,2026-01-03,7,550000,ОЭС ЮГА,14140,13278
2026-01-03 08:00,2026-01-03,8,550000,ОЭС ЮГА,14386,13670
2026-01-03 09:00,2026-01-03,9,550000,ОЭС ЮГА,14959,14646
2026-01-03 10:00,2026-01-03,10,550000,ОЭС ЮГА,15427,15377
2026-01-03 11:00,2026-01-03,11,550000,ОЭС ЮГА,16002,15702
2026-01-03 12:00,2026-01-03,12,550000,ОЭС ЮГА,16314,15718
2026-01-03 13:00,2026-01-03,13,550000,ОЭС ЮГА,16175,15648
2026-01-03 14:00,2026-01-03,14,550000,ОЭС ЮГА,16103,15496
2026-01-03 15:00,2026-01-03,15,550000,ОЭС ЮГА,15978,15280
2026-01-03 16:00,2026-01-03,16,550000,ОЭС ЮГА,16366,15358
2026-01-03 17:00,2026-01-03,17,550000,ОЭС ЮГА,16952,15944
2026-01-03 18:00,2026-01-03,18,550000,ОЭС ЮГА,17512,16014
2026-01-03 19:00,2026-01-03,19,550000,ОЭС ЮГА,17264,16011
2026-01-03 20:00,2026-01-03,20,550000,ОЭС ЮГА,17211,15775
2026-01-03 21:00,2026-01-03,21,550000,ОЭС ЮГА,17239,15491
2026-01-03 22:00,2026-01-03,22,550000,ОЭС ЮГА,15938,15073
2026-01-03 23:00,2026-01-03,23,550000,ОЭС ЮГА,14803,14494
2026-01-04 00:00,2026-01-04,0,550000,ОЭС ЮГА,14166,13785
2026-01-04 01:00,2026-01-04,1,550000,ОЭС ЮГА,13750,13383
2026-01-04 02:00,2026-01-04,2,550000,ОЭС ЮГА,13196,12926
2026-01-04 03:00,2026-01-04,3,550000,ОЭС ЮГА,13208,12641
2026-01-04 04:00,2026-01-04,4,550000,ОЭС ЮГА,13136,12650
2026-01-04 05:00,2026-01-04,5,550000,ОЭС ЮГА,13173,12539
2026-01-04 06:00,2026-01-04,6,550000,ОЭС ЮГА,13773,12660
2026-01-04 07:00,2026-01-04,7,550000,ОЭС ЮГА,13855,13124
2026-01-04 08:00,2026-01-04,8,550000,ОЭС ЮГА,14324,13491
2026-01-04 09:00,2026-01-04,9,550000,ОЭС ЮГА,14855,14238
2026-01-04 10:00,2026-01-04,10,550000,ОЭС ЮГА,15610,14947
2026-01-04 11:00,2026-01-04,11,550000,ОЭС ЮГА,15717,15285
2026-01-04 12:00,2026-01-04,12,550000,ОЭС ЮГА,16174,15253
2026-01-04 13:00,2026-01-04,13,550000,ОЭС ЮГА,15746,15258
2026-01-04 14:00,2026-01-04,14,550000,ОЭС ЮГА,15938,15237
2026-01-04 15:00,2026-01-04,15,550000,ОЭС ЮГА,15723,15073
2026-01-04 16:00,2026-01-04,16,550000,ОЭС ЮГА,15854,15175
2026-01-04 17:00,2026-01-04,17,550000,ОЭС ЮГА,16394,15689
2026-01-04 18:00,2026-01-04,18,550000,ОЭС ЮГА,16543,15856
2026-01-04 19:00,2026-01-04,19,550000,ОЭС ЮГА,16259,15711
2026-01-04 20:00,2026-01-04,20,550000,ОЭС ЮГА,16138,15536
2026-01-04 21:00,2026-01-04,21,550000,ОЭС ЮГА,15937,15147
2026-01-04 22:00,2026-01-04,22,550000,ОЭС ЮГА,15257,14653
2026-01-04 23:00,2026-01-04,23,550000,ОЭС ЮГА,14833,14156
2026-01-05 00:00,2026-01-05,0,550000,ОЭС ЮГА,14081,13529
2026-01-05 01:00,2026-01-05,1,550000,ОЭС ЮГА,13332,12910
2026-01-05 02:00,2026-01-05,2,550000,ОЭС ЮГА,13089,12498
2026-01-05 03:00,2026-01-05,3,550000,ОЭС ЮГА,12784,12354
2026-01-05 04:00,2026-01-05,4,550000,ОЭС ЮГА,12881,12123
2026-01-05 05:00,2026-01-05,5,550000,ОЭС ЮГА,13117,12292
2026-01-05 06:00,2026-01-05,6,550000,ОЭС ЮГА,13314,12575
2026-01-05 07:00,2026-01-05,7,550000,ОЭС ЮГА,13718,13030
2026-01-05 08:00,2026-01-05,8,550000,ОЭС ЮГА,14218,13315
2026-01-05 09:00,2026-01-05,9,550000,ОЭС ЮГА,15214,14385
2026-01-05 10:00,2026-01-05,10,550000,ОЭС ЮГА,15841,15112
2026-01-05 11:00,2026-01-05,11,550000,ОЭС ЮГА,16280,15357
2026-01-05 12:00,2026-01-05,12,550000,ОЭС ЮГА,16570,15321
2026-01-05 13:00,2026-01-05,13,550000,ОЭС ЮГА,16588,15344
2026-01-05 14:00,2026-01-05,14,550000,ОЭС ЮГА,16331,15366
2026-01-05 15:00,2026-01-05,15,550000,ОЭС ЮГА,16184,15269
2026-01-05 16:00,2026-01-05,16,550000,ОЭС ЮГА,16248,15320
2026-01-05 17:00,2026-01-05,17,550000,ОЭС ЮГА,17228,15673
2026-01-05 18:00,2026-01-05,18,550000,ОЭС ЮГА,17444,15974
2026-01-05 19:00,2026-01-05,19,550000,ОЭС ЮГА,17063,15662
2026-01-05 20:00,2026-01-05,20,550000,ОЭС ЮГА,16373,15463
2026-01-05 21:00,2026-01-05,21,550000,ОЭС ЮГА,15944,15153
2026-01-05 22:00,2026-01-05,22,550000,ОЭС ЮГА,15218,14735
2026-01-05 23:00,2026-01-05,23,550000,ОЭС ЮГА,13990,14174
2026-01-06 00:00,2026-01-06,0,550000,ОЭС ЮГА,13657,13543
2026-01-06 01:00,2026-01-06,1,550000,ОЭС ЮГА,12972,12880
2026-01-06 02:00,2026-01-06,2,550000,ОЭС ЮГА,12833,12399
2026-01-06 03:00,2026-01-06,3,550000,ОЭС ЮГА,13113,12366
2026-01-06 04:00,2026-01-06,4,550000,ОЭС ЮГА,12980,12190
2026-01-06 05:00,2026-01-06,5,550000,ОЭС ЮГА,13070,12212
2026-01-06 06:00,2026-01-06,6,550000,ОЭС ЮГА,13413,12443
2026-01-06 07:00,2026-01-06,7,550000,ОЭС ЮГА,14091,13082
2026-01-06 08:00,2026-01-06,8,550000,ОЭС ЮГА,14435,13641
2026-01-06 09:00,2026-01-06,9,550000,ОЭС ЮГА,15136,14568
2026-01-06 10:00,2026-01-06,10,550000,ОЭС ЮГА,15929,15079
2026-01-06 11:00,2026-01-06,11,550000,ОЭС ЮГА,16354,15393
2026-01-06 12:00,2026-01-06,12,550000,ОЭС ЮГА,16649,15455
2026-01-06 13:00,2026-01-06,13,550000,ОЭС ЮГА,16853,15609
2026-01-06 14:00,2026-01-06,14,550000,ОЭС ЮГА,16782,15333
2026-01-06 15:00,2026-01-06,15,550000,ОЭС ЮГА,16644,15386
2026-01-06 16:00,2026-01-06,16,550000,ОЭС ЮГА,16629,15463
2026-01-06 17:00,2026-01-06,17,550000,ОЭС ЮГА,17110,15680
2026-01-06 18:00,2026-01-06,18,550000,ОЭС ЮГА,17737,15993
2026-01-06 19:00,2026-01-06,19,550000,ОЭС ЮГА,17405,15665
2026-01-06 20:00,2026-01-06,20,550000,ОЭС ЮГА,17077,15344
2026-01-06 21:00,2026-01-06,21,550000,ОЭС ЮГА,16354,15134
2026-01-06 22:00,2026-01-06,22,550000,ОЭС ЮГА,15979,14837
2026-01-06 23:00,2026-01-06,23,550000,ОЭС ЮГА,15222,14177
2026-01-07 00:00,2026-01-07,0,550000,ОЭС ЮГА,14553,13523
2026-01-07 01:00,2026-01-07,1,550000,ОЭС ЮГА,13463,12932
2026-01-07 02:00,2026-01-07,2,550000,ОЭС ЮГА,13058,12367
2026-01-07 03:00,2026-01-07,3,550000,ОЭС ЮГА,12717,12298
2026-01-07 04:00,2026-01-07,4,550000,ОЭС ЮГА,12415,11949
2026-01-07 05:00,2026-01-07,5,550000,ОЭС ЮГА,12599,12179
2026-01-07 06:00,2026-01-07,6,550000,ОЭС ЮГА,12683,12371
2026-01-07 07:00,2026-01-07,7,550000,ОЭС ЮГА,12892,12829
2026-01-07 08:00,2026-01-07,8,550000,ОЭС ЮГА,13034,13187
2026-01-07 09:00,2026-01-07,9,550000,ОЭС ЮГА,13616,14023
2026-01-07 10:00,2026-01-07,10,550000,ОЭС ЮГА,14426,14513
2026-01-07 11:00,2026-01-07,11,550000,ОЭС ЮГА,15332,14919
2026-01-07 12:00,2026-01-07,12,550000,ОЭС ЮГА,15203,14857
2026-01-07 13:00,2026-01-07,13,550000,ОЭС ЮГА,15217,14922
2026-01-07 14:00,2026-01-07,14,550000,ОЭС ЮГА,15111,14689
2026-01-07 15:00,2026-01-07,15,550000,ОЭС ЮГА,15153,14727
2026-01-07 16:00,2026-01-07,16,550000,ОЭС ЮГА,15426,14844
2026-01-07 17:00,2026-01-07,17,550000,ОЭС ЮГА,16176,15195
2026-01-07 18:00,2026-01-07,18,550000,ОЭС ЮГА,16572,15647
2026-01-07 19:00,2026-01-07,19,550000,ОЭС ЮГА,16089,15418
2026-01-07 20:00,2026-01-07,20,550000,ОЭС ЮГА,15401,15152
2026-01-07 21:00,2026-01-07,21,550000,ОЭС ЮГА,15107,14894
2026-01-07 22:00,2026-01-07,22,550000,ОЭС ЮГА,14779,14492
2026-01-07 23:00,2026-01-07,23,550000,ОЭС ЮГА,14180,14012
2026-01-08 00:00,2026-01-08,0,550000,ОЭС ЮГА,13682,13357
2026-01-08 01:00,2026-01-08,1,550000,ОЭС ЮГА,12935,12887
2026-01-08 02:00,2026-01-08,2,550000,ОЭС ЮГА,12733,12406
2026-01-08 03:00,2026-01-08,3,550000,ОЭС ЮГА,12563,11990
2026-01-08 04:00,2026-01-08,4,550000,ОЭС ЮГА,12452,11908
2026-01-08 05:00,2026-01-08,5,550000,ОЭС ЮГА,12583,11984
2026-01-08 06:00,2026-01-08,6,550000,ОЭС ЮГА,12882,12293
2026-01-08 07:00,2026-01-08,7,550000,ОЭС ЮГА,13276,12842
2026-01-08 08:00,2026-01-08,8,550000,ОЭС ЮГА,13125,13116
2026-01-08 09:00,2026-01-08,9,550000,ОЭС ЮГА,13843,14285
2026-01-08 10:00,2026-01-08,10,550000,ОЭС ЮГА,14701,14992
2026-01-08 11:00,2026-01-08,11,550000,ОЭС ЮГА,15618,15207
2026-01-08 12:00,2026-01-08,12,550000,ОЭС ЮГА,15760,15324
2026-01-08 13:00,2026-01-08,13,550000,ОЭС ЮГА,15891,15274
2026-01-08 14:00,2026-01-08,14,550000,ОЭС ЮГА,15574,15179
2026-01-08 15:00,2026-01-08,15,550000,ОЭС ЮГА,15603,15085
2026-01-08 16:00,2026-01-08,16,550000,ОЭС ЮГА,15892,15014
2026-01-08 17:00,2026-01-08,17,550000,ОЭС ЮГА,16776,15632
2026-01-08 18:00,2026-01-08,18,550000,ОЭС ЮГА,17255,15834
2026-01-08 19:00,2026-01-08,19,550000,ОЭС ЮГА,16502,15546
2026-01-08 20:00,2026-01-08,20,550000,ОЭС ЮГА,16013,15162
2026-01-08 21:00,2026-01-08,21,550000,ОЭС ЮГА,15603,14994
2026-01-08 22:00,2026-01-08,22,550000,ОЭС ЮГА,14681,14570
2026-01-08 23:00,2026-01-08,23,550000,ОЭС ЮГА,13974,13967
2026-01-09 00:00,2026-01-09,0,550000,ОЭС ЮГА,13590,13365
2026-01-09 01:00,2026-01-09,1,550000,ОЭС ЮГА,13012,12730
2026-01-09 02:00,2026-01-09,2,550000,ОЭС ЮГА,12321,12451
2026-01-09 03:00,2026-01-09,3,550000,ОЭС ЮГА,12081,12191
2026-01-09 04:00,2026-01-09,4,550000,ОЭС ЮГА,12096,11848
2026-01-09 05:00,2026-01-09,5,550000,ОЭС ЮГА,12278,12005
2026-01-09 06:00,2026-01-09,6,550000,ОЭС ЮГА,12636,12305
2026-01-09 07:00,2026-01-09,7,550000,ОЭС ЮГА,12568,12850
2026-01-09 08:00,2026-01-09,8,550000,ОЭС ЮГА,13160,13405
2026-01-09 09:00,2026-01-09,9,550000,ОЭС ЮГА,13806,14139
2026-01-09 10:00,2026-01-09,10,550000,ОЭС ЮГА,14791,15054
2026-01-09 11:00,2026-01-09,11,550000,ОЭС ЮГА,15182,15397
2026-01-09 12:00,2026-01-09,12,550000,ОЭС ЮГА,15453,15606
2026-01-09 13:00,2026-01-09,13,550000,ОЭС ЮГА,15593,15664
2026-01-09 14:00,2026-01-09,14,550000,ОЭС ЮГА,16012,15375
2026-01-09 15:00,2026-01-09,15,550000,ОЭС ЮГА,15990,15440
2026-01-09 16:00,2026-01-09,16,550000,ОЭС ЮГА,16007,15606
2026-01-09 17:00,2026-01-09,17,550000,ОЭС ЮГА,16622,15905
2026-01-09 18:00,2026-01-09,18,550000,ОЭС ЮГА,17014,16059
2026-01-09 19:00,2026-01-09,19,550000,ОЭС ЮГА,16672,15863
2026-01-09 20:00,2026-01-09,20,550000,ОЭС ЮГА,16238,15586
2026-01-09 21:00,2026-01-09,21,550000,ОЭС ЮГА,15580,15321
2026-01-09 22:00,2026-01-09,22,550000,ОЭС ЮГА,15070,14931
2026-01-09 23:00,2026-01-09,23,550000,ОЭС ЮГА,13724,14211
2026-01-10 00:00,2026-01-10,0,550000,ОЭС ЮГА,12946,13704
2026-01-10 01:00,2026-01-10,1,550000,ОЭС ЮГА,12651,13010
2026-01-10 02:00,2026-01-10,2,550000,ОЭС ЮГА,12136,12455
2026-01-10 03:00,2026-01-10,3,550000,ОЭС ЮГА,12188,12269
2026-01-10 04:00,2026-01-10,4,550000,ОЭС ЮГА,12245,12125
2026-01-10 05:00,2026-01-10,5,550000,ОЭС ЮГА,12151,11930
2026-01-10 06:00,2026-01-10,6,550000,ОЭС ЮГА,12718,12287
2026-01-10 07:00,2026-01-10,7,550000,ОЭС ЮГА,12948,12785
2026-01-10 08:00,2026-01-10,8,550000,ОЭС ЮГА,12959,13270
2026-01-10 09:00,2026-01-10,9,550000,ОЭС ЮГА,14172,14162
2026-01-10 10:00,2026-01-10,10,550000,ОЭС ЮГА,14938,14969
2026-01-10 11:00,2026-01-10,11,550000,ОЭС ЮГА,15308,15421
2026-01-10 12:00,2026-01-10,12,550000,ОЭС ЮГА,15387,15562
2026-01-10 13:00,2026-01-10,13,550000,ОЭС ЮГА,15437,15365
2026-01-10 14:00,2026-01-10,14,550000,ОЭС ЮГА,15394,15467
2026-01-10 15:00,2026-01-10,15,550000,ОЭС ЮГА,15498,15416
2026-01-10 16:00,2026-01-10,16,550000,ОЭС ЮГА,15427,15473
2026-01-10 17:00,2026-01-10,17,550000,ОЭС ЮГА,15971,15876
2026-01-10 18:00,2026-01-10,18,550000,ОЭС ЮГА,16624,16157
2026-01-10 19:00,2026-01-10,19,550000,ОЭС ЮГА,16340,15865
2026-01-10 20:00,2026-01-10,20,550000,ОЭС ЮГА,15928,15521
2026-01-10 21:00,2026-01-10,21,550000,ОЭС ЮГА,15619,15358
2026-01-10 22:00,2026-01-10,22,550000,ОЭС ЮГА,15330,14851
2026-01-10 23:00,2026-01-10,23,550000,ОЭС ЮГА,14753,14180
2026-01-11 00:00,2026-01-11,0,550000,ОЭС ЮГА,13742,13504
2026-01-11 01:00,2026-01-11,1,550000,ОЭС ЮГА,13221,12836
2026-01-11 02:00,2026-01-11,2,550000,ОЭС ЮГА,12893,12433
2026-01-11 03:00,2026-01-11,3,550000,ОЭС ЮГА,13038,12104
2026-01-11 04:00,2026-01-11,4,550000,ОЭС ЮГА,13081,12291
2026-01-11 05:00,2026-01-11,5,550000,ОЭС ЮГА,13053,12273
2026-01-11 06:00,2026-01-11,6,550000,ОЭС ЮГА,13414,12431
2026-01-11 07:00,2026-01-11,7,550000,ОЭС ЮГА,13609,12937
2026-01-11 08:00,2026-01-11,8,550000,ОЭС ЮГА,14174,13231
2026-01-11 09:00,2026-01-11,9,550000,ОЭС ЮГА,14547,13997
2026-01-11 10:00,2026-01-11,10,550000,ОЭС ЮГА,15395,14571
2026-01-11 11:00,2026-01-11,11,550000,ОЭС ЮГА,15555,15099
2026-01-11 12:00,2026-01-11,12,550000,ОЭС ЮГА,15747,15272
2026-01-11 13:00,2026-01-11,13,550000,ОЭС ЮГА,16080,15296
2026-01-11 14:00,2026-01-11,14,550000,ОЭС ЮГА,15917,15327
2026-01-11 15:00,2026-01-11,15,550000,ОЭС ЮГА,15880,15257
2026-01-11 16:00,2026-01-11,16,550000,ОЭС ЮГА,16074,15393
2026-01-11 17:00,2026-01-11,17,550000,ОЭС ЮГА,16323,15911
2026-01-11 18:00,2026-01-11,18,550000,ОЭС ЮГА,16929,16352
2026-01-11 19:00,2026-01-11,19,550000,ОЭС ЮГА,16339,16201
2026-01-11 20:00,2026-01-11,20,550000,ОЭС ЮГА,16035,16026
2026-01-11 21:00,2026-01-11,21,550000,ОЭС ЮГА,15930,15756
2026-01-11 22:00,2026-01-11,22,550000,ОЭС ЮГА,15180,15176
2026-01-11 23:00,2026-01-11,23,550000,ОЭС ЮГА,14532,14308
2026-01-12 00:00,2026-01-12,0,550000,ОЭС ЮГА,13580,13572
2026-01-12 01:00,2026-01-12,1,550000,ОЭС ЮГА,12908,12827
2026-01-12 02:00,2026-01-12,2,550000,ОЭС ЮГА,12593,12677
2026-01-12 03:00,2026-01-12,3,550000,ОЭС ЮГА,12487,12521
2026-01-12 04:00,2026-01-12,4,550000,ОЭС ЮГА,12422,12247
2026-01-12 05:00,2026-01-12,5,550000,ОЭС ЮГА,12994,12576
2026-01-12 06:00,2026-01-12,6,550000,ОЭС ЮГА,13625,13294
2026-01-12 07:00,2026-01-12,7,550000,ОЭС ЮГА,14454,14417
2026-01-12 08:00,2026-01-12,8,550000,ОЭС ЮГА,15091,15177
2026-01-12 09:00,2026-01-12,9,550000,ОЭС ЮГА,16184,15953
2026-01-12 10:00,2026-01-12,10,550000,ОЭС ЮГА,16777,16465
2026-01-12 11:00,2026-01-12,11,550000,ОЭС ЮГА,17043,16699
2026-01-12 12:00,2026-01-12,12,550000,ОЭС ЮГА,17251,16724
2026-01-12 13:00,2026-01-12,13,550000,ОЭС ЮГА,17288,16664
2026-01-12 14:00,2026-01-12,14,550000,ОЭС ЮГА,17514,16604
2026-01-12 15:00,2026-01-12,15,550000,ОЭС ЮГА,17573,16633
2026-01-12 16:00,2026-01-12,16,550000,ОЭС ЮГА,17453,16653
2026-01-12 17:00,2026-01-12,17,550000,ОЭС ЮГА,17374,16701
2026-01-12 18:00,2026-01-12,18,550000,ОЭС ЮГА,17871,17038
2026-01-12 19:00,2026-01-12,19,550000,ОЭС ЮГА,17442,16842
2026-01-12 20:00,2026-01-12,20,550000,ОЭС ЮГА,17079,16578
2026-01-12 21:00,2026-01-12,21,550000,ОЭС ЮГА,16697,16416
2026-01-12 22:00,2026-01-12,22,550000,ОЭС ЮГА,16576,15730
2026-01-12 23:00,2026-01-12,23,550000,ОЭС ЮГА,15221,15045
2026-01-13 00:00,2026-01-13,0,550000,ОЭС ЮГА,13909,14196
2026-01-13 01:00,2026-01-13,1,550000,ОЭС ЮГА,13345,13460
2026-01-13 02:00,2026-01-13,2,550000,ОЭС ЮГА,13074,13308
2026-01-13 03:00,2026-01-13,3,550000,ОЭС ЮГА,12737,13174
2026-01-13 04:00,2026-01-13,4,550000,ОЭС ЮГА,12745,12920
2026-01-13 05:00,2026-01-13,5,550000,ОЭС ЮГА,13056,13121
2026-01-13 06:00,2026-01-13,6,550000,ОЭС ЮГА,13593,13734
2026-01-13 07:00,2026-01-13,7,550000,ОЭС ЮГА,14340,15057
2026-01-13 08:00,2026-01-13,8,550000,ОЭС ЮГА,15540,15837
2026-01-13 09:00,2026-01-13,9,550000,ОЭС ЮГА,17573,16577
2026-01-13 10:00,2026-01-13,10,550000,ОЭС ЮГА,17876,17100
2026-01-13 11:00,2026-01-13,11,550000,ОЭС ЮГА,17360,17085
2026-01-13 12:00,2026-01-13,12,550000,ОЭС ЮГА,16692,17329
2026-01-13 13:00,2026-01-13,13,550000,ОЭС ЮГА,16986,17282
2026-01-13 14:00,2026-01-13,14,550000,ОЭС ЮГА,17198,17529
2026-01-13 15:00,2026-01-13,15,550000,ОЭС ЮГА,17413,17288
2026-01-13 16:00,2026-01-13,16,550000,ОЭС ЮГА,17320,17334
2026-01-13 17:00,2026-01-13,17,550000,ОЭС ЮГА,17504,17368
2026-01-13 18:00,2026-01-13,18,550000,ОЭС ЮГА,18039,17556
2026-01-13 19:00,2026-01-13,19,550000,ОЭС ЮГА,17869,17337
2026-01-13 20:00,2026-01-13,20,550000,ОЭС ЮГА,17677,17057
2026-01-13 21:00,2026-01-13,21,550000,ОЭС ЮГА,16954,16659
2026-01-13 22:00,2026-01-13,22,550000,ОЭС ЮГА,16747,16190
2026-01-13 23:00,2026-01-13,23,550000,ОЭС ЮГА,15318,15462
2026-01-14 00:00,2026-01-14,0,550000,ОЭС ЮГА,14192,14659
2026-01-14 01:00,2026-01-14,1,550000,ОЭС ЮГА,13465,14124
2026-01-14 02:00,2026-01-14,2,550000,ОЭС ЮГА,12874,13550
2026-01-14 03:00,2026-01-14,3,550000,ОЭС ЮГА,13180,13427
2026-01-14 04:00,2026-01-14,4,550000,ОЭС ЮГА,13231,13326
2026-01-14 05:00,2026-01-14,5,550000,ОЭС ЮГА,13448,13529
2026-01-14 06:00,2026-01-14,6,550000,ОЭС ЮГА,13691,14198
2026-01-14 07:00,2026-01-14,7,550000,ОЭС ЮГА,15617,15107
2026-01-14 08:00,2026-01-14,8,550000,ОЭС ЮГА,16802,16017
2026-01-14 09:00,2026-01-14,9,550000,ОЭС ЮГА,17167,17096
2026-01-14 10:00,2026-01-14,10,550000,ОЭС ЮГА,17274,17581
2026-01-14 11:00,2026-01-14,11,550000,ОЭС ЮГА,17350,17574
2026-01-14 12:00,2026-01-14,12,550000,ОЭС ЮГА,17333,17361
2026-01-14 13:00,2026-01-14,13,550000,ОЭС ЮГА,17431,17272
2026-01-14 14:00,2026-01-14,14,550000,ОЭС ЮГА,17377,17188
2026-01-14 15:00,2026-01-14,15,550000,ОЭС ЮГА,17315,17087
2026-01-14 16:00,2026-01-14,16,550000,ОЭС ЮГА,17281,17109
2026-01-14 17:00,2026-01-14,17,550000,ОЭС ЮГА,17600,17289
2026-01-14 18:00,2026-01-14,18,550000,ОЭС ЮГА,18259,17678
2026-01-14 19:00,2026-01-14,19,550000,ОЭС ЮГА,18159,17613
2026-01-14 20:00,2026-01-14,20,550000,ОЭС ЮГА,17742,17451
2026-01-14 21:00,2026-01-14,21,550000,ОЭС ЮГА,17477,17169
2026-01-14 22:00,2026-01-14,22,550000,ОЭС ЮГА,17215,16747
2026-01-14 23:00,2026-01-14,23,550000,ОЭС ЮГА,16649,15622
2026-01-15 00:00,2026-01-15,0,550000,ОЭС ЮГА,14928,14869
2026-01-15 01:00,2026-01-15,1,550000,ОЭС ЮГА,14363,14286
2026-01-15 02:00,2026-01-15,2,550000,ОЭС ЮГА,13791,13837
2026-01-15 03:00,2026-01-15,3,550000,ОЭС ЮГА,13847,13689
2026-01-15 04:00,2026-01-15,4,550000,ОЭС ЮГА,13580,13547
2026-01-15 05:00,2026-01-15,5,550000,ОЭС ЮГА,13843,13868
2026-01-15 06:00,2026-01-15,6,550000,ОЭС ЮГА,14490,14433
2026-01-15 07:00,2026-01-15,7,550000,ОЭС ЮГА,15632,15536
2026-01-15 08:00,2026-01-15,8,550000,ОЭС ЮГА,16266,16387
2026-01-15 09:00,2026-01-15,9,550000,ОЭС ЮГА,17326,17407
2026-01-15 10:00,2026-01-15,10,550000,ОЭС ЮГА,17573,17694
2026-01-15 11:00,2026-01-15,11,550000,ОЭС ЮГА,17984,17654
2026-01-15 12:00,2026-01-15,12,550000,ОЭС ЮГА,17634,17586
2026-01-15 13:00,2026-01-15,13,550000,ОЭС ЮГА,17541,17392
2026-01-15 14:00,2026-01-15,14,550000,ОЭС ЮГА,17496,17417
2026-01-15 15:00,2026-01-15,15,550000,ОЭС ЮГА,17609,17198
2026-01-15 16:00,2026-01-15,16,550000,ОЭС ЮГА,18073,17391
2026-01-15 17:00,2026-01-15,17,550000,ОЭС ЮГА,17990,17480
2026-01-15 18:00,2026-01-15,18,550000,ОЭС ЮГА,18748,17791
2026-01-15 19:00,2026-01-15,19,550000,ОЭС ЮГА,18504,17634
2026-01-15 20:00,2026-01-15,20,550000,ОЭС ЮГА,18406,17404
2026-01-15 21:00,2026-01-15,21,550000,ОЭС ЮГА,18441,17203
2026-01-15 22:00,2026-01-15,22,550000,ОЭС ЮГА,17894,16776
2026-01-15 23:00,2026-01-15,23,550000,ОЭС ЮГА,17203,15772
2026-01-16 00:00,2026-01-16,0,550000,ОЭС ЮГА,16357,14854
2026-01-16 01:00,2026-01-16,1,550000,ОЭС ЮГА,14222,14499
2026-01-16 02:00,2026-01-16,2,550000,ОЭС ЮГА,13437,14041
2026-01-16 03:00,2026-01-16,3,550000,ОЭС ЮГА,13392,13781
2026-01-16 04:00,2026-01-16,4,550000,ОЭС ЮГА,13334,13681
2026-01-16 05:00,2026-01-16,5,550000,ОЭС ЮГА,13916,13878
2026-01-16 06:00,2026-01-16,6,550000,ОЭС ЮГА,14532,14479
2026-01-16 07:00,2026-01-16,7,550000,ОЭС ЮГА,15777,15582
2026-01-16 08:00,2026-01-16,8,550000,ОЭС ЮГА,16461,16250
2026-01-16 09:00,2026-01-16,9,550000,ОЭС ЮГА,17543,17151
2026-01-16 10:00,2026-01-16,10,550000,ОЭС ЮГА,18095,17543
2026-01-16 11:00,2026-01-16,11,550000,ОЭС ЮГА,18123,17661
2026-01-16 12:00,2026-01-16,12,550000,ОЭС ЮГА,18269,17628
2026-01-16 13:00,2026-01-16,13,550000,ОЭС ЮГА,17916,17525
2026-01-16 14:00,2026-01-16,14,550000,ОЭС ЮГА,18209,17602
2026-01-16 15:00,2026-01-16,15,550000,ОЭС ЮГА,18172,17589
2026-01-16 16:00,2026-01-16,16,550000,ОЭС ЮГА,17844,17394
2026-01-16 17:00,2026-01-16,17,550000,ОЭС ЮГА,18058,17664
2026-01-16 18:00,2026-01-16,18,550000,ОЭС ЮГА,18602,17990
2026-01-16 19:00,2026-01-16,19,550000,ОЭС ЮГА,18276,17856
2026-01-16 20:00,2026-01-16,20,550000,ОЭС ЮГА,18091,17559
2026-01-16 21:00,2026-01-16,21,550000,ОЭС ЮГА,17488,17161
2026-01-16 22:00,2026-01-16,22,550000,ОЭС ЮГА,17470,16858
2026-01-16 23:00,2026-01-16,23,550000,ОЭС ЮГА,15989,16067
2026-01-17 00:00,2026-01-17,0,550000,ОЭС ЮГА,15008,15325
2026-01-17 01:00,2026-01-17,1,550000,ОЭС ЮГА,14546,14863
2026-01-17 02:00,2026-01-17,2,550000,ОЭС ЮГА,13871,14223
2026-01-17 03:00,2026-01-17,3,550000,ОЭС ЮГА,13827,14190
2026-01-17 04:00,2026-01-17,4,550000,ОЭС ЮГА,14055,13978
2026-01-17 05:00,2026-01-17,5,550000,ОЭС ЮГА,14136,13923
2026-01-17 06:00,2026-01-17,6,550000,ОЭС ЮГА,14047,14400
2026-01-17 07:00,2026-01-17,7,550000,ОЭС ЮГА,14458,14929
2026-01-17 08:00,2026-01-17,8,550000,ОЭС ЮГА,15745,15545
2026-01-17 09:00,2026-01-17,9,550000,ОЭС ЮГА,17163,16594
2026-01-17 10:00,2026-01-17,10,550000,ОЭС ЮГА,18234,17538
2026-01-17 11:00,2026-01-17,11,550000,ОЭС ЮГА,18597,17884
2026-01-17 12:00,2026-01-17,12,550000,ОЭС ЮГА,18618,17886
2026-01-17 13:00,2026-01-17,13,550000,ОЭС ЮГА,18616,18021
2026-01-17 14:00,2026-01-17,14,550000,ОЭС ЮГА,18599,17875
2026-01-17 15:00,2026-01-17,15,550000,ОЭС ЮГА,18562,17870
2026-01-17 16:00,2026-01-17,16,550000,ОЭС ЮГА,18511,17854
2026-01-17 17:00,2026-01-17,17,550000,ОЭС ЮГА,18480,17952
2026-01-17 18:00,2026-01-17,18,550000,ОЭС ЮГА,19483,18425
2026-01-17 19:00,2026-01-17,19,550000,ОЭС ЮГА,19045,18097
2026-01-17 20:00,2026-01-17,20,550000,ОЭС ЮГА,18397,18005
2026-01-17 21:00,2026-01-17,21,550000,ОЭС ЮГА,17960,17613
2026-01-17 22:00,2026-01-17,22,550000,ОЭС ЮГА,17601,17128
2026-01-17 23:00,2026-01-17,23,550000,ОЭС ЮГА,15718,16563
2026-01-18 00:00,2026-01-18,0,550000,ОЭС ЮГА,15260,15717
2026-01-18 01:00,2026-01-18,1,550000,ОЭС ЮГА,14813,15185
2026-01-18 02:00,2026-01-18,2,550000,ОЭС ЮГА,14264,14678
2026-01-18 03:00,2026-01-18,3,550000,ОЭС ЮГА,14110,14429
2026-01-18 04:00,2026-01-18,4,550000,ОЭС ЮГА,14059,14258
2026-01-18 05:00,2026-01-18,5,550000,ОЭС ЮГА,14053,14258
2026-01-18 06:00,2026-01-18,6,550000,ОЭС ЮГА,14346,14676
2026-01-18 07:00,2026-01-18,7,550000,ОЭС ЮГА,14676,15011
2026-01-18 08:00,2026-01-18,8,550000,ОЭС ЮГА,15217,15347
2026-01-18 09:00,2026-01-18,9,550000,ОЭС ЮГА,16100,16518
2026-01-18 10:00,2026-01-18,10,550000,ОЭС ЮГА,17069,17555
2026-01-18 11:00,2026-01-18,11,550000,ОЭС ЮГА,18038,17708
2026-01-18 12:00,2026-01-18,12,550000,ОЭС ЮГА,18030,17750
2026-01-18 13:00,2026-01-18,13,550000,ОЭС ЮГА,17932,17883
2026-01-18 14:00,2026-01-18,14,550000,ОЭС ЮГА,17719,17692
2026-01-18 15:00,2026-01-18,15,550000,ОЭС ЮГА,17976,17646
2026-01-18 16:00,2026-01-18,16,550000,ОЭС ЮГА,17996,17849
2026-01-18 17:00,2026-01-18,17,550000,ОЭС ЮГА,18257,18034
2026-01-18 18:00,2026-01-18,18,550000,ОЭС ЮГА,19168,18536
2026-01-18 19:00,2026-01-18,19,550000,ОЭС ЮГА,18800,18506
2026-01-18 20:00,2026-01-18,20,550000,ОЭС ЮГА,18449,18310
2026-01-18 21:00,2026-01-18,21,550000,ОЭС ЮГА,18387,17816
2026-01-18 22:00,2026-01-18,22,550000,ОЭС ЮГА,17466,17432
2026-01-18 23:00,2026-01-18,23,550000,ОЭС ЮГА,16637,16559
2026-01-19 00:00,2026-01-19,0,550000,ОЭС ЮГА,15113,15678
2026-01-19 01:00,2026-01-19,1,550000,ОЭС ЮГА,15075,14960
2026-01-19 02:00,2026-01-19,2,550000,ОЭС ЮГА,14240,14738
2026-01-19 03:00,2026-01-19,3,550000,ОЭС ЮГА,14301,14584
2026-01-19 04:00,2026-01-19,4,550000,ОЭС ЮГА,14076,14276
2026-01-19 05:00,2026-01-19,5,550000,ОЭС ЮГА,14277,14525
2026-01-19 06:00,2026-01-19,6,550000,ОЭС ЮГА,14697,15095
2026-01-19 07:00,2026-01-19,7,550000,ОЭС ЮГА,15907,16388
2026-01-19 08:00,2026-01-19,8,550000,ОЭС ЮГА,17504,17015
2026-01-19 09:00,2026-01-19,9,550000,ОЭС ЮГА,18261,18012
2026-01-19 10:00,2026-01-19,10,550000,ОЭС ЮГА,18415,18717
2026-01-19 11:00,2026-01-19,11,550000,ОЭС ЮГА,18229,18695
2026-01-19 12:00,2026-01-19,12,550000,ОЭС ЮГА,18577,18553
2026-01-19 13:00,2026-01-19,13,550000,ОЭС ЮГА,18635,18608
2026-01-19 14:00,2026-01-19,14,550000,ОЭС ЮГА,18673,18623
2026-01-19 15:00,2026-01-19,15,550000,ОЭС ЮГА,18445,18547
2026-01-19 16:00,2026-01-19,16,550000,ОЭС ЮГА,18227,18379
2026-01-19 17:00,2026-01-19,17,550000,ОЭС ЮГА,18273,18417
2026-01-19 18:00,2026-01-19,18,550000,ОЭС ЮГА,19039,18854
2026-01-19 19:00,2026-01-19,19,550000,ОЭС ЮГА,18685,18781
2026-01-19 20:00,2026-01-19,20,550000,ОЭС ЮГА,18525,18483
2026-01-19 21:00,2026-01-19,21,550000,ОЭС ЮГА,18240,18203
2026-01-19 22:00,2026-01-19,22,550000,ОЭС ЮГА,17908,17541
2026-01-19 23:00,2026-01-19,23,550000,ОЭС ЮГА,17497,16523
2026-01-20 00:00,2026-01-20,0,550000,ОЭС ЮГА,16515,15757
2026-01-20 01:00,2026-01-20,1,550000,ОЭС ЮГА,15119,15095
2026-01-20 02:00,2026-01-20,2,550000,ОЭС ЮГА,14841,14636
2026-01-20 03:00,2026-01-20,3,550000,ОЭС ЮГА,14116,14712
2026-01-20 04:00,2026-01-20,4,550000,ОЭС ЮГА,13827,14571
2026-01-20 05:00,2026-01-20,5,550000,ОЭС ЮГА,14062,14679
2026-01-20 06:00,2026-01-20,6,550000,ОЭС ЮГА,15097,15356
2026-01-20 07:00,2026-01-20,7,550000,ОЭС ЮГА,16580,16705
2026-01-20 08:00,2026-01-20,8,550000,ОЭС ЮГА,16905,17558
2026-01-20 09:00,2026-01-20,9,550000,ОЭС ЮГА,18241,18711
2026-01-20 10:00,2026-01-20,10,550000,ОЭС ЮГА,18640,18896
2026-01-20 11:00,2026-01-20,11,550000,ОЭС ЮГА,18662,18803
2026-01-20 12:00,2026-01-20,12,550000,ОЭС ЮГА,18442,18670
2026-01-20 13:00,2026-01-20,13,550000,ОЭС ЮГА,18426,18716
2026-01-20 14:00,2026-01-20,14,550000,ОЭС ЮГА,18350,18707
2026-01-20 15:00,2026-01-20,15,550000,ОЭС ЮГА,18239,18493
2026-01-20 16:00,2026-01-20,16,550000,ОЭС ЮГА,17919,18425
2026-01-20 17:00,2026-01-20,17,550000,ОЭС ЮГА,18087,18451
2026-01-20 18:00,2026-01-20,18,550000,ОЭС ЮГА,18940,18911
2026-01-20 19:00,2026-01-20,19,550000,ОЭС ЮГА,18847,18759
2026-01-20 20:00,2026-01-20,20,550000,ОЭС ЮГА,18205,18539
2026-01-20 21:00,2026-01-20,21,550000,ОЭС ЮГА,18041,18165
2026-01-20 22:00,2026-01-20,22,550000,ОЭС ЮГА,17914,17400
2026-01-20 23:00,2026-01-20,23,550000,ОЭС ЮГА,16627,16698
2026-01-21 00:00,2026-01-21,0,550000,ОЭС ЮГА,15444,15832
2026-01-21 01:00,2026-01-21,1,550000,ОЭС ЮГА,14385,15290
2026-01-21 02:00,2026-01-21,2,550000,ОЭС ЮГА,14218,14820
2026-01-21 03:00,2026-01-21,3,550000,ОЭС ЮГА,13855,14694
2026-01-21 04:00,2026-01-21,4,550000,ОЭС ЮГА,13829,14635
2026-01-21 05:00,2026-01-21,5,550000,ОЭС ЮГА,14397,14820
2026-01-21 06:00,2026-01-21,6,550000,ОЭС ЮГА,15062,15456
2026-01-21 07:00,2026-01-21,7,550000,ОЭС ЮГА,16523,16732
2026-01-21 08:00,2026-01-21,8,550000,ОЭС ЮГА,17110,17588
2026-01-21 09:00,2026-01-21,9,550000,ОЭС ЮГА,17835,18531
2026-01-21 10:00,2026-01-21,10,550000,ОЭС ЮГА,18460,18914
2026-01-21 11:00,2026-01-21,11,550000,ОЭС ЮГА,18394,18825
2026-01-21 12:00,2026-01-21,12,550000,ОЭС ЮГА,18194,18586
2026-01-21 13:00,2026-01-21,13,550000,ОЭС ЮГА,18423,18288
2026-01-21 14:00,2026-01-21,14,550000,ОЭС ЮГА,18372,18229
2026-01-21 15:00,2026-01-21,15,550000,ОЭС ЮГА,18257,18092
2026-01-21 16:00,2026-01-21,16,550000,ОЭС ЮГА,18204,18023
2026-01-21 17:00,2026-01-21,17,550000,ОЭС ЮГА,18521,17854
2026-01-21 18:00,2026-01-21,18,550000,ОЭС ЮГА,19035,18363
2026-01-21 19:00,2026-01-21,19,550000,ОЭС ЮГА,19001,18254
2026-01-21 20:00,2026-01-21,20,550000,ОЭС ЮГА,18617,18123
2026-01-21 21:00,2026-01-21,21,550000,ОЭС ЮГА,18146,17781
2026-01-21 22:00,2026-01-21,22,550000,ОЭС ЮГА,17364,17393
2026-01-21 23:00,2026-01-21,23,550000,ОЭС ЮГА,16075,16599
2026-01-22 00:00,2026-01-22,0,550000,ОЭС ЮГА,15333,15518
2026-01-22 01:00,2026-01-22,1,550000,ОЭС ЮГА,14696,14905
2026-01-22 02:00,2026-01-22,2,550000,ОЭС ЮГА,14323,14441
2026-01-22 03:00,2026-01-22,3,550000,ОЭС ЮГА,14103,14348
2026-01-22 04:00,2026-01-22,4,550000,ОЭС ЮГА,13964,14182
2026-01-22 05:00,2026-01-22,5,550000,ОЭС ЮГА,14269,14449
2026-01-22 06:00,2026-01-22,6,550000,ОЭС ЮГА,14846,15068
2026-01-22 07:00,2026-01-22,7,550000,ОЭС ЮГА,16218,16274
2026-01-22 08:00,2026-01-22,8,550000,ОЭС ЮГА,17003,17047
2026-01-22 09:00,2026-01-22,9,550000,ОЭС ЮГА,18061,17959
2026-01-22 10:00,2026-01-22,10,550000,ОЭС ЮГА,18427,18429
2026-01-22 11:00,2026-01-22,11,550000,ОЭС ЮГА,18344,18325
2026-01-22 12:00,2026-01-22,12,550000,ОЭС ЮГА,18635,18061
2026-01-22 13:00,2026-01-22,13,550000,ОЭС ЮГА,18516,17837
2026-01-22 14:00,2026-01-22,14,550000,ОЭС ЮГА,18356,17676
2026-01-22 15:00,2026-01-22,15,550000,ОЭС ЮГА,18404,17615
2026-01-22 16:00,2026-01-22,16,550000,ОЭС ЮГА,18255,17576
2026-01-22 17:00,2026-01-22,17,550000,ОЭС ЮГА,18463,17632
2026-01-22 18:00,2026-01-22,18,550000,ОЭС ЮГА,18851,18187
2026-01-22 19:00,2026-01-22,19,550000,ОЭС ЮГА,19055,18023
2026-01-22 20:00,2026-01-22,20,550000,ОЭС ЮГА,18717,17727
2026-01-22 21:00,2026-01-22,21,550000,ОЭС ЮГА,18298,17457
2026-01-22 22:00,2026-01-22,22,550000,ОЭС ЮГА,17161,17054
2026-01-22 23:00,2026-01-22,23,550000,ОЭС ЮГА,15591,16121
2026-01-23 00:00,2026-01-23,0,550000,ОЭС ЮГА,14897,15111
2026-01-23 01:00,2026-01-23,1,550000,ОЭС ЮГА,14457,14567
2026-01-23 02:00,2026-01-23,2,550000,ОЭС ЮГА,14117,14164
2026-01-23 03:00,2026-01-23,3,550000,ОЭС ЮГА,13995,14085
2026-01-23 04:00,2026-01-23,4,550000,ОЭС ЮГА,13935,13990
2026-01-23 05:00,2026-01-23,5,550000,ОЭС ЮГА,14363,14151
2026-01-23 06:00,2026-01-23,6,550000,ОЭС ЮГА,15228,14835
2026-01-23 07:00,2026-01-23,7,550000,ОЭС ЮГА,16658,16074
2026-01-23 08:00,2026-01-23,8,550000,ОЭС ЮГА,16893,16722
2026-01-23 09:00,2026-01-23,9,550000,ОЭС ЮГА,18330,17675
2026-01-23 10:00,2026-01-23,10,550000,ОЭС ЮГА,18706,18289
2026-01-23 11:00,2026-01-23,11,550000,ОЭС ЮГА,18693,18297
2026-01-23 12:00,2026-01-23,12,550000,ОЭС ЮГА,18712,18121
2026-01-23 13:00,2026-01-23,13,550000,ОЭС ЮГА,18370,18046
2026-01-23 14:00,2026-01-23,14,550000,ОЭС ЮГА,18460,17924
2026-01-23 15:00,2026-01-23,15,550000,ОЭС ЮГА,18537,17826
2026-01-23 16:00,2026-01-23,16,550000,ОЭС ЮГА,18379,17649
2026-01-23 17:00,2026-01-23,17,550000,ОЭС ЮГА,18675,17565
2026-01-23 18:00,2026-01-23,18,550000,ОЭС ЮГА,19667,18029
2026-01-23 19:00,2026-01-23,19,550000,ОЭС ЮГА,19353,17777
2026-01-23 20:00,2026-01-23,20,550000,ОЭС ЮГА,18729,17420
2026-01-23 21:00,2026-01-23,21,550000,ОЭС ЮГА,18652,17202
2026-01-23 22:00,2026-01-23,22,550000,ОЭС ЮГА,18444,16717
2026-01-23 23:00,2026-01-23,23,550000,ОЭС ЮГА,16757,15924
2026-01-24 00:00,2026-01-24,0,550000,ОЭС ЮГА,14840,15179
2026-01-24 01:00,2026-01-24,1,550000,ОЭС ЮГА,14133,14655
2026-01-24 02:00,2026-01-24,2,550000,ОЭС ЮГА,14177,14130
2026-01-24 03:00,2026-01-24,3,550000,ОЭС ЮГА,13775,14006
2026-01-24 04:00,2026-01-24,4,550000,ОЭС ЮГА,13862,14002
2026-01-24 05:00,2026-01-24,5,550000,ОЭС ЮГА,13993,14009
2026-01-24 06:00,2026-01-24,6,550000,ОЭС ЮГА,14388,14265
2026-01-24 07:00,2026-01-24,7,550000,ОЭС ЮГА,14847,14920
2026-01-24 08:00,2026-01-24,8,550000,ОЭС ЮГА,15702,15511
2026-01-24 09:00,2026-01-24,9,550000,ОЭС ЮГА,17272,16640
2026-01-24 10:00,2026-01-24,10,550000,ОЭС ЮГА,18508,17398
2026-01-24 11:00,2026-01-24,11,550000,ОЭС ЮГА,18788,17792
2026-01-24 12:00,2026-01-24,12,550000,ОЭС ЮГА,18326,17744
2026-01-24 13:00,2026-01-24,13,550000,ОЭС ЮГА,18339,17753
2026-01-24 14:00,2026-01-24,14,550000,ОЭС ЮГА,17989,17771
2026-01-24 15:00,2026-01-24,15,550000,ОЭС ЮГА,18039,17744
2026-01-24 16:00,2026-01-24,16,550000,ОЭС ЮГА,17943,17647
2026-01-24 17:00,2026-01-24,17,550000,ОЭС ЮГА,18149,17763
2026-01-24 18:00,2026-01-24,18,550000,ОЭС ЮГА,19089,18184
2026-01-24 19:00,2026-01-24,19,550000,ОЭС ЮГА,18775,17930
2026-01-24 20:00,2026-01-24,20,550000,ОЭС ЮГА,18008,17574
2026-01-24 21:00,2026-01-24,21,550000,ОЭС ЮГА,17739,17219
2026-01-24 22:00,2026-01-24,22,550000,ОЭС ЮГА,17501,16736
2026-01-24 23:00,2026-01-24,23,550000,ОЭС ЮГА,17350,16103
2026-01-25 00:00,2026-01-25,0,550000,ОЭС ЮГА,15122,15229
2026-01-25 01:00,2026-01-25,1,550000,ОЭС ЮГА,14316,14857
2026-01-25 02:00,2026-01-25,2,550000,ОЭС ЮГА,14066,14158
2026-01-25 03:00,2026-01-25,3,550000,ОЭС ЮГА,13935,13967
2026-01-25 04:00,2026-01-25,4,550000,ОЭС ЮГА,13963,13868
2026-01-25 05:00,2026-01-25,5,550000,ОЭС ЮГА,13897,13961
2026-01-25 06:00,2026-01-25,6,550000,ОЭС ЮГА,14177,14288
2026-01-25 07:00,2026-01-25,7,550000,ОЭС ЮГА,14632,14496
2026-01-25 08:00,2026-01-25,8,550000,ОЭС ЮГА,15473,15020
2026-01-25 09:00,2026-01-25,9,550000,ОЭС ЮГА,16527,16155
2026-01-25 10:00,2026-01-25,10,550000,ОЭС ЮГА,17386,16968
2026-01-25 11:00,2026-01-25,11,550000,ОЭС ЮГА,17611,17353
2026-01-25 12:00,2026-01-25,12,550000,ОЭС ЮГА,17871,17352
2026-01-25 13:00,2026-01-25,13,550000,ОЭС ЮГА,18012,17445
2026-01-25 14:00,2026-01-25,14,550000,ОЭС ЮГА,17989,17315
2026-01-25 15:00,2026-01-25,15,550000,ОЭС ЮГА,17793,17151
2026-01-25 16:00,2026-01-25,16,550000,ОЭС ЮГА,17918,17243
2026-01-25 17:00,2026-01-25,17,550000,ОЭС ЮГА,18157,17447
2026-01-25 18:00,2026-01-25,18,550000,ОЭС ЮГА,19054,18042
2026-01-25 19:00,2026-01-25,19,550000,ОЭС ЮГА,18808,17910
2026-01-25 20:00,2026-01-25,20,550000,ОЭС ЮГА,18335,17700
2026-01-25 21:00,2026-01-25,21,550000,ОЭС ЮГА,17970,17373
2026-01-25 22:00,2026-01-25,22,550000,ОЭС ЮГА,17250,16925
2026-01-25 23:00,2026-01-25,23,550000,ОЭС ЮГА,16190,15966
2026-01-26 00:00,2026-01-26,0,550000,ОЭС ЮГА,14865,15134
2026-01-26 01:00,2026-01-26,1,550000,ОЭС ЮГА,13978,14496
2026-01-26 02:00,2026-01-26,2,550000,ОЭС ЮГА,13493,14174
2026-01-26 03:00,2026-01-26,3,550000,ОЭС ЮГА,13550,13987
2026-01-26 04:00,2026-01-26,4,550000,ОЭС ЮГА,13632,13823
2026-01-26 05:00,2026-01-26,5,550000,ОЭС ЮГА,13856,14104
2026-01-26 06:00,2026-01-26,6,550000,ОЭС ЮГА,14694,14753
2026-01-26 07:00,2026-01-26,7,550000,ОЭС ЮГА,16509,15854
2026-01-26 08:00,2026-01-26,8,550000,ОЭС ЮГА,17701,16708
2026-01-26 09:00,2026-01-26,9,550000,ОЭС ЮГА,18389,17838
2026-01-26 10:00,2026-01-26,10,550000,ОЭС ЮГА,18230,18264
2026-01-26 11:00,2026-01-26,11,550000,ОЭС ЮГА,18248,18224
2026-01-26 12:00,2026-01-26,12,550000,ОЭС ЮГА,18334,18058
2026-01-26 13:00,2026-01-26,13,550000,ОЭС ЮГА,18153,17912
2026-01-26 14:00,2026-01-26,14,550000,ОЭС ЮГА,17943,17826
2026-01-26 15:00,2026-01-26,15,550000,ОЭС ЮГА,18110,17668
2026-01-26 16:00,2026-01-26,16,550000,ОЭС ЮГА,18047,17584
2026-01-26 17:00,2026-01-26,17,550000,ОЭС ЮГА,18596,17551
2026-01-26 18:00,2026-01-26,18,550000,ОЭС ЮГА,19479,18097
2026-01-26 19:00,2026-01-26,19,550000,ОЭС ЮГА,19401,17922
2026-01-26 20:00,2026-01-26,20,550000,ОЭС ЮГА,18874,17727
2026-01-26 21:00,2026-01-26,21,550000,ОЭС ЮГА,18403,17528
2026-01-26 22:00,2026-01-26,22,550000,ОЭС ЮГА,17665,16994
2026-01-26 23:00,2026-01-26,23,550000,ОЭС ЮГА,16817,16231
2026-01-27 00:00,2026-01-27,0,550000,ОЭС ЮГА,15337,15339
2026-01-27 01:00,2026-01-27,1,550000,ОЭС ЮГА,14917,14597
2026-01-27 02:00,2026-01-27,2,550000,ОЭС ЮГА,14698,14301
2026-01-27 03:00,2026-01-27,3,550000,ОЭС ЮГА,14663,14112
2026-01-27 04:00,2026-01-27,4,550000,ОЭС ЮГА,14639,14071
2026-01-27 05:00,2026-01-27,5,550000,ОЭС ЮГА,14719,14361
2026-01-27 06:00,2026-01-27,6,550000,ОЭС ЮГА,15645,14946
2026-01-27 07:00,2026-01-27,7,550000,ОЭС ЮГА,16376,16047
2026-01-27 08:00,2026-01-27,8,550000,ОЭС ЮГА,17313,17015
2026-01-27 09:00,2026-01-27,9,550000,ОЭС ЮГА,18023,18033
2026-01-27 10:00,2026-01-27,10,550000,ОЭС ЮГА,19087,18368
2026-01-27 11:00,2026-01-27,11,550000,ОЭС ЮГА,18628,18350
2026-01-27 12:00,2026-01-27,12,550000,ОЭС ЮГА,19119,18040
2026-01-27 13:00,2026-01-27,13,550000,ОЭС ЮГА,19014,17908
2026-01-27 14:00,2026-01-27,14,550000,ОЭС ЮГА,18706,17795
2026-01-27 15:00,2026-01-27,15,550000,ОЭС ЮГА,18706,17702
2026-01-27 16:00,2026-01-27,16,550000,ОЭС ЮГА,18538,17616
2026-01-27 17:00,2026-01-27,17,550000,ОЭС ЮГА,18609,17370
2026-01-27 18:00,2026-01-27,18,550000,ОЭС ЮГА,19524,17995
2026-01-27 19:00,2026-01-27,19,550000,ОЭС ЮГА,18954,17871
2026-01-27 20:00,2026-01-27,20,550000,ОЭС ЮГА,19040,17593
2026-01-27 21:00,2026-01-27,21,550000,ОЭС ЮГА,18442,17251
2026-01-27 22:00,2026-01-27,22,550000,ОЭС ЮГА,17588,16782
2026-01-27 23:00,2026-01-27,23,550000,ОЭС ЮГА,16250,15889
2026-01-28 00:00,2026-01-28,0,550000,ОЭС ЮГА,15199,15090
2026-01-28 01:00,2026-01-28,1,550000,ОЭС ЮГА,14421,14562
2026-01-28 02:00,2026-01-28,2,550000,ОЭС ЮГА,14041,14081
2026-01-28 03:00,2026-01-28,3,550000,ОЭС ЮГА,13704,13837
2026-01-28 04:00,2026-01-28,4,550000,ОЭС ЮГА,13626,13744
2026-01-28 05:00,2026-01-28,5,550000,ОЭС ЮГА,14128,13998
2026-01-28 06:00,2026-01-28,6,550000,ОЭС ЮГА,15144,14716
2026-01-28 07:00,2026-01-28,7,550000,ОЭС ЮГА,16549,15706
2026-01-28 08:00,2026-01-28,8,550000,ОЭС ЮГА,16699,16551
2026-01-28 09:00,2026-01-28,9,550000,ОЭС ЮГА,17090,17393
2026-01-28 10:00,2026-01-28,10,550000,ОЭС ЮГА,17210,17607
2026-01-28 11:00,2026-01-28,11,550000,ОЭС ЮГА,17432,17324
2026-01-28 12:00,2026-01-28,12,550000,ОЭС ЮГА,17574,17190
2026-01-28 13:00,2026-01-28,13,550000,ОЭС ЮГА,17774,16821
2026-01-28 14:00,2026-01-28,14,550000,ОЭС ЮГА,17871,16808
2026-01-28 15:00,2026-01-28,15,550000,ОЭС ЮГА,17712,16762
2026-01-28 16:00,2026-01-28,16,550000,ОЭС ЮГА,17675,16760
2026-01-28 17:00,2026-01-28,17,550000,ОЭС ЮГА,17854,16788
2026-01-28 18:00,2026-01-28,18,550000,ОЭС ЮГА,18398,17471
2026-01-28 19:00,2026-01-28,19,550000,ОЭС ЮГА,18004,17302
2026-01-28 20:00,2026-01-28,20,550000,ОЭС ЮГА,17664,17144
2026-01-28 21:00,2026-01-28,21,550000,ОЭС ЮГА,17398,16956
2026-01-28 22:00,2026-01-28,22,550000,ОЭС ЮГА,16867,16390
2026-01-28 23:00,2026-01-28,23,550000,ОЭС ЮГА,15551,15503
2026-01-29 00:00,2026-01-29,0,550000,ОЭС ЮГА,14176,14615
2026-01-29 01:00,2026-01-29,1,550000,ОЭС ЮГА,13316,13981
2026-01-29 02:00,2026-01-29,2,550000,ОЭС ЮГА,12920,13755
2026-01-29 03:00,2026-01-29,3,550000,ОЭС ЮГА,12805,13589
2026-01-29 04:00,2026-01-29,4,550000,ОЭС ЮГА,12744,13471
2026-01-29 05:00,2026-01-29,5,550000,ОЭС ЮГА,12988,13701
2026-01-29 06:00,2026-01-29,6,550000,ОЭС ЮГА,14232,14226
2026-01-29 07:00,2026-01-29,7,550000,ОЭС ЮГА,15781,15269
2026-01-29 08:00,2026-01-29,8,550000,ОЭС ЮГА,15969,16011
2026-01-29 09:00,2026-01-29,9,550000,ОЭС ЮГА,16664,16854
2026-01-29 10:00,2026-01-29,10,550000,ОЭС ЮГА,17273,17033
2026-01-29 11:00,2026-01-29,11,550000,ОЭС ЮГА,17296,16845
2026-01-29 12:00,2026-01-29,12,550000,ОЭС ЮГА,16670,16593
2026-01-29 13:00,2026-01-29,13,550000,ОЭС ЮГА,16657,16320
2026-01-29 14:00,2026-01-29,14,550000,ОЭС ЮГА,16635,16211
2026-01-29 15:00,2026-01-29,15,550000,ОЭС ЮГА,16665,16093
2026-01-29 16:00,2026-01-29,16,550000,ОЭС ЮГА,16490,16088
2026-01-29 17:00,2026-01-29,17,550000,ОЭС ЮГА,16535,16076
2026-01-29 18:00,2026-01-29,18,550000,ОЭС ЮГА,17889,16845
2026-01-29 19:00,2026-01-29,19,550000,ОЭС ЮГА,17638,16813
2026-01-29 20:00,2026-01-29,20,550000,ОЭС ЮГА,17596,16565
2026-01-29 21:00,2026-01-29,21,550000,ОЭС ЮГА,16906,16271
2026-01-29 22:00,2026-01-29,22,550000,ОЭС ЮГА,16546,15847
2026-01-29 23:00,2026-01-29,23,550000,ОЭС ЮГА,15419,14981
2026-01-30 00:00,2026-01-30,0,550000,ОЭС ЮГА,14763,14095
2026-01-30 01:00,2026-01-30,1,550000,ОЭС ЮГА,13674,13580
2026-01-30 02:00,2026-01-30,2,550000,ОЭС ЮГА,13150,13106
2026-01-30 03:00,2026-01-30,3,550000,ОЭС ЮГА,12800,13105
2026-01-30 04:00,2026-01-30,4,550000,ОЭС ЮГА,12987,12861
2026-01-30 05:00,2026-01-30,5,550000,ОЭС ЮГА,13277,13129
2026-01-30 06:00,2026-01-30,6,550000,ОЭС ЮГА,14027,13820
2026-01-30 07:00,2026-01-30,7,550000,ОЭС ЮГА,15312,14763
2026-01-30 08:00,2026-01-30,8,550000,ОЭС ЮГА,15646,15517
2026-01-30 09:00,2026-01-30,9,550000,ОЭС ЮГА,16020,16335
2026-01-30 10:00,2026-01-30,10,550000,ОЭС ЮГА,16676,16664
2026-01-30 11:00,2026-01-30,11,550000,ОЭС ЮГА,16824,16667
2026-01-30 12:00,2026-01-30,12,550000,ОЭС ЮГА,16533,16428
2026-01-30 13:00,2026-01-30,13,550000,ОЭС ЮГА,16856,16260
2026-01-30 14:00,2026-01-30,14,550000,ОЭС ЮГА,16844,16101
2026-01-30 15:00,2026-01-30,15,550000,ОЭС ЮГА,16889,15909
2026-01-30 16:00,2026-01-30,16,550000,ОЭС ЮГА,16792,16060
2026-01-30 17:00,2026-01-30,17,550000,ОЭС ЮГА,17128,15962
2026-01-30 18:00,2026-01-30,18,550000,ОЭС ЮГА,17704,16639
2026-01-30 19:00,2026-01-30,19,550000,ОЭС ЮГА,17603,16438
2026-01-30 20:00,2026-01-30,20,550000,ОЭС ЮГА,17249,16131
2026-01-30 21:00,2026-01-30,21,550000,ОЭС ЮГА,16998,15791
2026-01-30 22:00,2026-01-30,22,550000,ОЭС ЮГА,16632,15456
2026-01-30 23:00,2026-01-30,23,550000,ОЭС ЮГА,15743,14645
2026-01-31 00:00,2026-01-31,0,550000,ОЭС ЮГА,13767,14119
2026-01-31 01:00,2026-01-31,1,550000,ОЭС ЮГА,12870,13480
2026-01-31 02:00,2026-01-31,2,550000,ОЭС ЮГА,12694,13074
2026-01-31 03:00,2026-01-31,3,550000,ОЭС ЮГА,12688,12965
2026-01-31 04:00,2026-01-31,4,550000,ОЭС ЮГА,12604,12560
2026-01-31 05:00,2026-01-31,5,550000,ОЭС ЮГА,12917,12828
2026-01-31 06:00,2026-01-31,6,550000,ОЭС ЮГА,13486,13115
2026-01-31 07:00,2026-01-31,7,550000,ОЭС ЮГА,13811,13677
2026-01-31 08:00,2026-01-31,8,550000,ОЭС ЮГА,14734,14268
2026-01-31 09:00,2026-01-31,9,550000,ОЭС ЮГА,15700,15214
2026-01-31 10:00,2026-01-31,10,550000,ОЭС ЮГА,16078,15918
2026-01-31 11:00,2026-01-31,11,550000,ОЭС ЮГА,16097,16124
2026-01-31 12:00,2026-01-31,12,550000,ОЭС ЮГА,16159,16162
2026-01-31 13:00,2026-01-31,13,550000,ОЭС ЮГА,16289,16212
2026-01-31 14:00,2026-01-31,14,550000,ОЭС ЮГА,16074,16115
2026-01-31 15:00,2026-01-31,15,550000,ОЭС ЮГА,16215,15829
2026-01-31 16:00,2026-01-31,16,550000,ОЭС ЮГА,16430,16040
2026-01-31 17:00,2026-01-31,17,550000,ОЭС ЮГА,16329,16026
2026-01-31 18:00,2026-01-31,18,550000,ОЭС ЮГА,18128,16708
2026-01-31 19:00,2026-01-31,19,550000,ОЭС ЮГА,17425,16568
2026-01-31 20:00,2026-01-31,20,550000,ОЭС ЮГА,16732,16126
2026-01-31 21:00,2026-01-31,21,550000,ОЭС ЮГА,16565,15770
2026-01-31 22:00,2026-01-31,22,550000,ОЭС ЮГА,16134,15352
2026-01-31 23:00,2026-01-31,23,550000,ОЭС ЮГА,15352,14711
2026-02-01 00:00,2026-02-01,0,550000,ОЭС ЮГА,13998,13827
2026-02-01 01:00,2026-02-01,1,550000,ОЭС ЮГА,13799,13528
2026-02-01 02:00,2026-02-01,2,550000,ОЭС ЮГА,13173,13090
2026-02-01 03:00,2026-02-01,3,550000,ОЭС ЮГА,12831,12967
2026-02-01 04:00,2026-02-01,4,550000,ОЭС ЮГА,12517,12791
2026-02-01 05:00,2026-02-01,5,550000,ОЭС ЮГА,12718,12730
2026-02-01 06:00,2026-02-01,6,550000,ОЭС ЮГА,12798,13128
2026-02-01 07:00,2026-02-01,7,550000,ОЭС ЮГА,12954,13545
2026-02-01 08:00,2026-02-01,8,550000,ОЭС ЮГА,13701,13781
2026-02-01 09:00,2026-02-01,9,550000,ОЭС ЮГА,15248,14838
2026-02-01 10:00,2026-02-01,10,550000,ОЭС ЮГА,15634,15792
2026-02-01 11:00,2026-02-01,11,550000,ОЭС ЮГА,15853,16135
2026-02-01 12:00,2026-02-01,12,550000,ОЭС ЮГА,15868,16344
2026-02-01 13:00,2026-02-01,13,550000,ОЭС ЮГА,16369,16435
2026-02-01 14:00,2026-02-01,14,550000,ОЭС ЮГА,16131,16232
2026-02-01 15:00,2026-02-01,15,550000,ОЭС ЮГА,15920,16170
2026-02-01 16:00,2026-02-01,16,550000,ОЭС ЮГА,15992,16318
2026-02-01 17:00,2026-02-01,17,550000,ОЭС ЮГА,16039,16489
2026-02-01 18:00,2026-02-01,18,550000,ОЭС ЮГА,17139,17237
2026-02-01 19:00,2026-02-01,19,550000,ОЭС ЮГА,17037,17127
2026-02-01 20:00,2026-02-01,20,550000,ОЭС ЮГА,16772,16817
2026-02-01 21:00,2026-02-01,21,550000,ОЭС ЮГА,16417,16326
2026-02-01 22:00,2026-02-01,22,550000,ОЭС ЮГА,15571,15951
2026-02-01 23:00,2026-02-01,23,550000,ОЭС ЮГА,15187,15006
2026-02-02 00:00,2026-02-02,0,550000,ОЭС ЮГА,13870,14279
2026-02-02 01:00,2026-02-02,1,550000,ОЭС ЮГА,13047,13715
2026-02-02 02:00,2026-02-02,2,550000,ОЭС ЮГА,12705,13164
2026-02-02 03:00,2026-02-02,3,550000,ОЭС ЮГА,13051,13030
2026-02-02 04:00,2026-02-02,4,550000,ОЭС ЮГА,13091,12795
2026-02-02 05:00,2026-02-02,5,550000,ОЭС ЮГА,13228,13158
2026-02-02 06:00,2026-02-02,6,550000,ОЭС ЮГА,13701,13858
2026-02-02 07:00,2026-02-02,7,550000,ОЭС ЮГА,15029,14933
2026-02-02 08:00,2026-02-02,8,550000,ОЭС ЮГА,15740,15719
2026-02-02 09:00,2026-02-02,9,550000,ОЭС ЮГА,16900,16764
2026-02-02 10:00,2026-02-02,10,550000,ОЭС ЮГА,17948,17310
2026-02-02 11:00,2026-02-02,11,550000,ОЭС ЮГА,18065,17486
2026-02-02 12:00,2026-02-02,12,550000,ОЭС ЮГА,17838,17356
2026-02-02 13:00,2026-02-02,13,550000,ОЭС ЮГА,17853,17399
2026-02-02 14:00,2026-02-02,14,550000,ОЭС ЮГА,17713,17340
2026-02-02 15:00,2026-02-02,15,550000,ОЭС ЮГА,17654,17169
2026-02-02 16:00,2026-02-02,16,550000,ОЭС ЮГА,17109,17156
2026-02-02 17:00,2026-02-02,17,550000,ОЭС ЮГА,17428,16881
2026-02-02 18:00,2026-02-02,18,550000,ОЭС ЮГА,18635,17461
2026-02-02 19:00,2026-02-02,19,550000,ОЭС ЮГА,18365,17351
2026-02-02 20:00,2026-02-02,20,550000,ОЭС ЮГА,18378,17003
2026-02-02 21:00,2026-02-02,21,550000,ОЭС ЮГА,17597,16693
2026-02-02 22:00,2026-02-02,22,550000,ОЭС ЮГА,16509,16187
2026-02-02 23:00,2026-02-02,23,550000,ОЭС ЮГА,15068,15499
2026-02-03 00:00,2026-02-03,0,550000,ОЭС ЮГА,13908,14624
2026-02-03 01:00,2026-02-03,1,550000,ОЭС ЮГА,13215,14023
2026-02-03 02:00,2026-02-03,2,550000,ОЭС ЮГА,13083,13700
2026-02-03 03:00,2026-02-03,3,550000,ОЭС ЮГА,13015,13497
2026-02-03 04:00,2026-02-03,4,550000,ОЭС ЮГА,12935,13471
2026-02-03 05:00,2026-02-03,5,550000,ОЭС ЮГА,13854,13566
2026-02-03 06:00,2026-02-03,6,550000,ОЭС ЮГА,14185,14358
2026-02-03 07:00,2026-02-03,7,550000,ОЭС ЮГА,15332,15307
2026-02-03 08:00,2026-02-03,8,550000,ОЭС ЮГА,15957,15946
2026-02-03 09:00,2026-02-03,9,550000,ОЭС ЮГА,16696,17001
2026-02-03 10:00,2026-02-03,10,550000,ОЭС ЮГА,18045,17495
2026-02-03 11:00,2026-02-03,11,550000,ОЭС ЮГА,17850,17623
2026-02-03 12:00,2026-02-03,12,550000,ОЭС ЮГА,17524,17498
2026-02-03 13:00,2026-02-03,13,550000,ОЭС ЮГА,17356,17352
2026-02-03 14:00,2026-02-03,14,550000,ОЭС ЮГА,17986,17497
2026-02-03 15:00,2026-02-03,15,550000,ОЭС ЮГА,17711,17402
2026-02-03 16:00,2026-02-03,16,550000,ОЭС ЮГА,17802,17244
2026-02-03 17:00,2026-02-03,17,550000,ОЭС ЮГА,18028,17264
2026-02-03 18:00,2026-02-03,18,550000,ОЭС ЮГА,18938,17779
2026-02-03 19:00,2026-02-03,19,550000,ОЭС ЮГА,18865,17866
2026-02-03 20:00,2026-02-03,20,550000,ОЭС ЮГА,17676,17539
2026-02-03 21:00,2026-02-03,21,550000,ОЭС ЮГА,17259,17320
2026-02-03 22:00,2026-02-03,22,550000,ОЭС ЮГА,16846,16929
2026-02-03 23:00,2026-02-03,23,550000,ОЭС ЮГА,16195,15863
2026-02-04 00:00,2026-02-04,0,550000,ОЭС ЮГА,15343,15047
2026-02-04 01:00,2026-02-04,1,550000,ОЭС ЮГА,14760,14396
2026-02-04 02:00,2026-02-04,2,550000,ОЭС ЮГА,14268,14103
2026-02-04 03:00,2026-02-04,3,550000,ОЭС ЮГА,13593,13870
2026-02-04 04:00,2026-02-04,4,550000,ОЭС ЮГА,13891,13858
2026-02-04 05:00,2026-02-04,5,550000,ОЭС ЮГА,13724,13998
2026-02-04 06:00,2026-02-04,6,550000,ОЭС ЮГА,14577,14576
2026-02-04 07:00,2026-02-04,7,550000,ОЭС ЮГА,15634,15666
2026-02-04 08:00,2026-02-04,8,550000,ОЭС ЮГА,16353,16623
2026-02-04 09:00,2026-02-04,9,550000,ОЭС ЮГА,18115,17634
2026-02-04 10:00,2026-02-04,10,550000,ОЭС ЮГА,18441,18095
2026-02-04 11:00,2026-02-04,11,550000,ОЭС ЮГА,18567,18012
2026-02-04 12:00,2026-02-04,12,550000,ОЭС ЮГА,17945,17638
2026-02-04 13:00,2026-02-04,13,550000,ОЭС ЮГА,17987,17551
2026-02-04 14:00,2026-02-04,14,550000,ОЭС ЮГА,17798,17378
2026-02-04 15:00,2026-02-04,15,550000,ОЭС ЮГА,17388,17400
2026-02-04 16:00,2026-02-04,16,550000,ОЭС ЮГА,17192,17170
2026-02-04 17:00,2026-02-04,17,550000,ОЭС ЮГА,17221,17202
2026-02-04 18:00,2026-02-04,18,550000,ОЭС ЮГА,18416,18089
2026-02-04 19:00,2026-02-04,19,550000,ОЭС ЮГА,18275,18130
2026-02-04 20:00,2026-02-04,20,550000,ОЭС ЮГА,17752,17708
2026-02-04 21:00,2026-02-04,21,550000,ОЭС ЮГА,17246,17319
2026-02-04 22:00,2026-02-04,22,550000,ОЭС ЮГА,16524,16983
2026-02-04 23:00,2026-02-04,23,550000,ОЭС ЮГА,15839,15983
2026-02-05 00:00,2026-02-05,0,550000,ОЭС ЮГА,14561,15328
2026-02-05 01:00,2026-02-05,1,550000,ОЭС ЮГА,13748,14619
2026-02-05 02:00,2026-02-05,2,550000,ОЭС ЮГА,13449,14301
2026-02-05 03:00,2026-02-05,3,550000,ОЭС ЮГА,13502,14289
2026-02-05 04:00,2026-02-05,4,550000,ОЭС ЮГА,13418,14237
2026-02-05 05:00,2026-02-05,5,550000,ОЭС ЮГА,13446,14339
2026-02-05 06:00,2026-02-05,6,550000,ОЭС ЮГА,14342,15123
2026-02-05 07:00,2026-02-05,7,550000,ОЭС ЮГА,15765,16023
2026-02-05 08:00,2026-02-05,8,550000,ОЭС ЮГА,16391,16940
2026-02-05 09:00,2026-02-05,9,550000,ОЭС ЮГА,17382,18056
2026-02-05 10:00,2026-02-05,10,550000,ОЭС ЮГА,17869,18303
2026-02-05 11:00,2026-02-05,11,550000,ОЭС ЮГА,17880,18040
2026-02-05 12:00,2026-02-05,12,550000,ОЭС ЮГА,17925,17806
2026-02-05 13:00,2026-02-05,13,550000,ОЭС ЮГА,17974,17652
2026-02-05 14:00,2026-02-05,14,550000,ОЭС ЮГА,18014,17552
2026-02-05 15:00,2026-02-05,15,550000,ОЭС ЮГА,17304,17440
2026-02-05 16:00,2026-02-05,16,550000,ОЭС ЮГА,17430,17326
2026-02-05 17:00,2026-02-05,17,550000,ОЭС ЮГА,17301,17259
2026-02-05 18:00,2026-02-05,18,550000,ОЭС ЮГА,18626,18099
2026-02-05 19:00,2026-02-05,19,550000,ОЭС ЮГА,18792,17911
2026-02-05 20:00,2026-02-05,20,550000,ОЭС ЮГА,17968,17788
2026-02-05 21:00,2026-02-05,21,550000,ОЭС ЮГА,16987,17439
2026-02-05 22:00,2026-02-05,22,550000,ОЭС ЮГА,16510,16939
2026-02-05 23:00,2026-02-05,23,550000,ОЭС ЮГА,16073,16211
2026-02-06 00:00,2026-02-06,0,550000,ОЭС ЮГА,14851,15304
2026-02-06 01:00,2026-02-06,1,550000,ОЭС ЮГА,14365,14724
2026-02-06 02:00,2026-02-06,2,550000,ОЭС ЮГА,14332,14357
2026-02-06 03:00,2026-02-06,3,550000,ОЭС ЮГА,14237,14051
2026-02-06 04:00,2026-02-06,4,550000,ОЭС ЮГА,14249,14184
2026-02-06 05:00,2026-02-06,5,550000,ОЭС ЮГА,14572,14342
2026-02-06 06:00,2026-02-06,6,550000,ОЭС ЮГА,15244,15101
2026-02-06 07:00,2026-02-06,7,550000,ОЭС ЮГА,15970,16063
2026-02-06 08:00,2026-02-06,8,550000,ОЭС ЮГА,17170,16960
2026-02-06 09:00,2026-02-06,9,550000,ОЭС ЮГА,18565,17914
2026-02-06 10:00,2026-02-06,10,550000,ОЭС ЮГА,19324,18196
2026-02-06 11:00,2026-02-06,11,550000,ОЭС ЮГА,19061,17902
2026-02-06 12:00,2026-02-06,12,550000,ОЭС ЮГА,18667,17850
2026-02-06 13:00,2026-02-06,13,550000,ОЭС ЮГА,18362,17470
2026-02-06 14:00,2026-02-06,14,550000,ОЭС ЮГА,18228,17310
2026-02-06 15:00,2026-02-06,15,550000,ОЭС ЮГА,18316,17308
2026-02-06 16:00,2026-02-06,16,550000,ОЭС ЮГА,18083,17340
2026-02-06 17:00,2026-02-06,17,550000,ОЭС ЮГА,18119,17213
2026-02-06 18:00,2026-02-06,18,550000,ОЭС ЮГА,18980,17757
2026-02-06 19:00,2026-02-06,19,550000,ОЭС ЮГА,18928,17583
2026-02-06 20:00,2026-02-06,20,550000,ОЭС ЮГА,18439,17378
2026-02-06 21:00,2026-02-06,21,550000,ОЭС ЮГА,18268,16925
2026-02-06 22:00,2026-02-06,22,550000,ОЭС ЮГА,16909,16287
2026-02-06 23:00,2026-02-06,23,550000,ОЭС ЮГА,16402,15620
2026-02-07 00:00,2026-02-07,0,550000,ОЭС ЮГА,15668,14865
2026-02-07 01:00,2026-02-07,1,550000,ОЭС ЮГА,14858,14242
2026-02-07 02:00,2026-02-07,2,550000,ОЭС ЮГА,14561,13802
2026-02-07 03:00,2026-02-07,3,550000,ОЭС ЮГА,14296,13564
2026-02-07 04:00,2026-02-07,4,550000,ОЭС ЮГА,14003,13428
2026-02-07 05:00,2026-02-07,5,550000,ОЭС ЮГА,13860,13474
2026-02-07 06:00,2026-02-07,6,550000,ОЭС ЮГА,14516,13920
2026-02-07 07:00,2026-02-07,7,550000,ОЭС ЮГА,14568,14265
2026-02-07 08:00,2026-02-07,8,550000,ОЭС ЮГА,14911,14930
2026-02-07 09:00,2026-02-07,9,550000,ОЭС ЮГА,16816,16032
2026-02-07 10:00,2026-02-07,10,550000,ОЭС ЮГА,17133,16746
2026-02-07 11:00,2026-02-07,11,550000,ОЭС ЮГА,17403,16951
2026-02-07 12:00,2026-02-07,12,550000,ОЭС ЮГА,17366,16851
2026-02-07 13:00,2026-02-07,13,550000,ОЭС ЮГА,17314,16598
2026-02-07 14:00,2026-02-07,14,550000,ОЭС ЮГА,16991,16566
2026-02-07 15:00,2026-02-07,15,550000,ОЭС ЮГА,16874,16389
2026-02-07 16:00,2026-02-07,16,550000,ОЭС ЮГА,16980,16304
2026-02-07 17:00,2026-02-07,17,550000,ОЭС ЮГА,17233,16422
2026-02-07 18:00,2026-02-07,18,550000,ОЭС ЮГА,17857,16999
2026-02-07 19:00,2026-02-07,19,550000,ОЭС ЮГА,17483,16986
2026-02-07 20:00,2026-02-07,20,550000,ОЭС ЮГА,16896,16549
2026-02-07 21:00,2026-02-07,21,550000,ОЭС ЮГА,17201,16170
2026-02-07 22:00,2026-02-07,22,550000,ОЭС ЮГА,15926,15768
2026-02-07 23:00,2026-02-07,23,550000,ОЭС ЮГА,15567,14902
2026-02-08 00:00,2026-02-08,0,550000,ОЭС ЮГА,13640,14225
2026-02-08 01:00,2026-02-08,1,550000,ОЭС ЮГА,13227,13699
2026-02-08 02:00,2026-02-08,2,550000,ОЭС ЮГА,12929,13056
2026-02-08 03:00,2026-02-08,3,550000,ОЭС ЮГА,12885,12940
2026-02-08 04:00,2026-02-08,4,550000,ОЭС ЮГА,12832,13113
2026-02-08 05:00,2026-02-08,5,550000,ОЭС ЮГА,12851,13109
2026-02-08 06:00,2026-02-08,6,550000,ОЭС ЮГА,13286,13396
2026-02-08 07:00,2026-02-08,7,550000,ОЭС ЮГА,13284,13577
2026-02-08 08:00,2026-02-08,8,550000,ОЭС ЮГА,14096,14166
2026-02-08 09:00,2026-02-08,9,550000,ОЭС ЮГА,14958,15171
2026-02-08 10:00,2026-02-08,10,550000,ОЭС ЮГА,15824,15972
2026-02-08 11:00,2026-02-08,11,550000,ОЭС ЮГА,16217,16355
2026-02-08 12:00,2026-02-08,12,550000,ОЭС ЮГА,16353,16415
2026-02-08 13:00,2026-02-08,13,550000,ОЭС ЮГА,16478,16432
2026-02-08 14:00,2026-02-08,14,550000,ОЭС ЮГА,16546,16389
2026-02-08 15:00,2026-02-08,15,550000,ОЭС ЮГА,16399,16366
2026-02-08 16:00,2026-02-08,16,550000,ОЭС ЮГА,16668,16356
2026-02-08 17:00,2026-02-08,17,550000,ОЭС ЮГА,16998,16430
2026-02-08 18:00,2026-02-08,18,550000,ОЭС ЮГА,17566,17154
2026-02-08 19:00,2026-02-08,19,550000,ОЭС ЮГА,17589,17085
2026-02-08 20:00,2026-02-08,20,550000,ОЭС ЮГА,17109,16629
2026-02-08 21:00,2026-02-08,21,550000,ОЭС ЮГА,16549,16485
2026-02-08 22:00,2026-02-08,22,550000,ОЭС ЮГА,16119,15977
2026-02-08 23:00,2026-02-08,23,550000,ОЭС ЮГА,14458,15069
2026-02-09 00:00,2026-02-09,0,550000,ОЭС ЮГА,14167,14332
2026-02-09 01:00,2026-02-09,1,550000,ОЭС ЮГА,13679,13747
2026-02-09 02:00,2026-02-09,2,550000,ОЭС ЮГА,13398,13257
2026-02-09 03:00,2026-02-09,3,550000,ОЭС ЮГА,13216,13128
2026-02-09 04:00,2026-02-09,4,550000,ОЭС ЮГА,13225,13020
2026-02-09 05:00,2026-02-09,5,550000,ОЭС ЮГА,13578,13365
2026-02-09 06:00,2026-02-09,6,550000,ОЭС ЮГА,14126,13978
2026-02-09 07:00,2026-02-09,7,550000,ОЭС ЮГА,14839,14985
2026-02-09 08:00,2026-02-09,8,550000,ОЭС ЮГА,15927,15761
2026-02-09 09:00,2026-02-09,9,550000,ОЭС ЮГА,17341,16789
2026-02-09 10:00,2026-02-09,10,550000,ОЭС ЮГА,18176,17273
2026-02-09 11:00,2026-02-09,11,550000,ОЭС ЮГА,18487,17514
2026-02-09 12:00,2026-02-09,12,550000,ОЭС ЮГА,17995,17343
2026-02-09 13:00,2026-02-09,13,550000,ОЭС ЮГА,18141,17334
2026-02-09 14:00,2026-02-09,14,550000,ОЭС ЮГА,18318,17282
2026-02-09 15:00,2026-02-09,15,550000,ОЭС ЮГА,17855,17183
2026-02-09 16:00,2026-02-09,16,550000,ОЭС ЮГА,17776,17191
2026-02-09 17:00,2026-02-09,17,550000,ОЭС ЮГА,17714,17064
2026-02-09 18:00,2026-02-09,18,550000,ОЭС ЮГА,18797,17534
2026-02-09 19:00,2026-02-09,19,550000,ОЭС ЮГА,18510,17490
2026-02-09 20:00,2026-02-09,20,550000,ОЭС ЮГА,18189,17231
2026-02-09 21:00,2026-02-09,21,550000,ОЭС ЮГА,17306,17080
2026-02-09 22:00,2026-02-09,22,550000,ОЭС ЮГА,16445,16612
2026-02-09 23:00,2026-02-09,23,550000,ОЭС ЮГА,15107,15642
2026-02-10 00:00,2026-02-10,0,550000,ОЭС ЮГА,14259,15123
2026-02-10 01:00,2026-02-10,1,550000,ОЭС ЮГА,14202,14463
2026-02-10 02:00,2026-02-10,2,550000,ОЭС ЮГА,13736,14078
2026-02-10 03:00,2026-02-10,3,550000,ОЭС ЮГА,13554,13884
2026-02-10 04:00,2026-02-10,4,550000,ОЭС ЮГА,13537,13721
2026-02-10 05:00,2026-02-10,5,550000,ОЭС ЮГА,13787,14131
2026-02-10 06:00,2026-02-10,6,550000,ОЭС ЮГА,14594,14503
2026-02-10 07:00,2026-02-10,7,550000,ОЭС ЮГА,15814,15728
2026-02-10 08:00,2026-02-10,8,550000,ОЭС ЮГА,16648,16503
2026-02-10 09:00,2026-02-10,9,550000,ОЭС ЮГА,18091,17685
2026-02-10 10:00,2026-02-10,10,550000,ОЭС ЮГА,18507,17997
2026-02-10 11:00,2026-02-10,11,550000,ОЭС ЮГА,18613,17903
2026-02-10 12:00,2026-02-10,12,550000,ОЭС ЮГА,18354,17530
2026-02-10 13:00,2026-02-10,13,550000,ОЭС ЮГА,18179,17472
2026-02-10 14:00,2026-02-10,14,550000,ОЭС ЮГА,18077,17175
2026-02-10 15:00,2026-02-10,15,550000,ОЭС ЮГА,17940,16987
2026-02-10 16:00,2026-02-10,16,550000,ОЭС ЮГА,17844,17106
2026-02-10 17:00,2026-02-10,17,550000,ОЭС ЮГА,17526,16973
2026-02-10 18:00,2026-02-10,18,550000,ОЭС ЮГА,18354,17829
2026-02-10 19:00,2026-02-10,19,550000,ОЭС ЮГА,18399,17891
2026-02-10 20:00,2026-02-10,20,550000,ОЭС ЮГА,18208,17700
2026-02-10 21:00,2026-02-10,21,550000,ОЭС ЮГА,17322,17366
2026-02-10 22:00,2026-02-10,22,550000,ОЭС ЮГА,17120,16911
2026-02-10 23:00,2026-02-10,23,550000,ОЭС ЮГА,15403,16061
2026-02-11 00:00,2026-02-11,0,550000,ОЭС ЮГА,14372,15157
2026-02-11 01:00,2026-02-11,1,550000,ОЭС ЮГА,13649,14434
2026-02-11 02:00,2026-02-11,2,550000,ОЭС ЮГА,13563,14024
2026-02-11 03:00,2026-02-11,3,550000,ОЭС ЮГА,13801,13816
2026-02-11 04:00,2026-02-11,4,550000,ОЭС ЮГА,13413,13983
2026-02-11 05:00,2026-02-11,5,550000,ОЭС ЮГА,13853,14107
2026-02-11 06:00,2026-02-11,6,550000,ОЭС ЮГА,14805,14744
2026-02-11 07:00,2026-02-11,7,550000,ОЭС ЮГА,16101,15712
2026-02-11 08:00,2026-02-11,8,550000,ОЭС ЮГА,17101,16798
2026-02-11 09:00,2026-02-11,9,550000,ОЭС ЮГА,17701,17788
2026-02-11 10:00,2026-02-11,10,550000,ОЭС ЮГА,18435,17995
2026-02-11 11:00,2026-02-11,11,550000,ОЭС ЮГА,18684,17735
2026-02-11 12:00,2026-02-11,12,550000,ОЭС ЮГА,18362,17587
2026-02-11 13:00,2026-02-11,13,550000,ОЭС ЮГА,18229,17434
2026-02-11 14:00,2026-02-11,14,550000,ОЭС ЮГА,18171,17252
2026-02-11 15:00,2026-02-11,15,550000,ОЭС ЮГА,18109,17115
2026-02-11 16:00,2026-02-11,16,550000,ОЭС ЮГА,18082,17283
2026-02-11 17:00,2026-02-11,17,550000,ОЭС ЮГА,17948,17152
2026-02-11 18:00,2026-02-11,18,550000,ОЭС ЮГА,18789,17653
2026-02-11 19:00,2026-02-11,19,550000,ОЭС ЮГА,18696,17718
2026-02-11 20:00,2026-02-11,20,550000,ОЭС ЮГА,18255,17524
2026-02-11 21:00,2026-02-11,21,550000,ОЭС ЮГА,17583,17154
2026-02-11 22:00,2026-02-11,22,550000,ОЭС ЮГА,16398,16639
2026-02-11 23:00,2026-02-11,23,550000,ОЭС ЮГА,15349,15790
2026-02-12 00:00,2026-02-12,0,550000,ОЭС ЮГА,14739,14880
2026-02-12 01:00,2026-02-12,1,550000,ОЭС ЮГА,14240,14213
2026-02-12 02:00,2026-02-12,2,550000,ОЭС ЮГА,13813,13792
2026-02-12 03:00,2026-02-12,3,550000,ОЭС ЮГА,13566,13774
2026-02-12 04:00,2026-02-12,4,550000,ОЭС ЮГА,13319,13709
2026-02-12 05:00,2026-02-12,5,550000,ОЭС ЮГА,13710,13963
2026-02-12 06:00,2026-02-12,6,550000,ОЭС ЮГА,14331,14503
2026-02-12 07:00,2026-02-12,7,550000,ОЭС ЮГА,15598,15420
2026-02-12 08:00,2026-02-12,8,550000,ОЭС ЮГА,16485,16371
2026-02-12 09:00,2026-02-12,9,550000,ОЭС ЮГА,17462,17164
2026-02-12 10:00,2026-02-12,10,550000,ОЭС ЮГА,17489,17407
2026-02-12 11:00,2026-02-12,11,550000,ОЭС ЮГА,17584,17194
2026-02-12 12:00,2026-02-12,12,550000,ОЭС ЮГА,17753,16921
2026-02-12 13:00,2026-02-12,13,550000,ОЭС ЮГА,17505,16684
2026-02-12 14:00,2026-02-12,14,550000,ОЭС ЮГА,17234,16454
2026-02-12 15:00,2026-02-12,15,550000,ОЭС ЮГА,17040,16331
2026-02-12 16:00,2026-02-12,16,550000,ОЭС ЮГА,17337,16301
2026-02-12 17:00,2026-02-12,17,550000,ОЭС ЮГА,17206,16114
2026-02-12 18:00,2026-02-12,18,550000,ОЭС ЮГА,18533,16972
2026-02-12 19:00,2026-02-12,19,550000,ОЭС ЮГА,18163,16887
2026-02-12 20:00,2026-02-12,20,550000,ОЭС ЮГА,17547,16703
2026-02-12 21:00,2026-02-12,21,550000,ОЭС ЮГА,16759,16408
2026-02-12 22:00,2026-02-12,22,550000,ОЭС ЮГА,16207,16133
2026-02-12 23:00,2026-02-12,23,550000,ОЭС ЮГА,15176,15194
2026-02-13 00:00,2026-02-13,0,550000,ОЭС ЮГА,14834,14203
2026-02-13 01:00,2026-02-13,1,550000,ОЭС ЮГА,14280,13713
2026-02-13 02:00,2026-02-13,2,550000,ОЭС ЮГА,13522,13168
2026-02-13 03:00,2026-02-13,3,550000,ОЭС ЮГА,13644,13041
2026-02-13 04:00,2026-02-13,4,550000,ОЭС ЮГА,13780,12800
2026-02-13 05:00,2026-02-13,5,550000,ОЭС ЮГА,13938,13141
2026-02-13 06:00,2026-02-13,6,550000,ОЭС ЮГА,14148,13946
2026-02-13 07:00,2026-02-13,7,550000,ОЭС ЮГА,15216,14831
2026-02-13 08:00,2026-02-13,8,550000,ОЭС ЮГА,16363,15408
2026-02-13 09:00,2026-02-13,9,550000,ОЭС ЮГА,17236,16414
2026-02-13 10:00,2026-02-13,10,550000,ОЭС ЮГА,17571,16639
2026-02-13 11:00,2026-02-13,11,550000,ОЭС ЮГА,17743,16646
2026-02-13 12:00,2026-02-13,12,550000,ОЭС ЮГА,17800,16321
2026-02-13 13:00,2026-02-13,13,550000,ОЭС ЮГА,17602,16118
2026-02-13 14:00,2026-02-13,14,550000,ОЭС ЮГА,17605,16226
2026-02-13 15:00,2026-02-13,15,550000,ОЭС ЮГА,17149,16042
2026-02-13 16:00,2026-02-13,16,550000,ОЭС ЮГА,17031,16060
2026-02-13 17:00,2026-02-13,17,550000,ОЭС ЮГА,17034,15950
2026-02-13 18:00,2026-02-13,18,550000,ОЭС ЮГА,17866,16593
2026-02-13 19:00,2026-02-13,19,550000,ОЭС ЮГА,17775,16495
2026-02-13 20:00,2026-02-13,20,550000,ОЭС ЮГА,17750,16191
2026-02-13 21:00,2026-02-13,21,550000,ОЭС ЮГА,17086,15763
2026-02-13 22:00,2026-02-13,22,550000,ОЭС ЮГА,16799,15298
2026-02-13 23:00,2026-02-13,23,550000,ОЭС ЮГА,15079,14666
2026-02-14 00:00,2026-02-14,0,550000,ОЭС ЮГА,14188,13794
2026-02-14 01:00,2026-02-14,1,550000,ОЭС ЮГА,13851,13196
2026-02-14 02:00,2026-02-14,2,550000,ОЭС ЮГА,13565,12723
2026-02-14 03:00,2026-02-14,3,550000,ОЭС ЮГА,13485,12614
2026-02-14 04:00,2026-02-14,4,550000,ОЭС ЮГА,13240,12488
2026-02-14 05:00,2026-02-14,5,550000,ОЭС ЮГА,13428,12614
2026-02-14 06:00,2026-02-14,6,550000,ОЭС ЮГА,13855,12995
2026-02-14 07:00,2026-02-14,7,550000,ОЭС ЮГА,13803,13463
2026-02-14 08:00,2026-02-14,8,550000,ОЭС ЮГА,14237,14014
2026-02-14 09:00,2026-02-14,9,550000,ОЭС ЮГА,15817,15125
2026-02-14 10:00,2026-02-14,10,550000,ОЭС ЮГА,16403,15506
2026-02-14 11:00,2026-02-14,11,550000,ОЭС ЮГА,16551,15890
2026-02-14 12:00,2026-02-14,12,550000,ОЭС ЮГА,16395,15867
2026-02-14 13:00,2026-02-14,13,550000,ОЭС ЮГА,16584,15907
2026-02-14 14:00,2026-02-14,14,550000,ОЭС ЮГА,16436,15777
2026-02-14 15:00,2026-02-14,15,550000,ОЭС ЮГА,16341,15540
2026-02-14 16:00,2026-02-14,16,550000,ОЭС ЮГА,16413,15570
2026-02-14 17:00,2026-02-14,17,550000,ОЭС ЮГА,16276,15730
2026-02-14 18:00,2026-02-14,18,550000,ОЭС ЮГА,17172,16223
2026-02-14 19:00,2026-02-14,19,550000,ОЭС ЮГА,16977,16305
2026-02-14 20:00,2026-02-14,20,550000,ОЭС ЮГА,16120,15931
2026-02-14 21:00,2026-02-14,21,550000,ОЭС ЮГА,16060,15375
2026-02-14 22:00,2026-02-14,22,550000,ОЭС ЮГА,15679,14878
2026-02-14 23:00,2026-02-14,23,550000,ОЭС ЮГА,14421,14304
2026-02-15 00:00,2026-02-15,0,550000,ОЭС ЮГА,14107,13611
2026-02-15 01:00,2026-02-15,1,550000,ОЭС ЮГА,13370,13007
2026-02-15 02:00,2026-02-15,2,550000,ОЭС ЮГА,12948,12418
2026-02-15 03:00,2026-02-15,3,550000,ОЭС ЮГА,12897,12229
2026-02-15 04:00,2026-02-15,4,550000,ОЭС ЮГА,12777,12285
2026-02-15 05:00,2026-02-15,5,550000,ОЭС ЮГА,12674,12181
2026-02-15 06:00,2026-02-15,6,550000,ОЭС ЮГА,13095,12667
2026-02-15 07:00,2026-02-15,7,550000,ОЭС ЮГА,12953,12717
2026-02-15 08:00,2026-02-15,8,550000,ОЭС ЮГА,13495,13330
2026-02-15 09:00,2026-02-15,9,550000,ОЭС ЮГА,14234,14331
2026-02-15 10:00,2026-02-15,10,550000,ОЭС ЮГА,15437,14799
2026-02-15 11:00,2026-02-15,11,550000,ОЭС ЮГА,15585,14989
2026-02-15 12:00,2026-02-15,12,550000,ОЭС ЮГА,15647,14829
2026-02-15 13:00,2026-02-15,13,550000,ОЭС ЮГА,15409,14744
2026-02-15 14:00,2026-02-15,14,550000,ОЭС ЮГА,15252,14760
2026-02-15 15:00,2026-02-15,15,550000,ОЭС ЮГА,15291,14554
2026-02-15 16:00,2026-02-15,16,550000,ОЭС ЮГА,15036,14547
2026-02-15 17:00,2026-02-15,17,550000,ОЭС ЮГА,15561,14658
2026-02-15 18:00,2026-02-15,18,550000,ОЭС ЮГА,16219,15486
2026-02-15 19:00,2026-02-15,19,550000,ОЭС ЮГА,15959,15761
2026-02-15 20:00,2026-02-15,20,550000,ОЭС ЮГА,16002,15555
2026-02-15 21:00,2026-02-15,21,550000,ОЭС ЮГА,15979,15372
2026-02-15 22:00,2026-02-15,22,550000,ОЭС ЮГА,15033,14846
2026-02-15 23:00,2026-02-15,23,550000,ОЭС ЮГА,13328,14005
2026-02-16 00:00,2026-02-16,0,550000,ОЭС ЮГА,13554,13211
2026-02-16 01:00,2026-02-16,1,550000,ОЭС ЮГА,12973,12561
2026-02-16 02:00,2026-02-16,2,550000,ОЭС ЮГА,13037,12243
2026-02-16 03:00,2026-02-16,3,550000,ОЭС ЮГА,12628,12065
2026-02-16 04:00,2026-02-16,4,550000,ОЭС ЮГА,12525,11976
2026-02-16 05:00,2026-02-16,5,550000,ОЭС ЮГА,12965,12119
2026-02-16 06:00,2026-02-16,6,550000,ОЭС ЮГА,13301,12851
2026-02-16 07:00,2026-02-16,7,550000,ОЭС ЮГА,13473,13610
2026-02-16 08:00,2026-02-16,8,550000,ОЭС ЮГА,14332,14357
2026-02-16 09:00,2026-02-16,9,550000,ОЭС ЮГА,15629,15257
2026-02-16 10:00,2026-02-16,10,550000,ОЭС ЮГА,16629,15501
2026-02-16 11:00,2026-02-16,11,550000,ОЭС ЮГА,16577,15377
2026-02-16 12:00,2026-02-16,12,550000,ОЭС ЮГА,16566,15188
2026-02-16 13:00,2026-02-16,13,550000,ОЭС ЮГА,16659,15113
2026-02-16 14:00,2026-02-16,14,550000,ОЭС ЮГА,16470,15092
2026-02-16 15:00,2026-02-16,15,550000,ОЭС ЮГА,16376,14941
2026-02-16 16:00,2026-02-16,16,550000,ОЭС ЮГА,16378,14900
2026-02-16 17:00,2026-02-16,17,550000,ОЭС ЮГА,16427,14817
2026-02-16 18:00,2026-02-16,18,550000,ОЭС ЮГА,16901,15488
2026-02-16 19:00,2026-02-16,19,550000,ОЭС ЮГА,17130,15603
2026-02-16 20:00,2026-02-16,20,550000,ОЭС ЮГА,16792,15350
2026-02-16 21:00,2026-02-16,21,550000,ОЭС ЮГА,16364,15198
2026-02-16 22:00,2026-02-16,22,550000,ОЭС ЮГА,15319,14771
2026-02-16 23:00,2026-02-16,23,550000,ОЭС ЮГА,14328,13851
2026-02-17 00:00,2026-02-17,0,550000,ОЭС ЮГА,13980,13164
2026-02-17 01:00,2026-02-17,1,550000,ОЭС ЮГА,12223,12390
2026-02-17 02:00,2026-02-17,2,550000,ОЭС ЮГА,11855,11949
2026-02-17 03:00,2026-02-17,3,550000,ОЭС ЮГА,11734,12007
2026-02-17 04:00,2026-02-17,4,550000,ОЭС ЮГА,11643,11774
2026-02-17 05:00,2026-02-17,5,550000,ОЭС ЮГА,11843,12070
2026-02-17 06:00,2026-02-17,6,550000,ОЭС ЮГА,12379,12814
2026-02-17 07:00,2026-02-17,7,550000,ОЭС ЮГА,13225,13710
2026-02-17 08:00,2026-02-17,8,550000,ОЭС ЮГА,14632,14368
2026-02-17 09:00,2026-02-17,9,550000,ОЭС ЮГА,15526,15260
2026-02-17 10:00,2026-02-17,10,550000,ОЭС ЮГА,15693,15588
2026-02-17 11:00,2026-02-17,11,550000,ОЭС ЮГА,15698,15663
2026-02-17 12:00,2026-02-17,12,550000,ОЭС ЮГА,15887,15442
2026-02-17 13:00,2026-02-17,13,550000,ОЭС ЮГА,15799,15370
2026-02-17 14:00,2026-02-17,14,550000,ОЭС ЮГА,15814,15316
2026-02-17 15:00,2026-02-17,15,550000,ОЭС ЮГА,15915,15227
2026-02-17 16:00,2026-02-17,16,550000,ОЭС ЮГА,15685,15231
2026-02-17 17:00,2026-02-17,17,550000,ОЭС ЮГА,15885,15120
2026-02-17 18:00,2026-02-17,18,550000,ОЭС ЮГА,16732,15783
2026-02-17 19:00,2026-02-17,19,550000,ОЭС ЮГА,16853,15825
2026-02-17 20:00,2026-02-17,20,550000,ОЭС ЮГА,16682,15631
2026-02-17 21:00,2026-02-17,21,550000,ОЭС ЮГА,16314,15322
2026-02-17 22:00,2026-02-17,22,550000,ОЭС ЮГА,14785,15011
2026-02-17 23:00,2026-02-17,23,550000,ОЭС ЮГА,13758,14155
2026-02-18 00:00,2026-02-18,0,550000,ОЭС ЮГА,12718,13104
2026-02-18 01:00,2026-02-18,1,550000,ОЭС ЮГА,12316,12589
2026-02-18 02:00,2026-02-18,2,550000,ОЭС ЮГА,11756,12210
2026-02-18 03:00,2026-02-18,3,550000,ОЭС ЮГА,11516,12048
2026-02-18 04:00,2026-02-18,4,550000,ОЭС ЮГА,11644,12093
2026-02-18 05:00,2026-02-18,5,550000,ОЭС ЮГА,12213,12530
2026-02-18 06:00,2026-02-18,6,550000,ОЭС ЮГА,12513,13029
2026-02-18 07:00,2026-02-18,7,550000,ОЭС ЮГА,13820,13612
2026-02-18 08:00,2026-02-18,8,550000,ОЭС ЮГА,15012,14339
2026-02-18 09:00,2026-02-18,9,550000,ОЭС ЮГА,15935,15225
2026-02-18 10:00,2026-02-18,10,550000,ОЭС ЮГА,16420,15483
2026-02-18 11:00,2026-02-18,11,550000,ОЭС ЮГА,16622,15536
2026-02-18 12:00,2026-02-18,12,550000,ОЭС ЮГА,16366,15372
2026-02-18 13:00,2026-02-18,13,550000,ОЭС ЮГА,16615,15450
2026-02-18 14:00,2026-02-18,14,550000,ОЭС ЮГА,16870,15480
2026-02-18 15:00,2026-02-18,15,550000,ОЭС ЮГА,16671,15287
2026-02-18 16:00,2026-02-18,16,550000,ОЭС ЮГА,16723,15368
2026-02-18 17:00,2026-02-18,17,550000,ОЭС ЮГА,16458,15358
2026-02-18 18:00,2026-02-18,18,550000,ОЭС ЮГА,17140,15833
2026-02-18 19:00,2026-02-18,19,550000,ОЭС ЮГА,17188,15877
2026-02-18 20:00,2026-02-18,20,550000,ОЭС ЮГА,16784,15685
2026-02-18 21:00,2026-02-18,21,550000,ОЭС ЮГА,15920,15377
2026-02-18 22:00,2026-02-18,22,550000,ОЭС ЮГА,14683,14943
2026-02-18 23:00,2026-02-18,23,550000,ОЭС ЮГА,14049,14161
2026-02-19 00:00,2026-02-19,0,550000,ОЭС ЮГА,13712,13379
2026-02-19 01:00,2026-02-19,1,550000,ОЭС ЮГА,13031,12723
2026-02-19 02:00,2026-02-19,2,550000,ОЭС ЮГА,12415,12378
2026-02-19 03:00,2026-02-19,3,550000,ОЭС ЮГА,12246,12304
2026-02-19 04:00,2026-02-19,4,550000,ОЭС ЮГА,12295,12232
2026-02-19 05:00,2026-02-19,5,550000,ОЭС ЮГА,12523,12685
2026-02-19 06:00,2026-02-19,6,550000,ОЭС ЮГА,12680,13191
2026-02-19 07:00,2026-02-19,7,550000,ОЭС ЮГА,13441,13839
2026-02-19 08:00,2026-02-19,8,550000,ОЭС ЮГА,15162,14628
2026-02-19 09:00,2026-02-19,9,550000,ОЭС ЮГА,16222,15503
2026-02-19 10:00,2026-02-19,10,550000,ОЭС ЮГА,16521,15725
2026-02-19 11:00,2026-02-19,11,550000,ОЭС ЮГА,16320,15826
2026-02-19 12:00,2026-02-19,12,550000,ОЭС ЮГА,16442,15769
2026-02-19 13:00,2026-02-19,13,550000,ОЭС ЮГА,16431,15813
2026-02-19 14:00,2026-02-19,14,550000,ОЭС ЮГА,16543,15654
2026-02-19 15:00,2026-02-19,15,550000,ОЭС ЮГА,16101,15675
2026-02-19 16:00,2026-02-19,16,550000,ОЭС ЮГА,16306,15686
2026-02-19 17:00,2026-02-19,17,550000,ОЭС ЮГА,16267,15686
2026-02-19 18:00,2026-02-19,18,550000,ОЭС ЮГА,17178,16179
2026-02-19 19:00,2026-02-19,19,550000,ОЭС ЮГА,17250,16136
2026-02-19 20:00,2026-02-19,20,550000,ОЭС ЮГА,17047,15808
2026-02-19 21:00,2026-02-19,21,550000,ОЭС ЮГА,16668,15601
2026-02-19 22:00,2026-02-19,22,550000,ОЭС ЮГА,15312,15107
2026-02-19 23:00,2026-02-19,23,550000,ОЭС ЮГА,14746,14316
2026-02-20 00:00,2026-02-20,0,550000,ОЭС ЮГА,14246,13573
2026-02-20 01:00,2026-02-20,1,550000,ОЭС ЮГА,14060,12917
2026-02-20 02:00,2026-02-20,2,550000,ОЭС ЮГА,13415,12449
2026-02-20 03:00,2026-02-20,3,550000,ОЭС ЮГА,12772,12389
2026-02-20 04:00,2026-02-20,4,550000,ОЭС ЮГА,13174,12240
2026-02-20 05:00,2026-02-20,5,550000,ОЭС ЮГА,13657,12921
2026-02-20 06:00,2026-02-20,6,550000,ОЭС ЮГА,14054,13333
2026-02-20 07:00,2026-02-20,7,550000,ОЭС ЮГА,14319,13861
2026-02-20 08:00,2026-02-20,8,550000,ОЭС ЮГА,14981,14625
2026-02-20 09:00,2026-02-20,9,550000,ОЭС ЮГА,16178,15414
2026-02-20 10:00,2026-02-20,10,550000,ОЭС ЮГА,16692,15570
2026-02-20 11:00,2026-02-20,11,550000,ОЭС ЮГА,16528,15482
2026-02-20 12:00,2026-02-20,12,550000,ОЭС ЮГА,16524,15359
2026-02-20 13:00,2026-02-20,13,550000,ОЭС ЮГА,16489,15129
2026-02-20 14:00,2026-02-20,14,550000,ОЭС ЮГА,16286,15033
2026-02-20 15:00,2026-02-20,15,550000,ОЭС ЮГА,15878,14773
2026-02-20 16:00,2026-02-20,16,550000,ОЭС ЮГА,15699,14874
2026-02-20 17:00,2026-02-20,17,550000,ОЭС ЮГА,15857,14927
2026-02-20 18:00,2026-02-20,18,550000,ОЭС ЮГА,16120,15399
2026-02-20 19:00,2026-02-20,19,550000,ОЭС ЮГА,16266,15708
2026-02-20 20:00,2026-02-20,20,550000,ОЭС ЮГА,16108,15405
2026-02-20 21:00,2026-02-20,21,550000,ОЭС ЮГА,15451,15064
2026-02-20 22:00,2026-02-20,22,550000,ОЭС ЮГА,14692,14543
2026-02-20 23:00,2026-02-20,23,550000,ОЭС ЮГА,13400,13933
2026-02-21 00:00,2026-02-21,0,550000,ОЭС ЮГА,12316,13341
2026-02-21 01:00,2026-02-21,1,550000,ОЭС ЮГА,12184,12765
2026-02-21 02:00,2026-02-21,2,550000,ОЭС ЮГА,11940,12415
2026-02-21 03:00,2026-02-21,3,550000,ОЭС ЮГА,11748,12234
2026-02-21 04:00,2026-02-21,4,550000,ОЭС ЮГА,11891,11992
2026-02-21 05:00,2026-02-21,5,550000,ОЭС ЮГА,11858,12565
2026-02-21 06:00,2026-02-21,6,550000,ОЭС ЮГА,11809,12751
2026-02-21 07:00,2026-02-21,7,550000,ОЭС ЮГА,12079,13037
2026-02-21 08:00,2026-02-21,8,550000,ОЭС ЮГА,13010,13519
2026-02-21 09:00,2026-02-21,9,550000,ОЭС ЮГА,14397,14449
2026-02-21 10:00,2026-02-21,10,550000,ОЭС ЮГА,14759,14849
2026-02-21 11:00,2026-02-21,11,550000,ОЭС ЮГА,15186,14941
2026-02-21 12:00,2026-02-21,12,550000,ОЭС ЮГА,15290,14878
2026-02-21 13:00,2026-02-21,13,550000,ОЭС ЮГА,15433,15011
2026-02-21 14:00,2026-02-21,14,550000,ОЭС ЮГА,15161,14802
2026-02-21 15:00,2026-02-21,15,550000,ОЭС ЮГА,15339,14759
2026-02-21 16:00,2026-02-21,16,550000,ОЭС ЮГА,15269,14894
2026-02-21 17:00,2026-02-21,17,550000,ОЭС ЮГА,15280,14944
2026-02-21 18:00,2026-02-21,18,550000,ОЭС ЮГА,15719,15513
2026-02-21 19:00,2026-02-21,19,550000,ОЭС ЮГА,16009,15740
2026-02-21 20:00,2026-02-21,20,550000,ОЭС ЮГА,15567,15478
2026-02-21 21:00,2026-02-21,21,550000,ОЭС ЮГА,15176,15268
2026-02-21 22:00,2026-02-21,22,550000,ОЭС ЮГА,14009,14685
2026-02-21 23:00,2026-02-21,23,550000,ОЭС ЮГА,13196,14110
2026-02-22 00:00,2026-02-22,0,550000,ОЭС ЮГА,12341,13557
2026-02-22 01:00,2026-02-22,1,550000,ОЭС ЮГА,12057,12779
2026-02-22 02:00,2026-02-22,2,550000,ОЭС ЮГА,11948,12525
2026-02-22 03:00,2026-02-22,3,550000,ОЭС ЮГА,12099,12414
2026-02-22 04:00,2026-02-22,4,550000,ОЭС ЮГА,12281,12366
2026-02-22 05:00,2026-02-22,5,550000,ОЭС ЮГА,12234,12706
2026-02-22 06:00,2026-02-22,6,550000,ОЭС ЮГА,12652,12956
2026-02-22 07:00,2026-02-22,7,550000,ОЭС ЮГА,12776,13013
2026-02-22 08:00,2026-02-22,8,550000,ОЭС ЮГА,12998,13461
2026-02-22 09:00,2026-02-22,9,550000,ОЭС ЮГА,14130,14245
2026-02-22 10:00,2026-02-22,10,550000,ОЭС ЮГА,15403,14780
2026-02-22 11:00,2026-02-22,11,550000,ОЭС ЮГА,15491,14972
2026-02-22 12:00,2026-02-22,12,550000,ОЭС ЮГА,14948,14918
2026-02-22 13:00,2026-02-22,13,550000,ОЭС ЮГА,14902,15026
2026-02-22 14:00,2026-02-22,14,550000,ОЭС ЮГА,14886,15100
2026-02-22 15:00,2026-02-22,15,550000,ОЭС ЮГА,15056,15018
2026-02-22 16:00,2026-02-22,16,550000,ОЭС ЮГА,14941,15215
2026-02-22 17:00,2026-02-22,17,550000,ОЭС ЮГА,14925,15479
2026-02-22 18:00,2026-02-22,18,550000,ОЭС ЮГА,15638,15812
2026-02-22 19:00,2026-02-22,19,550000,ОЭС ЮГА,16169,16007
2026-02-22 20:00,2026-02-22,20,550000,ОЭС ЮГА,15395,15553
2026-02-22 21:00,2026-02-22,21,550000,ОЭС ЮГА,15580,15456
2026-02-22 22:00,2026-02-22,22,550000,ОЭС ЮГА,15141,15034
2026-02-22 23:00,2026-02-22,23,550000,ОЭС ЮГА,14119,14361
2026-02-23 00:00,2026-02-23,0,550000,ОЭС ЮГА,13300,13690
2026-02-23 01:00,2026-02-23,1,550000,ОЭС ЮГА,12972,13118
2026-02-23 02:00,2026-02-23,2,550000,ОЭС ЮГА,12900,12902
2026-02-23 03:00,2026-02-23,3,550000,ОЭС ЮГА,12718,12597
2026-02-23 04:00,2026-02-23,4,550000,ОЭС ЮГА,12657,12484
2026-02-23 05:00,2026-02-23,5,550000,ОЭС ЮГА,12810,12860
2026-02-23 06:00,2026-02-23,6,550000,ОЭС ЮГА,12779,13121
2026-02-23 07:00,2026-02-23,7,550000,ОЭС ЮГА,12921,13003
2026-02-23 08:00,2026-02-23,8,550000,ОЭС ЮГА,13478,13660
2026-02-23 09:00,2026-02-23,9,550000,ОЭС ЮГА,14975,14640
2026-02-23 10:00,2026-02-23,10,550000,ОЭС ЮГА,15258,15302
2026-02-23 11:00,2026-02-23,11,550000,ОЭС ЮГА,15446,15652
2026-02-23 12:00,2026-02-23,12,550000,ОЭС ЮГА,15279,15612
2026-02-23 13:00,2026-02-23,13,550000,ОЭС ЮГА,15392,15732
2026-02-23 14:00,2026-02-23,14,550000,ОЭС ЮГА,15463,15712
2026-02-23 15:00,2026-02-23,15,550000,ОЭС ЮГА,15499,15433
2026-02-23 16:00,2026-02-23,16,550000,ОЭС ЮГА,15463,15633
2026-02-23 17:00,2026-02-23,17,550000,ОЭС ЮГА,15569,15597
2026-02-23 18:00,2026-02-23,18,550000,ОЭС ЮГА,16056,16030
2026-02-23 19:00,2026-02-23,19,550000,ОЭС ЮГА,15966,16123
2026-02-23 20:00,2026-02-23,20,550000,ОЭС ЮГА,15897,15878
2026-02-23 21:00,2026-02-23,21,550000,ОЭС ЮГА,15484,15633
2026-02-23 22:00,2026-02-23,22,550000,ОЭС ЮГА,14510,15079
2026-02-23 23:00,2026-02-23,23,550000,ОЭС ЮГА,13529,14247
2026-02-24 00:00,2026-02-24,0,550000,ОЭС ЮГА,12819,13517
2026-02-24 01:00,2026-02-24,1,550000,ОЭС ЮГА,12270,12779
2026-02-24 02:00,2026-02-24,2,550000,ОЭС ЮГА,12331,12505
2026-02-24 03:00,2026-02-24,3,550000,ОЭС ЮГА,12109,12286
2026-02-24 04:00,2026-02-24,4,550000,ОЭС ЮГА,12200,12166
2026-02-24 05:00,2026-02-24,5,550000,ОЭС ЮГА,12488,12880
2026-02-24 06:00,2026-02-24,6,550000,ОЭС ЮГА,12786,13187
2026-02-24 07:00,2026-02-24,7,550000,ОЭС ЮГА,13199,13922
2026-02-24 08:00,2026-02-24,8,550000,ОЭС ЮГА,14077,14673
2026-02-24 09:00,2026-02-24,9,550000,ОЭС ЮГА,15438,15460
2026-02-24 10:00,2026-02-24,10,550000,ОЭС ЮГА,16260,15930
2026-02-24 11:00,2026-02-24,11,550000,ОЭС ЮГА,16341,15932
2026-02-24 12:00,2026-02-24,12,550000,ОЭС ЮГА,16212,15801
2026-02-24 13:00,2026-02-24,13,550000,ОЭС ЮГА,16357,15826
2026-02-24 14:00,2026-02-24,14,550000,ОЭС ЮГА,16377,15744
2026-02-24 15:00,2026-02-24,15,550000,ОЭС ЮГА,16267,15585
2026-02-24 16:00,2026-02-24,16,550000,ОЭС ЮГА,16227,15831
2026-02-24 17:00,2026-02-24,17,550000,ОЭС ЮГА,16307,15663
2026-02-24 18:00,2026-02-24,18,550000,ОЭС ЮГА,16849,16052
2026-02-24 19:00,2026-02-24,19,550000,ОЭС ЮГА,16655,16336
2026-02-24 20:00,2026-02-24,20,550000,ОЭС ЮГА,16549,16003
2026-02-24 21:00,2026-02-24,21,550000,ОЭС ЮГА,15865,15756
2026-02-24 22:00,2026-02-24,22,550000,ОЭС ЮГА,15410,15298
2026-02-24 23:00,2026-02-24,23,550000,ОЭС ЮГА,13856,14336
2026-02-25 00:00,2026-02-25,0,550000,ОЭС ЮГА,12951,13621
2026-02-25 01:00,2026-02-25,1,550000,ОЭС ЮГА,12898,13147
2026-02-25 02:00,2026-02-25,2,550000,ОЭС ЮГА,12740,12590
2026-02-25 03:00,2026-02-25,3,550000,ОЭС ЮГА,12546,12539
2026-02-25 04:00,2026-02-25,4,550000,ОЭС ЮГА,12420,12526
2026-02-25 05:00,2026-02-25,5,550000,ОЭС ЮГА,12658,13006
2026-02-25 06:00,2026-02-25,6,550000,ОЭС ЮГА,13719,13573
2026-02-25 07:00,2026-02-25,7,550000,ОЭС ЮГА,14809,14099
2026-02-25 08:00,2026-02-25,8,550000,ОЭС ЮГА,15097,14910
2026-02-25 09:00,2026-02-25,9,550000,ОЭС ЮГА,15429,15735
2026-02-25 10:00,2026-02-25,10,550000,ОЭС ЮГА,15879,16014
2026-02-25 11:00,2026-02-25,11,550000,ОЭС ЮГА,15913,16002
2026-02-25 12:00,2026-02-25,12,550000,ОЭС ЮГА,16168,15892
2026-02-25 13:00,2026-02-25,13,550000,ОЭС ЮГА,16085,15896
2026-02-25 14:00,2026-02-25,14,550000,ОЭС ЮГА,16362,15917
2026-02-25 15:00,2026-02-25,15,550000,ОЭС ЮГА,16465,15836
2026-02-25 16:00,2026-02-25,16,550000,ОЭС ЮГА,16155,15791
2026-02-25 17:00,2026-02-25,17,550000,ОЭС ЮГА,16167,15632
2026-02-25 18:00,2026-02-25,18,550000,ОЭС ЮГА,16835,16053
2026-02-25 19:00,2026-02-25,19,550000,ОЭС ЮГА,16457,16134
2026-02-25 20:00,2026-02-25,20,550000,ОЭС ЮГА,16536,15905
2026-02-25 21:00,2026-02-25,21,550000,ОЭС ЮГА,16776,15652
2026-02-25 22:00,2026-02-25,22,550000,ОЭС ЮГА,15632,15245
2026-02-25 23:00,2026-02-25,23,550000,ОЭС ЮГА,14517,14432
2026-02-26 00:00,2026-02-26,0,550000,ОЭС ЮГА,13753,13482
2026-02-26 01:00,2026-02-26,1,550000,ОЭС ЮГА,13088,12935
2026-02-26 02:00,2026-02-26,2,550000,ОЭС ЮГА,12718,12489
2026-02-26 03:00,2026-02-26,3,550000,ОЭС ЮГА,12857,12471
2026-02-26 04:00,2026-02-26,4,550000,ОЭС ЮГА,13781,12402
2026-02-26 05:00,2026-02-26,5,550000,ОЭС ЮГА,13070,12830
2026-02-26 06:00,2026-02-26,6,550000,ОЭС ЮГА,14121,13329
2026-02-26 07:00,2026-02-26,7,550000,ОЭС ЮГА,14620,13908
2026-02-26 08:00,2026-02-26,8,550000,ОЭС ЮГА,15520,14603
2026-02-26 09:00,2026-02-26,9,550000,ОЭС ЮГА,15771,15660
2026-02-26 10:00,2026-02-26,10,550000,ОЭС ЮГА,15906,16076
2026-02-26 11:00,2026-02-26,11,550000,ОЭС ЮГА,15758,16212
2026-02-26 12:00,2026-02-26,12,550000,ОЭС ЮГА,16612,16047
2026-02-26 13:00,2026-02-26,13,550000,ОЭС ЮГА,16817,16100
2026-02-26 14:00,2026-02-26,14,550000,ОЭС ЮГА,16792,16290
2026-02-26 15:00,2026-02-26,15,550000,ОЭС ЮГА,16666,16233
2026-02-26 16:00,2026-02-26,16,550000,ОЭС ЮГА,16633,16302
2026-02-26 17:00,2026-02-26,17,550000,ОЭС ЮГА,16845,16174
2026-02-26 18:00,2026-02-26,18,550000,ОЭС ЮГА,17521,16333
2026-02-26 19:00,2026-02-26,19,550000,ОЭС ЮГА,17688,16497
2026-02-26 20:00,2026-02-26,20,550000,ОЭС ЮГА,17518,16280
2026-02-26 21:00,2026-02-26,21,550000,ОЭС ЮГА,17021,15980
2026-02-26 22:00,2026-02-26,22,550000,ОЭС ЮГА,15727,15525
2026-02-26 23:00,2026-02-26,23,550000,ОЭС ЮГА,14641,14545
2026-02-27 00:00,2026-02-27,0,550000,ОЭС ЮГА,14188,13952
2026-02-27 01:00,2026-02-27,1,550000,ОЭС ЮГА,13240,13145
2026-02-27 02:00,2026-02-27,2,550000,ОЭС ЮГА,12624,12820
2026-02-27 03:00,2026-02-27,3,550000,ОЭС ЮГА,12739,12587
2026-02-27 04:00,2026-02-27,4,550000,ОЭС ЮГА,12981,12571
2026-02-27 05:00,2026-02-27,5,550000,ОЭС ЮГА,13256,13209
2026-02-27 06:00,2026-02-27,6,550000,ОЭС ЮГА,13677,13529
2026-02-27 07:00,2026-02-27,7,550000,ОЭС ЮГА,14290,14176
2026-02-27 08:00,2026-02-27,8,550000,ОЭС ЮГА,15275,15066
2026-02-27 09:00,2026-02-27,9,550000,ОЭС ЮГА,16813,15960
2026-02-27 10:00,2026-02-27,10,550000,ОЭС ЮГА,17272,16253
2026-02-27 11:00,2026-02-27,11,550000,ОЭС ЮГА,17154,16304
2026-02-27 12:00,2026-02-27,12,550000,ОЭС ЮГА,17038,16304
2026-02-27 13:00,2026-02-27,13,550000,ОЭС ЮГА,17059,16225
2026-02-27 14:00,2026-02-27,14,550000,ОЭС ЮГА,16999,16137
2026-02-27 15:00,2026-02-27,15,550000,ОЭС ЮГА,17003,16108
2026-02-27 16:00,2026-02-27,16,550000,ОЭС ЮГА,16974,16202
2026-02-27 17:00,2026-02-27,17,550000,ОЭС ЮГА,17202,16049
2026-02-27 18:00,2026-02-27,18,550000,ОЭС ЮГА,17848,16505
2026-02-27 19:00,2026-02-27,19,550000,ОЭС ЮГА,17729,16678
2026-02-27 20:00,2026-02-27,20,550000,ОЭС ЮГА,17274,16398
2026-02-27 21:00,2026-02-27,21,550000,ОЭС ЮГА,16379,16001
2026-02-27 22:00,2026-02-27,22,550000,ОЭС ЮГА,15320,15653
2026-02-27 23:00,2026-02-27,23,550000,ОЭС ЮГА,13751,14873
2026-02-28 00:00,2026-02-28,0,550000,ОЭС ЮГА,13919,14191
2026-02-28 01:00,2026-02-28,1,550000,ОЭС ЮГА,12927,13435
2026-02-28 02:00,2026-02-28,2,550000,ОЭС ЮГА,12685,13040
2026-02-28 03:00,2026-02-28,3,550000,ОЭС ЮГА,12947,12843
2026-02-28 04:00,2026-02-28,4,550000,ОЭС ЮГА,12910,12989
2026-02-28 05:00,2026-02-28,5,550000,ОЭС ЮГА,12966,13323
2026-02-28 06:00,2026-02-28,6,550000,ОЭС ЮГА,13444,13519
2026-02-28 07:00,2026-02-28,7,550000,ОЭС ЮГА,13797,13529
2026-02-28 08:00,2026-02-28,8,550000,ОЭС ЮГА,14621,14241
2026-02-28 09:00,2026-02-28,9,550000,ОЭС ЮГА,15965,15200
2026-02-28 10:00,2026-02-28,10,550000,ОЭС ЮГА,16680,15717
2026-02-28 11:00,2026-02-28,11,550000,ОЭС ЮГА,16676,16174
2026-02-28 12:00,2026-02-28,12,550000,ОЭС ЮГА,16219,16062
2026-02-28 13:00,2026-02-28,13,550000,ОЭС ЮГА,16272,15952
2026-02-28 14:00,2026-02-28,14,550000,ОЭС ЮГА,16027,15899
2026-02-28 15:00,2026-02-28,15,550000,ОЭС ЮГА,15923,15850
2026-02-28 16:00,2026-02-28,16,550000,ОЭС ЮГА,15991,15839
2026-02-28 17:00,2026-02-28,17,550000,ОЭС ЮГА,16016,15840
2026-02-28 18:00,2026-02-28,18,550000,ОЭС ЮГА,16535,16309
2026-02-28 19:00,2026-02-28,19,550000,ОЭС ЮГА,17079,16526
2026-02-28 20:00,2026-02-28,20,550000,ОЭС ЮГА,16188,16156
2026-02-28 21:00,2026-02-28,21,550000,ОЭС ЮГА,15888,15907
2026-02-28 22:00,2026-02-28,22,550000,ОЭС ЮГА,15421,15542
2026-02-28 23:00,2026-02-28,23,550000,ОЭС ЮГА,14407,14761
2026-03-01 00:00,2026-03-01,0,550000,ОЭС ЮГА,12895,13896
2026-03-01 01:00,2026-03-01,1,550000,ОЭС ЮГА,12806,13343
2026-03-01 02:00,2026-03-01,2,550000,ОЭС ЮГА,12541,12905
2026-03-01 03:00,2026-03-01,3,550000,ОЭС ЮГА,12451,12622
2026-03-01 04:00,2026-03-01,4,550000,ОЭС ЮГА,12514,12621
2026-03-01 05:00,2026-03-01,5,550000,ОЭС ЮГА,12360,12915
2026-03-01 06:00,2026-03-01,6,550000,ОЭС ЮГА,12493,13030
2026-03-01 07:00,2026-03-01,7,550000,ОЭС ЮГА,12906,12985
2026-03-01 08:00,2026-03-01,8,550000,ОЭС ЮГА,13789,13485
2026-03-01 09:00,2026-03-01,9,550000,ОЭС ЮГА,15031,14418
2026-03-01 10:00,2026-03-01,10,550000,ОЭС ЮГА,15420,14866
2026-03-01 11:00,2026-03-01,11,550000,ОЭС ЮГА,15317,15044
2026-03-01 12:00,2026-03-01,12,550000,ОЭС ЮГА,15302,15151
2026-03-01 13:00,2026-03-01,13,550000,ОЭС ЮГА,15371,15054
2026-03-01 14:00,2026-03-01,14,550000,ОЭС ЮГА,15111,15043
2026-03-01 15:00,2026-03-01,15,550000,ОЭС ЮГА,14972,14983
2026-03-01 16:00,2026-03-01,16,550000,ОЭС ЮГА,14929,15205
2026-03-01 17:00,2026-03-01,17,550000,ОЭС ЮГА,14992,15216
2026-03-01 18:00,2026-03-01,18,550000,ОЭС ЮГА,16096,15793
2026-03-01 19:00,2026-03-01,19,550000,ОЭС ЮГА,16315,16078
2026-03-01 20:00,2026-03-01,20,550000,ОЭС ЮГА,16056,15951
2026-03-01 21:00,2026-03-01,21,550000,ОЭС ЮГА,15595,15669
2026-03-01 22:00,2026-03-01,22,550000,ОЭС ЮГА,14250,14714
2026-03-01 23:00,2026-03-01,23,550000,ОЭС ЮГА,13733,14124
2026-03-02 00:00,2026-03-02,0,550000,ОЭС ЮГА,13156,13611
2026-03-02 01:00,2026-03-02,1,550000,ОЭС ЮГА,12370,12624
2026-03-02 02:00,2026-03-02,2,550000,ОЭС ЮГА,11872,12364
2026-03-02 03:00,2026-03-02,3,550000,ОЭС ЮГА,11891,12303
2026-03-02 04:00,2026-03-02,4,550000,ОЭС ЮГА,11951,12201
2026-03-02 05:00,2026-03-02,5,550000,ОЭС ЮГА,12091,12861
2026-03-02 06:00,2026-03-02,6,550000,ОЭС ЮГА,12970,13096
2026-03-02 07:00,2026-03-02,7,550000,ОЭС ЮГА,13415,13789
2026-03-02 08:00,2026-03-02,8,550000,ОЭС ЮГА,13822,14532
2026-03-02 09:00,2026-03-02,9,550000,ОЭС ЮГА,15285,15212
2026-03-02 10:00,2026-03-02,10,550000,ОЭС ЮГА,15773,15463
2026-03-02 11:00,2026-03-02,11,550000,ОЭС ЮГА,15830,15350
2026-03-02 12:00,2026-03-02,12,550000,ОЭС ЮГА,15564,15183
2026-03-02 13:00,2026-03-02,13,550000,ОЭС ЮГА,15709,14949
2026-03-02 14:00,2026-03-02,14,550000,ОЭС ЮГА,14893,14894
2026-03-02 15:00,2026-03-02,15,550000,ОЭС ЮГА,15015,14776
2026-03-02 16:00,2026-03-02,16,550000,ОЭС ЮГА,15309,14882
2026-03-02 17:00,2026-03-02,17,550000,ОЭС ЮГА,15212,14959
2026-03-02 18:00,2026-03-02,18,550000,ОЭС ЮГА,15349,15454
2026-03-02 19:00,2026-03-02,19,550000,ОЭС ЮГА,15891,15856
2026-03-02 20:00,2026-03-02,20,550000,ОЭС ЮГА,15775,15603
2026-03-02 21:00,2026-03-02,21,550000,ОЭС ЮГА,15488,15466
2026-03-02 22:00,2026-03-02,22,550000,ОЭС ЮГА,14754,14966
2026-03-02 23:00,2026-03-02,23,550000,ОЭС ЮГА,14455,14298
2026-03-03 00:00,2026-03-03,0,550000,ОЭС ЮГА,13729,13374
2026-03-03 01:00,2026-03-03,1,550000,ОЭС ЮГА,12998,12799
2026-03-03 02:00,2026-03-03,2,550000,ОЭС ЮГА,12597,12424
2026-03-03 03:00,2026-03-03,3,550000,ОЭС ЮГА,12421,12407
2026-03-03 04:00,2026-03-03,4,550000,ОЭС ЮГА,12502,12229
2026-03-03 05:00,2026-03-03,5,550000,ОЭС ЮГА,12970,12617
2026-03-03 06:00,2026-03-03,6,550000,ОЭС ЮГА,13197,13039
2026-03-03 07:00,2026-03-03,7,550000,ОЭС ЮГА,13514,13579
2026-03-03 08:00,2026-03-03,8,550000,ОЭС ЮГА,14664,14427
2026-03-03 09:00,2026-03-03,9,550000,ОЭС ЮГА,15802,15203
2026-03-03 10:00,2026-03-03,10,550000,ОЭС ЮГА,15880,15325
2026-03-03 11:00,2026-03-03,11,550000,ОЭС ЮГА,15724,15366
2026-03-03 12:00,2026-03-03,12,550000,ОЭС ЮГА,15960,15063
2026-03-03 13:00,2026-03-03,13,550000,ОЭС ЮГА,15442,15107
2026-03-03 14:00,2026-03-03,14,550000,ОЭС ЮГА,15845,15111
2026-03-03 15:00,2026-03-03,15,550000,ОЭС ЮГА,15312,14980
2026-03-03 16:00,2026-03-03,16,550000,ОЭС ЮГА,15289,15114
2026-03-03 17:00,2026-03-03,17,550000,ОЭС ЮГА,15078,15089
2026-03-03 18:00,2026-03-03,18,550000,ОЭС ЮГА,15950,15379
2026-03-03 19:00,2026-03-03,19,550000,ОЭС ЮГА,16453,15694
2026-03-03 20:00,2026-03-03,20,550000,ОЭС ЮГА,16014,15443
2026-03-03 21:00,2026-03-03,21,550000,ОЭС ЮГА,15292,15170
2026-03-03 22:00,2026-03-03,22,550000,ОЭС ЮГА,14682,14844
2026-03-03 23:00,2026-03-03,23,550000,ОЭС ЮГА,13742,13986
2026-03-04 00:00,2026-03-04,0,550000,ОЭС ЮГА,13175,13172
2026-03-04 01:00,2026-03-04,1,550000,ОЭС ЮГА,12319,12563
2026-03-04 02:00,2026-03-04,2,550000,ОЭС ЮГА,11989,12323
2026-03-04 03:00,2026-03-04,3,550000,ОЭС ЮГА,12047,12156
2026-03-04 04:00,2026-03-04,4,550000,ОЭС ЮГА,12115,12001
2026-03-04 05:00,2026-03-04,5,550000,ОЭС ЮГА,12529,12619
2026-03-04 06:00,2026-03-04,6,550000,ОЭС ЮГА,13226,12887
2026-03-04 07:00,2026-03-04,7,550000,ОЭС ЮГА,13768,13543
2026-03-04 08:00,2026-03-04,8,550000,ОЭС ЮГА,14905,14445
2026-03-04 09:00,2026-03-04,9,550000,ОЭС ЮГА,15403,15332
2026-03-04 10:00,2026-03-04,10,550000,ОЭС ЮГА,15624,15620
2026-03-04 11:00,2026-03-04,11,550000,ОЭС ЮГА,15158,15708
2026-03-04 12:00,2026-03-04,12,550000,ОЭС ЮГА,15204,15606
2026-03-04 13:00,2026-03-04,13,550000,ОЭС ЮГА,15207,15644
2026-03-04 14:00,2026-03-04,14,550000,ОЭС ЮГА,15272,15534
2026-03-04 15:00,2026-03-04,15,550000,ОЭС ЮГА,15727,15366
2026-03-04 16:00,2026-03-04,16,550000,ОЭС ЮГА,15675,15430
2026-03-04 17:00,2026-03-04,17,550000,ОЭС ЮГА,15444,15328
2026-03-04 18:00,2026-03-04,18,550000,ОЭС ЮГА,15786,15505
2026-03-04 19:00,2026-03-04,19,550000,ОЭС ЮГА,16540,15834
2026-03-04 20:00,2026-03-04,20,550000,ОЭС ЮГА,16115,15503
2026-03-04 21:00,2026-03-04,21,550000,ОЭС ЮГА,15472,15261
2026-03-04 22:00,2026-03-04,22,550000,ОЭС ЮГА,14809,14851
2026-03-04 23:00,2026-03-04,23,550000,ОЭС ЮГА,13956,13934
2026-03-05 00:00,2026-03-05,0,550000,ОЭС ЮГА,13196,13293
2026-03-05 01:00,2026-03-05,1,550000,ОЭС ЮГА,12834,12490
2026-03-05 02:00,2026-03-05,2,550000,ОЭС ЮГА,12449,12303
2026-03-05 03:00,2026-03-05,3,550000,ОЭС ЮГА,12763,12140
2026-03-05 04:00,2026-03-05,4,550000,ОЭС ЮГА,12305,12173
2026-03-05 05:00,2026-03-05,5,550000,ОЭС ЮГА,12615,12558
2026-03-05 06:00,2026-03-05,6,550000,ОЭС ЮГА,13097,12951
2026-03-05 07:00,2026-03-05,7,550000,ОЭС ЮГА,13553,13548
2026-03-05 08:00,2026-03-05,8,550000,ОЭС ЮГА,14205,14306
2026-03-05 09:00,2026-03-05,9,550000,ОЭС ЮГА,15086,15182
2026-03-05 10:00,2026-03-05,10,550000,ОЭС ЮГА,15252,15400
2026-03-05 11:00,2026-03-05,11,550000,ОЭС ЮГА,15321,15581
2026-03-05 12:00,2026-03-05,12,550000,ОЭС ЮГА,14810,15367
2026-03-05 13:00,2026-03-05,13,550000,ОЭС ЮГА,14623,15393
2026-03-05 14:00,2026-03-05,14,550000,ОЭС ЮГА,14979,15390
2026-03-05 15:00,2026-03-05,15,550000,ОЭС ЮГА,15319,15196
2026-03-05 16:00,2026-03-05,16,550000,ОЭС ЮГА,15024,15238
2026-03-05 17:00,2026-03-05,17,550000,ОЭС ЮГА,14964,15218
2026-03-05 18:00,2026-03-05,18,550000,ОЭС ЮГА,15058,15448
2026-03-05 19:00,2026-03-05,19,550000,ОЭС ЮГА,16171,15849
2026-03-05 20:00,2026-03-05,20,550000,ОЭС ЮГА,15479,15555
2026-03-05 21:00,2026-03-05,21,550000,ОЭС ЮГА,15119,15424
2026-03-05 22:00,2026-03-05,22,550000,ОЭС ЮГА,14555,15068
2026-03-05 23:00,2026-03-05,23,550000,ОЭС ЮГА,12989,14171
2026-03-06 00:00,2026-03-06,0,550000,ОЭС ЮГА,12542,13175
2026-03-06 01:00,2026-03-06,1,550000,ОЭС ЮГА,12690,12682
2026-03-06 02:00,2026-03-06,2,550000,ОЭС ЮГА,12252,12374
2026-03-06 03:00,2026-03-06,3,550000,ОЭС ЮГА,12123,12120
2026-03-06 04:00,2026-03-06,4,550000,ОЭС ЮГА,12008,11964
2026-03-06 05:00,2026-03-06,5,550000,ОЭС ЮГА,12762,12622
2026-03-06 06:00,2026-03-06,6,550000,ОЭС ЮГА,12881,13073
2026-03-06 07:00,2026-03-06,7,550000,ОЭС ЮГА,13471,13673
2026-03-06 08:00,2026-03-06,8,550000,ОЭС ЮГА,14346,14432
2026-03-06 09:00,2026-03-06,9,550000,ОЭС ЮГА,15488,15013
2026-03-06 10:00,2026-03-06,10,550000,ОЭС ЮГА,15676,15215
2026-03-06 11:00,2026-03-06,11,550000,ОЭС ЮГА,15538,15390
2026-03-06 12:00,2026-03-06,12,550000,ОЭС ЮГА,15337,15594
2026-03-06 13:00,2026-03-06,13,550000,ОЭС ЮГА,15345,15290
2026-03-06 14:00,2026-03-06,14,550000,ОЭС ЮГА,15069,15428
2026-03-06 15:00,2026-03-06,15,550000,ОЭС ЮГА,14570,15422
2026-03-06 16:00,2026-03-06,16,550000,ОЭС ЮГА,14620,15491
2026-03-06 17:00,2026-03-06,17,550000,ОЭС ЮГА,14199,15377
2026-03-06 18:00,2026-03-06,18,550000,ОЭС ЮГА,14901,15795
2026-03-06 19:00,2026-03-06,19,550000,ОЭС ЮГА,15353,16044
2026-03-06 20:00,2026-03-06,20,550000,ОЭС ЮГА,14944,15724
2026-03-06 21:00,2026-03-06,21,550000,ОЭС ЮГА,14772,15442
2026-03-06 22:00,2026-03-06,22,550000,ОЭС ЮГА,14414,15088
2026-03-06 23:00,2026-03-06,23,550000,ОЭС ЮГА,14299,14258
2026-03-07 00:00,2026-03-07,0,550000,ОЭС ЮГА,12788,13459
2026-03-07 01:00,2026-03-07,1,550000,ОЭС ЮГА,12452,12903
2026-03-07 02:00,2026-03-07,2,550000,ОЭС ЮГА,11983,12491
2026-03-07 03:00,2026-03-07,3,550000,ОЭС ЮГА,11602,12368
2026-03-07 04:00,2026-03-07,4,550000,ОЭС ЮГА,11525,12619
2026-03-07 05:00,2026-03-07,5,550000,ОЭС ЮГА,11938,12829
2026-03-07 06:00,2026-03-07,6,550000,ОЭС ЮГА,11913,13024
2026-03-07 07:00,2026-03-07,7,550000,ОЭС ЮГА,12049,13072
2026-03-07 08:00,2026-03-07,8,550000,ОЭС ЮГА,13028,13900
2026-03-07 09:00,2026-03-07,9,550000,ОЭС ЮГА,14711,14883
2026-03-07 10:00,2026-03-07,10,550000,ОЭС ЮГА,14881,15407
2026-03-07 11:00,2026-03-07,11,550000,ОЭС ЮГА,14768,15546
2026-03-07 12:00,2026-03-07,12,550000,ОЭС ЮГА,14793,15558
2026-03-07 13:00,2026-03-07,13,550000,ОЭС ЮГА,14697,15696
2026-03-07 14:00,2026-03-07,14,550000,ОЭС ЮГА,14336,15492
2026-03-07 15:00,2026-03-07,15,550000,ОЭС ЮГА,13936,15392
2026-03-07 16:00,2026-03-07,16,550000,ОЭС ЮГА,14187,15437
2026-03-07 17:00,2026-03-07,17,550000,ОЭС ЮГА,14236,15598
2026-03-07 18:00,2026-03-07,18,550000,ОЭС ЮГА,14591,15994
2026-03-07 19:00,2026-03-07,19,550000,ОЭС ЮГА,15337,16175
2026-03-07 20:00,2026-03-07,20,550000,ОЭС ЮГА,14810,15913
2026-03-07 21:00,2026-03-07,21,550000,ОЭС ЮГА,14733,15653
2026-03-07 22:00,2026-03-07,22,550000,ОЭС ЮГА,14416,15269
2026-03-07 23:00,2026-03-07,23,550000,ОЭС ЮГА,13638,14453
2026-03-08 00:00,2026-03-08,0,550000,ОЭС ЮГА,12903,13699
2026-03-08 01:00,2026-03-08,1,550000,ОЭС ЮГА,12541,13026
2026-03-08 02:00,2026-03-08,2,550000,ОЭС ЮГА,11967,12628
2026-03-08 03:00,2026-03-08,3,550000,ОЭС ЮГА,12051,12390
2026-03-08 04:00,2026-03-08,4,550000,ОЭС ЮГА,12184,12654
2026-03-08 05:00,2026-03-08,5,550000,ОЭС ЮГА,11920,12770
2026-03-08 06:00,2026-03-08,6,550000,ОЭС ЮГА,12105,12998
2026-03-08 07:00,2026-03-08,7,550000,ОЭС ЮГА,11838,12832
2026-03-08 08:00,2026-03-08,8,550000,ОЭС ЮГА,12557,13432
2026-03-08 09:00,2026-03-08,9,550000,ОЭС ЮГА,13822,14238
2026-03-08 10:00,2026-03-08,10,550000,ОЭС ЮГА,14414,14762
2026-03-08 11:00,2026-03-08,11,550000,ОЭС ЮГА,14409,14620
2026-03-08 12:00,2026-03-08,12,550000,ОЭС ЮГА,14187,14661
2026-03-08 13:00,2026-03-08,13,550000,ОЭС ЮГА,14026,14796
2026-03-08 14:00,2026-03-08,14,550000,ОЭС ЮГА,13735,14600
2026-03-08 15:00,2026-03-08,15,550000,ОЭС ЮГА,14234,14344
2026-03-08 16:00,2026-03-08,16,550000,ОЭС ЮГА,14226,14451
2026-03-08 17:00,2026-03-08,17,550000,ОЭС ЮГА,14115,14652
2026-03-08 18:00,2026-03-08,18,550000,ОЭС ЮГА,14314,14982
2026-03-08 19:00,2026-03-08,19,550000,ОЭС ЮГА,15479,15084
2026-03-08 20:00,2026-03-08,20,550000,ОЭС ЮГА,15148,14961
2026-03-08 21:00,2026-03-08,21,550000,ОЭС ЮГА,15216,14958
2026-03-08 22:00,2026-03-08,22,550000,ОЭС ЮГА,14560,14547
2026-03-08 23:00,2026-03-08,23,550000,ОЭС ЮГА,13747,14081
2026-03-09 00:00,2026-03-09,0,550000,ОЭС ЮГА,12913,13251
2026-03-09 01:00,2026-03-09,1,550000,ОЭС ЮГА,12031,12707
2026-03-09 02:00,2026-03-09,2,550000,ОЭС ЮГА,12081,12417
2026-03-09 03:00,2026-03-09,3,550000,ОЭС ЮГА,11881,12258
2026-03-09 04:00,2026-03-09,4,550000,ОЭС ЮГА,11758,12051
2026-03-09 05:00,2026-03-09,5,550000,ОЭС ЮГА,11626,12329
2026-03-09 06:00,2026-03-09,6,550000,ОЭС ЮГА,11657,12546
2026-03-09 07:00,2026-03-09,7,550000,ОЭС ЮГА,11805,12407
2026-03-09 08:00,2026-03-09,8,550000,ОЭС ЮГА,12245,13412
2026-03-09 09:00,2026-03-09,9,550000,ОЭС ЮГА,14110,14280
2026-03-09 10:00,2026-03-09,10,550000,ОЭС ЮГА,15140,14767
2026-03-09 11:00,2026-03-09,11,550000,ОЭС ЮГА,14780,14839
2026-03-09 12:00,2026-03-09,12,550000,ОЭС ЮГА,15082,15114
2026-03-09 13:00,2026-03-09,13,550000,ОЭС ЮГА,14763,15090
2026-03-09 14:00,2026-03-09,14,550000,ОЭС ЮГА,14634,14941
2026-03-09 15:00,2026-03-09,15,550000,ОЭС ЮГА,14369,14778
2026-03-09 16:00,2026-03-09,16,550000,ОЭС ЮГА,14629,14940
2026-03-09 17:00,2026-03-09,17,550000,ОЭС ЮГА,14535,15153
2026-03-09 18:00,2026-03-09,18,550000,ОЭС ЮГА,14810,15623
2026-03-09 19:00,2026-03-09,19,550000,ОЭС ЮГА,15251,16116
2026-03-09 20:00,2026-03-09,20,550000,ОЭС ЮГА,15105,16062
2026-03-09 21:00,2026-03-09,21,550000,ОЭС ЮГА,14748,15932
2026-03-09 22:00,2026-03-09,22,550000,ОЭС ЮГА,14472,15341
2026-03-09 23:00,2026-03-09,23,550000,ОЭС ЮГА,13624,14359
2026-03-10 00:00,2026-03-10,0,550000,ОЭС ЮГА,12343,13570
2026-03-10 01:00,2026-03-10,1,550000,ОЭС ЮГА,12786,12930
2026-03-10 02:00,2026-03-10,2,550000,ОЭС ЮГА,11858,12707
2026-03-10 03:00,2026-03-10,3,550000,ОЭС ЮГА,11282,12466
2026-03-10 04:00,2026-03-10,4,550000,ОЭС ЮГА,11719,12594
2026-03-10 05:00,2026-03-10,5,550000,ОЭС ЮГА,12078,12990
2026-03-10 06:00,2026-03-10,6,550000,ОЭС ЮГА,12478,13140
2026-03-10 07:00,2026-03-10,7,550000,ОЭС ЮГА,13018,13862
2026-03-10 08:00,2026-03-10,8,550000,ОЭС ЮГА,14109,14840
2026-03-10 09:00,2026-03-10,9,550000,ОЭС ЮГА,14784,15568
2026-03-10 10:00,2026-03-10,10,550000,ОЭС ЮГА,15003,15566
2026-03-10 11:00,2026-03-10,11,550000,ОЭС ЮГА,14992,15441
2026-03-10 12:00,2026-03-10,12,550000,ОЭС ЮГА,15096,15201
2026-03-10 13:00,2026-03-10,13,550000,ОЭС ЮГА,14732,14983
2026-03-10 14:00,2026-03-10,14,550000,ОЭС ЮГА,15171,14903
2026-03-10 15:00,2026-03-10,15,550000,ОЭС ЮГА,14741,14678
2026-03-10 16:00,2026-03-10,16,550000,ОЭС ЮГА,14856,14733
2026-03-10 17:00,2026-03-10,17,550000,ОЭС ЮГА,14488,14660
2026-03-10 18:00,2026-03-10,18,550000,ОЭС ЮГА,14894,15091
2026-03-10 19:00,2026-03-10,19,550000,ОЭС ЮГА,15727,15700
2026-03-10 20:00,2026-03-10,20,550000,ОЭС ЮГА,15400,15689
2026-03-10 21:00,2026-03-10,21,550000,ОЭС ЮГА,15020,15360
2026-03-10 22:00,2026-03-10,22,550000,ОЭС ЮГА,14847,15003
2026-03-10 23:00,2026-03-10,23,550000,ОЭС ЮГА,13989,14091
2026-03-11 00:00,2026-03-11,0,550000,ОЭС ЮГА,12876,13389
2026-03-11 01:00,2026-03-11,1,550000,ОЭС ЮГА,12501,12836
2026-03-11 02:00,2026-03-11,2,550000,ОЭС ЮГА,12087,12509
2026-03-11 03:00,2026-03-11,3,550000,ОЭС ЮГА,11944,12220
2026-03-11 04:00,2026-03-11,4,550000,ОЭС ЮГА,11902,12405
2026-03-11 05:00,2026-03-11,5,550000,ОЭС ЮГА,12541,12851
2026-03-11 06:00,2026-03-11,6,550000,ОЭС ЮГА,12513,12939
2026-03-11 07:00,2026-03-11,7,550000,ОЭС ЮГА,13534,13609
2026-03-11 08:00,2026-03-11,8,550000,ОЭС ЮГА,14286,14566
2026-03-11 09:00,2026-03-11,9,550000,ОЭС ЮГА,14697,14996
2026-03-11 10:00,2026-03-11,10,550000,ОЭС ЮГА,14808,15022
2026-03-11 11:00,2026-03-11,11,550000,ОЭС ЮГА,14808,14793
2026-03-11 12:00,2026-03-11,12,550000,ОЭС ЮГА,14717,14597
2026-03-11 13:00,2026-03-11,13,550000,ОЭС ЮГА,14586,14457
2026-03-11 14:00,2026-03-11,14,550000,ОЭС ЮГА,14543,14454
2026-03-11 15:00,2026-03-11,15,550000,ОЭС ЮГА,14314,14423
2026-03-11 16:00,2026-03-11,16,550000,ОЭС ЮГА,14401,14529
2026-03-11 17:00,2026-03-11,17,550000,ОЭС ЮГА,14117,14487
2026-03-11 18:00,2026-03-11,18,550000,ОЭС ЮГА,14556,14834
2026-03-11 19:00,2026-03-11,19,550000,ОЭС ЮГА,15154,15533
2026-03-11 20:00,2026-03-11,20,550000,ОЭС ЮГА,15096,15309
2026-03-11 21:00,2026-03-11,21,550000,ОЭС ЮГА,14989,15214
2026-03-11 22:00,2026-03-11,22,550000,ОЭС ЮГА,14779,14816
2026-03-11 23:00,2026-03-11,23,550000,ОЭС ЮГА,13823,14093
2026-03-12 00:00,2026-03-12,0,550000,ОЭС ЮГА,13326,13122
2026-03-12 01:00,2026-03-12,1,550000,ОЭС ЮГА,12705,12513
2026-03-12 02:00,2026-03-12,2,550000,ОЭС ЮГА,11822,12349
2026-03-12 03:00,2026-03-12,3,550000,ОЭС ЮГА,11992,12147
2026-03-12 04:00,2026-03-12,4,550000,ОЭС ЮГА,12014,12075
2026-03-12 05:00,2026-03-12,5,550000,ОЭС ЮГА,12145,12486
2026-03-12 06:00,2026-03-12,6,550000,ОЭС ЮГА,12180,12657
2026-03-12 07:00,2026-03-12,7,550000,ОЭС ЮГА,13652,13432
2026-03-12 08:00,2026-03-12,8,550000,ОЭС ЮГА,14383,14151
2026-03-12 09:00,2026-03-12,9,550000,ОЭС ЮГА,15098,14776
2026-03-12 10:00,2026-03-12,10,550000,ОЭС ЮГА,15008,14935
2026-03-12 11:00,2026-03-12,11,550000,ОЭС ЮГА,14761,14792
2026-03-12 12:00,2026-03-12,12,550000,ОЭС ЮГА,14968,14602
2026-03-12 13:00,2026-03-12,13,550000,ОЭС ЮГА,14949,14497
2026-03-12 14:00,2026-03-12,14,550000,ОЭС ЮГА,14429,14339
2026-03-12 15:00,2026-03-12,15,550000,ОЭС ЮГА,14156,14221
2026-03-12 16:00,2026-03-12,16,550000,ОЭС ЮГА,14249,14313
2026-03-12 17:00,2026-03-12,17,550000,ОЭС ЮГА,13802,14209
2026-03-12 18:00,2026-03-12,18,550000,ОЭС ЮГА,14552,14591
2026-03-12 19:00,2026-03-12,19,550000,ОЭС ЮГА,15761,15403
2026-03-12 20:00,2026-03-12,20,550000,ОЭС ЮГА,15505,15275
2026-03-12 21:00,2026-03-12,21,550000,ОЭС ЮГА,14889,14947
2026-03-12 22:00,2026-03-12,22,550000,ОЭС ЮГА,14696,14679
2026-03-12 23:00,2026-03-12,23,550000,ОЭС ЮГА,13815,13872
2026-03-13 00:00,2026-03-13,0,550000,ОЭС ЮГА,13387,13067
2026-03-13 01:00,2026-03-13,1,550000,ОЭС ЮГА,12560,12422
2026-03-13 02:00,2026-03-13,2,550000,ОЭС ЮГА,12517,12100
2026-03-13 03:00,2026-03-13,3,550000,ОЭС ЮГА,12184,12128
2026-03-13 04:00,2026-03-13,4,550000,ОЭС ЮГА,11913,12038
2026-03-13 05:00,2026-03-13,5,550000,ОЭС ЮГА,11918,12568
2026-03-13 06:00,2026-03-13,6,550000,ОЭС ЮГА,12110,12797
2026-03-13 07:00,2026-03-13,7,550000,ОЭС ЮГА,12973,13233
2026-03-13 08:00,2026-03-13,8,550000,ОЭС ЮГА,14061,14059
2026-03-13 09:00,2026-03-13,9,550000,ОЭС ЮГА,15042,14656
2026-03-13 10:00,2026-03-13,10,550000,ОЭС ЮГА,15140,14745
2026-03-13 11:00,2026-03-13,11,550000,ОЭС ЮГА,14877,14737
2026-03-13 12:00,2026-03-13,12,550000,ОЭС ЮГА,14665,14760
2026-03-13 13:00,2026-03-13,13,550000,ОЭС ЮГА,14601,14626
2026-03-13 14:00,2026-03-13,14,550000,ОЭС ЮГА,14715,14553
2026-03-13 15:00,2026-03-13,15,550000,ОЭС ЮГА,14407,14422
2026-03-13 16:00,2026-03-13,16,550000,ОЭС ЮГА,14282,14414
2026-03-13 17:00,2026-03-13,17,550000,ОЭС ЮГА,14380,14325
2026-03-13 18:00,2026-03-13,18,550000,ОЭС ЮГА,14849,14850
2026-03-13 19:00,2026-03-13,19,550000,ОЭС ЮГА,15511,15347
2026-03-13 20:00,2026-03-13,20,550000,ОЭС ЮГА,15022,15129
2026-03-13 21:00,2026-03-13,21,550000,ОЭС ЮГА,14533,15079
2026-03-13 22:00,2026-03-13,22,550000,ОЭС ЮГА,14434,14605
2026-03-13 23:00,2026-03-13,23,550000,ОЭС ЮГА,13684,14001
2026-03-14 00:00,2026-03-14,0,550000,ОЭС ЮГА,13252,13236
2026-03-14 01:00,2026-03-14,1,550000,ОЭС ЮГА,12454,12476
2026-03-14 02:00,2026-03-14,2,550000,ОЭС ЮГА,12060,12206
2026-03-14 03:00,2026-03-14,3,550000,ОЭС ЮГА,12015,12000
2026-03-14 04:00,2026-03-14,4,550000,ОЭС ЮГА,11811,12007
2026-03-14 05:00,2026-03-14,5,550000,ОЭС ЮГА,11540,12276
2026-03-14 06:00,2026-03-14,6,550000,ОЭС ЮГА,11885,12410
2026-03-14 07:00,2026-03-14,7,550000,ОЭС ЮГА,12458,12533
2026-03-14 08:00,2026-03-14,8,550000,ОЭС ЮГА,13350,13326
2026-03-14 09:00,2026-03-14,9,550000,ОЭС ЮГА,14440,14076
2026-03-14 10:00,2026-03-14,10,550000,ОЭС ЮГА,14926,14614
2026-03-14 11:00,2026-03-14,11,550000,ОЭС ЮГА,14738,14651
2026-03-14 12:00,2026-03-14,12,550000,ОЭС ЮГА,14844,14601
2026-03-14 13:00,2026-03-14,13,550000,ОЭС ЮГА,14784,14570
2026-03-14 14:00,2026-03-14,14,550000,ОЭС ЮГА,14575,14503
2026-03-14 15:00,2026-03-14,15,550000,ОЭС ЮГА,14300,14355
2026-03-14 16:00,2026-03-14,16,550000,ОЭС ЮГА,14178,14349
2026-03-14 17:00,2026-03-14,17,550000,ОЭС ЮГА,14065,14649
2026-03-14 18:00,2026-03-14,18,550000,ОЭС ЮГА,14528,14872
2026-03-14 19:00,2026-03-14,19,550000,ОЭС ЮГА,15415,15544
2026-03-14 20:00,2026-03-14,20,550000,ОЭС ЮГА,15089,15482
2026-03-14 21:00,2026-03-14,21,550000,ОЭС ЮГА,14660,15210
2026-03-14 22:00,2026-03-14,22,550000,ОЭС ЮГА,14209,14649
2026-03-14 23:00,2026-03-14,23,550000,ОЭС ЮГА,13857,13874
2026-03-15 00:00,2026-03-15,0,550000,ОЭС ЮГА,12510,12956
2026-03-15 01:00,2026-03-15,1,550000,ОЭС ЮГА,12133,12265
2026-03-15 02:00,2026-03-15,2,550000,ОЭС ЮГА,12108,11952
2026-03-15 03:00,2026-03-15,3,550000,ОЭС ЮГА,12144,11650
2026-03-15 04:00,2026-03-15,4,550000,ОЭС ЮГА,11958,11899
2026-03-15 05:00,2026-03-15,5,550000,ОЭС ЮГА,11855,12121
2026-03-15 06:00,2026-03-15,6,550000,ОЭС ЮГА,11902,12192
2026-03-15 07:00,2026-03-15,7,550000,ОЭС ЮГА,12088,12101
2026-03-15 08:00,2026-03-15,8,550000,ОЭС ЮГА,12735,13000
2026-03-15 09:00,2026-03-15,9,550000,ОЭС ЮГА,13525,13499
2026-03-15 10:00,2026-03-15,10,550000,ОЭС ЮГА,14542,14104
2026-03-15 11:00,2026-03-15,11,550000,ОЭС ЮГА,14632,14319
2026-03-15 12:00,2026-03-15,12,550000,ОЭС ЮГА,14329,14181
2026-03-15 13:00,2026-03-15,13,550000,ОЭС ЮГА,14209,14345
2026-03-15 14:00,2026-03-15,14,550000,ОЭС ЮГА,14083,14461
2026-03-15 15:00,2026-03-15,15,550000,ОЭС ЮГА,14053,14384
2026-03-15 16:00,2026-03-15,16,550000,ОЭС ЮГА,14279,14406
2026-03-15 17:00,2026-03-15,17,550000,ОЭС ЮГА,14497,14534
2026-03-15 18:00,2026-03-15,18,550000,ОЭС ЮГА,15096,14958
2026-03-15 19:00,2026-03-15,19,550000,ОЭС ЮГА,15494,15367
2026-03-15 20:00,2026-03-15,20,550000,ОЭС ЮГА,14741,15511
2026-03-15 21:00,2026-03-15,21,550000,ОЭС ЮГА,15137,15246
2026-03-15 22:00,2026-03-15,22,550000,ОЭС ЮГА,14697,14684
2026-03-15 23:00,2026-03-15,23,550000,ОЭС ЮГА,14050,13887
2026-03-16 00:00,2026-03-16,0,550000,ОЭС ЮГА,13208,12981
2026-03-16 01:00,2026-03-16,1,550000,ОЭС ЮГА,12332,12430
2026-03-16 02:00,2026-03-16,2,550000,ОЭС ЮГА,12023,11961
2026-03-16 03:00,2026-03-16,3,550000,ОЭС ЮГА,12098,11888
2026-03-16 04:00,2026-03-16,4,550000,ОЭС ЮГА,12034,11829
2026-03-16 05:00,2026-03-16,5,550000,ОЭС ЮГА,11519,12373
2026-03-16 06:00,2026-03-16,6,550000,ОЭС ЮГА,11963,12778
2026-03-16 07:00,2026-03-16,7,550000,ОЭС ЮГА,13023,13013
2026-03-16 08:00,2026-03-16,8,550000,ОЭС ЮГА,13835,13902
2026-03-16 09:00,2026-03-16,9,550000,ОЭС ЮГА,13975,14870
2026-03-16 10:00,2026-03-16,10,550000,ОЭС ЮГА,14313,15250
2026-03-16 11:00,2026-03-16,11,550000,ОЭС ЮГА,14388,15209
2026-03-16 12:00,2026-03-16,12,550000,ОЭС ЮГА,14150,15004
2026-03-16 13:00,2026-03-16,13,550000,ОЭС ЮГА,14334,15001
2026-03-16 14:00,2026-03-16,14,550000,ОЭС ЮГА,14476,15118
2026-03-16 15:00,2026-03-16,15,550000,ОЭС ЮГА,14445,15128
2026-03-16 16:00,2026-03-16,16,550000,ОЭС ЮГА,14572,15075
2026-03-16 17:00,2026-03-16,17,550000,ОЭС ЮГА,14443,15025
2026-03-16 18:00,2026-03-16,18,550000,ОЭС ЮГА,14633,15260
2026-03-16 19:00,2026-03-16,19,550000,ОЭС ЮГА,14873,15565
2026-03-16 20:00,2026-03-16,20,550000,ОЭС ЮГА,15073,15402
2026-03-16 21:00,2026-03-16,21,550000,ОЭС ЮГА,14740,15066
2026-03-16 22:00,2026-03-16,22,550000,ОЭС ЮГА,14381,14711
2026-03-16 23:00,2026-03-16,23,550000,ОЭС ЮГА,13773,13782
2026-03-17 00:00,2026-03-17,0,550000,ОЭС ЮГА,12786,12997
2026-03-17 01:00,2026-03-17,1,550000,ОЭС ЮГА,12210,12524
2026-03-17 02:00,2026-03-17,2,550000,ОЭС ЮГА,11801,12112
2026-03-17 03:00,2026-03-17,3,550000,ОЭС ЮГА,11642,11943
2026-03-17 04:00,2026-03-17,4,550000,ОЭС ЮГА,11879,11998
2026-03-17 05:00,2026-03-17,5,550000,ОЭС ЮГА,11829,12248
2026-03-17 06:00,2026-03-17,6,550000,ОЭС ЮГА,12446,12643
2026-03-17 07:00,2026-03-17,7,550000,ОЭС ЮГА,13131,13132
2026-03-17 08:00,2026-03-17,8,550000,ОЭС ЮГА,13799,14103
2026-03-17 09:00,2026-03-17,9,550000,ОЭС ЮГА,14074,14858
2026-03-17 10:00,2026-03-17,10,550000,ОЭС ЮГА,14477,14866
2026-03-17 11:00,2026-03-17,11,550000,ОЭС ЮГА,14597,14936
2026-03-17 12:00,2026-03-17,12,550000,ОЭС ЮГА,14531,14975
2026-03-17 13:00,2026-03-17,13,550000,ОЭС ЮГА,14833,14847
2026-03-17 14:00,2026-03-17,14,550000,ОЭС ЮГА,14455,14764
2026-03-17 15:00,2026-03-17,15,550000,ОЭС ЮГА,14716,14801
2026-03-17 16:00,2026-03-17,16,550000,ОЭС ЮГА,14728,14871
2026-03-17 17:00,2026-03-17,17,550000,ОЭС ЮГА,14592,14852
2026-03-17 18:00,2026-03-17,18,550000,ОЭС ЮГА,14720,15134
2026-03-17 19:00,2026-03-17,19,550000,ОЭС ЮГА,15305,15528
2026-03-17 20:00,2026-03-17,20,550000,ОЭС ЮГА,15160,15453
2026-03-17 21:00,2026-03-17,21,550000,ОЭС ЮГА,14676,15229
2026-03-17 22:00,2026-03-17,22,550000,ОЭС ЮГА,14367,14787
2026-03-17 23:00,2026-03-17,23,550000,ОЭС ЮГА,14072,13918
2026-03-18 00:00,2026-03-18,0,550000,ОЭС ЮГА,13856,13062
2026-03-18 01:00,2026-03-18,1,550000,ОЭС ЮГА,12900,12467
2026-03-18 02:00,2026-03-18,2,550000,ОЭС ЮГА,12721,12204
2026-03-18 03:00,2026-03-18,3,550000,ОЭС ЮГА,11892,12110
2026-03-18 04:00,2026-03-18,4,550000,ОЭС ЮГА,12263,11970
2026-03-18 05:00,2026-03-18,5,550000,ОЭС ЮГА,12413,12313
2026-03-18 06:00,2026-03-18,6,550000,ОЭС ЮГА,13314,12641
2026-03-18 07:00,2026-03-18,7,550000,ОЭС ЮГА,14018,13105
2026-03-18 08:00,2026-03-18,8,550000,ОЭС ЮГА,14613,14078
2026-03-18 09:00,2026-03-18,9,550000,ОЭС ЮГА,14857,14694
2026-03-18 10:00,2026-03-18,10,550000,ОЭС ЮГА,15437,14947
2026-03-18 11:00,2026-03-18,11,550000,ОЭС ЮГА,15411,14860
2026-03-18 12:00,2026-03-18,12,550000,ОЭС ЮГА,15713,14682
2026-03-18 13:00,2026-03-18,13,550000,ОЭС ЮГА,15855,14677
2026-03-18 14:00,2026-03-18,14,550000,ОЭС ЮГА,15510,14679
2026-03-18 15:00,2026-03-18,15,550000,ОЭС ЮГА,15346,14529
2026-03-18 16:00,2026-03-18,16,550000,ОЭС ЮГА,14989,14346
2026-03-18 17:00,2026-03-18,17,550000,ОЭС ЮГА,14053,14409
2026-03-18 18:00,2026-03-18,18,550000,ОЭС ЮГА,14971,14625
2026-03-18 19:00,2026-03-18,19,550000,ОЭС ЮГА,15767,15332
2026-03-18 20:00,2026-03-18,20,550000,ОЭС ЮГА,14935,15280
2026-03-18 21:00,2026-03-18,21,550000,ОЭС ЮГА,14754,15002
2026-03-18 22:00,2026-03-18,22,550000,ОЭС ЮГА,13940,14593
2026-03-18 23:00,2026-03-18,23,550000,ОЭС ЮГА,14355,13732
2026-03-19 00:00,2026-03-19,0,550000,ОЭС ЮГА,13404,12966
2026-03-19 01:00,2026-03-19,1,550000,ОЭС ЮГА,13222,12276
2026-03-19 02:00,2026-03-19,2,550000,ОЭС ЮГА,12353,11818
2026-03-19 03:00,2026-03-19,3,550000,ОЭС ЮГА,11957,11719
2026-03-19 04:00,2026-03-19,4,550000,ОЭС ЮГА,12377,11763
2026-03-19 05:00,2026-03-19,5,550000,ОЭС ЮГА,12707,12139
2026-03-19 06:00,2026-03-19,6,550000,ОЭС ЮГА,13401,12472
2026-03-19 07:00,2026-03-19,7,550000,ОЭС ЮГА,14009,12876
2026-03-19 08:00,2026-03-19,8,550000,ОЭС ЮГА,14800,13708
2026-03-19 09:00,2026-03-19,9,550000,ОЭС ЮГА,15158,14569
2026-03-19 10:00,2026-03-19,10,550000,ОЭС ЮГА,15408,14648
2026-03-19 11:00,2026-03-19,11,550000,ОЭС ЮГА,15285,14713
2026-03-19 12:00,2026-03-19,12,550000,ОЭС ЮГА,15420,14459
2026-03-19 13:00,2026-03-19,13,550000,ОЭС ЮГА,15298,14374
2026-03-19 14:00,2026-03-19,14,550000,ОЭС ЮГА,15326,14342
2026-03-19 15:00,2026-03-19,15,550000,ОЭС ЮГА,15068,14195
2026-03-19 16:00,2026-03-19,16,550000,ОЭС ЮГА,15018,14366
2026-03-19 17:00,2026-03-19,17,550000,ОЭС ЮГА,14320,14313
2026-03-19 18:00,2026-03-19,18,550000,ОЭС ЮГА,15179,14636
2026-03-19 19:00,2026-03-19,19,550000,ОЭС ЮГА,15760,15114
2026-03-19 20:00,2026-03-19,20,550000,ОЭС ЮГА,15855,15246
2026-03-19 21:00,2026-03-19,21,550000,ОЭС ЮГА,15404,14946
2026-03-19 22:00,2026-03-19,22,550000,ОЭС ЮГА,14522,14683
2026-03-19 23:00,2026-03-19,23,550000,ОЭС ЮГА,13000,13879
2026-03-20 00:00,2026-03-20,0,550000,ОЭС ЮГА,12575,13076
2026-03-20 01:00,2026-03-20,1,550000,ОЭС ЮГА,12700,12508
2026-03-20 02:00,2026-03-20,2,550000,ОЭС ЮГА,12630,12082
2026-03-20 03:00,2026-03-20,3,550000,ОЭС ЮГА,12425,11825
2026-03-20 04:00,2026-03-20,4,550000,ОЭС ЮГА,12612,11883
2026-03-20 05:00,2026-03-20,5,550000,ОЭС ЮГА,12658,12082
2026-03-20 06:00,2026-03-20,6,550000,ОЭС ЮГА,13205,12616
2026-03-20 07:00,2026-03-20,7,550000,ОЭС ЮГА,13444,13309
2026-03-20 08:00,2026-03-20,8,550000,ОЭС ЮГА,14271,14193
2026-03-20 09:00,2026-03-20,9,550000,ОЭС ЮГА,15317,14688
2026-03-20 10:00,2026-03-20,10,550000,ОЭС ЮГА,15328,14832
2026-03-20 11:00,2026-03-20,11,550000,ОЭС ЮГА,15407,14788
2026-03-20 12:00,2026-03-20,12,550000,ОЭС ЮГА,15170,14487
2026-03-20 13:00,2026-03-20,13,550000,ОЭС ЮГА,15277,14247
2026-03-20 14:00,2026-03-20,14,550000,ОЭС ЮГА,15036,14098
2026-03-20 15:00,2026-03-20,15,550000,ОЭС ЮГА,15019,13976
2026-03-20 16:00,2026-03-20,16,550000,ОЭС ЮГА,14949,14133
2026-03-20 17:00,2026-03-20,17,550000,ОЭС ЮГА,14770,14037
2026-03-20 18:00,2026-03-20,18,550000,ОЭС ЮГА,14472,14295
2026-03-20 19:00,2026-03-20,19,550000,ОЭС ЮГА,15317,14859
2026-03-20 20:00,2026-03-20,20,550000,ОЭС ЮГА,15411,14623
2026-03-20 21:00,2026-03-20,21,550000,ОЭС ЮГА,15359,14331
2026-03-20 22:00,2026-03-20,22,550000,ОЭС ЮГА,15139,14031
2026-03-20 23:00,2026-03-20,23,550000,ОЭС ЮГА,13891,13352
2026-03-21 00:00,2026-03-21,0,550000,ОЭС ЮГА,13061,12542
2026-03-21 01:00,2026-03-21,1,550000,ОЭС ЮГА,11928,12237
2026-03-21 02:00,2026-03-21,2,550000,ОЭС ЮГА,11264,11811
2026-03-21 03:00,2026-03-21,3,550000,ОЭС ЮГА,10805,11514
2026-03-21 04:00,2026-03-21,4,550000,ОЭС ЮГА,10782,11424
2026-03-21 05:00,2026-03-21,5,550000,ОЭС ЮГА,10851,11582
2026-03-21 06:00,2026-03-21,6,550000,ОЭС ЮГА,11416,11743
2026-03-21 07:00,2026-03-21,7,550000,ОЭС ЮГА,11865,12183
2026-03-21 08:00,2026-03-21,8,550000,ОЭС ЮГА,13426,12934
2026-03-21 09:00,2026-03-21,9,550000,ОЭС ЮГА,14008,13939
2026-03-21 10:00,2026-03-21,10,550000,ОЭС ЮГА,14116,14461
2026-03-21 11:00,2026-03-21,11,550000,ОЭС ЮГА,14468,14352
2026-03-21 12:00,2026-03-21,12,550000,ОЭС ЮГА,14370,14282
2026-03-21 13:00,2026-03-21,13,550000,ОЭС ЮГА,14479,14162
2026-03-21 14:00,2026-03-21,14,550000,ОЭС ЮГА,14415,14122
2026-03-21 15:00,2026-03-21,15,550000,ОЭС ЮГА,14465,14054
2026-03-21 16:00,2026-03-21,16,550000,ОЭС ЮГА,14471,14113
2026-03-21 17:00,2026-03-21,17,550000,ОЭС ЮГА,14449,14101
2026-03-21 18:00,2026-03-21,18,550000,ОЭС ЮГА,14637,14152
2026-03-21 19:00,2026-03-21,19,550000,ОЭС ЮГА,15171,14805
2026-03-21 20:00,2026-03-21,20,550000,ОЭС ЮГА,15337,14699
2026-03-21 21:00,2026-03-21,21,550000,ОЭС ЮГА,15266,14503
2026-03-21 22:00,2026-03-21,22,550000,ОЭС ЮГА,14342,14061
2026-03-21 23:00,2026-03-21,23,550000,ОЭС ЮГА,13382,13222
2026-03-22 00:00,2026-03-22,0,550000,ОЭС ЮГА,12667,12620
2026-03-22 01:00,2026-03-22,1,550000,ОЭС ЮГА,12327,11876
2026-03-22 02:00,2026-03-22,2,550000,ОЭС ЮГА,11953,11642
2026-03-22 03:00,2026-03-22,3,550000,ОЭС ЮГА,11567,11460
2026-03-22 04:00,2026-03-22,4,550000,ОЭС ЮГА,11837,11241
2026-03-22 05:00,2026-03-22,5,550000,ОЭС ЮГА,11563,11469
2026-03-22 06:00,2026-03-22,6,550000,ОЭС ЮГА,11821,11567
2026-03-22 07:00,2026-03-22,7,550000,ОЭС ЮГА,11793,11906
2026-03-22 08:00,2026-03-22,8,550000,ОЭС ЮГА,13044,12606
2026-03-22 09:00,2026-03-22,9,550000,ОЭС ЮГА,13569,13183
2026-03-22 10:00,2026-03-22,10,550000,ОЭС ЮГА,14641,13806
2026-03-22 11:00,2026-03-22,11,550000,ОЭС ЮГА,14453,13879
2026-03-22 12:00,2026-03-22,12,550000,ОЭС ЮГА,14422,13863
2026-03-22 13:00,2026-03-22,13,550000,ОЭС ЮГА,14469,13775
2026-03-22 14:00,2026-03-22,14,550000,ОЭС ЮГА,14238,13583
2026-03-22 15:00,2026-03-22,15,550000,ОЭС ЮГА,14115,13497
2026-03-22 16:00,2026-03-22,16,550000,ОЭС ЮГА,14333,13380
2026-03-22 17:00,2026-03-22,17,550000,ОЭС ЮГА,14423,13688
2026-03-22 18:00,2026-03-22,18,550000,ОЭС ЮГА,13907,13808
2026-03-22 19:00,2026-03-22,19,550000,ОЭС ЮГА,15217,14357
2026-03-22 20:00,2026-03-22,20,550000,ОЭС ЮГА,15130,14547
2026-03-22 21:00,2026-03-22,21,550000,ОЭС ЮГА,15028,14396
2026-03-22 22:00,2026-03-22,22,550000,ОЭС ЮГА,14425,13760
2026-03-22 23:00,2026-03-22,23,550000,ОЭС ЮГА,13762,13052
2026-03-23 00:00,2026-03-23,0,550000,ОЭС ЮГА,13330,12261
2026-03-23 01:00,2026-03-23,1,550000,ОЭС ЮГА,11929,11686
2026-03-23 02:00,2026-03-23,2,550000,ОЭС ЮГА,12123,11486
2026-03-23 03:00,2026-03-23,3,550000,ОЭС ЮГА,11791,11303
2026-03-23 04:00,2026-03-23,4,550000,ОЭС ЮГА,11629,11258
2026-03-23 05:00,2026-03-23,5,550000,ОЭС ЮГА,12127,11597
2026-03-23 06:00,2026-03-23,6,550000,ОЭС ЮГА,12388,12052
2026-03-23 07:00,2026-03-23,7,550000,ОЭС ЮГА,12756,12616
2026-03-23 08:00,2026-03-23,8,550000,ОЭС ЮГА,13789,13458
2026-03-23 09:00,2026-03-23,9,550000,ОЭС ЮГА,14229,14237
2026-03-23 10:00,2026-03-23,10,550000,ОЭС ЮГА,14329,14459
2026-03-23 11:00,2026-03-23,11,550000,ОЭС ЮГА,14107,14467
2026-03-23 12:00,2026-03-23,12,550000,ОЭС ЮГА,14349,14241
2026-03-23 13:00,2026-03-23,13,550000,ОЭС ЮГА,14517,14194
2026-03-23 14:00,2026-03-23,14,550000,ОЭС ЮГА,14482,14253
2026-03-23 15:00,2026-03-23,15,550000,ОЭС ЮГА,14392,14149
2026-03-23 16:00,2026-03-23,16,550000,ОЭС ЮГА,14114,14156
2026-03-23 17:00,2026-03-23,17,550000,ОЭС ЮГА,13902,14077
2026-03-23 18:00,2026-03-23,18,550000,ОЭС ЮГА,14161,14208
2026-03-23 19:00,2026-03-23,19,550000,ОЭС ЮГА,14331,14868
2026-03-23 20:00,2026-03-23,20,550000,ОЭС ЮГА,14136,14827
2026-03-23 21:00,2026-03-23,21,550000,ОЭС ЮГА,13677,14526
2026-03-23 22:00,2026-03-23,22,550000,ОЭС ЮГА,13597,14051
2026-03-23 23:00,2026-03-23,23,550000,ОЭС ЮГА,12351,13260
2026-03-24 00:00,2026-03-24,0,550000,ОЭС ЮГА,11873,12339
2026-03-24 01:00,2026-03-24,1,550000,ОЭС ЮГА,11140,11705
2026-03-24 02:00,2026-03-24,2,550000,ОЭС ЮГА,11082,11556
2026-03-24 03:00,2026-03-24,3,550000,ОЭС ЮГА,11103,11351
2026-03-24 04:00,2026-03-24,4,550000,ОЭС ЮГА,11243,11345
2026-03-24 05:00,2026-03-24,5,550000,ОЭС ЮГА,11470,11520
2026-03-24 06:00,2026-03-24,6,550000,ОЭС ЮГА,11965,11925
2026-03-24 07:00,2026-03-24,7,550000,ОЭС ЮГА,12188,12824
2026-03-24 08:00,2026-03-24,8,550000,ОЭС ЮГА,13380,13600
2026-03-24 09:00,2026-03-24,9,550000,ОЭС ЮГА,13932,14270
2026-03-24 10:00,2026-03-24,10,550000,ОЭС ЮГА,13887,14585
2026-03-24 11:00,2026-03-24,11,550000,ОЭС ЮГА,13333,14674
2026-03-24 12:00,2026-03-24,12,550000,ОЭС ЮГА,14321,14399
2026-03-24 13:00,2026-03-24,13,550000,ОЭС ЮГА,13915,14294
2026-03-24 14:00,2026-03-24,14,550000,ОЭС ЮГА,13795,14149
2026-03-24 15:00,2026-03-24,15,550000,ОЭС ЮГА,13866,14058
2026-03-24 16:00,2026-03-24,16,550000,ОЭС ЮГА,13827,13957
2026-03-24 17:00,2026-03-24,17,550000,ОЭС ЮГА,13651,14007
2026-03-24 18:00,2026-03-24,18,550000,ОЭС ЮГА,13860,14082
2026-03-24 19:00,2026-03-24,19,550000,ОЭС ЮГА,14354,14785
2026-03-24 20:00,2026-03-24,20,550000,ОЭС ЮГА,14367,14732
2026-03-24 21:00,2026-03-24,21,550000,ОЭС ЮГА,14043,14431
2026-03-24 22:00,2026-03-24,22,550000,ОЭС ЮГА,13567,13930
2026-03-24 23:00,2026-03-24,23,550000,ОЭС ЮГА,12410,13157
2026-03-25 00:00,2026-03-25,0,550000,ОЭС ЮГА,11858,12230
2026-03-25 01:00,2026-03-25,1,550000,ОЭС ЮГА,11756,11805
2026-03-25 02:00,2026-03-25,2,550000,ОЭС ЮГА,11215,11435
2026-03-25 03:00,2026-03-25,3,550000,ОЭС ЮГА,11340,11339
2026-03-25 04:00,2026-03-25,4,550000,ОЭС ЮГА,11293,11288
2026-03-25 05:00,2026-03-25,5,550000,ОЭС ЮГА,10990,11436
2026-03-25 06:00,2026-03-25,6,550000,ОЭС ЮГА,11357,11952
2026-03-25 07:00,2026-03-25,7,550000,ОЭС ЮГА,11882,12669
2026-03-25 08:00,2026-03-25,8,550000,ОЭС ЮГА,13361,13605
2026-03-25 09:00,2026-03-25,9,550000,ОЭС ЮГА,14176,14318
2026-03-25 10:00,2026-03-25,10,550000,ОЭС ЮГА,14451,14514
2026-03-25 11:00,2026-03-25,11,550000,ОЭС ЮГА,14454,14285
2026-03-25 12:00,2026-03-25,12,550000,ОЭС ЮГА,14352,14092
2026-03-25 13:00,2026-03-25,13,550000,ОЭС ЮГА,14201,13918
2026-03-25 14:00,2026-03-25,14,550000,ОЭС ЮГА,13919,13899
2026-03-25 15:00,2026-03-25,15,550000,ОЭС ЮГА,13804,13880
2026-03-25 16:00,2026-03-25,16,550000,ОЭС ЮГА,13881,13890
2026-03-25 17:00,2026-03-25,17,550000,ОЭС ЮГА,13816,13764
2026-03-25 18:00,2026-03-25,18,550000,ОЭС ЮГА,13942,13825
2026-03-25 19:00,2026-03-25,19,550000,ОЭС ЮГА,14542,14511
2026-03-25 20:00,2026-03-25,20,550000,ОЭС ЮГА,14744,14475
2026-03-25 21:00,2026-03-25,21,550000,ОЭС ЮГА,14609,14247
2026-03-25 22:00,2026-03-25,22,550000,ОЭС ЮГА,13914,13951
2026-03-25 23:00,2026-03-25,23,550000,ОЭС ЮГА,12411,13054
2026-03-26 00:00,2026-03-26,0,550000,ОЭС ЮГА,11432,12038
2026-03-26 01:00,2026-03-26,1,550000,ОЭС ЮГА,11430,11715
2026-03-26 02:00,2026-03-26,2,550000,ОЭС ЮГА,11117,11455
2026-03-26 03:00,2026-03-26,3,550000,ОЭС ЮГА,11022,11255
2026-03-26 04:00,2026-03-26,4,550000,ОЭС ЮГА,10787,11202
2026-03-26 05:00,2026-03-26,5,550000,ОЭС ЮГА,11197,11450
2026-03-26 06:00,2026-03-26,6,550000,ОЭС ЮГА,11593,11920
2026-03-26 07:00,2026-03-26,7,550000,ОЭС ЮГА,11976,12445
2026-03-26 08:00,2026-03-26,8,550000,ОЭС ЮГА,12930,13486
2026-03-26 09:00,2026-03-26,9,550000,ОЭС ЮГА,13742,14119
2026-03-26 10:00,2026-03-26,10,550000,ОЭС ЮГА,13874,14357
2026-03-26 11:00,2026-03-26,11,550000,ОЭС ЮГА,13621,14354
2026-03-26 12:00,2026-03-26,12,550000,ОЭС ЮГА,13791,14271
2026-03-26 13:00,2026-03-26,13,550000,ОЭС ЮГА,13993,14111
2026-03-26 14:00,2026-03-26,14,550000,ОЭС ЮГА,14048,14242
2026-03-26 15:00,2026-03-26,15,550000,ОЭС ЮГА,13703,14047
2026-03-26 16:00,2026-03-26,16,550000,ОЭС ЮГА,13785,14135
2026-03-26 17:00,2026-03-26,17,550000,ОЭС ЮГА,13646,13957
2026-03-26 18:00,2026-03-26,18,550000,ОЭС ЮГА,13823,14167
2026-03-26 19:00,2026-03-26,19,550000,ОЭС ЮГА,14473,14766
2026-03-26 20:00,2026-03-26,20,550000,ОЭС ЮГА,14073,14623
2026-03-26 21:00,2026-03-26,21,550000,ОЭС ЮГА,13749,14402
2026-03-26 22:00,2026-03-26,22,550000,ОЭС ЮГА,13341,13903
2026-03-26 23:00,2026-03-26,23,550000,ОЭС ЮГА,11923,13104
2026-03-27 00:00,2026-03-27,0,550000,ОЭС ЮГА,11451,12229
2026-03-27 01:00,2026-03-27,1,550000,ОЭС ЮГА,11049,11702
2026-03-27 02:00,2026-03-27,2,550000,ОЭС ЮГА,10712,11376
2026-03-27 03:00,2026-03-27,3,550000,ОЭС ЮГА,10743,11118
2026-03-27 04:00,2026-03-27,4,550000,ОЭС ЮГА,10971,11185
2026-03-27 05:00,2026-03-27,5,550000,ОЭС ЮГА,11073,11322
2026-03-27 06:00,2026-03-27,6,550000,ОЭС ЮГА,11737,11917
2026-03-27 07:00,2026-03-27,7,550000,ОЭС ЮГА,12558,12356
2026-03-27 08:00,2026-03-27,8,550000,ОЭС ЮГА,13407,13174
2026-03-27 09:00,2026-03-27,9,550000,ОЭС ЮГА,13729,14083
2026-03-27 10:00,2026-03-27,10,550000,ОЭС ЮГА,13671,14088
2026-03-27 11:00,2026-03-27,11,550000,ОЭС ЮГА,14025,14163
2026-03-27 12:00,2026-03-27,12,550000,ОЭС ЮГА,13911,13981
2026-03-27 13:00,2026-03-27,13,550000,ОЭС ЮГА,14055,13864
2026-03-27 14:00,2026-03-27,14,550000,ОЭС ЮГА,13960,13709
2026-03-27 15:00,2026-03-27,15,550000,ОЭС ЮГА,13677,13681
2026-03-27 16:00,2026-03-27,16,550000,ОЭС ЮГА,13631,13746
2026-03-27 17:00,2026-03-27,17,550000,ОЭС ЮГА,13565,13609
2026-03-27 18:00,2026-03-27,18,550000,ОЭС ЮГА,13829,13644
2026-03-27 19:00,2026-03-27,19,550000,ОЭС ЮГА,14127,14218
2026-03-27 20:00,2026-03-27,20,550000,ОЭС ЮГА,14204,14320
2026-03-27 21:00,2026-03-27,21,550000,ОЭС ЮГА,13807,14017
2026-03-27 22:00,2026-03-27,22,550000,ОЭС ЮГА,13274,13527
2026-03-27 23:00,2026-03-27,23,550000,ОЭС ЮГА,12564,12931
2026-03-28 00:00,2026-03-28,0,550000,ОЭС ЮГА,11696,12041
2026-03-28 01:00,2026-03-28,1,550000,ОЭС ЮГА,11430,11412
2026-03-28 02:00,2026-03-28,2,550000,ОЭС ЮГА,10997,11007
2026-03-28 03:00,2026-03-28,3,550000,ОЭС ЮГА,11130,10904
2026-03-28 04:00,2026-03-28,4,550000,ОЭС ЮГА,11065,10796
2026-03-28 05:00,2026-03-28,5,550000,ОЭС ЮГА,11055,10878
2026-03-28 06:00,2026-03-28,6,550000,ОЭС ЮГА,11396,10942
2026-03-28 07:00,2026-03-28,7,550000,ОЭС ЮГА,11771,11246
2026-03-28 08:00,2026-03-28,8,550000,ОЭС ЮГА,12090,12032
2026-03-28 09:00,2026-03-28,9,550000,ОЭС ЮГА,12917,12844
2026-03-28 10:00,2026-03-28,10,550000,ОЭС ЮГА,13537,13339
2026-03-28 11:00,2026-03-28,11,550000,ОЭС ЮГА,13730,13339
2026-03-28 12:00,2026-03-28,12,550000,ОЭС ЮГА,13577,13206
2026-03-28 13:00,2026-03-28,13,550000,ОЭС ЮГА,13463,13144
2026-03-28 14:00,2026-03-28,14,550000,ОЭС ЮГА,13340,13028
2026-03-28 15:00,2026-03-28,15,550000,ОЭС ЮГА,13443,13067
2026-03-28 16:00,2026-03-28,16,550000,ОЭС ЮГА,13175,13021
2026-03-28 17:00,2026-03-28,17,550000,ОЭС ЮГА,12844,13109
2026-03-28 18:00,2026-03-28,18,550000,ОЭС ЮГА,12784,12988
2026-03-28 19:00,2026-03-28,19,550000,ОЭС ЮГА,13206,13585
2026-03-28 20:00,2026-03-28,20,550000,ОЭС ЮГА,13561,13756
2026-03-28 21:00,2026-03-28,21,550000,ОЭС ЮГА,13367,13375
2026-03-28 22:00,2026-03-28,22,550000,ОЭС ЮГА,12887,12963
2026-03-28 23:00,2026-03-28,23,550000,ОЭС ЮГА,11983,12169
2026-03-29 00:00,2026-03-29,0,550000,ОЭС ЮГА,11266,11483
2026-03-29 01:00,2026-03-29,1,550000,ОЭС ЮГА,10836,11065
2026-03-29 02:00,2026-03-29,2,550000,ОЭС ЮГА,10836,10564
2026-03-29 03:00,2026-03-29,3,550000,ОЭС ЮГА,10616,10519
2026-03-29 04:00,2026-03-29,4,550000,ОЭС ЮГА,10311,10433
2026-03-29 05:00,2026-03-29,5,550000,ОЭС ЮГА,10598,10583
2026-03-29 06:00,2026-03-29,6,550000,ОЭС ЮГА,10820,10687
2026-03-29 07:00,2026-03-29,7,550000,ОЭС ЮГА,11503,10898
2026-03-29 08:00,2026-03-29,8,550000,ОЭС ЮГА,11547,11496
2026-03-29 09:00,2026-03-29,9,550000,ОЭС ЮГА,12293,12271
2026-03-29 10:00,2026-03-29,10,550000,ОЭС ЮГА,12895,12780
2026-03-29 11:00,2026-03-29,11,550000,ОЭС ЮГА,12872,12869
2026-03-29 12:00,2026-03-29,12,550000,ОЭС ЮГА,12965,12936
2026-03-29 13:00,2026-03-29,13,550000,ОЭС ЮГА,13131,13041
2026-03-29 14:00,2026-03-29,14,550000,ОЭС ЮГА,12940,12780
2026-03-29 15:00,2026-03-29,15,550000,ОЭС ЮГА,12818,12802
2026-03-29 16:00,2026-03-29,16,550000,ОЭС ЮГА,12945,12870
2026-03-29 17:00,2026-03-29,17,550000,ОЭС ЮГА,13178,12914
2026-03-29 18:00,2026-03-29,18,550000,ОЭС ЮГА,13100,13205
2026-03-29 19:00,2026-03-29,19,550000,ОЭС ЮГА,13896,13912
2026-03-29 20:00,2026-03-29,20,550000,ОЭС ЮГА,14026,14064
2026-03-29 21:00,2026-03-29,21,550000,ОЭС ЮГА,13276,13810
2026-03-29 22:00,2026-03-29,22,550000,ОЭС ЮГА,12791,13171
2026-03-29 23:00,2026-03-29,23,550000,ОЭС ЮГА,11460,12480
2026-03-30 00:00,2026-03-30,0,550000,ОЭС ЮГА,11721,11625
2026-03-30 01:00,2026-03-30,1,550000,ОЭС ЮГА,11269,11127
2026-03-30 02:00,2026-03-30,2,550000,ОЭС ЮГА,11410,10744
2026-03-30 03:00,2026-03-30,3,550000,ОЭС ЮГА,10934,10680
2026-03-30 04:00,2026-03-30,4,550000,ОЭС ЮГА,11137,10482
2026-03-30 05:00,2026-03-30,5,550000,ОЭС ЮГА,11438,10837
2026-03-30 06:00,2026-03-30,6,550000,ОЭС ЮГА,11696,11261
2026-03-30 07:00,2026-03-30,7,550000,ОЭС ЮГА,11938,11739
2026-03-30 08:00,2026-03-30,8,550000,ОЭС ЮГА,12019,12695
2026-03-30 09:00,2026-03-30,9,550000,ОЭС ЮГА,12940,13585
2026-03-30 10:00,2026-03-30,10,550000,ОЭС ЮГА,13595,13645
2026-03-30 11:00,2026-03-30,11,550000,ОЭС ЮГА,13646,13668
2026-03-30 12:00,2026-03-30,12,550000,ОЭС ЮГА,13367,13498
2026-03-30 13:00,2026-03-30,13,550000,ОЭС ЮГА,13584,13561
2026-03-30 14:00,2026-03-30,14,550000,ОЭС ЮГА,13626,13540
2026-03-30 15:00,2026-03-30,15,550000,ОЭС ЮГА,13362,13408
2026-03-30 16:00,2026-03-30,16,550000,ОЭС ЮГА,13471,13397
2026-03-30 17:00,2026-03-30,17,550000,ОЭС ЮГА,13598,13392
2026-03-30 18:00,2026-03-30,18,550000,ОЭС ЮГА,13326,13420
2026-03-30 19:00,2026-03-30,19,550000,ОЭС ЮГА,13965,13938
2026-03-30 20:00,2026-03-30,20,550000,ОЭС ЮГА,14077,13918
2026-03-30 21:00,2026-03-30,21,550000,ОЭС ЮГА,13824,13788
2026-03-30 22:00,2026-03-30,22,550000,ОЭС ЮГА,12942,13358
2026-03-30 23:00,2026-03-30,23,550000,ОЭС ЮГА,12020,12622
2026-03-31 00:00,2026-03-31,0,550000,ОЭС ЮГА,11240,11894
2026-03-31 01:00,2026-03-31,1,550000,ОЭС ЮГА,11288,11067
2026-03-31 02:00,2026-03-31,2,550000,ОЭС ЮГА,11411,10842
2026-03-31 03:00,2026-03-31,3,550000,ОЭС ЮГА,11127,10641
2026-03-31 04:00,2026-03-31,4,550000,ОЭС ЮГА,10920,10563
2026-03-31 05:00,2026-03-31,5,550000,ОЭС ЮГА,11204,10784
2026-03-31 06:00,2026-03-31,6,550000,ОЭС ЮГА,11396,11083
2026-03-31 07:00,2026-03-31,7,550000,ОЭС ЮГА,11431,11697
2026-03-31 08:00,2026-03-31,8,550000,ОЭС ЮГА,12511,12677
2026-03-31 09:00,2026-03-31,9,550000,ОЭС ЮГА,13343,13616
2026-03-31 10:00,2026-03-31,10,550000,ОЭС ЮГА,13836,13905
2026-03-31 11:00,2026-03-31,11,550000,ОЭС ЮГА,14210,13887
2026-03-31 12:00,2026-03-31,12,550000,ОЭС ЮГА,13623,13821
2026-03-31 13:00,2026-03-31,13,550000,ОЭС ЮГА,13885,13894
2026-03-31 14:00,2026-03-31,14,550000,ОЭС ЮГА,14297,13745
2026-03-31 15:00,2026-03-31,15,550000,ОЭС ЮГА,13890,13726
2026-03-31 16:00,2026-03-31,16,550000,ОЭС ЮГА,13894,13711
2026-03-31 17:00,2026-03-31,17,550000,ОЭС ЮГА,13807,13550
2026-03-31 18:00,2026-03-31,18,550000,ОЭС ЮГА,13720,13705
2026-03-31 19:00,2026-03-31,19,550000,ОЭС ЮГА,14393,14297
2026-03-31 20:00,2026-03-31,20,550000,ОЭС ЮГА,14257,14131
2026-03-31 21:00,2026-03-31,21,550000,ОЭС ЮГА,14172,13808
2026-03-31 22:00,2026-03-31,22,550000,ОЭС ЮГА,13617,13480
2026-03-31 23:00,2026-03-31,23,550000,ОЭС ЮГА,12691,12625
2026-04-01 00:00,2026-04-01,0,550000,ОЭС ЮГА,11487,11676
2026-04-01 01:00,2026-04-01,1,550000,ОЭС ЮГА,11544,11278
2026-04-01 02:00,2026-04-01,2,550000,ОЭС ЮГА,11364,10891
2026-04-01 03:00,2026-04-01,3,550000,ОЭС ЮГА,11078,10688
2026-04-01 04:00,2026-04-01,4,550000,ОЭС ЮГА,11220,10589
2026-04-01 05:00,2026-04-01,5,550000,ОЭС ЮГА,11276,10797
2026-04-01 06:00,2026-04-01,6,550000,ОЭС ЮГА,11702,11359
2026-04-01 07:00,2026-04-01,7,550000,ОЭС ЮГА,12265,11844
2026-04-01 08:00,2026-04-01,8,550000,ОЭС ЮГА,12668,12704
2026-04-01 09:00,2026-04-01,9,550000,ОЭС ЮГА,13838,13688
2026-04-01 10:00,2026-04-01,10,550000,ОЭС ЮГА,14158,13839
2026-04-01 11:00,2026-04-01,11,550000,ОЭС ЮГА,14144,13706
2026-04-01 12:00,2026-04-01,12,550000,ОЭС ЮГА,14117,13729
2026-04-01 13:00,2026-04-01,13,550000,ОЭС ЮГА,13916,13533
2026-04-01 14:00,2026-04-01,14,550000,ОЭС ЮГА,14230,13547
2026-04-01 15:00,2026-04-01,15,550000,ОЭС ЮГА,14268,13511
2026-04-01 16:00,2026-04-01,16,550000,ОЭС ЮГА,14237,13266
2026-04-01 17:00,2026-04-01,17,550000,ОЭС ЮГА,13801,13247
2026-04-01 18:00,2026-04-01,18,550000,ОЭС ЮГА,13599,13466
2026-04-01 19:00,2026-04-01,19,550000,ОЭС ЮГА,13890,13992
2026-04-01 20:00,2026-04-01,20,550000,ОЭС ЮГА,14021,14168
2026-04-01 21:00,2026-04-01,21,550000,ОЭС ЮГА,13868,13793
2026-04-01 22:00,2026-04-01,22,550000,ОЭС ЮГА,12874,13203
2026-04-01 23:00,2026-04-01,23,550000,ОЭС ЮГА,12236,12700
2026-04-02 00:00,2026-04-02,0,550000,ОЭС ЮГА,11894,11675
2026-04-02 01:00,2026-04-02,1,550000,ОЭС ЮГА,11185,11242
2026-04-02 02:00,2026-04-02,2,550000,ОЭС ЮГА,10791,10711
2026-04-02 03:00,2026-04-02,3,550000,ОЭС ЮГА,10663,10672
2026-04-02 04:00,2026-04-02,4,550000,ОЭС ЮГА,10855,10747
2026-04-02 05:00,2026-04-02,5,550000,ОЭС ЮГА,11078,10806
2026-04-02 06:00,2026-04-02,6,550000,ОЭС ЮГА,11273,11110
2026-04-02 07:00,2026-04-02,7,550000,ОЭС ЮГА,12151,11844
2026-04-02 08:00,2026-04-02,8,550000,ОЭС ЮГА,13102,12616
2026-04-02 09:00,2026-04-02,9,550000,ОЭС ЮГА,13901,13323
2026-04-02 10:00,2026-04-02,10,550000,ОЭС ЮГА,14005,13619
2026-04-02 11:00,2026-04-02,11,550000,ОЭС ЮГА,13919,13259
2026-04-02 12:00,2026-04-02,12,550000,ОЭС ЮГА,14037,13172
2026-04-02 13:00,2026-04-02,13,550000,ОЭС ЮГА,14076,13222
2026-04-02 14:00,2026-04-02,14,550000,ОЭС ЮГА,13854,13064
2026-04-02 15:00,2026-04-02,15,550000,ОЭС ЮГА,13913,12874
2026-04-02 16:00,2026-04-02,16,550000,ОЭС ЮГА,13871,13055
2026-04-02 17:00,2026-04-02,17,550000,ОЭС ЮГА,13664,12902
2026-04-02 18:00,2026-04-02,18,550000,ОЭС ЮГА,13890,12961
2026-04-02 19:00,2026-04-02,19,550000,ОЭС ЮГА,14368,13598
2026-04-02 20:00,2026-04-02,20,550000,ОЭС ЮГА,14161,13750
2026-04-02 21:00,2026-04-02,21,550000,ОЭС ЮГА,13725,13671
2026-04-02 22:00,2026-04-02,22,550000,ОЭС ЮГА,13520,13315
2026-04-02 23:00,2026-04-02,23,550000,ОЭС ЮГА,12405,12390
2026-04-03 00:00,2026-04-03,0,550000,ОЭС ЮГА,11534,11577
2026-04-03 01:00,2026-04-03,1,550000,ОЭС ЮГА,11260,10973
2026-04-03 02:00,2026-04-03,2,550000,ОЭС ЮГА,10815,10730
2026-04-03 03:00,2026-04-03,3,550000,ОЭС ЮГА,10569,10514
2026-04-03 04:00,2026-04-03,4,550000,ОЭС ЮГА,10823,10534
2026-04-03 05:00,2026-04-03,5,550000,ОЭС ЮГА,11010,10580
2026-04-03 06:00,2026-04-03,6,550000,ОЭС ЮГА,11094,11005
2026-04-03 07:00,2026-04-03,7,550000,ОЭС ЮГА,11911,11527
2026-04-03 08:00,2026-04-03,8,550000,ОЭС ЮГА,12643,12387
2026-04-03 09:00,2026-04-03,9,550000,ОЭС ЮГА,13564,13109
2026-04-03 10:00,2026-04-03,10,550000,ОЭС ЮГА,13788,13272
2026-04-03 11:00,2026-04-03,11,550000,ОЭС ЮГА,13902,13285
2026-04-03 12:00,2026-04-03,12,550000,ОЭС ЮГА,13748,13336
2026-04-03 13:00,2026-04-03,13,550000,ОЭС ЮГА,13916,13144
2026-04-03 14:00,2026-04-03,14,550000,ОЭС ЮГА,13700,13100
2026-04-03 15:00,2026-04-03,15,550000,ОЭС ЮГА,13705,13191
2026-04-03 16:00,2026-04-03,16,550000,ОЭС ЮГА,13699,13058
2026-04-03 17:00,2026-04-03,17,550000,ОЭС ЮГА,13143,12961
2026-04-03 18:00,2026-04-03,18,550000,ОЭС ЮГА,13144,13066
2026-04-03 19:00,2026-04-03,19,550000,ОЭС ЮГА,13219,13703
2026-04-03 20:00,2026-04-03,20,550000,ОЭС ЮГА,13477,13731
2026-04-03 21:00,2026-04-03,21,550000,ОЭС ЮГА,13425,13534
2026-04-03 22:00,2026-04-03,22,550000,ОЭС ЮГА,13287,13125
2026-04-03 23:00,2026-04-03,23,550000,ОЭС ЮГА,12248,12390
2026-04-04 00:00,2026-04-04,0,550000,ОЭС ЮГА,11650,11631
2026-04-04 01:00,2026-04-04,1,550000,ОЭС ЮГА,11241,11098
2026-04-04 02:00,2026-04-04,2,550000,ОЭС ЮГА,10735,10570
2026-04-04 03:00,2026-04-04,3,550000,ОЭС ЮГА,10858,10478
2026-04-04 04:00,2026-04-04,4,550000,ОЭС ЮГА,10891,10511
2026-04-04 05:00,2026-04-04,5,550000,ОЭС ЮГА,10936,10648
2026-04-04 06:00,2026-04-04,6,550000,ОЭС ЮГА,11083,10722
2026-04-04 07:00,2026-04-04,7,550000,ОЭС ЮГА,11571,11170
2026-04-04 08:00,2026-04-04,8,550000,ОЭС ЮГА,11948,11769
2026-04-04 09:00,2026-04-04,9,550000,ОЭС ЮГА,13136,12825
2026-04-04 10:00,2026-04-04,10,550000,ОЭС ЮГА,13452,13114
2026-04-04 11:00,2026-04-04,11,550000,ОЭС ЮГА,13269,13310
2026-04-04 12:00,2026-04-04,12,550000,ОЭС ЮГА,13447,13352
2026-04-04 13:00,2026-04-04,13,550000,ОЭС ЮГА,13333,13276
2026-04-04 14:00,2026-04-04,14,550000,ОЭС ЮГА,13312,13221
2026-04-04 15:00,2026-04-04,15,550000,ОЭС ЮГА,13152,13069
2026-04-04 16:00,2026-04-04,16,550000,ОЭС ЮГА,13219,13109
2026-04-04 17:00,2026-04-04,17,550000,ОЭС ЮГА,13064,13112
2026-04-04 18:00,2026-04-04,18,550000,ОЭС ЮГА,13262,13281
2026-04-04 19:00,2026-04-04,19,550000,ОЭС ЮГА,13583,13620
2026-04-04 20:00,2026-04-04,20,550000,ОЭС ЮГА,13573,13907
2026-04-04 21:00,2026-04-04,21,550000,ОЭС ЮГА,13506,13545
2026-04-04 22:00,2026-04-04,22,550000,ОЭС ЮГА,12664,13184
2026-04-04 23:00,2026-04-04,23,550000,ОЭС ЮГА,11635,12386
2026-04-05 00:00,2026-04-05,0,550000,ОЭС ЮГА,11323,11591
2026-04-05 01:00,2026-04-05,1,550000,ОЭС ЮГА,11232,11061
2026-04-05 02:00,2026-04-05,2,550000,ОЭС ЮГА,11083,10764
2026-04-05 03:00,2026-04-05,3,550000,ОЭС ЮГА,11008,10436
2026-04-05 04:00,2026-04-05,4,550000,ОЭС ЮГА,10719,10380
2026-04-05 05:00,2026-04-05,5,550000,ОЭС ЮГА,10650,10660
2026-04-05 06:00,2026-04-05,6,550000,ОЭС ЮГА,11169,10524
2026-04-05 07:00,2026-04-05,7,550000,ОЭС ЮГА,11711,10759
2026-04-05 08:00,2026-04-05,8,550000,ОЭС ЮГА,12001,11405
2026-04-05 09:00,2026-04-05,9,550000,ОЭС ЮГА,13158,12152
2026-04-05 10:00,2026-04-05,10,550000,ОЭС ЮГА,13601,12448
2026-04-05 11:00,2026-04-05,11,550000,ОЭС ЮГА,13806,12507
2026-04-05 12:00,2026-04-05,12,550000,ОЭС ЮГА,13605,12556
2026-04-05 13:00,2026-04-05,13,550000,ОЭС ЮГА,13641,12612
2026-04-05 14:00,2026-04-05,14,550000,ОЭС ЮГА,13654,12573
2026-04-05 15:00,2026-04-05,15,550000,ОЭС ЮГА,13624,12449
2026-04-05 16:00,2026-04-05,16,550000,ОЭС ЮГА,13523,12464
2026-04-05 17:00,2026-04-05,17,550000,ОЭС ЮГА,13594,12653
2026-04-05 18:00,2026-04-05,18,550000,ОЭС ЮГА,13486,12775
2026-04-05 19:00,2026-04-05,19,550000,ОЭС ЮГА,14223,13335
2026-04-05 20:00,2026-04-05,20,550000,ОЭС ЮГА,14368,13733
2026-04-05 21:00,2026-04-05,21,550000,ОЭС ЮГА,14295,13512
2026-04-05 22:00,2026-04-05,22,550000,ОЭС ЮГА,13079,13025
2026-04-05 23:00,2026-04-05,23,550000,ОЭС ЮГА,12262,12121
2026-04-06 00:00,2026-04-06,0,550000,ОЭС ЮГА,11753,11330
2026-04-06 01:00,2026-04-06,1,550000,ОЭС ЮГА,11445,10820
2026-04-06 02:00,2026-04-06,2,550000,ОЭС ЮГА,10856,10431
2026-04-06 03:00,2026-04-06,3,550000,ОЭС ЮГА,10892,10214
2026-04-06 04:00,2026-04-06,4,550000,ОЭС ЮГА,11135,10224
2026-04-06 05:00,2026-04-06,5,550000,ОЭС ЮГА,11638,10498
2026-04-06 06:00,2026-04-06,6,550000,ОЭС ЮГА,11784,10813
2026-04-06 07:00,2026-04-06,7,550000,ОЭС ЮГА,13019,11773
2026-04-06 08:00,2026-04-06,8,550000,ОЭС ЮГА,13897,12477
2026-04-06 09:00,2026-04-06,9,550000,ОЭС ЮГА,14590,12960
2026-04-06 10:00,2026-04-06,10,550000,ОЭС ЮГА,14696,13136
2026-04-06 11:00,2026-04-06,11,550000,ОЭС ЮГА,14589,13050
2026-04-06 12:00,2026-04-06,12,550000,ОЭС ЮГА,14869,13048
2026-04-06 13:00,2026-04-06,13,550000,ОЭС ЮГА,15051,13032
2026-04-06 14:00,2026-04-06,14,550000,ОЭС ЮГА,14602,12952
2026-04-06 15:00,2026-04-06,15,550000,ОЭС ЮГА,14533,12842
2026-04-06 16:00,2026-04-06,16,550000,ОЭС ЮГА,14500,12755
2026-04-06 17:00,2026-04-06,17,550000,ОЭС ЮГА,14390,12612
2026-04-06 18:00,2026-04-06,18,550000,ОЭС ЮГА,14096,12733
2026-04-06 19:00,2026-04-06,19,550000,ОЭС ЮГА,14500,13345
2026-04-06 20:00,2026-04-06,20,550000,ОЭС ЮГА,14796,13611
2026-04-06 21:00,2026-04-06,21,550000,ОЭС ЮГА,14876,13571
2026-04-06 22:00,2026-04-06,22,550000,ОЭС ЮГА,13863,13019
2026-04-06 23:00,2026-04-06,23,550000,ОЭС ЮГА,13182,12060
2026-04-07 00:00,2026-04-07,0,550000,ОЭС ЮГА,12910,11328
2026-04-07 01:00,2026-04-07,1,550000,ОЭС ЮГА,12354,10676
2026-04-07 02:00,2026-04-07,2,550000,ОЭС ЮГА,12411,10565
2026-04-07 03:00,2026-04-07,3,550000,ОЭС ЮГА,12255,10305
2026-04-07 04:00,2026-04-07,4,550000,ОЭС ЮГА,12380,10366
2026-04-07 05:00,2026-04-07,5,550000,ОЭС ЮГА,12379,10488
2026-04-07 06:00,2026-04-07,6,550000,ОЭС ЮГА,12831,11017
2026-04-07 07:00,2026-04-07,7,550000,ОЭС ЮГА,13212,11675
2026-04-07 08:00,2026-04-07,8,550000,ОЭС ЮГА,13734,12412
2026-04-07 09:00,2026-04-07,9,550000,ОЭС ЮГА,14589,12929
2026-04-07 10:00,2026-04-07,10,550000,ОЭС ЮГА,14729,13128
2026-04-07 11:00,2026-04-07,11,550000,ОЭС ЮГА,14473,13264
2026-04-07 12:00,2026-04-07,12,550000,ОЭС ЮГА,14415,13287
2026-04-07 13:00,2026-04-07,13,550000,ОЭС ЮГА,14509,13304
2026-04-07 14:00,2026-04-07,14,550000,ОЭС ЮГА,14502,13205
2026-04-07 15:00,2026-04-07,15,550000,ОЭС ЮГА,14146,13126
2026-04-07 16:00,2026-04-07,16,550000,ОЭС ЮГА,14220,13068
2026-04-07 17:00,2026-04-07,17,550000,ОЭС ЮГА,13946,12904
2026-04-07 18:00,2026-04-07,18,550000,ОЭС ЮГА,14662,13196
2026-04-07 19:00,2026-04-07,19,550000,ОЭС ЮГА,14391,13785
2026-04-07 20:00,2026-04-07,20,550000,ОЭС ЮГА,14615,14020
2026-04-07 21:00,2026-04-07,21,550000,ОЭС ЮГА,14705,13786
2026-04-07 22:00,2026-04-07,22,550000,ОЭС ЮГА,12893,13232
2026-04-07 23:00,2026-04-07,23,550000,ОЭС ЮГА,11760,12305
2026-04-08 00:00,2026-04-08,0,550000,ОЭС ЮГА,11149,11447
2026-04-08 01:00,2026-04-08,1,550000,ОЭС ЮГА,11046,10972
2026-04-08 02:00,2026-04-08,2,550000,ОЭС ЮГА,11180,10805
2026-04-08 03:00,2026-04-08,3,550000,ОЭС ЮГА,11302,10628
2026-04-08 04:00,2026-04-08,4,550000,ОЭС ЮГА,11325,10522
2026-04-08 05:00,2026-04-08,5,550000,ОЭС ЮГА,11317,10671
2026-04-08 06:00,2026-04-08,6,550000,ОЭС ЮГА,12017,11256
2026-04-08 07:00,2026-04-08,7,550000,ОЭС ЮГА,12251,12035
2026-04-08 08:00,2026-04-08,8,550000,ОЭС ЮГА,13584,12900
2026-04-08 09:00,2026-04-08,9,550000,ОЭС ЮГА,14923,13568
2026-04-08 10:00,2026-04-08,10,550000,ОЭС ЮГА,15038,13765
2026-04-08 11:00,2026-04-08,11,550000,ОЭС ЮГА,14313,13899
2026-04-08 12:00,2026-04-08,12,550000,ОЭС ЮГА,14344,13813
2026-04-08 13:00,2026-04-08,13,550000,ОЭС ЮГА,14298,13601
2026-04-08 14:00,2026-04-08,14,550000,ОЭС ЮГА,14313,13756
2026-04-08 15:00,2026-04-08,15,550000,ОЭС ЮГА,14087,13600
2026-04-08 16:00,2026-04-08,16,550000,ОЭС ЮГА,14594,13543
2026-04-08 17:00,2026-04-08,17,550000,ОЭС ЮГА,14062,13445
2026-04-08 18:00,2026-04-08,18,550000,ОЭС ЮГА,13628,13467
2026-04-08 19:00,2026-04-08,19,550000,ОЭС ЮГА,14376,14136
2026-04-08 20:00,2026-04-08,20,550000,ОЭС ЮГА,13991,14142
2026-04-08 21:00,2026-04-08,21,550000,ОЭС ЮГА,13981,14044
2026-04-08 22:00,2026-04-08,22,550000,ОЭС ЮГА,13621,13502
2026-04-08 23:00,2026-04-08,23,550000,ОЭС ЮГА,12739,12685
2026-04-09 00:00,2026-04-09,0,550000,ОЭС ЮГА,11447,11785
2026-04-09 01:00,2026-04-09,1,550000,ОЭС ЮГА,11281,11264
2026-04-09 02:00,2026-04-09,2,550000,ОЭС ЮГА,11373,10971
2026-04-09 03:00,2026-04-09,3,550000,ОЭС ЮГА,11262,10821
2026-04-09 04:00,2026-04-09,4,550000,ОЭС ЮГА,11495,10764
2026-04-09 05:00,2026-04-09,5,550000,ОЭС ЮГА,11770,11047
2026-04-09 06:00,2026-04-09,6,550000,ОЭС ЮГА,11621,11366
2026-04-09 07:00,2026-04-09,7,550000,ОЭС ЮГА,12184,12362
2026-04-09 08:00,2026-04-09,8,550000,ОЭС ЮГА,13308,13281
2026-04-09 09:00,2026-04-09,9,550000,ОЭС ЮГА,14126,14075
2026-04-09 10:00,2026-04-09,10,550000,ОЭС ЮГА,14377,14160
2026-04-09 11:00,2026-04-09,11,550000,ОЭС ЮГА,14555,14335
2026-04-09 12:00,2026-04-09,12,550000,ОЭС ЮГА,14636,14221
2026-04-09 13:00,2026-04-09,13,550000,ОЭС ЮГА,14673,14169
2026-04-09 14:00,2026-04-09,14,550000,ОЭС ЮГА,14657,14108
2026-04-09 15:00,2026-04-09,15,550000,ОЭС ЮГА,14791,14015
2026-04-09 16:00,2026-04-09,16,550000,ОЭС ЮГА,15141,13885
2026-04-09 17:00,2026-04-09,17,550000,ОЭС ЮГА,14828,13905
2026-04-09 18:00,2026-04-09,18,550000,ОЭС ЮГА,14346,13891
2026-04-09 19:00,2026-04-09,19,550000,ОЭС ЮГА,14447,14484
2026-04-09 20:00,2026-04-09,20,550000,ОЭС ЮГА,14675,14672
2026-04-09 21:00,2026-04-09,21,550000,ОЭС ЮГА,14241,14508
2026-04-09 22:00,2026-04-09,22,550000,ОЭС ЮГА,13789,13967
2026-04-09 23:00,2026-04-09,23,550000,ОЭС ЮГА,12062,13218
2026-04-10 00:00,2026-04-10,0,550000,ОЭС ЮГА,11328,12331
2026-04-10 01:00,2026-04-10,1,550000,ОЭС ЮГА,11359,11659
2026-04-10 02:00,2026-04-10,2,550000,ОЭС ЮГА,11483,11333
2026-04-10 03:00,2026-04-10,3,550000,ОЭС ЮГА,11324,11130
2026-04-10 04:00,2026-04-10,4,550000,ОЭС ЮГА,11596,10930
2026-04-10 05:00,2026-04-10,5,550000,ОЭС ЮГА,11468,11264
2026-04-10 06:00,2026-04-10,6,550000,ОЭС ЮГА,11415,11616
2026-04-10 07:00,2026-04-10,7,550000,ОЭС ЮГА,12021,12501
2026-04-10 08:00,2026-04-10,8,550000,ОЭС ЮГА,13456,13356
2026-04-10 09:00,2026-04-10,9,550000,ОЭС ЮГА,14577,13929
2026-04-10 10:00,2026-04-10,10,550000,ОЭС ЮГА,15204,14256
2026-04-10 11:00,2026-04-10,11,550000,ОЭС ЮГА,14954,14234
2026-04-10 12:00,2026-04-10,12,550000,ОЭС ЮГА,14918,14011
2026-04-10 13:00,2026-04-10,13,550000,ОЭС ЮГА,14670,13990
2026-04-10 14:00,2026-04-10,14,550000,ОЭС ЮГА,14479,14089
2026-04-10 15:00,2026-04-10,15,550000,ОЭС ЮГА,14571,13936
2026-04-10 16:00,2026-04-10,16,550000,ОЭС ЮГА,15149,14028
2026-04-10 17:00,2026-04-10,17,550000,ОЭС ЮГА,14862,13813
2026-04-10 18:00,2026-04-10,18,550000,ОЭС ЮГА,14851,13835
2026-04-10 19:00,2026-04-10,19,550000,ОЭС ЮГА,15172,14440
2026-04-10 20:00,2026-04-10,20,550000,ОЭС ЮГА,14744,14504
2026-04-10 21:00,2026-04-10,21,550000,ОЭС ЮГА,14786,14340
2026-04-10 22:00,2026-04-10,22,550000,ОЭС ЮГА,14456,13889
2026-04-10 23:00,2026-04-10,23,550000,ОЭС ЮГА,13336,13293
2026-04-11 00:00,2026-04-11,0,550000,ОЭС ЮГА,12134,12369
2026-04-11 01:00,2026-04-11,1,550000,ОЭС ЮГА,11094,11768
2026-04-11 02:00,2026-04-11,2,550000,ОЭС ЮГА,10948,11194
2026-04-11 03:00,2026-04-11,3,550000,ОЭС ЮГА,10930,11203
2026-04-11 04:00,2026-04-11,4,550000,ОЭС ЮГА,10632,11040
2026-04-11 05:00,2026-04-11,5,550000,ОЭС ЮГА,11082,11301
2026-04-11 06:00,2026-04-11,6,550000,ОЭС ЮГА,11151,11165
2026-04-11 07:00,2026-04-11,7,550000,ОЭС ЮГА,12073,11695
2026-04-11 08:00,2026-04-11,8,550000,ОЭС ЮГА,13327,12601
2026-04-11 09:00,2026-04-11,9,550000,ОЭС ЮГА,14574,13343
2026-04-11 10:00,2026-04-11,10,550000,ОЭС ЮГА,14880,13763
2026-04-11 11:00,2026-04-11,11,550000,ОЭС ЮГА,14914,13937
2026-04-11 12:00,2026-04-11,12,550000,ОЭС ЮГА,14714,13832
2026-04-11 13:00,2026-04-11,13,550000,ОЭС ЮГА,14816,14155
2026-04-11 14:00,2026-04-11,14,550000,ОЭС ЮГА,14957,14013
2026-04-11 15:00,2026-04-11,15,550000,ОЭС ЮГА,14887,13948
2026-04-11 16:00,2026-04-11,16,550000,ОЭС ЮГА,14525,13882
2026-04-11 17:00,2026-04-11,17,550000,ОЭС ЮГА,14374,13827
2026-04-11 18:00,2026-04-11,18,550000,ОЭС ЮГА,14318,13993
2026-04-11 19:00,2026-04-11,19,550000,ОЭС ЮГА,14447,14256
2026-04-11 20:00,2026-04-11,20,550000,ОЭС ЮГА,14234,14709
2026-04-11 21:00,2026-04-11,21,550000,ОЭС ЮГА,13836,14448
2026-04-11 22:00,2026-04-11,22,550000,ОЭС ЮГА,13248,14037
2026-04-11 23:00,2026-04-11,23,550000,ОЭС ЮГА,12103,13238
2026-04-12 00:00,2026-04-12,0,550000,ОЭС ЮГА,11501,12315
2026-04-12 01:00,2026-04-12,1,550000,ОЭС ЮГА,11882,11753
2026-04-12 02:00,2026-04-12,2,550000,ОЭС ЮГА,11433,11310
2026-04-12 03:00,2026-04-12,3,550000,ОЭС ЮГА,11202,11051
2026-04-12 04:00,2026-04-12,4,550000,ОЭС ЮГА,10978,11087
2026-04-12 05:00,2026-04-12,5,550000,ОЭС ЮГА,10809,11229
2026-04-12 06:00,2026-04-12,6,550000,ОЭС ЮГА,10974,11088
2026-04-12 07:00,2026-04-12,7,550000,ОЭС ЮГА,11490,11616
2026-04-12 08:00,2026-04-12,8,550000,ОЭС ЮГА,12164,11922
2026-04-12 09:00,2026-04-12,9,550000,ОЭС ЮГА,12901,12479
2026-04-12 10:00,2026-04-12,10,550000,ОЭС ЮГА,13449,12728
2026-04-12 11:00,2026-04-12,11,550000,ОЭС ЮГА,13517,12853
2026-04-12 12:00,2026-04-12,12,550000,ОЭС ЮГА,13163,12933
2026-04-12 13:00,2026-04-12,13,550000,ОЭС ЮГА,13381,13012
2026-04-12 14:00,2026-04-12,14,550000,ОЭС ЮГА,13305,12820
2026-04-12 15:00,2026-04-12,15,550000,ОЭС ЮГА,13186,12618
2026-04-12 16:00,2026-04-12,16,550000,ОЭС ЮГА,13146,12744
2026-04-12 17:00,2026-04-12,17,550000,ОЭС ЮГА,13196,12724
2026-04-12 18:00,2026-04-12,18,550000,ОЭС ЮГА,13065,12981
2026-04-12 19:00,2026-04-12,19,550000,ОЭС ЮГА,13337,13383
2026-04-12 20:00,2026-04-12,20,550000,ОЭС ЮГА,13185,13835
2026-04-12 21:00,2026-04-12,21,550000,ОЭС ЮГА,12751,13830
2026-04-12 22:00,2026-04-12,22,550000,ОЭС ЮГА,12184,13287
2026-04-12 23:00,2026-04-12,23,550000,ОЭС ЮГА,11595,12582
2026-04-13 00:00,2026-04-13,0,550000,ОЭС ЮГА,11032,11826
2026-04-13 01:00,2026-04-13,1,550000,ОЭС ЮГА,11097,11182
2026-04-13 02:00,2026-04-13,2,550000,ОЭС ЮГА,11239,10903
2026-04-13 03:00,2026-04-13,3,550000,ОЭС ЮГА,11341,10824
2026-04-13 04:00,2026-04-13,4,550000,ОЭС ЮГА,10951,10621
2026-04-13 05:00,2026-04-13,5,550000,ОЭС ЮГА,11488,10993
2026-04-13 06:00,2026-04-13,6,550000,ОЭС ЮГА,11886,11177
2026-04-13 07:00,2026-04-13,7,550000,ОЭС ЮГА,12456,11993
2026-04-13 08:00,2026-04-13,8,550000,ОЭС ЮГА,12828,12935
2026-04-13 09:00,2026-04-13,9,550000,ОЭС ЮГА,13660,13670
2026-04-13 10:00,2026-04-13,10,550000,ОЭС ЮГА,14066,14010
2026-04-13 11:00,2026-04-13,11,550000,ОЭС ЮГА,13883,14035
2026-04-13 12:00,2026-04-13,12,550000,ОЭС ЮГА,14050,13993
2026-04-13 13:00,2026-04-13,13,550000,ОЭС ЮГА,14351,13929
2026-04-13 14:00,2026-04-13,14,550000,ОЭС ЮГА,14352,14065
2026-04-13 15:00,2026-04-13,15,550000,ОЭС ЮГА,14182,13777
2026-04-13 16:00,2026-04-13,16,550000,ОЭС ЮГА,14019,13781
2026-04-13 17:00,2026-04-13,17,550000,ОЭС ЮГА,13755,13781
2026-04-13 18:00,2026-04-13,18,550000,ОЭС ЮГА,13908,13867
2026-04-13 19:00,2026-04-13,19,550000,ОЭС ЮГА,14243,14322
2026-04-13 20:00,2026-04-13,20,550000,ОЭС ЮГА,14431,14685
2026-04-13 21:00,2026-04-13,21,550000,ОЭС ЮГА,13780,14499
2026-04-13 22:00,2026-04-13,22,550000,ОЭС ЮГА,13450,13783
2026-04-13 23:00,2026-04-13,23,550000,ОЭС ЮГА,12525,12959
2026-04-14 00:00,2026-04-14,0,550000,ОЭС ЮГА,12001,11984
2026-04-14 01:00,2026-04-14,1,550000,ОЭС ЮГА,12341,11416
2026-04-14 02:00,2026-04-14,2,550000,ОЭС ЮГА,12387,11056
2026-04-14 03:00,2026-04-14,3,550000,ОЭС ЮГА,12363,11028
2026-04-14 04:00,2026-04-14,4,550000,ОЭС ЮГА,12378,11004
2026-04-14 05:00,2026-04-14,5,550000,ОЭС ЮГА,12381,11227
2026-04-14 06:00,2026-04-14,6,550000,ОЭС ЮГА,12613,11509
2026-04-14 07:00,2026-04-14,7,550000,ОЭС ЮГА,12974,12410
2026-04-14 08:00,2026-04-14,8,550000,ОЭС ЮГА,13701,13233
2026-04-14 09:00,2026-04-14,9,550000,ОЭС ЮГА,14914,13967
2026-04-14 10:00,2026-04-14,10,550000,ОЭС ЮГА,14859,14187
2026-04-14 11:00,2026-04-14,11,550000,ОЭС ЮГА,14939,14123
2026-04-14 12:00,2026-04-14,12,550000,ОЭС ЮГА,14658,14119
2026-04-14 13:00,2026-04-14,13,550000,ОЭС ЮГА,14987,13938
2026-04-14 14:00,2026-04-14,14,550000,ОЭС ЮГА,14702,14069
2026-04-14 15:00,2026-04-14,15,550000,ОЭС ЮГА,14500,13895
2026-04-14 16:00,2026-04-14,16,550000,ОЭС ЮГА,14581,13927
2026-04-14 17:00,2026-04-14,17,550000,ОЭС ЮГА,14480,13577
2026-04-14 18:00,2026-04-14,18,550000,ОЭС ЮГА,14407,13725
2026-04-14 19:00,2026-04-14,19,550000,ОЭС ЮГА,14621,14346
2026-04-14 20:00,2026-04-14,20,550000,ОЭС ЮГА,14796,14612
2026-04-14 21:00,2026-04-14,21,550000,ОЭС ЮГА,14507,14342
2026-04-14 22:00,2026-04-14,22,550000,ОЭС ЮГА,13430,13916
2026-04-14 23:00,2026-04-14,23,550000,ОЭС ЮГА,13038,12865
2026-04-15 00:00,2026-04-15,0,550000,ОЭС ЮГА,13199,11996
2026-04-15 01:00,2026-04-15,1,550000,ОЭС ЮГА,12500,11553
2026-04-15 02:00,2026-04-15,2,550000,ОЭС ЮГА,12382,11139
2026-04-15 03:00,2026-04-15,3,550000,ОЭС ЮГА,12436,11128
2026-04-15 04:00,2026-04-15,4,550000,ОЭС ЮГА,12476,11082
2026-04-15 05:00,2026-04-15,5,550000,ОЭС ЮГА,12504,11150
2026-04-15 06:00,2026-04-15,6,550000,ОЭС ЮГА,12943,11582
2026-04-15 07:00,2026-04-15,7,550000,ОЭС ЮГА,13697,12331
2026-04-15 08:00,2026-04-15,8,550000,ОЭС ЮГА,14102,13242
2026-04-15 09:00,2026-04-15,9,550000,ОЭС ЮГА,14587,13885
2026-04-15 10:00,2026-04-15,10,550000,ОЭС ЮГА,14928,13953
2026-04-15 11:00,2026-04-15,11,550000,ОЭС ЮГА,14926,13742
2026-04-15 12:00,2026-04-15,12,550000,ОЭС ЮГА,14635,13707
2026-04-15 13:00,2026-04-15,13,550000,ОЭС ЮГА,14565,13586
2026-04-15 14:00,2026-04-15,14,550000,ОЭС ЮГА,14138,13575
2026-04-15 15:00,2026-04-15,15,550000,ОЭС ЮГА,14066,13541
2026-04-15 16:00,2026-04-15,16,550000,ОЭС ЮГА,14153,13402
2026-04-15 17:00,2026-04-15,17,550000,ОЭС ЮГА,14133,13258
2026-04-15 18:00,2026-04-15,18,550000,ОЭС ЮГА,14076,13408
2026-04-15 19:00,2026-04-15,19,550000,ОЭС ЮГА,14570,13697
2026-04-15 20:00,2026-04-15,20,550000,ОЭС ЮГА,15444,14257
2026-04-15 21:00,2026-04-15,21,550000,ОЭС ЮГА,15052,14171
2026-04-15 22:00,2026-04-15,22,550000,ОЭС ЮГА,14100,13713
2026-04-15 23:00,2026-04-15,23,550000,ОЭС ЮГА,13844,12834
2026-04-16 00:00,2026-04-16,0,550000,ОЭС ЮГА,12892,11862
2026-04-16 01:00,2026-04-16,1,550000,ОЭС ЮГА,12336,11354
2026-04-16 02:00,2026-04-16,2,550000,ОЭС ЮГА,12211,11049
2026-04-16 03:00,2026-04-16,3,550000,ОЭС ЮГА,12175,10809
2026-04-16 04:00,2026-04-16,4,550000,ОЭС ЮГА,12072,10757
2026-04-16 05:00,2026-04-16,5,550000,ОЭС ЮГА,12155,10975
2026-04-16 06:00,2026-04-16,6,550000,ОЭС ЮГА,12660,11157
2026-04-16 07:00,2026-04-16,7,550000,ОЭС ЮГА,13166,12050
2026-04-16 08:00,2026-04-16,8,550000,ОЭС ЮГА,13792,12730
2026-04-16 09:00,2026-04-16,9,550000,ОЭС ЮГА,14782,13374
2026-04-16 10:00,2026-04-16,10,550000,ОЭС ЮГА,14563,13604
2026-04-16 11:00,2026-04-16,11,550000,ОЭС ЮГА,14231,13429
2026-04-16 12:00,2026-04-16,12,550000,ОЭС ЮГА,14188,13227
2026-04-16 13:00,2026-04-16,13,550000,ОЭС ЮГА,14104,13183
2026-04-16 14:00,2026-04-16,14,550000,ОЭС ЮГА,13993,13069
2026-04-16 15:00,2026-04-16,15,550000,ОЭС ЮГА,13553,13048
2026-04-16 16:00,2026-04-16,16,550000,ОЭС ЮГА,13767,13044
2026-04-16 17:00,2026-04-16,17,550000,ОЭС ЮГА,13794,12894
2026-04-16 18:00,2026-04-16,18,550000,ОЭС ЮГА,13802,13061
2026-04-16 19:00,2026-04-16,19,550000,ОЭС ЮГА,14870,13511
2026-04-16 20:00,2026-04-16,20,550000,ОЭС ЮГА,14933,14178
2026-04-16 21:00,2026-04-16,21,550000,ОЭС ЮГА,15091,13897
2026-04-16 22:00,2026-04-16,22,550000,ОЭС ЮГА,14872,13600
2026-04-16 23:00,2026-04-16,23,550000,ОЭС ЮГА,13568,12665
2026-04-17 00:00,2026-04-17,0,550000,ОЭС ЮГА,12850,11727
2026-04-17 01:00,2026-04-17,1,550000,ОЭС ЮГА,11820,11272
2026-04-17 02:00,2026-04-17,2,550000,ОЭС ЮГА,11652,10812
2026-04-17 03:00,2026-04-17,3,550000,ОЭС ЮГА,11686,10827
2026-04-17 04:00,2026-04-17,4,550000,ОЭС ЮГА,11742,10750
2026-04-17 05:00,2026-04-17,5,550000,ОЭС ЮГА,12019,11088
2026-04-17 06:00,2026-04-17,6,550000,ОЭС ЮГА,12496,11258
2026-04-17 07:00,2026-04-17,7,550000,ОЭС ЮГА,13169,12051
2026-04-17 08:00,2026-04-17,8,550000,ОЭС ЮГА,14016,12819
2026-04-17 09:00,2026-04-17,9,550000,ОЭС ЮГА,14857,13345
2026-04-17 10:00,2026-04-17,10,550000,ОЭС ЮГА,14611,13398
2026-04-17 11:00,2026-04-17,11,550000,ОЭС ЮГА,13874,13086
2026-04-17 12:00,2026-04-17,12,550000,ОЭС ЮГА,13973,13179
2026-04-17 13:00,2026-04-17,13,550000,ОЭС ЮГА,14141,12963
2026-04-17 14:00,2026-04-17,14,550000,ОЭС ЮГА,14102,13061
2026-04-17 15:00,2026-04-17,15,550000,ОЭС ЮГА,14070,12943
2026-04-17 16:00,2026-04-17,16,550000,ОЭС ЮГА,13966,12913
2026-04-17 17:00,2026-04-17,17,550000,ОЭС ЮГА,13907,12965
2026-04-17 18:00,2026-04-17,18,550000,ОЭС ЮГА,14497,12959
2026-04-17 19:00,2026-04-17,19,550000,ОЭС ЮГА,14481,13120
2026-04-17 20:00,2026-04-17,20,550000,ОЭС ЮГА,14810,13750
2026-04-17 21:00,2026-04-17,21,550000,ОЭС ЮГА,15013,13633
2026-04-17 22:00,2026-04-17,22,550000,ОЭС ЮГА,14381,13088
2026-04-17 23:00,2026-04-17,23,550000,ОЭС ЮГА,13549,12354
2026-04-18 00:00,2026-04-18,0,550000,ОЭС ЮГА,12832,11422
2026-04-18 01:00,2026-04-18,1,550000,ОЭС ЮГА,12325,10832
2026-04-18 02:00,2026-04-18,2,550000,ОЭС ЮГА,12188,10556
2026-04-18 03:00,2026-04-18,3,550000,ОЭС ЮГА,11917,10481
2026-04-18 04:00,2026-04-18,4,550000,ОЭС ЮГА,11748,10446
2026-04-18 05:00,2026-04-18,5,550000,ОЭС ЮГА,11878,10487
2026-04-18 06:00,2026-04-18,6,550000,ОЭС ЮГА,11958,10486
2026-04-18 07:00,2026-04-18,7,550000,ОЭС ЮГА,12498,11020
2026-04-18 08:00,2026-04-18,8,550000,ОЭС ЮГА,12727,11928
2026-04-18 09:00,2026-04-18,9,550000,ОЭС ЮГА,13468,12517
2026-04-18 10:00,2026-04-18,10,550000,ОЭС ЮГА,14297,12780
2026-04-18 11:00,2026-04-18,11,550000,ОЭС ЮГА,14437,12853
2026-04-18 12:00,2026-04-18,12,550000,ОЭС ЮГА,14032,12922
2026-04-18 13:00,2026-04-18,13,550000,ОЭС ЮГА,13780,12858
2026-04-18 14:00,2026-04-18,14,550000,ОЭС ЮГА,13588,12974
2026-04-18 15:00,2026-04-18,15,550000,ОЭС ЮГА,13861,13044
2026-04-18 16:00,2026-04-18,16,550000,ОЭС ЮГА,14080,12987
2026-04-18 17:00,2026-04-18,17,550000,ОЭС ЮГА,14016,12775
2026-04-18 18:00,2026-04-18,18,550000,ОЭС ЮГА,13977,13048
2026-04-18 19:00,2026-04-18,19,550000,ОЭС ЮГА,14490,13441
2026-04-18 20:00,2026-04-18,20,550000,ОЭС ЮГА,14086,13833
2026-04-18 21:00,2026-04-18,21,550000,ОЭС ЮГА,13887,13741
2026-04-18 22:00,2026-04-18,22,550000,ОЭС ЮГА,13973,13114
2026-04-18 23:00,2026-04-18,23,550000,ОЭС ЮГА,13144,12300
2026-04-19 00:00,2026-04-19,0,550000,ОЭС ЮГА,12364,11637
2026-04-19 01:00,2026-04-19,1,550000,ОЭС ЮГА,11780,11062
2026-04-19 02:00,2026-04-19,2,550000,ОЭС ЮГА,11405,10589
2026-04-19 03:00,2026-04-19,3,550000,ОЭС ЮГА,11659,10441
2026-04-19 04:00,2026-04-19,4,550000,ОЭС ЮГА,11250,10385
2026-04-19 05:00,2026-04-19,5,550000,ОЭС ЮГА,11238,10450
2026-04-19 06:00,2026-04-19,6,550000,ОЭС ЮГА,11496,10474
2026-04-19 07:00,2026-04-19,7,550000,ОЭС ЮГА,11911,10912
2026-04-19 08:00,2026-04-19,8,550000,ОЭС ЮГА,12475,11702
2026-04-19 09:00,2026-04-19,9,550000,ОЭС ЮГА,13237,12377
2026-04-19 10:00,2026-04-19,10,550000,ОЭС ЮГА,13595,12832
2026-04-19 11:00,2026-04-19,11,550000,ОЭС ЮГА,13746,12852
2026-04-19 12:00,2026-04-19,12,550000,ОЭС ЮГА,14041,12861
2026-04-19 13:00,2026-04-19,13,550000,ОЭС ЮГА,13825,12855
2026-04-19 14:00,2026-04-19,14,550000,ОЭС ЮГА,14204,12908
2026-04-19 15:00,2026-04-19,15,550000,ОЭС ЮГА,14135,12857
2026-04-19 16:00,2026-04-19,16,550000,ОЭС ЮГА,14363,12769
2026-04-19 17:00,2026-04-19,17,550000,ОЭС ЮГА,14284,12987
2026-04-19 18:00,2026-04-19,18,550000,ОЭС ЮГА,14282,13040
2026-04-19 19:00,2026-04-19,19,550000,ОЭС ЮГА,15408,13766
2026-04-19 20:00,2026-04-19,20,550000,ОЭС ЮГА,15056,13857
2026-04-19 21:00,2026-04-19,21,550000,ОЭС ЮГА,14954,13895
2026-04-19 22:00,2026-04-19,22,550000,ОЭС ЮГА,13934,13128
2026-04-19 23:00,2026-04-19,23,550000,ОЭС ЮГА,13214,12541
2026-04-20 00:00,2026-04-20,0,550000,ОЭС ЮГА,12653,11646
2026-04-20 01:00,2026-04-20,1,550000,ОЭС ЮГА,12355,11113
2026-04-20 02:00,2026-04-20,2,550000,ОЭС ЮГА,12394,10709
2026-04-20 03:00,2026-04-20,3,550000,ОЭС ЮГА,12280,10581
2026-04-20 04:00,2026-04-20,4,550000,ОЭС ЮГА,12275,10600
2026-04-20 05:00,2026-04-20,5,550000,ОЭС ЮГА,12274,10759
2026-04-20 06:00,2026-04-20,6,550000,ОЭС ЮГА,12878,10964
2026-04-20 07:00,2026-04-20,7,550000,ОЭС ЮГА,13450,12032
2026-04-20 08:00,2026-04-20,8,550000,ОЭС ЮГА,14390,13014
2026-04-20 09:00,2026-04-20,9,550000,ОЭС ЮГА,14987,13699
2026-04-20 10:00,2026-04-20,10,550000,ОЭС ЮГА,14847,13814
2026-04-20 11:00,2026-04-20,11,550000,ОЭС ЮГА,14792,13900
2026-04-20 12:00,2026-04-20,12,550000,ОЭС ЮГА,14848,13873
2026-04-20 13:00,2026-04-20,13,550000,ОЭС ЮГА,14697,13780
2026-04-20 14:00,2026-04-20,14,550000,ОЭС ЮГА,14571,13728
2026-04-20 15:00,2026-04-20,15,550000,ОЭС ЮГА,14384,13589
2026-04-20 16:00,2026-04-20,16,550000,ОЭС ЮГА,14335,13413
2026-04-20 17:00,2026-04-20,17,550000,ОЭС ЮГА,14138,13209
2026-04-20 18:00,2026-04-20,18,550000,ОЭС ЮГА,14017,13087
2026-04-20 19:00,2026-04-20,19,550000,ОЭС ЮГА,14318,13537
2026-04-20 20:00,2026-04-20,20,550000,ОЭС ЮГА,14595,14013
2026-04-20 21:00,2026-04-20,21,550000,ОЭС ЮГА,14567,13828
2026-04-20 22:00,2026-04-20,22,550000,ОЭС ЮГА,13558,13345
2026-04-20 23:00,2026-04-20,23,550000,ОЭС ЮГА,12676,12545
2026-04-21 00:00,2026-04-21,0,550000,ОЭС ЮГА,12286,11591
2026-04-21 01:00,2026-04-21,1,550000,ОЭС ЮГА,12240,10974
2026-04-21 02:00,2026-04-21,2,550000,ОЭС ЮГА,12128,10687
2026-04-21 03:00,2026-04-21,3,550000,ОЭС ЮГА,11877,10555
2026-04-21 04:00,2026-04-21,4,550000,ОЭС ЮГА,11904,10418
2026-04-21 05:00,2026-04-21,5,550000,ОЭС ЮГА,11886,10811
2026-04-21 06:00,2026-04-21,6,550000,ОЭС ЮГА,12049,10943
2026-04-21 07:00,2026-04-21,7,550000,ОЭС ЮГА,12851,11568
2026-04-21 08:00,2026-04-21,8,550000,ОЭС ЮГА,13862,12523
2026-04-21 09:00,2026-04-21,9,550000,ОЭС ЮГА,14434,13183
2026-04-21 10:00,2026-04-21,10,550000,ОЭС ЮГА,14644,13346
2026-04-21 11:00,2026-04-21,11,550000,ОЭС ЮГА,14630,13346
2026-04-21 12:00,2026-04-21,12,550000,ОЭС ЮГА,14432,13325
2026-04-21 13:00,2026-04-21,13,550000,ОЭС ЮГА,14188,13277
2026-04-21 14:00,2026-04-21,14,550000,ОЭС ЮГА,14094,13165
2026-04-21 15:00,2026-04-21,15,550000,ОЭС ЮГА,13766,13221
2026-04-21 16:00,2026-04-21,16,550000,ОЭС ЮГА,13772,13180
2026-04-21 17:00,2026-04-21,17,550000,ОЭС ЮГА,13640,13252
2026-04-21 18:00,2026-04-21,18,550000,ОЭС ЮГА,13750,13156
2026-04-21 19:00,2026-04-21,19,550000,ОЭС ЮГА,14713,13669
2026-04-21 20:00,2026-04-21,20,550000,ОЭС ЮГА,14808,14056
2026-04-21 21:00,2026-04-21,21,550000,ОЭС ЮГА,14562,13930
2026-04-21 22:00,2026-04-21,22,550000,ОЭС ЮГА,13708,13413
2026-04-21 23:00,2026-04-21,23,550000,ОЭС ЮГА,13021,12628
2026-04-22 00:00,2026-04-22,0,550000,ОЭС ЮГА,12262,11672
2026-04-22 01:00,2026-04-22,1,550000,ОЭС ЮГА,12056,11082
2026-04-22 02:00,2026-04-22,2,550000,ОЭС ЮГА,12065,10879
2026-04-22 03:00,2026-04-22,3,550000,ОЭС ЮГА,12100,10728
2026-04-22 04:00,2026-04-22,4,550000,ОЭС ЮГА,11948,10657
2026-04-22 05:00,2026-04-22,5,550000,ОЭС ЮГА,11335,10924
2026-04-22 06:00,2026-04-22,6,550000,ОЭС ЮГА,11978,11180
2026-04-22 07:00,2026-04-22,7,550000,ОЭС ЮГА,13066,12074
2026-04-22 08:00,2026-04-22,8,550000,ОЭС ЮГА,13918,12983
2026-04-22 09:00,2026-04-22,9,550000,ОЭС ЮГА,14185,13785
2026-04-22 10:00,2026-04-22,10,550000,ОЭС ЮГА,14837,14072
2026-04-22 11:00,2026-04-22,11,550000,ОЭС ЮГА,15062,14007
2026-04-22 12:00,2026-04-22,12,550000,ОЭС ЮГА,14996,13754
2026-04-22 13:00,2026-04-22,13,550000,ОЭС ЮГА,14614,13815
2026-04-22 14:00,2026-04-22,14,550000,ОЭС ЮГА,14447,13787
2026-04-22 15:00,2026-04-22,15,550000,ОЭС ЮГА,14394,13542
2026-04-22 16:00,2026-04-22,16,550000,ОЭС ЮГА,14209,13691
2026-04-22 17:00,2026-04-22,17,550000,ОЭС ЮГА,14218,13536
2026-04-22 18:00,2026-04-22,18,550000,ОЭС ЮГА,13946,13662
2026-04-22 19:00,2026-04-22,19,550000,ОЭС ЮГА,14395,14154
2026-04-22 20:00,2026-04-22,20,550000,ОЭС ЮГА,15022,14468
2026-04-22 21:00,2026-04-22,21,550000,ОЭС ЮГА,14729,14291
2026-04-22 22:00,2026-04-22,22,550000,ОЭС ЮГА,13743,13832
2026-04-22 23:00,2026-04-22,23,550000,ОЭС ЮГА,13342,12982
2026-04-23 00:00,2026-04-23,0,550000,ОЭС ЮГА,12279,11987
2026-04-23 01:00,2026-04-23,1,550000,ОЭС ЮГА,12084,11326
2026-04-23 02:00,2026-04-23,2,550000,ОЭС ЮГА,11911,11045
2026-04-23 03:00,2026-04-23,3,550000,ОЭС ЮГА,11925,10950
2026-04-23 04:00,2026-04-23,4,550000,ОЭС ЮГА,11965,10796
2026-04-23 05:00,2026-04-23,5,550000,ОЭС ЮГА,11918,11166
2026-04-23 06:00,2026-04-23,6,550000,ОЭС ЮГА,12106,11377
2026-04-23 07:00,2026-04-23,7,550000,ОЭС ЮГА,12941,12445
2026-04-23 08:00,2026-04-23,8,550000,ОЭС ЮГА,13648,13143
2026-04-23 09:00,2026-04-23,9,550000,ОЭС ЮГА,15120,13813
2026-04-23 10:00,2026-04-23,10,550000,ОЭС ЮГА,15134,14078
2026-04-23 11:00,2026-04-23,11,550000,ОЭС ЮГА,14770,14063
2026-04-23 12:00,2026-04-23,12,550000,ОЭС ЮГА,14262,13955
2026-04-23 13:00,2026-04-23,13,550000,ОЭС ЮГА,14357,13964
2026-04-23 14:00,2026-04-23,14,550000,ОЭС ЮГА,14371,13949
2026-04-23 15:00,2026-04-23,15,550000,ОЭС ЮГА,14296,13828
2026-04-23 16:00,2026-04-23,16,550000,ОЭС ЮГА,14042,13916
2026-04-23 17:00,2026-04-23,17,550000,ОЭС ЮГА,14149,13669
2026-04-23 18:00,2026-04-23,18,550000,ОЭС ЮГА,14374,13774
2026-04-23 19:00,2026-04-23,19,550000,ОЭС ЮГА,15159,14272
2026-04-23 20:00,2026-04-23,20,550000,ОЭС ЮГА,14996,14691
2026-04-23 21:00,2026-04-23,21,550000,ОЭС ЮГА,15097,14462
2026-04-23 22:00,2026-04-23,22,550000,ОЭС ЮГА,14187,14016
2026-04-23 23:00,2026-04-23,23,550000,ОЭС ЮГА,13281,13186
2026-04-24 00:00,2026-04-24,0,550000,ОЭС ЮГА,12865,12127
2026-04-24 01:00,2026-04-24,1,550000,ОЭС ЮГА,12493,11418
2026-04-24 02:00,2026-04-24,2,550000,ОЭС ЮГА,12249,11163
2026-04-24 03:00,2026-04-24,3,550000,ОЭС ЮГА,12161,11044
2026-04-24 04:00,2026-04-24,4,550000,ОЭС ЮГА,12210,11143
2026-04-24 05:00,2026-04-24,5,550000,ОЭС ЮГА,12273,11263
2026-04-24 06:00,2026-04-24,6,550000,ОЭС ЮГА,12769,11537
2026-04-24 07:00,2026-04-24,7,550000,ОЭС ЮГА,13574,12508
2026-04-24 08:00,2026-04-24,8,550000,ОЭС ЮГА,14501,13372
2026-04-24 09:00,2026-04-24,9,550000,ОЭС ЮГА,14879,14225
2026-04-24 10:00,2026-04-24,10,550000,ОЭС ЮГА,15504,14548
2026-04-24 11:00,2026-04-24,11,550000,ОЭС ЮГА,15223,14637
2026-04-24 12:00,2026-04-24,12,550000,ОЭС ЮГА,15096,14435
2026-04-24 13:00,2026-04-24,13,550000,ОЭС ЮГА,14988,14207
2026-04-24 14:00,2026-04-24,14,550000,ОЭС ЮГА,14955,14243
2026-04-24 15:00,2026-04-24,15,550000,ОЭС ЮГА,14971,14014
2026-04-24 16:00,2026-04-24,16,550000,ОЭС ЮГА,14950,14066
2026-04-24 17:00,2026-04-24,17,550000,ОЭС ЮГА,14664,14005
2026-04-24 18:00,2026-04-24,18,550000,ОЭС ЮГА,14159,14085
2026-04-24 19:00,2026-04-24,19,550000,ОЭС ЮГА,14778,14604
2026-04-24 20:00,2026-04-24,20,550000,ОЭС ЮГА,15602,14896
2026-04-24 21:00,2026-04-24,21,550000,ОЭС ЮГА,14997,14610
2026-04-24 22:00,2026-04-24,22,550000,ОЭС ЮГА,14417,14135
2026-04-24 23:00,2026-04-24,23,550000,ОЭС ЮГА,13674,13163
2026-04-25 00:00,2026-04-25,0,550000,ОЭС ЮГА,12918,12445
2026-04-25 01:00,2026-04-25,1,550000,ОЭС ЮГА,12051,11774
2026-04-25 02:00,2026-04-25,2,550000,ОЭС ЮГА,11736,11185
2026-04-25 03:00,2026-04-25,3,550000,ОЭС ЮГА,11801,11217
2026-04-25 04:00,2026-04-25,4,550000,ОЭС ЮГА,12126,11014
2026-04-25 05:00,2026-04-25,5,550000,ОЭС ЮГА,11961,11217
2026-04-25 06:00,2026-04-25,6,550000,ОЭС ЮГА,12007,11343
2026-04-25 07:00,2026-04-25,7,550000,ОЭС ЮГА,12600,11862
2026-04-25 08:00,2026-04-25,8,550000,ОЭС ЮГА,13433,12557
2026-04-25 09:00,2026-04-25,9,550000,ОЭС ЮГА,14179,13188
2026-04-25 10:00,2026-04-25,10,550000,ОЭС ЮГА,14525,13687
2026-04-25 11:00,2026-04-25,11,550000,ОЭС ЮГА,14620,13879
2026-04-25 12:00,2026-04-25,12,550000,ОЭС ЮГА,14221,13741
2026-04-25 13:00,2026-04-25,13,550000,ОЭС ЮГА,14345,13442
2026-04-25 14:00,2026-04-25,14,550000,ОЭС ЮГА,14271,13341
2026-04-25 15:00,2026-04-25,15,550000,ОЭС ЮГА,14238,13451
2026-04-25 16:00,2026-04-25,16,550000,ОЭС ЮГА,14153,13282
2026-04-25 17:00,2026-04-25,17,550000,ОЭС ЮГА,14015,13356
2026-04-25 18:00,2026-04-25,18,550000,ОЭС ЮГА,13870,13239
2026-04-25 19:00,2026-04-25,19,550000,ОЭС ЮГА,14269,13525
2026-04-25 20:00,2026-04-25,20,550000,ОЭС ЮГА,14428,14155
2026-04-25 21:00,2026-04-25,21,550000,ОЭС ЮГА,14205,14210
2026-04-25 22:00,2026-04-25,22,550000,ОЭС ЮГА,13281,13889
2026-04-25 23:00,2026-04-25,23,550000,ОЭС ЮГА,12183,13057
2026-04-26 00:00,2026-04-26,0,550000,ОЭС ЮГА,11994,12203
2026-04-26 01:00,2026-04-26,1,550000,ОЭС ЮГА,11637,11515
2026-04-26 02:00,2026-04-26,2,550000,ОЭС ЮГА,11680,11151
2026-04-26 03:00,2026-04-26,3,550000,ОЭС ЮГА,11617,11009
2026-04-26 04:00,2026-04-26,4,550000,ОЭС ЮГА,11653,10925
2026-04-26 05:00,2026-04-26,5,550000,ОЭС ЮГА,11757,10828
2026-04-26 06:00,2026-04-26,6,550000,ОЭС ЮГА,11831,10891
2026-04-26 07:00,2026-04-26,7,550000,ОЭС ЮГА,12101,11303
2026-04-26 08:00,2026-04-26,8,550000,ОЭС ЮГА,12863,11800
2026-04-26 09:00,2026-04-26,9,550000,ОЭС ЮГА,13246,12396
2026-04-26 10:00,2026-04-26,10,550000,ОЭС ЮГА,13610,12894
2026-04-26 11:00,2026-04-26,11,550000,ОЭС ЮГА,13447,13136
2026-04-26 12:00,2026-04-26,12,550000,ОЭС ЮГА,12700,13076
2026-04-26 13:00,2026-04-26,13,550000,ОЭС ЮГА,13138,12894
2026-04-26 14:00,2026-04-26,14,550000,ОЭС ЮГА,13397,12832
2026-04-26 15:00,2026-04-26,15,550000,ОЭС ЮГА,13439,12780
2026-04-26 16:00,2026-04-26,16,550000,ОЭС ЮГА,13257,12606
2026-04-26 17:00,2026-04-26,17,550000,ОЭС ЮГА,13643,12656
2026-04-26 18:00,2026-04-26,18,550000,ОЭС ЮГА,13690,12692
2026-04-26 19:00,2026-04-26,19,550000,ОЭС ЮГА,14061,13155
2026-04-26 20:00,2026-04-26,20,550000,ОЭС ЮГА,14722,13843
2026-04-26 21:00,2026-04-26,21,550000,ОЭС ЮГА,14543,14073
2026-04-26 22:00,2026-04-26,22,550000,ОЭС ЮГА,13996,13580
2026-04-26 23:00,2026-04-26,23,550000,ОЭС ЮГА,13102,12685
2026-04-27 00:00,2026-04-27,0,550000,ОЭС ЮГА,12359,11692
2026-04-27 01:00,2026-04-27,1,550000,ОЭС ЮГА,12260,11075
2026-04-27 02:00,2026-04-27,2,550000,ОЭС ЮГА,11913,10767
2026-04-27 03:00,2026-04-27,3,550000,ОЭС ЮГА,11892,10523
2026-04-27 04:00,2026-04-27,4,550000,ОЭС ЮГА,11877,10731
2026-04-27 05:00,2026-04-27,5,550000,ОЭС ЮГА,11993,10821
2026-04-27 06:00,2026-04-27,6,550000,ОЭС ЮГА,12534,11136
2026-04-27 07:00,2026-04-27,7,550000,ОЭС ЮГА,13037,12118
2026-04-27 08:00,2026-04-27,8,550000,ОЭС ЮГА,13664,13049
2026-04-27 09:00,2026-04-27,9,550000,ОЭС ЮГА,14572,13881
2026-04-27 10:00,2026-04-27,10,550000,ОЭС ЮГА,15124,14107
2026-04-27 11:00,2026-04-27,11,550000,ОЭС ЮГА,14905,14083
2026-04-27 12:00,2026-04-27,12,550000,ОЭС ЮГА,14618,13816
2026-04-27 13:00,2026-04-27,13,550000,ОЭС ЮГА,14561,13814
2026-04-27 14:00,2026-04-27,14,550000,ОЭС ЮГА,14623,13625
2026-04-27 15:00,2026-04-27,15,550000,ОЭС ЮГА,14475,13693
2026-04-27 16:00,2026-04-27,16,550000,ОЭС ЮГА,14352,13624
2026-04-27 17:00,2026-04-27,17,550000,ОЭС ЮГА,13978,13514
2026-04-27 18:00,2026-04-27,18,550000,ОЭС ЮГА,14201,13608
2026-04-27 19:00,2026-04-27,19,550000,ОЭС ЮГА,14415,13814
2026-04-27 20:00,2026-04-27,20,550000,ОЭС ЮГА,15315,14507
2026-04-27 21:00,2026-04-27,21,550000,ОЭС ЮГА,14862,14572
2026-04-27 22:00,2026-04-27,22,550000,ОЭС ЮГА,14106,13953
2026-04-27 23:00,2026-04-27,23,550000,ОЭС ЮГА,13396,13021
2026-04-28 00:00,2026-04-28,0,550000,ОЭС ЮГА,12622,12023
2026-04-28 01:00,2026-04-28,1,550000,ОЭС ЮГА,11991,11360
2026-04-28 02:00,2026-04-28,2,550000,ОЭС ЮГА,12054,11072
2026-04-28 03:00,2026-04-28,3,550000,ОЭС ЮГА,11979,10806
2026-04-28 04:00,2026-04-28,4,550000,ОЭС ЮГА,11966,10818
2026-04-28 05:00,2026-04-28,5,550000,ОЭС ЮГА,11992,11102
2026-04-28 06:00,2026-04-28,6,550000,ОЭС ЮГА,12225,11469
2026-04-28 07:00,2026-04-28,7,550000,ОЭС ЮГА,12717,12380
2026-04-28 08:00,2026-04-28,8,550000,ОЭС ЮГА,13173,13039
2026-04-28 09:00,2026-04-28,9,550000,ОЭС ЮГА,14377,13884
2026-04-28 10:00,2026-04-28,10,550000,ОЭС ЮГА,14814,13821
2026-04-28 11:00,2026-04-28,11,550000,ОЭС ЮГА,14624,13728
2026-04-28 12:00,2026-04-28,12,550000,ОЭС ЮГА,14288,13783
2026-04-28 13:00,2026-04-28,13,550000,ОЭС ЮГА,14143,13473
2026-04-28 14:00,2026-04-28,14,550000,ОЭС ЮГА,14080,13582
2026-04-28 15:00,2026-04-28,15,550000,ОЭС ЮГА,14140,13310
2026-04-28 16:00,2026-04-28,16,550000,ОЭС ЮГА,14058,13333
2026-04-28 17:00,2026-04-28,17,550000,ОЭС ЮГА,13830,13072
2026-04-28 18:00,2026-04-28,18,550000,ОЭС ЮГА,13669,13186
2026-04-28 19:00,2026-04-28,19,550000,ОЭС ЮГА,14003,13515
2026-04-28 20:00,2026-04-28,20,550000,ОЭС ЮГА,14537,14419
2026-04-28 21:00,2026-04-28,21,550000,ОЭС ЮГА,14230,14429
2026-04-28 22:00,2026-04-28,22,550000,ОЭС ЮГА,13797,13803
2026-04-28 23:00,2026-04-28,23,550000,ОЭС ЮГА,12866,12944
2026-04-29 00:00,2026-04-29,0,550000,ОЭС ЮГА,12170,11978
2026-04-29 01:00,2026-04-29,1,550000,ОЭС ЮГА,11921,11408
2026-04-29 02:00,2026-04-29,2,550000,ОЭС ЮГА,11707,11043
2026-04-29 03:00,2026-04-29,3,550000,ОЭС ЮГА,11601,10827
2026-04-29 04:00,2026-04-29,4,550000,ОЭС ЮГА,11609,10973
2026-04-29 05:00,2026-04-29,5,550000,ОЭС ЮГА,11806,10981
2026-04-29 06:00,2026-04-29,6,550000,ОЭС ЮГА,12193,11389
2026-04-29 07:00,2026-04-29,7,550000,ОЭС ЮГА,12665,12448
2026-04-29 08:00,2026-04-29,8,550000,ОЭС ЮГА,13541,12969
2026-04-29 09:00,2026-04-29,9,550000,ОЭС ЮГА,14568,13497
2026-04-29 10:00,2026-04-29,10,550000,ОЭС ЮГА,15135,13664
2026-04-29 11:00,2026-04-29,11,550000,ОЭС ЮГА,14814,13388
2026-04-29 12:00,2026-04-29,12,550000,ОЭС ЮГА,14312,13336
2026-04-29 13:00,2026-04-29,13,550000,ОЭС ЮГА,13964,13291
2026-04-29 14:00,2026-04-29,14,550000,ОЭС ЮГА,13714,13225
2026-04-29 15:00,2026-04-29,15,550000,ОЭС ЮГА,14005,13159
2026-04-29 16:00,2026-04-29,16,550000,ОЭС ЮГА,13839,13113
2026-04-29 17:00,2026-04-29,17,550000,ОЭС ЮГА,13683,13139
2026-04-29 18:00,2026-04-29,18,550000,ОЭС ЮГА,13773,13072
2026-04-29 19:00,2026-04-29,19,550000,ОЭС ЮГА,13976,13432
2026-04-29 20:00,2026-04-29,20,550000,ОЭС ЮГА,14846,14325
2026-04-29 21:00,2026-04-29,21,550000,ОЭС ЮГА,14486,14229
2026-04-29 22:00,2026-04-29,22,550000,ОЭС ЮГА,13840,13736
2026-04-29 23:00,2026-04-29,23,550000,ОЭС ЮГА,12713,12828
2026-04-30 00:00,2026-04-30,0,550000,ОЭС ЮГА,11746,12009
2026-04-30 01:00,2026-04-30,1,550000,ОЭС ЮГА,11664,11134
2026-04-30 02:00,2026-04-30,2,550000,ОЭС ЮГА,11681,10793
2026-04-30 03:00,2026-04-30,3,550000,ОЭС ЮГА,11462,10716
2026-04-30 04:00,2026-04-30,4,550000,ОЭС ЮГА,11424,10619
2026-04-30 05:00,2026-04-30,5,550000,ОЭС ЮГА,11601,10889
2026-04-30 06:00,2026-04-30,6,550000,ОЭС ЮГА,11680,11237
2026-04-30 07:00,2026-04-30,7,550000,ОЭС ЮГА,12392,12013
2026-04-30 08:00,2026-04-30,8,550000,ОЭС ЮГА,12790,12839
2026-04-30 09:00,2026-04-30,9,550000,ОЭС ЮГА,13934,13572
2026-04-30 10:00,2026-04-30,10,550000,ОЭС ЮГА,13999,13805
2026-04-30 11:00,2026-04-30,11,550000,ОЭС ЮГА,13678,13769
2026-04-30 12:00,2026-04-30,12,550000,ОЭС ЮГА,13763,13532
2026-04-30 13:00,2026-04-30,13,550000,ОЭС ЮГА,13638,13371
2026-04-30 14:00,2026-04-30,14,550000,ОЭС ЮГА,13622,13655
2026-04-30 15:00,2026-04-30,15,550000,ОЭС ЮГА,13433,13204
2026-04-30 16:00,2026-04-30,16,550000,ОЭС ЮГА,13745,13211
2026-04-30 17:00,2026-04-30,17,550000,ОЭС ЮГА,13713,13143
2026-04-30 18:00,2026-04-30,18,550000,ОЭС ЮГА,13573,13249
2026-04-30 19:00,2026-04-30,19,550000,ОЭС ЮГА,13753,13581
2026-04-30 20:00,2026-04-30,20,550000,ОЭС ЮГА,14188,14266
2026-04-30 21:00,2026-04-30,21,550000,ОЭС ЮГА,14446,13973
2026-04-30 22:00,2026-04-30,22,550000,ОЭС ЮГА,13321,13543
2026-04-30 23:00,2026-04-30,23,550000,ОЭС ЮГА,12107,12794
2026-05-01 00:00,2026-05-01,0,550000,ОЭС ЮГА,11757,11981
2026-05-01 01:00,2026-05-01,1,550000,ОЭС ЮГА,11681,11195
2026-05-01 02:00,2026-05-01,2,550000,ОЭС ЮГА,11151,10868
2026-05-01 03:00,2026-05-01,3,550000,ОЭС ЮГА,11108,10644
2026-05-01 04:00,2026-05-01,4,550000,ОЭС ЮГА,11367,10672
2026-05-01 05:00,2026-05-01,5,550000,ОЭС ЮГА,11565,10581
2026-05-01 06:00,2026-05-01,6,550000,ОЭС ЮГА,11748,10664
2026-05-01 07:00,2026-05-01,7,550000,ОЭС ЮГА,12301,10991
2026-05-01 08:00,2026-05-01,8,550000,ОЭС ЮГА,12875,11823
2026-05-01 09:00,2026-05-01,9,550000,ОЭС ЮГА,13341,12619
2026-05-01 10:00,2026-05-01,10,550000,ОЭС ЮГА,13745,13117
2026-05-01 11:00,2026-05-01,11,550000,ОЭС ЮГА,14132,13347
2026-05-01 12:00,2026-05-01,12,550000,ОЭС ЮГА,14182,13464
2026-05-01 13:00,2026-05-01,13,550000,ОЭС ЮГА,14040,13411
2026-05-01 14:00,2026-05-01,14,550000,ОЭС ЮГА,14046,13315
2026-05-01 15:00,2026-05-01,15,550000,ОЭС ЮГА,14024,13016
2026-05-01 16:00,2026-05-01,16,550000,ОЭС ЮГА,13584,13072
2026-05-01 17:00,2026-05-01,17,550000,ОЭС ЮГА,13439,13151
2026-05-01 18:00,2026-05-01,18,550000,ОЭС ЮГА,13597,13286
2026-05-01 19:00,2026-05-01,19,550000,ОЭС ЮГА,13675,13606
2026-05-01 20:00,2026-05-01,20,550000,ОЭС ЮГА,14517,13986
2026-05-01 21:00,2026-05-01,21,550000,ОЭС ЮГА,14164,13830
2026-05-01 22:00,2026-05-01,22,550000,ОЭС ЮГА,13608,13380
2026-05-01 23:00,2026-05-01,23,550000,ОЭС ЮГА,12491,12699
2026-05-02 00:00,2026-05-02,0,550000,ОЭС ЮГА,11980,11902
2026-05-02 01:00,2026-05-02,1,550000,ОЭС ЮГА,11678,11259
2026-05-02 02:00,2026-05-02,2,550000,ОЭС ЮГА,11866,10851
2026-05-02 03:00,2026-05-02,3,550000,ОЭС ЮГА,11455,10731
2026-05-02 04:00,2026-05-02,4,550000,ОЭС ЮГА,11404,10759
2026-05-02 05:00,2026-05-02,5,550000,ОЭС ЮГА,11455,10706
2026-05-02 06:00,2026-05-02,6,550000,ОЭС ЮГА,11883,10721
2026-05-02 07:00,2026-05-02,7,550000,ОЭС ЮГА,12144,11223
2026-05-02 08:00,2026-05-02,8,550000,ОЭС ЮГА,12711,11836
2026-05-02 09:00,2026-05-02,9,550000,ОЭС ЮГА,13085,12873
2026-05-02 10:00,2026-05-02,10,550000,ОЭС ЮГА,13789,13484
2026-05-02 11:00,2026-05-02,11,550000,ОЭС ЮГА,13680,13689
2026-05-02 12:00,2026-05-02,12,550000,ОЭС ЮГА,13562,13812
2026-05-02 13:00,2026-05-02,13,550000,ОЭС ЮГА,13564,13609
2026-05-02 14:00,2026-05-02,14,550000,ОЭС ЮГА,13547,13863
2026-05-02 15:00,2026-05-02,15,550000,ОЭС ЮГА,13487,13608
2026-05-02 16:00,2026-05-02,16,550000,ОЭС ЮГА,13475,13744
2026-05-02 17:00,2026-05-02,17,550000,ОЭС ЮГА,13567,13768
2026-05-02 18:00,2026-05-02,18,550000,ОЭС ЮГА,13519,13705
2026-05-02 19:00,2026-05-02,19,550000,ОЭС ЮГА,13848,13707
2026-05-02 20:00,2026-05-02,20,550000,ОЭС ЮГА,14312,14444
2026-05-02 21:00,2026-05-02,21,550000,ОЭС ЮГА,14078,14371
2026-05-02 22:00,2026-05-02,22,550000,ОЭС ЮГА,13863,13639
2026-05-02 23:00,2026-05-02,23,550000,ОЭС ЮГА,12453,13061
2026-05-03 00:00,2026-05-03,0,550000,ОЭС ЮГА,11864,12036
2026-05-03 01:00,2026-05-03,1,550000,ОЭС ЮГА,11414,11438
2026-05-03 02:00,2026-05-03,2,550000,ОЭС ЮГА,10966,10984
2026-05-03 03:00,2026-05-03,3,550000,ОЭС ЮГА,11243,10755
2026-05-03 04:00,2026-05-03,4,550000,ОЭС ЮГА,11221,10927
2026-05-03 05:00,2026-05-03,5,550000,ОЭС ЮГА,11026,10640
2026-05-03 06:00,2026-05-03,6,550000,ОЭС ЮГА,11337,10690
2026-05-03 07:00,2026-05-03,7,550000,ОЭС ЮГА,12061,11264
2026-05-03 08:00,2026-05-03,8,550000,ОЭС ЮГА,12435,11992
2026-05-03 09:00,2026-05-03,9,550000,ОЭС ЮГА,13125,12721
2026-05-03 10:00,2026-05-03,10,550000,ОЭС ЮГА,13884,13095
2026-05-03 11:00,2026-05-03,11,550000,ОЭС ЮГА,13808,13201
2026-05-03 12:00,2026-05-03,12,550000,ОЭС ЮГА,13646,13298
2026-05-03 13:00,2026-05-03,13,550000,ОЭС ЮГА,13535,13572
2026-05-03 14:00,2026-05-03,14,550000,ОЭС ЮГА,13460,13249
2026-05-03 15:00,2026-05-03,15,550000,ОЭС ЮГА,13579,13224
2026-05-03 16:00,2026-05-03,16,550000,ОЭС ЮГА,13538,13269
2026-05-03 17:00,2026-05-03,17,550000,ОЭС ЮГА,13324,13440
2026-05-03 18:00,2026-05-03,18,550000,ОЭС ЮГА,13338,13680
2026-05-03 19:00,2026-05-03,19,550000,ОЭС ЮГА,13846,13843
2026-05-03 20:00,2026-05-03,20,550000,ОЭС ЮГА,14533,14344
2026-05-03 21:00,2026-05-03,21,550000,ОЭС ЮГА,14156,14265
2026-05-03 22:00,2026-05-03,22,550000,ОЭС ЮГА,13914,13864
2026-05-03 23:00,2026-05-03,23,550000,ОЭС ЮГА,12497,12890
2026-05-04 00:00,2026-05-04,0,550000,ОЭС ЮГА,11778,11932
2026-05-04 01:00,2026-05-04,1,550000,ОЭС ЮГА,11559,11307
2026-05-04 02:00,2026-05-04,2,550000,ОЭС ЮГА,11459,10942
2026-05-04 03:00,2026-05-04,3,550000,ОЭС ЮГА,11475,10708
2026-05-04 04:00,2026-05-04,4,550000,ОЭС ЮГА,11583,10611
2026-05-04 05:00,2026-05-04,5,550000,ОЭС ЮГА,11737,10823
2026-05-04 06:00,2026-05-04,6,550000,ОЭС ЮГА,12009,11103
2026-05-04 07:00,2026-05-04,7,550000,ОЭС ЮГА,12590,12119
2026-05-04 08:00,2026-05-04,8,550000,ОЭС ЮГА,12970,13134
2026-05-04 09:00,2026-05-04,9,550000,ОЭС ЮГА,13963,14343
2026-05-04 10:00,2026-05-04,10,550000,ОЭС ЮГА,14352,14652
2026-05-04 11:00,2026-05-04,11,550000,ОЭС ЮГА,14297,14774
2026-05-04 12:00,2026-05-04,12,550000,ОЭС ЮГА,14304,14513
2026-05-04 13:00,2026-05-04,13,550000,ОЭС ЮГА,14322,14464
2026-05-04 14:00,2026-05-04,14,550000,ОЭС ЮГА,13914,14459
2026-05-04 15:00,2026-05-04,15,550000,ОЭС ЮГА,13750,14407
2026-05-04 16:00,2026-05-04,16,550000,ОЭС ЮГА,14148,14290
2026-05-04 17:00,2026-05-04,17,550000,ОЭС ЮГА,13357,14096
2026-05-04 18:00,2026-05-04,18,550000,ОЭС ЮГА,12973,14304
2026-05-04 19:00,2026-05-04,19,550000,ОЭС ЮГА,13289,14355
2026-05-04 20:00,2026-05-04,20,550000,ОЭС ЮГА,14349,14772
2026-05-04 21:00,2026-05-04,21,550000,ОЭС ЮГА,14254,14650
2026-05-04 22:00,2026-05-04,22,550000,ОЭС ЮГА,13445,14085
2026-05-04 23:00,2026-05-04,23,550000,ОЭС ЮГА,12364,13112
2026-05-05 00:00,2026-05-05,0,550000,ОЭС ЮГА,11375,12207
2026-05-05 01:00,2026-05-05,1,550000,ОЭС ЮГА,11292,11522
2026-05-05 02:00,2026-05-05,2,550000,ОЭС ЮГА,11372,11015
2026-05-05 03:00,2026-05-05,3,550000,ОЭС ЮГА,11347,10683
2026-05-05 04:00,2026-05-05,4,550000,ОЭС ЮГА,11390,10803
2026-05-05 05:00,2026-05-05,5,550000,ОЭС ЮГА,11561,10939
2026-05-05 06:00,2026-05-05,6,550000,ОЭС ЮГА,11675,11332
2026-05-05 07:00,2026-05-05,7,550000,ОЭС ЮГА,12050,12212
2026-05-05 08:00,2026-05-05,8,550000,ОЭС ЮГА,12656,13261
2026-05-05 09:00,2026-05-05,9,550000,ОЭС ЮГА,13977,13964
2026-05-05 10:00,2026-05-05,10,550000,ОЭС ЮГА,14161,14168
2026-05-05 11:00,2026-05-05,11,550000,ОЭС ЮГА,14276,14129
2026-05-05 12:00,2026-05-05,12,550000,ОЭС ЮГА,13764,14126
2026-05-05 13:00,2026-05-05,13,550000,ОЭС ЮГА,13594,13862
2026-05-05 14:00,2026-05-05,14,550000,ОЭС ЮГА,13713,13792
2026-05-05 15:00,2026-05-05,15,550000,ОЭС ЮГА,13520,13552
2026-05-05 16:00,2026-05-05,16,550000,ОЭС ЮГА,13720,13349
2026-05-05 17:00,2026-05-05,17,550000,ОЭС ЮГА,13634,13295
2026-05-05 18:00,2026-05-05,18,550000,ОЭС ЮГА,13497,13266
2026-05-05 19:00,2026-05-05,19,550000,ОЭС ЮГА,13837,13576
2026-05-05 20:00,2026-05-05,20,550000,ОЭС ЮГА,14213,14079
2026-05-05 21:00,2026-05-05,21,550000,ОЭС ЮГА,14089,14202
2026-05-05 22:00,2026-05-05,22,550000,ОЭС ЮГА,13526,13569
2026-05-05 23:00,2026-05-05,23,550000,ОЭС ЮГА,12463,12819
2026-05-06 00:00,2026-05-06,0,550000,ОЭС ЮГА,11461,11750
2026-05-06 01:00,2026-05-06,1,550000,ОЭС ЮГА,11841,11020
2026-05-06 02:00,2026-05-06,2,550000,ОЭС ЮГА,11867,10554
2026-05-06 03:00,2026-05-06,3,550000,ОЭС ЮГА,11847,10588
2026-05-06 04:00,2026-05-06,4,550000,ОЭС ЮГА,11841,10576
2026-05-06 05:00,2026-05-06,5,550000,ОЭС ЮГА,11862,10433
2026-05-06 06:00,2026-05-06,6,550000,ОЭС ЮГА,12186,10958
2026-05-06 07:00,2026-05-06,7,550000,ОЭС ЮГА,12584,11810
2026-05-06 08:00,2026-05-06,8,550000,ОЭС ЮГА,12906,12667
2026-05-06 09:00,2026-05-06,9,550000,ОЭС ЮГА,13991,13366
2026-05-06 10:00,2026-05-06,10,550000,ОЭС ЮГА,14325,13349
2026-05-06 11:00,2026-05-06,11,550000,ОЭС ЮГА,14168,13283
2026-05-06 12:00,2026-05-06,12,550000,ОЭС ЮГА,13798,13238
2026-05-06 13:00,2026-05-06,13,550000,ОЭС ЮГА,13347,13129
2026-05-06 14:00,2026-05-06,14,550000,ОЭС ЮГА,14248,13044
2026-05-06 15:00,2026-05-06,15,550000,ОЭС ЮГА,14055,12863
2026-05-06 16:00,2026-05-06,16,550000,ОЭС ЮГА,13757,12788
2026-05-06 17:00,2026-05-06,17,550000,ОЭС ЮГА,13426,12567
2026-05-06 18:00,2026-05-06,18,550000,ОЭС ЮГА,13198,12537
2026-05-06 19:00,2026-05-06,19,550000,ОЭС ЮГА,13236,12800
2026-05-06 20:00,2026-05-06,20,550000,ОЭС ЮГА,13665,13618
2026-05-06 21:00,2026-05-06,21,550000,ОЭС ЮГА,13862,13763
2026-05-06 22:00,2026-05-06,22,550000,ОЭС ЮГА,13394,13273
2026-05-06 23:00,2026-05-06,23,550000,ОЭС ЮГА,12918,12396
2026-05-07 00:00,2026-05-07,0,550000,ОЭС ЮГА,12378,11378
2026-05-07 01:00,2026-05-07,1,550000,ОЭС ЮГА,11624,10744
2026-05-07 02:00,2026-05-07,2,550000,ОЭС ЮГА,11211,10429
2026-05-07 03:00,2026-05-07,3,550000,ОЭС ЮГА,11073,10056
2026-05-07 04:00,2026-05-07,4,550000,ОЭС ЮГА,11055,10285
2026-05-07 05:00,2026-05-07,5,550000,ОЭС ЮГА,11125,10168
2026-05-07 06:00,2026-05-07,6,550000,ОЭС ЮГА,11617,10696
2026-05-07 07:00,2026-05-07,7,550000,ОЭС ЮГА,12385,11515
2026-05-07 08:00,2026-05-07,8,550000,ОЭС ЮГА,12782,12156
2026-05-07 09:00,2026-05-07,9,550000,ОЭС ЮГА,13549,12798
2026-05-07 10:00,2026-05-07,10,550000,ОЭС ЮГА,13749,13180
2026-05-07 11:00,2026-05-07,11,550000,ОЭС ЮГА,13677,12849
2026-05-07 12:00,2026-05-07,12,550000,ОЭС ЮГА,13144,12875
2026-05-07 13:00,2026-05-07,13,550000,ОЭС ЮГА,12984,12756
2026-05-07 14:00,2026-05-07,14,550000,ОЭС ЮГА,12989,12789
2026-05-07 15:00,2026-05-07,15,550000,ОЭС ЮГА,13041,12599
2026-05-07 16:00,2026-05-07,16,550000,ОЭС ЮГА,13107,12513
2026-05-07 17:00,2026-05-07,17,550000,ОЭС ЮГА,12923,12443
2026-05-07 18:00,2026-05-07,18,550000,ОЭС ЮГА,12927,12362
2026-05-07 19:00,2026-05-07,19,550000,ОЭС ЮГА,13066,12488
2026-05-07 20:00,2026-05-07,20,550000,ОЭС ЮГА,13287,13180
2026-05-07 21:00,2026-05-07,21,550000,ОЭС ЮГА,13646,13427
2026-05-07 22:00,2026-05-07,22,550000,ОЭС ЮГА,13037,12953
2026-05-07 23:00,2026-05-07,23,550000,ОЭС ЮГА,12029,11929
2026-05-08 00:00,2026-05-08,0,550000,ОЭС ЮГА,11714,10919
2026-05-08 01:00,2026-05-08,1,550000,ОЭС ЮГА,11260,10578
2026-05-08 02:00,2026-05-08,2,550000,ОЭС ЮГА,10650,10262
2026-05-08 03:00,2026-05-08,3,550000,ОЭС ЮГА,10721,9844
2026-05-08 04:00,2026-05-08,4,550000,ОЭС ЮГА,10600,10046
2026-05-08 05:00,2026-05-08,5,550000,ОЭС ЮГА,10675,9771
2026-05-08 06:00,2026-05-08,6,550000,ОЭС ЮГА,11057,10455
2026-05-08 07:00,2026-05-08,7,550000,ОЭС ЮГА,11623,11343
2026-05-08 08:00,2026-05-08,8,550000,ОЭС ЮГА,12362,12051
2026-05-08 09:00,2026-05-08,9,550000,ОЭС ЮГА,13069,12511
2026-05-08 10:00,2026-05-08,10,550000,ОЭС ЮГА,13398,12684
2026-05-08 11:00,2026-05-08,11,550000,ОЭС ЮГА,13278,12766
2026-05-08 12:00,2026-05-08,12,550000,ОЭС ЮГА,13228,12720
2026-05-08 13:00,2026-05-08,13,550000,ОЭС ЮГА,13462,12553
2026-05-08 14:00,2026-05-08,14,550000,ОЭС ЮГА,13325,12524
2026-05-08 15:00,2026-05-08,15,550000,ОЭС ЮГА,12989,12453
2026-05-08 16:00,2026-05-08,16,550000,ОЭС ЮГА,12766,12344
2026-05-08 17:00,2026-05-08,17,550000,ОЭС ЮГА,12586,12243
2026-05-08 18:00,2026-05-08,18,550000,ОЭС ЮГА,12678,12000
2026-05-08 19:00,2026-05-08,19,550000,ОЭС ЮГА,12553,12319
2026-05-08 20:00,2026-05-08,20,550000,ОЭС ЮГА,13015,13038
2026-05-08 21:00,2026-05-08,21,550000,ОЭС ЮГА,13311,12956
2026-05-08 22:00,2026-05-08,22,550000,ОЭС ЮГА,13190,12537
2026-05-08 23:00,2026-05-08,23,550000,ОЭС ЮГА,12044,11665
2026-05-09 00:00,2026-05-09,0,550000,ОЭС ЮГА,11609,10825
2026-05-09 01:00,2026-05-09,1,550000,ОЭС ЮГА,10925,10209
2026-05-09 02:00,2026-05-09,2,550000,ОЭС ЮГА,10351,9906
2026-05-09 03:00,2026-05-09,3,550000,ОЭС ЮГА,10437,9679
2026-05-09 04:00,2026-05-09,4,550000,ОЭС ЮГА,10401,9712
2026-05-09 05:00,2026-05-09,5,550000,ОЭС ЮГА,10366,9446
2026-05-09 06:00,2026-05-09,6,550000,ОЭС ЮГА,10475,9713
2026-05-09 07:00,2026-05-09,7,550000,ОЭС ЮГА,10817,10170
2026-05-09 08:00,2026-05-09,8,550000,ОЭС ЮГА,11629,10860
2026-05-09 09:00,2026-05-09,9,550000,ОЭС ЮГА,12153,11569
2026-05-09 10:00,2026-05-09,10,550000,ОЭС ЮГА,12613,11963
2026-05-09 11:00,2026-05-09,11,550000,ОЭС ЮГА,12734,11768
2026-05-09 12:00,2026-05-09,12,550000,ОЭС ЮГА,12689,12005
2026-05-09 13:00,2026-05-09,13,550000,ОЭС ЮГА,12621,11947
2026-05-09 14:00,2026-05-09,14,550000,ОЭС ЮГА,12348,11751
2026-05-09 15:00,2026-05-09,15,550000,ОЭС ЮГА,12305,11542
2026-05-09 16:00,2026-05-09,16,550000,ОЭС ЮГА,12157,11545
2026-05-09 17:00,2026-05-09,17,550000,ОЭС ЮГА,11934,11508
2026-05-09 18:00,2026-05-09,18,550000,ОЭС ЮГА,11779,11398
2026-05-09 19:00,2026-05-09,19,550000,ОЭС ЮГА,11959,11328
2026-05-09 20:00,2026-05-09,20,550000,ОЭС ЮГА,12184,12072
2026-05-09 21:00,2026-05-09,21,550000,ОЭС ЮГА,12628,12230
2026-05-09 22:00,2026-05-09,22,550000,ОЭС ЮГА,12307,11780
2026-05-09 23:00,2026-05-09,23,550000,ОЭС ЮГА,11323,11140
2026-05-10 00:00,2026-05-10,0,550000,ОЭС ЮГА,10698,10386
2026-05-10 01:00,2026-05-10,1,550000,ОЭС ЮГА,10333,9909
2026-05-10 02:00,2026-05-10,2,550000,ОЭС ЮГА,9893,9444
2026-05-10 03:00,2026-05-10,3,550000,ОЭС ЮГА,9887,9397
2026-05-10 04:00,2026-05-10,4,550000,ОЭС ЮГА,9830,9245
2026-05-10 05:00,2026-05-10,5,550000,ОЭС ЮГА,9682,8964
2026-05-10 06:00,2026-05-10,6,550000,ОЭС ЮГА,10004,9208
2026-05-10 07:00,2026-05-10,7,550000,ОЭС ЮГА,10414,9650
2026-05-10 08:00,2026-05-10,8,550000,ОЭС ЮГА,11188,10379
2026-05-10 09:00,2026-05-10,9,550000,ОЭС ЮГА,11706,11212
2026-05-10 10:00,2026-05-10,10,550000,ОЭС ЮГА,12216,11665
2026-05-10 11:00,2026-05-10,11,550000,ОЭС ЮГА,12533,11794
2026-05-10 12:00,2026-05-10,12,550000,ОЭС ЮГА,12639,11975
2026-05-10 13:00,2026-05-10,13,550000,ОЭС ЮГА,12669,11797
2026-05-10 14:00,2026-05-10,14,550000,ОЭС ЮГА,12381,11899
2026-05-10 15:00,2026-05-10,15,550000,ОЭС ЮГА,12352,11803
2026-05-10 16:00,2026-05-10,16,550000,ОЭС ЮГА,12285,11749
2026-05-10 17:00,2026-05-10,17,550000,ОЭС ЮГА,12272,11597
2026-05-10 18:00,2026-05-10,18,550000,ОЭС ЮГА,12100,11857
2026-05-10 19:00,2026-05-10,19,550000,ОЭС ЮГА,12486,11890
2026-05-10 20:00,2026-05-10,20,550000,ОЭС ЮГА,13471,12449
2026-05-10 21:00,2026-05-10,21,550000,ОЭС ЮГА,13479,12461
2026-05-10 22:00,2026-05-10,22,550000,ОЭС ЮГА,12895,11927
2026-05-10 23:00,2026-05-10,23,550000,ОЭС ЮГА,11793,11141
2026-05-11 00:00,2026-05-11,0,550000,ОЭС ЮГА,11518,10237
2026-05-11 01:00,2026-05-11,1,550000,ОЭС ЮГА,10848,9772
2026-05-11 02:00,2026-05-11,2,550000,ОЭС ЮГА,10610,9251
2026-05-11 03:00,2026-05-11,3,550000,ОЭС ЮГА,10382,9145
2026-05-11 04:00,2026-05-11,4,550000,ОЭС ЮГА,10446,9058
2026-05-11 05:00,2026-05-11,5,550000,ОЭС ЮГА,10529,9067
2026-05-11 06:00,2026-05-11,6,550000,ОЭС ЮГА,10904,9268
2026-05-11 07:00,2026-05-11,7,550000,ОЭС ЮГА,11096,9875
2026-05-11 08:00,2026-05-11,8,550000,ОЭС ЮГА,11504,10713
2026-05-11 09:00,2026-05-11,9,550000,ОЭС ЮГА,12359,11475
2026-05-11 10:00,2026-05-11,10,550000,ОЭС ЮГА,12866,12074
2026-05-11 11:00,2026-05-11,11,550000,ОЭС ЮГА,13214,12260
2026-05-11 12:00,2026-05-11,12,550000,ОЭС ЮГА,13290,12170
2026-05-11 13:00,2026-05-11,13,550000,ОЭС ЮГА,13218,12052
2026-05-11 14:00,2026-05-11,14,550000,ОЭС ЮГА,13191,12137
2026-05-11 15:00,2026-05-11,15,550000,ОЭС ЮГА,13253,11940
2026-05-11 16:00,2026-05-11,16,550000,ОЭС ЮГА,13297,12059
2026-05-11 17:00,2026-05-11,17,550000,ОЭС ЮГА,13169,12025
2026-05-11 18:00,2026-05-11,18,550000,ОЭС ЮГА,12970,12164
2026-05-11 19:00,2026-05-11,19,550000,ОЭС ЮГА,13000,12043
2026-05-11 20:00,2026-05-11,20,550000,ОЭС ЮГА,13368,12760
2026-05-11 21:00,2026-05-11,21,550000,ОЭС ЮГА,13534,12897
2026-05-11 22:00,2026-05-11,22,550000,ОЭС ЮГА,12390,12369
2026-05-11 23:00,2026-05-11,23,550000,ОЭС ЮГА,12161,11361
2026-05-12 00:00,2026-05-12,0,550000,ОЭС ЮГА,11387,10254
2026-05-12 01:00,2026-05-12,1,550000,ОЭС ЮГА,10933,9711
2026-05-12 02:00,2026-05-12,2,550000,ОЭС ЮГА,10457,9341
2026-05-12 03:00,2026-05-12,3,550000,ОЭС ЮГА,10426,9236
2026-05-12 04:00,2026-05-12,4,550000,ОЭС ЮГА,10436,9233
2026-05-12 05:00,2026-05-12,5,550000,ОЭС ЮГА,10692,9234
2026-05-12 06:00,2026-05-12,6,550000,ОЭС ЮГА,10926,9492
2026-05-12 07:00,2026-05-12,7,550000,ОЭС ЮГА,11260,10604
2026-05-12 08:00,2026-05-12,8,550000,ОЭС ЮГА,11860,11534
2026-05-12 09:00,2026-05-12,9,550000,ОЭС ЮГА,12723,12017
2026-05-12 10:00,2026-05-12,10,550000,ОЭС ЮГА,13325,12556
2026-05-12 11:00,2026-05-12,11,550000,ОЭС ЮГА,13198,12489
2026-05-12 12:00,2026-05-12,12,550000,ОЭС ЮГА,12567,12387
2026-05-12 13:00,2026-05-12,13,550000,ОЭС ЮГА,12327,12332
2026-05-12 14:00,2026-05-12,14,550000,ОЭС ЮГА,12601,12283
2026-05-12 15:00,2026-05-12,15,550000,ОЭС ЮГА,12839,12386
2026-05-12 16:00,2026-05-12,16,550000,ОЭС ЮГА,12884,12115
2026-05-12 17:00,2026-05-12,17,550000,ОЭС ЮГА,12632,12137
2026-05-12 18:00,2026-05-12,18,550000,ОЭС ЮГА,12531,12025
2026-05-12 19:00,2026-05-12,19,550000,ОЭС ЮГА,12565,11926
2026-05-12 20:00,2026-05-12,20,550000,ОЭС ЮГА,12759,12633
2026-05-12 21:00,2026-05-12,21,550000,ОЭС ЮГА,13090,12753
2026-05-12 22:00,2026-05-12,22,550000,ОЭС ЮГА,12291,12324
2026-05-12 23:00,2026-05-12,23,550000,ОЭС ЮГА,11286,11333
2026-05-13 00:00,2026-05-13,0,550000,ОЭС ЮГА,10779,10451
2026-05-13 01:00,2026-05-13,1,550000,ОЭС ЮГА,10264,9728
2026-05-13 02:00,2026-05-13,2,550000,ОЭС ЮГА,10175,9414
2026-05-13 03:00,2026-05-13,3,550000,ОЭС ЮГА,10121,9231
2026-05-13 04:00,2026-05-13,4,550000,ОЭС ЮГА,10065,9079
2026-05-13 05:00,2026-05-13,5,550000,ОЭС ЮГА,10312,9163
2026-05-13 06:00,2026-05-13,6,550000,ОЭС ЮГА,10784,9585
2026-05-13 07:00,2026-05-13,7,550000,ОЭС ЮГА,11167,10475
2026-05-13 08:00,2026-05-13,8,550000,ОЭС ЮГА,11821,11228
2026-05-13 09:00,2026-05-13,9,550000,ОЭС ЮГА,12579,11967
2026-05-13 10:00,2026-05-13,10,550000,ОЭС ЮГА,12961,12237
2026-05-13 11:00,2026-05-13,11,550000,ОЭС ЮГА,12610,12340
2026-05-13 12:00,2026-05-13,12,550000,ОЭС ЮГА,12299,12355
2026-05-13 13:00,2026-05-13,13,550000,ОЭС ЮГА,12401,12248
2026-05-13 14:00,2026-05-13,14,550000,ОЭС ЮГА,12687,12455
2026-05-13 15:00,2026-05-13,15,550000,ОЭС ЮГА,13122,12374
2026-05-13 16:00,2026-05-13,16,550000,ОЭС ЮГА,12800,12332
2026-05-13 17:00,2026-05-13,17,550000,ОЭС ЮГА,12864,12263
2026-05-13 18:00,2026-05-13,18,550000,ОЭС ЮГА,12795,12035
2026-05-13 19:00,2026-05-13,19,550000,ОЭС ЮГА,12808,12122
2026-05-13 20:00,2026-05-13,20,550000,ОЭС ЮГА,12883,12671
2026-05-13 21:00,2026-05-13,21,550000,ОЭС ЮГА,12769,12647
2026-05-13 22:00,2026-05-13,22,550000,ОЭС ЮГА,12356,11950
2026-05-13 23:00,2026-05-13,23,550000,ОЭС ЮГА,11645,11247
2026-05-14 00:00,2026-05-14,0,550000,ОЭС ЮГА,10675,10175
2026-05-14 01:00,2026-05-14,1,550000,ОЭС ЮГА,10370,9616
2026-05-14 02:00,2026-05-14,2,550000,ОЭС ЮГА,10339,9263
2026-05-14 03:00,2026-05-14,3,550000,ОЭС ЮГА,10371,9101
2026-05-14 04:00,2026-05-14,4,550000,ОЭС ЮГА,10370,9087
2026-05-14 05:00,2026-05-14,5,550000,ОЭС ЮГА,10516,9119
2026-05-14 06:00,2026-05-14,6,550000,ОЭС ЮГА,10848,9543
2026-05-14 07:00,2026-05-14,7,550000,ОЭС ЮГА,11403,10546
2026-05-14 08:00,2026-05-14,8,550000,ОЭС ЮГА,12067,11235
2026-05-14 09:00,2026-05-14,9,550000,ОЭС ЮГА,12606,12083
2026-05-14 10:00,2026-05-14,10,550000,ОЭС ЮГА,12842,12326
2026-05-14 11:00,2026-05-14,11,550000,ОЭС ЮГА,12953,12369
2026-05-14 12:00,2026-05-14,12,550000,ОЭС ЮГА,12891,12367
2026-05-14 13:00,2026-05-14,13,550000,ОЭС ЮГА,12934,12171
2026-05-14 14:00,2026-05-14,14,550000,ОЭС ЮГА,13069,12392
2026-05-14 15:00,2026-05-14,15,550000,ОЭС ЮГА,13043,12273
2026-05-14 16:00,2026-05-14,16,550000,ОЭС ЮГА,13001,12264
2026-05-14 17:00,2026-05-14,17,550000,ОЭС ЮГА,13005,12197
2026-05-14 18:00,2026-05-14,18,550000,ОЭС ЮГА,12959,12063
2026-05-14 19:00,2026-05-14,19,550000,ОЭС ЮГА,13073,12249
2026-05-14 20:00,2026-05-14,20,550000,ОЭС ЮГА,13176,12584
2026-05-14 21:00,2026-05-14,21,550000,ОЭС ЮГА,13339,12726
2026-05-14 22:00,2026-05-14,22,550000,ОЭС ЮГА,12553,12212
2026-05-14 23:00,2026-05-14,23,550000,ОЭС ЮГА,11761,11102
2026-05-15 00:00,2026-05-15,0,550000,ОЭС ЮГА,11179,10199
2026-05-15 01:00,2026-05-15,1,550000,ОЭС ЮГА,10706,9680
2026-05-15 02:00,2026-05-15,2,550000,ОЭС ЮГА,10717,9308
2026-05-15 03:00,2026-05-15,3,550000,ОЭС ЮГА,10693,9252
2026-05-15 04:00,2026-05-15,4,550000,ОЭС ЮГА,10369,9204
2026-05-15 05:00,2026-05-15,5,550000,ОЭС ЮГА,10337,9239
2026-05-15 06:00,2026-05-15,6,550000,ОЭС ЮГА,10665,9518
2026-05-15 07:00,2026-05-15,7,550000,ОЭС ЮГА,11416,10465
2026-05-15 08:00,2026-05-15,8,550000,ОЭС ЮГА,12281,11503
2026-05-15 09:00,2026-05-15,9,550000,ОЭС ЮГА,13119,12215
2026-05-15 10:00,2026-05-15,10,550000,ОЭС ЮГА,13314,12333
2026-05-15 11:00,2026-05-15,11,550000,ОЭС ЮГА,13367,12342
2026-05-15 12:00,2026-05-15,12,550000,ОЭС ЮГА,13222,12219
2026-05-15 13:00,2026-05-15,13,550000,ОЭС ЮГА,13492,12205
2026-05-15 14:00,2026-05-15,14,550000,ОЭС ЮГА,13396,12177
2026-05-15 15:00,2026-05-15,15,550000,ОЭС ЮГА,13386,12136
2026-05-15 16:00,2026-05-15,16,550000,ОЭС ЮГА,13147,12157
2026-05-15 17:00,2026-05-15,17,550000,ОЭС ЮГА,13118,12147
2026-05-15 18:00,2026-05-15,18,550000,ОЭС ЮГА,13111,11977
2026-05-15 19:00,2026-05-15,19,550000,ОЭС ЮГА,13009,12272
2026-05-15 20:00,2026-05-15,20,550000,ОЭС ЮГА,13118,12583
2026-05-15 21:00,2026-05-15,21,550000,ОЭС ЮГА,13453,12540
2026-05-15 22:00,2026-05-15,22,550000,ОЭС ЮГА,12563,12190
2026-05-15 23:00,2026-05-15,23,550000,ОЭС ЮГА,11727,11299
2026-05-16 00:00,2026-05-16,0,550000,ОЭС ЮГА,11353,10583
2026-05-16 01:00,2026-05-16,1,550000,ОЭС ЮГА,10978,9823
2026-05-16 02:00,2026-05-16,2,550000,ОЭС ЮГА,10759,9292
2026-05-16 03:00,2026-05-16,3,550000,ОЭС ЮГА,10701,9318
2026-05-16 04:00,2026-05-16,4,550000,ОЭС ЮГА,10744,9156
2026-05-16 05:00,2026-05-16,5,550000,ОЭС ЮГА,10737,8842
2026-05-16 06:00,2026-05-16,6,550000,ОЭС ЮГА,10924,9056
2026-05-16 07:00,2026-05-16,7,550000,ОЭС ЮГА,11494,9870
2026-05-16 08:00,2026-05-16,8,550000,ОЭС ЮГА,12174,10586
2026-05-16 09:00,2026-05-16,9,550000,ОЭС ЮГА,12619,11530
2026-05-16 10:00,2026-05-16,10,550000,ОЭС ЮГА,13039,12058
2026-05-16 11:00,2026-05-16,11,550000,ОЭС ЮГА,13205,12227
2026-05-16 12:00,2026-05-16,12,550000,ОЭС ЮГА,13166,12283
2026-05-16 13:00,2026-05-16,13,550000,ОЭС ЮГА,12864,12265
2026-05-16 14:00,2026-05-16,14,550000,ОЭС ЮГА,13144,12090
2026-05-16 15:00,2026-05-16,15,550000,ОЭС ЮГА,13362,12067
2026-05-16 16:00,2026-05-16,16,550000,ОЭС ЮГА,13373,12080
2026-05-16 17:00,2026-05-16,17,550000,ОЭС ЮГА,13391,12178
2026-05-16 18:00,2026-05-16,18,550000,ОЭС ЮГА,13487,12092
2026-05-16 19:00,2026-05-16,19,550000,ОЭС ЮГА,13413,12198
2026-05-16 20:00,2026-05-16,20,550000,ОЭС ЮГА,13172,12384
2026-05-16 21:00,2026-05-16,21,550000,ОЭС ЮГА,13536,12630
2026-05-16 22:00,2026-05-16,22,550000,ОЭС ЮГА,13286,12072
2026-05-16 23:00,2026-05-16,23,550000,ОЭС ЮГА,12459,11299
2026-05-17 00:00,2026-05-17,0,550000,ОЭС ЮГА,11447,10405
2026-05-17 01:00,2026-05-17,1,550000,ОЭС ЮГА,10687,9892
2026-05-17 02:00,2026-05-17,2,550000,ОЭС ЮГА,10548,9481
2026-05-17 03:00,2026-05-17,3,550000,ОЭС ЮГА,10447,9346
2026-05-17 04:00,2026-05-17,4,550000,ОЭС ЮГА,10415,9142
2026-05-17 05:00,2026-05-17,5,550000,ОЭС ЮГА,10590,9137
2026-05-17 06:00,2026-05-17,6,550000,ОЭС ЮГА,10495,9108
2026-05-17 07:00,2026-05-17,7,550000,ОЭС ЮГА,11053,9739
2026-05-17 08:00,2026-05-17,8,550000,ОЭС ЮГА,11704,10273
2026-05-17 09:00,2026-05-17,9,550000,ОЭС ЮГА,12229,10966
2026-05-17 10:00,2026-05-17,10,550000,ОЭС ЮГА,12670,11457
2026-05-17 11:00,2026-05-17,11,550000,ОЭС ЮГА,12809,11936
2026-05-17 12:00,2026-05-17,12,550000,ОЭС ЮГА,12848,11994
2026-05-17 13:00,2026-05-17,13,550000,ОЭС ЮГА,12812,11956
2026-05-17 14:00,2026-05-17,14,550000,ОЭС ЮГА,13042,11833
2026-05-17 15:00,2026-05-17,15,550000,ОЭС ЮГА,13056,11739
2026-05-17 16:00,2026-05-17,16,550000,ОЭС ЮГА,13115,11744
2026-05-17 17:00,2026-05-17,17,550000,ОЭС ЮГА,13296,11812
2026-05-17 18:00,2026-05-17,18,550000,ОЭС ЮГА,13055,11758
2026-05-17 19:00,2026-05-17,19,550000,ОЭС ЮГА,13098,12016
2026-05-17 20:00,2026-05-17,20,550000,ОЭС ЮГА,13291,12545
2026-05-17 21:00,2026-05-17,21,550000,ОЭС ЮГА,13710,12789
2026-05-17 22:00,2026-05-17,22,550000,ОЭС ЮГА,12643,12318
2026-05-17 23:00,2026-05-17,23,550000,ОЭС ЮГА,12123,11355
2026-05-18 00:00,2026-05-18,0,550000,ОЭС ЮГА,11211,10232
2026-05-18 01:00,2026-05-18,1,550000,ОЭС ЮГА,10826,9687
2026-05-18 02:00,2026-05-18,2,550000,ОЭС ЮГА,10656,9356
2026-05-18 03:00,2026-05-18,3,550000,ОЭС ЮГА,10570,9078
2026-05-18 04:00,2026-05-18,4,550000,ОЭС ЮГА,10576,9163
2026-05-18 05:00,2026-05-18,5,550000,ОЭС ЮГА,10431,9118
2026-05-18 06:00,2026-05-18,6,550000,ОЭС ЮГА,10840,9567
2026-05-18 07:00,2026-05-18,7,550000,ОЭС ЮГА,11146,10693
2026-05-18 08:00,2026-05-18,8,550000,ОЭС ЮГА,11459,11569
2026-05-18 09:00,2026-05-18,9,550000,ОЭС ЮГА,12640,12262
2026-05-18 10:00,2026-05-18,10,550000,ОЭС ЮГА,13306,12386
2026-05-18 11:00,2026-05-18,11,550000,ОЭС ЮГА,13331,12448
2026-05-18 12:00,2026-05-18,12,550000,ОЭС ЮГА,13284,12428
2026-05-18 13:00,2026-05-18,13,550000,ОЭС ЮГА,13465,12427
2026-05-18 14:00,2026-05-18,14,550000,ОЭС ЮГА,13124,12485
2026-05-18 15:00,2026-05-18,15,550000,ОЭС ЮГА,13369,12396
2026-05-18 16:00,2026-05-18,16,550000,ОЭС ЮГА,13038,12412
2026-05-18 17:00,2026-05-18,17,550000,ОЭС ЮГА,13098,12158
2026-05-18 18:00,2026-05-18,18,550000,ОЭС ЮГА,13180,12109
2026-05-18 19:00,2026-05-18,19,550000,ОЭС ЮГА,13072,12285
2026-05-18 20:00,2026-05-18,20,550000,ОЭС ЮГА,13065,12652
2026-05-18 21:00,2026-05-18,21,550000,ОЭС ЮГА,13319,12794
2026-05-18 22:00,2026-05-18,22,550000,ОЭС ЮГА,12796,12214
2026-05-18 23:00,2026-05-18,23,550000,ОЭС ЮГА,12562,11285
2026-05-19 00:00,2026-05-19,0,550000,ОЭС ЮГА,11050,10317
2026-05-19 01:00,2026-05-19,1,550000,ОЭС ЮГА,10789,9622
2026-05-19 02:00,2026-05-19,2,550000,ОЭС ЮГА,10844,9433
2026-05-19 03:00,2026-05-19,3,550000,ОЭС ЮГА,10749,9218
2026-05-19 04:00,2026-05-19,4,550000,ОЭС ЮГА,10331,9147
2026-05-19 05:00,2026-05-19,5,550000,ОЭС ЮГА,9929,9283
2026-05-19 06:00,2026-05-19,6,550000,ОЭС ЮГА,10952,9718
2026-05-19 07:00,2026-05-19,7,550000,ОЭС ЮГА,11520,10800
2026-05-19 08:00,2026-05-19,8,550000,ОЭС ЮГА,12419,11552
2026-05-19 09:00,2026-05-19,9,550000,ОЭС ЮГА,13493,12351
2026-05-19 10:00,2026-05-19,10,550000,ОЭС ЮГА,13417,12549
2026-05-19 11:00,2026-05-19,11,550000,ОЭС ЮГА,13088,12711
2026-05-19 12:00,2026-05-19,12,550000,ОЭС ЮГА,13269,12689
2026-05-19 13:00,2026-05-19,13,550000,ОЭС ЮГА,13265,12655
2026-05-19 14:00,2026-05-19,14,550000,ОЭС ЮГА,13708,12853
2026-05-19 15:00,2026-05-19,15,550000,ОЭС ЮГА,13392,12704
2026-05-19 16:00,2026-05-19,16,550000,ОЭС ЮГА,13053,12593
2026-05-19 17:00,2026-05-19,17,550000,ОЭС ЮГА,13165,12590
2026-05-19 18:00,2026-05-19,18,550000,ОЭС ЮГА,12974,12447
2026-05-19 19:00,2026-05-19,19,550000,ОЭС ЮГА,12917,12412
2026-05-19 20:00,2026-05-19,20,550000,ОЭС ЮГА,13130,12751
2026-05-19 21:00,2026-05-19,21,550000,ОЭС ЮГА,13119,12898
2026-05-19 22:00,2026-05-19,22,550000,ОЭС ЮГА,12465,12362
2026-05-19 23:00,2026-05-19,23,550000,ОЭС ЮГА,11614,11431
2026-05-20 00:00,2026-05-20,0,550000,ОЭС ЮГА,11129,10614
2026-05-20 01:00,2026-05-20,1,550000,ОЭС ЮГА,11061,9825
2026-05-20 02:00,2026-05-20,2,550000,ОЭС ЮГА,10435,9379
2026-05-20 03:00,2026-05-20,3,550000,ОЭС ЮГА,10138,9332
2026-05-20 04:00,2026-05-20,4,550000,ОЭС ЮГА,9929,9190
2026-05-20 05:00,2026-05-20,5,550000,ОЭС ЮГА,9916,9207
2026-05-20 06:00,2026-05-20,6,550000,ОЭС ЮГА,10582,9640
2026-05-20 07:00,2026-05-20,7,550000,ОЭС ЮГА,11562,10790
2026-05-20 08:00,2026-05-20,8,550000,ОЭС ЮГА,12156,11327
2026-05-20 09:00,2026-05-20,9,550000,ОЭС ЮГА,13160,12151
2026-05-20 10:00,2026-05-20,10,550000,ОЭС ЮГА,13564,12272
2026-05-20 11:00,2026-05-20,11,550000,ОЭС ЮГА,13904,12423
2026-05-20 12:00,2026-05-20,12,550000,ОЭС ЮГА,13617,12367
2026-05-20 13:00,2026-05-20,13,550000,ОЭС ЮГА,13580,12497
2026-05-20 14:00,2026-05-20,14,550000,ОЭС ЮГА,13476,12616
2026-05-20 15:00,2026-05-20,15,550000,ОЭС ЮГА,13520,12343
2026-05-20 16:00,2026-05-20,16,550000,ОЭС ЮГА,13447,12249
2026-05-20 17:00,2026-05-20,17,550000,ОЭС ЮГА,13316,12143
2026-05-20 18:00,2026-05-20,18,550000,ОЭС ЮГА,12994,12085
2026-05-20 19:00,2026-05-20,19,550000,ОЭС ЮГА,12587,12081
2026-05-20 20:00,2026-05-20,20,550000,ОЭС ЮГА,12823,12530
2026-05-20 21:00,2026-05-20,21,550000,ОЭС ЮГА,13197,12740
2026-05-20 22:00,2026-05-20,22,550000,ОЭС ЮГА,12965,12067
2026-05-20 23:00,2026-05-20,23,550000,ОЭС ЮГА,11675,11191
2026-05-21 00:00,2026-05-21,0,550000,ОЭС ЮГА,11596,10235
2026-05-21 01:00,2026-05-21,1,550000,ОЭС ЮГА,11111,9539
2026-05-21 02:00,2026-05-21,2,550000,ОЭС ЮГА,10552,9441
2026-05-21 03:00,2026-05-21,3,550000,ОЭС ЮГА,10200,9162
2026-05-21 04:00,2026-05-21,4,550000,ОЭС ЮГА,10021,9107
2026-05-21 05:00,2026-05-21,5,550000,ОЭС ЮГА,10163,9033
2026-05-21 06:00,2026-05-21,6,550000,ОЭС ЮГА,10399,9401
2026-05-21 07:00,2026-05-21,7,550000,ОЭС ЮГА,11508,10352
2026-05-21 08:00,2026-05-21,8,550000,ОЭС ЮГА,12129,11154
2026-05-21 09:00,2026-05-21,9,550000,ОЭС ЮГА,12715,11847
2026-05-21 10:00,2026-05-21,10,550000,ОЭС ЮГА,13354,12285
2026-05-21 11:00,2026-05-21,11,550000,ОЭС ЮГА,13122,12331
2026-05-21 12:00,2026-05-21,12,550000,ОЭС ЮГА,13095,12279
2026-05-21 13:00,2026-05-21,13,550000,ОЭС ЮГА,12814,12242
2026-05-21 14:00,2026-05-21,14,550000,ОЭС ЮГА,13078,12463
2026-05-21 15:00,2026-05-21,15,550000,ОЭС ЮГА,13079,12399
2026-05-21 16:00,2026-05-21,16,550000,ОЭС ЮГА,13029,12423
2026-05-21 17:00,2026-05-21,17,550000,ОЭС ЮГА,12790,12227
2026-05-21 18:00,2026-05-21,18,550000,ОЭС ЮГА,12881,12240
2026-05-21 19:00,2026-05-21,19,550000,ОЭС ЮГА,12870,12156
2026-05-21 20:00,2026-05-21,20,550000,ОЭС ЮГА,13333,12442
2026-05-21 21:00,2026-05-21,21,550000,ОЭС ЮГА,13537,12587
2026-05-21 22:00,2026-05-21,22,550000,ОЭС ЮГА,12852,12078
2026-05-21 23:00,2026-05-21,23,550000,ОЭС ЮГА,12004,11119
2026-05-22 00:00,2026-05-22,0,550000,ОЭС ЮГА,11544,10202
2026-05-22 01:00,2026-05-22,1,550000,ОЭС ЮГА,11110,9700
2026-05-22 02:00,2026-05-22,2,550000,ОЭС ЮГА,10618,9334
2026-05-22 03:00,2026-05-22,3,550000,ОЭС ЮГА,10456,9108
2026-05-22 04:00,2026-05-22,4,550000,ОЭС ЮГА,10018,9055
2026-05-22 05:00,2026-05-22,5,550000,ОЭС ЮГА,10146,8922
2026-05-22 06:00,2026-05-22,6,550000,ОЭС ЮГА,10493,9446
2026-05-22 07:00,2026-05-22,7,550000,ОЭС ЮГА,11620,10474
2026-05-22 08:00,2026-05-22,8,550000,ОЭС ЮГА,12429,11389
2026-05-22 09:00,2026-05-22,9,550000,ОЭС ЮГА,13073,12214
2026-05-22 10:00,2026-05-22,10,550000,ОЭС ЮГА,13426,12721
2026-05-22 11:00,2026-05-22,11,550000,ОЭС ЮГА,13670,12910
2026-05-22 12:00,2026-05-22,12,550000,ОЭС ЮГА,13820,12862
2026-05-22 13:00,2026-05-22,13,550000,ОЭС ЮГА,13972,12848
2026-05-22 14:00,2026-05-22,14,550000,ОЭС ЮГА,14223,12937
2026-05-22 15:00,2026-05-22,15,550000,ОЭС ЮГА,14159,12859
2026-05-22 16:00,2026-05-22,16,550000,ОЭС ЮГА,14111,12527
2026-05-22 17:00,2026-05-22,17,550000,ОЭС ЮГА,14134,12514
2026-05-22 18:00,2026-05-22,18,550000,ОЭС ЮГА,13698,12259
2026-05-22 19:00,2026-05-22,19,550000,ОЭС ЮГА,13446,12208
2026-05-22 20:00,2026-05-22,20,550000,ОЭС ЮГА,13493,12283
2026-05-22 21:00,2026-05-22,21,550000,ОЭС ЮГА,13865,12421
2026-05-22 22:00,2026-05-22,22,550000,ОЭС ЮГА,13068,12025
2026-05-22 23:00,2026-05-22,23,550000,ОЭС ЮГА,11820,11195
2026-05-23 00:00,2026-05-23,0,550000,ОЭС ЮГА,11164,10105
2026-05-23 01:00,2026-05-23,1,550000,ОЭС ЮГА,10749,9416
2026-05-23 02:00,2026-05-23,2,550000,ОЭС ЮГА,9812,9211
2026-05-23 03:00,2026-05-23,3,550000,ОЭС ЮГА,9589,8836
2026-05-23 04:00,2026-05-23,4,550000,ОЭС ЮГА,9394,9035
2026-05-23 05:00,2026-05-23,5,550000,ОЭС ЮГА,9424,8721
2026-05-23 06:00,2026-05-23,6,550000,ОЭС ЮГА,9378,9155
2026-05-23 07:00,2026-05-23,7,550000,ОЭС ЮГА,10375,9527
2026-05-23 08:00,2026-05-23,8,550000,ОЭС ЮГА,11046,10511
2026-05-23 09:00,2026-05-23,9,550000,ОЭС ЮГА,11911,11548
2026-05-23 10:00,2026-05-23,10,550000,ОЭС ЮГА,12583,11978
2026-05-23 11:00,2026-05-23,11,550000,ОЭС ЮГА,12767,12293
2026-05-23 12:00,2026-05-23,12,550000,ОЭС ЮГА,12721,12407
2026-05-23 13:00,2026-05-23,13,550000,ОЭС ЮГА,13206,12473
2026-05-23 14:00,2026-05-23,14,550000,ОЭС ЮГА,13122,12387
2026-05-23 15:00,2026-05-23,15,550000,ОЭС ЮГА,13103,12422
2026-05-23 16:00,2026-05-23,16,550000,ОЭС ЮГА,12913,12325
2026-05-23 17:00,2026-05-23,17,550000,ОЭС ЮГА,12906,12282
2026-05-23 18:00,2026-05-23,18,550000,ОЭС ЮГА,12749,12211
2026-05-23 19:00,2026-05-23,19,550000,ОЭС ЮГА,12530,11915
2026-05-23 20:00,2026-05-23,20,550000,ОЭС ЮГА,12772,12160
2026-05-23 21:00,2026-05-23,21,550000,ОЭС ЮГА,13076,12503
2026-05-23 22:00,2026-05-23,22,550000,ОЭС ЮГА,11942,11854
2026-05-23 23:00,2026-05-23,23,550000,ОЭС ЮГА,11509,11169
2026-05-24 00:00,2026-05-24,0,550000,ОЭС ЮГА,11089,10102
2026-05-24 01:00,2026-05-24,1,550000,ОЭС ЮГА,10123,9591
2026-05-24 02:00,2026-05-24,2,550000,ОЭС ЮГА,9809,9081
2026-05-24 03:00,2026-05-24,3,550000,ОЭС ЮГА,9603,9091
2026-05-24 04:00,2026-05-24,4,550000,ОЭС ЮГА,9490,8888
2026-05-24 05:00,2026-05-24,5,550000,ОЭС ЮГА,9482,8616
2026-05-24 06:00,2026-05-24,6,550000,ОЭС ЮГА,9717,8903
2026-05-24 07:00,2026-05-24,7,550000,ОЭС ЮГА,10054,9388
2026-05-24 08:00,2026-05-24,8,550000,ОЭС ЮГА,10547,10170
2026-05-24 09:00,2026-05-24,9,550000,ОЭС ЮГА,12018,11056
2026-05-24 10:00,2026-05-24,10,550000,ОЭС ЮГА,12400,11729
2026-05-24 11:00,2026-05-24,11,550000,ОЭС ЮГА,12909,11993
2026-05-24 12:00,2026-05-24,12,550000,ОЭС ЮГА,12933,12032
2026-05-24 13:00,2026-05-24,13,550000,ОЭС ЮГА,12764,12207
2026-05-24 14:00,2026-05-24,14,550000,ОЭС ЮГА,12587,12272
2026-05-24 15:00,2026-05-24,15,550000,ОЭС ЮГА,12448,12140
2026-05-24 16:00,2026-05-24,16,550000,ОЭС ЮГА,12808,12133
2026-05-24 17:00,2026-05-24,17,550000,ОЭС ЮГА,12938,12074
2026-05-24 18:00,2026-05-24,18,550000,ОЭС ЮГА,12725,12008
2026-05-24 19:00,2026-05-24,19,550000,ОЭС ЮГА,12466,12043
2026-05-24 20:00,2026-05-24,20,550000,ОЭС ЮГА,12849,12225
2026-05-24 21:00,2026-05-24,21,550000,ОЭС ЮГА,13065,12533
2026-05-24 22:00,2026-05-24,22,550000,ОЭС ЮГА,12497,11967
2026-05-24 23:00,2026-05-24,23,550000,ОЭС ЮГА,11951,11172
2026-05-25 00:00,2026-05-25,0,550000,ОЭС ЮГА,10419,10192
2026-05-25 01:00,2026-05-25,1,550000,ОЭС ЮГА,9920,9463
2026-05-25 02:00,2026-05-25,2,550000,ОЭС ЮГА,9781,9156
2026-05-25 03:00,2026-05-25,3,550000,ОЭС ЮГА,9390,8902
2026-05-25 04:00,2026-05-25,4,550000,ОЭС ЮГА,9356,8840
2026-05-25 05:00,2026-05-25,5,550000,ОЭС ЮГА,9325,8917
2026-05-25 06:00,2026-05-25,6,550000,ОЭС ЮГА,9504,9401
2026-05-25 07:00,2026-05-25,7,550000,ОЭС ЮГА,10282,10354
2026-05-25 08:00,2026-05-25,8,550000,ОЭС ЮГА,11613,11235
2026-05-25 09:00,2026-05-25,9,550000,ОЭС ЮГА,12401,12175
2026-05-25 10:00,2026-05-25,10,550000,ОЭС ЮГА,13190,12479
2026-05-25 11:00,2026-05-25,11,550000,ОЭС ЮГА,12890,12773
2026-05-25 12:00,2026-05-25,12,550000,ОЭС ЮГА,12974,12626
2026-05-25 13:00,2026-05-25,13,550000,ОЭС ЮГА,13321,12680
2026-05-25 14:00,2026-05-25,14,550000,ОЭС ЮГА,13337,12799
2026-05-25 15:00,2026-05-25,15,550000,ОЭС ЮГА,13402,12582
2026-05-25 16:00,2026-05-25,16,550000,ОЭС ЮГА,13214,12580
2026-05-25 17:00,2026-05-25,17,550000,ОЭС ЮГА,12938,12333
2026-05-25 18:00,2026-05-25,18,550000,ОЭС ЮГА,12865,12283
2026-05-25 19:00,2026-05-25,19,550000,ОЭС ЮГА,12874,12077
2026-05-25 20:00,2026-05-25,20,550000,ОЭС ЮГА,13074,12449
2026-05-25 21:00,2026-05-25,21,550000,ОЭС ЮГА,13031,12493
2026-05-25 22:00,2026-05-25,22,550000,ОЭС ЮГА,12646,12118
2026-05-25 23:00,2026-05-25,23,550000,ОЭС ЮГА,11822,11198
2026-05-26 00:00,2026-05-26,0,550000,ОЭС ЮГА,11139,10350
2026-05-26 01:00,2026-05-26,1,550000,ОЭС ЮГА,10212,9706
2026-05-26 02:00,2026-05-26,2,550000,ОЭС ЮГА,9907,9431
2026-05-26 03:00,2026-05-26,3,550000,ОЭС ЮГА,9609,9102
2026-05-26 04:00,2026-05-26,4,550000,ОЭС ЮГА,9566,9093
2026-05-26 05:00,2026-05-26,5,550000,ОЭС ЮГА,9509,8980
2026-05-26 06:00,2026-05-26,6,550000,ОЭС ЮГА,9938,9517
2026-05-26 07:00,2026-05-26,7,550000,ОЭС ЮГА,11013,10382
2026-05-26 08:00,2026-05-26,8,550000,ОЭС ЮГА,11963,11261
2026-05-26 09:00,2026-05-26,9,550000,ОЭС ЮГА,12933,11997
2026-05-26 10:00,2026-05-26,10,550000,ОЭС ЮГА,13035,12391
2026-05-26 11:00,2026-05-26,11,550000,ОЭС ЮГА,13111,12412
2026-05-26 12:00,2026-05-26,12,550000,ОЭС ЮГА,13250,12331
2026-05-26 13:00,2026-05-26,13,550000,ОЭС ЮГА,13138,12412
2026-05-26 14:00,2026-05-26,14,550000,ОЭС ЮГА,13321,12358
2026-05-26 15:00,2026-05-26,15,550000,ОЭС ЮГА,13183,12321
2026-05-26 16:00,2026-05-26,16,550000,ОЭС ЮГА,13120,12327
2026-05-26 17:00,2026-05-26,17,550000,ОЭС ЮГА,13075,12065
2026-05-26 18:00,2026-05-26,18,550000,ОЭС ЮГА,12932,12100
2026-05-26 19:00,2026-05-26,19,550000,ОЭС ЮГА,12714,12087
2026-05-26 20:00,2026-05-26,20,550000,ОЭС ЮГА,13100,12297
2026-05-26 21:00,2026-05-26,21,550000,ОЭС ЮГА,13557,12343
2026-05-26 22:00,2026-05-26,22,550000,ОЭС ЮГА,12839,11907
2026-05-26 23:00,2026-05-26,23,550000,ОЭС ЮГА,11530,10956
2026-05-27 00:00,2026-05-27,0,550000,ОЭС ЮГА,10877,10167
2026-05-27 01:00,2026-05-27,1,550000,ОЭС ЮГА,10285,9526
2026-05-27 02:00,2026-05-27,2,550000,ОЭС ЮГА,9802,9276
2026-05-27 03:00,2026-05-27,3,550000,ОЭС ЮГА,9672,8940
2026-05-27 04:00,2026-05-27,4,550000,ОЭС ЮГА,9574,8940
2026-05-27 05:00,2026-05-27,5,550000,ОЭС ЮГА,9434,8842
2026-05-27 06:00,2026-05-27,6,550000,ОЭС ЮГА,9789,9327
2026-05-27 07:00,2026-05-27,7,550000,ОЭС ЮГА,10836,10177
2026-05-27 08:00,2026-05-27,8,550000,ОЭС ЮГА,11794,10842
2026-05-27 09:00,2026-05-27,9,550000,ОЭС ЮГА,12582,11765
2026-05-27 10:00,2026-05-27,10,550000,ОЭС ЮГА,12643,12129
2026-05-27 11:00,2026-05-27,11,550000,ОЭС ЮГА,12746,12267
2026-05-27 12:00,2026-05-27,12,550000,ОЭС ЮГА,12718,12222
2026-05-27 13:00,2026-05-27,13,550000,ОЭС ЮГА,12798,12257
2026-05-27 14:00,2026-05-27,14,550000,ОЭС ЮГА,12571,12193
2026-05-27 15:00,2026-05-27,15,550000,ОЭС ЮГА,12497,12097
2026-05-27 16:00,2026-05-27,16,550000,ОЭС ЮГА,12406,12010
2026-05-27 17:00,2026-05-27,17,550000,ОЭС ЮГА,12077,12031
2026-05-27 18:00,2026-05-27,18,550000,ОЭС ЮГА,11930,11795
2026-05-27 19:00,2026-05-27,19,550000,ОЭС ЮГА,11950,11875
2026-05-27 20:00,2026-05-27,20,550000,ОЭС ЮГА,12320,12194
2026-05-27 21:00,2026-05-27,21,550000,ОЭС ЮГА,12731,12308
2026-05-27 22:00,2026-05-27,22,550000,ОЭС ЮГА,12541,11905
2026-05-27 23:00,2026-05-27,23,550000,ОЭС ЮГА,11786,10895
2026-05-28 00:00,2026-05-28,0,550000,ОЭС ЮГА,10890,10180
2026-05-28 01:00,2026-05-28,1,550000,ОЭС ЮГА,10117,9532
2026-05-28 02:00,2026-05-28,2,550000,ОЭС ЮГА,9626,9199
2026-05-28 03:00,2026-05-28,3,550000,ОЭС ЮГА,9564,8977
2026-05-28 04:00,2026-05-28,4,550000,ОЭС ЮГА,9653,8909
2026-05-28 05:00,2026-05-28,5,550000,ОЭС ЮГА,9634,8852
2026-05-28 06:00,2026-05-28,6,550000,ОЭС ЮГА,9772,9338
2026-05-28 07:00,2026-05-28,7,550000,ОЭС ЮГА,10779,9990
2026-05-28 08:00,2026-05-28,8,550000,ОЭС ЮГА,11623,10816
2026-05-28 09:00,2026-05-28,9,550000,ОЭС ЮГА,12496,11722
2026-05-28 10:00,2026-05-28,10,550000,ОЭС ЮГА,12733,12012
2026-05-28 11:00,2026-05-28,11,550000,ОЭС ЮГА,12780,12022
2026-05-28 12:00,2026-05-28,12,550000,ОЭС ЮГА,12575,12081
2026-05-28 13:00,2026-05-28,13,550000,ОЭС ЮГА,12388,12032
2026-05-28 14:00,2026-05-28,14,550000,ОЭС ЮГА,12394,12150
2026-05-28 15:00,2026-05-28,15,550000,ОЭС ЮГА,12624,12141
2026-05-28 16:00,2026-05-28,16,550000,ОЭС ЮГА,12426,12057
2026-05-28 17:00,2026-05-28,17,550000,ОЭС ЮГА,12400,11761
2026-05-28 18:00,2026-05-28,18,550000,ОЭС ЮГА,12338,11708
2026-05-28 19:00,2026-05-28,19,550000,ОЭС ЮГА,12124,11760
2026-05-28 20:00,2026-05-28,20,550000,ОЭС ЮГА,12442,11881
2026-05-28 21:00,2026-05-28,21,550000,ОЭС ЮГА,12444,12240
2026-05-28 22:00,2026-05-28,22,550000,ОЭС ЮГА,12066,11681
2026-05-28 23:00,2026-05-28,23,550000,ОЭС ЮГА,11633,10926
2026-05-29 00:00,2026-05-29,0,550000,ОЭС ЮГА,10719,9888
2026-05-29 01:00,2026-05-29,1,550000,ОЭС ЮГА,10028,9388
2026-05-29 02:00,2026-05-29,2,550000,ОЭС ЮГА,9598,9009
2026-05-29 03:00,2026-05-29,3,550000,ОЭС ЮГА,9411,8820
2026-05-29 04:00,2026-05-29,4,550000,ОЭС ЮГА,9351,8783
2026-05-29 05:00,2026-05-29,5,550000,ОЭС ЮГА,9319,8595
2026-05-29 06:00,2026-05-29,6,550000,ОЭС ЮГА,9637,9043
2026-05-29 07:00,2026-05-29,7,550000,ОЭС ЮГА,9928,9885
2026-05-29 08:00,2026-05-29,8,550000,ОЭС ЮГА,11359,10662
2026-05-29 09:00,2026-05-29,9,550000,ОЭС ЮГА,12290,11737
2026-05-29 10:00,2026-05-29,10,550000,ОЭС ЮГА,12554,11879
2026-05-29 11:00,2026-05-29,11,550000,ОЭС ЮГА,12425,12055
2026-05-29 12:00,2026-05-29,12,550000,ОЭС ЮГА,12236,12175
2026-05-29 13:00,2026-05-29,13,550000,ОЭС ЮГА,12259,12244
2026-05-29 14:00,2026-05-29,14,550000,ОЭС ЮГА,12336,12065
2026-05-29 15:00,2026-05-29,15,550000,ОЭС ЮГА,12448,11899
2026-05-29 16:00,2026-05-29,16,550000,ОЭС ЮГА,12472,11833
2026-05-29 17:00,2026-05-29,17,550000,ОЭС ЮГА,11832,11951
2026-05-29 18:00,2026-05-29,18,550000,ОЭС ЮГА,11936,11849
2026-05-29 19:00,2026-05-29,19,550000,ОЭС ЮГА,12181,11777
2026-05-29 20:00,2026-05-29,20,550000,ОЭС ЮГА,12235,12100
2026-05-29 21:00,2026-05-29,21,550000,ОЭС ЮГА,12533,12300
2026-05-29 22:00,2026-05-29,22,550000,ОЭС ЮГА,12343,11887
2026-05-29 23:00,2026-05-29,23,550000,ОЭС ЮГА,11868,11084
2026-05-30 00:00,2026-05-30,0,550000,ОЭС ЮГА,10821,10255
2026-05-30 01:00,2026-05-30,1,550000,ОЭС ЮГА,10337,9617
2026-05-30 02:00,2026-05-30,2,550000,ОЭС ЮГА,9916,9351
2026-05-30 03:00,2026-05-30,3,550000,ОЭС ЮГА,9694,9126
2026-05-30 04:00,2026-05-30,4,550000,ОЭС ЮГА,9617,8974
2026-05-30 05:00,2026-05-30,5,550000,ОЭС ЮГА,9551,8879
2026-05-30 06:00,2026-05-30,6,550000,ОЭС ЮГА,9812,9043
2026-05-30 07:00,2026-05-30,7,550000,ОЭС ЮГА,10239,9730
2026-05-30 08:00,2026-05-30,8,550000,ОЭС ЮГА,11268,10442
2026-05-30 09:00,2026-05-30,9,550000,ОЭС ЮГА,12272,11402
2026-05-30 10:00,2026-05-30,10,550000,ОЭС ЮГА,12721,11894
2026-05-30 11:00,2026-05-30,11,550000,ОЭС ЮГА,12549,12179
2026-05-30 12:00,2026-05-30,12,550000,ОЭС ЮГА,12831,12143
2026-05-30 13:00,2026-05-30,13,550000,ОЭС ЮГА,12768,12124
2026-05-30 14:00,2026-05-30,14,550000,ОЭС ЮГА,13038,12195
2026-05-30 15:00,2026-05-30,15,550000,ОЭС ЮГА,12886,12060
2026-05-30 16:00,2026-05-30,16,550000,ОЭС ЮГА,12411,12012
2026-05-30 17:00,2026-05-30,17,550000,ОЭС ЮГА,12436,12019
2026-05-30 18:00,2026-05-30,18,550000,ОЭС ЮГА,12230,11885
2026-05-30 19:00,2026-05-30,19,550000,ОЭС ЮГА,12491,12060
2026-05-30 20:00,2026-05-30,20,550000,ОЭС ЮГА,12568,12290
2026-05-30 21:00,2026-05-30,21,550000,ОЭС ЮГА,12940,12494
2026-05-30 22:00,2026-05-30,22,550000,ОЭС ЮГА,12567,12023
2026-05-30 23:00,2026-05-30,23,550000,ОЭС ЮГА,12010,11362
2026-05-31 00:00,2026-05-31,0,550000,ОЭС ЮГА,10845,10477
2026-05-31 01:00,2026-05-31,1,550000,ОЭС ЮГА,10661,9878
2026-05-31 02:00,2026-05-31,2,550000,ОЭС ЮГА,10120,9497
2026-05-31 03:00,2026-05-31,3,550000,ОЭС ЮГА,9831,9369
2026-05-31 04:00,2026-05-31,4,550000,ОЭС ЮГА,9867,9085
2026-05-31 05:00,2026-05-31,5,550000,ОЭС ЮГА,9871,8994
2026-05-31 06:00,2026-05-31,6,550000,ОЭС ЮГА,9883,9142
2026-05-31 07:00,2026-05-31,7,550000,ОЭС ЮГА,10382,9599
2026-05-31 08:00,2026-05-31,8,550000,ОЭС ЮГА,11078,10185
2026-05-31 09:00,2026-05-31,9,550000,ОЭС ЮГА,11363,11143
2026-05-31 10:00,2026-05-31,10,550000,ОЭС ЮГА,12048,11826
2026-05-31 11:00,2026-05-31,11,550000,ОЭС ЮГА,12306,12056
2026-05-31 12:00,2026-05-31,12,550000,ОЭС ЮГА,12497,12020
2026-05-31 13:00,2026-05-31,13,550000,ОЭС ЮГА,12773,11939
2026-05-31 14:00,2026-05-31,14,550000,ОЭС ЮГА,13189,11785
2026-05-31 15:00,2026-05-31,15,550000,ОЭС ЮГА,12769,11887
2026-05-31 16:00,2026-05-31,16,550000,ОЭС ЮГА,12765,11726
2026-05-31 17:00,2026-05-31,17,550000,ОЭС ЮГА,12898,11863
2026-05-31 18:00,2026-05-31,18,550000,ОЭС ЮГА,12861,11760
2026-05-31 19:00,2026-05-31,19,550000,ОЭС ЮГА,13088,11873
2026-05-31 20:00,2026-05-31,20,550000,ОЭС ЮГА,13062,12662
2026-05-31 21:00,2026-05-31,21,550000,ОЭС ЮГА,13327,12709
2026-05-31 22:00,2026-05-31,22,550000,ОЭС ЮГА,13075,12188
2026-05-31 23:00,2026-05-31,23,550000,ОЭС ЮГА,12379,11384
2026-06-01 00:00,2026-06-01,0,550000,ОЭС ЮГА,11681,10592
2026-06-01 01:00,2026-06-01,1,550000,ОЭС ЮГА,10815,9962
2026-06-01 02:00,2026-06-01,2,550000,ОЭС ЮГА,10411,9473
2026-06-01 03:00,2026-06-01,3,550000,ОЭС ЮГА,10464,9368
2026-06-01 04:00,2026-06-01,4,550000,ОЭС ЮГА,10408,9184
2026-06-01 05:00,2026-06-01,5,550000,ОЭС ЮГА,10786,9176
2026-06-01 06:00,2026-06-01,6,550000,ОЭС ЮГА,11248,9571
2026-06-01 07:00,2026-06-01,7,550000,ОЭС ЮГА,12110,10250
2026-06-01 08:00,2026-06-01,8,550000,ОЭС ЮГА,12572,11126
2026-06-01 09:00,2026-06-01,9,550000,ОЭС ЮГА,13331,12145
2026-06-01 10:00,2026-06-01,10,550000,ОЭС ЮГА,13589,12520
2026-06-01 11:00,2026-06-01,11,550000,ОЭС ЮГА,13561,12750
2026-06-01 12:00,2026-06-01,12,550000,ОЭС ЮГА,13579,12731
2026-06-01 13:00,2026-06-01,13,550000,ОЭС ЮГА,13480,12493
2026-06-01 14:00,2026-06-01,14,550000,ОЭС ЮГА,13395,12340
2026-06-01 15:00,2026-06-01,15,550000,ОЭС ЮГА,13399,12404
2026-06-01 16:00,2026-06-01,16,550000,ОЭС ЮГА,13195,12252
2026-06-01 17:00,2026-06-01,17,550000,ОЭС ЮГА,13052,12140
2026-06-01 18:00,2026-06-01,18,550000,ОЭС ЮГА,13190,11992
2026-06-01 19:00,2026-06-01,19,550000,ОЭС ЮГА,13068,12153
2026-06-01 20:00,2026-06-01,20,550000,ОЭС ЮГА,12933,12598
2026-06-01 21:00,2026-06-01,21,550000,ОЭС ЮГА,13202,12744
2026-06-01 22:00,2026-06-01,22,550000,ОЭС ЮГА,13014,12412
2026-06-01 23:00,2026-06-01,23,550000,ОЭС ЮГА,12628,11375
2026-06-02 00:00,2026-06-02,0,550000,ОЭС ЮГА,11622,10508
2026-06-02 01:00,2026-06-02,1,550000,ОЭС ЮГА,11133,9944
2026-06-02 02:00,2026-06-02,2,550000,ОЭС ЮГА,10764,9363
2026-06-02 03:00,2026-06-02,3,550000,ОЭС ЮГА,10640,9244
2026-06-02 04:00,2026-06-02,4,550000,ОЭС ЮГА,10787,9114
2026-06-02 05:00,2026-06-02,5,550000,ОЭС ЮГА,10780,9175
2026-06-02 06:00,2026-06-02,6,550000,ОЭС ЮГА,10959,9573
2026-06-02 07:00,2026-06-02,7,550000,ОЭС ЮГА,11784,10415
2026-06-02 08:00,2026-06-02,8,550000,ОЭС ЮГА,12414,11133
2026-06-02 09:00,2026-06-02,9,550000,ОЭС ЮГА,13209,12121
2026-06-02 10:00,2026-06-02,10,550000,ОЭС ЮГА,13419,12385
2026-06-02 11:00,2026-06-02,11,550000,ОЭС ЮГА,13617,12432
2026-06-02 12:00,2026-06-02,12,550000,ОЭС ЮГА,13447,12440
2026-06-02 13:00,2026-06-02,13,550000,ОЭС ЮГА,13350,12247
2026-06-02 14:00,2026-06-02,14,550000,ОЭС ЮГА,13658,12177
2026-06-02 15:00,2026-06-02,15,550000,ОЭС ЮГА,13331,12161
2026-06-02 16:00,2026-06-02,16,550000,ОЭС ЮГА,13224,11997
2026-06-02 17:00,2026-06-02,17,550000,ОЭС ЮГА,13005,11948
2026-06-02 18:00,2026-06-02,18,550000,ОЭС ЮГА,12841,11733
2026-06-02 19:00,2026-06-02,19,550000,ОЭС ЮГА,12623,11848
2026-06-02 20:00,2026-06-02,20,550000,ОЭС ЮГА,12619,12294
2026-06-02 21:00,2026-06-02,21,550000,ОЭС ЮГА,12948,12645
2026-06-02 22:00,2026-06-02,22,550000,ОЭС ЮГА,12767,12206
2026-06-02 23:00,2026-06-02,23,550000,ОЭС ЮГА,12568,11216
2026-06-03 00:00,2026-06-03,0,550000,ОЭС ЮГА,11607,10184
2026-06-03 01:00,2026-06-03,1,550000,ОЭС ЮГА,11387,9721
2026-06-03 02:00,2026-06-03,2,550000,ОЭС ЮГА,10910,9326
2026-06-03 03:00,2026-06-03,3,550000,ОЭС ЮГА,10785,9182
2026-06-03 04:00,2026-06-03,4,550000,ОЭС ЮГА,10687,8974
2026-06-03 05:00,2026-06-03,5,550000,ОЭС ЮГА,10696,8910
2026-06-03 06:00,2026-06-03,6,550000,ОЭС ЮГА,10957,9310
2026-06-03 07:00,2026-06-03,7,550000,ОЭС ЮГА,11632,10050
2026-06-03 08:00,2026-06-03,8,550000,ОЭС ЮГА,12150,11006
2026-06-03 09:00,2026-06-03,9,550000,ОЭС ЮГА,12934,11733
2026-06-03 10:00,2026-06-03,10,550000,ОЭС ЮГА,13275,12069
2026-06-03 11:00,2026-06-03,11,550000,ОЭС ЮГА,12987,12311
2026-06-03 12:00,2026-06-03,12,550000,ОЭС ЮГА,13006,12156
2026-06-03 13:00,2026-06-03,13,550000,ОЭС ЮГА,13116,12246
2026-06-03 14:00,2026-06-03,14,550000,ОЭС ЮГА,13066,12081
2026-06-03 15:00,2026-06-03,15,550000,ОЭС ЮГА,12890,12133
2026-06-03 16:00,2026-06-03,16,550000,ОЭС ЮГА,12847,12051
2026-06-03 17:00,2026-06-03,17,550000,ОЭС ЮГА,12848,11934
2026-06-03 18:00,2026-06-03,18,550000,ОЭС ЮГА,12790,11848
2026-06-03 19:00,2026-06-03,19,550000,ОЭС ЮГА,12710,11723
2026-06-03 20:00,2026-06-03,20,550000,ОЭС ЮГА,12815,12005
2026-06-03 21:00,2026-06-03,21,550000,ОЭС ЮГА,13272,12363
2026-06-03 22:00,2026-06-03,22,550000,ОЭС ЮГА,12899,11859
2026-06-03 23:00,2026-06-03,23,550000,ОЭС ЮГА,12340,10960
2026-06-04 00:00,2026-06-04,0,550000,ОЭС ЮГА,11546,10111
2026-06-04 01:00,2026-06-04,1,550000,ОЭС ЮГА,11067,9546
2026-06-04 02:00,2026-06-04,2,550000,ОЭС ЮГА,10612,9162
2026-06-04 03:00,2026-06-04,3,550000,ОЭС ЮГА,10578,8986
2026-06-04 04:00,2026-06-04,4,550000,ОЭС ЮГА,10549,8875
2026-06-04 05:00,2026-06-04,5,550000,ОЭС ЮГА,10558,8897
2026-06-04 06:00,2026-06-04,6,550000,ОЭС ЮГА,10934,9183
2026-06-04 07:00,2026-06-04,7,550000,ОЭС ЮГА,11633,10064
2026-06-04 08:00,2026-06-04,8,550000,ОЭС ЮГА,12447,10878
2026-06-04 09:00,2026-06-04,9,550000,ОЭС ЮГА,13167,11640
2026-06-04 10:00,2026-06-04,10,550000,ОЭС ЮГА,13449,12085
2026-06-04 11:00,2026-06-04,11,550000,ОЭС ЮГА,13434,12208
2026-06-04 12:00,2026-06-04,12,550000,ОЭС ЮГА,13251,12214
2026-06-04 13:00,2026-06-04,13,550000,ОЭС ЮГА,13279,12271
2026-06-04 14:00,2026-06-04,14,550000,ОЭС ЮГА,13260,12421
2026-06-04 15:00,2026-06-04,15,550000,ОЭС ЮГА,13068,12295
2026-06-04 16:00,2026-06-04,16,550000,ОЭС ЮГА,12887,12182
2026-06-04 17:00,2026-06-04,17,550000,ОЭС ЮГА,12743,12268
2026-06-04 18:00,2026-06-04,18,550000,ОЭС ЮГА,12686,12163
2026-06-04 19:00,2026-06-04,19,550000,ОЭС ЮГА,12733,12083
2026-06-04 20:00,2026-06-04,20,550000,ОЭС ЮГА,12757,12280
2026-06-04 21:00,2026-06-04,21,550000,ОЭС ЮГА,13075,12720
2026-06-04 22:00,2026-06-04,22,550000,ОЭС ЮГА,12806,12153
2026-06-04 23:00,2026-06-04,23,550000,ОЭС ЮГА,12182,11196
2026-06-05 00:00,2026-06-05,0,550000,ОЭС ЮГА,11691,10161
2026-06-05 01:00,2026-06-05,1,550000,ОЭС ЮГА,10731,9709
2026-06-05 02:00,2026-06-05,2,550000,ОЭС ЮГА,10293,9124
2026-06-05 03:00,2026-06-05,3,550000,ОЭС ЮГА,10246,9113
2026-06-05 04:00,2026-06-05,4,550000,ОЭС ЮГА,10275,9024
2026-06-05 05:00,2026-06-05,5,550000,ОЭС ЮГА,10371,8957
2026-06-05 06:00,2026-06-05,6,550000,ОЭС ЮГА,10640,9422
2026-06-05 07:00,2026-06-05,7,550000,ОЭС ЮГА,11685,10288
2026-06-05 08:00,2026-06-05,8,550000,ОЭС ЮГА,12450,11242
2026-06-05 09:00,2026-06-05,9,550000,ОЭС ЮГА,12915,12087
2026-06-05 10:00,2026-06-05,10,550000,ОЭС ЮГА,13431,12594
2026-06-05 11:00,2026-06-05,11,550000,ОЭС ЮГА,13569,12730
2026-06-05 12:00,2026-06-05,12,550000,ОЭС ЮГА,13639,12807
2026-06-05 13:00,2026-06-05,13,550000,ОЭС ЮГА,13562,12722
2026-06-05 14:00,2026-06-05,14,550000,ОЭС ЮГА,13313,12859
2026-06-05 15:00,2026-06-05,15,550000,ОЭС ЮГА,13305,12851
2026-06-05 16:00,2026-06-05,16,550000,ОЭС ЮГА,13218,12725
2026-06-05 17:00,2026-06-05,17,550000,ОЭС ЮГА,13092,12401
2026-06-05 18:00,2026-06-05,18,550000,ОЭС ЮГА,12770,12450
2026-06-05 19:00,2026-06-05,19,550000,ОЭС ЮГА,12666,12220
2026-06-05 20:00,2026-06-05,20,550000,ОЭС ЮГА,12872,12413
2026-06-05 21:00,2026-06-05,21,550000,ОЭС ЮГА,13143,12550
2026-06-05 22:00,2026-06-05,22,550000,ОЭС ЮГА,12765,12272
2026-06-05 23:00,2026-06-05,23,550000,ОЭС ЮГА,11799,11313
2026-06-06 00:00,2026-06-06,0,550000,ОЭС ЮГА,11381,10382
2026-06-06 01:00,2026-06-06,1,550000,ОЭС ЮГА,10813,9643
2026-06-06 02:00,2026-06-06,2,550000,ОЭС ЮГА,10425,9359
2026-06-06 03:00,2026-06-06,3,550000,ОЭС ЮГА,10372,9017
2026-06-06 04:00,2026-06-06,4,550000,ОЭС ЮГА,10254,9098
2026-06-06 05:00,2026-06-06,5,550000,ОЭС ЮГА,10337,8761
2026-06-06 06:00,2026-06-06,6,550000,ОЭС ЮГА,10521,9140
2026-06-06 07:00,2026-06-06,7,550000,ОЭС ЮГА,11113,9701
2026-06-06 08:00,2026-06-06,8,550000,ОЭС ЮГА,11843,10644
2026-06-06 09:00,2026-06-06,9,550000,ОЭС ЮГА,12443,11475
2026-06-06 10:00,2026-06-06,10,550000,ОЭС ЮГА,13084,12416
2026-06-06 11:00,2026-06-06,11,550000,ОЭС ЮГА,13201,12525
2026-06-06 12:00,2026-06-06,12,550000,ОЭС ЮГА,13424,12665
2026-06-06 13:00,2026-06-06,13,550000,ОЭС ЮГА,13525,12522
2026-06-06 14:00,2026-06-06,14,550000,ОЭС ЮГА,13523,12597
2026-06-06 15:00,2026-06-06,15,550000,ОЭС ЮГА,13478,12670
2026-06-06 16:00,2026-06-06,16,550000,ОЭС ЮГА,13118,12511
2026-06-06 17:00,2026-06-06,17,550000,ОЭС ЮГА,13117,12505
2026-06-06 18:00,2026-06-06,18,550000,ОЭС ЮГА,13058,12335
2026-06-06 19:00,2026-06-06,19,550000,ОЭС ЮГА,12404,12098
2026-06-06 20:00,2026-06-06,20,550000,ОЭС ЮГА,12653,12379
2026-06-06 21:00,2026-06-06,21,550000,ОЭС ЮГА,13128,12444
2026-06-06 22:00,2026-06-06,22,550000,ОЭС ЮГА,12636,11933
2026-06-06 23:00,2026-06-06,23,550000,ОЭС ЮГА,11989,11182
2026-06-07 00:00,2026-06-07,0,550000,ОЭС ЮГА,11479,10252
2026-06-07 01:00,2026-06-07,1,550000,ОЭС ЮГА,10441,9720
2026-06-07 02:00,2026-06-07,2,550000,ОЭС ЮГА,10194,9262
2026-06-07 03:00,2026-06-07,3,550000,ОЭС ЮГА,10196,9028
2026-06-07 04:00,2026-06-07,4,550000,ОЭС ЮГА,10240,8714
2026-06-07 05:00,2026-06-07,5,550000,ОЭС ЮГА,10361,8625
2026-06-07 06:00,2026-06-07,6,550000,ОЭС ЮГА,10458,9002
2026-06-07 07:00,2026-06-07,7,550000,ОЭС ЮГА,11079,9347
2026-06-07 08:00,2026-06-07,8,550000,ОЭС ЮГА,11671,10194
2026-06-07 09:00,2026-06-07,9,550000,ОЭС ЮГА,12438,11183
2026-06-07 10:00,2026-06-07,10,550000,ОЭС ЮГА,12925,11989
2026-06-07 11:00,2026-06-07,11,550000,ОЭС ЮГА,12904,12062
2026-06-07 12:00,2026-06-07,12,550000,ОЭС ЮГА,12963,12289
2026-06-07 13:00,2026-06-07,13,550000,ОЭС ЮГА,13055,12516
2026-06-07 14:00,2026-06-07,14,550000,ОЭС ЮГА,13052,12510
2026-06-07 15:00,2026-06-07,15,550000,ОЭС ЮГА,12950,12420
2026-06-07 16:00,2026-06-07,16,550000,ОЭС ЮГА,12782,12486
2026-06-07 17:00,2026-06-07,17,550000,ОЭС ЮГА,12777,12371
2026-06-07 18:00,2026-06-07,18,550000,ОЭС ЮГА,12569,12279
2026-06-07 19:00,2026-06-07,19,550000,ОЭС ЮГА,12505,12221
2026-06-07 20:00,2026-06-07,20,550000,ОЭС ЮГА,12416,12389
2026-06-07 21:00,2026-06-07,21,550000,ОЭС ЮГА,12871,12658
2026-06-07 22:00,2026-06-07,22,550000,ОЭС ЮГА,12357,12310
2026-06-07 23:00,2026-06-07,23,550000,ОЭС ЮГА,11529,11130
2026-06-08 00:00,2026-06-08,0,550000,ОЭС ЮГА,11292,10103
2026-06-08 01:00,2026-06-08,1,550000,ОЭС ЮГА,10893,9524
2026-06-08 02:00,2026-06-08,2,550000,ОЭС ЮГА,10372,9056
2026-06-08 03:00,2026-06-08,3,550000,ОЭС ЮГА,10234,8878
2026-06-08 04:00,2026-06-08,4,550000,ОЭС ЮГА,10282,8634
2026-06-08 05:00,2026-06-08,5,550000,ОЭС ЮГА,10203,8647
2026-06-08 06:00,2026-06-08,6,550000,ОЭС ЮГА,10835,9192
2026-06-08 07:00,2026-06-08,7,550000,ОЭС ЮГА,11579,10072
2026-06-08 08:00,2026-06-08,8,550000,ОЭС ЮГА,12160,11133
2026-06-08 09:00,2026-06-08,9,550000,ОЭС ЮГА,12711,12258
2026-06-08 10:00,2026-06-08,10,550000,ОЭС ЮГА,13347,12619
2026-06-08 11:00,2026-06-08,11,550000,ОЭС ЮГА,13565,13012
2026-06-08 12:00,2026-06-08,12,550000,ОЭС ЮГА,13721,13046
2026-06-08 13:00,2026-06-08,13,550000,ОЭС ЮГА,13926,13010
2026-06-08 14:00,2026-06-08,14,550000,ОЭС ЮГА,13678,13043
2026-06-08 15:00,2026-06-08,15,550000,ОЭС ЮГА,13650,12991
2026-06-08 16:00,2026-06-08,16,550000,ОЭС ЮГА,13306,12952
2026-06-08 17:00,2026-06-08,17,550000,ОЭС ЮГА,13130,12710
2026-06-08 18:00,2026-06-08,18,550000,ОЭС ЮГА,12939,12631
2026-06-08 19:00,2026-06-08,19,550000,ОЭС ЮГА,12646,12349
2026-06-08 20:00,2026-06-08,20,550000,ОЭС ЮГА,12682,12582
2026-06-08 21:00,2026-06-08,21,550000,ОЭС ЮГА,12805,12959
2026-06-08 22:00,2026-06-08,22,550000,ОЭС ЮГА,12334,12432
2026-06-08 23:00,2026-06-08,23,550000,ОЭС ЮГА,11707,11322
2026-06-09 00:00,2026-06-09,0,550000,ОЭС ЮГА,11462,10362
2026-06-09 01:00,2026-06-09,1,550000,ОЭС ЮГА,10827,9725
2026-06-09 02:00,2026-06-09,2,550000,ОЭС ЮГА,10596,9391
2026-06-09 03:00,2026-06-09,3,550000,ОЭС ЮГА,10598,9245
2026-06-09 04:00,2026-06-09,4,550000,ОЭС ЮГА,10355,8948
2026-06-09 05:00,2026-06-09,5,550000,ОЭС ЮГА,10562,8898
2026-06-09 06:00,2026-06-09,6,550000,ОЭС ЮГА,10880,9425
2026-06-09 07:00,2026-06-09,7,550000,ОЭС ЮГА,11948,10260
2026-06-09 08:00,2026-06-09,8,550000,ОЭС ЮГА,12517,11422
2026-06-09 09:00,2026-06-09,9,550000,ОЭС ЮГА,13126,12443
2026-06-09 10:00,2026-06-09,10,550000,ОЭС ЮГА,13573,13060
2026-06-09 11:00,2026-06-09,11,550000,ОЭС ЮГА,14132,12997
2026-06-09 12:00,2026-06-09,12,550000,ОЭС ЮГА,14411,13090
2026-06-09 13:00,2026-06-09,13,550000,ОЭС ЮГА,14273,13068
2026-06-09 14:00,2026-06-09,14,550000,ОЭС ЮГА,14740,13405
2026-06-09 15:00,2026-06-09,15,550000,ОЭС ЮГА,14562,13264
2026-06-09 16:00,2026-06-09,16,550000,ОЭС ЮГА,14315,13272
2026-06-09 17:00,2026-06-09,17,550000,ОЭС ЮГА,13900,12905
2026-06-09 18:00,2026-06-09,18,550000,ОЭС ЮГА,13557,12698
2026-06-09 19:00,2026-06-09,19,550000,ОЭС ЮГА,12897,12436
2026-06-09 20:00,2026-06-09,20,550000,ОЭС ЮГА,12850,12560
2026-06-09 21:00,2026-06-09,21,550000,ОЭС ЮГА,13432,12933
2026-06-09 22:00,2026-06-09,22,550000,ОЭС ЮГА,12939,12417
2026-06-09 23:00,2026-06-09,23,550000,ОЭС ЮГА,12667,11372
2026-06-10 00:00,2026-06-10,0,550000,ОЭС ЮГА,11670,10408
2026-06-10 01:00,2026-06-10,1,550000,ОЭС ЮГА,10861,9774
2026-06-10 02:00,2026-06-10,2,550000,ОЭС ЮГА,10499,9272
2026-06-10 03:00,2026-06-10,3,550000,ОЭС ЮГА,10383,9185
2026-06-10 04:00,2026-06-10,4,550000,ОЭС ЮГА,10407,9099
2026-06-10 05:00,2026-06-10,5,550000,ОЭС ЮГА,10498,8856
2026-06-10 06:00,2026-06-10,6,550000,ОЭС ЮГА,10681,9340
2026-06-10 07:00,2026-06-10,7,550000,ОЭС ЮГА,11733,10340
2026-06-10 08:00,2026-06-10,8,550000,ОЭС ЮГА,12544,11475
2026-06-10 09:00,2026-06-10,9,550000,ОЭС ЮГА,13470,12390
2026-06-10 10:00,2026-06-10,10,550000,ОЭС ЮГА,14042,13033
2026-06-10 11:00,2026-06-10,11,550000,ОЭС ЮГА,14161,13391
2026-06-10 12:00,2026-06-10,12,550000,ОЭС ЮГА,14497,13437
2026-06-10 13:00,2026-06-10,13,550000,ОЭС ЮГА,14479,13533
2026-06-10 14:00,2026-06-10,14,550000,ОЭС ЮГА,14602,13637
2026-06-10 15:00,2026-06-10,15,550000,ОЭС ЮГА,14467,13652
2026-06-10 16:00,2026-06-10,16,550000,ОЭС ЮГА,14405,13734
2026-06-10 17:00,2026-06-10,17,550000,ОЭС ЮГА,14221,13543
2026-06-10 18:00,2026-06-10,18,550000,ОЭС ЮГА,13903,13278
2026-06-10 19:00,2026-06-10,19,550000,ОЭС ЮГА,13444,12808
2026-06-10 20:00,2026-06-10,20,550000,ОЭС ЮГА,13683,12885
2026-06-10 21:00,2026-06-10,21,550000,ОЭС ЮГА,13982,13144
2026-06-10 22:00,2026-06-10,22,550000,ОЭС ЮГА,13355,12740
2026-06-10 23:00,2026-06-10,23,550000,ОЭС ЮГА,12212,11575
2026-06-11 00:00,2026-06-11,0,550000,ОЭС ЮГА,12012,10603
2026-06-11 01:00,2026-06-11,1,550000,ОЭС ЮГА,10865,9932
2026-06-11 02:00,2026-06-11,2,550000,ОЭС ЮГА,10309,9458
2026-06-11 03:00,2026-06-11,3,550000,ОЭС ЮГА,10057,9206
2026-06-11 04:00,2026-06-11,4,550000,ОЭС ЮГА,9834,9121
2026-06-11 05:00,2026-06-11,5,550000,ОЭС ЮГА,9899,8925
2026-06-11 06:00,2026-06-11,6,550000,ОЭС ЮГА,10452,9332
2026-06-11 07:00,2026-06-11,7,550000,ОЭС ЮГА,11146,10280
2026-06-11 08:00,2026-06-11,8,550000,ОЭС ЮГА,11994,11486
2026-06-11 09:00,2026-06-11,9,550000,ОЭС ЮГА,13044,12403
2026-06-11 10:00,2026-06-11,10,550000,ОЭС ЮГА,14089,12968
2026-06-11 11:00,2026-06-11,11,550000,ОЭС ЮГА,14287,13346
2026-06-11 12:00,2026-06-11,12,550000,ОЭС ЮГА,14590,13522
2026-06-11 13:00,2026-06-11,13,550000,ОЭС ЮГА,14491,13480
2026-06-11 14:00,2026-06-11,14,550000,ОЭС ЮГА,14633,13677
2026-06-11 15:00,2026-06-11,15,550000,ОЭС ЮГА,14587,13581
2026-06-11 16:00,2026-06-11,16,550000,ОЭС ЮГА,14521,13447
2026-06-11 17:00,2026-06-11,17,550000,ОЭС ЮГА,14143,13215
2026-06-11 18:00,2026-06-11,18,550000,ОЭС ЮГА,14191,13101
2026-06-11 19:00,2026-06-11,19,550000,ОЭС ЮГА,13230,12868
2026-06-11 20:00,2026-06-11,20,550000,ОЭС ЮГА,12926,12732
2026-06-11 21:00,2026-06-11,21,550000,ОЭС ЮГА,13215,13232
2026-06-11 22:00,2026-06-11,22,550000,ОЭС ЮГА,12053,12498
2026-06-11 23:00,2026-06-11,23,550000,ОЭС ЮГА,11112,11636
2026-06-12 00:00,2026-06-12,0,550000,ОЭС ЮГА,11326,10598
2026-06-12 01:00,2026-06-12,1,550000,ОЭС ЮГА,10932,9873
2026-06-12 02:00,2026-06-12,2,550000,ОЭС ЮГА,9634,9516
2026-06-12 03:00,2026-06-12,3,550000,ОЭС ЮГА,9294,9239
2026-06-12 04:00,2026-06-12,4,550000,ОЭС ЮГА,9207,9061
2026-06-12 05:00,2026-06-12,5,550000,ОЭС ЮГА,9279,8961
2026-06-12 06:00,2026-06-12,6,550000,ОЭС ЮГА,9514,9149
2026-06-12 07:00,2026-06-12,7,550000,ОЭС ЮГА,10081,9923
2026-06-12 08:00,2026-06-12,8,550000,ОЭС ЮГА,11065,10809
2026-06-12 09:00,2026-06-12,9,550000,ОЭС ЮГА,11975,11958
2026-06-12 10:00,2026-06-12,10,550000,ОЭС ЮГА,12870,12763
2026-06-12 11:00,2026-06-12,11,550000,ОЭС ЮГА,13344,13056
2026-06-12 12:00,2026-06-12,12,550000,ОЭС ЮГА,13933,13240
2026-06-12 13:00,2026-06-12,13,550000,ОЭС ЮГА,13732,13541
2026-06-12 14:00,2026-06-12,14,550000,ОЭС ЮГА,13832,13389
2026-06-12 15:00,2026-06-12,15,550000,ОЭС ЮГА,13869,13134
2026-06-12 16:00,2026-06-12,16,550000,ОЭС ЮГА,13655,13022
2026-06-12 17:00,2026-06-12,17,550000,ОЭС ЮГА,13647,12958
2026-06-12 18:00,2026-06-12,18,550000,ОЭС ЮГА,13149,12673
2026-06-12 19:00,2026-06-12,19,550000,ОЭС ЮГА,12484,12268
2026-06-12 20:00,2026-06-12,20,550000,ОЭС ЮГА,12314,12559
2026-06-12 21:00,2026-06-12,21,550000,ОЭС ЮГА,12704,12818
2026-06-12 22:00,2026-06-12,22,550000,ОЭС ЮГА,12338,12221
2026-06-12 23:00,2026-06-12,23,550000,ОЭС ЮГА,11673,11588
2026-06-13 00:00,2026-06-13,0,550000,ОЭС ЮГА,10574,10518
2026-06-13 01:00,2026-06-13,1,550000,ОЭС ЮГА,10346,9888
2026-06-13 02:00,2026-06-13,2,550000,ОЭС ЮГА,10087,9400
2026-06-13 03:00,2026-06-13,3,550000,ОЭС ЮГА,9876,9253
2026-06-13 04:00,2026-06-13,4,550000,ОЭС ЮГА,9858,9084
2026-06-13 05:00,2026-06-13,5,550000,ОЭС ЮГА,9907,8788
2026-06-13 06:00,2026-06-13,6,550000,ОЭС ЮГА,9917,9105
2026-06-13 07:00,2026-06-13,7,550000,ОЭС ЮГА,10636,9599
2026-06-13 08:00,2026-06-13,8,550000,ОЭС ЮГА,11026,10634
2026-06-13 09:00,2026-06-13,9,550000,ОЭС ЮГА,12167,11776
2026-06-13 10:00,2026-06-13,10,550000,ОЭС ЮГА,12536,12469
2026-06-13 11:00,2026-06-13,11,550000,ОЭС ЮГА,12801,12930
2026-06-13 12:00,2026-06-13,12,550000,ОЭС ЮГА,13089,13210
2026-06-13 13:00,2026-06-13,13,550000,ОЭС ЮГА,13051,13149
2026-06-13 14:00,2026-06-13,14,550000,ОЭС ЮГА,12920,13262
2026-06-13 15:00,2026-06-13,15,550000,ОЭС ЮГА,12940,13214
2026-06-13 16:00,2026-06-13,16,550000,ОЭС ЮГА,12839,13021
2026-06-13 17:00,2026-06-13,17,550000,ОЭС ЮГА,12728,12902
2026-06-13 18:00,2026-06-13,18,550000,ОЭС ЮГА,12371,12743
2026-06-13 19:00,2026-06-13,19,550000,ОЭС ЮГА,11948,12438
2026-06-13 20:00,2026-06-13,20,550000,ОЭС ЮГА,12018,12505
2026-06-13 21:00,2026-06-13,21,550000,ОЭС ЮГА,12415,12858
2026-06-13 22:00,2026-06-13,22,550000,ОЭС ЮГА,12004,12202
2026-06-13 23:00,2026-06-13,23,550000,ОЭС ЮГА,11428,11500
2026-06-14 00:00,2026-06-14,0,550000,ОЭС ЮГА,9848,10462
2026-06-14 01:00,2026-06-14,1,550000,ОЭС ЮГА,9620,9756
2026-06-14 02:00,2026-06-14,2,550000,ОЭС ЮГА,9395,9491
2026-06-14 03:00,2026-06-14,3,550000,ОЭС ЮГА,9071,9184
2026-06-14 04:00,2026-06-14,4,550000,ОЭС ЮГА,9191,8937
2026-06-14 05:00,2026-06-14,5,550000,ОЭС ЮГА,9305,8886
2026-06-14 06:00,2026-06-14,6,550000,ОЭС ЮГА,9020,8964
2026-06-14 07:00,2026-06-14,7,550000,ОЭС ЮГА,9419,9619
2026-06-14 08:00,2026-06-14,8,550000,ОЭС ЮГА,10388,10485
2026-06-14 09:00,2026-06-14,9,550000,ОЭС ЮГА,11580,11502
2026-06-14 10:00,2026-06-14,10,550000,ОЭС ЮГА,11887,12290
2026-06-14 11:00,2026-06-14,11,550000,ОЭС ЮГА,12126,12521
2026-06-14 12:00,2026-06-14,12,550000,ОЭС ЮГА,12024,12769
2026-06-14 13:00,2026-06-14,13,550000,ОЭС ЮГА,12065,12674
2026-06-14 14:00,2026-06-14,14,550000,ОЭС ЮГА,12424,12593
2026-06-14 15:00,2026-06-14,15,550000,ОЭС ЮГА,12104,12668
2026-06-14 16:00,2026-06-14,16,550000,ОЭС ЮГА,11908,12575
2026-06-14 17:00,2026-06-14,17,550000,ОЭС ЮГА,11964,12499
2026-06-14 18:00,2026-06-14,18,550000,ОЭС ЮГА,12047,12437
2026-06-14 19:00,2026-06-14,19,550000,ОЭС ЮГА,11960,12306
2026-06-14 20:00,2026-06-14,20,550000,ОЭС ЮГА,11791,12368
2026-06-14 21:00,2026-06-14,21,550000,ОЭС ЮГА,12210,12671
2026-06-14 22:00,2026-06-14,22,550000,ОЭС ЮГА,11566,12231
2026-06-14 23:00,2026-06-14,23,550000,ОЭС ЮГА,10584,11228
2026-06-15 00:00,2026-06-15,0,550000,ОЭС ЮГА,10549,10237
2026-06-15 01:00,2026-06-15,1,550000,ОЭС ЮГА,10001,9487
2026-06-15 02:00,2026-06-15,2,550000,ОЭС ЮГА,9694,9293
2026-06-15 03:00,2026-06-15,3,550000,ОЭС ЮГА,9658,9123
2026-06-15 04:00,2026-06-15,4,550000,ОЭС ЮГА,9488,8831
2026-06-15 05:00,2026-06-15,5,550000,ОЭС ЮГА,9486,8596
2026-06-15 06:00,2026-06-15,6,550000,ОЭС ЮГА,9815,9258
2026-06-15 07:00,2026-06-15,7,550000,ОЭС ЮГА,10365,10092
2026-06-15 08:00,2026-06-15,8,550000,ОЭС ЮГА,11316,11185
2026-06-15 09:00,2026-06-15,9,550000,ОЭС ЮГА,12331,12418
2026-06-15 10:00,2026-06-15,10,550000,ОЭС ЮГА,13055,12976
2026-06-15 11:00,2026-06-15,11,550000,ОЭС ЮГА,13133,13096
2026-06-15 12:00,2026-06-15,12,550000,ОЭС ЮГА,13377,13390
2026-06-15 13:00,2026-06-15,13,550000,ОЭС ЮГА,13363,13385
2026-06-15 14:00,2026-06-15,14,550000,ОЭС ЮГА,13470,13491
2026-06-15 15:00,2026-06-15,15,550000,ОЭС ЮГА,13567,13376
2026-06-15 16:00,2026-06-15,16,550000,ОЭС ЮГА,13713,13528
2026-06-15 17:00,2026-06-15,17,550000,ОЭС ЮГА,13367,13192
2026-06-15 18:00,2026-06-15,18,550000,ОЭС ЮГА,12817,12981
2026-06-15 19:00,2026-06-15,19,550000,ОЭС ЮГА,12487,12735
2026-06-15 20:00,2026-06-15,20,550000,ОЭС ЮГА,12522,12731
2026-06-15 21:00,2026-06-15,21,550000,ОЭС ЮГА,12480,13142
2026-06-15 22:00,2026-06-15,22,550000,ОЭС ЮГА,12452,12580
2026-06-15 23:00,2026-06-15,23,550000,ОЭС ЮГА,11253,11568
2026-06-16 00:00,2026-06-16,0,550000,ОЭС ЮГА,11236,10472
2026-06-16 01:00,2026-06-16,1,550000,ОЭС ЮГА,10312,9750
2026-06-16 02:00,2026-06-16,2,550000,ОЭС ЮГА,10011,9437
2026-06-16 03:00,2026-06-16,3,550000,ОЭС ЮГА,9865,9189
2026-06-16 04:00,2026-06-16,4,550000,ОЭС ЮГА,9975,9155
2026-06-16 05:00,2026-06-16,5,550000,ОЭС ЮГА,9459,8930
2026-06-16 06:00,2026-06-16,6,550000,ОЭС ЮГА,9902,9501
2026-06-16 07:00,2026-06-16,7,550000,ОЭС ЮГА,11292,10411
2026-06-16 08:00,2026-06-16,8,550000,ОЭС ЮГА,12270,11465
2026-06-16 09:00,2026-06-16,9,550000,ОЭС ЮГА,12359,12636
2026-06-16 10:00,2026-06-16,10,550000,ОЭС ЮГА,12522,13249
2026-06-16 11:00,2026-06-16,11,550000,ОЭС ЮГА,12874,13521
2026-06-16 12:00,2026-06-16,12,550000,ОЭС ЮГА,13343,13476
2026-06-16 13:00,2026-06-16,13,550000,ОЭС ЮГА,13770,13429
2026-06-16 14:00,2026-06-16,14,550000,ОЭС ЮГА,13624,13608
2026-06-16 15:00,2026-06-16,15,550000,ОЭС ЮГА,13661,13569
2026-06-16 16:00,2026-06-16,16,550000,ОЭС ЮГА,13800,13587
2026-06-16 17:00,2026-06-16,17,550000,ОЭС ЮГА,13669,13316
2026-06-16 18:00,2026-06-16,18,550000,ОЭС ЮГА,13007,13120
2026-06-16 19:00,2026-06-16,19,550000,ОЭС ЮГА,12597,12674
2026-06-16 20:00,2026-06-16,20,550000,ОЭС ЮГА,12652,12789
2026-06-16 21:00,2026-06-16,21,550000,ОЭС ЮГА,12802,13339
2026-06-16 22:00,2026-06-16,22,550000,ОЭС ЮГА,12285,12498
2026-06-16 23:00,2026-06-16,23,550000,ОЭС ЮГА,11401,11728
2026-06-17 00:00,2026-06-17,0,550000,ОЭС ЮГА,11121,10529
2026-06-17 01:00,2026-06-17,1,550000,ОЭС ЮГА,10447,9853
2026-06-17 02:00,2026-06-17,2,550000,ОЭС ЮГА,10085,9578
2026-06-17 03:00,2026-06-17,3,550000,ОЭС ЮГА,9894,9231
2026-06-17 04:00,2026-06-17,4,550000,ОЭС ЮГА,9970,9142
2026-06-17 05:00,2026-06-17,5,550000,ОЭС ЮГА,9934,8993
2026-06-17 06:00,2026-06-17,6,550000,ОЭС ЮГА,9925,9414
2026-06-17 07:00,2026-06-17,7,550000,ОЭС ЮГА,11158,10365
2026-06-17 08:00,2026-06-17,8,550000,ОЭС ЮГА,11640,11602
2026-06-17 09:00,2026-06-17,9,550000,ОЭС ЮГА,12696,12756
2026-06-17 10:00,2026-06-17,10,550000,ОЭС ЮГА,12907,13093
2026-06-17 11:00,2026-06-17,11,550000,ОЭС ЮГА,13169,13571
2026-06-17 12:00,2026-06-17,12,550000,ОЭС ЮГА,13409,13499
2026-06-17 13:00,2026-06-17,13,550000,ОЭС ЮГА,13361,13462
2026-06-17 14:00,2026-06-17,14,550000,ОЭС ЮГА,13360,13768
2026-06-17 15:00,2026-06-17,15,550000,ОЭС ЮГА,13343,13773
2026-06-17 16:00,2026-06-17,16,550000,ОЭС ЮГА,13165,13650
2026-06-17 17:00,2026-06-17,17,550000,ОЭС ЮГА,12926,13455
2026-06-17 18:00,2026-06-17,18,550000,ОЭС ЮГА,12690,13193
2026-06-17 19:00,2026-06-17,19,550000,ОЭС ЮГА,12439,12981
2026-06-17 20:00,2026-06-17,20,550000,ОЭС ЮГА,12165,12795
2026-06-17 21:00,2026-06-17,21,550000,ОЭС ЮГА,12336,13194
2026-06-17 22:00,2026-06-17,22,550000,ОЭС ЮГА,12330,12763
2026-06-17 23:00,2026-06-17,23,550000,ОЭС ЮГА,11697,11738
2026-06-18 00:00,2026-06-18,0,550000,ОЭС ЮГА,10997,10596
2026-06-18 01:00,2026-06-18,1,550000,ОЭС ЮГА,10354,9798
2026-06-18 02:00,2026-06-18,2,550000,ОЭС ЮГА,10237,9423
2026-06-18 03:00,2026-06-18,3,550000,ОЭС ЮГА,9846,9195
2026-06-18 04:00,2026-06-18,4,550000,ОЭС ЮГА,9594,9024
2026-06-18 05:00,2026-06-18,5,550000,ОЭС ЮГА,9772,8968
2026-06-18 06:00,2026-06-18,6,550000,ОЭС ЮГА,10029,9506
2026-06-18 07:00,2026-06-18,7,550000,ОЭС ЮГА,10960,10394
2026-06-18 08:00,2026-06-18,8,550000,ОЭС ЮГА,11831,11430
2026-06-18 09:00,2026-06-18,9,550000,ОЭС ЮГА,13053,12590
2026-06-18 10:00,2026-06-18,10,550000,ОЭС ЮГА,13294,13201
2026-06-18 11:00,2026-06-18,11,550000,ОЭС ЮГА,13373,13477
2026-06-18 12:00,2026-06-18,12,550000,ОЭС ЮГА,13832,13581
2026-06-18 13:00,2026-06-18,13,550000,ОЭС ЮГА,13767,13886
2026-06-18 14:00,2026-06-18,14,550000,ОЭС ЮГА,14009,14064
2026-06-18 15:00,2026-06-18,15,550000,ОЭС ЮГА,13588,14121
2026-06-18 16:00,2026-06-18,16,550000,ОЭС ЮГА,13985,13893
2026-06-18 17:00,2026-06-18,17,550000,ОЭС ЮГА,13363,13762
2026-06-18 18:00,2026-06-18,18,550000,ОЭС ЮГА,13154,13614
2026-06-18 19:00,2026-06-18,19,550000,ОЭС ЮГА,12868,13119
2026-06-18 20:00,2026-06-18,20,550000,ОЭС ЮГА,12893,12906
2026-06-18 21:00,2026-06-18,21,550000,ОЭС ЮГА,12866,13437
2026-06-18 22:00,2026-06-18,22,550000,ОЭС ЮГА,12431,13012
2026-06-18 23:00,2026-06-18,23,550000,ОЭС ЮГА,11613,12000
2026-06-19 00:00,2026-06-19,0,550000,ОЭС ЮГА,10531,10804
2026-06-19 01:00,2026-06-19,1,550000,ОЭС ЮГА,10649,10128
2026-06-19 02:00,2026-06-19,2,550000,ОЭС ЮГА,10513,9720
2026-06-19 03:00,2026-06-19,3,550000,ОЭС ЮГА,10151,9487
2026-06-19 04:00,2026-06-19,4,550000,ОЭС ЮГА,9896,9340
2026-06-19 05:00,2026-06-19,5,550000,ОЭС ЮГА,10232,9261
2026-06-19 06:00,2026-06-19,6,550000,ОЭС ЮГА,10386,9716
2026-06-19 07:00,2026-06-19,7,550000,ОЭС ЮГА,10893,10506
2026-06-19 08:00,2026-06-19,8,550000,ОЭС ЮГА,11839,11599
2026-06-19 09:00,2026-06-19,9,550000,ОЭС ЮГА,12458,12616
2026-06-19 10:00,2026-06-19,10,550000,ОЭС ЮГА,13082,13505
2026-06-19 11:00,2026-06-19,11,550000,ОЭС ЮГА,13607,13803
2026-06-19 12:00,2026-06-19,12,550000,ОЭС ЮГА,13758,13983
2026-06-19 13:00,2026-06-19,13,550000,ОЭС ЮГА,13728,13957
2026-06-19 14:00,2026-06-19,14,550000,ОЭС ЮГА,13668,14093
2026-06-19 15:00,2026-06-19,15,550000,ОЭС ЮГА,13682,13976
2026-06-19 16:00,2026-06-19,16,550000,ОЭС ЮГА,13762,13963
2026-06-19 17:00,2026-06-19,17,550000,ОЭС ЮГА,13928,13792
2026-06-19 18:00,2026-06-19,18,550000,ОЭС ЮГА,13545,13351
2026-06-19 19:00,2026-06-19,19,550000,ОЭС ЮГА,12865,13165
2026-06-19 20:00,2026-06-19,20,550000,ОЭС ЮГА,13008,13047
2026-06-19 21:00,2026-06-19,21,550000,ОЭС ЮГА,12926,13452
2026-06-19 22:00,2026-06-19,22,550000,ОЭС ЮГА,12381,13007
2026-06-19 23:00,2026-06-19,23,550000,ОЭС ЮГА,11712,11899
2026-06-20 00:00,2026-06-20,0,550000,ОЭС ЮГА,10691,10764
2026-06-20 01:00,2026-06-20,1,550000,ОЭС ЮГА,10532,10280
2026-06-20 02:00,2026-06-20,2,550000,ОЭС ЮГА,10324,9717
2026-06-20 03:00,2026-06-20,3,550000,ОЭС ЮГА,9957,9553
2026-06-20 04:00,2026-06-20,4,550000,ОЭС ЮГА,9765,9285
2026-06-20 05:00,2026-06-20,5,550000,ОЭС ЮГА,10108,9147
2026-06-20 06:00,2026-06-20,6,550000,ОЭС ЮГА,10141,9273
2026-06-20 07:00,2026-06-20,7,550000,ОЭС ЮГА,10429,9919
2026-06-20 08:00,2026-06-20,8,550000,ОЭС ЮГА,11530,10871
2026-06-20 09:00,2026-06-20,9,550000,ОЭС ЮГА,12127,12027
2026-06-20 10:00,2026-06-20,10,550000,ОЭС ЮГА,11929,12749
2026-06-20 11:00,2026-06-20,11,550000,ОЭС ЮГА,12510,13076
2026-06-20 12:00,2026-06-20,12,550000,ОЭС ЮГА,12587,13328
2026-06-20 13:00,2026-06-20,13,550000,ОЭС ЮГА,12294,13438
2026-06-20 14:00,2026-06-20,14,550000,ОЭС ЮГА,12573,13378
2026-06-20 15:00,2026-06-20,15,550000,ОЭС ЮГА,12579,13613
2026-06-20 16:00,2026-06-20,16,550000,ОЭС ЮГА,12558,13501
2026-06-20 17:00,2026-06-20,17,550000,ОЭС ЮГА,12167,13310
2026-06-20 18:00,2026-06-20,18,550000,ОЭС ЮГА,12300,13128
2026-06-20 19:00,2026-06-20,19,550000,ОЭС ЮГА,11737,12963
2026-06-20 20:00,2026-06-20,20,550000,ОЭС ЮГА,11921,12705
2026-06-20 21:00,2026-06-20,21,550000,ОЭС ЮГА,12327,13186
2026-06-20 22:00,2026-06-20,22,550000,ОЭС ЮГА,12112,12573
2026-06-20 23:00,2026-06-20,23,550000,ОЭС ЮГА,11243,11929
2026-06-21 00:00,2026-06-21,0,550000,ОЭС ЮГА,10606,10798
2026-06-21 01:00,2026-06-21,1,550000,ОЭС ЮГА,10058,10182
2026-06-21 02:00,2026-06-21,2,550000,ОЭС ЮГА,9732,9589
2026-06-21 03:00,2026-06-21,3,550000,ОЭС ЮГА,9634,9354
2026-06-21 04:00,2026-06-21,4,550000,ОЭС ЮГА,9836,9218
2026-06-21 05:00,2026-06-21,5,550000,ОЭС ЮГА,9595,8828
2026-06-21 06:00,2026-06-21,6,550000,ОЭС ЮГА,9816,9199
2026-06-21 07:00,2026-06-21,7,550000,ОЭС ЮГА,10238,9711
2026-06-21 08:00,2026-06-21,8,550000,ОЭС ЮГА,11176,10526
2026-06-21 09:00,2026-06-21,9,550000,ОЭС ЮГА,11828,11592
2026-06-21 10:00,2026-06-21,10,550000,ОЭС ЮГА,12404,12265
2026-06-21 11:00,2026-06-21,11,550000,ОЭС ЮГА,12954,12497
2026-06-21 12:00,2026-06-21,12,550000,ОЭС ЮГА,13085,12899
2026-06-21 13:00,2026-06-21,13,550000,ОЭС ЮГА,13301,13057
2026-06-21 14:00,2026-06-21,14,550000,ОЭС ЮГА,12736,13078
2026-06-21 15:00,2026-06-21,15,550000,ОЭС ЮГА,12913,13058
2026-06-21 16:00,2026-06-21,16,550000,ОЭС ЮГА,13250,12911
2026-06-21 17:00,2026-06-21,17,550000,ОЭС ЮГА,13276,13009
2026-06-21 18:00,2026-06-21,18,550000,ОЭС ЮГА,13393,12954
2026-06-21 19:00,2026-06-21,19,550000,ОЭС ЮГА,12876,12781
2026-06-21 20:00,2026-06-21,20,550000,ОЭС ЮГА,12820,12659
2026-06-21 21:00,2026-06-21,21,550000,ОЭС ЮГА,12647,13017
2026-06-21 22:00,2026-06-21,22,550000,ОЭС ЮГА,12241,12446
2026-06-21 23:00,2026-06-21,23,550000,ОЭС ЮГА,11979,11578
2026-06-22 00:00,2026-06-22,0,550000,ОЭС ЮГА,10871,10653
2026-06-22 01:00,2026-06-22,1,550000,ОЭС ЮГА,10949,9767
2026-06-22 02:00,2026-06-22,2,550000,ОЭС ЮГА,10586,9418
2026-06-22 03:00,2026-06-22,3,550000,ОЭС ЮГА,10016,9163
2026-06-22 04:00,2026-06-22,4,550000,ОЭС ЮГА,10157,9168
2026-06-22 05:00,2026-06-22,5,550000,ОЭС ЮГА,10311,9014
2026-06-22 06:00,2026-06-22,6,550000,ОЭС ЮГА,11004,9553
2026-06-22 07:00,2026-06-22,7,550000,ОЭС ЮГА,11618,10204
2026-06-22 08:00,2026-06-22,8,550000,ОЭС ЮГА,12530,11560
2026-06-22 09:00,2026-06-22,9,550000,ОЭС ЮГА,13404,12833
2026-06-22 10:00,2026-06-22,10,550000,ОЭС ЮГА,14077,13284
2026-06-22 11:00,2026-06-22,11,550000,ОЭС ЮГА,14035,13362
2026-06-22 12:00,2026-06-22,12,550000,ОЭС ЮГА,14401,13633
2026-06-22 13:00,2026-06-22,13,550000,ОЭС ЮГА,14190,13639
2026-06-22 14:00,2026-06-22,14,550000,ОЭС ЮГА,14234,13879
2026-06-22 15:00,2026-06-22,15,550000,ОЭС ЮГА,14191,13863
2026-06-22 16:00,2026-06-22,16,550000,ОЭС ЮГА,13934,13707
2026-06-22 17:00,2026-06-22,17,550000,ОЭС ЮГА,13869,13325
2026-06-22 18:00,2026-06-22,18,550000,ОЭС ЮГА,13289,13405
2026-06-22 19:00,2026-06-22,19,550000,ОЭС ЮГА,12886,12972
2026-06-22 20:00,2026-06-22,20,550000,ОЭС ЮГА,12584,12828
2026-06-22 21:00,2026-06-22,21,550000,ОЭС ЮГА,12740,13173
2026-06-22 22:00,2026-06-22,22,550000,ОЭС ЮГА,12342,12650
2026-06-22 23:00,2026-06-22,23,550000,ОЭС ЮГА,12409,11765
2026-06-23 00:00,2026-06-23,0,550000,ОЭС ЮГА,11452,10459
2026-06-23 01:00,2026-06-23,1,550000,ОЭС ЮГА,10931,9855
2026-06-23 02:00,2026-06-23,2,550000,ОЭС ЮГА,10876,9385
2026-06-23 03:00,2026-06-23,3,550000,ОЭС ЮГА,10354,9228
2026-06-23 04:00,2026-06-23,4,550000,ОЭС ЮГА,10358,9208
2026-06-23 05:00,2026-06-23,5,550000,ОЭС ЮГА,10422,8945
2026-06-23 06:00,2026-06-23,6,550000,ОЭС ЮГА,11173,9659
2026-06-23 07:00,2026-06-23,7,550000,ОЭС ЮГА,11829,10455
2026-06-23 08:00,2026-06-23,8,550000,ОЭС ЮГА,12633,11575
2026-06-23 09:00,2026-06-23,9,550000,ОЭС ЮГА,13378,12847
2026-06-23 10:00,2026-06-23,10,550000,ОЭС ЮГА,13190,13464
2026-06-23 11:00,2026-06-23,11,550000,ОЭС ЮГА,13734,13731
2026-06-23 12:00,2026-06-23,12,550000,ОЭС ЮГА,13741,14091
2026-06-23 13:00,2026-06-23,13,550000,ОЭС ЮГА,13885,14088
2026-06-23 14:00,2026-06-23,14,550000,ОЭС ЮГА,14421,14427
2026-06-23 15:00,2026-06-23,15,550000,ОЭС ЮГА,14429,14294
2026-06-23 16:00,2026-06-23,16,550000,ОЭС ЮГА,14292,14182
2026-06-23 17:00,2026-06-23,17,550000,ОЭС ЮГА,14073,13912
2026-06-23 18:00,2026-06-23,18,550000,ОЭС ЮГА,13769,13921
2026-06-23 19:00,2026-06-23,19,550000,ОЭС ЮГА,13606,13667
2026-06-23 20:00,2026-06-23,20,550000,ОЭС ЮГА,13119,13403
2026-06-23 21:00,2026-06-23,21,550000,ОЭС ЮГА,13771,13701
2026-06-23 22:00,2026-06-23,22,550000,ОЭС ЮГА,12727,13362
2026-06-23 23:00,2026-06-23,23,550000,ОЭС ЮГА,12616,12334
2026-06-24 00:00,2026-06-24,0,550000,ОЭС ЮГА,11782,11161
2026-06-24 01:00,2026-06-24,1,550000,ОЭС ЮГА,11465,10392
2026-06-24 02:00,2026-06-24,2,550000,ОЭС ЮГА,11091,9992
2026-06-24 03:00,2026-06-24,3,550000,ОЭС ЮГА,11154,9801
2026-06-24 04:00,2026-06-24,4,550000,ОЭС ЮГА,10309,9309
2026-06-24 05:00,2026-06-24,5,550000,ОЭС ЮГА,9913,9420
2026-06-24 06:00,2026-06-24,6,550000,ОЭС ЮГА,11222,9849
2026-06-24 07:00,2026-06-24,7,550000,ОЭС ЮГА,11874,10801
2026-06-24 08:00,2026-06-24,8,550000,ОЭС ЮГА,11874,12065
2026-06-24 09:00,2026-06-24,9,550000,ОЭС ЮГА,12899,13301
2026-06-24 10:00,2026-06-24,10,550000,ОЭС ЮГА,13953,14213
2026-06-24 11:00,2026-06-24,11,550000,ОЭС ЮГА,13898,14440
2026-06-24 12:00,2026-06-24,12,550000,ОЭС ЮГА,14356,14635
2026-06-24 13:00,2026-06-24,13,550000,ОЭС ЮГА,14129,14712
2026-06-24 14:00,2026-06-24,14,550000,ОЭС ЮГА,13929,14690
2026-06-24 15:00,2026-06-24,15,550000,ОЭС ЮГА,14110,14646
2026-06-24 16:00,2026-06-24,16,550000,ОЭС ЮГА,14399,14715
2026-06-24 17:00,2026-06-24,17,550000,ОЭС ЮГА,14343,14502
2026-06-24 18:00,2026-06-24,18,550000,ОЭС ЮГА,13938,14030
2026-06-24 19:00,2026-06-24,19,550000,ОЭС ЮГА,13715,13903
2026-06-24 20:00,2026-06-24,20,550000,ОЭС ЮГА,13363,13663
2026-06-24 21:00,2026-06-24,21,550000,ОЭС ЮГА,13625,13920
2026-06-24 22:00,2026-06-24,22,550000,ОЭС ЮГА,13265,13161
2026-06-24 23:00,2026-06-24,23,550000,ОЭС ЮГА,12538,12243
2026-06-25 00:00,2026-06-25,0,550000,ОЭС ЮГА,12321,11140
2026-06-25 01:00,2026-06-25,1,550000,ОЭС ЮГА,11655,10433
2026-06-25 02:00,2026-06-25,2,550000,ОЭС ЮГА,11111,10024
2026-06-25 03:00,2026-06-25,3,550000,ОЭС ЮГА,10498,9572
2026-06-25 04:00,2026-06-25,4,550000,ОЭС ЮГА,10353,9586
2026-06-25 05:00,2026-06-25,5,550000,ОЭС ЮГА,10420,9340
2026-06-25 06:00,2026-06-25,6,550000,ОЭС ЮГА,10856,9968
2026-06-25 07:00,2026-06-25,7,550000,ОЭС ЮГА,11586,10926
2026-06-25 08:00,2026-06-25,8,550000,ОЭС ЮГА,12403,12048
2026-06-25 09:00,2026-06-25,9,550000,ОЭС ЮГА,13011,13064
2026-06-25 10:00,2026-06-25,10,550000,ОЭС ЮГА,13747,13780
2026-06-25 11:00,2026-06-25,11,550000,ОЭС ЮГА,14059,14084
2026-06-25 12:00,2026-06-25,12,550000,ОЭС ЮГА,14166,14331
2026-06-25 13:00,2026-06-25,13,550000,ОЭС ЮГА,14288,14435
2026-06-25 14:00,2026-06-25,14,550000,ОЭС ЮГА,14240,14168
2026-06-25 15:00,2026-06-25,15,550000,ОЭС ЮГА,14238,14024
2026-06-25 16:00,2026-06-25,16,550000,ОЭС ЮГА,14146,14019
2026-06-25 17:00,2026-06-25,17,550000,ОЭС ЮГА,13513,13668
2026-06-25 18:00,2026-06-25,18,550000,ОЭС ЮГА,13149,13270
2026-06-25 19:00,2026-06-25,19,550000,ОЭС ЮГА,13452,13092
2026-06-25 20:00,2026-06-25,20,550000,ОЭС ЮГА,13695,13178
2026-06-25 21:00,2026-06-25,21,550000,ОЭС ЮГА,13512,13382
2026-06-25 22:00,2026-06-25,22,550000,ОЭС ЮГА,13015,12808
2026-06-25 23:00,2026-06-25,23,550000,ОЭС ЮГА,12436,11894
2026-06-26 00:00,2026-06-26,0,550000,ОЭС ЮГА,12145,10987
2026-06-26 01:00,2026-06-26,1,550000,ОЭС ЮГА,11487,10267
2026-06-26 02:00,2026-06-26,2,550000,ОЭС ЮГА,10748,9922
2026-06-26 03:00,2026-06-26,3,550000,ОЭС ЮГА,10939,9746
2026-06-26 04:00,2026-06-26,4,550000,ОЭС ЮГА,10481,9495
2026-06-26 05:00,2026-06-26,5,550000,ОЭС ЮГА,10376,9478
2026-06-26 06:00,2026-06-26,6,550000,ОЭС ЮГА,10986,9882
2026-06-26 07:00,2026-06-26,7,550000,ОЭС ЮГА,11844,10510
2026-06-26 08:00,2026-06-26,8,550000,ОЭС ЮГА,12643,11598
2026-06-26 09:00,2026-06-26,9,550000,ОЭС ЮГА,13699,12912
2026-06-26 10:00,2026-06-26,10,550000,ОЭС ЮГА,13679,13390
2026-06-26 11:00,2026-06-26,11,550000,ОЭС ЮГА,13680,13691
2026-06-26 12:00,2026-06-26,12,550000,ОЭС ЮГА,14052,13531
2026-06-26 13:00,2026-06-26,13,550000,ОЭС ЮГА,13566,13652
2026-06-26 14:00,2026-06-26,14,550000,ОЭС ЮГА,14310,13870
2026-06-26 15:00,2026-06-26,15,550000,ОЭС ЮГА,14024,14043
2026-06-26 16:00,2026-06-26,16,550000,ОЭС ЮГА,13490,13702
2026-06-26 17:00,2026-06-26,17,550000,ОЭС ЮГА,13684,13307
2026-06-26 18:00,2026-06-26,18,550000,ОЭС ЮГА,13525,13223
2026-06-26 19:00,2026-06-26,19,550000,ОЭС ЮГА,13354,12936
2026-06-26 20:00,2026-06-26,20,550000,ОЭС ЮГА,12754,12939
2026-06-26 21:00,2026-06-26,21,550000,ОЭС ЮГА,12647,12772
2026-06-26 22:00,2026-06-26,22,550000,ОЭС ЮГА,12916,12566
2026-06-26 23:00,2026-06-26,23,550000,ОЭС ЮГА,12182,11846
2026-06-27 00:00,2026-06-27,0,550000,ОЭС ЮГА,11767,10824
2026-06-27 01:00,2026-06-27,1,550000,ОЭС ЮГА,11202,10060
2026-06-27 02:00,2026-06-27,2,550000,ОЭС ЮГА,10755,9676
2026-06-27 03:00,2026-06-27,3,550000,ОЭС ЮГА,10400,9390
2026-06-27 04:00,2026-06-27,4,550000,ОЭС ЮГА,10430,9110
2026-06-27 05:00,2026-06-27,5,550000,ОЭС ЮГА,10514,9113
2026-06-27 06:00,2026-06-27,6,550000,ОЭС ЮГА,10459,9342
2026-06-27 07:00,2026-06-27,7,550000,ОЭС ЮГА,11275,9942
2026-06-27 08:00,2026-06-27,8,550000,ОЭС ЮГА,11981,10800
2026-06-27 09:00,2026-06-27,9,550000,ОЭС ЮГА,12379,11875
2026-06-27 10:00,2026-06-27,10,550000,ОЭС ЮГА,12510,12599
2026-06-27 11:00,2026-06-27,11,550000,ОЭС ЮГА,12551,12819
2026-06-27 12:00,2026-06-27,12,550000,ОЭС ЮГА,13369,12700
2026-06-27 13:00,2026-06-27,13,550000,ОЭС ЮГА,13103,12812
2026-06-27 14:00,2026-06-27,14,550000,ОЭС ЮГА,13436,12808
2026-06-27 15:00,2026-06-27,15,550000,ОЭС ЮГА,13511,12936
2026-06-27 16:00,2026-06-27,16,550000,ОЭС ЮГА,13218,12762
2026-06-27 17:00,2026-06-27,17,550000,ОЭС ЮГА,13406,12917
2026-06-27 18:00,2026-06-27,18,550000,ОЭС ЮГА,13317,12748
2026-06-27 19:00,2026-06-27,19,550000,ОЭС ЮГА,12877,12470
2026-06-27 20:00,2026-06-27,20,550000,ОЭС ЮГА,12961,12275
2026-06-27 21:00,2026-06-27,21,550000,ОЭС ЮГА,13308,12692
2026-06-27 22:00,2026-06-27,22,550000,ОЭС ЮГА,13056,12276
2026-06-27 23:00,2026-06-27,23,550000,ОЭС ЮГА,12703,11683
2026-06-28 00:00,2026-06-28,0,550000,ОЭС ЮГА,11760,10656
2026-06-28 01:00,2026-06-28,1,550000,ОЭС ЮГА,11381,10079
2026-06-28 02:00,2026-06-28,2,550000,ОЭС ЮГА,10854,9528
2026-06-28 03:00,2026-06-28,3,550000,ОЭС ЮГА,10670,9334
2026-06-28 04:00,2026-06-28,4,550000,ОЭС ЮГА,10517,9217
2026-06-28 05:00,2026-06-28,5,550000,ОЭС ЮГА,10367,8969
2026-06-28 06:00,2026-06-28,6,550000,ОЭС ЮГА,10607,9139
2026-06-28 07:00,2026-06-28,7,550000,ОЭС ЮГА,11168,9557
2026-06-28 08:00,2026-06-28,8,550000,ОЭС ЮГА,12121,10665
2026-06-28 09:00,2026-06-28,9,550000,ОЭС ЮГА,12489,11357
2026-06-28 10:00,2026-06-28,10,550000,ОЭС ЮГА,12882,12041
2026-06-28 11:00,2026-06-28,11,550000,ОЭС ЮГА,13116,12178
2026-06-28 12:00,2026-06-28,12,550000,ОЭС ЮГА,13488,12220
2026-06-28 13:00,2026-06-28,13,550000,ОЭС ЮГА,13484,12463
2026-06-28 14:00,2026-06-28,14,550000,ОЭС ЮГА,13294,12672
2026-06-28 15:00,2026-06-28,15,550000,ОЭС ЮГА,13187,12765
2026-06-28 16:00,2026-06-28,16,550000,ОЭС ЮГА,13262,12645
2026-06-28 17:00,2026-06-28,17,550000,ОЭС ЮГА,13031,12590
2026-06-28 18:00,2026-06-28,18,550000,ОЭС ЮГА,13119,12859
2026-06-28 19:00,2026-06-28,19,550000,ОЭС ЮГА,12712,12698
2026-06-28 20:00,2026-06-28,20,550000,ОЭС ЮГА,13000,12863
2026-06-28 21:00,2026-06-28,21,550000,ОЭС ЮГА,13538,13071
2026-06-28 22:00,2026-06-28,22,550000,ОЭС ЮГА,13088,12521
2026-06-28 23:00,2026-06-28,23,550000,ОЭС ЮГА,12647,11619
2026-06-29 00:00,2026-06-29,0,550000,ОЭС ЮГА,11846,10848
2026-06-29 01:00,2026-06-29,1,550000,ОЭС ЮГА,11193,9920
2026-06-29 02:00,2026-06-29,2,550000,ОЭС ЮГА,11122,9639
2026-06-29 03:00,2026-06-29,3,550000,ОЭС ЮГА,10722,9286
2026-06-29 04:00,2026-06-29,4,550000,ОЭС ЮГА,10594,9134
2026-06-29 05:00,2026-06-29,5,550000,ОЭС ЮГА,10318,8982
2026-06-29 06:00,2026-06-29,6,550000,ОЭС ЮГА,11182,9286
2026-06-29 07:00,2026-06-29,7,550000,ОЭС ЮГА,12062,10136
2026-06-29 08:00,2026-06-29,8,550000,ОЭС ЮГА,12778,11374
2026-06-29 09:00,2026-06-29,9,550000,ОЭС ЮГА,13823,12678
2026-06-29 10:00,2026-06-29,10,550000,ОЭС ЮГА,13996,13162
2026-06-29 11:00,2026-06-29,11,550000,ОЭС ЮГА,14000,13466
2026-06-29 12:00,2026-06-29,12,550000,ОЭС ЮГА,14513,13555
2026-06-29 13:00,2026-06-29,13,550000,ОЭС ЮГА,14305,13529
2026-06-29 14:00,2026-06-29,14,550000,ОЭС ЮГА,14058,13760
2026-06-29 15:00,2026-06-29,15,550000,ОЭС ЮГА,14202,13687
2026-06-29 16:00,2026-06-29,16,550000,ОЭС ЮГА,14338,13724
2026-06-29 17:00,2026-06-29,17,550000,ОЭС ЮГА,14070,13549
2026-06-29 18:00,2026-06-29,18,550000,ОЭС ЮГА,13520,13138
2026-06-29 19:00,2026-06-29,19,550000,ОЭС ЮГА,13405,12816
2026-06-29 20:00,2026-06-29,20,550000,ОЭС ЮГА,13399,12785
2026-06-29 21:00,2026-06-29,21,550000,ОЭС ЮГА,13988,13054
2026-06-29 22:00,2026-06-29,22,550000,ОЭС ЮГА,13432,12552
2026-06-29 23:00,2026-06-29,23,550000,ОЭС ЮГА,12761,11669
2026-06-30 00:00,2026-06-30,0,550000,ОЭС ЮГА,12395,10801
2026-06-30 01:00,2026-06-30,1,550000,ОЭС ЮГА,11575,10026
2026-06-30 02:00,2026-06-30,2,550000,ОЭС ЮГА,10794,9531
2026-06-30 03:00,2026-06-30,3,550000,ОЭС ЮГА,10396,9491
2026-06-30 04:00,2026-06-30,4,550000,ОЭС ЮГА,10329,9405
2026-06-30 05:00,2026-06-30,5,550000,ОЭС ЮГА,10698,9205
2026-06-30 06:00,2026-06-30,6,550000,ОЭС ЮГА,11046,9628
2026-06-30 07:00,2026-06-30,7,550000,ОЭС ЮГА,11767,10386
2026-06-30 08:00,2026-06-30,8,550000,ОЭС ЮГА,12593,11510
2026-06-30 09:00,2026-06-30,9,550000,ОЭС ЮГА,13154,12781
2026-06-30 10:00,2026-06-30,10,550000,ОЭС ЮГА,13524,13136
2026-06-30 11:00,2026-06-30,11,550000,ОЭС ЮГА,13806,13304
2026-06-30 12:00,2026-06-30,12,550000,ОЭС ЮГА,14179,13356
2026-06-30 13:00,2026-06-30,13,550000,ОЭС ЮГА,14562,13563
2026-06-30 14:00,2026-06-30,14,550000,ОЭС ЮГА,14306,13713
2026-06-30 15:00,2026-06-30,15,550000,ОЭС ЮГА,14279,13833
2026-06-30 16:00,2026-06-30,16,550000,ОЭС ЮГА,14711,13737
2026-06-30 17:00,2026-06-30,17,550000,ОЭС ЮГА,14597,13589
2026-06-30 18:00,2026-06-30,18,550000,ОЭС ЮГА,14101,13269
2026-06-30 19:00,2026-06-30,19,550000,ОЭС ЮГА,13373,13039
2026-06-30 20:00,2026-06-30,20,550000,ОЭС ЮГА,13662,13003
2026-06-30 21:00,2026-06-30,21,550000,ОЭС ЮГА,13796,13230
2026-06-30 22:00,2026-06-30,22,550000,ОЭС ЮГА,13198,12678
2026-06-30 23:00,2026-06-30,23,550000,ОЭС ЮГА,12512,11728
2026-07-01 00:00,2026-07-01,0,550000,ОЭС ЮГА,12589,11066
2026-07-01 01:00,2026-07-01,1,550000,ОЭС ЮГА,11431,10168
2026-07-01 02:00,2026-07-01,2,550000,ОЭС ЮГА,10899,9814
2026-07-01 03:00,2026-07-01,3,550000,ОЭС ЮГА,10702,9537
2026-07-01 04:00,2026-07-01,4,550000,ОЭС ЮГА,10687,9374
2026-07-01 05:00,2026-07-01,5,550000,ОЭС ЮГА,10972,9293
2026-07-01 06:00,2026-07-01,6,550000,ОЭС ЮГА,11228,9709
2026-07-01 07:00,2026-07-01,7,550000,ОЭС ЮГА,11914,10395
2026-07-01 08:00,2026-07-01,8,550000,ОЭС ЮГА,12767,11628
2026-07-01 09:00,2026-07-01,9,550000,ОЭС ЮГА,13620,13090
2026-07-01 10:00,2026-07-01,10,550000,ОЭС ЮГА,14606,13620
2026-07-01 11:00,2026-07-01,11,550000,ОЭС ЮГА,15203,14130
2026-07-01 12:00,2026-07-01,12,550000,ОЭС ЮГА,14621,14038
2026-07-01 13:00,2026-07-01,13,550000,ОЭС ЮГА,15749,14420
2026-07-01 14:00,2026-07-01,14,550000,ОЭС ЮГА,15529,14718
2026-07-01 15:00,2026-07-01,15,550000,ОЭС ЮГА,15474,14613
2026-07-01 16:00,2026-07-01,16,550000,ОЭС ЮГА,15566,14729
2026-07-01 17:00,2026-07-01,17,550000,ОЭС ЮГА,14520,14472
2026-07-01 18:00,2026-07-01,18,550000,ОЭС ЮГА,14190,14340
2026-07-01 19:00,2026-07-01,19,550000,ОЭС ЮГА,13855,14059
2026-07-01 20:00,2026-07-01,20,550000,ОЭС ЮГА,13726,13585
2026-07-01 21:00,2026-07-01,21,550000,ОЭС ЮГА,13628,13935
2026-07-01 22:00,2026-07-01,22,550000,ОЭС ЮГА,13828,13438
2026-07-01 23:00,2026-07-01,23,550000,ОЭС ЮГА,12755,12397
2026-07-02 00:00,2026-07-02,0,550000,ОЭС ЮГА,11680,11238
2026-07-02 01:00,2026-07-02,1,550000,ОЭС ЮГА,10894,10359
2026-07-02 02:00,2026-07-02,2,550000,ОЭС ЮГА,10879,9712
2026-07-02 03:00,2026-07-02,3,550000,ОЭС ЮГА,11088,9738
2026-07-02 04:00,2026-07-02,4,550000,ОЭС ЮГА,10429,9438
2026-07-02 05:00,2026-07-02,5,550000,ОЭС ЮГА,10258,9330
2026-07-02 06:00,2026-07-02,6,550000,ОЭС ЮГА,11057,9767
2026-07-02 07:00,2026-07-02,7,550000,ОЭС ЮГА,11921,10667
2026-07-02 08:00,2026-07-02,8,550000,ОЭС ЮГА,13240,12178
2026-07-02 09:00,2026-07-02,9,550000,ОЭС ЮГА,14177,13511
2026-07-02 10:00,2026-07-02,10,550000,ОЭС ЮГА,14795,14272
2026-07-02 11:00,2026-07-02,11,550000,ОЭС ЮГА,15439,14710
2026-07-02 12:00,2026-07-02,12,550000,ОЭС ЮГА,15832,14861
2026-07-02 13:00,2026-07-02,13,550000,ОЭС ЮГА,15790,15022
2026-07-02 14:00,2026-07-02,14,550000,ОЭС ЮГА,15688,15317
2026-07-02 15:00,2026-07-02,15,550000,ОЭС ЮГА,15529,15278
2026-07-02 16:00,2026-07-02,16,550000,ОЭС ЮГА,15652,15467
2026-07-02 17:00,2026-07-02,17,550000,ОЭС ЮГА,15456,15246
2026-07-02 18:00,2026-07-02,18,550000,ОЭС ЮГА,15096,15080
2026-07-02 19:00,2026-07-02,19,550000,ОЭС ЮГА,14443,14556
2026-07-02 20:00,2026-07-02,20,550000,ОЭС ЮГА,14313,14284
2026-07-02 21:00,2026-07-02,21,550000,ОЭС ЮГА,14440,14477
2026-07-02 22:00,2026-07-02,22,550000,ОЭС ЮГА,13782,14078
2026-07-02 23:00,2026-07-02,23,550000,ОЭС ЮГА,12727,12968
2026-07-03 00:00,2026-07-03,0,550000,ОЭС ЮГА,12157,11481
2026-07-03 01:00,2026-07-03,1,550000,ОЭС ЮГА,11432,10718
2026-07-03 02:00,2026-07-03,2,550000,ОЭС ЮГА,11263,10239
2026-07-03 03:00,2026-07-03,3,550000,ОЭС ЮГА,10903,9936
2026-07-03 04:00,2026-07-03,4,550000,ОЭС ЮГА,10772,9796
2026-07-03 05:00,2026-07-03,5,550000,ОЭС ЮГА,10727,9627
2026-07-03 06:00,2026-07-03,6,550000,ОЭС ЮГА,11192,10121
2026-07-03 07:00,2026-07-03,7,550000,ОЭС ЮГА,11656,10873
2026-07-03 08:00,2026-07-03,8,550000,ОЭС ЮГА,13433,12435
2026-07-03 09:00,2026-07-03,9,550000,ОЭС ЮГА,14109,13850
2026-07-03 10:00,2026-07-03,10,550000,ОЭС ЮГА,14530,14557
2026-07-03 11:00,2026-07-03,11,550000,ОЭС ЮГА,15433,15291
2026-07-03 12:00,2026-07-03,12,550000,ОЭС ЮГА,15991,15404
2026-07-03 13:00,2026-07-03,13,550000,ОЭС ЮГА,15619,15406
2026-07-03 14:00,2026-07-03,14,550000,ОЭС ЮГА,15945,15776
2026-07-03 15:00,2026-07-03,15,550000,ОЭС ЮГА,15665,15604
2026-07-03 16:00,2026-07-03,16,550000,ОЭС ЮГА,15933,15692
2026-07-03 17:00,2026-07-03,17,550000,ОЭС ЮГА,15051,15346
2026-07-03 18:00,2026-07-03,18,550000,ОЭС ЮГА,15421,15070
2026-07-03 19:00,2026-07-03,19,550000,ОЭС ЮГА,15049,14638
2026-07-03 20:00,2026-07-03,20,550000,ОЭС ЮГА,14060,14334
2026-07-03 21:00,2026-07-03,21,550000,ОЭС ЮГА,14178,14571
2026-07-03 22:00,2026-07-03,22,550000,ОЭС ЮГА,14256,13918
2026-07-03 23:00,2026-07-03,23,550000,ОЭС ЮГА,13076,12905
2026-07-04 00:00,2026-07-04,0,550000,ОЭС ЮГА,12829,11942
2026-07-04 01:00,2026-07-04,1,550000,ОЭС ЮГА,12320,11204
2026-07-04 02:00,2026-07-04,2,550000,ОЭС ЮГА,11971,10562
2026-07-04 03:00,2026-07-04,3,550000,ОЭС ЮГА,11372,10237
2026-07-04 04:00,2026-07-04,4,550000,ОЭС ЮГА,11395,10035
2026-07-04 05:00,2026-07-04,5,550000,ОЭС ЮГА,11088,9826
2026-07-04 06:00,2026-07-04,6,550000,ОЭС ЮГА,11102,10074
2026-07-04 07:00,2026-07-04,7,550000,ОЭС ЮГА,11561,10839
2026-07-04 08:00,2026-07-04,8,550000,ОЭС ЮГА,13082,11947
2026-07-04 09:00,2026-07-04,9,550000,ОЭС ЮГА,13668,13156
2026-07-04 10:00,2026-07-04,10,550000,ОЭС ЮГА,14308,14056
2026-07-04 11:00,2026-07-04,11,550000,ОЭС ЮГА,14952,14675
2026-07-04 12:00,2026-07-04,12,550000,ОЭС ЮГА,14589,14779
2026-07-04 13:00,2026-07-04,13,550000,ОЭС ЮГА,14504,14956
2026-07-04 14:00,2026-07-04,14,550000,ОЭС ЮГА,14821,15070
2026-07-04 15:00,2026-07-04,15,550000,ОЭС ЮГА,14980,15270
2026-07-04 16:00,2026-07-04,16,550000,ОЭС ЮГА,14975,15058
2026-07-04 17:00,2026-07-04,17,550000,ОЭС ЮГА,14458,14921
2026-07-04 18:00,2026-07-04,18,550000,ОЭС ЮГА,14207,14603
2026-07-04 19:00,2026-07-04,19,550000,ОЭС ЮГА,13647,14140
2026-07-04 20:00,2026-07-04,20,550000,ОЭС ЮГА,13566,13725
2026-07-04 21:00,2026-07-04,21,550000,ОЭС ЮГА,13666,14157
2026-07-04 22:00,2026-07-04,22,550000,ОЭС ЮГА,13225,13486
2026-07-04 23:00,2026-07-04,23,550000,ОЭС ЮГА,12357,12462
2026-07-05 00:00,2026-07-05,0,550000,ОЭС ЮГА,12068,11533
2026-07-05 01:00,2026-07-05,1,550000,ОЭС ЮГА,11171,10779
2026-07-05 02:00,2026-07-05,2,550000,ОЭС ЮГА,11426,10294
2026-07-05 03:00,2026-07-05,3,550000,ОЭС ЮГА,11236,10158
2026-07-05 04:00,2026-07-05,4,550000,ОЭС ЮГА,10863,9984
2026-07-05 05:00,2026-07-05,5,550000,ОЭС ЮГА,10480,9482
2026-07-05 06:00,2026-07-05,6,550000,ОЭС ЮГА,11053,9822
2026-07-05 07:00,2026-07-05,7,550000,ОЭС ЮГА,11780,10308
2026-07-05 08:00,2026-07-05,8,550000,ОЭС ЮГА,12486,11146
2026-07-05 09:00,2026-07-05,9,550000,ОЭС ЮГА,12921,12390
2026-07-05 10:00,2026-07-05,10,550000,ОЭС ЮГА,13459,12964
2026-07-05 11:00,2026-07-05,11,550000,ОЭС ЮГА,14261,13566
2026-07-05 12:00,2026-07-05,12,550000,ОЭС ЮГА,14134,13828
2026-07-05 13:00,2026-07-05,13,550000,ОЭС ЮГА,14169,14003
2026-07-05 14:00,2026-07-05,14,550000,ОЭС ЮГА,14030,14002
2026-07-05 15:00,2026-07-05,15,550000,ОЭС ЮГА,13901,13837
2026-07-05 16:00,2026-07-05,16,550000,ОЭС ЮГА,14692,13878
2026-07-05 17:00,2026-07-05,17,550000,ОЭС ЮГА,14514,13730
2026-07-05 18:00,2026-07-05,18,550000,ОЭС ЮГА,14103,13715
2026-07-05 19:00,2026-07-05,19,550000,ОЭС ЮГА,13645,13416
2026-07-05 20:00,2026-07-05,20,550000,ОЭС ЮГА,13236,13269
2026-07-05 21:00,2026-07-05,21,550000,ОЭС ЮГА,13397,13458
2026-07-05 22:00,2026-07-05,22,550000,ОЭС ЮГА,13090,13079
2026-07-05 23:00,2026-07-05,23,550000,ОЭС ЮГА,12800,12207
2026-07-06 00:00,2026-07-06,0,550000,ОЭС ЮГА,11945,11247
2026-07-06 01:00,2026-07-06,1,550000,ОЭС ЮГА,11305,10292
2026-07-06 02:00,2026-07-06,2,550000,ОЭС ЮГА,10435,9853
2026-07-06 03:00,2026-07-06,3,550000,ОЭС ЮГА,10196,9659
2026-07-06 04:00,2026-07-06,4,550000,ОЭС ЮГА,10045,9527
2026-07-06 05:00,2026-07-06,5,550000,ОЭС ЮГА,10378,9392
2026-07-06 06:00,2026-07-06,6,550000,ОЭС ЮГА,10928,9765
2026-07-06 07:00,2026-07-06,7,550000,ОЭС ЮГА,11513,10407
2026-07-06 08:00,2026-07-06,8,550000,ОЭС ЮГА,12504,11416
2026-07-06 09:00,2026-07-06,9,550000,ОЭС ЮГА,13368,12520
2026-07-06 10:00,2026-07-06,10,550000,ОЭС ЮГА,13819,13244
2026-07-06 11:00,2026-07-06,11,550000,ОЭС ЮГА,13642,13331
2026-07-06 12:00,2026-07-06,12,550000,ОЭС ЮГА,14004,13582
2026-07-06 13:00,2026-07-06,13,550000,ОЭС ЮГА,14260,13785
2026-07-06 14:00,2026-07-06,14,550000,ОЭС ЮГА,14208,13907
2026-07-06 15:00,2026-07-06,15,550000,ОЭС ЮГА,14272,13947
2026-07-06 16:00,2026-07-06,16,550000,ОЭС ЮГА,14264,13881
2026-07-06 17:00,2026-07-06,17,550000,ОЭС ЮГА,13893,13699
2026-07-06 18:00,2026-07-06,18,550000,ОЭС ЮГА,14119,13640
2026-07-06 19:00,2026-07-06,19,550000,ОЭС ЮГА,13511,13412
2026-07-06 20:00,2026-07-06,20,550000,ОЭС ЮГА,12733,13130
2026-07-06 21:00,2026-07-06,21,550000,ОЭС ЮГА,12875,13639
2026-07-06 22:00,2026-07-06,22,550000,ОЭС ЮГА,12752,13056
2026-07-06 23:00,2026-07-06,23,550000,ОЭС ЮГА,12113,12109
2026-07-07 00:00,2026-07-07,0,550000,ОЭС ЮГА,11474,11074
2026-07-07 01:00,2026-07-07,1,550000,ОЭС ЮГА,10512,10229
2026-07-07 02:00,2026-07-07,2,550000,ОЭС ЮГА,10202,9885
2026-07-07 03:00,2026-07-07,3,550000,ОЭС ЮГА,10308,9451
2026-07-07 04:00,2026-07-07,4,550000,ОЭС ЮГА,10126,9408
2026-07-07 05:00,2026-07-07,5,550000,ОЭС ЮГА,10478,9094
2026-07-07 06:00,2026-07-07,6,550000,ОЭС ЮГА,10998,9642
2026-07-07 07:00,2026-07-07,7,550000,ОЭС ЮГА,11132,10262
2026-07-07 08:00,2026-07-07,8,550000,ОЭС ЮГА,12267,11547
2026-07-07 09:00,2026-07-07,9,550000,ОЭС ЮГА,13185,12848
2026-07-07 10:00,2026-07-07,10,550000,ОЭС ЮГА,14002,13485
2026-07-07 11:00,2026-07-07,11,550000,ОЭС ЮГА,13998,13823
2026-07-07 12:00,2026-07-07,12,550000,ОЭС ЮГА,14088,14167
2026-07-07 13:00,2026-07-07,13,550000,ОЭС ЮГА,14332,14268
2026-07-07 14:00,2026-07-07,14,550000,ОЭС ЮГА,14550,14378
2026-07-07 15:00,2026-07-07,15,550000,ОЭС ЮГА,14563,14628
2026-07-07 16:00,2026-07-07,16,550000,ОЭС ЮГА,14567,14711
2026-07-07 17:00,2026-07-07,17,550000,ОЭС ЮГА,13865,14431
2026-07-07 18:00,2026-07-07,18,550000,ОЭС ЮГА,14393,14251
2026-07-07 19:00,2026-07-07,19,550000,ОЭС ЮГА,13884,13899
2026-07-07 20:00,2026-07-07,20,550000,ОЭС ЮГА,13337,13752
2026-07-07 21:00,2026-07-07,21,550000,ОЭС ЮГА,13845,13803
2026-07-07 22:00,2026-07-07,22,550000,ОЭС ЮГА,13263,13319
2026-07-07 23:00,2026-07-07,23,550000,ОЭС ЮГА,11742,12160
2026-07-08 00:00,2026-07-08,0,550000,ОЭС ЮГА,11567,11042
2026-07-08 01:00,2026-07-08,1,550000,ОЭС ЮГА,11402,10385
2026-07-08 02:00,2026-07-08,2,550000,ОЭС ЮГА,11006,10108
2026-07-08 03:00,2026-07-08,3,550000,ОЭС ЮГА,10658,9895
2026-07-08 04:00,2026-07-08,4,550000,ОЭС ЮГА,10403,9619
2026-07-08 05:00,2026-07-08,5,550000,ОЭС ЮГА,10557,9596
2026-07-08 06:00,2026-07-08,6,550000,ОЭС ЮГА,10995,9970
2026-07-08 07:00,2026-07-08,7,550000,ОЭС ЮГА,11609,10796
2026-07-08 08:00,2026-07-08,8,550000,ОЭС ЮГА,12199,11584
2026-07-08 09:00,2026-07-08,9,550000,ОЭС ЮГА,14043,12909
2026-07-08 10:00,2026-07-08,10,550000,ОЭС ЮГА,13891,13511
2026-07-08 11:00,2026-07-08,11,550000,ОЭС ЮГА,14366,14115
2026-07-08 12:00,2026-07-08,12,550000,ОЭС ЮГА,14448,14494
2026-07-08 13:00,2026-07-08,13,550000,ОЭС ЮГА,14501,14692
2026-07-08 14:00,2026-07-08,14,550000,ОЭС ЮГА,14585,14929
2026-07-08 15:00,2026-07-08,15,550000,ОЭС ЮГА,14480,15057
2026-07-08 16:00,2026-07-08,16,550000,ОЭС ЮГА,15057,14850
2026-07-08 17:00,2026-07-08,17,550000,ОЭС ЮГА,14807,14767
2026-07-08 18:00,2026-07-08,18,550000,ОЭС ЮГА,14790,14421
2026-07-08 19:00,2026-07-08,19,550000,ОЭС ЮГА,13864,13982
2026-07-08 20:00,2026-07-08,20,550000,ОЭС ЮГА,13889,13893
2026-07-08 21:00,2026-07-08,21,550000,ОЭС ЮГА,14364,14321
2026-07-08 22:00,2026-07-08,22,550000,ОЭС ЮГА,13978,13643
2026-07-08 23:00,2026-07-08,23,550000,ОЭС ЮГА,12955,12573
2026-07-09 00:00,2026-07-09,0,550000,ОЭС ЮГА,12927,11443
2026-07-09 01:00,2026-07-09,1,550000,ОЭС ЮГА,12109,10895
2026-07-09 02:00,2026-07-09,2,550000,ОЭС ЮГА,11568,10601
2026-07-09 03:00,2026-07-09,3,550000,ОЭС ЮГА,11404,10429
2026-07-09 04:00,2026-07-09,4,550000,ОЭС ЮГА,11451,10070
2026-07-09 05:00,2026-07-09,5,550000,ОЭС ЮГА,11265,9844
2026-07-09 06:00,2026-07-09,6,550000,ОЭС ЮГА,11833,10222
2026-07-09 07:00,2026-07-09,7,550000,ОЭС ЮГА,12038,10926
2026-07-09 08:00,2026-07-09,8,550000,ОЭС ЮГА,13097,12110
2026-07-09 09:00,2026-07-09,9,550000,ОЭС ЮГА,14182,13605
2026-07-09 10:00,2026-07-09,10,550000,ОЭС ЮГА,14992,14298
2026-07-09 11:00,2026-07-09,11,550000,ОЭС ЮГА,15428,14775
2026-07-09 12:00,2026-07-09,12,550000,ОЭС ЮГА,15775,15053
2026-07-09 13:00,2026-07-09,13,550000,ОЭС ЮГА,15586,15342
2026-07-09 14:00,2026-07-09,14,550000,ОЭС ЮГА,16051,15498
2026-07-09 15:00,2026-07-09,15,550000,ОЭС ЮГА,16248,15663
2026-07-09 16:00,2026-07-09,16,550000,ОЭС ЮГА,16022,15749
2026-07-09 17:00,2026-07-09,17,550000,ОЭС ЮГА,15646,15396
2026-07-09 18:00,2026-07-09,18,550000,ОЭС ЮГА,15751,15260
2026-07-09 19:00,2026-07-09,19,550000,ОЭС ЮГА,15039,14701
2026-07-09 20:00,2026-07-09,20,550000,ОЭС ЮГА,14800,14688
2026-07-09 21:00,2026-07-09,21,550000,ОЭС ЮГА,14970,14622
2026-07-09 22:00,2026-07-09,22,550000,ОЭС ЮГА,14364,14154
2026-07-09 23:00,2026-07-09,23,550000,ОЭС ЮГА,13682,13018
2026-07-10 00:00,2026-07-10,0,550000,ОЭС ЮГА,12945,11885
2026-07-10 01:00,2026-07-10,1,550000,ОЭС ЮГА,12323,11096
2026-07-10 02:00,2026-07-10,2,550000,ОЭС ЮГА,12178,10746
2026-07-10 03:00,2026-07-10,3,550000,ОЭС ЮГА,11990,10406
2026-07-10 04:00,2026-07-10,4,550000,ОЭС ЮГА,11760,10245
2026-07-10 05:00,2026-07-10,5,550000,ОЭС ЮГА,11912,10201
2026-07-10 06:00,2026-07-10,6,550000,ОЭС ЮГА,12147,10473
2026-07-10 07:00,2026-07-10,7,550000,ОЭС ЮГА,12953,11218
2026-07-10 08:00,2026-07-10,8,550000,ОЭС ЮГА,13237,12407
2026-07-10 09:00,2026-07-10,9,550000,ОЭС ЮГА,14559,14109
2026-07-10 10:00,2026-07-10,10,550000,ОЭС ЮГА,15451,14935
2026-07-10 11:00,2026-07-10,11,550000,ОЭС ЮГА,15644,15454
2026-07-10 12:00,2026-07-10,12,550000,ОЭС ЮГА,15970,15767
2026-07-10 13:00,2026-07-10,13,550000,ОЭС ЮГА,16420,15817
2026-07-10 14:00,2026-07-10,14,550000,ОЭС ЮГА,15925,15973
2026-07-10 15:00,2026-07-10,15,550000,ОЭС ЮГА,16069,15762
2026-07-10 16:00,2026-07-10,16,550000,ОЭС ЮГА,15750,15634
2026-07-10 17:00,2026-07-10,17,550000,ОЭС ЮГА,15380,15009
2026-07-10 18:00,2026-07-10,18,550000,ОЭС ЮГА,15615,14791
2026-07-10 19:00,2026-07-10,19,550000,ОЭС ЮГА,14405,14553
2026-07-10 20:00,2026-07-10,20,550000,ОЭС ЮГА,14088,14384
2026-07-10 21:00,2026-07-10,21,550000,ОЭС ЮГА,14702,14371
2026-07-10 22:00,2026-07-10,22,550000,ОЭС ЮГА,14024,13928
2026-07-10 23:00,2026-07-10,23,550000,ОЭС ЮГА,13142,12950
2026-07-11 00:00,2026-07-11,0,550000,ОЭС ЮГА,12291,11833
2026-07-11 01:00,2026-07-11,1,550000,ОЭС ЮГА,12326,11375
2026-07-11 02:00,2026-07-11,2,550000,ОЭС ЮГА,11686,10891
2026-07-11 03:00,2026-07-11,3,550000,ОЭС ЮГА,11332,10470
2026-07-11 04:00,2026-07-11,4,550000,ОЭС ЮГА,11220,10275
2026-07-11 05:00,2026-07-11,5,550000,ОЭС ЮГА,11524,10070
2026-07-11 06:00,2026-07-11,6,550000,ОЭС ЮГА,11683,10337
2026-07-11 07:00,2026-07-11,7,550000,ОЭС ЮГА,11793,10600
2026-07-11 08:00,2026-07-11,8,550000,ОЭС ЮГА,13191,11490
2026-07-11 09:00,2026-07-11,9,550000,ОЭС ЮГА,14276,12951
2026-07-11 10:00,2026-07-11,10,550000,ОЭС ЮГА,14361,13526
2026-07-11 11:00,2026-07-11,11,550000,ОЭС ЮГА,15109,14125
2026-07-11 12:00,2026-07-11,12,550000,ОЭС ЮГА,15414,14397
2026-07-11 13:00,2026-07-11,13,550000,ОЭС ЮГА,15506,14581
2026-07-11 14:00,2026-07-11,14,550000,ОЭС ЮГА,15181,14599
2026-07-11 15:00,2026-07-11,15,550000,ОЭС ЮГА,15298,14644
2026-07-11 16:00,2026-07-11,16,550000,ОЭС ЮГА,15005,14569
2026-07-11 17:00,2026-07-11,17,550000,ОЭС ЮГА,14858,14517
2026-07-11 18:00,2026-07-11,18,550000,ОЭС ЮГА,14388,14262
2026-07-11 19:00,2026-07-11,19,550000,ОЭС ЮГА,14023,13836
2026-07-11 20:00,2026-07-11,20,550000,ОЭС ЮГА,13768,13636
2026-07-11 21:00,2026-07-11,21,550000,ОЭС ЮГА,14631,13858
2026-07-11 22:00,2026-07-11,22,550000,ОЭС ЮГА,14000,13397
2026-07-11 23:00,2026-07-11,23,550000,ОЭС ЮГА,13613,12454
2026-07-12 00:00,2026-07-12,0,550000,ОЭС ЮГА,12674,11340
2026-07-12 01:00,2026-07-12,1,550000,ОЭС ЮГА,11669,10225
2026-07-12 02:00,2026-07-12,2,550000,ОЭС ЮГА,11145,10266
2026-07-12 03:00,2026-07-12,3,550000,ОЭС ЮГА,10793,10195
2026-07-12 04:00,2026-07-12,4,550000,ОЭС ЮГА,10959,9914
2026-07-12 05:00,2026-07-12,5,550000,ОЭС ЮГА,11167,9861
2026-07-12 06:00,2026-07-12,6,550000,ОЭС ЮГА,11281,9846
2026-07-12 07:00,2026-07-12,7,550000,ОЭС ЮГА,11776,10181
2026-07-12 08:00,2026-07-12,8,550000,ОЭС ЮГА,12388,10944
2026-07-12 09:00,2026-07-12,9,550000,ОЭС ЮГА,13508,12210
2026-07-12 10:00,2026-07-12,10,550000,ОЭС ЮГА,13924,12974
2026-07-12 11:00,2026-07-12,11,550000,ОЭС ЮГА,14372,13461
2026-07-12 12:00,2026-07-12,12,550000,ОЭС ЮГА,14568,13851
2026-07-12 13:00,2026-07-12,13,550000,ОЭС ЮГА,14581,13850
2026-07-12 14:00,2026-07-12,14,550000,ОЭС ЮГА,14854,14202
2026-07-12 15:00,2026-07-12,15,550000,ОЭС ЮГА,14598,14193
2026-07-12 16:00,2026-07-12,16,550000,ОЭС ЮГА,14453,14244
2026-07-12 17:00,2026-07-12,17,550000,ОЭС ЮГА,14556,14319
2026-07-12 18:00,2026-07-12,18,550000,ОЭС ЮГА,14223,14121
2026-07-12 19:00,2026-07-12,19,550000,ОЭС ЮГА,14306,13760
2026-07-12 20:00,2026-07-12,20,550000,ОЭС ЮГА,14274,13573
2026-07-12 21:00,2026-07-12,21,550000,ОЭС ЮГА,14261,13860
2026-07-12 22:00,2026-07-12,22,550000,ОЭС ЮГА,13874,13379
2026-07-12 23:00,2026-07-12,23,550000,ОЭС ЮГА,13435,12424
2026-07-13 00:00,2026-07-13,0,550000,ОЭС ЮГА,13080,11436
2026-07-13 01:00,2026-07-13,1,550000,ОЭС ЮГА,12224,10798
2026-07-13 02:00,2026-07-13,2,550000,ОЭС ЮГА,12147,10619
2026-07-13 03:00,2026-07-13,3,550000,ОЭС ЮГА,11687,10328
2026-07-13 04:00,2026-07-13,4,550000,ОЭС ЮГА,11317,10019
2026-07-13 05:00,2026-07-13,5,550000,ОЭС ЮГА,11314,9801
2026-07-13 06:00,2026-07-13,6,550000,ОЭС ЮГА,12164,10262
2026-07-13 07:00,2026-07-13,7,550000,ОЭС ЮГА,12687,10984
2026-07-13 08:00,2026-07-13,8,550000,ОЭС ЮГА,13153,12233
2026-07-13 09:00,2026-07-13,9,550000,ОЭС ЮГА,14452,13601
2026-07-13 10:00,2026-07-13,10,550000,ОЭС ЮГА,15050,14278
2026-07-13 11:00,2026-07-13,11,550000,ОЭС ЮГА,15520,14750
2026-07-13 12:00,2026-07-13,12,550000,ОЭС ЮГА,15785,14995
2026-07-13 13:00,2026-07-13,13,550000,ОЭС ЮГА,15688,15299
2026-07-13 14:00,2026-07-13,14,550000,ОЭС ЮГА,15784,15355
2026-07-13 15:00,2026-07-13,15,550000,ОЭС ЮГА,15671,15250
2026-07-13 16:00,2026-07-13,16,550000,ОЭС ЮГА,15711,15310
2026-07-13 17:00,2026-07-13,17,550000,ОЭС ЮГА,15383,15056
2026-07-13 18:00,2026-07-13,18,550000,ОЭС ЮГА,15094,14922
2026-07-13 19:00,2026-07-13,19,550000,ОЭС ЮГА,14828,14313
2026-07-13 20:00,2026-07-13,20,550000,ОЭС ЮГА,14457,14307
2026-07-13 21:00,2026-07-13,21,550000,ОЭС ЮГА,14723,14355
2026-07-13 22:00,2026-07-13,22,550000,ОЭС ЮГА,14360,13774
2026-07-13 23:00,2026-07-13,23,550000,ОЭС ЮГА,13615,12743
2026-07-14 00:00,2026-07-14,0,550000,ОЭС ЮГА,13103,11472
2026-07-14 01:00,2026-07-14,1,550000,ОЭС ЮГА,12787,11105
2026-07-14 02:00,2026-07-14,2,550000,ОЭС ЮГА,12398,10663
2026-07-14 03:00,2026-07-14,3,550000,ОЭС ЮГА,11595,10305
2026-07-14 04:00,2026-07-14,4,550000,ОЭС ЮГА,11206,10073
2026-07-14 05:00,2026-07-14,5,550000,ОЭС ЮГА,11034,9981
2026-07-14 06:00,2026-07-14,6,550000,ОЭС ЮГА,12250,10421
2026-07-14 07:00,2026-07-14,7,550000,ОЭС ЮГА,12805,11072
2026-07-14 08:00,2026-07-14,8,550000,ОЭС ЮГА,13327,12059
2026-07-14 09:00,2026-07-14,9,550000,ОЭС ЮГА,14755,13426
2026-07-14 10:00,2026-07-14,10,550000,ОЭС ЮГА,14418,14028
2026-07-14 11:00,2026-07-14,11,550000,ОЭС ЮГА,14384,14827
2026-07-14 12:00,2026-07-14,12,550000,ОЭС ЮГА,14274,14973
2026-07-14 13:00,2026-07-14,13,550000,ОЭС ЮГА,14712,15107
2026-07-14 14:00,2026-07-14,14,550000,ОЭС ЮГА,14913,15128
2026-07-14 15:00,2026-07-14,15,550000,ОЭС ЮГА,15191,15032
2026-07-14 16:00,2026-07-14,16,550000,ОЭС ЮГА,15007,14998
2026-07-14 17:00,2026-07-14,17,550000,ОЭС ЮГА,14833,14892
2026-07-14 18:00,2026-07-14,18,550000,ОЭС ЮГА,14686,14685
2026-07-14 19:00,2026-07-14,19,550000,ОЭС ЮГА,14395,14463
2026-07-14 20:00,2026-07-14,20,550000,ОЭС ЮГА,14330,14299
2026-07-14 21:00,2026-07-14,21,550000,ОЭС ЮГА,14687,14572
2026-07-14 22:00,2026-07-14,22,550000,ОЭС ЮГА,14543,14047
2026-07-14 23:00,2026-07-14,23,550000,ОЭС ЮГА,13583,12888
2026-07-15 00:00,2026-07-15,0,550000,ОЭС ЮГА,13302,11742
2026-07-15 01:00,2026-07-15,1,550000,ОЭС ЮГА,12186,11035
2026-07-15 02:00,2026-07-15,2,550000,ОЭС ЮГА,11723,10678
2026-07-15 03:00,2026-07-15,3,550000,ОЭС ЮГА,11379,10374
2026-07-15 04:00,2026-07-15,4,550000,ОЭС ЮГА,11226,10086
2026-07-15 05:00,2026-07-15,5,550000,ОЭС ЮГА,11434,9962
2026-07-15 06:00,2026-07-15,6,550000,ОЭС ЮГА,12160,10387
2026-07-15 07:00,2026-07-15,7,550000,ОЭС ЮГА,12283,10923
2026-07-15 08:00,2026-07-15,8,550000,ОЭС ЮГА,12938,11912
2026-07-15 09:00,2026-07-15,9,550000,ОЭС ЮГА,13636,13302
2026-07-15 10:00,2026-07-15,10,550000,ОЭС ЮГА,14123,13847
2026-07-15 11:00,2026-07-15,11,550000,ОЭС ЮГА,14573,14354
2026-07-15 12:00,2026-07-15,12,550000,ОЭС ЮГА,15274,14600
2026-07-15 13:00,2026-07-15,13,550000,ОЭС ЮГА,15200,14527
2026-07-15 14:00,2026-07-15,14,550000,ОЭС ЮГА,15081,14777
2026-07-15 15:00,2026-07-15,15,550000,ОЭС ЮГА,14882,14665
2026-07-15 16:00,2026-07-15,16,550000,ОЭС ЮГА,14925,14737
2026-07-15 17:00,2026-07-15,17,550000,ОЭС ЮГА,14871,14518
2026-07-15 18:00,2026-07-15,18,550000,ОЭС ЮГА,14441,14077
2026-07-15 19:00,2026-07-15,19,550000,ОЭС ЮГА,14213,13867
2026-07-15 20:00,2026-07-15,20,550000,ОЭС ЮГА,14294,13759
2026-07-15 21:00,2026-07-15,21,550000,ОЭС ЮГА,14503,14181
2026-07-15 22:00,2026-07-15,22,550000,ОЭС ЮГА,13844,13585
2026-07-15 23:00,2026-07-15,23,550000,ОЭС ЮГА,13366,12652
2026-07-16 00:00,2026-07-16,0,550000,ОЭС ЮГА,12822,11652
2026-07-16 01:00,2026-07-16,1,550000,ОЭС ЮГА,12392,10988
2026-07-16 02:00,2026-07-16,2,550000,ОЭС ЮГА,11778,10457
2026-07-16 03:00,2026-07-16,3,550000,ОЭС ЮГА,11644,10166
2026-07-16 04:00,2026-07-16,4,550000,ОЭС ЮГА,11178,10013
2026-07-16 05:00,2026-07-16,5,550000,ОЭС ЮГА,11235,9845
2026-07-16 06:00,2026-07-16,6,550000,ОЭС ЮГА,12092,10388
2026-07-16 07:00,2026-07-16,7,550000,ОЭС ЮГА,12759,11047
2026-07-16 08:00,2026-07-16,8,550000,ОЭС ЮГА,13713,12346
2026-07-16 09:00,2026-07-16,9,550000,ОЭС ЮГА,14863,13538
2026-07-16 10:00,2026-07-16,10,550000,ОЭС ЮГА,14833,14318
2026-07-16 11:00,2026-07-16,11,550000,ОЭС ЮГА,15018,14785
2026-07-16 12:00,2026-07-16,12,550000,ОЭС ЮГА,14886,14827
2026-07-16 13:00,2026-07-16,13,550000,ОЭС ЮГА,14803,14911
2026-07-16 14:00,2026-07-16,14,550000,ОЭС ЮГА,14998,15043
2026-07-16 15:00,2026-07-16,15,550000,ОЭС ЮГА,14976,14960
2026-07-16 16:00,2026-07-16,16,550000,ОЭС ЮГА,14878,14967
2026-07-16 17:00,2026-07-16,17,550000,ОЭС ЮГА,14802,14633
2026-07-16 18:00,2026-07-16,18,550000,ОЭС ЮГА,14697,14307
2026-07-16 19:00,2026-07-16,19,550000,ОЭС ЮГА,14294,14024
2026-07-16 20:00,2026-07-16,20,550000,ОЭС ЮГА,14261,14032
2026-07-16 21:00,2026-07-16,21,550000,ОЭС ЮГА,14584,14141
2026-07-16 22:00,2026-07-16,22,550000,ОЭС ЮГА,14381,13709
2026-07-16 23:00,2026-07-16,23,550000,ОЭС ЮГА,13886,12575
2026-07-17 00:00,2026-07-17,0,550000,ОЭС ЮГА,12919,11578
2026-07-17 01:00,2026-07-17,1,550000,ОЭС ЮГА,12445,10971
2026-07-17 02:00,2026-07-17,2,550000,ОЭС ЮГА,12282,10646
2026-07-17 03:00,2026-07-17,3,550000,ОЭС ЮГА,11776,10268
2026-07-17 04:00,2026-07-17,4,550000,ОЭС ЮГА,11407,10044
2026-07-17 05:00,2026-07-17,5,550000,ОЭС ЮГА,11208,9858
2026-07-17 06:00,2026-07-17,6,550000,ОЭС ЮГА,12137,10349
2026-07-17 07:00,2026-07-17,7,550000,ОЭС ЮГА,12618,11009
2026-07-17 08:00,2026-07-17,8,550000,ОЭС ЮГА,13461,12096
2026-07-17 09:00,2026-07-17,9,550000,ОЭС ЮГА,14358,13183
2026-07-17 10:00,2026-07-17,10,550000,ОЭС ЮГА,14634,13749
2026-07-17 11:00,2026-07-17,11,550000,ОЭС ЮГА,15047,14235
2026-07-17 12:00,2026-07-17,12,550000,ОЭС ЮГА,15218,14430
2026-07-17 13:00,2026-07-17,13,550000,ОЭС ЮГА,15534,14449
2026-07-17 14:00,2026-07-17,14,550000,ОЭС ЮГА,15236,14556
2026-07-17 15:00,2026-07-17,15,550000,ОЭС ЮГА,15340,14528
2026-07-17 16:00,2026-07-17,16,550000,ОЭС ЮГА,15428,14511
2026-07-17 17:00,2026-07-17,17,550000,ОЭС ЮГА,14839,14195
2026-07-17 18:00,2026-07-17,18,550000,ОЭС ЮГА,14809,13921
2026-07-17 19:00,2026-07-17,19,550000,ОЭС ЮГА,14549,13752
2026-07-17 20:00,2026-07-17,20,550000,ОЭС ЮГА,14549,13590
2026-07-17 21:00,2026-07-17,21,550000,ОЭС ЮГА,15144,13767
2026-07-17 22:00,2026-07-17,22,550000,ОЭС ЮГА,14101,13061
2026-07-17 23:00,2026-07-17,23,550000,ОЭС ЮГА,13481,12381
2026-07-18 00:00,2026-07-18,0,550000,ОЭС ЮГА,12921,11352
2026-07-18 01:00,2026-07-18,1,550000,ОЭС ЮГА,12169,10722
2026-07-18 02:00,2026-07-18,2,550000,ОЭС ЮГА,11220,10308
2026-07-18 03:00,2026-07-18,3,550000,ОЭС ЮГА,11257,10039
2026-07-18 04:00,2026-07-18,4,550000,ОЭС ЮГА,11164,9956
2026-07-18 05:00,2026-07-18,5,550000,ОЭС ЮГА,10880,9742
2026-07-18 06:00,2026-07-18,6,550000,ОЭС ЮГА,11243,9955
2026-07-18 07:00,2026-07-18,7,550000,ОЭС ЮГА,11711,10216
2026-07-18 08:00,2026-07-18,8,550000,ОЭС ЮГА,12594,11248
2026-07-18 09:00,2026-07-18,9,550000,ОЭС ЮГА,13769,12359
2026-07-18 10:00,2026-07-18,10,550000,ОЭС ЮГА,14166,12951
2026-07-18 11:00,2026-07-18,11,550000,ОЭС ЮГА,14812,13466
2026-07-18 12:00,2026-07-18,12,550000,ОЭС ЮГА,14901,13516
2026-07-18 13:00,2026-07-18,13,550000,ОЭС ЮГА,15135,13695
2026-07-18 14:00,2026-07-18,14,550000,ОЭС ЮГА,15276,13832
2026-07-18 15:00,2026-07-18,15,550000,ОЭС ЮГА,15050,13899
2026-07-18 16:00,2026-07-18,16,550000,ОЭС ЮГА,14910,13810
2026-07-18 17:00,2026-07-18,17,550000,ОЭС ЮГА,14868,13581
2026-07-18 18:00,2026-07-18,18,550000,ОЭС ЮГА,14392,13545
2026-07-18 19:00,2026-07-18,19,550000,ОЭС ЮГА,14207,13280
2026-07-18 20:00,2026-07-18,20,550000,ОЭС ЮГА,14110,13200
2026-07-18 21:00,2026-07-18,21,550000,ОЭС ЮГА,14298,13378
2026-07-18 22:00,2026-07-18,22,550000,ОЭС ЮГА,13866,12847
2026-07-18 23:00,2026-07-18,23,550000,ОЭС ЮГА,13408,12073
2026-07-19 00:00,2026-07-19,0,550000,ОЭС ЮГА,12561,11166
2026-07-19 01:00,2026-07-19,1,550000,ОЭС ЮГА,12116,10566
2026-07-19 02:00,2026-07-19,2,550000,ОЭС ЮГА,11887,10337
2026-07-19 03:00,2026-07-19,3,550000,ОЭС ЮГА,11622,9945
2026-07-19 04:00,2026-07-19,4,550000,ОЭС ЮГА,10944,9776
2026-07-19 05:00,2026-07-19,5,550000,ОЭС ЮГА,10752,9604
2026-07-19 06:00,2026-07-19,6,550000,ОЭС ЮГА,11315,9585
2026-07-19 07:00,2026-07-19,7,550000,ОЭС ЮГА,11709,10388
2026-07-19 08:00,2026-07-19,8,550000,ОЭС ЮГА,12660,10986
2026-07-19 09:00,2026-07-19,9,550000,ОЭС ЮГА,13341,11861
2026-07-19 10:00,2026-07-19,10,550000,ОЭС ЮГА,14116,12682
2026-07-19 11:00,2026-07-19,11,550000,ОЭС ЮГА,14254,13017
2026-07-19 12:00,2026-07-19,12,550000,ОЭС ЮГА,14438,13455
2026-07-19 13:00,2026-07-19,13,550000,ОЭС ЮГА,14384,13626
2026-07-19 14:00,2026-07-19,14,550000,ОЭС ЮГА,14649,13940
2026-07-19 15:00,2026-07-19,15,550000,ОЭС ЮГА,14533,13939
2026-07-19 16:00,2026-07-19,16,550000,ОЭС ЮГА,14618,14005
2026-07-19 17:00,2026-07-19,17,550000,ОЭС ЮГА,14429,13867
2026-07-19 18:00,2026-07-19,18,550000,ОЭС ЮГА,14466,13905
2026-07-19 19:00,2026-07-19,19,550000,ОЭС ЮГА,14115,13496
2026-07-19 20:00,2026-07-19,20,550000,ОЭС ЮГА,14149,13503
2026-07-19 21:00,2026-07-19,21,550000,ОЭС ЮГА,14114,13649
2026-07-19 22:00,2026-07-19,22,550000,ОЭС ЮГА,13788,13015
2026-07-19 23:00,2026-07-19,23,550000,ОЭС ЮГА,12749,12175
2026-07-20 00:00,2026-07-20,0,550000,ОЭС ЮГА,12198,11026
2026-07-20 01:00,2026-07-20,1,550000,ОЭС ЮГА,11950,10465
2026-07-20 02:00,2026-07-20,2,550000,ОЭС ЮГА,11496,10081
2026-07-20 03:00,2026-07-20,3,550000,ОЭС ЮГА,11301,9881
2026-07-20 04:00,2026-07-20,4,550000,ОЭС ЮГА,10934,9762
2026-07-20 05:00,2026-07-20,5,550000,ОЭС ЮГА,10821,9578
2026-07-20 06:00,2026-07-20,6,550000,ОЭС ЮГА,11488,10078
2026-07-20 07:00,2026-07-20,7,550000,ОЭС ЮГА,12395,10871
2026-07-20 08:00,2026-07-20,8,550000,ОЭС ЮГА,13385,12077
2026-07-20 09:00,2026-07-20,9,550000,ОЭС ЮГА,14614,13476
2026-07-20 10:00,2026-07-20,10,550000,ОЭС ЮГА,14894,14393
2026-07-20 11:00,2026-07-20,11,550000,ОЭС ЮГА,15433,14832
2026-07-20 12:00,2026-07-20,12,550000,ОЭС ЮГА,15537,15141
2026-07-20 13:00,2026-07-20,13,550000,ОЭС ЮГА,15820,15366
2026-07-20 14:00,2026-07-20,14,550000,ОЭС ЮГА,15783,15846
2026-07-20 15:00,2026-07-20,15,550000,ОЭС ЮГА,15342,15801
2026-07-20 16:00,2026-07-20,16,550000,ОЭС ЮГА,15281,15735
2026-07-20 17:00,2026-07-20,17,550000,ОЭС ЮГА,15029,15525
2026-07-20 18:00,2026-07-20,18,550000,ОЭС ЮГА,14850,15244
2026-07-20 19:00,2026-07-20,19,550000,ОЭС ЮГА,14393,14899
2026-07-20 20:00,2026-07-20,20,550000,ОЭС ЮГА,14231,14515
2026-07-20 21:00,2026-07-20,21,550000,ОЭС ЮГА,14499,14698
2026-07-20 22:00,2026-07-20,22,550000,ОЭС ЮГА,13825,13828
2026-07-20 23:00,2026-07-20,23,550000,ОЭС ЮГА,13472,12640
2026-07-21 00:00,2026-07-21,0,550000,ОЭС ЮГА,12869,11565
2026-07-21 01:00,2026-07-21,1,550000,ОЭС ЮГА,12157,10920
2026-07-21 02:00,2026-07-21,2,550000,ОЭС ЮГА,11803,10569
2026-07-21 03:00,2026-07-21,3,550000,ОЭС ЮГА,11859,10366
2026-07-21 04:00,2026-07-21,4,550000,ОЭС ЮГА,11467,10173
2026-07-21 05:00,2026-07-21,5,550000,ОЭС ЮГА,11671,10244
2026-07-21 06:00,2026-07-21,6,550000,ОЭС ЮГА,11892,10487
2026-07-21 07:00,2026-07-21,7,550000,ОЭС ЮГА,12179,11377
2026-07-21 08:00,2026-07-21,8,550000,ОЭС ЮГА,13492,12609
2026-07-21 09:00,2026-07-21,9,550000,ОЭС ЮГА,14363,13989
2026-07-21 10:00,2026-07-21,10,550000,ОЭС ЮГА,14898,15008
2026-07-21 11:00,2026-07-21,11,550000,ОЭС ЮГА,15144,15559
2026-07-21 12:00,2026-07-21,12,550000,ОЭС ЮГА,15536,15869
2026-07-21 13:00,2026-07-21,13,550000,ОЭС ЮГА,16009,16239
2026-07-21 14:00,2026-07-21,14,550000,ОЭС ЮГА,16078,16470
2026-07-21 15:00,2026-07-21,15,550000,ОЭС ЮГА,15716,16344
2026-07-21 16:00,2026-07-21,16,550000,ОЭС ЮГА,15790,16381
2026-07-21 17:00,2026-07-21,17,550000,ОЭС ЮГА,15464,16029
2026-07-21 18:00,2026-07-21,18,550000,ОЭС ЮГА,15569,15702
2026-07-21 19:00,2026-07-21,19,550000,ОЭС ЮГА,14942,15368
2026-07-21 20:00,2026-07-21,20,550000,ОЭС ЮГА,14704,15105
2026-07-21 21:00,2026-07-21,21,550000,ОЭС ЮГА,14492,15162
2026-07-21 22:00,2026-07-21,22,550000,ОЭС ЮГА,14327,14510
2026-07-21 23:00,2026-07-21,23,550000,ОЭС ЮГА,13809,13292
2026-07-22 00:00,2026-07-22,0,550000,ОЭС ЮГА,12842,11933
2026-07-22 01:00,2026-07-22,1,550000,ОЭС ЮГА,12502,11438
2026-07-22 02:00,2026-07-22,2,550000,ОЭС ЮГА,12340,10803
2026-07-22 03:00,2026-07-22,3,550000,ОЭС ЮГА,11963,10592
2026-07-22 04:00,2026-07-22,4,550000,ОЭС ЮГА,11923,10214
2026-07-22 05:00,2026-07-22,5,550000,ОЭС ЮГА,11897,10072
2026-07-22 06:00,2026-07-22,6,550000,ОЭС ЮГА,12354,10374
2026-07-22 07:00,2026-07-22,7,550000,ОЭС ЮГА,12855,11233
2026-07-22 08:00,2026-07-22,8,550000,ОЭС ЮГА,13794,12705
2026-07-22 09:00,2026-07-22,9,550000,ОЭС ЮГА,14879,13958
2026-07-22 10:00,2026-07-22,10,550000,ОЭС ЮГА,15326,14884
2026-07-22 11:00,2026-07-22,11,550000,ОЭС ЮГА,15600,15575
2026-07-22 12:00,2026-07-22,12,550000,ОЭС ЮГА,16075,15837
2026-07-22 13:00,2026-07-22,13,550000,ОЭС ЮГА,16184,16163
2026-07-22 14:00,2026-07-22,14,550000,ОЭС ЮГА,16283,16475
2026-07-22 15:00,2026-07-22,15,550000,ОЭС ЮГА,16055,16248
2026-07-22 16:00,2026-07-22,16,550000,ОЭС ЮГА,16049,16175
2026-07-22 17:00,2026-07-22,17,550000,ОЭС ЮГА,16017,15785
2026-07-22 18:00,2026-07-22,18,550000,ОЭС ЮГА,15736,15404
2026-07-22 19:00,2026-07-22,19,550000,ОЭС ЮГА,15274,14909
2026-07-22 20:00,2026-07-22,20,550000,ОЭС ЮГА,15344,14878
2026-07-22 21:00,2026-07-22,21,550000,ОЭС ЮГА,15324,15006
2026-07-22 22:00,2026-07-22,22,550000,ОЭС ЮГА,14740,14307
2026-07-22 23:00,2026-07-22,23,550000,ОЭС ЮГА,14079,13141
2026-07-23 00:00,2026-07-23,0,550000,ОЭС ЮГА,13380,12009
2026-07-23 01:00,2026-07-23,1,550000,ОЭС ЮГА,12541,11191
2026-07-23 02:00,2026-07-23,2,550000,ОЭС ЮГА,12376,10621
2026-07-23 03:00,2026-07-23,3,550000,ОЭС ЮГА,11950,10286
2026-07-23 04:00,2026-07-23,4,550000,ОЭС ЮГА,11869,10110
2026-07-23 05:00,2026-07-23,5,550000,ОЭС ЮГА,11725,10157
2026-07-23 06:00,2026-07-23,6,550000,ОЭС ЮГА,12114,10347
2026-07-23 07:00,2026-07-23,7,550000,ОЭС ЮГА,12724,11240
2026-07-23 08:00,2026-07-23,8,550000,ОЭС ЮГА,13679,12322
2026-07-23 09:00,2026-07-23,9,550000,ОЭС ЮГА,14714,13591
2026-07-23 10:00,2026-07-23,10,550000,ОЭС ЮГА,14874,14189
2026-07-23 11:00,2026-07-23,11,550000,ОЭС ЮГА,15380,14685
2026-07-23 12:00,2026-07-23,12,550000,ОЭС ЮГА,15494,14943
2026-07-23 13:00,2026-07-23,13,550000,ОЭС ЮГА,15594,15193
2026-07-23 14:00,2026-07-23,14,550000,ОЭС ЮГА,15624,15465
2026-07-23 15:00,2026-07-23,15,550000,ОЭС ЮГА,15847,15250
2026-07-23 16:00,2026-07-23,16,550000,ОЭС ЮГА,15850,15193
2026-07-23 17:00,2026-07-23,17,550000,ОЭС ЮГА,15734,14803
2026-07-23 18:00,2026-07-23,18,550000,ОЭС ЮГА,15457,14499
2026-07-23 19:00,2026-07-23,19,550000,ОЭС ЮГА,15151,14082
2026-07-23 20:00,2026-07-23,20,550000,ОЭС ЮГА,15082,14173
2026-07-23 21:00,2026-07-23,21,550000,ОЭС ЮГА,15101,14447
2026-07-23 22:00,2026-07-23,22,550000,ОЭС ЮГА,14855,13747
2026-07-23 23:00,2026-07-23,23,550000,ОЭС ЮГА,13649,12711
2026-07-24 00:00,2026-07-24,0,550000,ОЭС ЮГА,12843,11533
2026-07-24 01:00,2026-07-24,1,550000,ОЭС ЮГА,12247,10943
2026-07-24 02:00,2026-07-24,2,550000,ОЭС ЮГА,11924,10396
2026-07-24 03:00,2026-07-24,3,550000,ОЭС ЮГА,11608,10006
2026-07-24 04:00,2026-07-24,4,550000,ОЭС ЮГА,11546,10031
2026-07-24 05:00,2026-07-24,5,550000,ОЭС ЮГА,11536,9924
2026-07-24 06:00,2026-07-24,6,550000,ОЭС ЮГА,11726,10293
2026-07-24 07:00,2026-07-24,7,550000,ОЭС ЮГА,12257,10985
2026-07-24 08:00,2026-07-24,8,550000,ОЭС ЮГА,13251,12098
2026-07-24 09:00,2026-07-24,9,550000,ОЭС ЮГА,14298,13584
2026-07-24 10:00,2026-07-24,10,550000,ОЭС ЮГА,14262,14096
2026-07-24 11:00,2026-07-24,11,550000,ОЭС ЮГА,14719,14632
2026-07-24 12:00,2026-07-24,12,550000,ОЭС ЮГА,15380,14961
2026-07-24 13:00,2026-07-24,13,550000,ОЭС ЮГА,15494,15138
2026-07-24 14:00,2026-07-24,14,550000,ОЭС ЮГА,15277,15545
2026-07-24 15:00,2026-07-24,15,550000,ОЭС ЮГА,15220,15383
2026-07-24 16:00,2026-07-24,16,550000,ОЭС ЮГА,15427,15332
2026-07-24 17:00,2026-07-24,17,550000,ОЭС ЮГА,14846,14816
2026-07-24 18:00,2026-07-24,18,550000,ОЭС ЮГА,14908,14649
2026-07-24 19:00,2026-07-24,19,550000,ОЭС ЮГА,14406,14149
2026-07-24 20:00,2026-07-24,20,550000,ОЭС ЮГА,14184,14088
2026-07-24 21:00,2026-07-24,21,550000,ОЭС ЮГА,14519,14335
2026-07-24 22:00,2026-07-24,22,550000,ОЭС ЮГА,13905,13667
2026-07-24 23:00,2026-07-24,23,550000,ОЭС ЮГА,12852,12605
2026-07-25 00:00,2026-07-25,0,550000,ОЭС ЮГА,12596,11639
2026-07-25 01:00,2026-07-25,1,550000,ОЭС ЮГА,11896,10912
2026-07-25 02:00,2026-07-25,2,550000,ОЭС ЮГА,11769,10347
2026-07-25 03:00,2026-07-25,3,550000,ОЭС ЮГА,10890,10212
2026-07-25 04:00,2026-07-25,4,550000,ОЭС ЮГА,10793,9823
2026-07-25 05:00,2026-07-25,5,550000,ОЭС ЮГА,10644,9790
2026-07-25 06:00,2026-07-25,6,550000,ОЭС ЮГА,11249,9756
2026-07-25 07:00,2026-07-25,7,550000,ОЭС ЮГА,11920,10692
2026-07-25 08:00,2026-07-25,8,550000,ОЭС ЮГА,12651,11289
2026-07-25 09:00,2026-07-25,9,550000,ОЭС ЮГА,13653,12884
2026-07-25 10:00,2026-07-25,10,550000,ОЭС ЮГА,14170,13656
2026-07-25 11:00,2026-07-25,11,550000,ОЭС ЮГА,13971,14240
2026-07-25 12:00,2026-07-25,12,550000,ОЭС ЮГА,14748,14415
2026-07-25 13:00,2026-07-25,13,550000,ОЭС ЮГА,14871,14783
2026-07-25 14:00,2026-07-25,14,550000,ОЭС ЮГА,14735,14780
2026-07-25 15:00,2026-07-25,15,550000,ОЭС ЮГА,14800,14948
2026-07-25 16:00,2026-07-25,16,550000,ОЭС ЮГА,15107,14934
2026-07-25 17:00,2026-07-25,17,550000,ОЭС ЮГА,14385,13990
2026-07-25 18:00,2026-07-25,18,550000,ОЭС ЮГА,13812,13753
2026-07-25 19:00,2026-07-25,19,550000,ОЭС ЮГА,13644,13388
2026-07-25 20:00,2026-07-25,20,550000,ОЭС ЮГА,13838,13408
2026-07-25 21:00,2026-07-25,21,550000,ОЭС ЮГА,13932,13375
2026-07-25 22:00,2026-07-25,22,550000,ОЭС ЮГА,14143,13075
2026-07-25 23:00,2026-07-25,23,550000,ОЭС ЮГА,12476,12099
2026-07-26 00:00,2026-07-26,0,550000,ОЭС ЮГА,12155,11501
2026-07-26 01:00,2026-07-26,1,550000,ОЭС ЮГА,12171,10875
2026-07-26 02:00,2026-07-26,2,550000,ОЭС ЮГА,11493,10442
2026-07-26 03:00,2026-07-26,3,550000,ОЭС ЮГА,11436,9968
2026-07-26 04:00,2026-07-26,4,550000,ОЭС ЮГА,10826,9638
2026-07-26 05:00,2026-07-26,5,550000,ОЭС ЮГА,10883,9394
2026-07-26 06:00,2026-07-26,6,550000,ОЭС ЮГА,10973,9612
2026-07-26 07:00,2026-07-26,7,550000,ОЭС ЮГА,11293,9913
2026-07-26 08:00,2026-07-26,8,550000,ОЭС ЮГА,11855,10815
2026-07-26 09:00,2026-07-26,9,550000,ОЭС ЮГА,13152,11992
2026-07-26 10:00,2026-07-26,10,550000,ОЭС ЮГА,13382,12865
2026-07-26 11:00,2026-07-26,11,550000,ОЭС ЮГА,13791,13434
2026-07-26 12:00,2026-07-26,12,550000,ОЭС ЮГА,14124,13709
2026-07-26 13:00,2026-07-26,13,550000,ОЭС ЮГА,14095,13775
2026-07-26 14:00,2026-07-26,14,550000,ОЭС ЮГА,13906,13876
2026-07-26 15:00,2026-07-26,15,550000,ОЭС ЮГА,14058,13909
2026-07-26 16:00,2026-07-26,16,550000,ОЭС ЮГА,14178,13956
2026-07-26 17:00,2026-07-26,17,550000,ОЭС ЮГА,13843,13796
2026-07-26 18:00,2026-07-26,18,550000,ОЭС ЮГА,13578,13547
2026-07-26 19:00,2026-07-26,19,550000,ОЭС ЮГА,13547,13184
2026-07-26 20:00,2026-07-26,20,550000,ОЭС ЮГА,13455,13605
2026-07-26 21:00,2026-07-26,21,550000,ОЭС ЮГА,13889,13537
2026-07-26 22:00,2026-07-26,22,550000,ОЭС ЮГА,13432,12979
2026-07-26 23:00,2026-07-26,23,550000,ОЭС ЮГА,13131,12085
2026-07-27 00:00,2026-07-27,0,550000,ОЭС ЮГА,12620,11211
2026-07-27 01:00,2026-07-27,1,550000,ОЭС ЮГА,12090,10561
2026-07-27 02:00,2026-07-27,2,550000,ОЭС ЮГА,11785,10182
2026-07-27 03:00,2026-07-27,3,550000,ОЭС ЮГА,11251,9756
2026-07-27 04:00,2026-07-27,4,550000,ОЭС ЮГА,10779,9626
2026-07-27 05:00,2026-07-27,5,550000,ОЭС ЮГА,10700,9334
2026-07-27 06:00,2026-07-27,6,550000,ОЭС ЮГА,11298,9613
2026-07-27 07:00,2026-07-27,7,550000,ОЭС ЮГА,11818,10072
2026-07-27 08:00,2026-07-27,8,550000,ОЭС ЮГА,12683,11266
2026-07-27 09:00,2026-07-27,9,550000,ОЭС ЮГА,13659,12279
2026-07-27 10:00,2026-07-27,10,550000,ОЭС ЮГА,14114,13300
2026-07-27 11:00,2026-07-27,11,550000,ОЭС ЮГА,14379,13635
2026-07-27 12:00,2026-07-27,12,550000,ОЭС ЮГА,14326,13741
2026-07-27 13:00,2026-07-27,13,550000,ОЭС ЮГА,14611,14131
2026-07-27 14:00,2026-07-27,14,550000,ОЭС ЮГА,14881,14412
2026-07-27 15:00,2026-07-27,15,550000,ОЭС ЮГА,14739,14483
2026-07-27 16:00,2026-07-27,16,550000,ОЭС ЮГА,14872,14571
2026-07-27 17:00,2026-07-27,17,550000,ОЭС ЮГА,14580,14337
2026-07-27 18:00,2026-07-27,18,550000,ОЭС ЮГА,14221,13940
2026-07-27 19:00,2026-07-27,19,550000,ОЭС ЮГА,13604,13551
2026-07-27 20:00,2026-07-27,20,550000,ОЭС ЮГА,13499,13641
2026-07-27 21:00,2026-07-27,21,550000,ОЭС ЮГА,13801,13760
2026-07-27 22:00,2026-07-27,22,550000,ОЭС ЮГА,13054,13046
2026-07-27 23:00,2026-07-27,23,550000,ОЭС ЮГА,12759,12090
2026-07-28 00:00,2026-07-28,0,550000,ОЭС ЮГА,12109,10950
2026-07-28 01:00,2026-07-28,1,550000,ОЭС ЮГА,11809,10452
2026-07-28 02:00,2026-07-28,2,550000,ОЭС ЮГА,11500,9953
2026-07-28 03:00,2026-07-28,3,550000,ОЭС ЮГА,10883,9565
2026-07-28 04:00,2026-07-28,4,550000,ОЭС ЮГА,10326,9512
2026-07-28 05:00,2026-07-28,5,550000,ОЭС ЮГА,10328,9374
2026-07-28 06:00,2026-07-28,6,550000,ОЭС ЮГА,10921,9851
2026-07-28 07:00,2026-07-28,7,550000,ОЭС ЮГА,12033,10665
2026-07-28 08:00,2026-07-28,8,550000,ОЭС ЮГА,12302,11792
2026-07-28 09:00,2026-07-28,9,550000,ОЭС ЮГА,13766,13203
2026-07-28 10:00,2026-07-28,10,550000,ОЭС ЮГА,14828,14130
2026-07-28 11:00,2026-07-28,11,550000,ОЭС ЮГА,15151,14589
2026-07-28 12:00,2026-07-28,12,550000,ОЭС ЮГА,15400,15010
2026-07-28 13:00,2026-07-28,13,550000,ОЭС ЮГА,15356,15230
2026-07-28 14:00,2026-07-28,14,550000,ОЭС ЮГА,15373,15537
2026-07-28 15:00,2026-07-28,15,550000,ОЭС ЮГА,15497,15560
2026-07-28 16:00,2026-07-28,16,550000,ОЭС ЮГА,15238,15545
2026-07-28 17:00,2026-07-28,17,550000,ОЭС ЮГА,15136,15332
2026-07-28 18:00,2026-07-28,18,550000,ОЭС ЮГА,15019,14891
2026-07-28 19:00,2026-07-28,19,550000,ОЭС ЮГА,14280,14421
2026-07-28 20:00,2026-07-28,20,550000,ОЭС ЮГА,14401,14523
2026-07-28 21:00,2026-07-28,21,550000,ОЭС ЮГА,14338,14500
2026-07-28 22:00,2026-07-28,22,550000,ОЭС ЮГА,13485,13747
2026-07-28 23:00,2026-07-28,23,550000,ОЭС ЮГА,13293,12541
2026-07-29 00:00,2026-07-29,0,550000,ОЭС ЮГА,12318,11318
2026-07-29 01:00,2026-07-29,1,550000,ОЭС ЮГА,12339,10941
2026-07-29 02:00,2026-07-29,2,550000,ОЭС ЮГА,11780,10229
2026-07-29 03:00,2026-07-29,3,550000,ОЭС ЮГА,11180,9957
2026-07-29 04:00,2026-07-29,4,550000,ОЭС ЮГА,10884,9891
2026-07-29 05:00,2026-07-29,5,550000,ОЭС ЮГА,10702,9639
2026-07-29 06:00,2026-07-29,6,550000,ОЭС ЮГА,11445,9944
2026-07-29 07:00,2026-07-29,7,550000,ОЭС ЮГА,12295,10660
2026-07-29 08:00,2026-07-29,8,550000,ОЭС ЮГА,13367,11838
2026-07-29 09:00,2026-07-29,9,550000,ОЭС ЮГА,14317,13125
2026-07-29 10:00,2026-07-29,10,550000,ОЭС ЮГА,14659,13734
2026-07-29 11:00,2026-07-29,11,550000,ОЭС ЮГА,14954,14113
2026-07-29 12:00,2026-07-29,12,550000,ОЭС ЮГА,15120,14322
2026-07-29 13:00,2026-07-29,13,550000,ОЭС ЮГА,15365,14365
2026-07-29 14:00,2026-07-29,14,550000,ОЭС ЮГА,15730,14621
2026-07-29 15:00,2026-07-29,15,550000,ОЭС ЮГА,15755,14687
2026-07-29 16:00,2026-07-29,16,550000,ОЭС ЮГА,15162,14491
2026-07-29 17:00,2026-07-29,17,550000,ОЭС ЮГА,15305,14211
2026-07-29 18:00,2026-07-29,18,550000,ОЭС ЮГА,14982,13891
2026-07-29 19:00,2026-07-29,19,550000,ОЭС ЮГА,14334,13517
2026-07-29 20:00,2026-07-29,20,550000,ОЭС ЮГА,14280,13463
2026-07-29 21:00,2026-07-29,21,550000,ОЭС ЮГА,14461,13532
2026-07-29 22:00,2026-07-29,22,550000,ОЭС ЮГА,14171,12954
2026-07-29 23:00,2026-07-29,23,550000,ОЭС ЮГА,13279,11983
2026-07-30 00:00,2026-07-30,0,550000,ОЭС ЮГА,12501,10993
2026-07-30 01:00,2026-07-30,1,550000,ОЭС ЮГА,11652,10307
2026-07-30 02:00,2026-07-30,2,550000,ОЭС ЮГА,10978,9655
2026-07-30 03:00,2026-07-30,3,550000,ОЭС ЮГА,10291,9382
2026-07-30 04:00,2026-07-30,4,550000,ОЭС ЮГА,10306,9318
2026-07-30 05:00,2026-07-30,5,550000,ОЭС ЮГА,9920,9102
2026-07-30 06:00,2026-07-30,6,550000,ОЭС ЮГА,11023,9439
2026-07-30 07:00,2026-07-30,7,550000,ОЭС ЮГА,11786,10201
2026-07-30 08:00,2026-07-30,8,550000,ОЭС ЮГА,12823,11483
2026-07-30 09:00,2026-07-30,9,550000,ОЭС ЮГА,13869,12693
2026-07-30 10:00,2026-07-30,10,550000,ОЭС ЮГА,14423,13158
2026-07-30 11:00,2026-07-30,11,550000,ОЭС ЮГА,14816,13696
2026-07-30 12:00,2026-07-30,12,550000,ОЭС ЮГА,14523,13701
2026-07-30 13:00,2026-07-30,13,550000,ОЭС ЮГА,14404,13667
2026-07-30 14:00,2026-07-30,14,550000,ОЭС ЮГА,14452,13968
2026-07-30 15:00,2026-07-30,15,550000,ОЭС ЮГА,14719,14048
2026-07-30 16:00,2026-07-30,16,550000,ОЭС ЮГА,15122,13898
2026-07-30 17:00,2026-07-30,17,550000,ОЭС ЮГА,14540,13697
2026-07-30 18:00,2026-07-30,18,550000,ОЭС ЮГА,14382,13402
2026-07-30 19:00,2026-07-30,19,550000,ОЭС ЮГА,14025,13220
2026-07-30 20:00,2026-07-30,20,550000,ОЭС ЮГА,13785,13172
2026-07-30 21:00,2026-07-30,21,550000,ОЭС ЮГА,14148,13215
2026-07-30 22:00,2026-07-30,22,550000,ОЭС ЮГА,13504,12602
2026-07-30 23:00,2026-07-30,23,550000,ОЭС ЮГА,12589,11558
2026-07-31 00:00,2026-07-31,0,550000,ОЭС ЮГА,11771,10518
2026-07-31 01:00,2026-07-31,1,550000,ОЭС ЮГА,11229,9818
2026-07-31 02:00,2026-07-31,2,550000,ОЭС ЮГА,10959,9350
2026-07-31 03:00,2026-07-31,3,550000,ОЭС ЮГА,10902,9203
2026-07-31 04:00,2026-07-31,4,550000,ОЭС ЮГА,10481,8988
2026-07-31 05:00,2026-07-31,5,550000,ОЭС ЮГА,10621,8856
2026-07-31 06:00,2026-07-31,6,550000,ОЭС ЮГА,10980,9232
2026-07-31 07:00,2026-07-31,7,550000,ОЭС ЮГА,11820,10153
2026-07-31 08:00,2026-07-31,8,550000,ОЭС ЮГА,12970,11097
2026-07-31 09:00,2026-07-31,9,550000,ОЭС ЮГА,13927,12475
2026-07-31 10:00,2026-07-31,10,550000,ОЭС ЮГА,14687,13127
2026-07-31 11:00,2026-07-31,11,550000,ОЭС ЮГА,14893,13612
2026-07-31 12:00,2026-07-31,12,550000,ОЭС ЮГА,14891,13778
2026-07-31 13:00,2026-07-31,13,550000,ОЭС ЮГА,14952,13901
2026-07-31 14:00,2026-07-31,14,550000,ОЭС ЮГА,15017,14192
2026-07-31 15:00,2026-07-31,15,550000,ОЭС ЮГА,14998,14189
2026-07-31 16:00,2026-07-31,16,550000,ОЭС ЮГА,14856,14191
2026-07-31 17:00,2026-07-31,17,550000,ОЭС ЮГА,14629,13984
2026-07-31 18:00,2026-07-31,18,550000,ОЭС ЮГА,14242,13670
2026-07-31 19:00,2026-07-31,19,550000,ОЭС ЮГА,14264,13465
2026-07-31 20:00,2026-07-31,20,550000,ОЭС ЮГА,14173,13480
2026-07-31 21:00,2026-07-31,21,550000,ОЭС ЮГА,14352,13458
2026-07-31 22:00,2026-07-31,22,550000,ОЭС ЮГА,13406,13003
2026-07-31 23:00,2026-07-31,23,550000,ОЭС ЮГА,12993,12026
2026-08-01 00:00,2026-08-01,0,550000,ОЭС ЮГА,12084,10770
2026-08-01 01:00,2026-08-01,1,550000,ОЭС ЮГА,11479,10344
2026-08-01 02:00,2026-08-01,2,550000,ОЭС ЮГА,11007,9933
2026-08-01 03:00,2026-08-01,3,550000,ОЭС ЮГА,10643,9763
2026-08-01 04:00,2026-08-01,4,550000,ОЭС ЮГА,10282,9691
2026-08-01 05:00,2026-08-01,5,550000,ОЭС ЮГА,10146,9382
2026-08-01 06:00,2026-08-01,6,550000,ОЭС ЮГА,10805,9693
2026-08-01 07:00,2026-08-01,7,550000,ОЭС ЮГА,11713,9894
2026-08-01 08:00,2026-08-01,8,550000,ОЭС ЮГА,12646,10880
2026-08-01 09:00,2026-08-01,9,550000,ОЭС ЮГА,13622,12348
2026-08-01 10:00,2026-08-01,10,550000,ОЭС ЮГА,14529,13105
2026-08-01 11:00,2026-08-01,11,550000,ОЭС ЮГА,14855,13792
2026-08-01 12:00,2026-08-01,12,550000,ОЭС ЮГА,15505,14056
2026-08-01 13:00,2026-08-01,13,550000,ОЭС ЮГА,15837,14620
2026-08-01 14:00,2026-08-01,14,550000,ОЭС ЮГА,16162,14751
2026-08-01 15:00,2026-08-01,15,550000,ОЭС ЮГА,15981,14854
2026-08-01 16:00,2026-08-01,16,550000,ОЭС ЮГА,15949,14976
2026-08-01 17:00,2026-08-01,17,550000,ОЭС ЮГА,15531,14790
2026-08-01 18:00,2026-08-01,18,550000,ОЭС ЮГА,15402,14710
2026-08-01 19:00,2026-08-01,19,550000,ОЭС ЮГА,14886,14121
2026-08-01 20:00,2026-08-01,20,550000,ОЭС ЮГА,15023,14125
2026-08-01 21:00,2026-08-01,21,550000,ОЭС ЮГА,15255,13997
2026-08-01 22:00,2026-08-01,22,550000,ОЭС ЮГА,13805,13336
2026-08-01 23:00,2026-08-01,23,550000,ОЭС ЮГА,12770,12245
2026-08-02 00:00,2026-08-02,0,550000,ОЭС ЮГА,11868,11208
2026-08-02 01:00,2026-08-02,1,550000,ОЭС ЮГА,11926,10526
2026-08-02 02:00,2026-08-02,2,550000,ОЭС ЮГА,10624,10192
2026-08-02 03:00,2026-08-02,3,550000,ОЭС ЮГА,10680,9905
2026-08-02 04:00,2026-08-02,4,550000,ОЭС ЮГА,10453,9719
2026-08-02 05:00,2026-08-02,5,550000,ОЭС ЮГА,10223,9573
2026-08-02 06:00,2026-08-02,6,550000,ОЭС ЮГА,10748,9635
2026-08-02 07:00,2026-08-02,7,550000,ОЭС ЮГА,11228,10029
2026-08-02 08:00,2026-08-02,8,550000,ОЭС ЮГА,12333,11009
2026-08-02 09:00,2026-08-02,9,550000,ОЭС ЮГА,14027,12548
2026-08-02 10:00,2026-08-02,10,550000,ОЭС ЮГА,14930,13517
2026-08-02 11:00,2026-08-02,11,550000,ОЭС ЮГА,15319,14185
2026-08-02 12:00,2026-08-02,12,550000,ОЭС ЮГА,15819,14642
2026-08-02 13:00,2026-08-02,13,550000,ОЭС ЮГА,15799,15048
2026-08-02 14:00,2026-08-02,14,550000,ОЭС ЮГА,15909,15244
2026-08-02 15:00,2026-08-02,15,550000,ОЭС ЮГА,16180,15452
2026-08-02 16:00,2026-08-02,16,550000,ОЭС ЮГА,15895,15414
2026-08-02 17:00,2026-08-02,17,550000,ОЭС ЮГА,15931,15605
2026-08-02 18:00,2026-08-02,18,550000,ОЭС ЮГА,16151,15492
2026-08-02 19:00,2026-08-02,19,550000,ОЭС ЮГА,15745,15108
2026-08-02 20:00,2026-08-02,20,550000,ОЭС ЮГА,15579,14766
2026-08-02 21:00,2026-08-02,21,550000,ОЭС ЮГА,15905,14810
2026-08-02 22:00,2026-08-02,22,550000,ОЭС ЮГА,14781,13977
2026-08-02 23:00,2026-08-02,23,550000,ОЭС ЮГА,13918,13041
2026-08-03 00:00,2026-08-03,0,550000,ОЭС ЮГА,12700,11697
2026-08-03 01:00,2026-08-03,1,550000,ОЭС ЮГА,13048,11347
2026-08-03 02:00,2026-08-03,2,550000,ОЭС ЮГА,12319,10836
2026-08-03 03:00,2026-08-03,3,550000,ОЭС ЮГА,11548,10234
2026-08-03 04:00,2026-08-03,4,550000,ОЭС ЮГА,11448,10263
2026-08-03 05:00,2026-08-03,5,550000,ОЭС ЮГА,11437,9934
2026-08-03 06:00,2026-08-03,6,550000,ОЭС ЮГА,12058,10367
2026-08-03 07:00,2026-08-03,7,550000,ОЭС ЮГА,12647,11298
2026-08-03 08:00,2026-08-03,8,550000,ОЭС ЮГА,14038,12567
2026-08-03 09:00,2026-08-03,9,550000,ОЭС ЮГА,15540,14291
2026-08-03 10:00,2026-08-03,10,550000,ОЭС ЮГА,16384,15349
2026-08-03 11:00,2026-08-03,11,550000,ОЭС ЮГА,16984,15808
2026-08-03 12:00,2026-08-03,12,550000,ОЭС ЮГА,16935,16282
2026-08-03 13:00,2026-08-03,13,550000,ОЭС ЮГА,17139,16629
2026-08-03 14:00,2026-08-03,14,550000,ОЭС ЮГА,17842,16776
2026-08-03 15:00,2026-08-03,15,550000,ОЭС ЮГА,17957,16811
2026-08-03 16:00,2026-08-03,16,550000,ОЭС ЮГА,18057,16851
2026-08-03 17:00,2026-08-03,17,550000,ОЭС ЮГА,17731,16443
2026-08-03 18:00,2026-08-03,18,550000,ОЭС ЮГА,17264,16230
2026-08-03 19:00,2026-08-03,19,550000,ОЭС ЮГА,16797,15641
2026-08-03 20:00,2026-08-03,20,550000,ОЭС ЮГА,16467,15624
2026-08-03 21:00,2026-08-03,21,550000,ОЭС ЮГА,16712,15502
2026-08-03 22:00,2026-08-03,22,550000,ОЭС ЮГА,15760,14758
2026-08-03 23:00,2026-08-03,23,550000,ОЭС ЮГА,14690,13774
2026-08-04 00:00,2026-08-04,0,550000,ОЭС ЮГА,14028,12501
2026-08-04 01:00,2026-08-04,1,550000,ОЭС ЮГА,13624,11914
2026-08-04 02:00,2026-08-04,2,550000,ОЭС ЮГА,12845,11287
2026-08-04 03:00,2026-08-04,3,550000,ОЭС ЮГА,12979,11134
2026-08-04 04:00,2026-08-04,4,550000,ОЭС ЮГА,12830,10934
2026-08-04 05:00,2026-08-04,5,550000,ОЭС ЮГА,12511,10670
2026-08-04 06:00,2026-08-04,6,550000,ОЭС ЮГА,12441,11048
2026-08-04 07:00,2026-08-04,7,550000,ОЭС ЮГА,13090,11858
2026-08-04 08:00,2026-08-04,8,550000,ОЭС ЮГА,14567,12919
2026-08-04 09:00,2026-08-04,9,550000,ОЭС ЮГА,15714,14168
2026-08-04 10:00,2026-08-04,10,550000,ОЭС ЮГА,16509,15052
2026-08-04 11:00,2026-08-04,11,550000,ОЭС ЮГА,16800,15566
2026-08-04 12:00,2026-08-04,12,550000,ОЭС ЮГА,17019,15716
2026-08-04 13:00,2026-08-04,13,550000,ОЭС ЮГА,17115,16118
2026-08-04 14:00,2026-08-04,14,550000,ОЭС ЮГА,17179,16310
2026-08-04 15:00,2026-08-04,15,550000,ОЭС ЮГА,16893,16332
2026-08-04 16:00,2026-08-04,16,550000,ОЭС ЮГА,17214,16360
2026-08-04 17:00,2026-08-04,17,550000,ОЭС ЮГА,17043,15966
2026-08-04 18:00,2026-08-04,18,550000,ОЭС ЮГА,16567,15488
2026-08-04 19:00,2026-08-04,19,550000,ОЭС ЮГА,15685,15325
2026-08-04 20:00,2026-08-04,20,550000,ОЭС ЮГА,15864,15243
2026-08-04 21:00,2026-08-04,21,550000,ОЭС ЮГА,16015,15316
2026-08-04 22:00,2026-08-04,22,550000,ОЭС ЮГА,15385,14577
2026-08-04 23:00,2026-08-04,23,550000,ОЭС ЮГА,14603,13355
2026-08-05 00:00,2026-08-05,0,550000,ОЭС ЮГА,13453,12174
2026-08-05 01:00,2026-08-05,1,550000,ОЭС ЮГА,13139,11564
2026-08-05 02:00,2026-08-05,2,550000,ОЭС ЮГА,12868,11128
2026-08-05 03:00,2026-08-05,3,550000,ОЭС ЮГА,12509,10812
2026-08-05 04:00,2026-08-05,4,550000,ОЭС ЮГА,12124,10535
2026-08-05 05:00,2026-08-05,5,550000,ОЭС ЮГА,12111,10468
2026-08-05 06:00,2026-08-05,6,550000,ОЭС ЮГА,12544,10820
2026-08-05 07:00,2026-08-05,7,550000,ОЭС ЮГА,13015,11244
2026-08-05 08:00,2026-08-05,8,550000,ОЭС ЮГА,14209,12784
2026-08-05 09:00,2026-08-05,9,550000,ОЭС ЮГА,14689,14197
2026-08-05 10:00,2026-08-05,10,550000,ОЭС ЮГА,15408,15388
2026-08-05 11:00,2026-08-05,11,550000,ОЭС ЮГА,15904,15954
2026-08-05 12:00,2026-08-05,12,550000,ОЭС ЮГА,16464,16156
2026-08-05 13:00,2026-08-05,13,550000,ОЭС ЮГА,16639,16314
2026-08-05 14:00,2026-08-05,14,550000,ОЭС ЮГА,17113,16688
2026-08-05 15:00,2026-08-05,15,550000,ОЭС ЮГА,17098,16888
2026-08-05 16:00,2026-08-05,16,550000,ОЭС ЮГА,17259,16781
2026-08-05 17:00,2026-08-05,17,550000,ОЭС ЮГА,17360,16405
2026-08-05 18:00,2026-08-05,18,550000,ОЭС ЮГА,16766,16016
2026-08-05 19:00,2026-08-05,19,550000,ОЭС ЮГА,16188,15565
2026-08-05 20:00,2026-08-05,20,550000,ОЭС ЮГА,15823,15625
2026-08-05 21:00,2026-08-05,21,550000,ОЭС ЮГА,15506,15598
2026-08-05 22:00,2026-08-05,22,550000,ОЭС ЮГА,14829,14647
2026-08-05 23:00,2026-08-05,23,550000,ОЭС ЮГА,14451,13370
2026-08-06 00:00,2026-08-06,0,550000,ОЭС ЮГА,13195,12309
2026-08-06 01:00,2026-08-06,1,550000,ОЭС ЮГА,12845,11545
2026-08-06 02:00,2026-08-06,2,550000,ОЭС ЮГА,12288,11096
2026-08-06 03:00,2026-08-06,3,550000,ОЭС ЮГА,11922,10680
2026-08-06 04:00,2026-08-06,4,550000,ОЭС ЮГА,11559,10552
2026-08-06 05:00,2026-08-06,5,550000,ОЭС ЮГА,11483,10342
2026-08-06 06:00,2026-08-06,6,550000,ОЭС ЮГА,11895,10648
2026-08-06 07:00,2026-08-06,7,550000,ОЭС ЮГА,12585,11400
2026-08-06 08:00,2026-08-06,8,550000,ОЭС ЮГА,13606,12804
2026-08-06 09:00,2026-08-06,9,550000,ОЭС ЮГА,14815,14300
2026-08-06 10:00,2026-08-06,10,550000,ОЭС ЮГА,15356,15220
2026-08-06 11:00,2026-08-06,11,550000,ОЭС ЮГА,16197,16035
2026-08-06 12:00,2026-08-06,12,550000,ОЭС ЮГА,17453,16186
2026-08-06 13:00,2026-08-06,13,550000,ОЭС ЮГА,17850,16644
2026-08-06 14:00,2026-08-06,14,550000,ОЭС ЮГА,17725,16887
2026-08-06 15:00,2026-08-06,15,550000,ОЭС ЮГА,17738,16869
2026-08-06 16:00,2026-08-06,16,550000,ОЭС ЮГА,17559,16727
2026-08-06 17:00,2026-08-06,17,550000,ОЭС ЮГА,17408,16443
2026-08-06 18:00,2026-08-06,18,550000,ОЭС ЮГА,16711,16187
2026-08-06 19:00,2026-08-06,19,550000,ОЭС ЮГА,16345,15722
2026-08-06 20:00,2026-08-06,20,550000,ОЭС ЮГА,16212,15955
2026-08-06 21:00,2026-08-06,21,550000,ОЭС ЮГА,16095,15912
2026-08-06 22:00,2026-08-06,22,550000,ОЭС ЮГА,15044,15134
2026-08-06 23:00,2026-08-06,23,550000,ОЭС ЮГА,14624,13962
2026-08-07 00:00,2026-08-07,0,550000,ОЭС ЮГА,13693,12614
2026-08-07 01:00,2026-08-07,1,550000,ОЭС ЮГА,12952,11901
2026-08-07 02:00,2026-08-07,2,550000,ОЭС ЮГА,12368,11214
2026-08-07 03:00,2026-08-07,3,550000,ОЭС ЮГА,12124,10909
2026-08-07 04:00,2026-08-07,4,550000,ОЭС ЮГА,10992,10891
2026-08-07 05:00,2026-08-07,5,550000,ОЭС ЮГА,10903,10485
2026-08-07 06:00,2026-08-07,6,550000,ОЭС ЮГА,11597,10911
2026-08-07 07:00,2026-08-07,7,550000,ОЭС ЮГА,11922,11942
2026-08-07 08:00,2026-08-07,8,550000,ОЭС ЮГА,13128,13152
2026-08-07 09:00,2026-08-07,9,550000,ОЭС ЮГА,15135,14921
2026-08-07 10:00,2026-08-07,10,550000,ОЭС ЮГА,15768,15789
2026-08-07 11:00,2026-08-07,11,550000,ОЭС ЮГА,17095,16190
2026-08-07 12:00,2026-08-07,12,550000,ОЭС ЮГА,17583,16695
2026-08-07 13:00,2026-08-07,13,550000,ОЭС ЮГА,17791,17168
2026-08-07 14:00,2026-08-07,14,550000,ОЭС ЮГА,18173,17524
2026-08-07 15:00,2026-08-07,15,550000,ОЭС ЮГА,18265,17454
2026-08-07 16:00,2026-08-07,16,550000,ОЭС ЮГА,17830,17553
2026-08-07 17:00,2026-08-07,17,550000,ОЭС ЮГА,17168,17241
2026-08-07 18:00,2026-08-07,18,550000,ОЭС ЮГА,16336,16768
2026-08-07 19:00,2026-08-07,19,550000,ОЭС ЮГА,15864,16166
2026-08-07 20:00,2026-08-07,20,550000,ОЭС ЮГА,16074,16446
2026-08-07 21:00,2026-08-07,21,550000,ОЭС ЮГА,15826,15998
2026-08-07 22:00,2026-08-07,22,550000,ОЭС ЮГА,14790,15505
2026-08-07 23:00,2026-08-07,23,550000,ОЭС ЮГА,14670,14135
2026-08-08 00:00,2026-08-08,0,550000,ОЭС ЮГА,14104,13003
2026-08-08 01:00,2026-08-08,1,550000,ОЭС ЮГА,13112,12233
2026-08-08 02:00,2026-08-08,2,550000,ОЭС ЮГА,12721,11764
2026-08-08 03:00,2026-08-08,3,550000,ОЭС ЮГА,12089,11171
2026-08-08 04:00,2026-08-08,4,550000,ОЭС ЮГА,11925,11036
2026-08-08 05:00,2026-08-08,5,550000,ОЭС ЮГА,11837,10910
2026-08-08 06:00,2026-08-08,6,550000,ОЭС ЮГА,12058,11097
2026-08-08 07:00,2026-08-08,7,550000,ОЭС ЮГА,12683,11574
2026-08-08 08:00,2026-08-08,8,550000,ОЭС ЮГА,13929,12898
2026-08-08 09:00,2026-08-08,9,550000,ОЭС ЮГА,15157,14090
2026-08-08 10:00,2026-08-08,10,550000,ОЭС ЮГА,16471,15489
2026-08-08 11:00,2026-08-08,11,550000,ОЭС ЮГА,17058,16204
2026-08-08 12:00,2026-08-08,12,550000,ОЭС ЮГА,17620,16621
2026-08-08 13:00,2026-08-08,13,550000,ОЭС ЮГА,17629,17072
2026-08-08 14:00,2026-08-08,14,550000,ОЭС ЮГА,17709,17034
2026-08-08 15:00,2026-08-08,15,550000,ОЭС ЮГА,17758,17273
2026-08-08 16:00,2026-08-08,16,550000,ОЭС ЮГА,17218,17170
2026-08-08 17:00,2026-08-08,17,550000,ОЭС ЮГА,17190,17141
2026-08-08 18:00,2026-08-08,18,550000,ОЭС ЮГА,16663,16691
2026-08-08 19:00,2026-08-08,19,550000,ОЭС ЮГА,16300,16213
2026-08-08 20:00,2026-08-08,20,550000,ОЭС ЮГА,15970,16391
2026-08-08 21:00,2026-08-08,21,550000,ОЭС ЮГА,16663,16289
2026-08-08 22:00,2026-08-08,22,550000,ОЭС ЮГА,15376,15472
2026-08-08 23:00,2026-08-08,23,550000,ОЭС ЮГА,14470,14228
2026-08-09 00:00,2026-08-09,0,550000,ОЭС ЮГА,13953,13208
2026-08-09 01:00,2026-08-09,1,550000,ОЭС ЮГА,13179,12563
2026-08-09 02:00,2026-08-09,2,550000,ОЭС ЮГА,12389,11938
2026-08-09 03:00,2026-08-09,3,550000,ОЭС ЮГА,11317,11473
2026-08-09 04:00,2026-08-09,4,550000,ОЭС ЮГА,11468,11240
2026-08-09 05:00,2026-08-09,5,550000,ОЭС ЮГА,11075,10892
2026-08-09 06:00,2026-08-09,6,550000,ОЭС ЮГА,11719,10958
2026-08-09 07:00,2026-08-09,7,550000,ОЭС ЮГА,12485,11512
2026-08-09 08:00,2026-08-09,8,550000,ОЭС ЮГА,13148,12494
2026-08-09 09:00,2026-08-09,9,550000,ОЭС ЮГА,14564,13821
2026-08-09 10:00,2026-08-09,10,550000,ОЭС ЮГА,15532,15028
2026-08-09 11:00,2026-08-09,11,550000,ОЭС ЮГА,16070,15913
2026-08-09 12:00,2026-08-09,12,550000,ОЭС ЮГА,16583,16440
2026-08-09 13:00,2026-08-09,13,550000,ОЭС ЮГА,16630,16907
2026-08-09 14:00,2026-08-09,14,550000,ОЭС ЮГА,17174,16690
2026-08-09 15:00,2026-08-09,15,550000,ОЭС ЮГА,17402,16946
2026-08-09 16:00,2026-08-09,16,550000,ОЭС ЮГА,17480,17089
2026-08-09 17:00,2026-08-09,17,550000,ОЭС ЮГА,17207,16698
2026-08-09 18:00,2026-08-09,18,550000,ОЭС ЮГА,16969,16475
2026-08-09 19:00,2026-08-09,19,550000,ОЭС ЮГА,16520,16006
2026-08-09 20:00,2026-08-09,20,550000,ОЭС ЮГА,15442,16117
2026-08-09 21:00,2026-08-09,21,550000,ОЭС ЮГА,16068,16001
2026-08-09 22:00,2026-08-09,22,550000,ОЭС ЮГА,14722,15146
2026-08-09 23:00,2026-08-09,23,550000,ОЭС ЮГА,14224,13721
2026-08-10 00:00,2026-08-10,0,550000,ОЭС ЮГА,12969,12671
2026-08-10 01:00,2026-08-10,1,550000,ОЭС ЮГА,12942,12265
2026-08-10 02:00,2026-08-10,2,550000,ОЭС ЮГА,12151,11569
2026-08-10 03:00,2026-08-10,3,550000,ОЭС ЮГА,11725,11227
2026-08-10 04:00,2026-08-10,4,550000,ОЭС ЮГА,11299,11000
2026-08-10 05:00,2026-08-10,5,550000,ОЭС ЮГА,10949,10681
2026-08-10 06:00,2026-08-10,6,550000,ОЭС ЮГА,12436,11107
2026-08-10 07:00,2026-08-10,7,550000,ОЭС ЮГА,13170,11831
2026-08-10 08:00,2026-08-10,8,550000,ОЭС ЮГА,14179,13052
2026-08-10 09:00,2026-08-10,9,550000,ОЭС ЮГА,14905,14723
2026-08-10 10:00,2026-08-10,10,550000,ОЭС ЮГА,15339,15752
2026-08-10 11:00,2026-08-10,11,550000,ОЭС ЮГА,15994,16320
2026-08-10 12:00,2026-08-10,12,550000,ОЭС ЮГА,16385,16798
2026-08-10 13:00,2026-08-10,13,550000,ОЭС ЮГА,16759,17017
2026-08-10 14:00,2026-08-10,14,550000,ОЭС ЮГА,16822,17493
2026-08-10 15:00,2026-08-10,15,550000,ОЭС ЮГА,16866,17242
2026-08-10 16:00,2026-08-10,16,550000,ОЭС ЮГА,17200,17002
2026-08-10 17:00,2026-08-10,17,550000,ОЭС ЮГА,17060,16577
2026-08-10 18:00,2026-08-10,18,550000,ОЭС ЮГА,16660,15868
2026-08-10 19:00,2026-08-10,19,550000,ОЭС ЮГА,15413,15568
2026-08-10 20:00,2026-08-10,20,550000,ОЭС ЮГА,15676,15820
2026-08-10 21:00,2026-08-10,21,550000,ОЭС ЮГА,15868,15712
2026-08-10 22:00,2026-08-10,22,550000,ОЭС ЮГА,14700,14750
2026-08-10 23:00,2026-08-10,23,550000,ОЭС ЮГА,14382,13598
2026-08-11 00:00,2026-08-11,0,550000,ОЭС ЮГА,13324,12442
2026-08-11 01:00,2026-08-11,1,550000,ОЭС ЮГА,12592,11957
2026-08-11 02:00,2026-08-11,2,550000,ОЭС ЮГА,12032,11273
2026-08-11 03:00,2026-08-11,3,550000,ОЭС ЮГА,11671,11095
2026-08-11 04:00,2026-08-11,4,550000,ОЭС ЮГА,11816,10757
2026-08-11 05:00,2026-08-11,5,550000,ОЭС ЮГА,11686,10736
2026-08-11 06:00,2026-08-11,6,550000,ОЭС ЮГА,12837,11118
2026-08-11 07:00,2026-08-11,7,550000,ОЭС ЮГА,13134,11764
2026-08-11 08:00,2026-08-11,8,550000,ОЭС ЮГА,14083,12830
2026-08-11 09:00,2026-08-11,9,550000,ОЭС ЮГА,14902,14454
2026-08-11 10:00,2026-08-11,10,550000,ОЭС ЮГА,15704,15239
2026-08-11 11:00,2026-08-11,11,550000,ОЭС ЮГА,16332,15746
2026-08-11 12:00,2026-08-11,12,550000,ОЭС ЮГА,16937,16095
2026-08-11 13:00,2026-08-11,13,550000,ОЭС ЮГА,17459,16747
2026-08-11 14:00,2026-08-11,14,550000,ОЭС ЮГА,17589,16967
2026-08-11 15:00,2026-08-11,15,550000,ОЭС ЮГА,17760,17034
2026-08-11 16:00,2026-08-11,16,550000,ОЭС ЮГА,17734,17099
2026-08-11 17:00,2026-08-11,17,550000,ОЭС ЮГА,17192,16802
2026-08-11 18:00,2026-08-11,18,550000,ОЭС ЮГА,17109,16423
2026-08-11 19:00,2026-08-11,19,550000,ОЭС ЮГА,16570,16034
2026-08-11 20:00,2026-08-11,20,550000,ОЭС ЮГА,16591,16263
2026-08-11 21:00,2026-08-11,21,550000,ОЭС ЮГА,16277,16106
2026-08-11 22:00,2026-08-11,22,550000,ОЭС ЮГА,15333,14989
2026-08-11 23:00,2026-08-11,23,550000,ОЭС ЮГА,14809,14091
2026-08-12 00:00,2026-08-12,0,550000,ОЭС ЮГА,13820,12500
2026-08-12 01:00,2026-08-12,1,550000,ОЭС ЮГА,13182,11866
2026-08-12 02:00,2026-08-12,2,550000,ОЭС ЮГА,12386,11364
2026-08-12 03:00,2026-08-12,3,550000,ОЭС ЮГА,12032,11032
2026-08-12 04:00,2026-08-12,4,550000,ОЭС ЮГА,11804,10921
2026-08-12 05:00,2026-08-12,5,550000,ОЭС ЮГА,11506,10579
2026-08-12 06:00,2026-08-12,6,550000,ОЭС ЮГА,12616,10961
2026-08-12 07:00,2026-08-12,7,550000,ОЭС ЮГА,13114,11668
2026-08-12 08:00,2026-08-12,8,550000,ОЭС ЮГА,13820,13098
2026-08-12 09:00,2026-08-12,9,550000,ОЭС ЮГА,15415,14830
2026-08-12 10:00,2026-08-12,10,550000,ОЭС ЮГА,16621,15769
2026-08-12 11:00,2026-08-12,11,550000,ОЭС ЮГА,17330,16472
2026-08-12 12:00,2026-08-12,12,550000,ОЭС ЮГА,17356,16793
2026-08-12 13:00,2026-08-12,13,550000,ОЭС ЮГА,17751,17191
2026-08-12 14:00,2026-08-12,14,550000,ОЭС ЮГА,18086,17508
2026-08-12 15:00,2026-08-12,15,550000,ОЭС ЮГА,17889,17385
2026-08-12 16:00,2026-08-12,16,550000,ОЭС ЮГА,17522,17444
2026-08-12 17:00,2026-08-12,17,550000,ОЭС ЮГА,16893,16872
2026-08-12 18:00,2026-08-12,18,550000,ОЭС ЮГА,16822,16511
2026-08-12 19:00,2026-08-12,19,550000,ОЭС ЮГА,16416,16236
2026-08-12 20:00,2026-08-12,20,550000,ОЭС ЮГА,16384,16304
2026-08-12 21:00,2026-08-12,21,550000,ОЭС ЮГА,16226,16011
2026-08-12 22:00,2026-08-12,22,550000,ОЭС ЮГА,15313,15175
2026-08-12 23:00,2026-08-12,23,550000,ОЭС ЮГА,14120,13843
2026-08-13 00:00,2026-08-13,0,550000,ОЭС ЮГА,13681,12404
2026-08-13 01:00,2026-08-13,1,550000,ОЭС ЮГА,13181,12022
2026-08-13 02:00,2026-08-13,2,550000,ОЭС ЮГА,12622,11261
2026-08-13 03:00,2026-08-13,3,550000,ОЭС ЮГА,12748,11000
2026-08-13 04:00,2026-08-13,4,550000,ОЭС ЮГА,12696,10772
2026-08-13 05:00,2026-08-13,5,550000,ОЭС ЮГА,12227,10444
2026-08-13 06:00,2026-08-13,6,550000,ОЭС ЮГА,12764,10794
2026-08-13 07:00,2026-08-13,7,550000,ОЭС ЮГА,13153,11307
2026-08-13 08:00,2026-08-13,8,550000,ОЭС ЮГА,14113,12618
2026-08-13 09:00,2026-08-13,9,550000,ОЭС ЮГА,14698,13826
2026-08-13 10:00,2026-08-13,10,550000,ОЭС ЮГА,15079,14795
2026-08-13 11:00,2026-08-13,11,550000,ОЭС ЮГА,16251,15256
2026-08-13 12:00,2026-08-13,12,550000,ОЭС ЮГА,16463,15548
2026-08-13 13:00,2026-08-13,13,550000,ОЭС ЮГА,16784,15809
2026-08-13 14:00,2026-08-13,14,550000,ОЭС ЮГА,17030,16050
2026-08-13 15:00,2026-08-13,15,550000,ОЭС ЮГА,16802,15900
2026-08-13 16:00,2026-08-13,16,550000,ОЭС ЮГА,16634,15799
2026-08-13 17:00,2026-08-13,17,550000,ОЭС ЮГА,16290,15258
2026-08-13 18:00,2026-08-13,18,550000,ОЭС ЮГА,16269,14920
2026-08-13 19:00,2026-08-13,19,550000,ОЭС ЮГА,16034,14471
2026-08-13 20:00,2026-08-13,20,550000,ОЭС ЮГА,15529,14439
2026-08-13 21:00,2026-08-13,21,550000,ОЭС ЮГА,15742,14205
2026-08-13 22:00,2026-08-13,22,550000,ОЭС ЮГА,14613,13357
2026-08-13 23:00,2026-08-13,23,550000,ОЭС ЮГА,13622,12334
2026-08-14 00:00,2026-08-14,0,550000,ОЭС ЮГА,12729,11431
2026-08-14 01:00,2026-08-14,1,550000,ОЭС ЮГА,12194,10746
2026-08-14 02:00,2026-08-14,2,550000,ОЭС ЮГА,12144,10483
2026-08-14 03:00,2026-08-14,3,550000,ОЭС ЮГА,11709,10083
2026-08-14 04:00,2026-08-14,4,550000,ОЭС ЮГА,11603,9803
2026-08-14 05:00,2026-08-14,5,550000,ОЭС ЮГА,11635,9890
2026-08-14 06:00,2026-08-14,6,550000,ОЭС ЮГА,11741,10053
2026-08-14 07:00,2026-08-14,7,550000,ОЭС ЮГА,12584,10681
2026-08-14 08:00,2026-08-14,8,550000,ОЭС ЮГА,13507,11742
2026-08-14 09:00,2026-08-14,9,550000,ОЭС ЮГА,14064,12725
2026-08-14 10:00,2026-08-14,10,550000,ОЭС ЮГА,14709,13324
2026-08-14 11:00,2026-08-14,11,550000,ОЭС ЮГА,14773,13461
2026-08-14 12:00,2026-08-14,12,550000,ОЭС ЮГА,14803,13666
2026-08-14 13:00,2026-08-14,13,550000,ОЭС ЮГА,14254,13580
2026-08-14 14:00,2026-08-14,14,550000,ОЭС ЮГА,14787,13949
2026-08-14 15:00,2026-08-14,15,550000,ОЭС ЮГА,15088,13791
2026-08-14 16:00,2026-08-14,16,550000,ОЭС ЮГА,15058,13657
2026-08-14 17:00,2026-08-14,17,550000,ОЭС ЮГА,14979,13451
2026-08-14 18:00,2026-08-14,18,550000,ОЭС ЮГА,14761,13211
2026-08-14 19:00,2026-08-14,19,550000,ОЭС ЮГА,14454,13075
2026-08-14 20:00,2026-08-14,20,550000,ОЭС ЮГА,14161,13356
2026-08-14 21:00,2026-08-14,21,550000,ОЭС ЮГА,14045,13090
2026-08-14 22:00,2026-08-14,22,550000,ОЭС ЮГА,13949,12391
2026-08-14 23:00,2026-08-14,23,550000,ОЭС ЮГА,13221,11450
2026-08-15 00:00,2026-08-15,0,550000,ОЭС ЮГА,12348,10680
2026-08-15 01:00,2026-08-15,1,550000,ОЭС ЮГА,11759,10167
2026-08-15 02:00,2026-08-15,2,550000,ОЭС ЮГА,11631,9759
2026-08-15 03:00,2026-08-15,3,550000,ОЭС ЮГА,11506,9489
2026-08-15 04:00,2026-08-15,4,550000,ОЭС ЮГА,11239,9336
2026-08-15 05:00,2026-08-15,5,550000,ОЭС ЮГА,11251,9143
2026-08-15 06:00,2026-08-15,6,550000,ОЭС ЮГА,11264,9376
2026-08-15 07:00,2026-08-15,7,550000,ОЭС ЮГА,11899,10026
2026-08-15 08:00,2026-08-15,8,550000,ОЭС ЮГА,12990,10944
2026-08-15 09:00,2026-08-15,9,550000,ОЭС ЮГА,13445,12104
2026-08-15 10:00,2026-08-15,10,550000,ОЭС ЮГА,14136,12471
2026-08-15 11:00,2026-08-15,11,550000,ОЭС ЮГА,14155,12654
2026-08-15 12:00,2026-08-15,12,550000,ОЭС ЮГА,14306,12928
2026-08-15 13:00,2026-08-15,13,550000,ОЭС ЮГА,14209,12990
2026-08-15 14:00,2026-08-15,14,550000,ОЭС ЮГА,14515,13142
2026-08-15 15:00,2026-08-15,15,550000,ОЭС ЮГА,14417,13171
2026-08-15 16:00,2026-08-15,16,550000,ОЭС ЮГА,14166,13198
2026-08-15 17:00,2026-08-15,17,550000,ОЭС ЮГА,13912,12950
2026-08-15 18:00,2026-08-15,18,550000,ОЭС ЮГА,14004,12867
2026-08-15 19:00,2026-08-15,19,550000,ОЭС ЮГА,14189,12772
2026-08-15 20:00,2026-08-15,20,550000,ОЭС ЮГА,13743,12849
2026-08-15 21:00,2026-08-15,21,550000,ОЭС ЮГА,13899,12576
2026-08-15 22:00,2026-08-15,22,550000,ОЭС ЮГА,13262,11893
2026-08-15 23:00,2026-08-15,23,550000,ОЭС ЮГА,12600,10965
2026-08-16 00:00,2026-08-16,0,550000,ОЭС ЮГА,11710,10351
2026-08-16 01:00,2026-08-16,1,550000,ОЭС ЮГА,11234,9892
2026-08-16 02:00,2026-08-16,2,550000,ОЭС ЮГА,11038,9585
2026-08-16 03:00,2026-08-16,3,550000,ОЭС ЮГА,11023,9213
2026-08-16 04:00,2026-08-16,4,550000,ОЭС ЮГА,10899,9148
2026-08-16 05:00,2026-08-16,5,550000,ОЭС ЮГА,10715,9145
2026-08-16 06:00,2026-08-16,6,550000,ОЭС ЮГА,11163,9312
2026-08-16 07:00,2026-08-16,7,550000,ОЭС ЮГА,11348,9677
2026-08-16 08:00,2026-08-16,8,550000,ОЭС ЮГА,12160,10562
2026-08-16 09:00,2026-08-16,9,550000,ОЭС ЮГА,12948,11671
2026-08-16 10:00,2026-08-16,10,550000,ОЭС ЮГА,14157,12415
2026-08-16 11:00,2026-08-16,11,550000,ОЭС ЮГА,14184,12755
2026-08-16 12:00,2026-08-16,12,550000,ОЭС ЮГА,14388,13000
2026-08-16 13:00,2026-08-16,13,550000,ОЭС ЮГА,14435,13238
2026-08-16 14:00,2026-08-16,14,550000,ОЭС ЮГА,14559,13206
2026-08-16 15:00,2026-08-16,15,550000,ОЭС ЮГА,14352,13313
2026-08-16 16:00,2026-08-16,16,550000,ОЭС ЮГА,14249,13434
2026-08-16 17:00,2026-08-16,17,550000,ОЭС ЮГА,14188,13426
2026-08-16 18:00,2026-08-16,18,550000,ОЭС ЮГА,14158,13246
2026-08-16 19:00,2026-08-16,19,550000,ОЭС ЮГА,13997,13032
2026-08-16 20:00,2026-08-16,20,550000,ОЭС ЮГА,14203,13373
2026-08-16 21:00,2026-08-16,21,550000,ОЭС ЮГА,14226,13279
2026-08-16 22:00,2026-08-16,22,550000,ОЭС ЮГА,13526,12455
2026-08-16 23:00,2026-08-16,23,550000,ОЭС ЮГА,12970,11410
2026-08-17 00:00,2026-08-17,0,550000,ОЭС ЮГА,12282,10512
2026-08-17 01:00,2026-08-17,1,550000,ОЭС ЮГА,11482,10029
2026-08-17 02:00,2026-08-17,2,550000,ОЭС ЮГА,10993,9631
2026-08-17 03:00,2026-08-17,3,550000,ОЭС ЮГА,10952,9413
2026-08-17 04:00,2026-08-17,4,550000,ОЭС ЮГА,10863,9468
2026-08-17 05:00,2026-08-17,5,550000,ОЭС ЮГА,10666,9406
2026-08-17 06:00,2026-08-17,6,550000,ОЭС ЮГА,10817,9762
2026-08-17 07:00,2026-08-17,7,550000,ОЭС ЮГА,11552,10597
2026-08-17 08:00,2026-08-17,8,550000,ОЭС ЮГА,12417,11741
2026-08-17 09:00,2026-08-17,9,550000,ОЭС ЮГА,13373,13056
2026-08-17 10:00,2026-08-17,10,550000,ОЭС ЮГА,14712,13769
2026-08-17 11:00,2026-08-17,11,550000,ОЭС ЮГА,14518,13954
2026-08-17 12:00,2026-08-17,12,550000,ОЭС ЮГА,14639,14123
2026-08-17 13:00,2026-08-17,13,550000,ОЭС ЮГА,15403,14570
2026-08-17 14:00,2026-08-17,14,550000,ОЭС ЮГА,15268,14584
2026-08-17 15:00,2026-08-17,15,550000,ОЭС ЮГА,14984,14572
2026-08-17 16:00,2026-08-17,16,550000,ОЭС ЮГА,15024,14766
2026-08-17 17:00,2026-08-17,17,550000,ОЭС ЮГА,14800,14344
2026-08-17 18:00,2026-08-17,18,550000,ОЭС ЮГА,14600,14077
2026-08-17 19:00,2026-08-17,19,550000,ОЭС ЮГА,14336,13827
2026-08-17 20:00,2026-08-17,20,550000,ОЭС ЮГА,14569,13996
2026-08-17 21:00,2026-08-17,21,550000,ОЭС ЮГА,14418,13620
2026-08-17 22:00,2026-08-17,22,550000,ОЭС ЮГА,13771,12804
2026-08-17 23:00,2026-08-17,23,550000,ОЭС ЮГА,12363,11765
2026-08-18 00:00,2026-08-18,0,550000,ОЭС ЮГА,11683,10906
2026-08-18 01:00,2026-08-18,1,550000,ОЭС ЮГА,11429,10496
2026-08-18 02:00,2026-08-18,2,550000,ОЭС ЮГА,11158,9924
2026-08-18 03:00,2026-08-18,3,550000,ОЭС ЮГА,11036,9832
2026-08-18 04:00,2026-08-18,4,550000,ОЭС ЮГА,11139,9763
2026-08-18 05:00,2026-08-18,5,550000,ОЭС ЮГА,10751,9450
2026-08-18 06:00,2026-08-18,6,550000,ОЭС ЮГА,11372,9878
2026-08-18 07:00,2026-08-18,7,550000,ОЭС ЮГА,11990,10749
2026-08-18 08:00,2026-08-18,8,550000,ОЭС ЮГА,12458,11803
2026-08-18 09:00,2026-08-18,9,550000,ОЭС ЮГА,13704,13164
2026-08-18 10:00,2026-08-18,10,550000,ОЭС ЮГА,14263,13995
2026-08-18 11:00,2026-08-18,11,550000,ОЭС ЮГА,15063,14324
2026-08-18 12:00,2026-08-18,12,550000,ОЭС ЮГА,15634,14517
2026-08-18 13:00,2026-08-18,13,550000,ОЭС ЮГА,15463,14716
2026-08-18 14:00,2026-08-18,14,550000,ОЭС ЮГА,15718,15154
2026-08-18 15:00,2026-08-18,15,550000,ОЭС ЮГА,15621,15398
2026-08-18 16:00,2026-08-18,16,550000,ОЭС ЮГА,15483,15352
2026-08-18 17:00,2026-08-18,17,550000,ОЭС ЮГА,15099,15088
2026-08-18 18:00,2026-08-18,18,550000,ОЭС ЮГА,15061,14780
2026-08-18 19:00,2026-08-18,19,550000,ОЭС ЮГА,14940,14421
2026-08-18 20:00,2026-08-18,20,550000,ОЭС ЮГА,14946,14586
2026-08-18 21:00,2026-08-18,21,550000,ОЭС ЮГА,14758,14232
2026-08-18 22:00,2026-08-18,22,550000,ОЭС ЮГА,13816,13204
2026-08-18 23:00,2026-08-18,23,550000,ОЭС ЮГА,13168,12200
2026-08-19 00:00,2026-08-19,0,550000,ОЭС ЮГА,12874,11244
2026-08-19 01:00,2026-08-19,1,550000,ОЭС ЮГА,11341,10693
2026-08-19 02:00,2026-08-19,2,550000,ОЭС ЮГА,10746,10085
2026-08-19 03:00,2026-08-19,3,550000,ОЭС ЮГА,10939,9991
2026-08-19 04:00,2026-08-19,4,550000,ОЭС ЮГА,10823,9836
2026-08-19 05:00,2026-08-19,5,550000,ОЭС ЮГА,11100,9911
2026-08-19 06:00,2026-08-19,6,550000,ОЭС ЮГА,11483,10053
2026-08-19 07:00,2026-08-19,7,550000,ОЭС ЮГА,12228,10669
2026-08-19 08:00,2026-08-19,8,550000,ОЭС ЮГА,12906,11931
2026-08-19 09:00,2026-08-19,9,550000,ОЭС ЮГА,14127,13308
2026-08-19 10:00,2026-08-19,10,550000,ОЭС ЮГА,15069,14226
2026-08-19 11:00,2026-08-19,11,550000,ОЭС ЮГА,15329,14770
2026-08-19 12:00,2026-08-19,12,550000,ОЭС ЮГА,15530,15097
2026-08-19 13:00,2026-08-19,13,550000,ОЭС ЮГА,16003,15326
2026-08-19 14:00,2026-08-19,14,550000,ОЭС ЮГА,16684,15658
2026-08-19 15:00,2026-08-19,15,550000,ОЭС ЮГА,16552,15613
2026-08-19 16:00,2026-08-19,16,550000,ОЭС ЮГА,16357,15630
2026-08-19 17:00,2026-08-19,17,550000,ОЭС ЮГА,16198,15310
2026-08-19 18:00,2026-08-19,18,550000,ОЭС ЮГА,15663,14719
2026-08-19 19:00,2026-08-19,19,550000,ОЭС ЮГА,14033,14476
2026-08-19 20:00,2026-08-19,20,550000,ОЭС ЮГА,14875,14546
2026-08-19 21:00,2026-08-19,21,550000,ОЭС ЮГА,15092,14135
2026-08-19 22:00,2026-08-19,22,550000,ОЭС ЮГА,14667,13297
2026-08-19 23:00,2026-08-19,23,550000,ОЭС ЮГА,13148,12271
2026-08-20 00:00,2026-08-20,0,550000,ОЭС ЮГА,12849,11343
2026-08-20 01:00,2026-08-20,1,550000,ОЭС ЮГА,12109,10742
2026-08-20 02:00,2026-08-20,2,550000,ОЭС ЮГА,11027,9744
2026-08-20 03:00,2026-08-20,3,550000,ОЭС ЮГА,11099,9542
2026-08-20 04:00,2026-08-20,4,550000,ОЭС ЮГА,10883,9540
2026-08-20 05:00,2026-08-20,5,550000,ОЭС ЮГА,10954,9459
2026-08-20 06:00,2026-08-20,6,550000,ОЭС ЮГА,11069,9625
2026-08-20 07:00,2026-08-20,7,550000,ОЭС ЮГА,12220,10344
2026-08-20 08:00,2026-08-20,8,550000,ОЭС ЮГА,13429,11790
2026-08-20 09:00,2026-08-20,9,550000,ОЭС ЮГА,14128,13026
2026-08-20 10:00,2026-08-20,10,550000,ОЭС ЮГА,14611,13829
2026-08-20 11:00,2026-08-20,11,550000,ОЭС ЮГА,15310,14247
2026-08-20 12:00,2026-08-20,12,550000,ОЭС ЮГА,15469,14422
2026-08-20 13:00,2026-08-20,13,550000,ОЭС ЮГА,15708,14863
2026-08-20 14:00,2026-08-20,14,550000,ОЭС ЮГА,15751,15139
2026-08-20 15:00,2026-08-20,15,550000,ОЭС ЮГА,15811,15146
2026-08-20 16:00,2026-08-20,16,550000,ОЭС ЮГА,15688,14920
2026-08-20 17:00,2026-08-20,17,550000,ОЭС ЮГА,15548,14745
2026-08-20 18:00,2026-08-20,18,550000,ОЭС ЮГА,14992,14309
2026-08-20 19:00,2026-08-20,19,550000,ОЭС ЮГА,15101,14095
2026-08-20 20:00,2026-08-20,20,550000,ОЭС ЮГА,14925,14227
2026-08-20 21:00,2026-08-20,21,550000,ОЭС ЮГА,14870,13850
2026-08-20 22:00,2026-08-20,22,550000,ОЭС ЮГА,13713,13070
2026-08-20 23:00,2026-08-20,23,550000,ОЭС ЮГА,12742,12006
2026-08-21 00:00,2026-08-21,0,550000,ОЭС ЮГА,12339,11229
2026-08-21 01:00,2026-08-21,1,550000,ОЭС ЮГА,12003,10360
2026-08-21 02:00,2026-08-21,2,550000,ОЭС ЮГА,11514,10226
2026-08-21 03:00,2026-08-21,3,550000,ОЭС ЮГА,10911,9899
2026-08-21 04:00,2026-08-21,4,550000,ОЭС ЮГА,10846,9759
2026-08-21 05:00,2026-08-21,5,550000,ОЭС ЮГА,10918,9754
2026-08-21 06:00,2026-08-21,6,550000,ОЭС ЮГА,11357,9923
2026-08-21 07:00,2026-08-21,7,550000,ОЭС ЮГА,11873,10827
2026-08-21 08:00,2026-08-21,8,550000,ОЭС ЮГА,12880,11971
2026-08-21 09:00,2026-08-21,9,550000,ОЭС ЮГА,13927,13063
2026-08-21 10:00,2026-08-21,10,550000,ОЭС ЮГА,15429,13967
2026-08-21 11:00,2026-08-21,11,550000,ОЭС ЮГА,15518,14395
2026-08-21 12:00,2026-08-21,12,550000,ОЭС ЮГА,15871,14642
2026-08-21 13:00,2026-08-21,13,550000,ОЭС ЮГА,15856,14925
2026-08-21 14:00,2026-08-21,14,550000,ОЭС ЮГА,16226,15249
2026-08-21 15:00,2026-08-21,15,550000,ОЭС ЮГА,15803,15408
2026-08-21 16:00,2026-08-21,16,550000,ОЭС ЮГА,15774,15318
2026-08-21 17:00,2026-08-21,17,550000,ОЭС ЮГА,15518,15041
2026-08-21 18:00,2026-08-21,18,550000,ОЭС ЮГА,15307,14937
2026-08-21 19:00,2026-08-21,19,550000,ОЭС ЮГА,14692,14404
2026-08-21 20:00,2026-08-21,20,550000,ОЭС ЮГА,14666,14558
2026-08-21 21:00,2026-08-21,21,550000,ОЭС ЮГА,14708,14039
2026-08-21 22:00,2026-08-21,22,550000,ОЭС ЮГА,14153,13504
2026-08-21 23:00,2026-08-21,23,550000,ОЭС ЮГА,13324,12731
2026-08-22 00:00,2026-08-22,0,550000,ОЭС ЮГА,12991,11703
2026-08-22 01:00,2026-08-22,1,550000,ОЭС ЮГА,12319,11017
2026-08-22 02:00,2026-08-22,2,550000,ОЭС ЮГА,11626,10356
2026-08-22 03:00,2026-08-22,3,550000,ОЭС ЮГА,11575,10297
2026-08-22 04:00,2026-08-22,4,550000,ОЭС ЮГА,11522,10080
2026-08-22 05:00,2026-08-22,5,550000,ОЭС ЮГА,11259,9918
2026-08-22 06:00,2026-08-22,6,550000,ОЭС ЮГА,11945,10075
2026-08-22 07:00,2026-08-22,7,550000,ОЭС ЮГА,12064,10572
2026-08-22 08:00,2026-08-22,8,550000,ОЭС ЮГА,13205,11719
2026-08-22 09:00,2026-08-22,9,550000,ОЭС ЮГА,14049,13122
2026-08-22 10:00,2026-08-22,10,550000,ОЭС ЮГА,15121,14091
2026-08-22 11:00,2026-08-22,11,550000,ОЭС ЮГА,15723,14660
2026-08-22 12:00,2026-08-22,12,550000,ОЭС ЮГА,15816,15144
2026-08-22 13:00,2026-08-22,13,550000,ОЭС ЮГА,15805,15610
2026-08-22 14:00,2026-08-22,14,550000,ОЭС ЮГА,15812,15878
2026-08-22 15:00,2026-08-22,15,550000,ОЭС ЮГА,16305,16112
2026-08-22 16:00,2026-08-22,16,550000,ОЭС ЮГА,16561,16152
2026-08-22 17:00,2026-08-22,17,550000,ОЭС ЮГА,15918,15844
2026-08-22 18:00,2026-08-22,18,550000,ОЭС ЮГА,15645,15557
2026-08-22 19:00,2026-08-22,19,550000,ОЭС ЮГА,15254,14991
2026-08-22 20:00,2026-08-22,20,550000,ОЭС ЮГА,15197,14918
2026-08-22 21:00,2026-08-22,21,550000,ОЭС ЮГА,15240,14377
2026-08-22 22:00,2026-08-22,22,550000,ОЭС ЮГА,13744,13686
2026-08-22 23:00,2026-08-22,23,550000,ОЭС ЮГА,13540,12850
2026-08-23 00:00,2026-08-23,0,550000,ОЭС ЮГА,12740,11562
2026-08-23 01:00,2026-08-23,1,550000,ОЭС ЮГА,12134,11003
2026-08-23 02:00,2026-08-23,2,550000,ОЭС ЮГА,11935,10573
2026-08-23 03:00,2026-08-23,3,550000,ОЭС ЮГА,11631,10235
2026-08-23 04:00,2026-08-23,4,550000,ОЭС ЮГА,11179,9988
2026-08-23 05:00,2026-08-23,5,550000,ОЭС ЮГА,11120,9912
2026-08-23 06:00,2026-08-23,6,550000,ОЭС ЮГА,11070,9795
2026-08-23 07:00,2026-08-23,7,550000,ОЭС ЮГА,12048,10409
2026-08-23 08:00,2026-08-23,8,550000,ОЭС ЮГА,12717,11395
2026-08-23 09:00,2026-08-23,9,550000,ОЭС ЮГА,13762,12864
2026-08-23 10:00,2026-08-23,10,550000,ОЭС ЮГА,14223,13989
2026-08-23 11:00,2026-08-23,11,550000,ОЭС ЮГА,14717,14796
2026-08-23 12:00,2026-08-23,12,550000,ОЭС ЮГА,15277,15385
2026-08-23 13:00,2026-08-23,13,550000,ОЭС ЮГА,15582,16094
2026-08-23 14:00,2026-08-23,14,550000,ОЭС ЮГА,15968,16140
2026-08-23 15:00,2026-08-23,15,550000,ОЭС ЮГА,16479,16498
2026-08-23 16:00,2026-08-23,16,550000,ОЭС ЮГА,16546,16390
2026-08-23 17:00,2026-08-23,17,550000,ОЭС ЮГА,16863,16297
2026-08-23 18:00,2026-08-23,18,550000,ОЭС ЮГА,15852,16008
2026-08-23 19:00,2026-08-23,19,550000,ОЭС ЮГА,15682,15488
2026-08-23 20:00,2026-08-23,20,550000,ОЭС ЮГА,15616,15667
2026-08-23 21:00,2026-08-23,21,550000,ОЭС ЮГА,15579,15521
2026-08-23 22:00,2026-08-23,22,550000,ОЭС ЮГА,14427,14471
2026-08-23 23:00,2026-08-23,23,550000,ОЭС ЮГА,12751,13532
2026-08-24 00:00,2026-08-24,0,550000,ОЭС ЮГА,12110,12356
2026-08-24 01:00,2026-08-24,1,550000,ОЭС ЮГА,11675,11493
2026-08-24 02:00,2026-08-24,2,550000,ОЭС ЮГА,12083,11064
2026-08-24 03:00,2026-08-24,3,550000,ОЭС ЮГА,11860,10759
2026-08-24 04:00,2026-08-24,4,550000,ОЭС ЮГА,11536,10480
2026-08-24 05:00,2026-08-24,5,550000,ОЭС ЮГА,11674,10493
2026-08-24 06:00,2026-08-24,6,550000,ОЭС ЮГА,11931,10482
2026-08-24 07:00,2026-08-24,7,550000,ОЭС ЮГА,12497,11249
2026-08-24 08:00,2026-08-24,8,550000,ОЭС ЮГА,13186,12627
2026-08-24 09:00,2026-08-24,9,550000,ОЭС ЮГА,14189,14158
2026-08-24 10:00,2026-08-24,10,550000,ОЭС ЮГА,15419,14874
2026-08-24 11:00,2026-08-24,11,550000,ОЭС ЮГА,15692,15429
2026-08-24 12:00,2026-08-24,12,550000,ОЭС ЮГА,15999,15981
2026-08-24 13:00,2026-08-24,13,550000,ОЭС ЮГА,16771,16459
2026-08-24 14:00,2026-08-24,14,550000,ОЭС ЮГА,16726,16724
2026-08-24 15:00,2026-08-24,15,550000,ОЭС ЮГА,16773,16785
2026-08-24 16:00,2026-08-24,16,550000,ОЭС ЮГА,16770,16523
2026-08-24 17:00,2026-08-24,17,550000,ОЭС ЮГА,16816,16235
2026-08-24 18:00,2026-08-24,18,550000,ОЭС ЮГА,16567,15764
2026-08-24 19:00,2026-08-24,19,550000,ОЭС ЮГА,16065,15491
2026-08-24 20:00,2026-08-24,20,550000,ОЭС ЮГА,15662,15506
2026-08-24 21:00,2026-08-24,21,550000,ОЭС ЮГА,14783,15079
2026-08-24 22:00,2026-08-24,22,550000,ОЭС ЮГА,14408,14109
2026-08-24 23:00,2026-08-24,23,550000,ОЭС ЮГА,13474,12856
2026-08-25 00:00,2026-08-25,0,550000,ОЭС ЮГА,12637,12080
2026-08-25 01:00,2026-08-25,1,550000,ОЭС ЮГА,11772,11322
2026-08-25 02:00,2026-08-25,2,550000,ОЭС ЮГА,12000,10730
2026-08-25 03:00,2026-08-25,3,550000,ОЭС ЮГА,11224,10244
2026-08-25 04:00,2026-08-25,4,550000,ОЭС ЮГА,11151,10106
2026-08-25 05:00,2026-08-25,5,550000,ОЭС ЮГА,11409,10273
2026-08-25 06:00,2026-08-25,6,550000,ОЭС ЮГА,11549,10366
2026-08-25 07:00,2026-08-25,7,550000,ОЭС ЮГА,11431,11128
2026-08-25 08:00,2026-08-25,8,550000,ОЭС ЮГА,12766,12296
2026-08-25 09:00,2026-08-25,9,550000,ОЭС ЮГА,13801,13721
2026-08-25 10:00,2026-08-25,10,550000,ОЭС ЮГА,14712,14490
2026-08-25 11:00,2026-08-25,11,550000,ОЭС ЮГА,15306,14881
2026-08-25 12:00,2026-08-25,12,550000,ОЭС ЮГА,15512,15174
2026-08-25 13:00,2026-08-25,13,550000,ОЭС ЮГА,15694,15527
2026-08-25 14:00,2026-08-25,14,550000,ОЭС ЮГА,15688,15697
2026-08-25 15:00,2026-08-25,15,550000,ОЭС ЮГА,15600,15656
2026-08-25 16:00,2026-08-25,16,550000,ОЭС ЮГА,15407,15454
2026-08-25 17:00,2026-08-25,17,550000,ОЭС ЮГА,15091,15114
2026-08-25 18:00,2026-08-25,18,550000,ОЭС ЮГА,15074,14815
2026-08-25 19:00,2026-08-25,19,550000,ОЭС ЮГА,15055,14622
2026-08-25 20:00,2026-08-25,20,550000,ОЭС ЮГА,14808,14449
2026-08-25 21:00,2026-08-25,21,550000,ОЭС ЮГА,14272,14061
2026-08-25 22:00,2026-08-25,22,550000,ОЭС ЮГА,14018,13226
2026-08-25 23:00,2026-08-25,23,550000,ОЭС ЮГА,13399,12137
2026-08-26 00:00,2026-08-26,0,550000,ОЭС ЮГА,12942,11205
2026-08-26 01:00,2026-08-26,1,550000,ОЭС ЮГА,12056,10519
2026-08-26 02:00,2026-08-26,2,550000,ОЭС ЮГА,11372,10058
2026-08-26 03:00,2026-08-26,3,550000,ОЭС ЮГА,11002,9765
2026-08-26 04:00,2026-08-26,4,550000,ОЭС ЮГА,10882,9707
2026-08-26 05:00,2026-08-26,5,550000,ОЭС ЮГА,10882,9728
2026-08-26 06:00,2026-08-26,6,550000,ОЭС ЮГА,11043,9820
2026-08-26 07:00,2026-08-26,7,550000,ОЭС ЮГА,11777,10501
2026-08-26 08:00,2026-08-26,8,550000,ОЭС ЮГА,12612,11716
2026-08-26 09:00,2026-08-26,9,550000,ОЭС ЮГА,13279,13080
2026-08-26 10:00,2026-08-26,10,550000,ОЭС ЮГА,13735,13786
2026-08-26 11:00,2026-08-26,11,550000,ОЭС ЮГА,14269,13951
2026-08-26 12:00,2026-08-26,12,550000,ОЭС ЮГА,14732,14350
2026-08-26 13:00,2026-08-26,13,550000,ОЭС ЮГА,15167,14705
2026-08-26 14:00,2026-08-26,14,550000,ОЭС ЮГА,15244,14993
2026-08-26 15:00,2026-08-26,15,550000,ОЭС ЮГА,15271,15076
2026-08-26 16:00,2026-08-26,16,550000,ОЭС ЮГА,15021,15007
2026-08-26 17:00,2026-08-26,17,550000,ОЭС ЮГА,15232,14598
2026-08-26 18:00,2026-08-26,18,550000,ОЭС ЮГА,15131,14466
2026-08-26 19:00,2026-08-26,19,550000,ОЭС ЮГА,14606,14245
2026-08-26 20:00,2026-08-26,20,550000,ОЭС ЮГА,14438,14327
2026-08-26 21:00,2026-08-26,21,550000,ОЭС ЮГА,13954,13940
2026-08-26 22:00,2026-08-26,22,550000,ОЭС ЮГА,13336,13099
2026-08-26 23:00,2026-08-26,23,550000,ОЭС ЮГА,12636,12296
2026-08-27 00:00,2026-08-27,0,550000,ОЭС ЮГА,12385,11356
2026-08-27 01:00,2026-08-27,1,550000,ОЭС ЮГА,11509,10580
2026-08-27 02:00,2026-08-27,2,550000,ОЭС ЮГА,11346,10329
2026-08-27 03:00,2026-08-27,3,550000,ОЭС ЮГА,11012,9983
2026-08-27 04:00,2026-08-27,4,550000,ОЭС ЮГА,10948,9905
2026-08-27 05:00,2026-08-27,5,550000,ОЭС ЮГА,11221,9970
2026-08-27 06:00,2026-08-27,6,550000,ОЭС ЮГА,11198,9838
2026-08-27 07:00,2026-08-27,7,550000,ОЭС ЮГА,11978,10794
2026-08-27 08:00,2026-08-27,8,550000,ОЭС ЮГА,12804,12026
2026-08-27 09:00,2026-08-27,9,550000,ОЭС ЮГА,13703,13108
2026-08-27 10:00,2026-08-27,10,550000,ОЭС ЮГА,14591,13568
2026-08-27 11:00,2026-08-27,11,550000,ОЭС ЮГА,14597,14015
2026-08-27 12:00,2026-08-27,12,550000,ОЭС ЮГА,14934,14068
2026-08-27 13:00,2026-08-27,13,550000,ОЭС ЮГА,15481,14419
2026-08-27 14:00,2026-08-27,14,550000,ОЭС ЮГА,15744,14720
2026-08-27 15:00,2026-08-27,15,550000,ОЭС ЮГА,15590,14882
2026-08-27 16:00,2026-08-27,16,550000,ОЭС ЮГА,15996,14776
2026-08-27 17:00,2026-08-27,17,550000,ОЭС ЮГА,15035,14186
2026-08-27 18:00,2026-08-27,18,550000,ОЭС ЮГА,14989,13834
2026-08-27 19:00,2026-08-27,19,550000,ОЭС ЮГА,14467,13595
2026-08-27 20:00,2026-08-27,20,550000,ОЭС ЮГА,14321,13885
2026-08-27 21:00,2026-08-27,21,550000,ОЭС ЮГА,14251,13485
2026-08-27 22:00,2026-08-27,22,550000,ОЭС ЮГА,13311,12692
2026-08-27 23:00,2026-08-27,23,550000,ОЭС ЮГА,12640,11800
2026-08-28 00:00,2026-08-28,0,550000,ОЭС ЮГА,12332,10996
2026-08-28 01:00,2026-08-28,1,550000,ОЭС ЮГА,11543,10423
2026-08-28 02:00,2026-08-28,2,550000,ОЭС ЮГА,11465,10101
2026-08-28 03:00,2026-08-28,3,550000,ОЭС ЮГА,10924,9842
2026-08-28 04:00,2026-08-28,4,550000,ОЭС ЮГА,10751,9718
2026-08-28 05:00,2026-08-28,5,550000,ОЭС ЮГА,10741,9732
2026-08-28 06:00,2026-08-28,6,550000,ОЭС ЮГА,11067,9921
2026-08-28 07:00,2026-08-28,7,550000,ОЭС ЮГА,11977,10456
2026-08-28 08:00,2026-08-28,8,550000,ОЭС ЮГА,13438,11463
2026-08-28 09:00,2026-08-28,9,550000,ОЭС ЮГА,13868,12687
2026-08-28 10:00,2026-08-28,10,550000,ОЭС ЮГА,14581,13359
2026-08-28 11:00,2026-08-28,11,550000,ОЭС ЮГА,14455,13594
2026-08-28 12:00,2026-08-28,12,550000,ОЭС ЮГА,14715,13749
2026-08-28 13:00,2026-08-28,13,550000,ОЭС ЮГА,14789,13833
2026-08-28 14:00,2026-08-28,14,550000,ОЭС ЮГА,15171,13948
2026-08-28 15:00,2026-08-28,15,550000,ОЭС ЮГА,14643,13753
2026-08-28 16:00,2026-08-28,16,550000,ОЭС ЮГА,15168,13602
2026-08-28 17:00,2026-08-28,17,550000,ОЭС ЮГА,15266,13225
2026-08-28 18:00,2026-08-28,18,550000,ОЭС ЮГА,14858,13241
2026-08-28 19:00,2026-08-28,19,550000,ОЭС ЮГА,15045,13218
2026-08-28 20:00,2026-08-28,20,550000,ОЭС ЮГА,15018,13239
2026-08-28 21:00,2026-08-28,21,550000,ОЭС ЮГА,14570,12981
2026-08-28 22:00,2026-08-28,22,550000,ОЭС ЮГА,13860,12454
2026-08-28 23:00,2026-08-28,23,550000,ОЭС ЮГА,12751,11543
2026-08-29 00:00,2026-08-29,0,550000,ОЭС ЮГА,12116,10703
2026-08-29 01:00,2026-08-29,1,550000,ОЭС ЮГА,11759,10334
2026-08-29 02:00,2026-08-29,2,550000,ОЭС ЮГА,11151,9773
2026-08-29 03:00,2026-08-29,3,550000,ОЭС ЮГА,10708,9557
2026-08-29 04:00,2026-08-29,4,550000,ОЭС ЮГА,10735,9341
2026-08-29 05:00,2026-08-29,5,550000,ОЭС ЮГА,10632,9484
2026-08-29 06:00,2026-08-29,6,550000,ОЭС ЮГА,10912,9457
2026-08-29 07:00,2026-08-29,7,550000,ОЭС ЮГА,11573,9938
2026-08-29 08:00,2026-08-29,8,550000,ОЭС ЮГА,12849,10824
2026-08-29 09:00,2026-08-29,9,550000,ОЭС ЮГА,13285,12056
2026-08-29 10:00,2026-08-29,10,550000,ОЭС ЮГА,14108,12602
2026-08-29 11:00,2026-08-29,11,550000,ОЭС ЮГА,14431,12866
2026-08-29 12:00,2026-08-29,12,550000,ОЭС ЮГА,14652,13017
2026-08-29 13:00,2026-08-29,13,550000,ОЭС ЮГА,15060,13174
2026-08-29 14:00,2026-08-29,14,550000,ОЭС ЮГА,14402,13174
2026-08-29 15:00,2026-08-29,15,550000,ОЭС ЮГА,14280,13014
2026-08-29 16:00,2026-08-29,16,550000,ОЭС ЮГА,14539,13257
2026-08-29 17:00,2026-08-29,17,550000,ОЭС ЮГА,14308,13050
2026-08-29 18:00,2026-08-29,18,550000,ОЭС ЮГА,13971,12934
2026-08-29 19:00,2026-08-29,19,550000,ОЭС ЮГА,14647,13048
2026-08-29 20:00,2026-08-29,20,550000,ОЭС ЮГА,14819,13037
2026-08-29 21:00,2026-08-29,21,550000,ОЭС ЮГА,14467,12600
2026-08-29 22:00,2026-08-29,22,550000,ОЭС ЮГА,13321,12089
2026-08-29 23:00,2026-08-29,23,550000,ОЭС ЮГА,12425,11244
2026-08-30 00:00,2026-08-30,0,550000,ОЭС ЮГА,12178,10526
2026-08-30 01:00,2026-08-30,1,550000,ОЭС ЮГА,11578,9904
2026-08-30 02:00,2026-08-30,2,550000,ОЭС ЮГА,11366,9694
2026-08-30 03:00,2026-08-30,3,550000,ОЭС ЮГА,11047,9388
2026-08-30 04:00,2026-08-30,4,550000,ОЭС ЮГА,10953,9294
2026-08-30 05:00,2026-08-30,5,550000,ОЭС ЮГА,10800,9305
2026-08-30 06:00,2026-08-30,6,550000,ОЭС ЮГА,11140,9111
2026-08-30 07:00,2026-08-30,7,550000,ОЭС ЮГА,11305,9642
2026-08-30 08:00,2026-08-30,8,550000,ОЭС ЮГА,12603,10329
2026-08-30 09:00,2026-08-30,9,550000,ОЭС ЮГА,12756,11298
2026-08-30 10:00,2026-08-30,10,550000,ОЭС ЮГА,13402,11922
2026-08-30 11:00,2026-08-30,11,550000,ОЭС ЮГА,13708,12305
2026-08-30 12:00,2026-08-30,12,550000,ОЭС ЮГА,13874,12364
2026-08-30 13:00,2026-08-30,13,550000,ОЭС ЮГА,14115,12659
2026-08-30 14:00,2026-08-30,14,550000,ОЭС ЮГА,14397,12585
2026-08-30 15:00,2026-08-30,15,550000,ОЭС ЮГА,14310,12550
2026-08-30 16:00,2026-08-30,16,550000,ОЭС ЮГА,14340,12775
2026-08-30 17:00,2026-08-30,17,550000,ОЭС ЮГА,14223,12921
2026-08-30 18:00,2026-08-30,18,550000,ОЭС ЮГА,14023,12764
2026-08-30 19:00,2026-08-30,19,550000,ОЭС ЮГА,14227,12905
2026-08-30 20:00,2026-08-30,20,550000,ОЭС ЮГА,13968,13002
2026-08-30 21:00,2026-08-30,21,550000,ОЭС ЮГА,13972,12672
2026-08-30 22:00,2026-08-30,22,550000,ОЭС ЮГА,13586,12006
2026-08-30 23:00,2026-08-30,23,550000,ОЭС ЮГА,12798,11096
2026-08-31 00:00,2026-08-31,0,550000,ОЭС ЮГА,12474,10366
2026-08-31 01:00,2026-08-31,1,550000,ОЭС ЮГА,11777,9827
2026-08-31 02:00,2026-08-31,2,550000,ОЭС ЮГА,11286,9353
2026-08-31 03:00,2026-08-31,3,550000,ОЭС ЮГА,11112,9447
2026-08-31 04:00,2026-08-31,4,550000,ОЭС ЮГА,10622,9253
2026-08-31 05:00,2026-08-31,5,550000,ОЭС ЮГА,10635,9101
2026-08-31 06:00,2026-08-31,6,550000,ОЭС ЮГА,11211,9491
2026-08-31 07:00,2026-08-31,7,550000,ОЭС ЮГА,11935,10220
2026-08-31 08:00,2026-08-31,8,550000,ОЭС ЮГА,12651,11079
2026-08-31 09:00,2026-08-31,9,550000,ОЭС ЮГА,13577,12152
2026-08-31 10:00,2026-08-31,10,550000,ОЭС ЮГА,13708,12557
2026-08-31 11:00,2026-08-31,11,550000,ОЭС ЮГА,14188,12880
2026-08-31 12:00,2026-08-31,12,550000,ОЭС ЮГА,14485,13091
2026-08-31 13:00,2026-08-31,13,550000,ОЭС ЮГА,14701,13247
2026-08-31 14:00,2026-08-31,14,550000,ОЭС ЮГА,15190,13568
2026-08-31 15:00,2026-08-31,15,550000,ОЭС ЮГА,15048,13502
2026-08-31 16:00,2026-08-31,16,550000,ОЭС ЮГА,14715,13458
2026-08-31 17:00,2026-08-31,17,550000,ОЭС ЮГА,14691,13219
2026-08-31 18:00,2026-08-31,18,550000,ОЭС ЮГА,14210,12984
2026-08-31 19:00,2026-08-31,19,550000,ОЭС ЮГА,14360,13155
2026-08-31 20:00,2026-08-31,20,550000,ОЭС ЮГА,14248,13373
2026-08-31 21:00,2026-08-31,21,550000,ОЭС ЮГА,13994,13088
2026-08-31 22:00,2026-08-31,22,550000,ОЭС ЮГА,13619,12182
2026-08-31 23:00,2026-08-31,23,550000,ОЭС ЮГА,12874,11446
2026-09-01 00:00,2026-09-01,0,550000,ОЭС ЮГА,12318,10512
2026-09-01 01:00,2026-09-01,1,550000,ОЭС ЮГА,10797,9772
2026-09-01 02:00,2026-09-01,2,550000,ОЭС ЮГА,10986,9392
2026-09-01 03:00,2026-09-01,3,550000,ОЭС ЮГА,10965,9181
2026-09-01 04:00,2026-09-01,4,550000,ОЭС ЮГА,10666,9271
2026-09-01 05:00,2026-09-01,5,550000,ОЭС ЮГА,11195,9233
2026-09-01 06:00,2026-09-01,6,550000,ОЭС ЮГА,11246,9571
2026-09-01 07:00,2026-09-01,7,550000,ОЭС ЮГА,12280,10523
2026-09-01 08:00,2026-09-01,8,550000,ОЭС ЮГА,11830,11453
2026-09-01 09:00,2026-09-01,9,550000,ОЭС ЮГА,13227,12297
2026-09-01 10:00,2026-09-01,10,550000,ОЭС ЮГА,14138,12709
2026-09-01 11:00,2026-09-01,11,550000,ОЭС ЮГА,13798,12815
2026-09-01 12:00,2026-09-01,12,550000,ОЭС ЮГА,13710,13076
2026-09-01 13:00,2026-09-01,13,550000,ОЭС ЮГА,14179,13064
2026-09-01 14:00,2026-09-01,14,550000,ОЭС ЮГА,14203,13397
2026-09-01 15:00,2026-09-01,15,550000,ОЭС ЮГА,14134,13183
2026-09-01 16:00,2026-09-01,16,550000,ОЭС ЮГА,13979,13301
2026-09-01 17:00,2026-09-01,17,550000,ОЭС ЮГА,13752,13191
2026-09-01 18:00,2026-09-01,18,550000,ОЭС ЮГА,13567,12917
2026-09-01 19:00,2026-09-01,19,550000,ОЭС ЮГА,13853,13260
2026-09-01 20:00,2026-09-01,20,550000,ОЭС ЮГА,13947,13288
2026-09-01 21:00,2026-09-01,21,550000,ОЭС ЮГА,13891,13072
2026-09-01 22:00,2026-09-01,22,550000,ОЭС ЮГА,13238,12343
2026-09-01 23:00,2026-09-01,23,550000,ОЭС ЮГА,12400,11387
2026-09-02 00:00,2026-09-02,0,550000,ОЭС ЮГА,11693,10451
2026-09-02 01:00,2026-09-02,1,550000,ОЭС ЮГА,10953,9902
2026-09-02 02:00,2026-09-02,2,550000,ОЭС ЮГА,10901,9599
2026-09-02 03:00,2026-09-02,3,550000,ОЭС ЮГА,10292,9361
2026-09-02 04:00,2026-09-02,4,550000,ОЭС ЮГА,10323,9375
2026-09-02 05:00,2026-09-02,5,550000,ОЭС ЮГА,10411,9474
2026-09-02 06:00,2026-09-02,6,550000,ОЭС ЮГА,10463,9484
2026-09-02 07:00,2026-09-02,7,550000,ОЭС ЮГА,12148,10804
2026-09-02 08:00,2026-09-02,8,550000,ОЭС ЮГА,12638,11591
2026-09-02 09:00,2026-09-02,9,550000,ОЭС ЮГА,13447,12525
2026-09-02 10:00,2026-09-02,10,550000,ОЭС ЮГА,13918,13181
2026-09-02 11:00,2026-09-02,11,550000,ОЭС ЮГА,14354,13359
2026-09-02 12:00,2026-09-02,12,550000,ОЭС ЮГА,14564,13326
2026-09-02 13:00,2026-09-02,13,550000,ОЭС ЮГА,14703,13794
2026-09-02 14:00,2026-09-02,14,550000,ОЭС ЮГА,15160,13967
2026-09-02 15:00,2026-09-02,15,550000,ОЭС ЮГА,15045,13899
2026-09-02 16:00,2026-09-02,16,550000,ОЭС ЮГА,15174,14197
2026-09-02 17:00,2026-09-02,17,550000,ОЭС ЮГА,14649,13669
2026-09-02 18:00,2026-09-02,18,550000,ОЭС ЮГА,14353,13190
2026-09-02 19:00,2026-09-02,19,550000,ОЭС ЮГА,14706,13649
2026-09-02 20:00,2026-09-02,20,550000,ОЭС ЮГА,14646,13828
2026-09-02 21:00,2026-09-02,21,550000,ОЭС ЮГА,14616,13386
2026-09-02 22:00,2026-09-02,22,550000,ОЭС ЮГА,13513,12418
2026-09-02 23:00,2026-09-02,23,550000,ОЭС ЮГА,12603,11558
2026-09-03 00:00,2026-09-03,0,550000,ОЭС ЮГА,11692,10538
2026-09-03 01:00,2026-09-03,1,550000,ОЭС ЮГА,10961,10039
2026-09-03 02:00,2026-09-03,2,550000,ОЭС ЮГА,10932,9562
2026-09-03 03:00,2026-09-03,3,550000,ОЭС ЮГА,10549,9347
2026-09-03 04:00,2026-09-03,4,550000,ОЭС ЮГА,10413,9259
2026-09-03 05:00,2026-09-03,5,550000,ОЭС ЮГА,10160,9380
2026-09-03 06:00,2026-09-03,6,550000,ОЭС ЮГА,10650,9576
2026-09-03 07:00,2026-09-03,7,550000,ОЭС ЮГА,11572,10555
2026-09-03 08:00,2026-09-03,8,550000,ОЭС ЮГА,12123,11553
2026-09-03 09:00,2026-09-03,9,550000,ОЭС ЮГА,13397,12684
2026-09-03 10:00,2026-09-03,10,550000,ОЭС ЮГА,13590,13006
2026-09-03 11:00,2026-09-03,11,550000,ОЭС ЮГА,14284,13515
2026-09-03 12:00,2026-09-03,12,550000,ОЭС ЮГА,14399,13665
2026-09-03 13:00,2026-09-03,13,550000,ОЭС ЮГА,14761,13681
2026-09-03 14:00,2026-09-03,14,550000,ОЭС ЮГА,14988,14048
2026-09-03 15:00,2026-09-03,15,550000,ОЭС ЮГА,15353,14082
2026-09-03 16:00,2026-09-03,16,550000,ОЭС ЮГА,15406,14272
2026-09-03 17:00,2026-09-03,17,550000,ОЭС ЮГА,14975,13945
2026-09-03 18:00,2026-09-03,18,550000,ОЭС ЮГА,14773,13553
2026-09-03 19:00,2026-09-03,19,550000,ОЭС ЮГА,14909,13657
2026-09-03 20:00,2026-09-03,20,550000,ОЭС ЮГА,14907,13731
2026-09-03 21:00,2026-09-03,21,550000,ОЭС ЮГА,14574,13289
2026-09-03 22:00,2026-09-03,22,550000,ОЭС ЮГА,13821,12506
2026-09-03 23:00,2026-09-03,23,550000,ОЭС ЮГА,12603,11457
2026-09-04 00:00,2026-09-04,0,550000,ОЭС ЮГА,11720,10636
2026-09-04 01:00,2026-09-04,1,550000,ОЭС ЮГА,10753,9995
2026-09-04 02:00,2026-09-04,2,550000,ОЭС ЮГА,10978,9663
2026-09-04 03:00,2026-09-04,3,550000,ОЭС ЮГА,10578,9482
2026-09-04 04:00,2026-09-04,4,550000,ОЭС ЮГА,10484,9506
2026-09-04 05:00,2026-09-04,5,550000,ОЭС ЮГА,10628,9608
2026-09-04 06:00,2026-09-04,6,550000,ОЭС ЮГА,10664,9848
2026-09-04 07:00,2026-09-04,7,550000,ОЭС ЮГА,11690,10749
2026-09-04 08:00,2026-09-04,8,550000,ОЭС ЮГА,12849,11664
2026-09-04 09:00,2026-09-04,9,550000,ОЭС ЮГА,13260,12761
2026-09-04 10:00,2026-09-04,10,550000,ОЭС ЮГА,13761,13376
2026-09-04 11:00,2026-09-04,11,550000,ОЭС ЮГА,14002,13558
2026-09-04 12:00,2026-09-04,12,550000,ОЭС ЮГА,14460,13600
2026-09-04 13:00,2026-09-04,13,550000,ОЭС ЮГА,14697,13892
2026-09-04 14:00,2026-09-04,14,550000,ОЭС ЮГА,14675,14046
2026-09-04 15:00,2026-09-04,15,550000,ОЭС ЮГА,14667,14005
2026-09-04 16:00,2026-09-04,16,550000,ОЭС ЮГА,15343,14100
2026-09-04 17:00,2026-09-04,17,550000,ОЭС ЮГА,14736,13717
2026-09-04 18:00,2026-09-04,18,550000,ОЭС ЮГА,14029,13232
2026-09-04 19:00,2026-09-04,19,550000,ОЭС ЮГА,14672,13569
2026-09-04 20:00,2026-09-04,20,550000,ОЭС ЮГА,14536,13609
2026-09-04 21:00,2026-09-04,21,550000,ОЭС ЮГА,13428,13079
2026-09-04 22:00,2026-09-04,22,550000,ОЭС ЮГА,13126,12380
2026-09-04 23:00,2026-09-04,23,550000,ОЭС ЮГА,12408,11606
2026-09-05 00:00,2026-09-05,0,550000,ОЭС ЮГА,11661,10756
2026-09-05 01:00,2026-09-05,1,550000,ОЭС ЮГА,10935,10109
2026-09-05 02:00,2026-09-05,2,550000,ОЭС ЮГА,10440,9668
2026-09-05 03:00,2026-09-05,3,550000,ОЭС ЮГА,10279,9511
2026-09-05 04:00,2026-09-05,4,550000,ОЭС ЮГА,10175,9416
2026-09-05 05:00,2026-09-05,5,550000,ОЭС ЮГА,10063,9344
2026-09-05 06:00,2026-09-05,6,550000,ОЭС ЮГА,10532,9468
2026-09-05 07:00,2026-09-05,7,550000,ОЭС ЮГА,10727,9991
2026-09-05 08:00,2026-09-05,8,550000,ОЭС ЮГА,11117,10667
2026-09-05 09:00,2026-09-05,9,550000,ОЭС ЮГА,12171,11781
2026-09-05 10:00,2026-09-05,10,550000,ОЭС ЮГА,13546,12713
2026-09-05 11:00,2026-09-05,11,550000,ОЭС ЮГА,14001,13212
2026-09-05 12:00,2026-09-05,12,550000,ОЭС ЮГА,14254,13353
2026-09-05 13:00,2026-09-05,13,550000,ОЭС ЮГА,14280,13538
2026-09-05 14:00,2026-09-05,14,550000,ОЭС ЮГА,14531,13757
2026-09-05 15:00,2026-09-05,15,550000,ОЭС ЮГА,14504,13689
2026-09-05 16:00,2026-09-05,16,550000,ОЭС ЮГА,14547,13671
2026-09-05 17:00,2026-09-05,17,550000,ОЭС ЮГА,14270,13608
2026-09-05 18:00,2026-09-05,18,550000,ОЭС ЮГА,14252,13278
2026-09-05 19:00,2026-09-05,19,550000,ОЭС ЮГА,14361,13385
2026-09-05 20:00,2026-09-05,20,550000,ОЭС ЮГА,14256,13411
2026-09-05 21:00,2026-09-05,21,550000,ОЭС ЮГА,13776,12858
2026-09-05 22:00,2026-09-05,22,550000,ОЭС ЮГА,12979,12103
2026-09-05 23:00,2026-09-05,23,550000,ОЭС ЮГА,11561,11437
2026-09-06 00:00,2026-09-06,0,550000,ОЭС ЮГА,11381,10729
2026-09-06 01:00,2026-09-06,1,550000,ОЭС ЮГА,10909,10059
2026-09-06 02:00,2026-09-06,2,550000,ОЭС ЮГА,9979,9646
2026-09-06 03:00,2026-09-06,3,550000,ОЭС ЮГА,10159,9406
2026-09-06 04:00,2026-09-06,4,550000,ОЭС ЮГА,10497,9314
2026-09-06 05:00,2026-09-06,5,550000,ОЭС ЮГА,9771,9293
2026-09-06 06:00,2026-09-06,6,550000,ОЭС ЮГА,9982,9192
2026-09-06 07:00,2026-09-06,7,550000,ОЭС ЮГА,10628,9622
2026-09-06 08:00,2026-09-06,8,550000,ОЭС ЮГА,11006,10635
2026-09-06 09:00,2026-09-06,9,550000,ОЭС ЮГА,11922,11784
2026-09-06 10:00,2026-09-06,10,550000,ОЭС ЮГА,13331,12540
2026-09-06 11:00,2026-09-06,11,550000,ОЭС ЮГА,14073,12816
2026-09-06 12:00,2026-09-06,12,550000,ОЭС ЮГА,14132,13093
2026-09-06 13:00,2026-09-06,13,550000,ОЭС ЮГА,14237,13284
2026-09-06 14:00,2026-09-06,14,550000,ОЭС ЮГА,14257,13407
2026-09-06 15:00,2026-09-06,15,550000,ОЭС ЮГА,14349,13372
2026-09-06 16:00,2026-09-06,16,550000,ОЭС ЮГА,14505,13407
2026-09-06 17:00,2026-09-06,17,550000,ОЭС ЮГА,14195,13238
2026-09-06 18:00,2026-09-06,18,550000,ОЭС ЮГА,13987,12867
2026-09-06 19:00,2026-09-06,19,550000,ОЭС ЮГА,13806,13172
2026-09-06 20:00,2026-09-06,20,550000,ОЭС ЮГА,14109,13319
2026-09-06 21:00,2026-09-06,21,550000,ОЭС ЮГА,13890,13020
2026-09-06 22:00,2026-09-06,22,550000,ОЭС ЮГА,12898,12030
2026-09-06 23:00,2026-09-06,23,550000,ОЭС ЮГА,11257,11220
2026-09-07 00:00,2026-09-07,0,550000,ОЭС ЮГА,10754,10293
2026-09-07 01:00,2026-09-07,1,550000,ОЭС ЮГА,10540,9870
2026-09-07 02:00,2026-09-07,2,550000,ОЭС ЮГА,10369,9465
2026-09-07 03:00,2026-09-07,3,550000,ОЭС ЮГА,10302,9233
2026-09-07 04:00,2026-09-07,4,550000,ОЭС ЮГА,10263,9299
2026-09-07 05:00,2026-09-07,5,550000,ОЭС ЮГА,10315,9390
2026-09-07 06:00,2026-09-07,6,550000,ОЭС ЮГА,10607,9605
2026-09-07 07:00,2026-09-07,7,550000,ОЭС ЮГА,11569,10492
2026-09-07 08:00,2026-09-07,8,550000,ОЭС ЮГА,12125,11366
2026-09-07 09:00,2026-09-07,9,550000,ОЭС ЮГА,13171,12158
2026-09-07 10:00,2026-09-07,10,550000,ОЭС ЮГА,13485,12278
2026-09-07 11:00,2026-09-07,11,550000,ОЭС ЮГА,13780,12296
2026-09-07 12:00,2026-09-07,12,550000,ОЭС ЮГА,13555,12075
2026-09-07 13:00,2026-09-07,13,550000,ОЭС ЮГА,13397,12167
2026-09-07 14:00,2026-09-07,14,550000,ОЭС ЮГА,13409,12243
2026-09-07 15:00,2026-09-07,15,550000,ОЭС ЮГА,13222,12160
2026-09-07 16:00,2026-09-07,16,550000,ОЭС ЮГА,13097,12168
2026-09-07 17:00,2026-09-07,17,550000,ОЭС ЮГА,13173,11859
2026-09-07 18:00,2026-09-07,18,550000,ОЭС ЮГА,13133,11775
2026-09-07 19:00,2026-09-07,19,550000,ОЭС ЮГА,13422,12191
2026-09-07 20:00,2026-09-07,20,550000,ОЭС ЮГА,13410,12307
2026-09-07 21:00,2026-09-07,21,550000,ОЭС ЮГА,13452,12028
2026-09-07 22:00,2026-09-07,22,550000,ОЭС ЮГА,12930,11544
2026-09-07 23:00,2026-09-07,23,550000,ОЭС ЮГА,12091,10750
2026-09-08 00:00,2026-09-08,0,550000,ОЭС ЮГА,11260,9900
2026-09-08 01:00,2026-09-08,1,550000,ОЭС ЮГА,10765,9418
2026-09-08 02:00,2026-09-08,2,550000,ОЭС ЮГА,10340,9065
2026-09-08 03:00,2026-09-08,3,550000,ОЭС ЮГА,9978,8918
2026-09-08 04:00,2026-09-08,4,550000,ОЭС ЮГА,10157,8871
2026-09-08 05:00,2026-09-08,5,550000,ОЭС ЮГА,10394,9195
2026-09-08 06:00,2026-09-08,6,550000,ОЭС ЮГА,10541,9387
2026-09-08 07:00,2026-09-08,7,550000,ОЭС ЮГА,11110,10163
2026-09-08 08:00,2026-09-08,8,550000,ОЭС ЮГА,11839,11099
2026-09-08 09:00,2026-09-08,9,550000,ОЭС ЮГА,13007,11669
2026-09-08 10:00,2026-09-08,10,550000,ОЭС ЮГА,13360,12089
2026-09-08 11:00,2026-09-08,11,550000,ОЭС ЮГА,13143,12008
2026-09-08 12:00,2026-09-08,12,550000,ОЭС ЮГА,13064,11923
2026-09-08 13:00,2026-09-08,13,550000,ОЭС ЮГА,13239,11963
2026-09-08 14:00,2026-09-08,14,550000,ОЭС ЮГА,13202,12137
2026-09-08 15:00,2026-09-08,15,550000,ОЭС ЮГА,13184,11936
2026-09-08 16:00,2026-09-08,16,550000,ОЭС ЮГА,13266,11844
2026-09-08 17:00,2026-09-08,17,550000,ОЭС ЮГА,12856,11837
2026-09-08 18:00,2026-09-08,18,550000,ОЭС ЮГА,12901,11857
2026-09-08 19:00,2026-09-08,19,550000,ОЭС ЮГА,12997,12383
2026-09-08 20:00,2026-09-08,20,550000,ОЭС ЮГА,13447,12474
2026-09-08 21:00,2026-09-08,21,550000,ОЭС ЮГА,13427,12043
2026-09-08 22:00,2026-09-08,22,550000,ОЭС ЮГА,12615,11513
2026-09-08 23:00,2026-09-08,23,550000,ОЭС ЮГА,11329,10550
2026-09-09 00:00,2026-09-09,0,550000,ОЭС ЮГА,10883,9712
2026-09-09 01:00,2026-09-09,1,550000,ОЭС ЮГА,10434,9302
2026-09-09 02:00,2026-09-09,2,550000,ОЭС ЮГА,10311,9048
2026-09-09 03:00,2026-09-09,3,550000,ОЭС ЮГА,10210,8906
2026-09-09 04:00,2026-09-09,4,550000,ОЭС ЮГА,10182,8905
2026-09-09 05:00,2026-09-09,5,550000,ОЭС ЮГА,10134,9056
2026-09-09 06:00,2026-09-09,6,550000,ОЭС ЮГА,10240,9266
2026-09-09 07:00,2026-09-09,7,550000,ОЭС ЮГА,10916,10144
2026-09-09 08:00,2026-09-09,8,550000,ОЭС ЮГА,11833,11003
2026-09-09 09:00,2026-09-09,9,550000,ОЭС ЮГА,12030,11731
2026-09-09 10:00,2026-09-09,10,550000,ОЭС ЮГА,12715,11993
2026-09-09 11:00,2026-09-09,11,550000,ОЭС ЮГА,13257,12049
2026-09-09 12:00,2026-09-09,12,550000,ОЭС ЮГА,13083,11891
2026-09-09 13:00,2026-09-09,13,550000,ОЭС ЮГА,13434,12004
2026-09-09 14:00,2026-09-09,14,550000,ОЭС ЮГА,13226,12165
2026-09-09 15:00,2026-09-09,15,550000,ОЭС ЮГА,13200,11939
2026-09-09 16:00,2026-09-09,16,550000,ОЭС ЮГА,13213,12124
2026-09-09 17:00,2026-09-09,17,550000,ОЭС ЮГА,12449,11823
2026-09-09 18:00,2026-09-09,18,550000,ОЭС ЮГА,12154,11708
2026-09-09 19:00,2026-09-09,19,550000,ОЭС ЮГА,12803,12384
2026-09-09 20:00,2026-09-09,20,550000,ОЭС ЮГА,13789,12389
2026-09-09 21:00,2026-09-09,21,550000,ОЭС ЮГА,13107,11975
2026-09-09 22:00,2026-09-09,22,550000,ОЭС ЮГА,12633,11368
2026-09-09 23:00,2026-09-09,23,550000,ОЭС ЮГА,11378,10676
2026-09-10 00:00,2026-09-10,0,550000,ОЭС ЮГА,10601,9835
2026-09-10 01:00,2026-09-10,1,550000,ОЭС ЮГА,10201,9368
2026-09-10 02:00,2026-09-10,2,550000,ОЭС ЮГА,9860,8970
2026-09-10 03:00,2026-09-10,3,550000,ОЭС ЮГА,9942,8933
2026-09-10 04:00,2026-09-10,4,550000,ОЭС ЮГА,9772,8858
2026-09-10 05:00,2026-09-10,5,550000,ОЭС ЮГА,9811,9070
2026-09-10 06:00,2026-09-10,6,550000,ОЭС ЮГА,10030,9317
2026-09-10 07:00,2026-09-10,7,550000,ОЭС ЮГА,10824,10256
2026-09-10 08:00,2026-09-10,8,550000,ОЭС ЮГА,11547,11045
2026-09-10 09:00,2026-09-10,9,550000,ОЭС ЮГА,12614,11875
2026-09-10 10:00,2026-09-10,10,550000,ОЭС ЮГА,12869,12178
2026-09-10 11:00,2026-09-10,11,550000,ОЭС ЮГА,13086,12169
2026-09-10 12:00,2026-09-10,12,550000,ОЭС ЮГА,13084,12266
2026-09-10 13:00,2026-09-10,13,550000,ОЭС ЮГА,13303,12331
2026-09-10 14:00,2026-09-10,14,550000,ОЭС ЮГА,13593,12370
2026-09-10 15:00,2026-09-10,15,550000,ОЭС ЮГА,13471,12472
2026-09-10 16:00,2026-09-10,16,550000,ОЭС ЮГА,13054,12349
2026-09-10 17:00,2026-09-10,17,550000,ОЭС ЮГА,12776,12285
2026-09-10 18:00,2026-09-10,18,550000,ОЭС ЮГА,12355,12043
2026-09-10 19:00,2026-09-10,19,550000,ОЭС ЮГА,12953,12535
2026-09-10 20:00,2026-09-10,20,550000,ОЭС ЮГА,12990,12493
2026-09-10 21:00,2026-09-10,21,550000,ОЭС ЮГА,12661,12153
2026-09-10 22:00,2026-09-10,22,550000,ОЭС ЮГА,11931,11679
2026-09-10 23:00,2026-09-10,23,550000,ОЭС ЮГА,11022,10597
2026-09-11 00:00,2026-09-11,0,550000,ОЭС ЮГА,10132,9894
2026-09-11 01:00,2026-09-11,1,550000,ОЭС ЮГА,10079,9513
2026-09-11 02:00,2026-09-11,2,550000,ОЭС ЮГА,9975,9250
2026-09-11 03:00,2026-09-11,3,550000,ОЭС ЮГА,9517,9055
2026-09-11 04:00,2026-09-11,4,550000,ОЭС ЮГА,9797,9059
2026-09-11 05:00,2026-09-11,5,550000,ОЭС ЮГА,10003,9183
2026-09-11 06:00,2026-09-11,6,550000,ОЭС ЮГА,10227,9473
2026-09-11 07:00,2026-09-11,7,550000,ОЭС ЮГА,10792,10394
2026-09-11 08:00,2026-09-11,8,550000,ОЭС ЮГА,11703,11064
2026-09-11 09:00,2026-09-11,9,550000,ОЭС ЮГА,12563,11869
2026-09-11 10:00,2026-09-11,10,550000,ОЭС ЮГА,12715,12277
2026-09-11 11:00,2026-09-11,11,550000,ОЭС ЮГА,12871,12361
2026-09-11 12:00,2026-09-11,12,550000,ОЭС ЮГА,12776,12343
2026-09-11 13:00,2026-09-11,13,550000,ОЭС ЮГА,13010,12506
2026-09-11 14:00,2026-09-11,14,550000,ОЭС ЮГА,13257,12604
2026-09-11 15:00,2026-09-11,15,550000,ОЭС ЮГА,13388,12675
2026-09-11 16:00,2026-09-11,16,550000,ОЭС ЮГА,13017,12635
2026-09-11 17:00,2026-09-11,17,550000,ОЭС ЮГА,12646,12405
2026-09-11 18:00,2026-09-11,18,550000,ОЭС ЮГА,12840,12381
2026-09-11 19:00,2026-09-11,19,550000,ОЭС ЮГА,13476,12756
2026-09-11 20:00,2026-09-11,20,550000,ОЭС ЮГА,13352,12620
2026-09-11 21:00,2026-09-11,21,550000,ОЭС ЮГА,12917,12295
2026-09-11 22:00,2026-09-11,22,550000,ОЭС ЮГА,12143,11770
2026-09-11 23:00,2026-09-11,23,550000,ОЭС ЮГА,11432,10992
2026-09-12 00:00,2026-09-12,0,550000,ОЭС ЮГА,10380,10108
2026-09-12 01:00,2026-09-12,1,550000,ОЭС ЮГА,10236,9765
2026-09-12 02:00,2026-09-12,2,550000,ОЭС ЮГА,9609,9279
2026-09-12 03:00,2026-09-12,3,550000,ОЭС ЮГА,9477,9132
2026-09-12 04:00,2026-09-12,4,550000,ОЭС ЮГА,9511,9164
2026-09-12 05:00,2026-09-12,5,550000,ОЭС ЮГА,9588,9229
2026-09-12 06:00,2026-09-12,6,550000,ОЭС ЮГА,9647,9189
2026-09-12 07:00,2026-09-12,7,550000,ОЭС ЮГА,10560,9803
2026-09-12 08:00,2026-09-12,8,550000,ОЭС ЮГА,11459,10424
2026-09-12 09:00,2026-09-12,9,550000,ОЭС ЮГА,12282,11498
2026-09-12 10:00,2026-09-12,10,550000,ОЭС ЮГА,12956,12167
2026-09-12 11:00,2026-09-12,11,550000,ОЭС ЮГА,12960,12435
2026-09-12 12:00,2026-09-12,12,550000,ОЭС ЮГА,13150,12551
2026-09-12 13:00,2026-09-12,13,550000,ОЭС ЮГА,13271,12636
2026-09-12 14:00,2026-09-12,14,550000,ОЭС ЮГА,13202,12709
2026-09-12 15:00,2026-09-12,15,550000,ОЭС ЮГА,12985,12673
2026-09-12 16:00,2026-09-12,16,550000,ОЭС ЮГА,12959,12781
2026-09-12 17:00,2026-09-12,17,550000,ОЭС ЮГА,12965,12829
2026-09-12 18:00,2026-09-12,18,550000,ОЭС ЮГА,12780,12492
2026-09-12 19:00,2026-09-12,19,550000,ОЭС ЮГА,13800,12833
2026-09-12 20:00,2026-09-12,20,550000,ОЭС ЮГА,13327,12687
2026-09-12 21:00,2026-09-12,21,550000,ОЭС ЮГА,13035,12210
2026-09-12 22:00,2026-09-12,22,550000,ОЭС ЮГА,12232,11692
2026-09-12 23:00,2026-09-12,23,550000,ОЭС ЮГА,11192,11018
2026-09-13 00:00,2026-09-13,0,550000,ОЭС ЮГА,10463,10254
2026-09-13 01:00,2026-09-13,1,550000,ОЭС ЮГА,10448,9516
2026-09-13 02:00,2026-09-13,2,550000,ОЭС ЮГА,10231,9144
2026-09-13 03:00,2026-09-13,3,550000,ОЭС ЮГА,10030,9112
2026-09-13 04:00,2026-09-13,4,550000,ОЭС ЮГА,10010,8980
2026-09-13 05:00,2026-09-13,5,550000,ОЭС ЮГА,10100,9162
2026-09-13 06:00,2026-09-13,6,550000,ОЭС ЮГА,10192,9039
2026-09-13 07:00,2026-09-13,7,550000,ОЭС ЮГА,10580,9525
2026-09-13 08:00,2026-09-13,8,550000,ОЭС ЮГА,11342,10075
2026-09-13 09:00,2026-09-13,9,550000,ОЭС ЮГА,12054,11034
2026-09-13 10:00,2026-09-13,10,550000,ОЭС ЮГА,12532,11762
2026-09-13 11:00,2026-09-13,11,550000,ОЭС ЮГА,13099,12257
2026-09-13 12:00,2026-09-13,12,550000,ОЭС ЮГА,13346,12342
2026-09-13 13:00,2026-09-13,13,550000,ОЭС ЮГА,13110,12893
2026-09-13 14:00,2026-09-13,14,550000,ОЭС ЮГА,13151,12920
2026-09-13 15:00,2026-09-13,15,550000,ОЭС ЮГА,13019,12943
2026-09-13 16:00,2026-09-13,16,550000,ОЭС ЮГА,13392,12977
2026-09-13 17:00,2026-09-13,17,550000,ОЭС ЮГА,13210,12927
2026-09-13 18:00,2026-09-13,18,550000,ОЭС ЮГА,12901,12695
2026-09-13 19:00,2026-09-13,19,550000,ОЭС ЮГА,13843,13304
2026-09-13 20:00,2026-09-13,20,550000,ОЭС ЮГА,14311,13226
2026-09-13 21:00,2026-09-13,21,550000,ОЭС ЮГА,13112,12890
2026-09-13 22:00,2026-09-13,22,550000,ОЭС ЮГА,12233,11877
2026-09-13 23:00,2026-09-13,23,550000,ОЭС ЮГА,11504,11121
2026-09-14 00:00,2026-09-14,0,550000,ОЭС ЮГА,10733,10082
2026-09-14 01:00,2026-09-14,1,550000,ОЭС ЮГА,10250,9735
2026-09-14 02:00,2026-09-14,2,550000,ОЭС ЮГА,9721,9235
2026-09-14 03:00,2026-09-14,3,550000,ОЭС ЮГА,9771,9209
2026-09-14 04:00,2026-09-14,4,550000,ОЭС ЮГА,9676,9134
2026-09-14 05:00,2026-09-14,5,550000,ОЭС ЮГА,9502,9342
2026-09-14 06:00,2026-09-14,6,550000,ОЭС ЮГА,10143,9572
2026-09-14 07:00,2026-09-14,7,550000,ОЭС ЮГА,10744,10408
2026-09-14 08:00,2026-09-14,8,550000,ОЭС ЮГА,11233,11491
2026-09-14 09:00,2026-09-14,9,550000,ОЭС ЮГА,12424,12405
2026-09-14 10:00,2026-09-14,10,550000,ОЭС ЮГА,12822,12961
2026-09-14 11:00,2026-09-14,11,550000,ОЭС ЮГА,13242,13026
2026-09-14 12:00,2026-09-14,12,550000,ОЭС ЮГА,13393,12982
2026-09-14 13:00,2026-09-14,13,550000,ОЭС ЮГА,13317,13111
2026-09-14 14:00,2026-09-14,14,550000,ОЭС ЮГА,13530,13296
2026-09-14 15:00,2026-09-14,15,550000,ОЭС ЮГА,13262,13206
2026-09-14 16:00,2026-09-14,16,550000,ОЭС ЮГА,13321,13050
2026-09-14 17:00,2026-09-14,17,550000,ОЭС ЮГА,13054,12784
2026-09-14 18:00,2026-09-14,18,550000,ОЭС ЮГА,12847,12651
2026-09-14 19:00,2026-09-14,19,550000,ОЭС ЮГА,13413,13130
2026-09-14 20:00,2026-09-14,20,550000,ОЭС ЮГА,12855,13009
2026-09-14 21:00,2026-09-14,21,550000,ОЭС ЮГА,12646,12627
2026-09-14 22:00,2026-09-14,22,550000,ОЭС ЮГА,11763,11791
2026-09-14 23:00,2026-09-14,23,550000,ОЭС ЮГА,11571,11010
2026-09-15 00:00,2026-09-15,0,550000,ОЭС ЮГА,9948,10209
2026-09-15 01:00,2026-09-15,1,550000,ОЭС ЮГА,10503,9844
2026-09-15 02:00,2026-09-15,2,550000,ОЭС ЮГА,10057,9502
2026-09-15 03:00,2026-09-15,3,550000,ОЭС ЮГА,9988,9252
2026-09-15 04:00,2026-09-15,4,550000,ОЭС ЮГА,10111,9376
2026-09-15 05:00,2026-09-15,5,550000,ОЭС ЮГА,9501,9306
2026-09-15 06:00,2026-09-15,6,550000,ОЭС ЮГА,9650,9723
2026-09-15 07:00,2026-09-15,7,550000,ОЭС ЮГА,11491,10383
2026-09-15 08:00,2026-09-15,8,550000,ОЭС ЮГА,11616,11350
2026-09-15 09:00,2026-09-15,9,550000,ОЭС ЮГА,12381,11887
2026-09-15 10:00,2026-09-15,10,550000,ОЭС ЮГА,13129,12418
2026-09-15 11:00,2026-09-15,11,550000,ОЭС ЮГА,13116,12567
2026-09-15 12:00,2026-09-15,12,550000,ОЭС ЮГА,13147,12419
2026-09-15 13:00,2026-09-15,13,550000,ОЭС ЮГА,13447,12533
2026-09-15 14:00,2026-09-15,14,550000,ОЭС ЮГА,13446,12596
2026-09-15 15:00,2026-09-15,15,550000,ОЭС ЮГА,13204,12542
2026-09-15 16:00,2026-09-15,16,550000,ОЭС ЮГА,13032,12728
2026-09-15 17:00,2026-09-15,17,550000,ОЭС ЮГА,12669,12356
2026-09-15 18:00,2026-09-15,18,550000,ОЭС ЮГА,12682,12268
2026-09-15 19:00,2026-09-15,19,550000,ОЭС ЮГА,13146,12884
2026-09-15 20:00,2026-09-15,20,550000,ОЭС ЮГА,13023,12722
2026-09-15 21:00,2026-09-15,21,550000,ОЭС ЮГА,12689,12358
2026-09-15 22:00,2026-09-15,22,550000,ОЭС ЮГА,11503,11744
2026-09-15 23:00,2026-09-15,23,550000,ОЭС ЮГА,11304,10905
2026-09-16 00:00,2026-09-16,0,550000,ОЭС ЮГА,10783,9969
2026-09-16 01:00,2026-09-16,1,550000,ОЭС ЮГА,10245,9748
2026-09-16 02:00,2026-09-16,2,550000,ОЭС ЮГА,9640,9208
2026-09-16 03:00,2026-09-16,3,550000,ОЭС ЮГА,9786,9155
2026-09-16 04:00,2026-09-16,4,550000,ОЭС ЮГА,9856,9043
2026-09-16 05:00,2026-09-16,5,550000,ОЭС ЮГА,9691,9286
2026-09-16 06:00,2026-09-16,6,550000,ОЭС ЮГА,10344,9706
2026-09-16 07:00,2026-09-16,7,550000,ОЭС ЮГА,11030,10413
2026-09-16 08:00,2026-09-16,8,550000,ОЭС ЮГА,11630,11200
2026-09-16 09:00,2026-09-16,9,550000,ОЭС ЮГА,12863,12159
2026-09-16 10:00,2026-09-16,10,550000,ОЭС ЮГА,13705,12292
2026-09-16 11:00,2026-09-16,11,550000,ОЭС ЮГА,12900,12270
2026-09-16 12:00,2026-09-16,12,550000,ОЭС ЮГА,12750,12329
2026-09-16 13:00,2026-09-16,13,550000,ОЭС ЮГА,12940,12273
2026-09-16 14:00,2026-09-16,14,550000,ОЭС ЮГА,12861,12444
2026-09-16 15:00,2026-09-16,15,550000,ОЭС ЮГА,13107,12352
2026-09-16 16:00,2026-09-16,16,550000,ОЭС ЮГА,12583,12204
2026-09-16 17:00,2026-09-16,17,550000,ОЭС ЮГА,12875,11983
2026-09-16 18:00,2026-09-16,18,550000,ОЭС ЮГА,13059,12050
2026-09-16 19:00,2026-09-16,19,550000,ОЭС ЮГА,13790,12581
2026-09-16 20:00,2026-09-16,20,550000,ОЭС ЮГА,13181,12431
2026-09-16 21:00,2026-09-16,21,550000,ОЭС ЮГА,12705,12100
2026-09-16 22:00,2026-09-16,22,550000,ОЭС ЮГА,12793,11773
2026-09-16 23:00,2026-09-16,23,550000,ОЭС ЮГА,11098,10835
2026-09-17 00:00,2026-09-17,0,550000,ОЭС ЮГА,10964,10080
2026-09-17 01:00,2026-09-17,1,550000,ОЭС ЮГА,10152,9723
2026-09-17 02:00,2026-09-17,2,550000,ОЭС ЮГА,9716,9285
2026-09-17 03:00,2026-09-17,3,550000,ОЭС ЮГА,9724,9099
2026-09-17 04:00,2026-09-17,4,550000,ОЭС ЮГА,9499,9081
2026-09-17 05:00,2026-09-17,5,550000,ОЭС ЮГА,9545,9335
2026-09-17 06:00,2026-09-17,6,550000,ОЭС ЮГА,9931,9661
2026-09-17 07:00,2026-09-17,7,550000,ОЭС ЮГА,10996,10374
2026-09-17 08:00,2026-09-17,8,550000,ОЭС ЮГА,11885,11196
2026-09-17 09:00,2026-09-17,9,550000,ОЭС ЮГА,12553,11744
2026-09-17 10:00,2026-09-17,10,550000,ОЭС ЮГА,13026,12084
2026-09-17 11:00,2026-09-17,11,550000,ОЭС ЮГА,13238,12249
2026-09-17 12:00,2026-09-17,12,550000,ОЭС ЮГА,13056,12150
2026-09-17 13:00,2026-09-17,13,550000,ОЭС ЮГА,12791,12242
2026-09-17 14:00,2026-09-17,14,550000,ОЭС ЮГА,13101,12461
2026-09-17 15:00,2026-09-17,15,550000,ОЭС ЮГА,12732,12350
2026-09-17 16:00,2026-09-17,16,550000,ОЭС ЮГА,13188,12237
2026-09-17 17:00,2026-09-17,17,550000,ОЭС ЮГА,12764,12173
2026-09-17 18:00,2026-09-17,18,550000,ОЭС ЮГА,12825,12168
2026-09-17 19:00,2026-09-17,19,550000,ОЭС ЮГА,13966,12752
2026-09-17 20:00,2026-09-17,20,550000,ОЭС ЮГА,13462,12566
2026-09-17 21:00,2026-09-17,21,550000,ОЭС ЮГА,13003,12186
2026-09-17 22:00,2026-09-17,22,550000,ОЭС ЮГА,12046,11602
2026-09-17 23:00,2026-09-17,23,550000,ОЭС ЮГА,11107,10932
2026-09-18 00:00,2026-09-18,0,550000,ОЭС ЮГА,10660,9893
2026-09-18 01:00,2026-09-18,1,550000,ОЭС ЮГА,9958,9670
2026-09-18 02:00,2026-09-18,2,550000,ОЭС ЮГА,9716,9351
2026-09-18 03:00,2026-09-18,3,550000,ОЭС ЮГА,9972,9006
2026-09-18 04:00,2026-09-18,4,550000,ОЭС ЮГА,9904,8995
2026-09-18 05:00,2026-09-18,5,550000,ОЭС ЮГА,9777,9156
2026-09-18 06:00,2026-09-18,6,550000,ОЭС ЮГА,9956,9613
2026-09-18 07:00,2026-09-18,7,550000,ОЭС ЮГА,10846,10257
2026-09-18 08:00,2026-09-18,8,550000,ОЭС ЮГА,11455,11019
2026-09-18 09:00,2026-09-18,9,550000,ОЭС ЮГА,12597,11770
2026-09-18 10:00,2026-09-18,10,550000,ОЭС ЮГА,12924,12176
2026-09-18 11:00,2026-09-18,11,550000,ОЭС ЮГА,13077,12347
2026-09-18 12:00,2026-09-18,12,550000,ОЭС ЮГА,13470,12299
2026-09-18 13:00,2026-09-18,13,550000,ОЭС ЮГА,13146,12190
2026-09-18 14:00,2026-09-18,14,550000,ОЭС ЮГА,12815,12276
2026-09-18 15:00,2026-09-18,15,550000,ОЭС ЮГА,12834,12223
2026-09-18 16:00,2026-09-18,16,550000,ОЭС ЮГА,13338,12318
2026-09-18 17:00,2026-09-18,17,550000,ОЭС ЮГА,13078,12185
2026-09-18 18:00,2026-09-18,18,550000,ОЭС ЮГА,12898,12163
2026-09-18 19:00,2026-09-18,19,550000,ОЭС ЮГА,13219,12645
2026-09-18 20:00,2026-09-18,20,550000,ОЭС ЮГА,13052,12503
2026-09-18 21:00,2026-09-18,21,550000,ОЭС ЮГА,12338,12054
2026-09-18 22:00,2026-09-18,22,550000,ОЭС ЮГА,12344,11600
2026-09-18 23:00,2026-09-18,23,550000,ОЭС ЮГА,11718,10918
2026-09-19 00:00,2026-09-19,0,550000,ОЭС ЮГА,11814,10203
2026-09-19 01:00,2026-09-19,1,550000,ОЭС ЮГА,10982,9668
2026-09-19 02:00,2026-09-19,2,550000,ОЭС ЮГА,10617,9361
2026-09-19 03:00,2026-09-19,3,550000,ОЭС ЮГА,10562,9273
2026-09-19 04:00,2026-09-19,4,550000,ОЭС ЮГА,10097,9247
2026-09-19 05:00,2026-09-19,5,550000,ОЭС ЮГА,10302,9306
2026-09-19 06:00,2026-09-19,6,550000,ОЭС ЮГА,10456,9311
2026-09-19 07:00,2026-09-19,7,550000,ОЭС ЮГА,11095,9800
2026-09-19 08:00,2026-09-19,8,550000,ОЭС ЮГА,11911,10480
2026-09-19 09:00,2026-09-19,9,550000,ОЭС ЮГА,12653,11304
2026-09-19 10:00,2026-09-19,10,550000,ОЭС ЮГА,12738,12041
2026-09-19 11:00,2026-09-19,11,550000,ОЭС ЮГА,13246,12251
2026-09-19 12:00,2026-09-19,12,550000,ОЭС ЮГА,13538,12357
2026-09-19 13:00,2026-09-19,13,550000,ОЭС ЮГА,13511,12361
2026-09-19 14:00,2026-09-19,14,550000,ОЭС ЮГА,13602,12354
2026-09-19 15:00,2026-09-19,15,550000,ОЭС ЮГА,13562,12433
2026-09-19 16:00,2026-09-19,16,550000,ОЭС ЮГА,13243,12208
2026-09-19 17:00,2026-09-19,17,550000,ОЭС ЮГА,13130,12335
2026-09-19 18:00,2026-09-19,18,550000,ОЭС ЮГА,13563,12375
2026-09-19 19:00,2026-09-19,19,550000,ОЭС ЮГА,13760,12854
2026-09-19 20:00,2026-09-19,20,550000,ОЭС ЮГА,13163,12605
2026-09-19 21:00,2026-09-19,21,550000,ОЭС ЮГА,13213,12196
2026-09-19 22:00,2026-09-19,22,550000,ОЭС ЮГА,13166,11732
2026-09-19 23:00,2026-09-19,23,550000,ОЭС ЮГА,12288,10962
2026-09-20 00:00,2026-09-20,0,550000,ОЭС ЮГА,11309,10290
2026-09-20 01:00,2026-09-20,1,550000,ОЭС ЮГА,10958,9826
2026-09-20 02:00,2026-09-20,2,550000,ОЭС ЮГА,10690,9544
2026-09-20 03:00,2026-09-20,3,550000,ОЭС ЮГА,10489,9289
2026-09-20 04:00,2026-09-20,4,550000,ОЭС ЮГА,10357,9199
2026-09-20 05:00,2026-09-20,5,550000,ОЭС ЮГА,10412,9175
2026-09-20 06:00,2026-09-20,6,550000,ОЭС ЮГА,10463,9192
2026-09-20 07:00,2026-09-20,7,550000,ОЭС ЮГА,10859,9537
2026-09-20 08:00,2026-09-20,8,550000,ОЭС ЮГА,11241,10243
2026-09-20 09:00,2026-09-20,9,550000,ОЭС ЮГА,12155,11021
2026-09-20 10:00,2026-09-20,10,550000,ОЭС ЮГА,13044,11750
2026-09-20 11:00,2026-09-20,11,550000,ОЭС ЮГА,13209,12031
2026-09-20 12:00,2026-09-20,12,550000,ОЭС ЮГА,13187,12236
2026-09-20 13:00,2026-09-20,13,550000,ОЭС ЮГА,13156,12291
2026-09-20 14:00,2026-09-20,14,550000,ОЭС ЮГА,13028,12126
2026-09-20 15:00,2026-09-20,15,550000,ОЭС ЮГА,13048,12203
2026-09-20 16:00,2026-09-20,16,550000,ОЭС ЮГА,13048,12393
2026-09-20 17:00,2026-09-20,17,550000,ОЭС ЮГА,12914,12297
2026-09-20 18:00,2026-09-20,18,550000,ОЭС ЮГА,12886,12275
2026-09-20 19:00,2026-09-20,19,550000,ОЭС ЮГА,13717,12864
2026-09-20 20:00,2026-09-20,20,550000,ОЭС ЮГА,13175,12681
2026-09-20 21:00,2026-09-20,21,550000,ОЭС ЮГА,12529,12365
2026-09-20 22:00,2026-09-20,22,550000,ОЭС ЮГА,12215,11478
2026-09-20 23:00,2026-09-20,23,550000,ОЭС ЮГА,11436,10959
2026-09-21 00:00,2026-09-21,0,550000,ОЭС ЮГА,10698,10070
2026-09-21 01:00,2026-09-21,1,550000,ОЭС ЮГА,10708,9766
2026-09-21 02:00,2026-09-21,2,550000,ОЭС ЮГА,9943,9215
2026-09-21 03:00,2026-09-21,3,550000,ОЭС ЮГА,9971,9109
2026-09-21 04:00,2026-09-21,4,550000,ОЭС ЮГА,10121,9117
2026-09-21 05:00,2026-09-21,5,550000,ОЭС ЮГА,10473,9356
2026-09-21 06:00,2026-09-21,6,550000,ОЭС ЮГА,10494,9712
2026-09-21 07:00,2026-09-21,7,550000,ОЭС ЮГА,11057,10169
2026-09-21 08:00,2026-09-21,8,550000,ОЭС ЮГА,11607,10899
2026-09-21 09:00,2026-09-21,9,550000,ОЭС ЮГА,12726,11704
2026-09-21 10:00,2026-09-21,10,550000,ОЭС ЮГА,12940,12161
2026-09-21 11:00,2026-09-21,11,550000,ОЭС ЮГА,12989,12368
2026-09-21 12:00,2026-09-21,12,550000,ОЭС ЮГА,13602,12413
2026-09-21 13:00,2026-09-21,13,550000,ОЭС ЮГА,13346,12667
2026-09-21 14:00,2026-09-21,14,550000,ОЭС ЮГА,13461,12634
2026-09-21 15:00,2026-09-21,15,550000,ОЭС ЮГА,13249,12620
2026-09-21 16:00,2026-09-21,16,550000,ОЭС ЮГА,13981,12655
2026-09-21 17:00,2026-09-21,17,550000,ОЭС ЮГА,13380,12386
2026-09-21 18:00,2026-09-21,18,550000,ОЭС ЮГА,13553,12354
2026-09-21 19:00,2026-09-21,19,550000,ОЭС ЮГА,13733,12895
2026-09-21 20:00,2026-09-21,20,550000,ОЭС ЮГА,13375,12571
2026-09-21 21:00,2026-09-21,21,550000,ОЭС ЮГА,12926,12217
2026-09-21 22:00,2026-09-21,22,550000,ОЭС ЮГА,12696,11718
2026-09-21 23:00,2026-09-21,23,550000,ОЭС ЮГА,11995,10968
2026-09-22 00:00,2026-09-22,0,550000,ОЭС ЮГА,10845,9985
2026-09-22 01:00,2026-09-22,1,550000,ОЭС ЮГА,10543,9694
2026-09-22 02:00,2026-09-22,2,550000,ОЭС ЮГА,10235,9378
2026-09-22 03:00,2026-09-22,3,550000,ОЭС ЮГА,10143,9179
2026-09-22 04:00,2026-09-22,4,550000,ОЭС ЮГА,10037,9229
2026-09-22 05:00,2026-09-22,5,550000,ОЭС ЮГА,10294,9329
2026-09-22 06:00,2026-09-22,6,550000,ОЭС ЮГА,10594,9802
2026-09-22 07:00,2026-09-22,7,550000,ОЭС ЮГА,11140,10522
2026-09-22 08:00,2026-09-22,8,550000,ОЭС ЮГА,11479,11136
2026-09-22 09:00,2026-09-22,9,550000,ОЭС ЮГА,12627,11912
2026-09-22 10:00,2026-09-22,10,550000,ОЭС ЮГА,13272,12373
2026-09-22 11:00,2026-09-22,11,550000,ОЭС ЮГА,13428,12477
2026-09-22 12:00,2026-09-22,12,550000,ОЭС ЮГА,12943,12566
2026-09-22 13:00,2026-09-22,13,550000,ОЭС ЮГА,13029,12542
2026-09-22 14:00,2026-09-22,14,550000,ОЭС ЮГА,13222,12658
2026-09-22 15:00,2026-09-22,15,550000,ОЭС ЮГА,13312,12818
2026-09-22 16:00,2026-09-22,16,550000,ОЭС ЮГА,13303,12935
2026-09-22 17:00,2026-09-22,17,550000,ОЭС ЮГА,12635,12574
2026-09-22 18:00,2026-09-22,18,550000,ОЭС ЮГА,12825,12536
2026-09-22 19:00,2026-09-22,19,550000,ОЭС ЮГА,13289,13018
2026-09-22 20:00,2026-09-22,20,550000,ОЭС ЮГА,13135,12806
2026-09-22 21:00,2026-09-22,21,550000,ОЭС ЮГА,12775,12354
2026-09-22 22:00,2026-09-22,22,550000,ОЭС ЮГА,11938,11826
2026-09-22 23:00,2026-09-22,23,550000,ОЭС ЮГА,11786,10943
2026-09-23 00:00,2026-09-23,0,550000,ОЭС ЮГА,11327,10097
2026-09-23 01:00,2026-09-23,1,550000,ОЭС ЮГА,10451,9651
2026-09-23 02:00,2026-09-23,2,550000,ОЭС ЮГА,10112,9272
2026-09-23 03:00,2026-09-23,3,550000,ОЭС ЮГА,10422,9309
2026-09-23 04:00,2026-09-23,4,550000,ОЭС ЮГА,10555,9279
2026-09-23 05:00,2026-09-23,5,550000,ОЭС ЮГА,10803,9440
2026-09-23 06:00,2026-09-23,6,550000,ОЭС ЮГА,11263,9800
2026-09-23 07:00,2026-09-23,7,550000,ОЭС ЮГА,11465,10476
2026-09-23 08:00,2026-09-23,8,550000,ОЭС ЮГА,12040,11368
2026-09-23 09:00,2026-09-23,9,550000,ОЭС ЮГА,13201,12049
2026-09-23 10:00,2026-09-23,10,550000,ОЭС ЮГА,13595,12453
2026-09-23 11:00,2026-09-23,11,550000,ОЭС ЮГА,13724,12611
2026-09-23 12:00,2026-09-23,12,550000,ОЭС ЮГА,13437,12578
2026-09-23 13:00,2026-09-23,13,550000,ОЭС ЮГА,13365,12664
2026-09-23 14:00,2026-09-23,14,550000,ОЭС ЮГА,13518,12926
2026-09-23 15:00,2026-09-23,15,550000,ОЭС ЮГА,13131,12841
2026-09-23 16:00,2026-09-23,16,550000,ОЭС ЮГА,13325,12892
2026-09-23 17:00,2026-09-23,17,550000,ОЭС ЮГА,12898,12672
2026-09-23 18:00,2026-09-23,18,550000,ОЭС ЮГА,12516,12687
2026-09-23 19:00,2026-09-23,19,550000,ОЭС ЮГА,13181,12920
2026-09-23 20:00,2026-09-23,20,550000,ОЭС ЮГА,13329,12685
2026-09-23 21:00,2026-09-23,21,550000,ОЭС ЮГА,13248,12396
2026-09-23 22:00,2026-09-23,22,550000,ОЭС ЮГА,12762,11853
2026-09-23 23:00,2026-09-23,23,550000,ОЭС ЮГА,11964,10621
2026-09-24 00:00,2026-09-24,0,550000,ОЭС ЮГА,11705,10265
2026-09-24 01:00,2026-09-24,1,550000,ОЭС ЮГА,10957,9791
2026-09-24 02:00,2026-09-24,2,550000,ОЭС ЮГА,10344,9322
2026-09-24 03:00,2026-09-24,3,550000,ОЭС ЮГА,10665,9245
2026-09-24 04:00,2026-09-24,4,550000,ОЭС ЮГА,10383,8983
2026-09-24 05:00,2026-09-24,5,550000,ОЭС ЮГА,10399,9196
2026-09-24 06:00,2026-09-24,6,550000,ОЭС ЮГА,10465,9592
2026-09-24 07:00,2026-09-24,7,550000,ОЭС ЮГА,10979,10251
2026-09-24 08:00,2026-09-24,8,550000,ОЭС ЮГА,11908,11201
2026-09-24 09:00,2026-09-24,9,550000,ОЭС ЮГА,13135,11904
2026-09-24 10:00,2026-09-24,10,550000,ОЭС ЮГА,13035,12077
2026-09-24 11:00,2026-09-24,11,550000,ОЭС ЮГА,12870,12163
2026-09-24 12:00,2026-09-24,12,550000,ОЭС ЮГА,13342,12149
2026-09-24 13:00,2026-09-24,13,550000,ОЭС ЮГА,13368,12202
2026-09-24 14:00,2026-09-24,14,550000,ОЭС ЮГА,13370,12169
2026-09-24 15:00,2026-09-24,15,550000,ОЭС ЮГА,13221,12195
2026-09-24 16:00,2026-09-24,16,550000,ОЭС ЮГА,13482,12230
2026-09-24 17:00,2026-09-24,17,550000,ОЭС ЮГА,13184,12064
2026-09-24 18:00,2026-09-24,18,550000,ОЭС ЮГА,13474,12325
2026-09-24 19:00,2026-09-24,19,550000,ОЭС ЮГА,13983,12832
2026-09-24 20:00,2026-09-24,20,550000,ОЭС ЮГА,13357,12622
2026-09-24 21:00,2026-09-24,21,550000,ОЭС ЮГА,13206,12109
2026-09-24 22:00,2026-09-24,22,550000,ОЭС ЮГА,12617,11565
2026-09-24 23:00,2026-09-24,23,550000,ОЭС ЮГА,11538,10686
2026-09-25 00:00,2026-09-25,0,550000,ОЭС ЮГА,10913,9803
2026-09-25 01:00,2026-09-25,1,550000,ОЭС ЮГА,10397,9401
2026-09-25 02:00,2026-09-25,2,550000,ОЭС ЮГА,10256,9273
2026-09-25 03:00,2026-09-25,3,550000,ОЭС ЮГА,10343,8996
2026-09-25 04:00,2026-09-25,4,550000,ОЭС ЮГА,10376,8819
2026-09-25 05:00,2026-09-25,5,550000,ОЭС ЮГА,10459,9221
2026-09-25 06:00,2026-09-25,6,550000,ОЭС ЮГА,11009,9654
2026-09-25 07:00,2026-09-25,7,550000,ОЭС ЮГА,11087,10289
2026-09-25 08:00,2026-09-25,8,550000,ОЭС ЮГА,12118,11066
2026-09-25 09:00,2026-09-25,9,550000,ОЭС ЮГА,12770,11726
2026-09-25 10:00,2026-09-25,10,550000,ОЭС ЮГА,12917,12026
2026-09-25 11:00,2026-09-25,11,550000,ОЭС ЮГА,12949,12216
2026-09-25 12:00,2026-09-25,12,550000,ОЭС ЮГА,13018,12126
2026-09-25 13:00,2026-09-25,13,550000,ОЭС ЮГА,13179,12002
2026-09-25 14:00,2026-09-25,14,550000,ОЭС ЮГА,13292,12060
2026-09-25 15:00,2026-09-25,15,550000,ОЭС ЮГА,13148,12053
2026-09-25 16:00,2026-09-25,16,550000,ОЭС ЮГА,13362,12016
2026-09-25 17:00,2026-09-25,17,550000,ОЭС ЮГА,13094,11909
2026-09-25 18:00,2026-09-25,18,550000,ОЭС ЮГА,13362,12089
2026-09-25 19:00,2026-09-25,19,550000,ОЭС ЮГА,13972,12592
2026-09-25 20:00,2026-09-25,20,550000,ОЭС ЮГА,13667,12230
2026-09-25 21:00,2026-09-25,21,550000,ОЭС ЮГА,13194,12009
2026-09-25 22:00,2026-09-25,22,550000,ОЭС ЮГА,13212,11635
2026-09-25 23:00,2026-09-25,23,550000,ОЭС ЮГА,12110,10885
2026-09-26 00:00,2026-09-26,0,550000,ОЭС ЮГА,11831,10096
2026-09-26 01:00,2026-09-26,1,550000,ОЭС ЮГА,10872,9566
2026-09-26 02:00,2026-09-26,2,550000,ОЭС ЮГА,10509,9339
2026-09-26 03:00,2026-09-26,3,550000,ОЭС ЮГА,10546,9164
2026-09-26 04:00,2026-09-26,4,550000,ОЭС ЮГА,10197,9044
2026-09-26 05:00,2026-09-26,5,550000,ОЭС ЮГА,10341,9193
2026-09-26 06:00,2026-09-26,6,550000,ОЭС ЮГА,10477,9238
2026-09-26 07:00,2026-09-26,7,550000,ОЭС ЮГА,11019,9630
2026-09-26 08:00,2026-09-26,8,550000,ОЭС ЮГА,12092,10412
2026-09-26 09:00,2026-09-26,9,550000,ОЭС ЮГА,12738,11327
2026-09-26 10:00,2026-09-26,10,550000,ОЭС ЮГА,12952,11676
2026-09-26 11:00,2026-09-26,11,550000,ОЭС ЮГА,13240,12027
2026-09-26 12:00,2026-09-26,12,550000,ОЭС ЮГА,13023,11971
2026-09-26 13:00,2026-09-26,13,550000,ОЭС ЮГА,13312,12029
2026-09-26 14:00,2026-09-26,14,550000,ОЭС ЮГА,13371,11934
2026-09-26 15:00,2026-09-26,15,550000,ОЭС ЮГА,13332,11914
2026-09-26 16:00,2026-09-26,16,550000,ОЭС ЮГА,13422,12036
2026-09-26 17:00,2026-09-26,17,550000,ОЭС ЮГА,13480,11985
2026-09-26 18:00,2026-09-26,18,550000,ОЭС ЮГА,13678,12323
2026-09-26 19:00,2026-09-26,19,550000,ОЭС ЮГА,13803,12523
2026-09-26 20:00,2026-09-26,20,550000,ОЭС ЮГА,13554,12314
2026-09-26 21:00,2026-09-26,21,550000,ОЭС ЮГА,13801,11925
2026-09-26 22:00,2026-09-26,22,550000,ОЭС ЮГА,13473,11356
2026-09-26 23:00,2026-09-26,23,550000,ОЭС ЮГА,12614,10805
2026-09-27 00:00,2026-09-27,0,550000,ОЭС ЮГА,11963,10239
2026-09-27 01:00,2026-09-27,1,550000,ОЭС ЮГА,11181,9730
2026-09-27 02:00,2026-09-27,2,550000,ОЭС ЮГА,10713,9357
2026-09-27 03:00,2026-09-27,3,550000,ОЭС ЮГА,10889,9138
2026-09-27 04:00,2026-09-27,4,550000,ОЭС ЮГА,10683,9130
2026-09-27 05:00,2026-09-27,5,550000,ОЭС ЮГА,10535,9163
2026-09-27 06:00,2026-09-27,6,550000,ОЭС ЮГА,10754,9342
2026-09-27 07:00,2026-09-27,7,550000,ОЭС ЮГА,11558,9705
2026-09-27 08:00,2026-09-27,8,550000,ОЭС ЮГА,12141,10407
2026-09-27 09:00,2026-09-27,9,550000,ОЭС ЮГА,12800,11060
2026-09-27 10:00,2026-09-27,10,550000,ОЭС ЮГА,13305,11453
2026-09-27 11:00,2026-09-27,11,550000,ОЭС ЮГА,13147,11663
2026-09-27 12:00,2026-09-27,12,550000,ОЭС ЮГА,13016,11876
2026-09-27 13:00,2026-09-27,13,550000,ОЭС ЮГА,13272,11710
2026-09-27 14:00,2026-09-27,14,550000,ОЭС ЮГА,13407,11710
2026-09-27 15:00,2026-09-27,15,550000,ОЭС ЮГА,13354,11622
2026-09-27 16:00,2026-09-27,16,550000,ОЭС ЮГА,13263,11827
2026-09-27 17:00,2026-09-27,17,550000,ОЭС ЮГА,13231,11891
2026-09-27 18:00,2026-09-27,18,550000,ОЭС ЮГА,13389,12109
2026-09-27 19:00,2026-09-27,19,550000,ОЭС ЮГА,13952,12747
2026-09-27 20:00,2026-09-27,20,550000,ОЭС ЮГА,13604,12634
2026-09-27 21:00,2026-09-27,21,550000,ОЭС ЮГА,13305,12332
2026-09-27 22:00,2026-09-27,22,550000,ОЭС ЮГА,12830,11452
2026-09-27 23:00,2026-09-27,23,550000,ОЭС ЮГА,12196,10689
