datetime_msk,date,hour,kpo,energy_system,generation_mw,consumption_mw
2025-09-28 00:00,2025-09-28,0,610000,ОЭС СИБИРИ,21673,23009
2025-09-28 01:00,2025-09-28,1,610000,ОЭС СИБИРИ,21899,22929
2025-09-28 02:00,2025-09-28,2,610000,ОЭС СИБИРИ,22405,23072
2025-09-28 03:00,2025-09-28,3,610000,ОЭС СИБИРИ,22587,23302
2025-09-28 04:00,2025-09-28,4,610000,ОЭС СИБИРИ,23127,23950
2025-09-28 05:00,2025-09-28,5,610000,ОЭС СИБИРИ,23706,24835
2025-09-28 06:00,2025-09-28,6,610000,ОЭС СИБИРИ,24462,25271
2025-09-28 07:00,2025-09-28,7,610000,ОЭС СИБИРИ,24756,25659
2025-09-28 08:00,2025-09-28,8,610000,ОЭС СИБИРИ,24789,25482
2025-09-28 09:00,2025-09-28,9,610000,ОЭС СИБИРИ,25120,25595
2025-09-28 10:00,2025-09-28,10,610000,ОЭС СИБИРИ,24949,25636
2025-09-28 11:00,2025-09-28,11,610000,ОЭС СИБИРИ,24654,25398
2025-09-28 12:00,2025-09-28,12,610000,ОЭС СИБИРИ,24757,25427
2025-09-28 13:00,2025-09-28,13,610000,ОЭС СИБИРИ,24991,25707
2025-09-28 14:00,2025-09-28,14,610000,ОЭС СИБИРИ,25252,25947
2025-09-28 15:00,2025-09-28,15,610000,ОЭС СИБИРИ,25459,26483
2025-09-28 16:00,2025-09-28,16,610000,ОЭС СИБИРИ,25473,26195
2025-09-28 17:00,2025-09-28,17,610000,ОЭС СИБИРИ,25004,25905
2025-09-28 18:00,2025-09-28,18,610000,ОЭС СИБИРИ,25100,25351
2025-09-28 19:00,2025-09-28,19,610000,ОЭС СИБИРИ,24122,24662
2025-09-28 20:00,2025-09-28,20,610000,ОЭС СИБИРИ,23193,23805
2025-09-28 21:00,2025-09-28,21,610000,ОЭС СИБИРИ,23097,23667
2025-09-28 22:00,2025-09-28,22,610000,ОЭС СИБИРИ,22932,23542
2025-09-28 23:00,2025-09-28,23,610000,ОЭС СИБИРИ,22837,23391
2025-09-29 00:00,2025-09-29,0,610000,ОЭС СИБИРИ,22394,23314
2025-09-29 01:00,2025-09-29,1,610000,ОЭС СИБИРИ,22826,23765
2025-09-29 02:00,2025-09-29,2,610000,ОЭС СИБИРИ,23376,24382
2025-09-29 03:00,2025-09-29,3,610000,ОЭС СИБИРИ,24207,25020
2025-09-29 04:00,2025-09-29,4,610000,ОЭС СИБИРИ,24505,25501
2025-09-29 05:00,2025-09-29,5,610000,ОЭС СИБИРИ,25526,25970
2025-09-29 06:00,2025-09-29,6,610000,ОЭС СИБИРИ,26106,26443
2025-09-29 07:00,2025-09-29,7,610000,ОЭС СИБИРИ,25368,26248
2025-09-29 08:00,2025-09-29,8,610000,ОЭС СИБИРИ,25836,26430
2025-09-29 09:00,2025-09-29,9,610000,ОЭС СИБИРИ,26357,26711
2025-09-29 10:00,2025-09-29,10,610000,ОЭС СИБИРИ,25916,26645
2025-09-29 11:00,2025-09-29,11,610000,ОЭС СИБИРИ,26063,26794
2025-09-29 12:00,2025-09-29,12,610000,ОЭС СИБИРИ,26033,26440
2025-09-29 13:00,2025-09-29,13,610000,ОЭС СИБИРИ,26378,26507
2025-09-29 14:00,2025-09-29,14,610000,ОЭС СИБИРИ,26769,26834
2025-09-29 15:00,2025-09-29,15,610000,ОЭС СИБИРИ,26193,26898
2025-09-29 16:00,2025-09-29,16,610000,ОЭС СИБИРИ,26400,26783
2025-09-29 17:00,2025-09-29,17,610000,ОЭС СИБИРИ,26181,26594
2025-09-29 18:00,2025-09-29,18,610000,ОЭС СИБИРИ,25859,26156
2025-09-29 19:00,2025-09-29,19,610000,ОЭС СИБИРИ,24767,25371
2025-09-29 20:00,2025-09-29,20,610000,ОЭС СИБИРИ,24053,24672
2025-09-29 21:00,2025-09-29,21,610000,ОЭС СИБИРИ,23565,24443
2025-09-29 22:00,2025-09-29,22,610000,ОЭС СИБИРИ,23465,24262
2025-09-29 23:00,2025-09-29,23,610000,ОЭС СИБИРИ,23149,23986
2025-09-30 00:00,2025-09-30,0,610000,ОЭС СИБИРИ,22893,23921
2025-09-30 01:00,2025-09-30,1,610000,ОЭС СИБИРИ,23071,24176
2025-09-30 02:00,2025-09-30,2,610000,ОЭС СИБИРИ,23884,24889
2025-09-30 03:00,2025-09-30,3,610000,ОЭС СИБИРИ,24906,25691
2025-09-30 04:00,2025-09-30,4,610000,ОЭС СИБИРИ,25567,26057
2025-09-30 05:00,2025-09-30,5,610000,ОЭС СИБИРИ,26520,26603
2025-09-30 06:00,2025-09-30,6,610000,ОЭС СИБИРИ,26603,26809
2025-09-30 07:00,2025-09-30,7,610000,ОЭС СИБИРИ,26133,26604
2025-09-30 08:00,2025-09-30,8,610000,ОЭС СИБИРИ,25871,26476
2025-09-30 09:00,2025-09-30,9,610000,ОЭС СИБИРИ,26480,26747
2025-09-30 10:00,2025-09-30,10,610000,ОЭС СИБИРИ,26277,26754
2025-09-30 11:00,2025-09-30,11,610000,ОЭС СИБИРИ,26072,26794
2025-09-30 12:00,2025-09-30,12,610000,ОЭС СИБИРИ,26167,26532
2025-09-30 13:00,2025-09-30,13,610000,ОЭС СИБИРИ,26184,26517
2025-09-30 14:00,2025-09-30,14,610000,ОЭС СИБИРИ,26750,26984
2025-09-30 15:00,2025-09-30,15,610000,ОЭС СИБИРИ,26961,27122
2025-09-30 16:00,2025-09-30,16,610000,ОЭС СИБИРИ,26724,27077
2025-09-30 17:00,2025-09-30,17,610000,ОЭС СИБИРИ,26589,26874
2025-09-30 18:00,2025-09-30,18,610000,ОЭС СИБИРИ,26520,26927
2025-09-30 19:00,2025-09-30,19,610000,ОЭС СИБИРИ,25667,25838
2025-09-30 20:00,2025-09-30,20,610000,ОЭС СИБИРИ,24625,25103
2025-09-30 21:00,2025-09-30,21,610000,ОЭС СИБИРИ,24131,24706
2025-09-30 22:00,2025-09-30,22,610000,ОЭС СИБИРИ,24763,24501
2025-09-30 23:00,2025-09-30,23,610000,ОЭС СИБИРИ,24669,24412
2025-10-01 00:00,2025-10-01,0,610000,ОЭС СИБИРИ,24043,24544
2025-10-01 01:00,2025-10-01,1,610000,ОЭС СИБИРИ,24029,24758
2025-10-01 02:00,2025-10-01,2,610000,ОЭС СИБИРИ,24268,25207
2025-10-01 03:00,2025-10-01,3,610000,ОЭС СИБИРИ,25059,26152
2025-10-01 04:00,2025-10-01,4,610000,ОЭС СИБИРИ,25041,26288
2025-10-01 05:00,2025-10-01,5,610000,ОЭС СИБИРИ,26245,27035
2025-10-01 06:00,2025-10-01,6,610000,ОЭС СИБИРИ,26392,27188
2025-10-01 07:00,2025-10-01,7,610000,ОЭС СИБИРИ,26455,27413
2025-10-01 08:00,2025-10-01,8,610000,ОЭС СИБИРИ,26384,27067
2025-10-01 09:00,2025-10-01,9,610000,ОЭС СИБИРИ,26775,27265
2025-10-01 10:00,2025-10-01,10,610000,ОЭС СИБИРИ,26886,27205
2025-10-01 11:00,2025-10-01,11,610000,ОЭС СИБИРИ,26621,27025
2025-10-01 12:00,2025-10-01,12,610000,ОЭС СИБИРИ,26555,26906
2025-10-01 13:00,2025-10-01,13,610000,ОЭС СИБИРИ,26664,26824
2025-10-01 14:00,2025-10-01,14,610000,ОЭС СИБИРИ,27006,27032
2025-10-01 15:00,2025-10-01,15,610000,ОЭС СИБИРИ,26712,27154
2025-10-01 16:00,2025-10-01,16,610000,ОЭС СИБИРИ,26703,27213
2025-10-01 17:00,2025-10-01,17,610000,ОЭС СИБИРИ,26722,27036
2025-10-01 18:00,2025-10-01,18,610000,ОЭС СИБИРИ,26439,26891
2025-10-01 19:00,2025-10-01,19,610000,ОЭС СИБИРИ,25200,25906
2025-10-01 20:00,2025-10-01,20,610000,ОЭС СИБИРИ,24873,25250
2025-10-01 21:00,2025-10-01,21,610000,ОЭС СИБИРИ,24616,24946
2025-10-01 22:00,2025-10-01,22,610000,ОЭС СИБИРИ,24536,24582
2025-10-01 23:00,2025-10-01,23,610000,ОЭС СИБИРИ,24250,24448
2025-10-02 00:00,2025-10-02,0,610000,ОЭС СИБИРИ,24063,24650
2025-10-02 01:00,2025-10-02,1,610000,ОЭС СИБИРИ,23978,24714
2025-10-02 02:00,2025-10-02,2,610000,ОЭС СИБИРИ,24661,25476
2025-10-02 03:00,2025-10-02,3,610000,ОЭС СИБИРИ,24722,26246
2025-10-02 04:00,2025-10-02,4,610000,ОЭС СИБИРИ,25477,26605
2025-10-02 05:00,2025-10-02,5,610000,ОЭС СИБИРИ,26555,27103
2025-10-02 06:00,2025-10-02,6,610000,ОЭС СИБИРИ,26614,27313
2025-10-02 07:00,2025-10-02,7,610000,ОЭС СИБИРИ,26297,27101
2025-10-02 08:00,2025-10-02,8,610000,ОЭС СИБИРИ,26464,27157
2025-10-02 09:00,2025-10-02,9,610000,ОЭС СИБИРИ,27483,27718
2025-10-02 10:00,2025-10-02,10,610000,ОЭС СИБИРИ,27378,27526
2025-10-02 11:00,2025-10-02,11,610000,ОЭС СИБИРИ,27460,27390
2025-10-02 12:00,2025-10-02,12,610000,ОЭС СИБИРИ,27279,27201
2025-10-02 13:00,2025-10-02,13,610000,ОЭС СИБИРИ,27527,27512
2025-10-02 14:00,2025-10-02,14,610000,ОЭС СИБИРИ,27543,27631
2025-10-02 15:00,2025-10-02,15,610000,ОЭС СИБИРИ,27656,27784
2025-10-02 16:00,2025-10-02,16,610000,ОЭС СИБИРИ,26953,27513
2025-10-02 17:00,2025-10-02,17,610000,ОЭС СИБИРИ,26602,27289
2025-10-02 18:00,2025-10-02,18,610000,ОЭС СИБИРИ,26685,27161
2025-10-02 19:00,2025-10-02,19,610000,ОЭС СИБИРИ,25237,26216
2025-10-02 20:00,2025-10-02,20,610000,ОЭС СИБИРИ,24794,25551
2025-10-02 21:00,2025-10-02,21,610000,ОЭС СИБИРИ,24349,25059
2025-10-02 22:00,2025-10-02,22,610000,ОЭС СИБИРИ,24558,25009
2025-10-02 23:00,2025-10-02,23,610000,ОЭС СИБИРИ,24566,25029
2025-10-03 00:00,2025-10-03,0,610000,ОЭС СИБИРИ,24232,24950
2025-10-03 01:00,2025-10-03,1,610000,ОЭС СИБИРИ,24301,25032
2025-10-03 02:00,2025-10-03,2,610000,ОЭС СИБИРИ,24865,25672
2025-10-03 03:00,2025-10-03,3,610000,ОЭС СИБИРИ,25068,26327
2025-10-03 04:00,2025-10-03,4,610000,ОЭС СИБИРИ,25870,26615
2025-10-03 05:00,2025-10-03,5,610000,ОЭС СИБИРИ,26726,27178
2025-10-03 06:00,2025-10-03,6,610000,ОЭС СИБИРИ,26368,27308
2025-10-03 07:00,2025-10-03,7,610000,ОЭС СИБИРИ,26471,27198
2025-10-03 08:00,2025-10-03,8,610000,ОЭС СИБИРИ,26319,27009
2025-10-03 09:00,2025-10-03,9,610000,ОЭС СИБИРИ,27130,27356
2025-10-03 10:00,2025-10-03,10,610000,ОЭС СИБИРИ,27080,27204
2025-10-03 11:00,2025-10-03,11,610000,ОЭС СИБИРИ,26790,27207
2025-10-03 12:00,2025-10-03,12,610000,ОЭС СИБИРИ,26338,26834
2025-10-03 13:00,2025-10-03,13,610000,ОЭС СИБИРИ,26503,26875
2025-10-03 14:00,2025-10-03,14,610000,ОЭС СИБИРИ,27021,27253
2025-10-03 15:00,2025-10-03,15,610000,ОЭС СИБИРИ,27095,27354
2025-10-03 16:00,2025-10-03,16,610000,ОЭС СИБИРИ,27430,27392
2025-10-03 17:00,2025-10-03,17,610000,ОЭС СИБИРИ,26980,26875
2025-10-03 18:00,2025-10-03,18,610000,ОЭС СИБИРИ,27251,27032
2025-10-03 19:00,2025-10-03,19,610000,ОЭС СИБИРИ,25823,26409
2025-10-03 20:00,2025-10-03,20,610000,ОЭС СИБИРИ,25080,25737
2025-10-03 21:00,2025-10-03,21,610000,ОЭС СИБИРИ,24561,25294
2025-10-03 22:00,2025-10-03,22,610000,ОЭС СИБИРИ,24555,25161
2025-10-03 23:00,2025-10-03,23,610000,ОЭС СИБИРИ,24401,24968
2025-10-04 00:00,2025-10-04,0,610000,ОЭС СИБИРИ,24195,24850
2025-10-04 01:00,2025-10-04,1,610000,ОЭС СИБИРИ,24781,25122
2025-10-04 02:00,2025-10-04,2,610000,ОЭС СИБИРИ,23897,25022
2025-10-04 03:00,2025-10-04,3,610000,ОЭС СИБИРИ,24651,25780
2025-10-04 04:00,2025-10-04,4,610000,ОЭС СИБИРИ,25218,26297
2025-10-04 05:00,2025-10-04,5,610000,ОЭС СИБИРИ,25732,27126
2025-10-04 06:00,2025-10-04,6,610000,ОЭС СИБИРИ,26537,27511
2025-10-04 07:00,2025-10-04,7,610000,ОЭС СИБИРИ,26133,27602
2025-10-04 08:00,2025-10-04,8,610000,ОЭС СИБИРИ,26405,27496
2025-10-04 09:00,2025-10-04,9,610000,ОЭС СИБИРИ,26900,27568
2025-10-04 10:00,2025-10-04,10,610000,ОЭС СИБИРИ,26871,27353
2025-10-04 11:00,2025-10-04,11,610000,ОЭС СИБИРИ,27159,27436
2025-10-04 12:00,2025-10-04,12,610000,ОЭС СИБИРИ,26905,27402
2025-10-04 13:00,2025-10-04,13,610000,ОЭС СИБИРИ,26931,27604
2025-10-04 14:00,2025-10-04,14,610000,ОЭС СИБИРИ,27669,27954
2025-10-04 15:00,2025-10-04,15,610000,ОЭС СИБИРИ,28553,28262
2025-10-04 16:00,2025-10-04,16,610000,ОЭС СИБИРИ,27798,27863
2025-10-04 17:00,2025-10-04,17,610000,ОЭС СИБИРИ,27525,27661
2025-10-04 18:00,2025-10-04,18,610000,ОЭС СИБИРИ,27040,27010
2025-10-04 19:00,2025-10-04,19,610000,ОЭС СИБИРИ,26015,26296
2025-10-04 20:00,2025-10-04,20,610000,ОЭС СИБИРИ,25526,25678
2025-10-04 21:00,2025-10-04,21,610000,ОЭС СИБИРИ,25301,25518
2025-10-04 22:00,2025-10-04,22,610000,ОЭС СИБИРИ,24986,25169
2025-10-04 23:00,2025-10-04,23,610000,ОЭС СИБИРИ,24689,24855
2025-10-05 00:00,2025-10-05,0,610000,ОЭС СИБИРИ,24914,24909
2025-10-05 01:00,2025-10-05,1,610000,ОЭС СИБИРИ,25617,25040
2025-10-05 02:00,2025-10-05,2,610000,ОЭС СИБИРИ,25349,25400
2025-10-05 03:00,2025-10-05,3,610000,ОЭС СИБИРИ,24895,25573
2025-10-05 04:00,2025-10-05,4,610000,ОЭС СИБИРИ,25138,25994
2025-10-05 05:00,2025-10-05,5,610000,ОЭС СИБИРИ,26068,26967
2025-10-05 06:00,2025-10-05,6,610000,ОЭС СИБИРИ,26323,27499
2025-10-05 07:00,2025-10-05,7,610000,ОЭС СИБИРИ,26211,27574
2025-10-05 08:00,2025-10-05,8,610000,ОЭС СИБИРИ,26138,27384
2025-10-05 09:00,2025-10-05,9,610000,ОЭС СИБИРИ,26691,27453
2025-10-05 10:00,2025-10-05,10,610000,ОЭС СИБИРИ,27008,27502
2025-10-05 11:00,2025-10-05,11,610000,ОЭС СИБИРИ,26812,27345
2025-10-05 12:00,2025-10-05,12,610000,ОЭС СИБИРИ,26786,27586
2025-10-05 13:00,2025-10-05,13,610000,ОЭС СИБИРИ,27221,27932
2025-10-05 14:00,2025-10-05,14,610000,ОЭС СИБИРИ,27700,28173
2025-10-05 15:00,2025-10-05,15,610000,ОЭС СИБИРИ,27462,28216
2025-10-05 16:00,2025-10-05,16,610000,ОЭС СИБИРИ,28076,28077
2025-10-05 17:00,2025-10-05,17,610000,ОЭС СИБИРИ,27961,27895
2025-10-05 18:00,2025-10-05,18,610000,ОЭС СИБИРИ,27412,27227
2025-10-05 19:00,2025-10-05,19,610000,ОЭС СИБИРИ,26332,26508
2025-10-05 20:00,2025-10-05,20,610000,ОЭС СИБИРИ,25356,25731
2025-10-05 21:00,2025-10-05,21,610000,ОЭС СИБИРИ,25362,25270
2025-10-05 22:00,2025-10-05,22,610000,ОЭС СИБИРИ,25514,25205
2025-10-05 23:00,2025-10-05,23,610000,ОЭС СИБИРИ,24209,24844
2025-10-06 00:00,2025-10-06,0,610000,ОЭС СИБИРИ,24344,25026
2025-10-06 01:00,2025-10-06,1,610000,ОЭС СИБИРИ,24656,25076
2025-10-06 02:00,2025-10-06,2,610000,ОЭС СИБИРИ,25255,25672
2025-10-06 03:00,2025-10-06,3,610000,ОЭС СИБИРИ,26078,26756
2025-10-06 04:00,2025-10-06,4,610000,ОЭС СИБИРИ,26446,26988
2025-10-06 05:00,2025-10-06,5,610000,ОЭС СИБИРИ,26930,27587
2025-10-06 06:00,2025-10-06,6,610000,ОЭС СИБИРИ,26867,27776
2025-10-06 07:00,2025-10-06,7,610000,ОЭС СИБИРИ,27196,27951
2025-10-06 08:00,2025-10-06,8,610000,ОЭС СИБИРИ,26769,27683
2025-10-06 09:00,2025-10-06,9,610000,ОЭС СИБИРИ,27218,28198
2025-10-06 10:00,2025-10-06,10,610000,ОЭС СИБИРИ,27440,28191
2025-10-06 11:00,2025-10-06,11,610000,ОЭС СИБИРИ,26768,27958
2025-10-06 12:00,2025-10-06,12,610000,ОЭС СИБИРИ,26709,27611
2025-10-06 13:00,2025-10-06,13,610000,ОЭС СИБИРИ,27004,27933
2025-10-06 14:00,2025-10-06,14,610000,ОЭС СИБИРИ,27183,28169
2025-10-06 15:00,2025-10-06,15,610000,ОЭС СИБИРИ,27178,28154
2025-10-06 16:00,2025-10-06,16,610000,ОЭС СИБИРИ,27323,27870
2025-10-06 17:00,2025-10-06,17,610000,ОЭС СИБИРИ,27020,27774
2025-10-06 18:00,2025-10-06,18,610000,ОЭС СИБИРИ,26948,27567
2025-10-06 19:00,2025-10-06,19,610000,ОЭС СИБИРИ,26256,26732
2025-10-06 20:00,2025-10-06,20,610000,ОЭС СИБИРИ,25831,25971
2025-10-06 21:00,2025-10-06,21,610000,ОЭС СИБИРИ,25726,25607
2025-10-06 22:00,2025-10-06,22,610000,ОЭС СИБИРИ,25615,25441
2025-10-06 23:00,2025-10-06,23,610000,ОЭС СИБИРИ,25642,25141
2025-10-07 00:00,2025-10-07,0,610000,ОЭС СИБИРИ,25196,25201
2025-10-07 01:00,2025-10-07,1,610000,ОЭС СИБИРИ,24578,25519
2025-10-07 02:00,2025-10-07,2,610000,ОЭС СИБИРИ,25230,26127
2025-10-07 03:00,2025-10-07,3,610000,ОЭС СИБИРИ,26070,26948
2025-10-07 04:00,2025-10-07,4,610000,ОЭС СИБИРИ,26599,27086
2025-10-07 05:00,2025-10-07,5,610000,ОЭС СИБИРИ,27615,27688
2025-10-07 06:00,2025-10-07,6,610000,ОЭС СИБИРИ,27262,27861
2025-10-07 07:00,2025-10-07,7,610000,ОЭС СИБИРИ,26884,27749
2025-10-07 08:00,2025-10-07,8,610000,ОЭС СИБИРИ,26826,27673
2025-10-07 09:00,2025-10-07,9,610000,ОЭС СИБИРИ,27557,27846
2025-10-07 10:00,2025-10-07,10,610000,ОЭС СИБИРИ,27475,27910
2025-10-07 11:00,2025-10-07,11,610000,ОЭС СИБИРИ,27304,27619
2025-10-07 12:00,2025-10-07,12,610000,ОЭС СИБИРИ,26977,27584
2025-10-07 13:00,2025-10-07,13,610000,ОЭС СИБИРИ,26917,27334
2025-10-07 14:00,2025-10-07,14,610000,ОЭС СИБИРИ,27582,27865
2025-10-07 15:00,2025-10-07,15,610000,ОЭС СИБИРИ,27793,28073
2025-10-07 16:00,2025-10-07,16,610000,ОЭС СИБИРИ,27567,27664
2025-10-07 17:00,2025-10-07,17,610000,ОЭС СИБИРИ,27589,27395
2025-10-07 18:00,2025-10-07,18,610000,ОЭС СИБИРИ,27845,27543
2025-10-07 19:00,2025-10-07,19,610000,ОЭС СИБИРИ,27166,26938
2025-10-07 20:00,2025-10-07,20,610000,ОЭС СИБИРИ,25806,25939
2025-10-07 21:00,2025-10-07,21,610000,ОЭС СИБИРИ,25138,25652
2025-10-07 22:00,2025-10-07,22,610000,ОЭС СИБИРИ,24743,25311
2025-10-07 23:00,2025-10-07,23,610000,ОЭС СИБИРИ,24420,25346
2025-10-08 00:00,2025-10-08,0,610000,ОЭС СИБИРИ,24301,25334
2025-10-08 01:00,2025-10-08,1,610000,ОЭС СИБИРИ,24422,25474
2025-10-08 02:00,2025-10-08,2,610000,ОЭС СИБИРИ,25157,26148
2025-10-08 03:00,2025-10-08,3,610000,ОЭС СИБИРИ,26264,27030
2025-10-08 04:00,2025-10-08,4,610000,ОЭС СИБИРИ,26511,27327
2025-10-08 05:00,2025-10-08,5,610000,ОЭС СИБИРИ,26834,27715
2025-10-08 06:00,2025-10-08,6,610000,ОЭС СИБИРИ,26905,27886
2025-10-08 07:00,2025-10-08,7,610000,ОЭС СИБИРИ,27009,27956
2025-10-08 08:00,2025-10-08,8,610000,ОЭС СИБИРИ,26257,27772
2025-10-08 09:00,2025-10-08,9,610000,ОЭС СИБИРИ,26971,27975
2025-10-08 10:00,2025-10-08,10,610000,ОЭС СИБИРИ,27076,27857
2025-10-08 11:00,2025-10-08,11,610000,ОЭС СИБИРИ,26547,27694
2025-10-08 12:00,2025-10-08,12,610000,ОЭС СИБИРИ,26483,27497
2025-10-08 13:00,2025-10-08,13,610000,ОЭС СИБИРИ,26468,27443
2025-10-08 14:00,2025-10-08,14,610000,ОЭС СИБИРИ,26911,27807
2025-10-08 15:00,2025-10-08,15,610000,ОЭС СИБИРИ,27258,27939
2025-10-08 16:00,2025-10-08,16,610000,ОЭС СИБИРИ,27403,27720
2025-10-08 17:00,2025-10-08,17,610000,ОЭС СИБИРИ,27279,27615
2025-10-08 18:00,2025-10-08,18,610000,ОЭС СИБИРИ,27377,27508
2025-10-08 19:00,2025-10-08,19,610000,ОЭС СИБИРИ,26096,26616
2025-10-08 20:00,2025-10-08,20,610000,ОЭС СИБИРИ,25035,25886
2025-10-08 21:00,2025-10-08,21,610000,ОЭС СИБИРИ,24827,25677
2025-10-08 22:00,2025-10-08,22,610000,ОЭС СИБИРИ,25016,25455
2025-10-08 23:00,2025-10-08,23,610000,ОЭС СИБИРИ,23935,25327
2025-10-09 00:00,2025-10-09,0,610000,ОЭС СИБИРИ,23724,25305
2025-10-09 01:00,2025-10-09,1,610000,ОЭС СИБИРИ,24206,25573
2025-10-09 02:00,2025-10-09,2,610000,ОЭС СИБИРИ,24901,26258
2025-10-09 03:00,2025-10-09,3,610000,ОЭС СИБИРИ,25463,27042
2025-10-09 04:00,2025-10-09,4,610000,ОЭС СИБИРИ,26196,27287
2025-10-09 05:00,2025-10-09,5,610000,ОЭС СИБИРИ,26401,27729
2025-10-09 06:00,2025-10-09,6,610000,ОЭС СИБИРИ,26538,27893
2025-10-09 07:00,2025-10-09,7,610000,ОЭС СИБИРИ,26886,28033
2025-10-09 08:00,2025-10-09,8,610000,ОЭС СИБИРИ,26083,27722
2025-10-09 09:00,2025-10-09,9,610000,ОЭС СИБИРИ,26658,28137
2025-10-09 10:00,2025-10-09,10,610000,ОЭС СИБИРИ,26801,28170
2025-10-09 11:00,2025-10-09,11,610000,ОЭС СИБИРИ,26937,27937
2025-10-09 12:00,2025-10-09,12,610000,ОЭС СИБИРИ,26710,27590
2025-10-09 13:00,2025-10-09,13,610000,ОЭС СИБИРИ,26956,27929
2025-10-09 14:00,2025-10-09,14,610000,ОЭС СИБИРИ,27181,28125
2025-10-09 15:00,2025-10-09,15,610000,ОЭС СИБИРИ,27647,28319
2025-10-09 16:00,2025-10-09,16,610000,ОЭС СИБИРИ,27428,28297
2025-10-09 17:00,2025-10-09,17,610000,ОЭС СИБИРИ,27209,28030
2025-10-09 18:00,2025-10-09,18,610000,ОЭС СИБИРИ,26916,27653
2025-10-09 19:00,2025-10-09,19,610000,ОЭС СИБИРИ,26156,26974
2025-10-09 20:00,2025-10-09,20,610000,ОЭС СИБИРИ,25147,26036
2025-10-09 21:00,2025-10-09,21,610000,ОЭС СИБИРИ,24478,25789
2025-10-09 22:00,2025-10-09,22,610000,ОЭС СИБИРИ,24385,25650
2025-10-09 23:00,2025-10-09,23,610000,ОЭС СИБИРИ,23867,25623
2025-10-10 00:00,2025-10-10,0,610000,ОЭС СИБИРИ,24361,25495
2025-10-10 01:00,2025-10-10,1,610000,ОЭС СИБИРИ,24493,25632
2025-10-10 02:00,2025-10-10,2,610000,ОЭС СИБИРИ,24773,26256
2025-10-10 03:00,2025-10-10,3,610000,ОЭС СИБИРИ,26122,27148
2025-10-10 04:00,2025-10-10,4,610000,ОЭС СИБИРИ,26138,27385
2025-10-10 05:00,2025-10-10,5,610000,ОЭС СИБИРИ,26522,27665
2025-10-10 06:00,2025-10-10,6,610000,ОЭС СИБИРИ,26488,27959
2025-10-10 07:00,2025-10-10,7,610000,ОЭС СИБИРИ,27203,27947
2025-10-10 08:00,2025-10-10,8,610000,ОЭС СИБИРИ,26654,27909
2025-10-10 09:00,2025-10-10,9,610000,ОЭС СИБИРИ,27018,28207
2025-10-10 10:00,2025-10-10,10,610000,ОЭС СИБИРИ,27054,28170
2025-10-10 11:00,2025-10-10,11,610000,ОЭС СИБИРИ,26667,27973
2025-10-10 12:00,2025-10-10,12,610000,ОЭС СИБИРИ,26245,27999
2025-10-10 13:00,2025-10-10,13,610000,ОЭС СИБИРИ,26351,27686
2025-10-10 14:00,2025-10-10,14,610000,ОЭС СИБИРИ,27050,28262
2025-10-10 15:00,2025-10-10,15,610000,ОЭС СИБИРИ,26769,28132
2025-10-10 16:00,2025-10-10,16,610000,ОЭС СИБИРИ,26927,28007
2025-10-10 17:00,2025-10-10,17,610000,ОЭС СИБИРИ,26636,27696
2025-10-10 18:00,2025-10-10,18,610000,ОЭС СИБИРИ,26613,27781
2025-10-10 19:00,2025-10-10,19,610000,ОЭС СИБИРИ,25832,27162
2025-10-10 20:00,2025-10-10,20,610000,ОЭС СИБИРИ,25388,26581
2025-10-10 21:00,2025-10-10,21,610000,ОЭС СИБИРИ,25193,26128
2025-10-10 22:00,2025-10-10,22,610000,ОЭС СИБИРИ,24914,26039
2025-10-10 23:00,2025-10-10,23,610000,ОЭС СИБИРИ,24772,25845
2025-10-11 00:00,2025-10-11,0,610000,ОЭС СИБИРИ,24340,25700
2025-10-11 01:00,2025-10-11,1,610000,ОЭС СИБИРИ,24628,25789
2025-10-11 02:00,2025-10-11,2,610000,ОЭС СИБИРИ,24727,26108
2025-10-11 03:00,2025-10-11,3,610000,ОЭС СИБИРИ,25111,26699
2025-10-11 04:00,2025-10-11,4,610000,ОЭС СИБИРИ,25870,27278
2025-10-11 05:00,2025-10-11,5,610000,ОЭС СИБИРИ,26752,28028
2025-10-11 06:00,2025-10-11,6,610000,ОЭС СИБИРИ,27585,28419
2025-10-11 07:00,2025-10-11,7,610000,ОЭС СИБИРИ,27901,28610
2025-10-11 08:00,2025-10-11,8,610000,ОЭС СИБИРИ,26997,28430
2025-10-11 09:00,2025-10-11,9,610000,ОЭС СИБИРИ,27151,28272
2025-10-11 10:00,2025-10-11,10,610000,ОЭС СИБИРИ,27669,28303
2025-10-11 11:00,2025-10-11,11,610000,ОЭС СИБИРИ,27557,28566
2025-10-11 12:00,2025-10-11,12,610000,ОЭС СИБИРИ,27397,28399
2025-10-11 13:00,2025-10-11,13,610000,ОЭС СИБИРИ,27737,28616
2025-10-11 14:00,2025-10-11,14,610000,ОЭС СИБИРИ,27967,28758
2025-10-11 15:00,2025-10-11,15,610000,ОЭС СИБИРИ,27722,28957
2025-10-11 16:00,2025-10-11,16,610000,ОЭС СИБИРИ,27676,28653
2025-10-11 17:00,2025-10-11,17,610000,ОЭС СИБИРИ,28071,28351
2025-10-11 18:00,2025-10-11,18,610000,ОЭС СИБИРИ,27446,27827
2025-10-11 19:00,2025-10-11,19,610000,ОЭС СИБИРИ,26230,27045
2025-10-11 20:00,2025-10-11,20,610000,ОЭС СИБИРИ,25427,26486
2025-10-11 21:00,2025-10-11,21,610000,ОЭС СИБИРИ,24876,26178
2025-10-11 22:00,2025-10-11,22,610000,ОЭС СИБИРИ,25260,26090
2025-10-11 23:00,2025-10-11,23,610000,ОЭС СИБИРИ,25210,26054
2025-10-12 00:00,2025-10-12,0,610000,ОЭС СИБИРИ,24251,25795
2025-10-12 01:00,2025-10-12,1,610000,ОЭС СИБИРИ,24498,25861
2025-10-12 02:00,2025-10-12,2,610000,ОЭС СИБИРИ,24894,26287
2025-10-12 03:00,2025-10-12,3,610000,ОЭС СИБИРИ,25140,26599
2025-10-12 04:00,2025-10-12,4,610000,ОЭС СИБИРИ,26197,27183
2025-10-12 05:00,2025-10-12,5,610000,ОЭС СИБИРИ,26838,28085
2025-10-12 06:00,2025-10-12,6,610000,ОЭС СИБИРИ,27298,28645
2025-10-12 07:00,2025-10-12,7,610000,ОЭС СИБИРИ,27454,28498
2025-10-12 08:00,2025-10-12,8,610000,ОЭС СИБИРИ,27715,28740
2025-10-12 09:00,2025-10-12,9,610000,ОЭС СИБИРИ,27891,28593
2025-10-12 10:00,2025-10-12,10,610000,ОЭС СИБИРИ,27909,28432
2025-10-12 11:00,2025-10-12,11,610000,ОЭС СИБИРИ,27824,28562
2025-10-12 12:00,2025-10-12,12,610000,ОЭС СИБИРИ,28175,28597
2025-10-12 13:00,2025-10-12,13,610000,ОЭС СИБИРИ,28330,28872
2025-10-12 14:00,2025-10-12,14,610000,ОЭС СИБИРИ,28389,29074
2025-10-12 15:00,2025-10-12,15,610000,ОЭС СИБИРИ,28777,29362
2025-10-12 16:00,2025-10-12,16,610000,ОЭС СИБИРИ,28576,29046
2025-10-12 17:00,2025-10-12,17,610000,ОЭС СИБИРИ,28250,28755
2025-10-12 18:00,2025-10-12,18,610000,ОЭС СИБИРИ,27542,28238
2025-10-12 19:00,2025-10-12,19,610000,ОЭС СИБИРИ,26702,27512
2025-10-12 20:00,2025-10-12,20,610000,ОЭС СИБИРИ,25349,26827
2025-10-12 21:00,2025-10-12,21,610000,ОЭС СИБИРИ,24938,26364
2025-10-12 22:00,2025-10-12,22,610000,ОЭС СИБИРИ,24576,26307
2025-10-12 23:00,2025-10-12,23,610000,ОЭС СИБИРИ,25308,26187
2025-10-13 00:00,2025-10-13,0,610000,ОЭС СИБИРИ,25168,26128
2025-10-13 01:00,2025-10-13,1,610000,ОЭС СИБИРИ,25529,26409
2025-10-13 02:00,2025-10-13,2,610000,ОЭС СИБИРИ,25251,27161
2025-10-13 03:00,2025-10-13,3,610000,ОЭС СИБИРИ,26436,28031
2025-10-13 04:00,2025-10-13,4,610000,ОЭС СИБИРИ,27084,28348
2025-10-13 05:00,2025-10-13,5,610000,ОЭС СИБИРИ,27936,28603
2025-10-13 06:00,2025-10-13,6,610000,ОЭС СИБИРИ,28391,28887
2025-10-13 07:00,2025-10-13,7,610000,ОЭС СИБИРИ,27935,29028
2025-10-13 08:00,2025-10-13,8,610000,ОЭС СИБИРИ,27728,28919
2025-10-13 09:00,2025-10-13,9,610000,ОЭС СИБИРИ,28168,28981
2025-10-13 10:00,2025-10-13,10,610000,ОЭС СИБИРИ,28120,28910
2025-10-13 11:00,2025-10-13,11,610000,ОЭС СИБИРИ,28204,28706
2025-10-13 12:00,2025-10-13,12,610000,ОЭС СИБИРИ,28008,28599
2025-10-13 13:00,2025-10-13,13,610000,ОЭС СИБИРИ,28080,28901
2025-10-13 14:00,2025-10-13,14,610000,ОЭС СИБИРИ,28326,28894
2025-10-13 15:00,2025-10-13,15,610000,ОЭС СИБИРИ,28345,29151
2025-10-13 16:00,2025-10-13,16,610000,ОЭС СИБИРИ,28281,28972
2025-10-13 17:00,2025-10-13,17,610000,ОЭС СИБИРИ,27807,28798
2025-10-13 18:00,2025-10-13,18,610000,ОЭС СИБИРИ,28116,28402
2025-10-13 19:00,2025-10-13,19,610000,ОЭС СИБИРИ,27720,27597
2025-10-13 20:00,2025-10-13,20,610000,ОЭС СИБИРИ,26702,26648
2025-10-13 21:00,2025-10-13,21,610000,ОЭС СИБИРИ,25684,26400
2025-10-13 22:00,2025-10-13,22,610000,ОЭС СИБИРИ,25383,26331
2025-10-13 23:00,2025-10-13,23,610000,ОЭС СИБИРИ,24886,26075
2025-10-14 00:00,2025-10-14,0,610000,ОЭС СИБИРИ,24987,26238
2025-10-14 01:00,2025-10-14,1,610000,ОЭС СИБИРИ,25225,26378
2025-10-14 02:00,2025-10-14,2,610000,ОЭС СИБИРИ,25767,27001
2025-10-14 03:00,2025-10-14,3,610000,ОЭС СИБИРИ,26630,27988
2025-10-14 04:00,2025-10-14,4,610000,ОЭС СИБИРИ,26455,28135
2025-10-14 05:00,2025-10-14,5,610000,ОЭС СИБИРИ,27539,28581
2025-10-14 06:00,2025-10-14,6,610000,ОЭС СИБИРИ,27714,28552
2025-10-14 07:00,2025-10-14,7,610000,ОЭС СИБИРИ,27644,28685
2025-10-14 08:00,2025-10-14,8,610000,ОЭС СИБИРИ,27524,28527
2025-10-14 09:00,2025-10-14,9,610000,ОЭС СИБИРИ,28183,28874
2025-10-14 10:00,2025-10-14,10,610000,ОЭС СИБИРИ,27988,28931
2025-10-14 11:00,2025-10-14,11,610000,ОЭС СИБИРИ,27895,28719
2025-10-14 12:00,2025-10-14,12,610000,ОЭС СИБИРИ,27590,28523
2025-10-14 13:00,2025-10-14,13,610000,ОЭС СИБИРИ,28000,28660
2025-10-14 14:00,2025-10-14,14,610000,ОЭС СИБИРИ,28072,28930
2025-10-14 15:00,2025-10-14,15,610000,ОЭС СИБИРИ,28504,29351
2025-10-14 16:00,2025-10-14,16,610000,ОЭС СИБИРИ,28384,29233
2025-10-14 17:00,2025-10-14,17,610000,ОЭС СИБИРИ,27953,28965
2025-10-14 18:00,2025-10-14,18,610000,ОЭС СИБИРИ,28360,28692
2025-10-14 19:00,2025-10-14,19,610000,ОЭС СИБИРИ,27924,28147
2025-10-14 20:00,2025-10-14,20,610000,ОЭС СИБИРИ,27271,27165
2025-10-14 21:00,2025-10-14,21,610000,ОЭС СИБИРИ,26609,26854
2025-10-14 22:00,2025-10-14,22,610000,ОЭС СИБИРИ,26095,26653
2025-10-14 23:00,2025-10-14,23,610000,ОЭС СИБИРИ,25607,26425
2025-10-15 00:00,2025-10-15,0,610000,ОЭС СИБИРИ,25398,26484
2025-10-15 01:00,2025-10-15,1,610000,ОЭС СИБИРИ,25481,26730
2025-10-15 02:00,2025-10-15,2,610000,ОЭС СИБИРИ,25626,27358
2025-10-15 03:00,2025-10-15,3,610000,ОЭС СИБИРИ,26556,28318
2025-10-15 04:00,2025-10-15,4,610000,ОЭС СИБИРИ,26559,28484
2025-10-15 05:00,2025-10-15,5,610000,ОЭС СИБИРИ,27474,28877
2025-10-15 06:00,2025-10-15,6,610000,ОЭС СИБИРИ,27834,29196
2025-10-15 07:00,2025-10-15,7,610000,ОЭС СИБИРИ,27766,28865
2025-10-15 08:00,2025-10-15,8,610000,ОЭС СИБИРИ,27684,28727
2025-10-15 09:00,2025-10-15,9,610000,ОЭС СИБИРИ,28844,28947
2025-10-15 10:00,2025-10-15,10,610000,ОЭС СИБИРИ,28622,29025
2025-10-15 11:00,2025-10-15,11,610000,ОЭС СИБИРИ,27952,28610
2025-10-15 12:00,2025-10-15,12,610000,ОЭС СИБИРИ,27797,28473
2025-10-15 13:00,2025-10-15,13,610000,ОЭС СИБИРИ,27961,28721
2025-10-15 14:00,2025-10-15,14,610000,ОЭС СИБИРИ,28048,28754
2025-10-15 15:00,2025-10-15,15,610000,ОЭС СИБИРИ,28194,29171
2025-10-15 16:00,2025-10-15,16,610000,ОЭС СИБИРИ,28084,28975
2025-10-15 17:00,2025-10-15,17,610000,ОЭС СИБИРИ,27841,28719
2025-10-15 18:00,2025-10-15,18,610000,ОЭС СИБИРИ,28762,28504
2025-10-15 19:00,2025-10-15,19,610000,ОЭС СИБИРИ,27886,27864
2025-10-15 20:00,2025-10-15,20,610000,ОЭС СИБИРИ,26585,27145
2025-10-15 21:00,2025-10-15,21,610000,ОЭС СИБИРИ,26668,26602
2025-10-15 22:00,2025-10-15,22,610000,ОЭС СИБИРИ,26219,26315
2025-10-15 23:00,2025-10-15,23,610000,ОЭС СИБИРИ,25727,26272
2025-10-16 00:00,2025-10-16,0,610000,ОЭС СИБИРИ,25494,26250
2025-10-16 01:00,2025-10-16,1,610000,ОЭС СИБИРИ,25587,26725
2025-10-16 02:00,2025-10-16,2,610000,ОЭС СИБИРИ,26041,27341
2025-10-16 03:00,2025-10-16,3,610000,ОЭС СИБИРИ,26644,28056
2025-10-16 04:00,2025-10-16,4,610000,ОЭС СИБИРИ,27346,28364
2025-10-16 05:00,2025-10-16,5,610000,ОЭС СИБИРИ,28414,28960
2025-10-16 06:00,2025-10-16,6,610000,ОЭС СИБИРИ,28365,28991
2025-10-16 07:00,2025-10-16,7,610000,ОЭС СИБИРИ,28061,28751
2025-10-16 08:00,2025-10-16,8,610000,ОЭС СИБИРИ,27704,28501
2025-10-16 09:00,2025-10-16,9,610000,ОЭС СИБИРИ,28479,28744
2025-10-16 10:00,2025-10-16,10,610000,ОЭС СИБИРИ,28243,28900
2025-10-16 11:00,2025-10-16,11,610000,ОЭС СИБИРИ,28237,28685
2025-10-16 12:00,2025-10-16,12,610000,ОЭС СИБИРИ,28409,28571
2025-10-16 13:00,2025-10-16,13,610000,ОЭС СИБИРИ,28832,28819
2025-10-16 14:00,2025-10-16,14,610000,ОЭС СИБИРИ,28965,28981
2025-10-16 15:00,2025-10-16,15,610000,ОЭС СИБИРИ,29074,29410
2025-10-16 16:00,2025-10-16,16,610000,ОЭС СИБИРИ,28989,28963
2025-10-16 17:00,2025-10-16,17,610000,ОЭС СИБИРИ,28743,28879
2025-10-16 18:00,2025-10-16,18,610000,ОЭС СИБИРИ,28741,28553
2025-10-16 19:00,2025-10-16,19,610000,ОЭС СИБИРИ,27342,27780
2025-10-16 20:00,2025-10-16,20,610000,ОЭС СИБИРИ,27213,26983
2025-10-16 21:00,2025-10-16,21,610000,ОЭС СИБИРИ,26763,26657
2025-10-16 22:00,2025-10-16,22,610000,ОЭС СИБИРИ,26559,26520
2025-10-16 23:00,2025-10-16,23,610000,ОЭС СИБИРИ,26863,26486
2025-10-17 00:00,2025-10-17,0,610000,ОЭС СИБИРИ,26766,26319
2025-10-17 01:00,2025-10-17,1,610000,ОЭС СИБИРИ,27070,26636
2025-10-17 02:00,2025-10-17,2,610000,ОЭС СИБИРИ,27723,27391
2025-10-17 03:00,2025-10-17,3,610000,ОЭС СИБИРИ,28547,28300
2025-10-17 04:00,2025-10-17,4,610000,ОЭС СИБИРИ,29077,28535
2025-10-17 05:00,2025-10-17,5,610000,ОЭС СИБИРИ,29065,28875
2025-10-17 06:00,2025-10-17,6,610000,ОЭС СИБИРИ,28831,29066
2025-10-17 07:00,2025-10-17,7,610000,ОЭС СИБИРИ,28947,28896
2025-10-17 08:00,2025-10-17,8,610000,ОЭС СИБИРИ,28731,28558
2025-10-17 09:00,2025-10-17,9,610000,ОЭС СИБИРИ,29198,28941
2025-10-17 10:00,2025-10-17,10,610000,ОЭС СИБИРИ,28956,28820
2025-10-17 11:00,2025-10-17,11,610000,ОЭС СИБИРИ,28400,28523
2025-10-17 12:00,2025-10-17,12,610000,ОЭС СИБИРИ,28361,28472
2025-10-17 13:00,2025-10-17,13,610000,ОЭС СИБИРИ,28702,28730
2025-10-17 14:00,2025-10-17,14,610000,ОЭС СИБИРИ,28792,28945
2025-10-17 15:00,2025-10-17,15,610000,ОЭС СИБИРИ,29115,29100
2025-10-17 16:00,2025-10-17,16,610000,ОЭС СИБИРИ,29139,28875
2025-10-17 17:00,2025-10-17,17,610000,ОЭС СИБИРИ,29057,28661
2025-10-17 18:00,2025-10-17,18,610000,ОЭС СИБИРИ,28464,28419
2025-10-17 19:00,2025-10-17,19,610000,ОЭС СИБИРИ,28178,27823
2025-10-17 20:00,2025-10-17,20,610000,ОЭС СИБИРИ,27381,27140
2025-10-17 21:00,2025-10-17,21,610000,ОЭС СИБИРИ,26435,26770
2025-10-17 22:00,2025-10-17,22,610000,ОЭС СИБИРИ,27283,26781
2025-10-17 23:00,2025-10-17,23,610000,ОЭС СИБИРИ,26550,26451
2025-10-18 00:00,2025-10-18,0,610000,ОЭС СИБИРИ,26764,26479
2025-10-18 01:00,2025-10-18,1,610000,ОЭС СИБИРИ,26290,26517
2025-10-18 02:00,2025-10-18,2,610000,ОЭС СИБИРИ,26507,26852
2025-10-18 03:00,2025-10-18,3,610000,ОЭС СИБИРИ,27255,27282
2025-10-18 04:00,2025-10-18,4,610000,ОЭС СИБИРИ,27172,27842
2025-10-18 05:00,2025-10-18,5,610000,ОЭС СИБИРИ,27796,28642
2025-10-18 06:00,2025-10-18,6,610000,ОЭС СИБИРИ,28141,29094
2025-10-18 07:00,2025-10-18,7,610000,ОЭС СИБИРИ,28765,29166
2025-10-18 08:00,2025-10-18,8,610000,ОЭС СИБИРИ,28534,28962
2025-10-18 09:00,2025-10-18,9,610000,ОЭС СИБИРИ,28474,28821
2025-10-18 10:00,2025-10-18,10,610000,ОЭС СИБИРИ,28917,28771
2025-10-18 11:00,2025-10-18,11,610000,ОЭС СИБИРИ,27931,28508
2025-10-18 12:00,2025-10-18,12,610000,ОЭС СИБИРИ,28069,28497
2025-10-18 13:00,2025-10-18,13,610000,ОЭС СИБИРИ,28664,28891
2025-10-18 14:00,2025-10-18,14,610000,ОЭС СИБИРИ,29209,29271
2025-10-18 15:00,2025-10-18,15,610000,ОЭС СИБИРИ,29197,29480
2025-10-18 16:00,2025-10-18,16,610000,ОЭС СИБИРИ,29103,28995
2025-10-18 17:00,2025-10-18,17,610000,ОЭС СИБИРИ,28836,28867
2025-10-18 18:00,2025-10-18,18,610000,ОЭС СИБИРИ,28381,28167
2025-10-18 19:00,2025-10-18,19,610000,ОЭС СИБИРИ,26945,27750
2025-10-18 20:00,2025-10-18,20,610000,ОЭС СИБИРИ,26525,27007
2025-10-18 21:00,2025-10-18,21,610000,ОЭС СИБИРИ,27202,26657
2025-10-18 22:00,2025-10-18,22,610000,ОЭС СИБИРИ,26832,26525
2025-10-18 23:00,2025-10-18,23,610000,ОЭС СИБИРИ,26711,26239
2025-10-19 00:00,2025-10-19,0,610000,ОЭС СИБИРИ,26718,26404
2025-10-19 01:00,2025-10-19,1,610000,ОЭС СИБИРИ,26645,26567
2025-10-19 02:00,2025-10-19,2,610000,ОЭС СИБИРИ,26489,26786
2025-10-19 03:00,2025-10-19,3,610000,ОЭС СИБИРИ,26865,26997
2025-10-19 04:00,2025-10-19,4,610000,ОЭС СИБИРИ,27551,27634
2025-10-19 05:00,2025-10-19,5,610000,ОЭС СИБИРИ,27986,28255
2025-10-19 06:00,2025-10-19,6,610000,ОЭС СИБИРИ,28467,28700
2025-10-19 07:00,2025-10-19,7,610000,ОЭС СИБИРИ,28877,28950
2025-10-19 08:00,2025-10-19,8,610000,ОЭС СИБИРИ,29009,28913
2025-10-19 09:00,2025-10-19,9,610000,ОЭС СИБИРИ,28762,28541
2025-10-19 10:00,2025-10-19,10,610000,ОЭС СИБИРИ,28838,28562
2025-10-19 11:00,2025-10-19,11,610000,ОЭС СИБИРИ,28750,28404
2025-10-19 12:00,2025-10-19,12,610000,ОЭС СИБИРИ,28974,28552
2025-10-19 13:00,2025-10-19,13,610000,ОЭС СИБИРИ,28763,28673
2025-10-19 14:00,2025-10-19,14,610000,ОЭС СИБИРИ,29318,29057
2025-10-19 15:00,2025-10-19,15,610000,ОЭС СИБИРИ,29183,29397
2025-10-19 16:00,2025-10-19,16,610000,ОЭС СИБИРИ,29901,29168
2025-10-19 17:00,2025-10-19,17,610000,ОЭС СИБИРИ,29169,28871
2025-10-19 18:00,2025-10-19,18,610000,ОЭС СИБИРИ,28964,28323
2025-10-19 19:00,2025-10-19,19,610000,ОЭС СИБИРИ,28078,27497
2025-10-19 20:00,2025-10-19,20,610000,ОЭС СИБИРИ,27494,26978
2025-10-19 21:00,2025-10-19,21,610000,ОЭС СИБИРИ,26990,26611
2025-10-19 22:00,2025-10-19,22,610000,ОЭС СИБИРИ,27024,26258
2025-10-19 23:00,2025-10-19,23,610000,ОЭС СИБИРИ,26961,26439
2025-10-20 00:00,2025-10-20,0,610000,ОЭС СИБИРИ,26712,26192
2025-10-20 01:00,2025-10-20,1,610000,ОЭС СИБИРИ,26028,26573
2025-10-20 02:00,2025-10-20,2,610000,ОЭС СИБИРИ,26454,27307
2025-10-20 03:00,2025-10-20,3,610000,ОЭС СИБИРИ,27423,28127
2025-10-20 04:00,2025-10-20,4,610000,ОЭС СИБИРИ,27544,28298
2025-10-20 05:00,2025-10-20,5,610000,ОЭС СИБИРИ,28242,28758
2025-10-20 06:00,2025-10-20,6,610000,ОЭС СИБИРИ,28360,28956
2025-10-20 07:00,2025-10-20,7,610000,ОЭС СИБИРИ,28493,28744
2025-10-20 08:00,2025-10-20,8,610000,ОЭС СИБИРИ,28425,28508
2025-10-20 09:00,2025-10-20,9,610000,ОЭС СИБИРИ,28818,28441
2025-10-20 10:00,2025-10-20,10,610000,ОЭС СИБИРИ,28885,28555
2025-10-20 11:00,2025-10-20,11,610000,ОЭС СИБИРИ,28937,28349
2025-10-20 12:00,2025-10-20,12,610000,ОЭС СИБИРИ,28609,28172
2025-10-20 13:00,2025-10-20,13,610000,ОЭС СИБИРИ,29047,28425
2025-10-20 14:00,2025-10-20,14,610000,ОЭС СИБИРИ,29347,28756
2025-10-20 15:00,2025-10-20,15,610000,ОЭС СИБИРИ,29652,29172
2025-10-20 16:00,2025-10-20,16,610000,ОЭС СИБИРИ,29272,28796
2025-10-20 17:00,2025-10-20,17,610000,ОЭС СИБИРИ,28837,28520
2025-10-20 18:00,2025-10-20,18,610000,ОЭС СИБИРИ,28648,28294
2025-10-20 19:00,2025-10-20,19,610000,ОЭС СИБИРИ,27805,27580
2025-10-20 20:00,2025-10-20,20,610000,ОЭС СИБИРИ,27196,26917
2025-10-20 21:00,2025-10-20,21,610000,ОЭС СИБИРИ,26589,26371
2025-10-20 22:00,2025-10-20,22,610000,ОЭС СИБИРИ,25965,26047
2025-10-20 23:00,2025-10-20,23,610000,ОЭС СИБИРИ,26295,26040
2025-10-21 00:00,2025-10-21,0,610000,ОЭС СИБИРИ,26328,26154
2025-10-21 01:00,2025-10-21,1,610000,ОЭС СИБИРИ,25925,26492
2025-10-21 02:00,2025-10-21,2,610000,ОЭС СИБИРИ,26566,27044
2025-10-21 03:00,2025-10-21,3,610000,ОЭС СИБИРИ,27205,27820
2025-10-21 04:00,2025-10-21,4,610000,ОЭС СИБИРИ,27770,28269
2025-10-21 05:00,2025-10-21,5,610000,ОЭС СИБИРИ,28142,28571
2025-10-21 06:00,2025-10-21,6,610000,ОЭС СИБИРИ,28037,28651
2025-10-21 07:00,2025-10-21,7,610000,ОЭС СИБИРИ,28437,28533
2025-10-21 08:00,2025-10-21,8,610000,ОЭС СИБИРИ,28207,28360
2025-10-21 09:00,2025-10-21,9,610000,ОЭС СИБИРИ,28200,28547
2025-10-21 10:00,2025-10-21,10,610000,ОЭС СИБИРИ,28333,28458
2025-10-21 11:00,2025-10-21,11,610000,ОЭС СИБИРИ,27963,28227
2025-10-21 12:00,2025-10-21,12,610000,ОЭС СИБИРИ,27838,28118
2025-10-21 13:00,2025-10-21,13,610000,ОЭС СИБИРИ,27974,28423
2025-10-21 14:00,2025-10-21,14,610000,ОЭС СИБИРИ,28569,28616
2025-10-21 15:00,2025-10-21,15,610000,ОЭС СИБИРИ,28752,29050
2025-10-21 16:00,2025-10-21,16,610000,ОЭС СИБИРИ,28523,28557
2025-10-21 17:00,2025-10-21,17,610000,ОЭС СИБИРИ,28520,28593
2025-10-21 18:00,2025-10-21,18,610000,ОЭС СИБИРИ,28405,28352
2025-10-21 19:00,2025-10-21,19,610000,ОЭС СИБИРИ,27637,27633
2025-10-21 20:00,2025-10-21,20,610000,ОЭС СИБИРИ,26540,26790
2025-10-21 21:00,2025-10-21,21,610000,ОЭС СИБИРИ,26687,26411
2025-10-21 22:00,2025-10-21,22,610000,ОЭС СИБИРИ,26773,26487
2025-10-21 23:00,2025-10-21,23,610000,ОЭС СИБИРИ,26405,26145
2025-10-22 00:00,2025-10-22,0,610000,ОЭС СИБИРИ,26575,26352
2025-10-22 01:00,2025-10-22,1,610000,ОЭС СИБИРИ,26756,26584
2025-10-22 02:00,2025-10-22,2,610000,ОЭС СИБИРИ,27197,27128
2025-10-22 03:00,2025-10-22,3,610000,ОЭС СИБИРИ,27489,28061
2025-10-22 04:00,2025-10-22,4,610000,ОЭС СИБИРИ,27646,28116
2025-10-22 05:00,2025-10-22,5,610000,ОЭС СИБИРИ,28465,28777
2025-10-22 06:00,2025-10-22,6,610000,ОЭС СИБИРИ,28756,28786
2025-10-22 07:00,2025-10-22,7,610000,ОЭС СИБИРИ,28200,28720
2025-10-22 08:00,2025-10-22,8,610000,ОЭС СИБИРИ,27814,28419
2025-10-22 09:00,2025-10-22,9,610000,ОЭС СИБИРИ,28344,28736
2025-10-22 10:00,2025-10-22,10,610000,ОЭС СИБИРИ,28205,28662
2025-10-22 11:00,2025-10-22,11,610000,ОЭС СИБИРИ,28192,28394
2025-10-22 12:00,2025-10-22,12,610000,ОЭС СИБИРИ,27902,28160
2025-10-22 13:00,2025-10-22,13,610000,ОЭС СИБИРИ,28176,28346
2025-10-22 14:00,2025-10-22,14,610000,ОЭС СИБИРИ,29094,28945
2025-10-22 15:00,2025-10-22,15,610000,ОЭС СИБИРИ,29305,29240
2025-10-22 16:00,2025-10-22,16,610000,ОЭС СИБИРИ,28911,28896
2025-10-22 17:00,2025-10-22,17,610000,ОЭС СИБИРИ,28088,28415
2025-10-22 18:00,2025-10-22,18,610000,ОЭС СИБИРИ,28094,28233
2025-10-22 19:00,2025-10-22,19,610000,ОЭС СИБИРИ,26977,27537
2025-10-22 20:00,2025-10-22,20,610000,ОЭС СИБИРИ,26727,26892
2025-10-22 21:00,2025-10-22,21,610000,ОЭС СИБИРИ,26592,26491
2025-10-22 22:00,2025-10-22,22,610000,ОЭС СИБИРИ,26164,26336
2025-10-22 23:00,2025-10-22,23,610000,ОЭС СИБИРИ,25982,26176
2025-10-23 00:00,2025-10-23,0,610000,ОЭС СИБИРИ,26507,26346
2025-10-23 01:00,2025-10-23,1,610000,ОЭС СИБИРИ,26645,26519
2025-10-23 02:00,2025-10-23,2,610000,ОЭС СИБИРИ,26619,26927
2025-10-23 03:00,2025-10-23,3,610000,ОЭС СИБИРИ,27718,28016
2025-10-23 04:00,2025-10-23,4,610000,ОЭС СИБИРИ,28339,28331
2025-10-23 05:00,2025-10-23,5,610000,ОЭС СИБИРИ,28482,28708
2025-10-23 06:00,2025-10-23,6,610000,ОЭС СИБИРИ,28680,29108
2025-10-23 07:00,2025-10-23,7,610000,ОЭС СИБИРИ,28229,28882
2025-10-23 08:00,2025-10-23,8,610000,ОЭС СИБИРИ,27927,28513
2025-10-23 09:00,2025-10-23,9,610000,ОЭС СИБИРИ,28626,28894
2025-10-23 10:00,2025-10-23,10,610000,ОЭС СИБИРИ,28538,28773
2025-10-23 11:00,2025-10-23,11,610000,ОЭС СИБИРИ,28213,28389
2025-10-23 12:00,2025-10-23,12,610000,ОЭС СИБИРИ,28275,28312
2025-10-23 13:00,2025-10-23,13,610000,ОЭС СИБИРИ,28958,28639
2025-10-23 14:00,2025-10-23,14,610000,ОЭС СИБИРИ,28803,28738
2025-10-23 15:00,2025-10-23,15,610000,ОЭС СИБИРИ,28721,28959
2025-10-23 16:00,2025-10-23,16,610000,ОЭС СИБИРИ,28788,28733
2025-10-23 17:00,2025-10-23,17,610000,ОЭС СИБИРИ,28569,28586
2025-10-23 18:00,2025-10-23,18,610000,ОЭС СИБИРИ,28297,28273
2025-10-23 19:00,2025-10-23,19,610000,ОЭС СИБИРИ,27262,27313
2025-10-23 20:00,2025-10-23,20,610000,ОЭС СИБИРИ,26011,26532
2025-10-23 21:00,2025-10-23,21,610000,ОЭС СИБИРИ,26132,26542
2025-10-23 22:00,2025-10-23,22,610000,ОЭС СИБИРИ,26064,26176
2025-10-23 23:00,2025-10-23,23,610000,ОЭС СИБИРИ,25888,26308
2025-10-24 00:00,2025-10-24,0,610000,ОЭС СИБИРИ,26005,26157
2025-10-24 01:00,2025-10-24,1,610000,ОЭС СИБИРИ,26055,26344
2025-10-24 02:00,2025-10-24,2,610000,ОЭС СИБИРИ,26445,26878
2025-10-24 03:00,2025-10-24,3,610000,ОЭС СИБИРИ,26022,27642
2025-10-24 04:00,2025-10-24,4,610000,ОЭС СИБИРИ,26590,28033
2025-10-24 05:00,2025-10-24,5,610000,ОЭС СИБИРИ,27557,28374
2025-10-24 06:00,2025-10-24,6,610000,ОЭС СИБИРИ,28255,28722
2025-10-24 07:00,2025-10-24,7,610000,ОЭС СИБИРИ,27804,28581
2025-10-24 08:00,2025-10-24,8,610000,ОЭС СИБИРИ,27369,28310
2025-10-24 09:00,2025-10-24,9,610000,ОЭС СИБИРИ,27793,28410
2025-10-24 10:00,2025-10-24,10,610000,ОЭС СИБИРИ,28563,28724
2025-10-24 11:00,2025-10-24,11,610000,ОЭС СИБИРИ,27932,28362
2025-10-24 12:00,2025-10-24,12,610000,ОЭС СИБИРИ,27842,28055
2025-10-24 13:00,2025-10-24,13,610000,ОЭС СИБИРИ,28372,28537
2025-10-24 14:00,2025-10-24,14,610000,ОЭС СИБИРИ,28066,28609
2025-10-24 15:00,2025-10-24,15,610000,ОЭС СИБИРИ,28653,28928
2025-10-24 16:00,2025-10-24,16,610000,ОЭС СИБИРИ,28380,28277
2025-10-24 17:00,2025-10-24,17,610000,ОЭС СИБИРИ,28062,28184
2025-10-24 18:00,2025-10-24,18,610000,ОЭС СИБИРИ,28193,28262
2025-10-24 19:00,2025-10-24,19,610000,ОЭС СИБИРИ,27267,27675
2025-10-24 20:00,2025-10-24,20,610000,ОЭС СИБИРИ,26700,26828
2025-10-24 21:00,2025-10-24,21,610000,ОЭС СИБИРИ,26329,26379
2025-10-24 22:00,2025-10-24,22,610000,ОЭС СИБИРИ,26264,26149
2025-10-24 23:00,2025-10-24,23,610000,ОЭС СИБИРИ,26336,26165
2025-10-25 00:00,2025-10-25,0,610000,ОЭС СИБИРИ,26171,26121
2025-10-25 01:00,2025-10-25,1,610000,ОЭС СИБИРИ,25779,26175
2025-10-25 02:00,2025-10-25,2,610000,ОЭС СИБИРИ,25504,26340
2025-10-25 03:00,2025-10-25,3,610000,ОЭС СИБИРИ,25618,26780
2025-10-25 04:00,2025-10-25,4,610000,ОЭС СИБИРИ,26366,27428
2025-10-25 05:00,2025-10-25,5,610000,ОЭС СИБИРИ,26925,28072
2025-10-25 06:00,2025-10-25,6,610000,ОЭС СИБИРИ,27738,28653
2025-10-25 07:00,2025-10-25,7,610000,ОЭС СИБИРИ,27718,28616
2025-10-25 08:00,2025-10-25,8,610000,ОЭС СИБИРИ,27277,28564
2025-10-25 09:00,2025-10-25,9,610000,ОЭС СИБИРИ,27743,28524
2025-10-25 10:00,2025-10-25,10,610000,ОЭС СИБИРИ,28025,28325
2025-10-25 11:00,2025-10-25,11,610000,ОЭС СИБИРИ,28106,28364
2025-10-25 12:00,2025-10-25,12,610000,ОЭС СИБИРИ,27986,28145
2025-10-25 13:00,2025-10-25,13,610000,ОЭС СИБИРИ,28393,28507
2025-10-25 14:00,2025-10-25,14,610000,ОЭС СИБИРИ,28657,28904
2025-10-25 15:00,2025-10-25,15,610000,ОЭС СИБИРИ,28472,28955
2025-10-25 16:00,2025-10-25,16,610000,ОЭС СИБИРИ,28391,28764
2025-10-25 17:00,2025-10-25,17,610000,ОЭС СИБИРИ,28003,28283
2025-10-25 18:00,2025-10-25,18,610000,ОЭС СИБИРИ,27906,28076
2025-10-25 19:00,2025-10-25,19,610000,ОЭС СИБИРИ,26852,27366
2025-10-25 20:00,2025-10-25,20,610000,ОЭС СИБИРИ,26752,26746
2025-10-25 21:00,2025-10-25,21,610000,ОЭС СИБИРИ,26351,26493
2025-10-25 22:00,2025-10-25,22,610000,ОЭС СИБИРИ,26114,26287
2025-10-25 23:00,2025-10-25,23,610000,ОЭС СИБИРИ,25564,25973
2025-10-26 00:00,2025-10-26,0,610000,ОЭС СИБИРИ,25499,25906
2025-10-26 01:00,2025-10-26,1,610000,ОЭС СИБИРИ,24780,25977
2025-10-26 02:00,2025-10-26,2,610000,ОЭС СИБИРИ,25297,26450
2025-10-26 03:00,2025-10-26,3,610000,ОЭС СИБИРИ,25690,26738
2025-10-26 04:00,2025-10-26,4,610000,ОЭС СИБИРИ,26295,27129
2025-10-26 05:00,2025-10-26,5,610000,ОЭС СИБИРИ,26878,27858
2025-10-26 06:00,2025-10-26,6,610000,ОЭС СИБИРИ,27462,28472
2025-10-26 07:00,2025-10-26,7,610000,ОЭС СИБИРИ,27391,28654
2025-10-26 08:00,2025-10-26,8,610000,ОЭС СИБИРИ,27432,28401
2025-10-26 09:00,2025-10-26,9,610000,ОЭС СИБИРИ,28080,28392
2025-10-26 10:00,2025-10-26,10,610000,ОЭС СИБИРИ,28318,28326
2025-10-26 11:00,2025-10-26,11,610000,ОЭС СИБИРИ,28177,28394
2025-10-26 12:00,2025-10-26,12,610000,ОЭС СИБИРИ,27789,28223
2025-10-26 13:00,2025-10-26,13,610000,ОЭС СИБИРИ,28438,28680
2025-10-26 14:00,2025-10-26,14,610000,ОЭС СИБИРИ,28891,28886
2025-10-26 15:00,2025-10-26,15,610000,ОЭС СИБИРИ,28847,28944
2025-10-26 16:00,2025-10-26,16,610000,ОЭС СИБИРИ,28382,28573
2025-10-26 17:00,2025-10-26,17,610000,ОЭС СИБИРИ,28488,28430
2025-10-26 18:00,2025-10-26,18,610000,ОЭС СИБИРИ,28058,28007
2025-10-26 19:00,2025-10-26,19,610000,ОЭС СИБИРИ,26995,27287
2025-10-26 20:00,2025-10-26,20,610000,ОЭС СИБИРИ,26467,26583
2025-10-26 21:00,2025-10-26,21,610000,ОЭС СИБИРИ,25897,26113
2025-10-26 22:00,2025-10-26,22,610000,ОЭС СИБИРИ,25473,26093
2025-10-26 23:00,2025-10-26,23,610000,ОЭС СИБИРИ,24815,25919
2025-10-27 00:00,2025-10-27,0,610000,ОЭС СИБИРИ,24939,25889
2025-10-27 01:00,2025-10-27,1,610000,ОЭС СИБИРИ,24735,26078
2025-10-27 02:00,2025-10-27,2,610000,ОЭС СИБИРИ,25385,26805
2025-10-27 03:00,2025-10-27,3,610000,ОЭС СИБИРИ,25902,27507
2025-10-27 04:00,2025-10-27,4,610000,ОЭС СИБИРИ,26389,28004
2025-10-27 05:00,2025-10-27,5,610000,ОЭС СИБИРИ,26237,28177
2025-10-27 06:00,2025-10-27,6,610000,ОЭС СИБИРИ,26671,28579
2025-10-27 07:00,2025-10-27,7,610000,ОЭС СИБИРИ,27407,28521
2025-10-27 08:00,2025-10-27,8,610000,ОЭС СИБИРИ,27480,28447
2025-10-27 09:00,2025-10-27,9,610000,ОЭС СИБИРИ,28523,28887
2025-10-27 10:00,2025-10-27,10,610000,ОЭС СИБИРИ,28223,28771
2025-10-27 11:00,2025-10-27,11,610000,ОЭС СИБИРИ,27656,28377
2025-10-27 12:00,2025-10-27,12,610000,ОЭС СИБИРИ,27613,28163
2025-10-27 13:00,2025-10-27,13,610000,ОЭС СИБИРИ,28516,28703
2025-10-27 14:00,2025-10-27,14,610000,ОЭС СИБИРИ,28426,28745
2025-10-27 15:00,2025-10-27,15,610000,ОЭС СИБИРИ,28337,28732
2025-10-27 16:00,2025-10-27,16,610000,ОЭС СИБИРИ,28176,28597
2025-10-27 17:00,2025-10-27,17,610000,ОЭС СИБИРИ,28061,28352
2025-10-27 18:00,2025-10-27,18,610000,ОЭС СИБИРИ,27607,27987
2025-10-27 19:00,2025-10-27,19,610000,ОЭС СИБИРИ,26567,27218
2025-10-27 20:00,2025-10-27,20,610000,ОЭС СИБИРИ,25582,26306
2025-10-27 21:00,2025-10-27,21,610000,ОЭС СИБИРИ,25249,26002
2025-10-27 22:00,2025-10-27,22,610000,ОЭС СИБИРИ,24784,25824
2025-10-27 23:00,2025-10-27,23,610000,ОЭС СИБИРИ,24738,25845
2025-10-28 00:00,2025-10-28,0,610000,ОЭС СИБИРИ,24508,25961
2025-10-28 01:00,2025-10-28,1,610000,ОЭС СИБИРИ,24362,26173
2025-10-28 02:00,2025-10-28,2,610000,ОЭС СИБИРИ,25381,26617
2025-10-28 03:00,2025-10-28,3,610000,ОЭС СИБИРИ,26301,27544
2025-10-28 04:00,2025-10-28,4,610000,ОЭС СИБИРИ,26513,27775
2025-10-28 05:00,2025-10-28,5,610000,ОЭС СИБИРИ,27144,28339
2025-10-28 06:00,2025-10-28,6,610000,ОЭС СИБИРИ,27194,28443
2025-10-28 07:00,2025-10-28,7,610000,ОЭС СИБИРИ,27266,28523
2025-10-28 08:00,2025-10-28,8,610000,ОЭС СИБИРИ,26659,28262
2025-10-28 09:00,2025-10-28,9,610000,ОЭС СИБИРИ,27986,28589
2025-10-28 10:00,2025-10-28,10,610000,ОЭС СИБИРИ,28600,28771
2025-10-28 11:00,2025-10-28,11,610000,ОЭС СИБИРИ,27962,28381
2025-10-28 12:00,2025-10-28,12,610000,ОЭС СИБИРИ,27753,28185
2025-10-28 13:00,2025-10-28,13,610000,ОЭС СИБИРИ,28186,28583
2025-10-28 14:00,2025-10-28,14,610000,ОЭС СИБИРИ,28480,28744
2025-10-28 15:00,2025-10-28,15,610000,ОЭС СИБИРИ,28682,28858
2025-10-28 16:00,2025-10-28,16,610000,ОЭС СИБИРИ,28116,28534
2025-10-28 17:00,2025-10-28,17,610000,ОЭС СИБИРИ,27651,28323
2025-10-28 18:00,2025-10-28,18,610000,ОЭС СИБИРИ,27566,28144
2025-10-28 19:00,2025-10-28,19,610000,ОЭС СИБИРИ,26652,27274
2025-10-28 20:00,2025-10-28,20,610000,ОЭС СИБИРИ,25993,26570
2025-10-28 21:00,2025-10-28,21,610000,ОЭС СИБИРИ,25532,26232
2025-10-28 22:00,2025-10-28,22,610000,ОЭС СИБИРИ,25121,26139
2025-10-28 23:00,2025-10-28,23,610000,ОЭС СИБИРИ,24664,25994
2025-10-29 00:00,2025-10-29,0,610000,ОЭС СИБИРИ,24747,25915
2025-10-29 01:00,2025-10-29,1,610000,ОЭС СИБИРИ,24519,26046
2025-10-29 02:00,2025-10-29,2,610000,ОЭС СИБИРИ,24833,26646
2025-10-29 03:00,2025-10-29,3,610000,ОЭС СИБИРИ,25476,27384
2025-10-29 04:00,2025-10-29,4,610000,ОЭС СИБИРИ,25832,27689
2025-10-29 05:00,2025-10-29,5,610000,ОЭС СИБИРИ,26246,28035
2025-10-29 06:00,2025-10-29,6,610000,ОЭС СИБИРИ,26760,28393
2025-10-29 07:00,2025-10-29,7,610000,ОЭС СИБИРИ,27114,28434
2025-10-29 08:00,2025-10-29,8,610000,ОЭС СИБИРИ,27183,28309
2025-10-29 09:00,2025-10-29,9,610000,ОЭС СИБИРИ,27859,28682
2025-10-29 10:00,2025-10-29,10,610000,ОЭС СИБИРИ,27908,28622
2025-10-29 11:00,2025-10-29,11,610000,ОЭС СИБИРИ,27787,28481
2025-10-29 12:00,2025-10-29,12,610000,ОЭС СИБИРИ,27533,28244
2025-10-29 13:00,2025-10-29,13,610000,ОЭС СИБИРИ,28025,28581
2025-10-29 14:00,2025-10-29,14,610000,ОЭС СИБИРИ,27757,28222
2025-10-29 15:00,2025-10-29,15,610000,ОЭС СИБИРИ,28288,28796
2025-10-29 16:00,2025-10-29,16,610000,ОЭС СИБИРИ,28176,28549
2025-10-29 17:00,2025-10-29,17,610000,ОЭС СИБИРИ,27738,28245
2025-10-29 18:00,2025-10-29,18,610000,ОЭС СИБИРИ,27748,28002
2025-10-29 19:00,2025-10-29,19,610000,ОЭС СИБИРИ,26563,27306
2025-10-29 20:00,2025-10-29,20,610000,ОЭС СИБИРИ,25579,26560
2025-10-29 21:00,2025-10-29,21,610000,ОЭС СИБИРИ,25246,26125
2025-10-29 22:00,2025-10-29,22,610000,ОЭС СИБИРИ,24679,25979
2025-10-29 23:00,2025-10-29,23,610000,ОЭС СИБИРИ,24113,25937
2025-10-30 00:00,2025-10-30,0,610000,ОЭС СИБИРИ,24189,25945
2025-10-30 01:00,2025-10-30,1,610000,ОЭС СИБИРИ,24474,26166
2025-10-30 02:00,2025-10-30,2,610000,ОЭС СИБИРИ,24916,26678
2025-10-30 03:00,2025-10-30,3,610000,ОЭС СИБИРИ,25485,27378
2025-10-30 04:00,2025-10-30,4,610000,ОЭС СИБИРИ,25932,27825
2025-10-30 05:00,2025-10-30,5,610000,ОЭС СИБИРИ,26446,28037
2025-10-30 06:00,2025-10-30,6,610000,ОЭС СИБИРИ,26506,28391
2025-10-30 07:00,2025-10-30,7,610000,ОЭС СИБИРИ,27025,28433
2025-10-30 08:00,2025-10-30,8,610000,ОЭС СИБИРИ,26811,28170
2025-10-30 09:00,2025-10-30,9,610000,ОЭС СИБИРИ,27197,28366
2025-10-30 10:00,2025-10-30,10,610000,ОЭС СИБИРИ,27703,28400
2025-10-30 11:00,2025-10-30,11,610000,ОЭС СИБИРИ,27642,28294
2025-10-30 12:00,2025-10-30,12,610000,ОЭС СИБИРИ,27488,28138
2025-10-30 13:00,2025-10-30,13,610000,ОЭС СИБИРИ,27609,28460
2025-10-30 14:00,2025-10-30,14,610000,ОЭС СИБИРИ,27896,28635
2025-10-30 15:00,2025-10-30,15,610000,ОЭС СИБИРИ,28259,28746
2025-10-30 16:00,2025-10-30,16,610000,ОЭС СИБИРИ,28143,28450
2025-10-30 17:00,2025-10-30,17,610000,ОЭС СИБИРИ,27299,28089
2025-10-30 18:00,2025-10-30,18,610000,ОЭС СИБИРИ,27544,27949
2025-10-30 19:00,2025-10-30,19,610000,ОЭС СИБИРИ,26934,27091
2025-10-30 20:00,2025-10-30,20,610000,ОЭС СИБИРИ,25287,26257
2025-10-30 21:00,2025-10-30,21,610000,ОЭС СИБИРИ,24943,25951
2025-10-30 22:00,2025-10-30,22,610000,ОЭС СИБИРИ,25063,25879
2025-10-30 23:00,2025-10-30,23,610000,ОЭС СИБИРИ,24581,25714
2025-10-31 00:00,2025-10-31,0,610000,ОЭС СИБИРИ,24323,25647
2025-10-31 01:00,2025-10-31,1,610000,ОЭС СИБИРИ,24236,25771
2025-10-31 02:00,2025-10-31,2,610000,ОЭС СИБИРИ,24628,26366
2025-10-31 03:00,2025-10-31,3,610000,ОЭС СИБИРИ,25624,27273
2025-10-31 04:00,2025-10-31,4,610000,ОЭС СИБИРИ,25944,27403
2025-10-31 05:00,2025-10-31,5,610000,ОЭС СИБИРИ,26008,27758
2025-10-31 06:00,2025-10-31,6,610000,ОЭС СИБИРИ,26253,28184
2025-10-31 07:00,2025-10-31,7,610000,ОЭС СИБИРИ,26247,28014
2025-10-31 08:00,2025-10-31,8,610000,ОЭС СИБИРИ,26274,27881
2025-10-31 09:00,2025-10-31,9,610000,ОЭС СИБИРИ,27420,28230
2025-10-31 10:00,2025-10-31,10,610000,ОЭС СИБИРИ,27708,28176
2025-10-31 11:00,2025-10-31,11,610000,ОЭС СИБИРИ,27099,27988
2025-10-31 12:00,2025-10-31,12,610000,ОЭС СИБИРИ,27231,27708
2025-10-31 13:00,2025-10-31,13,610000,ОЭС СИБИРИ,26977,27976
2025-10-31 14:00,2025-10-31,14,610000,ОЭС СИБИРИ,27381,28161
2025-10-31 15:00,2025-10-31,15,610000,ОЭС СИБИРИ,27673,28394
2025-10-31 16:00,2025-10-31,16,610000,ОЭС СИБИРИ,27582,28153
2025-10-31 17:00,2025-10-31,17,610000,ОЭС СИБИРИ,27482,27859
2025-10-31 18:00,2025-10-31,18,610000,ОЭС СИБИРИ,26534,27687
2025-10-31 19:00,2025-10-31,19,610000,ОЭС СИБИРИ,26569,26922
2025-10-31 20:00,2025-10-31,20,610000,ОЭС СИБИРИ,25844,26299
2025-10-31 21:00,2025-10-31,21,610000,ОЭС СИБИРИ,25336,25967
2025-10-31 22:00,2025-10-31,22,610000,ОЭС СИБИРИ,25381,25856
2025-10-31 23:00,2025-10-31,23,610000,ОЭС СИБИРИ,25132,25760
2025-11-01 00:00,2025-11-01,0,610000,ОЭС СИБИРИ,24913,25475
2025-11-01 01:00,2025-11-01,1,610000,ОЭС СИБИРИ,24826,25687
2025-11-01 02:00,2025-11-01,2,610000,ОЭС СИБИРИ,24370,26184
2025-11-01 03:00,2025-11-01,3,610000,ОЭС СИБИРИ,25023,26962
2025-11-01 04:00,2025-11-01,4,610000,ОЭС СИБИРИ,25435,27135
2025-11-01 05:00,2025-11-01,5,610000,ОЭС СИБИРИ,25558,27492
2025-11-01 06:00,2025-11-01,6,610000,ОЭС СИБИРИ,26238,27597
2025-11-01 07:00,2025-11-01,7,610000,ОЭС СИБИРИ,26622,27805
2025-11-01 08:00,2025-11-01,8,610000,ОЭС СИБИРИ,26412,27703
2025-11-01 09:00,2025-11-01,9,610000,ОЭС СИБИРИ,27553,27947
2025-11-01 10:00,2025-11-01,10,610000,ОЭС СИБИРИ,27435,27711
2025-11-01 11:00,2025-11-01,11,610000,ОЭС СИБИРИ,27066,27497
2025-11-01 12:00,2025-11-01,12,610000,ОЭС СИБИРИ,26997,27538
2025-11-01 13:00,2025-11-01,13,610000,ОЭС СИБИРИ,26793,27720
2025-11-01 14:00,2025-11-01,14,610000,ОЭС СИБИРИ,27524,28036
2025-11-01 15:00,2025-11-01,15,610000,ОЭС СИБИРИ,27882,28309
2025-11-01 16:00,2025-11-01,16,610000,ОЭС СИБИРИ,27605,27707
2025-11-01 17:00,2025-11-01,17,610000,ОЭС СИБИРИ,27228,27424
2025-11-01 18:00,2025-11-01,18,610000,ОЭС СИБИРИ,27101,27391
2025-11-01 19:00,2025-11-01,19,610000,ОЭС СИБИРИ,26258,26763
2025-11-01 20:00,2025-11-01,20,610000,ОЭС СИБИРИ,25763,26215
2025-11-01 21:00,2025-11-01,21,610000,ОЭС СИБИРИ,25611,25784
2025-11-01 22:00,2025-11-01,22,610000,ОЭС СИБИРИ,25301,25679
2025-11-01 23:00,2025-11-01,23,610000,ОЭС СИБИРИ,25368,25530
2025-11-02 00:00,2025-11-02,0,610000,ОЭС СИБИРИ,25551,25526
2025-11-02 01:00,2025-11-02,1,610000,ОЭС СИБИРИ,24300,25625
2025-11-02 02:00,2025-11-02,2,610000,ОЭС СИБИРИ,24036,25693
2025-11-02 03:00,2025-11-02,3,610000,ОЭС СИБИРИ,24078,25908
2025-11-02 04:00,2025-11-02,4,610000,ОЭС СИБИРИ,25697,26631
2025-11-02 05:00,2025-11-02,5,610000,ОЭС СИБИРИ,25972,27252
2025-11-02 06:00,2025-11-02,6,610000,ОЭС СИБИРИ,26757,27824
2025-11-02 07:00,2025-11-02,7,610000,ОЭС СИБИРИ,26695,28074
2025-11-02 08:00,2025-11-02,8,610000,ОЭС СИБИРИ,26852,28035
2025-11-02 09:00,2025-11-02,9,610000,ОЭС СИБИРИ,26977,27886
2025-11-02 10:00,2025-11-02,10,610000,ОЭС СИБИРИ,27370,27966
2025-11-02 11:00,2025-11-02,11,610000,ОЭС СИБИРИ,27619,28185
2025-11-02 12:00,2025-11-02,12,610000,ОЭС СИБИРИ,28603,28351
2025-11-02 13:00,2025-11-02,13,610000,ОЭС СИБИРИ,28199,28312
2025-11-02 14:00,2025-11-02,14,610000,ОЭС СИБИРИ,28330,28704
2025-11-02 15:00,2025-11-02,15,610000,ОЭС СИБИРИ,28454,28642
2025-11-02 16:00,2025-11-02,16,610000,ОЭС СИБИРИ,28200,28427
2025-11-02 17:00,2025-11-02,17,610000,ОЭС СИБИРИ,27682,27997
2025-11-02 18:00,2025-11-02,18,610000,ОЭС СИБИРИ,27238,27483
2025-11-02 19:00,2025-11-02,19,610000,ОЭС СИБИРИ,26120,26895
2025-11-02 20:00,2025-11-02,20,610000,ОЭС СИБИРИ,26112,26183
2025-11-02 21:00,2025-11-02,21,610000,ОЭС СИБИРИ,25625,25841
2025-11-02 22:00,2025-11-02,22,610000,ОЭС СИБИРИ,24072,25738
2025-11-02 23:00,2025-11-02,23,610000,ОЭС СИБИРИ,24561,25534
2025-11-03 00:00,2025-11-03,0,610000,ОЭС СИБИРИ,24264,25507
2025-11-03 01:00,2025-11-03,1,610000,ОЭС СИБИРИ,24331,25688
2025-11-03 02:00,2025-11-03,2,610000,ОЭС СИБИРИ,24795,25936
2025-11-03 03:00,2025-11-03,3,610000,ОЭС СИБИРИ,25204,26330
2025-11-03 04:00,2025-11-03,4,610000,ОЭС СИБИРИ,25243,26891
2025-11-03 05:00,2025-11-03,5,610000,ОЭС СИБИРИ,26255,27617
2025-11-03 06:00,2025-11-03,6,610000,ОЭС СИБИРИ,26855,28128
2025-11-03 07:00,2025-11-03,7,610000,ОЭС СИБИРИ,26873,28317
2025-11-03 08:00,2025-11-03,8,610000,ОЭС СИБИРИ,27773,28374
2025-11-03 09:00,2025-11-03,9,610000,ОЭС СИБИРИ,27708,28291
2025-11-03 10:00,2025-11-03,10,610000,ОЭС СИБИРИ,28165,28345
2025-11-03 11:00,2025-11-03,11,610000,ОЭС СИБИРИ,27405,28153
2025-11-03 12:00,2025-11-03,12,610000,ОЭС СИБИРИ,27761,28353
2025-11-03 13:00,2025-11-03,13,610000,ОЭС СИБИРИ,28174,28835
2025-11-03 14:00,2025-11-03,14,610000,ОЭС СИБИРИ,28407,28980
2025-11-03 15:00,2025-11-03,15,610000,ОЭС СИБИРИ,28488,28876
2025-11-03 16:00,2025-11-03,16,610000,ОЭС СИБИРИ,28439,28379
2025-11-03 17:00,2025-11-03,17,610000,ОЭС СИБИРИ,28140,28236
2025-11-03 18:00,2025-11-03,18,610000,ОЭС СИБИРИ,27593,27780
2025-11-03 19:00,2025-11-03,19,610000,ОЭС СИБИРИ,26642,27156
2025-11-03 20:00,2025-11-03,20,610000,ОЭС СИБИРИ,26054,26543
2025-11-03 21:00,2025-11-03,21,610000,ОЭС СИБИРИ,25232,26054
2025-11-03 22:00,2025-11-03,22,610000,ОЭС СИБИРИ,24410,25756
2025-11-03 23:00,2025-11-03,23,610000,ОЭС СИБИРИ,23939,25505
2025-11-04 00:00,2025-11-04,0,610000,ОЭС СИБИРИ,23734,25628
2025-11-04 01:00,2025-11-04,1,610000,ОЭС СИБИРИ,24209,25688
2025-11-04 02:00,2025-11-04,2,610000,ОЭС СИБИРИ,24759,25836
2025-11-04 03:00,2025-11-04,3,610000,ОЭС СИБИРИ,24640,26490
2025-11-04 04:00,2025-11-04,4,610000,ОЭС СИБИРИ,26146,27000
2025-11-04 05:00,2025-11-04,5,610000,ОЭС СИБИРИ,26916,27817
2025-11-04 06:00,2025-11-04,6,610000,ОЭС СИБИРИ,27343,28322
2025-11-04 07:00,2025-11-04,7,610000,ОЭС СИБИРИ,27294,28604
2025-11-04 08:00,2025-11-04,8,610000,ОЭС СИБИРИ,27380,28421
2025-11-04 09:00,2025-11-04,9,610000,ОЭС СИБИРИ,27497,28351
2025-11-04 10:00,2025-11-04,10,610000,ОЭС СИБИРИ,27828,28521
2025-11-04 11:00,2025-11-04,11,610000,ОЭС СИБИРИ,27762,28456
2025-11-04 12:00,2025-11-04,12,610000,ОЭС СИБИРИ,27996,28588
2025-11-04 13:00,2025-11-04,13,610000,ОЭС СИБИРИ,28443,28952
2025-11-04 14:00,2025-11-04,14,610000,ОЭС СИБИРИ,28769,29419
2025-11-04 15:00,2025-11-04,15,610000,ОЭС СИБИРИ,28784,29447
2025-11-04 16:00,2025-11-04,16,610000,ОЭС СИБИРИ,28342,28789
2025-11-04 17:00,2025-11-04,17,610000,ОЭС СИБИРИ,28225,28549
2025-11-04 18:00,2025-11-04,18,610000,ОЭС СИБИРИ,27982,28177
2025-11-04 19:00,2025-11-04,19,610000,ОЭС СИБИРИ,26963,27447
2025-11-04 20:00,2025-11-04,20,610000,ОЭС СИБИРИ,26600,26875
2025-11-04 21:00,2025-11-04,21,610000,ОЭС СИБИРИ,25691,26359
2025-11-04 22:00,2025-11-04,22,610000,ОЭС СИБИРИ,24642,26362
2025-11-04 23:00,2025-11-04,23,610000,ОЭС СИБИРИ,24461,26173
2025-11-05 00:00,2025-11-05,0,610000,ОЭС СИБИРИ,24861,26319
2025-11-05 01:00,2025-11-05,1,610000,ОЭС СИБИРИ,25072,26421
2025-11-05 02:00,2025-11-05,2,610000,ОЭС СИБИРИ,25206,27162
2025-11-05 03:00,2025-11-05,3,610000,ОЭС СИБИРИ,25923,28141
2025-11-05 04:00,2025-11-05,4,610000,ОЭС СИБИРИ,26756,28234
2025-11-05 05:00,2025-11-05,5,610000,ОЭС СИБИРИ,27250,28567
2025-11-05 06:00,2025-11-05,6,610000,ОЭС СИБИРИ,27639,28836
2025-11-05 07:00,2025-11-05,7,610000,ОЭС СИБИРИ,27653,28805
2025-11-05 08:00,2025-11-05,8,610000,ОЭС СИБИРИ,27064,28497
2025-11-05 09:00,2025-11-05,9,610000,ОЭС СИБИРИ,27483,28704
2025-11-05 10:00,2025-11-05,10,610000,ОЭС СИБИРИ,27659,28434
2025-11-05 11:00,2025-11-05,11,610000,ОЭС СИБИРИ,27861,28674
2025-11-05 12:00,2025-11-05,12,610000,ОЭС СИБИРИ,27973,28674
2025-11-05 13:00,2025-11-05,13,610000,ОЭС СИБИРИ,28080,28880
2025-11-05 14:00,2025-11-05,14,610000,ОЭС СИБИРИ,28513,29219
2025-11-05 15:00,2025-11-05,15,610000,ОЭС СИБИРИ,28395,29160
2025-11-05 16:00,2025-11-05,16,610000,ОЭС СИБИРИ,27974,28799
2025-11-05 17:00,2025-11-05,17,610000,ОЭС СИБИРИ,28033,28486
2025-11-05 18:00,2025-11-05,18,610000,ОЭС СИБИРИ,27717,28394
2025-11-05 19:00,2025-11-05,19,610000,ОЭС СИБИРИ,26748,27658
2025-11-05 20:00,2025-11-05,20,610000,ОЭС СИБИРИ,26132,27026
2025-11-05 21:00,2025-11-05,21,610000,ОЭС СИБИРИ,25688,26558
2025-11-05 22:00,2025-11-05,22,610000,ОЭС СИБИРИ,25262,26470
2025-11-05 23:00,2025-11-05,23,610000,ОЭС СИБИРИ,24695,26129
2025-11-06 00:00,2025-11-06,0,610000,ОЭС СИБИРИ,25180,26366
2025-11-06 01:00,2025-11-06,1,610000,ОЭС СИБИРИ,25292,26725
2025-11-06 02:00,2025-11-06,2,610000,ОЭС СИБИРИ,25886,27219
2025-11-06 03:00,2025-11-06,3,610000,ОЭС СИБИРИ,26342,27958
2025-11-06 04:00,2025-11-06,4,610000,ОЭС СИБИРИ,26839,28334
2025-11-06 05:00,2025-11-06,5,610000,ОЭС СИБИРИ,27281,28505
2025-11-06 06:00,2025-11-06,6,610000,ОЭС СИБИРИ,27433,28779
2025-11-06 07:00,2025-11-06,7,610000,ОЭС СИБИРИ,27541,28878
2025-11-06 08:00,2025-11-06,8,610000,ОЭС СИБИРИ,27628,28615
2025-11-06 09:00,2025-11-06,9,610000,ОЭС СИБИРИ,27998,28925
2025-11-06 10:00,2025-11-06,10,610000,ОЭС СИБИРИ,27614,28558
2025-11-06 11:00,2025-11-06,11,610000,ОЭС СИБИРИ,28032,28623
2025-11-06 12:00,2025-11-06,12,610000,ОЭС СИБИРИ,28057,28675
2025-11-06 13:00,2025-11-06,13,610000,ОЭС СИБИРИ,28180,28809
2025-11-06 14:00,2025-11-06,14,610000,ОЭС СИБИРИ,28691,29254
2025-11-06 15:00,2025-11-06,15,610000,ОЭС СИБИРИ,28560,29185
2025-11-06 16:00,2025-11-06,16,610000,ОЭС СИБИРИ,28200,28938
2025-11-06 17:00,2025-11-06,17,610000,ОЭС СИБИРИ,28500,28700
2025-11-06 18:00,2025-11-06,18,610000,ОЭС СИБИРИ,28092,28530
2025-11-06 19:00,2025-11-06,19,610000,ОЭС СИБИРИ,27141,27782
2025-11-06 20:00,2025-11-06,20,610000,ОЭС СИБИРИ,26518,27137
2025-11-06 21:00,2025-11-06,21,610000,ОЭС СИБИРИ,25866,26591
2025-11-06 22:00,2025-11-06,22,610000,ОЭС СИБИРИ,25802,26650
2025-11-06 23:00,2025-11-06,23,610000,ОЭС СИБИРИ,25261,26517
2025-11-07 00:00,2025-11-07,0,610000,ОЭС СИБИРИ,24819,26408
2025-11-07 01:00,2025-11-07,1,610000,ОЭС СИБИРИ,24681,26524
2025-11-07 02:00,2025-11-07,2,610000,ОЭС СИБИРИ,25773,27305
2025-11-07 03:00,2025-11-07,3,610000,ОЭС СИБИРИ,26676,28383
2025-11-07 04:00,2025-11-07,4,610000,ОЭС СИБИРИ,26814,28514
2025-11-07 05:00,2025-11-07,5,610000,ОЭС СИБИРИ,27014,28700
2025-11-07 06:00,2025-11-07,6,610000,ОЭС СИБИРИ,27202,29036
2025-11-07 07:00,2025-11-07,7,610000,ОЭС СИБИРИ,27337,28968
2025-11-07 08:00,2025-11-07,8,610000,ОЭС СИБИРИ,28079,29004
2025-11-07 09:00,2025-11-07,9,610000,ОЭС СИБИРИ,28454,29255
2025-11-07 10:00,2025-11-07,10,610000,ОЭС СИБИРИ,28183,28960
2025-11-07 11:00,2025-11-07,11,610000,ОЭС СИБИРИ,27893,28709
2025-11-07 12:00,2025-11-07,12,610000,ОЭС СИБИРИ,28469,29016
2025-11-07 13:00,2025-11-07,13,610000,ОЭС СИБИРИ,28360,29196
2025-11-07 14:00,2025-11-07,14,610000,ОЭС СИБИРИ,28381,29351
2025-11-07 15:00,2025-11-07,15,610000,ОЭС СИБИРИ,28234,29184
2025-11-07 16:00,2025-11-07,16,610000,ОЭС СИБИРИ,27796,28851
2025-11-07 17:00,2025-11-07,17,610000,ОЭС СИБИРИ,27412,28691
2025-11-07 18:00,2025-11-07,18,610000,ОЭС СИБИРИ,27385,28702
2025-11-07 19:00,2025-11-07,19,610000,ОЭС СИБИРИ,26771,28074
2025-11-07 20:00,2025-11-07,20,610000,ОЭС СИБИРИ,26249,27553
2025-11-07 21:00,2025-11-07,21,610000,ОЭС СИБИРИ,26233,27129
2025-11-07 22:00,2025-11-07,22,610000,ОЭС СИБИРИ,26075,27030
2025-11-07 23:00,2025-11-07,23,610000,ОЭС СИБИРИ,25353,26832
2025-11-08 00:00,2025-11-08,0,610000,ОЭС СИБИРИ,25065,26785
2025-11-08 01:00,2025-11-08,1,610000,ОЭС СИБИРИ,24456,26755
2025-11-08 02:00,2025-11-08,2,610000,ОЭС СИБИРИ,24979,27160
2025-11-08 03:00,2025-11-08,3,610000,ОЭС СИБИРИ,25864,27524
2025-11-08 04:00,2025-11-08,4,610000,ОЭС СИБИРИ,26270,28013
2025-11-08 05:00,2025-11-08,5,610000,ОЭС СИБИРИ,26545,28415
2025-11-08 06:00,2025-11-08,6,610000,ОЭС СИБИРИ,26814,29095
2025-11-08 07:00,2025-11-08,7,610000,ОЭС СИБИРИ,27384,29291
2025-11-08 08:00,2025-11-08,8,610000,ОЭС СИБИРИ,27381,28913
2025-11-08 09:00,2025-11-08,9,610000,ОЭС СИБИРИ,27756,29034
2025-11-08 10:00,2025-11-08,10,610000,ОЭС СИБИРИ,27914,29067
2025-11-08 11:00,2025-11-08,11,610000,ОЭС СИБИРИ,28602,29214
2025-11-08 12:00,2025-11-08,12,610000,ОЭС СИБИРИ,27997,29191
2025-11-08 13:00,2025-11-08,13,610000,ОЭС СИБИРИ,28415,29505
2025-11-08 14:00,2025-11-08,14,610000,ОЭС СИБИРИ,28814,29770
2025-11-08 15:00,2025-11-08,15,610000,ОЭС СИБИРИ,28741,29759
2025-11-08 16:00,2025-11-08,16,610000,ОЭС СИБИРИ,28507,29236
2025-11-08 17:00,2025-11-08,17,610000,ОЭС СИБИРИ,28400,28986
2025-11-08 18:00,2025-11-08,18,610000,ОЭС СИБИРИ,27961,28481
2025-11-08 19:00,2025-11-08,19,610000,ОЭС СИБИРИ,27373,28110
2025-11-08 20:00,2025-11-08,20,610000,ОЭС СИБИРИ,26640,27352
2025-11-08 21:00,2025-11-08,21,610000,ОЭС СИБИРИ,26159,27021
2025-11-08 22:00,2025-11-08,22,610000,ОЭС СИБИРИ,25729,26915
2025-11-08 23:00,2025-11-08,23,610000,ОЭС СИБИРИ,25132,26897
2025-11-09 00:00,2025-11-09,0,610000,ОЭС СИБИРИ,24985,26590
2025-11-09 01:00,2025-11-09,1,610000,ОЭС СИБИРИ,25050,26778
2025-11-09 02:00,2025-11-09,2,610000,ОЭС СИБИРИ,24846,26708
2025-11-09 03:00,2025-11-09,3,610000,ОЭС СИБИРИ,25345,27065
2025-11-09 04:00,2025-11-09,4,610000,ОЭС СИБИРИ,26107,27627
2025-11-09 05:00,2025-11-09,5,610000,ОЭС СИБИРИ,26417,28163
2025-11-09 06:00,2025-11-09,6,610000,ОЭС СИБИРИ,27177,28803
2025-11-09 07:00,2025-11-09,7,610000,ОЭС СИБИРИ,27108,29047
2025-11-09 08:00,2025-11-09,8,610000,ОЭС СИБИРИ,26874,29105
2025-11-09 09:00,2025-11-09,9,610000,ОЭС СИБИРИ,27709,29071
2025-11-09 10:00,2025-11-09,10,610000,ОЭС СИБИРИ,27891,29083
2025-11-09 11:00,2025-11-09,11,610000,ОЭС СИБИРИ,28389,29282
2025-11-09 12:00,2025-11-09,12,610000,ОЭС СИБИРИ,28887,29346
2025-11-09 13:00,2025-11-09,13,610000,ОЭС СИБИРИ,29258,29770
2025-11-09 14:00,2025-11-09,14,610000,ОЭС СИБИРИ,29013,29810
2025-11-09 15:00,2025-11-09,15,610000,ОЭС СИБИРИ,29045,29966
2025-11-09 16:00,2025-11-09,16,610000,ОЭС СИБИРИ,28661,29317
2025-11-09 17:00,2025-11-09,17,610000,ОЭС СИБИРИ,28509,29167
2025-11-09 18:00,2025-11-09,18,610000,ОЭС СИБИРИ,27563,28664
2025-11-09 19:00,2025-11-09,19,610000,ОЭС СИБИРИ,27235,28081
2025-11-09 20:00,2025-11-09,20,610000,ОЭС СИБИРИ,26999,27447
2025-11-09 21:00,2025-11-09,21,610000,ОЭС СИБИРИ,26686,27212
2025-11-09 22:00,2025-11-09,22,610000,ОЭС СИБИРИ,25765,26848
2025-11-09 23:00,2025-11-09,23,610000,ОЭС СИБИРИ,25362,26686
2025-11-10 00:00,2025-11-10,0,610000,ОЭС СИБИРИ,25354,26602
2025-11-10 01:00,2025-11-10,1,610000,ОЭС СИБИРИ,25852,26927
2025-11-10 02:00,2025-11-10,2,610000,ОЭС СИБИРИ,27026,27451
2025-11-10 03:00,2025-11-10,3,610000,ОЭС СИБИРИ,27406,28302
2025-11-10 04:00,2025-11-10,4,610000,ОЭС СИБИРИ,27351,28654
2025-11-10 05:00,2025-11-10,5,610000,ОЭС СИБИРИ,28068,29055
2025-11-10 06:00,2025-11-10,6,610000,ОЭС СИБИРИ,28383,29339
2025-11-10 07:00,2025-11-10,7,610000,ОЭС СИБИРИ,28374,29363
2025-11-10 08:00,2025-11-10,8,610000,ОЭС СИБИРИ,28010,29003
2025-11-10 09:00,2025-11-10,9,610000,ОЭС СИБИРИ,28855,29263
2025-11-10 10:00,2025-11-10,10,610000,ОЭС СИБИРИ,28005,29042
2025-11-10 11:00,2025-11-10,11,610000,ОЭС СИБИРИ,28125,28847
2025-11-10 12:00,2025-11-10,12,610000,ОЭС СИБИРИ,28452,29121
2025-11-10 13:00,2025-11-10,13,610000,ОЭС СИБИРИ,28700,29344
2025-11-10 14:00,2025-11-10,14,610000,ОЭС СИБИРИ,29092,29505
2025-11-10 15:00,2025-11-10,15,610000,ОЭС СИБИРИ,29091,29503
2025-11-10 16:00,2025-11-10,16,610000,ОЭС СИБИРИ,28585,29216
2025-11-10 17:00,2025-11-10,17,610000,ОЭС СИБИРИ,28604,29016
2025-11-10 18:00,2025-11-10,18,610000,ОЭС СИБИРИ,28026,28800
2025-11-10 19:00,2025-11-10,19,610000,ОЭС СИБИРИ,27394,28195
2025-11-10 20:00,2025-11-10,20,610000,ОЭС СИБИРИ,26350,27324
2025-11-10 21:00,2025-11-10,21,610000,ОЭС СИБИРИ,26544,27045
2025-11-10 22:00,2025-11-10,22,610000,ОЭС СИБИРИ,26034,26706
2025-11-10 23:00,2025-11-10,23,610000,ОЭС СИБИРИ,25808,26816
2025-11-11 00:00,2025-11-11,0,610000,ОЭС СИБИРИ,26342,26907
2025-11-11 01:00,2025-11-11,1,610000,ОЭС СИБИРИ,26588,27270
2025-11-11 02:00,2025-11-11,2,610000,ОЭС СИБИРИ,26691,27648
2025-11-11 03:00,2025-11-11,3,610000,ОЭС СИБИРИ,27145,28558
2025-11-11 04:00,2025-11-11,4,610000,ОЭС СИБИРИ,27275,28742
2025-11-11 05:00,2025-11-11,5,610000,ОЭС СИБИРИ,27929,29192
2025-11-11 06:00,2025-11-11,6,610000,ОЭС СИБИРИ,28042,29269
2025-11-11 07:00,2025-11-11,7,610000,ОЭС СИБИРИ,28634,29285
2025-11-11 08:00,2025-11-11,8,610000,ОЭС СИБИРИ,28613,29148
2025-11-11 09:00,2025-11-11,9,610000,ОЭС СИБИРИ,28770,29448
2025-11-11 10:00,2025-11-11,10,610000,ОЭС СИБИРИ,28372,29236
2025-11-11 11:00,2025-11-11,11,610000,ОЭС СИБИРИ,27931,29026
2025-11-11 12:00,2025-11-11,12,610000,ОЭС СИБИРИ,28791,29104
2025-11-11 13:00,2025-11-11,13,610000,ОЭС СИБИРИ,29349,29636
2025-11-11 14:00,2025-11-11,14,610000,ОЭС СИБИРИ,29384,29843
2025-11-11 15:00,2025-11-11,15,610000,ОЭС СИБИРИ,29196,29634
2025-11-11 16:00,2025-11-11,16,610000,ОЭС СИБИРИ,28791,29138
2025-11-11 17:00,2025-11-11,17,610000,ОЭС СИБИРИ,29027,29293
2025-11-11 18:00,2025-11-11,18,610000,ОЭС СИБИРИ,28524,29044
2025-11-11 19:00,2025-11-11,19,610000,ОЭС СИБИРИ,27832,28262
2025-11-11 20:00,2025-11-11,20,610000,ОЭС СИБИРИ,27154,27647
2025-11-11 21:00,2025-11-11,21,610000,ОЭС СИБИРИ,26942,27220
2025-11-11 22:00,2025-11-11,22,610000,ОЭС СИБИРИ,26798,27020
2025-11-11 23:00,2025-11-11,23,610000,ОЭС СИБИРИ,26816,26952
2025-11-12 00:00,2025-11-12,0,610000,ОЭС СИБИРИ,26127,27006
2025-11-12 01:00,2025-11-12,1,610000,ОЭС СИБИРИ,26297,27344
2025-11-12 02:00,2025-11-12,2,610000,ОЭС СИБИРИ,27130,27858
2025-11-12 03:00,2025-11-12,3,610000,ОЭС СИБИРИ,27872,28770
2025-11-12 04:00,2025-11-12,4,610000,ОЭС СИБИРИ,28079,28971
2025-11-12 05:00,2025-11-12,5,610000,ОЭС СИБИРИ,28428,29311
2025-11-12 06:00,2025-11-12,6,610000,ОЭС СИБИРИ,28699,29426
2025-11-12 07:00,2025-11-12,7,610000,ОЭС СИБИРИ,28766,29427
2025-11-12 08:00,2025-11-12,8,610000,ОЭС СИБИРИ,28680,29285
2025-11-12 09:00,2025-11-12,9,610000,ОЭС СИБИРИ,28599,29394
2025-11-12 10:00,2025-11-12,10,610000,ОЭС СИБИРИ,28249,29263
2025-11-12 11:00,2025-11-12,11,610000,ОЭС СИБИРИ,27860,28988
2025-11-12 12:00,2025-11-12,12,610000,ОЭС СИБИРИ,28145,29225
2025-11-12 13:00,2025-11-12,13,610000,ОЭС СИБИРИ,28760,29409
2025-11-12 14:00,2025-11-12,14,610000,ОЭС СИБИРИ,28777,29549
2025-11-12 15:00,2025-11-12,15,610000,ОЭС СИБИРИ,29197,29706
2025-11-12 16:00,2025-11-12,16,610000,ОЭС СИБИРИ,29173,29387
2025-11-12 17:00,2025-11-12,17,610000,ОЭС СИБИРИ,28812,29130
2025-11-12 18:00,2025-11-12,18,610000,ОЭС СИБИРИ,28571,28896
2025-11-12 19:00,2025-11-12,19,610000,ОЭС СИБИРИ,27786,28306
2025-11-12 20:00,2025-11-12,20,610000,ОЭС СИБИРИ,27077,27487
2025-11-12 21:00,2025-11-12,21,610000,ОЭС СИБИРИ,27150,27187
2025-11-12 22:00,2025-11-12,22,610000,ОЭС СИБИРИ,26503,26874
2025-11-12 23:00,2025-11-12,23,610000,ОЭС СИБИРИ,26425,26927
2025-11-13 00:00,2025-11-13,0,610000,ОЭС СИБИРИ,26129,27015
2025-11-13 01:00,2025-11-13,1,610000,ОЭС СИБИРИ,26199,27198
2025-11-13 02:00,2025-11-13,2,610000,ОЭС СИБИРИ,26723,27857
2025-11-13 03:00,2025-11-13,3,610000,ОЭС СИБИРИ,27818,28735
2025-11-13 04:00,2025-11-13,4,610000,ОЭС СИБИРИ,28001,28987
2025-11-13 05:00,2025-11-13,5,610000,ОЭС СИБИРИ,28317,29256
2025-11-13 06:00,2025-11-13,6,610000,ОЭС СИБИРИ,29106,29533
2025-11-13 07:00,2025-11-13,7,610000,ОЭС СИБИРИ,27834,29323
2025-11-13 08:00,2025-11-13,8,610000,ОЭС СИБИРИ,27943,29298
2025-11-13 09:00,2025-11-13,9,610000,ОЭС СИБИРИ,28942,29566
2025-11-13 10:00,2025-11-13,10,610000,ОЭС СИБИРИ,29086,29322
2025-11-13 11:00,2025-11-13,11,610000,ОЭС СИБИРИ,29031,29417
2025-11-13 12:00,2025-11-13,12,610000,ОЭС СИБИРИ,28792,29399
2025-11-13 13:00,2025-11-13,13,610000,ОЭС СИБИРИ,28845,29657
2025-11-13 14:00,2025-11-13,14,610000,ОЭС СИБИРИ,29905,30081
2025-11-13 15:00,2025-11-13,15,610000,ОЭС СИБИРИ,29510,29835
2025-11-13 16:00,2025-11-13,16,610000,ОЭС СИБИРИ,29020,29405
2025-11-13 17:00,2025-11-13,17,610000,ОЭС СИБИРИ,28845,29183
2025-11-13 18:00,2025-11-13,18,610000,ОЭС СИБИРИ,28816,29096
2025-11-13 19:00,2025-11-13,19,610000,ОЭС СИБИРИ,28004,28347
2025-11-13 20:00,2025-11-13,20,610000,ОЭС СИБИРИ,27341,27466
2025-11-13 21:00,2025-11-13,21,610000,ОЭС СИБИРИ,26331,27245
2025-11-13 22:00,2025-11-13,22,610000,ОЭС СИБИРИ,26038,27047
2025-11-13 23:00,2025-11-13,23,610000,ОЭС СИБИРИ,25500,27084
2025-11-14 00:00,2025-11-14,0,610000,ОЭС СИБИРИ,25498,26974
2025-11-14 01:00,2025-11-14,1,610000,ОЭС СИБИРИ,25859,27369
2025-11-14 02:00,2025-11-14,2,610000,ОЭС СИБИРИ,26200,27882
2025-11-14 03:00,2025-11-14,3,610000,ОЭС СИБИРИ,27078,28714
2025-11-14 04:00,2025-11-14,4,610000,ОЭС СИБИРИ,28200,29244
2025-11-14 05:00,2025-11-14,5,610000,ОЭС СИБИРИ,29047,29636
2025-11-14 06:00,2025-11-14,6,610000,ОЭС СИБИРИ,29097,29826
2025-11-14 07:00,2025-11-14,7,610000,ОЭС СИБИРИ,28795,29807
2025-11-14 08:00,2025-11-14,8,610000,ОЭС СИБИРИ,28769,29614
2025-11-14 09:00,2025-11-14,9,610000,ОЭС СИБИРИ,29114,29782
2025-11-14 10:00,2025-11-14,10,610000,ОЭС СИБИРИ,29681,29650
2025-11-14 11:00,2025-11-14,11,610000,ОЭС СИБИРИ,29297,29589
2025-11-14 12:00,2025-11-14,12,610000,ОЭС СИБИРИ,29522,29792
2025-11-14 13:00,2025-11-14,13,610000,ОЭС СИБИРИ,29612,30038
2025-11-14 14:00,2025-11-14,14,610000,ОЭС СИБИРИ,29260,30114
2025-11-14 15:00,2025-11-14,15,610000,ОЭС СИБИРИ,29441,30107
2025-11-14 16:00,2025-11-14,16,610000,ОЭС СИБИРИ,30148,29816
2025-11-14 17:00,2025-11-14,17,610000,ОЭС СИБИРИ,29888,29704
2025-11-14 18:00,2025-11-14,18,610000,ОЭС СИБИРИ,29674,29574
2025-11-14 19:00,2025-11-14,19,610000,ОЭС СИБИРИ,28745,28951
2025-11-14 20:00,2025-11-14,20,610000,ОЭС СИБИРИ,27697,28162
2025-11-14 21:00,2025-11-14,21,610000,ОЭС СИБИРИ,27238,27918
2025-11-14 22:00,2025-11-14,22,610000,ОЭС СИБИРИ,26603,27588
2025-11-14 23:00,2025-11-14,23,610000,ОЭС СИБИРИ,25578,27581
2025-11-15 00:00,2025-11-15,0,610000,ОЭС СИБИРИ,25967,27657
2025-11-15 01:00,2025-11-15,1,610000,ОЭС СИБИРИ,26013,27630
2025-11-15 02:00,2025-11-15,2,610000,ОЭС СИБИРИ,26154,27891
2025-11-15 03:00,2025-11-15,3,610000,ОЭС СИБИРИ,26880,28425
2025-11-15 04:00,2025-11-15,4,610000,ОЭС СИБИРИ,27805,29052
2025-11-15 05:00,2025-11-15,5,610000,ОЭС СИБИРИ,28197,29545
2025-11-15 06:00,2025-11-15,6,610000,ОЭС СИБИРИ,28775,30099
2025-11-15 07:00,2025-11-15,7,610000,ОЭС СИБИРИ,29023,30304
2025-11-15 08:00,2025-11-15,8,610000,ОЭС СИБИРИ,29404,30381
2025-11-15 09:00,2025-11-15,9,610000,ОЭС СИБИРИ,29256,30208
2025-11-15 10:00,2025-11-15,10,610000,ОЭС СИБИРИ,29433,30246
2025-11-15 11:00,2025-11-15,11,610000,ОЭС СИБИРИ,29334,30164
2025-11-15 12:00,2025-11-15,12,610000,ОЭС СИБИРИ,29420,30079
2025-11-15 13:00,2025-11-15,13,610000,ОЭС СИБИРИ,29381,30208
2025-11-15 14:00,2025-11-15,14,610000,ОЭС СИБИРИ,29514,30698
2025-11-15 15:00,2025-11-15,15,610000,ОЭС СИБИРИ,29524,30480
2025-11-15 16:00,2025-11-15,16,610000,ОЭС СИБИРИ,29510,30088
2025-11-15 17:00,2025-11-15,17,610000,ОЭС СИБИРИ,29246,29581
2025-11-15 18:00,2025-11-15,18,610000,ОЭС СИБИРИ,28542,29286
2025-11-15 19:00,2025-11-15,19,610000,ОЭС СИБИРИ,28058,28795
2025-11-15 20:00,2025-11-15,20,610000,ОЭС СИБИРИ,27208,28133
2025-11-15 21:00,2025-11-15,21,610000,ОЭС СИБИРИ,26320,27661
2025-11-15 22:00,2025-11-15,22,610000,ОЭС СИБИРИ,25404,27451
2025-11-15 23:00,2025-11-15,23,610000,ОЭС СИБИРИ,25363,27349
2025-11-16 00:00,2025-11-16,0,610000,ОЭС СИБИРИ,24981,27465
2025-11-16 01:00,2025-11-16,1,610000,ОЭС СИБИРИ,25641,27385
2025-11-16 02:00,2025-11-16,2,610000,ОЭС СИБИРИ,25812,27519
2025-11-16 03:00,2025-11-16,3,610000,ОЭС СИБИРИ,26280,27978
2025-11-16 04:00,2025-11-16,4,610000,ОЭС СИБИРИ,26674,28606
2025-11-16 05:00,2025-11-16,5,610000,ОЭС СИБИРИ,27042,29088
2025-11-16 06:00,2025-11-16,6,610000,ОЭС СИБИРИ,27764,29757
2025-11-16 07:00,2025-11-16,7,610000,ОЭС СИБИРИ,27968,29968
2025-11-16 08:00,2025-11-16,8,610000,ОЭС СИБИРИ,27997,29847
2025-11-16 09:00,2025-11-16,9,610000,ОЭС СИБИРИ,28559,29644
2025-11-16 10:00,2025-11-16,10,610000,ОЭС СИБИРИ,28441,29479
2025-11-16 11:00,2025-11-16,11,610000,ОЭС СИБИРИ,28443,29669
2025-11-16 12:00,2025-11-16,12,610000,ОЭС СИБИРИ,28385,29461
2025-11-16 13:00,2025-11-16,13,610000,ОЭС СИБИРИ,28788,30003
2025-11-16 14:00,2025-11-16,14,610000,ОЭС СИБИРИ,29003,30249
2025-11-16 15:00,2025-11-16,15,610000,ОЭС СИБИРИ,29358,30407
2025-11-16 16:00,2025-11-16,16,610000,ОЭС СИБИРИ,29515,29921
2025-11-16 17:00,2025-11-16,17,610000,ОЭС СИБИРИ,29548,29795
2025-11-16 18:00,2025-11-16,18,610000,ОЭС СИБИРИ,29027,29228
2025-11-16 19:00,2025-11-16,19,610000,ОЭС СИБИРИ,28346,28680
2025-11-16 20:00,2025-11-16,20,610000,ОЭС СИБИРИ,27912,28072
2025-11-16 21:00,2025-11-16,21,610000,ОЭС СИБИРИ,27561,27657
2025-11-16 22:00,2025-11-16,22,610000,ОЭС СИБИРИ,26370,27432
2025-11-16 23:00,2025-11-16,23,610000,ОЭС СИБИРИ,26026,27193
2025-11-17 00:00,2025-11-17,0,610000,ОЭС СИБИРИ,25839,27257
2025-11-17 01:00,2025-11-17,1,610000,ОЭС СИБИРИ,26102,27457
2025-11-17 02:00,2025-11-17,2,610000,ОЭС СИБИРИ,26632,28177
2025-11-17 03:00,2025-11-17,3,610000,ОЭС СИБИРИ,27687,29260
2025-11-17 04:00,2025-11-17,4,610000,ОЭС СИБИРИ,27607,29319
2025-11-17 05:00,2025-11-17,5,610000,ОЭС СИБИРИ,27945,29824
2025-11-17 06:00,2025-11-17,6,610000,ОЭС СИБИРИ,27929,29969
2025-11-17 07:00,2025-11-17,7,610000,ОЭС СИБИРИ,28572,29804
2025-11-17 08:00,2025-11-17,8,610000,ОЭС СИБИРИ,28680,29578
2025-11-17 09:00,2025-11-17,9,610000,ОЭС СИБИРИ,28915,29785
2025-11-17 10:00,2025-11-17,10,610000,ОЭС СИБИРИ,28831,29576
2025-11-17 11:00,2025-11-17,11,610000,ОЭС СИБИРИ,28426,29341
2025-11-17 12:00,2025-11-17,12,610000,ОЭС СИБИРИ,29321,29639
2025-11-17 13:00,2025-11-17,13,610000,ОЭС СИБИРИ,29854,30043
2025-11-17 14:00,2025-11-17,14,610000,ОЭС СИБИРИ,30097,30315
2025-11-17 15:00,2025-11-17,15,610000,ОЭС СИБИРИ,29825,30082
2025-11-17 16:00,2025-11-17,16,610000,ОЭС СИБИРИ,29454,29602
2025-11-17 17:00,2025-11-17,17,610000,ОЭС СИБИРИ,29812,29631
2025-11-17 18:00,2025-11-17,18,610000,ОЭС СИБИРИ,29034,29235
2025-11-17 19:00,2025-11-17,19,610000,ОЭС СИБИРИ,27802,28375
2025-11-17 20:00,2025-11-17,20,610000,ОЭС СИБИРИ,27224,27679
2025-11-17 21:00,2025-11-17,21,610000,ОЭС СИБИРИ,26348,27276
2025-11-17 22:00,2025-11-17,22,610000,ОЭС СИБИРИ,25534,27184
2025-11-17 23:00,2025-11-17,23,610000,ОЭС СИБИРИ,24921,27070
2025-11-18 00:00,2025-11-18,0,610000,ОЭС СИБИРИ,25379,27111
2025-11-18 01:00,2025-11-18,1,610000,ОЭС СИБИРИ,25402,27292
2025-11-18 02:00,2025-11-18,2,610000,ОЭС СИБИРИ,26196,27974
2025-11-18 03:00,2025-11-18,3,610000,ОЭС СИБИРИ,27053,28783
2025-11-18 04:00,2025-11-18,4,610000,ОЭС СИБИРИ,27549,29068
2025-11-18 05:00,2025-11-18,5,610000,ОЭС СИБИРИ,28329,29636
2025-11-18 06:00,2025-11-18,6,610000,ОЭС СИБИРИ,28433,29885
2025-11-18 07:00,2025-11-18,7,610000,ОЭС СИБИРИ,28678,29736
2025-11-18 08:00,2025-11-18,8,610000,ОЭС СИБИРИ,28743,29364
2025-11-18 09:00,2025-11-18,9,610000,ОЭС СИБИРИ,29030,29549
2025-11-18 10:00,2025-11-18,10,610000,ОЭС СИБИРИ,29268,29408
2025-11-18 11:00,2025-11-18,11,610000,ОЭС СИБИРИ,28877,29309
2025-11-18 12:00,2025-11-18,12,610000,ОЭС СИБИРИ,29011,29467
2025-11-18 13:00,2025-11-18,13,610000,ОЭС СИБИРИ,29302,29627
2025-11-18 14:00,2025-11-18,14,610000,ОЭС СИБИРИ,29316,29841
2025-11-18 15:00,2025-11-18,15,610000,ОЭС СИБИРИ,29270,29915
2025-11-18 16:00,2025-11-18,16,610000,ОЭС СИБИРИ,28831,29104
2025-11-18 17:00,2025-11-18,17,610000,ОЭС СИБИРИ,29154,29338
2025-11-18 18:00,2025-11-18,18,610000,ОЭС СИБИРИ,29346,29308
2025-11-18 19:00,2025-11-18,19,610000,ОЭС СИБИРИ,28388,28488
2025-11-18 20:00,2025-11-18,20,610000,ОЭС СИБИРИ,27684,27877
2025-11-18 21:00,2025-11-18,21,610000,ОЭС СИБИРИ,27237,27410
2025-11-18 22:00,2025-11-18,22,610000,ОЭС СИБИРИ,26600,27308
2025-11-18 23:00,2025-11-18,23,610000,ОЭС СИБИРИ,25666,27073
2025-11-19 00:00,2025-11-19,0,610000,ОЭС СИБИРИ,24947,27209
2025-11-19 01:00,2025-11-19,1,610000,ОЭС СИБИРИ,25219,27228
2025-11-19 02:00,2025-11-19,2,610000,ОЭС СИБИРИ,26185,28018
2025-11-19 03:00,2025-11-19,3,610000,ОЭС СИБИРИ,26426,28905
2025-11-19 04:00,2025-11-19,4,610000,ОЭС СИБИРИ,27172,29051
2025-11-19 05:00,2025-11-19,5,610000,ОЭС СИБИРИ,27577,29305
2025-11-19 06:00,2025-11-19,6,610000,ОЭС СИБИРИ,27860,29680
2025-11-19 07:00,2025-11-19,7,610000,ОЭС СИБИРИ,28420,29574
2025-11-19 08:00,2025-11-19,8,610000,ОЭС СИБИРИ,28148,29463
2025-11-19 09:00,2025-11-19,9,610000,ОЭС СИБИРИ,28849,29684
2025-11-19 10:00,2025-11-19,10,610000,ОЭС СИБИРИ,28546,29408
2025-11-19 11:00,2025-11-19,11,610000,ОЭС СИБИРИ,28488,29322
2025-11-19 12:00,2025-11-19,12,610000,ОЭС СИБИРИ,28616,29333
2025-11-19 13:00,2025-11-19,13,610000,ОЭС СИБИРИ,29187,29770
2025-11-19 14:00,2025-11-19,14,610000,ОЭС СИБИРИ,29599,29946
2025-11-19 15:00,2025-11-19,15,610000,ОЭС СИБИРИ,29712,29949
2025-11-19 16:00,2025-11-19,16,610000,ОЭС СИБИРИ,29752,29684
2025-11-19 17:00,2025-11-19,17,610000,ОЭС СИБИРИ,29264,29472
2025-11-19 18:00,2025-11-19,18,610000,ОЭС СИБИРИ,28804,29105
2025-11-19 19:00,2025-11-19,19,610000,ОЭС СИБИРИ,28063,28472
2025-11-19 20:00,2025-11-19,20,610000,ОЭС СИБИРИ,27217,27767
2025-11-19 21:00,2025-11-19,21,610000,ОЭС СИБИРИ,26416,27376
2025-11-19 22:00,2025-11-19,22,610000,ОЭС СИБИРИ,26312,27194
2025-11-19 23:00,2025-11-19,23,610000,ОЭС СИБИРИ,25817,27058
2025-11-20 00:00,2025-11-20,0,610000,ОЭС СИБИРИ,25514,26994
2025-11-20 01:00,2025-11-20,1,610000,ОЭС СИБИРИ,25644,27330
2025-11-20 02:00,2025-11-20,2,610000,ОЭС СИБИРИ,25984,27922
2025-11-20 03:00,2025-11-20,3,610000,ОЭС СИБИРИ,26683,28552
2025-11-20 04:00,2025-11-20,4,610000,ОЭС СИБИРИ,27073,28882
2025-11-20 05:00,2025-11-20,5,610000,ОЭС СИБИРИ,27736,29206
2025-11-20 06:00,2025-11-20,6,610000,ОЭС СИБИРИ,28118,29502
2025-11-20 07:00,2025-11-20,7,610000,ОЭС СИБИРИ,27914,29230
2025-11-20 08:00,2025-11-20,8,610000,ОЭС СИБИРИ,27949,29034
2025-11-20 09:00,2025-11-20,9,610000,ОЭС СИБИРИ,28379,29327
2025-11-20 10:00,2025-11-20,10,610000,ОЭС СИБИРИ,28159,29146
2025-11-20 11:00,2025-11-20,11,610000,ОЭС СИБИРИ,28071,29071
2025-11-20 12:00,2025-11-20,12,610000,ОЭС СИБИРИ,27990,29078
2025-11-20 13:00,2025-11-20,13,610000,ОЭС СИБИРИ,28565,29312
2025-11-20 14:00,2025-11-20,14,610000,ОЭС СИБИРИ,29129,29728
2025-11-20 15:00,2025-11-20,15,610000,ОЭС СИБИРИ,28923,29670
2025-11-20 16:00,2025-11-20,16,610000,ОЭС СИБИРИ,28796,29399
2025-11-20 17:00,2025-11-20,17,610000,ОЭС СИБИРИ,28454,29204
2025-11-20 18:00,2025-11-20,18,610000,ОЭС СИБИРИ,28055,28771
2025-11-20 19:00,2025-11-20,19,610000,ОЭС СИБИРИ,26786,28006
2025-11-20 20:00,2025-11-20,20,610000,ОЭС СИБИРИ,26200,27604
2025-11-20 21:00,2025-11-20,21,610000,ОЭС СИБИРИ,25435,27071
2025-11-20 22:00,2025-11-20,22,610000,ОЭС СИБИРИ,25651,27089
2025-11-20 23:00,2025-11-20,23,610000,ОЭС СИБИРИ,24899,26759
2025-11-21 00:00,2025-11-21,0,610000,ОЭС СИБИРИ,24992,26739
2025-11-21 01:00,2025-11-21,1,610000,ОЭС СИБИРИ,25203,26932
2025-11-21 02:00,2025-11-21,2,610000,ОЭС СИБИРИ,25678,27472
2025-11-21 03:00,2025-11-21,3,610000,ОЭС СИБИРИ,26508,28390
2025-11-21 04:00,2025-11-21,4,610000,ОЭС СИБИРИ,27024,28632
2025-11-21 05:00,2025-11-21,5,610000,ОЭС СИБИРИ,27255,28966
2025-11-21 06:00,2025-11-21,6,610000,ОЭС СИБИРИ,27476,29099
2025-11-21 07:00,2025-11-21,7,610000,ОЭС СИБИРИ,27458,29083
2025-11-21 08:00,2025-11-21,8,610000,ОЭС СИБИРИ,27297,28624
2025-11-21 09:00,2025-11-21,9,610000,ОЭС СИБИРИ,28327,29150
2025-11-21 10:00,2025-11-21,10,610000,ОЭС СИБИРИ,28562,28978
2025-11-21 11:00,2025-11-21,11,610000,ОЭС СИБИРИ,28280,28783
2025-11-21 12:00,2025-11-21,12,610000,ОЭС СИБИРИ,28261,28795
2025-11-21 13:00,2025-11-21,13,610000,ОЭС СИБИРИ,28575,29229
2025-11-21 14:00,2025-11-21,14,610000,ОЭС СИБИРИ,28774,29539
2025-11-21 15:00,2025-11-21,15,610000,ОЭС СИБИРИ,28917,29550
2025-11-21 16:00,2025-11-21,16,610000,ОЭС СИБИРИ,28448,29038
2025-11-21 17:00,2025-11-21,17,610000,ОЭС СИБИРИ,28173,28793
2025-11-21 18:00,2025-11-21,18,610000,ОЭС СИБИРИ,28120,28649
2025-11-21 19:00,2025-11-21,19,610000,ОЭС СИБИРИ,27473,28055
2025-11-21 20:00,2025-11-21,20,610000,ОЭС СИБИРИ,26710,27537
2025-11-21 21:00,2025-11-21,21,610000,ОЭС СИБИРИ,25849,26870
2025-11-21 22:00,2025-11-21,22,610000,ОЭС СИБИРИ,25971,26790
2025-11-21 23:00,2025-11-21,23,610000,ОЭС СИБИРИ,25009,26696
2025-11-22 00:00,2025-11-22,0,610000,ОЭС СИБИРИ,25040,26661
2025-11-22 01:00,2025-11-22,1,610000,ОЭС СИБИРИ,25154,26783
2025-11-22 02:00,2025-11-22,2,610000,ОЭС СИБИРИ,25610,27131
2025-11-22 03:00,2025-11-22,3,610000,ОЭС СИБИРИ,25142,27441
2025-11-22 04:00,2025-11-22,4,610000,ОЭС СИБИРИ,26295,28188
2025-11-22 05:00,2025-11-22,5,610000,ОЭС СИБИРИ,26812,28673
2025-11-22 06:00,2025-11-22,6,610000,ОЭС СИБИРИ,27962,29468
2025-11-22 07:00,2025-11-22,7,610000,ОЭС СИБИРИ,28213,29836
2025-11-22 08:00,2025-11-22,8,610000,ОЭС СИБИРИ,28026,29659
2025-11-22 09:00,2025-11-22,9,610000,ОЭС СИБИРИ,28963,29646
2025-11-22 10:00,2025-11-22,10,610000,ОЭС СИБИРИ,28457,29450
2025-11-22 11:00,2025-11-22,11,610000,ОЭС СИБИРИ,28632,29663
2025-11-22 12:00,2025-11-22,12,610000,ОЭС СИБИРИ,28413,29579
2025-11-22 13:00,2025-11-22,13,610000,ОЭС СИБИРИ,28789,30057
2025-11-22 14:00,2025-11-22,14,610000,ОЭС СИБИРИ,28797,30081
2025-11-22 15:00,2025-11-22,15,610000,ОЭС СИБИРИ,28704,30036
2025-11-22 16:00,2025-11-22,16,610000,ОЭС СИБИРИ,28464,29558
2025-11-22 17:00,2025-11-22,17,610000,ОЭС СИБИРИ,28364,29414
2025-11-22 18:00,2025-11-22,18,610000,ОЭС СИБИРИ,27585,28917
2025-11-22 19:00,2025-11-22,19,610000,ОЭС СИБИРИ,27130,28526
2025-11-22 20:00,2025-11-22,20,610000,ОЭС СИБИРИ,26677,27924
2025-11-22 21:00,2025-11-22,21,610000,ОЭС СИБИРИ,26116,27657
2025-11-22 22:00,2025-11-22,22,610000,ОЭС СИБИРИ,25671,27350
2025-11-22 23:00,2025-11-22,23,610000,ОЭС СИБИРИ,25803,27257
2025-11-23 00:00,2025-11-23,0,610000,ОЭС СИБИРИ,25419,27088
2025-11-23 01:00,2025-11-23,1,610000,ОЭС СИБИРИ,25313,27195
2025-11-23 02:00,2025-11-23,2,610000,ОЭС СИБИРИ,24315,26778
2025-11-23 03:00,2025-11-23,3,610000,ОЭС СИБИРИ,26133,27867
2025-11-23 04:00,2025-11-23,4,610000,ОЭС СИБИРИ,26496,28228
2025-11-23 05:00,2025-11-23,5,610000,ОЭС СИБИРИ,26875,28914
2025-11-23 06:00,2025-11-23,6,610000,ОЭС СИБИРИ,27399,29313
2025-11-23 07:00,2025-11-23,7,610000,ОЭС СИБИРИ,27825,29714
2025-11-23 08:00,2025-11-23,8,610000,ОЭС СИБИРИ,28097,29800
2025-11-23 09:00,2025-11-23,9,610000,ОЭС СИБИРИ,28264,29802
2025-11-23 10:00,2025-11-23,10,610000,ОЭС СИБИРИ,28523,29945
2025-11-23 11:00,2025-11-23,11,610000,ОЭС СИБИРИ,28598,30047
2025-11-23 12:00,2025-11-23,12,610000,ОЭС СИБИРИ,28557,29959
2025-11-23 13:00,2025-11-23,13,610000,ОЭС СИБИРИ,28763,30498
2025-11-23 14:00,2025-11-23,14,610000,ОЭС СИБИРИ,29223,30604
2025-11-23 15:00,2025-11-23,15,610000,ОЭС СИБИРИ,28974,30437
2025-11-23 16:00,2025-11-23,16,610000,ОЭС СИБИРИ,28918,30027
2025-11-23 17:00,2025-11-23,17,610000,ОЭС СИБИРИ,28278,29739
2025-11-23 18:00,2025-11-23,18,610000,ОЭС СИБИРИ,27506,29300
2025-11-23 19:00,2025-11-23,19,610000,ОЭС СИБИРИ,26939,28595
2025-11-23 20:00,2025-11-23,20,610000,ОЭС СИБИРИ,26073,28147
2025-11-23 21:00,2025-11-23,21,610000,ОЭС СИБИРИ,25909,27776
2025-11-23 22:00,2025-11-23,22,610000,ОЭС СИБИРИ,25505,27704
2025-11-23 23:00,2025-11-23,23,610000,ОЭС СИБИРИ,25577,27585
2025-11-24 00:00,2025-11-24,0,610000,ОЭС СИБИРИ,25456,27366
2025-11-24 01:00,2025-11-24,1,610000,ОЭС СИБИРИ,25396,27537
2025-11-24 02:00,2025-11-24,2,610000,ОЭС СИБИРИ,25978,28148
2025-11-24 03:00,2025-11-24,3,610000,ОЭС СИБИРИ,27171,29038
2025-11-24 04:00,2025-11-24,4,610000,ОЭС СИБИРИ,27362,29202
2025-11-24 05:00,2025-11-24,5,610000,ОЭС СИБИРИ,28059,29705
2025-11-24 06:00,2025-11-24,6,610000,ОЭС СИБИРИ,27924,29781
2025-11-24 07:00,2025-11-24,7,610000,ОЭС СИБИРИ,27719,29766
2025-11-24 08:00,2025-11-24,8,610000,ОЭС СИБИРИ,27685,29739
2025-11-24 09:00,2025-11-24,9,610000,ОЭС СИБИРИ,28311,29979
2025-11-24 10:00,2025-11-24,10,610000,ОЭС СИБИРИ,28475,29889
2025-11-24 11:00,2025-11-24,11,610000,ОЭС СИБИРИ,28273,29569
2025-11-24 12:00,2025-11-24,12,610000,ОЭС СИБИРИ,28563,29901
2025-11-24 13:00,2025-11-24,13,610000,ОЭС СИБИРИ,28552,30148
2025-11-24 14:00,2025-11-24,14,610000,ОЭС СИБИРИ,28782,30242
2025-11-24 15:00,2025-11-24,15,610000,ОЭС СИБИРИ,28597,30102
2025-11-24 16:00,2025-11-24,16,610000,ОЭС СИБИРИ,28293,29735
2025-11-24 17:00,2025-11-24,17,610000,ОЭС СИБИРИ,28119,29492
2025-11-24 18:00,2025-11-24,18,610000,ОЭС СИБИРИ,27803,29250
2025-11-24 19:00,2025-11-24,19,610000,ОЭС СИБИРИ,26926,28560
2025-11-24 20:00,2025-11-24,20,610000,ОЭС СИБИРИ,26256,27957
2025-11-24 21:00,2025-11-24,21,610000,ОЭС СИБИРИ,25830,27470
2025-11-24 22:00,2025-11-24,22,610000,ОЭС СИБИРИ,25699,27356
2025-11-24 23:00,2025-11-24,23,610000,ОЭС СИБИРИ,25352,27050
2025-11-25 00:00,2025-11-25,0,610000,ОЭС СИБИРИ,25468,27100
2025-11-25 01:00,2025-11-25,1,610000,ОЭС СИБИРИ,25472,27587
2025-11-25 02:00,2025-11-25,2,610000,ОЭС СИБИРИ,26261,28202
2025-11-25 03:00,2025-11-25,3,610000,ОЭС СИБИРИ,27153,29117
2025-11-25 04:00,2025-11-25,4,610000,ОЭС СИБИРИ,27350,29281
2025-11-25 05:00,2025-11-25,5,610000,ОЭС СИБИРИ,28174,29659
2025-11-25 06:00,2025-11-25,6,610000,ОЭС СИБИРИ,27813,29938
2025-11-25 07:00,2025-11-25,7,610000,ОЭС СИБИРИ,27413,29827
2025-11-25 08:00,2025-11-25,8,610000,ОЭС СИБИРИ,27261,29682
2025-11-25 09:00,2025-11-25,9,610000,ОЭС СИБИРИ,27444,29957
2025-11-25 10:00,2025-11-25,10,610000,ОЭС СИБИРИ,28284,29754
2025-11-25 11:00,2025-11-25,11,610000,ОЭС СИБИРИ,28121,29792
2025-11-25 12:00,2025-11-25,12,610000,ОЭС СИБИРИ,28450,29982
2025-11-25 13:00,2025-11-25,13,610000,ОЭС СИБИРИ,28417,30295
2025-11-25 14:00,2025-11-25,14,610000,ОЭС СИБИРИ,28844,30540
2025-11-25 15:00,2025-11-25,15,610000,ОЭС СИБИРИ,28726,30385
2025-11-25 16:00,2025-11-25,16,610000,ОЭС СИБИРИ,28151,29967
2025-11-25 17:00,2025-11-25,17,610000,ОЭС СИБИРИ,27712,29736
2025-11-25 18:00,2025-11-25,18,610000,ОЭС СИБИРИ,27862,29440
2025-11-25 19:00,2025-11-25,19,610000,ОЭС СИБИРИ,27200,28885
2025-11-25 20:00,2025-11-25,20,610000,ОЭС СИБИРИ,26314,28129
2025-11-25 21:00,2025-11-25,21,610000,ОЭС СИБИРИ,25741,27684
2025-11-25 22:00,2025-11-25,22,610000,ОЭС СИБИРИ,25717,27539
2025-11-25 23:00,2025-11-25,23,610000,ОЭС СИБИРИ,25787,27417
2025-11-26 00:00,2025-11-26,0,610000,ОЭС СИБИРИ,25321,27415
2025-11-26 01:00,2025-11-26,1,610000,ОЭС СИБИРИ,25441,27767
2025-11-26 02:00,2025-11-26,2,610000,ОЭС СИБИРИ,26124,28415
2025-11-26 03:00,2025-11-26,3,610000,ОЭС СИБИРИ,27331,29198
2025-11-26 04:00,2025-11-26,4,610000,ОЭС СИБИРИ,27429,29646
2025-11-26 05:00,2025-11-26,5,610000,ОЭС СИБИРИ,27974,30057
2025-11-26 06:00,2025-11-26,6,610000,ОЭС СИБИРИ,27758,30041
2025-11-26 07:00,2025-11-26,7,610000,ОЭС СИБИРИ,27640,30086
2025-11-26 08:00,2025-11-26,8,610000,ОЭС СИБИРИ,27962,30028
2025-11-26 09:00,2025-11-26,9,610000,ОЭС СИБИРИ,28248,30171
2025-11-26 10:00,2025-11-26,10,610000,ОЭС СИБИРИ,27833,29899
2025-11-26 11:00,2025-11-26,11,610000,ОЭС СИБИРИ,28516,29908
2025-11-26 12:00,2025-11-26,12,610000,ОЭС СИБИРИ,28649,29999
2025-11-26 13:00,2025-11-26,13,610000,ОЭС СИБИРИ,28758,30296
2025-11-26 14:00,2025-11-26,14,610000,ОЭС СИБИРИ,29059,30498
2025-11-26 15:00,2025-11-26,15,610000,ОЭС СИБИРИ,29073,30319
2025-11-26 16:00,2025-11-26,16,610000,ОЭС СИБИРИ,28293,29722
2025-11-26 17:00,2025-11-26,17,610000,ОЭС СИБИРИ,28150,29459
2025-11-26 18:00,2025-11-26,18,610000,ОЭС СИБИРИ,27818,29504
2025-11-26 19:00,2025-11-26,19,610000,ОЭС СИБИРИ,26763,28724
2025-11-26 20:00,2025-11-26,20,610000,ОЭС СИБИРИ,26603,28158
2025-11-26 21:00,2025-11-26,21,610000,ОЭС СИБИРИ,26338,27678
2025-11-26 22:00,2025-11-26,22,610000,ОЭС СИБИРИ,26065,27735
2025-11-26 23:00,2025-11-26,23,610000,ОЭС СИБИРИ,25672,27394
2025-11-27 00:00,2025-11-27,0,610000,ОЭС СИБИРИ,25553,27456
2025-11-27 01:00,2025-11-27,1,610000,ОЭС СИБИРИ,25672,27680
2025-11-27 02:00,2025-11-27,2,610000,ОЭС СИБИРИ,26410,28225
2025-11-27 03:00,2025-11-27,3,610000,ОЭС СИБИРИ,27291,29102
2025-11-27 04:00,2025-11-27,4,610000,ОЭС СИБИРИ,27553,29328
2025-11-27 05:00,2025-11-27,5,610000,ОЭС СИБИРИ,28117,29732
2025-11-27 06:00,2025-11-27,6,610000,ОЭС СИБИРИ,28142,29802
2025-11-27 07:00,2025-11-27,7,610000,ОЭС СИБИРИ,28128,29825
2025-11-27 08:00,2025-11-27,8,610000,ОЭС СИБИРИ,27863,29734
2025-11-27 09:00,2025-11-27,9,610000,ОЭС СИБИРИ,28271,30035
2025-11-27 10:00,2025-11-27,10,610000,ОЭС СИБИРИ,28427,29979
2025-11-27 11:00,2025-11-27,11,610000,ОЭС СИБИРИ,28244,29799
2025-11-27 12:00,2025-11-27,12,610000,ОЭС СИБИРИ,28367,30007
2025-11-27 13:00,2025-11-27,13,610000,ОЭС СИБИРИ,28494,30004
2025-11-27 14:00,2025-11-27,14,610000,ОЭС СИБИРИ,29035,30188
2025-11-27 15:00,2025-11-27,15,610000,ОЭС СИБИРИ,28919,29990
2025-11-27 16:00,2025-11-27,16,610000,ОЭС СИБИРИ,28892,29824
2025-11-27 17:00,2025-11-27,17,610000,ОЭС СИБИРИ,28372,29541
2025-11-27 18:00,2025-11-27,18,610000,ОЭС СИБИРИ,28026,29391
2025-11-27 19:00,2025-11-27,19,610000,ОЭС СИБИРИ,26941,28773
2025-11-27 20:00,2025-11-27,20,610000,ОЭС СИБИРИ,26792,27997
2025-11-27 21:00,2025-11-27,21,610000,ОЭС СИБИРИ,26226,27623
2025-11-27 22:00,2025-11-27,22,610000,ОЭС СИБИРИ,25817,27534
2025-11-27 23:00,2025-11-27,23,610000,ОЭС СИБИРИ,26164,27377
2025-11-28 00:00,2025-11-28,0,610000,ОЭС СИБИРИ,25920,27354
2025-11-28 01:00,2025-11-28,1,610000,ОЭС СИБИРИ,26084,27711
2025-11-28 02:00,2025-11-28,2,610000,ОЭС СИБИРИ,26623,28193
2025-11-28 03:00,2025-11-28,3,610000,ОЭС СИБИРИ,27304,29008
2025-11-28 04:00,2025-11-28,4,610000,ОЭС СИБИРИ,27607,29358
2025-11-28 05:00,2025-11-28,5,610000,ОЭС СИБИРИ,27986,29862
2025-11-28 06:00,2025-11-28,6,610000,ОЭС СИБИРИ,28370,30132
2025-11-28 07:00,2025-11-28,7,610000,ОЭС СИБИРИ,28257,30274
2025-11-28 08:00,2025-11-28,8,610000,ОЭС СИБИРИ,28636,30235
2025-11-28 09:00,2025-11-28,9,610000,ОЭС СИБИРИ,28474,30194
2025-11-28 10:00,2025-11-28,10,610000,ОЭС СИБИРИ,28448,30210
2025-11-28 11:00,2025-11-28,11,610000,ОЭС СИБИРИ,28518,30118
2025-11-28 12:00,2025-11-28,12,610000,ОЭС СИБИРИ,28890,30203
2025-11-28 13:00,2025-11-28,13,610000,ОЭС СИБИРИ,29047,30415
2025-11-28 14:00,2025-11-28,14,610000,ОЭС СИБИРИ,29257,30553
2025-11-28 15:00,2025-11-28,15,610000,ОЭС СИБИРИ,28774,30378
2025-11-28 16:00,2025-11-28,16,610000,ОЭС СИБИРИ,28458,30145
2025-11-28 17:00,2025-11-28,17,610000,ОЭС СИБИРИ,27611,29673
2025-11-28 18:00,2025-11-28,18,610000,ОЭС СИБИРИ,27770,29803
2025-11-28 19:00,2025-11-28,19,610000,ОЭС СИБИРИ,27494,29350
2025-11-28 20:00,2025-11-28,20,610000,ОЭС СИБИРИ,26682,28553
2025-11-28 21:00,2025-11-28,21,610000,ОЭС СИБИРИ,25738,28335
2025-11-28 22:00,2025-11-28,22,610000,ОЭС СИБИРИ,26108,27967
2025-11-28 23:00,2025-11-28,23,610000,ОЭС СИБИРИ,25566,27991
2025-11-29 00:00,2025-11-29,0,610000,ОЭС СИБИРИ,25697,27818
2025-11-29 01:00,2025-11-29,1,610000,ОЭС СИБИРИ,26363,28045
2025-11-29 02:00,2025-11-29,2,610000,ОЭС СИБИРИ,25895,28322
2025-11-29 03:00,2025-11-29,3,610000,ОЭС СИБИРИ,26601,29022
2025-11-29 04:00,2025-11-29,4,610000,ОЭС СИБИРИ,26999,29556
2025-11-29 05:00,2025-11-29,5,610000,ОЭС СИБИРИ,27790,30316
2025-11-29 06:00,2025-11-29,6,610000,ОЭС СИБИРИ,28662,31042
2025-11-29 07:00,2025-11-29,7,610000,ОЭС СИБИРИ,29095,31195
2025-11-29 08:00,2025-11-29,8,610000,ОЭС СИБИРИ,29323,31292
2025-11-29 09:00,2025-11-29,9,610000,ОЭС СИБИРИ,29147,30848
2025-11-29 10:00,2025-11-29,10,610000,ОЭС СИБИРИ,29657,30977
2025-11-29 11:00,2025-11-29,11,610000,ОЭС СИБИРИ,29688,31042
2025-11-29 12:00,2025-11-29,12,610000,ОЭС СИБИРИ,29574,31172
2025-11-29 13:00,2025-11-29,13,610000,ОЭС СИБИРИ,30107,31721
2025-11-29 14:00,2025-11-29,14,610000,ОЭС СИБИРИ,29914,31671
2025-11-29 15:00,2025-11-29,15,610000,ОЭС СИБИРИ,29711,31277
2025-11-29 16:00,2025-11-29,16,610000,ОЭС СИБИРИ,29368,31044
2025-11-29 17:00,2025-11-29,17,610000,ОЭС СИБИРИ,28926,30769
2025-11-29 18:00,2025-11-29,18,610000,ОЭС СИБИРИ,28101,30454
2025-11-29 19:00,2025-11-29,19,610000,ОЭС СИБИРИ,27620,29750
2025-11-29 20:00,2025-11-29,20,610000,ОЭС СИБИРИ,27029,29177
2025-11-29 21:00,2025-11-29,21,610000,ОЭС СИБИРИ,26959,28799
2025-11-29 22:00,2025-11-29,22,610000,ОЭС СИБИРИ,26434,28737
2025-11-29 23:00,2025-11-29,23,610000,ОЭС СИБИРИ,26543,28461
2025-11-30 00:00,2025-11-30,0,610000,ОЭС СИБИРИ,26461,28437
2025-11-30 01:00,2025-11-30,1,610000,ОЭС СИБИРИ,26678,28679
2025-11-30 02:00,2025-11-30,2,610000,ОЭС СИБИРИ,26907,28928
2025-11-30 03:00,2025-11-30,3,610000,ОЭС СИБИРИ,27115,29313
2025-11-30 04:00,2025-11-30,4,610000,ОЭС СИБИРИ,27436,29644
2025-11-30 05:00,2025-11-30,5,610000,ОЭС СИБИРИ,28466,30560
2025-11-30 06:00,2025-11-30,6,610000,ОЭС СИБИРИ,29025,31209
2025-11-30 07:00,2025-11-30,7,610000,ОЭС СИБИРИ,29992,31630
2025-11-30 08:00,2025-11-30,8,610000,ОЭС СИБИРИ,29662,31413
2025-11-30 09:00,2025-11-30,9,610000,ОЭС СИБИРИ,29592,31395
2025-11-30 10:00,2025-11-30,10,610000,ОЭС СИБИРИ,29460,31202
2025-11-30 11:00,2025-11-30,11,610000,ОЭС СИБИРИ,29843,31279
2025-11-30 12:00,2025-11-30,12,610000,ОЭС СИБИРИ,30069,31419
2025-11-30 13:00,2025-11-30,13,610000,ОЭС СИБИРИ,30333,31615
2025-11-30 14:00,2025-11-30,14,610000,ОЭС СИБИРИ,30612,32065
2025-11-30 15:00,2025-11-30,15,610000,ОЭС СИБИРИ,30594,32011
2025-11-30 16:00,2025-11-30,16,610000,ОЭС СИБИРИ,30471,31667
2025-11-30 17:00,2025-11-30,17,610000,ОЭС СИБИРИ,30256,31260
2025-11-30 18:00,2025-11-30,18,610000,ОЭС СИБИРИ,29300,30734
2025-11-30 19:00,2025-11-30,19,610000,ОЭС СИБИРИ,28542,30096
2025-11-30 20:00,2025-11-30,20,610000,ОЭС СИБИРИ,27545,29407
2025-11-30 21:00,2025-11-30,21,610000,ОЭС СИБИРИ,27424,29030
2025-11-30 22:00,2025-11-30,22,610000,ОЭС СИБИРИ,26781,28898
2025-11-30 23:00,2025-11-30,23,610000,ОЭС СИБИРИ,26688,28798
2025-12-01 00:00,2025-12-01,0,610000,ОЭС СИБИРИ,26723,28831
2025-12-01 01:00,2025-12-01,1,610000,ОЭС СИБИРИ,27118,29023
2025-12-01 02:00,2025-12-01,2,610000,ОЭС СИБИРИ,27966,29891
2025-12-01 03:00,2025-12-01,3,610000,ОЭС СИБИРИ,28854,30596
2025-12-01 04:00,2025-12-01,4,610000,ОЭС СИБИРИ,29444,31071
2025-12-01 05:00,2025-12-01,5,610000,ОЭС СИБИРИ,29961,31688
2025-12-01 06:00,2025-12-01,6,610000,ОЭС СИБИРИ,30352,31931
2025-12-01 07:00,2025-12-01,7,610000,ОЭС СИБИРИ,30161,31911
2025-12-01 08:00,2025-12-01,8,610000,ОЭС СИБИРИ,29952,31708
2025-12-01 09:00,2025-12-01,9,610000,ОЭС СИБИРИ,30065,31903
2025-12-01 10:00,2025-12-01,10,610000,ОЭС СИБИРИ,29923,31426
2025-12-01 11:00,2025-12-01,11,610000,ОЭС СИБИРИ,30343,31474
2025-12-01 12:00,2025-12-01,12,610000,ОЭС СИБИРИ,30600,31576
2025-12-01 13:00,2025-12-01,13,610000,ОЭС СИБИРИ,30931,31801
2025-12-01 14:00,2025-12-01,14,610000,ОЭС СИБИРИ,30780,31947
2025-12-01 15:00,2025-12-01,15,610000,ОЭС СИБИРИ,30547,31627
2025-12-01 16:00,2025-12-01,16,610000,ОЭС СИБИРИ,30023,31151
2025-12-01 17:00,2025-12-01,17,610000,ОЭС СИБИРИ,29661,31007
2025-12-01 18:00,2025-12-01,18,610000,ОЭС СИБИРИ,29190,30914
2025-12-01 19:00,2025-12-01,19,610000,ОЭС СИБИРИ,28391,30208
2025-12-01 20:00,2025-12-01,20,610000,ОЭС СИБИРИ,27576,29391
2025-12-01 21:00,2025-12-01,21,610000,ОЭС СИБИРИ,27980,29054
2025-12-01 22:00,2025-12-01,22,610000,ОЭС СИБИРИ,27777,28921
2025-12-01 23:00,2025-12-01,23,610000,ОЭС СИБИРИ,27964,28858
2025-12-02 00:00,2025-12-02,0,610000,ОЭС СИБИРИ,27725,28855
2025-12-02 01:00,2025-12-02,1,610000,ОЭС СИБИРИ,28007,28883
2025-12-02 02:00,2025-12-02,2,610000,ОЭС СИБИРИ,28160,29411
2025-12-02 03:00,2025-12-02,3,610000,ОЭС СИБИРИ,29083,30535
2025-12-02 04:00,2025-12-02,4,610000,ОЭС СИБИРИ,29025,30683
2025-12-02 05:00,2025-12-02,5,610000,ОЭС СИБИРИ,29536,31188
2025-12-02 06:00,2025-12-02,6,610000,ОЭС СИБИРИ,29678,31344
2025-12-02 07:00,2025-12-02,7,610000,ОЭС СИБИРИ,30121,31072
2025-12-02 08:00,2025-12-02,8,610000,ОЭС СИБИРИ,30081,31226
2025-12-02 09:00,2025-12-02,9,610000,ОЭС СИБИРИ,30450,31124
2025-12-02 10:00,2025-12-02,10,610000,ОЭС СИБИРИ,29871,30987
2025-12-02 11:00,2025-12-02,11,610000,ОЭС СИБИРИ,29610,30861
2025-12-02 12:00,2025-12-02,12,610000,ОЭС СИБИРИ,29713,31140
2025-12-02 13:00,2025-12-02,13,610000,ОЭС СИБИРИ,30024,31344
2025-12-02 14:00,2025-12-02,14,610000,ОЭС СИБИРИ,30217,31370
2025-12-02 15:00,2025-12-02,15,610000,ОЭС СИБИРИ,30264,31305
2025-12-02 16:00,2025-12-02,16,610000,ОЭС СИБИРИ,29924,30966
2025-12-02 17:00,2025-12-02,17,610000,ОЭС СИБИРИ,29627,30673
2025-12-02 18:00,2025-12-02,18,610000,ОЭС СИБИРИ,28874,30333
2025-12-02 19:00,2025-12-02,19,610000,ОЭС СИБИРИ,28644,29879
2025-12-02 20:00,2025-12-02,20,610000,ОЭС СИБИРИ,28051,29034
2025-12-02 21:00,2025-12-02,21,610000,ОЭС СИБИРИ,27817,28630
2025-12-02 22:00,2025-12-02,22,610000,ОЭС СИБИРИ,27473,28443
2025-12-02 23:00,2025-12-02,23,610000,ОЭС СИБИРИ,27468,28472
2025-12-03 00:00,2025-12-03,0,610000,ОЭС СИБИРИ,27233,28329
2025-12-03 01:00,2025-12-03,1,610000,ОЭС СИБИРИ,27521,28574
2025-12-03 02:00,2025-12-03,2,610000,ОЭС СИБИРИ,27634,29127
2025-12-03 03:00,2025-12-03,3,610000,ОЭС СИБИРИ,28492,29974
2025-12-03 04:00,2025-12-03,4,610000,ОЭС СИБИРИ,28673,30132
2025-12-03 05:00,2025-12-03,5,610000,ОЭС СИБИРИ,29246,30513
2025-12-03 06:00,2025-12-03,6,610000,ОЭС СИБИРИ,29432,30999
2025-12-03 07:00,2025-12-03,7,610000,ОЭС СИБИРИ,29362,30792
2025-12-03 08:00,2025-12-03,8,610000,ОЭС СИБИРИ,29371,30730
2025-12-03 09:00,2025-12-03,9,610000,ОЭС СИБИРИ,29832,30948
2025-12-03 10:00,2025-12-03,10,610000,ОЭС СИБИРИ,29931,30712
2025-12-03 11:00,2025-12-03,11,610000,ОЭС СИБИРИ,29673,30541
2025-12-03 12:00,2025-12-03,12,610000,ОЭС СИБИРИ,29739,30669
2025-12-03 13:00,2025-12-03,13,610000,ОЭС СИБИРИ,30207,30885
2025-12-03 14:00,2025-12-03,14,610000,ОЭС СИБИРИ,30096,31103
2025-12-03 15:00,2025-12-03,15,610000,ОЭС СИБИРИ,29768,30929
2025-12-03 16:00,2025-12-03,16,610000,ОЭС СИБИРИ,29615,30517
2025-12-03 17:00,2025-12-03,17,610000,ОЭС СИБИРИ,29639,30266
2025-12-03 18:00,2025-12-03,18,610000,ОЭС СИБИРИ,29252,30255
2025-12-03 19:00,2025-12-03,19,610000,ОЭС СИБИРИ,28486,29420
2025-12-03 20:00,2025-12-03,20,610000,ОЭС СИБИРИ,27718,28761
2025-12-03 21:00,2025-12-03,21,610000,ОЭС СИБИРИ,27179,28150
2025-12-03 22:00,2025-12-03,22,610000,ОЭС СИБИРИ,27216,28059
2025-12-03 23:00,2025-12-03,23,610000,ОЭС СИБИРИ,27273,28237
2025-12-04 00:00,2025-12-04,0,610000,ОЭС СИБИРИ,27240,28189
2025-12-04 01:00,2025-12-04,1,610000,ОЭС СИБИРИ,27413,28322
2025-12-04 02:00,2025-12-04,2,610000,ОЭС СИБИРИ,27951,28993
2025-12-04 03:00,2025-12-04,3,610000,ОЭС СИБИРИ,28306,29947
2025-12-04 04:00,2025-12-04,4,610000,ОЭС СИБИРИ,28232,30254
2025-12-04 05:00,2025-12-04,5,610000,ОЭС СИБИРИ,29091,30709
2025-12-04 06:00,2025-12-04,6,610000,ОЭС СИБИРИ,29117,30715
2025-12-04 07:00,2025-12-04,7,610000,ОЭС СИБИРИ,29853,30718
2025-12-04 08:00,2025-12-04,8,610000,ОЭС СИБИРИ,29806,30639
2025-12-04 09:00,2025-12-04,9,610000,ОЭС СИБИРИ,30274,30846
2025-12-04 10:00,2025-12-04,10,610000,ОЭС СИБИРИ,29910,30677
2025-12-04 11:00,2025-12-04,11,610000,ОЭС СИБИРИ,29755,30464
2025-12-04 12:00,2025-12-04,12,610000,ОЭС СИБИРИ,30357,30651
2025-12-04 13:00,2025-12-04,13,610000,ОЭС СИБИРИ,30618,31015
2025-12-04 14:00,2025-12-04,14,610000,ОЭС СИБИРИ,30063,30938
2025-12-04 15:00,2025-12-04,15,610000,ОЭС СИБИРИ,30240,30984
2025-12-04 16:00,2025-12-04,16,610000,ОЭС СИБИРИ,29771,30588
2025-12-04 17:00,2025-12-04,17,610000,ОЭС СИБИРИ,29611,30261
2025-12-04 18:00,2025-12-04,18,610000,ОЭС СИБИРИ,29256,30032
2025-12-04 19:00,2025-12-04,19,610000,ОЭС СИБИРИ,27864,29406
2025-12-04 20:00,2025-12-04,20,610000,ОЭС СИБИРИ,27015,28755
2025-12-04 21:00,2025-12-04,21,610000,ОЭС СИБИРИ,27010,28209
2025-12-04 22:00,2025-12-04,22,610000,ОЭС СИБИРИ,26872,28204
2025-12-04 23:00,2025-12-04,23,610000,ОЭС СИБИРИ,26767,28113
2025-12-05 00:00,2025-12-05,0,610000,ОЭС СИБИРИ,26663,28253
2025-12-05 01:00,2025-12-05,1,610000,ОЭС СИБИРИ,26746,28271
2025-12-05 02:00,2025-12-05,2,610000,ОЭС СИБИРИ,27134,28756
2025-12-05 03:00,2025-12-05,3,610000,ОЭС СИБИРИ,28118,29660
2025-12-05 04:00,2025-12-05,4,610000,ОЭС СИБИРИ,28110,29821
2025-12-05 05:00,2025-12-05,5,610000,ОЭС СИБИРИ,28550,30276
2025-12-05 06:00,2025-12-05,6,610000,ОЭС СИБИРИ,29196,30491
2025-12-05 07:00,2025-12-05,7,610000,ОЭС СИБИРИ,29123,30373
2025-12-05 08:00,2025-12-05,8,610000,ОЭС СИБИРИ,29333,30200
2025-12-05 09:00,2025-12-05,9,610000,ОЭС СИБИРИ,29846,30350
2025-12-05 10:00,2025-12-05,10,610000,ОЭС СИБИРИ,29843,30212
2025-12-05 11:00,2025-12-05,11,610000,ОЭС СИБИРИ,29464,30141
2025-12-05 12:00,2025-12-05,12,610000,ОЭС СИБИРИ,30080,30556
2025-12-05 13:00,2025-12-05,13,610000,ОЭС СИБИРИ,30250,30579
2025-12-05 14:00,2025-12-05,14,610000,ОЭС СИБИРИ,30020,30667
2025-12-05 15:00,2025-12-05,15,610000,ОЭС СИБИРИ,29355,30475
2025-12-05 16:00,2025-12-05,16,610000,ОЭС СИБИРИ,29293,30117
2025-12-05 17:00,2025-12-05,17,610000,ОЭС СИБИРИ,29035,30025
2025-12-05 18:00,2025-12-05,18,610000,ОЭС СИБИРИ,28859,30119
2025-12-05 19:00,2025-12-05,19,610000,ОЭС СИБИРИ,28490,29362
2025-12-05 20:00,2025-12-05,20,610000,ОЭС СИБИРИ,27842,28693
2025-12-05 21:00,2025-12-05,21,610000,ОЭС СИБИРИ,27404,28406
2025-12-05 22:00,2025-12-05,22,610000,ОЭС СИБИРИ,27279,28382
2025-12-05 23:00,2025-12-05,23,610000,ОЭС СИБИРИ,27111,28146
2025-12-06 00:00,2025-12-06,0,610000,ОЭС СИБИРИ,27184,28164
2025-12-06 01:00,2025-12-06,1,610000,ОЭС СИБИРИ,27362,28320
2025-12-06 02:00,2025-12-06,2,610000,ОЭС СИБИРИ,27520,28555
2025-12-06 03:00,2025-12-06,3,610000,ОЭС СИБИРИ,26811,28336
2025-12-06 04:00,2025-12-06,4,610000,ОЭС СИБИРИ,27844,29658
2025-12-06 05:00,2025-12-06,5,610000,ОЭС СИБИРИ,28649,30533
2025-12-06 06:00,2025-12-06,6,610000,ОЭС СИБИРИ,29362,31230
2025-12-06 07:00,2025-12-06,7,610000,ОЭС СИБИРИ,29098,31262
2025-12-06 08:00,2025-12-06,8,610000,ОЭС СИБИРИ,29125,31083
2025-12-06 09:00,2025-12-06,9,610000,ОЭС СИБИРИ,29516,30963
2025-12-06 10:00,2025-12-06,10,610000,ОЭС СИБИРИ,29769,30988
2025-12-06 11:00,2025-12-06,11,610000,ОЭС СИБИРИ,29853,30906
2025-12-06 12:00,2025-12-06,12,610000,ОЭС СИБИРИ,30061,31075
2025-12-06 13:00,2025-12-06,13,610000,ОЭС СИБИРИ,30422,31445
2025-12-06 14:00,2025-12-06,14,610000,ОЭС СИБИРИ,30457,31607
2025-12-06 15:00,2025-12-06,15,610000,ОЭС СИБИРИ,29953,31295
2025-12-06 16:00,2025-12-06,16,610000,ОЭС СИБИРИ,29461,30923
2025-12-06 17:00,2025-12-06,17,610000,ОЭС СИБИРИ,29325,30691
2025-12-06 18:00,2025-12-06,18,610000,ОЭС СИБИРИ,28413,30175
2025-12-06 19:00,2025-12-06,19,610000,ОЭС СИБИРИ,27825,29637
2025-12-06 20:00,2025-12-06,20,610000,ОЭС СИБИРИ,27195,29180
2025-12-06 21:00,2025-12-06,21,610000,ОЭС СИБИРИ,27189,28702
2025-12-06 22:00,2025-12-06,22,610000,ОЭС СИБИРИ,27170,28713
2025-12-06 23:00,2025-12-06,23,610000,ОЭС СИБИРИ,27180,28515
2025-12-07 00:00,2025-12-07,0,610000,ОЭС СИБИРИ,27096,28538
2025-12-07 01:00,2025-12-07,1,610000,ОЭС СИБИРИ,26895,28701
2025-12-07 02:00,2025-12-07,2,610000,ОЭС СИБИРИ,27128,28702
2025-12-07 03:00,2025-12-07,3,610000,ОЭС СИБИРИ,27534,29122
2025-12-07 04:00,2025-12-07,4,610000,ОЭС СИБИРИ,27660,29476
2025-12-07 05:00,2025-12-07,5,610000,ОЭС СИБИРИ,28103,30225
2025-12-07 06:00,2025-12-07,6,610000,ОЭС СИБИРИ,29007,30928
2025-12-07 07:00,2025-12-07,7,610000,ОЭС СИБИРИ,29106,31013
2025-12-07 08:00,2025-12-07,8,610000,ОЭС СИБИРИ,28926,30990
2025-12-07 09:00,2025-12-07,9,610000,ОЭС СИБИРИ,29328,31051
2025-12-07 10:00,2025-12-07,10,610000,ОЭС СИБИРИ,29521,30865
2025-12-07 11:00,2025-12-07,11,610000,ОЭС СИБИРИ,30040,30904
2025-12-07 12:00,2025-12-07,12,610000,ОЭС СИБИРИ,29831,31119
2025-12-07 13:00,2025-12-07,13,610000,ОЭС СИБИРИ,30531,31453
2025-12-07 14:00,2025-12-07,14,610000,ОЭС СИБИРИ,30175,31559
2025-12-07 15:00,2025-12-07,15,610000,ОЭС СИБИРИ,30645,31541
2025-12-07 16:00,2025-12-07,16,610000,ОЭС СИБИРИ,29692,31077
2025-12-07 17:00,2025-12-07,17,610000,ОЭС СИБИРИ,29451,30958
2025-12-07 18:00,2025-12-07,18,610000,ОЭС СИБИРИ,28927,30576
2025-12-07 19:00,2025-12-07,19,610000,ОЭС СИБИРИ,28064,29920
2025-12-07 20:00,2025-12-07,20,610000,ОЭС СИБИРИ,27139,29190
2025-12-07 21:00,2025-12-07,21,610000,ОЭС СИБИРИ,26982,28943
2025-12-07 22:00,2025-12-07,22,610000,ОЭС СИБИРИ,26854,28600
2025-12-07 23:00,2025-12-07,23,610000,ОЭС СИБИРИ,26796,28539
2025-12-08 00:00,2025-12-08,0,610000,ОЭС СИБИРИ,26536,28599
2025-12-08 01:00,2025-12-08,1,610000,ОЭС СИБИРИ,26970,28813
2025-12-08 02:00,2025-12-08,2,610000,ОЭС СИБИРИ,27567,29597
2025-12-08 03:00,2025-12-08,3,610000,ОЭС СИБИРИ,28302,30585
2025-12-08 04:00,2025-12-08,4,610000,ОЭС СИБИРИ,28706,30910
2025-12-08 05:00,2025-12-08,5,610000,ОЭС СИБИРИ,29543,31612
2025-12-08 06:00,2025-12-08,6,610000,ОЭС СИБИРИ,30035,31807
2025-12-08 07:00,2025-12-08,7,610000,ОЭС СИБИРИ,30053,31958
2025-12-08 08:00,2025-12-08,8,610000,ОЭС СИБИРИ,30224,31755
2025-12-08 09:00,2025-12-08,9,610000,ОЭС СИБИРИ,30657,31994
2025-12-08 10:00,2025-12-08,10,610000,ОЭС СИБИРИ,30518,31758
2025-12-08 11:00,2025-12-08,11,610000,ОЭС СИБИРИ,30379,31721
2025-12-08 12:00,2025-12-08,12,610000,ОЭС СИБИРИ,30524,31876
2025-12-08 13:00,2025-12-08,13,610000,ОЭС СИБИРИ,30863,32154
2025-12-08 14:00,2025-12-08,14,610000,ОЭС СИБИРИ,30804,32301
2025-12-08 15:00,2025-12-08,15,610000,ОЭС СИБИРИ,30507,32294
2025-12-08 16:00,2025-12-08,16,610000,ОЭС СИБИРИ,30053,31545
2025-12-08 17:00,2025-12-08,17,610000,ОЭС СИБИРИ,29791,31420
2025-12-08 18:00,2025-12-08,18,610000,ОЭС СИБИРИ,29283,31255
2025-12-08 19:00,2025-12-08,19,610000,ОЭС СИБИРИ,28701,30568
2025-12-08 20:00,2025-12-08,20,610000,ОЭС СИБИРИ,28291,29907
2025-12-08 21:00,2025-12-08,21,610000,ОЭС СИБИРИ,27848,29616
2025-12-08 22:00,2025-12-08,22,610000,ОЭС СИБИРИ,27673,29526
2025-12-08 23:00,2025-12-08,23,610000,ОЭС СИБИРИ,27286,29428
2025-12-09 00:00,2025-12-09,0,610000,ОЭС СИБИРИ,27764,29574
2025-12-09 01:00,2025-12-09,1,610000,ОЭС СИБИРИ,28182,29775
2025-12-09 02:00,2025-12-09,2,610000,ОЭС СИБИРИ,28626,30434
2025-12-09 03:00,2025-12-09,3,610000,ОЭС СИБИРИ,29640,31322
2025-12-09 04:00,2025-12-09,4,610000,ОЭС СИБИРИ,30137,31854
2025-12-09 05:00,2025-12-09,5,610000,ОЭС СИБИРИ,30727,32229
2025-12-09 06:00,2025-12-09,6,610000,ОЭС СИБИРИ,31223,32493
2025-12-09 07:00,2025-12-09,7,610000,ОЭС СИБИРИ,30925,32497
2025-12-09 08:00,2025-12-09,8,610000,ОЭС СИБИРИ,30927,32454
2025-12-09 09:00,2025-12-09,9,610000,ОЭС СИБИРИ,31110,32759
2025-12-09 10:00,2025-12-09,10,610000,ОЭС СИБИРИ,30584,32380
2025-12-09 11:00,2025-12-09,11,610000,ОЭС СИБИРИ,30395,32384
2025-12-09 12:00,2025-12-09,12,610000,ОЭС СИБИРИ,30460,32417
2025-12-09 13:00,2025-12-09,13,610000,ОЭС СИБИРИ,31358,32709
2025-12-09 14:00,2025-12-09,14,610000,ОЭС СИБИРИ,31344,32902
2025-12-09 15:00,2025-12-09,15,610000,ОЭС СИБИРИ,31033,32528
2025-12-09 16:00,2025-12-09,16,610000,ОЭС СИБИРИ,30745,32328
2025-12-09 17:00,2025-12-09,17,610000,ОЭС СИБИРИ,30619,32096
2025-12-09 18:00,2025-12-09,18,610000,ОЭС СИБИРИ,30201,31957
2025-12-09 19:00,2025-12-09,19,610000,ОЭС СИБИРИ,29249,30957
2025-12-09 20:00,2025-12-09,20,610000,ОЭС СИБИРИ,28986,30584
2025-12-09 21:00,2025-12-09,21,610000,ОЭС СИБИРИ,29075,30191
2025-12-09 22:00,2025-12-09,22,610000,ОЭС СИБИРИ,29428,30083
2025-12-09 23:00,2025-12-09,23,610000,ОЭС СИБИРИ,29064,29998
2025-12-10 00:00,2025-12-10,0,610000,ОЭС СИБИРИ,28133,29783
2025-12-10 01:00,2025-12-10,1,610000,ОЭС СИБИРИ,28760,30140
2025-12-10 02:00,2025-12-10,2,610000,ОЭС СИБИРИ,29302,30777
2025-12-10 03:00,2025-12-10,3,610000,ОЭС СИБИРИ,29771,31839
2025-12-10 04:00,2025-12-10,4,610000,ОЭС СИБИРИ,30651,32173
2025-12-10 05:00,2025-12-10,5,610000,ОЭС СИБИРИ,31725,32824
2025-12-10 06:00,2025-12-10,6,610000,ОЭС СИБИРИ,31840,33148
2025-12-10 07:00,2025-12-10,7,610000,ОЭС СИБИРИ,31598,33096
2025-12-10 08:00,2025-12-10,8,610000,ОЭС СИБИРИ,31428,32985
2025-12-10 09:00,2025-12-10,9,610000,ОЭС СИБИРИ,31768,33310
2025-12-10 10:00,2025-12-10,10,610000,ОЭС СИБИРИ,30909,32840
2025-12-10 11:00,2025-12-10,11,610000,ОЭС СИБИРИ,31036,32668
2025-12-10 12:00,2025-12-10,12,610000,ОЭС СИБИРИ,31200,32747
2025-12-10 13:00,2025-12-10,13,610000,ОЭС СИБИРИ,31369,32923
2025-12-10 14:00,2025-12-10,14,610000,ОЭС СИБИРИ,31687,33048
2025-12-10 15:00,2025-12-10,15,610000,ОЭС СИБИРИ,31655,32833
2025-12-10 16:00,2025-12-10,16,610000,ОЭС СИБИРИ,31412,32546
2025-12-10 17:00,2025-12-10,17,610000,ОЭС СИБИРИ,31084,32366
2025-12-10 18:00,2025-12-10,18,610000,ОЭС СИБИРИ,30448,31978
2025-12-10 19:00,2025-12-10,19,610000,ОЭС СИБИРИ,29902,31492
2025-12-10 20:00,2025-12-10,20,610000,ОЭС СИБИРИ,29249,30791
2025-12-10 21:00,2025-12-10,21,610000,ОЭС СИБИРИ,28959,30445
2025-12-10 22:00,2025-12-10,22,610000,ОЭС СИБИРИ,28488,30121
2025-12-10 23:00,2025-12-10,23,610000,ОЭС СИБИРИ,28471,30014
2025-12-11 00:00,2025-12-11,0,610000,ОЭС СИБИРИ,28550,29939
2025-12-11 01:00,2025-12-11,1,610000,ОЭС СИБИРИ,28695,30067
2025-12-11 02:00,2025-12-11,2,610000,ОЭС СИБИРИ,29311,30785
2025-12-11 03:00,2025-12-11,3,610000,ОЭС СИБИРИ,29992,31392
2025-12-11 04:00,2025-12-11,4,610000,ОЭС СИБИРИ,30500,31751
2025-12-11 05:00,2025-12-11,5,610000,ОЭС СИБИРИ,31545,32474
2025-12-11 06:00,2025-12-11,6,610000,ОЭС СИБИРИ,31773,32795
2025-12-11 07:00,2025-12-11,7,610000,ОЭС СИБИРИ,31482,32797
2025-12-11 08:00,2025-12-11,8,610000,ОЭС СИБИРИ,31166,32608
2025-12-11 09:00,2025-12-11,9,610000,ОЭС СИБИРИ,31550,32652
2025-12-11 10:00,2025-12-11,10,610000,ОЭС СИБИРИ,31016,32424
2025-12-11 11:00,2025-12-11,11,610000,ОЭС СИБИРИ,30900,32234
2025-12-11 12:00,2025-12-11,12,610000,ОЭС СИБИРИ,31051,32491
2025-12-11 13:00,2025-12-11,13,610000,ОЭС СИБИРИ,31536,32636
2025-12-11 14:00,2025-12-11,14,610000,ОЭС СИБИРИ,31588,32706
2025-12-11 15:00,2025-12-11,15,610000,ОЭС СИБИРИ,31567,32603
2025-12-11 16:00,2025-12-11,16,610000,ОЭС СИБИРИ,31055,32058
2025-12-11 17:00,2025-12-11,17,610000,ОЭС СИБИРИ,30886,31930
2025-12-11 18:00,2025-12-11,18,610000,ОЭС СИБИРИ,30397,31741
2025-12-11 19:00,2025-12-11,19,610000,ОЭС СИБИРИ,29481,31053
2025-12-11 20:00,2025-12-11,20,610000,ОЭС СИБИРИ,28927,30292
2025-12-11 21:00,2025-12-11,21,610000,ОЭС СИБИРИ,28750,29925
2025-12-11 22:00,2025-12-11,22,610000,ОЭС СИБИРИ,28835,29621
2025-12-11 23:00,2025-12-11,23,610000,ОЭС СИБИРИ,28504,29535
2025-12-12 00:00,2025-12-12,0,610000,ОЭС СИБИРИ,28650,29528
2025-12-12 01:00,2025-12-12,1,610000,ОЭС СИБИРИ,29068,29914
2025-12-12 02:00,2025-12-12,2,610000,ОЭС СИБИРИ,29258,30532
2025-12-12 03:00,2025-12-12,3,610000,ОЭС СИБИРИ,29832,31408
2025-12-12 04:00,2025-12-12,4,610000,ОЭС СИБИРИ,30090,31843
2025-12-12 05:00,2025-12-12,5,610000,ОЭС СИБИРИ,30538,32318
2025-12-12 06:00,2025-12-12,6,610000,ОЭС СИБИРИ,30979,32388
2025-12-12 07:00,2025-12-12,7,610000,ОЭС СИБИРИ,31042,32288
2025-12-12 08:00,2025-12-12,8,610000,ОЭС СИБИРИ,31013,32002
2025-12-12 09:00,2025-12-12,9,610000,ОЭС СИБИРИ,31299,32231
2025-12-12 10:00,2025-12-12,10,610000,ОЭС СИБИРИ,31045,32012
2025-12-12 11:00,2025-12-12,11,610000,ОЭС СИБИРИ,30826,31637
2025-12-12 12:00,2025-12-12,12,610000,ОЭС СИБИРИ,31109,31822
2025-12-12 13:00,2025-12-12,13,610000,ОЭС СИБИРИ,30805,31930
2025-12-12 14:00,2025-12-12,14,610000,ОЭС СИБИРИ,30971,31923
2025-12-12 15:00,2025-12-12,15,610000,ОЭС СИБИРИ,30834,31841
2025-12-12 16:00,2025-12-12,16,610000,ОЭС СИБИРИ,30614,31383
2025-12-12 17:00,2025-12-12,17,610000,ОЭС СИБИРИ,30139,31160
2025-12-12 18:00,2025-12-12,18,610000,ОЭС СИБИРИ,30042,31397
2025-12-12 19:00,2025-12-12,19,610000,ОЭС СИБИРИ,29092,30618
2025-12-12 20:00,2025-12-12,20,610000,ОЭС СИБИРИ,28960,29632
2025-12-12 21:00,2025-12-12,21,610000,ОЭС СИБИРИ,28446,29481
2025-12-12 22:00,2025-12-12,22,610000,ОЭС СИБИРИ,28774,29378
2025-12-12 23:00,2025-12-12,23,610000,ОЭС СИБИРИ,28416,29034
2025-12-13 00:00,2025-12-13,0,610000,ОЭС СИБИРИ,28189,29009
2025-12-13 01:00,2025-12-13,1,610000,ОЭС СИБИРИ,28390,29046
2025-12-13 02:00,2025-12-13,2,610000,ОЭС СИБИРИ,28330,29470
2025-12-13 03:00,2025-12-13,3,610000,ОЭС СИБИРИ,28408,29841
2025-12-13 04:00,2025-12-13,4,610000,ОЭС СИБИРИ,29148,30514
2025-12-13 05:00,2025-12-13,5,610000,ОЭС СИБИРИ,29766,31143
2025-12-13 06:00,2025-12-13,6,610000,ОЭС СИБИРИ,30129,31733
2025-12-13 07:00,2025-12-13,7,610000,ОЭС СИБИРИ,30185,31837
2025-12-13 08:00,2025-12-13,8,610000,ОЭС СИБИРИ,30118,31742
2025-12-13 09:00,2025-12-13,9,610000,ОЭС СИБИРИ,30944,31694
2025-12-13 10:00,2025-12-13,10,610000,ОЭС СИБИРИ,30594,31613
2025-12-13 11:00,2025-12-13,11,610000,ОЭС СИБИРИ,30422,31600
2025-12-13 12:00,2025-12-13,12,610000,ОЭС СИБИРИ,30348,31520
2025-12-13 13:00,2025-12-13,13,610000,ОЭС СИБИРИ,30762,31998
2025-12-13 14:00,2025-12-13,14,610000,ОЭС СИБИРИ,30859,31974
2025-12-13 15:00,2025-12-13,15,610000,ОЭС СИБИРИ,30134,31774
2025-12-13 16:00,2025-12-13,16,610000,ОЭС СИБИРИ,29700,31248
2025-12-13 17:00,2025-12-13,17,610000,ОЭС СИБИРИ,29233,30776
2025-12-13 18:00,2025-12-13,18,610000,ОЭС СИБИРИ,29211,30734
2025-12-13 19:00,2025-12-13,19,610000,ОЭС СИБИРИ,28408,30155
2025-12-13 20:00,2025-12-13,20,610000,ОЭС СИБИРИ,27666,29456
2025-12-13 21:00,2025-12-13,21,610000,ОЭС СИБИРИ,27843,29207
2025-12-13 22:00,2025-12-13,22,610000,ОЭС СИБИРИ,27720,28803
2025-12-13 23:00,2025-12-13,23,610000,ОЭС СИБИРИ,27483,28636
2025-12-14 00:00,2025-12-14,0,610000,ОЭС СИБИРИ,27428,28527
2025-12-14 01:00,2025-12-14,1,610000,ОЭС СИБИРИ,27460,28627
2025-12-14 02:00,2025-12-14,2,610000,ОЭС СИБИРИ,27938,28879
2025-12-14 03:00,2025-12-14,3,610000,ОЭС СИБИРИ,28167,29348
2025-12-14 04:00,2025-12-14,4,610000,ОЭС СИБИРИ,28806,29897
2025-12-14 05:00,2025-12-14,5,610000,ОЭС СИБИРИ,29260,30681
2025-12-14 06:00,2025-12-14,6,610000,ОЭС СИБИРИ,29591,31161
2025-12-14 07:00,2025-12-14,7,610000,ОЭС СИБИРИ,29471,31272
2025-12-14 08:00,2025-12-14,8,610000,ОЭС СИБИРИ,29462,31092
2025-12-14 09:00,2025-12-14,9,610000,ОЭС СИБИРИ,30111,31202
2025-12-14 10:00,2025-12-14,10,610000,ОЭС СИБИРИ,30078,31223
2025-12-14 11:00,2025-12-14,11,610000,ОЭС СИБИРИ,30058,31249
2025-12-14 12:00,2025-12-14,12,610000,ОЭС СИБИРИ,30043,31411
2025-12-14 13:00,2025-12-14,13,610000,ОЭС СИБИРИ,30082,31557
2025-12-14 14:00,2025-12-14,14,610000,ОЭС СИБИРИ,30462,32012
2025-12-14 15:00,2025-12-14,15,610000,ОЭС СИБИРИ,30082,31599
2025-12-14 16:00,2025-12-14,16,610000,ОЭС СИБИРИ,30344,31249
2025-12-14 17:00,2025-12-14,17,610000,ОЭС СИБИРИ,29926,30952
2025-12-14 18:00,2025-12-14,18,610000,ОЭС СИБИРИ,29600,30655
2025-12-14 19:00,2025-12-14,19,610000,ОЭС СИБИРИ,28437,30076
2025-12-14 20:00,2025-12-14,20,610000,ОЭС СИБИРИ,28051,29317
2025-12-14 21:00,2025-12-14,21,610000,ОЭС СИБИРИ,27632,28925
2025-12-14 22:00,2025-12-14,22,610000,ОЭС СИБИРИ,27540,28719
2025-12-14 23:00,2025-12-14,23,610000,ОЭС СИБИРИ,26991,28448
2025-12-15 00:00,2025-12-15,0,610000,ОЭС СИБИРИ,27126,28493
2025-12-15 01:00,2025-12-15,1,610000,ОЭС СИБИРИ,27618,28800
2025-12-15 02:00,2025-12-15,2,610000,ОЭС СИБИРИ,28106,29432
2025-12-15 03:00,2025-12-15,3,610000,ОЭС СИБИРИ,28666,30223
2025-12-15 04:00,2025-12-15,4,610000,ОЭС СИБИРИ,29010,30491
2025-12-15 05:00,2025-12-15,5,610000,ОЭС СИБИРИ,29576,31100
2025-12-15 06:00,2025-12-15,6,610000,ОЭС СИБИРИ,29537,31156
2025-12-15 07:00,2025-12-15,7,610000,ОЭС СИБИРИ,29974,31160
2025-12-15 08:00,2025-12-15,8,610000,ОЭС СИБИРИ,29902,31062
2025-12-15 09:00,2025-12-15,9,610000,ОЭС СИБИРИ,30248,31371
2025-12-15 10:00,2025-12-15,10,610000,ОЭС СИБИРИ,30217,31153
2025-12-15 11:00,2025-12-15,11,610000,ОЭС СИБИРИ,30488,31048
2025-12-15 12:00,2025-12-15,12,610000,ОЭС СИБИРИ,30409,31056
2025-12-15 13:00,2025-12-15,13,610000,ОЭС СИБИРИ,30639,31304
2025-12-15 14:00,2025-12-15,14,610000,ОЭС СИБИРИ,30467,31533
2025-12-15 15:00,2025-12-15,15,610000,ОЭС СИБИРИ,30164,31307
2025-12-15 16:00,2025-12-15,16,610000,ОЭС СИБИРИ,30310,30957
2025-12-15 17:00,2025-12-15,17,610000,ОЭС СИБИРИ,29944,30794
2025-12-15 18:00,2025-12-15,18,610000,ОЭС СИБИРИ,29469,30637
2025-12-15 19:00,2025-12-15,19,610000,ОЭС СИБИРИ,28558,29999
2025-12-15 20:00,2025-12-15,20,610000,ОЭС СИБИРИ,27986,29158
2025-12-15 21:00,2025-12-15,21,610000,ОЭС СИБИРИ,27749,28748
2025-12-15 22:00,2025-12-15,22,610000,ОЭС СИБИРИ,27639,28442
2025-12-15 23:00,2025-12-15,23,610000,ОЭС СИБИРИ,27583,28496
2025-12-16 00:00,2025-12-16,0,610000,ОЭС СИБИРИ,27676,28534
2025-12-16 01:00,2025-12-16,1,610000,ОЭС СИБИРИ,27771,28684
2025-12-16 02:00,2025-12-16,2,610000,ОЭС СИБИРИ,27999,29493
2025-12-16 03:00,2025-12-16,3,610000,ОЭС СИБИРИ,28640,30241
2025-12-16 04:00,2025-12-16,4,610000,ОЭС СИБИРИ,28970,30581
2025-12-16 05:00,2025-12-16,5,610000,ОЭС СИБИРИ,29271,30897
2025-12-16 06:00,2025-12-16,6,610000,ОЭС СИБИРИ,29269,31189
2025-12-16 07:00,2025-12-16,7,610000,ОЭС СИБИРИ,29988,31126
2025-12-16 08:00,2025-12-16,8,610000,ОЭС СИБИРИ,29451,30887
2025-12-16 09:00,2025-12-16,9,610000,ОЭС СИБИРИ,30026,31127
2025-12-16 10:00,2025-12-16,10,610000,ОЭС СИБИРИ,29677,30739
2025-12-16 11:00,2025-12-16,11,610000,ОЭС СИБИРИ,29436,30643
2025-12-16 12:00,2025-12-16,12,610000,ОЭС СИБИРИ,29987,30739
2025-12-16 13:00,2025-12-16,13,610000,ОЭС СИБИРИ,30767,31122
2025-12-16 14:00,2025-12-16,14,610000,ОЭС СИБИРИ,30543,31200
2025-12-16 15:00,2025-12-16,15,610000,ОЭС СИБИРИ,30647,31122
2025-12-16 16:00,2025-12-16,16,610000,ОЭС СИБИРИ,30001,30791
2025-12-16 17:00,2025-12-16,17,610000,ОЭС СИБИРИ,29418,30608
2025-12-16 18:00,2025-12-16,18,610000,ОЭС СИБИРИ,29774,30613
2025-12-16 19:00,2025-12-16,19,610000,ОЭС СИБИРИ,28922,29893
2025-12-16 20:00,2025-12-16,20,610000,ОЭС СИБИРИ,28168,29192
2025-12-16 21:00,2025-12-16,21,610000,ОЭС СИБИРИ,27920,28919
2025-12-16 22:00,2025-12-16,22,610000,ОЭС СИБИРИ,27865,28603
2025-12-16 23:00,2025-12-16,23,610000,ОЭС СИБИРИ,27594,28557
2025-12-17 00:00,2025-12-17,0,610000,ОЭС СИБИРИ,27493,28516
2025-12-17 01:00,2025-12-17,1,610000,ОЭС СИБИРИ,28026,28871
2025-12-17 02:00,2025-12-17,2,610000,ОЭС СИБИРИ,28514,29476
2025-12-17 03:00,2025-12-17,3,610000,ОЭС СИБИРИ,28819,30249
2025-12-17 04:00,2025-12-17,4,610000,ОЭС СИБИРИ,29075,30673
2025-12-17 05:00,2025-12-17,5,610000,ОЭС СИБИРИ,29944,30930
2025-12-17 06:00,2025-12-17,6,610000,ОЭС СИБИРИ,30114,31312
2025-12-17 07:00,2025-12-17,7,610000,ОЭС СИБИРИ,30336,31220
2025-12-17 08:00,2025-12-17,8,610000,ОЭС СИБИРИ,30167,31012
2025-12-17 09:00,2025-12-17,9,610000,ОЭС СИБИРИ,30576,31422
2025-12-17 10:00,2025-12-17,10,610000,ОЭС СИБИРИ,30312,31024
2025-12-17 11:00,2025-12-17,11,610000,ОЭС СИБИРИ,30155,30770
2025-12-17 12:00,2025-12-17,12,610000,ОЭС СИБИРИ,30282,31075
2025-12-17 13:00,2025-12-17,13,610000,ОЭС СИБИРИ,30334,31423
2025-12-17 14:00,2025-12-17,14,610000,ОЭС СИБИРИ,30507,31275
2025-12-17 15:00,2025-12-17,15,610000,ОЭС СИБИРИ,30554,31487
2025-12-17 16:00,2025-12-17,16,610000,ОЭС СИБИРИ,30561,30980
2025-12-17 17:00,2025-12-17,17,610000,ОЭС СИБИРИ,30146,30892
2025-12-17 18:00,2025-12-17,18,610000,ОЭС СИБИРИ,29794,30770
2025-12-17 19:00,2025-12-17,19,610000,ОЭС СИБИРИ,29055,30112
2025-12-17 20:00,2025-12-17,20,610000,ОЭС СИБИРИ,28465,29417
2025-12-17 21:00,2025-12-17,21,610000,ОЭС СИБИРИ,28125,29128
2025-12-17 22:00,2025-12-17,22,610000,ОЭС СИБИРИ,28071,28917
2025-12-17 23:00,2025-12-17,23,610000,ОЭС СИБИРИ,28025,28767
2025-12-18 00:00,2025-12-18,0,610000,ОЭС СИБИРИ,27720,28852
2025-12-18 01:00,2025-12-18,1,610000,ОЭС СИБИРИ,28130,29002
2025-12-18 02:00,2025-12-18,2,610000,ОЭС СИБИРИ,28108,29402
2025-12-18 03:00,2025-12-18,3,610000,ОЭС СИБИРИ,29027,30366
2025-12-18 04:00,2025-12-18,4,610000,ОЭС СИБИРИ,29632,30941
2025-12-18 05:00,2025-12-18,5,610000,ОЭС СИБИРИ,30771,31404
2025-12-18 06:00,2025-12-18,6,610000,ОЭС СИБИРИ,31119,31670
2025-12-18 07:00,2025-12-18,7,610000,ОЭС СИБИРИ,31101,31693
2025-12-18 08:00,2025-12-18,8,610000,ОЭС СИБИРИ,31071,31664
2025-12-18 09:00,2025-12-18,9,610000,ОЭС СИБИРИ,31144,31825
2025-12-18 10:00,2025-12-18,10,610000,ОЭС СИБИРИ,31163,31625
2025-12-18 11:00,2025-12-18,11,610000,ОЭС СИБИРИ,30524,31312
2025-12-18 12:00,2025-12-18,12,610000,ОЭС СИБИРИ,30908,31515
2025-12-18 13:00,2025-12-18,13,610000,ОЭС СИБИРИ,31535,31702
2025-12-18 14:00,2025-12-18,14,610000,ОЭС СИБИРИ,31214,31834
2025-12-18 15:00,2025-12-18,15,610000,ОЭС СИБИРИ,30881,31599
2025-12-18 16:00,2025-12-18,16,610000,ОЭС СИБИРИ,30446,31310
2025-12-18 17:00,2025-12-18,17,610000,ОЭС СИБИРИ,30349,31222
2025-12-18 18:00,2025-12-18,18,610000,ОЭС СИБИРИ,30500,31140
2025-12-18 19:00,2025-12-18,19,610000,ОЭС СИБИРИ,29403,30176
2025-12-18 20:00,2025-12-18,20,610000,ОЭС СИБИРИ,28963,29729
2025-12-18 21:00,2025-12-18,21,610000,ОЭС СИБИРИ,27949,29281
2025-12-18 22:00,2025-12-18,22,610000,ОЭС СИБИРИ,27987,29244
2025-12-18 23:00,2025-12-18,23,610000,ОЭС СИБИРИ,27582,28880
2025-12-19 00:00,2025-12-19,0,610000,ОЭС СИБИРИ,27637,29125
2025-12-19 01:00,2025-12-19,1,610000,ОЭС СИБИРИ,28148,29155
2025-12-19 02:00,2025-12-19,2,610000,ОЭС СИБИРИ,28610,29863
2025-12-19 03:00,2025-12-19,3,610000,ОЭС СИБИРИ,29038,30597
2025-12-19 04:00,2025-12-19,4,610000,ОЭС СИБИРИ,29292,31111
2025-12-19 05:00,2025-12-19,5,610000,ОЭС СИБИРИ,30310,31658
2025-12-19 06:00,2025-12-19,6,610000,ОЭС СИБИРИ,30661,31826
2025-12-19 07:00,2025-12-19,7,610000,ОЭС СИБИРИ,31173,31897
2025-12-19 08:00,2025-12-19,8,610000,ОЭС СИБИРИ,31310,31709
2025-12-19 09:00,2025-12-19,9,610000,ОЭС СИБИРИ,31175,31881
2025-12-19 10:00,2025-12-19,10,610000,ОЭС СИБИРИ,31160,31569
2025-12-19 11:00,2025-12-19,11,610000,ОЭС СИБИРИ,30469,31346
2025-12-19 12:00,2025-12-19,12,610000,ОЭС СИБИРИ,30948,31605
2025-12-19 13:00,2025-12-19,13,610000,ОЭС СИБИРИ,31352,31767
2025-12-19 14:00,2025-12-19,14,610000,ОЭС СИБИРИ,30878,31670
2025-12-19 15:00,2025-12-19,15,610000,ОЭС СИБИРИ,30545,31438
2025-12-19 16:00,2025-12-19,16,610000,ОЭС СИБИРИ,30159,31266
2025-12-19 17:00,2025-12-19,17,610000,ОЭС СИБИРИ,29970,31073
2025-12-19 18:00,2025-12-19,18,610000,ОЭС СИБИРИ,30042,31235
2025-12-19 19:00,2025-12-19,19,610000,ОЭС СИБИРИ,29680,30504
2025-12-19 20:00,2025-12-19,20,610000,ОЭС СИБИРИ,28853,29920
2025-12-19 21:00,2025-12-19,21,610000,ОЭС СИБИРИ,28014,29351
2025-12-19 22:00,2025-12-19,22,610000,ОЭС СИБИРИ,27920,29182
2025-12-19 23:00,2025-12-19,23,610000,ОЭС СИБИРИ,27814,29081
2025-12-20 00:00,2025-12-20,0,610000,ОЭС СИБИРИ,27668,28935
2025-12-20 01:00,2025-12-20,1,610000,ОЭС СИБИРИ,27810,29028
2025-12-20 02:00,2025-12-20,2,610000,ОЭС СИБИРИ,27667,29307
2025-12-20 03:00,2025-12-20,3,610000,ОЭС СИБИРИ,28342,29960
2025-12-20 04:00,2025-12-20,4,610000,ОЭС СИБИРИ,29093,30436
2025-12-20 05:00,2025-12-20,5,610000,ОЭС СИБИРИ,29718,31196
2025-12-20 06:00,2025-12-20,6,610000,ОЭС СИБИРИ,30153,31660
2025-12-20 07:00,2025-12-20,7,610000,ОЭС СИБИРИ,30363,31739
2025-12-20 08:00,2025-12-20,8,610000,ОЭС СИБИРИ,30456,31717
2025-12-20 09:00,2025-12-20,9,610000,ОЭС СИБИРИ,30608,31505
2025-12-20 10:00,2025-12-20,10,610000,ОЭС СИБИРИ,30890,31626
2025-12-20 11:00,2025-12-20,11,610000,ОЭС СИБИРИ,30803,31543
2025-12-20 12:00,2025-12-20,12,610000,ОЭС СИБИРИ,30873,31665
2025-12-20 13:00,2025-12-20,13,610000,ОЭС СИБИРИ,30836,31844
2025-12-20 14:00,2025-12-20,14,610000,ОЭС СИБИРИ,30572,31879
2025-12-20 15:00,2025-12-20,15,610000,ОЭС СИБИРИ,30667,31797
2025-12-20 16:00,2025-12-20,16,610000,ОЭС СИБИРИ,30456,31432
2025-12-20 17:00,2025-12-20,17,610000,ОЭС СИБИРИ,30436,31303
2025-12-20 18:00,2025-12-20,18,610000,ОЭС СИБИРИ,29742,31043
2025-12-20 19:00,2025-12-20,19,610000,ОЭС СИБИРИ,28825,30473
2025-12-20 20:00,2025-12-20,20,610000,ОЭС СИБИРИ,28341,29868
2025-12-20 21:00,2025-12-20,21,610000,ОЭС СИБИРИ,28553,29705
2025-12-20 22:00,2025-12-20,22,610000,ОЭС СИБИРИ,27607,29305
2025-12-20 23:00,2025-12-20,23,610000,ОЭС СИБИРИ,27913,29193
2025-12-21 00:00,2025-12-21,0,610000,ОЭС СИБИРИ,28126,29141
2025-12-21 01:00,2025-12-21,1,610000,ОЭС СИБИРИ,28229,29411
2025-12-21 02:00,2025-12-21,2,610000,ОЭС СИБИРИ,27943,29359
2025-12-21 03:00,2025-12-21,3,610000,ОЭС СИБИРИ,28527,29866
2025-12-21 04:00,2025-12-21,4,610000,ОЭС СИБИРИ,28745,30277
2025-12-21 05:00,2025-12-21,5,610000,ОЭС СИБИРИ,29572,31172
2025-12-21 06:00,2025-12-21,6,610000,ОЭС СИБИРИ,30200,31487
2025-12-21 07:00,2025-12-21,7,610000,ОЭС СИБИРИ,30720,31649
2025-12-21 08:00,2025-12-21,8,610000,ОЭС СИБИРИ,30354,31611
2025-12-21 09:00,2025-12-21,9,610000,ОЭС СИБИРИ,30577,31686
2025-12-21 10:00,2025-12-21,10,610000,ОЭС СИБИРИ,30441,31584
2025-12-21 11:00,2025-12-21,11,610000,ОЭС СИБИРИ,30533,31683
2025-12-21 12:00,2025-12-21,12,610000,ОЭС СИБИРИ,30852,31941
2025-12-21 13:00,2025-12-21,13,610000,ОЭС СИБИРИ,31471,32422
2025-12-21 14:00,2025-12-21,14,610000,ОЭС СИБИРИ,31300,32552
2025-12-21 15:00,2025-12-21,15,610000,ОЭС СИБИРИ,31317,32418
2025-12-21 16:00,2025-12-21,16,610000,ОЭС СИБИРИ,30866,32065
2025-12-21 17:00,2025-12-21,17,610000,ОЭС СИБИРИ,30521,31743
2025-12-21 18:00,2025-12-21,18,610000,ОЭС СИБИРИ,29759,31286
2025-12-21 19:00,2025-12-21,19,610000,ОЭС СИБИРИ,29162,30535
2025-12-21 20:00,2025-12-21,20,610000,ОЭС СИБИРИ,28456,29901
2025-12-21 21:00,2025-12-21,21,610000,ОЭС СИБИРИ,28140,29397
2025-12-21 22:00,2025-12-21,22,610000,ОЭС СИБИРИ,27970,29308
2025-12-21 23:00,2025-12-21,23,610000,ОЭС СИБИРИ,27334,29139
2025-12-22 00:00,2025-12-22,0,610000,ОЭС СИБИРИ,27316,29226
2025-12-22 01:00,2025-12-22,1,610000,ОЭС СИБИРИ,27423,29490
2025-12-22 02:00,2025-12-22,2,610000,ОЭС СИБИРИ,28372,30104
2025-12-22 03:00,2025-12-22,3,610000,ОЭС СИБИРИ,29041,31004
2025-12-22 04:00,2025-12-22,4,610000,ОЭС СИБИРИ,29412,31359
2025-12-22 05:00,2025-12-22,5,610000,ОЭС СИБИРИ,30496,32135
2025-12-22 06:00,2025-12-22,6,610000,ОЭС СИБИРИ,30722,32191
2025-12-22 07:00,2025-12-22,7,610000,ОЭС СИБИРИ,30660,32176
2025-12-22 08:00,2025-12-22,8,610000,ОЭС СИБИРИ,30473,32126
2025-12-22 09:00,2025-12-22,9,610000,ОЭС СИБИРИ,30619,32459
2025-12-22 10:00,2025-12-22,10,610000,ОЭС СИБИРИ,29880,32007
2025-12-22 11:00,2025-12-22,11,610000,ОЭС СИБИРИ,29985,31930
2025-12-22 12:00,2025-12-22,12,610000,ОЭС СИБИРИ,29816,31674
2025-12-22 13:00,2025-12-22,13,610000,ОЭС СИБИРИ,30197,31954
2025-12-22 14:00,2025-12-22,14,610000,ОЭС СИБИРИ,30212,31961
2025-12-22 15:00,2025-12-22,15,610000,ОЭС СИБИРИ,30204,31870
2025-12-22 16:00,2025-12-22,16,610000,ОЭС СИБИРИ,30242,31416
2025-12-22 17:00,2025-12-22,17,610000,ОЭС СИБИРИ,29905,31217
2025-12-22 18:00,2025-12-22,18,610000,ОЭС СИБИРИ,29582,31152
2025-12-22 19:00,2025-12-22,19,610000,ОЭС СИБИРИ,29244,30362
2025-12-22 20:00,2025-12-22,20,610000,ОЭС СИБИРИ,28285,29578
2025-12-22 21:00,2025-12-22,21,610000,ОЭС СИБИРИ,27904,29209
2025-12-22 22:00,2025-12-22,22,610000,ОЭС СИБИРИ,27801,28969
2025-12-22 23:00,2025-12-22,23,610000,ОЭС СИБИРИ,27582,28875
2025-12-23 00:00,2025-12-23,0,610000,ОЭС СИБИРИ,27589,28992
2025-12-23 01:00,2025-12-23,1,610000,ОЭС СИБИРИ,27897,29136
2025-12-23 02:00,2025-12-23,2,610000,ОЭС СИБИРИ,28563,29712
2025-12-23 03:00,2025-12-23,3,610000,ОЭС СИБИРИ,29003,30579
2025-12-23 04:00,2025-12-23,4,610000,ОЭС СИБИРИ,29082,31009
2025-12-23 05:00,2025-12-23,5,610000,ОЭС СИБИРИ,29903,31629
2025-12-23 06:00,2025-12-23,6,610000,ОЭС СИБИРИ,29992,31908
2025-12-23 07:00,2025-12-23,7,610000,ОЭС СИБИРИ,30213,31754
2025-12-23 08:00,2025-12-23,8,610000,ОЭС СИБИРИ,29954,31540
2025-12-23 09:00,2025-12-23,9,610000,ОЭС СИБИРИ,30558,31831
2025-12-23 10:00,2025-12-23,10,610000,ОЭС СИБИРИ,30455,31538
2025-12-23 11:00,2025-12-23,11,610000,ОЭС СИБИРИ,30275,31342
2025-12-23 12:00,2025-12-23,12,610000,ОЭС СИБИРИ,30434,31338
2025-12-23 13:00,2025-12-23,13,610000,ОЭС СИБИРИ,30519,31556
2025-12-23 14:00,2025-12-23,14,610000,ОЭС СИБИРИ,30441,31824
2025-12-23 15:00,2025-12-23,15,610000,ОЭС СИБИРИ,30058,31459
2025-12-23 16:00,2025-12-23,16,610000,ОЭС СИБИРИ,29854,31240
2025-12-23 17:00,2025-12-23,17,610000,ОЭС СИБИРИ,29514,31118
2025-12-23 18:00,2025-12-23,18,610000,ОЭС СИБИРИ,29631,31221
2025-12-23 19:00,2025-12-23,19,610000,ОЭС СИБИРИ,29173,30490
2025-12-23 20:00,2025-12-23,20,610000,ОЭС СИБИРИ,28380,29715
2025-12-23 21:00,2025-12-23,21,610000,ОЭС СИБИРИ,28774,29431
2025-12-23 22:00,2025-12-23,22,610000,ОЭС СИБИРИ,28310,29109
2025-12-23 23:00,2025-12-23,23,610000,ОЭС СИБИРИ,28143,29130
2025-12-24 00:00,2025-12-24,0,610000,ОЭС СИБИРИ,28005,29013
2025-12-24 01:00,2025-12-24,1,610000,ОЭС СИБИРИ,28243,29480
2025-12-24 02:00,2025-12-24,2,610000,ОЭС СИБИРИ,28701,30079
2025-12-24 03:00,2025-12-24,3,610000,ОЭС СИБИРИ,29035,30999
2025-12-24 04:00,2025-12-24,4,610000,ОЭС СИБИРИ,29707,31234
2025-12-24 05:00,2025-12-24,5,610000,ОЭС СИБИРИ,29854,31715
2025-12-24 06:00,2025-12-24,6,610000,ОЭС СИБИРИ,29883,31854
2025-12-24 07:00,2025-12-24,7,610000,ОЭС СИБИРИ,30432,32021
2025-12-24 08:00,2025-12-24,8,610000,ОЭС СИБИРИ,30379,31690
2025-12-24 09:00,2025-12-24,9,610000,ОЭС СИБИРИ,30018,31792
2025-12-24 10:00,2025-12-24,10,610000,ОЭС СИБИРИ,29952,31458
2025-12-24 11:00,2025-12-24,11,610000,ОЭС СИБИРИ,29809,31312
2025-12-24 12:00,2025-12-24,12,610000,ОЭС СИБИРИ,29729,31508
2025-12-24 13:00,2025-12-24,13,610000,ОЭС СИБИРИ,30083,31767
2025-12-24 14:00,2025-12-24,14,610000,ОЭС СИБИРИ,30241,31860
2025-12-24 15:00,2025-12-24,15,610000,ОЭС СИБИРИ,30008,31751
2025-12-24 16:00,2025-12-24,16,610000,ОЭС СИБИРИ,29659,31429
2025-12-24 17:00,2025-12-24,17,610000,ОЭС СИБИРИ,29654,31243
2025-12-24 18:00,2025-12-24,18,610000,ОЭС СИБИРИ,29571,31204
2025-12-24 19:00,2025-12-24,19,610000,ОЭС СИБИРИ,29284,30658
2025-12-24 20:00,2025-12-24,20,610000,ОЭС СИБИРИ,28339,29786
2025-12-24 21:00,2025-12-24,21,610000,ОЭС СИБИРИ,28262,29522
2025-12-24 22:00,2025-12-24,22,610000,ОЭС СИБИРИ,27913,29103
2025-12-24 23:00,2025-12-24,23,610000,ОЭС СИБИРИ,27508,28841
2025-12-25 00:00,2025-12-25,0,610000,ОЭС СИБИРИ,27847,28866
2025-12-25 01:00,2025-12-25,1,610000,ОЭС СИБИРИ,28022,29124
2025-12-25 02:00,2025-12-25,2,610000,ОЭС СИБИРИ,28641,29829
2025-12-25 03:00,2025-12-25,3,610000,ОЭС СИБИРИ,28857,30521
2025-12-25 04:00,2025-12-25,4,610000,ОЭС СИБИРИ,29294,30835
2025-12-25 05:00,2025-12-25,5,610000,ОЭС СИБИРИ,29947,31351
2025-12-25 06:00,2025-12-25,6,610000,ОЭС СИБИРИ,30384,31473
2025-12-25 07:00,2025-12-25,7,610000,ОЭС СИБИРИ,30596,31457
2025-12-25 08:00,2025-12-25,8,610000,ОЭС СИБИРИ,30641,31214
2025-12-25 09:00,2025-12-25,9,610000,ОЭС СИБИРИ,31295,31506
2025-12-25 10:00,2025-12-25,10,610000,ОЭС СИБИРИ,31206,31428
2025-12-25 11:00,2025-12-25,11,610000,ОЭС СИБИРИ,30741,31138
2025-12-25 12:00,2025-12-25,12,610000,ОЭС СИБИРИ,30548,31313
2025-12-25 13:00,2025-12-25,13,610000,ОЭС СИБИРИ,30884,31409
2025-12-25 14:00,2025-12-25,14,610000,ОЭС СИБИРИ,30970,31603
2025-12-25 15:00,2025-12-25,15,610000,ОЭС СИБИРИ,31144,31724
2025-12-25 16:00,2025-12-25,16,610000,ОЭС СИБИРИ,30576,31063
2025-12-25 17:00,2025-12-25,17,610000,ОЭС СИБИРИ,30430,30861
2025-12-25 18:00,2025-12-25,18,610000,ОЭС СИБИРИ,30185,31186
2025-12-25 19:00,2025-12-25,19,610000,ОЭС СИБИРИ,29564,30432
2025-12-25 20:00,2025-12-25,20,610000,ОЭС СИБИРИ,28564,29476
2025-12-25 21:00,2025-12-25,21,610000,ОЭС СИБИРИ,28338,29048
2025-12-25 22:00,2025-12-25,22,610000,ОЭС СИБИРИ,28394,28895
2025-12-25 23:00,2025-12-25,23,610000,ОЭС СИБИРИ,27973,28800
2025-12-26 00:00,2025-12-26,0,610000,ОЭС СИБИРИ,28718,28760
2025-12-26 01:00,2025-12-26,1,610000,ОЭС СИБИРИ,28802,28942
2025-12-26 02:00,2025-12-26,2,610000,ОЭС СИБИРИ,28439,29456
2025-12-26 03:00,2025-12-26,3,610000,ОЭС СИБИРИ,28793,30334
2025-12-26 04:00,2025-12-26,4,610000,ОЭС СИБИРИ,29388,30680
2025-12-26 05:00,2025-12-26,5,610000,ОЭС СИБИРИ,29742,31002
2025-12-26 06:00,2025-12-26,6,610000,ОЭС СИБИРИ,30168,31238
2025-12-26 07:00,2025-12-26,7,610000,ОЭС СИБИРИ,30214,31404
2025-12-26 08:00,2025-12-26,8,610000,ОЭС СИБИРИ,30117,31126
2025-12-26 09:00,2025-12-26,9,610000,ОЭС СИБИРИ,30683,31507
2025-12-26 10:00,2025-12-26,10,610000,ОЭС СИБИРИ,30787,31108
2025-12-26 11:00,2025-12-26,11,610000,ОЭС СИБИРИ,30059,30836
2025-12-26 12:00,2025-12-26,12,610000,ОЭС СИБИРИ,30238,30996
2025-12-26 13:00,2025-12-26,13,610000,ОЭС СИБИРИ,30487,31232
2025-12-26 14:00,2025-12-26,14,610000,ОЭС СИБИРИ,30463,31363
2025-12-26 15:00,2025-12-26,15,610000,ОЭС СИБИРИ,30593,31313
2025-12-26 16:00,2025-12-26,16,610000,ОЭС СИБИРИ,30320,31040
2025-12-26 17:00,2025-12-26,17,610000,ОЭС СИБИРИ,30671,30931
2025-12-26 18:00,2025-12-26,18,610000,ОЭС СИБИРИ,30464,30797
2025-12-26 19:00,2025-12-26,19,610000,ОЭС СИБИРИ,29794,30364
2025-12-26 20:00,2025-12-26,20,610000,ОЭС СИБИРИ,28651,29553
2025-12-26 21:00,2025-12-26,21,610000,ОЭС СИБИРИ,28065,29138
2025-12-26 22:00,2025-12-26,22,610000,ОЭС СИБИРИ,27968,29042
2025-12-26 23:00,2025-12-26,23,610000,ОЭС СИБИРИ,27663,28814
2025-12-27 00:00,2025-12-27,0,610000,ОЭС СИБИРИ,27383,28727
2025-12-27 01:00,2025-12-27,1,610000,ОЭС СИБИРИ,27738,28951
2025-12-27 02:00,2025-12-27,2,610000,ОЭС СИБИРИ,27745,29020
2025-12-27 03:00,2025-12-27,3,610000,ОЭС СИБИРИ,27712,29588
2025-12-27 04:00,2025-12-27,4,610000,ОЭС СИБИРИ,28581,30189
2025-12-27 05:00,2025-12-27,5,610000,ОЭС СИБИРИ,29457,31069
2025-12-27 06:00,2025-12-27,6,610000,ОЭС СИБИРИ,30264,31536
2025-12-27 07:00,2025-12-27,7,610000,ОЭС СИБИРИ,30484,31718
2025-12-27 08:00,2025-12-27,8,610000,ОЭС СИБИРИ,30229,31687
2025-12-27 09:00,2025-12-27,9,610000,ОЭС СИБИРИ,30378,31849
2025-12-27 10:00,2025-12-27,10,610000,ОЭС СИБИРИ,30572,31686
2025-12-27 11:00,2025-12-27,11,610000,ОЭС СИБИРИ,30569,31686
2025-12-27 12:00,2025-12-27,12,610000,ОЭС СИБИРИ,30538,31767
2025-12-27 13:00,2025-12-27,13,610000,ОЭС СИБИРИ,30642,31801
2025-12-27 14:00,2025-12-27,14,610000,ОЭС СИБИРИ,30993,32189
2025-12-27 15:00,2025-12-27,15,610000,ОЭС СИБИРИ,30243,31865
2025-12-27 16:00,2025-12-27,16,610000,ОЭС СИБИРИ,30153,31438
2025-12-27 17:00,2025-12-27,17,610000,ОЭС СИБИРИ,30179,31227
2025-12-27 18:00,2025-12-27,18,610000,ОЭС СИБИРИ,29801,30926
2025-12-27 19:00,2025-12-27,19,610000,ОЭС СИБИРИ,28725,30087
2025-12-27 20:00,2025-12-27,20,610000,ОЭС СИБИРИ,28119,29602
2025-12-27 21:00,2025-12-27,21,610000,ОЭС СИБИРИ,27597,29002
2025-12-27 22:00,2025-12-27,22,610000,ОЭС СИБИРИ,27312,28928
2025-12-27 23:00,2025-12-27,23,610000,ОЭС СИБИРИ,27430,28854
2025-12-28 00:00,2025-12-28,0,610000,ОЭС СИБИРИ,27104,28736
2025-12-28 01:00,2025-12-28,1,610000,ОЭС СИБИРИ,27512,28876
2025-12-28 02:00,2025-12-28,2,610000,ОЭС СИБИРИ,27578,29043
2025-12-28 03:00,2025-12-28,3,610000,ОЭС СИБИРИ,27987,29461
2025-12-28 04:00,2025-12-28,4,610000,ОЭС СИБИРИ,28701,30033
2025-12-28 05:00,2025-12-28,5,610000,ОЭС СИБИРИ,29207,30729
2025-12-28 06:00,2025-12-28,6,610000,ОЭС СИБИРИ,29744,31181
2025-12-28 07:00,2025-12-28,7,610000,ОЭС СИБИРИ,29888,31557
2025-12-28 08:00,2025-12-28,8,610000,ОЭС СИБИРИ,29879,31549
2025-12-28 09:00,2025-12-28,9,610000,ОЭС СИБИРИ,30276,31374
2025-12-28 10:00,2025-12-28,10,610000,ОЭС СИБИРИ,30190,31248
2025-12-28 11:00,2025-12-28,11,610000,ОЭС СИБИРИ,30288,31331
2025-12-28 12:00,2025-12-28,12,610000,ОЭС СИБИРИ,30047,31096
2025-12-28 13:00,2025-12-28,13,610000,ОЭС СИБИРИ,30233,31658
2025-12-28 14:00,2025-12-28,14,610000,ОЭС СИБИРИ,30605,31917
2025-12-28 15:00,2025-12-28,15,610000,ОЭС СИБИРИ,30682,31831
2025-12-28 16:00,2025-12-28,16,610000,ОЭС СИБИРИ,30603,31429
2025-12-28 17:00,2025-12-28,17,610000,ОЭС СИБИРИ,30533,31325
2025-12-28 18:00,2025-12-28,18,610000,ОЭС СИБИРИ,30219,31019
2025-12-28 19:00,2025-12-28,19,610000,ОЭС СИБИРИ,29742,30412
2025-12-28 20:00,2025-12-28,20,610000,ОЭС СИБИРИ,29001,29769
2025-12-28 21:00,2025-12-28,21,610000,ОЭС СИБИРИ,28870,29340
2025-12-28 22:00,2025-12-28,22,610000,ОЭС СИБИРИ,28019,29162
2025-12-28 23:00,2025-12-28,23,610000,ОЭС СИБИРИ,27267,28979
2025-12-29 00:00,2025-12-29,0,610000,ОЭС СИБИРИ,27589,29059
2025-12-29 01:00,2025-12-29,1,610000,ОЭС СИБИРИ,27958,29202
2025-12-29 02:00,2025-12-29,2,610000,ОЭС СИБИРИ,28358,29832
2025-12-29 03:00,2025-12-29,3,610000,ОЭС СИБИРИ,28614,30649
2025-12-29 04:00,2025-12-29,4,610000,ОЭС СИБИРИ,29254,31101
2025-12-29 05:00,2025-12-29,5,610000,ОЭС СИБИРИ,29909,31767
2025-12-29 06:00,2025-12-29,6,610000,ОЭС СИБИРИ,30106,31816
2025-12-29 07:00,2025-12-29,7,610000,ОЭС СИБИРИ,30412,31702
2025-12-29 08:00,2025-12-29,8,610000,ОЭС СИБИРИ,30046,31686
2025-12-29 09:00,2025-12-29,9,610000,ОЭС СИБИРИ,30644,32042
2025-12-29 10:00,2025-12-29,10,610000,ОЭС СИБИРИ,30429,31538
2025-12-29 11:00,2025-12-29,11,610000,ОЭС СИБИРИ,30267,31165
2025-12-29 12:00,2025-12-29,12,610000,ОЭС СИБИРИ,30454,31224
2025-12-29 13:00,2025-12-29,13,610000,ОЭС СИБИРИ,30777,31364
2025-12-29 14:00,2025-12-29,14,610000,ОЭС СИБИРИ,30936,31708
2025-12-29 15:00,2025-12-29,15,610000,ОЭС СИБИРИ,30764,31614
2025-12-29 16:00,2025-12-29,16,610000,ОЭС СИБИРИ,29972,31229
2025-12-29 17:00,2025-12-29,17,610000,ОЭС СИБИРИ,30063,31243
2025-12-29 18:00,2025-12-29,18,610000,ОЭС СИБИРИ,30087,31270
2025-12-29 19:00,2025-12-29,19,610000,ОЭС СИБИРИ,29297,30560
2025-12-29 20:00,2025-12-29,20,610000,ОЭС СИБИРИ,29191,29932
2025-12-29 21:00,2025-12-29,21,610000,ОЭС СИБИРИ,28414,29569
2025-12-29 22:00,2025-12-29,22,610000,ОЭС СИБИРИ,28038,29235
2025-12-29 23:00,2025-12-29,23,610000,ОЭС СИБИРИ,27555,29226
2025-12-30 00:00,2025-12-30,0,610000,ОЭС СИБИРИ,27579,29190
2025-12-30 01:00,2025-12-30,1,610000,ОЭС СИБИРИ,27780,29404
2025-12-30 02:00,2025-12-30,2,610000,ОЭС СИБИРИ,28342,29929
2025-12-30 03:00,2025-12-30,3,610000,ОЭС СИБИРИ,28992,30731
2025-12-30 04:00,2025-12-30,4,610000,ОЭС СИБИРИ,29467,30901
2025-12-30 05:00,2025-12-30,5,610000,ОЭС СИБИРИ,30014,31399
2025-12-30 06:00,2025-12-30,6,610000,ОЭС СИБИРИ,29766,31505
2025-12-30 07:00,2025-12-30,7,610000,ОЭС СИБИРИ,30130,31693
2025-12-30 08:00,2025-12-30,8,610000,ОЭС СИБИРИ,29986,31460
2025-12-30 09:00,2025-12-30,9,610000,ОЭС СИБИРИ,30644,31472
2025-12-30 10:00,2025-12-30,10,610000,ОЭС СИБИРИ,30326,31021
2025-12-30 11:00,2025-12-30,11,610000,ОЭС СИБИРИ,30138,30898
2025-12-30 12:00,2025-12-30,12,610000,ОЭС СИБИРИ,30258,31078
2025-12-30 13:00,2025-12-30,13,610000,ОЭС СИБИРИ,30242,31191
2025-12-30 14:00,2025-12-30,14,610000,ОЭС СИБИРИ,30875,31499
2025-12-30 15:00,2025-12-30,15,610000,ОЭС СИБИРИ,30671,31571
2025-12-30 16:00,2025-12-30,16,610000,ОЭС СИБИРИ,30521,31298
2025-12-30 17:00,2025-12-30,17,610000,ОЭС СИБИРИ,30288,31260
2025-12-30 18:00,2025-12-30,18,610000,ОЭС СИБИРИ,30036,31070
2025-12-30 19:00,2025-12-30,19,610000,ОЭС СИБИРИ,29336,30415
2025-12-30 20:00,2025-12-30,20,610000,ОЭС СИБИРИ,29077,29589
2025-12-30 21:00,2025-12-30,21,610000,ОЭС СИБИРИ,28654,29123
2025-12-30 22:00,2025-12-30,22,610000,ОЭС СИБИРИ,28481,28819
2025-12-30 23:00,2025-12-30,23,610000,ОЭС СИБИРИ,28521,28746
2025-12-31 00:00,2025-12-31,0,610000,ОЭС СИБИРИ,27671,28609
2025-12-31 01:00,2025-12-31,1,610000,ОЭС СИБИРИ,27751,28650
2025-12-31 02:00,2025-12-31,2,610000,ОЭС СИБИРИ,27496,28757
2025-12-31 03:00,2025-12-31,3,610000,ОЭС СИБИРИ,27582,29237
2025-12-31 04:00,2025-12-31,4,610000,ОЭС СИБИРИ,28030,29832
2025-12-31 05:00,2025-12-31,5,610000,ОЭС СИБИРИ,28923,30436
2025-12-31 06:00,2025-12-31,6,610000,ОЭС СИБИРИ,29691,31020
2025-12-31 07:00,2025-12-31,7,610000,ОЭС СИБИРИ,29553,31246
2025-12-31 08:00,2025-12-31,8,610000,ОЭС СИБИРИ,29601,31322
2025-12-31 09:00,2025-12-31,9,610000,ОЭС СИБИРИ,29572,31191
2025-12-31 10:00,2025-12-31,10,610000,ОЭС СИБИРИ,29708,31002
2025-12-31 11:00,2025-12-31,11,610000,ОЭС СИБИРИ,29235,30899
2025-12-31 12:00,2025-12-31,12,610000,ОЭС СИБИРИ,29446,31002
2025-12-31 13:00,2025-12-31,13,610000,ОЭС СИБИРИ,29854,31467
2025-12-31 14:00,2025-12-31,14,610000,ОЭС СИБИРИ,30054,31712
2025-12-31 15:00,2025-12-31,15,610000,ОЭС СИБИРИ,29754,31534
2025-12-31 16:00,2025-12-31,16,610000,ОЭС СИБИРИ,29422,31302
2025-12-31 17:00,2025-12-31,17,610000,ОЭС СИБИРИ,29030,30800
2025-12-31 18:00,2025-12-31,18,610000,ОЭС СИБИРИ,28079,29918
2025-12-31 19:00,2025-12-31,19,610000,ОЭС СИБИРИ,27547,29445
2025-12-31 20:00,2025-12-31,20,610000,ОЭС СИБИРИ,27000,28721
2025-12-31 21:00,2025-12-31,21,610000,ОЭС СИБИРИ,27409,28389
2025-12-31 22:00,2025-12-31,22,610000,ОЭС СИБИРИ,26793,28355
2025-12-31 23:00,2025-12-31,23,610000,ОЭС СИБИРИ,26852,28110
2026-01-01 00:00,2026-01-01,0,610000,ОЭС СИБИРИ,26034,27979
2026-01-01 01:00,2026-01-01,1,610000,ОЭС СИБИРИ,26329,27885
2026-01-01 02:00,2026-01-01,2,610000,ОЭС СИБИРИ,26660,27858
2026-01-01 03:00,2026-01-01,3,610000,ОЭС СИБИРИ,26425,27839
2026-01-01 04:00,2026-01-01,4,610000,ОЭС СИБИРИ,26453,28045
2026-01-01 05:00,2026-01-01,5,610000,ОЭС СИБИРИ,26079,28210
2026-01-01 06:00,2026-01-01,6,610000,ОЭС СИБИРИ,26669,28409
2026-01-01 07:00,2026-01-01,7,610000,ОЭС СИБИРИ,26958,28746
2026-01-01 08:00,2026-01-01,8,610000,ОЭС СИБИРИ,26593,28843
2026-01-01 09:00,2026-01-01,9,610000,ОЭС СИБИРИ,26731,29038
2026-01-01 10:00,2026-01-01,10,610000,ОЭС СИБИРИ,26734,28751
2026-01-01 11:00,2026-01-01,11,610000,ОЭС СИБИРИ,27038,28761
2026-01-01 12:00,2026-01-01,12,610000,ОЭС СИБИРИ,27075,28788
2026-01-01 13:00,2026-01-01,13,610000,ОЭС СИБИРИ,27544,29211
2026-01-01 14:00,2026-01-01,14,610000,ОЭС СИБИРИ,27842,29460
2026-01-01 15:00,2026-01-01,15,610000,ОЭС СИБИРИ,27669,29500
2026-01-01 16:00,2026-01-01,16,610000,ОЭС СИБИРИ,27420,29392
2026-01-01 17:00,2026-01-01,17,610000,ОЭС СИБИРИ,27605,29381
2026-01-01 18:00,2026-01-01,18,610000,ОЭС СИБИРИ,27334,29132
2026-01-01 19:00,2026-01-01,19,610000,ОЭС СИБИРИ,27004,28860
2026-01-01 20:00,2026-01-01,20,610000,ОЭС СИБИРИ,26618,28492
2026-01-01 21:00,2026-01-01,21,610000,ОЭС СИБИРИ,26543,28206
2026-01-01 22:00,2026-01-01,22,610000,ОЭС СИБИРИ,26220,28092
2026-01-01 23:00,2026-01-01,23,610000,ОЭС СИБИРИ,25764,27757
2026-01-02 00:00,2026-01-02,0,610000,ОЭС СИБИРИ,26314,27874
2026-01-02 01:00,2026-01-02,1,610000,ОЭС СИБИРИ,26188,27887
2026-01-02 02:00,2026-01-02,2,610000,ОЭС СИБИРИ,26253,28131
2026-01-02 03:00,2026-01-02,3,610000,ОЭС СИБИРИ,26163,28352
2026-01-02 04:00,2026-01-02,4,610000,ОЭС СИБИРИ,26737,28784
2026-01-02 05:00,2026-01-02,5,610000,ОЭС СИБИРИ,27518,29266
2026-01-02 06:00,2026-01-02,6,610000,ОЭС СИБИРИ,27753,29726
2026-01-02 07:00,2026-01-02,7,610000,ОЭС СИБИРИ,27860,30025
2026-01-02 08:00,2026-01-02,8,610000,ОЭС СИБИРИ,27305,29984
2026-01-02 09:00,2026-01-02,9,610000,ОЭС СИБИРИ,27951,30113
2026-01-02 10:00,2026-01-02,10,610000,ОЭС СИБИРИ,28171,29632
2026-01-02 11:00,2026-01-02,11,610000,ОЭС СИБИРИ,28511,29884
2026-01-02 12:00,2026-01-02,12,610000,ОЭС СИБИРИ,28832,29603
2026-01-02 13:00,2026-01-02,13,610000,ОЭС СИБИРИ,29167,30036
2026-01-02 14:00,2026-01-02,14,610000,ОЭС СИБИРИ,28873,30210
2026-01-02 15:00,2026-01-02,15,610000,ОЭС СИБИРИ,28923,30199
2026-01-02 16:00,2026-01-02,16,610000,ОЭС СИБИРИ,28939,29951
2026-01-02 17:00,2026-01-02,17,610000,ОЭС СИБИРИ,28804,30044
2026-01-02 18:00,2026-01-02,18,610000,ОЭС СИБИРИ,28251,29587
2026-01-02 19:00,2026-01-02,19,610000,ОЭС СИБИРИ,27753,29223
2026-01-02 20:00,2026-01-02,20,610000,ОЭС СИБИРИ,27487,28880
2026-01-02 21:00,2026-01-02,21,610000,ОЭС СИБИРИ,27118,28584
2026-01-02 22:00,2026-01-02,22,610000,ОЭС СИБИРИ,27029,28451
2026-01-02 23:00,2026-01-02,23,610000,ОЭС СИБИРИ,26309,28381
2026-01-03 00:00,2026-01-03,0,610000,ОЭС СИБИРИ,26374,28322
2026-01-03 01:00,2026-01-03,1,610000,ОЭС СИБИРИ,26431,28333
2026-01-03 02:00,2026-01-03,2,610000,ОЭС СИБИРИ,26577,28481
2026-01-03 03:00,2026-01-03,3,610000,ОЭС СИБИРИ,26773,28926
2026-01-03 04:00,2026-01-03,4,610000,ОЭС СИБИРИ,27329,29472
2026-01-03 05:00,2026-01-03,5,610000,ОЭС СИБИРИ,27753,29847
2026-01-03 06:00,2026-01-03,6,610000,ОЭС СИБИРИ,28447,30402
2026-01-03 07:00,2026-01-03,7,610000,ОЭС СИБИРИ,28730,30855
2026-01-03 08:00,2026-01-03,8,610000,ОЭС СИБИРИ,28294,30864
2026-01-03 09:00,2026-01-03,9,610000,ОЭС СИБИРИ,28742,30668
2026-01-03 10:00,2026-01-03,10,610000,ОЭС СИБИРИ,28325,30117
2026-01-03 11:00,2026-01-03,11,610000,ОЭС СИБИРИ,28353,29985
2026-01-03 12:00,2026-01-03,12,610000,ОЭС СИБИРИ,28637,29993
2026-01-03 13:00,2026-01-03,13,610000,ОЭС СИБИРИ,28694,30407
2026-01-03 14:00,2026-01-03,14,610000,ОЭС СИБИРИ,29305,30639
2026-01-03 15:00,2026-01-03,15,610000,ОЭС СИБИРИ,28965,30412
2026-01-03 16:00,2026-01-03,16,610000,ОЭС СИБИРИ,28857,30165
2026-01-03 17:00,2026-01-03,17,610000,ОЭС СИБИРИ,28697,30150
2026-01-03 18:00,2026-01-03,18,610000,ОЭС СИБИРИ,28687,30083
2026-01-03 19:00,2026-01-03,19,610000,ОЭС СИБИРИ,28141,29602
2026-01-03 20:00,2026-01-03,20,610000,ОЭС СИБИРИ,27220,28980
2026-01-03 21:00,2026-01-03,21,610000,ОЭС СИБИРИ,26746,28779
2026-01-03 22:00,2026-01-03,22,610000,ОЭС СИБИРИ,26410,28577
2026-01-03 23:00,2026-01-03,23,610000,ОЭС СИБИРИ,26488,28515
2026-01-04 00:00,2026-01-04,0,610000,ОЭС СИБИРИ,26556,28399
2026-01-04 01:00,2026-01-04,1,610000,ОЭС СИБИРИ,26570,28315
2026-01-04 02:00,2026-01-04,2,610000,ОЭС СИБИРИ,26215,28548
2026-01-04 03:00,2026-01-04,3,610000,ОЭС СИБИРИ,26525,28970
2026-01-04 04:00,2026-01-04,4,610000,ОЭС СИБИРИ,27580,29538
2026-01-04 05:00,2026-01-04,5,610000,ОЭС СИБИРИ,27848,30041
2026-01-04 06:00,2026-01-04,6,610000,ОЭС СИБИРИ,28258,30618
2026-01-04 07:00,2026-01-04,7,610000,ОЭС СИБИРИ,28303,30827
2026-01-04 08:00,2026-01-04,8,610000,ОЭС СИБИРИ,28306,30723
2026-01-04 09:00,2026-01-04,9,610000,ОЭС СИБИРИ,28420,30504
2026-01-04 10:00,2026-01-04,10,610000,ОЭС СИБИРИ,28326,30359
2026-01-04 11:00,2026-01-04,11,610000,ОЭС СИБИРИ,28558,30303
2026-01-04 12:00,2026-01-04,12,610000,ОЭС СИБИРИ,28446,30150
2026-01-04 13:00,2026-01-04,13,610000,ОЭС СИБИРИ,29031,30576
2026-01-04 14:00,2026-01-04,14,610000,ОЭС СИБИРИ,29125,30946
2026-01-04 15:00,2026-01-04,15,610000,ОЭС СИБИРИ,28782,30675
2026-01-04 16:00,2026-01-04,16,610000,ОЭС СИБИРИ,28564,30358
2026-01-04 17:00,2026-01-04,17,610000,ОЭС СИБИРИ,28712,30308
2026-01-04 18:00,2026-01-04,18,610000,ОЭС СИБИРИ,28203,30075
2026-01-04 19:00,2026-01-04,19,610000,ОЭС СИБИРИ,27495,29517
2026-01-04 20:00,2026-01-04,20,610000,ОЭС СИБИРИ,27412,28986
2026-01-04 21:00,2026-01-04,21,610000,ОЭС СИБИРИ,26713,28709
2026-01-04 22:00,2026-01-04,22,610000,ОЭС СИБИРИ,26340,28386
2026-01-04 23:00,2026-01-04,23,610000,ОЭС СИБИРИ,26353,28265
2026-01-05 00:00,2026-01-05,0,610000,ОЭС СИБИРИ,26079,28214
2026-01-05 01:00,2026-01-05,1,610000,ОЭС СИБИРИ,26271,28338
2026-01-05 02:00,2026-01-05,2,610000,ОЭС СИБИРИ,26686,28671
2026-01-05 03:00,2026-01-05,3,610000,ОЭС СИБИРИ,26852,28972
2026-01-05 04:00,2026-01-05,4,610000,ОЭС СИБИРИ,27622,29559
2026-01-05 05:00,2026-01-05,5,610000,ОЭС СИБИРИ,28329,30231
2026-01-05 06:00,2026-01-05,6,610000,ОЭС СИБИРИ,29047,30721
2026-01-05 07:00,2026-01-05,7,610000,ОЭС СИБИРИ,28662,30813
2026-01-05 08:00,2026-01-05,8,610000,ОЭС СИБИРИ,28385,30793
2026-01-05 09:00,2026-01-05,9,610000,ОЭС СИБИРИ,28273,30633
2026-01-05 10:00,2026-01-05,10,610000,ОЭС СИБИРИ,28364,30603
2026-01-05 11:00,2026-01-05,11,610000,ОЭС СИБИРИ,28481,30582
2026-01-05 12:00,2026-01-05,12,610000,ОЭС СИБИРИ,28450,30616
2026-01-05 13:00,2026-01-05,13,610000,ОЭС СИБИРИ,29364,30904
2026-01-05 14:00,2026-01-05,14,610000,ОЭС СИБИРИ,29480,31047
2026-01-05 15:00,2026-01-05,15,610000,ОЭС СИБИРИ,28941,30863
2026-01-05 16:00,2026-01-05,16,610000,ОЭС СИБИРИ,28597,30469
2026-01-05 17:00,2026-01-05,17,610000,ОЭС СИБИРИ,28027,30239
2026-01-05 18:00,2026-01-05,18,610000,ОЭС СИБИРИ,27621,29893
2026-01-05 19:00,2026-01-05,19,610000,ОЭС СИБИРИ,27329,29217
2026-01-05 20:00,2026-01-05,20,610000,ОЭС СИБИРИ,27378,28868
2026-01-05 21:00,2026-01-05,21,610000,ОЭС СИБИРИ,26490,28414
2026-01-05 22:00,2026-01-05,22,610000,ОЭС СИБИРИ,26412,28230
2026-01-05 23:00,2026-01-05,23,610000,ОЭС СИБИРИ,26598,27990
2026-01-06 00:00,2026-01-06,0,610000,ОЭС СИБИРИ,26592,27963
2026-01-06 01:00,2026-01-06,1,610000,ОЭС СИБИРИ,26540,28040
2026-01-06 02:00,2026-01-06,2,610000,ОЭС СИБИРИ,26412,28187
2026-01-06 03:00,2026-01-06,3,610000,ОЭС СИБИРИ,26816,28660
2026-01-06 04:00,2026-01-06,4,610000,ОЭС СИБИРИ,27281,29114
2026-01-06 05:00,2026-01-06,5,610000,ОЭС СИБИРИ,27966,29839
2026-01-06 06:00,2026-01-06,6,610000,ОЭС СИБИРИ,28449,30203
2026-01-06 07:00,2026-01-06,7,610000,ОЭС СИБИРИ,28812,30538
2026-01-06 08:00,2026-01-06,8,610000,ОЭС СИБИРИ,28608,30490
2026-01-06 09:00,2026-01-06,9,610000,ОЭС СИБИРИ,28776,30452
2026-01-06 10:00,2026-01-06,10,610000,ОЭС СИБИРИ,28765,30396
2026-01-06 11:00,2026-01-06,11,610000,ОЭС СИБИРИ,28903,30458
2026-01-06 12:00,2026-01-06,12,610000,ОЭС СИБИРИ,28891,30365
2026-01-06 13:00,2026-01-06,13,610000,ОЭС СИБИРИ,29367,30551
2026-01-06 14:00,2026-01-06,14,610000,ОЭС СИБИРИ,29693,30986
2026-01-06 15:00,2026-01-06,15,610000,ОЭС СИБИРИ,29396,30736
2026-01-06 16:00,2026-01-06,16,610000,ОЭС СИБИРИ,29267,30323
2026-01-06 17:00,2026-01-06,17,610000,ОЭС СИБИРИ,28719,30084
2026-01-06 18:00,2026-01-06,18,610000,ОЭС СИБИРИ,28014,29794
2026-01-06 19:00,2026-01-06,19,610000,ОЭС СИБИРИ,27571,29298
2026-01-06 20:00,2026-01-06,20,610000,ОЭС СИБИРИ,26906,28681
2026-01-06 21:00,2026-01-06,21,610000,ОЭС СИБИРИ,26755,28326
2026-01-06 22:00,2026-01-06,22,610000,ОЭС СИБИРИ,26957,28240
2026-01-06 23:00,2026-01-06,23,610000,ОЭС СИБИРИ,26290,27823
2026-01-07 00:00,2026-01-07,0,610000,ОЭС СИБИРИ,26113,27742
2026-01-07 01:00,2026-01-07,1,610000,ОЭС СИБИРИ,26077,27752
2026-01-07 02:00,2026-01-07,2,610000,ОЭС СИБИРИ,26256,28040
2026-01-07 03:00,2026-01-07,3,610000,ОЭС СИБИРИ,26867,28244
2026-01-07 04:00,2026-01-07,4,610000,ОЭС СИБИРИ,26960,28591
2026-01-07 05:00,2026-01-07,5,610000,ОЭС СИБИРИ,27780,29223
2026-01-07 06:00,2026-01-07,6,610000,ОЭС СИБИРИ,28202,29687
2026-01-07 07:00,2026-01-07,7,610000,ОЭС СИБИРИ,28033,29934
2026-01-07 08:00,2026-01-07,8,610000,ОЭС СИБИРИ,28118,29952
2026-01-07 09:00,2026-01-07,9,610000,ОЭС СИБИРИ,28121,29962
2026-01-07 10:00,2026-01-07,10,610000,ОЭС СИБИРИ,28500,29950
2026-01-07 11:00,2026-01-07,11,610000,ОЭС СИБИРИ,28874,29982
2026-01-07 12:00,2026-01-07,12,610000,ОЭС СИБИРИ,28901,29902
2026-01-07 13:00,2026-01-07,13,610000,ОЭС СИБИРИ,29065,30242
2026-01-07 14:00,2026-01-07,14,610000,ОЭС СИБИРИ,28951,30313
2026-01-07 15:00,2026-01-07,15,610000,ОЭС СИБИРИ,28859,30314
2026-01-07 16:00,2026-01-07,16,610000,ОЭС СИБИРИ,28442,29892
2026-01-07 17:00,2026-01-07,17,610000,ОЭС СИБИРИ,28430,29839
2026-01-07 18:00,2026-01-07,18,610000,ОЭС СИБИРИ,27873,29332
2026-01-07 19:00,2026-01-07,19,610000,ОЭС СИБИРИ,27546,28890
2026-01-07 20:00,2026-01-07,20,610000,ОЭС СИБИРИ,27260,28463
2026-01-07 21:00,2026-01-07,21,610000,ОЭС СИБИРИ,26950,28053
2026-01-07 22:00,2026-01-07,22,610000,ОЭС СИБИРИ,26124,27913
2026-01-07 23:00,2026-01-07,23,610000,ОЭС СИБИРИ,26062,27562
2026-01-08 00:00,2026-01-08,0,610000,ОЭС СИБИРИ,26269,27720
2026-01-08 01:00,2026-01-08,1,610000,ОЭС СИБИРИ,25798,27638
2026-01-08 02:00,2026-01-08,2,610000,ОЭС СИБИРИ,26362,27897
2026-01-08 03:00,2026-01-08,3,610000,ОЭС СИБИРИ,26551,28269
2026-01-08 04:00,2026-01-08,4,610000,ОЭС СИБИРИ,27094,28938
2026-01-08 05:00,2026-01-08,5,610000,ОЭС СИБИРИ,28199,29621
2026-01-08 06:00,2026-01-08,6,610000,ОЭС СИБИРИ,28810,30144
2026-01-08 07:00,2026-01-08,7,610000,ОЭС СИБИРИ,28940,30334
2026-01-08 08:00,2026-01-08,8,610000,ОЭС СИБИРИ,28668,30298
2026-01-08 09:00,2026-01-08,9,610000,ОЭС СИБИРИ,28888,30399
2026-01-08 10:00,2026-01-08,10,610000,ОЭС СИБИРИ,28937,30510
2026-01-08 11:00,2026-01-08,11,610000,ОЭС СИБИРИ,28975,30369
2026-01-08 12:00,2026-01-08,12,610000,ОЭС СИБИРИ,28983,30492
2026-01-08 13:00,2026-01-08,13,610000,ОЭС СИБИРИ,29438,30744
2026-01-08 14:00,2026-01-08,14,610000,ОЭС СИБИРИ,29906,31047
2026-01-08 15:00,2026-01-08,15,610000,ОЭС СИБИРИ,29804,30954
2026-01-08 16:00,2026-01-08,16,610000,ОЭС СИБИРИ,29532,30470
2026-01-08 17:00,2026-01-08,17,610000,ОЭС СИБИРИ,29115,30348
2026-01-08 18:00,2026-01-08,18,610000,ОЭС СИБИРИ,28724,30031
2026-01-08 19:00,2026-01-08,19,610000,ОЭС СИБИРИ,28206,29603
2026-01-08 20:00,2026-01-08,20,610000,ОЭС СИБИРИ,27740,29185
2026-01-08 21:00,2026-01-08,21,610000,ОЭС СИБИРИ,27673,28879
2026-01-08 22:00,2026-01-08,22,610000,ОЭС СИБИРИ,27517,28644
2026-01-08 23:00,2026-01-08,23,610000,ОЭС СИБИРИ,26980,28432
2026-01-09 00:00,2026-01-09,0,610000,ОЭС СИБИРИ,27441,28404
2026-01-09 01:00,2026-01-09,1,610000,ОЭС СИБИРИ,27209,28366
2026-01-09 02:00,2026-01-09,2,610000,ОЭС СИБИРИ,27530,28584
2026-01-09 03:00,2026-01-09,3,610000,ОЭС СИБИРИ,27745,29116
2026-01-09 04:00,2026-01-09,4,610000,ОЭС СИБИРИ,28144,29659
2026-01-09 05:00,2026-01-09,5,610000,ОЭС СИБИРИ,29006,30523
2026-01-09 06:00,2026-01-09,6,610000,ОЭС СИБИРИ,29487,31069
2026-01-09 07:00,2026-01-09,7,610000,ОЭС СИБИРИ,29628,31115
2026-01-09 08:00,2026-01-09,8,610000,ОЭС СИБИРИ,29699,31281
2026-01-09 09:00,2026-01-09,9,610000,ОЭС СИБИРИ,29623,31094
2026-01-09 10:00,2026-01-09,10,610000,ОЭС СИБИРИ,29439,31138
2026-01-09 11:00,2026-01-09,11,610000,ОЭС СИБИРИ,29487,31133
2026-01-09 12:00,2026-01-09,12,610000,ОЭС СИБИРИ,29578,31129
2026-01-09 13:00,2026-01-09,13,610000,ОЭС СИБИРИ,29683,31394
2026-01-09 14:00,2026-01-09,14,610000,ОЭС СИБИРИ,29476,31619
2026-01-09 15:00,2026-01-09,15,610000,ОЭС СИБИРИ,29336,31447
2026-01-09 16:00,2026-01-09,16,610000,ОЭС СИБИРИ,29006,31079
2026-01-09 17:00,2026-01-09,17,610000,ОЭС СИБИРИ,28844,30682
2026-01-09 18:00,2026-01-09,18,610000,ОЭС СИБИРИ,28674,30380
2026-01-09 19:00,2026-01-09,19,610000,ОЭС СИБИРИ,27658,29826
2026-01-09 20:00,2026-01-09,20,610000,ОЭС СИБИРИ,27608,29296
2026-01-09 21:00,2026-01-09,21,610000,ОЭС СИБИРИ,27677,29065
2026-01-09 22:00,2026-01-09,22,610000,ОЭС СИБИРИ,27395,28813
2026-01-09 23:00,2026-01-09,23,610000,ОЭС СИБИРИ,27549,28581
2026-01-10 00:00,2026-01-10,0,610000,ОЭС СИБИРИ,27120,28219
2026-01-10 01:00,2026-01-10,1,610000,ОЭС СИБИРИ,27274,28535
2026-01-10 02:00,2026-01-10,2,610000,ОЭС СИБИРИ,27507,28822
2026-01-10 03:00,2026-01-10,3,610000,ОЭС СИБИРИ,27721,29165
2026-01-10 04:00,2026-01-10,4,610000,ОЭС СИБИРИ,28009,29636
2026-01-10 05:00,2026-01-10,5,610000,ОЭС СИБИРИ,28594,30238
2026-01-10 06:00,2026-01-10,6,610000,ОЭС СИБИРИ,29331,30832
2026-01-10 07:00,2026-01-10,7,610000,ОЭС СИБИРИ,29460,31130
2026-01-10 08:00,2026-01-10,8,610000,ОЭС СИБИРИ,29273,30889
2026-01-10 09:00,2026-01-10,9,610000,ОЭС СИБИРИ,29496,31044
2026-01-10 10:00,2026-01-10,10,610000,ОЭС СИБИРИ,29823,30976
2026-01-10 11:00,2026-01-10,11,610000,ОЭС СИБИРИ,30204,31035
2026-01-10 12:00,2026-01-10,12,610000,ОЭС СИБИРИ,30067,30741
2026-01-10 13:00,2026-01-10,13,610000,ОЭС СИБИРИ,30282,31118
2026-01-10 14:00,2026-01-10,14,610000,ОЭС СИБИРИ,30409,31332
2026-01-10 15:00,2026-01-10,15,610000,ОЭС СИБИРИ,29761,31188
2026-01-10 16:00,2026-01-10,16,610000,ОЭС СИБИРИ,29720,30730
2026-01-10 17:00,2026-01-10,17,610000,ОЭС СИБИРИ,29473,30564
2026-01-10 18:00,2026-01-10,18,610000,ОЭС СИБИРИ,29179,30263
2026-01-10 19:00,2026-01-10,19,610000,ОЭС СИБИРИ,28299,29621
2026-01-10 20:00,2026-01-10,20,610000,ОЭС СИБИРИ,27805,29293
2026-01-10 21:00,2026-01-10,21,610000,ОЭС СИБИРИ,27450,28697
2026-01-10 22:00,2026-01-10,22,610000,ОЭС СИБИРИ,27581,28645
2026-01-10 23:00,2026-01-10,23,610000,ОЭС СИБИРИ,27483,28353
2026-01-11 00:00,2026-01-11,0,610000,ОЭС СИБИРИ,27456,28399
2026-01-11 01:00,2026-01-11,1,610000,ОЭС СИБИРИ,26976,28485
2026-01-11 02:00,2026-01-11,2,610000,ОЭС СИБИРИ,27125,28614
2026-01-11 03:00,2026-01-11,3,610000,ОЭС СИБИРИ,27403,28889
2026-01-11 04:00,2026-01-11,4,610000,ОЭС СИБИРИ,27704,29139
2026-01-11 05:00,2026-01-11,5,610000,ОЭС СИБИРИ,28666,30085
2026-01-11 06:00,2026-01-11,6,610000,ОЭС СИБИРИ,29222,30712
2026-01-11 07:00,2026-01-11,7,610000,ОЭС СИБИРИ,29468,31033
2026-01-11 08:00,2026-01-11,8,610000,ОЭС СИБИРИ,29425,31073
2026-01-11 09:00,2026-01-11,9,610000,ОЭС СИБИРИ,29523,31094
2026-01-11 10:00,2026-01-11,10,610000,ОЭС СИБИРИ,29606,30935
2026-01-11 11:00,2026-01-11,11,610000,ОЭС СИБИРИ,29869,30950
2026-01-11 12:00,2026-01-11,12,610000,ОЭС СИБИРИ,30157,31098
2026-01-11 13:00,2026-01-11,13,610000,ОЭС СИБИРИ,30398,31385
2026-01-11 14:00,2026-01-11,14,610000,ОЭС СИБИРИ,30705,31745
2026-01-11 15:00,2026-01-11,15,610000,ОЭС СИБИРИ,30513,31652
2026-01-11 16:00,2026-01-11,16,610000,ОЭС СИБИРИ,29928,31181
2026-01-11 17:00,2026-01-11,17,610000,ОЭС СИБИРИ,29662,31127
2026-01-11 18:00,2026-01-11,18,610000,ОЭС СИБИРИ,29003,30624
2026-01-11 19:00,2026-01-11,19,610000,ОЭС СИБИРИ,27907,29894
2026-01-11 20:00,2026-01-11,20,610000,ОЭС СИБИРИ,27700,29306
2026-01-11 21:00,2026-01-11,21,610000,ОЭС СИБИРИ,27879,28956
2026-01-11 22:00,2026-01-11,22,610000,ОЭС СИБИРИ,27298,28751
2026-01-11 23:00,2026-01-11,23,610000,ОЭС СИБИРИ,27396,28790
2026-01-12 00:00,2026-01-12,0,610000,ОЭС СИБИРИ,27343,28758
2026-01-12 01:00,2026-01-12,1,610000,ОЭС СИБИРИ,27641,29025
2026-01-12 02:00,2026-01-12,2,610000,ОЭС СИБИРИ,28425,29753
2026-01-12 03:00,2026-01-12,3,610000,ОЭС СИБИРИ,29282,30688
2026-01-12 04:00,2026-01-12,4,610000,ОЭС СИБИРИ,29452,30945
2026-01-12 05:00,2026-01-12,5,610000,ОЭС СИБИРИ,30189,31529
2026-01-12 06:00,2026-01-12,6,610000,ОЭС СИБИРИ,30558,31820
2026-01-12 07:00,2026-01-12,7,610000,ОЭС СИБИРИ,30326,31720
2026-01-12 08:00,2026-01-12,8,610000,ОЭС СИБИРИ,30401,31657
2026-01-12 09:00,2026-01-12,9,610000,ОЭС СИБИРИ,30331,31734
2026-01-12 10:00,2026-01-12,10,610000,ОЭС СИБИРИ,29809,31439
2026-01-12 11:00,2026-01-12,11,610000,ОЭС СИБИРИ,30106,31150
2026-01-12 12:00,2026-01-12,12,610000,ОЭС СИБИРИ,30080,31307
2026-01-12 13:00,2026-01-12,13,610000,ОЭС СИБИРИ,30047,31407
2026-01-12 14:00,2026-01-12,14,610000,ОЭС СИБИРИ,30281,31558
2026-01-12 15:00,2026-01-12,15,610000,ОЭС СИБИРИ,29994,31455
2026-01-12 16:00,2026-01-12,16,610000,ОЭС СИБИРИ,29888,31126
2026-01-12 17:00,2026-01-12,17,610000,ОЭС СИБИРИ,29801,31159
2026-01-12 18:00,2026-01-12,18,610000,ОЭС СИБИРИ,29606,31050
2026-01-12 19:00,2026-01-12,19,610000,ОЭС СИБИРИ,28634,30063
2026-01-12 20:00,2026-01-12,20,610000,ОЭС СИБИРИ,27945,29214
2026-01-12 21:00,2026-01-12,21,610000,ОЭС СИБИРИ,27620,28968
2026-01-12 22:00,2026-01-12,22,610000,ОЭС СИБИРИ,28168,28893
2026-01-12 23:00,2026-01-12,23,610000,ОЭС СИБИРИ,27641,28683
2026-01-13 00:00,2026-01-13,0,610000,ОЭС СИБИРИ,27568,28833
2026-01-13 01:00,2026-01-13,1,610000,ОЭС СИБИРИ,27771,28965
2026-01-13 02:00,2026-01-13,2,610000,ОЭС СИБИРИ,28429,29583
2026-01-13 03:00,2026-01-13,3,610000,ОЭС СИБИРИ,29203,30575
2026-01-13 04:00,2026-01-13,4,610000,ОЭС СИБИРИ,28899,30712
2026-01-13 05:00,2026-01-13,5,610000,ОЭС СИБИРИ,29646,31110
2026-01-13 06:00,2026-01-13,6,610000,ОЭС СИБИРИ,29859,31338
2026-01-13 07:00,2026-01-13,7,610000,ОЭС СИБИРИ,30198,31452
2026-01-13 08:00,2026-01-13,8,610000,ОЭС СИБИРИ,30114,31401
2026-01-13 09:00,2026-01-13,9,610000,ОЭС СИБИРИ,30068,31541
2026-01-13 10:00,2026-01-13,10,610000,ОЭС СИБИРИ,30090,31309
2026-01-13 11:00,2026-01-13,11,610000,ОЭС СИБИРИ,29877,31205
2026-01-13 12:00,2026-01-13,12,610000,ОЭС СИБИРИ,29917,31194
2026-01-13 13:00,2026-01-13,13,610000,ОЭС СИБИРИ,30596,31382
2026-01-13 14:00,2026-01-13,14,610000,ОЭС СИБИРИ,31003,31859
2026-01-13 15:00,2026-01-13,15,610000,ОЭС СИБИРИ,30846,31650
2026-01-13 16:00,2026-01-13,16,610000,ОЭС СИБИРИ,30256,31400
2026-01-13 17:00,2026-01-13,17,610000,ОЭС СИБИРИ,29888,31128
2026-01-13 18:00,2026-01-13,18,610000,ОЭС СИБИРИ,29542,31200
2026-01-13 19:00,2026-01-13,19,610000,ОЭС СИБИРИ,28556,30309
2026-01-13 20:00,2026-01-13,20,610000,ОЭС СИБИРИ,28183,29551
2026-01-13 21:00,2026-01-13,21,610000,ОЭС СИБИРИ,28356,29259
2026-01-13 22:00,2026-01-13,22,610000,ОЭС СИБИРИ,28546,29052
2026-01-13 23:00,2026-01-13,23,610000,ОЭС СИБИРИ,28398,28995
2026-01-14 00:00,2026-01-14,0,610000,ОЭС СИБИРИ,28175,29014
2026-01-14 01:00,2026-01-14,1,610000,ОЭС СИБИРИ,28171,29220
2026-01-14 02:00,2026-01-14,2,610000,ОЭС СИБИРИ,28555,30084
2026-01-14 03:00,2026-01-14,3,610000,ОЭС СИБИРИ,28950,30806
2026-01-14 04:00,2026-01-14,4,610000,ОЭС СИБИРИ,29516,31291
2026-01-14 05:00,2026-01-14,5,610000,ОЭС СИБИРИ,30194,31870
2026-01-14 06:00,2026-01-14,6,610000,ОЭС СИБИРИ,31026,32021
2026-01-14 07:00,2026-01-14,7,610000,ОЭС СИБИРИ,31167,32100
2026-01-14 08:00,2026-01-14,8,610000,ОЭС СИБИРИ,31411,32050
2026-01-14 09:00,2026-01-14,9,610000,ОЭС СИБИРИ,31853,32603
2026-01-14 10:00,2026-01-14,10,610000,ОЭС СИБИРИ,31546,32126
2026-01-14 11:00,2026-01-14,11,610000,ОЭС СИБИРИ,31617,32271
2026-01-14 12:00,2026-01-14,12,610000,ОЭС СИБИРИ,31363,32251
2026-01-14 13:00,2026-01-14,13,610000,ОЭС СИБИРИ,31740,32401
2026-01-14 14:00,2026-01-14,14,610000,ОЭС СИБИРИ,31696,32602
2026-01-14 15:00,2026-01-14,15,610000,ОЭС СИБИРИ,31505,32680
2026-01-14 16:00,2026-01-14,16,610000,ОЭС СИБИРИ,30777,32311
2026-01-14 17:00,2026-01-14,17,610000,ОЭС СИБИРИ,30558,31884
2026-01-14 18:00,2026-01-14,18,610000,ОЭС СИБИРИ,30396,31914
2026-01-14 19:00,2026-01-14,19,610000,ОЭС СИБИРИ,29304,31224
2026-01-14 20:00,2026-01-14,20,610000,ОЭС СИБИРИ,29021,30492
2026-01-14 21:00,2026-01-14,21,610000,ОЭС СИБИРИ,29159,30087
2026-01-14 22:00,2026-01-14,22,610000,ОЭС СИБИРИ,28956,29881
2026-01-14 23:00,2026-01-14,23,610000,ОЭС СИБИРИ,29054,29942
2026-01-15 00:00,2026-01-15,0,610000,ОЭС СИБИРИ,28389,29731
2026-01-15 01:00,2026-01-15,1,610000,ОЭС СИБИРИ,28744,30093
2026-01-15 02:00,2026-01-15,2,610000,ОЭС СИБИРИ,28899,30542
2026-01-15 03:00,2026-01-15,3,610000,ОЭС СИБИРИ,29352,31572
2026-01-15 04:00,2026-01-15,4,610000,ОЭС СИБИРИ,29787,32051
2026-01-15 05:00,2026-01-15,5,610000,ОЭС СИБИРИ,30220,32521
2026-01-15 06:00,2026-01-15,6,610000,ОЭС СИБИРИ,31789,32852
2026-01-15 07:00,2026-01-15,7,610000,ОЭС СИБИРИ,31472,32888
2026-01-15 08:00,2026-01-15,8,610000,ОЭС СИБИРИ,31245,32696
2026-01-15 09:00,2026-01-15,9,610000,ОЭС СИБИРИ,31936,33032
2026-01-15 10:00,2026-01-15,10,610000,ОЭС СИБИРИ,31665,32844
2026-01-15 11:00,2026-01-15,11,610000,ОЭС СИБИРИ,31411,32730
2026-01-15 12:00,2026-01-15,12,610000,ОЭС СИБИРИ,31376,32464
2026-01-15 13:00,2026-01-15,13,610000,ОЭС СИБИРИ,30945,32800
2026-01-15 14:00,2026-01-15,14,610000,ОЭС СИБИРИ,31221,33124
2026-01-15 15:00,2026-01-15,15,610000,ОЭС СИБИРИ,31067,32983
2026-01-15 16:00,2026-01-15,16,610000,ОЭС СИБИРИ,30950,32568
2026-01-15 17:00,2026-01-15,17,610000,ОЭС СИБИРИ,30667,32537
2026-01-15 18:00,2026-01-15,18,610000,ОЭС СИБИРИ,30456,32467
2026-01-15 19:00,2026-01-15,19,610000,ОЭС СИБИРИ,29800,31625
2026-01-15 20:00,2026-01-15,20,610000,ОЭС СИБИРИ,29323,31085
2026-01-15 21:00,2026-01-15,21,610000,ОЭС СИБИРИ,29149,30750
2026-01-15 22:00,2026-01-15,22,610000,ОЭС СИБИРИ,28806,30381
2026-01-15 23:00,2026-01-15,23,610000,ОЭС СИБИРИ,28956,30470
2026-01-16 00:00,2026-01-16,0,610000,ОЭС СИБИРИ,28671,30536
2026-01-16 01:00,2026-01-16,1,610000,ОЭС СИБИРИ,29266,30691
2026-01-16 02:00,2026-01-16,2,610000,ОЭС СИБИРИ,29317,31306
2026-01-16 03:00,2026-01-16,3,610000,ОЭС СИБИРИ,30072,32108
2026-01-16 04:00,2026-01-16,4,610000,ОЭС СИБИРИ,30589,32598
2026-01-16 05:00,2026-01-16,5,610000,ОЭС СИБИРИ,31467,33263
2026-01-16 06:00,2026-01-16,6,610000,ОЭС СИБИРИ,31530,33517
2026-01-16 07:00,2026-01-16,7,610000,ОЭС СИБИРИ,32334,33736
2026-01-16 08:00,2026-01-16,8,610000,ОЭС СИБИРИ,32394,33881
2026-01-16 09:00,2026-01-16,9,610000,ОЭС СИБИРИ,32500,33894
2026-01-16 10:00,2026-01-16,10,610000,ОЭС СИБИРИ,32014,33333
2026-01-16 11:00,2026-01-16,11,610000,ОЭС СИБИРИ,31938,33242
2026-01-16 12:00,2026-01-16,12,610000,ОЭС СИБИРИ,31547,33063
2026-01-16 13:00,2026-01-16,13,610000,ОЭС СИБИРИ,31419,33146
2026-01-16 14:00,2026-01-16,14,610000,ОЭС СИБИРИ,31820,33486
2026-01-16 15:00,2026-01-16,15,610000,ОЭС СИБИРИ,32135,33420
2026-01-16 16:00,2026-01-16,16,610000,ОЭС СИБИРИ,31476,33050
2026-01-16 17:00,2026-01-16,17,610000,ОЭС СИБИРИ,31425,32690
2026-01-16 18:00,2026-01-16,18,610000,ОЭС СИБИРИ,30977,32472
2026-01-16 19:00,2026-01-16,19,610000,ОЭС СИБИРИ,30408,32040
2026-01-16 20:00,2026-01-16,20,610000,ОЭС СИБИРИ,29529,31338
2026-01-16 21:00,2026-01-16,21,610000,ОЭС СИБИРИ,29204,30996
2026-01-16 22:00,2026-01-16,22,610000,ОЭС СИБИРИ,29233,30889
2026-01-16 23:00,2026-01-16,23,610000,ОЭС СИБИРИ,29128,30536
2026-01-17 00:00,2026-01-17,0,610000,ОЭС СИБИРИ,29485,30765
2026-01-17 01:00,2026-01-17,1,610000,ОЭС СИБИРИ,29243,30702
2026-01-17 02:00,2026-01-17,2,610000,ОЭС СИБИРИ,29262,31042
2026-01-17 03:00,2026-01-17,3,610000,ОЭС СИБИРИ,29406,31444
2026-01-17 04:00,2026-01-17,4,610000,ОЭС СИБИРИ,30227,31856
2026-01-17 05:00,2026-01-17,5,610000,ОЭС СИБИРИ,30710,32727
2026-01-17 06:00,2026-01-17,6,610000,ОЭС СИБИРИ,31422,33460
2026-01-17 07:00,2026-01-17,7,610000,ОЭС СИБИРИ,31761,33741
2026-01-17 08:00,2026-01-17,8,610000,ОЭС СИБИРИ,32361,33925
2026-01-17 09:00,2026-01-17,9,610000,ОЭС СИБИРИ,32248,33683
2026-01-17 10:00,2026-01-17,10,610000,ОЭС СИБИРИ,32625,33765
2026-01-17 11:00,2026-01-17,11,610000,ОЭС СИБИРИ,32389,33651
2026-01-17 12:00,2026-01-17,12,610000,ОЭС СИБИРИ,32068,33689
2026-01-17 13:00,2026-01-17,13,610000,ОЭС СИБИРИ,32186,33908
2026-01-17 14:00,2026-01-17,14,610000,ОЭС СИБИРИ,32584,34116
2026-01-17 15:00,2026-01-17,15,610000,ОЭС СИБИРИ,32570,33988
2026-01-17 16:00,2026-01-17,16,610000,ОЭС СИБИРИ,31746,33321
2026-01-17 17:00,2026-01-17,17,610000,ОЭС СИБИРИ,32167,33277
2026-01-17 18:00,2026-01-17,18,610000,ОЭС СИБИРИ,31363,32689
2026-01-17 19:00,2026-01-17,19,610000,ОЭС СИБИРИ,30439,32218
2026-01-17 20:00,2026-01-17,20,610000,ОЭС СИБИРИ,30214,31705
2026-01-17 21:00,2026-01-17,21,610000,ОЭС СИБИРИ,30108,31353
2026-01-17 22:00,2026-01-17,22,610000,ОЭС СИБИРИ,29505,30969
2026-01-17 23:00,2026-01-17,23,610000,ОЭС СИБИРИ,29215,30760
2026-01-18 00:00,2026-01-18,0,610000,ОЭС СИБИРИ,29412,30700
2026-01-18 01:00,2026-01-18,1,610000,ОЭС СИБИРИ,29315,30806
2026-01-18 02:00,2026-01-18,2,610000,ОЭС СИБИРИ,29016,30871
2026-01-18 03:00,2026-01-18,3,610000,ОЭС СИБИРИ,29657,31473
2026-01-18 04:00,2026-01-18,4,610000,ОЭС СИБИРИ,30044,31988
2026-01-18 05:00,2026-01-18,5,610000,ОЭС СИБИРИ,30770,32797
2026-01-18 06:00,2026-01-18,6,610000,ОЭС СИБИРИ,31643,33543
2026-01-18 07:00,2026-01-18,7,610000,ОЭС СИБИРИ,31726,33701
2026-01-18 08:00,2026-01-18,8,610000,ОЭС СИБИРИ,31872,33915
2026-01-18 09:00,2026-01-18,9,610000,ОЭС СИБИРИ,31947,33812
2026-01-18 10:00,2026-01-18,10,610000,ОЭС СИБИРИ,32493,33658
2026-01-18 11:00,2026-01-18,11,610000,ОЭС СИБИРИ,31376,33603
2026-01-18 12:00,2026-01-18,12,610000,ОЭС СИБИРИ,31130,33462
2026-01-18 13:00,2026-01-18,13,610000,ОЭС СИБИРИ,31524,33968
2026-01-18 14:00,2026-01-18,14,610000,ОЭС СИБИРИ,32007,34114
2026-01-18 15:00,2026-01-18,15,610000,ОЭС СИБИРИ,32533,34304
2026-01-18 16:00,2026-01-18,16,610000,ОЭС СИБИРИ,32793,33903
2026-01-18 17:00,2026-01-18,17,610000,ОЭС СИБИРИ,31951,33632
2026-01-18 18:00,2026-01-18,18,610000,ОЭС СИБИРИ,31842,33168
2026-01-18 19:00,2026-01-18,19,610000,ОЭС СИБИРИ,30814,32416
2026-01-18 20:00,2026-01-18,20,610000,ОЭС СИБИРИ,29684,31647
2026-01-18 21:00,2026-01-18,21,610000,ОЭС СИБИРИ,29652,31316
2026-01-18 22:00,2026-01-18,22,610000,ОЭС СИБИРИ,29174,31119
2026-01-18 23:00,2026-01-18,23,610000,ОЭС СИБИРИ,29127,30987
2026-01-19 00:00,2026-01-19,0,610000,ОЭС СИБИРИ,29024,30933
2026-01-19 01:00,2026-01-19,1,610000,ОЭС СИБИРИ,29189,31033
2026-01-19 02:00,2026-01-19,2,610000,ОЭС СИБИРИ,29994,31684
2026-01-19 03:00,2026-01-19,3,610000,ОЭС СИБИРИ,30976,32681
2026-01-19 04:00,2026-01-19,4,610000,ОЭС СИБИРИ,31421,33240
2026-01-19 05:00,2026-01-19,5,610000,ОЭС СИБИРИ,32439,34091
2026-01-19 06:00,2026-01-19,6,610000,ОЭС СИБИРИ,33276,34406
2026-01-19 07:00,2026-01-19,7,610000,ОЭС СИБИРИ,33223,34645
2026-01-19 08:00,2026-01-19,8,610000,ОЭС СИБИРИ,32324,34435
2026-01-19 09:00,2026-01-19,9,610000,ОЭС СИБИРИ,32694,34643
2026-01-19 10:00,2026-01-19,10,610000,ОЭС СИБИРИ,32121,34235
2026-01-19 11:00,2026-01-19,11,610000,ОЭС СИБИРИ,31799,34047
2026-01-19 12:00,2026-01-19,12,610000,ОЭС СИБИРИ,31780,33797
2026-01-19 13:00,2026-01-19,13,610000,ОЭС СИБИРИ,32037,34004
2026-01-19 14:00,2026-01-19,14,610000,ОЭС СИБИРИ,32306,34289
2026-01-19 15:00,2026-01-19,15,610000,ОЭС СИБИРИ,32461,34169
2026-01-19 16:00,2026-01-19,16,610000,ОЭС СИБИРИ,32113,33773
2026-01-19 17:00,2026-01-19,17,610000,ОЭС СИБИРИ,31914,33589
2026-01-19 18:00,2026-01-19,18,610000,ОЭС СИБИРИ,31359,33211
2026-01-19 19:00,2026-01-19,19,610000,ОЭС СИБИРИ,30840,32467
2026-01-19 20:00,2026-01-19,20,610000,ОЭС СИБИРИ,30185,31874
2026-01-19 21:00,2026-01-19,21,610000,ОЭС СИБИРИ,29795,31366
2026-01-19 22:00,2026-01-19,22,610000,ОЭС СИБИРИ,29330,31116
2026-01-19 23:00,2026-01-19,23,610000,ОЭС СИБИРИ,29186,31067
2026-01-20 00:00,2026-01-20,0,610000,ОЭС СИБИРИ,29146,31046
2026-01-20 01:00,2026-01-20,1,610000,ОЭС СИБИРИ,29542,31389
2026-01-20 02:00,2026-01-20,2,610000,ОЭС СИБИРИ,29970,31796
2026-01-20 03:00,2026-01-20,3,610000,ОЭС СИБИРИ,31045,32860
2026-01-20 04:00,2026-01-20,4,610000,ОЭС СИБИРИ,31526,33481
2026-01-20 05:00,2026-01-20,5,610000,ОЭС СИБИРИ,32309,33983
2026-01-20 06:00,2026-01-20,6,610000,ОЭС СИБИРИ,32948,34498
2026-01-20 07:00,2026-01-20,7,610000,ОЭС СИБИРИ,32646,34474
2026-01-20 08:00,2026-01-20,8,610000,ОЭС СИБИРИ,32548,34266
2026-01-20 09:00,2026-01-20,9,610000,ОЭС СИБИРИ,33196,34518
2026-01-20 10:00,2026-01-20,10,610000,ОЭС СИБИРИ,32168,34100
2026-01-20 11:00,2026-01-20,11,610000,ОЭС СИБИРИ,31762,33800
2026-01-20 12:00,2026-01-20,12,610000,ОЭС СИБИРИ,32129,33889
2026-01-20 13:00,2026-01-20,13,610000,ОЭС СИБИРИ,31798,34002
2026-01-20 14:00,2026-01-20,14,610000,ОЭС СИБИРИ,32459,34371
2026-01-20 15:00,2026-01-20,15,610000,ОЭС СИБИРИ,32159,34091
2026-01-20 16:00,2026-01-20,16,610000,ОЭС СИБИРИ,32219,33779
2026-01-20 17:00,2026-01-20,17,610000,ОЭС СИБИРИ,31910,33483
2026-01-20 18:00,2026-01-20,18,610000,ОЭС СИБИРИ,31638,33298
2026-01-20 19:00,2026-01-20,19,610000,ОЭС СИБИРИ,30901,32588
2026-01-20 20:00,2026-01-20,20,610000,ОЭС СИБИРИ,29896,31615
2026-01-20 21:00,2026-01-20,21,610000,ОЭС СИБИРИ,29673,31269
2026-01-20 22:00,2026-01-20,22,610000,ОЭС СИБИРИ,29832,31138
2026-01-20 23:00,2026-01-20,23,610000,ОЭС СИБИРИ,29227,31147
2026-01-21 00:00,2026-01-21,0,610000,ОЭС СИБИРИ,29263,31002
2026-01-21 01:00,2026-01-21,1,610000,ОЭС СИБИРИ,29856,31388
2026-01-21 02:00,2026-01-21,2,610000,ОЭС СИБИРИ,30657,32083
2026-01-21 03:00,2026-01-21,3,610000,ОЭС СИБИРИ,31395,32810
2026-01-21 04:00,2026-01-21,4,610000,ОЭС СИБИРИ,31751,33447
2026-01-21 05:00,2026-01-21,5,610000,ОЭС СИБИРИ,32398,34001
2026-01-21 06:00,2026-01-21,6,610000,ОЭС СИБИРИ,32839,34156
2026-01-21 07:00,2026-01-21,7,610000,ОЭС СИБИРИ,32751,34386
2026-01-21 08:00,2026-01-21,8,610000,ОЭС СИБИРИ,32832,34404
2026-01-21 09:00,2026-01-21,9,610000,ОЭС СИБИРИ,32411,34266
2026-01-21 10:00,2026-01-21,10,610000,ОЭС СИБИРИ,32512,34075
2026-01-21 11:00,2026-01-21,11,610000,ОЭС СИБИРИ,32271,33768
2026-01-21 12:00,2026-01-21,12,610000,ОЭС СИБИРИ,31876,33589
2026-01-21 13:00,2026-01-21,13,610000,ОЭС СИБИРИ,32182,33805
2026-01-21 14:00,2026-01-21,14,610000,ОЭС СИБИРИ,32648,33942
2026-01-21 15:00,2026-01-21,15,610000,ОЭС СИБИРИ,32849,34049
2026-01-21 16:00,2026-01-21,16,610000,ОЭС СИБИРИ,32600,33613
2026-01-21 17:00,2026-01-21,17,610000,ОЭС СИБИРИ,32194,33308
2026-01-21 18:00,2026-01-21,18,610000,ОЭС СИБИРИ,31998,33230
2026-01-21 19:00,2026-01-21,19,610000,ОЭС СИБИРИ,31041,32308
2026-01-21 20:00,2026-01-21,20,610000,ОЭС СИБИРИ,30623,31602
2026-01-21 21:00,2026-01-21,21,610000,ОЭС СИБИРИ,29715,31127
2026-01-21 22:00,2026-01-21,22,610000,ОЭС СИБИРИ,29532,31012
2026-01-21 23:00,2026-01-21,23,610000,ОЭС СИБИРИ,29502,30809
2026-01-22 00:00,2026-01-22,0,610000,ОЭС СИБИРИ,29599,30931
2026-01-22 01:00,2026-01-22,1,610000,ОЭС СИБИРИ,29599,31209
2026-01-22 02:00,2026-01-22,2,610000,ОЭС СИБИРИ,30243,31925
2026-01-22 03:00,2026-01-22,3,610000,ОЭС СИБИРИ,30924,32742
2026-01-22 04:00,2026-01-22,4,610000,ОЭС СИБИРИ,31373,33137
2026-01-22 05:00,2026-01-22,5,610000,ОЭС СИБИРИ,32122,33795
2026-01-22 06:00,2026-01-22,6,610000,ОЭС СИБИРИ,32371,34028
2026-01-22 07:00,2026-01-22,7,610000,ОЭС СИБИРИ,32505,34154
2026-01-22 08:00,2026-01-22,8,610000,ОЭС СИБИРИ,32107,33903
2026-01-22 09:00,2026-01-22,9,610000,ОЭС СИБИРИ,32704,34049
2026-01-22 10:00,2026-01-22,10,610000,ОЭС СИБИРИ,32160,33782
2026-01-22 11:00,2026-01-22,11,610000,ОЭС СИБИРИ,31888,33588
2026-01-22 12:00,2026-01-22,12,610000,ОЭС СИБИРИ,31418,33445
2026-01-22 13:00,2026-01-22,13,610000,ОЭС СИБИРИ,32037,33602
2026-01-22 14:00,2026-01-22,14,610000,ОЭС СИБИРИ,32055,33707
2026-01-22 15:00,2026-01-22,15,610000,ОЭС СИБИРИ,32152,33898
2026-01-22 16:00,2026-01-22,16,610000,ОЭС СИБИРИ,31850,33420
2026-01-22 17:00,2026-01-22,17,610000,ОЭС СИБИРИ,31391,33141
2026-01-22 18:00,2026-01-22,18,610000,ОЭС СИБИРИ,31022,32946
2026-01-22 19:00,2026-01-22,19,610000,ОЭС СИБИРИ,30640,32392
2026-01-22 20:00,2026-01-22,20,610000,ОЭС СИБИРИ,30215,31800
2026-01-22 21:00,2026-01-22,21,610000,ОЭС СИБИРИ,29973,31232
2026-01-22 22:00,2026-01-22,22,610000,ОЭС СИБИРИ,29757,30984
2026-01-22 23:00,2026-01-22,23,610000,ОЭС СИБИРИ,29760,31015
2026-01-23 00:00,2026-01-23,0,610000,ОЭС СИБИРИ,29804,30962
2026-01-23 01:00,2026-01-23,1,610000,ОЭС СИБИРИ,29883,31252
2026-01-23 02:00,2026-01-23,2,610000,ОЭС СИБИРИ,30330,31979
2026-01-23 03:00,2026-01-23,3,610000,ОЭС СИБИРИ,30880,32950
2026-01-23 04:00,2026-01-23,4,610000,ОЭС СИБИРИ,31233,33394
2026-01-23 05:00,2026-01-23,5,610000,ОЭС СИБИРИ,31690,34029
2026-01-23 06:00,2026-01-23,6,610000,ОЭС СИБИРИ,32457,34256
2026-01-23 07:00,2026-01-23,7,610000,ОЭС СИБИРИ,32570,34177
2026-01-23 08:00,2026-01-23,8,610000,ОЭС СИБИРИ,32265,34038
2026-01-23 09:00,2026-01-23,9,610000,ОЭС СИБИРИ,32585,34127
2026-01-23 10:00,2026-01-23,10,610000,ОЭС СИБИРИ,32568,33739
2026-01-23 11:00,2026-01-23,11,610000,ОЭС СИБИРИ,31772,33265
2026-01-23 12:00,2026-01-23,12,610000,ОЭС СИБИРИ,31498,33078
2026-01-23 13:00,2026-01-23,13,610000,ОЭС СИБИРИ,31960,33416
2026-01-23 14:00,2026-01-23,14,610000,ОЭС СИБИРИ,31968,33573
2026-01-23 15:00,2026-01-23,15,610000,ОЭС СИБИРИ,32339,33649
2026-01-23 16:00,2026-01-23,16,610000,ОЭС СИБИРИ,32217,33279
2026-01-23 17:00,2026-01-23,17,610000,ОЭС СИБИРИ,31830,33059
2026-01-23 18:00,2026-01-23,18,610000,ОЭС СИБИРИ,31678,32942
2026-01-23 19:00,2026-01-23,19,610000,ОЭС СИБИРИ,31032,32354
2026-01-23 20:00,2026-01-23,20,610000,ОЭС СИБИРИ,30246,31740
2026-01-23 21:00,2026-01-23,21,610000,ОЭС СИБИРИ,30151,31280
2026-01-23 22:00,2026-01-23,22,610000,ОЭС СИБИРИ,29957,31083
2026-01-23 23:00,2026-01-23,23,610000,ОЭС СИБИРИ,29996,30908
2026-01-24 00:00,2026-01-24,0,610000,ОЭС СИБИРИ,29817,30852
2026-01-24 01:00,2026-01-24,1,610000,ОЭС СИБИРИ,29892,31076
2026-01-24 02:00,2026-01-24,2,610000,ОЭС СИБИРИ,29986,31119
2026-01-24 03:00,2026-01-24,3,610000,ОЭС СИБИРИ,30121,31711
2026-01-24 04:00,2026-01-24,4,610000,ОЭС СИБИРИ,31012,32310
2026-01-24 05:00,2026-01-24,5,610000,ОЭС СИБИРИ,31501,33207
2026-01-24 06:00,2026-01-24,6,610000,ОЭС СИБИРИ,32417,33866
2026-01-24 07:00,2026-01-24,7,610000,ОЭС СИБИРИ,32475,33893
2026-01-24 08:00,2026-01-24,8,610000,ОЭС СИБИРИ,32951,34028
2026-01-24 09:00,2026-01-24,9,610000,ОЭС СИБИРИ,32670,33717
2026-01-24 10:00,2026-01-24,10,610000,ОЭС СИБИРИ,32634,33619
2026-01-24 11:00,2026-01-24,11,610000,ОЭС СИБИРИ,32320,33676
2026-01-24 12:00,2026-01-24,12,610000,ОЭС СИБИРИ,31733,33443
2026-01-24 13:00,2026-01-24,13,610000,ОЭС СИБИРИ,31798,33673
2026-01-24 14:00,2026-01-24,14,610000,ОЭС СИБИРИ,31910,33962
2026-01-24 15:00,2026-01-24,15,610000,ОЭС СИБИРИ,32015,33836
2026-01-24 16:00,2026-01-24,16,610000,ОЭС СИБИРИ,31449,33236
2026-01-24 17:00,2026-01-24,17,610000,ОЭС СИБИРИ,31139,32973
2026-01-24 18:00,2026-01-24,18,610000,ОЭС СИБИРИ,30754,32561
2026-01-24 19:00,2026-01-24,19,610000,ОЭС СИБИРИ,30493,32017
2026-01-24 20:00,2026-01-24,20,610000,ОЭС СИБИРИ,29936,31466
2026-01-24 21:00,2026-01-24,21,610000,ОЭС СИБИРИ,29789,30920
2026-01-24 22:00,2026-01-24,22,610000,ОЭС СИБИРИ,29526,30772
2026-01-24 23:00,2026-01-24,23,610000,ОЭС СИБИРИ,29293,30686
2026-01-25 00:00,2026-01-25,0,610000,ОЭС СИБИРИ,30284,30681
2026-01-25 01:00,2026-01-25,1,610000,ОЭС СИБИРИ,29608,30659
2026-01-25 02:00,2026-01-25,2,610000,ОЭС СИБИРИ,29684,30854
2026-01-25 03:00,2026-01-25,3,610000,ОЭС СИБИРИ,29715,31340
2026-01-25 04:00,2026-01-25,4,610000,ОЭС СИБИРИ,30566,31722
2026-01-25 05:00,2026-01-25,5,610000,ОЭС СИБИРИ,30912,32383
2026-01-25 06:00,2026-01-25,6,610000,ОЭС СИБИРИ,31362,33163
2026-01-25 07:00,2026-01-25,7,610000,ОЭС СИБИРИ,31756,33432
2026-01-25 08:00,2026-01-25,8,610000,ОЭС СИБИРИ,31730,33358
2026-01-25 09:00,2026-01-25,9,610000,ОЭС СИБИРИ,32125,33317
2026-01-25 10:00,2026-01-25,10,610000,ОЭС СИБИРИ,31761,33140
2026-01-25 11:00,2026-01-25,11,610000,ОЭС СИБИРИ,31456,32905
2026-01-25 12:00,2026-01-25,12,610000,ОЭС СИБИРИ,31224,33028
2026-01-25 13:00,2026-01-25,13,610000,ОЭС СИБИРИ,31391,33151
2026-01-25 14:00,2026-01-25,14,610000,ОЭС СИБИРИ,31944,33473
2026-01-25 15:00,2026-01-25,15,610000,ОЭС СИБИРИ,31936,33536
2026-01-25 16:00,2026-01-25,16,610000,ОЭС СИБИРИ,31918,33205
2026-01-25 17:00,2026-01-25,17,610000,ОЭС СИБИРИ,31712,32982
2026-01-25 18:00,2026-01-25,18,610000,ОЭС СИБИРИ,31569,32473
2026-01-25 19:00,2026-01-25,19,610000,ОЭС СИБИРИ,30549,31641
2026-01-25 20:00,2026-01-25,20,610000,ОЭС СИБИРИ,29807,31097
2026-01-25 21:00,2026-01-25,21,610000,ОЭС СИБИРИ,29475,30655
2026-01-25 22:00,2026-01-25,22,610000,ОЭС СИБИРИ,29397,30625
2026-01-25 23:00,2026-01-25,23,610000,ОЭС СИБИРИ,29416,30540
2026-01-26 00:00,2026-01-26,0,610000,ОЭС СИБИРИ,29624,30650
2026-01-26 01:00,2026-01-26,1,610000,ОЭС СИБИРИ,29650,30819
2026-01-26 02:00,2026-01-26,2,610000,ОЭС СИБИРИ,30066,31584
2026-01-26 03:00,2026-01-26,3,610000,ОЭС СИБИРИ,30835,32524
2026-01-26 04:00,2026-01-26,4,610000,ОЭС СИБИРИ,31294,32945
2026-01-26 05:00,2026-01-26,5,610000,ОЭС СИБИРИ,32028,33465
2026-01-26 06:00,2026-01-26,6,610000,ОЭС СИБИРИ,32287,33900
2026-01-26 07:00,2026-01-26,7,610000,ОЭС СИБИРИ,32419,33717
2026-01-26 08:00,2026-01-26,8,610000,ОЭС СИБИРИ,32168,33678
2026-01-26 09:00,2026-01-26,9,610000,ОЭС СИБИРИ,32304,33687
2026-01-26 10:00,2026-01-26,10,610000,ОЭС СИБИРИ,31775,33237
2026-01-26 11:00,2026-01-26,11,610000,ОЭС СИБИРИ,31194,32911
2026-01-26 12:00,2026-01-26,12,610000,ОЭС СИБИРИ,31146,32835
2026-01-26 13:00,2026-01-26,13,610000,ОЭС СИБИРИ,31153,32941
2026-01-26 14:00,2026-01-26,14,610000,ОЭС СИБИРИ,31408,33144
2026-01-26 15:00,2026-01-26,15,610000,ОЭС СИБИРИ,31663,33399
2026-01-26 16:00,2026-01-26,16,610000,ОЭС СИБИРИ,31735,32982
2026-01-26 17:00,2026-01-26,17,610000,ОЭС СИБИРИ,31583,32835
2026-01-26 18:00,2026-01-26,18,610000,ОЭС СИБИРИ,31218,32610
2026-01-26 19:00,2026-01-26,19,610000,ОЭС СИБИРИ,30348,31703
2026-01-26 20:00,2026-01-26,20,610000,ОЭС СИБИРИ,29754,30986
2026-01-26 21:00,2026-01-26,21,610000,ОЭС СИБИРИ,29613,30679
2026-01-26 22:00,2026-01-26,22,610000,ОЭС СИБИРИ,29474,30562
2026-01-26 23:00,2026-01-26,23,610000,ОЭС СИБИРИ,29434,30372
2026-01-27 00:00,2026-01-27,0,610000,ОЭС СИБИРИ,29507,30495
2026-01-27 01:00,2026-01-27,1,610000,ОЭС СИБИРИ,29922,30797
2026-01-27 02:00,2026-01-27,2,610000,ОЭС СИБИРИ,30646,31599
2026-01-27 03:00,2026-01-27,3,610000,ОЭС СИБИРИ,30666,32541
2026-01-27 04:00,2026-01-27,4,610000,ОЭС СИБИРИ,31120,32949
2026-01-27 05:00,2026-01-27,5,610000,ОЭС СИБИРИ,31875,33284
2026-01-27 06:00,2026-01-27,6,610000,ОЭС СИБИРИ,32343,33784
2026-01-27 07:00,2026-01-27,7,610000,ОЭС СИБИРИ,32270,33530
2026-01-27 08:00,2026-01-27,8,610000,ОЭС СИБИРИ,31358,32963
2026-01-27 09:00,2026-01-27,9,610000,ОЭС СИБИРИ,31924,33155
2026-01-27 10:00,2026-01-27,10,610000,ОЭС СИБИРИ,31450,32648
2026-01-27 11:00,2026-01-27,11,610000,ОЭС СИБИРИ,30827,32534
2026-01-27 12:00,2026-01-27,12,610000,ОЭС СИБИРИ,31007,32640
2026-01-27 13:00,2026-01-27,13,610000,ОЭС СИБИРИ,31189,32701
2026-01-27 14:00,2026-01-27,14,610000,ОЭС СИБИРИ,31431,33014
2026-01-27 15:00,2026-01-27,15,610000,ОЭС СИБИРИ,31539,33184
2026-01-27 16:00,2026-01-27,16,610000,ОЭС СИБИРИ,31304,32921
2026-01-27 17:00,2026-01-27,17,610000,ОЭС СИБИРИ,30816,32687
2026-01-27 18:00,2026-01-27,18,610000,ОЭС СИБИРИ,30868,32380
2026-01-27 19:00,2026-01-27,19,610000,ОЭС СИБИРИ,30569,31763
2026-01-27 20:00,2026-01-27,20,610000,ОЭС СИБИРИ,29734,31122
2026-01-27 21:00,2026-01-27,21,610000,ОЭС СИБИРИ,30125,30788
2026-01-27 22:00,2026-01-27,22,610000,ОЭС СИБИРИ,30356,30685
2026-01-27 23:00,2026-01-27,23,610000,ОЭС СИБИРИ,29905,30668
2026-01-28 00:00,2026-01-28,0,610000,ОЭС СИБИРИ,29771,30653
2026-01-28 01:00,2026-01-28,1,610000,ОЭС СИБИРИ,30111,30950
2026-01-28 02:00,2026-01-28,2,610000,ОЭС СИБИРИ,30313,31600
2026-01-28 03:00,2026-01-28,3,610000,ОЭС СИБИРИ,30530,32564
2026-01-28 04:00,2026-01-28,4,610000,ОЭС СИБИРИ,30845,33027
2026-01-28 05:00,2026-01-28,5,610000,ОЭС СИБИРИ,31587,33651
2026-01-28 06:00,2026-01-28,6,610000,ОЭС СИБИРИ,31940,33778
2026-01-28 07:00,2026-01-28,7,610000,ОЭС СИБИРИ,32674,33973
2026-01-28 08:00,2026-01-28,8,610000,ОЭС СИБИРИ,32474,33643
2026-01-28 09:00,2026-01-28,9,610000,ОЭС СИБИРИ,32278,33654
2026-01-28 10:00,2026-01-28,10,610000,ОЭС СИБИРИ,31697,33153
2026-01-28 11:00,2026-01-28,11,610000,ОЭС СИБИРИ,31339,32803
2026-01-28 12:00,2026-01-28,12,610000,ОЭС СИБИРИ,30813,32665
2026-01-28 13:00,2026-01-28,13,610000,ОЭС СИБИРИ,31140,32882
2026-01-28 14:00,2026-01-28,14,610000,ОЭС СИБИРИ,31566,33095
2026-01-28 15:00,2026-01-28,15,610000,ОЭС СИБИРИ,31584,33260
2026-01-28 16:00,2026-01-28,16,610000,ОЭС СИБИРИ,31711,32965
2026-01-28 17:00,2026-01-28,17,610000,ОЭС СИБИРИ,31323,32814
2026-01-28 18:00,2026-01-28,18,610000,ОЭС СИБИРИ,31167,32718
2026-01-28 19:00,2026-01-28,19,610000,ОЭС СИБИРИ,30482,31882
2026-01-28 20:00,2026-01-28,20,610000,ОЭС СИБИРИ,29965,31169
2026-01-28 21:00,2026-01-28,21,610000,ОЭС СИБИРИ,29701,30924
2026-01-28 22:00,2026-01-28,22,610000,ОЭС СИБИРИ,29573,30857
2026-01-28 23:00,2026-01-28,23,610000,ОЭС СИБИРИ,29688,30679
2026-01-29 00:00,2026-01-29,0,610000,ОЭС СИБИРИ,29631,30738
2026-01-29 01:00,2026-01-29,1,610000,ОЭС СИБИРИ,29631,30954
2026-01-29 02:00,2026-01-29,2,610000,ОЭС СИБИРИ,30080,31682
2026-01-29 03:00,2026-01-29,3,610000,ОЭС СИБИРИ,30569,32561
2026-01-29 04:00,2026-01-29,4,610000,ОЭС СИБИРИ,31022,32947
2026-01-29 05:00,2026-01-29,5,610000,ОЭС СИБИРИ,31631,33512
2026-01-29 06:00,2026-01-29,6,610000,ОЭС СИБИРИ,32064,33753
2026-01-29 07:00,2026-01-29,7,610000,ОЭС СИБИРИ,32576,33748
2026-01-29 08:00,2026-01-29,8,610000,ОЭС СИБИРИ,32576,33328
2026-01-29 09:00,2026-01-29,9,610000,ОЭС СИБИРИ,32408,33484
2026-01-29 10:00,2026-01-29,10,610000,ОЭС СИБИРИ,32080,32946
2026-01-29 11:00,2026-01-29,11,610000,ОЭС СИБИРИ,31570,32793
2026-01-29 12:00,2026-01-29,12,610000,ОЭС СИБИРИ,31559,32657
2026-01-29 13:00,2026-01-29,13,610000,ОЭС СИБИРИ,31006,32615
2026-01-29 14:00,2026-01-29,14,610000,ОЭС СИБИРИ,31189,33078
2026-01-29 15:00,2026-01-29,15,610000,ОЭС СИБИРИ,31110,32857
2026-01-29 16:00,2026-01-29,16,610000,ОЭС СИБИРИ,30981,32610
2026-01-29 17:00,2026-01-29,17,610000,ОЭС СИБИРИ,30555,32293
2026-01-29 18:00,2026-01-29,18,610000,ОЭС СИБИРИ,30410,32273
2026-01-29 19:00,2026-01-29,19,610000,ОЭС СИБИРИ,29647,31321
2026-01-29 20:00,2026-01-29,20,610000,ОЭС СИБИРИ,29145,30372
2026-01-29 21:00,2026-01-29,21,610000,ОЭС СИБИРИ,28887,30025
2026-01-29 22:00,2026-01-29,22,610000,ОЭС СИБИРИ,28594,30015
2026-01-29 23:00,2026-01-29,23,610000,ОЭС СИБИРИ,28566,29905
2026-01-30 00:00,2026-01-30,0,610000,ОЭС СИБИРИ,28444,29903
2026-01-30 01:00,2026-01-30,1,610000,ОЭС СИБИРИ,28581,30083
2026-01-30 02:00,2026-01-30,2,610000,ОЭС СИБИРИ,29047,30631
2026-01-30 03:00,2026-01-30,3,610000,ОЭС СИБИРИ,29943,31668
2026-01-30 04:00,2026-01-30,4,610000,ОЭС СИБИРИ,30455,32017
2026-01-30 05:00,2026-01-30,5,610000,ОЭС СИБИРИ,31265,32490
2026-01-30 06:00,2026-01-30,6,610000,ОЭС СИБИРИ,31555,32777
2026-01-30 07:00,2026-01-30,7,610000,ОЭС СИБИРИ,31772,32540
2026-01-30 08:00,2026-01-30,8,610000,ОЭС СИБИРИ,31521,32315
2026-01-30 09:00,2026-01-30,9,610000,ОЭС СИБИРИ,31719,32600
2026-01-30 10:00,2026-01-30,10,610000,ОЭС СИБИРИ,31163,32090
2026-01-30 11:00,2026-01-30,11,610000,ОЭС СИБИРИ,30856,31873
2026-01-30 12:00,2026-01-30,12,610000,ОЭС СИБИРИ,30501,31656
2026-01-30 13:00,2026-01-30,13,610000,ОЭС СИБИРИ,30740,31816
2026-01-30 14:00,2026-01-30,14,610000,ОЭС СИБИРИ,30925,32112
2026-01-30 15:00,2026-01-30,15,610000,ОЭС СИБИРИ,31307,32235
2026-01-30 16:00,2026-01-30,16,610000,ОЭС СИБИРИ,30982,31808
2026-01-30 17:00,2026-01-30,17,610000,ОЭС СИБИРИ,30975,31725
2026-01-30 18:00,2026-01-30,18,610000,ОЭС СИБИРИ,31128,31672
2026-01-30 19:00,2026-01-30,19,610000,ОЭС СИБИРИ,30055,30937
2026-01-30 20:00,2026-01-30,20,610000,ОЭС СИБИРИ,29038,30099
2026-01-30 21:00,2026-01-30,21,610000,ОЭС СИБИРИ,28317,29703
2026-01-30 22:00,2026-01-30,22,610000,ОЭС СИБИРИ,28189,29682
2026-01-30 23:00,2026-01-30,23,610000,ОЭС СИБИРИ,28111,29727
2026-01-31 00:00,2026-01-31,0,610000,ОЭС СИБИРИ,27815,29549
2026-01-31 01:00,2026-01-31,1,610000,ОЭС СИБИРИ,28222,29614
2026-01-31 02:00,2026-01-31,2,610000,ОЭС СИБИРИ,28387,30019
2026-01-31 03:00,2026-01-31,3,610000,ОЭС СИБИРИ,29031,30414
2026-01-31 04:00,2026-01-31,4,610000,ОЭС СИБИРИ,29276,30870
2026-01-31 05:00,2026-01-31,5,610000,ОЭС СИБИРИ,30180,31661
2026-01-31 06:00,2026-01-31,6,610000,ОЭС СИБИРИ,31159,32160
2026-01-31 07:00,2026-01-31,7,610000,ОЭС СИБИРИ,31563,32387
2026-01-31 08:00,2026-01-31,8,610000,ОЭС СИБИРИ,30714,32057
2026-01-31 09:00,2026-01-31,9,610000,ОЭС СИБИРИ,30851,31779
2026-01-31 10:00,2026-01-31,10,610000,ОЭС СИБИРИ,31076,31681
2026-01-31 11:00,2026-01-31,11,610000,ОЭС СИБИРИ,30523,31474
2026-01-31 12:00,2026-01-31,12,610000,ОЭС СИБИРИ,30531,31367
2026-01-31 13:00,2026-01-31,13,610000,ОЭС СИБИРИ,31145,31655
2026-01-31 14:00,2026-01-31,14,610000,ОЭС СИБИРИ,31015,31919
2026-01-31 15:00,2026-01-31,15,610000,ОЭС СИБИРИ,31041,31916
2026-01-31 16:00,2026-01-31,16,610000,ОЭС СИБИРИ,31265,31624
2026-01-31 17:00,2026-01-31,17,610000,ОЭС СИБИРИ,30972,31321
2026-01-31 18:00,2026-01-31,18,610000,ОЭС СИБИРИ,30731,30902
2026-01-31 19:00,2026-01-31,19,610000,ОЭС СИБИРИ,29455,30200
2026-01-31 20:00,2026-01-31,20,610000,ОЭС СИБИРИ,28248,29718
2026-01-31 21:00,2026-01-31,21,610000,ОЭС СИБИРИ,27807,29460
2026-01-31 22:00,2026-01-31,22,610000,ОЭС СИБИРИ,27852,29149
2026-01-31 23:00,2026-01-31,23,610000,ОЭС СИБИРИ,27582,28896
2026-02-01 00:00,2026-02-01,0,610000,ОЭС СИБИРИ,27624,29096
2026-02-01 01:00,2026-02-01,1,610000,ОЭС СИБИРИ,27471,29150
2026-02-01 02:00,2026-02-01,2,610000,ОЭС СИБИРИ,27761,29323
2026-02-01 03:00,2026-02-01,3,610000,ОЭС СИБИРИ,28097,29792
2026-02-01 04:00,2026-02-01,4,610000,ОЭС СИБИРИ,28834,30142
2026-02-01 05:00,2026-02-01,5,610000,ОЭС СИБИРИ,29281,30821
2026-02-01 06:00,2026-02-01,6,610000,ОЭС СИБИРИ,29744,31317
2026-02-01 07:00,2026-02-01,7,610000,ОЭС СИБИРИ,29860,31638
2026-02-01 08:00,2026-02-01,8,610000,ОЭС СИБИРИ,30306,31523
2026-02-01 09:00,2026-02-01,9,610000,ОЭС СИБИРИ,30393,31317
2026-02-01 10:00,2026-02-01,10,610000,ОЭС СИБИРИ,30869,31089
2026-02-01 11:00,2026-02-01,11,610000,ОЭС СИБИРИ,30385,31128
2026-02-01 12:00,2026-02-01,12,610000,ОЭС СИБИРИ,30448,31134
2026-02-01 13:00,2026-02-01,13,610000,ОЭС СИБИРИ,30814,31471
2026-02-01 14:00,2026-02-01,14,610000,ОЭС СИБИРИ,31311,31807
2026-02-01 15:00,2026-02-01,15,610000,ОЭС СИБИРИ,31377,31971
2026-02-01 16:00,2026-02-01,16,610000,ОЭС СИБИРИ,31135,31555
2026-02-01 17:00,2026-02-01,17,610000,ОЭС СИБИРИ,30863,31399
2026-02-01 18:00,2026-02-01,18,610000,ОЭС СИБИРИ,30571,30808
2026-02-01 19:00,2026-02-01,19,610000,ОЭС СИБИРИ,29765,30123
2026-02-01 20:00,2026-02-01,20,610000,ОЭС СИБИРИ,28476,29452
2026-02-01 21:00,2026-02-01,21,610000,ОЭС СИБИРИ,27649,28905
2026-02-01 22:00,2026-02-01,22,610000,ОЭС СИБИРИ,27393,28872
2026-02-01 23:00,2026-02-01,23,610000,ОЭС СИБИРИ,27536,28860
2026-02-02 00:00,2026-02-02,0,610000,ОЭС СИБИРИ,27320,28749
2026-02-02 01:00,2026-02-02,1,610000,ОЭС СИБИРИ,27897,29084
2026-02-02 02:00,2026-02-02,2,610000,ОЭС СИБИРИ,28370,29873
2026-02-02 03:00,2026-02-02,3,610000,ОЭС СИБИРИ,29140,30629
2026-02-02 04:00,2026-02-02,4,610000,ОЭС СИБИРИ,29793,31058
2026-02-02 05:00,2026-02-02,5,610000,ОЭС СИБИРИ,30179,31555
2026-02-02 06:00,2026-02-02,6,610000,ОЭС СИБИРИ,30819,32020
2026-02-02 07:00,2026-02-02,7,610000,ОЭС СИБИРИ,31040,31756
2026-02-02 08:00,2026-02-02,8,610000,ОЭС СИБИРИ,30607,31753
2026-02-02 09:00,2026-02-02,9,610000,ОЭС СИБИРИ,30848,31712
2026-02-02 10:00,2026-02-02,10,610000,ОЭС СИБИРИ,30429,31671
2026-02-02 11:00,2026-02-02,11,610000,ОЭС СИБИРИ,30286,31398
2026-02-02 12:00,2026-02-02,12,610000,ОЭС СИБИРИ,30166,31278
2026-02-02 13:00,2026-02-02,13,610000,ОЭС СИБИРИ,30516,31610
2026-02-02 14:00,2026-02-02,14,610000,ОЭС СИБИРИ,31022,31911
2026-02-02 15:00,2026-02-02,15,610000,ОЭС СИБИРИ,31032,31953
2026-02-02 16:00,2026-02-02,16,610000,ОЭС СИБИРИ,30706,31565
2026-02-02 17:00,2026-02-02,17,610000,ОЭС СИБИРИ,30219,31385
2026-02-02 18:00,2026-02-02,18,610000,ОЭС СИБИРИ,30413,31305
2026-02-02 19:00,2026-02-02,19,610000,ОЭС СИБИРИ,29332,30464
2026-02-02 20:00,2026-02-02,20,610000,ОЭС СИБИРИ,28466,29816
2026-02-02 21:00,2026-02-02,21,610000,ОЭС СИБИРИ,27857,29498
2026-02-02 22:00,2026-02-02,22,610000,ОЭС СИБИРИ,27824,29310
2026-02-02 23:00,2026-02-02,23,610000,ОЭС СИБИРИ,28196,29421
2026-02-03 00:00,2026-02-03,0,610000,ОЭС СИБИРИ,28179,29336
2026-02-03 01:00,2026-02-03,1,610000,ОЭС СИБИРИ,27985,29593
2026-02-03 02:00,2026-02-03,2,610000,ОЭС СИБИРИ,28600,29921
2026-02-03 03:00,2026-02-03,3,610000,ОЭС СИБИРИ,30041,31360
2026-02-03 04:00,2026-02-03,4,610000,ОЭС СИБИРИ,30612,31580
2026-02-03 05:00,2026-02-03,5,610000,ОЭС СИБИРИ,31686,32308
2026-02-03 06:00,2026-02-03,6,610000,ОЭС СИБИРИ,31555,32473
2026-02-03 07:00,2026-02-03,7,610000,ОЭС СИБИРИ,31553,32446
2026-02-03 08:00,2026-02-03,8,610000,ОЭС СИБИРИ,31143,32174
2026-02-03 09:00,2026-02-03,9,610000,ОЭС СИБИРИ,31354,32269
2026-02-03 10:00,2026-02-03,10,610000,ОЭС СИБИРИ,31568,32223
2026-02-03 11:00,2026-02-03,11,610000,ОЭС СИБИРИ,30769,31864
2026-02-03 12:00,2026-02-03,12,610000,ОЭС СИБИРИ,30411,31707
2026-02-03 13:00,2026-02-03,13,610000,ОЭС СИБИРИ,30946,31945
2026-02-03 14:00,2026-02-03,14,610000,ОЭС СИБИРИ,31445,32201
2026-02-03 15:00,2026-02-03,15,610000,ОЭС СИБИРИ,31970,32418
2026-02-03 16:00,2026-02-03,16,610000,ОЭС СИБИРИ,31902,32178
2026-02-03 17:00,2026-02-03,17,610000,ОЭС СИБИРИ,31465,31795
2026-02-03 18:00,2026-02-03,18,610000,ОЭС СИБИРИ,31201,31644
2026-02-03 19:00,2026-02-03,19,610000,ОЭС СИБИРИ,30536,30804
2026-02-03 20:00,2026-02-03,20,610000,ОЭС СИБИРИ,29748,30222
2026-02-03 21:00,2026-02-03,21,610000,ОЭС СИБИРИ,29316,29965
2026-02-03 22:00,2026-02-03,22,610000,ОЭС СИБИРИ,28873,29814
2026-02-03 23:00,2026-02-03,23,610000,ОЭС СИБИРИ,28712,29703
2026-02-04 00:00,2026-02-04,0,610000,ОЭС СИБИРИ,28709,29780
2026-02-04 01:00,2026-02-04,1,610000,ОЭС СИБИРИ,29099,30019
2026-02-04 02:00,2026-02-04,2,610000,ОЭС СИБИРИ,29849,30703
2026-02-04 03:00,2026-02-04,3,610000,ОЭС СИБИРИ,30877,31628
2026-02-04 04:00,2026-02-04,4,610000,ОЭС СИБИРИ,31550,32037
2026-02-04 05:00,2026-02-04,5,610000,ОЭС СИБИРИ,32379,32553
2026-02-04 06:00,2026-02-04,6,610000,ОЭС СИБИРИ,32647,32908
2026-02-04 07:00,2026-02-04,7,610000,ОЭС СИБИРИ,32197,32864
2026-02-04 08:00,2026-02-04,8,610000,ОЭС СИБИРИ,31844,32672
2026-02-04 09:00,2026-02-04,9,610000,ОЭС СИБИРИ,31626,32834
2026-02-04 10:00,2026-02-04,10,610000,ОЭС СИБИРИ,31493,32739
2026-02-04 11:00,2026-02-04,11,610000,ОЭС СИБИРИ,31268,32423
2026-02-04 12:00,2026-02-04,12,610000,ОЭС СИБИРИ,30546,31998
2026-02-04 13:00,2026-02-04,13,610000,ОЭС СИБИРИ,30692,32016
2026-02-04 14:00,2026-02-04,14,610000,ОЭС СИБИРИ,30676,32248
2026-02-04 15:00,2026-02-04,15,610000,ОЭС СИБИРИ,30682,32456
2026-02-04 16:00,2026-02-04,16,610000,ОЭС СИБИРИ,30957,32130
2026-02-04 17:00,2026-02-04,17,610000,ОЭС СИБИРИ,30691,31965
2026-02-04 18:00,2026-02-04,18,610000,ОЭС СИБИРИ,30524,31899
2026-02-04 19:00,2026-02-04,19,610000,ОЭС СИБИРИ,29360,31012
2026-02-04 20:00,2026-02-04,20,610000,ОЭС СИБИРИ,28686,30381
2026-02-04 21:00,2026-02-04,21,610000,ОЭС СИБИРИ,28537,29950
2026-02-04 22:00,2026-02-04,22,610000,ОЭС СИБИРИ,28501,29941
2026-02-04 23:00,2026-02-04,23,610000,ОЭС СИБИРИ,28485,29856
2026-02-05 00:00,2026-02-05,0,610000,ОЭС СИБИРИ,28544,29815
2026-02-05 01:00,2026-02-05,1,610000,ОЭС СИБИРИ,28760,30108
2026-02-05 02:00,2026-02-05,2,610000,ОЭС СИБИРИ,29186,30632
2026-02-05 03:00,2026-02-05,3,610000,ОЭС СИБИРИ,29727,31522
2026-02-05 04:00,2026-02-05,4,610000,ОЭС СИБИРИ,30302,32045
2026-02-05 05:00,2026-02-05,5,610000,ОЭС СИБИРИ,31010,32634
2026-02-05 06:00,2026-02-05,6,610000,ОЭС СИБИРИ,31795,32961
2026-02-05 07:00,2026-02-05,7,610000,ОЭС СИБИРИ,31079,32489
2026-02-05 08:00,2026-02-05,8,610000,ОЭС СИБИРИ,31108,32324
2026-02-05 09:00,2026-02-05,9,610000,ОЭС СИБИРИ,31532,32441
2026-02-05 10:00,2026-02-05,10,610000,ОЭС СИБИРИ,31034,32320
2026-02-05 11:00,2026-02-05,11,610000,ОЭС СИБИРИ,30448,32027
2026-02-05 12:00,2026-02-05,12,610000,ОЭС СИБИРИ,30076,31659
2026-02-05 13:00,2026-02-05,13,610000,ОЭС СИБИРИ,29942,31831
2026-02-05 14:00,2026-02-05,14,610000,ОЭС СИБИРИ,30654,31968
2026-02-05 15:00,2026-02-05,15,610000,ОЭС СИБИРИ,30770,32270
2026-02-05 16:00,2026-02-05,16,610000,ОЭС СИБИРИ,30405,31913
2026-02-05 17:00,2026-02-05,17,610000,ОЭС СИБИРИ,30063,31686
2026-02-05 18:00,2026-02-05,18,610000,ОЭС СИБИРИ,30313,31601
2026-02-05 19:00,2026-02-05,19,610000,ОЭС СИБИРИ,29848,30804
2026-02-05 20:00,2026-02-05,20,610000,ОЭС СИБИРИ,28988,30308
2026-02-05 21:00,2026-02-05,21,610000,ОЭС СИБИРИ,28598,29799
2026-02-05 22:00,2026-02-05,22,610000,ОЭС СИБИРИ,28202,29612
2026-02-05 23:00,2026-02-05,23,610000,ОЭС СИБИРИ,28165,29541
2026-02-06 00:00,2026-02-06,0,610000,ОЭС СИБИРИ,27921,29558
2026-02-06 01:00,2026-02-06,1,610000,ОЭС СИБИРИ,28344,29924
2026-02-06 02:00,2026-02-06,2,610000,ОЭС СИБИРИ,28934,30401
2026-02-06 03:00,2026-02-06,3,610000,ОЭС СИБИРИ,29470,31249
2026-02-06 04:00,2026-02-06,4,610000,ОЭС СИБИРИ,30232,31719
2026-02-06 05:00,2026-02-06,5,610000,ОЭС СИБИРИ,30545,32074
2026-02-06 06:00,2026-02-06,6,610000,ОЭС СИБИРИ,30626,32159
2026-02-06 07:00,2026-02-06,7,610000,ОЭС СИБИРИ,30729,32133
2026-02-06 08:00,2026-02-06,8,610000,ОЭС СИБИРИ,30751,31833
2026-02-06 09:00,2026-02-06,9,610000,ОЭС СИБИРИ,31178,32005
2026-02-06 10:00,2026-02-06,10,610000,ОЭС СИБИРИ,31056,31877
2026-02-06 11:00,2026-02-06,11,610000,ОЭС СИБИРИ,29991,31393
2026-02-06 12:00,2026-02-06,12,610000,ОЭС СИБИРИ,29959,31402
2026-02-06 13:00,2026-02-06,13,610000,ОЭС СИБИРИ,30569,31511
2026-02-06 14:00,2026-02-06,14,610000,ОЭС СИБИРИ,30667,31774
2026-02-06 15:00,2026-02-06,15,610000,ОЭС СИБИРИ,30563,31938
2026-02-06 16:00,2026-02-06,16,610000,ОЭС СИБИРИ,30328,31515
2026-02-06 17:00,2026-02-06,17,610000,ОЭС СИБИРИ,30407,31361
2026-02-06 18:00,2026-02-06,18,610000,ОЭС СИБИРИ,29822,31105
2026-02-06 19:00,2026-02-06,19,610000,ОЭС СИБИРИ,29011,30538
2026-02-06 20:00,2026-02-06,20,610000,ОЭС СИБИРИ,28026,29932
2026-02-06 21:00,2026-02-06,21,610000,ОЭС СИБИРИ,28184,29597
2026-02-06 22:00,2026-02-06,22,610000,ОЭС СИБИРИ,28083,29279
2026-02-06 23:00,2026-02-06,23,610000,ОЭС СИБИРИ,28304,29045
2026-02-07 00:00,2026-02-07,0,610000,ОЭС СИБИРИ,27956,28923
2026-02-07 01:00,2026-02-07,1,610000,ОЭС СИБИРИ,28049,28973
2026-02-07 02:00,2026-02-07,2,610000,ОЭС СИБИРИ,28305,29491
2026-02-07 03:00,2026-02-07,3,610000,ОЭС СИБИРИ,28870,30014
2026-02-07 04:00,2026-02-07,4,610000,ОЭС СИБИРИ,29335,30475
2026-02-07 05:00,2026-02-07,5,610000,ОЭС СИБИРИ,29599,31263
2026-02-07 06:00,2026-02-07,6,610000,ОЭС СИБИРИ,30152,31670
2026-02-07 07:00,2026-02-07,7,610000,ОЭС СИБИРИ,30245,31780
2026-02-07 08:00,2026-02-07,8,610000,ОЭС СИБИРИ,30064,31518
2026-02-07 09:00,2026-02-07,9,610000,ОЭС СИБИРИ,30428,31600
2026-02-07 10:00,2026-02-07,10,610000,ОЭС СИБИРИ,30368,31334
2026-02-07 11:00,2026-02-07,11,610000,ОЭС СИБИРИ,30414,31343
2026-02-07 12:00,2026-02-07,12,610000,ОЭС СИБИРИ,30080,31106
2026-02-07 13:00,2026-02-07,13,610000,ОЭС СИБИРИ,30522,31458
2026-02-07 14:00,2026-02-07,14,610000,ОЭС СИБИРИ,30356,31634
2026-02-07 15:00,2026-02-07,15,610000,ОЭС СИБИРИ,30082,31732
2026-02-07 16:00,2026-02-07,16,610000,ОЭС СИБИРИ,30018,31323
2026-02-07 17:00,2026-02-07,17,610000,ОЭС СИБИРИ,29992,31304
2026-02-07 18:00,2026-02-07,18,610000,ОЭС СИБИРИ,29678,30748
2026-02-07 19:00,2026-02-07,19,610000,ОЭС СИБИРИ,29064,30322
2026-02-07 20:00,2026-02-07,20,610000,ОЭС СИБИРИ,28144,29576
2026-02-07 21:00,2026-02-07,21,610000,ОЭС СИБИРИ,28121,29517
2026-02-07 22:00,2026-02-07,22,610000,ОЭС СИБИРИ,27858,29381
2026-02-07 23:00,2026-02-07,23,610000,ОЭС СИБИРИ,27620,29128
2026-02-08 00:00,2026-02-08,0,610000,ОЭС СИБИРИ,27584,29165
2026-02-08 01:00,2026-02-08,1,610000,ОЭС СИБИРИ,27962,29195
2026-02-08 02:00,2026-02-08,2,610000,ОЭС СИБИРИ,27814,29294
2026-02-08 03:00,2026-02-08,3,610000,ОЭС СИБИРИ,27884,29735
2026-02-08 04:00,2026-02-08,4,610000,ОЭС СИБИРИ,29025,30442
2026-02-08 05:00,2026-02-08,5,610000,ОЭС СИБИРИ,29107,30951
2026-02-08 06:00,2026-02-08,6,610000,ОЭС СИБИРИ,29807,31421
2026-02-08 07:00,2026-02-08,7,610000,ОЭС СИБИРИ,29765,31511
2026-02-08 08:00,2026-02-08,8,610000,ОЭС СИБИРИ,29924,31551
2026-02-08 09:00,2026-02-08,9,610000,ОЭС СИБИРИ,29858,31445
2026-02-08 10:00,2026-02-08,10,610000,ОЭС СИБИРИ,30069,31370
2026-02-08 11:00,2026-02-08,11,610000,ОЭС СИБИРИ,30247,31242
2026-02-08 12:00,2026-02-08,12,610000,ОЭС СИБИРИ,30047,31099
2026-02-08 13:00,2026-02-08,13,610000,ОЭС СИБИРИ,30297,31417
2026-02-08 14:00,2026-02-08,14,610000,ОЭС СИБИРИ,30654,31668
2026-02-08 15:00,2026-02-08,15,610000,ОЭС СИБИРИ,30753,31921
2026-02-08 16:00,2026-02-08,16,610000,ОЭС СИБИРИ,30482,31437
2026-02-08 17:00,2026-02-08,17,610000,ОЭС СИБИРИ,30105,31184
2026-02-08 18:00,2026-02-08,18,610000,ОЭС СИБИРИ,30394,30726
2026-02-08 19:00,2026-02-08,19,610000,ОЭС СИБИРИ,29390,30071
2026-02-08 20:00,2026-02-08,20,610000,ОЭС СИБИРИ,27868,29410
2026-02-08 21:00,2026-02-08,21,610000,ОЭС СИБИРИ,27450,29033
2026-02-08 22:00,2026-02-08,22,610000,ОЭС СИБИРИ,27444,28755
2026-02-08 23:00,2026-02-08,23,610000,ОЭС СИБИРИ,27246,28640
2026-02-09 00:00,2026-02-09,0,610000,ОЭС СИБИРИ,27750,28778
2026-02-09 01:00,2026-02-09,1,610000,ОЭС СИБИРИ,27546,28985
2026-02-09 02:00,2026-02-09,2,610000,ОЭС СИБИРИ,28014,29707
2026-02-09 03:00,2026-02-09,3,610000,ОЭС СИБИРИ,28655,30545
2026-02-09 04:00,2026-02-09,4,610000,ОЭС СИБИРИ,28881,30901
2026-02-09 05:00,2026-02-09,5,610000,ОЭС СИБИРИ,29435,31166
2026-02-09 06:00,2026-02-09,6,610000,ОЭС СИБИРИ,29768,31466
2026-02-09 07:00,2026-02-09,7,610000,ОЭС СИБИРИ,29771,31376
2026-02-09 08:00,2026-02-09,8,610000,ОЭС СИБИРИ,29496,30931
2026-02-09 09:00,2026-02-09,9,610000,ОЭС СИБИРИ,30211,31254
2026-02-09 10:00,2026-02-09,10,610000,ОЭС СИБИРИ,29951,31208
2026-02-09 11:00,2026-02-09,11,610000,ОЭС СИБИРИ,29727,30787
2026-02-09 12:00,2026-02-09,12,610000,ОЭС СИБИРИ,29426,30565
2026-02-09 13:00,2026-02-09,13,610000,ОЭС СИБИРИ,29789,30666
2026-02-09 14:00,2026-02-09,14,610000,ОЭС СИБИРИ,30076,30867
2026-02-09 15:00,2026-02-09,15,610000,ОЭС СИБИРИ,29824,30964
2026-02-09 16:00,2026-02-09,16,610000,ОЭС СИБИРИ,29737,30777
2026-02-09 17:00,2026-02-09,17,610000,ОЭС СИБИРИ,29817,30627
2026-02-09 18:00,2026-02-09,18,610000,ОЭС СИБИРИ,29938,30481
2026-02-09 19:00,2026-02-09,19,610000,ОЭС СИБИРИ,28845,29619
2026-02-09 20:00,2026-02-09,20,610000,ОЭС СИБИРИ,28126,28929
2026-02-09 21:00,2026-02-09,21,610000,ОЭС СИБИРИ,27629,28567
2026-02-09 22:00,2026-02-09,22,610000,ОЭС СИБИРИ,26957,28396
2026-02-09 23:00,2026-02-09,23,610000,ОЭС СИБИРИ,27228,28413
2026-02-10 00:00,2026-02-10,0,610000,ОЭС СИБИРИ,27204,28403
2026-02-10 01:00,2026-02-10,1,610000,ОЭС СИБИРИ,27544,28744
2026-02-10 02:00,2026-02-10,2,610000,ОЭС СИБИРИ,28110,29309
2026-02-10 03:00,2026-02-10,3,610000,ОЭС СИБИРИ,28759,30458
2026-02-10 04:00,2026-02-10,4,610000,ОЭС СИБИРИ,28814,30652
2026-02-10 05:00,2026-02-10,5,610000,ОЭС СИБИРИ,28941,30796
2026-02-10 06:00,2026-02-10,6,610000,ОЭС СИБИРИ,29272,30862
2026-02-10 07:00,2026-02-10,7,610000,ОЭС СИБИРИ,29520,30698
2026-02-10 08:00,2026-02-10,8,610000,ОЭС СИБИРИ,29295,30520
2026-02-10 09:00,2026-02-10,9,610000,ОЭС СИБИРИ,29601,30742
2026-02-10 10:00,2026-02-10,10,610000,ОЭС СИБИРИ,29075,30418
2026-02-10 11:00,2026-02-10,11,610000,ОЭС СИБИРИ,28886,30262
2026-02-10 12:00,2026-02-10,12,610000,ОЭС СИБИРИ,28559,30145
2026-02-10 13:00,2026-02-10,13,610000,ОЭС СИБИРИ,28873,30170
2026-02-10 14:00,2026-02-10,14,610000,ОЭС СИБИРИ,29346,30567
2026-02-10 15:00,2026-02-10,15,610000,ОЭС СИБИРИ,29295,30748
2026-02-10 16:00,2026-02-10,16,610000,ОЭС СИБИРИ,28790,30256
2026-02-10 17:00,2026-02-10,17,610000,ОЭС СИБИРИ,28609,30173
2026-02-10 18:00,2026-02-10,18,610000,ОЭС СИБИРИ,28422,30021
2026-02-10 19:00,2026-02-10,19,610000,ОЭС СИБИРИ,28077,29276
2026-02-10 20:00,2026-02-10,20,610000,ОЭС СИБИРИ,27475,28519
2026-02-10 21:00,2026-02-10,21,610000,ОЭС СИБИРИ,27310,28012
2026-02-10 22:00,2026-02-10,22,610000,ОЭС СИБИРИ,27456,28007
2026-02-10 23:00,2026-02-10,23,610000,ОЭС СИБИРИ,27229,27945
2026-02-11 00:00,2026-02-11,0,610000,ОЭС СИБИРИ,27121,27894
2026-02-11 01:00,2026-02-11,1,610000,ОЭС СИБИРИ,26683,28054
2026-02-11 02:00,2026-02-11,2,610000,ОЭС СИБИРИ,27147,28839
2026-02-11 03:00,2026-02-11,3,610000,ОЭС СИБИРИ,28091,29732
2026-02-11 04:00,2026-02-11,4,610000,ОЭС СИБИРИ,27822,29802
2026-02-11 05:00,2026-02-11,5,610000,ОЭС СИБИРИ,28067,30056
2026-02-11 06:00,2026-02-11,6,610000,ОЭС СИБИРИ,28943,30334
2026-02-11 07:00,2026-02-11,7,610000,ОЭС СИБИРИ,29173,30474
2026-02-11 08:00,2026-02-11,8,610000,ОЭС СИБИРИ,29346,30221
2026-02-11 09:00,2026-02-11,9,610000,ОЭС СИБИРИ,29671,30535
2026-02-11 10:00,2026-02-11,10,610000,ОЭС СИБИРИ,29348,30290
2026-02-11 11:00,2026-02-11,11,610000,ОЭС СИБИРИ,28686,29984
2026-02-11 12:00,2026-02-11,12,610000,ОЭС СИБИРИ,28630,29748
2026-02-11 13:00,2026-02-11,13,610000,ОЭС СИБИРИ,28965,30020
2026-02-11 14:00,2026-02-11,14,610000,ОЭС СИБИРИ,29348,30343
2026-02-11 15:00,2026-02-11,15,610000,ОЭС СИБИРИ,29346,30512
2026-02-11 16:00,2026-02-11,16,610000,ОЭС СИБИРИ,29113,30300
2026-02-11 17:00,2026-02-11,17,610000,ОЭС СИБИРИ,28800,30050
2026-02-11 18:00,2026-02-11,18,610000,ОЭС СИБИРИ,29140,29912
2026-02-11 19:00,2026-02-11,19,610000,ОЭС СИБИРИ,28364,29276
2026-02-11 20:00,2026-02-11,20,610000,ОЭС СИБИРИ,27439,28525
2026-02-11 21:00,2026-02-11,21,610000,ОЭС СИБИРИ,27224,28064
2026-02-11 22:00,2026-02-11,22,610000,ОЭС СИБИРИ,27189,28054
2026-02-11 23:00,2026-02-11,23,610000,ОЭС СИБИРИ,26656,28003
2026-02-12 00:00,2026-02-12,0,610000,ОЭС СИБИРИ,26860,28220
2026-02-12 01:00,2026-02-12,1,610000,ОЭС СИБИРИ,27043,28309
2026-02-12 02:00,2026-02-12,2,610000,ОЭС СИБИРИ,27420,28899
2026-02-12 03:00,2026-02-12,3,610000,ОЭС СИБИРИ,28317,29732
2026-02-12 04:00,2026-02-12,4,610000,ОЭС СИБИРИ,28383,29987
2026-02-12 05:00,2026-02-12,5,610000,ОЭС СИБИРИ,28836,30375
2026-02-12 06:00,2026-02-12,6,610000,ОЭС СИБИРИ,28861,30575
2026-02-12 07:00,2026-02-12,7,610000,ОЭС СИБИРИ,29229,30622
2026-02-12 08:00,2026-02-12,8,610000,ОЭС СИБИРИ,29279,30284
2026-02-12 09:00,2026-02-12,9,610000,ОЭС СИБИРИ,29733,30788
2026-02-12 10:00,2026-02-12,10,610000,ОЭС СИБИРИ,29361,30618
2026-02-12 11:00,2026-02-12,11,610000,ОЭС СИБИРИ,28555,30189
2026-02-12 12:00,2026-02-12,12,610000,ОЭС СИБИРИ,28448,30004
2026-02-12 13:00,2026-02-12,13,610000,ОЭС СИБИРИ,29530,30341
2026-02-12 14:00,2026-02-12,14,610000,ОЭС СИБИРИ,29164,30495
2026-02-12 15:00,2026-02-12,15,610000,ОЭС СИБИРИ,29165,30813
2026-02-12 16:00,2026-02-12,16,610000,ОЭС СИБИРИ,28927,30251
2026-02-12 17:00,2026-02-12,17,610000,ОЭС СИБИРИ,28512,30255
2026-02-12 18:00,2026-02-12,18,610000,ОЭС СИБИРИ,28830,30254
2026-02-12 19:00,2026-02-12,19,610000,ОЭС СИБИРИ,27919,29480
2026-02-12 20:00,2026-02-12,20,610000,ОЭС СИБИРИ,26739,28683
2026-02-12 21:00,2026-02-12,21,610000,ОЭС СИБИРИ,26393,28307
2026-02-12 22:00,2026-02-12,22,610000,ОЭС СИБИРИ,26596,28158
2026-02-12 23:00,2026-02-12,23,610000,ОЭС СИБИРИ,26065,28178
2026-02-13 00:00,2026-02-13,0,610000,ОЭС СИБИРИ,26023,28191
2026-02-13 01:00,2026-02-13,1,610000,ОЭС СИБИРИ,26463,28425
2026-02-13 02:00,2026-02-13,2,610000,ОЭС СИБИРИ,27168,29156
2026-02-13 03:00,2026-02-13,3,610000,ОЭС СИБИРИ,27731,29910
2026-02-13 04:00,2026-02-13,4,610000,ОЭС СИБИРИ,28478,30300
2026-02-13 05:00,2026-02-13,5,610000,ОЭС СИБИРИ,29136,30679
2026-02-13 06:00,2026-02-13,6,610000,ОЭС СИБИРИ,29374,30955
2026-02-13 07:00,2026-02-13,7,610000,ОЭС СИБИРИ,29490,30731
2026-02-13 08:00,2026-02-13,8,610000,ОЭС СИБИРИ,29201,30623
2026-02-13 09:00,2026-02-13,9,610000,ОЭС СИБИРИ,29409,30690
2026-02-13 10:00,2026-02-13,10,610000,ОЭС СИБИРИ,29389,30699
2026-02-13 11:00,2026-02-13,11,610000,ОЭС СИБИРИ,29087,30391
2026-02-13 12:00,2026-02-13,12,610000,ОЭС СИБИРИ,29107,30082
2026-02-13 13:00,2026-02-13,13,610000,ОЭС СИБИРИ,29044,30290
2026-02-13 14:00,2026-02-13,14,610000,ОЭС СИБИРИ,29401,30621
2026-02-13 15:00,2026-02-13,15,610000,ОЭС СИБИРИ,29680,30836
2026-02-13 16:00,2026-02-13,16,610000,ОЭС СИБИРИ,29449,30655
2026-02-13 17:00,2026-02-13,17,610000,ОЭС СИБИРИ,29176,30485
2026-02-13 18:00,2026-02-13,18,610000,ОЭС СИБИРИ,29031,30535
2026-02-13 19:00,2026-02-13,19,610000,ОЭС СИБИРИ,28743,29885
2026-02-13 20:00,2026-02-13,20,610000,ОЭС СИБИРИ,27831,28972
2026-02-13 21:00,2026-02-13,21,610000,ОЭС СИБИРИ,27017,28666
2026-02-13 22:00,2026-02-13,22,610000,ОЭС СИБИРИ,27004,28482
2026-02-13 23:00,2026-02-13,23,610000,ОЭС СИБИРИ,27123,28643
2026-02-14 00:00,2026-02-14,0,610000,ОЭС СИБИРИ,25950,28530
2026-02-14 01:00,2026-02-14,1,610000,ОЭС СИБИРИ,26904,28618
2026-02-14 02:00,2026-02-14,2,610000,ОЭС СИБИРИ,26881,28910
2026-02-14 03:00,2026-02-14,3,610000,ОЭС СИБИРИ,27004,29560
2026-02-14 04:00,2026-02-14,4,610000,ОЭС СИБИРИ,27859,30004
2026-02-14 05:00,2026-02-14,5,610000,ОЭС СИБИРИ,28600,30743
2026-02-14 06:00,2026-02-14,6,610000,ОЭС СИБИРИ,29345,31221
2026-02-14 07:00,2026-02-14,7,610000,ОЭС СИБИРИ,29464,31205
2026-02-14 08:00,2026-02-14,8,610000,ОЭС СИБИРИ,29653,30986
2026-02-14 09:00,2026-02-14,9,610000,ОЭС СИБИРИ,29450,30786
2026-02-14 10:00,2026-02-14,10,610000,ОЭС СИБИРИ,29740,30714
2026-02-14 11:00,2026-02-14,11,610000,ОЭС СИБИРИ,29631,30560
2026-02-14 12:00,2026-02-14,12,610000,ОЭС СИБИРИ,29644,30444
2026-02-14 13:00,2026-02-14,13,610000,ОЭС СИБИРИ,30013,30858
2026-02-14 14:00,2026-02-14,14,610000,ОЭС СИБИРИ,29999,31047
2026-02-14 15:00,2026-02-14,15,610000,ОЭС СИБИРИ,30137,31156
2026-02-14 16:00,2026-02-14,16,610000,ОЭС СИБИРИ,29810,30801
2026-02-14 17:00,2026-02-14,17,610000,ОЭС СИБИРИ,29370,30770
2026-02-14 18:00,2026-02-14,18,610000,ОЭС СИБИРИ,29383,30215
2026-02-14 19:00,2026-02-14,19,610000,ОЭС СИБИРИ,28648,29608
2026-02-14 20:00,2026-02-14,20,610000,ОЭС СИБИРИ,28154,29077
2026-02-14 21:00,2026-02-14,21,610000,ОЭС СИБИРИ,27273,28694
2026-02-14 22:00,2026-02-14,22,610000,ОЭС СИБИРИ,26653,28565
2026-02-14 23:00,2026-02-14,23,610000,ОЭС СИБИРИ,26587,28445
2026-02-15 00:00,2026-02-15,0,610000,ОЭС СИБИРИ,26258,28543
2026-02-15 01:00,2026-02-15,1,610000,ОЭС СИБИРИ,26715,28354
2026-02-15 02:00,2026-02-15,2,610000,ОЭС СИБИРИ,26561,28668
2026-02-15 03:00,2026-02-15,3,610000,ОЭС СИБИРИ,26943,29067
2026-02-15 04:00,2026-02-15,4,610000,ОЭС СИБИРИ,27724,29646
2026-02-15 05:00,2026-02-15,5,610000,ОЭС СИБИРИ,28053,30269
2026-02-15 06:00,2026-02-15,6,610000,ОЭС СИБИРИ,28512,30745
2026-02-15 07:00,2026-02-15,7,610000,ОЭС СИБИРИ,28146,30810
2026-02-15 08:00,2026-02-15,8,610000,ОЭС СИБИРИ,28903,30618
2026-02-15 09:00,2026-02-15,9,610000,ОЭС СИБИРИ,29533,30431
2026-02-15 10:00,2026-02-15,10,610000,ОЭС СИБИРИ,29334,30353
2026-02-15 11:00,2026-02-15,11,610000,ОЭС СИБИРИ,29311,30457
2026-02-15 12:00,2026-02-15,12,610000,ОЭС СИБИРИ,28807,30182
2026-02-15 13:00,2026-02-15,13,610000,ОЭС СИБИРИ,29153,30557
2026-02-15 14:00,2026-02-15,14,610000,ОЭС СИБИРИ,29332,30741
2026-02-15 15:00,2026-02-15,15,610000,ОЭС СИБИРИ,29989,31167
2026-02-15 16:00,2026-02-15,16,610000,ОЭС СИБИРИ,29799,30899
2026-02-15 17:00,2026-02-15,17,610000,ОЭС СИБИРИ,29790,30756
2026-02-15 18:00,2026-02-15,18,610000,ОЭС СИБИРИ,29020,30222
2026-02-15 19:00,2026-02-15,19,610000,ОЭС СИБИРИ,28290,29421
2026-02-15 20:00,2026-02-15,20,610000,ОЭС СИБИРИ,27231,28693
2026-02-15 21:00,2026-02-15,21,610000,ОЭС СИБИРИ,26752,28398
2026-02-15 22:00,2026-02-15,22,610000,ОЭС СИБИРИ,26461,28262
2026-02-15 23:00,2026-02-15,23,610000,ОЭС СИБИРИ,25923,28124
2026-02-16 00:00,2026-02-16,0,610000,ОЭС СИБИРИ,25943,28168
2026-02-16 01:00,2026-02-16,1,610000,ОЭС СИБИРИ,26885,28484
2026-02-16 02:00,2026-02-16,2,610000,ОЭС СИБИРИ,27377,28995
2026-02-16 03:00,2026-02-16,3,610000,ОЭС СИБИРИ,28124,29993
2026-02-16 04:00,2026-02-16,4,610000,ОЭС СИБИРИ,28325,30184
2026-02-16 05:00,2026-02-16,5,610000,ОЭС СИБИРИ,28595,30491
2026-02-16 06:00,2026-02-16,6,610000,ОЭС СИБИРИ,29070,30799
2026-02-16 07:00,2026-02-16,7,610000,ОЭС СИБИРИ,29143,30631
2026-02-16 08:00,2026-02-16,8,610000,ОЭС СИБИРИ,29005,30492
2026-02-16 09:00,2026-02-16,9,610000,ОЭС СИБИРИ,29224,30735
2026-02-16 10:00,2026-02-16,10,610000,ОЭС СИБИРИ,28912,30406
2026-02-16 11:00,2026-02-16,11,610000,ОЭС СИБИРИ,28591,30137
2026-02-16 12:00,2026-02-16,12,610000,ОЭС СИБИРИ,28372,29996
2026-02-16 13:00,2026-02-16,13,610000,ОЭС СИБИРИ,28343,29920
2026-02-16 14:00,2026-02-16,14,610000,ОЭС СИБИРИ,28482,30089
2026-02-16 15:00,2026-02-16,15,610000,ОЭС СИБИРИ,28820,30485
2026-02-16 16:00,2026-02-16,16,610000,ОЭС СИБИРИ,28489,30117
2026-02-16 17:00,2026-02-16,17,610000,ОЭС СИБИРИ,28290,29911
2026-02-16 18:00,2026-02-16,18,610000,ОЭС СИБИРИ,28338,29820
2026-02-16 19:00,2026-02-16,19,610000,ОЭС СИБИРИ,27787,29040
2026-02-16 20:00,2026-02-16,20,610000,ОЭС СИБИРИ,27064,28300
2026-02-16 21:00,2026-02-16,21,610000,ОЭС СИБИРИ,26466,28116
2026-02-16 22:00,2026-02-16,22,610000,ОЭС СИБИРИ,26516,27813
2026-02-16 23:00,2026-02-16,23,610000,ОЭС СИБИРИ,25936,27685
2026-02-17 00:00,2026-02-17,0,610000,ОЭС СИБИРИ,26061,27671
2026-02-17 01:00,2026-02-17,1,610000,ОЭС СИБИРИ,26459,28044
2026-02-17 02:00,2026-02-17,2,610000,ОЭС СИБИРИ,27222,28575
2026-02-17 03:00,2026-02-17,3,610000,ОЭС СИБИРИ,28002,29447
2026-02-17 04:00,2026-02-17,4,610000,ОЭС СИБИРИ,27992,29735
2026-02-17 05:00,2026-02-17,5,610000,ОЭС СИБИРИ,28373,30205
2026-02-17 06:00,2026-02-17,6,610000,ОЭС СИБИРИ,28326,30065
2026-02-17 07:00,2026-02-17,7,610000,ОЭС СИБИРИ,28003,29976
2026-02-17 08:00,2026-02-17,8,610000,ОЭС СИБИРИ,27981,29823
2026-02-17 09:00,2026-02-17,9,610000,ОЭС СИБИРИ,28524,29939
2026-02-17 10:00,2026-02-17,10,610000,ОЭС СИБИРИ,28155,29955
2026-02-17 11:00,2026-02-17,11,610000,ОЭС СИБИРИ,27814,29636
2026-02-17 12:00,2026-02-17,12,610000,ОЭС СИБИРИ,27891,29530
2026-02-17 13:00,2026-02-17,13,610000,ОЭС СИБИРИ,27875,29603
2026-02-17 14:00,2026-02-17,14,610000,ОЭС СИБИРИ,28384,29885
2026-02-17 15:00,2026-02-17,15,610000,ОЭС СИБИРИ,28618,30129
2026-02-17 16:00,2026-02-17,16,610000,ОЭС СИБИРИ,28785,30014
2026-02-17 17:00,2026-02-17,17,610000,ОЭС СИБИРИ,27744,29552
2026-02-17 18:00,2026-02-17,18,610000,ОЭС СИБИРИ,28334,29587
2026-02-17 19:00,2026-02-17,19,610000,ОЭС СИБИРИ,27728,28828
2026-02-17 20:00,2026-02-17,20,610000,ОЭС СИБИРИ,26884,28113
2026-02-17 21:00,2026-02-17,21,610000,ОЭС СИБИРИ,26878,27849
2026-02-17 22:00,2026-02-17,22,610000,ОЭС СИБИРИ,26631,27564
2026-02-17 23:00,2026-02-17,23,610000,ОЭС СИБИРИ,26067,27548
2026-02-18 00:00,2026-02-18,0,610000,ОЭС СИБИРИ,25519,27554
2026-02-18 01:00,2026-02-18,1,610000,ОЭС СИБИРИ,26068,27738
2026-02-18 02:00,2026-02-18,2,610000,ОЭС СИБИРИ,26816,28422
2026-02-18 03:00,2026-02-18,3,610000,ОЭС СИБИРИ,27190,29017
2026-02-18 04:00,2026-02-18,4,610000,ОЭС СИБИРИ,27471,29372
2026-02-18 05:00,2026-02-18,5,610000,ОЭС СИБИРИ,28041,29586
2026-02-18 06:00,2026-02-18,6,610000,ОЭС СИБИРИ,28476,29980
2026-02-18 07:00,2026-02-18,7,610000,ОЭС СИБИРИ,28166,29906
2026-02-18 08:00,2026-02-18,8,610000,ОЭС СИБИРИ,28212,29738
2026-02-18 09:00,2026-02-18,9,610000,ОЭС СИБИРИ,28948,29955
2026-02-18 10:00,2026-02-18,10,610000,ОЭС СИБИРИ,28886,29990
2026-02-18 11:00,2026-02-18,11,610000,ОЭС СИБИРИ,28383,29549
2026-02-18 12:00,2026-02-18,12,610000,ОЭС СИБИРИ,27749,29296
2026-02-18 13:00,2026-02-18,13,610000,ОЭС СИБИРИ,27824,29459
2026-02-18 14:00,2026-02-18,14,610000,ОЭС СИБИРИ,28766,29906
2026-02-18 15:00,2026-02-18,15,610000,ОЭС СИБИРИ,28697,30131
2026-02-18 16:00,2026-02-18,16,610000,ОЭС СИБИРИ,29068,29750
2026-02-18 17:00,2026-02-18,17,610000,ОЭС СИБИРИ,28362,29566
2026-02-18 18:00,2026-02-18,18,610000,ОЭС СИБИРИ,28335,29567
2026-02-18 19:00,2026-02-18,19,610000,ОЭС СИБИРИ,27834,28780
2026-02-18 20:00,2026-02-18,20,610000,ОЭС СИБИРИ,26700,27989
2026-02-18 21:00,2026-02-18,21,610000,ОЭС СИБИРИ,26215,27614
2026-02-18 22:00,2026-02-18,22,610000,ОЭС СИБИРИ,25929,27510
2026-02-18 23:00,2026-02-18,23,610000,ОЭС СИБИРИ,25678,27356
2026-02-19 00:00,2026-02-19,0,610000,ОЭС СИБИРИ,25599,27490
2026-02-19 01:00,2026-02-19,1,610000,ОЭС СИБИРИ,26086,27584
2026-02-19 02:00,2026-02-19,2,610000,ОЭС СИБИРИ,26397,28271
2026-02-19 03:00,2026-02-19,3,610000,ОЭС СИБИРИ,27107,28904
2026-02-19 04:00,2026-02-19,4,610000,ОЭС СИБИРИ,27183,29258
2026-02-19 05:00,2026-02-19,5,610000,ОЭС СИБИРИ,27902,29760
2026-02-19 06:00,2026-02-19,6,610000,ОЭС СИБИРИ,27883,29871
2026-02-19 07:00,2026-02-19,7,610000,ОЭС СИБИРИ,28025,29711
2026-02-19 08:00,2026-02-19,8,610000,ОЭС СИБИРИ,27418,29279
2026-02-19 09:00,2026-02-19,9,610000,ОЭС СИБИРИ,28058,29797
2026-02-19 10:00,2026-02-19,10,610000,ОЭС СИБИРИ,27866,29644
2026-02-19 11:00,2026-02-19,11,610000,ОЭС СИБИРИ,27601,29374
2026-02-19 12:00,2026-02-19,12,610000,ОЭС СИБИРИ,27553,29217
2026-02-19 13:00,2026-02-19,13,610000,ОЭС СИБИРИ,27764,29499
2026-02-19 14:00,2026-02-19,14,610000,ОЭС СИБИРИ,28044,29647
2026-02-19 15:00,2026-02-19,15,610000,ОЭС СИБИРИ,28605,30007
2026-02-19 16:00,2026-02-19,16,610000,ОЭС СИБИРИ,28650,29887
2026-02-19 17:00,2026-02-19,17,610000,ОЭС СИБИРИ,28407,29711
2026-02-19 18:00,2026-02-19,18,610000,ОЭС СИБИРИ,28656,29717
2026-02-19 19:00,2026-02-19,19,610000,ОЭС СИБИРИ,27713,28883
2026-02-19 20:00,2026-02-19,20,610000,ОЭС СИБИРИ,27106,28370
2026-02-19 21:00,2026-02-19,21,610000,ОЭС СИБИРИ,26571,27969
2026-02-19 22:00,2026-02-19,22,610000,ОЭС СИБИРИ,27152,27719
2026-02-19 23:00,2026-02-19,23,610000,ОЭС СИБИРИ,25543,27524
2026-02-20 00:00,2026-02-20,0,610000,ОЭС СИБИРИ,26213,27861
2026-02-20 01:00,2026-02-20,1,610000,ОЭС СИБИРИ,26622,28024
2026-02-20 02:00,2026-02-20,2,610000,ОЭС СИБИРИ,26808,28696
2026-02-20 03:00,2026-02-20,3,610000,ОЭС СИБИРИ,27908,29437
2026-02-20 04:00,2026-02-20,4,610000,ОЭС СИБИРИ,28230,29775
2026-02-20 05:00,2026-02-20,5,610000,ОЭС СИБИРИ,28622,30177
2026-02-20 06:00,2026-02-20,6,610000,ОЭС СИБИРИ,28724,30343
2026-02-20 07:00,2026-02-20,7,610000,ОЭС СИБИРИ,29074,30297
2026-02-20 08:00,2026-02-20,8,610000,ОЭС СИБИРИ,29150,30164
2026-02-20 09:00,2026-02-20,9,610000,ОЭС СИБИРИ,29588,30514
2026-02-20 10:00,2026-02-20,10,610000,ОЭС СИБИРИ,29429,30339
2026-02-20 11:00,2026-02-20,11,610000,ОЭС СИБИРИ,28857,30095
2026-02-20 12:00,2026-02-20,12,610000,ОЭС СИБИРИ,28847,29785
2026-02-20 13:00,2026-02-20,13,610000,ОЭС СИБИРИ,29038,29908
2026-02-20 14:00,2026-02-20,14,610000,ОЭС СИБИРИ,29280,30159
2026-02-20 15:00,2026-02-20,15,610000,ОЭС СИБИРИ,29399,30432
2026-02-20 16:00,2026-02-20,16,610000,ОЭС СИБИРИ,28241,30266
2026-02-20 17:00,2026-02-20,17,610000,ОЭС СИБИРИ,28610,30236
2026-02-20 18:00,2026-02-20,18,610000,ОЭС СИБИРИ,29203,30265
2026-02-20 19:00,2026-02-20,19,610000,ОЭС СИБИРИ,28130,29538
2026-02-20 20:00,2026-02-20,20,610000,ОЭС СИБИРИ,26993,28974
2026-02-20 21:00,2026-02-20,21,610000,ОЭС СИБИРИ,26691,28601
2026-02-20 22:00,2026-02-20,22,610000,ОЭС СИБИРИ,26830,28489
2026-02-20 23:00,2026-02-20,23,610000,ОЭС СИБИРИ,26672,28437
2026-02-21 00:00,2026-02-21,0,610000,ОЭС СИБИРИ,26538,28240
2026-02-21 01:00,2026-02-21,1,610000,ОЭС СИБИРИ,26717,28552
2026-02-21 02:00,2026-02-21,2,610000,ОЭС СИБИРИ,26973,28804
2026-02-21 03:00,2026-02-21,3,610000,ОЭС СИБИРИ,27774,29128
2026-02-21 04:00,2026-02-21,4,610000,ОЭС СИБИРИ,27963,29868
2026-02-21 05:00,2026-02-21,5,610000,ОЭС СИБИРИ,28648,30550
2026-02-21 06:00,2026-02-21,6,610000,ОЭС СИБИРИ,29211,31281
2026-02-21 07:00,2026-02-21,7,610000,ОЭС СИБИРИ,29265,31441
2026-02-21 08:00,2026-02-21,8,610000,ОЭС СИБИРИ,29619,31278
2026-02-21 09:00,2026-02-21,9,610000,ОЭС СИБИРИ,30425,31238
2026-02-21 10:00,2026-02-21,10,610000,ОЭС СИБИРИ,30182,31173
2026-02-21 11:00,2026-02-21,11,610000,ОЭС СИБИРИ,30314,31037
2026-02-21 12:00,2026-02-21,12,610000,ОЭС СИБИРИ,30089,31093
2026-02-21 13:00,2026-02-21,13,610000,ОЭС СИБИРИ,30050,30930
2026-02-21 14:00,2026-02-21,14,610000,ОЭС СИБИРИ,30181,31389
2026-02-21 15:00,2026-02-21,15,610000,ОЭС СИБИРИ,29813,31382
2026-02-21 16:00,2026-02-21,16,610000,ОЭС СИБИРИ,29977,31373
2026-02-21 17:00,2026-02-21,17,610000,ОЭС СИБИРИ,29832,31157
2026-02-21 18:00,2026-02-21,18,610000,ОЭС СИБИРИ,29170,30735
2026-02-21 19:00,2026-02-21,19,610000,ОЭС СИБИРИ,28680,30177
2026-02-21 20:00,2026-02-21,20,610000,ОЭС СИБИРИ,27405,29439
2026-02-21 21:00,2026-02-21,21,610000,ОЭС СИБИРИ,27270,29248
2026-02-21 22:00,2026-02-21,22,610000,ОЭС СИБИРИ,27005,29222
2026-02-21 23:00,2026-02-21,23,610000,ОЭС СИБИРИ,27194,28972
2026-02-22 00:00,2026-02-22,0,610000,ОЭС СИБИРИ,27199,28773
2026-02-22 01:00,2026-02-22,1,610000,ОЭС СИБИРИ,26952,28969
2026-02-22 02:00,2026-02-22,2,610000,ОЭС СИБИРИ,27243,29190
2026-02-22 03:00,2026-02-22,3,610000,ОЭС СИБИРИ,27487,29495
2026-02-22 04:00,2026-02-22,4,610000,ОЭС СИБИРИ,28121,30201
2026-02-22 05:00,2026-02-22,5,610000,ОЭС СИБИРИ,28709,30996
2026-02-22 06:00,2026-02-22,6,610000,ОЭС СИБИРИ,29322,31675
2026-02-22 07:00,2026-02-22,7,610000,ОЭС СИБИРИ,29392,31682
2026-02-22 08:00,2026-02-22,8,610000,ОЭС СИБИРИ,29301,31568
2026-02-22 09:00,2026-02-22,9,610000,ОЭС СИБИРИ,29576,31412
2026-02-22 10:00,2026-02-22,10,610000,ОЭС СИБИРИ,29256,31085
2026-02-22 11:00,2026-02-22,11,610000,ОЭС СИБИРИ,29097,31214
2026-02-22 12:00,2026-02-22,12,610000,ОЭС СИБИРИ,29346,31107
2026-02-22 13:00,2026-02-22,13,610000,ОЭС СИБИРИ,29693,31356
2026-02-22 14:00,2026-02-22,14,610000,ОЭС СИБИРИ,29876,31362
2026-02-22 15:00,2026-02-22,15,610000,ОЭС СИБИРИ,30463,31705
2026-02-22 16:00,2026-02-22,16,610000,ОЭС СИБИРИ,30397,31548
2026-02-22 17:00,2026-02-22,17,610000,ОЭС СИБИРИ,30005,31243
2026-02-22 18:00,2026-02-22,18,610000,ОЭС СИБИРИ,29617,31029
2026-02-22 19:00,2026-02-22,19,610000,ОЭС СИБИРИ,28619,30232
2026-02-22 20:00,2026-02-22,20,610000,ОЭС СИБИРИ,27813,29789
2026-02-22 21:00,2026-02-22,21,610000,ОЭС СИБИРИ,27971,29465
2026-02-22 22:00,2026-02-22,22,610000,ОЭС СИБИРИ,27795,29262
2026-02-22 23:00,2026-02-22,23,610000,ОЭС СИБИРИ,27107,29069
2026-02-23 00:00,2026-02-23,0,610000,ОЭС СИБИРИ,27216,29080
2026-02-23 01:00,2026-02-23,1,610000,ОЭС СИБИРИ,27334,29348
2026-02-23 02:00,2026-02-23,2,610000,ОЭС СИБИРИ,27344,29512
2026-02-23 03:00,2026-02-23,3,610000,ОЭС СИБИРИ,27745,29874
2026-02-23 04:00,2026-02-23,4,610000,ОЭС СИБИРИ,28494,30522
2026-02-23 05:00,2026-02-23,5,610000,ОЭС СИБИРИ,29032,31223
2026-02-23 06:00,2026-02-23,6,610000,ОЭС СИБИРИ,29450,31837
2026-02-23 07:00,2026-02-23,7,610000,ОЭС СИБИРИ,29869,32020
2026-02-23 08:00,2026-02-23,8,610000,ОЭС СИБИРИ,29609,31836
2026-02-23 09:00,2026-02-23,9,610000,ОЭС СИБИРИ,30109,31834
2026-02-23 10:00,2026-02-23,10,610000,ОЭС СИБИРИ,30020,31736
2026-02-23 11:00,2026-02-23,11,610000,ОЭС СИБИРИ,29739,31521
2026-02-23 12:00,2026-02-23,12,610000,ОЭС СИБИРИ,29522,31411
2026-02-23 13:00,2026-02-23,13,610000,ОЭС СИБИРИ,29840,31431
2026-02-23 14:00,2026-02-23,14,610000,ОЭС СИБИРИ,29901,31736
2026-02-23 15:00,2026-02-23,15,610000,ОЭС СИБИРИ,30070,31830
2026-02-23 16:00,2026-02-23,16,610000,ОЭС СИБИРИ,30018,31749
2026-02-23 17:00,2026-02-23,17,610000,ОЭС СИБИРИ,29857,31729
2026-02-23 18:00,2026-02-23,18,610000,ОЭС СИБИРИ,29842,31347
2026-02-23 19:00,2026-02-23,19,610000,ОЭС СИБИРИ,28518,30419
2026-02-23 20:00,2026-02-23,20,610000,ОЭС СИБИРИ,27705,29869
2026-02-23 21:00,2026-02-23,21,610000,ОЭС СИБИРИ,28139,29375
2026-02-23 22:00,2026-02-23,22,610000,ОЭС СИБИРИ,27246,29348
2026-02-23 23:00,2026-02-23,23,610000,ОЭС СИБИРИ,27515,29168
2026-02-24 00:00,2026-02-24,0,610000,ОЭС СИБИРИ,27229,29132
2026-02-24 01:00,2026-02-24,1,610000,ОЭС СИБИРИ,27270,29541
2026-02-24 02:00,2026-02-24,2,610000,ОЭС СИБИРИ,27940,30144
2026-02-24 03:00,2026-02-24,3,610000,ОЭС СИБИРИ,29110,31242
2026-02-24 04:00,2026-02-24,4,610000,ОЭС СИБИРИ,29219,31249
2026-02-24 05:00,2026-02-24,5,610000,ОЭС СИБИРИ,29781,31747
2026-02-24 06:00,2026-02-24,6,610000,ОЭС СИБИРИ,30323,32234
2026-02-24 07:00,2026-02-24,7,610000,ОЭС СИБИРИ,30157,32100
2026-02-24 08:00,2026-02-24,8,610000,ОЭС СИБИРИ,29937,31902
2026-02-24 09:00,2026-02-24,9,610000,ОЭС СИБИРИ,30444,32054
2026-02-24 10:00,2026-02-24,10,610000,ОЭС СИБИРИ,30088,31807
2026-02-24 11:00,2026-02-24,11,610000,ОЭС СИБИРИ,29924,31529
2026-02-24 12:00,2026-02-24,12,610000,ОЭС СИБИРИ,29648,31441
2026-02-24 13:00,2026-02-24,13,610000,ОЭС СИБИРИ,29355,31382
2026-02-24 14:00,2026-02-24,14,610000,ОЭС СИБИРИ,29453,31525
2026-02-24 15:00,2026-02-24,15,610000,ОЭС СИБИРИ,29831,31760
2026-02-24 16:00,2026-02-24,16,610000,ОЭС СИБИРИ,29478,31487
2026-02-24 17:00,2026-02-24,17,610000,ОЭС СИБИРИ,29587,31500
2026-02-24 18:00,2026-02-24,18,610000,ОЭС СИБИРИ,29390,31499
2026-02-24 19:00,2026-02-24,19,610000,ОЭС СИБИРИ,28685,30742
2026-02-24 20:00,2026-02-24,20,610000,ОЭС СИБИРИ,27782,30046
2026-02-24 21:00,2026-02-24,21,610000,ОЭС СИБИРИ,28049,29800
2026-02-24 22:00,2026-02-24,22,610000,ОЭС СИБИРИ,28376,29751
2026-02-24 23:00,2026-02-24,23,610000,ОЭС СИБИРИ,27824,29501
2026-02-25 00:00,2026-02-25,0,610000,ОЭС СИБИРИ,27844,29740
2026-02-25 01:00,2026-02-25,1,610000,ОЭС СИБИРИ,27949,29863
2026-02-25 02:00,2026-02-25,2,610000,ОЭС СИБИРИ,28521,30558
2026-02-25 03:00,2026-02-25,3,610000,ОЭС СИБИРИ,29389,31541
2026-02-25 04:00,2026-02-25,4,610000,ОЭС СИБИРИ,29722,31855
2026-02-25 05:00,2026-02-25,5,610000,ОЭС СИБИРИ,30367,32275
2026-02-25 06:00,2026-02-25,6,610000,ОЭС СИБИРИ,30874,32506
2026-02-25 07:00,2026-02-25,7,610000,ОЭС СИБИРИ,30721,32305
2026-02-25 08:00,2026-02-25,8,610000,ОЭС СИБИРИ,30353,32120
2026-02-25 09:00,2026-02-25,9,610000,ОЭС СИБИРИ,30767,32266
2026-02-25 10:00,2026-02-25,10,610000,ОЭС СИБИРИ,30509,32092
2026-02-25 11:00,2026-02-25,11,610000,ОЭС СИБИРИ,30312,31975
2026-02-25 12:00,2026-02-25,12,610000,ОЭС СИБИРИ,30277,31629
2026-02-25 13:00,2026-02-25,13,610000,ОЭС СИБИРИ,30039,31591
2026-02-25 14:00,2026-02-25,14,610000,ОЭС СИБИРИ,30863,32118
2026-02-25 15:00,2026-02-25,15,610000,ОЭС СИБИРИ,30996,32174
2026-02-25 16:00,2026-02-25,16,610000,ОЭС СИБИРИ,30461,32104
2026-02-25 17:00,2026-02-25,17,610000,ОЭС СИБИРИ,30246,31915
2026-02-25 18:00,2026-02-25,18,610000,ОЭС СИБИРИ,30247,31873
2026-02-25 19:00,2026-02-25,19,610000,ОЭС СИБИРИ,28712,31189
2026-02-25 20:00,2026-02-25,20,610000,ОЭС СИБИРИ,28320,30473
2026-02-25 21:00,2026-02-25,21,610000,ОЭС СИБИРИ,28230,30159
2026-02-25 22:00,2026-02-25,22,610000,ОЭС СИБИРИ,27887,29891
2026-02-25 23:00,2026-02-25,23,610000,ОЭС СИБИРИ,27841,29921
2026-02-26 00:00,2026-02-26,0,610000,ОЭС СИБИРИ,27758,30081
2026-02-26 01:00,2026-02-26,1,610000,ОЭС СИБИРИ,28003,30272
2026-02-26 02:00,2026-02-26,2,610000,ОЭС СИБИРИ,28703,30868
2026-02-26 03:00,2026-02-26,3,610000,ОЭС СИБИРИ,29688,31747
2026-02-26 04:00,2026-02-26,4,610000,ОЭС СИБИРИ,29589,31958
2026-02-26 05:00,2026-02-26,5,610000,ОЭС СИБИРИ,30321,32525
2026-02-26 06:00,2026-02-26,6,610000,ОЭС СИБИРИ,31095,32819
2026-02-26 07:00,2026-02-26,7,610000,ОЭС СИБИРИ,31266,32778
2026-02-26 08:00,2026-02-26,8,610000,ОЭС СИБИРИ,30477,32275
2026-02-26 09:00,2026-02-26,9,610000,ОЭС СИБИРИ,30934,32499
2026-02-26 10:00,2026-02-26,10,610000,ОЭС СИБИРИ,31005,32483
2026-02-26 11:00,2026-02-26,11,610000,ОЭС СИБИРИ,30676,32164
2026-02-26 12:00,2026-02-26,12,610000,ОЭС СИБИРИ,30209,31606
2026-02-26 13:00,2026-02-26,13,610000,ОЭС СИБИРИ,30510,31744
2026-02-26 14:00,2026-02-26,14,610000,ОЭС СИБИРИ,30653,31915
2026-02-26 15:00,2026-02-26,15,610000,ОЭС СИБИРИ,30625,32000
2026-02-26 16:00,2026-02-26,16,610000,ОЭС СИБИРИ,30391,32019
2026-02-26 17:00,2026-02-26,17,610000,ОЭС СИБИРИ,29826,31799
2026-02-26 18:00,2026-02-26,18,610000,ОЭС СИБИРИ,29763,31840
2026-02-26 19:00,2026-02-26,19,610000,ОЭС СИБИРИ,28808,31125
2026-02-26 20:00,2026-02-26,20,610000,ОЭС СИБИРИ,28176,30428
2026-02-26 21:00,2026-02-26,21,610000,ОЭС СИБИРИ,27736,30017
2026-02-26 22:00,2026-02-26,22,610000,ОЭС СИБИРИ,27676,29939
2026-02-26 23:00,2026-02-26,23,610000,ОЭС СИБИРИ,27964,30021
2026-02-27 00:00,2026-02-27,0,610000,ОЭС СИБИРИ,27659,29990
2026-02-27 01:00,2026-02-27,1,610000,ОЭС СИБИРИ,27974,30119
2026-02-27 02:00,2026-02-27,2,610000,ОЭС СИБИРИ,28428,30648
2026-02-27 03:00,2026-02-27,3,610000,ОЭС СИБИРИ,29378,31668
2026-02-27 04:00,2026-02-27,4,610000,ОЭС СИБИРИ,29848,32101
2026-02-27 05:00,2026-02-27,5,610000,ОЭС СИБИРИ,30410,32628
2026-02-27 06:00,2026-02-27,6,610000,ОЭС СИБИРИ,30582,32811
2026-02-27 07:00,2026-02-27,7,610000,ОЭС СИБИРИ,30679,32564
2026-02-27 08:00,2026-02-27,8,610000,ОЭС СИБИРИ,30704,32160
2026-02-27 09:00,2026-02-27,9,610000,ОЭС СИБИРИ,31208,32520
2026-02-27 10:00,2026-02-27,10,610000,ОЭС СИБИРИ,31125,32442
2026-02-27 11:00,2026-02-27,11,610000,ОЭС СИБИРИ,30611,32142
2026-02-27 12:00,2026-02-27,12,610000,ОЭС СИБИРИ,31309,31762
2026-02-27 13:00,2026-02-27,13,610000,ОЭС СИБИРИ,31058,31877
2026-02-27 14:00,2026-02-27,14,610000,ОЭС СИБИРИ,30860,32027
2026-02-27 15:00,2026-02-27,15,610000,ОЭС СИБИРИ,30761,32234
2026-02-27 16:00,2026-02-27,16,610000,ОЭС СИБИРИ,30246,31871
2026-02-27 17:00,2026-02-27,17,610000,ОЭС СИБИРИ,29959,31892
2026-02-27 18:00,2026-02-27,18,610000,ОЭС СИБИРИ,29982,32011
2026-02-27 19:00,2026-02-27,19,610000,ОЭС СИБИРИ,29391,31404
2026-02-27 20:00,2026-02-27,20,610000,ОЭС СИБИРИ,28408,30565
2026-02-27 21:00,2026-02-27,21,610000,ОЭС СИБИРИ,28599,30234
2026-02-27 22:00,2026-02-27,22,610000,ОЭС СИБИРИ,28118,30120
2026-02-27 23:00,2026-02-27,23,610000,ОЭС СИБИРИ,27685,29902
2026-02-28 00:00,2026-02-28,0,610000,ОЭС СИБИРИ,27792,29862
2026-02-28 01:00,2026-02-28,1,610000,ОЭС СИБИРИ,28346,30033
2026-02-28 02:00,2026-02-28,2,610000,ОЭС СИБИРИ,28136,30482
2026-02-28 03:00,2026-02-28,3,610000,ОЭС СИБИРИ,28673,30770
2026-02-28 04:00,2026-02-28,4,610000,ОЭС СИБИРИ,28808,31283
2026-02-28 05:00,2026-02-28,5,610000,ОЭС СИБИРИ,29813,32046
2026-02-28 06:00,2026-02-28,6,610000,ОЭС СИБИРИ,30842,32736
2026-02-28 07:00,2026-02-28,7,610000,ОЭС СИБИРИ,31073,32770
2026-02-28 08:00,2026-02-28,8,610000,ОЭС СИБИРИ,30874,32426
2026-02-28 09:00,2026-02-28,9,610000,ОЭС СИБИРИ,30983,32192
2026-02-28 10:00,2026-02-28,10,610000,ОЭС СИБИРИ,31390,32187
2026-02-28 11:00,2026-02-28,11,610000,ОЭС СИБИРИ,31010,31872
2026-02-28 12:00,2026-02-28,12,610000,ОЭС СИБИРИ,30739,31863
2026-02-28 13:00,2026-02-28,13,610000,ОЭС СИБИРИ,30955,32060
2026-02-28 14:00,2026-02-28,14,610000,ОЭС СИБИРИ,30926,32110
2026-02-28 15:00,2026-02-28,15,610000,ОЭС СИБИРИ,31119,32317
2026-02-28 16:00,2026-02-28,16,610000,ОЭС СИБИРИ,30872,32048
2026-02-28 17:00,2026-02-28,17,610000,ОЭС СИБИРИ,30722,32062
2026-02-28 18:00,2026-02-28,18,610000,ОЭС СИБИРИ,30520,31595
2026-02-28 19:00,2026-02-28,19,610000,ОЭС СИБИРИ,29130,30954
2026-02-28 20:00,2026-02-28,20,610000,ОЭС СИБИРИ,28376,30297
2026-02-28 21:00,2026-02-28,21,610000,ОЭС СИБИРИ,28230,30060
2026-02-28 22:00,2026-02-28,22,610000,ОЭС СИБИРИ,27952,29914
2026-02-28 23:00,2026-02-28,23,610000,ОЭС СИБИРИ,27984,29867
2026-03-01 00:00,2026-03-01,0,610000,ОЭС СИБИРИ,27680,29668
2026-03-01 01:00,2026-03-01,1,610000,ОЭС СИБИРИ,28191,30080
2026-03-01 02:00,2026-03-01,2,610000,ОЭС СИБИРИ,28440,30193
2026-03-01 03:00,2026-03-01,3,610000,ОЭС СИБИРИ,28601,30519
2026-03-01 04:00,2026-03-01,4,610000,ОЭС СИБИРИ,29413,31113
2026-03-01 05:00,2026-03-01,5,610000,ОЭС СИБИРИ,29661,31948
2026-03-01 06:00,2026-03-01,6,610000,ОЭС СИБИРИ,30106,32552
2026-03-01 07:00,2026-03-01,7,610000,ОЭС СИБИРИ,30386,32430
2026-03-01 08:00,2026-03-01,8,610000,ОЭС СИБИРИ,30461,32174
2026-03-01 09:00,2026-03-01,9,610000,ОЭС СИБИРИ,30726,32030
2026-03-01 10:00,2026-03-01,10,610000,ОЭС СИБИРИ,30774,32001
2026-03-01 11:00,2026-03-01,11,610000,ОЭС СИБИРИ,30773,31908
2026-03-01 12:00,2026-03-01,12,610000,ОЭС СИБИРИ,30594,31740
2026-03-01 13:00,2026-03-01,13,610000,ОЭС СИБИРИ,30819,31921
2026-03-01 14:00,2026-03-01,14,610000,ОЭС СИБИРИ,31013,32204
2026-03-01 15:00,2026-03-01,15,610000,ОЭС СИБИРИ,30954,32329
2026-03-01 16:00,2026-03-01,16,610000,ОЭС СИБИРИ,30937,32318
2026-03-01 17:00,2026-03-01,17,610000,ОЭС СИБИРИ,30761,32188
2026-03-01 18:00,2026-03-01,18,610000,ОЭС СИБИРИ,30150,31665
2026-03-01 19:00,2026-03-01,19,610000,ОЭС СИБИРИ,29364,31100
2026-03-01 20:00,2026-03-01,20,610000,ОЭС СИБИРИ,28723,30208
2026-03-01 21:00,2026-03-01,21,610000,ОЭС СИБИРИ,28224,29916
2026-03-01 22:00,2026-03-01,22,610000,ОЭС СИБИРИ,27139,29645
2026-03-01 23:00,2026-03-01,23,610000,ОЭС СИБИРИ,27323,29610
2026-03-02 00:00,2026-03-02,0,610000,ОЭС СИБИРИ,27583,29608
2026-03-02 01:00,2026-03-02,1,610000,ОЭС СИБИРИ,27848,29872
2026-03-02 02:00,2026-03-02,2,610000,ОЭС СИБИРИ,28367,30700
2026-03-02 03:00,2026-03-02,3,610000,ОЭС СИБИРИ,29168,31572
2026-03-02 04:00,2026-03-02,4,610000,ОЭС СИБИРИ,29443,31749
2026-03-02 05:00,2026-03-02,5,610000,ОЭС СИБИРИ,30183,32331
2026-03-02 06:00,2026-03-02,6,610000,ОЭС СИБИРИ,30496,32536
2026-03-02 07:00,2026-03-02,7,610000,ОЭС СИБИРИ,30939,32422
2026-03-02 08:00,2026-03-02,8,610000,ОЭС СИБИРИ,30625,32051
2026-03-02 09:00,2026-03-02,9,610000,ОЭС СИБИРИ,31053,32200
2026-03-02 10:00,2026-03-02,10,610000,ОЭС СИБИРИ,30551,32042
2026-03-02 11:00,2026-03-02,11,610000,ОЭС СИБИРИ,30354,31876
2026-03-02 12:00,2026-03-02,12,610000,ОЭС СИБИРИ,30124,31658
2026-03-02 13:00,2026-03-02,13,610000,ОЭС СИБИРИ,30233,31611
2026-03-02 14:00,2026-03-02,14,610000,ОЭС СИБИРИ,29878,31769
2026-03-02 15:00,2026-03-02,15,610000,ОЭС СИБИРИ,30142,31844
2026-03-02 16:00,2026-03-02,16,610000,ОЭС СИБИРИ,29952,31773
2026-03-02 17:00,2026-03-02,17,610000,ОЭС СИБИРИ,29512,31412
2026-03-02 18:00,2026-03-02,18,610000,ОЭС СИБИРИ,29532,31540
2026-03-02 19:00,2026-03-02,19,610000,ОЭС СИБИРИ,28883,30768
2026-03-02 20:00,2026-03-02,20,610000,ОЭС СИБИРИ,28370,30052
2026-03-02 21:00,2026-03-02,21,610000,ОЭС СИБИРИ,28030,29587
2026-03-02 22:00,2026-03-02,22,610000,ОЭС СИБИРИ,27570,29414
2026-03-02 23:00,2026-03-02,23,610000,ОЭС СИБИРИ,28050,29404
2026-03-03 00:00,2026-03-03,0,610000,ОЭС СИБИРИ,27665,29336
2026-03-03 01:00,2026-03-03,1,610000,ОЭС СИБИРИ,27998,29698
2026-03-03 02:00,2026-03-03,2,610000,ОЭС СИБИРИ,28643,30340
2026-03-03 03:00,2026-03-03,3,610000,ОЭС СИБИРИ,29388,31168
2026-03-03 04:00,2026-03-03,4,610000,ОЭС СИБИРИ,29664,31524
2026-03-03 05:00,2026-03-03,5,610000,ОЭС СИБИРИ,30354,31848
2026-03-03 06:00,2026-03-03,6,610000,ОЭС СИБИРИ,30455,32026
2026-03-03 07:00,2026-03-03,7,610000,ОЭС СИБИРИ,30107,31703
2026-03-03 08:00,2026-03-03,8,610000,ОЭС СИБИРИ,29647,31586
2026-03-03 09:00,2026-03-03,9,610000,ОЭС СИБИРИ,29654,31588
2026-03-03 10:00,2026-03-03,10,610000,ОЭС СИБИРИ,29782,31408
2026-03-03 11:00,2026-03-03,11,610000,ОЭС СИБИРИ,29916,31459
2026-03-03 12:00,2026-03-03,12,610000,ОЭС СИБИРИ,29154,31006
2026-03-03 13:00,2026-03-03,13,610000,ОЭС СИБИРИ,29228,31083
2026-03-03 14:00,2026-03-03,14,610000,ОЭС СИБИРИ,29325,31124
2026-03-03 15:00,2026-03-03,15,610000,ОЭС СИБИРИ,29497,31346
2026-03-03 16:00,2026-03-03,16,610000,ОЭС СИБИРИ,29695,31164
2026-03-03 17:00,2026-03-03,17,610000,ОЭС СИБИРИ,29283,31041
2026-03-03 18:00,2026-03-03,18,610000,ОЭС СИБИРИ,29307,30973
2026-03-03 19:00,2026-03-03,19,610000,ОЭС СИБИРИ,28550,30222
2026-03-03 20:00,2026-03-03,20,610000,ОЭС СИБИРИ,27611,29535
2026-03-03 21:00,2026-03-03,21,610000,ОЭС СИБИРИ,27479,29117
2026-03-03 22:00,2026-03-03,22,610000,ОЭС СИБИРИ,27253,29074
2026-03-03 23:00,2026-03-03,23,610000,ОЭС СИБИРИ,27163,28873
2026-03-04 00:00,2026-03-04,0,610000,ОЭС СИБИРИ,27225,29021
2026-03-04 01:00,2026-03-04,1,610000,ОЭС СИБИРИ,27195,29312
2026-03-04 02:00,2026-03-04,2,610000,ОЭС СИБИРИ,28079,29953
2026-03-04 03:00,2026-03-04,3,610000,ОЭС СИБИРИ,28431,30597
2026-03-04 04:00,2026-03-04,4,610000,ОЭС СИБИРИ,28742,30879
2026-03-04 05:00,2026-03-04,5,610000,ОЭС СИБИРИ,29486,31254
2026-03-04 06:00,2026-03-04,6,610000,ОЭС СИБИРИ,29755,31455
2026-03-04 07:00,2026-03-04,7,610000,ОЭС СИБИРИ,29468,31352
2026-03-04 08:00,2026-03-04,8,610000,ОЭС СИБИРИ,29431,30970
2026-03-04 09:00,2026-03-04,9,610000,ОЭС СИБИРИ,30044,31376
2026-03-04 10:00,2026-03-04,10,610000,ОЭС СИБИРИ,29292,31093
2026-03-04 11:00,2026-03-04,11,610000,ОЭС СИБИРИ,29548,31196
2026-03-04 12:00,2026-03-04,12,610000,ОЭС СИБИРИ,28996,30618
2026-03-04 13:00,2026-03-04,13,610000,ОЭС СИБИРИ,29080,30530
2026-03-04 14:00,2026-03-04,14,610000,ОЭС СИБИРИ,29391,30646
2026-03-04 15:00,2026-03-04,15,610000,ОЭС СИБИРИ,29216,30867
2026-03-04 16:00,2026-03-04,16,610000,ОЭС СИБИРИ,29006,30718
2026-03-04 17:00,2026-03-04,17,610000,ОЭС СИБИРИ,28529,30553
2026-03-04 18:00,2026-03-04,18,610000,ОЭС СИБИРИ,28882,30655
2026-03-04 19:00,2026-03-04,19,610000,ОЭС СИБИРИ,28218,30000
2026-03-04 20:00,2026-03-04,20,610000,ОЭС СИБИРИ,27026,29158
2026-03-04 21:00,2026-03-04,21,610000,ОЭС СИБИРИ,26622,28759
2026-03-04 22:00,2026-03-04,22,610000,ОЭС СИБИРИ,26663,28640
2026-03-04 23:00,2026-03-04,23,610000,ОЭС СИБИРИ,26731,28384
2026-03-05 00:00,2026-03-05,0,610000,ОЭС СИБИРИ,26618,28511
2026-03-05 01:00,2026-03-05,1,610000,ОЭС СИБИРИ,26929,28762
2026-03-05 02:00,2026-03-05,2,610000,ОЭС СИБИРИ,27526,29467
2026-03-05 03:00,2026-03-05,3,610000,ОЭС СИБИРИ,28561,30329
2026-03-05 04:00,2026-03-05,4,610000,ОЭС СИБИРИ,28238,30356
2026-03-05 05:00,2026-03-05,5,610000,ОЭС СИБИРИ,28657,30707
2026-03-05 06:00,2026-03-05,6,610000,ОЭС СИБИРИ,28961,30882
2026-03-05 07:00,2026-03-05,7,610000,ОЭС СИБИРИ,28864,30526
2026-03-05 08:00,2026-03-05,8,610000,ОЭС СИБИРИ,28955,30267
2026-03-05 09:00,2026-03-05,9,610000,ОЭС СИБИРИ,29147,30655
2026-03-05 10:00,2026-03-05,10,610000,ОЭС СИБИРИ,28948,30491
2026-03-05 11:00,2026-03-05,11,610000,ОЭС СИБИРИ,29249,30477
2026-03-05 12:00,2026-03-05,12,610000,ОЭС СИБИРИ,29032,29997
2026-03-05 13:00,2026-03-05,13,610000,ОЭС СИБИРИ,28848,30037
2026-03-05 14:00,2026-03-05,14,610000,ОЭС СИБИРИ,29153,30350
2026-03-05 15:00,2026-03-05,15,610000,ОЭС СИБИРИ,29274,30643
2026-03-05 16:00,2026-03-05,16,610000,ОЭС СИБИРИ,28959,30276
2026-03-05 17:00,2026-03-05,17,610000,ОЭС СИБИРИ,29150,30115
2026-03-05 18:00,2026-03-05,18,610000,ОЭС СИБИРИ,28875,30204
2026-03-05 19:00,2026-03-05,19,610000,ОЭС СИБИРИ,27768,29421
2026-03-05 20:00,2026-03-05,20,610000,ОЭС СИБИРИ,26794,28595
2026-03-05 21:00,2026-03-05,21,610000,ОЭС СИБИРИ,27151,28289
2026-03-05 22:00,2026-03-05,22,610000,ОЭС СИБИРИ,27597,28293
2026-03-05 23:00,2026-03-05,23,610000,ОЭС СИБИРИ,26887,28001
2026-03-06 00:00,2026-03-06,0,610000,ОЭС СИБИРИ,26625,28184
2026-03-06 01:00,2026-03-06,1,610000,ОЭС СИБИРИ,27100,28357
2026-03-06 02:00,2026-03-06,2,610000,ОЭС СИБИРИ,27151,28817
2026-03-06 03:00,2026-03-06,3,610000,ОЭС СИБИРИ,28303,29866
2026-03-06 04:00,2026-03-06,4,610000,ОЭС СИБИРИ,28132,29746
2026-03-06 05:00,2026-03-06,5,610000,ОЭС СИБИРИ,28880,30169
2026-03-06 06:00,2026-03-06,6,610000,ОЭС СИБИРИ,29765,30310
2026-03-06 07:00,2026-03-06,7,610000,ОЭС СИБИРИ,29311,30346
2026-03-06 08:00,2026-03-06,8,610000,ОЭС СИБИРИ,28436,30000
2026-03-06 09:00,2026-03-06,9,610000,ОЭС СИБИРИ,28769,30244
2026-03-06 10:00,2026-03-06,10,610000,ОЭС СИБИРИ,28905,30100
2026-03-06 11:00,2026-03-06,11,610000,ОЭС СИБИРИ,28934,30163
2026-03-06 12:00,2026-03-06,12,610000,ОЭС СИБИРИ,28997,29770
2026-03-06 13:00,2026-03-06,13,610000,ОЭС СИБИРИ,28550,29728
2026-03-06 14:00,2026-03-06,14,610000,ОЭС СИБИРИ,28908,29881
2026-03-06 15:00,2026-03-06,15,610000,ОЭС СИБИРИ,29241,30113
2026-03-06 16:00,2026-03-06,16,610000,ОЭС СИБИРИ,29088,30084
2026-03-06 17:00,2026-03-06,17,610000,ОЭС СИБИРИ,28985,30119
2026-03-06 18:00,2026-03-06,18,610000,ОЭС СИБИРИ,28475,29884
2026-03-06 19:00,2026-03-06,19,610000,ОЭС СИБИРИ,27969,29388
2026-03-06 20:00,2026-03-06,20,610000,ОЭС СИБИРИ,26910,28556
2026-03-06 21:00,2026-03-06,21,610000,ОЭС СИБИРИ,26620,28281
2026-03-06 22:00,2026-03-06,22,610000,ОЭС СИБИРИ,26427,28195
2026-03-06 23:00,2026-03-06,23,610000,ОЭС СИБИРИ,26712,28316
2026-03-07 00:00,2026-03-07,0,610000,ОЭС СИБИРИ,26551,28065
2026-03-07 01:00,2026-03-07,1,610000,ОЭС СИБИРИ,27334,28302
2026-03-07 02:00,2026-03-07,2,610000,ОЭС СИБИРИ,27288,28394
2026-03-07 03:00,2026-03-07,3,610000,ОЭС СИБИРИ,27008,29039
2026-03-07 04:00,2026-03-07,4,610000,ОЭС СИБИРИ,27740,29420
2026-03-07 05:00,2026-03-07,5,610000,ОЭС СИБИРИ,28670,30250
2026-03-07 06:00,2026-03-07,6,610000,ОЭС СИБИРИ,28764,30688
2026-03-07 07:00,2026-03-07,7,610000,ОЭС СИБИРИ,28685,30544
2026-03-07 08:00,2026-03-07,8,610000,ОЭС СИБИРИ,28653,30258
2026-03-07 09:00,2026-03-07,9,610000,ОЭС СИБИРИ,29226,30137
2026-03-07 10:00,2026-03-07,10,610000,ОЭС СИБИРИ,28552,29899
2026-03-07 11:00,2026-03-07,11,610000,ОЭС СИБИРИ,28582,29982
2026-03-07 12:00,2026-03-07,12,610000,ОЭС СИБИРИ,28552,29884
2026-03-07 13:00,2026-03-07,13,610000,ОЭС СИБИРИ,28605,29937
2026-03-07 14:00,2026-03-07,14,610000,ОЭС СИБИРИ,28404,30168
2026-03-07 15:00,2026-03-07,15,610000,ОЭС СИБИРИ,28502,30214
2026-03-07 16:00,2026-03-07,16,610000,ОЭС СИБИРИ,28660,30166
2026-03-07 17:00,2026-03-07,17,610000,ОЭС СИБИРИ,28488,29908
2026-03-07 18:00,2026-03-07,18,610000,ОЭС СИБИРИ,28036,29646
2026-03-07 19:00,2026-03-07,19,610000,ОЭС СИБИРИ,27501,28960
2026-03-07 20:00,2026-03-07,20,610000,ОЭС СИБИРИ,27224,28652
2026-03-07 21:00,2026-03-07,21,610000,ОЭС СИБИРИ,26780,28073
2026-03-07 22:00,2026-03-07,22,610000,ОЭС СИБИРИ,26297,27875
2026-03-07 23:00,2026-03-07,23,610000,ОЭС СИБИРИ,26033,27712
2026-03-08 00:00,2026-03-08,0,610000,ОЭС СИБИРИ,25851,27620
2026-03-08 01:00,2026-03-08,1,610000,ОЭС СИБИРИ,26462,27745
2026-03-08 02:00,2026-03-08,2,610000,ОЭС СИБИРИ,26393,27738
2026-03-08 03:00,2026-03-08,3,610000,ОЭС СИБИРИ,27143,28146
2026-03-08 04:00,2026-03-08,4,610000,ОЭС СИБИРИ,27618,28701
2026-03-08 05:00,2026-03-08,5,610000,ОЭС СИБИРИ,27851,29354
2026-03-08 06:00,2026-03-08,6,610000,ОЭС СИБИРИ,28177,29737
2026-03-08 07:00,2026-03-08,7,610000,ОЭС СИБИРИ,27798,29867
2026-03-08 08:00,2026-03-08,8,610000,ОЭС СИБИРИ,28155,29859
2026-03-08 09:00,2026-03-08,9,610000,ОЭС СИБИРИ,27916,29369
2026-03-08 10:00,2026-03-08,10,610000,ОЭС СИБИРИ,27909,29246
2026-03-08 11:00,2026-03-08,11,610000,ОЭС СИБИРИ,27467,28935
2026-03-08 12:00,2026-03-08,12,610000,ОЭС СИБИРИ,27591,28796
2026-03-08 13:00,2026-03-08,13,610000,ОЭС СИБИРИ,27945,28917
2026-03-08 14:00,2026-03-08,14,610000,ОЭС СИБИРИ,27583,28998
2026-03-08 15:00,2026-03-08,15,610000,ОЭС СИБИРИ,27999,29470
2026-03-08 16:00,2026-03-08,16,610000,ОЭС СИБИРИ,27785,29359
2026-03-08 17:00,2026-03-08,17,610000,ОЭС СИБИРИ,27529,29122
2026-03-08 18:00,2026-03-08,18,610000,ОЭС СИБИРИ,26921,28704
2026-03-08 19:00,2026-03-08,19,610000,ОЭС СИБИРИ,26481,28183
2026-03-08 20:00,2026-03-08,20,610000,ОЭС СИБИРИ,25822,27777
2026-03-08 21:00,2026-03-08,21,610000,ОЭС СИБИРИ,26021,27260
2026-03-08 22:00,2026-03-08,22,610000,ОЭС СИБИРИ,25577,27367
2026-03-08 23:00,2026-03-08,23,610000,ОЭС СИБИРИ,25691,26981
2026-03-09 00:00,2026-03-09,0,610000,ОЭС СИБИРИ,25700,27188
2026-03-09 01:00,2026-03-09,1,610000,ОЭС СИБИРИ,25649,27229
2026-03-09 02:00,2026-03-09,2,610000,ОЭС СИБИРИ,26282,27279
2026-03-09 03:00,2026-03-09,3,610000,ОЭС СИБИРИ,26479,27585
2026-03-09 04:00,2026-03-09,4,610000,ОЭС СИБИРИ,26891,28003
2026-03-09 05:00,2026-03-09,5,610000,ОЭС СИБИРИ,27413,28853
2026-03-09 06:00,2026-03-09,6,610000,ОЭС СИБИРИ,28060,29381
2026-03-09 07:00,2026-03-09,7,610000,ОЭС СИБИРИ,28414,29553
2026-03-09 08:00,2026-03-09,8,610000,ОЭС СИБИРИ,28687,29478
2026-03-09 09:00,2026-03-09,9,610000,ОЭС СИБИРИ,28734,29354
2026-03-09 10:00,2026-03-09,10,610000,ОЭС СИБИРИ,28431,29104
2026-03-09 11:00,2026-03-09,11,610000,ОЭС СИБИРИ,28209,29092
2026-03-09 12:00,2026-03-09,12,610000,ОЭС СИБИРИ,28306,28879
2026-03-09 13:00,2026-03-09,13,610000,ОЭС СИБИРИ,28363,29108
2026-03-09 14:00,2026-03-09,14,610000,ОЭС СИБИРИ,28377,29181
2026-03-09 15:00,2026-03-09,15,610000,ОЭС СИБИРИ,28488,29458
2026-03-09 16:00,2026-03-09,16,610000,ОЭС СИБИРИ,28718,29577
2026-03-09 17:00,2026-03-09,17,610000,ОЭС СИБИРИ,28291,29565
2026-03-09 18:00,2026-03-09,18,610000,ОЭС СИБИРИ,27639,28999
2026-03-09 19:00,2026-03-09,19,610000,ОЭС СИБИРИ,26845,28117
2026-03-09 20:00,2026-03-09,20,610000,ОЭС СИБИРИ,26379,27520
2026-03-09 21:00,2026-03-09,21,610000,ОЭС СИБИРИ,26176,27226
2026-03-09 22:00,2026-03-09,22,610000,ОЭС СИБИРИ,26037,27152
2026-03-09 23:00,2026-03-09,23,610000,ОЭС СИБИРИ,25841,27072
2026-03-10 00:00,2026-03-10,0,610000,ОЭС СИБИРИ,26278,27011
2026-03-10 01:00,2026-03-10,1,610000,ОЭС СИБИРИ,26278,27339
2026-03-10 02:00,2026-03-10,2,610000,ОЭС СИБИРИ,27237,28116
2026-03-10 03:00,2026-03-10,3,610000,ОЭС СИБИРИ,27641,28872
2026-03-10 04:00,2026-03-10,4,610000,ОЭС СИБИРИ,27424,28871
2026-03-10 05:00,2026-03-10,5,610000,ОЭС СИБИРИ,27829,29231
2026-03-10 06:00,2026-03-10,6,610000,ОЭС СИБИРИ,28433,29430
2026-03-10 07:00,2026-03-10,7,610000,ОЭС СИБИРИ,28373,29242
2026-03-10 08:00,2026-03-10,8,610000,ОЭС СИБИРИ,28461,28991
2026-03-10 09:00,2026-03-10,9,610000,ОЭС СИБИРИ,28831,29304
2026-03-10 10:00,2026-03-10,10,610000,ОЭС СИБИРИ,28699,29245
2026-03-10 11:00,2026-03-10,11,610000,ОЭС СИБИРИ,28394,29262
2026-03-10 12:00,2026-03-10,12,610000,ОЭС СИБИРИ,27992,28823
2026-03-10 13:00,2026-03-10,13,610000,ОЭС СИБИРИ,27892,28618
2026-03-10 14:00,2026-03-10,14,610000,ОЭС СИБИРИ,28608,29251
2026-03-10 15:00,2026-03-10,15,610000,ОЭС СИБИРИ,28719,29537
2026-03-10 16:00,2026-03-10,16,610000,ОЭС СИБИРИ,28557,29400
2026-03-10 17:00,2026-03-10,17,610000,ОЭС СИБИРИ,28327,29251
2026-03-10 18:00,2026-03-10,18,610000,ОЭС СИБИРИ,28001,29124
2026-03-10 19:00,2026-03-10,19,610000,ОЭС СИБИРИ,27614,28389
2026-03-10 20:00,2026-03-10,20,610000,ОЭС СИБИРИ,27318,27889
2026-03-10 21:00,2026-03-10,21,610000,ОЭС СИБИРИ,26601,27264
2026-03-10 22:00,2026-03-10,22,610000,ОЭС СИБИРИ,26678,27161
2026-03-10 23:00,2026-03-10,23,610000,ОЭС СИБИРИ,26511,27256
2026-03-11 00:00,2026-03-11,0,610000,ОЭС СИБИРИ,25883,27155
2026-03-11 01:00,2026-03-11,1,610000,ОЭС СИБИРИ,26556,27290
2026-03-11 02:00,2026-03-11,2,610000,ОЭС СИБИРИ,26856,27842
2026-03-11 03:00,2026-03-11,3,610000,ОЭС СИБИРИ,26938,28703
2026-03-11 04:00,2026-03-11,4,610000,ОЭС СИБИРИ,27058,29019
2026-03-11 05:00,2026-03-11,5,610000,ОЭС СИБИРИ,27707,29474
2026-03-11 06:00,2026-03-11,6,610000,ОЭС СИБИРИ,27525,29769
2026-03-11 07:00,2026-03-11,7,610000,ОЭС СИБИРИ,28101,29754
2026-03-11 08:00,2026-03-11,8,610000,ОЭС СИБИРИ,28128,29755
2026-03-11 09:00,2026-03-11,9,610000,ОЭС СИБИРИ,28428,29848
2026-03-11 10:00,2026-03-11,10,610000,ОЭС СИБИРИ,28195,29952
2026-03-11 11:00,2026-03-11,11,610000,ОЭС СИБИРИ,27875,30039
2026-03-11 12:00,2026-03-11,12,610000,ОЭС СИБИРИ,27778,29474
2026-03-11 13:00,2026-03-11,13,610000,ОЭС СИБИРИ,28526,29612
2026-03-11 14:00,2026-03-11,14,610000,ОЭС СИБИРИ,28942,30107
2026-03-11 15:00,2026-03-11,15,610000,ОЭС СИБИРИ,28584,30040
2026-03-11 16:00,2026-03-11,16,610000,ОЭС СИБИРИ,28737,30026
2026-03-11 17:00,2026-03-11,17,610000,ОЭС СИБИРИ,28576,29889
2026-03-11 18:00,2026-03-11,18,610000,ОЭС СИБИРИ,28842,29983
2026-03-11 19:00,2026-03-11,19,610000,ОЭС СИБИРИ,27622,29153
2026-03-11 20:00,2026-03-11,20,610000,ОЭС СИБИРИ,26990,28377
2026-03-11 21:00,2026-03-11,21,610000,ОЭС СИБИРИ,26597,27873
2026-03-11 22:00,2026-03-11,22,610000,ОЭС СИБИРИ,26067,27650
2026-03-11 23:00,2026-03-11,23,610000,ОЭС СИБИРИ,25753,27689
2026-03-12 00:00,2026-03-12,0,610000,ОЭС СИБИРИ,25672,27800
2026-03-12 01:00,2026-03-12,1,610000,ОЭС СИБИРИ,26059,27868
2026-03-12 02:00,2026-03-12,2,610000,ОЭС СИБИРИ,26755,28664
2026-03-12 03:00,2026-03-12,3,610000,ОЭС СИБИРИ,27907,29406
2026-03-12 04:00,2026-03-12,4,610000,ОЭС СИБИРИ,27855,29592
2026-03-12 05:00,2026-03-12,5,610000,ОЭС СИБИРИ,28304,29990
2026-03-12 06:00,2026-03-12,6,610000,ОЭС СИБИРИ,28508,30236
2026-03-12 07:00,2026-03-12,7,610000,ОЭС СИБИРИ,28337,30432
2026-03-12 08:00,2026-03-12,8,610000,ОЭС СИБИРИ,28457,30073
2026-03-12 09:00,2026-03-12,9,610000,ОЭС СИБИРИ,29312,30480
2026-03-12 10:00,2026-03-12,10,610000,ОЭС СИБИРИ,29276,30445
2026-03-12 11:00,2026-03-12,11,610000,ОЭС СИБИРИ,28876,30207
2026-03-12 12:00,2026-03-12,12,610000,ОЭС СИБИРИ,28367,29773
2026-03-12 13:00,2026-03-12,13,610000,ОЭС СИБИРИ,28862,29952
2026-03-12 14:00,2026-03-12,14,610000,ОЭС СИБИРИ,29554,30049
2026-03-12 15:00,2026-03-12,15,610000,ОЭС СИБИРИ,29442,30089
2026-03-12 16:00,2026-03-12,16,610000,ОЭС СИБИРИ,28513,30005
2026-03-12 17:00,2026-03-12,17,610000,ОЭС СИБИРИ,27875,29767
2026-03-12 18:00,2026-03-12,18,610000,ОЭС СИБИРИ,28091,29846
2026-03-12 19:00,2026-03-12,19,610000,ОЭС СИБИРИ,27495,29091
2026-03-12 20:00,2026-03-12,20,610000,ОЭС СИБИРИ,26378,28381
2026-03-12 21:00,2026-03-12,21,610000,ОЭС СИБИРИ,26094,27975
2026-03-12 22:00,2026-03-12,22,610000,ОЭС СИБИРИ,25758,27811
2026-03-12 23:00,2026-03-12,23,610000,ОЭС СИБИРИ,25667,27841
2026-03-13 00:00,2026-03-13,0,610000,ОЭС СИБИРИ,26090,27775
2026-03-13 01:00,2026-03-13,1,610000,ОЭС СИБИРИ,26142,27916
2026-03-13 02:00,2026-03-13,2,610000,ОЭС СИБИРИ,26967,28499
2026-03-13 03:00,2026-03-13,3,610000,ОЭС СИБИРИ,27640,29368
2026-03-13 04:00,2026-03-13,4,610000,ОЭС СИБИРИ,27827,29547
2026-03-13 05:00,2026-03-13,5,610000,ОЭС СИБИРИ,28617,29770
2026-03-13 06:00,2026-03-13,6,610000,ОЭС СИБИРИ,28508,29965
2026-03-13 07:00,2026-03-13,7,610000,ОЭС СИБИРИ,28764,29850
2026-03-13 08:00,2026-03-13,8,610000,ОЭС СИБИРИ,28639,29669
2026-03-13 09:00,2026-03-13,9,610000,ОЭС СИБИРИ,28749,30017
2026-03-13 10:00,2026-03-13,10,610000,ОЭС СИБИРИ,28601,29938
2026-03-13 11:00,2026-03-13,11,610000,ОЭС СИБИРИ,28633,30002
2026-03-13 12:00,2026-03-13,12,610000,ОЭС СИБИРИ,28423,29445
2026-03-13 13:00,2026-03-13,13,610000,ОЭС СИБИРИ,28259,29286
2026-03-13 14:00,2026-03-13,14,610000,ОЭС СИБИРИ,28585,29550
2026-03-13 15:00,2026-03-13,15,610000,ОЭС СИБИРИ,28690,29576
2026-03-13 16:00,2026-03-13,16,610000,ОЭС СИБИРИ,28691,29598
2026-03-13 17:00,2026-03-13,17,610000,ОЭС СИБИРИ,28524,29486
2026-03-13 18:00,2026-03-13,18,610000,ОЭС СИБИРИ,28604,29473
2026-03-13 19:00,2026-03-13,19,610000,ОЭС СИБИРИ,27785,28814
2026-03-13 20:00,2026-03-13,20,610000,ОЭС СИБИРИ,26710,28219
2026-03-13 21:00,2026-03-13,21,610000,ОЭС СИБИРИ,26400,27855
2026-03-13 22:00,2026-03-13,22,610000,ОЭС СИБИРИ,26181,27644
2026-03-13 23:00,2026-03-13,23,610000,ОЭС СИБИРИ,26396,27559
2026-03-14 00:00,2026-03-14,0,610000,ОЭС СИБИРИ,26374,27522
2026-03-14 01:00,2026-03-14,1,610000,ОЭС СИБИРИ,26881,27621
2026-03-14 02:00,2026-03-14,2,610000,ОЭС СИБИРИ,26784,27969
2026-03-14 03:00,2026-03-14,3,610000,ОЭС СИБИРИ,27298,28527
2026-03-14 04:00,2026-03-14,4,610000,ОЭС СИБИРИ,27793,28800
2026-03-14 05:00,2026-03-14,5,610000,ОЭС СИБИРИ,28499,29722
2026-03-14 06:00,2026-03-14,6,610000,ОЭС СИБИРИ,29067,29972
2026-03-14 07:00,2026-03-14,7,610000,ОЭС СИБИРИ,28956,30121
2026-03-14 08:00,2026-03-14,8,610000,ОЭС СИБИРИ,29044,29912
2026-03-14 09:00,2026-03-14,9,610000,ОЭС СИБИРИ,29375,29830
2026-03-14 10:00,2026-03-14,10,610000,ОЭС СИБИРИ,29625,29775
2026-03-14 11:00,2026-03-14,11,610000,ОЭС СИБИРИ,29063,29635
2026-03-14 12:00,2026-03-14,12,610000,ОЭС СИБИРИ,28923,29582
2026-03-14 13:00,2026-03-14,13,610000,ОЭС СИБИРИ,29403,29890
2026-03-14 14:00,2026-03-14,14,610000,ОЭС СИБИРИ,29350,29814
2026-03-14 15:00,2026-03-14,15,610000,ОЭС СИБИРИ,29096,29785
2026-03-14 16:00,2026-03-14,16,610000,ОЭС СИБИРИ,28812,29621
2026-03-14 17:00,2026-03-14,17,610000,ОЭС СИБИРИ,28834,29633
2026-03-14 18:00,2026-03-14,18,610000,ОЭС СИБИРИ,27991,29152
2026-03-14 19:00,2026-03-14,19,610000,ОЭС СИБИРИ,27533,28559
2026-03-14 20:00,2026-03-14,20,610000,ОЭС СИБИРИ,26985,27878
2026-03-14 21:00,2026-03-14,21,610000,ОЭС СИБИРИ,26645,27554
2026-03-14 22:00,2026-03-14,22,610000,ОЭС СИБИРИ,26201,27304
2026-03-14 23:00,2026-03-14,23,610000,ОЭС СИБИРИ,25564,27194
2026-03-15 00:00,2026-03-15,0,610000,ОЭС СИБИРИ,25340,26979
2026-03-15 01:00,2026-03-15,1,610000,ОЭС СИБИРИ,25789,27228
2026-03-15 02:00,2026-03-15,2,610000,ОЭС СИБИРИ,25896,27303
2026-03-15 03:00,2026-03-15,3,610000,ОЭС СИБИРИ,26565,27781
2026-03-15 04:00,2026-03-15,4,610000,ОЭС СИБИРИ,26905,28056
2026-03-15 05:00,2026-03-15,5,610000,ОЭС СИБИРИ,27554,28861
2026-03-15 06:00,2026-03-15,6,610000,ОЭС СИБИРИ,27891,29296
2026-03-15 07:00,2026-03-15,7,610000,ОЭС СИБИРИ,28145,29489
2026-03-15 08:00,2026-03-15,8,610000,ОЭС СИБИРИ,28477,29469
2026-03-15 09:00,2026-03-15,9,610000,ОЭС СИБИРИ,28453,29193
2026-03-15 10:00,2026-03-15,10,610000,ОЭС СИБИРИ,28285,29255
2026-03-15 11:00,2026-03-15,11,610000,ОЭС СИБИРИ,28448,29084
2026-03-15 12:00,2026-03-15,12,610000,ОЭС СИБИРИ,28109,28969
2026-03-15 13:00,2026-03-15,13,610000,ОЭС СИБИРИ,29122,29283
2026-03-15 14:00,2026-03-15,14,610000,ОЭС СИБИРИ,29660,29460
2026-03-15 15:00,2026-03-15,15,610000,ОЭС СИБИРИ,29513,29810
2026-03-15 16:00,2026-03-15,16,610000,ОЭС СИБИРИ,29095,29709
2026-03-15 17:00,2026-03-15,17,610000,ОЭС СИБИРИ,28969,29802
2026-03-15 18:00,2026-03-15,18,610000,ОЭС СИБИРИ,28122,29127
2026-03-15 19:00,2026-03-15,19,610000,ОЭС СИБИРИ,28121,28403
2026-03-15 20:00,2026-03-15,20,610000,ОЭС СИБИРИ,27603,27787
2026-03-15 21:00,2026-03-15,21,610000,ОЭС СИБИРИ,26924,27265
2026-03-15 22:00,2026-03-15,22,610000,ОЭС СИБИРИ,24790,27168
2026-03-15 23:00,2026-03-15,23,610000,ОЭС СИБИРИ,25335,27124
2026-03-16 00:00,2026-03-16,0,610000,ОЭС СИБИРИ,25387,27116
2026-03-16 01:00,2026-03-16,1,610000,ОЭС СИБИРИ,26182,27480
2026-03-16 02:00,2026-03-16,2,610000,ОЭС СИБИРИ,26502,28187
2026-03-16 03:00,2026-03-16,3,610000,ОЭС СИБИРИ,27753,28938
2026-03-16 04:00,2026-03-16,4,610000,ОЭС СИБИРИ,28297,29242
2026-03-16 05:00,2026-03-16,5,610000,ОЭС СИБИРИ,28713,29814
2026-03-16 06:00,2026-03-16,6,610000,ОЭС СИБИРИ,28710,29813
2026-03-16 07:00,2026-03-16,7,610000,ОЭС СИБИРИ,28421,29973
2026-03-16 08:00,2026-03-16,8,610000,ОЭС СИБИРИ,28425,29660
2026-03-16 09:00,2026-03-16,9,610000,ОЭС СИБИРИ,28981,29909
2026-03-16 10:00,2026-03-16,10,610000,ОЭС СИБИРИ,28870,29643
2026-03-16 11:00,2026-03-16,11,610000,ОЭС СИБИРИ,28957,29734
2026-03-16 12:00,2026-03-16,12,610000,ОЭС СИБИРИ,28236,29379
2026-03-16 13:00,2026-03-16,13,610000,ОЭС СИБИРИ,28097,29270
2026-03-16 14:00,2026-03-16,14,610000,ОЭС СИБИРИ,28572,29590
2026-03-16 15:00,2026-03-16,15,610000,ОЭС СИБИРИ,28612,29476
2026-03-16 16:00,2026-03-16,16,610000,ОЭС СИБИРИ,28535,29569
2026-03-16 17:00,2026-03-16,17,610000,ОЭС СИБИРИ,28012,29438
2026-03-16 18:00,2026-03-16,18,610000,ОЭС СИБИРИ,28239,29434
2026-03-16 19:00,2026-03-16,19,610000,ОЭС СИБИРИ,27128,28545
2026-03-16 20:00,2026-03-16,20,610000,ОЭС СИБИРИ,26535,27935
2026-03-16 21:00,2026-03-16,21,610000,ОЭС СИБИРИ,25651,27595
2026-03-16 22:00,2026-03-16,22,610000,ОЭС СИБИРИ,25800,27483
2026-03-16 23:00,2026-03-16,23,610000,ОЭС СИБИРИ,25740,27413
2026-03-17 00:00,2026-03-17,0,610000,ОЭС СИБИРИ,25750,27428
2026-03-17 01:00,2026-03-17,1,610000,ОЭС СИБИРИ,26056,27377
2026-03-17 02:00,2026-03-17,2,610000,ОЭС СИБИРИ,26308,28062
2026-03-17 03:00,2026-03-17,3,610000,ОЭС СИБИРИ,26948,28984
2026-03-17 04:00,2026-03-17,4,610000,ОЭС СИБИРИ,27678,29082
2026-03-17 05:00,2026-03-17,5,610000,ОЭС СИБИРИ,27891,29479
2026-03-17 06:00,2026-03-17,6,610000,ОЭС СИБИРИ,28111,29490
2026-03-17 07:00,2026-03-17,7,610000,ОЭС СИБИРИ,28347,29476
2026-03-17 08:00,2026-03-17,8,610000,ОЭС СИБИРИ,28167,29236
2026-03-17 09:00,2026-03-17,9,610000,ОЭС СИБИРИ,28077,29640
2026-03-17 10:00,2026-03-17,10,610000,ОЭС СИБИРИ,28115,29355
2026-03-17 11:00,2026-03-17,11,610000,ОЭС СИБИРИ,28346,29365
2026-03-17 12:00,2026-03-17,12,610000,ОЭС СИБИРИ,27998,28990
2026-03-17 13:00,2026-03-17,13,610000,ОЭС СИБИРИ,27998,28965
2026-03-17 14:00,2026-03-17,14,610000,ОЭС СИБИРИ,28287,29016
2026-03-17 15:00,2026-03-17,15,610000,ОЭС СИБИРИ,28493,29333
2026-03-17 16:00,2026-03-17,16,610000,ОЭС СИБИРИ,28047,29346
2026-03-17 17:00,2026-03-17,17,610000,ОЭС СИБИРИ,28011,29318
2026-03-17 18:00,2026-03-17,18,610000,ОЭС СИБИРИ,28358,29080
2026-03-17 19:00,2026-03-17,19,610000,ОЭС СИБИРИ,27387,28424
2026-03-17 20:00,2026-03-17,20,610000,ОЭС СИБИРИ,26639,27793
2026-03-17 21:00,2026-03-17,21,610000,ОЭС СИБИРИ,26100,27302
2026-03-17 22:00,2026-03-17,22,610000,ОЭС СИБИРИ,25826,27078
2026-03-17 23:00,2026-03-17,23,610000,ОЭС СИБИРИ,25802,27263
2026-03-18 00:00,2026-03-18,0,610000,ОЭС СИБИРИ,25462,27201
2026-03-18 01:00,2026-03-18,1,610000,ОЭС СИБИРИ,25950,27452
2026-03-18 02:00,2026-03-18,2,610000,ОЭС СИБИРИ,26611,28082
2026-03-18 03:00,2026-03-18,3,610000,ОЭС СИБИРИ,27293,28688
2026-03-18 04:00,2026-03-18,4,610000,ОЭС СИБИРИ,27478,28804
2026-03-18 05:00,2026-03-18,5,610000,ОЭС СИБИРИ,27954,29196
2026-03-18 06:00,2026-03-18,6,610000,ОЭС СИБИРИ,28329,29291
2026-03-18 07:00,2026-03-18,7,610000,ОЭС СИБИРИ,28410,29222
2026-03-18 08:00,2026-03-18,8,610000,ОЭС СИБИРИ,28287,29086
2026-03-18 09:00,2026-03-18,9,610000,ОЭС СИБИРИ,28844,29425
2026-03-18 10:00,2026-03-18,10,610000,ОЭС СИБИРИ,28710,29334
2026-03-18 11:00,2026-03-18,11,610000,ОЭС СИБИРИ,28883,29251
2026-03-18 12:00,2026-03-18,12,610000,ОЭС СИБИРИ,27592,28719
2026-03-18 13:00,2026-03-18,13,610000,ОЭС СИБИРИ,28088,28643
2026-03-18 14:00,2026-03-18,14,610000,ОЭС СИБИРИ,28390,29047
2026-03-18 15:00,2026-03-18,15,610000,ОЭС СИБИРИ,28577,29096
2026-03-18 16:00,2026-03-18,16,610000,ОЭС СИБИРИ,28426,29081
2026-03-18 17:00,2026-03-18,17,610000,ОЭС СИБИРИ,27112,28869
2026-03-18 18:00,2026-03-18,18,610000,ОЭС СИБИРИ,27191,28765
2026-03-18 19:00,2026-03-18,19,610000,ОЭС СИБИРИ,26909,28007
2026-03-18 20:00,2026-03-18,20,610000,ОЭС СИБИРИ,26838,27311
2026-03-18 21:00,2026-03-18,21,610000,ОЭС СИБИРИ,25439,27032
2026-03-18 22:00,2026-03-18,22,610000,ОЭС СИБИРИ,25539,26763
2026-03-18 23:00,2026-03-18,23,610000,ОЭС СИБИРИ,24957,26923
2026-03-19 00:00,2026-03-19,0,610000,ОЭС СИБИРИ,25047,26931
2026-03-19 01:00,2026-03-19,1,610000,ОЭС СИБИРИ,25568,27088
2026-03-19 02:00,2026-03-19,2,610000,ОЭС СИБИРИ,26196,27644
2026-03-19 03:00,2026-03-19,3,610000,ОЭС СИБИРИ,26823,28380
2026-03-19 04:00,2026-03-19,4,610000,ОЭС СИБИРИ,27152,28582
2026-03-19 05:00,2026-03-19,5,610000,ОЭС СИБИРИ,27592,28884
2026-03-19 06:00,2026-03-19,6,610000,ОЭС СИБИРИ,28132,29135
2026-03-19 07:00,2026-03-19,7,610000,ОЭС СИБИРИ,27877,29010
2026-03-19 08:00,2026-03-19,8,610000,ОЭС СИБИРИ,28079,28962
2026-03-19 09:00,2026-03-19,9,610000,ОЭС СИБИРИ,28316,29076
2026-03-19 10:00,2026-03-19,10,610000,ОЭС СИБИРИ,28353,29174
2026-03-19 11:00,2026-03-19,11,610000,ОЭС СИБИРИ,27951,29146
2026-03-19 12:00,2026-03-19,12,610000,ОЭС СИБИРИ,27830,28872
2026-03-19 13:00,2026-03-19,13,610000,ОЭС СИБИРИ,27551,28667
2026-03-19 14:00,2026-03-19,14,610000,ОЭС СИБИРИ,27854,28910
2026-03-19 15:00,2026-03-19,15,610000,ОЭС СИБИРИ,28619,29177
2026-03-19 16:00,2026-03-19,16,610000,ОЭС СИБИРИ,28606,29153
2026-03-19 17:00,2026-03-19,17,610000,ОЭС СИБИРИ,28219,29084
2026-03-19 18:00,2026-03-19,18,610000,ОЭС СИБИРИ,27942,28962
2026-03-19 19:00,2026-03-19,19,610000,ОЭС СИБИРИ,26905,28050
2026-03-19 20:00,2026-03-19,20,610000,ОЭС СИБИРИ,26573,27619
2026-03-19 21:00,2026-03-19,21,610000,ОЭС СИБИРИ,25968,27123
2026-03-19 22:00,2026-03-19,22,610000,ОЭС СИБИРИ,25736,26936
2026-03-19 23:00,2026-03-19,23,610000,ОЭС СИБИРИ,25695,26892
2026-03-20 00:00,2026-03-20,0,610000,ОЭС СИБИРИ,25229,26792
2026-03-20 01:00,2026-03-20,1,610000,ОЭС СИБИРИ,25678,27032
2026-03-20 02:00,2026-03-20,2,610000,ОЭС СИБИРИ,26094,27783
2026-03-20 03:00,2026-03-20,3,610000,ОЭС СИБИРИ,26756,28467
2026-03-20 04:00,2026-03-20,4,610000,ОЭС СИБИРИ,26916,28429
2026-03-20 05:00,2026-03-20,5,610000,ОЭС СИБИРИ,27266,28789
2026-03-20 06:00,2026-03-20,6,610000,ОЭС СИБИРИ,27762,28936
2026-03-20 07:00,2026-03-20,7,610000,ОЭС СИБИРИ,27496,28748
2026-03-20 08:00,2026-03-20,8,610000,ОЭС СИБИРИ,27562,28586
2026-03-20 09:00,2026-03-20,9,610000,ОЭС СИБИРИ,27387,28854
2026-03-20 10:00,2026-03-20,10,610000,ОЭС СИБИРИ,27454,28921
2026-03-20 11:00,2026-03-20,11,610000,ОЭС СИБИРИ,27635,28959
2026-03-20 12:00,2026-03-20,12,610000,ОЭС СИБИРИ,27016,28458
2026-03-20 13:00,2026-03-20,13,610000,ОЭС СИБИРИ,26916,28379
2026-03-20 14:00,2026-03-20,14,610000,ОЭС СИБИРИ,27046,28495
2026-03-20 15:00,2026-03-20,15,610000,ОЭС СИБИРИ,27307,28602
2026-03-20 16:00,2026-03-20,16,610000,ОЭС СИБИРИ,27539,28483
2026-03-20 17:00,2026-03-20,17,610000,ОЭС СИБИРИ,27603,28594
2026-03-20 18:00,2026-03-20,18,610000,ОЭС СИБИРИ,27609,28682
2026-03-20 19:00,2026-03-20,19,610000,ОЭС СИБИРИ,26857,27862
2026-03-20 20:00,2026-03-20,20,610000,ОЭС СИБИРИ,25626,27112
2026-03-20 21:00,2026-03-20,21,610000,ОЭС СИБИРИ,25116,26740
2026-03-20 22:00,2026-03-20,22,610000,ОЭС СИБИРИ,25299,26596
2026-03-20 23:00,2026-03-20,23,610000,ОЭС СИБИРИ,24891,26551
2026-03-21 00:00,2026-03-21,0,610000,ОЭС СИБИРИ,25090,26556
2026-03-21 01:00,2026-03-21,1,610000,ОЭС СИБИРИ,25101,26720
2026-03-21 02:00,2026-03-21,2,610000,ОЭС СИБИРИ,25556,26953
2026-03-21 03:00,2026-03-21,3,610000,ОЭС СИБИРИ,25661,27231
2026-03-21 04:00,2026-03-21,4,610000,ОЭС СИБИРИ,26207,27616
2026-03-21 05:00,2026-03-21,5,610000,ОЭС СИБИРИ,26669,28224
2026-03-21 06:00,2026-03-21,6,610000,ОЭС СИБИРИ,27637,28878
2026-03-21 07:00,2026-03-21,7,610000,ОЭС СИБИРИ,27183,28747
2026-03-21 08:00,2026-03-21,8,610000,ОЭС СИБИРИ,27243,28606
2026-03-21 09:00,2026-03-21,9,610000,ОЭС СИБИРИ,27784,28528
2026-03-21 10:00,2026-03-21,10,610000,ОЭС СИБИРИ,27715,28387
2026-03-21 11:00,2026-03-21,11,610000,ОЭС СИБИРИ,27292,28254
2026-03-21 12:00,2026-03-21,12,610000,ОЭС СИБИРИ,27145,28232
2026-03-21 13:00,2026-03-21,13,610000,ОЭС СИБИРИ,27371,28126
2026-03-21 14:00,2026-03-21,14,610000,ОЭС СИБИРИ,27564,28474
2026-03-21 15:00,2026-03-21,15,610000,ОЭС СИБИРИ,27744,28492
2026-03-21 16:00,2026-03-21,16,610000,ОЭС СИБИРИ,27690,28685
2026-03-21 17:00,2026-03-21,17,610000,ОЭС СИБИРИ,27248,28597
2026-03-21 18:00,2026-03-21,18,610000,ОЭС СИБИРИ,26743,28259
2026-03-21 19:00,2026-03-21,19,610000,ОЭС СИБИРИ,26492,27621
2026-03-21 20:00,2026-03-21,20,610000,ОЭС СИБИРИ,26048,27102
2026-03-21 21:00,2026-03-21,21,610000,ОЭС СИБИРИ,25458,26678
2026-03-21 22:00,2026-03-21,22,610000,ОЭС СИБИРИ,25371,26477
2026-03-21 23:00,2026-03-21,23,610000,ОЭС СИБИРИ,24341,26322
2026-03-22 00:00,2026-03-22,0,610000,ОЭС СИБИРИ,24180,26227
2026-03-22 01:00,2026-03-22,1,610000,ОЭС СИБИРИ,24752,26166
2026-03-22 02:00,2026-03-22,2,610000,ОЭС СИБИРИ,24811,26328
2026-03-22 03:00,2026-03-22,3,610000,ОЭС СИБИРИ,25054,26668
2026-03-22 04:00,2026-03-22,4,610000,ОЭС СИБИРИ,25452,27099
2026-03-22 05:00,2026-03-22,5,610000,ОЭС СИБИРИ,26012,27799
2026-03-22 06:00,2026-03-22,6,610000,ОЭС СИБИРИ,26540,28211
2026-03-22 07:00,2026-03-22,7,610000,ОЭС СИБИРИ,26611,28152
2026-03-22 08:00,2026-03-22,8,610000,ОЭС СИБИРИ,27016,28157
2026-03-22 09:00,2026-03-22,9,610000,ОЭС СИБИРИ,26736,27897
2026-03-22 10:00,2026-03-22,10,610000,ОЭС СИБИРИ,26959,27911
2026-03-22 11:00,2026-03-22,11,610000,ОЭС СИБИРИ,27528,28049
2026-03-22 12:00,2026-03-22,12,610000,ОЭС СИБИРИ,27327,27830
2026-03-22 13:00,2026-03-22,13,610000,ОЭС СИБИРИ,27073,27914
2026-03-22 14:00,2026-03-22,14,610000,ОЭС СИБИРИ,27407,28200
2026-03-22 15:00,2026-03-22,15,610000,ОЭС СИБИРИ,27616,28461
2026-03-22 16:00,2026-03-22,16,610000,ОЭС СИБИРИ,27409,28445
2026-03-22 17:00,2026-03-22,17,610000,ОЭС СИБИРИ,27476,28426
2026-03-22 18:00,2026-03-22,18,610000,ОЭС СИБИРИ,27395,27850
2026-03-22 19:00,2026-03-22,19,610000,ОЭС СИБИРИ,26502,27151
2026-03-22 20:00,2026-03-22,20,610000,ОЭС СИБИРИ,26000,26441
2026-03-22 21:00,2026-03-22,21,610000,ОЭС СИБИРИ,25035,26087
2026-03-22 22:00,2026-03-22,22,610000,ОЭС СИБИРИ,24088,25738
2026-03-22 23:00,2026-03-22,23,610000,ОЭС СИБИРИ,24669,25938
2026-03-23 00:00,2026-03-23,0,610000,ОЭС СИБИРИ,24600,26044
2026-03-23 01:00,2026-03-23,1,610000,ОЭС СИБИРИ,24274,26081
2026-03-23 02:00,2026-03-23,2,610000,ОЭС СИБИРИ,25070,26738
2026-03-23 03:00,2026-03-23,3,610000,ОЭС СИБИРИ,25958,27615
2026-03-23 04:00,2026-03-23,4,610000,ОЭС СИБИРИ,26209,27588
2026-03-23 05:00,2026-03-23,5,610000,ОЭС СИБИРИ,26345,27905
2026-03-23 06:00,2026-03-23,6,610000,ОЭС СИБИРИ,26961,28125
2026-03-23 07:00,2026-03-23,7,610000,ОЭС СИБИРИ,27191,28112
2026-03-23 08:00,2026-03-23,8,610000,ОЭС СИБИРИ,26886,27909
2026-03-23 09:00,2026-03-23,9,610000,ОЭС СИБИРИ,27170,28174
2026-03-23 10:00,2026-03-23,10,610000,ОЭС СИБИРИ,27094,28163
2026-03-23 11:00,2026-03-23,11,610000,ОЭС СИБИРИ,26327,27888
2026-03-23 12:00,2026-03-23,12,610000,ОЭС СИБИРИ,26197,27807
2026-03-23 13:00,2026-03-23,13,610000,ОЭС СИБИРИ,26550,27600
2026-03-23 14:00,2026-03-23,14,610000,ОЭС СИБИРИ,26507,27821
2026-03-23 15:00,2026-03-23,15,610000,ОЭС СИБИРИ,26908,28119
2026-03-23 16:00,2026-03-23,16,610000,ОЭС СИБИРИ,26956,27813
2026-03-23 17:00,2026-03-23,17,610000,ОЭС СИБИРИ,26794,27766
2026-03-23 18:00,2026-03-23,18,610000,ОЭС СИБИРИ,27095,27840
2026-03-23 19:00,2026-03-23,19,610000,ОЭС СИБИРИ,26654,27184
2026-03-23 20:00,2026-03-23,20,610000,ОЭС СИБИРИ,26303,26450
2026-03-23 21:00,2026-03-23,21,610000,ОЭС СИБИРИ,24899,26061
2026-03-23 22:00,2026-03-23,22,610000,ОЭС СИБИРИ,24859,25821
2026-03-23 23:00,2026-03-23,23,610000,ОЭС СИБИРИ,24670,25962
2026-03-24 00:00,2026-03-24,0,610000,ОЭС СИБИРИ,24117,25809
2026-03-24 01:00,2026-03-24,1,610000,ОЭС СИБИРИ,24256,25960
2026-03-24 02:00,2026-03-24,2,610000,ОЭС СИБИРИ,25034,26598
2026-03-24 03:00,2026-03-24,3,610000,ОЭС СИБИРИ,25562,27404
2026-03-24 04:00,2026-03-24,4,610000,ОЭС СИБИРИ,25665,27457
2026-03-24 05:00,2026-03-24,5,610000,ОЭС СИБИРИ,26045,27801
2026-03-24 06:00,2026-03-24,6,610000,ОЭС СИБИРИ,26351,27872
2026-03-24 07:00,2026-03-24,7,610000,ОЭС СИБИРИ,26569,27626
2026-03-24 08:00,2026-03-24,8,610000,ОЭС СИБИРИ,26065,27438
2026-03-24 09:00,2026-03-24,9,610000,ОЭС СИБИРИ,26054,27670
2026-03-24 10:00,2026-03-24,10,610000,ОЭС СИБИРИ,26158,27468
2026-03-24 11:00,2026-03-24,11,610000,ОЭС СИБИРИ,26255,27608
2026-03-24 12:00,2026-03-24,12,610000,ОЭС СИБИРИ,26072,27125
2026-03-24 13:00,2026-03-24,13,610000,ОЭС СИБИРИ,26028,26995
2026-03-24 14:00,2026-03-24,14,610000,ОЭС СИБИРИ,26472,27454
2026-03-24 15:00,2026-03-24,15,610000,ОЭС СИБИРИ,26442,27588
2026-03-24 16:00,2026-03-24,16,610000,ОЭС СИБИРИ,26393,27547
2026-03-24 17:00,2026-03-24,17,610000,ОЭС СИБИРИ,26315,27601
2026-03-24 18:00,2026-03-24,18,610000,ОЭС СИБИРИ,26500,27696
2026-03-24 19:00,2026-03-24,19,610000,ОЭС СИБИРИ,25517,26953
2026-03-24 20:00,2026-03-24,20,610000,ОЭС СИБИРИ,24579,26081
2026-03-24 21:00,2026-03-24,21,610000,ОЭС СИБИРИ,24110,25686
2026-03-24 22:00,2026-03-24,22,610000,ОЭС СИБИРИ,24074,25627
2026-03-24 23:00,2026-03-24,23,610000,ОЭС СИБИРИ,23548,25417
2026-03-25 00:00,2026-03-25,0,610000,ОЭС СИБИРИ,23533,25533
2026-03-25 01:00,2026-03-25,1,610000,ОЭС СИБИРИ,23967,25707
2026-03-25 02:00,2026-03-25,2,610000,ОЭС СИБИРИ,24277,26326
2026-03-25 03:00,2026-03-25,3,610000,ОЭС СИБИРИ,25398,27073
2026-03-25 04:00,2026-03-25,4,610000,ОЭС СИБИРИ,25446,27379
2026-03-25 05:00,2026-03-25,5,610000,ОЭС СИБИРИ,25510,27684
2026-03-25 06:00,2026-03-25,6,610000,ОЭС СИБИРИ,25866,27649
2026-03-25 07:00,2026-03-25,7,610000,ОЭС СИБИРИ,26090,27759
2026-03-25 08:00,2026-03-25,8,610000,ОЭС СИБИРИ,26007,27429
2026-03-25 09:00,2026-03-25,9,610000,ОЭС СИБИРИ,26359,27905
2026-03-25 10:00,2026-03-25,10,610000,ОЭС СИБИРИ,26479,27893
2026-03-25 11:00,2026-03-25,11,610000,ОЭС СИБИРИ,26193,27803
2026-03-25 12:00,2026-03-25,12,610000,ОЭС СИБИРИ,25922,27313
2026-03-25 13:00,2026-03-25,13,610000,ОЭС СИБИРИ,25686,27194
2026-03-25 14:00,2026-03-25,14,610000,ОЭС СИБИРИ,25727,27304
2026-03-25 15:00,2026-03-25,15,610000,ОЭС СИБИРИ,26139,27524
2026-03-25 16:00,2026-03-25,16,610000,ОЭС СИБИРИ,26069,27645
2026-03-25 17:00,2026-03-25,17,610000,ОЭС СИБИРИ,26160,27617
2026-03-25 18:00,2026-03-25,18,610000,ОЭС СИБИРИ,25883,27668
2026-03-25 19:00,2026-03-25,19,610000,ОЭС СИБИРИ,25019,26879
2026-03-25 20:00,2026-03-25,20,610000,ОЭС СИБИРИ,24295,26083
2026-03-25 21:00,2026-03-25,21,610000,ОЭС СИБИРИ,24045,25848
2026-03-25 22:00,2026-03-25,22,610000,ОЭС СИБИРИ,23770,25586
2026-03-25 23:00,2026-03-25,23,610000,ОЭС СИБИРИ,23464,25478
2026-03-26 00:00,2026-03-26,0,610000,ОЭС СИБИРИ,23226,25416
2026-03-26 01:00,2026-03-26,1,610000,ОЭС СИБИРИ,23972,25693
2026-03-26 02:00,2026-03-26,2,610000,ОЭС СИБИРИ,24170,26256
2026-03-26 03:00,2026-03-26,3,610000,ОЭС СИБИРИ,25075,26954
2026-03-26 04:00,2026-03-26,4,610000,ОЭС СИБИРИ,25037,27043
2026-03-26 05:00,2026-03-26,5,610000,ОЭС СИБИРИ,25445,27328
2026-03-26 06:00,2026-03-26,6,610000,ОЭС СИБИРИ,26340,27609
2026-03-26 07:00,2026-03-26,7,610000,ОЭС СИБИРИ,25858,27487
2026-03-26 08:00,2026-03-26,8,610000,ОЭС СИБИРИ,25762,27427
2026-03-26 09:00,2026-03-26,9,610000,ОЭС СИБИРИ,26029,27670
2026-03-26 10:00,2026-03-26,10,610000,ОЭС СИБИРИ,26277,27685
2026-03-26 11:00,2026-03-26,11,610000,ОЭС СИБИРИ,26018,27740
2026-03-26 12:00,2026-03-26,12,610000,ОЭС СИБИРИ,25679,27319
2026-03-26 13:00,2026-03-26,13,610000,ОЭС СИБИРИ,26084,27237
2026-03-26 14:00,2026-03-26,14,610000,ОЭС СИБИРИ,25810,27171
2026-03-26 15:00,2026-03-26,15,610000,ОЭС СИБИРИ,25987,27462
2026-03-26 16:00,2026-03-26,16,610000,ОЭС СИБИРИ,25216,27184
2026-03-26 17:00,2026-03-26,17,610000,ОЭС СИБИРИ,25610,27276
2026-03-26 18:00,2026-03-26,18,610000,ОЭС СИБИРИ,25819,27554
2026-03-26 19:00,2026-03-26,19,610000,ОЭС СИБИРИ,24872,26532
2026-03-26 20:00,2026-03-26,20,610000,ОЭС СИБИРИ,23797,25939
2026-03-26 21:00,2026-03-26,21,610000,ОЭС СИБИРИ,23560,25554
2026-03-26 22:00,2026-03-26,22,610000,ОЭС СИБИРИ,23764,25453
2026-03-26 23:00,2026-03-26,23,610000,ОЭС СИБИРИ,23563,25563
2026-03-27 00:00,2026-03-27,0,610000,ОЭС СИБИРИ,23484,25403
2026-03-27 01:00,2026-03-27,1,610000,ОЭС СИБИРИ,24214,25619
2026-03-27 02:00,2026-03-27,2,610000,ОЭС СИБИРИ,24369,26039
2026-03-27 03:00,2026-03-27,3,610000,ОЭС СИБИРИ,24739,26704
2026-03-27 04:00,2026-03-27,4,610000,ОЭС СИБИРИ,24849,26826
2026-03-27 05:00,2026-03-27,5,610000,ОЭС СИБИРИ,25031,27221
2026-03-27 06:00,2026-03-27,6,610000,ОЭС СИБИРИ,25505,27422
2026-03-27 07:00,2026-03-27,7,610000,ОЭС СИБИРИ,25460,27351
2026-03-27 08:00,2026-03-27,8,610000,ОЭС СИБИРИ,25343,27223
2026-03-27 09:00,2026-03-27,9,610000,ОЭС СИБИРИ,25913,27728
2026-03-27 10:00,2026-03-27,10,610000,ОЭС СИБИРИ,25553,27563
2026-03-27 11:00,2026-03-27,11,610000,ОЭС СИБИРИ,25724,27648
2026-03-27 12:00,2026-03-27,12,610000,ОЭС СИБИРИ,25697,27268
2026-03-27 13:00,2026-03-27,13,610000,ОЭС СИБИРИ,25945,27236
2026-03-27 14:00,2026-03-27,14,610000,ОЭС СИБИРИ,25918,27236
2026-03-27 15:00,2026-03-27,15,610000,ОЭС СИБИРИ,26418,27388
2026-03-27 16:00,2026-03-27,16,610000,ОЭС СИБИРИ,26278,27289
2026-03-27 17:00,2026-03-27,17,610000,ОЭС СИБИРИ,26093,27286
2026-03-27 18:00,2026-03-27,18,610000,ОЭС СИБИРИ,25676,27397
2026-03-27 19:00,2026-03-27,19,610000,ОЭС СИБИРИ,25036,26664
2026-03-27 20:00,2026-03-27,20,610000,ОЭС СИБИРИ,25007,25995
2026-03-27 21:00,2026-03-27,21,610000,ОЭС СИБИРИ,24255,25705
2026-03-27 22:00,2026-03-27,22,610000,ОЭС СИБИРИ,23564,25495
2026-03-27 23:00,2026-03-27,23,610000,ОЭС СИБИРИ,23326,25307
2026-03-28 00:00,2026-03-28,0,610000,ОЭС СИБИРИ,23363,25481
2026-03-28 01:00,2026-03-28,1,610000,ОЭС СИБИРИ,24232,25486
2026-03-28 02:00,2026-03-28,2,610000,ОЭС СИБИРИ,24116,25788
2026-03-28 03:00,2026-03-28,3,610000,ОЭС СИБИРИ,24233,25954
2026-03-28 04:00,2026-03-28,4,610000,ОЭС СИБИРИ,24337,26458
2026-03-28 05:00,2026-03-28,5,610000,ОЭС СИБИРИ,25119,27550
2026-03-28 06:00,2026-03-28,6,610000,ОЭС СИБИРИ,25812,27940
2026-03-28 07:00,2026-03-28,7,610000,ОЭС СИБИРИ,25955,27905
2026-03-28 08:00,2026-03-28,8,610000,ОЭС СИБИРИ,25956,27686
2026-03-28 09:00,2026-03-28,9,610000,ОЭС СИБИРИ,26570,27779
2026-03-28 10:00,2026-03-28,10,610000,ОЭС СИБИРИ,26322,27533
2026-03-28 11:00,2026-03-28,11,610000,ОЭС СИБИРИ,26106,27362
2026-03-28 12:00,2026-03-28,12,610000,ОЭС СИБИРИ,25695,27164
2026-03-28 13:00,2026-03-28,13,610000,ОЭС СИБИРИ,25902,27266
2026-03-28 14:00,2026-03-28,14,610000,ОЭС СИБИРИ,25563,27300
2026-03-28 15:00,2026-03-28,15,610000,ОЭС СИБИРИ,25904,27663
2026-03-28 16:00,2026-03-28,16,610000,ОЭС СИБИРИ,25741,27474
2026-03-28 17:00,2026-03-28,17,610000,ОЭС СИБИРИ,25353,27551
2026-03-28 18:00,2026-03-28,18,610000,ОЭС СИБИРИ,25017,27233
2026-03-28 19:00,2026-03-28,19,610000,ОЭС СИБИРИ,24765,26726
2026-03-28 20:00,2026-03-28,20,610000,ОЭС СИБИРИ,23763,25949
2026-03-28 21:00,2026-03-28,21,610000,ОЭС СИБИРИ,23523,25803
2026-03-28 22:00,2026-03-28,22,610000,ОЭС СИБИРИ,23165,25609
2026-03-28 23:00,2026-03-28,23,610000,ОЭС СИБИРИ,23039,25488
2026-03-29 00:00,2026-03-29,0,610000,ОЭС СИБИРИ,23050,25298
2026-03-29 01:00,2026-03-29,1,610000,ОЭС СИБИРИ,23861,25247
2026-03-29 02:00,2026-03-29,2,610000,ОЭС СИБИРИ,23928,25519
2026-03-29 03:00,2026-03-29,3,610000,ОЭС СИБИРИ,23926,25885
2026-03-29 04:00,2026-03-29,4,610000,ОЭС СИБИРИ,23944,26136
2026-03-29 05:00,2026-03-29,5,610000,ОЭС СИБИРИ,25063,27091
2026-03-29 06:00,2026-03-29,6,610000,ОЭС СИБИРИ,25800,27475
2026-03-29 07:00,2026-03-29,7,610000,ОЭС СИБИРИ,25960,27538
2026-03-29 08:00,2026-03-29,8,610000,ОЭС СИБИРИ,25765,27405
2026-03-29 09:00,2026-03-29,9,610000,ОЭС СИБИРИ,26466,27346
2026-03-29 10:00,2026-03-29,10,610000,ОЭС СИБИРИ,26331,27357
2026-03-29 11:00,2026-03-29,11,610000,ОЭС СИБИРИ,26010,27212
2026-03-29 12:00,2026-03-29,12,610000,ОЭС СИБИРИ,26245,27076
2026-03-29 13:00,2026-03-29,13,610000,ОЭС СИБИРИ,26258,27167
2026-03-29 14:00,2026-03-29,14,610000,ОЭС СИБИРИ,26203,27184
2026-03-29 15:00,2026-03-29,15,610000,ОЭС СИБИРИ,26591,27697
2026-03-29 16:00,2026-03-29,16,610000,ОЭС СИБИРИ,26583,27717
2026-03-29 17:00,2026-03-29,17,610000,ОЭС СИБИРИ,26642,27901
2026-03-29 18:00,2026-03-29,18,610000,ОЭС СИБИРИ,25959,27145
2026-03-29 19:00,2026-03-29,19,610000,ОЭС СИБИРИ,25818,26541
2026-03-29 20:00,2026-03-29,20,610000,ОЭС СИБИРИ,25250,25925
2026-03-29 21:00,2026-03-29,21,610000,ОЭС СИБИРИ,24412,25449
2026-03-29 22:00,2026-03-29,22,610000,ОЭС СИБИРИ,23728,25430
2026-03-29 23:00,2026-03-29,23,610000,ОЭС СИБИРИ,23313,25385
2026-03-30 00:00,2026-03-30,0,610000,ОЭС СИБИРИ,23401,25301
2026-03-30 01:00,2026-03-30,1,610000,ОЭС СИБИРИ,23015,24805
2026-03-30 02:00,2026-03-30,2,610000,ОЭС СИБИРИ,24163,26009
2026-03-30 03:00,2026-03-30,3,610000,ОЭС СИБИРИ,24510,26761
2026-03-30 04:00,2026-03-30,4,610000,ОЭС СИБИРИ,24720,26985
2026-03-30 05:00,2026-03-30,5,610000,ОЭС СИБИРИ,26017,27588
2026-03-30 06:00,2026-03-30,6,610000,ОЭС СИБИРИ,25397,27744
2026-03-30 07:00,2026-03-30,7,610000,ОЭС СИБИРИ,25737,27580
2026-03-30 08:00,2026-03-30,8,610000,ОЭС СИБИРИ,25767,27397
2026-03-30 09:00,2026-03-30,9,610000,ОЭС СИБИРИ,26867,27948
2026-03-30 10:00,2026-03-30,10,610000,ОЭС СИБИРИ,26811,27782
2026-03-30 11:00,2026-03-30,11,610000,ОЭС СИБИРИ,26416,27886
2026-03-30 12:00,2026-03-30,12,610000,ОЭС СИБИРИ,26172,27460
2026-03-30 13:00,2026-03-30,13,610000,ОЭС СИБИРИ,26497,27249
2026-03-30 14:00,2026-03-30,14,610000,ОЭС СИБИРИ,26782,27480
2026-03-30 15:00,2026-03-30,15,610000,ОЭС СИБИРИ,26124,27324
2026-03-30 16:00,2026-03-30,16,610000,ОЭС СИБИРИ,26589,27436
2026-03-30 17:00,2026-03-30,17,610000,ОЭС СИБИРИ,26657,27641
2026-03-30 18:00,2026-03-30,18,610000,ОЭС СИБИРИ,26305,27606
2026-03-30 19:00,2026-03-30,19,610000,ОЭС СИБИРИ,25403,26811
2026-03-30 20:00,2026-03-30,20,610000,ОЭС СИБИРИ,25166,26229
2026-03-30 21:00,2026-03-30,21,610000,ОЭС СИБИРИ,24628,25776
2026-03-30 22:00,2026-03-30,22,610000,ОЭС СИБИРИ,24545,25647
2026-03-30 23:00,2026-03-30,23,610000,ОЭС СИБИРИ,24491,25548
2026-03-31 00:00,2026-03-31,0,610000,ОЭС СИБИРИ,24143,25589
2026-03-31 01:00,2026-03-31,1,610000,ОЭС СИБИРИ,24054,25744
2026-03-31 02:00,2026-03-31,2,610000,ОЭС СИБИРИ,24794,26356
2026-03-31 03:00,2026-03-31,3,610000,ОЭС СИБИРИ,25286,26938
2026-03-31 04:00,2026-03-31,4,610000,ОЭС СИБИРИ,25285,27046
2026-03-31 05:00,2026-03-31,5,610000,ОЭС СИБИРИ,26001,27539
2026-03-31 06:00,2026-03-31,6,610000,ОЭС СИБИРИ,26391,27698
2026-03-31 07:00,2026-03-31,7,610000,ОЭС СИБИРИ,26266,27538
2026-03-31 08:00,2026-03-31,8,610000,ОЭС СИБИРИ,26111,27365
2026-03-31 09:00,2026-03-31,9,610000,ОЭС СИБИРИ,26563,27670
2026-03-31 10:00,2026-03-31,10,610000,ОЭС СИБИРИ,26543,27611
2026-03-31 11:00,2026-03-31,11,610000,ОЭС СИБИРИ,25701,27394
2026-03-31 12:00,2026-03-31,12,610000,ОЭС СИБИРИ,25668,27037
2026-03-31 13:00,2026-03-31,13,610000,ОЭС СИБИРИ,26163,26987
2026-03-31 14:00,2026-03-31,14,610000,ОЭС СИБИРИ,26243,27224
2026-03-31 15:00,2026-03-31,15,610000,ОЭС СИБИРИ,26058,27380
2026-03-31 16:00,2026-03-31,16,610000,ОЭС СИБИРИ,26620,27510
2026-03-31 17:00,2026-03-31,17,610000,ОЭС СИБИРИ,26807,27618
2026-03-31 18:00,2026-03-31,18,610000,ОЭС СИБИРИ,26855,27714
2026-03-31 19:00,2026-03-31,19,610000,ОЭС СИБИРИ,25771,26886
2026-03-31 20:00,2026-03-31,20,610000,ОЭС СИБИРИ,25421,26159
2026-03-31 21:00,2026-03-31,21,610000,ОЭС СИБИРИ,24407,25781
2026-03-31 22:00,2026-03-31,22,610000,ОЭС СИБИРИ,24261,25749
2026-03-31 23:00,2026-03-31,23,610000,ОЭС СИБИРИ,24171,25605
2026-04-01 00:00,2026-04-01,0,610000,ОЭС СИБИРИ,23492,25417
2026-04-01 01:00,2026-04-01,1,610000,ОЭС СИБИРИ,24396,25691
2026-04-01 02:00,2026-04-01,2,610000,ОЭС СИБИРИ,24859,26331
2026-04-01 03:00,2026-04-01,3,610000,ОЭС СИБИРИ,25481,26844
2026-04-01 04:00,2026-04-01,4,610000,ОЭС СИБИРИ,25714,26906
2026-04-01 05:00,2026-04-01,5,610000,ОЭС СИБИРИ,26087,27321
2026-04-01 06:00,2026-04-01,6,610000,ОЭС СИБИРИ,26233,27608
2026-04-01 07:00,2026-04-01,7,610000,ОЭС СИБИРИ,26103,27455
2026-04-01 08:00,2026-04-01,8,610000,ОЭС СИБИРИ,26143,27174
2026-04-01 09:00,2026-04-01,9,610000,ОЭС СИБИРИ,27218,27637
2026-04-01 10:00,2026-04-01,10,610000,ОЭС СИБИРИ,26198,27442
2026-04-01 11:00,2026-04-01,11,610000,ОЭС СИБИРИ,26522,27448
2026-04-01 12:00,2026-04-01,12,610000,ОЭС СИБИРИ,25983,27061
2026-04-01 13:00,2026-04-01,13,610000,ОЭС СИБИРИ,25762,26991
2026-04-01 14:00,2026-04-01,14,610000,ОЭС СИБИРИ,25929,27209
2026-04-01 15:00,2026-04-01,15,610000,ОЭС СИБИРИ,25689,27218
2026-04-01 16:00,2026-04-01,16,610000,ОЭС СИБИРИ,26167,27345
2026-04-01 17:00,2026-04-01,17,610000,ОЭС СИБИРИ,26443,27577
2026-04-01 18:00,2026-04-01,18,610000,ОЭС СИБИРИ,26203,27541
2026-04-01 19:00,2026-04-01,19,610000,ОЭС СИБИРИ,25560,26717
2026-04-01 20:00,2026-04-01,20,610000,ОЭС СИБИРИ,24637,25976
2026-04-01 21:00,2026-04-01,21,610000,ОЭС СИБИРИ,24164,25727
2026-04-01 22:00,2026-04-01,22,610000,ОЭС СИБИРИ,23596,25383
2026-04-01 23:00,2026-04-01,23,610000,ОЭС СИБИРИ,23547,25410
2026-04-02 00:00,2026-04-02,0,610000,ОЭС СИБИРИ,23640,25505
2026-04-02 01:00,2026-04-02,1,610000,ОЭС СИБИРИ,23907,25527
2026-04-02 02:00,2026-04-02,2,610000,ОЭС СИБИРИ,24187,26054
2026-04-02 03:00,2026-04-02,3,610000,ОЭС СИБИРИ,24997,26694
2026-04-02 04:00,2026-04-02,4,610000,ОЭС СИБИРИ,25288,26885
2026-04-02 05:00,2026-04-02,5,610000,ОЭС СИБИРИ,25773,27177
2026-04-02 06:00,2026-04-02,6,610000,ОЭС СИБИРИ,25616,27320
2026-04-02 07:00,2026-04-02,7,610000,ОЭС СИБИРИ,25843,27133
2026-04-02 08:00,2026-04-02,8,610000,ОЭС СИБИРИ,25996,27166
2026-04-02 09:00,2026-04-02,9,610000,ОЭС СИБИРИ,26941,27493
2026-04-02 10:00,2026-04-02,10,610000,ОЭС СИБИРИ,26890,27437
2026-04-02 11:00,2026-04-02,11,610000,ОЭС СИБИРИ,26103,27292
2026-04-02 12:00,2026-04-02,12,610000,ОЭС СИБИРИ,25964,27026
2026-04-02 13:00,2026-04-02,13,610000,ОЭС СИБИРИ,26261,26922
2026-04-02 14:00,2026-04-02,14,610000,ОЭС СИБИРИ,26389,27015
2026-04-02 15:00,2026-04-02,15,610000,ОЭС СИБИРИ,26780,27357
2026-04-02 16:00,2026-04-02,16,610000,ОЭС СИБИРИ,26115,27132
2026-04-02 17:00,2026-04-02,17,610000,ОЭС СИБИРИ,26447,27327
2026-04-02 18:00,2026-04-02,18,610000,ОЭС СИБИРИ,26327,27537
2026-04-02 19:00,2026-04-02,19,610000,ОЭС СИБИРИ,25939,26738
2026-04-02 20:00,2026-04-02,20,610000,ОЭС СИБИРИ,25150,26044
2026-04-02 21:00,2026-04-02,21,610000,ОЭС СИБИРИ,24720,25631
2026-04-02 22:00,2026-04-02,22,610000,ОЭС СИБИРИ,24103,25498
2026-04-02 23:00,2026-04-02,23,610000,ОЭС СИБИРИ,23860,25454
2026-04-03 00:00,2026-04-03,0,610000,ОЭС СИБИРИ,23797,25420
2026-04-03 01:00,2026-04-03,1,610000,ОЭС СИБИРИ,24142,25555
2026-04-03 02:00,2026-04-03,2,610000,ОЭС СИБИРИ,24075,26033
2026-04-03 03:00,2026-04-03,3,610000,ОЭС СИБИРИ,24916,26585
2026-04-03 04:00,2026-04-03,4,610000,ОЭС СИБИРИ,25091,26835
2026-04-03 05:00,2026-04-03,5,610000,ОЭС СИБИРИ,25871,27224
2026-04-03 06:00,2026-04-03,6,610000,ОЭС СИБИРИ,25935,27171
2026-04-03 07:00,2026-04-03,7,610000,ОЭС СИБИРИ,26176,27263
2026-04-03 08:00,2026-04-03,8,610000,ОЭС СИБИРИ,26217,26969
2026-04-03 09:00,2026-04-03,9,610000,ОЭС СИБИРИ,27017,27450
2026-04-03 10:00,2026-04-03,10,610000,ОЭС СИБИРИ,27068,27540
2026-04-03 11:00,2026-04-03,11,610000,ОЭС СИБИРИ,26949,27452
2026-04-03 12:00,2026-04-03,12,610000,ОЭС СИБИРИ,26742,27195
2026-04-03 13:00,2026-04-03,13,610000,ОЭС СИБИРИ,27068,27070
2026-04-03 14:00,2026-04-03,14,610000,ОЭС СИБИРИ,27122,27189
2026-04-03 15:00,2026-04-03,15,610000,ОЭС СИБИРИ,27347,27441
2026-04-03 16:00,2026-04-03,16,610000,ОЭС СИБИРИ,27164,27059
2026-04-03 17:00,2026-04-03,17,610000,ОЭС СИБИРИ,26942,27397
2026-04-03 18:00,2026-04-03,18,610000,ОЭС СИБИРИ,26513,27269
2026-04-03 19:00,2026-04-03,19,610000,ОЭС СИБИРИ,25579,26569
2026-04-03 20:00,2026-04-03,20,610000,ОЭС СИБИРИ,25131,26034
2026-04-03 21:00,2026-04-03,21,610000,ОЭС СИБИРИ,24691,25611
2026-04-03 22:00,2026-04-03,22,610000,ОЭС СИБИРИ,24365,25479
2026-04-03 23:00,2026-04-03,23,610000,ОЭС СИБИРИ,24395,25423
2026-04-04 00:00,2026-04-04,0,610000,ОЭС СИБИРИ,24055,25334
2026-04-04 01:00,2026-04-04,1,610000,ОЭС СИБИРИ,24239,25417
2026-04-04 02:00,2026-04-04,2,610000,ОЭС СИБИРИ,24140,25676
2026-04-04 03:00,2026-04-04,3,610000,ОЭС СИБИРИ,24787,25879
2026-04-04 04:00,2026-04-04,4,610000,ОЭС СИБИРИ,25111,26496
2026-04-04 05:00,2026-04-04,5,610000,ОЭС СИБИРИ,25513,27104
2026-04-04 06:00,2026-04-04,6,610000,ОЭС СИБИРИ,25955,27533
2026-04-04 07:00,2026-04-04,7,610000,ОЭС СИБИРИ,26648,27581
2026-04-04 08:00,2026-04-04,8,610000,ОЭС СИБИРИ,26931,27612
2026-04-04 09:00,2026-04-04,9,610000,ОЭС СИБИРИ,26873,27333
2026-04-04 10:00,2026-04-04,10,610000,ОЭС СИБИРИ,26704,27400
2026-04-04 11:00,2026-04-04,11,610000,ОЭС СИБИРИ,26763,27174
2026-04-04 12:00,2026-04-04,12,610000,ОЭС СИБИРИ,26398,27015
2026-04-04 13:00,2026-04-04,13,610000,ОЭС СИБИРИ,26423,27183
2026-04-04 14:00,2026-04-04,14,610000,ОЭС СИБИРИ,26745,27264
2026-04-04 15:00,2026-04-04,15,610000,ОЭС СИБИРИ,26531,27318
2026-04-04 16:00,2026-04-04,16,610000,ОЭС СИБИРИ,26708,27394
2026-04-04 17:00,2026-04-04,17,610000,ОЭС СИБИРИ,26751,27455
2026-04-04 18:00,2026-04-04,18,610000,ОЭС СИБИРИ,26731,27094
2026-04-04 19:00,2026-04-04,19,610000,ОЭС СИБИРИ,26130,26586
2026-04-04 20:00,2026-04-04,20,610000,ОЭС СИБИРИ,25512,25984
2026-04-04 21:00,2026-04-04,21,610000,ОЭС СИБИРИ,24516,25476
2026-04-04 22:00,2026-04-04,22,610000,ОЭС СИБИРИ,24394,25300
2026-04-04 23:00,2026-04-04,23,610000,ОЭС СИБИРИ,23815,25096
2026-04-05 00:00,2026-04-05,0,610000,ОЭС СИБИРИ,24044,25219
2026-04-05 01:00,2026-04-05,1,610000,ОЭС СИБИРИ,23668,25265
2026-04-05 02:00,2026-04-05,2,610000,ОЭС СИБИРИ,23992,25371
2026-04-05 03:00,2026-04-05,3,610000,ОЭС СИБИРИ,24417,25578
2026-04-05 04:00,2026-04-05,4,610000,ОЭС СИБИРИ,24879,25959
2026-04-05 05:00,2026-04-05,5,610000,ОЭС СИБИРИ,25250,26659
2026-04-05 06:00,2026-04-05,6,610000,ОЭС СИБИРИ,25510,27135
2026-04-05 07:00,2026-04-05,7,610000,ОЭС СИБИРИ,25386,27214
2026-04-05 08:00,2026-04-05,8,610000,ОЭС СИБИРИ,25799,27221
2026-04-05 09:00,2026-04-05,9,610000,ОЭС СИБИРИ,26252,27043
2026-04-05 10:00,2026-04-05,10,610000,ОЭС СИБИРИ,26258,26967
2026-04-05 11:00,2026-04-05,11,610000,ОЭС СИБИРИ,26286,26802
2026-04-05 12:00,2026-04-05,12,610000,ОЭС СИБИРИ,26336,26921
2026-04-05 13:00,2026-04-05,13,610000,ОЭС СИБИРИ,26254,26831
2026-04-05 14:00,2026-04-05,14,610000,ОЭС СИБИРИ,26485,27167
2026-04-05 15:00,2026-04-05,15,610000,ОЭС СИБИРИ,26753,27365
2026-04-05 16:00,2026-04-05,16,610000,ОЭС СИБИРИ,26644,27365
2026-04-05 17:00,2026-04-05,17,610000,ОЭС СИБИРИ,27017,27758
2026-04-05 18:00,2026-04-05,18,610000,ОЭС СИБИРИ,26721,27103
2026-04-05 19:00,2026-04-05,19,610000,ОЭС СИБИРИ,26017,26389
2026-04-05 20:00,2026-04-05,20,610000,ОЭС СИБИРИ,25311,25774
2026-04-05 21:00,2026-04-05,21,610000,ОЭС СИБИРИ,24666,25360
2026-04-05 22:00,2026-04-05,22,610000,ОЭС СИБИРИ,23724,25138
2026-04-05 23:00,2026-04-05,23,610000,ОЭС СИБИРИ,23859,24967
2026-04-06 00:00,2026-04-06,0,610000,ОЭС СИБИРИ,23941,25071
2026-04-06 01:00,2026-04-06,1,610000,ОЭС СИБИРИ,23966,25114
2026-04-06 02:00,2026-04-06,2,610000,ОЭС СИБИРИ,24187,25878
2026-04-06 03:00,2026-04-06,3,610000,ОЭС СИБИРИ,24692,26618
2026-04-06 04:00,2026-04-06,4,610000,ОЭС СИБИРИ,25190,26717
2026-04-06 05:00,2026-04-06,5,610000,ОЭС СИБИРИ,25417,27086
2026-04-06 06:00,2026-04-06,6,610000,ОЭС СИБИРИ,25702,27357
2026-04-06 07:00,2026-04-06,7,610000,ОЭС СИБИРИ,26094,27283
2026-04-06 08:00,2026-04-06,8,610000,ОЭС СИБИРИ,26404,27235
2026-04-06 09:00,2026-04-06,9,610000,ОЭС СИБИРИ,26620,27326
2026-04-06 10:00,2026-04-06,10,610000,ОЭС СИБИРИ,26345,27303
2026-04-06 11:00,2026-04-06,11,610000,ОЭС СИБИРИ,26149,27362
2026-04-06 12:00,2026-04-06,12,610000,ОЭС СИБИРИ,26223,26944
2026-04-06 13:00,2026-04-06,13,610000,ОЭС СИБИРИ,26713,27092
2026-04-06 14:00,2026-04-06,14,610000,ОЭС СИБИРИ,26480,27148
2026-04-06 15:00,2026-04-06,15,610000,ОЭС СИБИРИ,26499,27306
2026-04-06 16:00,2026-04-06,16,610000,ОЭС СИБИРИ,26370,27099
2026-04-06 17:00,2026-04-06,17,610000,ОЭС СИБИРИ,26266,27191
2026-04-06 18:00,2026-04-06,18,610000,ОЭС СИБИРИ,26313,27224
2026-04-06 19:00,2026-04-06,19,610000,ОЭС СИБИРИ,25675,26450
2026-04-06 20:00,2026-04-06,20,610000,ОЭС СИБИРИ,25001,25748
2026-04-06 21:00,2026-04-06,21,610000,ОЭС СИБИРИ,24577,25357
2026-04-06 22:00,2026-04-06,22,610000,ОЭС СИБИРИ,23969,25027
2026-04-06 23:00,2026-04-06,23,610000,ОЭС СИБИРИ,23976,24989
2026-04-07 00:00,2026-04-07,0,610000,ОЭС СИБИРИ,23974,25038
2026-04-07 01:00,2026-04-07,1,610000,ОЭС СИБИРИ,24008,25255
2026-04-07 02:00,2026-04-07,2,610000,ОЭС СИБИРИ,24672,25676
2026-04-07 03:00,2026-04-07,3,610000,ОЭС СИБИРИ,25274,26354
2026-04-07 04:00,2026-04-07,4,610000,ОЭС СИБИРИ,25353,26585
2026-04-07 05:00,2026-04-07,5,610000,ОЭС СИБИРИ,25606,26856
2026-04-07 06:00,2026-04-07,6,610000,ОЭС СИБИРИ,25839,27094
2026-04-07 07:00,2026-04-07,7,610000,ОЭС СИБИРИ,26241,26894
2026-04-07 08:00,2026-04-07,8,610000,ОЭС СИБИРИ,25940,26803
2026-04-07 09:00,2026-04-07,9,610000,ОЭС СИБИРИ,25980,26953
2026-04-07 10:00,2026-04-07,10,610000,ОЭС СИБИРИ,26107,26973
2026-04-07 11:00,2026-04-07,11,610000,ОЭС СИБИРИ,26001,26822
2026-04-07 12:00,2026-04-07,12,610000,ОЭС СИБИРИ,25802,26628
2026-04-07 13:00,2026-04-07,13,610000,ОЭС СИБИРИ,25696,26535
2026-04-07 14:00,2026-04-07,14,610000,ОЭС СИБИРИ,25924,26747
2026-04-07 15:00,2026-04-07,15,610000,ОЭС СИБИРИ,26140,27021
2026-04-07 16:00,2026-04-07,16,610000,ОЭС СИБИРИ,26341,26757
2026-04-07 17:00,2026-04-07,17,610000,ОЭС СИБИРИ,26861,27132
2026-04-07 18:00,2026-04-07,18,610000,ОЭС СИБИРИ,26826,27239
2026-04-07 19:00,2026-04-07,19,610000,ОЭС СИБИРИ,25858,26215
2026-04-07 20:00,2026-04-07,20,610000,ОЭС СИБИРИ,24823,25646
2026-04-07 21:00,2026-04-07,21,610000,ОЭС СИБИРИ,24856,25227
2026-04-07 22:00,2026-04-07,22,610000,ОЭС СИБИРИ,24607,25192
2026-04-07 23:00,2026-04-07,23,610000,ОЭС СИБИРИ,24210,25008
2026-04-08 00:00,2026-04-08,0,610000,ОЭС СИБИРИ,23797,25073
2026-04-08 01:00,2026-04-08,1,610000,ОЭС СИБИРИ,24165,25370
2026-04-08 02:00,2026-04-08,2,610000,ОЭС СИБИРИ,24770,25976
2026-04-08 03:00,2026-04-08,3,610000,ОЭС СИБИРИ,25220,26517
2026-04-08 04:00,2026-04-08,4,610000,ОЭС СИБИРИ,25267,26604
2026-04-08 05:00,2026-04-08,5,610000,ОЭС СИБИРИ,25722,26870
2026-04-08 06:00,2026-04-08,6,610000,ОЭС СИБИРИ,25843,26910
2026-04-08 07:00,2026-04-08,7,610000,ОЭС СИБИРИ,25754,26872
2026-04-08 08:00,2026-04-08,8,610000,ОЭС СИБИРИ,25361,26785
2026-04-08 09:00,2026-04-08,9,610000,ОЭС СИБИРИ,25983,27066
2026-04-08 10:00,2026-04-08,10,610000,ОЭС СИБИРИ,25737,27021
2026-04-08 11:00,2026-04-08,11,610000,ОЭС СИБИРИ,25311,26698
2026-04-08 12:00,2026-04-08,12,610000,ОЭС СИБИРИ,25361,26633
2026-04-08 13:00,2026-04-08,13,610000,ОЭС СИБИРИ,25428,26650
2026-04-08 14:00,2026-04-08,14,610000,ОЭС СИБИРИ,25616,26696
2026-04-08 15:00,2026-04-08,15,610000,ОЭС СИБИРИ,25538,26826
2026-04-08 16:00,2026-04-08,16,610000,ОЭС СИБИРИ,26212,26947
2026-04-08 17:00,2026-04-08,17,610000,ОЭС СИБИРИ,26576,27067
2026-04-08 18:00,2026-04-08,18,610000,ОЭС СИБИРИ,26289,27333
2026-04-08 19:00,2026-04-08,19,610000,ОЭС СИБИРИ,25233,26374
2026-04-08 20:00,2026-04-08,20,610000,ОЭС СИБИРИ,24650,25771
2026-04-08 21:00,2026-04-08,21,610000,ОЭС СИБИРИ,24405,25306
2026-04-08 22:00,2026-04-08,22,610000,ОЭС СИБИРИ,24215,25160
2026-04-08 23:00,2026-04-08,23,610000,ОЭС СИБИРИ,23727,24941
2026-04-09 00:00,2026-04-09,0,610000,ОЭС СИБИРИ,23771,25081
2026-04-09 01:00,2026-04-09,1,610000,ОЭС СИБИРИ,23915,25287
2026-04-09 02:00,2026-04-09,2,610000,ОЭС СИБИРИ,24305,25755
2026-04-09 03:00,2026-04-09,3,610000,ОЭС СИБИРИ,25075,26620
2026-04-09 04:00,2026-04-09,4,610000,ОЭС СИБИРИ,25584,26931
2026-04-09 05:00,2026-04-09,5,610000,ОЭС СИБИРИ,25853,27062
2026-04-09 06:00,2026-04-09,6,610000,ОЭС СИБИРИ,25725,27330
2026-04-09 07:00,2026-04-09,7,610000,ОЭС СИБИРИ,25755,27336
2026-04-09 08:00,2026-04-09,8,610000,ОЭС СИБИРИ,25710,27157
2026-04-09 09:00,2026-04-09,9,610000,ОЭС СИБИРИ,26649,27460
2026-04-09 10:00,2026-04-09,10,610000,ОЭС СИБИРИ,26595,27582
2026-04-09 11:00,2026-04-09,11,610000,ОЭС СИБИРИ,26862,27619
2026-04-09 12:00,2026-04-09,12,610000,ОЭС СИБИРИ,26383,27313
2026-04-09 13:00,2026-04-09,13,610000,ОЭС СИБИРИ,26082,27049
2026-04-09 14:00,2026-04-09,14,610000,ОЭС СИБИРИ,26333,27439
2026-04-09 15:00,2026-04-09,15,610000,ОЭС СИБИРИ,26300,27502
2026-04-09 16:00,2026-04-09,16,610000,ОЭС СИБИРИ,25922,27506
2026-04-09 17:00,2026-04-09,17,610000,ОЭС СИБИРИ,26001,27708
2026-04-09 18:00,2026-04-09,18,610000,ОЭС СИБИРИ,26338,27961
2026-04-09 19:00,2026-04-09,19,610000,ОЭС СИБИРИ,25964,26802
2026-04-09 20:00,2026-04-09,20,610000,ОЭС СИБИРИ,25569,25992
2026-04-09 21:00,2026-04-09,21,610000,ОЭС СИБИРИ,24319,25665
2026-04-09 22:00,2026-04-09,22,610000,ОЭС СИБИРИ,24329,25558
2026-04-09 23:00,2026-04-09,23,610000,ОЭС СИБИРИ,24174,25324
2026-04-10 00:00,2026-04-10,0,610000,ОЭС СИБИРИ,23936,25457
2026-04-10 01:00,2026-04-10,1,610000,ОЭС СИБИРИ,24193,25293
2026-04-10 02:00,2026-04-10,2,610000,ОЭС СИБИРИ,24530,26043
2026-04-10 03:00,2026-04-10,3,610000,ОЭС СИБИРИ,24811,26711
2026-04-10 04:00,2026-04-10,4,610000,ОЭС СИБИРИ,25013,26826
2026-04-10 05:00,2026-04-10,5,610000,ОЭС СИБИРИ,25729,27390
2026-04-10 06:00,2026-04-10,6,610000,ОЭС СИБИРИ,25613,27439
2026-04-10 07:00,2026-04-10,7,610000,ОЭС СИБИРИ,25379,27302
2026-04-10 08:00,2026-04-10,8,610000,ОЭС СИБИРИ,25888,27216
2026-04-10 09:00,2026-04-10,9,610000,ОЭС СИБИРИ,26193,27382
2026-04-10 10:00,2026-04-10,10,610000,ОЭС СИБИРИ,26498,27479
2026-04-10 11:00,2026-04-10,11,610000,ОЭС СИБИРИ,27561,27704
2026-04-10 12:00,2026-04-10,12,610000,ОЭС СИБИРИ,26009,27057
2026-04-10 13:00,2026-04-10,13,610000,ОЭС СИБИРИ,26682,27233
2026-04-10 14:00,2026-04-10,14,610000,ОЭС СИБИРИ,27109,27325
2026-04-10 15:00,2026-04-10,15,610000,ОЭС СИБИРИ,27196,27697
2026-04-10 16:00,2026-04-10,16,610000,ОЭС СИБИРИ,26807,27522
2026-04-10 17:00,2026-04-10,17,610000,ОЭС СИБИРИ,26110,27567
2026-04-10 18:00,2026-04-10,18,610000,ОЭС СИБИРИ,26023,27615
2026-04-10 19:00,2026-04-10,19,610000,ОЭС СИБИРИ,24856,26887
2026-04-10 20:00,2026-04-10,20,610000,ОЭС СИБИРИ,24447,26291
2026-04-10 21:00,2026-04-10,21,610000,ОЭС СИБИРИ,24166,26019
2026-04-10 22:00,2026-04-10,22,610000,ОЭС СИБИРИ,23999,25857
2026-04-10 23:00,2026-04-10,23,610000,ОЭС СИБИРИ,23888,25774
2026-04-11 00:00,2026-04-11,0,610000,ОЭС СИБИРИ,23989,25730
2026-04-11 01:00,2026-04-11,1,610000,ОЭС СИБИРИ,24307,25676
2026-04-11 02:00,2026-04-11,2,610000,ОЭС СИБИРИ,23815,25832
2026-04-11 03:00,2026-04-11,3,610000,ОЭС СИБИРИ,24059,26440
2026-04-11 04:00,2026-04-11,4,610000,ОЭС СИБИРИ,24572,26755
2026-04-11 05:00,2026-04-11,5,610000,ОЭС СИБИРИ,25809,27533
2026-04-11 06:00,2026-04-11,6,610000,ОЭС СИБИРИ,26066,28280
2026-04-11 07:00,2026-04-11,7,610000,ОЭС СИБИРИ,26382,28504
2026-04-11 08:00,2026-04-11,8,610000,ОЭС СИБИРИ,26439,28443
2026-04-11 09:00,2026-04-11,9,610000,ОЭС СИБИРИ,26722,28339
2026-04-11 10:00,2026-04-11,10,610000,ОЭС СИБИРИ,26623,28236
2026-04-11 11:00,2026-04-11,11,610000,ОЭС СИБИРИ,27049,28220
2026-04-11 12:00,2026-04-11,12,610000,ОЭС СИБИРИ,27360,28169
2026-04-11 13:00,2026-04-11,13,610000,ОЭС СИБИРИ,27189,28181
2026-04-11 14:00,2026-04-11,14,610000,ОЭС СИБИРИ,26588,28226
2026-04-11 15:00,2026-04-11,15,610000,ОЭС СИБИРИ,26568,28392
2026-04-11 16:00,2026-04-11,16,610000,ОЭС СИБИРИ,26270,28197
2026-04-11 17:00,2026-04-11,17,610000,ОЭС СИБИРИ,26297,28226
2026-04-11 18:00,2026-04-11,18,610000,ОЭС СИБИРИ,26027,28128
2026-04-11 19:00,2026-04-11,19,610000,ОЭС СИБИРИ,25332,27271
2026-04-11 20:00,2026-04-11,20,610000,ОЭС СИБИРИ,25050,26556
2026-04-11 21:00,2026-04-11,21,610000,ОЭС СИБИРИ,24803,26167
2026-04-11 22:00,2026-04-11,22,610000,ОЭС СИБИРИ,24769,25798
2026-04-11 23:00,2026-04-11,23,610000,ОЭС СИБИРИ,24095,25581
2026-04-12 00:00,2026-04-12,0,610000,ОЭС СИБИРИ,23923,25664
2026-04-12 01:00,2026-04-12,1,610000,ОЭС СИБИРИ,24139,25456
2026-04-12 02:00,2026-04-12,2,610000,ОЭС СИБИРИ,23770,25641
2026-04-12 03:00,2026-04-12,3,610000,ОЭС СИБИРИ,24256,26122
2026-04-12 04:00,2026-04-12,4,610000,ОЭС СИБИРИ,24871,26569
2026-04-12 05:00,2026-04-12,5,610000,ОЭС СИБИРИ,25383,27369
2026-04-12 06:00,2026-04-12,6,610000,ОЭС СИБИРИ,25753,27807
2026-04-12 07:00,2026-04-12,7,610000,ОЭС СИБИРИ,25834,27810
2026-04-12 08:00,2026-04-12,8,610000,ОЭС СИБИРИ,25970,27797
2026-04-12 09:00,2026-04-12,9,610000,ОЭС СИБИРИ,26842,27637
2026-04-12 10:00,2026-04-12,10,610000,ОЭС СИБИРИ,26753,27459
2026-04-12 11:00,2026-04-12,11,610000,ОЭС СИБИРИ,26757,27212
2026-04-12 12:00,2026-04-12,12,610000,ОЭС СИБИРИ,26196,27170
2026-04-12 13:00,2026-04-12,13,610000,ОЭС СИБИРИ,26607,27406
2026-04-12 14:00,2026-04-12,14,610000,ОЭС СИБИРИ,26659,27452
2026-04-12 15:00,2026-04-12,15,610000,ОЭС СИБИРИ,26564,27431
2026-04-12 16:00,2026-04-12,16,610000,ОЭС СИБИРИ,26608,27662
2026-04-12 17:00,2026-04-12,17,610000,ОЭС СИБИРИ,27023,27793
2026-04-12 18:00,2026-04-12,18,610000,ОЭС СИБИРИ,26615,27561
2026-04-12 19:00,2026-04-12,19,610000,ОЭС СИБИРИ,25957,26804
2026-04-12 20:00,2026-04-12,20,610000,ОЭС СИБИРИ,25612,26295
2026-04-12 21:00,2026-04-12,21,610000,ОЭС СИБИРИ,25232,25871
2026-04-12 22:00,2026-04-12,22,610000,ОЭС СИБИРИ,24765,25692
2026-04-12 23:00,2026-04-12,23,610000,ОЭС СИБИРИ,24809,25677
2026-04-13 00:00,2026-04-13,0,610000,ОЭС СИБИРИ,24192,25566
2026-04-13 01:00,2026-04-13,1,610000,ОЭС СИБИРИ,24681,25602
2026-04-13 02:00,2026-04-13,2,610000,ОЭС СИБИРИ,25127,26141
2026-04-13 03:00,2026-04-13,3,610000,ОЭС СИБИРИ,25634,26879
2026-04-13 04:00,2026-04-13,4,610000,ОЭС СИБИРИ,25201,26966
2026-04-13 05:00,2026-04-13,5,610000,ОЭС СИБИРИ,25951,27375
2026-04-13 06:00,2026-04-13,6,610000,ОЭС СИБИРИ,26136,27693
2026-04-13 07:00,2026-04-13,7,610000,ОЭС СИБИРИ,26394,27500
2026-04-13 08:00,2026-04-13,8,610000,ОЭС СИБИРИ,26238,27368
2026-04-13 09:00,2026-04-13,9,610000,ОЭС СИБИРИ,26415,27782
2026-04-13 10:00,2026-04-13,10,610000,ОЭС СИБИРИ,26376,27789
2026-04-13 11:00,2026-04-13,11,610000,ОЭС СИБИРИ,26553,27646
2026-04-13 12:00,2026-04-13,12,610000,ОЭС СИБИРИ,26448,27301
2026-04-13 13:00,2026-04-13,13,610000,ОЭС СИБИРИ,26071,27040
2026-04-13 14:00,2026-04-13,14,610000,ОЭС СИБИРИ,26627,27612
2026-04-13 15:00,2026-04-13,15,610000,ОЭС СИБИРИ,26372,27425
2026-04-13 16:00,2026-04-13,16,610000,ОЭС СИБИРИ,26269,27351
2026-04-13 17:00,2026-04-13,17,610000,ОЭС СИБИРИ,26395,27447
2026-04-13 18:00,2026-04-13,18,610000,ОЭС СИБИРИ,26410,27474
2026-04-13 19:00,2026-04-13,19,610000,ОЭС СИБИРИ,25675,26851
2026-04-13 20:00,2026-04-13,20,610000,ОЭС СИБИРИ,25630,26016
2026-04-13 21:00,2026-04-13,21,610000,ОЭС СИБИРИ,25130,25784
2026-04-13 22:00,2026-04-13,22,610000,ОЭС СИБИРИ,24959,25683
2026-04-13 23:00,2026-04-13,23,610000,ОЭС СИБИРИ,24879,25526
2026-04-14 00:00,2026-04-14,0,610000,ОЭС СИБИРИ,24727,25543
2026-04-14 01:00,2026-04-14,1,610000,ОЭС СИБИРИ,25026,25765
2026-04-14 02:00,2026-04-14,2,610000,ОЭС СИБИРИ,25453,26213
2026-04-14 03:00,2026-04-14,3,610000,ОЭС СИБИРИ,26065,26825
2026-04-14 04:00,2026-04-14,4,610000,ОЭС СИБИРИ,26195,27102
2026-04-14 05:00,2026-04-14,5,610000,ОЭС СИБИРИ,26385,27459
2026-04-14 06:00,2026-04-14,6,610000,ОЭС СИБИРИ,26615,27770
2026-04-14 07:00,2026-04-14,7,610000,ОЭС СИБИРИ,26378,27539
2026-04-14 08:00,2026-04-14,8,610000,ОЭС СИБИРИ,26727,27487
2026-04-14 09:00,2026-04-14,9,610000,ОЭС СИБИРИ,26638,27638
2026-04-14 10:00,2026-04-14,10,610000,ОЭС СИБИРИ,26152,27619
2026-04-14 11:00,2026-04-14,11,610000,ОЭС СИБИРИ,26365,27748
2026-04-14 12:00,2026-04-14,12,610000,ОЭС СИБИРИ,25929,27144
2026-04-14 13:00,2026-04-14,13,610000,ОЭС СИБИРИ,25806,27186
2026-04-14 14:00,2026-04-14,14,610000,ОЭС СИБИРИ,26265,27516
2026-04-14 15:00,2026-04-14,15,610000,ОЭС СИБИРИ,26462,27535
2026-04-14 16:00,2026-04-14,16,610000,ОЭС СИБИРИ,25936,27488
2026-04-14 17:00,2026-04-14,17,610000,ОЭС СИБИРИ,26125,27619
2026-04-14 18:00,2026-04-14,18,610000,ОЭС СИБИРИ,26524,27684
2026-04-14 19:00,2026-04-14,19,610000,ОЭС СИБИРИ,25838,26895
2026-04-14 20:00,2026-04-14,20,610000,ОЭС СИБИРИ,25165,26216
2026-04-14 21:00,2026-04-14,21,610000,ОЭС СИБИРИ,25108,25968
2026-04-14 22:00,2026-04-14,22,610000,ОЭС СИБИРИ,24657,25658
2026-04-14 23:00,2026-04-14,23,610000,ОЭС СИБИРИ,24582,25696
2026-04-15 00:00,2026-04-15,0,610000,ОЭС СИБИРИ,24537,25699
2026-04-15 01:00,2026-04-15,1,610000,ОЭС СИБИРИ,24725,25837
2026-04-15 02:00,2026-04-15,2,610000,ОЭС СИБИРИ,25538,26329
2026-04-15 03:00,2026-04-15,3,610000,ОЭС СИБИРИ,25120,26580
2026-04-15 04:00,2026-04-15,4,610000,ОЭС СИБИРИ,25380,27016
2026-04-15 05:00,2026-04-15,5,610000,ОЭС СИБИРИ,26360,27412
2026-04-15 06:00,2026-04-15,6,610000,ОЭС СИБИРИ,26091,27560
2026-04-15 07:00,2026-04-15,7,610000,ОЭС СИБИРИ,25969,27645
2026-04-15 08:00,2026-04-15,8,610000,ОЭС СИБИРИ,26250,27354
2026-04-15 09:00,2026-04-15,9,610000,ОЭС СИБИРИ,26408,27725
2026-04-15 10:00,2026-04-15,10,610000,ОЭС СИБИРИ,26193,27880
2026-04-15 11:00,2026-04-15,11,610000,ОЭС СИБИРИ,26478,27832
2026-04-15 12:00,2026-04-15,12,610000,ОЭС СИБИРИ,26327,27475
2026-04-15 13:00,2026-04-15,13,610000,ОЭС СИБИРИ,26757,27397
2026-04-15 14:00,2026-04-15,14,610000,ОЭС СИБИРИ,26586,27605
2026-04-15 15:00,2026-04-15,15,610000,ОЭС СИБИРИ,26423,27606
2026-04-15 16:00,2026-04-15,16,610000,ОЭС СИБИРИ,26049,27499
2026-04-15 17:00,2026-04-15,17,610000,ОЭС СИБИРИ,26310,27734
2026-04-15 18:00,2026-04-15,18,610000,ОЭС СИБИРИ,26371,27907
2026-04-15 19:00,2026-04-15,19,610000,ОЭС СИБИРИ,25768,26852
2026-04-15 20:00,2026-04-15,20,610000,ОЭС СИБИРИ,25691,26255
2026-04-15 21:00,2026-04-15,21,610000,ОЭС СИБИРИ,25583,25917
2026-04-15 22:00,2026-04-15,22,610000,ОЭС СИБИРИ,24911,25786
2026-04-15 23:00,2026-04-15,23,610000,ОЭС СИБИРИ,24669,25458
2026-04-16 00:00,2026-04-16,0,610000,ОЭС СИБИРИ,24763,25678
2026-04-16 01:00,2026-04-16,1,610000,ОЭС СИБИРИ,24741,25849
2026-04-16 02:00,2026-04-16,2,610000,ОЭС СИБИРИ,25241,26300
2026-04-16 03:00,2026-04-16,3,610000,ОЭС СИБИРИ,25536,26798
2026-04-16 04:00,2026-04-16,4,610000,ОЭС СИБИРИ,26483,27255
2026-04-16 05:00,2026-04-16,5,610000,ОЭС СИБИРИ,26318,27421
2026-04-16 06:00,2026-04-16,6,610000,ОЭС СИБИРИ,26242,27524
2026-04-16 07:00,2026-04-16,7,610000,ОЭС СИБИРИ,26540,27552
2026-04-16 08:00,2026-04-16,8,610000,ОЭС СИБИРИ,25838,27529
2026-04-16 09:00,2026-04-16,9,610000,ОЭС СИБИРИ,26082,27639
2026-04-16 10:00,2026-04-16,10,610000,ОЭС СИБИРИ,26252,27701
2026-04-16 11:00,2026-04-16,11,610000,ОЭС СИБИРИ,26145,27602
2026-04-16 12:00,2026-04-16,12,610000,ОЭС СИБИРИ,26733,27477
2026-04-16 13:00,2026-04-16,13,610000,ОЭС СИБИРИ,26708,27336
2026-04-16 14:00,2026-04-16,14,610000,ОЭС СИБИРИ,26208,27556
2026-04-16 15:00,2026-04-16,15,610000,ОЭС СИБИРИ,26301,27613
2026-04-16 16:00,2026-04-16,16,610000,ОЭС СИБИРИ,26250,27491
2026-04-16 17:00,2026-04-16,17,610000,ОЭС СИБИРИ,26318,27573
2026-04-16 18:00,2026-04-16,18,610000,ОЭС СИБИРИ,26956,27739
2026-04-16 19:00,2026-04-16,19,610000,ОЭС СИБИРИ,25939,27127
2026-04-16 20:00,2026-04-16,20,610000,ОЭС СИБИРИ,25751,26219
2026-04-16 21:00,2026-04-16,21,610000,ОЭС СИБИРИ,25711,26032
2026-04-16 22:00,2026-04-16,22,610000,ОЭС СИБИРИ,24917,25652
2026-04-16 23:00,2026-04-16,23,610000,ОЭС СИБИРИ,24991,25567
2026-04-17 00:00,2026-04-17,0,610000,ОЭС СИБИРИ,25530,25591
2026-04-17 01:00,2026-04-17,1,610000,ОЭС СИБИРИ,24974,25707
2026-04-17 02:00,2026-04-17,2,610000,ОЭС СИБИРИ,25532,26224
2026-04-17 03:00,2026-04-17,3,610000,ОЭС СИБИРИ,26031,26878
2026-04-17 04:00,2026-04-17,4,610000,ОЭС СИБИРИ,26130,26998
2026-04-17 05:00,2026-04-17,5,610000,ОЭС СИБИРИ,26323,27368
2026-04-17 06:00,2026-04-17,6,610000,ОЭС СИБИРИ,25821,27532
2026-04-17 07:00,2026-04-17,7,610000,ОЭС СИБИРИ,26589,27477
2026-04-17 08:00,2026-04-17,8,610000,ОЭС СИБИРИ,25924,27345
2026-04-17 09:00,2026-04-17,9,610000,ОЭС СИБИРИ,25871,27461
2026-04-17 10:00,2026-04-17,10,610000,ОЭС СИБИРИ,26141,27670
2026-04-17 11:00,2026-04-17,11,610000,ОЭС СИБИРИ,26287,27484
2026-04-17 12:00,2026-04-17,12,610000,ОЭС СИБИРИ,26039,27133
2026-04-17 13:00,2026-04-17,13,610000,ОЭС СИБИРИ,26225,27352
2026-04-17 14:00,2026-04-17,14,610000,ОЭС СИБИРИ,26263,27297
2026-04-17 15:00,2026-04-17,15,610000,ОЭС СИБИРИ,26163,27291
2026-04-17 16:00,2026-04-17,16,610000,ОЭС СИБИРИ,26081,27292
2026-04-17 17:00,2026-04-17,17,610000,ОЭС СИБИРИ,26557,27482
2026-04-17 18:00,2026-04-17,18,610000,ОЭС СИБИРИ,26365,27572
2026-04-17 19:00,2026-04-17,19,610000,ОЭС СИБИРИ,25677,27039
2026-04-17 20:00,2026-04-17,20,610000,ОЭС СИБИРИ,25256,26304
2026-04-17 21:00,2026-04-17,21,610000,ОЭС СИБИРИ,24842,25918
2026-04-17 22:00,2026-04-17,22,610000,ОЭС СИБИРИ,25360,25718
2026-04-17 23:00,2026-04-17,23,610000,ОЭС СИБИРИ,25268,25718
2026-04-18 00:00,2026-04-18,0,610000,ОЭС СИБИРИ,24775,25666
2026-04-18 01:00,2026-04-18,1,610000,ОЭС СИБИРИ,25114,25595
2026-04-18 02:00,2026-04-18,2,610000,ОЭС СИБИРИ,24523,25801
2026-04-18 03:00,2026-04-18,3,610000,ОЭС СИБИРИ,25231,26382
2026-04-18 04:00,2026-04-18,4,610000,ОЭС СИБИРИ,25777,26842
2026-04-18 05:00,2026-04-18,5,610000,ОЭС СИБИРИ,26318,27632
2026-04-18 06:00,2026-04-18,6,610000,ОЭС СИБИРИ,26749,28067
2026-04-18 07:00,2026-04-18,7,610000,ОЭС СИБИРИ,27198,28277
2026-04-18 08:00,2026-04-18,8,610000,ОЭС СИБИРИ,27073,28082
2026-04-18 09:00,2026-04-18,9,610000,ОЭС СИБИРИ,26380,27949
2026-04-18 10:00,2026-04-18,10,610000,ОЭС СИБИРИ,26825,28217
2026-04-18 11:00,2026-04-18,11,610000,ОЭС СИБИРИ,26674,28110
2026-04-18 12:00,2026-04-18,12,610000,ОЭС СИБИРИ,26395,27953
2026-04-18 13:00,2026-04-18,13,610000,ОЭС СИБИРИ,26837,27899
2026-04-18 14:00,2026-04-18,14,610000,ОЭС СИБИРИ,27126,28004
2026-04-18 15:00,2026-04-18,15,610000,ОЭС СИБИРИ,27540,28045
2026-04-18 16:00,2026-04-18,16,610000,ОЭС СИБИРИ,27239,27815
2026-04-18 17:00,2026-04-18,17,610000,ОЭС СИБИРИ,26841,27932
2026-04-18 18:00,2026-04-18,18,610000,ОЭС СИБИРИ,27164,27705
2026-04-18 19:00,2026-04-18,19,610000,ОЭС СИБИРИ,26315,27120
2026-04-18 20:00,2026-04-18,20,610000,ОЭС СИБИРИ,25874,26439
2026-04-18 21:00,2026-04-18,21,610000,ОЭС СИБИРИ,24893,25986
2026-04-18 22:00,2026-04-18,22,610000,ОЭС СИБИРИ,25265,25907
2026-04-18 23:00,2026-04-18,23,610000,ОЭС СИБИРИ,24852,25769
2026-04-19 00:00,2026-04-19,0,610000,ОЭС СИБИРИ,25315,25791
2026-04-19 01:00,2026-04-19,1,610000,ОЭС СИБИРИ,24809,25808
2026-04-19 02:00,2026-04-19,2,610000,ОЭС СИБИРИ,25531,25952
2026-04-19 03:00,2026-04-19,3,610000,ОЭС СИБИРИ,25096,26066
2026-04-19 04:00,2026-04-19,4,610000,ОЭС СИБИРИ,25076,26413
2026-04-19 05:00,2026-04-19,5,610000,ОЭС СИБИРИ,25415,27075
2026-04-19 06:00,2026-04-19,6,610000,ОЭС СИБИРИ,26530,27720
2026-04-19 07:00,2026-04-19,7,610000,ОЭС СИБИРИ,26886,27833
2026-04-19 08:00,2026-04-19,8,610000,ОЭС СИБИРИ,26583,27750
2026-04-19 09:00,2026-04-19,9,610000,ОЭС СИБИРИ,26978,27599
2026-04-19 10:00,2026-04-19,10,610000,ОЭС СИБИРИ,27066,27526
2026-04-19 11:00,2026-04-19,11,610000,ОЭС СИБИРИ,26204,27432
2026-04-19 12:00,2026-04-19,12,610000,ОЭС СИБИРИ,26333,27380
2026-04-19 13:00,2026-04-19,13,610000,ОЭС СИБИРИ,26849,27535
2026-04-19 14:00,2026-04-19,14,610000,ОЭС СИБИРИ,26348,27759
2026-04-19 15:00,2026-04-19,15,610000,ОЭС СИБИРИ,26726,27753
2026-04-19 16:00,2026-04-19,16,610000,ОЭС СИБИРИ,27096,27928
2026-04-19 17:00,2026-04-19,17,610000,ОЭС СИБИРИ,27084,27837
2026-04-19 18:00,2026-04-19,18,610000,ОЭС СИБИРИ,26796,27804
2026-04-19 19:00,2026-04-19,19,610000,ОЭС СИБИРИ,25371,26749
2026-04-19 20:00,2026-04-19,20,610000,ОЭС СИБИРИ,25010,26109
2026-04-19 21:00,2026-04-19,21,610000,ОЭС СИБИРИ,24841,25829
2026-04-19 22:00,2026-04-19,22,610000,ОЭС СИБИРИ,24497,25649
2026-04-19 23:00,2026-04-19,23,610000,ОЭС СИБИРИ,24306,25595
2026-04-20 00:00,2026-04-20,0,610000,ОЭС СИБИРИ,24334,25516
2026-04-20 01:00,2026-04-20,1,610000,ОЭС СИБИРИ,24559,25651
2026-04-20 02:00,2026-04-20,2,610000,ОЭС СИБИРИ,25233,26192
2026-04-20 03:00,2026-04-20,3,610000,ОЭС СИБИРИ,25554,26885
2026-04-20 04:00,2026-04-20,4,610000,ОЭС СИБИРИ,25961,27024
2026-04-20 05:00,2026-04-20,5,610000,ОЭС СИБИРИ,25637,27422
2026-04-20 06:00,2026-04-20,6,610000,ОЭС СИБИРИ,26224,27524
2026-04-20 07:00,2026-04-20,7,610000,ОЭС СИБИРИ,26457,27561
2026-04-20 08:00,2026-04-20,8,610000,ОЭС СИБИРИ,26448,27306
2026-04-20 09:00,2026-04-20,9,610000,ОЭС СИБИРИ,26376,27603
2026-04-20 10:00,2026-04-20,10,610000,ОЭС СИБИРИ,26609,27683
2026-04-20 11:00,2026-04-20,11,610000,ОЭС СИБИРИ,26673,27751
2026-04-20 12:00,2026-04-20,12,610000,ОЭС СИБИРИ,26346,27187
2026-04-20 13:00,2026-04-20,13,610000,ОЭС СИБИРИ,26959,27148
2026-04-20 14:00,2026-04-20,14,610000,ОЭС СИБИРИ,26849,27221
2026-04-20 15:00,2026-04-20,15,610000,ОЭС СИБИРИ,26926,27267
2026-04-20 16:00,2026-04-20,16,610000,ОЭС СИБИРИ,26210,27121
2026-04-20 17:00,2026-04-20,17,610000,ОЭС СИБИРИ,25970,27318
2026-04-20 18:00,2026-04-20,18,610000,ОЭС СИБИРИ,26189,27558
2026-04-20 19:00,2026-04-20,19,610000,ОЭС СИБИРИ,26059,26847
2026-04-20 20:00,2026-04-20,20,610000,ОЭС СИБИРИ,24880,25965
2026-04-20 21:00,2026-04-20,21,610000,ОЭС СИБИРИ,24907,25486
2026-04-20 22:00,2026-04-20,22,610000,ОЭС СИБИРИ,24752,25410
2026-04-20 23:00,2026-04-20,23,610000,ОЭС СИБИРИ,24095,25323
2026-04-21 00:00,2026-04-21,0,610000,ОЭС СИБИРИ,24162,25290
2026-04-21 01:00,2026-04-21,1,610000,ОЭС СИБИРИ,24451,25413
2026-04-21 02:00,2026-04-21,2,610000,ОЭС СИБИРИ,24839,25822
2026-04-21 03:00,2026-04-21,3,610000,ОЭС СИБИРИ,25237,26559
2026-04-21 04:00,2026-04-21,4,610000,ОЭС СИБИРИ,25501,26928
2026-04-21 05:00,2026-04-21,5,610000,ОЭС СИБИРИ,25414,26988
2026-04-21 06:00,2026-04-21,6,610000,ОЭС СИБИРИ,26448,27203
2026-04-21 07:00,2026-04-21,7,610000,ОЭС СИБИРИ,25371,26723
2026-04-21 08:00,2026-04-21,8,610000,ОЭС СИБИРИ,24634,26804
2026-04-21 09:00,2026-04-21,9,610000,ОЭС СИБИРИ,25638,27059
2026-04-21 10:00,2026-04-21,10,610000,ОЭС СИБИРИ,26158,27113
2026-04-21 11:00,2026-04-21,11,610000,ОЭС СИБИРИ,26431,26978
2026-04-21 12:00,2026-04-21,12,610000,ОЭС СИБИРИ,25948,26797
2026-04-21 13:00,2026-04-21,13,610000,ОЭС СИБИРИ,25551,26728
2026-04-21 14:00,2026-04-21,14,610000,ОЭС СИБИРИ,26408,26754
2026-04-21 15:00,2026-04-21,15,610000,ОЭС СИБИРИ,25823,26919
2026-04-21 16:00,2026-04-21,16,610000,ОЭС СИБИРИ,25235,26898
2026-04-21 17:00,2026-04-21,17,610000,ОЭС СИБИРИ,25700,27121
2026-04-21 18:00,2026-04-21,18,610000,ОЭС СИБИРИ,26431,27533
2026-04-21 19:00,2026-04-21,19,610000,ОЭС СИБИРИ,25087,26492
2026-04-21 20:00,2026-04-21,20,610000,ОЭС СИБИРИ,24801,25730
2026-04-21 21:00,2026-04-21,21,610000,ОЭС СИБИРИ,25183,25406
2026-04-21 22:00,2026-04-21,22,610000,ОЭС СИБИРИ,25150,25189
2026-04-21 23:00,2026-04-21,23,610000,ОЭС СИБИРИ,24430,25008
2026-04-22 00:00,2026-04-22,0,610000,ОЭС СИБИРИ,23690,25072
2026-04-22 01:00,2026-04-22,1,610000,ОЭС СИБИРИ,23870,25373
2026-04-22 02:00,2026-04-22,2,610000,ОЭС СИБИРИ,24545,25932
2026-04-22 03:00,2026-04-22,3,610000,ОЭС СИБИРИ,25255,26611
2026-04-22 04:00,2026-04-22,4,610000,ОЭС СИБИРИ,25467,26591
2026-04-22 05:00,2026-04-22,5,610000,ОЭС СИБИРИ,25291,27026
2026-04-22 06:00,2026-04-22,6,610000,ОЭС СИБИРИ,25658,26922
2026-04-22 07:00,2026-04-22,7,610000,ОЭС СИБИРИ,25798,27194
2026-04-22 08:00,2026-04-22,8,610000,ОЭС СИБИРИ,25174,27074
2026-04-22 09:00,2026-04-22,9,610000,ОЭС СИБИРИ,25710,27124
2026-04-22 10:00,2026-04-22,10,610000,ОЭС СИБИРИ,25306,27124
2026-04-22 11:00,2026-04-22,11,610000,ОЭС СИБИРИ,25455,27134
2026-04-22 12:00,2026-04-22,12,610000,ОЭС СИБИРИ,25085,26740
2026-04-22 13:00,2026-04-22,13,610000,ОЭС СИБИРИ,25353,26688
2026-04-22 14:00,2026-04-22,14,610000,ОЭС СИБИРИ,25796,26803
2026-04-22 15:00,2026-04-22,15,610000,ОЭС СИБИРИ,25816,26837
2026-04-22 16:00,2026-04-22,16,610000,ОЭС СИБИРИ,25073,26710
2026-04-22 17:00,2026-04-22,17,610000,ОЭС СИБИРИ,25417,27106
2026-04-22 18:00,2026-04-22,18,610000,ОЭС СИБИРИ,25969,27335
2026-04-22 19:00,2026-04-22,19,610000,ОЭС СИБИРИ,25477,26401
2026-04-22 20:00,2026-04-22,20,610000,ОЭС СИБИРИ,24573,25687
2026-04-22 21:00,2026-04-22,21,610000,ОЭС СИБИРИ,23835,25320
2026-04-22 22:00,2026-04-22,22,610000,ОЭС СИБИРИ,24040,25202
2026-04-22 23:00,2026-04-22,23,610000,ОЭС СИБИРИ,23575,25066
2026-04-23 00:00,2026-04-23,0,610000,ОЭС СИБИРИ,23622,25002
2026-04-23 01:00,2026-04-23,1,610000,ОЭС СИБИРИ,23915,25180
2026-04-23 02:00,2026-04-23,2,610000,ОЭС СИБИРИ,23984,25742
2026-04-23 03:00,2026-04-23,3,610000,ОЭС СИБИРИ,24671,26337
2026-04-23 04:00,2026-04-23,4,610000,ОЭС СИБИРИ,24752,26508
2026-04-23 05:00,2026-04-23,5,610000,ОЭС СИБИРИ,25499,26872
2026-04-23 06:00,2026-04-23,6,610000,ОЭС СИБИРИ,25160,26733
2026-04-23 07:00,2026-04-23,7,610000,ОЭС СИБИРИ,25614,26785
2026-04-23 08:00,2026-04-23,8,610000,ОЭС СИБИРИ,25026,26689
2026-04-23 09:00,2026-04-23,9,610000,ОЭС СИБИРИ,25072,27010
2026-04-23 10:00,2026-04-23,10,610000,ОЭС СИБИРИ,25318,27096
2026-04-23 11:00,2026-04-23,11,610000,ОЭС СИБИРИ,25289,26898
2026-04-23 12:00,2026-04-23,12,610000,ОЭС СИБИРИ,24664,26523
2026-04-23 13:00,2026-04-23,13,610000,ОЭС СИБИРИ,24481,26434
2026-04-23 14:00,2026-04-23,14,610000,ОЭС СИБИРИ,25673,26568
2026-04-23 15:00,2026-04-23,15,610000,ОЭС СИБИРИ,25460,26712
2026-04-23 16:00,2026-04-23,16,610000,ОЭС СИБИРИ,25339,26774
2026-04-23 17:00,2026-04-23,17,610000,ОЭС СИБИРИ,25992,27112
2026-04-23 18:00,2026-04-23,18,610000,ОЭС СИБИРИ,25879,27061
2026-04-23 19:00,2026-04-23,19,610000,ОЭС СИБИРИ,24980,26129
2026-04-23 20:00,2026-04-23,20,610000,ОЭС СИБИРИ,24448,25529
2026-04-23 21:00,2026-04-23,21,610000,ОЭС СИБИРИ,23582,25162
2026-04-23 22:00,2026-04-23,22,610000,ОЭС СИБИРИ,23636,25008
2026-04-23 23:00,2026-04-23,23,610000,ОЭС СИБИРИ,23685,24967
2026-04-24 00:00,2026-04-24,0,610000,ОЭС СИБИРИ,23160,24869
2026-04-24 01:00,2026-04-24,1,610000,ОЭС СИБИРИ,23498,24949
2026-04-24 02:00,2026-04-24,2,610000,ОЭС СИБИРИ,24829,25330
2026-04-24 03:00,2026-04-24,3,610000,ОЭС СИБИРИ,25191,26021
2026-04-24 04:00,2026-04-24,4,610000,ОЭС СИБИРИ,24760,26150
2026-04-24 05:00,2026-04-24,5,610000,ОЭС СИБИРИ,24907,26415
2026-04-24 06:00,2026-04-24,6,610000,ОЭС СИБИРИ,25562,26751
2026-04-24 07:00,2026-04-24,7,610000,ОЭС СИБИРИ,25601,26653
2026-04-24 08:00,2026-04-24,8,610000,ОЭС СИБИРИ,25045,26641
2026-04-24 09:00,2026-04-24,9,610000,ОЭС СИБИРИ,25174,26684
2026-04-24 10:00,2026-04-24,10,610000,ОЭС СИБИРИ,25191,26886
2026-04-24 11:00,2026-04-24,11,610000,ОЭС СИБИРИ,25588,27031
2026-04-24 12:00,2026-04-24,12,610000,ОЭС СИБИРИ,25253,26549
2026-04-24 13:00,2026-04-24,13,610000,ОЭС СИБИРИ,25111,26506
2026-04-24 14:00,2026-04-24,14,610000,ОЭС СИБИРИ,25369,26573
2026-04-24 15:00,2026-04-24,15,610000,ОЭС СИБИРИ,25055,26552
2026-04-24 16:00,2026-04-24,16,610000,ОЭС СИБИРИ,24521,26418
2026-04-24 17:00,2026-04-24,17,610000,ОЭС СИБИРИ,25012,26485
2026-04-24 18:00,2026-04-24,18,610000,ОЭС СИБИРИ,25899,26838
2026-04-24 19:00,2026-04-24,19,610000,ОЭС СИБИРИ,25576,26308
2026-04-24 20:00,2026-04-24,20,610000,ОЭС СИБИРИ,24647,25563
2026-04-24 21:00,2026-04-24,21,610000,ОЭС СИБИРИ,24356,25132
2026-04-24 22:00,2026-04-24,22,610000,ОЭС СИБИРИ,24476,24876
2026-04-24 23:00,2026-04-24,23,610000,ОЭС СИБИРИ,23232,24822
2026-04-25 00:00,2026-04-25,0,610000,ОЭС СИБИРИ,22927,24718
2026-04-25 01:00,2026-04-25,1,610000,ОЭС СИБИРИ,23063,24783
2026-04-25 02:00,2026-04-25,2,610000,ОЭС СИБИРИ,23091,24927
2026-04-25 03:00,2026-04-25,3,610000,ОЭС СИБИРИ,23261,25200
2026-04-25 04:00,2026-04-25,4,610000,ОЭС СИБИРИ,23700,25693
2026-04-25 05:00,2026-04-25,5,610000,ОЭС СИБИРИ,23948,26385
2026-04-25 06:00,2026-04-25,6,610000,ОЭС СИБИРИ,25149,26740
2026-04-25 07:00,2026-04-25,7,610000,ОЭС СИБИРИ,26165,26965
2026-04-25 08:00,2026-04-25,8,610000,ОЭС СИБИРИ,25592,26767
2026-04-25 09:00,2026-04-25,9,610000,ОЭС СИБИРИ,25279,26642
2026-04-25 10:00,2026-04-25,10,610000,ОЭС СИБИРИ,25429,26469
2026-04-25 11:00,2026-04-25,11,610000,ОЭС СИБИРИ,25238,26363
2026-04-25 12:00,2026-04-25,12,610000,ОЭС СИБИРИ,25291,26037
2026-04-25 13:00,2026-04-25,13,610000,ОЭС СИБИРИ,24676,26259
2026-04-25 14:00,2026-04-25,14,610000,ОЭС СИБИРИ,25263,26302
2026-04-25 15:00,2026-04-25,15,610000,ОЭС СИБИРИ,25815,26377
2026-04-25 16:00,2026-04-25,16,610000,ОЭС СИБИРИ,25694,26354
2026-04-25 17:00,2026-04-25,17,610000,ОЭС СИБИРИ,25416,26548
2026-04-25 18:00,2026-04-25,18,610000,ОЭС СИБИРИ,25167,26284
2026-04-25 19:00,2026-04-25,19,610000,ОЭС СИБИРИ,24141,25730
2026-04-25 20:00,2026-04-25,20,610000,ОЭС СИБИРИ,23833,24984
2026-04-25 21:00,2026-04-25,21,610000,ОЭС СИБИРИ,23814,24683
2026-04-25 22:00,2026-04-25,22,610000,ОЭС СИБИРИ,23013,24536
2026-04-25 23:00,2026-04-25,23,610000,ОЭС СИБИРИ,23217,24367
2026-04-26 00:00,2026-04-26,0,610000,ОЭС СИБИРИ,22822,24389
2026-04-26 01:00,2026-04-26,1,610000,ОЭС СИБИРИ,22783,24501
2026-04-26 02:00,2026-04-26,2,610000,ОЭС СИБИРИ,22868,24308
2026-04-26 03:00,2026-04-26,3,610000,ОЭС СИБИРИ,23191,24817
2026-04-26 04:00,2026-04-26,4,610000,ОЭС СИБИРИ,23439,25157
2026-04-26 05:00,2026-04-26,5,610000,ОЭС СИБИРИ,23901,25869
2026-04-26 06:00,2026-04-26,6,610000,ОЭС СИБИРИ,24821,26262
2026-04-26 07:00,2026-04-26,7,610000,ОЭС СИБИРИ,25202,26417
2026-04-26 08:00,2026-04-26,8,610000,ОЭС СИБИРИ,24333,26287
2026-04-26 09:00,2026-04-26,9,610000,ОЭС СИБИРИ,25411,26208
2026-04-26 10:00,2026-04-26,10,610000,ОЭС СИБИРИ,25095,26209
2026-04-26 11:00,2026-04-26,11,610000,ОЭС СИБИРИ,25284,26125
2026-04-26 12:00,2026-04-26,12,610000,ОЭС СИБИРИ,25181,25906
2026-04-26 13:00,2026-04-26,13,610000,ОЭС СИБИРИ,24266,26162
2026-04-26 14:00,2026-04-26,14,610000,ОЭС СИБИРИ,25713,26405
2026-04-26 15:00,2026-04-26,15,610000,ОЭС СИБИРИ,25669,26192
2026-04-26 16:00,2026-04-26,16,610000,ОЭС СИБИРИ,25614,26223
2026-04-26 17:00,2026-04-26,17,610000,ОЭС СИБИРИ,26484,26630
2026-04-26 18:00,2026-04-26,18,610000,ОЭС СИБИРИ,25302,26274
2026-04-26 19:00,2026-04-26,19,610000,ОЭС СИБИРИ,24577,25533
2026-04-26 20:00,2026-04-26,20,610000,ОЭС СИБИРИ,24484,24809
2026-04-26 21:00,2026-04-26,21,610000,ОЭС СИБИРИ,23467,24432
2026-04-26 22:00,2026-04-26,22,610000,ОЭС СИБИРИ,23182,24304
2026-04-26 23:00,2026-04-26,23,610000,ОЭС СИБИРИ,23015,24135
2026-04-27 00:00,2026-04-27,0,610000,ОЭС СИБИРИ,23428,24131
2026-04-27 01:00,2026-04-27,1,610000,ОЭС СИБИРИ,23199,24301
2026-04-27 02:00,2026-04-27,2,610000,ОЭС СИБИРИ,23057,24704
2026-04-27 03:00,2026-04-27,3,610000,ОЭС СИБИРИ,23677,25435
2026-04-27 04:00,2026-04-27,4,610000,ОЭС СИБИРИ,23739,25652
2026-04-27 05:00,2026-04-27,5,610000,ОЭС СИБИРИ,24163,25858
2026-04-27 06:00,2026-04-27,6,610000,ОЭС СИБИРИ,24496,26047
2026-04-27 07:00,2026-04-27,7,610000,ОЭС СИБИРИ,24478,25845
2026-04-27 08:00,2026-04-27,8,610000,ОЭС СИБИРИ,24770,25830
2026-04-27 09:00,2026-04-27,9,610000,ОЭС СИБИРИ,25326,26305
2026-04-27 10:00,2026-04-27,10,610000,ОЭС СИБИРИ,25381,26119
2026-04-27 11:00,2026-04-27,11,610000,ОЭС СИБИРИ,24888,26027
2026-04-27 12:00,2026-04-27,12,610000,ОЭС СИБИРИ,25085,25626
2026-04-27 13:00,2026-04-27,13,610000,ОЭС СИБИРИ,24519,25534
2026-04-27 14:00,2026-04-27,14,610000,ОЭС СИБИРИ,25283,25623
2026-04-27 15:00,2026-04-27,15,610000,ОЭС СИБИРИ,25112,25849
2026-04-27 16:00,2026-04-27,16,610000,ОЭС СИБИРИ,25067,25747
2026-04-27 17:00,2026-04-27,17,610000,ОЭС СИБИРИ,24720,25996
2026-04-27 18:00,2026-04-27,18,610000,ОЭС СИБИРИ,25048,26084
2026-04-27 19:00,2026-04-27,19,610000,ОЭС СИБИРИ,24319,25409
2026-04-27 20:00,2026-04-27,20,610000,ОЭС СИБИРИ,23919,24709
2026-04-27 21:00,2026-04-27,21,610000,ОЭС СИБИРИ,23700,24293
2026-04-27 22:00,2026-04-27,22,610000,ОЭС СИБИРИ,22779,24217
2026-04-27 23:00,2026-04-27,23,610000,ОЭС СИБИРИ,22507,23944
2026-04-28 00:00,2026-04-28,0,610000,ОЭС СИБИРИ,22761,23989
2026-04-28 01:00,2026-04-28,1,610000,ОЭС СИБИРИ,22924,24284
2026-04-28 02:00,2026-04-28,2,610000,ОЭС СИБИРИ,22903,24641
2026-04-28 03:00,2026-04-28,3,610000,ОЭС СИБИРИ,23738,25142
2026-04-28 04:00,2026-04-28,4,610000,ОЭС СИБИРИ,24044,25223
2026-04-28 05:00,2026-04-28,5,610000,ОЭС СИБИРИ,24172,25588
2026-04-28 06:00,2026-04-28,6,610000,ОЭС СИБИРИ,24398,25783
2026-04-28 07:00,2026-04-28,7,610000,ОЭС СИБИРИ,24591,25676
2026-04-28 08:00,2026-04-28,8,610000,ОЭС СИБИРИ,24225,25625
2026-04-28 09:00,2026-04-28,9,610000,ОЭС СИБИРИ,24568,25756
2026-04-28 10:00,2026-04-28,10,610000,ОЭС СИБИРИ,24502,25642
2026-04-28 11:00,2026-04-28,11,610000,ОЭС СИБИРИ,24954,25763
2026-04-28 12:00,2026-04-28,12,610000,ОЭС СИБИРИ,25063,25483
2026-04-28 13:00,2026-04-28,13,610000,ОЭС СИБИРИ,24852,25375
2026-04-28 14:00,2026-04-28,14,610000,ОЭС СИБИРИ,24910,25502
2026-04-28 15:00,2026-04-28,15,610000,ОЭС СИБИРИ,25119,25647
2026-04-28 16:00,2026-04-28,16,610000,ОЭС СИБИРИ,25409,25597
2026-04-28 17:00,2026-04-28,17,610000,ОЭС СИБИРИ,25356,25914
2026-04-28 18:00,2026-04-28,18,610000,ОЭС СИБИРИ,25592,26272
2026-04-28 19:00,2026-04-28,19,610000,ОЭС СИБИРИ,24746,25451
2026-04-28 20:00,2026-04-28,20,610000,ОЭС СИБИРИ,24107,24609
2026-04-28 21:00,2026-04-28,21,610000,ОЭС СИБИРИ,23620,24255
2026-04-28 22:00,2026-04-28,22,610000,ОЭС СИБИРИ,23121,24143
2026-04-28 23:00,2026-04-28,23,610000,ОЭС СИБИРИ,22930,23979
2026-04-29 00:00,2026-04-29,0,610000,ОЭС СИБИРИ,22863,24006
2026-04-29 01:00,2026-04-29,1,610000,ОЭС СИБИРИ,23123,24265
2026-04-29 02:00,2026-04-29,2,610000,ОЭС СИБИРИ,23444,24637
2026-04-29 03:00,2026-04-29,3,610000,ОЭС СИБИРИ,24067,25252
2026-04-29 04:00,2026-04-29,4,610000,ОЭС СИБИРИ,23887,25346
2026-04-29 05:00,2026-04-29,5,610000,ОЭС СИБИРИ,24182,25644
2026-04-29 06:00,2026-04-29,6,610000,ОЭС СИБИРИ,24732,25854
2026-04-29 07:00,2026-04-29,7,610000,ОЭС СИБИРИ,24572,25962
2026-04-29 08:00,2026-04-29,8,610000,ОЭС СИБИРИ,24903,25646
2026-04-29 09:00,2026-04-29,9,610000,ОЭС СИБИРИ,24754,25866
2026-04-29 10:00,2026-04-29,10,610000,ОЭС СИБИРИ,24627,25791
2026-04-29 11:00,2026-04-29,11,610000,ОЭС СИБИРИ,25045,25960
2026-04-29 12:00,2026-04-29,12,610000,ОЭС СИБИРИ,24876,25555
2026-04-29 13:00,2026-04-29,13,610000,ОЭС СИБИРИ,24827,25547
2026-04-29 14:00,2026-04-29,14,610000,ОЭС СИБИРИ,24803,25541
2026-04-29 15:00,2026-04-29,15,610000,ОЭС СИБИРИ,24552,25430
2026-04-29 16:00,2026-04-29,16,610000,ОЭС СИБИРИ,23884,25504
2026-04-29 17:00,2026-04-29,17,610000,ОЭС СИБИРИ,24938,25921
2026-04-29 18:00,2026-04-29,18,610000,ОЭС СИБИРИ,24893,26160
2026-04-29 19:00,2026-04-29,19,610000,ОЭС СИБИРИ,24717,25480
2026-04-29 20:00,2026-04-29,20,610000,ОЭС СИБИРИ,23911,24626
2026-04-29 21:00,2026-04-29,21,610000,ОЭС СИБИРИ,23672,24166
2026-04-29 22:00,2026-04-29,22,610000,ОЭС СИБИРИ,23170,23990
2026-04-29 23:00,2026-04-29,23,610000,ОЭС СИБИРИ,22500,23852
2026-04-30 00:00,2026-04-30,0,610000,ОЭС СИБИРИ,22961,23978
2026-04-30 01:00,2026-04-30,1,610000,ОЭС СИБИРИ,22629,24163
2026-04-30 02:00,2026-04-30,2,610000,ОЭС СИБИРИ,22872,24507
2026-04-30 03:00,2026-04-30,3,610000,ОЭС СИБИРИ,23643,24985
2026-04-30 04:00,2026-04-30,4,610000,ОЭС СИБИРИ,24395,25110
2026-04-30 05:00,2026-04-30,5,610000,ОЭС СИБИРИ,23651,25401
2026-04-30 06:00,2026-04-30,6,610000,ОЭС СИБИРИ,24451,25667
2026-04-30 07:00,2026-04-30,7,610000,ОЭС СИБИРИ,24078,25482
2026-04-30 08:00,2026-04-30,8,610000,ОЭС СИБИРИ,24102,25299
2026-04-30 09:00,2026-04-30,9,610000,ОЭС СИБИРИ,24845,25631
2026-04-30 10:00,2026-04-30,10,610000,ОЭС СИБИРИ,24587,25645
2026-04-30 11:00,2026-04-30,11,610000,ОЭС СИБИРИ,25108,25628
2026-04-30 12:00,2026-04-30,12,610000,ОЭС СИБИРИ,25079,25272
2026-04-30 13:00,2026-04-30,13,610000,ОЭС СИБИРИ,24245,25137
2026-04-30 14:00,2026-04-30,14,610000,ОЭС СИБИРИ,24417,25248
2026-04-30 15:00,2026-04-30,15,610000,ОЭС СИБИРИ,24078,25143
2026-04-30 16:00,2026-04-30,16,610000,ОЭС СИБИРИ,24655,25192
2026-04-30 17:00,2026-04-30,17,610000,ОЭС СИБИРИ,24797,25370
2026-04-30 18:00,2026-04-30,18,610000,ОЭС СИБИРИ,25015,25780
2026-04-30 19:00,2026-04-30,19,610000,ОЭС СИБИРИ,24070,25057
2026-04-30 20:00,2026-04-30,20,610000,ОЭС СИБИРИ,23274,24352
2026-04-30 21:00,2026-04-30,21,610000,ОЭС СИБИРИ,22081,23856
2026-04-30 22:00,2026-04-30,22,610000,ОЭС СИБИРИ,22040,23636
2026-04-30 23:00,2026-04-30,23,610000,ОЭС СИБИРИ,22296,23426
2026-05-01 00:00,2026-05-01,0,610000,ОЭС СИБИРИ,22054,23254
2026-05-01 01:00,2026-05-01,1,610000,ОЭС СИБИРИ,22409,23343
2026-05-01 02:00,2026-05-01,2,610000,ОЭС СИБИРИ,22745,23470
2026-05-01 03:00,2026-05-01,3,610000,ОЭС СИБИРИ,22545,23787
2026-05-01 04:00,2026-05-01,4,610000,ОЭС СИБИРИ,22957,24385
2026-05-01 05:00,2026-05-01,5,610000,ОЭС СИБИРИ,23312,25054
2026-05-01 06:00,2026-05-01,6,610000,ОЭС СИБИРИ,24338,25274
2026-05-01 07:00,2026-05-01,7,610000,ОЭС СИБИРИ,24268,25508
2026-05-01 08:00,2026-05-01,8,610000,ОЭС СИБИРИ,24080,25219
2026-05-01 09:00,2026-05-01,9,610000,ОЭС СИБИРИ,24155,25266
2026-05-01 10:00,2026-05-01,10,610000,ОЭС СИБИРИ,24835,25204
2026-05-01 11:00,2026-05-01,11,610000,ОЭС СИБИРИ,25160,25061
2026-05-01 12:00,2026-05-01,12,610000,ОЭС СИБИРИ,24481,25110
2026-05-01 13:00,2026-05-01,13,610000,ОЭС СИБИРИ,24102,24920
2026-05-01 14:00,2026-05-01,14,610000,ОЭС СИБИРИ,23962,25022
2026-05-01 15:00,2026-05-01,15,610000,ОЭС СИБИРИ,23492,25081
2026-05-01 16:00,2026-05-01,16,610000,ОЭС СИБИРИ,24328,24959
2026-05-01 17:00,2026-05-01,17,610000,ОЭС СИБИРИ,24588,25292
2026-05-01 18:00,2026-05-01,18,610000,ОЭС СИБИРИ,24200,25188
2026-05-01 19:00,2026-05-01,19,610000,ОЭС СИБИРИ,23285,24661
2026-05-01 20:00,2026-05-01,20,610000,ОЭС СИБИРИ,22578,24031
2026-05-01 21:00,2026-05-01,21,610000,ОЭС СИБИРИ,23010,23733
2026-05-01 22:00,2026-05-01,22,610000,ОЭС СИБИРИ,22165,23533
2026-05-01 23:00,2026-05-01,23,610000,ОЭС СИБИРИ,22202,23291
2026-05-02 00:00,2026-05-02,0,610000,ОЭС СИБИРИ,21554,23224
2026-05-02 01:00,2026-05-02,1,610000,ОЭС СИБИРИ,22358,23154
2026-05-02 02:00,2026-05-02,2,610000,ОЭС СИБИРИ,22089,23325
2026-05-02 03:00,2026-05-02,3,610000,ОЭС СИБИРИ,22817,23774
2026-05-02 04:00,2026-05-02,4,610000,ОЭС СИБИРИ,23084,24028
2026-05-02 05:00,2026-05-02,5,610000,ОЭС СИБИРИ,23434,24757
2026-05-02 06:00,2026-05-02,6,610000,ОЭС СИБИРИ,23343,25087
2026-05-02 07:00,2026-05-02,7,610000,ОЭС СИБИРИ,24171,25256
2026-05-02 08:00,2026-05-02,8,610000,ОЭС СИБИРИ,23751,25055
2026-05-02 09:00,2026-05-02,9,610000,ОЭС СИБИРИ,24502,25086
2026-05-02 10:00,2026-05-02,10,610000,ОЭС СИБИРИ,23430,24905
2026-05-02 11:00,2026-05-02,11,610000,ОЭС СИБИРИ,23436,24932
2026-05-02 12:00,2026-05-02,12,610000,ОЭС СИБИРИ,23803,24730
2026-05-02 13:00,2026-05-02,13,610000,ОЭС СИБИРИ,23621,24810
2026-05-02 14:00,2026-05-02,14,610000,ОЭС СИБИРИ,23717,24745
2026-05-02 15:00,2026-05-02,15,610000,ОЭС СИБИРИ,23776,24667
2026-05-02 16:00,2026-05-02,16,610000,ОЭС СИБИРИ,24211,24806
2026-05-02 17:00,2026-05-02,17,610000,ОЭС СИБИРИ,24068,25117
2026-05-02 18:00,2026-05-02,18,610000,ОЭС СИБИРИ,24283,24963
2026-05-02 19:00,2026-05-02,19,610000,ОЭС СИБИРИ,24146,24533
2026-05-02 20:00,2026-05-02,20,610000,ОЭС СИБИРИ,23221,23784
2026-05-02 21:00,2026-05-02,21,610000,ОЭС СИБИРИ,22914,23339
2026-05-02 22:00,2026-05-02,22,610000,ОЭС СИБИРИ,21610,23358
2026-05-02 23:00,2026-05-02,23,610000,ОЭС СИБИРИ,22305,23147
2026-05-03 00:00,2026-05-03,0,610000,ОЭС СИБИРИ,22043,23038
2026-05-03 01:00,2026-05-03,1,610000,ОЭС СИБИРИ,21760,22987
2026-05-03 02:00,2026-05-03,2,610000,ОЭС СИБИРИ,22157,23106
2026-05-03 03:00,2026-05-03,3,610000,ОЭС СИБИРИ,21876,23433
2026-05-03 04:00,2026-05-03,4,610000,ОЭС СИБИРИ,21756,23916
2026-05-03 05:00,2026-05-03,5,610000,ОЭС СИБИРИ,22413,24474
2026-05-03 06:00,2026-05-03,6,610000,ОЭС СИБИРИ,23554,24982
2026-05-03 07:00,2026-05-03,7,610000,ОЭС СИБИРИ,23958,25231
2026-05-03 08:00,2026-05-03,8,610000,ОЭС СИБИРИ,23274,25178
2026-05-03 09:00,2026-05-03,9,610000,ОЭС СИБИРИ,23412,25128
2026-05-03 10:00,2026-05-03,10,610000,ОЭС СИБИРИ,23675,25194
2026-05-03 11:00,2026-05-03,11,610000,ОЭС СИБИРИ,23784,25173
2026-05-03 12:00,2026-05-03,12,610000,ОЭС СИБИРИ,23613,24817
2026-05-03 13:00,2026-05-03,13,610000,ОЭС СИБИРИ,24060,25034
2026-05-03 14:00,2026-05-03,14,610000,ОЭС СИБИРИ,23991,25100
2026-05-03 15:00,2026-05-03,15,610000,ОЭС СИБИРИ,23585,25304
2026-05-03 16:00,2026-05-03,16,610000,ОЭС СИБИРИ,23791,25232
2026-05-03 17:00,2026-05-03,17,610000,ОЭС СИБИРИ,24697,25661
2026-05-03 18:00,2026-05-03,18,610000,ОЭС СИБИРИ,24398,25296
2026-05-03 19:00,2026-05-03,19,610000,ОЭС СИБИРИ,23721,24516
2026-05-03 20:00,2026-05-03,20,610000,ОЭС СИБИРИ,22915,23842
2026-05-03 21:00,2026-05-03,21,610000,ОЭС СИБИРИ,21717,23474
2026-05-03 22:00,2026-05-03,22,610000,ОЭС СИБИРИ,21635,23221
2026-05-03 23:00,2026-05-03,23,610000,ОЭС СИБИРИ,21484,23174
2026-05-04 00:00,2026-05-04,0,610000,ОЭС СИБИРИ,21657,23075
2026-05-04 01:00,2026-05-04,1,610000,ОЭС СИБИРИ,21678,23251
2026-05-04 02:00,2026-05-04,2,610000,ОЭС СИБИРИ,22174,23652
2026-05-04 03:00,2026-05-04,3,610000,ОЭС СИБИРИ,22533,24633
2026-05-04 04:00,2026-05-04,4,610000,ОЭС СИБИРИ,22786,24721
2026-05-04 05:00,2026-05-04,5,610000,ОЭС СИБИРИ,23249,25133
2026-05-04 06:00,2026-05-04,6,610000,ОЭС СИБИРИ,23382,25198
2026-05-04 07:00,2026-05-04,7,610000,ОЭС СИБИРИ,24179,25293
2026-05-04 08:00,2026-05-04,8,610000,ОЭС СИБИРИ,24096,25275
2026-05-04 09:00,2026-05-04,9,610000,ОЭС СИБИРИ,24715,25590
2026-05-04 10:00,2026-05-04,10,610000,ОЭС СИБИРИ,23953,25510
2026-05-04 11:00,2026-05-04,11,610000,ОЭС СИБИРИ,23728,25569
2026-05-04 12:00,2026-05-04,12,610000,ОЭС СИБИРИ,23947,25126
2026-05-04 13:00,2026-05-04,13,610000,ОЭС СИБИРИ,24616,25319
2026-05-04 14:00,2026-05-04,14,610000,ОЭС СИБИРИ,24189,25091
2026-05-04 15:00,2026-05-04,15,610000,ОЭС СИБИРИ,24165,25232
2026-05-04 16:00,2026-05-04,16,610000,ОЭС СИБИРИ,23561,25247
2026-05-04 17:00,2026-05-04,17,610000,ОЭС СИБИРИ,24031,25342
2026-05-04 18:00,2026-05-04,18,610000,ОЭС СИБИРИ,24693,25666
2026-05-04 19:00,2026-05-04,19,610000,ОЭС СИБИРИ,23521,24902
2026-05-04 20:00,2026-05-04,20,610000,ОЭС СИБИРИ,22760,23997
2026-05-04 21:00,2026-05-04,21,610000,ОЭС СИБИРИ,22678,23534
2026-05-04 22:00,2026-05-04,22,610000,ОЭС СИБИРИ,21904,23532
2026-05-04 23:00,2026-05-04,23,610000,ОЭС СИБИРИ,21724,23352
2026-05-05 00:00,2026-05-05,0,610000,ОЭС СИБИРИ,21774,23331
2026-05-05 01:00,2026-05-05,1,610000,ОЭС СИБИРИ,22556,23576
2026-05-05 02:00,2026-05-05,2,610000,ОЭС СИБИРИ,23050,23764
2026-05-05 03:00,2026-05-05,3,610000,ОЭС СИБИРИ,22771,24540
2026-05-05 04:00,2026-05-05,4,610000,ОЭС СИБИРИ,23081,24693
2026-05-05 05:00,2026-05-05,5,610000,ОЭС СИБИРИ,22969,25004
2026-05-05 06:00,2026-05-05,6,610000,ОЭС СИБИРИ,23328,25136
2026-05-05 07:00,2026-05-05,7,610000,ОЭС СИБИРИ,23775,25107
2026-05-05 08:00,2026-05-05,8,610000,ОЭС СИБИРИ,24152,25097
2026-05-05 09:00,2026-05-05,9,610000,ОЭС СИБИРИ,24465,25560
2026-05-05 10:00,2026-05-05,10,610000,ОЭС СИБИРИ,23704,25407
2026-05-05 11:00,2026-05-05,11,610000,ОЭС СИБИРИ,23938,25445
2026-05-05 12:00,2026-05-05,12,610000,ОЭС СИБИРИ,24116,25029
2026-05-05 13:00,2026-05-05,13,610000,ОЭС СИБИРИ,24025,24921
2026-05-05 14:00,2026-05-05,14,610000,ОЭС СИБИРИ,23751,25113
2026-05-05 15:00,2026-05-05,15,610000,ОЭС СИБИРИ,24117,25142
2026-05-05 16:00,2026-05-05,16,610000,ОЭС СИБИРИ,24193,25281
2026-05-05 17:00,2026-05-05,17,610000,ОЭС СИБИРИ,23624,25417
2026-05-05 18:00,2026-05-05,18,610000,ОЭС СИБИРИ,24958,25689
2026-05-05 19:00,2026-05-05,19,610000,ОЭС СИБИРИ,23585,25054
2026-05-05 20:00,2026-05-05,20,610000,ОЭС СИБИРИ,23097,24201
2026-05-05 21:00,2026-05-05,21,610000,ОЭС СИБИРИ,23468,23639
2026-05-05 22:00,2026-05-05,22,610000,ОЭС СИБИРИ,23063,23441
2026-05-05 23:00,2026-05-05,23,610000,ОЭС СИБИРИ,22008,23228
2026-05-06 00:00,2026-05-06,0,610000,ОЭС СИБИРИ,21855,23363
2026-05-06 01:00,2026-05-06,1,610000,ОЭС СИБИРИ,22450,23679
2026-05-06 02:00,2026-05-06,2,610000,ОЭС СИБИРИ,22531,24006
2026-05-06 03:00,2026-05-06,3,610000,ОЭС СИБИРИ,23266,24541
2026-05-06 04:00,2026-05-06,4,610000,ОЭС СИБИРИ,23334,24673
2026-05-06 05:00,2026-05-06,5,610000,ОЭС СИБИРИ,23796,25099
2026-05-06 06:00,2026-05-06,6,610000,ОЭС СИБИРИ,23882,25201
2026-05-06 07:00,2026-05-06,7,610000,ОЭС СИБИРИ,23387,25137
2026-05-06 08:00,2026-05-06,8,610000,ОЭС СИБИРИ,23690,25050
2026-05-06 09:00,2026-05-06,9,610000,ОЭС СИБИРИ,23762,25266
2026-05-06 10:00,2026-05-06,10,610000,ОЭС СИБИРИ,24083,25485
2026-05-06 11:00,2026-05-06,11,610000,ОЭС СИБИРИ,23491,25550
2026-05-06 12:00,2026-05-06,12,610000,ОЭС СИБИРИ,23747,25014
2026-05-06 13:00,2026-05-06,13,610000,ОЭС СИБИРИ,24038,24914
2026-05-06 14:00,2026-05-06,14,610000,ОЭС СИБИРИ,23853,25016
2026-05-06 15:00,2026-05-06,15,610000,ОЭС СИБИРИ,23924,25190
2026-05-06 16:00,2026-05-06,16,610000,ОЭС СИБИРИ,24279,24791
2026-05-06 17:00,2026-05-06,17,610000,ОЭС СИБИРИ,24162,25055
2026-05-06 18:00,2026-05-06,18,610000,ОЭС СИБИРИ,25118,25562
2026-05-06 19:00,2026-05-06,19,610000,ОЭС СИБИРИ,23849,24647
2026-05-06 20:00,2026-05-06,20,610000,ОЭС СИБИРИ,22941,23980
2026-05-06 21:00,2026-05-06,21,610000,ОЭС СИБИРИ,23635,23542
2026-05-06 22:00,2026-05-06,22,610000,ОЭС СИБИРИ,22408,23232
2026-05-06 23:00,2026-05-06,23,610000,ОЭС СИБИРИ,22202,23094
2026-05-07 00:00,2026-05-07,0,610000,ОЭС СИБИРИ,22007,23094
2026-05-07 01:00,2026-05-07,1,610000,ОЭС СИБИРИ,22092,23300
2026-05-07 02:00,2026-05-07,2,610000,ОЭС СИБИРИ,23127,23621
2026-05-07 03:00,2026-05-07,3,610000,ОЭС СИБИРИ,23180,24430
2026-05-07 04:00,2026-05-07,4,610000,ОЭС СИБИРИ,23362,24351
2026-05-07 05:00,2026-05-07,5,610000,ОЭС СИБИРИ,23096,24801
2026-05-07 06:00,2026-05-07,6,610000,ОЭС СИБИРИ,23581,24939
2026-05-07 07:00,2026-05-07,7,610000,ОЭС СИБИРИ,23485,25109
2026-05-07 08:00,2026-05-07,8,610000,ОЭС СИБИРИ,23391,24749
2026-05-07 09:00,2026-05-07,9,610000,ОЭС СИБИРИ,23563,25178
2026-05-07 10:00,2026-05-07,10,610000,ОЭС СИБИРИ,23475,25053
2026-05-07 11:00,2026-05-07,11,610000,ОЭС СИБИРИ,23568,25126
2026-05-07 12:00,2026-05-07,12,610000,ОЭС СИБИРИ,24079,24739
2026-05-07 13:00,2026-05-07,13,610000,ОЭС СИБИРИ,23452,24674
2026-05-07 14:00,2026-05-07,14,610000,ОЭС СИБИРИ,23514,24775
2026-05-07 15:00,2026-05-07,15,610000,ОЭС СИБИРИ,23160,24806
2026-05-07 16:00,2026-05-07,16,610000,ОЭС СИБИРИ,23644,24873
2026-05-07 17:00,2026-05-07,17,610000,ОЭС СИБИРИ,24317,25062
2026-05-07 18:00,2026-05-07,18,610000,ОЭС СИБИРИ,24672,25449
2026-05-07 19:00,2026-05-07,19,610000,ОЭС СИБИРИ,23524,24663
2026-05-07 20:00,2026-05-07,20,610000,ОЭС СИБИРИ,23141,23885
2026-05-07 21:00,2026-05-07,21,610000,ОЭС СИБИРИ,22321,23226
2026-05-07 22:00,2026-05-07,22,610000,ОЭС СИБИРИ,21975,23015
2026-05-07 23:00,2026-05-07,23,610000,ОЭС СИБИРИ,22440,22883
2026-05-08 00:00,2026-05-08,0,610000,ОЭС СИБИРИ,21836,22801
2026-05-08 01:00,2026-05-08,1,610000,ОЭС СИБИРИ,22718,22914
2026-05-08 02:00,2026-05-08,2,610000,ОЭС СИБИРИ,22659,23198
2026-05-08 03:00,2026-05-08,3,610000,ОЭС СИБИРИ,23086,24050
2026-05-08 04:00,2026-05-08,4,610000,ОЭС СИБИРИ,23413,24149
2026-05-08 05:00,2026-05-08,5,610000,ОЭС СИБИРИ,23356,24591
2026-05-08 06:00,2026-05-08,6,610000,ОЭС СИБИРИ,23879,24760
2026-05-08 07:00,2026-05-08,7,610000,ОЭС СИБИРИ,23224,24486
2026-05-08 08:00,2026-05-08,8,610000,ОЭС СИБИРИ,23464,24626
2026-05-08 09:00,2026-05-08,9,610000,ОЭС СИБИРИ,23830,24986
2026-05-08 10:00,2026-05-08,10,610000,ОЭС СИБИРИ,23428,24926
2026-05-08 11:00,2026-05-08,11,610000,ОЭС СИБИРИ,23382,24914
2026-05-08 12:00,2026-05-08,12,610000,ОЭС СИБИРИ,24280,24432
2026-05-08 13:00,2026-05-08,13,610000,ОЭС СИБИРИ,23577,24421
2026-05-08 14:00,2026-05-08,14,610000,ОЭС СИБИРИ,23465,24597
2026-05-08 15:00,2026-05-08,15,610000,ОЭС СИБИРИ,23491,24466
2026-05-08 16:00,2026-05-08,16,610000,ОЭС СИБИРИ,24017,24420
2026-05-08 17:00,2026-05-08,17,610000,ОЭС СИБИРИ,23942,24422
2026-05-08 18:00,2026-05-08,18,610000,ОЭС СИБИРИ,24506,25174
2026-05-08 19:00,2026-05-08,19,610000,ОЭС СИБИРИ,23616,24275
2026-05-08 20:00,2026-05-08,20,610000,ОЭС СИБИРИ,23222,23733
2026-05-08 21:00,2026-05-08,21,610000,ОЭС СИБИРИ,21723,23232
2026-05-08 22:00,2026-05-08,22,610000,ОЭС СИБИРИ,22448,23006
2026-05-08 23:00,2026-05-08,23,610000,ОЭС СИБИРИ,22095,22671
2026-05-09 00:00,2026-05-09,0,610000,ОЭС СИБИРИ,21230,22759
2026-05-09 01:00,2026-05-09,1,610000,ОЭС СИБИРИ,21751,22795
2026-05-09 02:00,2026-05-09,2,610000,ОЭС СИБИРИ,21880,22713
2026-05-09 03:00,2026-05-09,3,610000,ОЭС СИБИРИ,21336,23048
2026-05-09 04:00,2026-05-09,4,610000,ОЭС СИБИРИ,22120,23454
2026-05-09 05:00,2026-05-09,5,610000,ОЭС СИБИРИ,22652,24262
2026-05-09 06:00,2026-05-09,6,610000,ОЭС СИБИРИ,23222,24615
2026-05-09 07:00,2026-05-09,7,610000,ОЭС СИБИРИ,23679,24640
2026-05-09 08:00,2026-05-09,8,610000,ОЭС СИБИРИ,23005,24543
2026-05-09 09:00,2026-05-09,9,610000,ОЭС СИБИРИ,23010,24584
2026-05-09 10:00,2026-05-09,10,610000,ОЭС СИБИРИ,23478,24531
2026-05-09 11:00,2026-05-09,11,610000,ОЭС СИБИРИ,22730,24318
2026-05-09 12:00,2026-05-09,12,610000,ОЭС СИБИРИ,22726,24168
2026-05-09 13:00,2026-05-09,13,610000,ОЭС СИБИРИ,22900,24359
2026-05-09 14:00,2026-05-09,14,610000,ОЭС СИБИРИ,22972,24209
2026-05-09 15:00,2026-05-09,15,610000,ОЭС СИБИРИ,22791,24218
2026-05-09 16:00,2026-05-09,16,610000,ОЭС СИБИРИ,22819,24221
2026-05-09 17:00,2026-05-09,17,610000,ОЭС СИБИРИ,23160,24451
2026-05-09 18:00,2026-05-09,18,610000,ОЭС СИБИРИ,22996,24361
2026-05-09 19:00,2026-05-09,19,610000,ОЭС СИБИРИ,22960,23886
2026-05-09 20:00,2026-05-09,20,610000,ОЭС СИБИРИ,22194,23199
2026-05-09 21:00,2026-05-09,21,610000,ОЭС СИБИРИ,21763,23026
2026-05-09 22:00,2026-05-09,22,610000,ОЭС СИБИРИ,21790,22629
2026-05-09 23:00,2026-05-09,23,610000,ОЭС СИБИРИ,21920,22498
2026-05-10 00:00,2026-05-10,0,610000,ОЭС СИБИРИ,22239,22492
2026-05-10 01:00,2026-05-10,1,610000,ОЭС СИБИРИ,21205,22476
2026-05-10 02:00,2026-05-10,2,610000,ОЭС СИБИРИ,21397,22519
2026-05-10 03:00,2026-05-10,3,610000,ОЭС СИБИРИ,21738,22945
2026-05-10 04:00,2026-05-10,4,610000,ОЭС СИБИРИ,22121,23375
2026-05-10 05:00,2026-05-10,5,610000,ОЭС СИБИРИ,22555,24158
2026-05-10 06:00,2026-05-10,6,610000,ОЭС СИБИРИ,23442,24684
2026-05-10 07:00,2026-05-10,7,610000,ОЭС СИБИРИ,23208,24784
2026-05-10 08:00,2026-05-10,8,610000,ОЭС СИБИРИ,23651,24899
2026-05-10 09:00,2026-05-10,9,610000,ОЭС СИБИРИ,23746,24776
2026-05-10 10:00,2026-05-10,10,610000,ОЭС СИБИРИ,23799,24788
2026-05-10 11:00,2026-05-10,11,610000,ОЭС СИБИРИ,22878,24768
2026-05-10 12:00,2026-05-10,12,610000,ОЭС СИБИРИ,23847,24744
2026-05-10 13:00,2026-05-10,13,610000,ОЭС СИБИРИ,23759,24981
2026-05-10 14:00,2026-05-10,14,610000,ОЭС СИБИРИ,23764,24732
2026-05-10 15:00,2026-05-10,15,610000,ОЭС СИБИРИ,23635,24729
2026-05-10 16:00,2026-05-10,16,610000,ОЭС СИБИРИ,24077,24818
2026-05-10 17:00,2026-05-10,17,610000,ОЭС СИБИРИ,23445,25024
2026-05-10 18:00,2026-05-10,18,610000,ОЭС СИБИРИ,23885,24725
2026-05-10 19:00,2026-05-10,19,610000,ОЭС СИБИРИ,22910,24061
2026-05-10 20:00,2026-05-10,20,610000,ОЭС СИБИРИ,22169,23532
2026-05-10 21:00,2026-05-10,21,610000,ОЭС СИБИРИ,21583,22959
2026-05-10 22:00,2026-05-10,22,610000,ОЭС СИБИРИ,21964,22904
2026-05-10 23:00,2026-05-10,23,610000,ОЭС СИБИРИ,21200,22782
2026-05-11 00:00,2026-05-11,0,610000,ОЭС СИБИРИ,21147,22731
2026-05-11 01:00,2026-05-11,1,610000,ОЭС СИБИРИ,21107,22541
2026-05-11 02:00,2026-05-11,2,610000,ОЭС СИБИРИ,21202,22783
2026-05-11 03:00,2026-05-11,3,610000,ОЭС СИБИРИ,21615,23351
2026-05-11 04:00,2026-05-11,4,610000,ОЭС СИБИРИ,22521,23760
2026-05-11 05:00,2026-05-11,5,610000,ОЭС СИБИРИ,23097,24678
2026-05-11 06:00,2026-05-11,6,610000,ОЭС СИБИРИ,23500,25305
2026-05-11 07:00,2026-05-11,7,610000,ОЭС СИБИРИ,24259,25554
2026-05-11 08:00,2026-05-11,8,610000,ОЭС СИБИРИ,24531,25502
2026-05-11 09:00,2026-05-11,9,610000,ОЭС СИБИРИ,24476,25470
2026-05-11 10:00,2026-05-11,10,610000,ОЭС СИБИРИ,23824,25323
2026-05-11 11:00,2026-05-11,11,610000,ОЭС СИБИРИ,23257,25277
2026-05-11 12:00,2026-05-11,12,610000,ОЭС СИБИРИ,23125,25271
2026-05-11 13:00,2026-05-11,13,610000,ОЭС СИБИРИ,23385,25250
2026-05-11 14:00,2026-05-11,14,610000,ОЭС СИБИРИ,24231,25307
2026-05-11 15:00,2026-05-11,15,610000,ОЭС СИБИРИ,24285,25115
2026-05-11 16:00,2026-05-11,16,610000,ОЭС СИБИРИ,24472,25194
2026-05-11 17:00,2026-05-11,17,610000,ОЭС СИБИРИ,24210,25232
2026-05-11 18:00,2026-05-11,18,610000,ОЭС СИБИРИ,24240,25151
2026-05-11 19:00,2026-05-11,19,610000,ОЭС СИБИРИ,23805,24491
2026-05-11 20:00,2026-05-11,20,610000,ОЭС СИБИРИ,22918,23802
2026-05-11 21:00,2026-05-11,21,610000,ОЭС СИБИРИ,22274,23381
2026-05-11 22:00,2026-05-11,22,610000,ОЭС СИБИРИ,21726,23161
2026-05-11 23:00,2026-05-11,23,610000,ОЭС СИБИРИ,21731,22954
2026-05-12 00:00,2026-05-12,0,610000,ОЭС СИБИРИ,21692,23039
2026-05-12 01:00,2026-05-12,1,610000,ОЭС СИБИРИ,22004,23310
2026-05-12 02:00,2026-05-12,2,610000,ОЭС СИБИРИ,22523,23608
2026-05-12 03:00,2026-05-12,3,610000,ОЭС СИБИРИ,23059,24413
2026-05-12 04:00,2026-05-12,4,610000,ОЭС СИБИРИ,22946,24507
2026-05-12 05:00,2026-05-12,5,610000,ОЭС СИБИРИ,23710,25242
2026-05-12 06:00,2026-05-12,6,610000,ОЭС СИБИРИ,23667,25387
2026-05-12 07:00,2026-05-12,7,610000,ОЭС СИБИРИ,25114,25458
2026-05-12 08:00,2026-05-12,8,610000,ОЭС СИБИРИ,24998,25512
2026-05-12 09:00,2026-05-12,9,610000,ОЭС СИБИРИ,25345,26030
2026-05-12 10:00,2026-05-12,10,610000,ОЭС СИБИРИ,25124,25798
2026-05-12 11:00,2026-05-12,11,610000,ОЭС СИБИРИ,24915,25782
2026-05-12 12:00,2026-05-12,12,610000,ОЭС СИБИРИ,24575,25613
2026-05-12 13:00,2026-05-12,13,610000,ОЭС СИБИРИ,25276,25577
2026-05-12 14:00,2026-05-12,14,610000,ОЭС СИБИРИ,24754,25728
2026-05-12 15:00,2026-05-12,15,610000,ОЭС СИБИРИ,24487,25598
2026-05-12 16:00,2026-05-12,16,610000,ОЭС СИБИРИ,25555,25642
2026-05-12 17:00,2026-05-12,17,610000,ОЭС СИБИРИ,25076,25660
2026-05-12 18:00,2026-05-12,18,610000,ОЭС СИБИРИ,25390,26097
2026-05-12 19:00,2026-05-12,19,610000,ОЭС СИБИРИ,24564,25351
2026-05-12 20:00,2026-05-12,20,610000,ОЭС СИБИРИ,23676,24650
2026-05-12 21:00,2026-05-12,21,610000,ОЭС СИБИРИ,24145,24171
2026-05-12 22:00,2026-05-12,22,610000,ОЭС СИБИРИ,23653,23985
2026-05-12 23:00,2026-05-12,23,610000,ОЭС СИБИРИ,22959,23838
2026-05-13 00:00,2026-05-13,0,610000,ОЭС СИБИРИ,23040,23654
2026-05-13 01:00,2026-05-13,1,610000,ОЭС СИБИРИ,22851,23830
2026-05-13 02:00,2026-05-13,2,610000,ОЭС СИБИРИ,23414,24295
2026-05-13 03:00,2026-05-13,3,610000,ОЭС СИБИРИ,23707,24909
2026-05-13 04:00,2026-05-13,4,610000,ОЭС СИБИРИ,24063,25138
2026-05-13 05:00,2026-05-13,5,610000,ОЭС СИБИРИ,24539,25509
2026-05-13 06:00,2026-05-13,6,610000,ОЭС СИБИРИ,25188,25830
2026-05-13 07:00,2026-05-13,7,610000,ОЭС СИБИРИ,25099,25775
2026-05-13 08:00,2026-05-13,8,610000,ОЭС СИБИРИ,24698,25609
2026-05-13 09:00,2026-05-13,9,610000,ОЭС СИБИРИ,25034,25914
2026-05-13 10:00,2026-05-13,10,610000,ОЭС СИБИРИ,24935,26011
2026-05-13 11:00,2026-05-13,11,610000,ОЭС СИБИРИ,24914,25901
2026-05-13 12:00,2026-05-13,12,610000,ОЭС СИБИРИ,25091,25375
2026-05-13 13:00,2026-05-13,13,610000,ОЭС СИБИРИ,25184,25328
2026-05-13 14:00,2026-05-13,14,610000,ОЭС СИБИРИ,25335,25474
2026-05-13 15:00,2026-05-13,15,610000,ОЭС СИБИРИ,24833,25537
2026-05-13 16:00,2026-05-13,16,610000,ОЭС СИБИРИ,26046,25791
2026-05-13 17:00,2026-05-13,17,610000,ОЭС СИБИРИ,25841,25939
2026-05-13 18:00,2026-05-13,18,610000,ОЭС СИБИРИ,26235,26258
2026-05-13 19:00,2026-05-13,19,610000,ОЭС СИБИРИ,25429,25392
2026-05-13 20:00,2026-05-13,20,610000,ОЭС СИБИРИ,24113,24507
2026-05-13 21:00,2026-05-13,21,610000,ОЭС СИБИРИ,23923,24120
2026-05-13 22:00,2026-05-13,22,610000,ОЭС СИБИРИ,23461,23987
2026-05-13 23:00,2026-05-13,23,610000,ОЭС СИБИРИ,23670,23808
2026-05-14 00:00,2026-05-14,0,610000,ОЭС СИБИРИ,22463,23753
2026-05-14 01:00,2026-05-14,1,610000,ОЭС СИБИРИ,23917,23970
2026-05-14 02:00,2026-05-14,2,610000,ОЭС СИБИРИ,24388,24277
2026-05-14 03:00,2026-05-14,3,610000,ОЭС СИБИРИ,25277,25200
2026-05-14 04:00,2026-05-14,4,610000,ОЭС СИБИРИ,25718,25299
2026-05-14 05:00,2026-05-14,5,610000,ОЭС СИБИРИ,25766,25681
2026-05-14 06:00,2026-05-14,6,610000,ОЭС СИБИРИ,25739,25929
2026-05-14 07:00,2026-05-14,7,610000,ОЭС СИБИРИ,25746,25770
2026-05-14 08:00,2026-05-14,8,610000,ОЭС СИБИРИ,26018,25728
2026-05-14 09:00,2026-05-14,9,610000,ОЭС СИБИРИ,25228,25963
2026-05-14 10:00,2026-05-14,10,610000,ОЭС СИБИРИ,25373,25848
2026-05-14 11:00,2026-05-14,11,610000,ОЭС СИБИРИ,25675,26028
2026-05-14 12:00,2026-05-14,12,610000,ОЭС СИБИРИ,25201,25633
2026-05-14 13:00,2026-05-14,13,610000,ОЭС СИБИРИ,25550,25451
2026-05-14 14:00,2026-05-14,14,610000,ОЭС СИБИРИ,25215,25519
2026-05-14 15:00,2026-05-14,15,610000,ОЭС СИБИРИ,25246,25538
2026-05-14 16:00,2026-05-14,16,610000,ОЭС СИБИРИ,26440,25663
2026-05-14 17:00,2026-05-14,17,610000,ОЭС СИБИРИ,25932,25975
2026-05-14 18:00,2026-05-14,18,610000,ОЭС СИБИРИ,25584,26337
2026-05-14 19:00,2026-05-14,19,610000,ОЭС СИБИРИ,25324,25611
2026-05-14 20:00,2026-05-14,20,610000,ОЭС СИБИРИ,24888,24753
2026-05-14 21:00,2026-05-14,21,610000,ОЭС СИБИРИ,24410,24114
2026-05-14 22:00,2026-05-14,22,610000,ОЭС СИБИРИ,24062,23792
2026-05-14 23:00,2026-05-14,23,610000,ОЭС СИБИРИ,23340,23703
2026-05-15 00:00,2026-05-15,0,610000,ОЭС СИБИРИ,23738,23684
2026-05-15 01:00,2026-05-15,1,610000,ОЭС СИБИРИ,23419,23726
2026-05-15 02:00,2026-05-15,2,610000,ОЭС СИБИРИ,23785,24379
2026-05-15 03:00,2026-05-15,3,610000,ОЭС СИБИРИ,23166,25039
2026-05-15 04:00,2026-05-15,4,610000,ОЭС СИБИРИ,23925,25331
2026-05-15 05:00,2026-05-15,5,610000,ОЭС СИБИРИ,24190,25690
2026-05-15 06:00,2026-05-15,6,610000,ОЭС СИБИРИ,24700,25703
2026-05-15 07:00,2026-05-15,7,610000,ОЭС СИБИРИ,25170,25629
2026-05-15 08:00,2026-05-15,8,610000,ОЭС СИБИРИ,25284,25653
2026-05-15 09:00,2026-05-15,9,610000,ОЭС СИБИРИ,25086,25964
2026-05-15 10:00,2026-05-15,10,610000,ОЭС СИБИРИ,24852,25779
2026-05-15 11:00,2026-05-15,11,610000,ОЭС СИБИРИ,25027,25720
2026-05-15 12:00,2026-05-15,12,610000,ОЭС СИБИРИ,25551,25546
2026-05-15 13:00,2026-05-15,13,610000,ОЭС СИБИРИ,24609,25260
2026-05-15 14:00,2026-05-15,14,610000,ОЭС СИБИРИ,24353,25400
2026-05-15 15:00,2026-05-15,15,610000,ОЭС СИБИРИ,24854,25364
2026-05-15 16:00,2026-05-15,16,610000,ОЭС СИБИРИ,26137,25486
2026-05-15 17:00,2026-05-15,17,610000,ОЭС СИБИРИ,25317,25726
2026-05-15 18:00,2026-05-15,18,610000,ОЭС СИБИРИ,25607,26302
2026-05-15 19:00,2026-05-15,19,610000,ОЭС СИБИРИ,25592,25678
2026-05-15 20:00,2026-05-15,20,610000,ОЭС СИБИРИ,24132,24745
2026-05-15 21:00,2026-05-15,21,610000,ОЭС СИБИРИ,23723,24288
2026-05-15 22:00,2026-05-15,22,610000,ОЭС СИБИРИ,23707,23839
2026-05-15 23:00,2026-05-15,23,610000,ОЭС СИБИРИ,23177,23815
2026-05-16 00:00,2026-05-16,0,610000,ОЭС СИБИРИ,22651,23760
2026-05-16 01:00,2026-05-16,1,610000,ОЭС СИБИРИ,22223,23740
2026-05-16 02:00,2026-05-16,2,610000,ОЭС СИБИРИ,22164,23758
2026-05-16 03:00,2026-05-16,3,610000,ОЭС СИБИРИ,22414,24175
2026-05-16 04:00,2026-05-16,4,610000,ОЭС СИБИРИ,23422,24815
2026-05-16 05:00,2026-05-16,5,610000,ОЭС СИБИРИ,23932,25549
2026-05-16 06:00,2026-05-16,6,610000,ОЭС СИБИРИ,24406,25793
2026-05-16 07:00,2026-05-16,7,610000,ОЭС СИБИРИ,24604,25891
2026-05-16 08:00,2026-05-16,8,610000,ОЭС СИБИРИ,25118,25878
2026-05-16 09:00,2026-05-16,9,610000,ОЭС СИБИРИ,25413,25705
2026-05-16 10:00,2026-05-16,10,610000,ОЭС СИБИРИ,25497,25637
2026-05-16 11:00,2026-05-16,11,610000,ОЭС СИБИРИ,25116,25574
2026-05-16 12:00,2026-05-16,12,610000,ОЭС СИБИРИ,24463,25288
2026-05-16 13:00,2026-05-16,13,610000,ОЭС СИБИРИ,26092,25630
2026-05-16 14:00,2026-05-16,14,610000,ОЭС СИБИРИ,25371,25492
2026-05-16 15:00,2026-05-16,15,610000,ОЭС СИБИРИ,24534,25634
2026-05-16 16:00,2026-05-16,16,610000,ОЭС СИБИРИ,24262,25523
2026-05-16 17:00,2026-05-16,17,610000,ОЭС СИБИРИ,24061,25920
2026-05-16 18:00,2026-05-16,18,610000,ОЭС СИБИРИ,24496,25882
2026-05-16 19:00,2026-05-16,19,610000,ОЭС СИБИРИ,23867,25173
2026-05-16 20:00,2026-05-16,20,610000,ОЭС СИБИРИ,23696,24383
2026-05-16 21:00,2026-05-16,21,610000,ОЭС СИБИРИ,23623,23965
2026-05-16 22:00,2026-05-16,22,610000,ОЭС СИБИРИ,23046,23585
2026-05-16 23:00,2026-05-16,23,610000,ОЭС СИБИРИ,22356,23425
2026-05-17 00:00,2026-05-17,0,610000,ОЭС СИБИРИ,22049,23051
2026-05-17 01:00,2026-05-17,1,610000,ОЭС СИБИРИ,22429,23073
2026-05-17 02:00,2026-05-17,2,610000,ОЭС СИБИРИ,22299,23382
2026-05-17 03:00,2026-05-17,3,610000,ОЭС СИБИРИ,22374,23735
2026-05-17 04:00,2026-05-17,4,610000,ОЭС СИБИРИ,23337,24476
2026-05-17 05:00,2026-05-17,5,610000,ОЭС СИБИРИ,24041,25015
2026-05-17 06:00,2026-05-17,6,610000,ОЭС СИБИРИ,24527,25642
2026-05-17 07:00,2026-05-17,7,610000,ОЭС СИБИРИ,24313,25829
2026-05-17 08:00,2026-05-17,8,610000,ОЭС СИБИРИ,24018,25906
2026-05-17 09:00,2026-05-17,9,610000,ОЭС СИБИРИ,24766,25698
2026-05-17 10:00,2026-05-17,10,610000,ОЭС СИБИРИ,24656,25512
2026-05-17 11:00,2026-05-17,11,610000,ОЭС СИБИРИ,24770,25549
2026-05-17 12:00,2026-05-17,12,610000,ОЭС СИБИРИ,24517,25581
2026-05-17 13:00,2026-05-17,13,610000,ОЭС СИБИРИ,24820,25691
2026-05-17 14:00,2026-05-17,14,610000,ОЭС СИБИРИ,24953,25829
2026-05-17 15:00,2026-05-17,15,610000,ОЭС СИБИРИ,25156,26026
2026-05-17 16:00,2026-05-17,16,610000,ОЭС СИБИРИ,25232,25891
2026-05-17 17:00,2026-05-17,17,610000,ОЭС СИБИРИ,24481,26147
2026-05-17 18:00,2026-05-17,18,610000,ОЭС СИБИРИ,24808,26112
2026-05-17 19:00,2026-05-17,19,610000,ОЭС СИБИРИ,24393,25315
2026-05-17 20:00,2026-05-17,20,610000,ОЭС СИБИРИ,23778,24398
2026-05-17 21:00,2026-05-17,21,610000,ОЭС СИБИРИ,23671,23980
2026-05-17 22:00,2026-05-17,22,610000,ОЭС СИБИРИ,22370,23606
2026-05-17 23:00,2026-05-17,23,610000,ОЭС СИБИРИ,22277,23599
2026-05-18 00:00,2026-05-18,0,610000,ОЭС СИБИРИ,22736,23547
2026-05-18 01:00,2026-05-18,1,610000,ОЭС СИБИРИ,21981,23600
2026-05-18 02:00,2026-05-18,2,610000,ОЭС СИБИРИ,22724,24083
2026-05-18 03:00,2026-05-18,3,610000,ОЭС СИБИРИ,23346,25116
2026-05-18 04:00,2026-05-18,4,610000,ОЭС СИБИРИ,24042,25579
2026-05-18 05:00,2026-05-18,5,610000,ОЭС СИБИРИ,24499,25800
2026-05-18 06:00,2026-05-18,6,610000,ОЭС СИБИРИ,24872,25991
2026-05-18 07:00,2026-05-18,7,610000,ОЭС СИБИРИ,25490,25938
2026-05-18 08:00,2026-05-18,8,610000,ОЭС СИБИРИ,24026,25801
2026-05-18 09:00,2026-05-18,9,610000,ОЭС СИБИРИ,24683,26049
2026-05-18 10:00,2026-05-18,10,610000,ОЭС СИБИРИ,24422,25953
2026-05-18 11:00,2026-05-18,11,610000,ОЭС СИБИРИ,25079,26196
2026-05-18 12:00,2026-05-18,12,610000,ОЭС СИБИРИ,25019,25585
2026-05-18 13:00,2026-05-18,13,610000,ОЭС СИБИРИ,24944,25402
2026-05-18 14:00,2026-05-18,14,610000,ОЭС СИБИРИ,25113,25472
2026-05-18 15:00,2026-05-18,15,610000,ОЭС СИБИРИ,25084,25755
2026-05-18 16:00,2026-05-18,16,610000,ОЭС СИБИРИ,25051,25730
2026-05-18 17:00,2026-05-18,17,610000,ОЭС СИБИРИ,24924,25993
2026-05-18 18:00,2026-05-18,18,610000,ОЭС СИБИРИ,24649,26088
2026-05-18 19:00,2026-05-18,19,610000,ОЭС СИБИРИ,24188,25352
2026-05-18 20:00,2026-05-18,20,610000,ОЭС СИБИРИ,23231,24279
2026-05-18 21:00,2026-05-18,21,610000,ОЭС СИБИРИ,23930,23915
2026-05-18 22:00,2026-05-18,22,610000,ОЭС СИБИРИ,22766,23431
2026-05-18 23:00,2026-05-18,23,610000,ОЭС СИБИРИ,23130,23421
2026-05-19 00:00,2026-05-19,0,610000,ОЭС СИБИРИ,23271,23479
2026-05-19 01:00,2026-05-19,1,610000,ОЭС СИБИРИ,23011,23525
2026-05-19 02:00,2026-05-19,2,610000,ОЭС СИБИРИ,23119,23902
2026-05-19 03:00,2026-05-19,3,610000,ОЭС СИБИРИ,23071,24893
2026-05-19 04:00,2026-05-19,4,610000,ОЭС СИБИРИ,23756,24994
2026-05-19 05:00,2026-05-19,5,610000,ОЭС СИБИРИ,23407,25300
2026-05-19 06:00,2026-05-19,6,610000,ОЭС СИБИРИ,24310,25709
2026-05-19 07:00,2026-05-19,7,610000,ОЭС СИБИРИ,24062,25611
2026-05-19 08:00,2026-05-19,8,610000,ОЭС СИБИРИ,23948,25202
2026-05-19 09:00,2026-05-19,9,610000,ОЭС СИБИРИ,23732,25537
2026-05-19 10:00,2026-05-19,10,610000,ОЭС СИБИРИ,24067,25446
2026-05-19 11:00,2026-05-19,11,610000,ОЭС СИБИРИ,24195,25444
2026-05-19 12:00,2026-05-19,12,610000,ОЭС СИБИРИ,24511,24910
2026-05-19 13:00,2026-05-19,13,610000,ОЭС СИБИРИ,24549,24805
2026-05-19 14:00,2026-05-19,14,610000,ОЭС СИБИРИ,24592,25003
2026-05-19 15:00,2026-05-19,15,610000,ОЭС СИБИРИ,24342,24989
2026-05-19 16:00,2026-05-19,16,610000,ОЭС СИБИРИ,25150,25344
2026-05-19 17:00,2026-05-19,17,610000,ОЭС СИБИРИ,24723,25525
2026-05-19 18:00,2026-05-19,18,610000,ОЭС СИБИРИ,24914,25870
2026-05-19 19:00,2026-05-19,19,610000,ОЭС СИБИРИ,24240,25119
2026-05-19 20:00,2026-05-19,20,610000,ОЭС СИБИРИ,23720,24040
2026-05-19 21:00,2026-05-19,21,610000,ОЭС СИБИРИ,23559,23597
2026-05-19 22:00,2026-05-19,22,610000,ОЭС СИБИРИ,22968,23351
2026-05-19 23:00,2026-05-19,23,610000,ОЭС СИБИРИ,22764,23366
2026-05-20 00:00,2026-05-20,0,610000,ОЭС СИБИРИ,22618,23305
2026-05-20 01:00,2026-05-20,1,610000,ОЭС СИБИРИ,22301,23206
2026-05-20 02:00,2026-05-20,2,610000,ОЭС СИБИРИ,22896,23832
2026-05-20 03:00,2026-05-20,3,610000,ОЭС СИБИРИ,22957,24560
2026-05-20 04:00,2026-05-20,4,610000,ОЭС СИБИРИ,23091,24598
2026-05-20 05:00,2026-05-20,5,610000,ОЭС СИБИРИ,23312,24813
2026-05-20 06:00,2026-05-20,6,610000,ОЭС СИБИРИ,24100,25111
2026-05-20 07:00,2026-05-20,7,610000,ОЭС СИБИРИ,23590,25048
2026-05-20 08:00,2026-05-20,8,610000,ОЭС СИБИРИ,22998,24722
2026-05-20 09:00,2026-05-20,9,610000,ОЭС СИБИРИ,23445,25277
2026-05-20 10:00,2026-05-20,10,610000,ОЭС СИБИРИ,23153,25082
2026-05-20 11:00,2026-05-20,11,610000,ОЭС СИБИРИ,24170,25202
2026-05-20 12:00,2026-05-20,12,610000,ОЭС СИБИРИ,23884,24721
2026-05-20 13:00,2026-05-20,13,610000,ОЭС СИБИРИ,23763,24709
2026-05-20 14:00,2026-05-20,14,610000,ОЭС СИБИРИ,23787,24648
2026-05-20 15:00,2026-05-20,15,610000,ОЭС СИБИРИ,23784,24757
2026-05-20 16:00,2026-05-20,16,610000,ОЭС СИБИРИ,23707,24856
2026-05-20 17:00,2026-05-20,17,610000,ОЭС СИБИРИ,24218,25295
2026-05-20 18:00,2026-05-20,18,610000,ОЭС СИБИРИ,25295,25799
2026-05-20 19:00,2026-05-20,19,610000,ОЭС СИБИРИ,23903,24672
2026-05-20 20:00,2026-05-20,20,610000,ОЭС СИБИРИ,23421,23825
2026-05-20 21:00,2026-05-20,21,610000,ОЭС СИБИРИ,23113,23299
2026-05-20 22:00,2026-05-20,22,610000,ОЭС СИБИРИ,22726,23165
2026-05-20 23:00,2026-05-20,23,610000,ОЭС СИБИРИ,22285,22709
2026-05-21 00:00,2026-05-21,0,610000,ОЭС СИБИРИ,22184,22726
2026-05-21 01:00,2026-05-21,1,610000,ОЭС СИБИРИ,21399,22986
2026-05-21 02:00,2026-05-21,2,610000,ОЭС СИБИРИ,22095,23349
2026-05-21 03:00,2026-05-21,3,610000,ОЭС СИБИРИ,22786,24246
2026-05-21 04:00,2026-05-21,4,610000,ОЭС СИБИРИ,23016,24515
2026-05-21 05:00,2026-05-21,5,610000,ОЭС СИБИРИ,23677,25018
2026-05-21 06:00,2026-05-21,6,610000,ОЭС СИБИРИ,23950,25516
2026-05-21 07:00,2026-05-21,7,610000,ОЭС СИБИРИ,23727,25209
2026-05-21 08:00,2026-05-21,8,610000,ОЭС СИБИРИ,24369,25298
2026-05-21 09:00,2026-05-21,9,610000,ОЭС СИБИРИ,24752,25774
2026-05-21 10:00,2026-05-21,10,610000,ОЭС СИБИРИ,24937,25795
2026-05-21 11:00,2026-05-21,11,610000,ОЭС СИБИРИ,24138,25702
2026-05-21 12:00,2026-05-21,12,610000,ОЭС СИБИРИ,24298,25445
2026-05-21 13:00,2026-05-21,13,610000,ОЭС СИБИРИ,24548,25259
2026-05-21 14:00,2026-05-21,14,610000,ОЭС СИБИРИ,24540,25354
2026-05-21 15:00,2026-05-21,15,610000,ОЭС СИБИРИ,24884,25639
2026-05-21 16:00,2026-05-21,16,610000,ОЭС СИБИРИ,24703,25392
2026-05-21 17:00,2026-05-21,17,610000,ОЭС СИБИРИ,23983,25373
2026-05-21 18:00,2026-05-21,18,610000,ОЭС СИБИРИ,24167,25769
2026-05-21 19:00,2026-05-21,19,610000,ОЭС СИБИРИ,23475,25017
2026-05-21 20:00,2026-05-21,20,610000,ОЭС СИБИРИ,22828,24099
2026-05-21 21:00,2026-05-21,21,610000,ОЭС СИБИРИ,22404,23591
2026-05-21 22:00,2026-05-21,22,610000,ОЭС СИБИРИ,22658,23328
2026-05-21 23:00,2026-05-21,23,610000,ОЭС СИБИРИ,21947,23143
2026-05-22 00:00,2026-05-22,0,610000,ОЭС СИБИРИ,21829,22970
2026-05-22 01:00,2026-05-22,1,610000,ОЭС СИБИРИ,22095,23185
2026-05-22 02:00,2026-05-22,2,610000,ОЭС СИБИРИ,22572,23745
2026-05-22 03:00,2026-05-22,3,610000,ОЭС СИБИРИ,22570,24656
2026-05-22 04:00,2026-05-22,4,610000,ОЭС СИБИРИ,23366,24900
2026-05-22 05:00,2026-05-22,5,610000,ОЭС СИБИРИ,23729,25620
2026-05-22 06:00,2026-05-22,6,610000,ОЭС СИБИРИ,24389,25760
2026-05-22 07:00,2026-05-22,7,610000,ОЭС СИБИРИ,24528,25711
2026-05-22 08:00,2026-05-22,8,610000,ОЭС СИБИРИ,24592,25416
2026-05-22 09:00,2026-05-22,9,610000,ОЭС СИБИРИ,26101,26127
2026-05-22 10:00,2026-05-22,10,610000,ОЭС СИБИРИ,25139,25778
2026-05-22 11:00,2026-05-22,11,610000,ОЭС СИБИРИ,25402,25873
2026-05-22 12:00,2026-05-22,12,610000,ОЭС СИБИРИ,25073,25470
2026-05-22 13:00,2026-05-22,13,610000,ОЭС СИБИРИ,24457,25309
2026-05-22 14:00,2026-05-22,14,610000,ОЭС СИБИРИ,24398,25484
2026-05-22 15:00,2026-05-22,15,610000,ОЭС СИБИРИ,24466,25571
2026-05-22 16:00,2026-05-22,16,610000,ОЭС СИБИРИ,24834,25517
2026-05-22 17:00,2026-05-22,17,610000,ОЭС СИБИРИ,24843,25571
2026-05-22 18:00,2026-05-22,18,610000,ОЭС СИБИРИ,25335,26187
2026-05-22 19:00,2026-05-22,19,610000,ОЭС СИБИРИ,24883,25331
2026-05-22 20:00,2026-05-22,20,610000,ОЭС СИБИРИ,23842,24641
2026-05-22 21:00,2026-05-22,21,610000,ОЭС СИБИРИ,23583,24065
2026-05-22 22:00,2026-05-22,22,610000,ОЭС СИБИРИ,24517,23980
2026-05-22 23:00,2026-05-22,23,610000,ОЭС СИБИРИ,23099,23777
2026-05-23 00:00,2026-05-23,0,610000,ОЭС СИБИРИ,22302,23487
2026-05-23 01:00,2026-05-23,1,610000,ОЭС СИБИРИ,21683,23383
2026-05-23 02:00,2026-05-23,2,610000,ОЭС СИБИРИ,22094,23809
2026-05-23 03:00,2026-05-23,3,610000,ОЭС СИБИРИ,21739,24163
2026-05-23 04:00,2026-05-23,4,610000,ОЭС СИБИРИ,22494,24895
2026-05-23 05:00,2026-05-23,5,610000,ОЭС СИБИРИ,22808,25817
2026-05-23 06:00,2026-05-23,6,610000,ОЭС СИБИРИ,24614,26283
2026-05-23 07:00,2026-05-23,7,610000,ОЭС СИБИРИ,24284,26506
2026-05-23 08:00,2026-05-23,8,610000,ОЭС СИБИРИ,24280,26431
2026-05-23 09:00,2026-05-23,9,610000,ОЭС СИБИРИ,24640,26493
2026-05-23 10:00,2026-05-23,10,610000,ОЭС СИБИРИ,24117,26388
2026-05-23 11:00,2026-05-23,11,610000,ОЭС СИБИРИ,24048,26454
2026-05-23 12:00,2026-05-23,12,610000,ОЭС СИБИРИ,24590,26178
2026-05-23 13:00,2026-05-23,13,610000,ОЭС СИБИРИ,24168,26355
2026-05-23 14:00,2026-05-23,14,610000,ОЭС СИБИРИ,23955,26370
2026-05-23 15:00,2026-05-23,15,610000,ОЭС СИБИРИ,24539,26271
2026-05-23 16:00,2026-05-23,16,610000,ОЭС СИБИРИ,24892,26359
2026-05-23 17:00,2026-05-23,17,610000,ОЭС СИБИРИ,24248,26438
2026-05-23 18:00,2026-05-23,18,610000,ОЭС СИБИРИ,24266,26206
2026-05-23 19:00,2026-05-23,19,610000,ОЭС СИБИРИ,23194,25530
2026-05-23 20:00,2026-05-23,20,610000,ОЭС СИБИРИ,22223,24852
2026-05-23 21:00,2026-05-23,21,610000,ОЭС СИБИРИ,22393,24270
2026-05-23 22:00,2026-05-23,22,610000,ОЭС СИБИРИ,22178,23913
2026-05-23 23:00,2026-05-23,23,610000,ОЭС СИБИРИ,22047,23750
2026-05-24 00:00,2026-05-24,0,610000,ОЭС СИБИРИ,21866,23663
2026-05-24 01:00,2026-05-24,1,610000,ОЭС СИБИРИ,22174,23634
2026-05-24 02:00,2026-05-24,2,610000,ОЭС СИБИРИ,21778,23656
2026-05-24 03:00,2026-05-24,3,610000,ОЭС СИБИРИ,22201,24157
2026-05-24 04:00,2026-05-24,4,610000,ОЭС СИБИРИ,22632,24733
2026-05-24 05:00,2026-05-24,5,610000,ОЭС СИБИРИ,23006,25374
2026-05-24 06:00,2026-05-24,6,610000,ОЭС СИБИРИ,24067,26143
2026-05-24 07:00,2026-05-24,7,610000,ОЭС СИБИРИ,24304,26110
2026-05-24 08:00,2026-05-24,8,610000,ОЭС СИБИРИ,24667,26294
2026-05-24 09:00,2026-05-24,9,610000,ОЭС СИБИРИ,23876,26231
2026-05-24 10:00,2026-05-24,10,610000,ОЭС СИБИРИ,24155,26087
2026-05-24 11:00,2026-05-24,11,610000,ОЭС СИБИРИ,24032,26074
2026-05-24 12:00,2026-05-24,12,610000,ОЭС СИБИРИ,23827,25966
2026-05-24 13:00,2026-05-24,13,610000,ОЭС СИБИРИ,24139,26076
2026-05-24 14:00,2026-05-24,14,610000,ОЭС СИБИРИ,24578,25978
2026-05-24 15:00,2026-05-24,15,610000,ОЭС СИБИРИ,24289,26115
2026-05-24 16:00,2026-05-24,16,610000,ОЭС СИБИРИ,24172,25978
2026-05-24 17:00,2026-05-24,17,610000,ОЭС СИБИРИ,24005,26201
2026-05-24 18:00,2026-05-24,18,610000,ОЭС СИБИРИ,24172,26090
2026-05-24 19:00,2026-05-24,19,610000,ОЭС СИБИРИ,23573,25421
2026-05-24 20:00,2026-05-24,20,610000,ОЭС СИБИРИ,22157,24372
2026-05-24 21:00,2026-05-24,21,610000,ОЭС СИБИРИ,22568,24141
2026-05-24 22:00,2026-05-24,22,610000,ОЭС СИБИРИ,21780,23525
2026-05-24 23:00,2026-05-24,23,610000,ОЭС СИБИРИ,21884,23594
2026-05-25 00:00,2026-05-25,0,610000,ОЭС СИБИРИ,22156,23503
2026-05-25 01:00,2026-05-25,1,610000,ОЭС СИБИРИ,22613,23563
2026-05-25 02:00,2026-05-25,2,610000,ОЭС СИБИРИ,22909,24300
2026-05-25 03:00,2026-05-25,3,610000,ОЭС СИБИРИ,23360,24968
2026-05-25 04:00,2026-05-25,4,610000,ОЭС СИБИРИ,23314,25085
2026-05-25 05:00,2026-05-25,5,610000,ОЭС СИБИРИ,24121,25309
2026-05-25 06:00,2026-05-25,6,610000,ОЭС СИБИРИ,24593,25527
2026-05-25 07:00,2026-05-25,7,610000,ОЭС СИБИРИ,24193,25629
2026-05-25 08:00,2026-05-25,8,610000,ОЭС СИБИРИ,23987,25463
2026-05-25 09:00,2026-05-25,9,610000,ОЭС СИБИРИ,24660,25846
2026-05-25 10:00,2026-05-25,10,610000,ОЭС СИБИРИ,23868,25638
2026-05-25 11:00,2026-05-25,11,610000,ОЭС СИБИРИ,23693,25699
2026-05-25 12:00,2026-05-25,12,610000,ОЭС СИБИРИ,23778,25248
2026-05-25 13:00,2026-05-25,13,610000,ОЭС СИБИРИ,23171,25005
2026-05-25 14:00,2026-05-25,14,610000,ОЭС СИБИРИ,23702,25408
2026-05-25 15:00,2026-05-25,15,610000,ОЭС СИБИРИ,22989,25226
2026-05-25 16:00,2026-05-25,16,610000,ОЭС СИБИРИ,24268,25415
2026-05-25 17:00,2026-05-25,17,610000,ОЭС СИБИРИ,24751,25662
2026-05-25 18:00,2026-05-25,18,610000,ОЭС СИБИРИ,25158,26162
2026-05-25 19:00,2026-05-25,19,610000,ОЭС СИБИРИ,23769,25381
2026-05-25 20:00,2026-05-25,20,610000,ОЭС СИБИРИ,22431,24349
2026-05-25 21:00,2026-05-25,21,610000,ОЭС СИБИРИ,22638,23886
2026-05-25 22:00,2026-05-25,22,610000,ОЭС СИБИРИ,22163,23444
2026-05-25 23:00,2026-05-25,23,610000,ОЭС СИБИРИ,22410,23228
2026-05-26 00:00,2026-05-26,0,610000,ОЭС СИБИРИ,22244,23299
2026-05-26 01:00,2026-05-26,1,610000,ОЭС СИБИРИ,22728,23434
2026-05-26 02:00,2026-05-26,2,610000,ОЭС СИБИРИ,23056,23737
2026-05-26 03:00,2026-05-26,3,610000,ОЭС СИБИРИ,23521,24592
2026-05-26 04:00,2026-05-26,4,610000,ОЭС СИБИРИ,23566,24777
2026-05-26 05:00,2026-05-26,5,610000,ОЭС СИБИРИ,23922,25048
2026-05-26 06:00,2026-05-26,6,610000,ОЭС СИБИРИ,24709,25192
2026-05-26 07:00,2026-05-26,7,610000,ОЭС СИБИРИ,23774,24956
2026-05-26 08:00,2026-05-26,8,610000,ОЭС СИБИРИ,22935,24691
2026-05-26 09:00,2026-05-26,9,610000,ОЭС СИБИРИ,23372,25143
2026-05-26 10:00,2026-05-26,10,610000,ОЭС СИБИРИ,23145,24941
2026-05-26 11:00,2026-05-26,11,610000,ОЭС СИБИРИ,23048,24997
2026-05-26 12:00,2026-05-26,12,610000,ОЭС СИБИРИ,23284,24598
2026-05-26 13:00,2026-05-26,13,610000,ОЭС СИБИРИ,23571,24206
2026-05-26 14:00,2026-05-26,14,610000,ОЭС СИБИРИ,22845,24545
2026-05-26 15:00,2026-05-26,15,610000,ОЭС СИБИРИ,23052,24315
2026-05-26 16:00,2026-05-26,16,610000,ОЭС СИБИРИ,23982,24457
2026-05-26 17:00,2026-05-26,17,610000,ОЭС СИБИРИ,23314,24649
2026-05-26 18:00,2026-05-26,18,610000,ОЭС СИБИРИ,23966,25187
2026-05-26 19:00,2026-05-26,19,610000,ОЭС СИБИРИ,23572,24386
2026-05-26 20:00,2026-05-26,20,610000,ОЭС СИБИРИ,22127,23720
2026-05-26 21:00,2026-05-26,21,610000,ОЭС СИБИРИ,21549,23046
2026-05-26 22:00,2026-05-26,22,610000,ОЭС СИБИРИ,21789,22860
2026-05-26 23:00,2026-05-26,23,610000,ОЭС СИБИРИ,21931,22675
2026-05-27 00:00,2026-05-27,0,610000,ОЭС СИБИРИ,21142,22553
2026-05-27 01:00,2026-05-27,1,610000,ОЭС СИБИРИ,22150,22599
2026-05-27 02:00,2026-05-27,2,610000,ОЭС СИБИРИ,22467,23074
2026-05-27 03:00,2026-05-27,3,610000,ОЭС СИБИРИ,21923,23842
2026-05-27 04:00,2026-05-27,4,610000,ОЭС СИБИРИ,22001,23884
2026-05-27 05:00,2026-05-27,5,610000,ОЭС СИБИРИ,22782,24097
2026-05-27 06:00,2026-05-27,6,610000,ОЭС СИБИРИ,22655,24356
2026-05-27 07:00,2026-05-27,7,610000,ОЭС СИБИРИ,22578,24247
2026-05-27 08:00,2026-05-27,8,610000,ОЭС СИБИРИ,22338,24045
2026-05-27 09:00,2026-05-27,9,610000,ОЭС СИБИРИ,22818,24592
2026-05-27 10:00,2026-05-27,10,610000,ОЭС СИБИРИ,23951,24704
2026-05-27 11:00,2026-05-27,11,610000,ОЭС СИБИРИ,23476,24516
2026-05-27 12:00,2026-05-27,12,610000,ОЭС СИБИРИ,23451,24063
2026-05-27 13:00,2026-05-27,13,610000,ОЭС СИБИРИ,22713,23933
2026-05-27 14:00,2026-05-27,14,610000,ОЭС СИБИРИ,22634,24003
2026-05-27 15:00,2026-05-27,15,610000,ОЭС СИБИРИ,22417,23879
2026-05-27 16:00,2026-05-27,16,610000,ОЭС СИБИРИ,22279,23871
2026-05-27 17:00,2026-05-27,17,610000,ОЭС СИБИРИ,22776,24249
2026-05-27 18:00,2026-05-27,18,610000,ОЭС СИБИРИ,23997,24895
2026-05-27 19:00,2026-05-27,19,610000,ОЭС СИБИРИ,22830,24109
2026-05-27 20:00,2026-05-27,20,610000,ОЭС СИБИРИ,21780,23034
2026-05-27 21:00,2026-05-27,21,610000,ОЭС СИБИРИ,21518,22425
2026-05-27 22:00,2026-05-27,22,610000,ОЭС СИБИРИ,21287,22305
2026-05-27 23:00,2026-05-27,23,610000,ОЭС СИБИРИ,20692,22027
2026-05-28 00:00,2026-05-28,0,610000,ОЭС СИБИРИ,20444,21888
2026-05-28 01:00,2026-05-28,1,610000,ОЭС СИБИРИ,21168,22003
2026-05-28 02:00,2026-05-28,2,610000,ОЭС СИБИРИ,21666,22312
2026-05-28 03:00,2026-05-28,3,610000,ОЭС СИБИРИ,21956,23209
2026-05-28 04:00,2026-05-28,4,610000,ОЭС СИБИРИ,21585,23264
2026-05-28 05:00,2026-05-28,5,610000,ОЭС СИБИРИ,22391,23768
2026-05-28 06:00,2026-05-28,6,610000,ОЭС СИБИРИ,22967,23924
2026-05-28 07:00,2026-05-28,7,610000,ОЭС СИБИРИ,22270,24116
2026-05-28 08:00,2026-05-28,8,610000,ОЭС СИБИРИ,22818,23990
2026-05-28 09:00,2026-05-28,9,610000,ОЭС СИБИРИ,22542,24231
2026-05-28 10:00,2026-05-28,10,610000,ОЭС СИБИРИ,23138,24529
2026-05-28 11:00,2026-05-28,11,610000,ОЭС СИБИРИ,22503,24223
2026-05-28 12:00,2026-05-28,12,610000,ОЭС СИБИРИ,22407,23891
2026-05-28 13:00,2026-05-28,13,610000,ОЭС СИБИРИ,22433,23732
2026-05-28 14:00,2026-05-28,14,610000,ОЭС СИБИРИ,22549,23750
2026-05-28 15:00,2026-05-28,15,610000,ОЭС СИБИРИ,22512,23851
2026-05-28 16:00,2026-05-28,16,610000,ОЭС СИБИРИ,23433,23718
2026-05-28 17:00,2026-05-28,17,610000,ОЭС СИБИРИ,22575,23886
2026-05-28 18:00,2026-05-28,18,610000,ОЭС СИБИРИ,23327,24577
2026-05-28 19:00,2026-05-28,19,610000,ОЭС СИБИРИ,22531,23576
2026-05-28 20:00,2026-05-28,20,610000,ОЭС СИБИРИ,21301,22726
2026-05-28 21:00,2026-05-28,21,610000,ОЭС СИБИРИ,20609,22207
2026-05-28 22:00,2026-05-28,22,610000,ОЭС СИБИРИ,20490,21900
2026-05-28 23:00,2026-05-28,23,610000,ОЭС СИБИРИ,21182,21812
2026-05-29 00:00,2026-05-29,0,610000,ОЭС СИБИРИ,20564,21705
2026-05-29 01:00,2026-05-29,1,610000,ОЭС СИБИРИ,20654,21814
2026-05-29 02:00,2026-05-29,2,610000,ОЭС СИБИРИ,20979,22121
2026-05-29 03:00,2026-05-29,3,610000,ОЭС СИБИРИ,21552,22944
2026-05-29 04:00,2026-05-29,4,610000,ОЭС СИБИРИ,21287,23188
2026-05-29 05:00,2026-05-29,5,610000,ОЭС СИБИРИ,22428,23907
2026-05-29 06:00,2026-05-29,6,610000,ОЭС СИБИРИ,23149,24195
2026-05-29 07:00,2026-05-29,7,610000,ОЭС СИБИРИ,23091,24356
2026-05-29 08:00,2026-05-29,8,610000,ОЭС СИБИРИ,22421,24233
2026-05-29 09:00,2026-05-29,9,610000,ОЭС СИБИРИ,23268,24728
2026-05-29 10:00,2026-05-29,10,610000,ОЭС СИБИРИ,23911,24461
2026-05-29 11:00,2026-05-29,11,610000,ОЭС СИБИРИ,22400,24140
2026-05-29 12:00,2026-05-29,12,610000,ОЭС СИБИРИ,22442,23935
2026-05-29 13:00,2026-05-29,13,610000,ОЭС СИБИРИ,21925,23812
2026-05-29 14:00,2026-05-29,14,610000,ОЭС СИБИРИ,21978,23929
2026-05-29 15:00,2026-05-29,15,610000,ОЭС СИБИРИ,22071,23812
2026-05-29 16:00,2026-05-29,16,610000,ОЭС СИБИРИ,22049,23729
2026-05-29 17:00,2026-05-29,17,610000,ОЭС СИБИРИ,22824,23666
2026-05-29 18:00,2026-05-29,18,610000,ОЭС СИБИРИ,23743,24222
2026-05-29 19:00,2026-05-29,19,610000,ОЭС СИБИРИ,21755,23617
2026-05-29 20:00,2026-05-29,20,610000,ОЭС СИБИРИ,20858,22747
2026-05-29 21:00,2026-05-29,21,610000,ОЭС СИБИРИ,20477,22273
2026-05-29 22:00,2026-05-29,22,610000,ОЭС СИБИРИ,21284,22052
2026-05-29 23:00,2026-05-29,23,610000,ОЭС СИБИРИ,21052,21767
2026-05-30 00:00,2026-05-30,0,610000,ОЭС СИБИРИ,20580,21708
2026-05-30 01:00,2026-05-30,1,610000,ОЭС СИБИРИ,20703,21750
2026-05-30 02:00,2026-05-30,2,610000,ОЭС СИБИРИ,20731,21942
2026-05-30 03:00,2026-05-30,3,610000,ОЭС СИБИРИ,20770,22448
2026-05-30 04:00,2026-05-30,4,610000,ОЭС СИБИРИ,21251,23012
2026-05-30 05:00,2026-05-30,5,610000,ОЭС СИБИРИ,21813,23815
2026-05-30 06:00,2026-05-30,6,610000,ОЭС СИБИРИ,22672,24376
2026-05-30 07:00,2026-05-30,7,610000,ОЭС СИБИРИ,23676,24427
2026-05-30 08:00,2026-05-30,8,610000,ОЭС СИБИРИ,23344,24361
2026-05-30 09:00,2026-05-30,9,610000,ОЭС СИБИРИ,22803,24423
2026-05-30 10:00,2026-05-30,10,610000,ОЭС СИБИРИ,23049,24453
2026-05-30 11:00,2026-05-30,11,610000,ОЭС СИБИРИ,24343,24458
2026-05-30 12:00,2026-05-30,12,610000,ОЭС СИБИРИ,23671,24339
2026-05-30 13:00,2026-05-30,13,610000,ОЭС СИБИРИ,23679,24368
2026-05-30 14:00,2026-05-30,14,610000,ОЭС СИБИРИ,23156,24342
2026-05-30 15:00,2026-05-30,15,610000,ОЭС СИБИРИ,23799,24520
2026-05-30 16:00,2026-05-30,16,610000,ОЭС СИБИРИ,23999,24421
2026-05-30 17:00,2026-05-30,17,610000,ОЭС СИБИРИ,23626,24487
2026-05-30 18:00,2026-05-30,18,610000,ОЭС СИБИРИ,23679,24411
2026-05-30 19:00,2026-05-30,19,610000,ОЭС СИБИРИ,22486,23977
2026-05-30 20:00,2026-05-30,20,610000,ОЭС СИБИРИ,21397,23193
2026-05-30 21:00,2026-05-30,21,610000,ОЭС СИБИРИ,21066,22550
2026-05-30 22:00,2026-05-30,22,610000,ОЭС СИБИРИ,20599,22467
2026-05-30 23:00,2026-05-30,23,610000,ОЭС СИБИРИ,21218,22292
2026-05-31 00:00,2026-05-31,0,610000,ОЭС СИБИРИ,20883,22008
2026-05-31 01:00,2026-05-31,1,610000,ОЭС СИБИРИ,20539,21988
2026-05-31 02:00,2026-05-31,2,610000,ОЭС СИБИРИ,20409,22222
2026-05-31 03:00,2026-05-31,3,610000,ОЭС СИБИРИ,20718,22484
2026-05-31 04:00,2026-05-31,4,610000,ОЭС СИБИРИ,21648,23023
2026-05-31 05:00,2026-05-31,5,610000,ОЭС СИБИРИ,22607,23905
2026-05-31 06:00,2026-05-31,6,610000,ОЭС СИБИРИ,23031,24227
2026-05-31 07:00,2026-05-31,7,610000,ОЭС СИБИРИ,23332,24442
2026-05-31 08:00,2026-05-31,8,610000,ОЭС СИБИРИ,23028,24359
2026-05-31 09:00,2026-05-31,9,610000,ОЭС СИБИРИ,23195,24423
2026-05-31 10:00,2026-05-31,10,610000,ОЭС СИБИРИ,23559,24267
2026-05-31 11:00,2026-05-31,11,610000,ОЭС СИБИРИ,23236,24333
2026-05-31 12:00,2026-05-31,12,610000,ОЭС СИБИРИ,23525,24318
2026-05-31 13:00,2026-05-31,13,610000,ОЭС СИБИРИ,23354,24408
2026-05-31 14:00,2026-05-31,14,610000,ОЭС СИБИРИ,22632,24345
2026-05-31 15:00,2026-05-31,15,610000,ОЭС СИБИРИ,23375,24366
2026-05-31 16:00,2026-05-31,16,610000,ОЭС СИБИРИ,23895,24430
2026-05-31 17:00,2026-05-31,17,610000,ОЭС СИБИРИ,23070,24544
2026-05-31 18:00,2026-05-31,18,610000,ОЭС СИБИРИ,24084,24453
2026-05-31 19:00,2026-05-31,19,610000,ОЭС СИБИРИ,23070,23875
2026-05-31 20:00,2026-05-31,20,610000,ОЭС СИБИРИ,21854,23180
2026-05-31 21:00,2026-05-31,21,610000,ОЭС СИБИРИ,20948,22444
2026-05-31 22:00,2026-05-31,22,610000,ОЭС СИБИРИ,20798,22022
2026-05-31 23:00,2026-05-31,23,610000,ОЭС СИБИРИ,20510,21966
2026-06-01 00:00,2026-06-01,0,610000,ОЭС СИБИРИ,20837,21754
2026-06-01 01:00,2026-06-01,1,610000,ОЭС СИБИРИ,20944,21970
2026-06-01 02:00,2026-06-01,2,610000,ОЭС СИБИРИ,21198,22356
2026-06-01 03:00,2026-06-01,3,610000,ОЭС СИБИРИ,21484,23144
2026-06-01 04:00,2026-06-01,4,610000,ОЭС СИБИРИ,21919,23338
2026-06-01 05:00,2026-06-01,5,610000,ОЭС СИБИРИ,22477,23917
2026-06-01 06:00,2026-06-01,6,610000,ОЭС СИБИРИ,23364,24378
2026-06-01 07:00,2026-06-01,7,610000,ОЭС СИБИРИ,22764,24421
2026-06-01 08:00,2026-06-01,8,610000,ОЭС СИБИРИ,22406,24238
2026-06-01 09:00,2026-06-01,9,610000,ОЭС СИБИРИ,23113,24094
2026-06-01 10:00,2026-06-01,10,610000,ОЭС СИБИРИ,22905,24007
2026-06-01 11:00,2026-06-01,11,610000,ОЭС СИБИРИ,23207,24064
2026-06-01 12:00,2026-06-01,12,610000,ОЭС СИБИРИ,22711,23860
2026-06-01 13:00,2026-06-01,13,610000,ОЭС СИБИРИ,22559,23982
2026-06-01 14:00,2026-06-01,14,610000,ОЭС СИБИРИ,22371,23908
2026-06-01 15:00,2026-06-01,15,610000,ОЭС СИБИРИ,22249,23912
2026-06-01 16:00,2026-06-01,16,610000,ОЭС СИБИРИ,22758,23969
2026-06-01 17:00,2026-06-01,17,610000,ОЭС СИБИРИ,23102,24094
2026-06-01 18:00,2026-06-01,18,610000,ОЭС СИБИРИ,23562,24484
2026-06-01 19:00,2026-06-01,19,610000,ОЭС СИБИРИ,22565,23834
2026-06-01 20:00,2026-06-01,20,610000,ОЭС СИБИРИ,21215,22867
2026-06-01 21:00,2026-06-01,21,610000,ОЭС СИБИРИ,21197,22174
2026-06-01 22:00,2026-06-01,22,610000,ОЭС СИБИРИ,21149,22005
2026-06-01 23:00,2026-06-01,23,610000,ОЭС СИБИРИ,20591,21859
2026-06-02 00:00,2026-06-02,0,610000,ОЭС СИБИРИ,19954,21669
2026-06-02 01:00,2026-06-02,1,610000,ОЭС СИБИРИ,20801,21739
2026-06-02 02:00,2026-06-02,2,610000,ОЭС СИБИРИ,21121,22170
2026-06-02 03:00,2026-06-02,3,610000,ОЭС СИБИРИ,21767,23012
2026-06-02 04:00,2026-06-02,4,610000,ОЭС СИБИРИ,22431,23348
2026-06-02 05:00,2026-06-02,5,610000,ОЭС СИБИРИ,22339,23711
2026-06-02 06:00,2026-06-02,6,610000,ОЭС СИБИРИ,22748,23995
2026-06-02 07:00,2026-06-02,7,610000,ОЭС СИБИРИ,23102,24246
2026-06-02 08:00,2026-06-02,8,610000,ОЭС СИБИРИ,22905,24152
2026-06-02 09:00,2026-06-02,9,610000,ОЭС СИБИРИ,22889,24067
2026-06-02 10:00,2026-06-02,10,610000,ОЭС СИБИРИ,22848,23994
2026-06-02 11:00,2026-06-02,11,610000,ОЭС СИБИРИ,22470,23930
2026-06-02 12:00,2026-06-02,12,610000,ОЭС СИБИРИ,23249,23982
2026-06-02 13:00,2026-06-02,13,610000,ОЭС СИБИРИ,22299,23834
2026-06-02 14:00,2026-06-02,14,610000,ОЭС СИБИРИ,22310,23972
2026-06-02 15:00,2026-06-02,15,610000,ОЭС СИБИРИ,22828,23828
2026-06-02 16:00,2026-06-02,16,610000,ОЭС СИБИРИ,22476,23878
2026-06-02 17:00,2026-06-02,17,610000,ОЭС СИБИРИ,22718,24006
2026-06-02 18:00,2026-06-02,18,610000,ОЭС СИБИРИ,23638,24339
2026-06-02 19:00,2026-06-02,19,610000,ОЭС СИБИРИ,22591,23861
2026-06-02 20:00,2026-06-02,20,610000,ОЭС СИБИРИ,21065,22751
2026-06-02 21:00,2026-06-02,21,610000,ОЭС СИБИРИ,21305,22356
2026-06-02 22:00,2026-06-02,22,610000,ОЭС СИБИРИ,20774,21955
2026-06-02 23:00,2026-06-02,23,610000,ОЭС СИБИРИ,20612,21805
2026-06-03 00:00,2026-06-03,0,610000,ОЭС СИБИРИ,20280,21745
2026-06-03 01:00,2026-06-03,1,610000,ОЭС СИБИРИ,21195,21796
2026-06-03 02:00,2026-06-03,2,610000,ОЭС СИБИРИ,21365,22198
2026-06-03 03:00,2026-06-03,3,610000,ОЭС СИБИРИ,21723,23021
2026-06-03 04:00,2026-06-03,4,610000,ОЭС СИБИРИ,22213,23297
2026-06-03 05:00,2026-06-03,5,610000,ОЭС СИБИРИ,22799,23814
2026-06-03 06:00,2026-06-03,6,610000,ОЭС СИБИРИ,23089,24168
2026-06-03 07:00,2026-06-03,7,610000,ОЭС СИБИРИ,22632,24327
2026-06-03 08:00,2026-06-03,8,610000,ОЭС СИБИРИ,22795,24149
2026-06-03 09:00,2026-06-03,9,610000,ОЭС СИБИРИ,23411,24065
2026-06-03 10:00,2026-06-03,10,610000,ОЭС СИБИРИ,22624,24056
2026-06-03 11:00,2026-06-03,11,610000,ОЭС СИБИРИ,23039,24126
2026-06-03 12:00,2026-06-03,12,610000,ОЭС СИБИРИ,22918,24047
2026-06-03 13:00,2026-06-03,13,610000,ОЭС СИБИРИ,22776,24030
2026-06-03 14:00,2026-06-03,14,610000,ОЭС СИБИРИ,22999,24096
2026-06-03 15:00,2026-06-03,15,610000,ОЭС СИБИРИ,23060,24017
2026-06-03 16:00,2026-06-03,16,610000,ОЭС СИБИРИ,22680,23637
2026-06-03 17:00,2026-06-03,17,610000,ОЭС СИБИРИ,23210,24065
2026-06-03 18:00,2026-06-03,18,610000,ОЭС СИБИРИ,23127,24279
2026-06-03 19:00,2026-06-03,19,610000,ОЭС СИБИРИ,22043,23672
2026-06-03 20:00,2026-06-03,20,610000,ОЭС СИБИРИ,21129,22762
2026-06-03 21:00,2026-06-03,21,610000,ОЭС СИБИРИ,20925,22112
2026-06-03 22:00,2026-06-03,22,610000,ОЭС СИБИРИ,20722,21841
2026-06-03 23:00,2026-06-03,23,610000,ОЭС СИБИРИ,19896,21655
2026-06-04 00:00,2026-06-04,0,610000,ОЭС СИБИРИ,19736,21418
2026-06-04 01:00,2026-06-04,1,610000,ОЭС СИБИРИ,20395,21379
2026-06-04 02:00,2026-06-04,2,610000,ОЭС СИБИРИ,21494,22097
2026-06-04 03:00,2026-06-04,3,610000,ОЭС СИБИРИ,21902,22720
2026-06-04 04:00,2026-06-04,4,610000,ОЭС СИБИРИ,22023,23204
2026-06-04 05:00,2026-06-04,5,610000,ОЭС СИБИРИ,23047,23769
2026-06-04 06:00,2026-06-04,6,610000,ОЭС СИБИРИ,23662,24104
2026-06-04 07:00,2026-06-04,7,610000,ОЭС СИБИРИ,23617,24375
2026-06-04 08:00,2026-06-04,8,610000,ОЭС СИБИРИ,22923,24182
2026-06-04 09:00,2026-06-04,9,610000,ОЭС СИБИРИ,23001,24378
2026-06-04 10:00,2026-06-04,10,610000,ОЭС СИБИРИ,23309,24272
2026-06-04 11:00,2026-06-04,11,610000,ОЭС СИБИРИ,23571,24183
2026-06-04 12:00,2026-06-04,12,610000,ОЭС СИБИРИ,23899,24450
2026-06-04 13:00,2026-06-04,13,610000,ОЭС СИБИРИ,23786,24198
2026-06-04 14:00,2026-06-04,14,610000,ОЭС СИБИРИ,23359,24161
2026-06-04 15:00,2026-06-04,15,610000,ОЭС СИБИРИ,23518,24202
2026-06-04 16:00,2026-06-04,16,610000,ОЭС СИБИРИ,23862,24002
2026-06-04 17:00,2026-06-04,17,610000,ОЭС СИБИРИ,24137,24281
2026-06-04 18:00,2026-06-04,18,610000,ОЭС СИБИРИ,24173,24746
2026-06-04 19:00,2026-06-04,19,610000,ОЭС СИБИРИ,23183,23896
2026-06-04 20:00,2026-06-04,20,610000,ОЭС СИБИРИ,22020,22861
2026-06-04 21:00,2026-06-04,21,610000,ОЭС СИБИРИ,20726,22345
2026-06-04 22:00,2026-06-04,22,610000,ОЭС СИБИРИ,20765,21942
2026-06-04 23:00,2026-06-04,23,610000,ОЭС СИБИРИ,20879,21965
2026-06-05 00:00,2026-06-05,0,610000,ОЭС СИБИРИ,20250,21775
2026-06-05 01:00,2026-06-05,1,610000,ОЭС СИБИРИ,20517,21691
2026-06-05 02:00,2026-06-05,2,610000,ОЭС СИБИРИ,21370,22434
2026-06-05 03:00,2026-06-05,3,610000,ОЭС СИБИРИ,21524,23112
2026-06-05 04:00,2026-06-05,4,610000,ОЭС СИБИРИ,21775,23253
2026-06-05 05:00,2026-06-05,5,610000,ОЭС СИБИРИ,22525,23954
2026-06-05 06:00,2026-06-05,6,610000,ОЭС СИБИРИ,23386,24158
2026-06-05 07:00,2026-06-05,7,610000,ОЭС СИБИРИ,23058,24223
2026-06-05 08:00,2026-06-05,8,610000,ОЭС СИБИРИ,23017,24081
2026-06-05 09:00,2026-06-05,9,610000,ОЭС СИБИРИ,23636,24085
2026-06-05 10:00,2026-06-05,10,610000,ОЭС СИБИРИ,23900,24240
2026-06-05 11:00,2026-06-05,11,610000,ОЭС СИБИРИ,23627,24175
2026-06-05 12:00,2026-06-05,12,610000,ОЭС СИБИРИ,23126,24065
2026-06-05 13:00,2026-06-05,13,610000,ОЭС СИБИРИ,23112,23813
2026-06-05 14:00,2026-06-05,14,610000,ОЭС СИБИРИ,23615,24053
2026-06-05 15:00,2026-06-05,15,610000,ОЭС СИБИРИ,23038,23751
2026-06-05 16:00,2026-06-05,16,610000,ОЭС СИБИРИ,23123,23649
2026-06-05 17:00,2026-06-05,17,610000,ОЭС СИБИРИ,23482,23879
2026-06-05 18:00,2026-06-05,18,610000,ОЭС СИБИРИ,23854,24182
2026-06-05 19:00,2026-06-05,19,610000,ОЭС СИБИРИ,23415,23645
2026-06-05 20:00,2026-06-05,20,610000,ОЭС СИБИРИ,21688,22624
2026-06-05 21:00,2026-06-05,21,610000,ОЭС СИБИРИ,21332,22174
2026-06-05 22:00,2026-06-05,22,610000,ОЭС СИБИРИ,21600,21997
2026-06-05 23:00,2026-06-05,23,610000,ОЭС СИБИРИ,21663,21797
2026-06-06 00:00,2026-06-06,0,610000,ОЭС СИБИРИ,20551,21469
2026-06-06 01:00,2026-06-06,1,610000,ОЭС СИБИРИ,20700,21400
2026-06-06 02:00,2026-06-06,2,610000,ОЭС СИБИРИ,20134,21557
2026-06-06 03:00,2026-06-06,3,610000,ОЭС СИБИРИ,20780,22092
2026-06-06 04:00,2026-06-06,4,610000,ОЭС СИБИРИ,21147,22742
2026-06-06 05:00,2026-06-06,5,610000,ОЭС СИБИРИ,22060,23637
2026-06-06 06:00,2026-06-06,6,610000,ОЭС СИБИРИ,23053,24042
2026-06-06 07:00,2026-06-06,7,610000,ОЭС СИБИРИ,22543,24116
2026-06-06 08:00,2026-06-06,8,610000,ОЭС СИБИРИ,23740,24403
2026-06-06 09:00,2026-06-06,9,610000,ОЭС СИБИРИ,23393,24130
2026-06-06 10:00,2026-06-06,10,610000,ОЭС СИБИРИ,23459,24279
2026-06-06 11:00,2026-06-06,11,610000,ОЭС СИБИРИ,22855,23990
2026-06-06 12:00,2026-06-06,12,610000,ОЭС СИБИРИ,23335,23992
2026-06-06 13:00,2026-06-06,13,610000,ОЭС СИБИРИ,23446,24125
2026-06-06 14:00,2026-06-06,14,610000,ОЭС СИБИРИ,23264,24219
2026-06-06 15:00,2026-06-06,15,610000,ОЭС СИБИРИ,23671,24185
2026-06-06 16:00,2026-06-06,16,610000,ОЭС СИБИРИ,23787,23783
2026-06-06 17:00,2026-06-06,17,610000,ОЭС СИБИРИ,23275,23879
2026-06-06 18:00,2026-06-06,18,610000,ОЭС СИБИРИ,23095,23706
2026-06-06 19:00,2026-06-06,19,610000,ОЭС СИБИРИ,22706,23289
2026-06-06 20:00,2026-06-06,20,610000,ОЭС СИБИРИ,20804,22498
2026-06-06 21:00,2026-06-06,21,610000,ОЭС СИБИРИ,20470,22107
2026-06-06 22:00,2026-06-06,22,610000,ОЭС СИБИРИ,21023,21777
2026-06-06 23:00,2026-06-06,23,610000,ОЭС СИБИРИ,20907,21590
2026-06-07 00:00,2026-06-07,0,610000,ОЭС СИБИРИ,20290,21278
2026-06-07 01:00,2026-06-07,1,610000,ОЭС СИБИРИ,20302,21280
2026-06-07 02:00,2026-06-07,2,610000,ОЭС СИБИРИ,20537,21519
2026-06-07 03:00,2026-06-07,3,610000,ОЭС СИБИРИ,20503,21995
2026-06-07 04:00,2026-06-07,4,610000,ОЭС СИБИРИ,20561,22428
2026-06-07 05:00,2026-06-07,5,610000,ОЭС СИБИРИ,21697,23327
2026-06-07 06:00,2026-06-07,6,610000,ОЭС СИБИРИ,22760,23956
2026-06-07 07:00,2026-06-07,7,610000,ОЭС СИБИРИ,22871,24183
2026-06-07 08:00,2026-06-07,8,610000,ОЭС СИБИРИ,23039,24302
2026-06-07 09:00,2026-06-07,9,610000,ОЭС СИБИРИ,24059,24370
2026-06-07 10:00,2026-06-07,10,610000,ОЭС СИБИРИ,23726,24374
2026-06-07 11:00,2026-06-07,11,610000,ОЭС СИБИРИ,23057,24190
2026-06-07 12:00,2026-06-07,12,610000,ОЭС СИБИРИ,22932,23994
2026-06-07 13:00,2026-06-07,13,610000,ОЭС СИБИРИ,23110,23976
2026-06-07 14:00,2026-06-07,14,610000,ОЭС СИБИРИ,22971,24021
2026-06-07 15:00,2026-06-07,15,610000,ОЭС СИБИРИ,23289,24252
2026-06-07 16:00,2026-06-07,16,610000,ОЭС СИБИРИ,23337,24176
2026-06-07 17:00,2026-06-07,17,610000,ОЭС СИБИРИ,23913,24312
2026-06-07 18:00,2026-06-07,18,610000,ОЭС СИБИРИ,24069,24235
2026-06-07 19:00,2026-06-07,19,610000,ОЭС СИБИРИ,22946,23643
2026-06-07 20:00,2026-06-07,20,610000,ОЭС СИБИРИ,22158,22594
2026-06-07 21:00,2026-06-07,21,610000,ОЭС СИБИРИ,21483,22084
2026-06-07 22:00,2026-06-07,22,610000,ОЭС СИБИРИ,21280,21616
2026-06-07 23:00,2026-06-07,23,610000,ОЭС СИБИРИ,20686,21446
2026-06-08 00:00,2026-06-08,0,610000,ОЭС СИБИРИ,21398,21275
2026-06-08 01:00,2026-06-08,1,610000,ОЭС СИБИРИ,20414,21295
2026-06-08 02:00,2026-06-08,2,610000,ОЭС СИБИРИ,21191,21772
2026-06-08 03:00,2026-06-08,3,610000,ОЭС СИБИРИ,21634,22529
2026-06-08 04:00,2026-06-08,4,610000,ОЭС СИБИРИ,21618,23010
2026-06-08 05:00,2026-06-08,5,610000,ОЭС СИБИРИ,22807,23620
2026-06-08 06:00,2026-06-08,6,610000,ОЭС СИБИРИ,22388,24155
2026-06-08 07:00,2026-06-08,7,610000,ОЭС СИБИРИ,22763,24180
2026-06-08 08:00,2026-06-08,8,610000,ОЭС СИБИРИ,23199,24264
2026-06-08 09:00,2026-06-08,9,610000,ОЭС СИБИРИ,23336,24238
2026-06-08 10:00,2026-06-08,10,610000,ОЭС СИБИРИ,23461,24400
2026-06-08 11:00,2026-06-08,11,610000,ОЭС СИБИРИ,23212,24214
2026-06-08 12:00,2026-06-08,12,610000,ОЭС СИБИРИ,23237,24175
2026-06-08 13:00,2026-06-08,13,610000,ОЭС СИБИРИ,23101,24030
2026-06-08 14:00,2026-06-08,14,610000,ОЭС СИБИРИ,22824,23826
2026-06-08 15:00,2026-06-08,15,610000,ОЭС СИБИРИ,22860,23857
2026-06-08 16:00,2026-06-08,16,610000,ОЭС СИБИРИ,23137,23742
2026-06-08 17:00,2026-06-08,17,610000,ОЭС СИБИРИ,22935,23777
2026-06-08 18:00,2026-06-08,18,610000,ОЭС СИБИРИ,23362,23968
2026-06-08 19:00,2026-06-08,19,610000,ОЭС СИБИРИ,22507,23260
2026-06-08 20:00,2026-06-08,20,610000,ОЭС СИБИРИ,22160,22409
2026-06-08 21:00,2026-06-08,21,610000,ОЭС СИБИРИ,21329,21853
2026-06-08 22:00,2026-06-08,22,610000,ОЭС СИБИРИ,20748,21503
2026-06-08 23:00,2026-06-08,23,610000,ОЭС СИБИРИ,20433,21263
2026-06-09 00:00,2026-06-09,0,610000,ОЭС СИБИРИ,20366,21161
2026-06-09 01:00,2026-06-09,1,610000,ОЭС СИБИРИ,20035,21212
2026-06-09 02:00,2026-06-09,2,610000,ОЭС СИБИРИ,20554,21613
2026-06-09 03:00,2026-06-09,3,610000,ОЭС СИБИРИ,21323,22442
2026-06-09 04:00,2026-06-09,4,610000,ОЭС СИБИРИ,22030,22895
2026-06-09 05:00,2026-06-09,5,610000,ОЭС СИБИРИ,22684,23412
2026-06-09 06:00,2026-06-09,6,610000,ОЭС СИБИРИ,23084,23836
2026-06-09 07:00,2026-06-09,7,610000,ОЭС СИБИРИ,22939,24022
2026-06-09 08:00,2026-06-09,8,610000,ОЭС СИБИРИ,22184,23850
2026-06-09 09:00,2026-06-09,9,610000,ОЭС СИБИРИ,22367,23808
2026-06-09 10:00,2026-06-09,10,610000,ОЭС СИБИРИ,22540,23742
2026-06-09 11:00,2026-06-09,11,610000,ОЭС СИБИРИ,22721,24073
2026-06-09 12:00,2026-06-09,12,610000,ОЭС СИБИРИ,22426,23860
2026-06-09 13:00,2026-06-09,13,610000,ОЭС СИБИРИ,22702,23764
2026-06-09 14:00,2026-06-09,14,610000,ОЭС СИБИРИ,22634,23738
2026-06-09 15:00,2026-06-09,15,610000,ОЭС СИБИРИ,22453,23643
2026-06-09 16:00,2026-06-09,16,610000,ОЭС СИБИРИ,22442,23593
2026-06-09 17:00,2026-06-09,17,610000,ОЭС СИБИРИ,22954,23802
2026-06-09 18:00,2026-06-09,18,610000,ОЭС СИБИРИ,23302,23986
2026-06-09 19:00,2026-06-09,19,610000,ОЭС СИБИРИ,21993,23230
2026-06-09 20:00,2026-06-09,20,610000,ОЭС СИБИРИ,21347,22361
2026-06-09 21:00,2026-06-09,21,610000,ОЭС СИБИРИ,20727,21753
2026-06-09 22:00,2026-06-09,22,610000,ОЭС СИБИРИ,20705,21611
2026-06-09 23:00,2026-06-09,23,610000,ОЭС СИБИРИ,20115,21346
2026-06-10 00:00,2026-06-10,0,610000,ОЭС СИБИРИ,20286,21168
2026-06-10 01:00,2026-06-10,1,610000,ОЭС СИБИРИ,20300,21109
2026-06-10 02:00,2026-06-10,2,610000,ОЭС СИБИРИ,20761,21610
2026-06-10 03:00,2026-06-10,3,610000,ОЭС СИБИРИ,21030,22431
2026-06-10 04:00,2026-06-10,4,610000,ОЭС СИБИРИ,21104,22859
2026-06-10 05:00,2026-06-10,5,610000,ОЭС СИБИРИ,21943,23535
2026-06-10 06:00,2026-06-10,6,610000,ОЭС СИБИРИ,23044,24048
2026-06-10 07:00,2026-06-10,7,610000,ОЭС СИБИРИ,22940,24182
2026-06-10 08:00,2026-06-10,8,610000,ОЭС СИБИРИ,22743,24158
2026-06-10 09:00,2026-06-10,9,610000,ОЭС СИБИРИ,23192,24305
2026-06-10 10:00,2026-06-10,10,610000,ОЭС СИБИРИ,22642,24129
2026-06-10 11:00,2026-06-10,11,610000,ОЭС СИБИРИ,23066,24238
2026-06-10 12:00,2026-06-10,12,610000,ОЭС СИБИРИ,23288,24246
2026-06-10 13:00,2026-06-10,13,610000,ОЭС СИБИРИ,23489,24143
2026-06-10 14:00,2026-06-10,14,610000,ОЭС СИБИРИ,23158,24087
2026-06-10 15:00,2026-06-10,15,610000,ОЭС СИБИРИ,23656,24071
2026-06-10 16:00,2026-06-10,16,610000,ОЭС СИБИРИ,23287,23746
2026-06-10 17:00,2026-06-10,17,610000,ОЭС СИБИРИ,23539,24058
2026-06-10 18:00,2026-06-10,18,610000,ОЭС СИБИРИ,23980,24158
2026-06-10 19:00,2026-06-10,19,610000,ОЭС СИБИРИ,23526,23757
2026-06-10 20:00,2026-06-10,20,610000,ОЭС СИБИРИ,22095,22611
2026-06-10 21:00,2026-06-10,21,610000,ОЭС СИБИРИ,21343,21935
2026-06-10 22:00,2026-06-10,22,610000,ОЭС СИБИРИ,21707,21756
2026-06-10 23:00,2026-06-10,23,610000,ОЭС СИБИРИ,20660,21337
2026-06-11 00:00,2026-06-11,0,610000,ОЭС СИБИРИ,20220,21249
2026-06-11 01:00,2026-06-11,1,610000,ОЭС СИБИРИ,20815,21317
2026-06-11 02:00,2026-06-11,2,610000,ОЭС СИБИРИ,20701,21655
2026-06-11 03:00,2026-06-11,3,610000,ОЭС СИБИРИ,21502,22578
2026-06-11 04:00,2026-06-11,4,610000,ОЭС СИБИРИ,21402,22765
2026-06-11 05:00,2026-06-11,5,610000,ОЭС СИБИРИ,22256,23500
2026-06-11 06:00,2026-06-11,6,610000,ОЭС СИБИРИ,23629,23974
2026-06-11 07:00,2026-06-11,7,610000,ОЭС СИБИРИ,22757,23887
2026-06-11 08:00,2026-06-11,8,610000,ОЭС СИБИРИ,23075,23848
2026-06-11 09:00,2026-06-11,9,610000,ОЭС СИБИРИ,23948,24187
2026-06-11 10:00,2026-06-11,10,610000,ОЭС СИБИРИ,23933,24157
2026-06-11 11:00,2026-06-11,11,610000,ОЭС СИБИРИ,23874,24200
2026-06-11 12:00,2026-06-11,12,610000,ОЭС СИБИРИ,23612,23975
2026-06-11 13:00,2026-06-11,13,610000,ОЭС СИБИРИ,23374,23749
2026-06-11 14:00,2026-06-11,14,610000,ОЭС СИБИРИ,23635,23864
2026-06-11 15:00,2026-06-11,15,610000,ОЭС СИБИРИ,23721,23853
2026-06-11 16:00,2026-06-11,16,610000,ОЭС СИБИРИ,23199,23615
2026-06-11 17:00,2026-06-11,17,610000,ОЭС СИБИРИ,23030,23627
2026-06-11 18:00,2026-06-11,18,610000,ОЭС СИБИРИ,23527,23907
2026-06-11 19:00,2026-06-11,19,610000,ОЭС СИБИРИ,22608,23305
2026-06-11 20:00,2026-06-11,20,610000,ОЭС СИБИРИ,21702,22281
2026-06-11 21:00,2026-06-11,21,610000,ОЭС СИБИРИ,21899,22056
2026-06-11 22:00,2026-06-11,22,610000,ОЭС СИБИРИ,22004,21682
2026-06-11 23:00,2026-06-11,23,610000,ОЭС СИБИРИ,21216,21394
2026-06-12 00:00,2026-06-12,0,610000,ОЭС СИБИРИ,21689,21193
2026-06-12 01:00,2026-06-12,1,610000,ОЭС СИБИРИ,21558,21293
2026-06-12 02:00,2026-06-12,2,610000,ОЭС СИБИРИ,21742,21503
2026-06-12 03:00,2026-06-12,3,610000,ОЭС СИБИРИ,21694,21976
2026-06-12 04:00,2026-06-12,4,610000,ОЭС СИБИРИ,22089,22424
2026-06-12 05:00,2026-06-12,5,610000,ОЭС СИБИРИ,23574,23366
2026-06-12 06:00,2026-06-12,6,610000,ОЭС СИБИРИ,23837,23927
2026-06-12 07:00,2026-06-12,7,610000,ОЭС СИБИРИ,23826,24103
2026-06-12 08:00,2026-06-12,8,610000,ОЭС СИБИРИ,23968,24124
2026-06-12 09:00,2026-06-12,9,610000,ОЭС СИБИРИ,23985,24276
2026-06-12 10:00,2026-06-12,10,610000,ОЭС СИБИРИ,23750,24074
2026-06-12 11:00,2026-06-12,11,610000,ОЭС СИБИРИ,23760,24138
2026-06-12 12:00,2026-06-12,12,610000,ОЭС СИБИРИ,23545,23941
2026-06-12 13:00,2026-06-12,13,610000,ОЭС СИБИРИ,23814,24165
2026-06-12 14:00,2026-06-12,14,610000,ОЭС СИБИРИ,23515,24068
2026-06-12 15:00,2026-06-12,15,610000,ОЭС СИБИРИ,23273,23846
2026-06-12 16:00,2026-06-12,16,610000,ОЭС СИБИРИ,23774,23855
2026-06-12 17:00,2026-06-12,17,610000,ОЭС СИБИРИ,23663,23979
2026-06-12 18:00,2026-06-12,18,610000,ОЭС СИБИРИ,23882,23901
2026-06-12 19:00,2026-06-12,19,610000,ОЭС СИБИРИ,23138,23124
2026-06-12 20:00,2026-06-12,20,610000,ОЭС СИБИРИ,22301,22485
2026-06-12 21:00,2026-06-12,21,610000,ОЭС СИБИРИ,22335,22132
2026-06-12 22:00,2026-06-12,22,610000,ОЭС СИБИРИ,21594,21751
2026-06-12 23:00,2026-06-12,23,610000,ОЭС СИБИРИ,21160,21273
2026-06-13 00:00,2026-06-13,0,610000,ОЭС СИБИРИ,21015,20986
2026-06-13 01:00,2026-06-13,1,610000,ОЭС СИБИРИ,21017,21250
2026-06-13 02:00,2026-06-13,2,610000,ОЭС СИБИРИ,21279,21238
2026-06-13 03:00,2026-06-13,3,610000,ОЭС СИБИРИ,22161,21783
2026-06-13 04:00,2026-06-13,4,610000,ОЭС СИБИРИ,22476,22321
2026-06-13 05:00,2026-06-13,5,610000,ОЭС СИБИРИ,23334,23273
2026-06-13 06:00,2026-06-13,6,610000,ОЭС СИБИРИ,23247,23835
2026-06-13 07:00,2026-06-13,7,610000,ОЭС СИБИРИ,23701,23968
2026-06-13 08:00,2026-06-13,8,610000,ОЭС СИБИРИ,24181,24040
2026-06-13 09:00,2026-06-13,9,610000,ОЭС СИБИРИ,23536,23840
2026-06-13 10:00,2026-06-13,10,610000,ОЭС СИБИРИ,23445,23774
2026-06-13 11:00,2026-06-13,11,610000,ОЭС СИБИРИ,23879,24055
2026-06-13 12:00,2026-06-13,12,610000,ОЭС СИБИРИ,22796,22886
2026-06-13 13:00,2026-06-13,13,610000,ОЭС СИБИРИ,23549,23892
2026-06-13 14:00,2026-06-13,14,610000,ОЭС СИБИРИ,23644,23962
2026-06-13 15:00,2026-06-13,15,610000,ОЭС СИБИРИ,23310,23768
2026-06-13 16:00,2026-06-13,16,610000,ОЭС СИБИРИ,23353,23504
2026-06-13 17:00,2026-06-13,17,610000,ОЭС СИБИРИ,23722,23847
2026-06-13 18:00,2026-06-13,18,610000,ОЭС СИБИРИ,23406,23625
2026-06-13 19:00,2026-06-13,19,610000,ОЭС СИБИРИ,23057,23016
2026-06-13 20:00,2026-06-13,20,610000,ОЭС СИБИРИ,22287,22371
2026-06-13 21:00,2026-06-13,21,610000,ОЭС СИБИРИ,22386,22011
2026-06-13 22:00,2026-06-13,22,610000,ОЭС СИБИРИ,21524,21426
2026-06-13 23:00,2026-06-13,23,610000,ОЭС СИБИРИ,21537,21149
2026-06-14 00:00,2026-06-14,0,610000,ОЭС СИБИРИ,21644,21076
2026-06-14 01:00,2026-06-14,1,610000,ОЭС СИБИРИ,21568,21043
2026-06-14 02:00,2026-06-14,2,610000,ОЭС СИБИРИ,21387,21112
2026-06-14 03:00,2026-06-14,3,610000,ОЭС СИБИРИ,21723,21510
2026-06-14 04:00,2026-06-14,4,610000,ОЭС СИБИРИ,22312,22224
2026-06-14 05:00,2026-06-14,5,610000,ОЭС СИБИРИ,23293,23185
2026-06-14 06:00,2026-06-14,6,610000,ОЭС СИБИРИ,23484,23762
2026-06-14 07:00,2026-06-14,7,610000,ОЭС СИБИРИ,23439,23888
2026-06-14 08:00,2026-06-14,8,610000,ОЭС СИБИРИ,23213,23985
2026-06-14 09:00,2026-06-14,9,610000,ОЭС СИБИРИ,23757,23987
2026-06-14 10:00,2026-06-14,10,610000,ОЭС СИБИРИ,24022,23985
2026-06-14 11:00,2026-06-14,11,610000,ОЭС СИБИРИ,23820,23976
2026-06-14 12:00,2026-06-14,12,610000,ОЭС СИБИРИ,23490,23781
2026-06-14 13:00,2026-06-14,13,610000,ОЭС СИБИРИ,23994,24029
2026-06-14 14:00,2026-06-14,14,610000,ОЭС СИБИРИ,23508,23984
2026-06-14 15:00,2026-06-14,15,610000,ОЭС СИБИРИ,23604,23996
2026-06-14 16:00,2026-06-14,16,610000,ОЭС СИБИРИ,23740,23925
2026-06-14 17:00,2026-06-14,17,610000,ОЭС СИБИРИ,24099,24053
2026-06-14 18:00,2026-06-14,18,610000,ОЭС СИБИРИ,23736,23845
2026-06-14 19:00,2026-06-14,19,610000,ОЭС СИБИРИ,23175,23260
2026-06-14 20:00,2026-06-14,20,610000,ОЭС СИБИРИ,22170,22412
2026-06-14 21:00,2026-06-14,21,610000,ОЭС СИБИРИ,21724,21767
2026-06-14 22:00,2026-06-14,22,610000,ОЭС СИБИРИ,21635,21599
2026-06-14 23:00,2026-06-14,23,610000,ОЭС СИБИРИ,20936,21149
2026-06-15 00:00,2026-06-15,0,610000,ОЭС СИБИРИ,21087,21152
2026-06-15 01:00,2026-06-15,1,610000,ОЭС СИБИРИ,21585,21077
2026-06-15 02:00,2026-06-15,2,610000,ОЭС СИБИРИ,21790,21706
2026-06-15 03:00,2026-06-15,3,610000,ОЭС СИБИРИ,22326,22418
2026-06-15 04:00,2026-06-15,4,610000,ОЭС СИБИРИ,22551,22700
2026-06-15 05:00,2026-06-15,5,610000,ОЭС СИБИРИ,23668,23676
2026-06-15 06:00,2026-06-15,6,610000,ОЭС СИБИРИ,24169,24108
2026-06-15 07:00,2026-06-15,7,610000,ОЭС СИБИРИ,23580,24019
2026-06-15 08:00,2026-06-15,8,610000,ОЭС СИБИРИ,23491,24112
2026-06-15 09:00,2026-06-15,9,610000,ОЭС СИБИРИ,23755,24314
2026-06-15 10:00,2026-06-15,10,610000,ОЭС СИБИРИ,23977,24092
2026-06-15 11:00,2026-06-15,11,610000,ОЭС СИБИРИ,23753,24036
2026-06-15 12:00,2026-06-15,12,610000,ОЭС СИБИРИ,23803,24192
2026-06-15 13:00,2026-06-15,13,610000,ОЭС СИБИРИ,23730,23851
2026-06-15 14:00,2026-06-15,14,610000,ОЭС СИБИРИ,23590,23867
2026-06-15 15:00,2026-06-15,15,610000,ОЭС СИБИРИ,23787,24031
2026-06-15 16:00,2026-06-15,16,610000,ОЭС СИБИРИ,23852,23718
2026-06-15 17:00,2026-06-15,17,610000,ОЭС СИБИРИ,23811,23895
2026-06-15 18:00,2026-06-15,18,610000,ОЭС СИБИРИ,23748,23924
2026-06-15 19:00,2026-06-15,19,610000,ОЭС СИБИРИ,23345,23376
2026-06-15 20:00,2026-06-15,20,610000,ОЭС СИБИРИ,22294,22388
2026-06-15 21:00,2026-06-15,21,610000,ОЭС СИБИРИ,21491,21897
2026-06-15 22:00,2026-06-15,22,610000,ОЭС СИБИРИ,21441,21490
2026-06-15 23:00,2026-06-15,23,610000,ОЭС СИБИРИ,21267,21255
2026-06-16 00:00,2026-06-16,0,610000,ОЭС СИБИРИ,21579,21217
2026-06-16 01:00,2026-06-16,1,610000,ОЭС СИБИРИ,21656,21199
2026-06-16 02:00,2026-06-16,2,610000,ОЭС СИБИРИ,21891,21682
2026-06-16 03:00,2026-06-16,3,610000,ОЭС СИБИРИ,22474,22504
2026-06-16 04:00,2026-06-16,4,610000,ОЭС СИБИРИ,22994,22851
2026-06-16 05:00,2026-06-16,5,610000,ОЭС СИБИРИ,23312,23366
2026-06-16 06:00,2026-06-16,6,610000,ОЭС СИБИРИ,23696,23764
2026-06-16 07:00,2026-06-16,7,610000,ОЭС СИБИРИ,23844,24194
2026-06-16 08:00,2026-06-16,8,610000,ОЭС СИБИРИ,23381,24070
2026-06-16 09:00,2026-06-16,9,610000,ОЭС СИБИРИ,23976,24158
2026-06-16 10:00,2026-06-16,10,610000,ОЭС СИБИРИ,23822,24217
2026-06-16 11:00,2026-06-16,11,610000,ОЭС СИБИРИ,23841,24159
2026-06-16 12:00,2026-06-16,12,610000,ОЭС СИБИРИ,23651,23955
2026-06-16 13:00,2026-06-16,13,610000,ОЭС СИБИРИ,23840,23905
2026-06-16 14:00,2026-06-16,14,610000,ОЭС СИБИРИ,23537,23888
2026-06-16 15:00,2026-06-16,15,610000,ОЭС СИБИРИ,23680,24012
2026-06-16 16:00,2026-06-16,16,610000,ОЭС СИБИРИ,23632,23716
2026-06-16 17:00,2026-06-16,17,610000,ОЭС СИБИРИ,23628,23782
2026-06-16 18:00,2026-06-16,18,610000,ОЭС СИБИРИ,24141,24083
2026-06-16 19:00,2026-06-16,19,610000,ОЭС СИБИРИ,23353,23449
2026-06-16 20:00,2026-06-16,20,610000,ОЭС СИБИРИ,22948,22488
2026-06-16 21:00,2026-06-16,21,610000,ОЭС СИБИРИ,21507,21851
2026-06-16 22:00,2026-06-16,22,610000,ОЭС СИБИРИ,21620,21540
2026-06-16 23:00,2026-06-16,23,610000,ОЭС СИБИРИ,21310,21449
2026-06-17 00:00,2026-06-17,0,610000,ОЭС СИБИРИ,21931,21431
2026-06-17 01:00,2026-06-17,1,610000,ОЭС СИБИРИ,21758,21322
2026-06-17 02:00,2026-06-17,2,610000,ОЭС СИБИРИ,22476,21873
2026-06-17 03:00,2026-06-17,3,610000,ОЭС СИБИРИ,22944,22665
2026-06-17 04:00,2026-06-17,4,610000,ОЭС СИБИРИ,23055,23074
2026-06-17 05:00,2026-06-17,5,610000,ОЭС СИБИРИ,23530,23610
2026-06-17 06:00,2026-06-17,6,610000,ОЭС СИБИРИ,24081,24225
2026-06-17 07:00,2026-06-17,7,610000,ОЭС СИБИРИ,24224,24536
2026-06-17 08:00,2026-06-17,8,610000,ОЭС СИБИРИ,24222,24357
2026-06-17 09:00,2026-06-17,9,610000,ОЭС СИБИРИ,24249,24341
2026-06-17 10:00,2026-06-17,10,610000,ОЭС СИБИРИ,24155,24491
2026-06-17 11:00,2026-06-17,11,610000,ОЭС СИБИРИ,24337,24488
2026-06-17 12:00,2026-06-17,12,610000,ОЭС СИБИРИ,24129,24322
2026-06-17 13:00,2026-06-17,13,610000,ОЭС СИБИРИ,24069,24159
2026-06-17 14:00,2026-06-17,14,610000,ОЭС СИБИРИ,24128,24187
2026-06-17 15:00,2026-06-17,15,610000,ОЭС СИБИРИ,24164,24156
2026-06-17 16:00,2026-06-17,16,610000,ОЭС СИБИРИ,23875,23843
2026-06-17 17:00,2026-06-17,17,610000,ОЭС СИБИРИ,23938,23873
2026-06-17 18:00,2026-06-17,18,610000,ОЭС СИБИРИ,24148,23996
2026-06-17 19:00,2026-06-17,19,610000,ОЭС СИБИРИ,23967,23728
2026-06-17 20:00,2026-06-17,20,610000,ОЭС СИБИРИ,23000,22687
2026-06-17 21:00,2026-06-17,21,610000,ОЭС СИБИРИ,22474,22012
2026-06-17 22:00,2026-06-17,22,610000,ОЭС СИБИРИ,22147,21572
2026-06-17 23:00,2026-06-17,23,610000,ОЭС СИБИРИ,22036,21454
2026-06-18 00:00,2026-06-18,0,610000,ОЭС СИБИРИ,21993,21307
2026-06-18 01:00,2026-06-18,1,610000,ОЭС СИБИРИ,21925,21324
2026-06-18 02:00,2026-06-18,2,610000,ОЭС СИБИРИ,22377,21877
2026-06-18 03:00,2026-06-18,3,610000,ОЭС СИБИРИ,22942,22607
2026-06-18 04:00,2026-06-18,4,610000,ОЭС СИБИРИ,23123,23028
2026-06-18 05:00,2026-06-18,5,610000,ОЭС СИБИРИ,23772,23706
2026-06-18 06:00,2026-06-18,6,610000,ОЭС СИБИРИ,24019,23960
2026-06-18 07:00,2026-06-18,7,610000,ОЭС СИБИРИ,24051,24177
2026-06-18 08:00,2026-06-18,8,610000,ОЭС СИБИРИ,24160,24179
2026-06-18 09:00,2026-06-18,9,610000,ОЭС СИБИРИ,24267,24277
2026-06-18 10:00,2026-06-18,10,610000,ОЭС СИБИРИ,24217,24331
2026-06-18 11:00,2026-06-18,11,610000,ОЭС СИБИРИ,24271,24365
2026-06-18 12:00,2026-06-18,12,610000,ОЭС СИБИРИ,24251,24249
2026-06-18 13:00,2026-06-18,13,610000,ОЭС СИБИРИ,24231,24081
2026-06-18 14:00,2026-06-18,14,610000,ОЭС СИБИРИ,24171,24206
2026-06-18 15:00,2026-06-18,15,610000,ОЭС СИБИРИ,24078,24046
2026-06-18 16:00,2026-06-18,16,610000,ОЭС СИБИРИ,23776,23864
2026-06-18 17:00,2026-06-18,17,610000,ОЭС СИБИРИ,23958,23980
2026-06-18 18:00,2026-06-18,18,610000,ОЭС СИБИРИ,24440,24177
2026-06-18 19:00,2026-06-18,19,610000,ОЭС СИБИРИ,23761,23724
2026-06-18 20:00,2026-06-18,20,610000,ОЭС СИБИРИ,22951,22710
2026-06-18 21:00,2026-06-18,21,610000,ОЭС СИБИРИ,22385,21888
2026-06-18 22:00,2026-06-18,22,610000,ОЭС СИБИРИ,22211,21685
2026-06-18 23:00,2026-06-18,23,610000,ОЭС СИБИРИ,22186,21624
2026-06-19 00:00,2026-06-19,0,610000,ОЭС СИБИРИ,21916,21470
2026-06-19 01:00,2026-06-19,1,610000,ОЭС СИБИРИ,22069,21547
2026-06-19 02:00,2026-06-19,2,610000,ОЭС СИБИРИ,22535,21977
2026-06-19 03:00,2026-06-19,3,610000,ОЭС СИБИРИ,23146,22821
2026-06-19 04:00,2026-06-19,4,610000,ОЭС СИБИРИ,23088,23051
2026-06-19 05:00,2026-06-19,5,610000,ОЭС СИБИРИ,23736,23739
2026-06-19 06:00,2026-06-19,6,610000,ОЭС СИБИРИ,24180,24133
2026-06-19 07:00,2026-06-19,7,610000,ОЭС СИБИРИ,24052,24244
2026-06-19 08:00,2026-06-19,8,610000,ОЭС СИБИРИ,23923,24050
2026-06-19 09:00,2026-06-19,9,610000,ОЭС СИБИРИ,24025,24129
2026-06-19 10:00,2026-06-19,10,610000,ОЭС СИБИРИ,24154,24252
2026-06-19 11:00,2026-06-19,11,610000,ОЭС СИБИРИ,24036,24222
2026-06-19 12:00,2026-06-19,12,610000,ОЭС СИБИРИ,24394,24334
2026-06-19 13:00,2026-06-19,13,610000,ОЭС СИБИРИ,23912,24039
2026-06-19 14:00,2026-06-19,14,610000,ОЭС СИБИРИ,24237,24216
2026-06-19 15:00,2026-06-19,15,610000,ОЭС СИБИРИ,24016,23918
2026-06-19 16:00,2026-06-19,16,610000,ОЭС СИБИРИ,23984,23827
2026-06-19 17:00,2026-06-19,17,610000,ОЭС СИБИРИ,23894,23834
2026-06-19 18:00,2026-06-19,18,610000,ОЭС СИБИРИ,24227,24104
2026-06-19 19:00,2026-06-19,19,610000,ОЭС СИБИРИ,23762,23678
2026-06-19 20:00,2026-06-19,20,610000,ОЭС СИБИРИ,23115,22805
2026-06-19 21:00,2026-06-19,21,610000,ОЭС СИБИРИ,22594,22158
2026-06-19 22:00,2026-06-19,22,610000,ОЭС СИБИРИ,22610,21915
2026-06-19 23:00,2026-06-19,23,610000,ОЭС СИБИРИ,22336,21660
2026-06-20 00:00,2026-06-20,0,610000,ОЭС СИБИРИ,22375,21388
2026-06-20 01:00,2026-06-20,1,610000,ОЭС СИБИРИ,22333,21430
2026-06-20 02:00,2026-06-20,2,610000,ОЭС СИБИРИ,22754,21752
2026-06-20 03:00,2026-06-20,3,610000,ОЭС СИБИРИ,22625,21999
2026-06-20 04:00,2026-06-20,4,610000,ОЭС СИБИРИ,23407,22786
2026-06-20 05:00,2026-06-20,5,610000,ОЭС СИБИРИ,23981,23636
2026-06-20 06:00,2026-06-20,6,610000,ОЭС СИБИРИ,24196,24172
2026-06-20 07:00,2026-06-20,7,610000,ОЭС СИБИРИ,24310,24372
2026-06-20 08:00,2026-06-20,8,610000,ОЭС СИБИРИ,24745,24603
2026-06-20 09:00,2026-06-20,9,610000,ОЭС СИБИРИ,24747,24311
2026-06-20 10:00,2026-06-20,10,610000,ОЭС СИБИРИ,24688,24331
2026-06-20 11:00,2026-06-20,11,610000,ОЭС СИБИРИ,24549,24158
2026-06-20 12:00,2026-06-20,12,610000,ОЭС СИБИРИ,24673,24341
2026-06-20 13:00,2026-06-20,13,610000,ОЭС СИБИРИ,24623,24293
2026-06-20 14:00,2026-06-20,14,610000,ОЭС СИБИРИ,24559,24213
2026-06-20 15:00,2026-06-20,15,610000,ОЭС СИБИРИ,24674,24361
2026-06-20 16:00,2026-06-20,16,610000,ОЭС СИБИРИ,24673,24122
2026-06-20 17:00,2026-06-20,17,610000,ОЭС СИБИРИ,24799,24179
2026-06-20 18:00,2026-06-20,18,610000,ОЭС СИБИРИ,24525,23975
2026-06-20 19:00,2026-06-20,19,610000,ОЭС СИБИРИ,24286,23652
2026-06-20 20:00,2026-06-20,20,610000,ОЭС СИБИРИ,23541,22841
2026-06-20 21:00,2026-06-20,21,610000,ОЭС СИБИРИ,23065,22177
2026-06-20 22:00,2026-06-20,22,610000,ОЭС СИБИРИ,22775,21725
2026-06-20 23:00,2026-06-20,23,610000,ОЭС СИБИРИ,22683,21571
2026-06-21 00:00,2026-06-21,0,610000,ОЭС СИБИРИ,22453,21434
2026-06-21 01:00,2026-06-21,1,610000,ОЭС СИБИРИ,22341,21214
2026-06-21 02:00,2026-06-21,2,610000,ОЭС СИБИРИ,22794,21796
2026-06-21 03:00,2026-06-21,3,610000,ОЭС СИБИРИ,22847,22068
2026-06-21 04:00,2026-06-21,4,610000,ОЭС СИБИРИ,23536,22840
2026-06-21 05:00,2026-06-21,5,610000,ОЭС СИБИРИ,23973,23554
2026-06-21 06:00,2026-06-21,6,610000,ОЭС СИБИРИ,24308,24025
2026-06-21 07:00,2026-06-21,7,610000,ОЭС СИБИРИ,24492,24383
2026-06-21 08:00,2026-06-21,8,610000,ОЭС СИБИРИ,24692,24799
2026-06-21 09:00,2026-06-21,9,610000,ОЭС СИБИРИ,24834,24731
2026-06-21 10:00,2026-06-21,10,610000,ОЭС СИБИРИ,24798,24687
2026-06-21 11:00,2026-06-21,11,610000,ОЭС СИБИРИ,24532,24612
2026-06-21 12:00,2026-06-21,12,610000,ОЭС СИБИРИ,24701,24569
2026-06-21 13:00,2026-06-21,13,610000,ОЭС СИБИРИ,24786,24615
2026-06-21 14:00,2026-06-21,14,610000,ОЭС СИБИРИ,24385,24431
2026-06-21 15:00,2026-06-21,15,610000,ОЭС СИБИРИ,24836,24756
2026-06-21 16:00,2026-06-21,16,610000,ОЭС СИБИРИ,24904,24497
2026-06-21 17:00,2026-06-21,17,610000,ОЭС СИБИРИ,24778,24492
2026-06-21 18:00,2026-06-21,18,610000,ОЭС СИБИРИ,24528,24277
2026-06-21 19:00,2026-06-21,19,610000,ОЭС СИБИРИ,24045,23699
2026-06-21 20:00,2026-06-21,20,610000,ОЭС СИБИРИ,23484,22814
2026-06-21 21:00,2026-06-21,21,610000,ОЭС СИБИРИ,23149,22312
2026-06-21 22:00,2026-06-21,22,610000,ОЭС СИБИРИ,22877,21974
2026-06-21 23:00,2026-06-21,23,610000,ОЭС СИБИРИ,22694,21759
2026-06-22 00:00,2026-06-22,0,610000,ОЭС СИБИРИ,22568,21608
2026-06-22 01:00,2026-06-22,1,610000,ОЭС СИБИРИ,22259,21449
2026-06-22 02:00,2026-06-22,2,610000,ОЭС СИБИРИ,22987,22037
2026-06-22 03:00,2026-06-22,3,610000,ОЭС СИБИРИ,23323,22823
2026-06-22 04:00,2026-06-22,4,610000,ОЭС СИБИРИ,23705,23133
2026-06-22 05:00,2026-06-22,5,610000,ОЭС СИБИРИ,24434,23987
2026-06-22 06:00,2026-06-22,6,610000,ОЭС СИБИРИ,24832,24502
2026-06-22 07:00,2026-06-22,7,610000,ОЭС СИБИРИ,24892,24527
2026-06-22 08:00,2026-06-22,8,610000,ОЭС СИБИРИ,24901,24562
2026-06-22 09:00,2026-06-22,9,610000,ОЭС СИБИРИ,24932,24578
2026-06-22 10:00,2026-06-22,10,610000,ОЭС СИБИРИ,24962,24760
2026-06-22 11:00,2026-06-22,11,610000,ОЭС СИБИРИ,24625,24465
2026-06-22 12:00,2026-06-22,12,610000,ОЭС СИБИРИ,24569,24293
2026-06-22 13:00,2026-06-22,13,610000,ОЭС СИБИРИ,24825,24397
2026-06-22 14:00,2026-06-22,14,610000,ОЭС СИБИРИ,23912,24313
2026-06-22 15:00,2026-06-22,15,610000,ОЭС СИБИРИ,24615,24481
2026-06-22 16:00,2026-06-22,16,610000,ОЭС СИБИРИ,24528,24016
2026-06-22 17:00,2026-06-22,17,610000,ОЭС СИБИРИ,24748,24240
2026-06-22 18:00,2026-06-22,18,610000,ОЭС СИБИРИ,24795,24277
2026-06-22 19:00,2026-06-22,19,610000,ОЭС СИБИРИ,24283,23573
2026-06-22 20:00,2026-06-22,20,610000,ОЭС СИБИРИ,23369,22621
2026-06-22 21:00,2026-06-22,21,610000,ОЭС СИБИРИ,23032,22087
2026-06-22 22:00,2026-06-22,22,610000,ОЭС СИБИРИ,22748,21886
2026-06-22 23:00,2026-06-22,23,610000,ОЭС СИБИРИ,22703,21570
2026-06-23 00:00,2026-06-23,0,610000,ОЭС СИБИРИ,22322,21443
2026-06-23 01:00,2026-06-23,1,610000,ОЭС СИБИРИ,22379,21423
2026-06-23 02:00,2026-06-23,2,610000,ОЭС СИБИРИ,22722,21864
2026-06-23 03:00,2026-06-23,3,610000,ОЭС СИБИРИ,23051,22554
2026-06-23 04:00,2026-06-23,4,610000,ОЭС СИБИРИ,23592,22872
2026-06-23 05:00,2026-06-23,5,610000,ОЭС СИБИРИ,24151,23467
2026-06-23 06:00,2026-06-23,6,610000,ОЭС СИБИРИ,24312,23854
2026-06-23 07:00,2026-06-23,7,610000,ОЭС СИБИРИ,24081,23869
2026-06-23 08:00,2026-06-23,8,610000,ОЭС СИБИРИ,23868,23590
2026-06-23 09:00,2026-06-23,9,610000,ОЭС СИБИРИ,23951,23901
2026-06-23 10:00,2026-06-23,10,610000,ОЭС СИБИРИ,24146,23923
2026-06-23 11:00,2026-06-23,11,610000,ОЭС СИБИРИ,24169,23960
2026-06-23 12:00,2026-06-23,12,610000,ОЭС СИБИРИ,24176,23808
2026-06-23 13:00,2026-06-23,13,610000,ОЭС СИБИРИ,24036,23869
2026-06-23 14:00,2026-06-23,14,610000,ОЭС СИБИРИ,24266,24020
2026-06-23 15:00,2026-06-23,15,610000,ОЭС СИБИРИ,24251,23967
2026-06-23 16:00,2026-06-23,16,610000,ОЭС СИБИРИ,24031,23505
2026-06-23 17:00,2026-06-23,17,610000,ОЭС СИБИРИ,24000,23518
2026-06-23 18:00,2026-06-23,18,610000,ОЭС СИБИРИ,24780,24170
2026-06-23 19:00,2026-06-23,19,610000,ОЭС СИБИРИ,24053,23453
2026-06-23 20:00,2026-06-23,20,610000,ОЭС СИБИРИ,22927,22420
2026-06-23 21:00,2026-06-23,21,610000,ОЭС СИБИРИ,22676,21855
2026-06-23 22:00,2026-06-23,22,610000,ОЭС СИБИРИ,22568,21538
2026-06-23 23:00,2026-06-23,23,610000,ОЭС СИБИРИ,22163,21273
2026-06-24 00:00,2026-06-24,0,610000,ОЭС СИБИРИ,21723,21009
2026-06-24 01:00,2026-06-24,1,610000,ОЭС СИБИРИ,21754,21314
2026-06-24 02:00,2026-06-24,2,610000,ОЭС СИБИРИ,22326,21641
2026-06-24 03:00,2026-06-24,3,610000,ОЭС СИБИРИ,23107,22378
2026-06-24 04:00,2026-06-24,4,610000,ОЭС СИБИРИ,23187,22615
2026-06-24 05:00,2026-06-24,5,610000,ОЭС СИБИРИ,23484,23341
2026-06-24 06:00,2026-06-24,6,610000,ОЭС СИБИРИ,24335,23888
2026-06-24 07:00,2026-06-24,7,610000,ОЭС СИБИРИ,24304,23986
2026-06-24 08:00,2026-06-24,8,610000,ОЭС СИБИРИ,24222,24077
2026-06-24 09:00,2026-06-24,9,610000,ОЭС СИБИРИ,24280,24064
2026-06-24 10:00,2026-06-24,10,610000,ОЭС СИБИРИ,24187,24063
2026-06-24 11:00,2026-06-24,11,610000,ОЭС СИБИРИ,24277,24125
2026-06-24 12:00,2026-06-24,12,610000,ОЭС СИБИРИ,24212,24215
2026-06-24 13:00,2026-06-24,13,610000,ОЭС СИБИРИ,24068,23880
2026-06-24 14:00,2026-06-24,14,610000,ОЭС СИБИРИ,24129,23799
2026-06-24 15:00,2026-06-24,15,610000,ОЭС СИБИРИ,24083,23728
2026-06-24 16:00,2026-06-24,16,610000,ОЭС СИБИРИ,23866,23574
2026-06-24 17:00,2026-06-24,17,610000,ОЭС СИБИРИ,24289,23684
2026-06-24 18:00,2026-06-24,18,610000,ОЭС СИБИРИ,24592,23928
2026-06-24 19:00,2026-06-24,19,610000,ОЭС СИБИРИ,24167,23476
2026-06-24 20:00,2026-06-24,20,610000,ОЭС СИБИРИ,23331,22511
2026-06-24 21:00,2026-06-24,21,610000,ОЭС СИБИРИ,22977,21939
2026-06-24 22:00,2026-06-24,22,610000,ОЭС СИБИРИ,22487,21485
2026-06-24 23:00,2026-06-24,23,610000,ОЭС СИБИРИ,22532,21305
2026-06-25 00:00,2026-06-25,0,610000,ОЭС СИБИРИ,22357,21211
2026-06-25 01:00,2026-06-25,1,610000,ОЭС СИБИРИ,22211,21058
2026-06-25 02:00,2026-06-25,2,610000,ОЭС СИБИРИ,22679,21593
2026-06-25 03:00,2026-06-25,3,610000,ОЭС СИБИРИ,23167,22337
2026-06-25 04:00,2026-06-25,4,610000,ОЭС СИБИРИ,23449,22779
2026-06-25 05:00,2026-06-25,5,610000,ОЭС СИБИРИ,24055,23624
2026-06-25 06:00,2026-06-25,6,610000,ОЭС СИБИРИ,24172,23998
2026-06-25 07:00,2026-06-25,7,610000,ОЭС СИБИРИ,24372,24148
2026-06-25 08:00,2026-06-25,8,610000,ОЭС СИБИРИ,24540,24099
2026-06-25 09:00,2026-06-25,9,610000,ОЭС СИБИРИ,24555,24120
2026-06-25 10:00,2026-06-25,10,610000,ОЭС СИБИРИ,24512,24108
2026-06-25 11:00,2026-06-25,11,610000,ОЭС СИБИРИ,24540,24235
2026-06-25 12:00,2026-06-25,12,610000,ОЭС СИБИРИ,24669,24150
2026-06-25 13:00,2026-06-25,13,610000,ОЭС СИБИРИ,24461,23905
2026-06-25 14:00,2026-06-25,14,610000,ОЭС СИБИРИ,24211,23834
2026-06-25 15:00,2026-06-25,15,610000,ОЭС СИБИРИ,24272,23784
2026-06-25 16:00,2026-06-25,16,610000,ОЭС СИБИРИ,23975,23715
2026-06-25 17:00,2026-06-25,17,610000,ОЭС СИБИРИ,23969,23699
2026-06-25 18:00,2026-06-25,18,610000,ОЭС СИБИРИ,24445,23958
2026-06-25 19:00,2026-06-25,19,610000,ОЭС СИБИРИ,23884,23247
2026-06-25 20:00,2026-06-25,20,610000,ОЭС СИБИРИ,23204,22453
2026-06-25 21:00,2026-06-25,21,610000,ОЭС СИБИРИ,22626,21798
2026-06-25 22:00,2026-06-25,22,610000,ОЭС СИБИРИ,22445,21323
2026-06-25 23:00,2026-06-25,23,610000,ОЭС СИБИРИ,22228,21233
2026-06-26 00:00,2026-06-26,0,610000,ОЭС СИБИРИ,22096,21133
2026-06-26 01:00,2026-06-26,1,610000,ОЭС СИБИРИ,22182,21218
2026-06-26 02:00,2026-06-26,2,610000,ОЭС СИБИРИ,21610,21516
2026-06-26 03:00,2026-06-26,3,610000,ОЭС СИБИРИ,21813,22220
2026-06-26 04:00,2026-06-26,4,610000,ОЭС СИБИРИ,21796,22324
2026-06-26 05:00,2026-06-26,5,610000,ОЭС СИБИРИ,23029,23345
2026-06-26 06:00,2026-06-26,6,610000,ОЭС СИБИРИ,23176,23669
2026-06-26 07:00,2026-06-26,7,610000,ОЭС СИБИРИ,23341,23799
2026-06-26 08:00,2026-06-26,8,610000,ОЭС СИБИРИ,23232,23739
2026-06-26 09:00,2026-06-26,9,610000,ОЭС СИБИРИ,23494,23822
2026-06-26 10:00,2026-06-26,10,610000,ОЭС СИБИРИ,23385,23810
2026-06-26 11:00,2026-06-26,11,610000,ОЭС СИБИРИ,23368,23748
2026-06-26 12:00,2026-06-26,12,610000,ОЭС СИБИРИ,23532,23683
2026-06-26 13:00,2026-06-26,13,610000,ОЭС СИБИРИ,23462,23264
2026-06-26 14:00,2026-06-26,14,610000,ОЭС СИБИРИ,23863,23763
2026-06-26 15:00,2026-06-26,15,610000,ОЭС СИБИРИ,23924,23748
2026-06-26 16:00,2026-06-26,16,610000,ОЭС СИБИРИ,23512,23223
2026-06-26 17:00,2026-06-26,17,610000,ОЭС СИБИРИ,23529,23186
2026-06-26 18:00,2026-06-26,18,610000,ОЭС СИБИРИ,23988,23527
2026-06-26 19:00,2026-06-26,19,610000,ОЭС СИБИРИ,23574,23120
2026-06-26 20:00,2026-06-26,20,610000,ОЭС СИБИРИ,22742,22185
2026-06-26 21:00,2026-06-26,21,610000,ОЭС СИБИРИ,22694,21866
2026-06-26 22:00,2026-06-26,22,610000,ОЭС СИБИРИ,22430,21539
2026-06-26 23:00,2026-06-26,23,610000,ОЭС СИБИРИ,21940,21097
2026-06-27 00:00,2026-06-27,0,610000,ОЭС СИБИРИ,21959,21011
2026-06-27 01:00,2026-06-27,1,610000,ОЭС СИБИРИ,21980,21082
2026-06-27 02:00,2026-06-27,2,610000,ОЭС СИБИРИ,21956,21236
2026-06-27 03:00,2026-06-27,3,610000,ОЭС СИБИРИ,22244,21529
2026-06-27 04:00,2026-06-27,4,610000,ОЭС СИБИРИ,23093,22435
2026-06-27 05:00,2026-06-27,5,610000,ОЭС СИБИРИ,23726,23318
2026-06-27 06:00,2026-06-27,6,610000,ОЭС СИБИРИ,24081,23722
2026-06-27 07:00,2026-06-27,7,610000,ОЭС СИБИРИ,24313,23989
2026-06-27 08:00,2026-06-27,8,610000,ОЭС СИБИРИ,23995,23746
2026-06-27 09:00,2026-06-27,9,610000,ОЭС СИБИРИ,24289,24060
2026-06-27 10:00,2026-06-27,10,610000,ОЭС СИБИРИ,24294,24083
2026-06-27 11:00,2026-06-27,11,610000,ОЭС СИБИРИ,24170,23958
2026-06-27 12:00,2026-06-27,12,610000,ОЭС СИБИРИ,23831,23657
2026-06-27 13:00,2026-06-27,13,610000,ОЭС СИБИРИ,24187,23831
2026-06-27 14:00,2026-06-27,14,610000,ОЭС СИБИРИ,23851,23805
2026-06-27 15:00,2026-06-27,15,610000,ОЭС СИБИРИ,24256,23939
2026-06-27 16:00,2026-06-27,16,610000,ОЭС СИБИРИ,23817,23492
2026-06-27 17:00,2026-06-27,17,610000,ОЭС СИБИРИ,24071,23658
2026-06-27 18:00,2026-06-27,18,610000,ОЭС СИБИРИ,24053,23525
2026-06-27 19:00,2026-06-27,19,610000,ОЭС СИБИРИ,23412,23047
2026-06-27 20:00,2026-06-27,20,610000,ОЭС СИБИРИ,22868,22330
2026-06-27 21:00,2026-06-27,21,610000,ОЭС СИБИРИ,22360,21782
2026-06-27 22:00,2026-06-27,22,610000,ОЭС СИБИРИ,21837,21182
2026-06-27 23:00,2026-06-27,23,610000,ОЭС СИБИРИ,21774,20963
2026-06-28 00:00,2026-06-28,0,610000,ОЭС СИБИРИ,21583,20877
2026-06-28 01:00,2026-06-28,1,610000,ОЭС СИБИРИ,21533,20845
2026-06-28 02:00,2026-06-28,2,610000,ОЭС СИБИРИ,21822,21052
2026-06-28 03:00,2026-06-28,3,610000,ОЭС СИБИРИ,21923,21273
2026-06-28 04:00,2026-06-28,4,610000,ОЭС СИБИРИ,22419,21845
2026-06-28 05:00,2026-06-28,5,610000,ОЭС СИБИРИ,23482,22987
2026-06-28 06:00,2026-06-28,6,610000,ОЭС СИБИРИ,24032,23557
2026-06-28 07:00,2026-06-28,7,610000,ОЭС СИБИРИ,23642,23720
2026-06-28 08:00,2026-06-28,8,610000,ОЭС СИБИРИ,23974,23720
2026-06-28 09:00,2026-06-28,9,610000,ОЭС СИБИРИ,24317,24012
2026-06-28 10:00,2026-06-28,10,610000,ОЭС СИБИРИ,24300,23975
2026-06-28 11:00,2026-06-28,11,610000,ОЭС СИБИРИ,24130,24075
2026-06-28 12:00,2026-06-28,12,610000,ОЭС СИБИРИ,23928,23745
2026-06-28 13:00,2026-06-28,13,610000,ОЭС СИБИРИ,24431,23965
2026-06-28 14:00,2026-06-28,14,610000,ОЭС СИБИРИ,24285,24000
2026-06-28 15:00,2026-06-28,15,610000,ОЭС СИБИРИ,24040,24059
2026-06-28 16:00,2026-06-28,16,610000,ОЭС СИБИРИ,24122,23729
2026-06-28 17:00,2026-06-28,17,610000,ОЭС СИБИРИ,24270,23967
2026-06-28 18:00,2026-06-28,18,610000,ОЭС СИБИРИ,23844,23438
2026-06-28 19:00,2026-06-28,19,610000,ОЭС СИБИРИ,23744,23184
2026-06-28 20:00,2026-06-28,20,610000,ОЭС СИБИРИ,22988,22163
2026-06-28 21:00,2026-06-28,21,610000,ОЭС СИБИРИ,22796,21906
2026-06-28 22:00,2026-06-28,22,610000,ОЭС СИБИРИ,22304,21496
2026-06-28 23:00,2026-06-28,23,610000,ОЭС СИБИРИ,22154,21238
2026-06-29 00:00,2026-06-29,0,610000,ОЭС СИБИРИ,21905,21072
2026-06-29 01:00,2026-06-29,1,610000,ОЭС СИБИРИ,21780,21090
2026-06-29 02:00,2026-06-29,2,610000,ОЭС СИБИРИ,22449,21526
2026-06-29 03:00,2026-06-29,3,610000,ОЭС СИБИРИ,23037,22418
2026-06-29 04:00,2026-06-29,4,610000,ОЭС СИБИРИ,23251,22638
2026-06-29 05:00,2026-06-29,5,610000,ОЭС СИБИРИ,23892,23647
2026-06-29 06:00,2026-06-29,6,610000,ОЭС СИБИРИ,24355,24195
2026-06-29 07:00,2026-06-29,7,610000,ОЭС СИБИРИ,24351,24408
2026-06-29 08:00,2026-06-29,8,610000,ОЭС СИБИРИ,24327,24445
2026-06-29 09:00,2026-06-29,9,610000,ОЭС СИБИРИ,24659,24662
2026-06-29 10:00,2026-06-29,10,610000,ОЭС СИБИРИ,24524,24564
2026-06-29 11:00,2026-06-29,11,610000,ОЭС СИБИРИ,24529,24490
2026-06-29 12:00,2026-06-29,12,610000,ОЭС СИБИРИ,24608,24567
2026-06-29 13:00,2026-06-29,13,610000,ОЭС СИБИРИ,24105,24064
2026-06-29 14:00,2026-06-29,14,610000,ОЭС СИБИРИ,24195,23951
2026-06-29 15:00,2026-06-29,15,610000,ОЭС СИБИРИ,24048,24011
2026-06-29 16:00,2026-06-29,16,610000,ОЭС СИБИРИ,24355,23887
2026-06-29 17:00,2026-06-29,17,610000,ОЭС СИБИРИ,24173,23813
2026-06-29 18:00,2026-06-29,18,610000,ОЭС СИБИРИ,24297,23998
2026-06-29 19:00,2026-06-29,19,610000,ОЭС СИБИРИ,23593,23330
2026-06-29 20:00,2026-06-29,20,610000,ОЭС СИБИРИ,23102,22365
2026-06-29 21:00,2026-06-29,21,610000,ОЭС СИБИРИ,22812,21861
2026-06-29 22:00,2026-06-29,22,610000,ОЭС СИБИРИ,22417,21425
2026-06-29 23:00,2026-06-29,23,610000,ОЭС СИБИРИ,22516,21400
2026-06-30 00:00,2026-06-30,0,610000,ОЭС СИБИРИ,22120,21032
2026-06-30 01:00,2026-06-30,1,610000,ОЭС СИБИРИ,22140,21165
2026-06-30 02:00,2026-06-30,2,610000,ОЭС СИБИРИ,22355,21375
2026-06-30 03:00,2026-06-30,3,610000,ОЭС СИБИРИ,22832,22232
2026-06-30 04:00,2026-06-30,4,610000,ОЭС СИБИРИ,22912,22505
2026-06-30 05:00,2026-06-30,5,610000,ОЭС СИБИРИ,23614,23248
2026-06-30 06:00,2026-06-30,6,610000,ОЭС СИБИРИ,24002,23635
2026-06-30 07:00,2026-06-30,7,610000,ОЭС СИБИРИ,23473,23837
2026-06-30 08:00,2026-06-30,8,610000,ОЭС СИБИРИ,23390,23812
2026-06-30 09:00,2026-06-30,9,610000,ОЭС СИБИРИ,24153,23827
2026-06-30 10:00,2026-06-30,10,610000,ОЭС СИБИРИ,24197,23853
2026-06-30 11:00,2026-06-30,11,610000,ОЭС СИБИРИ,24120,23773
2026-06-30 12:00,2026-06-30,12,610000,ОЭС СИБИРИ,24463,23987
2026-06-30 13:00,2026-06-30,13,610000,ОЭС СИБИРИ,24355,23841
2026-06-30 14:00,2026-06-30,14,610000,ОЭС СИБИРИ,24000,23738
2026-06-30 15:00,2026-06-30,15,610000,ОЭС СИБИРИ,24137,23739
2026-06-30 16:00,2026-06-30,16,610000,ОЭС СИБИРИ,23835,23423
2026-06-30 17:00,2026-06-30,17,610000,ОЭС СИБИРИ,24129,23622
2026-06-30 18:00,2026-06-30,18,610000,ОЭС СИБИРИ,24214,23848
2026-06-30 19:00,2026-06-30,19,610000,ОЭС СИБИРИ,23584,23192
2026-06-30 20:00,2026-06-30,20,610000,ОЭС СИБИРИ,23227,22371
2026-06-30 21:00,2026-06-30,21,610000,ОЭС СИБИРИ,22364,21672
2026-06-30 22:00,2026-06-30,22,610000,ОЭС СИБИРИ,21472,21115
2026-06-30 23:00,2026-06-30,23,610000,ОЭС СИБИРИ,21586,21147
2026-07-01 00:00,2026-07-01,0,610000,ОЭС СИБИРИ,21546,20896
2026-07-01 01:00,2026-07-01,1,610000,ОЭС СИБИРИ,21504,20955
2026-07-01 02:00,2026-07-01,2,610000,ОЭС СИБИРИ,21899,21348
2026-07-01 03:00,2026-07-01,3,610000,ОЭС СИБИРИ,22382,21942
2026-07-01 04:00,2026-07-01,4,610000,ОЭС СИБИРИ,22361,22307
2026-07-01 05:00,2026-07-01,5,610000,ОЭС СИБИРИ,23725,23349
2026-07-01 06:00,2026-07-01,6,610000,ОЭС СИБИРИ,24067,23827
2026-07-01 07:00,2026-07-01,7,610000,ОЭС СИБИРИ,24214,23964
2026-07-01 08:00,2026-07-01,8,610000,ОЭС СИБИРИ,24198,24055
2026-07-01 09:00,2026-07-01,9,610000,ОЭС СИБИРИ,23880,23846
2026-07-01 10:00,2026-07-01,10,610000,ОЭС СИБИРИ,24005,24045
2026-07-01 11:00,2026-07-01,11,610000,ОЭС СИБИРИ,24056,24019
2026-07-01 12:00,2026-07-01,12,610000,ОЭС СИБИРИ,23963,23737
2026-07-01 13:00,2026-07-01,13,610000,ОЭС СИБИРИ,23845,23738
2026-07-01 14:00,2026-07-01,14,610000,ОЭС СИБИРИ,23846,23747
2026-07-01 15:00,2026-07-01,15,610000,ОЭС СИБИРИ,23245,23500
2026-07-01 16:00,2026-07-01,16,610000,ОЭС СИБИРИ,23702,23307
2026-07-01 17:00,2026-07-01,17,610000,ОЭС СИБИРИ,23691,23272
2026-07-01 18:00,2026-07-01,18,610000,ОЭС СИБИРИ,24320,23828
2026-07-01 19:00,2026-07-01,19,610000,ОЭС СИБИРИ,23659,23186
2026-07-01 20:00,2026-07-01,20,610000,ОЭС СИБИРИ,23105,22189
2026-07-01 21:00,2026-07-01,21,610000,ОЭС СИБИРИ,22409,21593
2026-07-01 22:00,2026-07-01,22,610000,ОЭС СИБИРИ,22333,21407
2026-07-01 23:00,2026-07-01,23,610000,ОЭС СИБИРИ,22118,21179
2026-07-02 00:00,2026-07-02,0,610000,ОЭС СИБИРИ,21701,20968
2026-07-02 01:00,2026-07-02,1,610000,ОЭС СИБИРИ,21465,20792
2026-07-02 02:00,2026-07-02,2,610000,ОЭС СИБИРИ,21674,21326
2026-07-02 03:00,2026-07-02,3,610000,ОЭС СИБИРИ,22217,22070
2026-07-02 04:00,2026-07-02,4,610000,ОЭС СИБИРИ,23254,22669
2026-07-02 05:00,2026-07-02,5,610000,ОЭС СИБИРИ,23221,23232
2026-07-02 06:00,2026-07-02,6,610000,ОЭС СИБИРИ,24148,24017
2026-07-02 07:00,2026-07-02,7,610000,ОЭС СИБИРИ,24029,24110
2026-07-02 08:00,2026-07-02,8,610000,ОЭС СИБИРИ,23962,24026
2026-07-02 09:00,2026-07-02,9,610000,ОЭС СИБИРИ,24037,23924
2026-07-02 10:00,2026-07-02,10,610000,ОЭС СИБИРИ,23755,23801
2026-07-02 11:00,2026-07-02,11,610000,ОЭС СИБИРИ,24191,24054
2026-07-02 12:00,2026-07-02,12,610000,ОЭС СИБИРИ,23860,23931
2026-07-02 13:00,2026-07-02,13,610000,ОЭС СИБИРИ,23860,23907
2026-07-02 14:00,2026-07-02,14,610000,ОЭС СИБИРИ,23968,24095
2026-07-02 15:00,2026-07-02,15,610000,ОЭС СИБИРИ,23741,23895
2026-07-02 16:00,2026-07-02,16,610000,ОЭС СИБИРИ,23649,23490
2026-07-02 17:00,2026-07-02,17,610000,ОЭС СИБИРИ,23936,23589
2026-07-02 18:00,2026-07-02,18,610000,ОЭС СИБИРИ,24090,23914
2026-07-02 19:00,2026-07-02,19,610000,ОЭС СИБИРИ,23170,23164
2026-07-02 20:00,2026-07-02,20,610000,ОЭС СИБИРИ,22340,22176
2026-07-02 21:00,2026-07-02,21,610000,ОЭС СИБИРИ,22259,21600
2026-07-02 22:00,2026-07-02,22,610000,ОЭС СИБИРИ,22181,21339
2026-07-02 23:00,2026-07-02,23,610000,ОЭС СИБИРИ,22233,21313
2026-07-03 00:00,2026-07-03,0,610000,ОЭС СИБИРИ,22263,21354
2026-07-03 01:00,2026-07-03,1,610000,ОЭС СИБИРИ,21918,21043
2026-07-03 02:00,2026-07-03,2,610000,ОЭС СИБИРИ,22370,21546
2026-07-03 03:00,2026-07-03,3,610000,ОЭС СИБИРИ,21845,21912
2026-07-03 04:00,2026-07-03,4,610000,ОЭС СИБИРИ,22066,22505
2026-07-03 05:00,2026-07-03,5,610000,ОЭС СИБИРИ,22653,23382
2026-07-03 06:00,2026-07-03,6,610000,ОЭС СИБИРИ,23947,23980
2026-07-03 07:00,2026-07-03,7,610000,ОЭС СИБИРИ,23805,24162
2026-07-03 08:00,2026-07-03,8,610000,ОЭС СИБИРИ,23797,24031
2026-07-03 09:00,2026-07-03,9,610000,ОЭС СИБИРИ,23337,23970
2026-07-03 10:00,2026-07-03,10,610000,ОЭС СИБИРИ,23747,24083
2026-07-03 11:00,2026-07-03,11,610000,ОЭС СИБИРИ,23836,24028
2026-07-03 12:00,2026-07-03,12,610000,ОЭС СИБИРИ,23702,23702
2026-07-03 13:00,2026-07-03,13,610000,ОЭС СИБИРИ,23776,23866
2026-07-03 14:00,2026-07-03,14,610000,ОЭС СИБИРИ,23682,23861
2026-07-03 15:00,2026-07-03,15,610000,ОЭС СИБИРИ,23621,23717
2026-07-03 16:00,2026-07-03,16,610000,ОЭС СИБИРИ,23689,23616
2026-07-03 17:00,2026-07-03,17,610000,ОЭС СИБИРИ,23837,23633
2026-07-03 18:00,2026-07-03,18,610000,ОЭС СИБИРИ,23948,23860
2026-07-03 19:00,2026-07-03,19,610000,ОЭС СИБИРИ,23175,23190
2026-07-03 20:00,2026-07-03,20,610000,ОЭС СИБИРИ,22696,22259
2026-07-03 21:00,2026-07-03,21,610000,ОЭС СИБИРИ,22182,21721
2026-07-03 22:00,2026-07-03,22,610000,ОЭС СИБИРИ,21833,21306
2026-07-03 23:00,2026-07-03,23,610000,ОЭС СИБИРИ,21691,21127
2026-07-04 00:00,2026-07-04,0,610000,ОЭС СИБИРИ,21766,20925
2026-07-04 01:00,2026-07-04,1,610000,ОЭС СИБИРИ,21872,21212
2026-07-04 02:00,2026-07-04,2,610000,ОЭС СИБИРИ,21893,21230
2026-07-04 03:00,2026-07-04,3,610000,ОЭС СИБИРИ,21784,21552
2026-07-04 04:00,2026-07-04,4,610000,ОЭС СИБИРИ,22283,22030
2026-07-04 05:00,2026-07-04,5,610000,ОЭС СИБИРИ,23231,23099
2026-07-04 06:00,2026-07-04,6,610000,ОЭС СИБИРИ,23551,23818
2026-07-04 07:00,2026-07-04,7,610000,ОЭС СИБИРИ,23894,24036
2026-07-04 08:00,2026-07-04,8,610000,ОЭС СИБИРИ,23871,24185
2026-07-04 09:00,2026-07-04,9,610000,ОЭС СИБИРИ,23716,24076
2026-07-04 10:00,2026-07-04,10,610000,ОЭС СИБИРИ,23648,23908
2026-07-04 11:00,2026-07-04,11,610000,ОЭС СИБИРИ,23464,24036
2026-07-04 12:00,2026-07-04,12,610000,ОЭС СИБИРИ,23765,23991
2026-07-04 13:00,2026-07-04,13,610000,ОЭС СИБИРИ,23798,23815
2026-07-04 14:00,2026-07-04,14,610000,ОЭС СИБИРИ,24201,24089
2026-07-04 15:00,2026-07-04,15,610000,ОЭС СИБИРИ,23800,23661
2026-07-04 16:00,2026-07-04,16,610000,ОЭС СИБИРИ,23433,23375
2026-07-04 17:00,2026-07-04,17,610000,ОЭС СИБИРИ,23586,23556
2026-07-04 18:00,2026-07-04,18,610000,ОЭС СИБИРИ,23505,23330
2026-07-04 19:00,2026-07-04,19,610000,ОЭС СИБИРИ,23495,22997
2026-07-04 20:00,2026-07-04,20,610000,ОЭС СИБИРИ,22877,22078
2026-07-04 21:00,2026-07-04,21,610000,ОЭС СИБИРИ,22430,21604
2026-07-04 22:00,2026-07-04,22,610000,ОЭС СИБИРИ,22230,21380
2026-07-04 23:00,2026-07-04,23,610000,ОЭС СИБИРИ,21662,21023
2026-07-05 00:00,2026-07-05,0,610000,ОЭС СИБИРИ,21229,20673
2026-07-05 01:00,2026-07-05,1,610000,ОЭС СИБИРИ,21094,20694
2026-07-05 02:00,2026-07-05,2,610000,ОЭС СИБИРИ,21646,21085
2026-07-05 03:00,2026-07-05,3,610000,ОЭС СИБИРИ,21630,21459
2026-07-05 04:00,2026-07-05,4,610000,ОЭС СИБИРИ,21849,21940
2026-07-05 05:00,2026-07-05,5,610000,ОЭС СИБИРИ,22886,22959
2026-07-05 06:00,2026-07-05,6,610000,ОЭС СИБИРИ,23593,23616
2026-07-05 07:00,2026-07-05,7,610000,ОЭС СИБИРИ,23419,23815
2026-07-05 08:00,2026-07-05,8,610000,ОЭС СИБИРИ,23756,23878
2026-07-05 09:00,2026-07-05,9,610000,ОЭС СИБИРИ,24024,24040
2026-07-05 10:00,2026-07-05,10,610000,ОЭС СИБИРИ,24002,23891
2026-07-05 11:00,2026-07-05,11,610000,ОЭС СИБИРИ,24159,24163
2026-07-05 12:00,2026-07-05,12,610000,ОЭС СИБИРИ,24089,24013
2026-07-05 13:00,2026-07-05,13,610000,ОЭС СИБИРИ,24175,24176
2026-07-05 14:00,2026-07-05,14,610000,ОЭС СИБИРИ,23937,23978
2026-07-05 15:00,2026-07-05,15,610000,ОЭС СИБИРИ,23991,23956
2026-07-05 16:00,2026-07-05,16,610000,ОЭС СИБИРИ,24148,23832
2026-07-05 17:00,2026-07-05,17,610000,ОЭС СИБИРИ,24201,24014
2026-07-05 18:00,2026-07-05,18,610000,ОЭС СИБИРИ,23904,23673
2026-07-05 19:00,2026-07-05,19,610000,ОЭС СИБИРИ,23388,23063
2026-07-05 20:00,2026-07-05,20,610000,ОЭС СИБИРИ,22941,22306
2026-07-05 21:00,2026-07-05,21,610000,ОЭС СИБИРИ,22216,21530
2026-07-05 22:00,2026-07-05,22,610000,ОЭС СИБИРИ,22021,21380
2026-07-05 23:00,2026-07-05,23,610000,ОЭС СИБИРИ,21409,21067
2026-07-06 00:00,2026-07-06,0,610000,ОЭС СИБИРИ,21714,20893
2026-07-06 01:00,2026-07-06,1,610000,ОЭС СИБИРИ,21363,21111
2026-07-06 02:00,2026-07-06,2,610000,ОЭС СИБИРИ,21687,21359
2026-07-06 03:00,2026-07-06,3,610000,ОЭС СИБИРИ,21943,22169
2026-07-06 04:00,2026-07-06,4,610000,ОЭС СИБИРИ,21488,22314
2026-07-06 05:00,2026-07-06,5,610000,ОЭС СИБИРИ,22404,23048
2026-07-06 06:00,2026-07-06,6,610000,ОЭС СИБИРИ,23256,23675
2026-07-06 07:00,2026-07-06,7,610000,ОЭС СИБИРИ,23627,23930
2026-07-06 08:00,2026-07-06,8,610000,ОЭС СИБИРИ,23637,24253
2026-07-06 09:00,2026-07-06,9,610000,ОЭС СИБИРИ,23908,24323
2026-07-06 10:00,2026-07-06,10,610000,ОЭС СИБИРИ,24155,24169
2026-07-06 11:00,2026-07-06,11,610000,ОЭС СИБИРИ,24074,24139
2026-07-06 12:00,2026-07-06,12,610000,ОЭС СИБИРИ,24097,24014
2026-07-06 13:00,2026-07-06,13,610000,ОЭС СИБИРИ,24040,23901
2026-07-06 14:00,2026-07-06,14,610000,ОЭС СИБИРИ,24126,23961
2026-07-06 15:00,2026-07-06,15,610000,ОЭС СИБИРИ,23908,23820
2026-07-06 16:00,2026-07-06,16,610000,ОЭС СИБИРИ,23661,23406
2026-07-06 17:00,2026-07-06,17,610000,ОЭС СИБИРИ,23944,23505
2026-07-06 18:00,2026-07-06,18,610000,ОЭС СИБИРИ,24279,23780
2026-07-06 19:00,2026-07-06,19,610000,ОЭС СИБИРИ,23453,22906
2026-07-06 20:00,2026-07-06,20,610000,ОЭС СИБИРИ,22739,22108
2026-07-06 21:00,2026-07-06,21,610000,ОЭС СИБИРИ,22382,21536
2026-07-06 22:00,2026-07-06,22,610000,ОЭС СИБИРИ,22006,21260
2026-07-06 23:00,2026-07-06,23,610000,ОЭС СИБИРИ,22119,21205
2026-07-07 00:00,2026-07-07,0,610000,ОЭС СИБИРИ,21914,21019
2026-07-07 01:00,2026-07-07,1,610000,ОЭС СИБИРИ,22119,21123
2026-07-07 02:00,2026-07-07,2,610000,ОЭС СИБИРИ,22130,21409
2026-07-07 03:00,2026-07-07,3,610000,ОЭС СИБИРИ,22561,22002
2026-07-07 04:00,2026-07-07,4,610000,ОЭС СИБИРИ,22376,22310
2026-07-07 05:00,2026-07-07,5,610000,ОЭС СИБИРИ,23535,23229
2026-07-07 06:00,2026-07-07,6,610000,ОЭС СИБИРИ,23864,23724
2026-07-07 07:00,2026-07-07,7,610000,ОЭС СИБИРИ,23747,23804
2026-07-07 08:00,2026-07-07,8,610000,ОЭС СИБИРИ,23724,23902
2026-07-07 09:00,2026-07-07,9,610000,ОЭС СИБИРИ,24089,23953
2026-07-07 10:00,2026-07-07,10,610000,ОЭС СИБИРИ,24084,24105
2026-07-07 11:00,2026-07-07,11,610000,ОЭС СИБИРИ,23978,24112
2026-07-07 12:00,2026-07-07,12,610000,ОЭС СИБИРИ,23903,23780
2026-07-07 13:00,2026-07-07,13,610000,ОЭС СИБИРИ,24060,23991
2026-07-07 14:00,2026-07-07,14,610000,ОЭС СИБИРИ,23906,23946
2026-07-07 15:00,2026-07-07,15,610000,ОЭС СИБИРИ,23762,23717
2026-07-07 16:00,2026-07-07,16,610000,ОЭС СИБИРИ,23576,23531
2026-07-07 17:00,2026-07-07,17,610000,ОЭС СИБИРИ,23869,23768
2026-07-07 18:00,2026-07-07,18,610000,ОЭС СИБИРИ,23973,23787
2026-07-07 19:00,2026-07-07,19,610000,ОЭС СИБИРИ,23481,23316
2026-07-07 20:00,2026-07-07,20,610000,ОЭС СИБИРИ,22864,22443
2026-07-07 21:00,2026-07-07,21,610000,ОЭС СИБИРИ,22930,22075
2026-07-07 22:00,2026-07-07,22,610000,ОЭС СИБИРИ,22286,21359
2026-07-07 23:00,2026-07-07,23,610000,ОЭС СИБИРИ,22097,21182
2026-07-08 00:00,2026-07-08,0,610000,ОЭС СИБИРИ,22081,21112
2026-07-08 01:00,2026-07-08,1,610000,ОЭС СИБИРИ,22044,21053
2026-07-08 02:00,2026-07-08,2,610000,ОЭС СИБИРИ,22239,21395
2026-07-08 03:00,2026-07-08,3,610000,ОЭС СИБИРИ,22740,22181
2026-07-08 04:00,2026-07-08,4,610000,ОЭС СИБИРИ,22048,22269
2026-07-08 05:00,2026-07-08,5,610000,ОЭС СИБИРИ,22989,23154
2026-07-08 06:00,2026-07-08,6,610000,ОЭС СИБИРИ,23836,23897
2026-07-08 07:00,2026-07-08,7,610000,ОЭС СИБИРИ,23922,24066
2026-07-08 08:00,2026-07-08,8,610000,ОЭС СИБИРИ,23486,23935
2026-07-08 09:00,2026-07-08,9,610000,ОЭС СИБИРИ,23722,24070
2026-07-08 10:00,2026-07-08,10,610000,ОЭС СИБИРИ,23801,23978
2026-07-08 11:00,2026-07-08,11,610000,ОЭС СИБИРИ,23919,24094
2026-07-08 12:00,2026-07-08,12,610000,ОЭС СИБИРИ,23958,24206
2026-07-08 13:00,2026-07-08,13,610000,ОЭС СИБИРИ,23831,23854
2026-07-08 14:00,2026-07-08,14,610000,ОЭС СИБИРИ,23632,23877
2026-07-08 15:00,2026-07-08,15,610000,ОЭС СИБИРИ,23517,23668
2026-07-08 16:00,2026-07-08,16,610000,ОЭС СИБИРИ,23495,23333
2026-07-08 17:00,2026-07-08,17,610000,ОЭС СИБИРИ,23584,23489
2026-07-08 18:00,2026-07-08,18,610000,ОЭС СИБИРИ,23878,23563
2026-07-08 19:00,2026-07-08,19,610000,ОЭС СИБИРИ,23356,23000
2026-07-08 20:00,2026-07-08,20,610000,ОЭС СИБИРИ,22855,22305
2026-07-08 21:00,2026-07-08,21,610000,ОЭС СИБИРИ,22390,21594
2026-07-08 22:00,2026-07-08,22,610000,ОЭС СИБИРИ,21993,21164
2026-07-08 23:00,2026-07-08,23,610000,ОЭС СИБИРИ,22156,21034
2026-07-09 00:00,2026-07-09,0,610000,ОЭС СИБИРИ,21769,21067
2026-07-09 01:00,2026-07-09,1,610000,ОЭС СИБИРИ,21824,21104
2026-07-09 02:00,2026-07-09,2,610000,ОЭС СИБИРИ,21394,21182
2026-07-09 03:00,2026-07-09,3,610000,ОЭС СИБИРИ,21509,22021
2026-07-09 04:00,2026-07-09,4,610000,ОЭС СИБИРИ,21657,22238
2026-07-09 05:00,2026-07-09,5,610000,ОЭС СИБИРИ,22320,22952
2026-07-09 06:00,2026-07-09,6,610000,ОЭС СИБИРИ,23124,23446
2026-07-09 07:00,2026-07-09,7,610000,ОЭС СИБИРИ,23390,23606
2026-07-09 08:00,2026-07-09,8,610000,ОЭС СИБИРИ,23456,23665
2026-07-09 09:00,2026-07-09,9,610000,ОЭС СИБИРИ,23460,23701
2026-07-09 10:00,2026-07-09,10,610000,ОЭС СИБИРИ,23305,23825
2026-07-09 11:00,2026-07-09,11,610000,ОЭС СИБИРИ,23299,23688
2026-07-09 12:00,2026-07-09,12,610000,ОЭС СИБИРИ,23156,23606
2026-07-09 13:00,2026-07-09,13,610000,ОЭС СИБИРИ,23398,23724
2026-07-09 14:00,2026-07-09,14,610000,ОЭС СИБИРИ,23432,23761
2026-07-09 15:00,2026-07-09,15,610000,ОЭС СИБИРИ,23409,23556
2026-07-09 16:00,2026-07-09,16,610000,ОЭС СИБИРИ,23094,23296
2026-07-09 17:00,2026-07-09,17,610000,ОЭС СИБИРИ,23356,23155
2026-07-09 18:00,2026-07-09,18,610000,ОЭС СИБИРИ,23514,23552
2026-07-09 19:00,2026-07-09,19,610000,ОЭС СИБИРИ,22750,23010
2026-07-09 20:00,2026-07-09,20,610000,ОЭС СИБИРИ,22253,22310
2026-07-09 21:00,2026-07-09,21,610000,ОЭС СИБИРИ,22145,21775
2026-07-09 22:00,2026-07-09,22,610000,ОЭС СИБИРИ,22121,21468
2026-07-09 23:00,2026-07-09,23,610000,ОЭС СИБИРИ,21659,21241
2026-07-10 00:00,2026-07-10,0,610000,ОЭС СИБИРИ,21834,21213
2026-07-10 01:00,2026-07-10,1,610000,ОЭС СИБИРИ,20863,20986
2026-07-10 02:00,2026-07-10,2,610000,ОЭС СИБИРИ,21029,21198
2026-07-10 03:00,2026-07-10,3,610000,ОЭС СИБИРИ,21101,21888
2026-07-10 04:00,2026-07-10,4,610000,ОЭС СИБИРИ,21679,22338
2026-07-10 05:00,2026-07-10,5,610000,ОЭС СИБИРИ,23107,23216
2026-07-10 06:00,2026-07-10,6,610000,ОЭС СИБИРИ,23216,23684
2026-07-10 07:00,2026-07-10,7,610000,ОЭС СИБИРИ,23258,23955
2026-07-10 08:00,2026-07-10,8,610000,ОЭС СИБИРИ,23487,23837
2026-07-10 09:00,2026-07-10,9,610000,ОЭС СИБИРИ,23375,23785
2026-07-10 10:00,2026-07-10,10,610000,ОЭС СИБИРИ,23779,23934
2026-07-10 11:00,2026-07-10,11,610000,ОЭС СИБИРИ,23717,23855
2026-07-10 12:00,2026-07-10,12,610000,ОЭС СИБИРИ,23736,23727
2026-07-10 13:00,2026-07-10,13,610000,ОЭС СИБИРИ,23917,23656
2026-07-10 14:00,2026-07-10,14,610000,ОЭС СИБИРИ,23683,23723
2026-07-10 15:00,2026-07-10,15,610000,ОЭС СИБИРИ,23538,23635
2026-07-10 16:00,2026-07-10,16,610000,ОЭС СИБИРИ,23474,23341
2026-07-10 17:00,2026-07-10,17,610000,ОЭС СИБИРИ,23539,23502
2026-07-10 18:00,2026-07-10,18,610000,ОЭС СИБИРИ,23762,23736
2026-07-10 19:00,2026-07-10,19,610000,ОЭС СИБИРИ,23239,23355
2026-07-10 20:00,2026-07-10,20,610000,ОЭС СИБИРИ,22572,22418
2026-07-10 21:00,2026-07-10,21,610000,ОЭС СИБИРИ,21980,21982
2026-07-10 22:00,2026-07-10,22,610000,ОЭС СИБИРИ,21713,21695
2026-07-10 23:00,2026-07-10,23,610000,ОЭС СИБИРИ,21532,21326
2026-07-11 00:00,2026-07-11,0,610000,ОЭС СИБИРИ,21458,21157
2026-07-11 01:00,2026-07-11,1,610000,ОЭС СИБИРИ,21522,21169
2026-07-11 02:00,2026-07-11,2,610000,ОЭС СИБИРИ,21339,21159
2026-07-11 03:00,2026-07-11,3,610000,ОЭС СИБИРИ,21399,21459
2026-07-11 04:00,2026-07-11,4,610000,ОЭС СИБИРИ,21813,22052
2026-07-11 05:00,2026-07-11,5,610000,ОЭС СИБИРИ,22383,22941
2026-07-11 06:00,2026-07-11,6,610000,ОЭС СИБИРИ,22918,23433
2026-07-11 07:00,2026-07-11,7,610000,ОЭС СИБИРИ,22972,23746
2026-07-11 08:00,2026-07-11,8,610000,ОЭС СИБИРИ,23167,23650
2026-07-11 09:00,2026-07-11,9,610000,ОЭС СИБИРИ,22924,23650
2026-07-11 10:00,2026-07-11,10,610000,ОЭС СИБИРИ,23050,23692
2026-07-11 11:00,2026-07-11,11,610000,ОЭС СИБИРИ,22986,23779
2026-07-11 12:00,2026-07-11,12,610000,ОЭС СИБИРИ,23108,23516
2026-07-11 13:00,2026-07-11,13,610000,ОЭС СИБИРИ,22797,23418
2026-07-11 14:00,2026-07-11,14,610000,ОЭС СИБИРИ,22732,23597
2026-07-11 15:00,2026-07-11,15,610000,ОЭС СИБИРИ,22959,23491
2026-07-11 16:00,2026-07-11,16,610000,ОЭС СИБИРИ,23136,23326
2026-07-11 17:00,2026-07-11,17,610000,ОЭС СИБИРИ,23241,23542
2026-07-11 18:00,2026-07-11,18,610000,ОЭС СИБИРИ,22933,23284
2026-07-11 19:00,2026-07-11,19,610000,ОЭС СИБИРИ,22694,22844
2026-07-11 20:00,2026-07-11,20,610000,ОЭС СИБИРИ,22269,22149
2026-07-11 21:00,2026-07-11,21,610000,ОЭС СИБИРИ,22340,21871
2026-07-11 22:00,2026-07-11,22,610000,ОЭС СИБИРИ,21771,21369
2026-07-11 23:00,2026-07-11,23,610000,ОЭС СИБИРИ,21684,21276
2026-07-12 00:00,2026-07-12,0,610000,ОЭС СИБИРИ,20988,21013
2026-07-12 01:00,2026-07-12,1,610000,ОЭС СИБИРИ,21206,20916
2026-07-12 02:00,2026-07-12,2,610000,ОЭС СИБИРИ,21374,21110
2026-07-12 03:00,2026-07-12,3,610000,ОЭС СИБИРИ,21330,21378
2026-07-12 04:00,2026-07-12,4,610000,ОЭС СИБИРИ,21654,21942
2026-07-12 05:00,2026-07-12,5,610000,ОЭС СИБИРИ,22733,22745
2026-07-12 06:00,2026-07-12,6,610000,ОЭС СИБИРИ,23530,23641
2026-07-12 07:00,2026-07-12,7,610000,ОЭС СИБИРИ,23565,23835
2026-07-12 08:00,2026-07-12,8,610000,ОЭС СИБИРИ,23646,23807
2026-07-12 09:00,2026-07-12,9,610000,ОЭС СИБИРИ,23996,24092
2026-07-12 10:00,2026-07-12,10,610000,ОЭС СИБИРИ,23781,23857
2026-07-12 11:00,2026-07-12,11,610000,ОЭС СИБИРИ,23831,23801
2026-07-12 12:00,2026-07-12,12,610000,ОЭС СИБИРИ,23734,23865
2026-07-12 13:00,2026-07-12,13,610000,ОЭС СИБИРИ,23511,23721
2026-07-12 14:00,2026-07-12,14,610000,ОЭС СИБИРИ,23882,23836
2026-07-12 15:00,2026-07-12,15,610000,ОЭС СИБИРИ,23626,23838
2026-07-12 16:00,2026-07-12,16,610000,ОЭС СИБИРИ,23588,23655
2026-07-12 17:00,2026-07-12,17,610000,ОЭС СИБИРИ,23719,23759
2026-07-12 18:00,2026-07-12,18,610000,ОЭС СИБИРИ,23558,23510
2026-07-12 19:00,2026-07-12,19,610000,ОЭС СИБИРИ,22990,22992
2026-07-12 20:00,2026-07-12,20,610000,ОЭС СИБИРИ,22545,22175
2026-07-12 21:00,2026-07-12,21,610000,ОЭС СИБИРИ,21976,21485
2026-07-12 22:00,2026-07-12,22,610000,ОЭС СИБИРИ,21462,21162
2026-07-12 23:00,2026-07-12,23,610000,ОЭС СИБИРИ,21225,20926
2026-07-13 00:00,2026-07-13,0,610000,ОЭС СИБИРИ,21378,20903
2026-07-13 01:00,2026-07-13,1,610000,ОЭС СИБИРИ,21383,20960
2026-07-13 02:00,2026-07-13,2,610000,ОЭС СИБИРИ,21661,21191
2026-07-13 03:00,2026-07-13,3,610000,ОЭС СИБИРИ,21292,21852
2026-07-13 04:00,2026-07-13,4,610000,ОЭС СИБИРИ,21656,22092
2026-07-13 05:00,2026-07-13,5,610000,ОЭС СИБИРИ,22572,22994
2026-07-13 06:00,2026-07-13,6,610000,ОЭС СИБИРИ,23492,23550
2026-07-13 07:00,2026-07-13,7,610000,ОЭС СИБИРИ,23310,23541
2026-07-13 08:00,2026-07-13,8,610000,ОЭС СИБИРИ,22607,23472
2026-07-13 09:00,2026-07-13,9,610000,ОЭС СИБИРИ,23359,23726
2026-07-13 10:00,2026-07-13,10,610000,ОЭС СИБИРИ,23351,23792
2026-07-13 11:00,2026-07-13,11,610000,ОЭС СИБИРИ,23377,23900
2026-07-13 12:00,2026-07-13,12,610000,ОЭС СИБИРИ,23406,23742
2026-07-13 13:00,2026-07-13,13,610000,ОЭС СИБИРИ,23474,23706
2026-07-13 14:00,2026-07-13,14,610000,ОЭС СИБИРИ,23687,23771
2026-07-13 15:00,2026-07-13,15,610000,ОЭС СИБИРИ,23404,23560
2026-07-13 16:00,2026-07-13,16,610000,ОЭС СИБИРИ,23153,23391
2026-07-13 17:00,2026-07-13,17,610000,ОЭС СИБИРИ,23433,23648
2026-07-13 18:00,2026-07-13,18,610000,ОЭС СИБИРИ,23459,23800
2026-07-13 19:00,2026-07-13,19,610000,ОЭС СИБИРИ,23212,23298
2026-07-13 20:00,2026-07-13,20,610000,ОЭС СИБИРИ,22624,22299
2026-07-13 21:00,2026-07-13,21,610000,ОЭС СИБИРИ,22108,21686
2026-07-13 22:00,2026-07-13,22,610000,ОЭС СИБИРИ,21784,21300
2026-07-13 23:00,2026-07-13,23,610000,ОЭС СИБИРИ,21851,21281
2026-07-14 00:00,2026-07-14,0,610000,ОЭС СИБИРИ,21546,21085
2026-07-14 01:00,2026-07-14,1,610000,ОЭС СИБИРИ,21541,21060
2026-07-14 02:00,2026-07-14,2,610000,ОЭС СИБИРИ,21776,21353
2026-07-14 03:00,2026-07-14,3,610000,ОЭС СИБИРИ,21670,21974
2026-07-14 04:00,2026-07-14,4,610000,ОЭС СИБИРИ,21045,22169
2026-07-14 05:00,2026-07-14,5,610000,ОЭС СИБИРИ,21870,22860
2026-07-14 06:00,2026-07-14,6,610000,ОЭС СИБИРИ,23093,23396
2026-07-14 07:00,2026-07-14,7,610000,ОЭС СИБИРИ,23509,23718
2026-07-14 08:00,2026-07-14,8,610000,ОЭС СИБИРИ,23423,23517
2026-07-14 09:00,2026-07-14,9,610000,ОЭС СИБИРИ,23213,23608
2026-07-14 10:00,2026-07-14,10,610000,ОЭС СИБИРИ,23352,23799
2026-07-14 11:00,2026-07-14,11,610000,ОЭС СИБИРИ,23555,23591
2026-07-14 12:00,2026-07-14,12,610000,ОЭС СИБИРИ,23198,23462
2026-07-14 13:00,2026-07-14,13,610000,ОЭС СИБИРИ,23298,23461
2026-07-14 14:00,2026-07-14,14,610000,ОЭС СИБИРИ,23390,23450
2026-07-14 15:00,2026-07-14,15,610000,ОЭС СИБИРИ,23497,23456
2026-07-14 16:00,2026-07-14,16,610000,ОЭС СИБИРИ,23100,23190
2026-07-14 17:00,2026-07-14,17,610000,ОЭС СИБИРИ,23155,23452
2026-07-14 18:00,2026-07-14,18,610000,ОЭС СИБИРИ,23528,23526
2026-07-14 19:00,2026-07-14,19,610000,ОЭС СИБИРИ,22940,22910
2026-07-14 20:00,2026-07-14,20,610000,ОЭС СИБИРИ,22204,22081
2026-07-14 21:00,2026-07-14,21,610000,ОЭС СИБИРИ,21501,21432
2026-07-14 22:00,2026-07-14,22,610000,ОЭС СИБИРИ,20744,21169
2026-07-14 23:00,2026-07-14,23,610000,ОЭС СИБИРИ,20662,20915
2026-07-15 00:00,2026-07-15,0,610000,ОЭС СИБИРИ,21760,21042
2026-07-15 01:00,2026-07-15,1,610000,ОЭС СИБИРИ,21399,21006
2026-07-15 02:00,2026-07-15,2,610000,ОЭС СИБИРИ,20907,21085
2026-07-15 03:00,2026-07-15,3,610000,ОЭС СИБИРИ,21272,21879
2026-07-15 04:00,2026-07-15,4,610000,ОЭС СИБИРИ,21474,22300
2026-07-15 05:00,2026-07-15,5,610000,ОЭС СИБИРИ,22278,23088
2026-07-15 06:00,2026-07-15,6,610000,ОЭС СИБИРИ,23734,23848
2026-07-15 07:00,2026-07-15,7,610000,ОЭС СИБИРИ,23643,23730
2026-07-15 08:00,2026-07-15,8,610000,ОЭС СИБИРИ,23606,23772
2026-07-15 09:00,2026-07-15,9,610000,ОЭС СИБИРИ,23606,23718
2026-07-15 10:00,2026-07-15,10,610000,ОЭС СИБИРИ,23320,23900
2026-07-15 11:00,2026-07-15,11,610000,ОЭС СИБИРИ,22983,23532
2026-07-15 12:00,2026-07-15,12,610000,ОЭС СИБИРИ,23556,23587
2026-07-15 13:00,2026-07-15,13,610000,ОЭС СИБИРИ,23487,23595
2026-07-15 14:00,2026-07-15,14,610000,ОЭС СИБИРИ,23499,23379
2026-07-15 15:00,2026-07-15,15,610000,ОЭС СИБИРИ,23727,23717
2026-07-15 16:00,2026-07-15,16,610000,ОЭС СИБИРИ,23395,23500
2026-07-15 17:00,2026-07-15,17,610000,ОЭС СИБИРИ,23362,23411
2026-07-15 18:00,2026-07-15,18,610000,ОЭС СИБИРИ,23195,23583
2026-07-15 19:00,2026-07-15,19,610000,ОЭС СИБИРИ,23008,23005
2026-07-15 20:00,2026-07-15,20,610000,ОЭС СИБИРИ,22293,22112
2026-07-15 21:00,2026-07-15,21,610000,ОЭС СИБИРИ,21847,21645
2026-07-15 22:00,2026-07-15,22,610000,ОЭС СИБИРИ,21747,21328
2026-07-15 23:00,2026-07-15,23,610000,ОЭС СИБИРИ,21880,21155
2026-07-16 00:00,2026-07-16,0,610000,ОЭС СИБИРИ,21558,20992
2026-07-16 01:00,2026-07-16,1,610000,ОЭС СИБИРИ,21455,20986
2026-07-16 02:00,2026-07-16,2,610000,ОЭС СИБИРИ,21425,21349
2026-07-16 03:00,2026-07-16,3,610000,ОЭС СИБИРИ,21846,21913
2026-07-16 04:00,2026-07-16,4,610000,ОЭС СИБИРИ,20890,22196
2026-07-16 05:00,2026-07-16,5,610000,ОЭС СИБИРИ,22201,22976
2026-07-16 06:00,2026-07-16,6,610000,ОЭС СИБИРИ,23765,23648
2026-07-16 07:00,2026-07-16,7,610000,ОЭС СИБИРИ,23407,23659
2026-07-16 08:00,2026-07-16,8,610000,ОЭС СИБИРИ,23504,23762
2026-07-16 09:00,2026-07-16,9,610000,ОЭС СИБИРИ,23178,23623
2026-07-16 10:00,2026-07-16,10,610000,ОЭС СИБИРИ,22988,23373
2026-07-16 11:00,2026-07-16,11,610000,ОЭС СИБИРИ,23292,23708
2026-07-16 12:00,2026-07-16,12,610000,ОЭС СИБИРИ,23372,23648
2026-07-16 13:00,2026-07-16,13,610000,ОЭС СИБИРИ,22976,23592
2026-07-16 14:00,2026-07-16,14,610000,ОЭС СИБИРИ,23201,23654
2026-07-16 15:00,2026-07-16,15,610000,ОЭС СИБИРИ,23094,23527
2026-07-16 16:00,2026-07-16,16,610000,ОЭС СИБИРИ,22960,23228
2026-07-16 17:00,2026-07-16,17,610000,ОЭС СИБИРИ,23188,23403
2026-07-16 18:00,2026-07-16,18,610000,ОЭС СИБИРИ,23447,23664
2026-07-16 19:00,2026-07-16,19,610000,ОЭС СИБИРИ,22684,22943
2026-07-16 20:00,2026-07-16,20,610000,ОЭС СИБИРИ,21989,22040
2026-07-16 21:00,2026-07-16,21,610000,ОЭС СИБИРИ,21637,21533
2026-07-16 22:00,2026-07-16,22,610000,ОЭС СИБИРИ,21684,21397
2026-07-16 23:00,2026-07-16,23,610000,ОЭС СИБИРИ,21682,21112
2026-07-17 00:00,2026-07-17,0,610000,ОЭС СИБИРИ,21327,20986
2026-07-17 01:00,2026-07-17,1,610000,ОЭС СИБИРИ,21422,20950
2026-07-17 02:00,2026-07-17,2,610000,ОЭС СИБИРИ,21211,21203
2026-07-17 03:00,2026-07-17,3,610000,ОЭС СИБИРИ,21533,21876
2026-07-17 04:00,2026-07-17,4,610000,ОЭС СИБИРИ,21735,22314
2026-07-17 05:00,2026-07-17,5,610000,ОЭС СИБИРИ,22168,22986
2026-07-17 06:00,2026-07-17,6,610000,ОЭС СИБИРИ,22978,23477
2026-07-17 07:00,2026-07-17,7,610000,ОЭС СИБИРИ,22717,23569
2026-07-17 08:00,2026-07-17,8,610000,ОЭС СИБИРИ,22218,23287
2026-07-17 09:00,2026-07-17,9,610000,ОЭС СИБИРИ,22697,23536
2026-07-17 10:00,2026-07-17,10,610000,ОЭС СИБИРИ,22974,23450
2026-07-17 11:00,2026-07-17,11,610000,ОЭС СИБИРИ,22662,23417
2026-07-17 12:00,2026-07-17,12,610000,ОЭС СИБИРИ,22497,23271
2026-07-17 13:00,2026-07-17,13,610000,ОЭС СИБИРИ,22811,23279
2026-07-17 14:00,2026-07-17,14,610000,ОЭС СИБИРИ,23095,23474
2026-07-17 15:00,2026-07-17,15,610000,ОЭС СИБИРИ,22441,23200
2026-07-17 16:00,2026-07-17,16,610000,ОЭС СИБИРИ,22721,23072
2026-07-17 17:00,2026-07-17,17,610000,ОЭС СИБИРИ,23020,23149
2026-07-17 18:00,2026-07-17,18,610000,ОЭС СИБИРИ,23158,23270
2026-07-17 19:00,2026-07-17,19,610000,ОЭС СИБИРИ,22294,22856
2026-07-17 20:00,2026-07-17,20,610000,ОЭС СИБИРИ,21349,22079
2026-07-17 21:00,2026-07-17,21,610000,ОЭС СИБИРИ,21162,21428
2026-07-17 22:00,2026-07-17,22,610000,ОЭС СИБИРИ,21236,21327
2026-07-17 23:00,2026-07-17,23,610000,ОЭС СИБИРИ,20896,21006
2026-07-18 00:00,2026-07-18,0,610000,ОЭС СИБИРИ,20612,20823
2026-07-18 01:00,2026-07-18,1,610000,ОЭС СИБИРИ,20319,20708
2026-07-18 02:00,2026-07-18,2,610000,ОЭС СИБИРИ,20329,20817
2026-07-18 03:00,2026-07-18,3,610000,ОЭС СИБИРИ,20730,21243
2026-07-18 04:00,2026-07-18,4,610000,ОЭС СИБИРИ,21399,21964
2026-07-18 05:00,2026-07-18,5,610000,ОЭС СИБИРИ,21996,22986
2026-07-18 06:00,2026-07-18,6,610000,ОЭС СИБИРИ,22855,23606
2026-07-18 07:00,2026-07-18,7,610000,ОЭС СИБИРИ,23046,23845
2026-07-18 08:00,2026-07-18,8,610000,ОЭС СИБИРИ,23333,23944
2026-07-18 09:00,2026-07-18,9,610000,ОЭС СИБИРИ,22987,23959
2026-07-18 10:00,2026-07-18,10,610000,ОЭС СИБИРИ,22212,23567
2026-07-18 11:00,2026-07-18,11,610000,ОЭС СИБИРИ,22513,23657
2026-07-18 12:00,2026-07-18,12,610000,ОЭС СИБИРИ,22493,23602
2026-07-18 13:00,2026-07-18,13,610000,ОЭС СИБИРИ,22642,23549
2026-07-18 14:00,2026-07-18,14,610000,ОЭС СИБИРИ,23065,23699
2026-07-18 15:00,2026-07-18,15,610000,ОЭС СИБИРИ,23136,23635
2026-07-18 16:00,2026-07-18,16,610000,ОЭС СИБИРИ,22192,23185
2026-07-18 17:00,2026-07-18,17,610000,ОЭС СИБИРИ,22449,23330
2026-07-18 18:00,2026-07-18,18,610000,ОЭС СИБИРИ,22605,23287
2026-07-18 19:00,2026-07-18,19,610000,ОЭС СИБИРИ,22150,22766
2026-07-18 20:00,2026-07-18,20,610000,ОЭС СИБИРИ,21503,22102
2026-07-18 21:00,2026-07-18,21,610000,ОЭС СИБИРИ,20956,21582
2026-07-18 22:00,2026-07-18,22,610000,ОЭС СИБИРИ,21142,21260
2026-07-18 23:00,2026-07-18,23,610000,ОЭС СИБИРИ,20793,21004
2026-07-19 00:00,2026-07-19,0,610000,ОЭС СИБИРИ,20878,20930
2026-07-19 01:00,2026-07-19,1,610000,ОЭС СИБИРИ,20508,20647
2026-07-19 02:00,2026-07-19,2,610000,ОЭС СИБИРИ,20646,20813
2026-07-19 03:00,2026-07-19,3,610000,ОЭС СИБИРИ,20422,21044
2026-07-19 04:00,2026-07-19,4,610000,ОЭС СИБИРИ,21100,21863
2026-07-19 05:00,2026-07-19,5,610000,ОЭС СИБИРИ,22109,22672
2026-07-19 06:00,2026-07-19,6,610000,ОЭС СИБИРИ,23179,23531
2026-07-19 07:00,2026-07-19,7,610000,ОЭС СИБИРИ,22646,23571
2026-07-19 08:00,2026-07-19,8,610000,ОЭС СИБИРИ,22812,23805
2026-07-19 09:00,2026-07-19,9,610000,ОЭС СИБИРИ,22851,23783
2026-07-19 10:00,2026-07-19,10,610000,ОЭС СИБИРИ,22672,23914
2026-07-19 11:00,2026-07-19,11,610000,ОЭС СИБИРИ,22509,24062
2026-07-19 12:00,2026-07-19,12,610000,ОЭС СИБИРИ,22866,23874
2026-07-19 13:00,2026-07-19,13,610000,ОЭС СИБИРИ,23394,23766
2026-07-19 14:00,2026-07-19,14,610000,ОЭС СИБИРИ,22874,23817
2026-07-19 15:00,2026-07-19,15,610000,ОЭС СИБИРИ,22850,23800
2026-07-19 16:00,2026-07-19,16,610000,ОЭС СИБИРИ,23408,23584
2026-07-19 17:00,2026-07-19,17,610000,ОЭС СИБИРИ,22731,23404
2026-07-19 18:00,2026-07-19,18,610000,ОЭС СИБИРИ,23303,23557
2026-07-19 19:00,2026-07-19,19,610000,ОЭС СИБИРИ,22194,22715
2026-07-19 20:00,2026-07-19,20,610000,ОЭС СИБИРИ,21431,21776
2026-07-19 21:00,2026-07-19,21,610000,ОЭС СИБИРИ,20776,21244
2026-07-19 22:00,2026-07-19,22,610000,ОЭС СИБИРИ,20724,20967
2026-07-19 23:00,2026-07-19,23,610000,ОЭС СИБИРИ,20418,20779
2026-07-20 00:00,2026-07-20,0,610000,ОЭС СИБИРИ,20420,20883
2026-07-20 01:00,2026-07-20,1,610000,ОЭС СИБИРИ,20088,20614
2026-07-20 02:00,2026-07-20,2,610000,ОЭС СИБИРИ,19576,21079
2026-07-20 03:00,2026-07-20,3,610000,ОЭС СИБИРИ,20244,21571
2026-07-20 04:00,2026-07-20,4,610000,ОЭС СИБИРИ,21405,22217
2026-07-20 05:00,2026-07-20,5,610000,ОЭС СИБИРИ,22674,23112
2026-07-20 06:00,2026-07-20,6,610000,ОЭС СИБИРИ,22688,23521
2026-07-20 07:00,2026-07-20,7,610000,ОЭС СИБИРИ,22471,23825
2026-07-20 08:00,2026-07-20,8,610000,ОЭС СИБИРИ,22441,23719
2026-07-20 09:00,2026-07-20,9,610000,ОЭС СИБИРИ,23221,23838
2026-07-20 10:00,2026-07-20,10,610000,ОЭС СИБИРИ,23330,23899
2026-07-20 11:00,2026-07-20,11,610000,ОЭС СИБИРИ,23169,23807
2026-07-20 12:00,2026-07-20,12,610000,ОЭС СИБИРИ,22944,23837
2026-07-20 13:00,2026-07-20,13,610000,ОЭС СИБИРИ,22823,23692
2026-07-20 14:00,2026-07-20,14,610000,ОЭС СИБИРИ,23320,23747
2026-07-20 15:00,2026-07-20,15,610000,ОЭС СИБИРИ,22491,23577
2026-07-20 16:00,2026-07-20,16,610000,ОЭС СИБИРИ,22232,23182
2026-07-20 17:00,2026-07-20,17,610000,ОЭС СИБИРИ,22648,23453
2026-07-20 18:00,2026-07-20,18,610000,ОЭС СИБИРИ,22799,23630
2026-07-20 19:00,2026-07-20,19,610000,ОЭС СИБИРИ,21827,22920
2026-07-20 20:00,2026-07-20,20,610000,ОЭС СИБИРИ,21320,21915
2026-07-20 21:00,2026-07-20,21,610000,ОЭС СИБИРИ,21410,21553
2026-07-20 22:00,2026-07-20,22,610000,ОЭС СИБИРИ,20800,21257
2026-07-20 23:00,2026-07-20,23,610000,ОЭС СИБИРИ,20180,20901
2026-07-21 00:00,2026-07-21,0,610000,ОЭС СИБИРИ,20876,20968
2026-07-21 01:00,2026-07-21,1,610000,ОЭС СИБИРИ,20942,20892
2026-07-21 02:00,2026-07-21,2,610000,ОЭС СИБИРИ,20614,21308
2026-07-21 03:00,2026-07-21,3,610000,ОЭС СИБИРИ,20784,21754
2026-07-21 04:00,2026-07-21,4,610000,ОЭС СИБИРИ,21103,22169
2026-07-21 05:00,2026-07-21,5,610000,ОЭС СИБИРИ,22116,23081
2026-07-21 06:00,2026-07-21,6,610000,ОЭС СИБИРИ,22585,23474
2026-07-21 07:00,2026-07-21,7,610000,ОЭС СИБИРИ,22249,23517
2026-07-21 08:00,2026-07-21,8,610000,ОЭС СИБИРИ,22652,23627
2026-07-21 09:00,2026-07-21,9,610000,ОЭС СИБИРИ,22147,23411
2026-07-21 10:00,2026-07-21,10,610000,ОЭС СИБИРИ,23034,23734
2026-07-21 11:00,2026-07-21,11,610000,ОЭС СИБИРИ,22870,23858
2026-07-21 12:00,2026-07-21,12,610000,ОЭС СИБИРИ,22792,23642
2026-07-21 13:00,2026-07-21,13,610000,ОЭС СИБИРИ,23002,23709
2026-07-21 14:00,2026-07-21,14,610000,ОЭС СИБИРИ,23006,23707
2026-07-21 15:00,2026-07-21,15,610000,ОЭС СИБИРИ,22895,23556
2026-07-21 16:00,2026-07-21,16,610000,ОЭС СИБИРИ,22803,23197
2026-07-21 17:00,2026-07-21,17,610000,ОЭС СИБИРИ,22791,23365
2026-07-21 18:00,2026-07-21,18,610000,ОЭС СИБИРИ,22959,23568
2026-07-21 19:00,2026-07-21,19,610000,ОЭС СИБИРИ,22497,22896
2026-07-21 20:00,2026-07-21,20,610000,ОЭС СИБИРИ,21375,22070
2026-07-21 21:00,2026-07-21,21,610000,ОЭС СИБИРИ,21000,21499
2026-07-21 22:00,2026-07-21,22,610000,ОЭС СИБИРИ,21015,21397
2026-07-21 23:00,2026-07-21,23,610000,ОЭС СИБИРИ,20813,20948
2026-07-22 00:00,2026-07-22,0,610000,ОЭС СИБИРИ,20794,20947
2026-07-22 01:00,2026-07-22,1,610000,ОЭС СИБИРИ,20894,21053
2026-07-22 02:00,2026-07-22,2,610000,ОЭС СИБИРИ,20353,21280
2026-07-22 03:00,2026-07-22,3,610000,ОЭС СИБИРИ,20771,22055
2026-07-22 04:00,2026-07-22,4,610000,ОЭС СИБИРИ,21194,22215
2026-07-22 05:00,2026-07-22,5,610000,ОЭС СИБИРИ,21592,22996
2026-07-22 06:00,2026-07-22,6,610000,ОЭС СИБИРИ,22689,23739
2026-07-22 07:00,2026-07-22,7,610000,ОЭС СИБИРИ,22579,23706
2026-07-22 08:00,2026-07-22,8,610000,ОЭС СИБИРИ,22451,23768
2026-07-22 09:00,2026-07-22,9,610000,ОЭС СИБИРИ,22530,23598
2026-07-22 10:00,2026-07-22,10,610000,ОЭС СИБИРИ,22670,23863
2026-07-22 11:00,2026-07-22,11,610000,ОЭС СИБИРИ,22328,23615
2026-07-22 12:00,2026-07-22,12,610000,ОЭС СИБИРИ,22282,23605
2026-07-22 13:00,2026-07-22,13,610000,ОЭС СИБИРИ,22583,23710
2026-07-22 14:00,2026-07-22,14,610000,ОЭС СИБИРИ,22791,23560
2026-07-22 15:00,2026-07-22,15,610000,ОЭС СИБИРИ,22375,23455
2026-07-22 16:00,2026-07-22,16,610000,ОЭС СИБИРИ,22630,23314
2026-07-22 17:00,2026-07-22,17,610000,ОЭС СИБИРИ,22573,23358
2026-07-22 18:00,2026-07-22,18,610000,ОЭС СИБИРИ,22769,23527
2026-07-22 19:00,2026-07-22,19,610000,ОЭС СИБИРИ,21931,22929
2026-07-22 20:00,2026-07-22,20,610000,ОЭС СИБИРИ,20900,21823
2026-07-22 21:00,2026-07-22,21,610000,ОЭС СИБИРИ,20777,21383
2026-07-22 22:00,2026-07-22,22,610000,ОЭС СИБИРИ,20761,21268
2026-07-22 23:00,2026-07-22,23,610000,ОЭС СИБИРИ,20478,20994
2026-07-23 00:00,2026-07-23,0,610000,ОЭС СИБИРИ,20625,20909
2026-07-23 01:00,2026-07-23,1,610000,ОЭС СИБИРИ,20188,20829
2026-07-23 02:00,2026-07-23,2,610000,ОЭС СИБИРИ,20036,21206
2026-07-23 03:00,2026-07-23,3,610000,ОЭС СИБИРИ,20836,21747
2026-07-23 04:00,2026-07-23,4,610000,ОЭС СИБИРИ,21211,22267
2026-07-23 05:00,2026-07-23,5,610000,ОЭС СИБИРИ,21866,23156
2026-07-23 06:00,2026-07-23,6,610000,ОЭС СИБИРИ,22602,23509
2026-07-23 07:00,2026-07-23,7,610000,ОЭС СИБИРИ,22707,23705
2026-07-23 08:00,2026-07-23,8,610000,ОЭС СИБИРИ,22430,23736
2026-07-23 09:00,2026-07-23,9,610000,ОЭС СИБИРИ,22880,23836
2026-07-23 10:00,2026-07-23,10,610000,ОЭС СИБИРИ,22572,23743
2026-07-23 11:00,2026-07-23,11,610000,ОЭС СИБИРИ,22124,23874
2026-07-23 12:00,2026-07-23,12,610000,ОЭС СИБИРИ,22880,23763
2026-07-23 13:00,2026-07-23,13,610000,ОЭС СИБИРИ,23097,23644
2026-07-23 14:00,2026-07-23,14,610000,ОЭС СИБИРИ,22882,23644
2026-07-23 15:00,2026-07-23,15,610000,ОЭС СИБИРИ,22638,23547
2026-07-23 16:00,2026-07-23,16,610000,ОЭС СИБИРИ,22229,23239
2026-07-23 17:00,2026-07-23,17,610000,ОЭС СИБИРИ,22611,23348
2026-07-23 18:00,2026-07-23,18,610000,ОЭС СИБИРИ,22740,23534
2026-07-23 19:00,2026-07-23,19,610000,ОЭС СИБИРИ,22160,22981
2026-07-23 20:00,2026-07-23,20,610000,ОЭС СИБИРИ,21596,22261
2026-07-23 21:00,2026-07-23,21,610000,ОЭС СИБИРИ,20533,21427
2026-07-23 22:00,2026-07-23,22,610000,ОЭС СИБИРИ,21047,21299
2026-07-23 23:00,2026-07-23,23,610000,ОЭС СИБИРИ,20581,20954
2026-07-24 00:00,2026-07-24,0,610000,ОЭС СИБИРИ,20326,20744
2026-07-24 01:00,2026-07-24,1,610000,ОЭС СИБИРИ,21030,20955
2026-07-24 02:00,2026-07-24,2,610000,ОЭС СИБИРИ,20827,21233
2026-07-24 03:00,2026-07-24,3,610000,ОЭС СИБИРИ,20694,21797
2026-07-24 04:00,2026-07-24,4,610000,ОЭС СИБИРИ,21106,22225
2026-07-24 05:00,2026-07-24,5,610000,ОЭС СИБИРИ,21884,22921
2026-07-24 06:00,2026-07-24,6,610000,ОЭС СИБИРИ,23465,23861
2026-07-24 07:00,2026-07-24,7,610000,ОЭС СИБИРИ,23271,23728
2026-07-24 08:00,2026-07-24,8,610000,ОЭС СИБИРИ,22359,23414
2026-07-24 09:00,2026-07-24,9,610000,ОЭС СИБИРИ,23384,23730
2026-07-24 10:00,2026-07-24,10,610000,ОЭС СИБИРИ,23118,23753
2026-07-24 11:00,2026-07-24,11,610000,ОЭС СИБИРИ,23366,23779
2026-07-24 12:00,2026-07-24,12,610000,ОЭС СИБИРИ,23525,23619
2026-07-24 13:00,2026-07-24,13,610000,ОЭС СИБИРИ,23146,23444
2026-07-24 14:00,2026-07-24,14,610000,ОЭС СИБИРИ,23342,23565
2026-07-24 15:00,2026-07-24,15,610000,ОЭС СИБИРИ,23259,23350
2026-07-24 16:00,2026-07-24,16,610000,ОЭС СИБИРИ,23261,23193
2026-07-24 17:00,2026-07-24,17,610000,ОЭС СИБИРИ,23005,23184
2026-07-24 18:00,2026-07-24,18,610000,ОЭС СИБИРИ,23225,23374
2026-07-24 19:00,2026-07-24,19,610000,ОЭС СИБИРИ,22429,22517
2026-07-24 20:00,2026-07-24,20,610000,ОЭС СИБИРИ,22043,21885
2026-07-24 21:00,2026-07-24,21,610000,ОЭС СИБИРИ,21565,21628
2026-07-24 22:00,2026-07-24,22,610000,ОЭС СИБИРИ,20692,21005
2026-07-24 23:00,2026-07-24,23,610000,ОЭС СИБИРИ,20359,20782
2026-07-25 00:00,2026-07-25,0,610000,ОЭС СИБИРИ,21318,20952
2026-07-25 01:00,2026-07-25,1,610000,ОЭС СИБИРИ,21068,20960
2026-07-25 02:00,2026-07-25,2,610000,ОЭС СИБИРИ,20973,20937
2026-07-25 03:00,2026-07-25,3,610000,ОЭС СИБИРИ,21333,21491
2026-07-25 04:00,2026-07-25,4,610000,ОЭС СИБИРИ,21538,21907
2026-07-25 05:00,2026-07-25,5,610000,ОЭС СИБИРИ,21854,22746
2026-07-25 06:00,2026-07-25,6,610000,ОЭС СИБИРИ,23173,23651
2026-07-25 07:00,2026-07-25,7,610000,ОЭС СИБИРИ,23147,23651
2026-07-25 08:00,2026-07-25,8,610000,ОЭС СИБИРИ,22906,23721
2026-07-25 09:00,2026-07-25,9,610000,ОЭС СИБИРИ,23554,23651
2026-07-25 10:00,2026-07-25,10,610000,ОЭС СИБИРИ,23763,23844
2026-07-25 11:00,2026-07-25,11,610000,ОЭС СИБИРИ,23523,23817
2026-07-25 12:00,2026-07-25,12,610000,ОЭС СИБИРИ,23820,23779
2026-07-25 13:00,2026-07-25,13,610000,ОЭС СИБИРИ,23711,23713
2026-07-25 14:00,2026-07-25,14,610000,ОЭС СИБИРИ,23501,23734
2026-07-25 15:00,2026-07-25,15,610000,ОЭС СИБИРИ,23775,23659
2026-07-25 16:00,2026-07-25,16,610000,ОЭС СИБИРИ,23737,23376
2026-07-25 17:00,2026-07-25,17,610000,ОЭС СИБИРИ,23144,23516
2026-07-25 18:00,2026-07-25,18,610000,ОЭС СИБИРИ,22853,23218
2026-07-25 19:00,2026-07-25,19,610000,ОЭС СИБИРИ,22455,22572
2026-07-25 20:00,2026-07-25,20,610000,ОЭС СИБИРИ,21962,21947
2026-07-25 21:00,2026-07-25,21,610000,ОЭС СИБИРИ,21606,21486
2026-07-25 22:00,2026-07-25,22,610000,ОЭС СИБИРИ,21963,21267
2026-07-25 23:00,2026-07-25,23,610000,ОЭС СИБИРИ,21634,21055
2026-07-26 00:00,2026-07-26,0,610000,ОЭС СИБИРИ,21402,20973
2026-07-26 01:00,2026-07-26,1,610000,ОЭС СИБИРИ,21974,21035
2026-07-26 02:00,2026-07-26,2,610000,ОЭС СИБИРИ,21030,20886
2026-07-26 03:00,2026-07-26,3,610000,ОЭС СИБИРИ,21045,21073
2026-07-26 04:00,2026-07-26,4,610000,ОЭС СИБИРИ,21139,21699
2026-07-26 05:00,2026-07-26,5,610000,ОЭС СИБИРИ,22063,22517
2026-07-26 06:00,2026-07-26,6,610000,ОЭС СИБИРИ,23126,23232
2026-07-26 07:00,2026-07-26,7,610000,ОЭС СИБИРИ,23496,23560
2026-07-26 08:00,2026-07-26,8,610000,ОЭС СИБИРИ,23447,23751
2026-07-26 09:00,2026-07-26,9,610000,ОЭС СИБИРИ,23990,23753
2026-07-26 10:00,2026-07-26,10,610000,ОЭС СИБИРИ,23504,23771
2026-07-26 11:00,2026-07-26,11,610000,ОЭС СИБИРИ,23769,23862
2026-07-26 12:00,2026-07-26,12,610000,ОЭС СИБИРИ,23522,23662
2026-07-26 13:00,2026-07-26,13,610000,ОЭС СИБИРИ,23756,23845
2026-07-26 14:00,2026-07-26,14,610000,ОЭС СИБИРИ,23773,23962
2026-07-26 15:00,2026-07-26,15,610000,ОЭС СИБИРИ,23602,23737
2026-07-26 16:00,2026-07-26,16,610000,ОЭС СИБИРИ,23824,23602
2026-07-26 17:00,2026-07-26,17,610000,ОЭС СИБИРИ,23572,23700
2026-07-26 18:00,2026-07-26,18,610000,ОЭС СИБИРИ,23423,23328
2026-07-26 19:00,2026-07-26,19,610000,ОЭС СИБИРИ,22827,22636
2026-07-26 20:00,2026-07-26,20,610000,ОЭС СИБИРИ,22132,21830
2026-07-26 21:00,2026-07-26,21,610000,ОЭС СИБИРИ,21711,21453
2026-07-26 22:00,2026-07-26,22,610000,ОЭС СИБИРИ,21016,21097
2026-07-26 23:00,2026-07-26,23,610000,ОЭС СИБИРИ,21004,20906
2026-07-27 00:00,2026-07-27,0,610000,ОЭС СИБИРИ,21535,20920
2026-07-27 01:00,2026-07-27,1,610000,ОЭС СИБИРИ,21123,20807
2026-07-27 02:00,2026-07-27,2,610000,ОЭС СИБИРИ,22034,21402
2026-07-27 03:00,2026-07-27,3,610000,ОЭС СИБИРИ,22225,21908
2026-07-27 04:00,2026-07-27,4,610000,ОЭС СИБИРИ,22749,22389
2026-07-27 05:00,2026-07-27,5,610000,ОЭС СИБИРИ,23213,23155
2026-07-27 06:00,2026-07-27,6,610000,ОЭС СИБИРИ,23706,23757
2026-07-27 07:00,2026-07-27,7,610000,ОЭС СИБИРИ,23820,23783
2026-07-27 08:00,2026-07-27,8,610000,ОЭС СИБИРИ,23885,23874
2026-07-27 09:00,2026-07-27,9,610000,ОЭС СИБИРИ,23531,23799
2026-07-27 10:00,2026-07-27,10,610000,ОЭС СИБИРИ,23663,23936
2026-07-27 11:00,2026-07-27,11,610000,ОЭС СИБИРИ,24036,24018
2026-07-27 12:00,2026-07-27,12,610000,ОЭС СИБИРИ,24078,24062
2026-07-27 13:00,2026-07-27,13,610000,ОЭС СИБИРИ,24016,23877
2026-07-27 14:00,2026-07-27,14,610000,ОЭС СИБИРИ,23959,23832
2026-07-27 15:00,2026-07-27,15,610000,ОЭС СИБИРИ,23734,23639
2026-07-27 16:00,2026-07-27,16,610000,ОЭС СИБИРИ,23389,23328
2026-07-27 17:00,2026-07-27,17,610000,ОЭС СИБИРИ,23438,23332
2026-07-27 18:00,2026-07-27,18,610000,ОЭС СИБИРИ,23801,23640
2026-07-27 19:00,2026-07-27,19,610000,ОЭС СИБИРИ,22871,22845
2026-07-27 20:00,2026-07-27,20,610000,ОЭС СИБИРИ,22038,21879
2026-07-27 21:00,2026-07-27,21,610000,ОЭС СИБИРИ,21367,21370
2026-07-27 22:00,2026-07-27,22,610000,ОЭС СИБИРИ,21575,21138
2026-07-27 23:00,2026-07-27,23,610000,ОЭС СИБИРИ,21298,20911
2026-07-28 00:00,2026-07-28,0,610000,ОЭС СИБИРИ,21306,20826
2026-07-28 01:00,2026-07-28,1,610000,ОЭС СИБИРИ,21073,20845
2026-07-28 02:00,2026-07-28,2,610000,ОЭС СИБИРИ,20834,21039
2026-07-28 03:00,2026-07-28,3,610000,ОЭС СИБИРИ,21018,21659
2026-07-28 04:00,2026-07-28,4,610000,ОЭС СИБИРИ,21281,22052
2026-07-28 05:00,2026-07-28,5,610000,ОЭС СИБИРИ,22165,22931
2026-07-28 06:00,2026-07-28,6,610000,ОЭС СИБИРИ,23582,23606
2026-07-28 07:00,2026-07-28,7,610000,ОЭС СИБИРИ,23359,23907
2026-07-28 08:00,2026-07-28,8,610000,ОЭС СИБИРИ,22977,23503
2026-07-28 09:00,2026-07-28,9,610000,ОЭС СИБИРИ,23274,23558
2026-07-28 10:00,2026-07-28,10,610000,ОЭС СИБИРИ,23911,23922
2026-07-28 11:00,2026-07-28,11,610000,ОЭС СИБИРИ,23743,23770
2026-07-28 12:00,2026-07-28,12,610000,ОЭС СИБИРИ,23940,23841
2026-07-28 13:00,2026-07-28,13,610000,ОЭС СИБИРИ,23654,23746
2026-07-28 14:00,2026-07-28,14,610000,ОЭС СИБИРИ,23928,23944
2026-07-28 15:00,2026-07-28,15,610000,ОЭС СИБИРИ,23683,23801
2026-07-28 16:00,2026-07-28,16,610000,ОЭС СИБИРИ,23830,23732
2026-07-28 17:00,2026-07-28,17,610000,ОЭС СИБИРИ,23637,23478
2026-07-28 18:00,2026-07-28,18,610000,ОЭС СИБИРИ,23973,23686
2026-07-28 19:00,2026-07-28,19,610000,ОЭС СИБИРИ,23117,23081
2026-07-28 20:00,2026-07-28,20,610000,ОЭС СИБИРИ,22443,22049
2026-07-28 21:00,2026-07-28,21,610000,ОЭС СИБИРИ,22029,21711
2026-07-28 22:00,2026-07-28,22,610000,ОЭС СИБИРИ,21678,21470
2026-07-28 23:00,2026-07-28,23,610000,ОЭС СИБИРИ,21815,21274
2026-07-29 00:00,2026-07-29,0,610000,ОЭС СИБИРИ,21994,21239
2026-07-29 01:00,2026-07-29,1,610000,ОЭС СИБИРИ,21781,21179
2026-07-29 02:00,2026-07-29,2,610000,ОЭС СИБИРИ,21444,21370
2026-07-29 03:00,2026-07-29,3,610000,ОЭС СИБИРИ,21393,21666
2026-07-29 04:00,2026-07-29,4,610000,ОЭС СИБИРИ,22281,22360
2026-07-29 05:00,2026-07-29,5,610000,ОЭС СИБИРИ,23164,23335
2026-07-29 06:00,2026-07-29,6,610000,ОЭС СИБИРИ,23732,23743
2026-07-29 07:00,2026-07-29,7,610000,ОЭС СИБИРИ,23766,24021
2026-07-29 08:00,2026-07-29,8,610000,ОЭС СИБИРИ,23838,24067
2026-07-29 09:00,2026-07-29,9,610000,ОЭС СИБИРИ,23801,24057
2026-07-29 10:00,2026-07-29,10,610000,ОЭС СИБИРИ,23919,23973
2026-07-29 11:00,2026-07-29,11,610000,ОЭС СИБИРИ,24067,24059
2026-07-29 12:00,2026-07-29,12,610000,ОЭС СИБИРИ,23831,23894
2026-07-29 13:00,2026-07-29,13,610000,ОЭС СИБИРИ,23579,23743
2026-07-29 14:00,2026-07-29,14,610000,ОЭС СИБИРИ,23625,23828
2026-07-29 15:00,2026-07-29,15,610000,ОЭС СИБИРИ,23624,23724
2026-07-29 16:00,2026-07-29,16,610000,ОЭС СИБИРИ,23449,23265
2026-07-29 17:00,2026-07-29,17,610000,ОЭС СИБИРИ,23665,23605
2026-07-29 18:00,2026-07-29,18,610000,ОЭС СИБИРИ,23896,23669
2026-07-29 19:00,2026-07-29,19,610000,ОЭС СИБИРИ,23341,23053
2026-07-29 20:00,2026-07-29,20,610000,ОЭС СИБИРИ,22505,22160
2026-07-29 21:00,2026-07-29,21,610000,ОЭС СИБИРИ,21823,21484
2026-07-29 22:00,2026-07-29,22,610000,ОЭС СИБИРИ,22230,21364
2026-07-29 23:00,2026-07-29,23,610000,ОЭС СИБИРИ,21604,21091
2026-07-30 00:00,2026-07-30,0,610000,ОЭС СИБИРИ,21955,21120
2026-07-30 01:00,2026-07-30,1,610000,ОЭС СИБИРИ,21400,21014
2026-07-30 02:00,2026-07-30,2,610000,ОЭС СИБИРИ,21441,21396
2026-07-30 03:00,2026-07-30,3,610000,ОЭС СИБИРИ,21774,21949
2026-07-30 04:00,2026-07-30,4,610000,ОЭС СИБИРИ,22289,22383
2026-07-30 05:00,2026-07-30,5,610000,ОЭС СИБИРИ,23457,23380
2026-07-30 06:00,2026-07-30,6,610000,ОЭС СИБИРИ,24112,24002
2026-07-30 07:00,2026-07-30,7,610000,ОЭС СИБИРИ,23945,24177
2026-07-30 08:00,2026-07-30,8,610000,ОЭС СИБИРИ,23779,24170
2026-07-30 09:00,2026-07-30,9,610000,ОЭС СИБИРИ,23984,24141
2026-07-30 10:00,2026-07-30,10,610000,ОЭС СИБИРИ,23728,24065
2026-07-30 11:00,2026-07-30,11,610000,ОЭС СИБИРИ,23874,23893
2026-07-30 12:00,2026-07-30,12,610000,ОЭС СИБИРИ,23315,23678
2026-07-30 13:00,2026-07-30,13,610000,ОЭС СИБИРИ,23724,23867
2026-07-30 14:00,2026-07-30,14,610000,ОЭС СИБИРИ,23540,23658
2026-07-30 15:00,2026-07-30,15,610000,ОЭС СИБИРИ,23601,23880
2026-07-30 16:00,2026-07-30,16,610000,ОЭС СИБИРИ,23410,23450
2026-07-30 17:00,2026-07-30,17,610000,ОЭС СИБИРИ,23624,23588
2026-07-30 18:00,2026-07-30,18,610000,ОЭС СИБИРИ,23728,23780
2026-07-30 19:00,2026-07-30,19,610000,ОЭС СИБИРИ,23223,23179
2026-07-30 20:00,2026-07-30,20,610000,ОЭС СИБИРИ,22316,22240
2026-07-30 21:00,2026-07-30,21,610000,ОЭС СИБИРИ,22210,21603
2026-07-30 22:00,2026-07-30,22,610000,ОЭС СИБИРИ,22371,21576
2026-07-30 23:00,2026-07-30,23,610000,ОЭС СИБИРИ,22224,21364
2026-07-31 00:00,2026-07-31,0,610000,ОЭС СИБИРИ,21872,21374
2026-07-31 01:00,2026-07-31,1,610000,ОЭС СИБИРИ,21925,21226
2026-07-31 02:00,2026-07-31,2,610000,ОЭС СИБИРИ,21558,21546
2026-07-31 03:00,2026-07-31,3,610000,ОЭС СИБИРИ,21064,22001
2026-07-31 04:00,2026-07-31,4,610000,ОЭС СИБИРИ,21885,22476
2026-07-31 05:00,2026-07-31,5,610000,ОЭС СИБИРИ,22677,23248
2026-07-31 06:00,2026-07-31,6,610000,ОЭС СИБИРИ,23204,23743
2026-07-31 07:00,2026-07-31,7,610000,ОЭС СИБИРИ,23453,24007
2026-07-31 08:00,2026-07-31,8,610000,ОЭС СИБИРИ,22781,23943
2026-07-31 09:00,2026-07-31,9,610000,ОЭС СИБИРИ,23531,24041
2026-07-31 10:00,2026-07-31,10,610000,ОЭС СИБИРИ,23723,24125
2026-07-31 11:00,2026-07-31,11,610000,ОЭС СИБИРИ,23590,24053
2026-07-31 12:00,2026-07-31,12,610000,ОЭС СИБИРИ,23474,23840
2026-07-31 13:00,2026-07-31,13,610000,ОЭС СИБИРИ,23449,23834
2026-07-31 14:00,2026-07-31,14,610000,ОЭС СИБИРИ,23550,24039
2026-07-31 15:00,2026-07-31,15,610000,ОЭС СИБИРИ,23147,23573
2026-07-31 16:00,2026-07-31,16,610000,ОЭС СИБИРИ,23072,23520
2026-07-31 17:00,2026-07-31,17,610000,ОЭС СИБИРИ,23439,23369
2026-07-31 18:00,2026-07-31,18,610000,ОЭС СИБИРИ,24026,23860
2026-07-31 19:00,2026-07-31,19,610000,ОЭС СИБИРИ,23330,23219
2026-07-31 20:00,2026-07-31,20,610000,ОЭС СИБИРИ,22680,22312
2026-07-31 21:00,2026-07-31,21,610000,ОЭС СИБИРИ,21597,21854
2026-07-31 22:00,2026-07-31,22,610000,ОЭС СИБИРИ,21612,21487
2026-07-31 23:00,2026-07-31,23,610000,ОЭС СИБИРИ,21652,21422
2026-08-01 00:00,2026-08-01,0,610000,ОЭС СИБИРИ,21599,21197
2026-08-01 01:00,2026-08-01,1,610000,ОЭС СИБИРИ,21611,21166
2026-08-01 02:00,2026-08-01,2,610000,ОЭС СИБИРИ,21202,21104
2026-08-01 03:00,2026-08-01,3,610000,ОЭС СИБИРИ,20826,21184
2026-08-01 04:00,2026-08-01,4,610000,ОЭС СИБИРИ,21765,21993
2026-08-01 05:00,2026-08-01,5,610000,ОЭС СИБИРИ,22678,22869
2026-08-01 06:00,2026-08-01,6,610000,ОЭС СИБИРИ,23683,23851
2026-08-01 07:00,2026-08-01,7,610000,ОЭС СИБИРИ,24007,24077
2026-08-01 08:00,2026-08-01,8,610000,ОЭС СИБИРИ,23731,24163
2026-08-01 09:00,2026-08-01,9,610000,ОЭС СИБИРИ,23932,24021
2026-08-01 10:00,2026-08-01,10,610000,ОЭС СИБИРИ,24043,23966
2026-08-01 11:00,2026-08-01,11,610000,ОЭС СИБИРИ,24054,24024
2026-08-01 12:00,2026-08-01,12,610000,ОЭС СИБИРИ,24275,24063
2026-08-01 13:00,2026-08-01,13,610000,ОЭС СИБИРИ,24400,24046
2026-08-01 14:00,2026-08-01,14,610000,ОЭС СИБИРИ,24060,23906
2026-08-01 15:00,2026-08-01,15,610000,ОЭС СИБИРИ,23865,23939
2026-08-01 16:00,2026-08-01,16,610000,ОЭС СИБИРИ,23833,23703
2026-08-01 17:00,2026-08-01,17,610000,ОЭС СИБИРИ,23596,23610
2026-08-01 18:00,2026-08-01,18,610000,ОЭС СИБИРИ,23648,23428
2026-08-01 19:00,2026-08-01,19,610000,ОЭС СИБИРИ,23267,23003
2026-08-01 20:00,2026-08-01,20,610000,ОЭС СИБИРИ,22590,22025
2026-08-01 21:00,2026-08-01,21,610000,ОЭС СИБИРИ,22269,21606
2026-08-01 22:00,2026-08-01,22,610000,ОЭС СИБИРИ,22138,21171
2026-08-01 23:00,2026-08-01,23,610000,ОЭС СИБИРИ,21907,21245
2026-08-02 00:00,2026-08-02,0,610000,ОЭС СИБИРИ,21890,21087
2026-08-02 01:00,2026-08-02,1,610000,ОЭС СИБИРИ,21952,20926
2026-08-02 02:00,2026-08-02,2,610000,ОЭС СИБИРИ,21906,21047
2026-08-02 03:00,2026-08-02,3,610000,ОЭС СИБИРИ,22228,21402
2026-08-02 04:00,2026-08-02,4,610000,ОЭС СИБИРИ,22664,22039
2026-08-02 05:00,2026-08-02,5,610000,ОЭС СИБИРИ,23311,22942
2026-08-02 06:00,2026-08-02,6,610000,ОЭС СИБИРИ,24207,23786
2026-08-02 07:00,2026-08-02,7,610000,ОЭС СИБИРИ,23493,23948
2026-08-02 08:00,2026-08-02,8,610000,ОЭС СИБИРИ,24119,24078
2026-08-02 09:00,2026-08-02,9,610000,ОЭС СИБИРИ,24591,24402
2026-08-02 10:00,2026-08-02,10,610000,ОЭС СИБИРИ,24129,24186
2026-08-02 11:00,2026-08-02,11,610000,ОЭС СИБИРИ,23825,24453
2026-08-02 12:00,2026-08-02,12,610000,ОЭС СИБИРИ,23705,24253
2026-08-02 13:00,2026-08-02,13,610000,ОЭС СИБИРИ,24020,24047
2026-08-02 14:00,2026-08-02,14,610000,ОЭС СИБИРИ,24287,24085
2026-08-02 15:00,2026-08-02,15,610000,ОЭС СИБИРИ,24389,24266
2026-08-02 16:00,2026-08-02,16,610000,ОЭС СИБИРИ,24023,23797
2026-08-02 17:00,2026-08-02,17,610000,ОЭС СИБИРИ,24201,24042
2026-08-02 18:00,2026-08-02,18,610000,ОЭС СИБИРИ,24376,23846
2026-08-02 19:00,2026-08-02,19,610000,ОЭС СИБИРИ,23493,22982
2026-08-02 20:00,2026-08-02,20,610000,ОЭС СИБИРИ,22756,22186
2026-08-02 21:00,2026-08-02,21,610000,ОЭС СИБИРИ,22214,21497
2026-08-02 22:00,2026-08-02,22,610000,ОЭС СИБИРИ,21909,21311
2026-08-02 23:00,2026-08-02,23,610000,ОЭС СИБИРИ,22058,20997
2026-08-03 00:00,2026-08-03,0,610000,ОЭС СИБИРИ,21559,21702
2026-08-03 01:00,2026-08-03,1,610000,ОЭС СИБИРИ,21932,20959
2026-08-03 02:00,2026-08-03,2,610000,ОЭС СИБИРИ,21974,21281
2026-08-03 03:00,2026-08-03,3,610000,ОЭС СИБИРИ,22559,22039
2026-08-03 04:00,2026-08-03,4,610000,ОЭС СИБИРИ,22555,22474
2026-08-03 05:00,2026-08-03,5,610000,ОЭС СИБИРИ,23386,23310
2026-08-03 06:00,2026-08-03,6,610000,ОЭС СИБИРИ,24149,23785
2026-08-03 07:00,2026-08-03,7,610000,ОЭС СИБИРИ,24125,24016
2026-08-03 08:00,2026-08-03,8,610000,ОЭС СИБИРИ,23821,23951
2026-08-03 09:00,2026-08-03,9,610000,ОЭС СИБИРИ,23926,23931
2026-08-03 10:00,2026-08-03,10,610000,ОЭС СИБИРИ,23878,24108
2026-08-03 11:00,2026-08-03,11,610000,ОЭС СИБИРИ,24307,24383
2026-08-03 12:00,2026-08-03,12,610000,ОЭС СИБИРИ,24304,24493
2026-08-03 13:00,2026-08-03,13,610000,ОЭС СИБИРИ,23827,23971
2026-08-03 14:00,2026-08-03,14,610000,ОЭС СИБИРИ,23606,23723
2026-08-03 15:00,2026-08-03,15,610000,ОЭС СИБИРИ,23709,23896
2026-08-03 16:00,2026-08-03,16,610000,ОЭС СИБИРИ,23639,23592
2026-08-03 17:00,2026-08-03,17,610000,ОЭС СИБИРИ,23290,23518
2026-08-03 18:00,2026-08-03,18,610000,ОЭС СИБИРИ,23860,23700
2026-08-03 19:00,2026-08-03,19,610000,ОЭС СИБИРИ,23091,22944
2026-08-03 20:00,2026-08-03,20,610000,ОЭС СИБИРИ,22559,22072
2026-08-03 21:00,2026-08-03,21,610000,ОЭС СИБИРИ,22098,21436
2026-08-03 22:00,2026-08-03,22,610000,ОЭС СИБИРИ,21702,21274
2026-08-03 23:00,2026-08-03,23,610000,ОЭС СИБИРИ,21892,21189
2026-08-04 00:00,2026-08-04,0,610000,ОЭС СИБИРИ,21805,21012
2026-08-04 01:00,2026-08-04,1,610000,ОЭС СИБИРИ,21660,20998
2026-08-04 02:00,2026-08-04,2,610000,ОЭС СИБИРИ,21639,21325
2026-08-04 03:00,2026-08-04,3,610000,ОЭС СИБИРИ,22245,22028
2026-08-04 04:00,2026-08-04,4,610000,ОЭС СИБИРИ,22149,22434
2026-08-04 05:00,2026-08-04,5,610000,ОЭС СИБИРИ,23180,23178
2026-08-04 06:00,2026-08-04,6,610000,ОЭС СИБИРИ,23826,23759
2026-08-04 07:00,2026-08-04,7,610000,ОЭС СИБИРИ,23580,23776
2026-08-04 08:00,2026-08-04,8,610000,ОЭС СИБИРИ,23221,23785
2026-08-04 09:00,2026-08-04,9,610000,ОЭС СИБИРИ,23413,23803
2026-08-04 10:00,2026-08-04,10,610000,ОЭС СИБИРИ,23465,23973
2026-08-04 11:00,2026-08-04,11,610000,ОЭС СИБИРИ,24104,24436
2026-08-04 12:00,2026-08-04,12,610000,ОЭС СИБИРИ,23894,24351
2026-08-04 13:00,2026-08-04,13,610000,ОЭС СИБИРИ,23781,23969
2026-08-04 14:00,2026-08-04,14,610000,ОЭС СИБИРИ,23972,23815
2026-08-04 15:00,2026-08-04,15,610000,ОЭС СИБИРИ,23862,23747
2026-08-04 16:00,2026-08-04,16,610000,ОЭС СИБИРИ,23383,23539
2026-08-04 17:00,2026-08-04,17,610000,ОЭС СИБИРИ,23402,23656
2026-08-04 18:00,2026-08-04,18,610000,ОЭС СИБИРИ,23549,23827
2026-08-04 19:00,2026-08-04,19,610000,ОЭС СИБИРИ,22907,22865
2026-08-04 20:00,2026-08-04,20,610000,ОЭС СИБИРИ,22776,22113
2026-08-04 21:00,2026-08-04,21,610000,ОЭС СИБИРИ,22478,21623
2026-08-04 22:00,2026-08-04,22,610000,ОЭС СИБИРИ,22451,21635
2026-08-04 23:00,2026-08-04,23,610000,ОЭС СИБИРИ,22079,21178
2026-08-05 00:00,2026-08-05,0,610000,ОЭС СИБИРИ,21415,21040
2026-08-05 01:00,2026-08-05,1,610000,ОЭС СИБИРИ,21785,21101
2026-08-05 02:00,2026-08-05,2,610000,ОЭС СИБИРИ,21916,21390
2026-08-05 03:00,2026-08-05,3,610000,ОЭС СИБИРИ,22447,22094
2026-08-05 04:00,2026-08-05,4,610000,ОЭС СИБИРИ,22525,22384
2026-08-05 05:00,2026-08-05,5,610000,ОЭС СИБИРИ,23201,23334
2026-08-05 06:00,2026-08-05,6,610000,ОЭС СИБИРИ,24059,23992
2026-08-05 07:00,2026-08-05,7,610000,ОЭС СИБИРИ,24022,23941
2026-08-05 08:00,2026-08-05,8,610000,ОЭС СИБИРИ,23916,23839
2026-08-05 09:00,2026-08-05,9,610000,ОЭС СИБИРИ,24119,23973
2026-08-05 10:00,2026-08-05,10,610000,ОЭС СИБИРИ,23985,24157
2026-08-05 11:00,2026-08-05,11,610000,ОЭС СИБИРИ,24645,24583
2026-08-05 12:00,2026-08-05,12,610000,ОЭС СИБИРИ,24789,24564
2026-08-05 13:00,2026-08-05,13,610000,ОЭС СИБИРИ,24085,24116
2026-08-05 14:00,2026-08-05,14,610000,ОЭС СИБИРИ,23954,23909
2026-08-05 15:00,2026-08-05,15,610000,ОЭС СИБИРИ,23785,23679
2026-08-05 16:00,2026-08-05,16,610000,ОЭС СИБИРИ,23553,23638
2026-08-05 17:00,2026-08-05,17,610000,ОЭС СИБИРИ,23469,23615
2026-08-05 18:00,2026-08-05,18,610000,ОЭС СИБИРИ,23868,23921
2026-08-05 19:00,2026-08-05,19,610000,ОЭС СИБИРИ,23216,23068
2026-08-05 20:00,2026-08-05,20,610000,ОЭС СИБИРИ,22711,22215
2026-08-05 21:00,2026-08-05,21,610000,ОЭС СИБИРИ,22596,21792
2026-08-05 22:00,2026-08-05,22,610000,ОЭС СИБИРИ,22451,21705
2026-08-05 23:00,2026-08-05,23,610000,ОЭС СИБИРИ,22489,21412
2026-08-06 00:00,2026-08-06,0,610000,ОЭС СИБИРИ,22413,21258
2026-08-06 01:00,2026-08-06,1,610000,ОЭС СИБИРИ,22276,21354
2026-08-06 02:00,2026-08-06,2,610000,ОЭС СИБИРИ,21876,21411
2026-08-06 03:00,2026-08-06,3,610000,ОЭС СИБИРИ,22524,22229
2026-08-06 04:00,2026-08-06,4,610000,ОЭС СИБИРИ,22978,22575
2026-08-06 05:00,2026-08-06,5,610000,ОЭС СИБИРИ,23548,23302
2026-08-06 06:00,2026-08-06,6,610000,ОЭС СИБИРИ,23987,23770
2026-08-06 07:00,2026-08-06,7,610000,ОЭС СИБИРИ,23953,23797
2026-08-06 08:00,2026-08-06,8,610000,ОЭС СИБИРИ,23426,23798
2026-08-06 09:00,2026-08-06,9,610000,ОЭС СИБИРИ,23567,23789
2026-08-06 10:00,2026-08-06,10,610000,ОЭС СИБИРИ,23698,24023
2026-08-06 11:00,2026-08-06,11,610000,ОЭС СИБИРИ,24411,24407
2026-08-06 12:00,2026-08-06,12,610000,ОЭС СИБИРИ,24488,24256
2026-08-06 13:00,2026-08-06,13,610000,ОЭС СИБИРИ,23932,23841
2026-08-06 14:00,2026-08-06,14,610000,ОЭС СИБИРИ,23518,23561
2026-08-06 15:00,2026-08-06,15,610000,ОЭС СИБИРИ,23444,23569
2026-08-06 16:00,2026-08-06,16,610000,ОЭС СИБИРИ,23223,23272
2026-08-06 17:00,2026-08-06,17,610000,ОЭС СИБИРИ,23238,23350
2026-08-06 18:00,2026-08-06,18,610000,ОЭС СИБИРИ,23317,23516
2026-08-06 19:00,2026-08-06,19,610000,ОЭС СИБИРИ,22988,22831
2026-08-06 20:00,2026-08-06,20,610000,ОЭС СИБИРИ,22349,22051
2026-08-06 21:00,2026-08-06,21,610000,ОЭС СИБИРИ,22290,21521
2026-08-06 22:00,2026-08-06,22,610000,ОЭС СИБИРИ,21290,21252
2026-08-06 23:00,2026-08-06,23,610000,ОЭС СИБИРИ,21665,20943
2026-08-07 00:00,2026-08-07,0,610000,ОЭС СИБИРИ,21891,20979
2026-08-07 01:00,2026-08-07,1,610000,ОЭС СИБИРИ,21971,21044
2026-08-07 02:00,2026-08-07,2,610000,ОЭС СИБИРИ,21335,21307
2026-08-07 03:00,2026-08-07,3,610000,ОЭС СИБИРИ,21885,21943
2026-08-07 04:00,2026-08-07,4,610000,ОЭС СИБИРИ,22063,22278
2026-08-07 05:00,2026-08-07,5,610000,ОЭС СИБИРИ,22615,22898
2026-08-07 06:00,2026-08-07,6,610000,ОЭС СИБИРИ,23370,23468
2026-08-07 07:00,2026-08-07,7,610000,ОЭС СИБИРИ,22905,23310
2026-08-07 08:00,2026-08-07,8,610000,ОЭС СИБИРИ,23402,23350
2026-08-07 09:00,2026-08-07,9,610000,ОЭС СИБИРИ,23108,23296
2026-08-07 10:00,2026-08-07,10,610000,ОЭС СИБИРИ,23386,23519
2026-08-07 11:00,2026-08-07,11,610000,ОЭС СИБИРИ,23977,23789
2026-08-07 12:00,2026-08-07,12,610000,ОЭС СИБИРИ,23944,23766
2026-08-07 13:00,2026-08-07,13,610000,ОЭС СИБИРИ,23642,23401
2026-08-07 14:00,2026-08-07,14,610000,ОЭС СИБИРИ,23275,23248
2026-08-07 15:00,2026-08-07,15,610000,ОЭС СИБИРИ,23290,23181
2026-08-07 16:00,2026-08-07,16,610000,ОЭС СИБИРИ,23455,23180
2026-08-07 17:00,2026-08-07,17,610000,ОЭС СИБИРИ,23229,23076
2026-08-07 18:00,2026-08-07,18,610000,ОЭС СИБИРИ,23485,23352
2026-08-07 19:00,2026-08-07,19,610000,ОЭС СИБИРИ,22605,22504
2026-08-07 20:00,2026-08-07,20,610000,ОЭС СИБИРИ,22337,21947
2026-08-07 21:00,2026-08-07,21,610000,ОЭС СИБИРИ,21967,21557
2026-08-07 22:00,2026-08-07,22,610000,ОЭС СИБИРИ,21597,21246
2026-08-07 23:00,2026-08-07,23,610000,ОЭС СИБИРИ,21627,21017
2026-08-08 00:00,2026-08-08,0,610000,ОЭС СИБИРИ,21452,20917
2026-08-08 01:00,2026-08-08,1,610000,ОЭС СИБИРИ,21539,21016
2026-08-08 02:00,2026-08-08,2,610000,ОЭС СИБИРИ,21285,20961
2026-08-08 03:00,2026-08-08,3,610000,ОЭС СИБИРИ,21664,21468
2026-08-08 04:00,2026-08-08,4,610000,ОЭС СИБИРИ,22042,22013
2026-08-08 05:00,2026-08-08,5,610000,ОЭС СИБИРИ,23040,22931
2026-08-08 06:00,2026-08-08,6,610000,ОЭС СИБИРИ,23704,23625
2026-08-08 07:00,2026-08-08,7,610000,ОЭС СИБИРИ,23818,23734
2026-08-08 08:00,2026-08-08,8,610000,ОЭС СИБИРИ,23953,23760
2026-08-08 09:00,2026-08-08,9,610000,ОЭС СИБИРИ,24150,23828
2026-08-08 10:00,2026-08-08,10,610000,ОЭС СИБИРИ,23641,23677
2026-08-08 11:00,2026-08-08,11,610000,ОЭС СИБИРИ,23979,23851
2026-08-08 12:00,2026-08-08,12,610000,ОЭС СИБИРИ,23557,23753
2026-08-08 13:00,2026-08-08,13,610000,ОЭС СИБИРИ,23555,23655
2026-08-08 14:00,2026-08-08,14,610000,ОЭС СИБИРИ,23575,23778
2026-08-08 15:00,2026-08-08,15,610000,ОЭС СИБИРИ,23476,23620
2026-08-08 16:00,2026-08-08,16,610000,ОЭС СИБИРИ,23396,23253
2026-08-08 17:00,2026-08-08,17,610000,ОЭС СИБИРИ,23448,23445
2026-08-08 18:00,2026-08-08,18,610000,ОЭС СИБИРИ,23269,23113
2026-08-08 19:00,2026-08-08,19,610000,ОЭС СИБИРИ,22682,22518
2026-08-08 20:00,2026-08-08,20,610000,ОЭС СИБИРИ,21849,21706
2026-08-08 21:00,2026-08-08,21,610000,ОЭС СИБИРИ,21954,21595
2026-08-08 22:00,2026-08-08,22,610000,ОЭС СИБИРИ,21622,21134
2026-08-08 23:00,2026-08-08,23,610000,ОЭС СИБИРИ,21470,20948
2026-08-09 00:00,2026-08-09,0,610000,ОЭС СИБИРИ,20641,20577
2026-08-09 01:00,2026-08-09,1,610000,ОЭС СИБИРИ,21664,20973
2026-08-09 02:00,2026-08-09,2,610000,ОЭС СИБИРИ,21806,21145
2026-08-09 03:00,2026-08-09,3,610000,ОЭС СИБИРИ,21813,21287
2026-08-09 04:00,2026-08-09,4,610000,ОЭС СИБИРИ,22365,21998
2026-08-09 05:00,2026-08-09,5,610000,ОЭС СИБИРИ,23055,22761
2026-08-09 06:00,2026-08-09,6,610000,ОЭС СИБИРИ,23866,23595
2026-08-09 07:00,2026-08-09,7,610000,ОЭС СИБИРИ,24163,23841
2026-08-09 08:00,2026-08-09,8,610000,ОЭС СИБИРИ,24262,23964
2026-08-09 09:00,2026-08-09,9,610000,ОЭС СИБИРИ,23925,23694
2026-08-09 10:00,2026-08-09,10,610000,ОЭС СИБИРИ,23795,23746
2026-08-09 11:00,2026-08-09,11,610000,ОЭС СИБИРИ,24239,23915
2026-08-09 12:00,2026-08-09,12,610000,ОЭС СИБИРИ,24125,23837
2026-08-09 13:00,2026-08-09,13,610000,ОЭС СИБИРИ,24199,24095
2026-08-09 14:00,2026-08-09,14,610000,ОЭС СИБИРИ,24062,24065
2026-08-09 15:00,2026-08-09,15,610000,ОЭС СИБИРИ,24095,24000
2026-08-09 16:00,2026-08-09,16,610000,ОЭС СИБИРИ,24279,23930
2026-08-09 17:00,2026-08-09,17,610000,ОЭС СИБИРИ,23933,23687
2026-08-09 18:00,2026-08-09,18,610000,ОЭС СИБИРИ,23310,23345
2026-08-09 19:00,2026-08-09,19,610000,ОЭС СИБИРИ,22991,22738
2026-08-09 20:00,2026-08-09,20,610000,ОЭС СИБИРИ,22067,21712
2026-08-09 21:00,2026-08-09,21,610000,ОЭС СИБИРИ,22082,21581
2026-08-09 22:00,2026-08-09,22,610000,ОЭС СИБИРИ,21627,21350
2026-08-09 23:00,2026-08-09,23,610000,ОЭС СИБИРИ,21690,21024
2026-08-10 00:00,2026-08-10,0,610000,ОЭС СИБИРИ,21363,20968
2026-08-10 01:00,2026-08-10,1,610000,ОЭС СИБИРИ,21559,21051
2026-08-10 02:00,2026-08-10,2,610000,ОЭС СИБИРИ,21819,21439
2026-08-10 03:00,2026-08-10,3,610000,ОЭС СИБИРИ,21911,22069
2026-08-10 04:00,2026-08-10,4,610000,ОЭС СИБИРИ,22082,22423
2026-08-10 05:00,2026-08-10,5,610000,ОЭС СИБИРИ,22506,22980
2026-08-10 06:00,2026-08-10,6,610000,ОЭС СИБИРИ,23768,23758
2026-08-10 07:00,2026-08-10,7,610000,ОЭС СИБИРИ,23703,23733
2026-08-10 08:00,2026-08-10,8,610000,ОЭС СИБИРИ,23926,23977
2026-08-10 09:00,2026-08-10,9,610000,ОЭС СИБИРИ,23831,23868
2026-08-10 10:00,2026-08-10,10,610000,ОЭС СИБИРИ,23586,23923
2026-08-10 11:00,2026-08-10,11,610000,ОЭС СИБИРИ,24168,24375
2026-08-10 12:00,2026-08-10,12,610000,ОЭС СИБИРИ,24297,24326
2026-08-10 13:00,2026-08-10,13,610000,ОЭС СИБИРИ,23789,23957
2026-08-10 14:00,2026-08-10,14,610000,ОЭС СИБИРИ,23721,23705
2026-08-10 15:00,2026-08-10,15,610000,ОЭС СИБИРИ,23666,23576
2026-08-10 16:00,2026-08-10,16,610000,ОЭС СИБИРИ,23485,23349
2026-08-10 17:00,2026-08-10,17,610000,ОЭС СИБИРИ,23803,23666
2026-08-10 18:00,2026-08-10,18,610000,ОЭС СИБИРИ,24191,23863
2026-08-10 19:00,2026-08-10,19,610000,ОЭС СИБИРИ,23210,22948
2026-08-10 20:00,2026-08-10,20,610000,ОЭС СИБИРИ,22496,21986
2026-08-10 21:00,2026-08-10,21,610000,ОЭС СИБИРИ,21865,21415
2026-08-10 22:00,2026-08-10,22,610000,ОЭС СИБИРИ,21557,21148
2026-08-10 23:00,2026-08-10,23,610000,ОЭС СИБИРИ,21589,21030
2026-08-11 00:00,2026-08-11,0,610000,ОЭС СИБИРИ,21387,20821
2026-08-11 01:00,2026-08-11,1,610000,ОЭС СИБИРИ,21276,20935
2026-08-11 02:00,2026-08-11,2,610000,ОЭС СИБИРИ,21467,21261
2026-08-11 03:00,2026-08-11,3,610000,ОЭС СИБИРИ,21734,21900
2026-08-11 04:00,2026-08-11,4,610000,ОЭС СИБИРИ,22452,22182
2026-08-11 05:00,2026-08-11,5,610000,ОЭС СИБИРИ,23018,23000
2026-08-11 06:00,2026-08-11,6,610000,ОЭС СИБИРИ,23483,23455
2026-08-11 07:00,2026-08-11,7,610000,ОЭС СИБИРИ,23452,23616
2026-08-11 08:00,2026-08-11,8,610000,ОЭС СИБИРИ,23454,23647
2026-08-11 09:00,2026-08-11,9,610000,ОЭС СИБИРИ,23345,23594
2026-08-11 10:00,2026-08-11,10,610000,ОЭС СИБИРИ,23442,23703
2026-08-11 11:00,2026-08-11,11,610000,ОЭС СИБИРИ,23844,24106
2026-08-11 12:00,2026-08-11,12,610000,ОЭС СИБИРИ,23873,23974
2026-08-11 13:00,2026-08-11,13,610000,ОЭС СИБИРИ,23635,23934
2026-08-11 14:00,2026-08-11,14,610000,ОЭС СИБИРИ,23565,23765
2026-08-11 15:00,2026-08-11,15,610000,ОЭС СИБИРИ,23284,23578
2026-08-11 16:00,2026-08-11,16,610000,ОЭС СИБИРИ,23218,23359
2026-08-11 17:00,2026-08-11,17,610000,ОЭС СИБИРИ,23523,23560
2026-08-11 18:00,2026-08-11,18,610000,ОЭС СИБИРИ,23823,23823
2026-08-11 19:00,2026-08-11,19,610000,ОЭС СИБИРИ,22830,22760
2026-08-11 20:00,2026-08-11,20,610000,ОЭС СИБИРИ,22147,21889
2026-08-11 21:00,2026-08-11,21,610000,ОЭС СИБИРИ,21736,21378
2026-08-11 22:00,2026-08-11,22,610000,ОЭС СИБИРИ,21596,21206
2026-08-11 23:00,2026-08-11,23,610000,ОЭС СИБИРИ,21711,21010
2026-08-12 00:00,2026-08-12,0,610000,ОЭС СИБИРИ,21544,20931
2026-08-12 01:00,2026-08-12,1,610000,ОЭС СИБИРИ,21464,20894
2026-08-12 02:00,2026-08-12,2,610000,ОЭС СИБИРИ,21759,21360
2026-08-12 03:00,2026-08-12,3,610000,ОЭС СИБИРИ,22117,22003
2026-08-12 04:00,2026-08-12,4,610000,ОЭС СИБИРИ,22600,22362
2026-08-12 05:00,2026-08-12,5,610000,ОЭС СИБИРИ,22808,22860
2026-08-12 06:00,2026-08-12,6,610000,ОЭС СИБИРИ,23542,23723
2026-08-12 07:00,2026-08-12,7,610000,ОЭС СИБИРИ,23707,23953
2026-08-12 08:00,2026-08-12,8,610000,ОЭС СИБИРИ,23536,23810
2026-08-12 09:00,2026-08-12,9,610000,ОЭС СИБИРИ,23570,23652
2026-08-12 10:00,2026-08-12,10,610000,ОЭС СИБИРИ,23841,23933
2026-08-12 11:00,2026-08-12,11,610000,ОЭС СИБИРИ,23914,24400
2026-08-12 12:00,2026-08-12,12,610000,ОЭС СИБИРИ,23988,24429
2026-08-12 13:00,2026-08-12,13,610000,ОЭС СИБИРИ,23834,24015
2026-08-12 14:00,2026-08-12,14,610000,ОЭС СИБИРИ,23768,23935
2026-08-12 15:00,2026-08-12,15,610000,ОЭС СИБИРИ,23904,23832
2026-08-12 16:00,2026-08-12,16,610000,ОЭС СИБИРИ,23770,23716
2026-08-12 17:00,2026-08-12,17,610000,ОЭС СИБИРИ,23494,23632
2026-08-12 18:00,2026-08-12,18,610000,ОЭС СИБИРИ,23424,23660
2026-08-12 19:00,2026-08-12,19,610000,ОЭС СИБИРИ,22986,22944
2026-08-12 20:00,2026-08-12,20,610000,ОЭС СИБИРИ,22433,22094
2026-08-12 21:00,2026-08-12,21,610000,ОЭС СИБИРИ,21745,21509
2026-08-12 22:00,2026-08-12,22,610000,ОЭС СИБИРИ,21695,21273
2026-08-12 23:00,2026-08-12,23,610000,ОЭС СИБИРИ,21526,21007
2026-08-13 00:00,2026-08-13,0,610000,ОЭС СИБИРИ,21379,21014
2026-08-13 01:00,2026-08-13,1,610000,ОЭС СИБИРИ,21378,20974
2026-08-13 02:00,2026-08-13,2,610000,ОЭС СИБИРИ,21619,21404
2026-08-13 03:00,2026-08-13,3,610000,ОЭС СИБИРИ,22088,21973
2026-08-13 04:00,2026-08-13,4,610000,ОЭС СИБИРИ,22767,22518
2026-08-13 05:00,2026-08-13,5,610000,ОЭС СИБИРИ,22903,22961
2026-08-13 06:00,2026-08-13,6,610000,ОЭС СИБИРИ,23715,23688
2026-08-13 07:00,2026-08-13,7,610000,ОЭС СИБИРИ,23658,23766
2026-08-13 08:00,2026-08-13,8,610000,ОЭС СИБИРИ,23731,23747
2026-08-13 09:00,2026-08-13,9,610000,ОЭС СИБИРИ,23611,23703
2026-08-13 10:00,2026-08-13,10,610000,ОЭС СИБИРИ,23812,23838
2026-08-13 11:00,2026-08-13,11,610000,ОЭС СИБИРИ,24220,24130
2026-08-13 12:00,2026-08-13,12,610000,ОЭС СИБИРИ,24151,24155
2026-08-13 13:00,2026-08-13,13,610000,ОЭС СИБИРИ,23949,23820
2026-08-13 14:00,2026-08-13,14,610000,ОЭС СИБИРИ,23280,23351
2026-08-13 15:00,2026-08-13,15,610000,ОЭС СИБИРИ,23646,23595
2026-08-13 16:00,2026-08-13,16,610000,ОЭС СИБИРИ,23347,23424
2026-08-13 17:00,2026-08-13,17,610000,ОЭС СИБИРИ,23246,23472
2026-08-13 18:00,2026-08-13,18,610000,ОЭС СИБИРИ,23923,23946
2026-08-13 19:00,2026-08-13,19,610000,ОЭС СИБИРИ,22967,22902
2026-08-13 20:00,2026-08-13,20,610000,ОЭС СИБИРИ,21625,21722
2026-08-13 21:00,2026-08-13,21,610000,ОЭС СИБИРИ,21554,21397
2026-08-13 22:00,2026-08-13,22,610000,ОЭС СИБИРИ,21455,21062
2026-08-13 23:00,2026-08-13,23,610000,ОЭС СИБИРИ,20684,20886
2026-08-14 00:00,2026-08-14,0,610000,ОЭС СИБИРИ,20683,20825
2026-08-14 01:00,2026-08-14,1,610000,ОЭС СИБИРИ,21282,20916
2026-08-14 02:00,2026-08-14,2,610000,ОЭС СИБИРИ,21443,21114
2026-08-14 03:00,2026-08-14,3,610000,ОЭС СИБИРИ,22000,22070
2026-08-14 04:00,2026-08-14,4,610000,ОЭС СИБИРИ,22410,22220
2026-08-14 05:00,2026-08-14,5,610000,ОЭС СИБИРИ,22951,22993
2026-08-14 06:00,2026-08-14,6,610000,ОЭС СИБИРИ,23200,23394
2026-08-14 07:00,2026-08-14,7,610000,ОЭС СИБИРИ,23490,23627
2026-08-14 08:00,2026-08-14,8,610000,ОЭС СИБИРИ,23381,23498
2026-08-14 09:00,2026-08-14,9,610000,ОЭС СИБИРИ,23345,23529
2026-08-14 10:00,2026-08-14,10,610000,ОЭС СИБИРИ,23387,23482
2026-08-14 11:00,2026-08-14,11,610000,ОЭС СИБИРИ,23992,24106
2026-08-14 12:00,2026-08-14,12,610000,ОЭС СИБИРИ,24030,24195
2026-08-14 13:00,2026-08-14,13,610000,ОЭС СИБИРИ,23153,23747
2026-08-14 14:00,2026-08-14,14,610000,ОЭС СИБИРИ,23043,23653
2026-08-14 15:00,2026-08-14,15,610000,ОЭС СИБИРИ,23468,23582
2026-08-14 16:00,2026-08-14,16,610000,ОЭС СИБИРИ,23102,23325
2026-08-14 17:00,2026-08-14,17,610000,ОЭС СИБИРИ,23309,23315
2026-08-14 18:00,2026-08-14,18,610000,ОЭС СИБИРИ,23789,23689
2026-08-14 19:00,2026-08-14,19,610000,ОЭС СИБИРИ,23023,22979
2026-08-14 20:00,2026-08-14,20,610000,ОЭС СИБИРИ,22339,22093
2026-08-14 21:00,2026-08-14,21,610000,ОЭС СИБИРИ,21907,21601
2026-08-14 22:00,2026-08-14,22,610000,ОЭС СИБИРИ,21664,21235
2026-08-14 23:00,2026-08-14,23,610000,ОЭС СИБИРИ,21661,21260
2026-08-15 00:00,2026-08-15,0,610000,ОЭС СИБИРИ,21592,21104
2026-08-15 01:00,2026-08-15,1,610000,ОЭС СИБИРИ,21501,21107
2026-08-15 02:00,2026-08-15,2,610000,ОЭС СИБИРИ,21586,21261
2026-08-15 03:00,2026-08-15,3,610000,ОЭС СИБИРИ,21958,21724
2026-08-15 04:00,2026-08-15,4,610000,ОЭС СИБИРИ,22410,22315
2026-08-15 05:00,2026-08-15,5,610000,ОЭС СИБИРИ,23261,23231
2026-08-15 06:00,2026-08-15,6,610000,ОЭС СИБИРИ,23729,23771
2026-08-15 07:00,2026-08-15,7,610000,ОЭС СИБИРИ,23929,24186
2026-08-15 08:00,2026-08-15,8,610000,ОЭС СИБИРИ,23975,24054
2026-08-15 09:00,2026-08-15,9,610000,ОЭС СИБИРИ,23763,23985
2026-08-15 10:00,2026-08-15,10,610000,ОЭС СИБИРИ,23800,23882
2026-08-15 11:00,2026-08-15,11,610000,ОЭС СИБИРИ,23634,23850
2026-08-15 12:00,2026-08-15,12,610000,ОЭС СИБИРИ,23298,23616
2026-08-15 13:00,2026-08-15,13,610000,ОЭС СИБИРИ,23563,23732
2026-08-15 14:00,2026-08-15,14,610000,ОЭС СИБИРИ,23815,23850
2026-08-15 15:00,2026-08-15,15,610000,ОЭС СИБИРИ,23807,23748
2026-08-15 16:00,2026-08-15,16,610000,ОЭС СИБИРИ,23679,23529
2026-08-15 17:00,2026-08-15,17,610000,ОЭС СИБИРИ,23658,23597
2026-08-15 18:00,2026-08-15,18,610000,ОЭС СИБИРИ,23478,23322
2026-08-15 19:00,2026-08-15,19,610000,ОЭС СИБИРИ,22865,22576
2026-08-15 20:00,2026-08-15,20,610000,ОЭС СИБИРИ,22193,21894
2026-08-15 21:00,2026-08-15,21,610000,ОЭС СИБИРИ,21869,21560
2026-08-15 22:00,2026-08-15,22,610000,ОЭС СИБИРИ,21258,21193
2026-08-15 23:00,2026-08-15,23,610000,ОЭС СИБИРИ,21361,21016
2026-08-16 00:00,2026-08-16,0,610000,ОЭС СИБИРИ,21553,20877
2026-08-16 01:00,2026-08-16,1,610000,ОЭС СИБИРИ,21377,20993
2026-08-16 02:00,2026-08-16,2,610000,ОЭС СИБИРИ,21495,20966
2026-08-16 03:00,2026-08-16,3,610000,ОЭС СИБИРИ,22006,21470
2026-08-16 04:00,2026-08-16,4,610000,ОЭС СИБИРИ,22421,22041
2026-08-16 05:00,2026-08-16,5,610000,ОЭС СИБИРИ,22853,22921
2026-08-16 06:00,2026-08-16,6,610000,ОЭС СИБИРИ,23348,23510
2026-08-16 07:00,2026-08-16,7,610000,ОЭС СИБИРИ,23565,23914
2026-08-16 08:00,2026-08-16,8,610000,ОЭС СИБИРИ,23476,23887
2026-08-16 09:00,2026-08-16,9,610000,ОЭС СИБИРИ,23704,23937
2026-08-16 10:00,2026-08-16,10,610000,ОЭС СИБИРИ,23692,23825
2026-08-16 11:00,2026-08-16,11,610000,ОЭС СИБИРИ,23952,24083
2026-08-16 12:00,2026-08-16,12,610000,ОЭС СИБИРИ,23875,23908
2026-08-16 13:00,2026-08-16,13,610000,ОЭС СИБИРИ,23924,23999
2026-08-16 14:00,2026-08-16,14,610000,ОЭС СИБИРИ,24033,24107
2026-08-16 15:00,2026-08-16,15,610000,ОЭС СИБИРИ,23536,24079
2026-08-16 16:00,2026-08-16,16,610000,ОЭС СИБИРИ,23786,23824
2026-08-16 17:00,2026-08-16,17,610000,ОЭС СИБИРИ,23531,23915
2026-08-16 18:00,2026-08-16,18,610000,ОЭС СИБИРИ,22967,23513
2026-08-16 19:00,2026-08-16,19,610000,ОЭС СИБИРИ,22427,22810
2026-08-16 20:00,2026-08-16,20,610000,ОЭС СИБИРИ,21778,21886
2026-08-16 21:00,2026-08-16,21,610000,ОЭС СИБИРИ,21602,21530
2026-08-16 22:00,2026-08-16,22,610000,ОЭС СИБИРИ,20947,21220
2026-08-16 23:00,2026-08-16,23,610000,ОЭС СИБИРИ,21172,20919
2026-08-17 00:00,2026-08-17,0,610000,ОЭС СИБИРИ,21259,20839
2026-08-17 01:00,2026-08-17,1,610000,ОЭС СИБИРИ,21411,20807
2026-08-17 02:00,2026-08-17,2,610000,ОЭС СИБИРИ,21969,21444
2026-08-17 03:00,2026-08-17,3,610000,ОЭС СИБИРИ,22168,21970
2026-08-17 04:00,2026-08-17,4,610000,ОЭС СИБИРИ,22624,22621
2026-08-17 05:00,2026-08-17,5,610000,ОЭС СИБИРИ,22772,22994
2026-08-17 06:00,2026-08-17,6,610000,ОЭС СИБИРИ,23174,23472
2026-08-17 07:00,2026-08-17,7,610000,ОЭС СИБИРИ,23358,23632
2026-08-17 08:00,2026-08-17,8,610000,ОЭС СИБИРИ,23419,23678
2026-08-17 09:00,2026-08-17,9,610000,ОЭС СИБИРИ,23494,23634
2026-08-17 10:00,2026-08-17,10,610000,ОЭС СИБИРИ,23717,23875
2026-08-17 11:00,2026-08-17,11,610000,ОЭС СИБИРИ,24087,24174
2026-08-17 12:00,2026-08-17,12,610000,ОЭС СИБИРИ,24220,24200
2026-08-17 13:00,2026-08-17,13,610000,ОЭС СИБИРИ,23801,23757
2026-08-17 14:00,2026-08-17,14,610000,ОЭС СИБИРИ,23610,23697
2026-08-17 15:00,2026-08-17,15,610000,ОЭС СИБИРИ,23855,23849
2026-08-17 16:00,2026-08-17,16,610000,ОЭС СИБИРИ,23594,23386
2026-08-17 17:00,2026-08-17,17,610000,ОЭС СИБИРИ,23485,23499
2026-08-17 18:00,2026-08-17,18,610000,ОЭС СИБИРИ,23674,23665
2026-08-17 19:00,2026-08-17,19,610000,ОЭС СИБИРИ,23088,22788
2026-08-17 20:00,2026-08-17,20,610000,ОЭС СИБИРИ,22341,21945
2026-08-17 21:00,2026-08-17,21,610000,ОЭС СИБИРИ,21942,21534
2026-08-17 22:00,2026-08-17,22,610000,ОЭС СИБИРИ,21816,21462
2026-08-17 23:00,2026-08-17,23,610000,ОЭС СИБИРИ,21753,21185
2026-08-18 00:00,2026-08-18,0,610000,ОЭС СИБИРИ,21429,20937
2026-08-18 01:00,2026-08-18,1,610000,ОЭС СИБИРИ,21781,21224
2026-08-18 02:00,2026-08-18,2,610000,ОЭС СИБИРИ,21666,21444
2026-08-18 03:00,2026-08-18,3,610000,ОЭС СИБИРИ,22543,22224
2026-08-18 04:00,2026-08-18,4,610000,ОЭС СИБИРИ,22611,22395
2026-08-18 05:00,2026-08-18,5,610000,ОЭС СИБИРИ,23073,22961
2026-08-18 06:00,2026-08-18,6,610000,ОЭС СИБИРИ,23464,23497
2026-08-18 07:00,2026-08-18,7,610000,ОЭС СИБИРИ,23421,23373
2026-08-18 08:00,2026-08-18,8,610000,ОЭС СИБИРИ,23457,23409
2026-08-18 09:00,2026-08-18,9,610000,ОЭС СИБИРИ,23291,23254
2026-08-18 10:00,2026-08-18,10,610000,ОЭС СИБИРИ,23418,23455
2026-08-18 11:00,2026-08-18,11,610000,ОЭС СИБИРИ,24062,24051
2026-08-18 12:00,2026-08-18,12,610000,ОЭС СИБИРИ,23953,24096
2026-08-18 13:00,2026-08-18,13,610000,ОЭС СИБИРИ,23712,23632
2026-08-18 14:00,2026-08-18,14,610000,ОЭС СИБИРИ,23673,23658
2026-08-18 15:00,2026-08-18,15,610000,ОЭС СИБИРИ,23830,23671
2026-08-18 16:00,2026-08-18,16,610000,ОЭС СИБИРИ,23726,23509
2026-08-18 17:00,2026-08-18,17,610000,ОЭС СИБИРИ,23646,23512
2026-08-18 18:00,2026-08-18,18,610000,ОЭС СИБИРИ,23811,23558
2026-08-18 19:00,2026-08-18,19,610000,ОЭС СИБИРИ,23064,22726
2026-08-18 20:00,2026-08-18,20,610000,ОЭС СИБИРИ,22297,21896
2026-08-18 21:00,2026-08-18,21,610000,ОЭС СИБИРИ,22072,21574
2026-08-18 22:00,2026-08-18,22,610000,ОЭС СИБИРИ,21836,21275
2026-08-18 23:00,2026-08-18,23,610000,ОЭС СИБИРИ,21913,21273
2026-08-19 00:00,2026-08-19,0,610000,ОЭС СИБИРИ,21886,21093
2026-08-19 01:00,2026-08-19,1,610000,ОЭС СИБИРИ,21877,21252
2026-08-19 02:00,2026-08-19,2,610000,ОЭС СИБИРИ,21807,21417
2026-08-19 03:00,2026-08-19,3,610000,ОЭС СИБИРИ,22317,22108
2026-08-19 04:00,2026-08-19,4,610000,ОЭС СИБИРИ,22464,22491
2026-08-19 05:00,2026-08-19,5,610000,ОЭС СИБИРИ,22886,23070
2026-08-19 06:00,2026-08-19,6,610000,ОЭС СИБИРИ,23248,23500
2026-08-19 07:00,2026-08-19,7,610000,ОЭС СИБИРИ,23292,23669
2026-08-19 08:00,2026-08-19,8,610000,ОЭС СИБИРИ,23044,23350
2026-08-19 09:00,2026-08-19,9,610000,ОЭС СИБИРИ,23080,23338
2026-08-19 10:00,2026-08-19,10,610000,ОЭС СИБИРИ,23577,23433
2026-08-19 11:00,2026-08-19,11,610000,ОЭС СИБИРИ,24049,24090
2026-08-19 12:00,2026-08-19,12,610000,ОЭС СИБИРИ,23937,23915
2026-08-19 13:00,2026-08-19,13,610000,ОЭС СИБИРИ,23624,23543
2026-08-19 14:00,2026-08-19,14,610000,ОЭС СИБИРИ,23273,23421
2026-08-19 15:00,2026-08-19,15,610000,ОЭС СИБИРИ,23552,23627
2026-08-19 16:00,2026-08-19,16,610000,ОЭС СИБИРИ,23415,23534
2026-08-19 17:00,2026-08-19,17,610000,ОЭС СИБИРИ,23642,23660
2026-08-19 18:00,2026-08-19,18,610000,ОЭС СИБИРИ,23539,23668
2026-08-19 19:00,2026-08-19,19,610000,ОЭС СИБИРИ,23087,22856
2026-08-19 20:00,2026-08-19,20,610000,ОЭС СИБИРИ,22460,22086
2026-08-19 21:00,2026-08-19,21,610000,ОЭС СИБИРИ,21796,21609
2026-08-19 22:00,2026-08-19,22,610000,ОЭС СИБИРИ,21523,21359
2026-08-19 23:00,2026-08-19,23,610000,ОЭС СИБИРИ,21314,21103
2026-08-20 00:00,2026-08-20,0,610000,ОЭС СИБИРИ,21497,21135
2026-08-20 01:00,2026-08-20,1,610000,ОЭС СИБИРИ,21613,21235
2026-08-20 02:00,2026-08-20,2,610000,ОЭС СИБИРИ,21962,21699
2026-08-20 03:00,2026-08-20,3,610000,ОЭС СИБИРИ,21974,22276
2026-08-20 04:00,2026-08-20,4,610000,ОЭС СИБИРИ,22498,22573
2026-08-20 05:00,2026-08-20,5,610000,ОЭС СИБИРИ,22665,23012
2026-08-20 06:00,2026-08-20,6,610000,ОЭС СИБИРИ,22930,23424
2026-08-20 07:00,2026-08-20,7,610000,ОЭС СИБИРИ,22903,23470
2026-08-20 08:00,2026-08-20,8,610000,ОЭС СИБИРИ,23184,23497
2026-08-20 09:00,2026-08-20,9,610000,ОЭС СИБИРИ,23152,23408
2026-08-20 10:00,2026-08-20,10,610000,ОЭС СИБИРИ,23302,23572
2026-08-20 11:00,2026-08-20,11,610000,ОЭС СИБИРИ,23705,24149
2026-08-20 12:00,2026-08-20,12,610000,ОЭС СИБИРИ,23799,23845
2026-08-20 13:00,2026-08-20,13,610000,ОЭС СИБИРИ,23403,23485
2026-08-20 14:00,2026-08-20,14,610000,ОЭС СИБИРИ,23310,23518
2026-08-20 15:00,2026-08-20,15,610000,ОЭС СИБИРИ,23284,23319
2026-08-20 16:00,2026-08-20,16,610000,ОЭС СИБИРИ,23697,23512
2026-08-20 17:00,2026-08-20,17,610000,ОЭС СИБИРИ,23408,23576
2026-08-20 18:00,2026-08-20,18,610000,ОЭС СИБИРИ,23874,23907
2026-08-20 19:00,2026-08-20,19,610000,ОЭС СИБИРИ,23197,23024
2026-08-20 20:00,2026-08-20,20,610000,ОЭС СИБИРИ,22435,22128
2026-08-20 21:00,2026-08-20,21,610000,ОЭС СИБИРИ,22092,21614
2026-08-20 22:00,2026-08-20,22,610000,ОЭС СИБИРИ,21679,21337
2026-08-20 23:00,2026-08-20,23,610000,ОЭС СИБИРИ,21589,21283
2026-08-21 00:00,2026-08-21,0,610000,ОЭС СИБИРИ,21518,21126
2026-08-21 01:00,2026-08-21,1,610000,ОЭС СИБИРИ,21825,21288
2026-08-21 02:00,2026-08-21,2,610000,ОЭС СИБИРИ,21845,21519
2026-08-21 03:00,2026-08-21,3,610000,ОЭС СИБИРИ,22386,22240
2026-08-21 04:00,2026-08-21,4,610000,ОЭС СИБИРИ,22592,22527
2026-08-21 05:00,2026-08-21,5,610000,ОЭС СИБИРИ,22889,23074
2026-08-21 06:00,2026-08-21,6,610000,ОЭС СИБИРИ,23276,23621
2026-08-21 07:00,2026-08-21,7,610000,ОЭС СИБИРИ,23244,23597
2026-08-21 08:00,2026-08-21,8,610000,ОЭС СИБИРИ,23199,23465
2026-08-21 09:00,2026-08-21,9,610000,ОЭС СИБИРИ,23234,23400
2026-08-21 10:00,2026-08-21,10,610000,ОЭС СИБИРИ,23286,23504
2026-08-21 11:00,2026-08-21,11,610000,ОЭС СИБИРИ,23777,24072
2026-08-21 12:00,2026-08-21,12,610000,ОЭС СИБИРИ,23605,24014
2026-08-21 13:00,2026-08-21,13,610000,ОЭС СИБИРИ,23035,23388
2026-08-21 14:00,2026-08-21,14,610000,ОЭС СИБИРИ,23086,23490
2026-08-21 15:00,2026-08-21,15,610000,ОЭС СИБИРИ,22930,23495
2026-08-21 16:00,2026-08-21,16,610000,ОЭС СИБИРИ,23404,23566
2026-08-21 17:00,2026-08-21,17,610000,ОЭС СИБИРИ,23504,23682
2026-08-21 18:00,2026-08-21,18,610000,ОЭС СИБИРИ,23520,23819
2026-08-21 19:00,2026-08-21,19,610000,ОЭС СИБИРИ,22905,22932
2026-08-21 20:00,2026-08-21,20,610000,ОЭС СИБИРИ,22794,22163
2026-08-21 21:00,2026-08-21,21,610000,ОЭС СИБИРИ,22227,21926
2026-08-21 22:00,2026-08-21,22,610000,ОЭС СИБИРИ,22219,21779
2026-08-21 23:00,2026-08-21,23,610000,ОЭС СИБИРИ,21861,21462
2026-08-22 00:00,2026-08-22,0,610000,ОЭС СИБИРИ,21922,21402
2026-08-22 01:00,2026-08-22,1,610000,ОЭС СИБИРИ,21852,21304
2026-08-22 02:00,2026-08-22,2,610000,ОЭС СИБИРИ,21638,21350
2026-08-22 03:00,2026-08-22,3,610000,ОЭС СИБИРИ,22017,21812
2026-08-22 04:00,2026-08-22,4,610000,ОЭС СИБИРИ,22343,22386
2026-08-22 05:00,2026-08-22,5,610000,ОЭС СИБИРИ,23073,23362
2026-08-22 06:00,2026-08-22,6,610000,ОЭС СИБИРИ,23268,23865
2026-08-22 07:00,2026-08-22,7,610000,ОЭС СИБИРИ,23285,24065
2026-08-22 08:00,2026-08-22,8,610000,ОЭС СИБИРИ,23265,24052
2026-08-22 09:00,2026-08-22,9,610000,ОЭС СИБИРИ,23605,23775
2026-08-22 10:00,2026-08-22,10,610000,ОЭС СИБИРИ,24026,24039
2026-08-22 11:00,2026-08-22,11,610000,ОЭС СИБИРИ,24195,24214
2026-08-22 12:00,2026-08-22,12,610000,ОЭС СИБИРИ,23978,24017
2026-08-22 13:00,2026-08-22,13,610000,ОЭС СИБИРИ,24194,24159
2026-08-22 14:00,2026-08-22,14,610000,ОЭС СИБИРИ,24197,24169
2026-08-22 15:00,2026-08-22,15,610000,ОЭС СИБИРИ,24173,24259
2026-08-22 16:00,2026-08-22,16,610000,ОЭС СИБИРИ,23999,23897
2026-08-22 17:00,2026-08-22,17,610000,ОЭС СИБИРИ,23864,24024
2026-08-22 18:00,2026-08-22,18,610000,ОЭС СИБИРИ,23525,23625
2026-08-22 19:00,2026-08-22,19,610000,ОЭС СИБИРИ,23002,22895
2026-08-22 20:00,2026-08-22,20,610000,ОЭС СИБИРИ,22665,22310
2026-08-22 21:00,2026-08-22,21,610000,ОЭС СИБИРИ,22124,21772
2026-08-22 22:00,2026-08-22,22,610000,ОЭС СИБИРИ,21920,21555
2026-08-22 23:00,2026-08-22,23,610000,ОЭС СИБИРИ,21702,21264
2026-08-23 00:00,2026-08-23,0,610000,ОЭС СИБИРИ,21726,21210
2026-08-23 01:00,2026-08-23,1,610000,ОЭС СИБИРИ,21692,21285
2026-08-23 02:00,2026-08-23,2,610000,ОЭС СИБИРИ,21819,21461
2026-08-23 03:00,2026-08-23,3,610000,ОЭС СИБИРИ,22284,21761
2026-08-23 04:00,2026-08-23,4,610000,ОЭС СИБИРИ,22710,22381
2026-08-23 05:00,2026-08-23,5,610000,ОЭС СИБИРИ,23025,23059
2026-08-23 06:00,2026-08-23,6,610000,ОЭС СИБИРИ,23454,23709
2026-08-23 07:00,2026-08-23,7,610000,ОЭС СИБИРИ,23650,24179
2026-08-23 08:00,2026-08-23,8,610000,ОЭС СИБИРИ,24019,24132
2026-08-23 09:00,2026-08-23,9,610000,ОЭС СИБИРИ,24111,24199
2026-08-23 10:00,2026-08-23,10,610000,ОЭС СИБИРИ,23566,24040
2026-08-23 11:00,2026-08-23,11,610000,ОЭС СИБИРИ,24115,24093
2026-08-23 12:00,2026-08-23,12,610000,ОЭС СИБИРИ,24020,24127
2026-08-23 13:00,2026-08-23,13,610000,ОЭС СИБИРИ,23997,24091
2026-08-23 14:00,2026-08-23,14,610000,ОЭС СИБИРИ,23932,24117
2026-08-23 15:00,2026-08-23,15,610000,ОЭС СИБИРИ,24083,24216
2026-08-23 16:00,2026-08-23,16,610000,ОЭС СИБИРИ,24057,23965
2026-08-23 17:00,2026-08-23,17,610000,ОЭС СИБИРИ,24190,24367
2026-08-23 18:00,2026-08-23,18,610000,ОЭС СИБИРИ,23875,23900
2026-08-23 19:00,2026-08-23,19,610000,ОЭС СИБИРИ,23231,23046
2026-08-23 20:00,2026-08-23,20,610000,ОЭС СИБИРИ,22317,22194
2026-08-23 21:00,2026-08-23,21,610000,ОЭС СИБИРИ,21882,21681
2026-08-23 22:00,2026-08-23,22,610000,ОЭС СИБИРИ,22156,21722
2026-08-23 23:00,2026-08-23,23,610000,ОЭС СИБИРИ,22054,21503
2026-08-24 00:00,2026-08-24,0,610000,ОЭС СИБИРИ,22010,21380
2026-08-24 01:00,2026-08-24,1,610000,ОЭС СИБИРИ,22026,21359
2026-08-24 02:00,2026-08-24,2,610000,ОЭС СИБИРИ,21848,21679
2026-08-24 03:00,2026-08-24,3,610000,ОЭС СИБИРИ,22497,22532
2026-08-24 04:00,2026-08-24,4,610000,ОЭС СИБИРИ,22659,22586
2026-08-24 05:00,2026-08-24,5,610000,ОЭС СИБИРИ,23324,23433
2026-08-24 06:00,2026-08-24,6,610000,ОЭС СИБИРИ,23449,23751
2026-08-24 07:00,2026-08-24,7,610000,ОЭС СИБИРИ,23593,23935
2026-08-24 08:00,2026-08-24,8,610000,ОЭС СИБИРИ,23568,24064
2026-08-24 09:00,2026-08-24,9,610000,ОЭС СИБИРИ,23676,23811
2026-08-24 10:00,2026-08-24,10,610000,ОЭС СИБИРИ,23616,23846
2026-08-24 11:00,2026-08-24,11,610000,ОЭС СИБИРИ,24115,24414
2026-08-24 12:00,2026-08-24,12,610000,ОЭС СИБИРИ,24111,24427
2026-08-24 13:00,2026-08-24,13,610000,ОЭС СИБИРИ,23923,24118
2026-08-24 14:00,2026-08-24,14,610000,ОЭС СИБИРИ,23804,23999
2026-08-24 15:00,2026-08-24,15,610000,ОЭС СИБИРИ,23824,23954
2026-08-24 16:00,2026-08-24,16,610000,ОЭС СИБИРИ,23664,23865
2026-08-24 17:00,2026-08-24,17,610000,ОЭС СИБИРИ,23898,24017
2026-08-24 18:00,2026-08-24,18,610000,ОЭС СИБИРИ,23849,23878
2026-08-24 19:00,2026-08-24,19,610000,ОЭС СИБИРИ,23400,23275
2026-08-24 20:00,2026-08-24,20,610000,ОЭС СИБИРИ,22707,22294
2026-08-24 21:00,2026-08-24,21,610000,ОЭС СИБИРИ,22376,21831
2026-08-24 22:00,2026-08-24,22,610000,ОЭС СИБИРИ,22169,21531
2026-08-24 23:00,2026-08-24,23,610000,ОЭС СИБИРИ,21879,21096
2026-08-25 00:00,2026-08-25,0,610000,ОЭС СИБИРИ,21687,21062
2026-08-25 01:00,2026-08-25,1,610000,ОЭС СИБИРИ,21928,21285
2026-08-25 02:00,2026-08-25,2,610000,ОЭС СИБИРИ,22253,21718
2026-08-25 03:00,2026-08-25,3,610000,ОЭС СИБИРИ,22655,22409
2026-08-25 04:00,2026-08-25,4,610000,ОЭС СИБИРИ,22505,22599
2026-08-25 05:00,2026-08-25,5,610000,ОЭС СИБИРИ,23172,23252
2026-08-25 06:00,2026-08-25,6,610000,ОЭС СИБИРИ,23572,23652
2026-08-25 07:00,2026-08-25,7,610000,ОЭС СИБИРИ,23506,23709
2026-08-25 08:00,2026-08-25,8,610000,ОЭС СИБИРИ,23520,23630
2026-08-25 09:00,2026-08-25,9,610000,ОЭС СИБИРИ,23515,23644
2026-08-25 10:00,2026-08-25,10,610000,ОЭС СИБИРИ,23474,23562
2026-08-25 11:00,2026-08-25,11,610000,ОЭС СИБИРИ,24130,24364
2026-08-25 12:00,2026-08-25,12,610000,ОЭС СИБИРИ,23826,24081
2026-08-25 13:00,2026-08-25,13,610000,ОЭС СИБИРИ,23484,23658
2026-08-25 14:00,2026-08-25,14,610000,ОЭС СИБИРИ,23665,23692
2026-08-25 15:00,2026-08-25,15,610000,ОЭС СИБИРИ,23652,23740
2026-08-25 16:00,2026-08-25,16,610000,ОЭС СИБИРИ,23424,23548
2026-08-25 17:00,2026-08-25,17,610000,ОЭС СИБИРИ,23402,23813
2026-08-25 18:00,2026-08-25,18,610000,ОЭС СИБИРИ,23790,23885
2026-08-25 19:00,2026-08-25,19,610000,ОЭС СИБИРИ,23225,23148
2026-08-25 20:00,2026-08-25,20,610000,ОЭС СИБИРИ,22237,22209
2026-08-25 21:00,2026-08-25,21,610000,ОЭС СИБИРИ,21919,21699
2026-08-25 22:00,2026-08-25,22,610000,ОЭС СИБИРИ,21873,21501
2026-08-25 23:00,2026-08-25,23,610000,ОЭС СИБИРИ,21902,21437
2026-08-26 00:00,2026-08-26,0,610000,ОЭС СИБИРИ,22001,21564
2026-08-26 01:00,2026-08-26,1,610000,ОЭС СИБИРИ,21931,21451
2026-08-26 02:00,2026-08-26,2,610000,ОЭС СИБИРИ,22141,21884
2026-08-26 03:00,2026-08-26,3,610000,ОЭС СИБИРИ,22595,22449
2026-08-26 04:00,2026-08-26,4,610000,ОЭС СИБИРИ,22805,22902
2026-08-26 05:00,2026-08-26,5,610000,ОЭС СИБИРИ,23270,23510
2026-08-26 06:00,2026-08-26,6,610000,ОЭС СИБИРИ,23645,23788
2026-08-26 07:00,2026-08-26,7,610000,ОЭС СИБИРИ,23607,23745
2026-08-26 08:00,2026-08-26,8,610000,ОЭС СИБИРИ,23489,23901
2026-08-26 09:00,2026-08-26,9,610000,ОЭС СИБИРИ,23629,23668
2026-08-26 10:00,2026-08-26,10,610000,ОЭС СИБИРИ,23578,23825
2026-08-26 11:00,2026-08-26,11,610000,ОЭС СИБИРИ,23950,24283
2026-08-26 12:00,2026-08-26,12,610000,ОЭС СИБИРИ,24375,24370
2026-08-26 13:00,2026-08-26,13,610000,ОЭС СИБИРИ,23765,23952
2026-08-26 14:00,2026-08-26,14,610000,ОЭС СИБИРИ,23788,23859
2026-08-26 15:00,2026-08-26,15,610000,ОЭС СИБИРИ,24013,23940
2026-08-26 16:00,2026-08-26,16,610000,ОЭС СИБИРИ,24057,23924
2026-08-26 17:00,2026-08-26,17,610000,ОЭС СИБИРИ,23630,24082
2026-08-26 18:00,2026-08-26,18,610000,ОЭС СИБИРИ,23755,23961
2026-08-26 19:00,2026-08-26,19,610000,ОЭС СИБИРИ,23213,23158
2026-08-26 20:00,2026-08-26,20,610000,ОЭС СИБИРИ,22397,22235
2026-08-26 21:00,2026-08-26,21,610000,ОЭС СИБИРИ,22300,21880
2026-08-26 22:00,2026-08-26,22,610000,ОЭС СИБИРИ,21753,21308
2026-08-26 23:00,2026-08-26,23,610000,ОЭС СИБИРИ,21973,21415
2026-08-27 00:00,2026-08-27,0,610000,ОЭС СИБИРИ,21842,21353
2026-08-27 01:00,2026-08-27,1,610000,ОЭС СИБИРИ,22098,21622
2026-08-27 02:00,2026-08-27,2,610000,ОЭС СИБИРИ,22491,22002
2026-08-27 03:00,2026-08-27,3,610000,ОЭС СИБИРИ,22813,22530
2026-08-27 04:00,2026-08-27,4,610000,ОЭС СИБИРИ,22916,22849
2026-08-27 05:00,2026-08-27,5,610000,ОЭС СИБИРИ,23402,23561
2026-08-27 06:00,2026-08-27,6,610000,ОЭС СИБИРИ,23269,23527
2026-08-27 07:00,2026-08-27,7,610000,ОЭС СИБИРИ,23445,23763
2026-08-27 08:00,2026-08-27,8,610000,ОЭС СИБИРИ,23281,23712
2026-08-27 09:00,2026-08-27,9,610000,ОЭС СИБИРИ,23599,23620
2026-08-27 10:00,2026-08-27,10,610000,ОЭС СИБИРИ,23528,23686
2026-08-27 11:00,2026-08-27,11,610000,ОЭС СИБИРИ,24286,24387
2026-08-27 12:00,2026-08-27,12,610000,ОЭС СИБИРИ,24236,24375
2026-08-27 13:00,2026-08-27,13,610000,ОЭС СИБИРИ,23796,23760
2026-08-27 14:00,2026-08-27,14,610000,ОЭС СИБИРИ,23277,23648
2026-08-27 15:00,2026-08-27,15,610000,ОЭС СИБИРИ,23622,23696
2026-08-27 16:00,2026-08-27,16,610000,ОЭС СИБИРИ,23677,23739
2026-08-27 17:00,2026-08-27,17,610000,ОЭС СИБИРИ,23825,23956
2026-08-27 18:00,2026-08-27,18,610000,ОЭС СИБИРИ,23551,23943
2026-08-27 19:00,2026-08-27,19,610000,ОЭС СИБИРИ,23055,23039
2026-08-27 20:00,2026-08-27,20,610000,ОЭС СИБИРИ,22720,22437
2026-08-27 21:00,2026-08-27,21,610000,ОЭС СИБИРИ,22339,21778
2026-08-27 22:00,2026-08-27,22,610000,ОЭС СИБИРИ,21852,21490
2026-08-27 23:00,2026-08-27,23,610000,ОЭС СИБИРИ,21909,21421
2026-08-28 00:00,2026-08-28,0,610000,ОЭС СИБИРИ,22049,21422
2026-08-28 01:00,2026-08-28,1,610000,ОЭС СИБИРИ,22037,21462
2026-08-28 02:00,2026-08-28,2,610000,ОЭС СИБИРИ,22284,21735
2026-08-28 03:00,2026-08-28,3,610000,ОЭС СИБИРИ,22956,22512
2026-08-28 04:00,2026-08-28,4,610000,ОЭС СИБИРИ,22907,22696
2026-08-28 05:00,2026-08-28,5,610000,ОЭС СИБИРИ,22673,23185
2026-08-28 06:00,2026-08-28,6,610000,ОЭС СИБИРИ,22917,23703
2026-08-28 07:00,2026-08-28,7,610000,ОЭС СИБИРИ,22758,23646
2026-08-28 08:00,2026-08-28,8,610000,ОЭС СИБИРИ,22930,23626
2026-08-28 09:00,2026-08-28,9,610000,ОЭС СИБИРИ,23374,23473
2026-08-28 10:00,2026-08-28,10,610000,ОЭС СИБИРИ,23654,23710
2026-08-28 11:00,2026-08-28,11,610000,ОЭС СИБИРИ,24157,24274
2026-08-28 12:00,2026-08-28,12,610000,ОЭС СИБИРИ,24154,24204
2026-08-28 13:00,2026-08-28,13,610000,ОЭС СИБИРИ,23753,23718
2026-08-28 14:00,2026-08-28,14,610000,ОЭС СИБИРИ,23224,23669
2026-08-28 15:00,2026-08-28,15,610000,ОЭС СИБИРИ,23259,23453
2026-08-28 16:00,2026-08-28,16,610000,ОЭС СИБИРИ,23478,23554
2026-08-28 17:00,2026-08-28,17,610000,ОЭС СИБИРИ,23715,23757
2026-08-28 18:00,2026-08-28,18,610000,ОЭС СИБИРИ,23869,23928
2026-08-28 19:00,2026-08-28,19,610000,ОЭС СИБИРИ,22794,22971
2026-08-28 20:00,2026-08-28,20,610000,ОЭС СИБИРИ,22684,22386
2026-08-28 21:00,2026-08-28,21,610000,ОЭС СИБИРИ,22247,22048
2026-08-28 22:00,2026-08-28,22,610000,ОЭС СИБИРИ,21440,21514
2026-08-28 23:00,2026-08-28,23,610000,ОЭС СИБИРИ,21996,21571
2026-08-29 00:00,2026-08-29,0,610000,ОЭС СИБИРИ,21923,21403
2026-08-29 01:00,2026-08-29,1,610000,ОЭС СИБИРИ,22020,21468
2026-08-29 02:00,2026-08-29,2,610000,ОЭС СИБИРИ,22241,21675
2026-08-29 03:00,2026-08-29,3,610000,ОЭС СИБИРИ,22477,21996
2026-08-29 04:00,2026-08-29,4,610000,ОЭС СИБИРИ,22860,22484
2026-08-29 05:00,2026-08-29,5,610000,ОЭС СИБИРИ,23133,23360
2026-08-29 06:00,2026-08-29,6,610000,ОЭС СИБИРИ,23637,23798
2026-08-29 07:00,2026-08-29,7,610000,ОЭС СИБИРИ,24075,24035
2026-08-29 08:00,2026-08-29,8,610000,ОЭС СИБИРИ,24379,24098
2026-08-29 09:00,2026-08-29,9,610000,ОЭС СИБИРИ,23792,23903
2026-08-29 10:00,2026-08-29,10,610000,ОЭС СИБИРИ,23633,23835
2026-08-29 11:00,2026-08-29,11,610000,ОЭС СИБИРИ,24539,24093
2026-08-29 12:00,2026-08-29,12,610000,ОЭС СИБИРИ,24245,23954
2026-08-29 13:00,2026-08-29,13,610000,ОЭС СИБИРИ,24256,24089
2026-08-29 14:00,2026-08-29,14,610000,ОЭС СИБИРИ,23964,23813
2026-08-29 15:00,2026-08-29,15,610000,ОЭС СИБИРИ,24060,24064
2026-08-29 16:00,2026-08-29,16,610000,ОЭС СИБИРИ,24265,23840
2026-08-29 17:00,2026-08-29,17,610000,ОЭС СИБИРИ,24064,23953
2026-08-29 18:00,2026-08-29,18,610000,ОЭС СИБИРИ,23708,23511
2026-08-29 19:00,2026-08-29,19,610000,ОЭС СИБИРИ,23058,22963
2026-08-29 20:00,2026-08-29,20,610000,ОЭС СИБИРИ,22870,22306
2026-08-29 21:00,2026-08-29,21,610000,ОЭС СИБИРИ,22496,21781
2026-08-29 22:00,2026-08-29,22,610000,ОЭС СИБИРИ,21899,21462
2026-08-29 23:00,2026-08-29,23,610000,ОЭС СИБИРИ,21996,21333
2026-08-30 00:00,2026-08-30,0,610000,ОЭС СИБИРИ,22031,21182
2026-08-30 01:00,2026-08-30,1,610000,ОЭС СИБИРИ,22043,21293
2026-08-30 02:00,2026-08-30,2,610000,ОЭС СИБИРИ,21948,21273
2026-08-30 03:00,2026-08-30,3,610000,ОЭС СИБИРИ,22452,21787
2026-08-30 04:00,2026-08-30,4,610000,ОЭС СИБИРИ,22919,22261
2026-08-30 05:00,2026-08-30,5,610000,ОЭС СИБИРИ,23360,23011
2026-08-30 06:00,2026-08-30,6,610000,ОЭС СИБИРИ,23766,23679
2026-08-30 07:00,2026-08-30,7,610000,ОЭС СИБИРИ,24187,23941
2026-08-30 08:00,2026-08-30,8,610000,ОЭС СИБИРИ,24253,23993
2026-08-30 09:00,2026-08-30,9,610000,ОЭС СИБИРИ,24337,23984
2026-08-30 10:00,2026-08-30,10,610000,ОЭС СИБИРИ,24239,23912
2026-08-30 11:00,2026-08-30,11,610000,ОЭС СИБИРИ,23830,23782
2026-08-30 12:00,2026-08-30,12,610000,ОЭС СИБИРИ,23878,23702
2026-08-30 13:00,2026-08-30,13,610000,ОЭС СИБИРИ,24083,23879
2026-08-30 14:00,2026-08-30,14,610000,ОЭС СИБИРИ,23953,23561
2026-08-30 15:00,2026-08-30,15,610000,ОЭС СИБИРИ,24390,24194
2026-08-30 16:00,2026-08-30,16,610000,ОЭС СИБИРИ,24520,24193
2026-08-30 17:00,2026-08-30,17,610000,ОЭС СИБИРИ,24399,24177
2026-08-30 18:00,2026-08-30,18,610000,ОЭС СИБИРИ,23997,23701
2026-08-30 19:00,2026-08-30,19,610000,ОЭС СИБИРИ,23132,22752
2026-08-30 20:00,2026-08-30,20,610000,ОЭС СИБИРИ,22711,22136
2026-08-30 21:00,2026-08-30,21,610000,ОЭС СИБИРИ,22234,21728
2026-08-30 22:00,2026-08-30,22,610000,ОЭС СИБИРИ,21858,21363
2026-08-30 23:00,2026-08-30,23,610000,ОЭС СИБИРИ,21851,21178
2026-08-31 00:00,2026-08-31,0,610000,ОЭС СИБИРИ,21681,21065
2026-08-31 01:00,2026-08-31,1,610000,ОЭС СИБИРИ,21943,21239
2026-08-31 02:00,2026-08-31,2,610000,ОЭС СИБИРИ,22415,21913
2026-08-31 03:00,2026-08-31,3,610000,ОЭС СИБИРИ,22792,22408
2026-08-31 04:00,2026-08-31,4,610000,ОЭС СИБИРИ,22829,22755
2026-08-31 05:00,2026-08-31,5,610000,ОЭС СИБИРИ,23303,23319
2026-08-31 06:00,2026-08-31,6,610000,ОЭС СИБИРИ,23698,23716
2026-08-31 07:00,2026-08-31,7,610000,ОЭС СИБИРИ,23672,23834
2026-08-31 08:00,2026-08-31,8,610000,ОЭС СИБИРИ,23661,23545
2026-08-31 09:00,2026-08-31,9,610000,ОЭС СИБИРИ,23598,23484
2026-08-31 10:00,2026-08-31,10,610000,ОЭС СИБИРИ,23775,23652
2026-08-31 11:00,2026-08-31,11,610000,ОЭС СИБИРИ,24039,24195
2026-08-31 12:00,2026-08-31,12,610000,ОЭС СИБИРИ,24197,24260
2026-08-31 13:00,2026-08-31,13,610000,ОЭС СИБИРИ,23729,23716
2026-08-31 14:00,2026-08-31,14,610000,ОЭС СИБИРИ,23156,23567
2026-08-31 15:00,2026-08-31,15,610000,ОЭС СИБИРИ,24052,23911
2026-08-31 16:00,2026-08-31,16,610000,ОЭС СИБИРИ,24042,23924
2026-08-31 17:00,2026-08-31,17,610000,ОЭС СИБИРИ,23917,24022
2026-08-31 18:00,2026-08-31,18,610000,ОЭС СИБИРИ,24011,24050
2026-08-31 19:00,2026-08-31,19,610000,ОЭС СИБИРИ,22904,23224
2026-08-31 20:00,2026-08-31,20,610000,ОЭС СИБИРИ,22320,22156
2026-08-31 21:00,2026-08-31,21,610000,ОЭС СИБИРИ,22064,21888
2026-08-31 22:00,2026-08-31,22,610000,ОЭС СИБИРИ,21763,21438
2026-08-31 23:00,2026-08-31,23,610000,ОЭС СИБИРИ,21646,21302
2026-09-01 00:00,2026-09-01,0,610000,ОЭС СИБИРИ,21687,21272
2026-09-01 01:00,2026-09-01,1,610000,ОЭС СИБИРИ,21448,21503
2026-09-01 02:00,2026-09-01,2,610000,ОЭС СИБИРИ,21713,21737
2026-09-01 03:00,2026-09-01,3,610000,ОЭС СИБИРИ,22048,22574
2026-09-01 04:00,2026-09-01,4,610000,ОЭС СИБИРИ,22010,22901
2026-09-01 05:00,2026-09-01,5,610000,ОЭС СИБИРИ,22958,23579
2026-09-01 06:00,2026-09-01,6,610000,ОЭС СИБИРИ,22871,23692
2026-09-01 07:00,2026-09-01,7,610000,ОЭС СИБИРИ,22983,23580
2026-09-01 08:00,2026-09-01,8,610000,ОЭС СИБИРИ,22638,23537
2026-09-01 09:00,2026-09-01,9,610000,ОЭС СИБИРИ,23334,24004
2026-09-01 10:00,2026-09-01,10,610000,ОЭС СИБИРИ,23474,24087
2026-09-01 11:00,2026-09-01,11,610000,ОЭС СИБИРИ,23638,24134
2026-09-01 12:00,2026-09-01,12,610000,ОЭС СИБИРИ,23067,23556
2026-09-01 13:00,2026-09-01,13,610000,ОЭС СИБИРИ,23134,23575
2026-09-01 14:00,2026-09-01,14,610000,ОЭС СИБИРИ,23365,23791
2026-09-01 15:00,2026-09-01,15,610000,ОЭС СИБИРИ,23588,23883
2026-09-01 16:00,2026-09-01,16,610000,ОЭС СИБИРИ,23684,23996
2026-09-01 17:00,2026-09-01,17,610000,ОЭС СИБИРИ,23586,24129
2026-09-01 18:00,2026-09-01,18,610000,ОЭС СИБИРИ,23509,24102
2026-09-01 19:00,2026-09-01,19,610000,ОЭС СИБИРИ,23088,23115
2026-09-01 20:00,2026-09-01,20,610000,ОЭС СИБИРИ,23068,22293
2026-09-01 21:00,2026-09-01,21,610000,ОЭС СИБИРИ,22028,21705
2026-09-01 22:00,2026-09-01,22,610000,ОЭС СИБИРИ,22175,21629
2026-09-01 23:00,2026-09-01,23,610000,ОЭС СИБИРИ,21990,21632
2026-09-02 00:00,2026-09-02,0,610000,ОЭС СИБИРИ,21563,21520
2026-09-02 01:00,2026-09-02,1,610000,ОЭС СИБИРИ,21912,21787
2026-09-02 02:00,2026-09-02,2,610000,ОЭС СИБИРИ,22288,22369
2026-09-02 03:00,2026-09-02,3,610000,ОЭС СИБИРИ,22583,23190
2026-09-02 04:00,2026-09-02,4,610000,ОЭС СИБИРИ,22657,23317
2026-09-02 05:00,2026-09-02,5,610000,ОЭС СИБИРИ,23411,23875
2026-09-02 06:00,2026-09-02,6,610000,ОЭС СИБИРИ,23456,23890
2026-09-02 07:00,2026-09-02,7,610000,ОЭС СИБИРИ,24234,24143
2026-09-02 08:00,2026-09-02,8,610000,ОЭС СИБИРИ,24098,24071
2026-09-02 09:00,2026-09-02,9,610000,ОЭС СИБИРИ,24180,24323
2026-09-02 10:00,2026-09-02,10,610000,ОЭС СИБИРИ,24314,24372
2026-09-02 11:00,2026-09-02,11,610000,ОЭС СИБИРИ,24307,24416
2026-09-02 12:00,2026-09-02,12,610000,ОЭС СИБИРИ,23843,23904
2026-09-02 13:00,2026-09-02,13,610000,ОЭС СИБИРИ,23787,23817
2026-09-02 14:00,2026-09-02,14,610000,ОЭС СИБИРИ,24171,23968
2026-09-02 15:00,2026-09-02,15,610000,ОЭС СИБИРИ,24207,24278
2026-09-02 16:00,2026-09-02,16,610000,ОЭС СИБИРИ,24361,24173
2026-09-02 17:00,2026-09-02,17,610000,ОЭС СИБИРИ,24247,24423
2026-09-02 18:00,2026-09-02,18,610000,ОЭС СИБИРИ,24034,24364
2026-09-02 19:00,2026-09-02,19,610000,ОЭС СИБИРИ,23107,23367
2026-09-02 20:00,2026-09-02,20,610000,ОЭС СИБИРИ,22728,22476
2026-09-02 21:00,2026-09-02,21,610000,ОЭС СИБИРИ,22280,22127
2026-09-02 22:00,2026-09-02,22,610000,ОЭС СИБИРИ,21368,21738
2026-09-02 23:00,2026-09-02,23,610000,ОЭС СИБИРИ,21291,21497
2026-09-03 00:00,2026-09-03,0,610000,ОЭС СИБИРИ,21446,21530
2026-09-03 01:00,2026-09-03,1,610000,ОЭС СИБИРИ,22035,21714
2026-09-03 02:00,2026-09-03,2,610000,ОЭС СИБИРИ,22463,22381
2026-09-03 03:00,2026-09-03,3,610000,ОЭС СИБИРИ,22769,23143
2026-09-03 04:00,2026-09-03,4,610000,ОЭС СИБИРИ,22698,23431
2026-09-03 05:00,2026-09-03,5,610000,ОЭС СИБИРИ,23422,24041
2026-09-03 06:00,2026-09-03,6,610000,ОЭС СИБИРИ,23719,24445
2026-09-03 07:00,2026-09-03,7,610000,ОЭС СИБИРИ,24038,24283
2026-09-03 08:00,2026-09-03,8,610000,ОЭС СИБИРИ,24063,24170
2026-09-03 09:00,2026-09-03,9,610000,ОЭС СИБИРИ,24517,24588
2026-09-03 10:00,2026-09-03,10,610000,ОЭС СИБИРИ,24507,24766
2026-09-03 11:00,2026-09-03,11,610000,ОЭС СИБИРИ,24199,24531
2026-09-03 12:00,2026-09-03,12,610000,ОЭС СИБИРИ,23748,24229
2026-09-03 13:00,2026-09-03,13,610000,ОЭС СИБИРИ,24109,24364
2026-09-03 14:00,2026-09-03,14,610000,ОЭС СИБИРИ,24250,24240
2026-09-03 15:00,2026-09-03,15,610000,ОЭС СИБИРИ,24201,24586
2026-09-03 16:00,2026-09-03,16,610000,ОЭС СИБИРИ,24287,24705
2026-09-03 17:00,2026-09-03,17,610000,ОЭС СИБИРИ,24098,24780
2026-09-03 18:00,2026-09-03,18,610000,ОЭС СИБИРИ,24072,24713
2026-09-03 19:00,2026-09-03,19,610000,ОЭС СИБИРИ,23148,23690
2026-09-03 20:00,2026-09-03,20,610000,ОЭС СИБИРИ,22648,22704
2026-09-03 21:00,2026-09-03,21,610000,ОЭС СИБИРИ,22529,22456
2026-09-03 22:00,2026-09-03,22,610000,ОЭС СИБИРИ,22307,22147
2026-09-03 23:00,2026-09-03,23,610000,ОЭС СИБИРИ,22129,22108
2026-09-04 00:00,2026-09-04,0,610000,ОЭС СИБИРИ,21952,22019
2026-09-04 01:00,2026-09-04,1,610000,ОЭС СИБИРИ,22132,22243
2026-09-04 02:00,2026-09-04,2,610000,ОЭС СИБИРИ,22524,22828
2026-09-04 03:00,2026-09-04,3,610000,ОЭС СИБИРИ,22812,23458
2026-09-04 04:00,2026-09-04,4,610000,ОЭС СИБИРИ,22871,23722
2026-09-04 05:00,2026-09-04,5,610000,ОЭС СИБИРИ,23058,24173
2026-09-04 06:00,2026-09-04,6,610000,ОЭС СИБИРИ,23076,24013
2026-09-04 07:00,2026-09-04,7,610000,ОЭС СИБИРИ,23239,24307
2026-09-04 08:00,2026-09-04,8,610000,ОЭС СИБИРИ,23527,23939
2026-09-04 09:00,2026-09-04,9,610000,ОЭС СИБИРИ,23901,24350
2026-09-04 10:00,2026-09-04,10,610000,ОЭС СИБИРИ,24433,24328
2026-09-04 11:00,2026-09-04,11,610000,ОЭС СИБИРИ,24707,24496
2026-09-04 12:00,2026-09-04,12,610000,ОЭС СИБИРИ,23883,23833
2026-09-04 13:00,2026-09-04,13,610000,ОЭС СИБИРИ,23940,23878
2026-09-04 14:00,2026-09-04,14,610000,ОЭС СИБИРИ,24155,24198
2026-09-04 15:00,2026-09-04,15,610000,ОЭС СИБИРИ,24299,24337
2026-09-04 16:00,2026-09-04,16,610000,ОЭС СИБИРИ,24043,24407
2026-09-04 17:00,2026-09-04,17,610000,ОЭС СИБИРИ,23873,24641
2026-09-04 18:00,2026-09-04,18,610000,ОЭС СИБИРИ,23886,24681
2026-09-04 19:00,2026-09-04,19,610000,ОЭС СИБИРИ,23575,23861
2026-09-04 20:00,2026-09-04,20,610000,ОЭС СИБИРИ,23008,23016
2026-09-04 21:00,2026-09-04,21,610000,ОЭС СИБИРИ,21779,22446
2026-09-04 22:00,2026-09-04,22,610000,ОЭС СИБИРИ,21790,22235
2026-09-04 23:00,2026-09-04,23,610000,ОЭС СИБИРИ,22072,22256
2026-09-05 00:00,2026-09-05,0,610000,ОЭС СИБИРИ,21475,21961
2026-09-05 01:00,2026-09-05,1,610000,ОЭС СИБИРИ,21850,22223
2026-09-05 02:00,2026-09-05,2,610000,ОЭС СИБИРИ,22204,22540
2026-09-05 03:00,2026-09-05,3,610000,ОЭС СИБИРИ,21912,22792
2026-09-05 04:00,2026-09-05,4,610000,ОЭС СИБИРИ,22331,23454
2026-09-05 05:00,2026-09-05,5,610000,ОЭС СИБИРИ,22972,24221
2026-09-05 06:00,2026-09-05,6,610000,ОЭС СИБИРИ,23286,24537
2026-09-05 07:00,2026-09-05,7,610000,ОЭС СИБИРИ,23728,24537
2026-09-05 08:00,2026-09-05,8,610000,ОЭС СИБИРИ,23699,24541
2026-09-05 09:00,2026-09-05,9,610000,ОЭС СИБИРИ,24734,24500
2026-09-05 10:00,2026-09-05,10,610000,ОЭС СИБИРИ,24652,24332
2026-09-05 11:00,2026-09-05,11,610000,ОЭС СИБИРИ,24809,24455
2026-09-05 12:00,2026-09-05,12,610000,ОЭС СИБИРИ,24612,24407
2026-09-05 13:00,2026-09-05,13,610000,ОЭС СИБИРИ,24943,24621
2026-09-05 14:00,2026-09-05,14,610000,ОЭС СИБИРИ,25129,24793
2026-09-05 15:00,2026-09-05,15,610000,ОЭС СИБИРИ,25302,24855
2026-09-05 16:00,2026-09-05,16,610000,ОЭС СИБИРИ,25114,24857
2026-09-05 17:00,2026-09-05,17,610000,ОЭС СИБИРИ,25278,25183
2026-09-05 18:00,2026-09-05,18,610000,ОЭС СИБИРИ,24571,24535
2026-09-05 19:00,2026-09-05,19,610000,ОЭС СИБИРИ,23946,23660
2026-09-05 20:00,2026-09-05,20,610000,ОЭС СИБИРИ,23427,23224
2026-09-05 21:00,2026-09-05,21,610000,ОЭС СИБИРИ,22769,22687
2026-09-05 22:00,2026-09-05,22,610000,ОЭС СИБИРИ,22402,22390
2026-09-05 23:00,2026-09-05,23,610000,ОЭС СИБИРИ,22402,22259
2026-09-06 00:00,2026-09-06,0,610000,ОЭС СИБИРИ,22388,22297
2026-09-06 01:00,2026-09-06,1,610000,ОЭС СИБИРИ,22744,22191
2026-09-06 02:00,2026-09-06,2,610000,ОЭС СИБИРИ,22652,22454
2026-09-06 03:00,2026-09-06,3,610000,ОЭС СИБИРИ,23211,22867
2026-09-06 04:00,2026-09-06,4,610000,ОЭС СИБИРИ,23334,23317
2026-09-06 05:00,2026-09-06,5,610000,ОЭС СИБИРИ,24049,24168
2026-09-06 06:00,2026-09-06,6,610000,ОЭС СИБИРИ,24216,24509
2026-09-06 07:00,2026-09-06,7,610000,ОЭС СИБИРИ,24325,24553
2026-09-06 08:00,2026-09-06,8,610000,ОЭС СИБИРИ,24150,24424
2026-09-06 09:00,2026-09-06,9,610000,ОЭС СИБИРИ,24463,24397
2026-09-06 10:00,2026-09-06,10,610000,ОЭС СИБИРИ,24347,24271
2026-09-06 11:00,2026-09-06,11,610000,ОЭС СИБИРИ,24686,24479
2026-09-06 12:00,2026-09-06,12,610000,ОЭС СИБИРИ,24431,24241
2026-09-06 13:00,2026-09-06,13,610000,ОЭС СИБИРИ,25007,24637
2026-09-06 14:00,2026-09-06,14,610000,ОЭС СИБИРИ,25146,24701
2026-09-06 15:00,2026-09-06,15,610000,ОЭС СИБИРИ,25725,25138
2026-09-06 16:00,2026-09-06,16,610000,ОЭС СИБИРИ,25625,25060
2026-09-06 17:00,2026-09-06,17,610000,ОЭС СИБИРИ,25599,25297
2026-09-06 18:00,2026-09-06,18,610000,ОЭС СИБИРИ,25132,24631
2026-09-06 19:00,2026-09-06,19,610000,ОЭС СИБИРИ,24192,23675
2026-09-06 20:00,2026-09-06,20,610000,ОЭС СИБИРИ,23924,23120
2026-09-06 21:00,2026-09-06,21,610000,ОЭС СИБИРИ,23065,22471
2026-09-06 22:00,2026-09-06,22,610000,ОЭС СИБИРИ,22599,22217
2026-09-06 23:00,2026-09-06,23,610000,ОЭС СИБИРИ,21952,21924
2026-09-07 00:00,2026-09-07,0,610000,ОЭС СИБИРИ,22416,21989
2026-09-07 01:00,2026-09-07,1,610000,ОЭС СИБИРИ,22440,22150
2026-09-07 02:00,2026-09-07,2,610000,ОЭС СИБИРИ,23157,22768
2026-09-07 03:00,2026-09-07,3,610000,ОЭС СИБИРИ,23792,23747
2026-09-07 04:00,2026-09-07,4,610000,ОЭС СИБИРИ,23871,23842
2026-09-07 05:00,2026-09-07,5,610000,ОЭС СИБИРИ,24598,24366
2026-09-07 06:00,2026-09-07,6,610000,ОЭС СИБИРИ,24717,24655
2026-09-07 07:00,2026-09-07,7,610000,ОЭС СИБИРИ,24797,24586
2026-09-07 08:00,2026-09-07,8,610000,ОЭС СИБИРИ,24422,24296
2026-09-07 09:00,2026-09-07,9,610000,ОЭС СИБИРИ,24294,24811
2026-09-07 10:00,2026-09-07,10,610000,ОЭС СИБИРИ,24371,24650
2026-09-07 11:00,2026-09-07,11,610000,ОЭС СИБИРИ,24835,24799
2026-09-07 12:00,2026-09-07,12,610000,ОЭС СИБИРИ,24383,24171
2026-09-07 13:00,2026-09-07,13,610000,ОЭС СИБИРИ,24561,24261
2026-09-07 14:00,2026-09-07,14,610000,ОЭС СИБИРИ,24590,24188
2026-09-07 15:00,2026-09-07,15,610000,ОЭС СИБИРИ,24501,24377
2026-09-07 16:00,2026-09-07,16,610000,ОЭС СИБИРИ,24546,24582
2026-09-07 17:00,2026-09-07,17,610000,ОЭС СИБИРИ,24619,24583
2026-09-07 18:00,2026-09-07,18,610000,ОЭС СИБИРИ,24213,24301
2026-09-07 19:00,2026-09-07,19,610000,ОЭС СИБИРИ,24107,23594
2026-09-07 20:00,2026-09-07,20,610000,ОЭС СИБИРИ,23311,22710
2026-09-07 21:00,2026-09-07,21,610000,ОЭС СИБИРИ,22708,22278
2026-09-07 22:00,2026-09-07,22,610000,ОЭС СИБИРИ,23079,22334
2026-09-07 23:00,2026-09-07,23,610000,ОЭС СИБИРИ,22717,21947
2026-09-08 00:00,2026-09-08,0,610000,ОЭС СИБИРИ,23056,22033
2026-09-08 01:00,2026-09-08,1,610000,ОЭС СИБИРИ,23077,22265
2026-09-08 02:00,2026-09-08,2,610000,ОЭС СИБИРИ,23470,22964
2026-09-08 03:00,2026-09-08,3,610000,ОЭС СИБИРИ,23642,23541
2026-09-08 04:00,2026-09-08,4,610000,ОЭС СИБИРИ,23665,23567
2026-09-08 05:00,2026-09-08,5,610000,ОЭС СИБИРИ,24609,24051
2026-09-08 06:00,2026-09-08,6,610000,ОЭС СИБИРИ,24792,24322
2026-09-08 07:00,2026-09-08,7,610000,ОЭС СИБИРИ,23933,24071
2026-09-08 08:00,2026-09-08,8,610000,ОЭС СИБИРИ,23934,23943
2026-09-08 09:00,2026-09-08,9,610000,ОЭС СИБИРИ,24735,24531
2026-09-08 10:00,2026-09-08,10,610000,ОЭС СИБИРИ,24776,24407
2026-09-08 11:00,2026-09-08,11,610000,ОЭС СИБИРИ,24925,24558
2026-09-08 12:00,2026-09-08,12,610000,ОЭС СИБИРИ,24742,24223
2026-09-08 13:00,2026-09-08,13,610000,ОЭС СИБИРИ,24567,24105
2026-09-08 14:00,2026-09-08,14,610000,ОЭС СИБИРИ,24664,24342
2026-09-08 15:00,2026-09-08,15,610000,ОЭС СИБИРИ,24996,24678
2026-09-08 16:00,2026-09-08,16,610000,ОЭС СИБИРИ,25100,24621
2026-09-08 17:00,2026-09-08,17,610000,ОЭС СИБИРИ,24857,24633
2026-09-08 18:00,2026-09-08,18,610000,ОЭС СИБИРИ,24632,24415
2026-09-08 19:00,2026-09-08,19,610000,ОЭС СИБИРИ,24340,23629
2026-09-08 20:00,2026-09-08,20,610000,ОЭС СИБИРИ,23667,22839
2026-09-08 21:00,2026-09-08,21,610000,ОЭС СИБИРИ,23006,22523
2026-09-08 22:00,2026-09-08,22,610000,ОЭС СИБИРИ,23128,22166
2026-09-08 23:00,2026-09-08,23,610000,ОЭС СИБИРИ,23271,22269
2026-09-09 00:00,2026-09-09,0,610000,ОЭС СИБИРИ,23167,22114
2026-09-09 01:00,2026-09-09,1,610000,ОЭС СИБИРИ,23304,22446
2026-09-09 02:00,2026-09-09,2,610000,ОЭС СИБИРИ,23502,22864
2026-09-09 03:00,2026-09-09,3,610000,ОЭС СИБИРИ,24091,23696
2026-09-09 04:00,2026-09-09,4,610000,ОЭС СИБИРИ,24322,23687
2026-09-09 05:00,2026-09-09,5,610000,ОЭС СИБИРИ,24656,24259
2026-09-09 06:00,2026-09-09,6,610000,ОЭС СИБИРИ,24932,24386
2026-09-09 07:00,2026-09-09,7,610000,ОЭС СИБИРИ,24506,24316
2026-09-09 08:00,2026-09-09,8,610000,ОЭС СИБИРИ,24339,24303
2026-09-09 09:00,2026-09-09,9,610000,ОЭС СИБИРИ,25014,24738
2026-09-09 10:00,2026-09-09,10,610000,ОЭС СИБИРИ,25007,24652
2026-09-09 11:00,2026-09-09,11,610000,ОЭС СИБИРИ,25039,24869
2026-09-09 12:00,2026-09-09,12,610000,ОЭС СИБИРИ,24607,24151
2026-09-09 13:00,2026-09-09,13,610000,ОЭС СИБИРИ,24696,24175
2026-09-09 14:00,2026-09-09,14,610000,ОЭС СИБИРИ,24811,24219
2026-09-09 15:00,2026-09-09,15,610000,ОЭС СИБИРИ,25023,24452
2026-09-09 16:00,2026-09-09,16,610000,ОЭС СИБИРИ,24775,24279
2026-09-09 17:00,2026-09-09,17,610000,ОЭС СИБИРИ,24964,24615
2026-09-09 18:00,2026-09-09,18,610000,ОЭС СИБИРИ,24815,24402
2026-09-09 19:00,2026-09-09,19,610000,ОЭС СИБИРИ,24132,23471
2026-09-09 20:00,2026-09-09,20,610000,ОЭС СИБИРИ,23675,22714
2026-09-09 21:00,2026-09-09,21,610000,ОЭС СИБИРИ,23101,22236
2026-09-09 22:00,2026-09-09,22,610000,ОЭС СИБИРИ,23229,22081
2026-09-09 23:00,2026-09-09,23,610000,ОЭС СИБИРИ,22900,21959
2026-09-10 00:00,2026-09-10,0,610000,ОЭС СИБИРИ,22991,21917
2026-09-10 01:00,2026-09-10,1,610000,ОЭС СИБИРИ,23050,22118
2026-09-10 02:00,2026-09-10,2,610000,ОЭС СИБИРИ,23493,22661
2026-09-10 03:00,2026-09-10,3,610000,ОЭС СИБИРИ,23811,23193
2026-09-10 04:00,2026-09-10,4,610000,ОЭС СИБИРИ,24360,23488
2026-09-10 05:00,2026-09-10,5,610000,ОЭС СИБИРИ,24832,24170
2026-09-10 06:00,2026-09-10,6,610000,ОЭС СИБИРИ,24628,24186
2026-09-10 07:00,2026-09-10,7,610000,ОЭС СИБИРИ,24667,24360
2026-09-10 08:00,2026-09-10,8,610000,ОЭС СИБИРИ,24287,24126
2026-09-10 09:00,2026-09-10,9,610000,ОЭС СИБИРИ,25272,24903
2026-09-10 10:00,2026-09-10,10,610000,ОЭС СИБИРИ,25052,24854
2026-09-10 11:00,2026-09-10,11,610000,ОЭС СИБИРИ,24936,24832
2026-09-10 12:00,2026-09-10,12,610000,ОЭС СИБИРИ,24486,24315
2026-09-10 13:00,2026-09-10,13,610000,ОЭС СИБИРИ,24583,24153
2026-09-10 14:00,2026-09-10,14,610000,ОЭС СИБИРИ,24825,24352
2026-09-10 15:00,2026-09-10,15,610000,ОЭС СИБИРИ,24934,24600
2026-09-10 16:00,2026-09-10,16,610000,ОЭС СИБИРИ,24790,24397
2026-09-10 17:00,2026-09-10,17,610000,ОЭС СИБИРИ,24875,24555
2026-09-10 18:00,2026-09-10,18,610000,ОЭС СИБИРИ,24985,24420
2026-09-10 19:00,2026-09-10,19,610000,ОЭС СИБИРИ,24407,23551
2026-09-10 20:00,2026-09-10,20,610000,ОЭС СИБИРИ,23527,22738
2026-09-10 21:00,2026-09-10,21,610000,ОЭС СИБИРИ,23291,22214
2026-09-10 22:00,2026-09-10,22,610000,ОЭС СИБИРИ,23148,22108
2026-09-10 23:00,2026-09-10,23,610000,ОЭС СИБИРИ,23141,21931
2026-09-11 00:00,2026-09-11,0,610000,ОЭС СИБИРИ,22845,21853
2026-09-11 01:00,2026-09-11,1,610000,ОЭС СИБИРИ,23173,22083
2026-09-11 02:00,2026-09-11,2,610000,ОЭС СИБИРИ,23462,22502
2026-09-11 03:00,2026-09-11,3,610000,ОЭС СИБИРИ,24160,23392
2026-09-11 04:00,2026-09-11,4,610000,ОЭС СИБИРИ,24288,23491
2026-09-11 05:00,2026-09-11,5,610000,ОЭС СИБИРИ,24512,23921
2026-09-11 06:00,2026-09-11,6,610000,ОЭС СИБИРИ,24652,24205
2026-09-11 07:00,2026-09-11,7,610000,ОЭС СИБИРИ,24524,24050
2026-09-11 08:00,2026-09-11,8,610000,ОЭС СИБИРИ,24328,23987
2026-09-11 09:00,2026-09-11,9,610000,ОЭС СИБИРИ,25141,24670
2026-09-11 10:00,2026-09-11,10,610000,ОЭС СИБИРИ,24961,24591
2026-09-11 11:00,2026-09-11,11,610000,ОЭС СИБИРИ,25186,24827
2026-09-11 12:00,2026-09-11,12,610000,ОЭС СИБИРИ,24951,24387
2026-09-11 13:00,2026-09-11,13,610000,ОЭС СИБИРИ,24981,24326
2026-09-11 14:00,2026-09-11,14,610000,ОЭС СИБИРИ,24953,24504
2026-09-11 15:00,2026-09-11,15,610000,ОЭС СИБИРИ,24882,24396
2026-09-11 16:00,2026-09-11,16,610000,ОЭС СИБИРИ,24936,24364
2026-09-11 17:00,2026-09-11,17,610000,ОЭС СИБИРИ,24685,24386
2026-09-11 18:00,2026-09-11,18,610000,ОЭС СИБИРИ,25140,24476
2026-09-11 19:00,2026-09-11,19,610000,ОЭС СИБИРИ,24377,23545
2026-09-11 20:00,2026-09-11,20,610000,ОЭС СИБИРИ,23781,22831
2026-09-11 21:00,2026-09-11,21,610000,ОЭС СИБИРИ,23608,22502
2026-09-11 22:00,2026-09-11,22,610000,ОЭС СИБИРИ,23298,22236
2026-09-11 23:00,2026-09-11,23,610000,ОЭС СИБИРИ,23229,21973
2026-09-12 00:00,2026-09-12,0,610000,ОЭС СИБИРИ,23128,21996
2026-09-12 01:00,2026-09-12,1,610000,ОЭС СИБИРИ,23198,22147
2026-09-12 02:00,2026-09-12,2,610000,ОЭС СИБИРИ,23075,22203
2026-09-12 03:00,2026-09-12,3,610000,ОЭС СИБИРИ,23598,22772
2026-09-12 04:00,2026-09-12,4,610000,ОЭС СИБИРИ,23776,23277
2026-09-12 05:00,2026-09-12,5,610000,ОЭС СИБИРИ,24497,24161
2026-09-12 06:00,2026-09-12,6,610000,ОЭС СИБИРИ,24971,24598
2026-09-12 07:00,2026-09-12,7,610000,ОЭС СИБИРИ,25109,24629
2026-09-12 08:00,2026-09-12,8,610000,ОЭС СИБИРИ,24739,24636
2026-09-12 09:00,2026-09-12,9,610000,ОЭС СИБИРИ,24971,24679
2026-09-12 10:00,2026-09-12,10,610000,ОЭС СИБИРИ,24944,24535
2026-09-12 11:00,2026-09-12,11,610000,ОЭС СИБИРИ,24777,24240
2026-09-12 12:00,2026-09-12,12,610000,ОЭС СИБИРИ,24758,24382
2026-09-12 13:00,2026-09-12,13,610000,ОЭС СИБИРИ,25111,24666
2026-09-12 14:00,2026-09-12,14,610000,ОЭС СИБИРИ,25064,24682
2026-09-12 15:00,2026-09-12,15,610000,ОЭС СИБИРИ,25049,24782
2026-09-12 16:00,2026-09-12,16,610000,ОЭС СИБИРИ,25103,24608
2026-09-12 17:00,2026-09-12,17,610000,ОЭС СИБИРИ,25283,24712
2026-09-12 18:00,2026-09-12,18,610000,ОЭС СИБИРИ,24680,24187
2026-09-12 19:00,2026-09-12,19,610000,ОЭС СИБИРИ,24213,23520
2026-09-12 20:00,2026-09-12,20,610000,ОЭС СИБИРИ,23235,22746
2026-09-12 21:00,2026-09-12,21,610000,ОЭС СИБИРИ,22589,22308
2026-09-12 22:00,2026-09-12,22,610000,ОЭС СИБИРИ,22392,22106
2026-09-12 23:00,2026-09-12,23,610000,ОЭС СИБИРИ,21946,21824
2026-09-13 00:00,2026-09-13,0,610000,ОЭС СИБИРИ,21603,21594
2026-09-13 01:00,2026-09-13,1,610000,ОЭС СИБИРИ,21817,21766
2026-09-13 02:00,2026-09-13,2,610000,ОЭС СИБИРИ,22198,21986
2026-09-13 03:00,2026-09-13,3,610000,ОЭС СИБИРИ,22786,22511
2026-09-13 04:00,2026-09-13,4,610000,ОЭС СИБИРИ,23013,23003
2026-09-13 05:00,2026-09-13,5,610000,ОЭС СИБИРИ,23708,23706
2026-09-13 06:00,2026-09-13,6,610000,ОЭС СИБИРИ,24285,24319
2026-09-13 07:00,2026-09-13,7,610000,ОЭС СИБИРИ,24457,24509
2026-09-13 08:00,2026-09-13,8,610000,ОЭС СИБИРИ,24515,24426
2026-09-13 09:00,2026-09-13,9,610000,ОЭС СИБИРИ,24683,24470
2026-09-13 10:00,2026-09-13,10,610000,ОЭС СИБИРИ,24675,24403
2026-09-13 11:00,2026-09-13,11,610000,ОЭС СИБИРИ,25031,24615
2026-09-13 12:00,2026-09-13,12,610000,ОЭС СИБИРИ,24780,24381
2026-09-13 13:00,2026-09-13,13,610000,ОЭС СИБИРИ,25117,24593
2026-09-13 14:00,2026-09-13,14,610000,ОЭС СИБИРИ,25290,24827
2026-09-13 15:00,2026-09-13,15,610000,ОЭС СИБИРИ,25257,24984
2026-09-13 16:00,2026-09-13,16,610000,ОЭС СИБИРИ,25499,25020
2026-09-13 17:00,2026-09-13,17,610000,ОЭС СИБИРИ,25480,24989
2026-09-13 18:00,2026-09-13,18,610000,ОЭС СИБИРИ,24799,24327
2026-09-13 19:00,2026-09-13,19,610000,ОЭС СИБИРИ,24310,23523
2026-09-13 20:00,2026-09-13,20,610000,ОЭС СИБИРИ,23559,22873
2026-09-13 21:00,2026-09-13,21,610000,ОЭС СИБИРИ,23351,22280
2026-09-13 22:00,2026-09-13,22,610000,ОЭС СИБИРИ,23133,22153
2026-09-13 23:00,2026-09-13,23,610000,ОЭС СИБИРИ,22852,22105
2026-09-14 00:00,2026-09-14,0,610000,ОЭС СИБИРИ,23387,22019
2026-09-14 01:00,2026-09-14,1,610000,ОЭС СИБИРИ,23130,22105
2026-09-14 02:00,2026-09-14,2,610000,ОЭС СИБИРИ,23881,22889
2026-09-14 03:00,2026-09-14,3,610000,ОЭС СИБИРИ,24381,23522
2026-09-14 04:00,2026-09-14,4,610000,ОЭС СИБИРИ,24071,23759
2026-09-14 05:00,2026-09-14,5,610000,ОЭС СИБИРИ,24518,24169
2026-09-14 06:00,2026-09-14,6,610000,ОЭС СИБИРИ,24402,24460
2026-09-14 07:00,2026-09-14,7,610000,ОЭС СИБИРИ,24343,24352
2026-09-14 08:00,2026-09-14,8,610000,ОЭС СИБИРИ,23991,24005
2026-09-14 09:00,2026-09-14,9,610000,ОЭС СИБИРИ,24994,24816
2026-09-14 10:00,2026-09-14,10,610000,ОЭС СИБИРИ,24832,24697
2026-09-14 11:00,2026-09-14,11,610000,ОЭС СИБИРИ,24990,24805
2026-09-14 12:00,2026-09-14,12,610000,ОЭС СИБИРИ,24757,24505
2026-09-14 13:00,2026-09-14,13,610000,ОЭС СИБИРИ,24499,24132
2026-09-14 14:00,2026-09-14,14,610000,ОЭС СИБИРИ,24912,24532
2026-09-14 15:00,2026-09-14,15,610000,ОЭС СИБИРИ,24992,24574
2026-09-14 16:00,2026-09-14,16,610000,ОЭС СИБИРИ,25032,24539
2026-09-14 17:00,2026-09-14,17,610000,ОЭС СИБИРИ,24968,24619
2026-09-14 18:00,2026-09-14,18,610000,ОЭС СИБИРИ,24870,24462
2026-09-14 19:00,2026-09-14,19,610000,ОЭС СИБИРИ,23944,23458
2026-09-14 20:00,2026-09-14,20,610000,ОЭС СИБИРИ,22865,22545
2026-09-14 21:00,2026-09-14,21,610000,ОЭС СИБИРИ,22265,22018
2026-09-14 22:00,2026-09-14,22,610000,ОЭС СИБИРИ,22723,22201
2026-09-14 23:00,2026-09-14,23,610000,ОЭС СИБИРИ,22675,22011
2026-09-15 00:00,2026-09-15,0,610000,ОЭС СИБИРИ,22484,21884
2026-09-15 01:00,2026-09-15,1,610000,ОЭС СИБИРИ,22781,22245
2026-09-15 02:00,2026-09-15,2,610000,ОЭС СИБИРИ,22935,22668
2026-09-15 03:00,2026-09-15,3,610000,ОЭС СИБИРИ,22619,23369
2026-09-15 04:00,2026-09-15,4,610000,ОЭС СИБИРИ,23437,23457
2026-09-15 05:00,2026-09-15,5,610000,ОЭС СИБИРИ,23744,23933
2026-09-15 06:00,2026-09-15,6,610000,ОЭС СИБИРИ,23893,24213
2026-09-15 07:00,2026-09-15,7,610000,ОЭС СИБИРИ,24223,24163
2026-09-15 08:00,2026-09-15,8,610000,ОЭС СИБИРИ,24071,23988
2026-09-15 09:00,2026-09-15,9,610000,ОЭС СИБИРИ,24435,24358
2026-09-15 10:00,2026-09-15,10,610000,ОЭС СИБИРИ,24420,24487
2026-09-15 11:00,2026-09-15,11,610000,ОЭС СИБИРИ,24430,24347
2026-09-15 12:00,2026-09-15,12,610000,ОЭС СИБИРИ,23875,23830
2026-09-15 13:00,2026-09-15,13,610000,ОЭС СИБИРИ,24102,23853
2026-09-15 14:00,2026-09-15,14,610000,ОЭС СИБИРИ,24424,24183
2026-09-15 15:00,2026-09-15,15,610000,ОЭС СИБИРИ,24604,24386
2026-09-15 16:00,2026-09-15,16,610000,ОЭС СИБИРИ,24612,24358
2026-09-15 17:00,2026-09-15,17,610000,ОЭС СИБИРИ,24374,24413
2026-09-15 18:00,2026-09-15,18,610000,ОЭС СИБИРИ,24460,24352
2026-09-15 19:00,2026-09-15,19,610000,ОЭС СИБИРИ,23624,23472
2026-09-15 20:00,2026-09-15,20,610000,ОЭС СИБИРИ,23334,22695
2026-09-15 21:00,2026-09-15,21,610000,ОЭС СИБИРИ,23146,22432
2026-09-15 22:00,2026-09-15,22,610000,ОЭС СИБИРИ,23060,22346
2026-09-15 23:00,2026-09-15,23,610000,ОЭС СИБИРИ,22823,22147
2026-09-16 00:00,2026-09-16,0,610000,ОЭС СИБИРИ,22153,22023
2026-09-16 01:00,2026-09-16,1,610000,ОЭС СИБИРИ,22870,22496
2026-09-16 02:00,2026-09-16,2,610000,ОЭС СИБИРИ,23326,23015
2026-09-16 03:00,2026-09-16,3,610000,ОЭС СИБИРИ,23543,23505
2026-09-16 04:00,2026-09-16,4,610000,ОЭС СИБИРИ,23519,23731
2026-09-16 05:00,2026-09-16,5,610000,ОЭС СИБИРИ,24031,24305
2026-09-16 06:00,2026-09-16,6,610000,ОЭС СИБИРИ,24448,24676
2026-09-16 07:00,2026-09-16,7,610000,ОЭС СИБИРИ,24528,24629
2026-09-16 08:00,2026-09-16,8,610000,ОЭС СИБИРИ,24433,24487
2026-09-16 09:00,2026-09-16,9,610000,ОЭС СИБИРИ,24799,25043
2026-09-16 10:00,2026-09-16,10,610000,ОЭС СИБИРИ,24778,24839
2026-09-16 11:00,2026-09-16,11,610000,ОЭС СИБИРИ,24881,24881
2026-09-16 12:00,2026-09-16,12,610000,ОЭС СИБИРИ,24493,24493
2026-09-16 13:00,2026-09-16,13,610000,ОЭС СИБИРИ,24422,24398
2026-09-16 14:00,2026-09-16,14,610000,ОЭС СИБИРИ,25086,24763
2026-09-16 15:00,2026-09-16,15,610000,ОЭС СИБИРИ,25203,24959
2026-09-16 16:00,2026-09-16,16,610000,ОЭС СИБИРИ,25082,24775
2026-09-16 17:00,2026-09-16,17,610000,ОЭС СИБИРИ,24910,24708
2026-09-16 18:00,2026-09-16,18,610000,ОЭС СИБИРИ,24880,24634
2026-09-16 19:00,2026-09-16,19,610000,ОЭС СИБИРИ,24156,23741
2026-09-16 20:00,2026-09-16,20,610000,ОЭС СИБИРИ,23338,22772
2026-09-16 21:00,2026-09-16,21,610000,ОЭС СИБИРИ,22531,22630
2026-09-16 22:00,2026-09-16,22,610000,ОЭС СИБИРИ,22517,22187
2026-09-16 23:00,2026-09-16,23,610000,ОЭС СИБИРИ,22605,22263
2026-09-17 00:00,2026-09-17,0,610000,ОЭС СИБИРИ,22474,22228
2026-09-17 01:00,2026-09-17,1,610000,ОЭС СИБИРИ,22549,22400
2026-09-17 02:00,2026-09-17,2,610000,ОЭС СИБИРИ,22949,22931
2026-09-17 03:00,2026-09-17,3,610000,ОЭС СИБИРИ,23111,23686
2026-09-17 04:00,2026-09-17,4,610000,ОЭС СИБИРИ,23101,23643
2026-09-17 05:00,2026-09-17,5,610000,ОЭС СИБИРИ,23638,24214
2026-09-17 06:00,2026-09-17,6,610000,ОЭС СИБИРИ,24039,24583
2026-09-17 07:00,2026-09-17,7,610000,ОЭС СИБИРИ,24227,24438
2026-09-17 08:00,2026-09-17,8,610000,ОЭС СИБИРИ,24222,24387
2026-09-17 09:00,2026-09-17,9,610000,ОЭС СИБИРИ,24874,24847
2026-09-17 10:00,2026-09-17,10,610000,ОЭС СИБИРИ,24770,24795
2026-09-17 11:00,2026-09-17,11,610000,ОЭС СИБИРИ,25208,25124
2026-09-17 12:00,2026-09-17,12,610000,ОЭС СИБИРИ,24439,24340
2026-09-17 13:00,2026-09-17,13,610000,ОЭС СИБИРИ,24361,24179
2026-09-17 14:00,2026-09-17,14,610000,ОЭС СИБИРИ,24448,24345
2026-09-17 15:00,2026-09-17,15,610000,ОЭС СИБИРИ,24865,24865
2026-09-17 16:00,2026-09-17,16,610000,ОЭС СИБИРИ,25051,24735
2026-09-17 17:00,2026-09-17,17,610000,ОЭС СИБИРИ,24556,24559
2026-09-17 18:00,2026-09-17,18,610000,ОЭС СИБИРИ,24867,24751
2026-09-17 19:00,2026-09-17,19,610000,ОЭС СИБИРИ,24470,24081
2026-09-17 20:00,2026-09-17,20,610000,ОЭС СИБИРИ,23521,23172
2026-09-17 21:00,2026-09-17,21,610000,ОЭС СИБИРИ,23221,22728
2026-09-17 22:00,2026-09-17,22,610000,ОЭС СИБИРИ,23173,22563
2026-09-17 23:00,2026-09-17,23,610000,ОЭС СИБИРИ,22214,22133
2026-09-18 00:00,2026-09-18,0,610000,ОЭС СИБИРИ,22223,22049
2026-09-18 01:00,2026-09-18,1,610000,ОЭС СИБИРИ,22712,22493
2026-09-18 02:00,2026-09-18,2,610000,ОЭС СИБИРИ,22958,22928
2026-09-18 03:00,2026-09-18,3,610000,ОЭС СИБИРИ,22745,23433
2026-09-18 04:00,2026-09-18,4,610000,ОЭС СИБИРИ,23256,23751
2026-09-18 05:00,2026-09-18,5,610000,ОЭС СИБИРИ,24122,24192
2026-09-18 06:00,2026-09-18,6,610000,ОЭС СИБИРИ,25017,24665
2026-09-18 07:00,2026-09-18,7,610000,ОЭС СИБИРИ,24607,24548
2026-09-18 08:00,2026-09-18,8,610000,ОЭС СИБИРИ,24490,24349
2026-09-18 09:00,2026-09-18,9,610000,ОЭС СИБИРИ,25128,24763
2026-09-18 10:00,2026-09-18,10,610000,ОЭС СИБИРИ,25188,25226
2026-09-18 11:00,2026-09-18,11,610000,ОЭС СИБИРИ,24973,24933
2026-09-18 12:00,2026-09-18,12,610000,ОЭС СИБИРИ,24316,24378
2026-09-18 13:00,2026-09-18,13,610000,ОЭС СИБИРИ,24363,24330
2026-09-18 14:00,2026-09-18,14,610000,ОЭС СИБИРИ,24938,24761
2026-09-18 15:00,2026-09-18,15,610000,ОЭС СИБИРИ,25083,24814
2026-09-18 16:00,2026-09-18,16,610000,ОЭС СИБИРИ,25476,24961
2026-09-18 17:00,2026-09-18,17,610000,ОЭС СИБИРИ,24991,24728
2026-09-18 18:00,2026-09-18,18,610000,ОЭС СИБИРИ,25005,24768
2026-09-18 19:00,2026-09-18,19,610000,ОЭС СИБИРИ,24241,23932
2026-09-18 20:00,2026-09-18,20,610000,ОЭС СИБИРИ,23501,23116
2026-09-18 21:00,2026-09-18,21,610000,ОЭС СИБИРИ,22533,22687
2026-09-18 22:00,2026-09-18,22,610000,ОЭС СИБИРИ,22436,22685
2026-09-18 23:00,2026-09-18,23,610000,ОЭС СИБИРИ,22213,22464
2026-09-19 00:00,2026-09-19,0,610000,ОЭС СИБИРИ,22391,22401
2026-09-19 01:00,2026-09-19,1,610000,ОЭС СИБИРИ,22291,22584
2026-09-19 02:00,2026-09-19,2,610000,ОЭС СИБИРИ,22581,22778
2026-09-19 03:00,2026-09-19,3,610000,ОЭС СИБИРИ,23064,23207
2026-09-19 04:00,2026-09-19,4,610000,ОЭС СИБИРИ,23076,23453
2026-09-19 05:00,2026-09-19,5,610000,ОЭС СИБИРИ,24162,24445
2026-09-19 06:00,2026-09-19,6,610000,ОЭС СИБИРИ,24493,24802
2026-09-19 07:00,2026-09-19,7,610000,ОЭС СИБИРИ,24777,25036
2026-09-19 08:00,2026-09-19,8,610000,ОЭС СИБИРИ,25141,25110
2026-09-19 09:00,2026-09-19,9,610000,ОЭС СИБИРИ,24920,24978
2026-09-19 10:00,2026-09-19,10,610000,ОЭС СИБИРИ,24819,24841
2026-09-19 11:00,2026-09-19,11,610000,ОЭС СИБИРИ,25083,24914
2026-09-19 12:00,2026-09-19,12,610000,ОЭС СИБИРИ,25084,24834
2026-09-19 13:00,2026-09-19,13,610000,ОЭС СИБИРИ,24920,24970
2026-09-19 14:00,2026-09-19,14,610000,ОЭС СИБИРИ,25224,25060
2026-09-19 15:00,2026-09-19,15,610000,ОЭС СИБИРИ,25238,25214
2026-09-19 16:00,2026-09-19,16,610000,ОЭС СИБИРИ,25477,25284
2026-09-19 17:00,2026-09-19,17,610000,ОЭС СИБИРИ,24933,24970
2026-09-19 18:00,2026-09-19,18,610000,ОЭС СИБИРИ,24846,24799
2026-09-19 19:00,2026-09-19,19,610000,ОЭС СИБИРИ,24262,23807
2026-09-19 20:00,2026-09-19,20,610000,ОЭС СИБИРИ,23327,23202
2026-09-19 21:00,2026-09-19,21,610000,ОЭС СИБИРИ,22739,22907
2026-09-19 22:00,2026-09-19,22,610000,ОЭС СИБИРИ,22966,22764
2026-09-19 23:00,2026-09-19,23,610000,ОЭС СИБИРИ,23128,22741
2026-09-20 00:00,2026-09-20,0,610000,ОЭС СИБИРИ,22615,22350
2026-09-20 01:00,2026-09-20,1,610000,ОЭС СИБИРИ,22486,22393
2026-09-20 02:00,2026-09-20,2,610000,ОЭС СИБИРИ,22471,22630
2026-09-20 03:00,2026-09-20,3,610000,ОЭС СИБИРИ,22718,22821
2026-09-20 04:00,2026-09-20,4,610000,ОЭС СИБИРИ,23041,23270
2026-09-20 05:00,2026-09-20,5,610000,ОЭС СИБИРИ,23502,24197
2026-09-20 06:00,2026-09-20,6,610000,ОЭС СИБИРИ,24052,24801
2026-09-20 07:00,2026-09-20,7,610000,ОЭС СИБИРИ,24543,25044
2026-09-20 08:00,2026-09-20,8,610000,ОЭС СИБИРИ,24577,24952
2026-09-20 09:00,2026-09-20,9,610000,ОЭС СИБИРИ,24906,24862
2026-09-20 10:00,2026-09-20,10,610000,ОЭС СИБИРИ,24886,24868
2026-09-20 11:00,2026-09-20,11,610000,ОЭС СИБИРИ,24924,24912
2026-09-20 12:00,2026-09-20,12,610000,ОЭС СИБИРИ,25200,25036
2026-09-20 13:00,2026-09-20,13,610000,ОЭС СИБИРИ,25284,25176
2026-09-20 14:00,2026-09-20,14,610000,ОЭС СИБИРИ,25357,25226
2026-09-20 15:00,2026-09-20,15,610000,ОЭС СИБИРИ,25873,25610
2026-09-20 16:00,2026-09-20,16,610000,ОЭС СИБИРИ,25866,25504
2026-09-20 17:00,2026-09-20,17,610000,ОЭС СИБИРИ,25850,25555
2026-09-20 18:00,2026-09-20,18,610000,ОЭС СИБИРИ,25254,24871
2026-09-20 19:00,2026-09-20,19,610000,ОЭС СИБИРИ,24668,23905
2026-09-20 20:00,2026-09-20,20,610000,ОЭС СИБИРИ,23442,23137
2026-09-20 21:00,2026-09-20,21,610000,ОЭС СИБИРИ,22353,22699
2026-09-20 22:00,2026-09-20,22,610000,ОЭС СИБИРИ,21085,22243
2026-09-20 23:00,2026-09-20,23,610000,ОЭС СИБИРИ,21298,22195
2026-09-21 00:00,2026-09-21,0,610000,ОЭС СИБИРИ,21596,22340
2026-09-21 01:00,2026-09-21,1,610000,ОЭС СИБИРИ,22578,22725
2026-09-21 02:00,2026-09-21,2,610000,ОЭС СИБИРИ,22336,22922
2026-09-21 03:00,2026-09-21,3,610000,ОЭС СИБИРИ,23198,23747
2026-09-21 04:00,2026-09-21,4,610000,ОЭС СИБИРИ,23517,24094
2026-09-21 05:00,2026-09-21,5,610000,ОЭС СИБИРИ,24079,24474
2026-09-21 06:00,2026-09-21,6,610000,ОЭС СИБИРИ,24213,24601
2026-09-21 07:00,2026-09-21,7,610000,ОЭС СИБИРИ,24203,24681
2026-09-21 08:00,2026-09-21,8,610000,ОЭС СИБИРИ,24365,24721
2026-09-21 09:00,2026-09-21,9,610000,ОЭС СИБИРИ,24987,25166
2026-09-21 10:00,2026-09-21,10,610000,ОЭС СИБИРИ,24939,25177
2026-09-21 11:00,2026-09-21,11,610000,ОЭС СИБИРИ,24718,25198
2026-09-21 12:00,2026-09-21,12,610000,ОЭС СИБИРИ,24700,24693
2026-09-21 13:00,2026-09-21,13,610000,ОЭС СИБИРИ,24389,24704
2026-09-21 14:00,2026-09-21,14,610000,ОЭС СИБИРИ,24734,25007
2026-09-21 15:00,2026-09-21,15,610000,ОЭС СИБИРИ,24970,25159
2026-09-21 16:00,2026-09-21,16,610000,ОЭС СИБИРИ,25053,25245
2026-09-21 17:00,2026-09-21,17,610000,ОЭС СИБИРИ,24737,25073
2026-09-21 18:00,2026-09-21,18,610000,ОЭС СИБИРИ,24491,24906
2026-09-21 19:00,2026-09-21,19,610000,ОЭС СИБИРИ,23937,24170
2026-09-21 20:00,2026-09-21,20,610000,ОЭС СИБИРИ,23209,23384
2026-09-21 21:00,2026-09-21,21,610000,ОЭС СИБИРИ,23181,23028
2026-09-21 22:00,2026-09-21,22,610000,ОЭС СИБИРИ,23205,22851
2026-09-21 23:00,2026-09-21,23,610000,ОЭС СИБИРИ,22901,22778
2026-09-22 00:00,2026-09-22,0,610000,ОЭС СИБИРИ,22696,22556
2026-09-22 01:00,2026-09-22,1,610000,ОЭС СИБИРИ,23266,22934
2026-09-22 02:00,2026-09-22,2,610000,ОЭС СИБИРИ,23522,23395
2026-09-22 03:00,2026-09-22,3,610000,ОЭС СИБИРИ,23849,24227
2026-09-22 04:00,2026-09-22,4,610000,ОЭС СИБИРИ,24411,24244
2026-09-22 05:00,2026-09-22,5,610000,ОЭС СИБИРИ,24460,24692
2026-09-22 06:00,2026-09-22,6,610000,ОЭС СИБИРИ,24840,24935
2026-09-22 07:00,2026-09-22,7,610000,ОЭС СИБИРИ,24780,25050
2026-09-22 08:00,2026-09-22,8,610000,ОЭС СИБИРИ,24467,24753
2026-09-22 09:00,2026-09-22,9,610000,ОЭС СИБИРИ,24812,25073
2026-09-22 10:00,2026-09-22,10,610000,ОЭС СИБИРИ,24924,25140
2026-09-22 11:00,2026-09-22,11,610000,ОЭС СИБИРИ,25092,25202
2026-09-22 12:00,2026-09-22,12,610000,ОЭС СИБИРИ,24552,24597
2026-09-22 13:00,2026-09-22,13,610000,ОЭС СИБИРИ,24467,24684
2026-09-22 14:00,2026-09-22,14,610000,ОЭС СИБИРИ,24635,24921
2026-09-22 15:00,2026-09-22,15,610000,ОЭС СИБИРИ,24572,25207
2026-09-22 16:00,2026-09-22,16,610000,ОЭС СИБИРИ,24951,25264
2026-09-22 17:00,2026-09-22,17,610000,ОЭС СИБИРИ,24841,25170
2026-09-22 18:00,2026-09-22,18,610000,ОЭС СИБИРИ,25149,25386
2026-09-22 19:00,2026-09-22,19,610000,ОЭС СИБИРИ,24453,24340
2026-09-22 20:00,2026-09-22,20,610000,ОЭС СИБИРИ,23505,23563
2026-09-22 21:00,2026-09-22,21,610000,ОЭС СИБИРИ,23028,23138
2026-09-22 22:00,2026-09-22,22,610000,ОЭС СИБИРИ,23249,22907
2026-09-22 23:00,2026-09-22,23,610000,ОЭС СИБИРИ,23328,22838
2026-09-23 00:00,2026-09-23,0,610000,ОЭС СИБИРИ,23260,22904
2026-09-23 01:00,2026-09-23,1,610000,ОЭС СИБИРИ,23022,23016
2026-09-23 02:00,2026-09-23,2,610000,ОЭС СИБИРИ,23682,23553
2026-09-23 03:00,2026-09-23,3,610000,ОЭС СИБИРИ,24147,24295
2026-09-23 04:00,2026-09-23,4,610000,ОЭС СИБИРИ,24363,24453
2026-09-23 05:00,2026-09-23,5,610000,ОЭС СИБИРИ,24794,24863
2026-09-23 06:00,2026-09-23,6,610000,ОЭС СИБИРИ,25194,25002
2026-09-23 07:00,2026-09-23,7,610000,ОЭС СИБИРИ,24269,24782
2026-09-23 08:00,2026-09-23,8,610000,ОЭС СИБИРИ,24822,24757
2026-09-23 09:00,2026-09-23,9,610000,ОЭС СИБИРИ,24988,25011
2026-09-23 10:00,2026-09-23,10,610000,ОЭС СИБИРИ,25006,25039
2026-09-23 11:00,2026-09-23,11,610000,ОЭС СИБИРИ,24620,24969
2026-09-23 12:00,2026-09-23,12,610000,ОЭС СИБИРИ,24353,24544
2026-09-23 13:00,2026-09-23,13,610000,ОЭС СИБИРИ,24462,24438
2026-09-23 14:00,2026-09-23,14,610000,ОЭС СИБИРИ,24761,24740
2026-09-23 15:00,2026-09-23,15,610000,ОЭС СИБИРИ,25134,25001
2026-09-23 16:00,2026-09-23,16,610000,ОЭС СИБИРИ,25154,25186
2026-09-23 17:00,2026-09-23,17,610000,ОЭС СИБИРИ,24943,25268
2026-09-23 18:00,2026-09-23,18,610000,ОЭС СИБИРИ,24821,25115
2026-09-23 19:00,2026-09-23,19,610000,ОЭС СИБИРИ,24236,24284
2026-09-23 20:00,2026-09-23,20,610000,ОЭС СИБИРИ,23879,23542
2026-09-23 21:00,2026-09-23,21,610000,ОЭС СИБИРИ,23596,23276
2026-09-23 22:00,2026-09-23,22,610000,ОЭС СИБИРИ,23528,23226
2026-09-23 23:00,2026-09-23,23,610000,ОЭС СИБИРИ,23458,23246
2026-09-24 00:00,2026-09-24,0,610000,ОЭС СИБИРИ,22618,22669
2026-09-24 01:00,2026-09-24,1,610000,ОЭС СИБИРИ,23084,22818
2026-09-24 02:00,2026-09-24,2,610000,ОЭС СИБИРИ,23594,23505
2026-09-24 03:00,2026-09-24,3,610000,ОЭС СИБИРИ,24722,24467
2026-09-24 04:00,2026-09-24,4,610000,ОЭС СИБИРИ,24869,24614
2026-09-24 05:00,2026-09-24,5,610000,ОЭС СИБИРИ,25204,25002
2026-09-24 06:00,2026-09-24,6,610000,ОЭС СИБИРИ,25059,25098
2026-09-24 07:00,2026-09-24,7,610000,ОЭС СИБИРИ,24686,24891
2026-09-24 08:00,2026-09-24,8,610000,ОЭС СИБИРИ,24763,24689
2026-09-24 09:00,2026-09-24,9,610000,ОЭС СИБИРИ,25109,25025
2026-09-24 10:00,2026-09-24,10,610000,ОЭС СИБИРИ,25241,25156
2026-09-24 11:00,2026-09-24,11,610000,ОЭС СИБИРИ,25194,25148
2026-09-24 12:00,2026-09-24,12,610000,ОЭС СИБИРИ,24555,24409
2026-09-24 13:00,2026-09-24,13,610000,ОЭС СИБИРИ,24627,24541
2026-09-24 14:00,2026-09-24,14,610000,ОЭС СИБИРИ,24966,24948
2026-09-24 15:00,2026-09-24,15,610000,ОЭС СИБИРИ,25241,25423
2026-09-24 16:00,2026-09-24,16,610000,ОЭС СИБИРИ,25549,25444
2026-09-24 17:00,2026-09-24,17,610000,ОЭС СИБИРИ,25202,25372
2026-09-24 18:00,2026-09-24,18,610000,ОЭС СИБИРИ,25355,25473
2026-09-24 19:00,2026-09-24,19,610000,ОЭС СИБИРИ,24563,24449
2026-09-24 20:00,2026-09-24,20,610000,ОЭС СИБИРИ,23767,23699
2026-09-24 21:00,2026-09-24,21,610000,ОЭС СИБИРИ,23891,23403
2026-09-24 22:00,2026-09-24,22,610000,ОЭС СИБИРИ,23624,23299
2026-09-24 23:00,2026-09-24,23,610000,ОЭС СИБИРИ,23668,23222
2026-09-25 00:00,2026-09-25,0,610000,ОЭС СИБИРИ,23738,23288
2026-09-25 01:00,2026-09-25,1,610000,ОЭС СИБИРИ,23259,23128
2026-09-25 02:00,2026-09-25,2,610000,ОЭС СИБИРИ,23649,23620
2026-09-25 03:00,2026-09-25,3,610000,ОЭС СИБИРИ,24632,24576
2026-09-25 04:00,2026-09-25,4,610000,ОЭС СИБИРИ,24258,24560
2026-09-25 05:00,2026-09-25,5,610000,ОЭС СИБИРИ,25195,25169
2026-09-25 06:00,2026-09-25,6,610000,ОЭС СИБИРИ,25553,25464
2026-09-25 07:00,2026-09-25,7,610000,ОЭС СИБИРИ,24849,25229
2026-09-25 08:00,2026-09-25,8,610000,ОЭС СИБИРИ,24487,24973
2026-09-25 09:00,2026-09-25,9,610000,ОЭС СИБИРИ,25131,25481
2026-09-25 10:00,2026-09-25,10,610000,ОЭС СИБИРИ,25235,25406
2026-09-25 11:00,2026-09-25,11,610000,ОЭС СИБИРИ,25259,25396
2026-09-25 12:00,2026-09-25,12,610000,ОЭС СИБИРИ,24743,24900
2026-09-25 13:00,2026-09-25,13,610000,ОЭС СИБИРИ,24373,24840
2026-09-25 14:00,2026-09-25,14,610000,ОЭС СИБИРИ,25297,25168
2026-09-25 15:00,2026-09-25,15,610000,ОЭС СИБИРИ,25546,25353
2026-09-25 16:00,2026-09-25,16,610000,ОЭС СИБИРИ,25317,25503
2026-09-25 17:00,2026-09-25,17,610000,ОЭС СИБИРИ,25209,25366
2026-09-25 18:00,2026-09-25,18,610000,ОЭС СИБИРИ,25191,25419
2026-09-25 19:00,2026-09-25,19,610000,ОЭС СИБИРИ,24541,24820
2026-09-25 20:00,2026-09-25,20,610000,ОЭС СИБИРИ,23667,23914
2026-09-25 21:00,2026-09-25,21,610000,ОЭС СИБИРИ,23359,23627
2026-09-25 22:00,2026-09-25,22,610000,ОЭС СИБИРИ,23636,23537
2026-09-25 23:00,2026-09-25,23,610000,ОЭС СИБИРИ,23229,23212
2026-09-26 00:00,2026-09-26,0,610000,ОЭС СИБИРИ,23080,23177
2026-09-26 01:00,2026-09-26,1,610000,ОЭС СИБИРИ,22454,23065
2026-09-26 02:00,2026-09-26,2,610000,ОЭС СИБИРИ,22612,23268
2026-09-26 03:00,2026-09-26,3,610000,ОЭС СИБИРИ,23178,23868
2026-09-26 04:00,2026-09-26,4,610000,ОЭС СИБИРИ,23564,24393
2026-09-26 05:00,2026-09-26,5,610000,ОЭС СИБИРИ,24457,25255
2026-09-26 06:00,2026-09-26,6,610000,ОЭС СИБИРИ,25049,25837
2026-09-26 07:00,2026-09-26,7,610000,ОЭС СИБИРИ,25109,25656
2026-09-26 08:00,2026-09-26,8,610000,ОЭС СИБИРИ,25352,25974
2026-09-26 09:00,2026-09-26,9,610000,ОЭС СИБИРИ,25447,25741
2026-09-26 10:00,2026-09-26,10,610000,ОЭС СИБИРИ,24925,25569
2026-09-26 11:00,2026-09-26,11,610000,ОЭС СИБИРИ,25515,25573
2026-09-26 12:00,2026-09-26,12,610000,ОЭС СИБИРИ,25251,25560
2026-09-26 13:00,2026-09-26,13,610000,ОЭС СИБИРИ,25187,25536
2026-09-26 14:00,2026-09-26,14,610000,ОЭС СИБИРИ,25388,25794
2026-09-26 15:00,2026-09-26,15,610000,ОЭС СИБИРИ,25705,26042
2026-09-26 16:00,2026-09-26,16,610000,ОЭС СИБИРИ,25377,25945
2026-09-26 17:00,2026-09-26,17,610000,ОЭС СИБИРИ,25201,25789
2026-09-26 18:00,2026-09-26,18,610000,ОЭС СИБИРИ,25140,25423
2026-09-26 19:00,2026-09-26,19,610000,ОЭС СИБИРИ,24401,24632
2026-09-26 20:00,2026-09-26,20,610000,ОЭС СИБИРИ,23694,24002
2026-09-26 21:00,2026-09-26,21,610000,ОЭС СИБИРИ,22757,23482
2026-09-26 22:00,2026-09-26,22,610000,ОЭС СИБИРИ,22502,23461
2026-09-26 23:00,2026-09-26,23,610000,ОЭС СИБИРИ,22594,23132
2026-09-27 00:00,2026-09-27,0,610000,ОЭС СИБИРИ,22690,23158
2026-09-27 01:00,2026-09-27,1,610000,ОЭС СИБИРИ,23069,23398
2026-09-27 02:00,2026-09-27,2,610000,ОЭС СИБИРИ,23070,23283
2026-09-27 03:00,2026-09-27,3,610000,ОЭС СИБИРИ,23707,23795
2026-09-27 04:00,2026-09-27,4,610000,ОЭС СИБИРИ,24008,24348
2026-09-27 05:00,2026-09-27,5,610000,ОЭС СИБИРИ,23726,24829
2026-09-27 06:00,2026-09-27,6,610000,ОЭС СИБИРИ,24086,25538
2026-09-27 07:00,2026-09-27,7,610000,ОЭС СИБИРИ,24516,25779
2026-09-27 08:00,2026-09-27,8,610000,ОЭС СИБИРИ,24696,25778
2026-09-27 09:00,2026-09-27,9,610000,ОЭС СИБИРИ,25128,25955
2026-09-27 10:00,2026-09-27,10,610000,ОЭС СИБИРИ,24894,25808
2026-09-27 11:00,2026-09-27,11,610000,ОЭС СИБИРИ,24834,25857
2026-09-27 12:00,2026-09-27,12,610000,ОЭС СИБИРИ,24868,25890
2026-09-27 13:00,2026-09-27,13,610000,ОЭС СИБИРИ,25104,26153
2026-09-27 14:00,2026-09-27,14,610000,ОЭС СИБИРИ,25220,26199
2026-09-27 15:00,2026-09-27,15,610000,ОЭС СИБИРИ,25359,26314
2026-09-27 16:00,2026-09-27,16,610000,ОЭС СИБИРИ,25400,26463
2026-09-27 17:00,2026-09-27,17,610000,ОЭС СИБИРИ,25286,26273
2026-09-27 18:00,2026-09-27,18,610000,ОЭС СИБИРИ,24946,25662
2026-09-27 19:00,2026-09-27,19,610000,ОЭС СИБИРИ,24213,24807
2026-09-27 20:00,2026-09-27,20,610000,ОЭС СИБИРИ,23441,24243
2026-09-27 21:00,2026-09-27,21,610000,ОЭС СИБИРИ,22776,23711
2026-09-27 22:00,2026-09-27,22,610000,ОЭС СИБИРИ,22717,23434
2026-09-27 23:00,2026-09-27,23,610000,ОЭС СИБИРИ,22333,23151
