datetime_msk,date,hour,kpo,energy_system,generation_mw,consumption_mw
2025-09-28 00:00,2025-09-28,0,600000,ОЭС СР. ВОЛГИ,10239,11176
2025-09-28 01:00,2025-09-28,1,600000,ОЭС СР. ВОЛГИ,10284,10723
2025-09-28 02:00,2025-09-28,2,600000,ОЭС СР. ВОЛГИ,9843,10794
2025-09-28 03:00,2025-09-28,3,600000,ОЭС СР. ВОЛГИ,9623,10704
2025-09-28 04:00,2025-09-28,4,600000,ОЭС СР. ВОЛГИ,9545,10647
2025-09-28 05:00,2025-09-28,5,600000,ОЭС СР. ВОЛГИ,9628,10920
2025-09-28 06:00,2025-09-28,6,600000,ОЭС СР. ВОЛГИ,10483,10970
2025-09-28 07:00,2025-09-28,7,600000,ОЭС СР. ВОЛГИ,10566,11347
2025-09-28 08:00,2025-09-28,8,600000,ОЭС СР. ВОЛГИ,10844,11897
2025-09-28 09:00,2025-09-28,9,600000,ОЭС СР. ВОЛГИ,11540,12292
2025-09-28 10:00,2025-09-28,10,600000,ОЭС СР. ВОЛГИ,11728,12595
2025-09-28 11:00,2025-09-28,11,600000,ОЭС СР. ВОЛГИ,11946,12656
2025-09-28 12:00,2025-09-28,12,600000,ОЭС СР. ВОЛГИ,12192,12631
2025-09-28 13:00,2025-09-28,13,600000,ОЭС СР. ВОЛГИ,12081,12602
2025-09-28 14:00,2025-09-28,14,600000,ОЭС СР. ВОЛГИ,11959,12806
2025-09-28 15:00,2025-09-28,15,600000,ОЭС СР. ВОЛГИ,11647,12769
2025-09-28 16:00,2025-09-28,16,600000,ОЭС СР. ВОЛГИ,11961,12651
2025-09-28 17:00,2025-09-28,17,600000,ОЭС СР. ВОЛГИ,12540,12887
2025-09-28 18:00,2025-09-28,18,600000,ОЭС СР. ВОЛГИ,13438,13264
2025-09-28 19:00,2025-09-28,19,600000,ОЭС СР. ВОЛГИ,13150,13200
2025-09-28 20:00,2025-09-28,20,600000,ОЭС СР. ВОЛГИ,12989,13107
2025-09-28 21:00,2025-09-28,21,600000,ОЭС СР. ВОЛГИ,12372,12847
2025-09-28 22:00,2025-09-28,22,600000,ОЭС СР. ВОЛГИ,11297,12116
2025-09-28 23:00,2025-09-28,23,600000,ОЭС СР. ВОЛГИ,10952,11488
2025-09-29 00:00,2025-09-29,0,600000,ОЭС СР. ВОЛГИ,10776,11215
2025-09-29 01:00,2025-09-29,1,600000,ОЭС СР. ВОЛГИ,10101,10913
2025-09-29 02:00,2025-09-29,2,600000,ОЭС СР. ВОЛГИ,10036,10797
2025-09-29 03:00,2025-09-29,3,600000,ОЭС СР. ВОЛГИ,10033,10784
2025-09-29 04:00,2025-09-29,4,600000,ОЭС СР. ВОЛГИ,10018,11017
2025-09-29 05:00,2025-09-29,5,600000,ОЭС СР. ВОЛГИ,10851,11420
2025-09-29 06:00,2025-09-29,6,600000,ОЭС СР. ВОЛГИ,11283,11991
2025-09-29 07:00,2025-09-29,7,600000,ОЭС СР. ВОЛГИ,11089,12756
2025-09-29 08:00,2025-09-29,8,600000,ОЭС СР. ВОЛГИ,12080,13739
2025-09-29 09:00,2025-09-29,9,600000,ОЭС СР. ВОЛГИ,14170,14295
2025-09-29 10:00,2025-09-29,10,600000,ОЭС СР. ВОЛГИ,13872,14347
2025-09-29 11:00,2025-09-29,11,600000,ОЭС СР. ВОЛГИ,13196,14158
2025-09-29 12:00,2025-09-29,12,600000,ОЭС СР. ВОЛГИ,13452,14190
2025-09-29 13:00,2025-09-29,13,600000,ОЭС СР. ВОЛГИ,13140,14097
2025-09-29 14:00,2025-09-29,14,600000,ОЭС СР. ВОЛГИ,13290,13969
2025-09-29 15:00,2025-09-29,15,600000,ОЭС СР. ВОЛГИ,13045,13937
2025-09-29 16:00,2025-09-29,16,600000,ОЭС СР. ВОЛГИ,13113,13731
2025-09-29 17:00,2025-09-29,17,600000,ОЭС СР. ВОЛГИ,13138,13608
2025-09-29 18:00,2025-09-29,18,600000,ОЭС СР. ВОЛГИ,13218,14103
2025-09-29 19:00,2025-09-29,19,600000,ОЭС СР. ВОЛГИ,13509,14030
2025-09-29 20:00,2025-09-29,20,600000,ОЭС СР. ВОЛГИ,12932,13941
2025-09-29 21:00,2025-09-29,21,600000,ОЭС СР. ВОЛГИ,11920,13478
2025-09-29 22:00,2025-09-29,22,600000,ОЭС СР. ВОЛГИ,11563,12838
2025-09-29 23:00,2025-09-29,23,600000,ОЭС СР. ВОЛГИ,10960,12077
2025-09-30 00:00,2025-09-30,0,600000,ОЭС СР. ВОЛГИ,10529,11696
2025-09-30 01:00,2025-09-30,1,600000,ОЭС СР. ВОЛГИ,10294,11368
2025-09-30 02:00,2025-09-30,2,600000,ОЭС СР. ВОЛГИ,10169,11258
2025-09-30 03:00,2025-09-30,3,600000,ОЭС СР. ВОЛГИ,10084,11146
2025-09-30 04:00,2025-09-30,4,600000,ОЭС СР. ВОЛГИ,10053,11212
2025-09-30 05:00,2025-09-30,5,600000,ОЭС СР. ВОЛГИ,10426,11596
2025-09-30 06:00,2025-09-30,6,600000,ОЭС СР. ВОЛГИ,10660,12386
2025-09-30 07:00,2025-09-30,7,600000,ОЭС СР. ВОЛГИ,11608,13416
2025-09-30 08:00,2025-09-30,8,600000,ОЭС СР. ВОЛГИ,12798,14145
2025-09-30 09:00,2025-09-30,9,600000,ОЭС СР. ВОЛГИ,13432,14350
2025-09-30 10:00,2025-09-30,10,600000,ОЭС СР. ВОЛГИ,13869,14534
2025-09-30 11:00,2025-09-30,11,600000,ОЭС СР. ВОЛГИ,13210,14382
2025-09-30 12:00,2025-09-30,12,600000,ОЭС СР. ВОЛГИ,13548,14186
2025-09-30 13:00,2025-09-30,13,600000,ОЭС СР. ВОЛГИ,13604,14229
2025-09-30 14:00,2025-09-30,14,600000,ОЭС СР. ВОЛГИ,13599,14088
2025-09-30 15:00,2025-09-30,15,600000,ОЭС СР. ВОЛГИ,13091,13896
2025-09-30 16:00,2025-09-30,16,600000,ОЭС СР. ВОЛГИ,13143,13741
2025-09-30 17:00,2025-09-30,17,600000,ОЭС СР. ВОЛГИ,13576,13614
2025-09-30 18:00,2025-09-30,18,600000,ОЭС СР. ВОЛГИ,13964,14193
2025-09-30 19:00,2025-09-30,19,600000,ОЭС СР. ВОЛГИ,13882,14073
2025-09-30 20:00,2025-09-30,20,600000,ОЭС СР. ВОЛГИ,13633,13994
2025-09-30 21:00,2025-09-30,21,600000,ОЭС СР. ВОЛГИ,12850,13605
2025-09-30 22:00,2025-09-30,22,600000,ОЭС СР. ВОЛГИ,12631,12974
2025-09-30 23:00,2025-09-30,23,600000,ОЭС СР. ВОЛГИ,11894,12312
2025-10-01 00:00,2025-10-01,0,600000,ОЭС СР. ВОЛГИ,10830,11788
2025-10-01 01:00,2025-10-01,1,600000,ОЭС СР. ВОЛГИ,10508,11498
2025-10-01 02:00,2025-10-01,2,600000,ОЭС СР. ВОЛГИ,10367,11418
2025-10-01 03:00,2025-10-01,3,600000,ОЭС СР. ВОЛГИ,10112,11278
2025-10-01 04:00,2025-10-01,4,600000,ОЭС СР. ВОЛГИ,10216,11476
2025-10-01 05:00,2025-10-01,5,600000,ОЭС СР. ВОЛГИ,10968,11874
2025-10-01 06:00,2025-10-01,6,600000,ОЭС СР. ВОЛГИ,11090,12422
2025-10-01 07:00,2025-10-01,7,600000,ОЭС СР. ВОЛГИ,11620,13234
2025-10-01 08:00,2025-10-01,8,600000,ОЭС СР. ВОЛГИ,12672,13886
2025-10-01 09:00,2025-10-01,9,600000,ОЭС СР. ВОЛГИ,14249,14452
2025-10-01 10:00,2025-10-01,10,600000,ОЭС СР. ВОЛГИ,14171,14392
2025-10-01 11:00,2025-10-01,11,600000,ОЭС СР. ВОЛГИ,13729,14099
2025-10-01 12:00,2025-10-01,12,600000,ОЭС СР. ВОЛГИ,13429,13970
2025-10-01 13:00,2025-10-01,13,600000,ОЭС СР. ВОЛГИ,13670,14001
2025-10-01 14:00,2025-10-01,14,600000,ОЭС СР. ВОЛГИ,13838,13891
2025-10-01 15:00,2025-10-01,15,600000,ОЭС СР. ВОЛГИ,13698,13804
2025-10-01 16:00,2025-10-01,16,600000,ОЭС СР. ВОЛГИ,13312,13611
2025-10-01 17:00,2025-10-01,17,600000,ОЭС СР. ВОЛГИ,13775,13621
2025-10-01 18:00,2025-10-01,18,600000,ОЭС СР. ВОЛГИ,14161,14042
2025-10-01 19:00,2025-10-01,19,600000,ОЭС СР. ВОЛГИ,14250,13978
2025-10-01 20:00,2025-10-01,20,600000,ОЭС СР. ВОЛГИ,14115,13835
2025-10-01 21:00,2025-10-01,21,600000,ОЭС СР. ВОЛГИ,13391,13385
2025-10-01 22:00,2025-10-01,22,600000,ОЭС СР. ВОЛГИ,12062,12801
2025-10-01 23:00,2025-10-01,23,600000,ОЭС СР. ВОЛГИ,11526,12156
2025-10-02 00:00,2025-10-02,0,600000,ОЭС СР. ВОЛГИ,11629,11692
2025-10-02 01:00,2025-10-02,1,600000,ОЭС СР. ВОЛГИ,11523,11572
2025-10-02 02:00,2025-10-02,2,600000,ОЭС СР. ВОЛГИ,11225,11508
2025-10-02 03:00,2025-10-02,3,600000,ОЭС СР. ВОЛГИ,11086,11422
2025-10-02 04:00,2025-10-02,4,600000,ОЭС СР. ВОЛГИ,10886,11375
2025-10-02 05:00,2025-10-02,5,600000,ОЭС СР. ВОЛГИ,11840,11864
2025-10-02 06:00,2025-10-02,6,600000,ОЭС СР. ВОЛГИ,12270,12601
2025-10-02 07:00,2025-10-02,7,600000,ОЭС СР. ВОЛГИ,12405,13294
2025-10-02 08:00,2025-10-02,8,600000,ОЭС СР. ВОЛГИ,13184,14168
2025-10-02 09:00,2025-10-02,9,600000,ОЭС СР. ВОЛГИ,13794,14635
2025-10-02 10:00,2025-10-02,10,600000,ОЭС СР. ВОЛГИ,13576,14412
2025-10-02 11:00,2025-10-02,11,600000,ОЭС СР. ВОЛГИ,13447,14412
2025-10-02 12:00,2025-10-02,12,600000,ОЭС СР. ВОЛГИ,13401,14244
2025-10-02 13:00,2025-10-02,13,600000,ОЭС СР. ВОЛГИ,13827,14214
2025-10-02 14:00,2025-10-02,14,600000,ОЭС СР. ВОЛГИ,13843,14093
2025-10-02 15:00,2025-10-02,15,600000,ОЭС СР. ВОЛГИ,14021,14017
2025-10-02 16:00,2025-10-02,16,600000,ОЭС СР. ВОЛГИ,14045,13948
2025-10-02 17:00,2025-10-02,17,600000,ОЭС СР. ВОЛГИ,13780,13840
2025-10-02 18:00,2025-10-02,18,600000,ОЭС СР. ВОЛГИ,14059,14144
2025-10-02 19:00,2025-10-02,19,600000,ОЭС СР. ВОЛГИ,14644,14115
2025-10-02 20:00,2025-10-02,20,600000,ОЭС СР. ВОЛГИ,13894,13826
2025-10-02 21:00,2025-10-02,21,600000,ОЭС СР. ВОЛГИ,13165,13519
2025-10-02 22:00,2025-10-02,22,600000,ОЭС СР. ВОЛГИ,12819,12915
2025-10-02 23:00,2025-10-02,23,600000,ОЭС СР. ВОЛГИ,12621,12300
2025-10-03 00:00,2025-10-03,0,600000,ОЭС СР. ВОЛГИ,11772,11845
2025-10-03 01:00,2025-10-03,1,600000,ОЭС СР. ВОЛГИ,10708,11493
2025-10-03 02:00,2025-10-03,2,600000,ОЭС СР. ВОЛГИ,10573,11230
2025-10-03 03:00,2025-10-03,3,600000,ОЭС СР. ВОЛГИ,10410,11242
2025-10-03 04:00,2025-10-03,4,600000,ОЭС СР. ВОЛГИ,10426,11355
2025-10-03 05:00,2025-10-03,5,600000,ОЭС СР. ВОЛГИ,11292,11854
2025-10-03 06:00,2025-10-03,6,600000,ОЭС СР. ВОЛГИ,10942,12272
2025-10-03 07:00,2025-10-03,7,600000,ОЭС СР. ВОЛГИ,11328,13043
2025-10-03 08:00,2025-10-03,8,600000,ОЭС СР. ВОЛГИ,12134,13841
2025-10-03 09:00,2025-10-03,9,600000,ОЭС СР. ВОЛГИ,13494,14272
2025-10-03 10:00,2025-10-03,10,600000,ОЭС СР. ВОЛГИ,13761,14104
2025-10-03 11:00,2025-10-03,11,600000,ОЭС СР. ВОЛГИ,13372,13911
2025-10-03 12:00,2025-10-03,12,600000,ОЭС СР. ВОЛГИ,13280,13753
2025-10-03 13:00,2025-10-03,13,600000,ОЭС СР. ВОЛГИ,13343,13817
2025-10-03 14:00,2025-10-03,14,600000,ОЭС СР. ВОЛГИ,13479,13769
2025-10-03 15:00,2025-10-03,15,600000,ОЭС СР. ВОЛГИ,13343,13529
2025-10-03 16:00,2025-10-03,16,600000,ОЭС СР. ВОЛГИ,13850,13330
2025-10-03 17:00,2025-10-03,17,600000,ОЭС СР. ВОЛГИ,13427,13528
2025-10-03 18:00,2025-10-03,18,600000,ОЭС СР. ВОЛГИ,13910,14044
2025-10-03 19:00,2025-10-03,19,600000,ОЭС СР. ВОЛГИ,13752,13712
2025-10-03 20:00,2025-10-03,20,600000,ОЭС СР. ВОЛГИ,13557,13516
2025-10-03 21:00,2025-10-03,21,600000,ОЭС СР. ВОЛГИ,13065,13285
2025-10-03 22:00,2025-10-03,22,600000,ОЭС СР. ВОЛГИ,12942,12913
2025-10-03 23:00,2025-10-03,23,600000,ОЭС СР. ВОЛГИ,12022,12221
2025-10-04 00:00,2025-10-04,0,600000,ОЭС СР. ВОЛГИ,11299,11771
2025-10-04 01:00,2025-10-04,1,600000,ОЭС СР. ВОЛГИ,11289,11373
2025-10-04 02:00,2025-10-04,2,600000,ОЭС СР. ВОЛГИ,10963,11225
2025-10-04 03:00,2025-10-04,3,600000,ОЭС СР. ВОЛГИ,11514,11232
2025-10-04 04:00,2025-10-04,4,600000,ОЭС СР. ВОЛГИ,11539,11315
2025-10-04 05:00,2025-10-04,5,600000,ОЭС СР. ВОЛГИ,11501,11380
2025-10-04 06:00,2025-10-04,6,600000,ОЭС СР. ВОЛГИ,11076,11643
2025-10-04 07:00,2025-10-04,7,600000,ОЭС СР. ВОЛГИ,10941,12114
2025-10-04 08:00,2025-10-04,8,600000,ОЭС СР. ВОЛГИ,11256,12807
2025-10-04 09:00,2025-10-04,9,600000,ОЭС СР. ВОЛГИ,12436,13230
2025-10-04 10:00,2025-10-04,10,600000,ОЭС СР. ВОЛГИ,12866,13342
2025-10-04 11:00,2025-10-04,11,600000,ОЭС СР. ВОЛГИ,13059,13319
2025-10-04 12:00,2025-10-04,12,600000,ОЭС СР. ВОЛГИ,12993,13235
2025-10-04 13:00,2025-10-04,13,600000,ОЭС СР. ВОЛГИ,12401,13052
2025-10-04 14:00,2025-10-04,14,600000,ОЭС СР. ВОЛГИ,12261,12995
2025-10-04 15:00,2025-10-04,15,600000,ОЭС СР. ВОЛГИ,12826,13026
2025-10-04 16:00,2025-10-04,16,600000,ОЭС СР. ВОЛГИ,12703,12974
2025-10-04 17:00,2025-10-04,17,600000,ОЭС СР. ВОЛГИ,13104,13093
2025-10-04 18:00,2025-10-04,18,600000,ОЭС СР. ВОЛГИ,14086,13623
2025-10-04 19:00,2025-10-04,19,600000,ОЭС СР. ВОЛГИ,14020,13633
2025-10-04 20:00,2025-10-04,20,600000,ОЭС СР. ВОЛГИ,13607,13363
2025-10-04 21:00,2025-10-04,21,600000,ОЭС СР. ВОЛГИ,12738,13165
2025-10-04 22:00,2025-10-04,22,600000,ОЭС СР. ВОЛГИ,11770,12644
2025-10-04 23:00,2025-10-04,23,600000,ОЭС СР. ВОЛГИ,11647,12038
2025-10-05 00:00,2025-10-05,0,600000,ОЭС СР. ВОЛГИ,11692,11711
2025-10-05 01:00,2025-10-05,1,600000,ОЭС СР. ВОЛГИ,11091,11448
2025-10-05 02:00,2025-10-05,2,600000,ОЭС СР. ВОЛГИ,10991,11297
2025-10-05 03:00,2025-10-05,3,600000,ОЭС СР. ВОЛГИ,10622,11181
2025-10-05 04:00,2025-10-05,4,600000,ОЭС СР. ВОЛГИ,10739,11220
2025-10-05 05:00,2025-10-05,5,600000,ОЭС СР. ВОЛГИ,10921,11283
2025-10-05 06:00,2025-10-05,6,600000,ОЭС СР. ВОЛГИ,11087,11456
2025-10-05 07:00,2025-10-05,7,600000,ОЭС СР. ВОЛГИ,11383,11733
2025-10-05 08:00,2025-10-05,8,600000,ОЭС СР. ВОЛГИ,11666,12318
2025-10-05 09:00,2025-10-05,9,600000,ОЭС СР. ВОЛГИ,12042,12827
2025-10-05 10:00,2025-10-05,10,600000,ОЭС СР. ВОЛГИ,12885,13060
2025-10-05 11:00,2025-10-05,11,600000,ОЭС СР. ВОЛГИ,13208,13093
2025-10-05 12:00,2025-10-05,12,600000,ОЭС СР. ВОЛГИ,13127,12903
2025-10-05 13:00,2025-10-05,13,600000,ОЭС СР. ВОЛГИ,12844,12922
2025-10-05 14:00,2025-10-05,14,600000,ОЭС СР. ВОЛГИ,13342,12946
2025-10-05 15:00,2025-10-05,15,600000,ОЭС СР. ВОЛГИ,13249,12870
2025-10-05 16:00,2025-10-05,16,600000,ОЭС СР. ВОЛГИ,13220,13054
2025-10-05 17:00,2025-10-05,17,600000,ОЭС СР. ВОЛГИ,13267,13221
2025-10-05 18:00,2025-10-05,18,600000,ОЭС СР. ВОЛГИ,14389,13713
2025-10-05 19:00,2025-10-05,19,600000,ОЭС СР. ВОЛГИ,13697,13638
2025-10-05 20:00,2025-10-05,20,600000,ОЭС СР. ВОЛГИ,13246,13389
2025-10-05 21:00,2025-10-05,21,600000,ОЭС СР. ВОЛГИ,12928,12915
2025-10-05 22:00,2025-10-05,22,600000,ОЭС СР. ВОЛГИ,12371,12578
2025-10-05 23:00,2025-10-05,23,600000,ОЭС СР. ВОЛГИ,11036,11805
2025-10-06 00:00,2025-10-06,0,600000,ОЭС СР. ВОЛГИ,11171,11400
2025-10-06 01:00,2025-10-06,1,600000,ОЭС СР. ВОЛГИ,10994,11214
2025-10-06 02:00,2025-10-06,2,600000,ОЭС СР. ВОЛГИ,11154,11189
2025-10-06 03:00,2025-10-06,3,600000,ОЭС СР. ВОЛГИ,11099,11080
2025-10-06 04:00,2025-10-06,4,600000,ОЭС СР. ВОЛГИ,11073,11304
2025-10-06 05:00,2025-10-06,5,600000,ОЭС СР. ВОЛГИ,11043,11601
2025-10-06 06:00,2025-10-06,6,600000,ОЭС СР. ВОЛГИ,11898,12175
2025-10-06 07:00,2025-10-06,7,600000,ОЭС СР. ВОЛГИ,12550,13279
2025-10-06 08:00,2025-10-06,8,600000,ОЭС СР. ВОЛГИ,13321,13965
2025-10-06 09:00,2025-10-06,9,600000,ОЭС СР. ВОЛГИ,14342,14532
2025-10-06 10:00,2025-10-06,10,600000,ОЭС СР. ВОЛГИ,14410,14539
2025-10-06 11:00,2025-10-06,11,600000,ОЭС СР. ВОЛГИ,14192,14227
2025-10-06 12:00,2025-10-06,12,600000,ОЭС СР. ВОЛГИ,14305,14350
2025-10-06 13:00,2025-10-06,13,600000,ОЭС СР. ВОЛГИ,14212,14389
2025-10-06 14:00,2025-10-06,14,600000,ОЭС СР. ВОЛГИ,14463,14282
2025-10-06 15:00,2025-10-06,15,600000,ОЭС СР. ВОЛГИ,14127,14169
2025-10-06 16:00,2025-10-06,16,600000,ОЭС СР. ВОЛГИ,14348,13971
2025-10-06 17:00,2025-10-06,17,600000,ОЭС СР. ВОЛГИ,14503,13943
2025-10-06 18:00,2025-10-06,18,600000,ОЭС СР. ВОЛГИ,15048,14237
2025-10-06 19:00,2025-10-06,19,600000,ОЭС СР. ВОЛГИ,14178,14031
2025-10-06 20:00,2025-10-06,20,600000,ОЭС СР. ВОЛГИ,14101,13795
2025-10-06 21:00,2025-10-06,21,600000,ОЭС СР. ВОЛГИ,13555,13294
2025-10-06 22:00,2025-10-06,22,600000,ОЭС СР. ВОЛГИ,12874,12929
2025-10-06 23:00,2025-10-06,23,600000,ОЭС СР. ВОЛГИ,12769,12272
2025-10-07 00:00,2025-10-07,0,600000,ОЭС СР. ВОЛГИ,11839,11821
2025-10-07 01:00,2025-10-07,1,600000,ОЭС СР. ВОЛГИ,11396,11542
2025-10-07 02:00,2025-10-07,2,600000,ОЭС СР. ВОЛГИ,11226,11589
2025-10-07 03:00,2025-10-07,3,600000,ОЭС СР. ВОЛГИ,11310,11417
2025-10-07 04:00,2025-10-07,4,600000,ОЭС СР. ВОЛГИ,11162,11578
2025-10-07 05:00,2025-10-07,5,600000,ОЭС СР. ВОЛГИ,11452,11791
2025-10-07 06:00,2025-10-07,6,600000,ОЭС СР. ВОЛГИ,12187,12425
2025-10-07 07:00,2025-10-07,7,600000,ОЭС СР. ВОЛГИ,12490,13206
2025-10-07 08:00,2025-10-07,8,600000,ОЭС СР. ВОЛГИ,13173,13961
2025-10-07 09:00,2025-10-07,9,600000,ОЭС СР. ВОЛГИ,14230,14300
2025-10-07 10:00,2025-10-07,10,600000,ОЭС СР. ВОЛГИ,14118,14134
2025-10-07 11:00,2025-10-07,11,600000,ОЭС СР. ВОЛГИ,14309,13937
2025-10-07 12:00,2025-10-07,12,600000,ОЭС СР. ВОЛГИ,14035,13862
2025-10-07 13:00,2025-10-07,13,600000,ОЭС СР. ВОЛГИ,13882,13811
2025-10-07 14:00,2025-10-07,14,600000,ОЭС СР. ВОЛГИ,13742,13853
2025-10-07 15:00,2025-10-07,15,600000,ОЭС СР. ВОЛГИ,13885,13861
2025-10-07 16:00,2025-10-07,16,600000,ОЭС СР. ВОЛГИ,13692,13632
2025-10-07 17:00,2025-10-07,17,600000,ОЭС СР. ВОЛГИ,13541,13740
2025-10-07 18:00,2025-10-07,18,600000,ОЭС СР. ВОЛГИ,14285,13955
2025-10-07 19:00,2025-10-07,19,600000,ОЭС СР. ВОЛГИ,13847,13743
2025-10-07 20:00,2025-10-07,20,600000,ОЭС СР. ВОЛГИ,12856,13504
2025-10-07 21:00,2025-10-07,21,600000,ОЭС СР. ВОЛГИ,13336,13176
2025-10-07 22:00,2025-10-07,22,600000,ОЭС СР. ВОЛГИ,12855,12859
2025-10-07 23:00,2025-10-07,23,600000,ОЭС СР. ВОЛГИ,12859,12281
2025-10-08 00:00,2025-10-08,0,600000,ОЭС СР. ВОЛГИ,12406,11707
2025-10-08 01:00,2025-10-08,1,600000,ОЭС СР. ВОЛГИ,11584,11390
2025-10-08 02:00,2025-10-08,2,600000,ОЭС СР. ВОЛГИ,11349,11397
2025-10-08 03:00,2025-10-08,3,600000,ОЭС СР. ВОЛГИ,11189,11394
2025-10-08 04:00,2025-10-08,4,600000,ОЭС СР. ВОЛГИ,11407,11442
2025-10-08 05:00,2025-10-08,5,600000,ОЭС СР. ВОЛГИ,11352,11697
2025-10-08 06:00,2025-10-08,6,600000,ОЭС СР. ВОЛГИ,12141,12444
2025-10-08 07:00,2025-10-08,7,600000,ОЭС СР. ВОЛГИ,12779,13247
2025-10-08 08:00,2025-10-08,8,600000,ОЭС СР. ВОЛГИ,13181,13875
2025-10-08 09:00,2025-10-08,9,600000,ОЭС СР. ВОЛГИ,13805,14151
2025-10-08 10:00,2025-10-08,10,600000,ОЭС СР. ВОЛГИ,13969,14217
2025-10-08 11:00,2025-10-08,11,600000,ОЭС СР. ВОЛГИ,14330,14079
2025-10-08 12:00,2025-10-08,12,600000,ОЭС СР. ВОЛГИ,14314,13979
2025-10-08 13:00,2025-10-08,13,600000,ОЭС СР. ВОЛГИ,14174,14020
2025-10-08 14:00,2025-10-08,14,600000,ОЭС СР. ВОЛГИ,13791,13989
2025-10-08 15:00,2025-10-08,15,600000,ОЭС СР. ВОЛГИ,13672,13882
2025-10-08 16:00,2025-10-08,16,600000,ОЭС СР. ВОЛГИ,13530,13707
2025-10-08 17:00,2025-10-08,17,600000,ОЭС СР. ВОЛГИ,13602,13591
2025-10-08 18:00,2025-10-08,18,600000,ОЭС СР. ВОЛГИ,14477,14082
2025-10-08 19:00,2025-10-08,19,600000,ОЭС СР. ВОЛГИ,14769,14020
2025-10-08 20:00,2025-10-08,20,600000,ОЭС СР. ВОЛГИ,13907,13623
2025-10-08 21:00,2025-10-08,21,600000,ОЭС СР. ВОЛГИ,13504,13302
2025-10-08 22:00,2025-10-08,22,600000,ОЭС СР. ВОЛГИ,13424,12750
2025-10-08 23:00,2025-10-08,23,600000,ОЭС СР. ВОЛГИ,12584,12217
2025-10-09 00:00,2025-10-09,0,600000,ОЭС СР. ВОЛГИ,11892,11869
2025-10-09 01:00,2025-10-09,1,600000,ОЭС СР. ВОЛГИ,11612,11524
2025-10-09 02:00,2025-10-09,2,600000,ОЭС СР. ВОЛГИ,11417,11432
2025-10-09 03:00,2025-10-09,3,600000,ОЭС СР. ВОЛГИ,11435,11343
2025-10-09 04:00,2025-10-09,4,600000,ОЭС СР. ВОЛГИ,10851,11330
2025-10-09 05:00,2025-10-09,5,600000,ОЭС СР. ВОЛГИ,11383,11783
2025-10-09 06:00,2025-10-09,6,600000,ОЭС СР. ВОЛГИ,11838,12339
2025-10-09 07:00,2025-10-09,7,600000,ОЭС СР. ВОЛГИ,12812,13276
2025-10-09 08:00,2025-10-09,8,600000,ОЭС СР. ВОЛГИ,13283,14053
2025-10-09 09:00,2025-10-09,9,600000,ОЭС СР. ВОЛГИ,13980,14267
2025-10-09 10:00,2025-10-09,10,600000,ОЭС СР. ВОЛГИ,14880,14288
2025-10-09 11:00,2025-10-09,11,600000,ОЭС СР. ВОЛГИ,14025,14131
2025-10-09 12:00,2025-10-09,12,600000,ОЭС СР. ВОЛГИ,14296,14087
2025-10-09 13:00,2025-10-09,13,600000,ОЭС СР. ВОЛГИ,14510,14242
2025-10-09 14:00,2025-10-09,14,600000,ОЭС СР. ВОЛГИ,14154,14078
2025-10-09 15:00,2025-10-09,15,600000,ОЭС СР. ВОЛГИ,13988,14024
2025-10-09 16:00,2025-10-09,16,600000,ОЭС СР. ВОЛГИ,14095,13851
2025-10-09 17:00,2025-10-09,17,600000,ОЭС СР. ВОЛГИ,14166,13806
2025-10-09 18:00,2025-10-09,18,600000,ОЭС СР. ВОЛГИ,14013,14236
2025-10-09 19:00,2025-10-09,19,600000,ОЭС СР. ВОЛГИ,14123,14007
2025-10-09 20:00,2025-10-09,20,600000,ОЭС СР. ВОЛГИ,13658,13715
2025-10-09 21:00,2025-10-09,21,600000,ОЭС СР. ВОЛГИ,12956,13310
2025-10-09 22:00,2025-10-09,22,600000,ОЭС СР. ВОЛГИ,12759,12693
2025-10-09 23:00,2025-10-09,23,600000,ОЭС СР. ВОЛГИ,12524,12266
2025-10-10 00:00,2025-10-10,0,600000,ОЭС СР. ВОЛГИ,12697,11714
2025-10-10 01:00,2025-10-10,1,600000,ОЭС СР. ВОЛГИ,11188,11505
2025-10-10 02:00,2025-10-10,2,600000,ОЭС СР. ВОЛГИ,11264,11416
2025-10-10 03:00,2025-10-10,3,600000,ОЭС СР. ВОЛГИ,11290,11409
2025-10-10 04:00,2025-10-10,4,600000,ОЭС СР. ВОЛГИ,11114,11411
2025-10-10 05:00,2025-10-10,5,600000,ОЭС СР. ВОЛГИ,11145,11750
2025-10-10 06:00,2025-10-10,6,600000,ОЭС СР. ВОЛГИ,11588,12358
2025-10-10 07:00,2025-10-10,7,600000,ОЭС СР. ВОЛГИ,12577,13162
2025-10-10 08:00,2025-10-10,8,600000,ОЭС СР. ВОЛГИ,12528,13809
2025-10-10 09:00,2025-10-10,9,600000,ОЭС СР. ВОЛГИ,14077,14343
2025-10-10 10:00,2025-10-10,10,600000,ОЭС СР. ВОЛГИ,14111,14139
2025-10-10 11:00,2025-10-10,11,600000,ОЭС СР. ВОЛГИ,14614,14068
2025-10-10 12:00,2025-10-10,12,600000,ОЭС СР. ВОЛГИ,14877,14054
2025-10-10 13:00,2025-10-10,13,600000,ОЭС СР. ВОЛГИ,14831,14149
2025-10-10 14:00,2025-10-10,14,600000,ОЭС СР. ВОЛГИ,15014,13925
2025-10-10 15:00,2025-10-10,15,600000,ОЭС СР. ВОЛГИ,14266,13823
2025-10-10 16:00,2025-10-10,16,600000,ОЭС СР. ВОЛГИ,13894,13586
2025-10-10 17:00,2025-10-10,17,600000,ОЭС СР. ВОЛГИ,13912,13617
2025-10-10 18:00,2025-10-10,18,600000,ОЭС СР. ВОЛГИ,14419,14034
2025-10-10 19:00,2025-10-10,19,600000,ОЭС СР. ВОЛГИ,14366,13863
2025-10-10 20:00,2025-10-10,20,600000,ОЭС СР. ВОЛГИ,13758,13545
2025-10-10 21:00,2025-10-10,21,600000,ОЭС СР. ВОЛГИ,13618,13307
2025-10-10 22:00,2025-10-10,22,600000,ОЭС СР. ВОЛГИ,13489,12820
2025-10-10 23:00,2025-10-10,23,600000,ОЭС СР. ВОЛГИ,12957,12235
2025-10-11 00:00,2025-10-11,0,600000,ОЭС СР. ВОЛГИ,12893,11818
2025-10-11 01:00,2025-10-11,1,600000,ОЭС СР. ВОЛГИ,11780,11394
2025-10-11 02:00,2025-10-11,2,600000,ОЭС СР. ВОЛГИ,11539,11460
2025-10-11 03:00,2025-10-11,3,600000,ОЭС СР. ВОЛГИ,11490,11225
2025-10-11 04:00,2025-10-11,4,600000,ОЭС СР. ВОЛГИ,11778,11412
2025-10-11 05:00,2025-10-11,5,600000,ОЭС СР. ВОЛГИ,11807,11448
2025-10-11 06:00,2025-10-11,6,600000,ОЭС СР. ВОЛГИ,11994,11733
2025-10-11 07:00,2025-10-11,7,600000,ОЭС СР. ВОЛГИ,12354,12192
2025-10-11 08:00,2025-10-11,8,600000,ОЭС СР. ВОЛГИ,11791,12877
2025-10-11 09:00,2025-10-11,9,600000,ОЭС СР. ВОЛГИ,12955,13392
2025-10-11 10:00,2025-10-11,10,600000,ОЭС СР. ВОЛГИ,13466,13528
2025-10-11 11:00,2025-10-11,11,600000,ОЭС СР. ВОЛГИ,13772,13321
2025-10-11 12:00,2025-10-11,12,600000,ОЭС СР. ВОЛГИ,13679,13224
2025-10-11 13:00,2025-10-11,13,600000,ОЭС СР. ВОЛГИ,13377,13212
2025-10-11 14:00,2025-10-11,14,600000,ОЭС СР. ВОЛГИ,13473,13250
2025-10-11 15:00,2025-10-11,15,600000,ОЭС СР. ВОЛГИ,13371,13085
2025-10-11 16:00,2025-10-11,16,600000,ОЭС СР. ВОЛГИ,13724,13210
2025-10-11 17:00,2025-10-11,17,600000,ОЭС СР. ВОЛГИ,13891,13466
2025-10-11 18:00,2025-10-11,18,600000,ОЭС СР. ВОЛГИ,14514,13929
2025-10-11 19:00,2025-10-11,19,600000,ОЭС СР. ВОЛГИ,14218,13659
2025-10-11 20:00,2025-10-11,20,600000,ОЭС СР. ВОЛГИ,13198,13243
2025-10-11 21:00,2025-10-11,21,600000,ОЭС СР. ВОЛГИ,12637,13053
2025-10-11 22:00,2025-10-11,22,600000,ОЭС СР. ВОЛГИ,12504,12583
2025-10-11 23:00,2025-10-11,23,600000,ОЭС СР. ВОЛГИ,12202,12100
2025-10-12 00:00,2025-10-12,0,600000,ОЭС СР. ВОЛГИ,11854,11719
2025-10-12 01:00,2025-10-12,1,600000,ОЭС СР. ВОЛГИ,11408,11460
2025-10-12 02:00,2025-10-12,2,600000,ОЭС СР. ВОЛГИ,11201,11202
2025-10-12 03:00,2025-10-12,3,600000,ОЭС СР. ВОЛГИ,11223,11121
2025-10-12 04:00,2025-10-12,4,600000,ОЭС СР. ВОЛГИ,11331,11280
2025-10-12 05:00,2025-10-12,5,600000,ОЭС СР. ВОЛГИ,11185,11260
2025-10-12 06:00,2025-10-12,6,600000,ОЭС СР. ВОЛГИ,11479,11512
2025-10-12 07:00,2025-10-12,7,600000,ОЭС СР. ВОЛГИ,11805,11857
2025-10-12 08:00,2025-10-12,8,600000,ОЭС СР. ВОЛГИ,12312,12410
2025-10-12 09:00,2025-10-12,9,600000,ОЭС СР. ВОЛГИ,12668,12973
2025-10-12 10:00,2025-10-12,10,600000,ОЭС СР. ВОЛГИ,12611,13054
2025-10-12 11:00,2025-10-12,11,600000,ОЭС СР. ВОЛГИ,12885,13281
2025-10-12 12:00,2025-10-12,12,600000,ОЭС СР. ВОЛГИ,12901,13301
2025-10-12 13:00,2025-10-12,13,600000,ОЭС СР. ВОЛГИ,12572,13133
2025-10-12 14:00,2025-10-12,14,600000,ОЭС СР. ВОЛГИ,12361,13146
2025-10-12 15:00,2025-10-12,15,600000,ОЭС СР. ВОЛГИ,12793,13203
2025-10-12 16:00,2025-10-12,16,600000,ОЭС СР. ВОЛГИ,13398,13485
2025-10-12 17:00,2025-10-12,17,600000,ОЭС СР. ВОЛГИ,13790,13714
2025-10-12 18:00,2025-10-12,18,600000,ОЭС СР. ВОЛГИ,14694,13803
2025-10-12 19:00,2025-10-12,19,600000,ОЭС СР. ВОЛГИ,14248,13607
2025-10-12 20:00,2025-10-12,20,600000,ОЭС СР. ВОЛГИ,13827,13485
2025-10-12 21:00,2025-10-12,21,600000,ОЭС СР. ВОЛГИ,13355,13192
2025-10-12 22:00,2025-10-12,22,600000,ОЭС СР. ВОЛГИ,12773,12491
2025-10-12 23:00,2025-10-12,23,600000,ОЭС СР. ВОЛГИ,12687,11966
2025-10-13 00:00,2025-10-13,0,600000,ОЭС СР. ВОЛГИ,11911,11656
2025-10-13 01:00,2025-10-13,1,600000,ОЭС СР. ВОЛГИ,11630,11401
2025-10-13 02:00,2025-10-13,2,600000,ОЭС СР. ВОЛГИ,11615,11407
2025-10-13 03:00,2025-10-13,3,600000,ОЭС СР. ВОЛГИ,11757,11233
2025-10-13 04:00,2025-10-13,4,600000,ОЭС СР. ВОЛГИ,12046,11379
2025-10-13 05:00,2025-10-13,5,600000,ОЭС СР. ВОЛГИ,12209,11876
2025-10-13 06:00,2025-10-13,6,600000,ОЭС СР. ВОЛГИ,12797,12558
2025-10-13 07:00,2025-10-13,7,600000,ОЭС СР. ВОЛГИ,13649,13404
2025-10-13 08:00,2025-10-13,8,600000,ОЭС СР. ВОЛГИ,14142,14234
2025-10-13 09:00,2025-10-13,9,600000,ОЭС СР. ВОЛГИ,14561,14703
2025-10-13 10:00,2025-10-13,10,600000,ОЭС СР. ВОЛГИ,14634,14784
2025-10-13 11:00,2025-10-13,11,600000,ОЭС СР. ВОЛГИ,14600,14647
2025-10-13 12:00,2025-10-13,12,600000,ОЭС СР. ВОЛГИ,14300,14430
2025-10-13 13:00,2025-10-13,13,600000,ОЭС СР. ВОЛГИ,14772,14617
2025-10-13 14:00,2025-10-13,14,600000,ОЭС СР. ВОЛГИ,14636,14542
2025-10-13 15:00,2025-10-13,15,600000,ОЭС СР. ВОЛГИ,14304,14353
2025-10-13 16:00,2025-10-13,16,600000,ОЭС СР. ВОЛГИ,14617,14300
2025-10-13 17:00,2025-10-13,17,600000,ОЭС СР. ВОЛГИ,14296,14356
2025-10-13 18:00,2025-10-13,18,600000,ОЭС СР. ВОЛГИ,14475,14529
2025-10-13 19:00,2025-10-13,19,600000,ОЭС СР. ВОЛГИ,14576,14231
2025-10-13 20:00,2025-10-13,20,600000,ОЭС СР. ВОЛГИ,14140,13979
2025-10-13 21:00,2025-10-13,21,600000,ОЭС СР. ВОЛГИ,13181,13504
2025-10-13 22:00,2025-10-13,22,600000,ОЭС СР. ВОЛГИ,13193,12991
2025-10-13 23:00,2025-10-13,23,600000,ОЭС СР. ВОЛГИ,12921,12334
2025-10-14 00:00,2025-10-14,0,600000,ОЭС СР. ВОЛГИ,12701,11938
2025-10-14 01:00,2025-10-14,1,600000,ОЭС СР. ВОЛГИ,12472,11726
2025-10-14 02:00,2025-10-14,2,600000,ОЭС СР. ВОЛГИ,11920,11612
2025-10-14 03:00,2025-10-14,3,600000,ОЭС СР. ВОЛГИ,11962,11623
2025-10-14 04:00,2025-10-14,4,600000,ОЭС СР. ВОЛГИ,11785,11670
2025-10-14 05:00,2025-10-14,5,600000,ОЭС СР. ВОЛГИ,11572,11912
2025-10-14 06:00,2025-10-14,6,600000,ОЭС СР. ВОЛГИ,12440,12615
2025-10-14 07:00,2025-10-14,7,600000,ОЭС СР. ВОЛГИ,12662,13396
2025-10-14 08:00,2025-10-14,8,600000,ОЭС СР. ВОЛГИ,13108,14193
2025-10-14 09:00,2025-10-14,9,600000,ОЭС СР. ВОЛГИ,13982,14654
2025-10-14 10:00,2025-10-14,10,600000,ОЭС СР. ВОЛГИ,14549,14599
2025-10-14 11:00,2025-10-14,11,600000,ОЭС СР. ВОЛГИ,14388,14526
2025-10-14 12:00,2025-10-14,12,600000,ОЭС СР. ВОЛГИ,14159,14417
2025-10-14 13:00,2025-10-14,13,600000,ОЭС СР. ВОЛГИ,14682,14515
2025-10-14 14:00,2025-10-14,14,600000,ОЭС СР. ВОЛГИ,14924,14399
2025-10-14 15:00,2025-10-14,15,600000,ОЭС СР. ВОЛГИ,14440,14397
2025-10-14 16:00,2025-10-14,16,600000,ОЭС СР. ВОЛГИ,14735,14219
2025-10-14 17:00,2025-10-14,17,600000,ОЭС СР. ВОЛГИ,14790,14184
2025-10-14 18:00,2025-10-14,18,600000,ОЭС СР. ВОЛГИ,15249,14434
2025-10-14 19:00,2025-10-14,19,600000,ОЭС СР. ВОЛГИ,15228,14317
2025-10-14 20:00,2025-10-14,20,600000,ОЭС СР. ВОЛГИ,14807,13964
2025-10-14 21:00,2025-10-14,21,600000,ОЭС СР. ВОЛГИ,14177,13587
2025-10-14 22:00,2025-10-14,22,600000,ОЭС СР. ВОЛГИ,13618,13157
2025-10-14 23:00,2025-10-14,23,600000,ОЭС СР. ВОЛГИ,12942,12604
2025-10-15 00:00,2025-10-15,0,600000,ОЭС СР. ВОЛГИ,12724,12070
2025-10-15 01:00,2025-10-15,1,600000,ОЭС СР. ВОЛГИ,12171,11719
2025-10-15 02:00,2025-10-15,2,600000,ОЭС СР. ВОЛГИ,12040,11707
2025-10-15 03:00,2025-10-15,3,600000,ОЭС СР. ВОЛГИ,11926,11637
2025-10-15 04:00,2025-10-15,4,600000,ОЭС СР. ВОЛГИ,11957,11823
2025-10-15 05:00,2025-10-15,5,600000,ОЭС СР. ВОЛГИ,12538,12197
2025-10-15 06:00,2025-10-15,6,600000,ОЭС СР. ВОЛГИ,12456,12704
2025-10-15 07:00,2025-10-15,7,600000,ОЭС СР. ВОЛГИ,13053,13444
2025-10-15 08:00,2025-10-15,8,600000,ОЭС СР. ВОЛГИ,13779,14250
2025-10-15 09:00,2025-10-15,9,600000,ОЭС СР. ВОЛГИ,14636,14791
2025-10-15 10:00,2025-10-15,10,600000,ОЭС СР. ВОЛГИ,14706,14874
2025-10-15 11:00,2025-10-15,11,600000,ОЭС СР. ВОЛГИ,14364,14621
2025-10-15 12:00,2025-10-15,12,600000,ОЭС СР. ВОЛГИ,14500,14470
2025-10-15 13:00,2025-10-15,13,600000,ОЭС СР. ВОЛГИ,14677,14667
2025-10-15 14:00,2025-10-15,14,600000,ОЭС СР. ВОЛГИ,14649,14642
2025-10-15 15:00,2025-10-15,15,600000,ОЭС СР. ВОЛГИ,14424,14508
2025-10-15 16:00,2025-10-15,16,600000,ОЭС СР. ВОЛГИ,14815,14341
2025-10-15 17:00,2025-10-15,17,600000,ОЭС СР. ВОЛГИ,14608,14243
2025-10-15 18:00,2025-10-15,18,600000,ОЭС СР. ВОЛГИ,15322,14683
2025-10-15 19:00,2025-10-15,19,600000,ОЭС СР. ВОЛГИ,14842,14392
2025-10-15 20:00,2025-10-15,20,600000,ОЭС СР. ВОЛГИ,14272,14063
2025-10-15 21:00,2025-10-15,21,600000,ОЭС СР. ВОЛГИ,14422,13786
2025-10-15 22:00,2025-10-15,22,600000,ОЭС СР. ВОЛГИ,13790,13209
2025-10-15 23:00,2025-10-15,23,600000,ОЭС СР. ВОЛГИ,13404,12589
2025-10-16 00:00,2025-10-16,0,600000,ОЭС СР. ВОЛГИ,13112,12107
2025-10-16 01:00,2025-10-16,1,600000,ОЭС СР. ВОЛГИ,12256,11960
2025-10-16 02:00,2025-10-16,2,600000,ОЭС СР. ВОЛГИ,12452,11804
2025-10-16 03:00,2025-10-16,3,600000,ОЭС СР. ВОЛГИ,12316,11613
2025-10-16 04:00,2025-10-16,4,600000,ОЭС СР. ВОЛГИ,12826,11955
2025-10-16 05:00,2025-10-16,5,600000,ОЭС СР. ВОЛГИ,12782,12322
2025-10-16 06:00,2025-10-16,6,600000,ОЭС СР. ВОЛГИ,12843,12812
2025-10-16 07:00,2025-10-16,7,600000,ОЭС СР. ВОЛГИ,13093,13595
2025-10-16 08:00,2025-10-16,8,600000,ОЭС СР. ВОЛГИ,13303,14496
2025-10-16 09:00,2025-10-16,9,600000,ОЭС СР. ВОЛГИ,14480,14963
2025-10-16 10:00,2025-10-16,10,600000,ОЭС СР. ВОЛГИ,14509,14717
2025-10-16 11:00,2025-10-16,11,600000,ОЭС СР. ВОЛГИ,14380,14668
2025-10-16 12:00,2025-10-16,12,600000,ОЭС СР. ВОЛГИ,14288,14676
2025-10-16 13:00,2025-10-16,13,600000,ОЭС СР. ВОЛГИ,14597,14723
2025-10-16 14:00,2025-10-16,14,600000,ОЭС СР. ВОЛГИ,14795,14641
2025-10-16 15:00,2025-10-16,15,600000,ОЭС СР. ВОЛГИ,14602,14568
2025-10-16 16:00,2025-10-16,16,600000,ОЭС СР. ВОЛГИ,14233,14346
2025-10-16 17:00,2025-10-16,17,600000,ОЭС СР. ВОЛГИ,14045,14504
2025-10-16 18:00,2025-10-16,18,600000,ОЭС СР. ВОЛГИ,14761,14740
2025-10-16 19:00,2025-10-16,19,600000,ОЭС СР. ВОЛГИ,14323,14371
2025-10-16 20:00,2025-10-16,20,600000,ОЭС СР. ВОЛГИ,13830,14172
2025-10-16 21:00,2025-10-16,21,600000,ОЭС СР. ВОЛГИ,13257,13698
2025-10-16 22:00,2025-10-16,22,600000,ОЭС СР. ВОЛГИ,12964,13301
2025-10-16 23:00,2025-10-16,23,600000,ОЭС СР. ВОЛГИ,12989,12568
2025-10-17 00:00,2025-10-17,0,600000,ОЭС СР. ВОЛГИ,13088,12161
2025-10-17 01:00,2025-10-17,1,600000,ОЭС СР. ВОЛГИ,12744,11899
2025-10-17 02:00,2025-10-17,2,600000,ОЭС СР. ВОЛГИ,12352,11882
2025-10-17 03:00,2025-10-17,3,600000,ОЭС СР. ВОЛГИ,11988,11780
2025-10-17 04:00,2025-10-17,4,600000,ОЭС СР. ВОЛГИ,12088,11889
2025-10-17 05:00,2025-10-17,5,600000,ОЭС СР. ВОЛГИ,12461,12272
2025-10-17 06:00,2025-10-17,6,600000,ОЭС СР. ВОЛГИ,12694,12919
2025-10-17 07:00,2025-10-17,7,600000,ОЭС СР. ВОЛГИ,13557,13738
2025-10-17 08:00,2025-10-17,8,600000,ОЭС СР. ВОЛГИ,14214,14437
2025-10-17 09:00,2025-10-17,9,600000,ОЭС СР. ВОЛГИ,15286,14949
2025-10-17 10:00,2025-10-17,10,600000,ОЭС СР. ВОЛГИ,15113,15090
2025-10-17 11:00,2025-10-17,11,600000,ОЭС СР. ВОЛГИ,14891,14924
2025-10-17 12:00,2025-10-17,12,600000,ОЭС СР. ВОЛГИ,14538,14757
2025-10-17 13:00,2025-10-17,13,600000,ОЭС СР. ВОЛГИ,14618,14665
2025-10-17 14:00,2025-10-17,14,600000,ОЭС СР. ВОЛГИ,14525,14647
2025-10-17 15:00,2025-10-17,15,600000,ОЭС СР. ВОЛГИ,14696,14406
2025-10-17 16:00,2025-10-17,16,600000,ОЭС СР. ВОЛГИ,14715,14358
2025-10-17 17:00,2025-10-17,17,600000,ОЭС СР. ВОЛГИ,15119,14556
2025-10-17 18:00,2025-10-17,18,600000,ОЭС СР. ВОЛГИ,14771,14437
2025-10-17 19:00,2025-10-17,19,600000,ОЭС СР. ВОЛГИ,14582,14278
2025-10-17 20:00,2025-10-17,20,600000,ОЭС СР. ВОЛГИ,14035,14057
2025-10-17 21:00,2025-10-17,21,600000,ОЭС СР. ВОЛГИ,14097,13676
2025-10-17 22:00,2025-10-17,22,600000,ОЭС СР. ВОЛГИ,13782,13383
2025-10-17 23:00,2025-10-17,23,600000,ОЭС СР. ВОЛГИ,12944,12654
2025-10-18 00:00,2025-10-18,0,600000,ОЭС СР. ВОЛГИ,13750,12233
2025-10-18 01:00,2025-10-18,1,600000,ОЭС СР. ВОЛГИ,12035,11861
2025-10-18 02:00,2025-10-18,2,600000,ОЭС СР. ВОЛГИ,11876,11720
2025-10-18 03:00,2025-10-18,3,600000,ОЭС СР. ВОЛГИ,11868,11656
2025-10-18 04:00,2025-10-18,4,600000,ОЭС СР. ВОЛГИ,11829,11567
2025-10-18 05:00,2025-10-18,5,600000,ОЭС СР. ВОЛГИ,11882,11893
2025-10-18 06:00,2025-10-18,6,600000,ОЭС СР. ВОЛГИ,11876,12124
2025-10-18 07:00,2025-10-18,7,600000,ОЭС СР. ВОЛГИ,12357,12568
2025-10-18 08:00,2025-10-18,8,600000,ОЭС СР. ВОЛГИ,12777,13180
2025-10-18 09:00,2025-10-18,9,600000,ОЭС СР. ВОЛГИ,13309,13680
2025-10-18 10:00,2025-10-18,10,600000,ОЭС СР. ВОЛГИ,14129,13991
2025-10-18 11:00,2025-10-18,11,600000,ОЭС СР. ВОЛГИ,13712,13823
2025-10-18 12:00,2025-10-18,12,600000,ОЭС СР. ВОЛГИ,13820,14031
2025-10-18 13:00,2025-10-18,13,600000,ОЭС СР. ВОЛГИ,14045,13836
2025-10-18 14:00,2025-10-18,14,600000,ОЭС СР. ВОЛГИ,14113,13844
2025-10-18 15:00,2025-10-18,15,600000,ОЭС СР. ВОЛГИ,13765,13871
2025-10-18 16:00,2025-10-18,16,600000,ОЭС СР. ВОЛГИ,14197,13815
2025-10-18 17:00,2025-10-18,17,600000,ОЭС СР. ВОЛГИ,14361,14143
2025-10-18 18:00,2025-10-18,18,600000,ОЭС СР. ВОЛГИ,14639,14210
2025-10-18 19:00,2025-10-18,19,600000,ОЭС СР. ВОЛГИ,14290,13905
2025-10-18 20:00,2025-10-18,20,600000,ОЭС СР. ВОЛГИ,13680,13628
2025-10-18 21:00,2025-10-18,21,600000,ОЭС СР. ВОЛГИ,13390,13351
2025-10-18 22:00,2025-10-18,22,600000,ОЭС СР. ВОЛГИ,12941,12797
2025-10-18 23:00,2025-10-18,23,600000,ОЭС СР. ВОЛГИ,13144,12449
2025-10-19 00:00,2025-10-19,0,600000,ОЭС СР. ВОЛГИ,12449,11972
2025-10-19 01:00,2025-10-19,1,600000,ОЭС СР. ВОЛГИ,12252,11696
2025-10-19 02:00,2025-10-19,2,600000,ОЭС СР. ВОЛГИ,12113,11530
2025-10-19 03:00,2025-10-19,3,600000,ОЭС СР. ВОЛГИ,12185,11439
2025-10-19 04:00,2025-10-19,4,600000,ОЭС СР. ВОЛГИ,12251,11504
2025-10-19 05:00,2025-10-19,5,600000,ОЭС СР. ВОЛГИ,12139,11487
2025-10-19 06:00,2025-10-19,6,600000,ОЭС СР. ВОЛГИ,12289,11809
2025-10-19 07:00,2025-10-19,7,600000,ОЭС СР. ВОЛГИ,13017,12028
2025-10-19 08:00,2025-10-19,8,600000,ОЭС СР. ВОЛГИ,13141,12685
2025-10-19 09:00,2025-10-19,9,600000,ОЭС СР. ВОЛГИ,12905,13002
2025-10-19 10:00,2025-10-19,10,600000,ОЭС СР. ВОЛГИ,13519,13391
2025-10-19 11:00,2025-10-19,11,600000,ОЭС СР. ВОЛГИ,13639,13462
2025-10-19 12:00,2025-10-19,12,600000,ОЭС СР. ВОЛГИ,13878,13400
2025-10-19 13:00,2025-10-19,13,600000,ОЭС СР. ВОЛГИ,13706,13459
2025-10-19 14:00,2025-10-19,14,600000,ОЭС СР. ВОЛГИ,13635,13509
2025-10-19 15:00,2025-10-19,15,600000,ОЭС СР. ВОЛГИ,13326,13324
2025-10-19 16:00,2025-10-19,16,600000,ОЭС СР. ВОЛГИ,14082,13548
2025-10-19 17:00,2025-10-19,17,600000,ОЭС СР. ВОЛГИ,13769,13923
2025-10-19 18:00,2025-10-19,18,600000,ОЭС СР. ВОЛГИ,14295,14032
2025-10-19 19:00,2025-10-19,19,600000,ОЭС СР. ВОЛГИ,13848,13788
2025-10-19 20:00,2025-10-19,20,600000,ОЭС СР. ВОЛГИ,13375,13554
2025-10-19 21:00,2025-10-19,21,600000,ОЭС СР. ВОЛГИ,13172,13301
2025-10-19 22:00,2025-10-19,22,600000,ОЭС СР. ВОЛГИ,12583,12695
2025-10-19 23:00,2025-10-19,23,600000,ОЭС СР. ВОЛГИ,12602,12246
2025-10-20 00:00,2025-10-20,0,600000,ОЭС СР. ВОЛГИ,12279,11803
2025-10-20 01:00,2025-10-20,1,600000,ОЭС СР. ВОЛГИ,12326,11479
2025-10-20 02:00,2025-10-20,2,600000,ОЭС СР. ВОЛГИ,12263,11427
2025-10-20 03:00,2025-10-20,3,600000,ОЭС СР. ВОЛГИ,12482,11448
2025-10-20 04:00,2025-10-20,4,600000,ОЭС СР. ВОЛГИ,12731,11657
2025-10-20 05:00,2025-10-20,5,600000,ОЭС СР. ВОЛГИ,12722,12012
2025-10-20 06:00,2025-10-20,6,600000,ОЭС СР. ВОЛГИ,13137,12691
2025-10-20 07:00,2025-10-20,7,600000,ОЭС СР. ВОЛГИ,13164,13595
2025-10-20 08:00,2025-10-20,8,600000,ОЭС СР. ВОЛГИ,13733,14435
2025-10-20 09:00,2025-10-20,9,600000,ОЭС СР. ВОЛГИ,14348,14731
2025-10-20 10:00,2025-10-20,10,600000,ОЭС СР. ВОЛГИ,14822,14935
2025-10-20 11:00,2025-10-20,11,600000,ОЭС СР. ВОЛГИ,14744,14845
2025-10-20 12:00,2025-10-20,12,600000,ОЭС СР. ВОЛГИ,14601,14599
2025-10-20 13:00,2025-10-20,13,600000,ОЭС СР. ВОЛГИ,14781,14770
2025-10-20 14:00,2025-10-20,14,600000,ОЭС СР. ВОЛГИ,14854,14584
2025-10-20 15:00,2025-10-20,15,600000,ОЭС СР. ВОЛГИ,14499,14637
2025-10-20 16:00,2025-10-20,16,600000,ОЭС СР. ВОЛГИ,14573,14378
2025-10-20 17:00,2025-10-20,17,600000,ОЭС СР. ВОЛГИ,14573,14435
2025-10-20 18:00,2025-10-20,18,600000,ОЭС СР. ВОЛГИ,14779,14601
2025-10-20 19:00,2025-10-20,19,600000,ОЭС СР. ВОЛГИ,14459,14173
2025-10-20 20:00,2025-10-20,20,600000,ОЭС СР. ВОЛГИ,14376,14149
2025-10-20 21:00,2025-10-20,21,600000,ОЭС СР. ВОЛГИ,13830,13672
2025-10-20 22:00,2025-10-20,22,600000,ОЭС СР. ВОЛГИ,13568,13160
2025-10-20 23:00,2025-10-20,23,600000,ОЭС СР. ВОЛГИ,13653,12714
2025-10-21 00:00,2025-10-21,0,600000,ОЭС СР. ВОЛГИ,12938,12284
2025-10-21 01:00,2025-10-21,1,600000,ОЭС СР. ВОЛГИ,12326,11986
2025-10-21 02:00,2025-10-21,2,600000,ОЭС СР. ВОЛГИ,12650,11911
2025-10-21 03:00,2025-10-21,3,600000,ОЭС СР. ВОЛГИ,12682,11896
2025-10-21 04:00,2025-10-21,4,600000,ОЭС СР. ВОЛГИ,12959,11760
2025-10-21 05:00,2025-10-21,5,600000,ОЭС СР. ВОЛГИ,12685,12167
2025-10-21 06:00,2025-10-21,6,600000,ОЭС СР. ВОЛГИ,13118,12899
2025-10-21 07:00,2025-10-21,7,600000,ОЭС СР. ВОЛГИ,13395,13608
2025-10-21 08:00,2025-10-21,8,600000,ОЭС СР. ВОЛГИ,13910,14333
2025-10-21 09:00,2025-10-21,9,600000,ОЭС СР. ВОЛГИ,14835,14728
2025-10-21 10:00,2025-10-21,10,600000,ОЭС СР. ВОЛГИ,15277,14902
2025-10-21 11:00,2025-10-21,11,600000,ОЭС СР. ВОЛГИ,15404,14787
2025-10-21 12:00,2025-10-21,12,600000,ОЭС СР. ВОЛГИ,15341,14726
2025-10-21 13:00,2025-10-21,13,600000,ОЭС СР. ВОЛГИ,15346,14657
2025-10-21 14:00,2025-10-21,14,600000,ОЭС СР. ВОЛГИ,15684,14627
2025-10-21 15:00,2025-10-21,15,600000,ОЭС СР. ВОЛГИ,14658,14597
2025-10-21 16:00,2025-10-21,16,600000,ОЭС СР. ВОЛГИ,14862,14345
2025-10-21 17:00,2025-10-21,17,600000,ОЭС СР. ВОЛГИ,15081,14366
2025-10-21 18:00,2025-10-21,18,600000,ОЭС СР. ВОЛГИ,15082,14580
2025-10-21 19:00,2025-10-21,19,600000,ОЭС СР. ВОЛГИ,14701,14340
2025-10-21 20:00,2025-10-21,20,600000,ОЭС СР. ВОЛГИ,14232,14004
2025-10-21 21:00,2025-10-21,21,600000,ОЭС СР. ВОЛГИ,14320,13691
2025-10-21 22:00,2025-10-21,22,600000,ОЭС СР. ВОЛГИ,13704,13272
2025-10-21 23:00,2025-10-21,23,600000,ОЭС СР. ВОЛГИ,13456,12641
2025-10-22 00:00,2025-10-22,0,600000,ОЭС СР. ВОЛГИ,13121,12006
2025-10-22 01:00,2025-10-22,1,600000,ОЭС СР. ВОЛГИ,12199,11836
2025-10-22 02:00,2025-10-22,2,600000,ОЭС СР. ВОЛГИ,12062,11705
2025-10-22 03:00,2025-10-22,3,600000,ОЭС СР. ВОЛГИ,12006,11553
2025-10-22 04:00,2025-10-22,4,600000,ОЭС СР. ВОЛГИ,12201,11654
2025-10-22 05:00,2025-10-22,5,600000,ОЭС СР. ВОЛГИ,12679,12163
2025-10-22 06:00,2025-10-22,6,600000,ОЭС СР. ВОЛГИ,12955,12830
2025-10-22 07:00,2025-10-22,7,600000,ОЭС СР. ВОЛГИ,13168,13548
2025-10-22 08:00,2025-10-22,8,600000,ОЭС СР. ВОЛГИ,14602,14394
2025-10-22 09:00,2025-10-22,9,600000,ОЭС СР. ВОЛГИ,15926,14961
2025-10-22 10:00,2025-10-22,10,600000,ОЭС СР. ВОЛГИ,16107,14999
2025-10-22 11:00,2025-10-22,11,600000,ОЭС СР. ВОЛГИ,16270,14905
2025-10-22 12:00,2025-10-22,12,600000,ОЭС СР. ВОЛГИ,16166,14669
2025-10-22 13:00,2025-10-22,13,600000,ОЭС СР. ВОЛГИ,16015,14775
2025-10-22 14:00,2025-10-22,14,600000,ОЭС СР. ВОЛГИ,16302,14720
2025-10-22 15:00,2025-10-22,15,600000,ОЭС СР. ВОЛГИ,15762,14588
2025-10-22 16:00,2025-10-22,16,600000,ОЭС СР. ВОЛГИ,15688,14385
2025-10-22 17:00,2025-10-22,17,600000,ОЭС СР. ВОЛГИ,15710,14533
2025-10-22 18:00,2025-10-22,18,600000,ОЭС СР. ВОЛГИ,15724,14621
2025-10-22 19:00,2025-10-22,19,600000,ОЭС СР. ВОЛГИ,15668,14343
2025-10-22 20:00,2025-10-22,20,600000,ОЭС СР. ВОЛГИ,15451,14196
2025-10-22 21:00,2025-10-22,21,600000,ОЭС СР. ВОЛГИ,14556,13796
2025-10-22 22:00,2025-10-22,22,600000,ОЭС СР. ВОЛГИ,13481,13193
2025-10-22 23:00,2025-10-22,23,600000,ОЭС СР. ВОЛГИ,13016,12455
2025-10-23 00:00,2025-10-23,0,600000,ОЭС СР. ВОЛГИ,13484,11998
2025-10-23 01:00,2025-10-23,1,600000,ОЭС СР. ВОЛГИ,12444,11716
2025-10-23 02:00,2025-10-23,2,600000,ОЭС СР. ВОЛГИ,12627,11563
2025-10-23 03:00,2025-10-23,3,600000,ОЭС СР. ВОЛГИ,12432,11554
2025-10-23 04:00,2025-10-23,4,600000,ОЭС СР. ВОЛГИ,12689,11703
2025-10-23 05:00,2025-10-23,5,600000,ОЭС СР. ВОЛГИ,13043,12032
2025-10-23 06:00,2025-10-23,6,600000,ОЭС СР. ВОЛГИ,12985,12598
2025-10-23 07:00,2025-10-23,7,600000,ОЭС СР. ВОЛГИ,13058,13494
2025-10-23 08:00,2025-10-23,8,600000,ОЭС СР. ВОЛГИ,14719,14194
2025-10-23 09:00,2025-10-23,9,600000,ОЭС СР. ВОЛГИ,15313,14691
2025-10-23 10:00,2025-10-23,10,600000,ОЭС СР. ВОЛГИ,15047,14613
2025-10-23 11:00,2025-10-23,11,600000,ОЭС СР. ВОЛГИ,15261,14677
2025-10-23 12:00,2025-10-23,12,600000,ОЭС СР. ВОЛГИ,14991,14506
2025-10-23 13:00,2025-10-23,13,600000,ОЭС СР. ВОЛГИ,15467,14676
2025-10-23 14:00,2025-10-23,14,600000,ОЭС СР. ВОЛГИ,15892,14643
2025-10-23 15:00,2025-10-23,15,600000,ОЭС СР. ВОЛГИ,15325,14428
2025-10-23 16:00,2025-10-23,16,600000,ОЭС СР. ВОЛГИ,15511,14173
2025-10-23 17:00,2025-10-23,17,600000,ОЭС СР. ВОЛГИ,15455,14568
2025-10-23 18:00,2025-10-23,18,600000,ОЭС СР. ВОЛГИ,15842,14517
2025-10-23 19:00,2025-10-23,19,600000,ОЭС СР. ВОЛГИ,15842,14290
2025-10-23 20:00,2025-10-23,20,600000,ОЭС СР. ВОЛГИ,14967,13881
2025-10-23 21:00,2025-10-23,21,600000,ОЭС СР. ВОЛГИ,14232,13630
2025-10-23 22:00,2025-10-23,22,600000,ОЭС СР. ВОЛГИ,13912,13102
2025-10-23 23:00,2025-10-23,23,600000,ОЭС СР. ВОЛГИ,13146,12370
2025-10-24 00:00,2025-10-24,0,600000,ОЭС СР. ВОЛГИ,13245,12054
2025-10-24 01:00,2025-10-24,1,600000,ОЭС СР. ВОЛГИ,12395,11642
2025-10-24 02:00,2025-10-24,2,600000,ОЭС СР. ВОЛГИ,12302,11646
2025-10-24 03:00,2025-10-24,3,600000,ОЭС СР. ВОЛГИ,12311,11651
2025-10-24 04:00,2025-10-24,4,600000,ОЭС СР. ВОЛГИ,12376,11479
2025-10-24 05:00,2025-10-24,5,600000,ОЭС СР. ВОЛГИ,12817,12006
2025-10-24 06:00,2025-10-24,6,600000,ОЭС СР. ВОЛГИ,13267,12677
2025-10-24 07:00,2025-10-24,7,600000,ОЭС СР. ВОЛГИ,13270,13387
2025-10-24 08:00,2025-10-24,8,600000,ОЭС СР. ВОЛГИ,13775,14152
2025-10-24 09:00,2025-10-24,9,600000,ОЭС СР. ВОЛГИ,15140,14567
2025-10-24 10:00,2025-10-24,10,600000,ОЭС СР. ВОЛГИ,15745,14662
2025-10-24 11:00,2025-10-24,11,600000,ОЭС СР. ВОЛГИ,15288,14551
2025-10-24 12:00,2025-10-24,12,600000,ОЭС СР. ВОЛГИ,15161,14383
2025-10-24 13:00,2025-10-24,13,600000,ОЭС СР. ВОЛГИ,15595,14522
2025-10-24 14:00,2025-10-24,14,600000,ОЭС СР. ВОЛГИ,15330,14361
2025-10-24 15:00,2025-10-24,15,600000,ОЭС СР. ВОЛГИ,15145,14272
2025-10-24 16:00,2025-10-24,16,600000,ОЭС СР. ВОЛГИ,15365,14170
2025-10-24 17:00,2025-10-24,17,600000,ОЭС СР. ВОЛГИ,15595,14487
2025-10-24 18:00,2025-10-24,18,600000,ОЭС СР. ВОЛГИ,15732,14428
2025-10-24 19:00,2025-10-24,19,600000,ОЭС СР. ВОЛГИ,15183,14235
2025-10-24 20:00,2025-10-24,20,600000,ОЭС СР. ВОЛГИ,14366,13720
2025-10-24 21:00,2025-10-24,21,600000,ОЭС СР. ВОЛГИ,13786,13540
2025-10-24 22:00,2025-10-24,22,600000,ОЭС СР. ВОЛГИ,13763,13208
2025-10-24 23:00,2025-10-24,23,600000,ОЭС СР. ВОЛГИ,12962,12516
2025-10-25 00:00,2025-10-25,0,600000,ОЭС СР. ВОЛГИ,12926,12171
2025-10-25 01:00,2025-10-25,1,600000,ОЭС СР. ВОЛГИ,12316,11728
2025-10-25 02:00,2025-10-25,2,600000,ОЭС СР. ВОЛГИ,12382,11760
2025-10-25 03:00,2025-10-25,3,600000,ОЭС СР. ВОЛГИ,12518,11703
2025-10-25 04:00,2025-10-25,4,600000,ОЭС СР. ВОЛГИ,12261,11569
2025-10-25 05:00,2025-10-25,5,600000,ОЭС СР. ВОЛГИ,12334,11848
2025-10-25 06:00,2025-10-25,6,600000,ОЭС СР. ВОЛГИ,12688,12146
2025-10-25 07:00,2025-10-25,7,600000,ОЭС СР. ВОЛГИ,12296,12417
2025-10-25 08:00,2025-10-25,8,600000,ОЭС СР. ВОЛГИ,12619,13308
2025-10-25 09:00,2025-10-25,9,600000,ОЭС СР. ВОЛГИ,13506,13712
2025-10-25 10:00,2025-10-25,10,600000,ОЭС СР. ВОЛГИ,13630,13991
2025-10-25 11:00,2025-10-25,11,600000,ОЭС СР. ВОЛГИ,13921,14131
2025-10-25 12:00,2025-10-25,12,600000,ОЭС СР. ВОЛГИ,13877,14048
2025-10-25 13:00,2025-10-25,13,600000,ОЭС СР. ВОЛГИ,14141,14122
2025-10-25 14:00,2025-10-25,14,600000,ОЭС СР. ВОЛГИ,13814,13976
2025-10-25 15:00,2025-10-25,15,600000,ОЭС СР. ВОЛГИ,13834,13723
2025-10-25 16:00,2025-10-25,16,600000,ОЭС СР. ВОЛГИ,13963,13767
2025-10-25 17:00,2025-10-25,17,600000,ОЭС СР. ВОЛГИ,14218,14211
2025-10-25 18:00,2025-10-25,18,600000,ОЭС СР. ВОЛГИ,14437,14289
2025-10-25 19:00,2025-10-25,19,600000,ОЭС СР. ВОЛГИ,14404,13959
2025-10-25 20:00,2025-10-25,20,600000,ОЭС СР. ВОЛГИ,13552,13748
2025-10-25 21:00,2025-10-25,21,600000,ОЭС СР. ВОЛГИ,13564,13324
2025-10-25 22:00,2025-10-25,22,600000,ОЭС СР. ВОЛГИ,13082,13019
2025-10-25 23:00,2025-10-25,23,600000,ОЭС СР. ВОЛГИ,12799,12396
2025-10-26 00:00,2025-10-26,0,600000,ОЭС СР. ВОЛГИ,12998,12090
2025-10-26 01:00,2025-10-26,1,600000,ОЭС СР. ВОЛГИ,12096,11872
2025-10-26 02:00,2025-10-26,2,600000,ОЭС СР. ВОЛГИ,12259,11583
2025-10-26 03:00,2025-10-26,3,600000,ОЭС СР. ВОЛГИ,12035,11489
2025-10-26 04:00,2025-10-26,4,600000,ОЭС СР. ВОЛГИ,12254,11488
2025-10-26 05:00,2025-10-26,5,600000,ОЭС СР. ВОЛГИ,12190,11654
2025-10-26 06:00,2025-10-26,6,600000,ОЭС СР. ВОЛГИ,12676,11853
2025-10-26 07:00,2025-10-26,7,600000,ОЭС СР. ВОЛГИ,12564,12163
2025-10-26 08:00,2025-10-26,8,600000,ОЭС СР. ВОЛГИ,12878,12678
2025-10-26 09:00,2025-10-26,9,600000,ОЭС СР. ВОЛГИ,13317,13187
2025-10-26 10:00,2025-10-26,10,600000,ОЭС СР. ВОЛГИ,14446,13537
2025-10-26 11:00,2025-10-26,11,600000,ОЭС СР. ВОЛГИ,14161,13627
2025-10-26 12:00,2025-10-26,12,600000,ОЭС СР. ВОЛГИ,14106,13606
2025-10-26 13:00,2025-10-26,13,600000,ОЭС СР. ВОЛГИ,13937,13636
2025-10-26 14:00,2025-10-26,14,600000,ОЭС СР. ВОЛГИ,14301,13646
2025-10-26 15:00,2025-10-26,15,600000,ОЭС СР. ВОЛГИ,14268,13594
2025-10-26 16:00,2025-10-26,16,600000,ОЭС СР. ВОЛГИ,14223,13667
2025-10-26 17:00,2025-10-26,17,600000,ОЭС СР. ВОЛГИ,14706,14097
2025-10-26 18:00,2025-10-26,18,600000,ОЭС СР. ВОЛГИ,14774,14173
2025-10-26 19:00,2025-10-26,19,600000,ОЭС СР. ВОЛГИ,14698,13876
2025-10-26 20:00,2025-10-26,20,600000,ОЭС СР. ВОЛГИ,14036,13621
2025-10-26 21:00,2025-10-26,21,600000,ОЭС СР. ВОЛГИ,12983,13259
2025-10-26 22:00,2025-10-26,22,600000,ОЭС СР. ВОЛГИ,12752,12622
2025-10-26 23:00,2025-10-26,23,600000,ОЭС СР. ВОЛГИ,12746,12229
2025-10-27 00:00,2025-10-27,0,600000,ОЭС СР. ВОЛГИ,13031,11839
2025-10-27 01:00,2025-10-27,1,600000,ОЭС СР. ВОЛГИ,12467,11620
2025-10-27 02:00,2025-10-27,2,600000,ОЭС СР. ВОЛГИ,12254,11566
2025-10-27 03:00,2025-10-27,3,600000,ОЭС СР. ВОЛГИ,12226,11687
2025-10-27 04:00,2025-10-27,4,600000,ОЭС СР. ВОЛГИ,12152,11645
2025-10-27 05:00,2025-10-27,5,600000,ОЭС СР. ВОЛГИ,12501,12097
2025-10-27 06:00,2025-10-27,6,600000,ОЭС СР. ВОЛГИ,12823,12773
2025-10-27 07:00,2025-10-27,7,600000,ОЭС СР. ВОЛГИ,12831,13517
2025-10-27 08:00,2025-10-27,8,600000,ОЭС СР. ВОЛГИ,13333,14286
2025-10-27 09:00,2025-10-27,9,600000,ОЭС СР. ВОЛГИ,14722,14774
2025-10-27 10:00,2025-10-27,10,600000,ОЭС СР. ВОЛГИ,14857,14857
2025-10-27 11:00,2025-10-27,11,600000,ОЭС СР. ВОЛГИ,15119,14830
2025-10-27 12:00,2025-10-27,12,600000,ОЭС СР. ВОЛГИ,15351,14778
2025-10-27 13:00,2025-10-27,13,600000,ОЭС СР. ВОЛГИ,15505,14925
2025-10-27 14:00,2025-10-27,14,600000,ОЭС СР. ВОЛГИ,15219,14740
2025-10-27 15:00,2025-10-27,15,600000,ОЭС СР. ВОЛГИ,15141,14601
2025-10-27 16:00,2025-10-27,16,600000,ОЭС СР. ВОЛГИ,15288,14391
2025-10-27 17:00,2025-10-27,17,600000,ОЭС СР. ВОЛГИ,15765,14726
2025-10-27 18:00,2025-10-27,18,600000,ОЭС СР. ВОЛГИ,15756,14838
2025-10-27 19:00,2025-10-27,19,600000,ОЭС СР. ВОЛГИ,14961,14505
2025-10-27 20:00,2025-10-27,20,600000,ОЭС СР. ВОЛГИ,14000,14239
2025-10-27 21:00,2025-10-27,21,600000,ОЭС СР. ВОЛГИ,14385,13890
2025-10-27 22:00,2025-10-27,22,600000,ОЭС СР. ВОЛГИ,13937,13316
2025-10-27 23:00,2025-10-27,23,600000,ОЭС СР. ВОЛГИ,13546,12609
2025-10-28 00:00,2025-10-28,0,600000,ОЭС СР. ВОЛГИ,12753,12345
2025-10-28 01:00,2025-10-28,1,600000,ОЭС СР. ВОЛГИ,12380,11789
2025-10-28 02:00,2025-10-28,2,600000,ОЭС СР. ВОЛГИ,12235,11827
2025-10-28 03:00,2025-10-28,3,600000,ОЭС СР. ВОЛГИ,12279,11823
2025-10-28 04:00,2025-10-28,4,600000,ОЭС СР. ВОЛГИ,12373,11967
2025-10-28 05:00,2025-10-28,5,600000,ОЭС СР. ВОЛГИ,12543,12102
2025-10-28 06:00,2025-10-28,6,600000,ОЭС СР. ВОЛГИ,13092,12870
2025-10-28 07:00,2025-10-28,7,600000,ОЭС СР. ВОЛГИ,13121,13653
2025-10-28 08:00,2025-10-28,8,600000,ОЭС СР. ВОЛГИ,14093,14488
2025-10-28 09:00,2025-10-28,9,600000,ОЭС СР. ВОЛГИ,15194,15000
2025-10-28 10:00,2025-10-28,10,600000,ОЭС СР. ВОЛГИ,15736,15009
2025-10-28 11:00,2025-10-28,11,600000,ОЭС СР. ВОЛГИ,15713,14886
2025-10-28 12:00,2025-10-28,12,600000,ОЭС СР. ВОЛГИ,15806,14861
2025-10-28 13:00,2025-10-28,13,600000,ОЭС СР. ВОЛГИ,15933,15002
2025-10-28 14:00,2025-10-28,14,600000,ОЭС СР. ВОЛГИ,15909,14965
2025-10-28 15:00,2025-10-28,15,600000,ОЭС СР. ВОЛГИ,15853,14804
2025-10-28 16:00,2025-10-28,16,600000,ОЭС СР. ВОЛГИ,15935,14603
2025-10-28 17:00,2025-10-28,17,600000,ОЭС СР. ВОЛГИ,16202,14957
2025-10-28 18:00,2025-10-28,18,600000,ОЭС СР. ВОЛГИ,16418,14837
2025-10-28 19:00,2025-10-28,19,600000,ОЭС СР. ВОЛГИ,15452,14359
2025-10-28 20:00,2025-10-28,20,600000,ОЭС СР. ВОЛГИ,14904,14298
2025-10-28 21:00,2025-10-28,21,600000,ОЭС СР. ВОЛГИ,14594,13837
2025-10-28 22:00,2025-10-28,22,600000,ОЭС СР. ВОЛГИ,14032,13341
2025-10-28 23:00,2025-10-28,23,600000,ОЭС СР. ВОЛГИ,13226,12693
2025-10-29 00:00,2025-10-29,0,600000,ОЭС СР. ВОЛГИ,12782,12228
2025-10-29 01:00,2025-10-29,1,600000,ОЭС СР. ВОЛГИ,12560,12076
2025-10-29 02:00,2025-10-29,2,600000,ОЭС СР. ВОЛГИ,12267,11885
2025-10-29 03:00,2025-10-29,3,600000,ОЭС СР. ВОЛГИ,12033,11772
2025-10-29 04:00,2025-10-29,4,600000,ОЭС СР. ВОЛГИ,12171,11918
2025-10-29 05:00,2025-10-29,5,600000,ОЭС СР. ВОЛГИ,12309,12243
2025-10-29 06:00,2025-10-29,6,600000,ОЭС СР. ВОЛГИ,12865,12931
2025-10-29 07:00,2025-10-29,7,600000,ОЭС СР. ВОЛГИ,12936,13461
2025-10-29 08:00,2025-10-29,8,600000,ОЭС СР. ВОЛГИ,13802,14464
2025-10-29 09:00,2025-10-29,9,600000,ОЭС СР. ВОЛГИ,15137,14919
2025-10-29 10:00,2025-10-29,10,600000,ОЭС СР. ВОЛГИ,15201,14955
2025-10-29 11:00,2025-10-29,11,600000,ОЭС СР. ВОЛГИ,14978,14894
2025-10-29 12:00,2025-10-29,12,600000,ОЭС СР. ВОЛГИ,14806,14755
2025-10-29 13:00,2025-10-29,13,600000,ОЭС СР. ВОЛГИ,15195,14920
2025-10-29 14:00,2025-10-29,14,600000,ОЭС СР. ВОЛГИ,15216,14767
2025-10-29 15:00,2025-10-29,15,600000,ОЭС СР. ВОЛГИ,15147,14857
2025-10-29 16:00,2025-10-29,16,600000,ОЭС СР. ВОЛГИ,15437,14578
2025-10-29 17:00,2025-10-29,17,600000,ОЭС СР. ВОЛГИ,15391,14831
2025-10-29 18:00,2025-10-29,18,600000,ОЭС СР. ВОЛГИ,15467,14694
2025-10-29 19:00,2025-10-29,19,600000,ОЭС СР. ВОЛГИ,14696,14495
2025-10-29 20:00,2025-10-29,20,600000,ОЭС СР. ВОЛГИ,13803,14197
2025-10-29 21:00,2025-10-29,21,600000,ОЭС СР. ВОЛГИ,13463,13660
2025-10-29 22:00,2025-10-29,22,600000,ОЭС СР. ВОЛГИ,13078,13258
2025-10-29 23:00,2025-10-29,23,600000,ОЭС СР. ВОЛГИ,12995,12724
2025-10-30 00:00,2025-10-30,0,600000,ОЭС СР. ВОЛГИ,12698,12296
2025-10-30 01:00,2025-10-30,1,600000,ОЭС СР. ВОЛГИ,12420,11898
2025-10-30 02:00,2025-10-30,2,600000,ОЭС СР. ВОЛГИ,12285,11837
2025-10-30 03:00,2025-10-30,3,600000,ОЭС СР. ВОЛГИ,12152,11896
2025-10-30 04:00,2025-10-30,4,600000,ОЭС СР. ВОЛГИ,12250,11945
2025-10-30 05:00,2025-10-30,5,600000,ОЭС СР. ВОЛГИ,12418,12165
2025-10-30 06:00,2025-10-30,6,600000,ОЭС СР. ВОЛГИ,12743,12745
2025-10-30 07:00,2025-10-30,7,600000,ОЭС СР. ВОЛГИ,12837,13372
2025-10-30 08:00,2025-10-30,8,600000,ОЭС СР. ВОЛГИ,13493,14142
2025-10-30 09:00,2025-10-30,9,600000,ОЭС СР. ВОЛГИ,14847,14765
2025-10-30 10:00,2025-10-30,10,600000,ОЭС СР. ВОЛГИ,15095,14727
2025-10-30 11:00,2025-10-30,11,600000,ОЭС СР. ВОЛГИ,15077,14783
2025-10-30 12:00,2025-10-30,12,600000,ОЭС СР. ВОЛГИ,14995,14678
2025-10-30 13:00,2025-10-30,13,600000,ОЭС СР. ВОЛГИ,15035,14643
2025-10-30 14:00,2025-10-30,14,600000,ОЭС СР. ВОЛГИ,14780,14659
2025-10-30 15:00,2025-10-30,15,600000,ОЭС СР. ВОЛГИ,15098,14522
2025-10-30 16:00,2025-10-30,16,600000,ОЭС СР. ВОЛГИ,14885,14339
2025-10-30 17:00,2025-10-30,17,600000,ОЭС СР. ВОЛГИ,14835,14730
2025-10-30 18:00,2025-10-30,18,600000,ОЭС СР. ВОЛГИ,15311,14684
2025-10-30 19:00,2025-10-30,19,600000,ОЭС СР. ВОЛГИ,14966,14354
2025-10-30 20:00,2025-10-30,20,600000,ОЭС СР. ВОЛГИ,14223,14098
2025-10-30 21:00,2025-10-30,21,600000,ОЭС СР. ВОЛГИ,14192,13682
2025-10-30 22:00,2025-10-30,22,600000,ОЭС СР. ВОЛГИ,13884,13336
2025-10-30 23:00,2025-10-30,23,600000,ОЭС СР. ВОЛГИ,13097,12669
2025-10-31 00:00,2025-10-31,0,600000,ОЭС СР. ВОЛГИ,12490,12219
2025-10-31 01:00,2025-10-31,1,600000,ОЭС СР. ВОЛГИ,12513,11917
2025-10-31 02:00,2025-10-31,2,600000,ОЭС СР. ВОЛГИ,12246,11690
2025-10-31 03:00,2025-10-31,3,600000,ОЭС СР. ВОЛГИ,12464,11816
2025-10-31 04:00,2025-10-31,4,600000,ОЭС СР. ВОЛГИ,12146,11884
2025-10-31 05:00,2025-10-31,5,600000,ОЭС СР. ВОЛГИ,12737,12115
2025-10-31 06:00,2025-10-31,6,600000,ОЭС СР. ВОЛГИ,13210,12819
2025-10-31 07:00,2025-10-31,7,600000,ОЭС СР. ВОЛГИ,13447,13420
2025-10-31 08:00,2025-10-31,8,600000,ОЭС СР. ВОЛГИ,14538,14257
2025-10-31 09:00,2025-10-31,9,600000,ОЭС СР. ВОЛГИ,15598,14724
2025-10-31 10:00,2025-10-31,10,600000,ОЭС СР. ВОЛГИ,15986,14836
2025-10-31 11:00,2025-10-31,11,600000,ОЭС СР. ВОЛГИ,15355,14749
2025-10-31 12:00,2025-10-31,12,600000,ОЭС СР. ВОЛГИ,15717,14646
2025-10-31 13:00,2025-10-31,13,600000,ОЭС СР. ВОЛГИ,15221,14678
2025-10-31 14:00,2025-10-31,14,600000,ОЭС СР. ВОЛГИ,15638,14593
2025-10-31 15:00,2025-10-31,15,600000,ОЭС СР. ВОЛГИ,15178,14276
2025-10-31 16:00,2025-10-31,16,600000,ОЭС СР. ВОЛГИ,15252,14347
2025-10-31 17:00,2025-10-31,17,600000,ОЭС СР. ВОЛГИ,14974,14676
2025-10-31 18:00,2025-10-31,18,600000,ОЭС СР. ВОЛГИ,14959,14597
2025-10-31 19:00,2025-10-31,19,600000,ОЭС СР. ВОЛГИ,14711,14317
2025-10-31 20:00,2025-10-31,20,600000,ОЭС СР. ВОЛГИ,14144,13952
2025-10-31 21:00,2025-10-31,21,600000,ОЭС СР. ВОЛГИ,13752,13566
2025-10-31 22:00,2025-10-31,22,600000,ОЭС СР. ВОЛГИ,13609,13097
2025-10-31 23:00,2025-10-31,23,600000,ОЭС СР. ВОЛГИ,13956,12736
2025-11-01 00:00,2025-11-01,0,600000,ОЭС СР. ВОЛГИ,13460,12179
2025-11-01 01:00,2025-11-01,1,600000,ОЭС СР. ВОЛГИ,12500,11789
2025-11-01 02:00,2025-11-01,2,600000,ОЭС СР. ВОЛГИ,12238,11658
2025-11-01 03:00,2025-11-01,3,600000,ОЭС СР. ВОЛГИ,12290,11701
2025-11-01 04:00,2025-11-01,4,600000,ОЭС СР. ВОЛГИ,12423,11763
2025-11-01 05:00,2025-11-01,5,600000,ОЭС СР. ВОЛГИ,12396,12103
2025-11-01 06:00,2025-11-01,6,600000,ОЭС СР. ВОЛГИ,13018,12683
2025-11-01 07:00,2025-11-01,7,600000,ОЭС СР. ВОЛГИ,12978,13231
2025-11-01 08:00,2025-11-01,8,600000,ОЭС СР. ВОЛГИ,13408,13729
2025-11-01 09:00,2025-11-01,9,600000,ОЭС СР. ВОЛГИ,14958,14440
2025-11-01 10:00,2025-11-01,10,600000,ОЭС СР. ВОЛГИ,14823,14522
2025-11-01 11:00,2025-11-01,11,600000,ОЭС СР. ВОЛГИ,14857,14487
2025-11-01 12:00,2025-11-01,12,600000,ОЭС СР. ВОЛГИ,14443,14429
2025-11-01 13:00,2025-11-01,13,600000,ОЭС СР. ВОЛГИ,14271,14300
2025-11-01 14:00,2025-11-01,14,600000,ОЭС СР. ВОЛГИ,14631,14278
2025-11-01 15:00,2025-11-01,15,600000,ОЭС СР. ВОЛГИ,14421,14003
2025-11-01 16:00,2025-11-01,16,600000,ОЭС СР. ВОЛГИ,14540,14044
2025-11-01 17:00,2025-11-01,17,600000,ОЭС СР. ВОЛГИ,14657,14362
2025-11-01 18:00,2025-11-01,18,600000,ОЭС СР. ВОЛГИ,15059,14353
2025-11-01 19:00,2025-11-01,19,600000,ОЭС СР. ВОЛГИ,15005,13936
2025-11-01 20:00,2025-11-01,20,600000,ОЭС СР. ВОЛГИ,14444,13819
2025-11-01 21:00,2025-11-01,21,600000,ОЭС СР. ВОЛГИ,13810,13244
2025-11-01 22:00,2025-11-01,22,600000,ОЭС СР. ВОЛГИ,13798,13009
2025-11-01 23:00,2025-11-01,23,600000,ОЭС СР. ВОЛГИ,13586,12632
2025-11-02 00:00,2025-11-02,0,600000,ОЭС СР. ВОЛГИ,13458,12064
2025-11-02 01:00,2025-11-02,1,600000,ОЭС СР. ВОЛГИ,12407,11701
2025-11-02 02:00,2025-11-02,2,600000,ОЭС СР. ВОЛГИ,12409,11745
2025-11-02 03:00,2025-11-02,3,600000,ОЭС СР. ВОЛГИ,12500,11673
2025-11-02 04:00,2025-11-02,4,600000,ОЭС СР. ВОЛГИ,12641,11722
2025-11-02 05:00,2025-11-02,5,600000,ОЭС СР. ВОЛГИ,12467,11829
2025-11-02 06:00,2025-11-02,6,600000,ОЭС СР. ВОЛГИ,12880,12080
2025-11-02 07:00,2025-11-02,7,600000,ОЭС СР. ВОЛГИ,12861,12285
2025-11-02 08:00,2025-11-02,8,600000,ОЭС СР. ВОЛГИ,12788,12822
2025-11-02 09:00,2025-11-02,9,600000,ОЭС СР. ВОЛГИ,13819,13281
2025-11-02 10:00,2025-11-02,10,600000,ОЭС СР. ВОЛГИ,13880,13399
2025-11-02 11:00,2025-11-02,11,600000,ОЭС СР. ВОЛГИ,14018,13570
2025-11-02 12:00,2025-11-02,12,600000,ОЭС СР. ВОЛГИ,13791,13696
2025-11-02 13:00,2025-11-02,13,600000,ОЭС СР. ВОЛГИ,14032,13672
2025-11-02 14:00,2025-11-02,14,600000,ОЭС СР. ВОЛГИ,13906,13754
2025-11-02 15:00,2025-11-02,15,600000,ОЭС СР. ВОЛГИ,13979,13665
2025-11-02 16:00,2025-11-02,16,600000,ОЭС СР. ВОЛГИ,14320,13697
2025-11-02 17:00,2025-11-02,17,600000,ОЭС СР. ВОЛГИ,14753,14070
2025-11-02 18:00,2025-11-02,18,600000,ОЭС СР. ВОЛГИ,14801,14140
2025-11-02 19:00,2025-11-02,19,600000,ОЭС СР. ВОЛГИ,14491,13840
2025-11-02 20:00,2025-11-02,20,600000,ОЭС СР. ВОЛГИ,13642,13717
2025-11-02 21:00,2025-11-02,21,600000,ОЭС СР. ВОЛГИ,13134,13390
2025-11-02 22:00,2025-11-02,22,600000,ОЭС СР. ВОЛГИ,12961,12965
2025-11-02 23:00,2025-11-02,23,600000,ОЭС СР. ВОЛГИ,13568,12472
2025-11-03 00:00,2025-11-03,0,600000,ОЭС СР. ВОЛГИ,13202,12032
2025-11-03 01:00,2025-11-03,1,600000,ОЭС СР. ВОЛГИ,12132,11682
2025-11-03 02:00,2025-11-03,2,600000,ОЭС СР. ВОЛГИ,12163,11647
2025-11-03 03:00,2025-11-03,3,600000,ОЭС СР. ВОЛГИ,12013,11576
2025-11-03 04:00,2025-11-03,4,600000,ОЭС СР. ВОЛГИ,12118,11489
2025-11-03 05:00,2025-11-03,5,600000,ОЭС СР. ВОЛГИ,12151,11689
2025-11-03 06:00,2025-11-03,6,600000,ОЭС СР. ВОЛГИ,12771,12113
2025-11-03 07:00,2025-11-03,7,600000,ОЭС СР. ВОЛГИ,13038,12507
2025-11-03 08:00,2025-11-03,8,600000,ОЭС СР. ВОЛГИ,13035,12997
2025-11-03 09:00,2025-11-03,9,600000,ОЭС СР. ВОЛГИ,13778,13586
2025-11-03 10:00,2025-11-03,10,600000,ОЭС СР. ВОЛГИ,14141,13897
2025-11-03 11:00,2025-11-03,11,600000,ОЭС СР. ВОЛГИ,14411,13946
2025-11-03 12:00,2025-11-03,12,600000,ОЭС СР. ВОЛГИ,14772,13974
2025-11-03 13:00,2025-11-03,13,600000,ОЭС СР. ВОЛГИ,14602,13944
2025-11-03 14:00,2025-11-03,14,600000,ОЭС СР. ВОЛГИ,14622,13834
2025-11-03 15:00,2025-11-03,15,600000,ОЭС СР. ВОЛГИ,14656,13857
2025-11-03 16:00,2025-11-03,16,600000,ОЭС СР. ВОЛГИ,15228,13959
2025-11-03 17:00,2025-11-03,17,600000,ОЭС СР. ВОЛГИ,15164,14296
2025-11-03 18:00,2025-11-03,18,600000,ОЭС СР. ВОЛГИ,14909,14152
2025-11-03 19:00,2025-11-03,19,600000,ОЭС СР. ВОЛГИ,14160,13841
2025-11-03 20:00,2025-11-03,20,600000,ОЭС СР. ВОЛГИ,13466,13519
2025-11-03 21:00,2025-11-03,21,600000,ОЭС СР. ВОЛГИ,13340,13443
2025-11-03 22:00,2025-11-03,22,600000,ОЭС СР. ВОЛГИ,13085,12990
2025-11-03 23:00,2025-11-03,23,600000,ОЭС СР. ВОЛГИ,12896,12406
2025-11-04 00:00,2025-11-04,0,600000,ОЭС СР. ВОЛГИ,12249,12000
2025-11-04 01:00,2025-11-04,1,600000,ОЭС СР. ВОЛГИ,12526,11728
2025-11-04 02:00,2025-11-04,2,600000,ОЭС СР. ВОЛГИ,12039,11630
2025-11-04 03:00,2025-11-04,3,600000,ОЭС СР. ВОЛГИ,12090,11487
2025-11-04 04:00,2025-11-04,4,600000,ОЭС СР. ВОЛГИ,12022,11642
2025-11-04 05:00,2025-11-04,5,600000,ОЭС СР. ВОЛГИ,12227,11829
2025-11-04 06:00,2025-11-04,6,600000,ОЭС СР. ВОЛГИ,12440,12075
2025-11-04 07:00,2025-11-04,7,600000,ОЭС СР. ВОЛГИ,12710,12353
2025-11-04 08:00,2025-11-04,8,600000,ОЭС СР. ВОЛГИ,12789,12942
2025-11-04 09:00,2025-11-04,9,600000,ОЭС СР. ВОЛГИ,13071,13429
2025-11-04 10:00,2025-11-04,10,600000,ОЭС СР. ВОЛГИ,13529,13792
2025-11-04 11:00,2025-11-04,11,600000,ОЭС СР. ВОЛГИ,14002,13914
2025-11-04 12:00,2025-11-04,12,600000,ОЭС СР. ВОЛГИ,14127,13944
2025-11-04 13:00,2025-11-04,13,600000,ОЭС СР. ВОЛГИ,14374,13901
2025-11-04 14:00,2025-11-04,14,600000,ОЭС СР. ВОЛГИ,14153,13807
2025-11-04 15:00,2025-11-04,15,600000,ОЭС СР. ВОЛГИ,14069,13784
2025-11-04 16:00,2025-11-04,16,600000,ОЭС СР. ВОЛГИ,14557,13954
2025-11-04 17:00,2025-11-04,17,600000,ОЭС СР. ВОЛГИ,15179,14308
2025-11-04 18:00,2025-11-04,18,600000,ОЭС СР. ВОЛГИ,15261,14204
2025-11-04 19:00,2025-11-04,19,600000,ОЭС СР. ВОЛГИ,14902,13968
2025-11-04 20:00,2025-11-04,20,600000,ОЭС СР. ВОЛГИ,14132,13607
2025-11-04 21:00,2025-11-04,21,600000,ОЭС СР. ВОЛГИ,13351,13302
2025-11-04 22:00,2025-11-04,22,600000,ОЭС СР. ВОЛГИ,12988,12840
2025-11-04 23:00,2025-11-04,23,600000,ОЭС СР. ВОЛГИ,12831,12234
2025-11-05 00:00,2025-11-05,0,600000,ОЭС СР. ВОЛГИ,13074,12030
2025-11-05 01:00,2025-11-05,1,600000,ОЭС СР. ВОЛГИ,12536,11672
2025-11-05 02:00,2025-11-05,2,600000,ОЭС СР. ВОЛГИ,12005,11655
2025-11-05 03:00,2025-11-05,3,600000,ОЭС СР. ВОЛГИ,11926,11439
2025-11-05 04:00,2025-11-05,4,600000,ОЭС СР. ВОЛГИ,12227,11713
2025-11-05 05:00,2025-11-05,5,600000,ОЭС СР. ВОЛГИ,12390,11923
2025-11-05 06:00,2025-11-05,6,600000,ОЭС СР. ВОЛГИ,13174,12641
2025-11-05 07:00,2025-11-05,7,600000,ОЭС СР. ВОЛГИ,13649,13356
2025-11-05 08:00,2025-11-05,8,600000,ОЭС СР. ВОЛГИ,13752,14090
2025-11-05 09:00,2025-11-05,9,600000,ОЭС СР. ВОЛГИ,15270,14599
2025-11-05 10:00,2025-11-05,10,600000,ОЭС СР. ВОЛГИ,15671,14751
2025-11-05 11:00,2025-11-05,11,600000,ОЭС СР. ВОЛГИ,15333,14709
2025-11-05 12:00,2025-11-05,12,600000,ОЭС СР. ВОЛГИ,15401,14530
2025-11-05 13:00,2025-11-05,13,600000,ОЭС СР. ВОЛГИ,15559,14594
2025-11-05 14:00,2025-11-05,14,600000,ОЭС СР. ВОЛГИ,15436,14493
2025-11-05 15:00,2025-11-05,15,600000,ОЭС СР. ВОЛГИ,15264,14519
2025-11-05 16:00,2025-11-05,16,600000,ОЭС СР. ВОЛГИ,15514,14421
2025-11-05 17:00,2025-11-05,17,600000,ОЭС СР. ВОЛГИ,15948,14754
2025-11-05 18:00,2025-11-05,18,600000,ОЭС СР. ВОЛГИ,15655,14527
2025-11-05 19:00,2025-11-05,19,600000,ОЭС СР. ВОЛГИ,15219,14276
2025-11-05 20:00,2025-11-05,20,600000,ОЭС СР. ВОЛГИ,15180,14041
2025-11-05 21:00,2025-11-05,21,600000,ОЭС СР. ВОЛГИ,14473,13671
2025-11-05 22:00,2025-11-05,22,600000,ОЭС СР. ВОЛГИ,13216,13023
2025-11-05 23:00,2025-11-05,23,600000,ОЭС СР. ВОЛГИ,12675,12575
2025-11-06 00:00,2025-11-06,0,600000,ОЭС СР. ВОЛГИ,12611,12166
2025-11-06 01:00,2025-11-06,1,600000,ОЭС СР. ВОЛГИ,12231,11818
2025-11-06 02:00,2025-11-06,2,600000,ОЭС СР. ВОЛГИ,12174,11712
2025-11-06 03:00,2025-11-06,3,600000,ОЭС СР. ВОЛГИ,12031,11763
2025-11-06 04:00,2025-11-06,4,600000,ОЭС СР. ВОЛГИ,12133,11925
2025-11-06 05:00,2025-11-06,5,600000,ОЭС СР. ВОЛГИ,12540,12168
2025-11-06 06:00,2025-11-06,6,600000,ОЭС СР. ВОЛГИ,12582,12868
2025-11-06 07:00,2025-11-06,7,600000,ОЭС СР. ВОЛГИ,13989,13378
2025-11-06 08:00,2025-11-06,8,600000,ОЭС СР. ВОЛГИ,14117,14075
2025-11-06 09:00,2025-11-06,9,600000,ОЭС СР. ВОЛГИ,15583,14732
2025-11-06 10:00,2025-11-06,10,600000,ОЭС СР. ВОЛГИ,15630,14760
2025-11-06 11:00,2025-11-06,11,600000,ОЭС СР. ВОЛГИ,15630,14862
2025-11-06 12:00,2025-11-06,12,600000,ОЭС СР. ВОЛГИ,15578,14798
2025-11-06 13:00,2025-11-06,13,600000,ОЭС СР. ВОЛГИ,15626,14835
2025-11-06 14:00,2025-11-06,14,600000,ОЭС СР. ВОЛГИ,15787,14860
2025-11-06 15:00,2025-11-06,15,600000,ОЭС СР. ВОЛГИ,15790,14598
2025-11-06 16:00,2025-11-06,16,600000,ОЭС СР. ВОЛГИ,15771,14798
2025-11-06 17:00,2025-11-06,17,600000,ОЭС СР. ВОЛГИ,15241,14794
2025-11-06 18:00,2025-11-06,18,600000,ОЭС СР. ВОЛГИ,14802,14469
2025-11-06 19:00,2025-11-06,19,600000,ОЭС СР. ВОЛГИ,14708,14349
2025-11-06 20:00,2025-11-06,20,600000,ОЭС СР. ВОЛГИ,13821,14099
2025-11-06 21:00,2025-11-06,21,600000,ОЭС СР. ВОЛГИ,13491,13774
2025-11-06 22:00,2025-11-06,22,600000,ОЭС СР. ВОЛГИ,12788,13282
2025-11-06 23:00,2025-11-06,23,600000,ОЭС СР. ВОЛГИ,12847,12687
2025-11-07 00:00,2025-11-07,0,600000,ОЭС СР. ВОЛГИ,12091,12341
2025-11-07 01:00,2025-11-07,1,600000,ОЭС СР. ВОЛГИ,11955,12013
2025-11-07 02:00,2025-11-07,2,600000,ОЭС СР. ВОЛГИ,11733,11921
2025-11-07 03:00,2025-11-07,3,600000,ОЭС СР. ВОЛГИ,11573,12011
2025-11-07 04:00,2025-11-07,4,600000,ОЭС СР. ВОЛГИ,11598,11898
2025-11-07 05:00,2025-11-07,5,600000,ОЭС СР. ВОЛГИ,11612,12299
2025-11-07 06:00,2025-11-07,6,600000,ОЭС СР. ВОЛГИ,12388,12905
2025-11-07 07:00,2025-11-07,7,600000,ОЭС СР. ВОЛГИ,12938,13893
2025-11-07 08:00,2025-11-07,8,600000,ОЭС СР. ВОЛГИ,13910,14538
2025-11-07 09:00,2025-11-07,9,600000,ОЭС СР. ВОЛГИ,14339,14859
2025-11-07 10:00,2025-11-07,10,600000,ОЭС СР. ВОЛГИ,14531,14819
2025-11-07 11:00,2025-11-07,11,600000,ОЭС СР. ВОЛГИ,14596,14747
2025-11-07 12:00,2025-11-07,12,600000,ОЭС СР. ВОЛГИ,14915,14684
2025-11-07 13:00,2025-11-07,13,600000,ОЭС СР. ВОЛГИ,14862,14720
2025-11-07 14:00,2025-11-07,14,600000,ОЭС СР. ВОЛГИ,15050,14684
2025-11-07 15:00,2025-11-07,15,600000,ОЭС СР. ВОЛГИ,14999,14367
2025-11-07 16:00,2025-11-07,16,600000,ОЭС СР. ВОЛГИ,14824,14597
2025-11-07 17:00,2025-11-07,17,600000,ОЭС СР. ВОЛГИ,14773,14464
2025-11-07 18:00,2025-11-07,18,600000,ОЭС СР. ВОЛГИ,14402,14523
2025-11-07 19:00,2025-11-07,19,600000,ОЭС СР. ВОЛГИ,13928,14098
2025-11-07 20:00,2025-11-07,20,600000,ОЭС СР. ВОЛГИ,13442,13876
2025-11-07 21:00,2025-11-07,21,600000,ОЭС СР. ВОЛГИ,13274,13690
2025-11-07 22:00,2025-11-07,22,600000,ОЭС СР. ВОЛГИ,12827,13317
2025-11-07 23:00,2025-11-07,23,600000,ОЭС СР. ВОЛГИ,13066,12926
2025-11-08 00:00,2025-11-08,0,600000,ОЭС СР. ВОЛГИ,12263,12284
2025-11-08 01:00,2025-11-08,1,600000,ОЭС СР. ВОЛГИ,11347,11919
2025-11-08 02:00,2025-11-08,2,600000,ОЭС СР. ВОЛГИ,11539,11825
2025-11-08 03:00,2025-11-08,3,600000,ОЭС СР. ВОЛГИ,11382,11670
2025-11-08 04:00,2025-11-08,4,600000,ОЭС СР. ВОЛГИ,11310,11947
2025-11-08 05:00,2025-11-08,5,600000,ОЭС СР. ВОЛГИ,11334,12083
2025-11-08 06:00,2025-11-08,6,600000,ОЭС СР. ВОЛГИ,11114,12253
2025-11-08 07:00,2025-11-08,7,600000,ОЭС СР. ВОЛГИ,11996,12577
2025-11-08 08:00,2025-11-08,8,600000,ОЭС СР. ВОЛГИ,11517,13214
2025-11-08 09:00,2025-11-08,9,600000,ОЭС СР. ВОЛГИ,12105,13633
2025-11-08 10:00,2025-11-08,10,600000,ОЭС СР. ВОЛГИ,13440,13965
2025-11-08 11:00,2025-11-08,11,600000,ОЭС СР. ВОЛГИ,13842,14275
2025-11-08 12:00,2025-11-08,12,600000,ОЭС СР. ВОЛГИ,13142,14128
2025-11-08 13:00,2025-11-08,13,600000,ОЭС СР. ВОЛГИ,13763,14161
2025-11-08 14:00,2025-11-08,14,600000,ОЭС СР. ВОЛГИ,14299,14193
2025-11-08 15:00,2025-11-08,15,600000,ОЭС СР. ВОЛГИ,14440,14070
2025-11-08 16:00,2025-11-08,16,600000,ОЭС СР. ВОЛГИ,14617,14117
2025-11-08 17:00,2025-11-08,17,600000,ОЭС СР. ВОЛГИ,15486,14431
2025-11-08 18:00,2025-11-08,18,600000,ОЭС СР. ВОЛГИ,15055,14338
2025-11-08 19:00,2025-11-08,19,600000,ОЭС СР. ВОЛГИ,13702,13826
2025-11-08 20:00,2025-11-08,20,600000,ОЭС СР. ВОЛГИ,12782,13623
2025-11-08 21:00,2025-11-08,21,600000,ОЭС СР. ВОЛГИ,12221,13279
2025-11-08 22:00,2025-11-08,22,600000,ОЭС СР. ВОЛГИ,11867,12856
2025-11-08 23:00,2025-11-08,23,600000,ОЭС СР. ВОЛГИ,11735,12297
2025-11-09 00:00,2025-11-09,0,600000,ОЭС СР. ВОЛГИ,12157,12100
2025-11-09 01:00,2025-11-09,1,600000,ОЭС СР. ВОЛГИ,11475,11852
2025-11-09 02:00,2025-11-09,2,600000,ОЭС СР. ВОЛГИ,11278,11824
2025-11-09 03:00,2025-11-09,3,600000,ОЭС СР. ВОЛГИ,11219,11586
2025-11-09 04:00,2025-11-09,4,600000,ОЭС СР. ВОЛГИ,11366,11707
2025-11-09 05:00,2025-11-09,5,600000,ОЭС СР. ВОЛГИ,11268,11637
2025-11-09 06:00,2025-11-09,6,600000,ОЭС СР. ВОЛГИ,11303,12015
2025-11-09 07:00,2025-11-09,7,600000,ОЭС СР. ВОЛГИ,11727,12248
2025-11-09 08:00,2025-11-09,8,600000,ОЭС СР. ВОЛГИ,11624,12755
2025-11-09 09:00,2025-11-09,9,600000,ОЭС СР. ВОЛГИ,11740,13350
2025-11-09 10:00,2025-11-09,10,600000,ОЭС СР. ВОЛГИ,12215,13364
2025-11-09 11:00,2025-11-09,11,600000,ОЭС СР. ВОЛГИ,12609,13516
2025-11-09 12:00,2025-11-09,12,600000,ОЭС СР. ВОЛГИ,12696,13641
2025-11-09 13:00,2025-11-09,13,600000,ОЭС СР. ВОЛГИ,12927,13663
2025-11-09 14:00,2025-11-09,14,600000,ОЭС СР. ВОЛГИ,13198,13587
2025-11-09 15:00,2025-11-09,15,600000,ОЭС СР. ВОЛГИ,13779,13623
2025-11-09 16:00,2025-11-09,16,600000,ОЭС СР. ВОЛГИ,13875,14025
2025-11-09 17:00,2025-11-09,17,600000,ОЭС СР. ВОЛГИ,14988,14354
2025-11-09 18:00,2025-11-09,18,600000,ОЭС СР. ВОЛГИ,14664,14242
2025-11-09 19:00,2025-11-09,19,600000,ОЭС СР. ВОЛГИ,13793,13972
2025-11-09 20:00,2025-11-09,20,600000,ОЭС СР. ВОЛГИ,13338,13706
2025-11-09 21:00,2025-11-09,21,600000,ОЭС СР. ВОЛГИ,12300,13317
2025-11-09 22:00,2025-11-09,22,600000,ОЭС СР. ВОЛГИ,11341,12953
2025-11-09 23:00,2025-11-09,23,600000,ОЭС СР. ВОЛГИ,11371,12494
2025-11-10 00:00,2025-11-10,0,600000,ОЭС СР. ВОЛГИ,11578,12131
2025-11-10 01:00,2025-11-10,1,600000,ОЭС СР. ВОЛГИ,11384,11796
2025-11-10 02:00,2025-11-10,2,600000,ОЭС СР. ВОЛГИ,11335,11760
2025-11-10 03:00,2025-11-10,3,600000,ОЭС СР. ВОЛГИ,11348,11827
2025-11-10 04:00,2025-11-10,4,600000,ОЭС СР. ВОЛГИ,11234,11853
2025-11-10 05:00,2025-11-10,5,600000,ОЭС СР. ВОЛГИ,11683,12230
2025-11-10 06:00,2025-11-10,6,600000,ОЭС СР. ВОЛГИ,11808,13099
2025-11-10 07:00,2025-11-10,7,600000,ОЭС СР. ВОЛГИ,12906,13877
2025-11-10 08:00,2025-11-10,8,600000,ОЭС СР. ВОЛГИ,14196,14472
2025-11-10 09:00,2025-11-10,9,600000,ОЭС СР. ВОЛГИ,15170,15077
2025-11-10 10:00,2025-11-10,10,600000,ОЭС СР. ВОЛГИ,15090,15061
2025-11-10 11:00,2025-11-10,11,600000,ОЭС СР. ВОЛГИ,15410,15081
2025-11-10 12:00,2025-11-10,12,600000,ОЭС СР. ВОЛГИ,15237,14944
2025-11-10 13:00,2025-11-10,13,600000,ОЭС СР. ВОЛГИ,15463,15034
2025-11-10 14:00,2025-11-10,14,600000,ОЭС СР. ВОЛГИ,15564,14998
2025-11-10 15:00,2025-11-10,15,600000,ОЭС СР. ВОЛГИ,15206,14767
2025-11-10 16:00,2025-11-10,16,600000,ОЭС СР. ВОЛГИ,14951,14825
2025-11-10 17:00,2025-11-10,17,600000,ОЭС СР. ВОЛГИ,15200,14875
2025-11-10 18:00,2025-11-10,18,600000,ОЭС СР. ВОЛГИ,15009,14665
2025-11-10 19:00,2025-11-10,19,600000,ОЭС СР. ВОЛГИ,14760,14400
2025-11-10 20:00,2025-11-10,20,600000,ОЭС СР. ВОЛГИ,14004,14247
2025-11-10 21:00,2025-11-10,21,600000,ОЭС СР. ВОЛГИ,13711,13948
2025-11-10 22:00,2025-11-10,22,600000,ОЭС СР. ВОЛГИ,12986,13399
2025-11-10 23:00,2025-11-10,23,600000,ОЭС СР. ВОЛГИ,12188,12862
2025-11-11 00:00,2025-11-11,0,600000,ОЭС СР. ВОЛГИ,11901,12421
2025-11-11 01:00,2025-11-11,1,600000,ОЭС СР. ВОЛГИ,11706,12257
2025-11-11 02:00,2025-11-11,2,600000,ОЭС СР. ВОЛГИ,11512,12150
2025-11-11 03:00,2025-11-11,3,600000,ОЭС СР. ВОЛГИ,11280,11969
2025-11-11 04:00,2025-11-11,4,600000,ОЭС СР. ВОЛГИ,11220,12164
2025-11-11 05:00,2025-11-11,5,600000,ОЭС СР. ВОЛГИ,11424,12339
2025-11-11 06:00,2025-11-11,6,600000,ОЭС СР. ВОЛГИ,11923,13098
2025-11-11 07:00,2025-11-11,7,600000,ОЭС СР. ВОЛГИ,12440,13978
2025-11-11 08:00,2025-11-11,8,600000,ОЭС СР. ВОЛГИ,13857,14601
2025-11-11 09:00,2025-11-11,9,600000,ОЭС СР. ВОЛГИ,14720,15094
2025-11-11 10:00,2025-11-11,10,600000,ОЭС СР. ВОЛГИ,14870,15082
2025-11-11 11:00,2025-11-11,11,600000,ОЭС СР. ВОЛГИ,14553,14751
2025-11-11 12:00,2025-11-11,12,600000,ОЭС СР. ВОЛГИ,14768,14700
2025-11-11 13:00,2025-11-11,13,600000,ОЭС СР. ВОЛГИ,15198,14871
2025-11-11 14:00,2025-11-11,14,600000,ОЭС СР. ВОЛГИ,15080,14701
2025-11-11 15:00,2025-11-11,15,600000,ОЭС СР. ВОЛГИ,14839,14741
2025-11-11 16:00,2025-11-11,16,600000,ОЭС СР. ВОЛГИ,15147,14936
2025-11-11 17:00,2025-11-11,17,600000,ОЭС СР. ВОЛГИ,15016,15025
2025-11-11 18:00,2025-11-11,18,600000,ОЭС СР. ВОЛГИ,14395,14762
2025-11-11 19:00,2025-11-11,19,600000,ОЭС СР. ВОЛГИ,14344,14438
2025-11-11 20:00,2025-11-11,20,600000,ОЭС СР. ВОЛГИ,13495,14325
2025-11-11 21:00,2025-11-11,21,600000,ОЭС СР. ВОЛГИ,12751,13980
2025-11-11 22:00,2025-11-11,22,600000,ОЭС СР. ВОЛГИ,12074,13412
2025-11-11 23:00,2025-11-11,23,600000,ОЭС СР. ВОЛГИ,11950,12893
2025-11-12 00:00,2025-11-12,0,600000,ОЭС СР. ВОЛГИ,11498,12506
2025-11-12 01:00,2025-11-12,1,600000,ОЭС СР. ВОЛГИ,11904,12164
2025-11-12 02:00,2025-11-12,2,600000,ОЭС СР. ВОЛГИ,11300,12178
2025-11-12 03:00,2025-11-12,3,600000,ОЭС СР. ВОЛГИ,11259,12030
2025-11-12 04:00,2025-11-12,4,600000,ОЭС СР. ВОЛГИ,11385,12065
2025-11-12 05:00,2025-11-12,5,600000,ОЭС СР. ВОЛГИ,12118,12467
2025-11-12 06:00,2025-11-12,6,600000,ОЭС СР. ВОЛГИ,12270,13292
2025-11-12 07:00,2025-11-12,7,600000,ОЭС СР. ВОЛГИ,12514,14162
2025-11-12 08:00,2025-11-12,8,600000,ОЭС СР. ВОЛГИ,13462,14862
2025-11-12 09:00,2025-11-12,9,600000,ОЭС СР. ВОЛГИ,14591,15158
2025-11-12 10:00,2025-11-12,10,600000,ОЭС СР. ВОЛГИ,15691,15422
2025-11-12 11:00,2025-11-12,11,600000,ОЭС СР. ВОЛГИ,15644,15121
2025-11-12 12:00,2025-11-12,12,600000,ОЭС СР. ВОЛГИ,15764,15229
2025-11-12 13:00,2025-11-12,13,600000,ОЭС СР. ВОЛГИ,15829,15299
2025-11-12 14:00,2025-11-12,14,600000,ОЭС СР. ВОЛГИ,15775,15128
2025-11-12 15:00,2025-11-12,15,600000,ОЭС СР. ВОЛГИ,15714,15134
2025-11-12 16:00,2025-11-12,16,600000,ОЭС СР. ВОЛГИ,15907,15119
2025-11-12 17:00,2025-11-12,17,600000,ОЭС СР. ВОЛГИ,15909,15252
2025-11-12 18:00,2025-11-12,18,600000,ОЭС СР. ВОЛГИ,15507,15190
2025-11-12 19:00,2025-11-12,19,600000,ОЭС СР. ВОЛГИ,15028,14820
2025-11-12 20:00,2025-11-12,20,600000,ОЭС СР. ВОЛГИ,14212,14403
2025-11-12 21:00,2025-11-12,21,600000,ОЭС СР. ВОЛГИ,13397,14281
2025-11-12 22:00,2025-11-12,22,600000,ОЭС СР. ВОЛГИ,12461,13754
2025-11-12 23:00,2025-11-12,23,600000,ОЭС СР. ВОЛГИ,12260,13247
2025-11-13 00:00,2025-11-13,0,600000,ОЭС СР. ВОЛГИ,11935,12745
2025-11-13 01:00,2025-11-13,1,600000,ОЭС СР. ВОЛГИ,11781,12453
2025-11-13 02:00,2025-11-13,2,600000,ОЭС СР. ВОЛГИ,12037,12282
2025-11-13 03:00,2025-11-13,3,600000,ОЭС СР. ВОЛГИ,11766,12416
2025-11-13 04:00,2025-11-13,4,600000,ОЭС СР. ВОЛГИ,11998,12493
2025-11-13 05:00,2025-11-13,5,600000,ОЭС СР. ВОЛГИ,12090,12722
2025-11-13 06:00,2025-11-13,6,600000,ОЭС СР. ВОЛГИ,13172,13306
2025-11-13 07:00,2025-11-13,7,600000,ОЭС СР. ВОЛГИ,13837,14270
2025-11-13 08:00,2025-11-13,8,600000,ОЭС СР. ВОЛГИ,14829,15042
2025-11-13 09:00,2025-11-13,9,600000,ОЭС СР. ВОЛГИ,15976,15389
2025-11-13 10:00,2025-11-13,10,600000,ОЭС СР. ВОЛГИ,15780,15539
2025-11-13 11:00,2025-11-13,11,600000,ОЭС СР. ВОЛГИ,15666,15504
2025-11-13 12:00,2025-11-13,12,600000,ОЭС СР. ВОЛГИ,15071,15282
2025-11-13 13:00,2025-11-13,13,600000,ОЭС СР. ВОЛГИ,15585,15446
2025-11-13 14:00,2025-11-13,14,600000,ОЭС СР. ВОЛГИ,15414,15394
2025-11-13 15:00,2025-11-13,15,600000,ОЭС СР. ВОЛГИ,15124,15250
2025-11-13 16:00,2025-11-13,16,600000,ОЭС СР. ВОЛГИ,14741,15344
2025-11-13 17:00,2025-11-13,17,600000,ОЭС СР. ВОЛГИ,15326,15296
2025-11-13 18:00,2025-11-13,18,600000,ОЭС СР. ВОЛГИ,15137,15111
2025-11-13 19:00,2025-11-13,19,600000,ОЭС СР. ВОЛГИ,14484,14698
2025-11-13 20:00,2025-11-13,20,600000,ОЭС СР. ВОЛГИ,13737,14652
2025-11-13 21:00,2025-11-13,21,600000,ОЭС СР. ВОЛГИ,13932,14056
2025-11-13 22:00,2025-11-13,22,600000,ОЭС СР. ВОЛГИ,13102,13616
2025-11-13 23:00,2025-11-13,23,600000,ОЭС СР. ВОЛГИ,13080,12953
2025-11-14 00:00,2025-11-14,0,600000,ОЭС СР. ВОЛГИ,13456,12660
2025-11-14 01:00,2025-11-14,1,600000,ОЭС СР. ВОЛГИ,12879,12414
2025-11-14 02:00,2025-11-14,2,600000,ОЭС СР. ВОЛГИ,12399,12245
2025-11-14 03:00,2025-11-14,3,600000,ОЭС СР. ВОЛГИ,11944,12186
2025-11-14 04:00,2025-11-14,4,600000,ОЭС СР. ВОЛГИ,12002,12189
2025-11-14 05:00,2025-11-14,5,600000,ОЭС СР. ВОЛГИ,12346,12720
2025-11-14 06:00,2025-11-14,6,600000,ОЭС СР. ВОЛГИ,12681,13057
2025-11-14 07:00,2025-11-14,7,600000,ОЭС СР. ВОЛГИ,13050,14064
2025-11-14 08:00,2025-11-14,8,600000,ОЭС СР. ВОЛГИ,13999,14610
2025-11-14 09:00,2025-11-14,9,600000,ОЭС СР. ВОЛГИ,14580,15054
2025-11-14 10:00,2025-11-14,10,600000,ОЭС СР. ВОЛГИ,15071,15086
2025-11-14 11:00,2025-11-14,11,600000,ОЭС СР. ВОЛГИ,14971,15069
2025-11-14 12:00,2025-11-14,12,600000,ОЭС СР. ВОЛГИ,15450,15235
2025-11-14 13:00,2025-11-14,13,600000,ОЭС СР. ВОЛГИ,15364,15173
2025-11-14 14:00,2025-11-14,14,600000,ОЭС СР. ВОЛГИ,15038,15027
2025-11-14 15:00,2025-11-14,15,600000,ОЭС СР. ВОЛГИ,15344,14954
2025-11-14 16:00,2025-11-14,16,600000,ОЭС СР. ВОЛГИ,15589,15064
2025-11-14 17:00,2025-11-14,17,600000,ОЭС СР. ВОЛГИ,15836,15101
2025-11-14 18:00,2025-11-14,18,600000,ОЭС СР. ВОЛГИ,15379,14920
2025-11-14 19:00,2025-11-14,19,600000,ОЭС СР. ВОЛГИ,14931,14581
2025-11-14 20:00,2025-11-14,20,600000,ОЭС СР. ВОЛГИ,14062,14460
2025-11-14 21:00,2025-11-14,21,600000,ОЭС СР. ВОЛГИ,13199,14057
2025-11-14 22:00,2025-11-14,22,600000,ОЭС СР. ВОЛГИ,12874,13714
2025-11-14 23:00,2025-11-14,23,600000,ОЭС СР. ВОЛГИ,12813,13116
2025-11-15 00:00,2025-11-15,0,600000,ОЭС СР. ВОЛГИ,13565,12676
2025-11-15 01:00,2025-11-15,1,600000,ОЭС СР. ВОЛГИ,12620,12365
2025-11-15 02:00,2025-11-15,2,600000,ОЭС СР. ВОЛГИ,12544,12282
2025-11-15 03:00,2025-11-15,3,600000,ОЭС СР. ВОЛГИ,12232,12244
2025-11-15 04:00,2025-11-15,4,600000,ОЭС СР. ВОЛГИ,12334,12129
2025-11-15 05:00,2025-11-15,5,600000,ОЭС СР. ВОЛГИ,12184,12240
2025-11-15 06:00,2025-11-15,6,600000,ОЭС СР. ВОЛГИ,12320,12602
2025-11-15 07:00,2025-11-15,7,600000,ОЭС СР. ВОЛГИ,12634,13036
2025-11-15 08:00,2025-11-15,8,600000,ОЭС СР. ВОЛГИ,12666,13750
2025-11-15 09:00,2025-11-15,9,600000,ОЭС СР. ВОЛГИ,13570,14195
2025-11-15 10:00,2025-11-15,10,600000,ОЭС СР. ВОЛГИ,14347,14595
2025-11-15 11:00,2025-11-15,11,600000,ОЭС СР. ВОЛГИ,14118,14331
2025-11-15 12:00,2025-11-15,12,600000,ОЭС СР. ВОЛГИ,14382,14444
2025-11-15 13:00,2025-11-15,13,600000,ОЭС СР. ВОЛГИ,14196,14493
2025-11-15 14:00,2025-11-15,14,600000,ОЭС СР. ВОЛГИ,14209,14266
2025-11-15 15:00,2025-11-15,15,600000,ОЭС СР. ВОЛГИ,14707,14243
2025-11-15 16:00,2025-11-15,16,600000,ОЭС СР. ВОЛГИ,15152,14632
2025-11-15 17:00,2025-11-15,17,600000,ОЭС СР. ВОЛГИ,15349,14701
2025-11-15 18:00,2025-11-15,18,600000,ОЭС СР. ВОЛГИ,14625,14525
2025-11-15 19:00,2025-11-15,19,600000,ОЭС СР. ВОЛГИ,14235,14211
2025-11-15 20:00,2025-11-15,20,600000,ОЭС СР. ВОЛГИ,13754,13999
2025-11-15 21:00,2025-11-15,21,600000,ОЭС СР. ВОЛГИ,13559,13700
2025-11-15 22:00,2025-11-15,22,600000,ОЭС СР. ВОЛГИ,12595,13382
2025-11-15 23:00,2025-11-15,23,600000,ОЭС СР. ВОЛГИ,12405,12854
2025-11-16 00:00,2025-11-16,0,600000,ОЭС СР. ВОЛГИ,12090,12336
2025-11-16 01:00,2025-11-16,1,600000,ОЭС СР. ВОЛГИ,12219,12215
2025-11-16 02:00,2025-11-16,2,600000,ОЭС СР. ВОЛГИ,11971,12044
2025-11-16 03:00,2025-11-16,3,600000,ОЭС СР. ВОЛГИ,12043,11911
2025-11-16 04:00,2025-11-16,4,600000,ОЭС СР. ВОЛГИ,12045,11938
2025-11-16 05:00,2025-11-16,5,600000,ОЭС СР. ВОЛГИ,12059,12037
2025-11-16 06:00,2025-11-16,6,600000,ОЭС СР. ВОЛГИ,12465,12392
2025-11-16 07:00,2025-11-16,7,600000,ОЭС СР. ВОЛГИ,11889,12607
2025-11-16 08:00,2025-11-16,8,600000,ОЭС СР. ВОЛГИ,12043,13050
2025-11-16 09:00,2025-11-16,9,600000,ОЭС СР. ВОЛГИ,13446,13656
2025-11-16 10:00,2025-11-16,10,600000,ОЭС СР. ВОЛГИ,13640,13995
2025-11-16 11:00,2025-11-16,11,600000,ОЭС СР. ВОЛГИ,13789,13945
2025-11-16 12:00,2025-11-16,12,600000,ОЭС СР. ВОЛГИ,13830,14016
2025-11-16 13:00,2025-11-16,13,600000,ОЭС СР. ВОЛГИ,13963,14013
2025-11-16 14:00,2025-11-16,14,600000,ОЭС СР. ВОЛГИ,14118,13959
2025-11-16 15:00,2025-11-16,15,600000,ОЭС СР. ВОЛГИ,14128,13901
2025-11-16 16:00,2025-11-16,16,600000,ОЭС СР. ВОЛГИ,14210,14282
2025-11-16 17:00,2025-11-16,17,600000,ОЭС СР. ВОЛГИ,14726,14706
2025-11-16 18:00,2025-11-16,18,600000,ОЭС СР. ВОЛГИ,14993,14601
2025-11-16 19:00,2025-11-16,19,600000,ОЭС СР. ВОЛГИ,14212,14230
2025-11-16 20:00,2025-11-16,20,600000,ОЭС СР. ВОЛГИ,13195,14246
2025-11-16 21:00,2025-11-16,21,600000,ОЭС СР. ВОЛГИ,13121,13896
2025-11-16 22:00,2025-11-16,22,600000,ОЭС СР. ВОЛГИ,12443,13505
2025-11-16 23:00,2025-11-16,23,600000,ОЭС СР. ВОЛГИ,12327,12862
2025-11-17 00:00,2025-11-17,0,600000,ОЭС СР. ВОЛГИ,12195,12414
2025-11-17 01:00,2025-11-17,1,600000,ОЭС СР. ВОЛГИ,12015,12164
2025-11-17 02:00,2025-11-17,2,600000,ОЭС СР. ВОЛГИ,12037,12125
2025-11-17 03:00,2025-11-17,3,600000,ОЭС СР. ВОЛГИ,12158,12064
2025-11-17 04:00,2025-11-17,4,600000,ОЭС СР. ВОЛГИ,12254,12219
2025-11-17 05:00,2025-11-17,5,600000,ОЭС СР. ВОЛГИ,12413,12613
2025-11-17 06:00,2025-11-17,6,600000,ОЭС СР. ВОЛГИ,12674,13235
2025-11-17 07:00,2025-11-17,7,600000,ОЭС СР. ВОЛГИ,13302,14271
2025-11-17 08:00,2025-11-17,8,600000,ОЭС СР. ВОЛГИ,13993,15027
2025-11-17 09:00,2025-11-17,9,600000,ОЭС СР. ВОЛГИ,15110,15569
2025-11-17 10:00,2025-11-17,10,600000,ОЭС СР. ВОЛГИ,15097,15725
2025-11-17 11:00,2025-11-17,11,600000,ОЭС СР. ВОЛГИ,15690,15566
2025-11-17 12:00,2025-11-17,12,600000,ОЭС СР. ВОЛГИ,16096,15735
2025-11-17 13:00,2025-11-17,13,600000,ОЭС СР. ВОЛГИ,15844,15739
2025-11-17 14:00,2025-11-17,14,600000,ОЭС СР. ВОЛГИ,15794,15542
2025-11-17 15:00,2025-11-17,15,600000,ОЭС СР. ВОЛГИ,15788,15628
2025-11-17 16:00,2025-11-17,16,600000,ОЭС СР. ВОЛГИ,16122,15456
2025-11-17 17:00,2025-11-17,17,600000,ОЭС СР. ВОЛГИ,15877,15697
2025-11-17 18:00,2025-11-17,18,600000,ОЭС СР. ВОЛГИ,15751,15501
2025-11-17 19:00,2025-11-17,19,600000,ОЭС СР. ВОЛГИ,15195,15114
2025-11-17 20:00,2025-11-17,20,600000,ОЭС СР. ВОЛГИ,14701,14762
2025-11-17 21:00,2025-11-17,21,600000,ОЭС СР. ВОЛГИ,13948,14556
2025-11-17 22:00,2025-11-17,22,600000,ОЭС СР. ВОЛГИ,13748,14008
2025-11-17 23:00,2025-11-17,23,600000,ОЭС СР. ВОЛГИ,13448,13169
2025-11-18 00:00,2025-11-18,0,600000,ОЭС СР. ВОЛГИ,12909,12764
2025-11-18 01:00,2025-11-18,1,600000,ОЭС СР. ВОЛГИ,12653,12607
2025-11-18 02:00,2025-11-18,2,600000,ОЭС СР. ВОЛГИ,12512,12514
2025-11-18 03:00,2025-11-18,3,600000,ОЭС СР. ВОЛГИ,12402,12433
2025-11-18 04:00,2025-11-18,4,600000,ОЭС СР. ВОЛГИ,12211,12506
2025-11-18 05:00,2025-11-18,5,600000,ОЭС СР. ВОЛГИ,12061,12708
2025-11-18 06:00,2025-11-18,6,600000,ОЭС СР. ВОЛГИ,12427,13433
2025-11-18 07:00,2025-11-18,7,600000,ОЭС СР. ВОЛГИ,13021,14201
2025-11-18 08:00,2025-11-18,8,600000,ОЭС СР. ВОЛГИ,13624,15001
2025-11-18 09:00,2025-11-18,9,600000,ОЭС СР. ВОЛГИ,14168,15327
2025-11-18 10:00,2025-11-18,10,600000,ОЭС СР. ВОЛГИ,15077,15411
2025-11-18 11:00,2025-11-18,11,600000,ОЭС СР. ВОЛГИ,14878,15293
2025-11-18 12:00,2025-11-18,12,600000,ОЭС СР. ВОЛГИ,14753,15261
2025-11-18 13:00,2025-11-18,13,600000,ОЭС СР. ВОЛГИ,14774,15294
2025-11-18 14:00,2025-11-18,14,600000,ОЭС СР. ВОЛГИ,15191,15219
2025-11-18 15:00,2025-11-18,15,600000,ОЭС СР. ВОЛГИ,14998,15112
2025-11-18 16:00,2025-11-18,16,600000,ОЭС СР. ВОЛГИ,15057,15187
2025-11-18 17:00,2025-11-18,17,600000,ОЭС СР. ВОЛГИ,15391,15104
2025-11-18 18:00,2025-11-18,18,600000,ОЭС СР. ВОЛГИ,15238,15046
2025-11-18 19:00,2025-11-18,19,600000,ОЭС СР. ВОЛГИ,14899,14705
2025-11-18 20:00,2025-11-18,20,600000,ОЭС СР. ВОЛГИ,14067,14474
2025-11-18 21:00,2025-11-18,21,600000,ОЭС СР. ВОЛГИ,13414,14215
2025-11-18 22:00,2025-11-18,22,600000,ОЭС СР. ВОЛГИ,13042,13623
2025-11-18 23:00,2025-11-18,23,600000,ОЭС СР. ВОЛГИ,12564,13026
2025-11-19 00:00,2025-11-19,0,600000,ОЭС СР. ВОЛГИ,12242,12523
2025-11-19 01:00,2025-11-19,1,600000,ОЭС СР. ВОЛГИ,12443,12520
2025-11-19 02:00,2025-11-19,2,600000,ОЭС СР. ВОЛГИ,12395,12285
2025-11-19 03:00,2025-11-19,3,600000,ОЭС СР. ВОЛГИ,12506,12329
2025-11-19 04:00,2025-11-19,4,600000,ОЭС СР. ВОЛГИ,12417,12253
2025-11-19 05:00,2025-11-19,5,600000,ОЭС СР. ВОЛГИ,12314,12678
2025-11-19 06:00,2025-11-19,6,600000,ОЭС СР. ВОЛГИ,12479,13522
2025-11-19 07:00,2025-11-19,7,600000,ОЭС СР. ВОЛГИ,13358,14222
2025-11-19 08:00,2025-11-19,8,600000,ОЭС СР. ВОЛГИ,13859,15101
2025-11-19 09:00,2025-11-19,9,600000,ОЭС СР. ВОЛГИ,14727,15444
2025-11-19 10:00,2025-11-19,10,600000,ОЭС СР. ВОЛГИ,15221,15571
2025-11-19 11:00,2025-11-19,11,600000,ОЭС СР. ВОЛГИ,14848,15432
2025-11-19 12:00,2025-11-19,12,600000,ОЭС СР. ВОЛГИ,14686,15193
2025-11-19 13:00,2025-11-19,13,600000,ОЭС СР. ВОЛГИ,15079,15345
2025-11-19 14:00,2025-11-19,14,600000,ОЭС СР. ВОЛГИ,14923,15380
2025-11-19 15:00,2025-11-19,15,600000,ОЭС СР. ВОЛГИ,15173,15202
2025-11-19 16:00,2025-11-19,16,600000,ОЭС СР. ВОЛГИ,15243,15529
2025-11-19 17:00,2025-11-19,17,600000,ОЭС СР. ВОЛГИ,15588,15505
2025-11-19 18:00,2025-11-19,18,600000,ОЭС СР. ВОЛГИ,15338,15255
2025-11-19 19:00,2025-11-19,19,600000,ОЭС СР. ВОЛГИ,14946,14917
2025-11-19 20:00,2025-11-19,20,600000,ОЭС СР. ВОЛГИ,14326,14617
2025-11-19 21:00,2025-11-19,21,600000,ОЭС СР. ВОЛГИ,13777,14376
2025-11-19 22:00,2025-11-19,22,600000,ОЭС СР. ВОЛГИ,13761,13771
2025-11-19 23:00,2025-11-19,23,600000,ОЭС СР. ВОЛГИ,13221,13143
2025-11-20 00:00,2025-11-20,0,600000,ОЭС СР. ВОЛГИ,13169,12727
2025-11-20 01:00,2025-11-20,1,600000,ОЭС СР. ВОЛГИ,12763,12582
2025-11-20 02:00,2025-11-20,2,600000,ОЭС СР. ВОЛГИ,12606,12346
2025-11-20 03:00,2025-11-20,3,600000,ОЭС СР. ВОЛГИ,12694,12200
2025-11-20 04:00,2025-11-20,4,600000,ОЭС СР. ВОЛГИ,12371,12302
2025-11-20 05:00,2025-11-20,5,600000,ОЭС СР. ВОЛГИ,12844,12800
2025-11-20 06:00,2025-11-20,6,600000,ОЭС СР. ВОЛГИ,12635,13455
2025-11-20 07:00,2025-11-20,7,600000,ОЭС СР. ВОЛГИ,13172,14529
2025-11-20 08:00,2025-11-20,8,600000,ОЭС СР. ВОЛГИ,13721,15029
2025-11-20 09:00,2025-11-20,9,600000,ОЭС СР. ВОЛГИ,14880,15455
2025-11-20 10:00,2025-11-20,10,600000,ОЭС СР. ВОЛГИ,15025,15431
2025-11-20 11:00,2025-11-20,11,600000,ОЭС СР. ВОЛГИ,15226,15405
2025-11-20 12:00,2025-11-20,12,600000,ОЭС СР. ВОЛГИ,14972,15186
2025-11-20 13:00,2025-11-20,13,600000,ОЭС СР. ВОЛГИ,15191,15441
2025-11-20 14:00,2025-11-20,14,600000,ОЭС СР. ВОЛГИ,14854,15327
2025-11-20 15:00,2025-11-20,15,600000,ОЭС СР. ВОЛГИ,14913,15211
2025-11-20 16:00,2025-11-20,16,600000,ОЭС СР. ВОЛГИ,15377,15453
2025-11-20 17:00,2025-11-20,17,600000,ОЭС СР. ВОЛГИ,15932,15505
2025-11-20 18:00,2025-11-20,18,600000,ОЭС СР. ВОЛГИ,15204,15305
2025-11-20 19:00,2025-11-20,19,600000,ОЭС СР. ВОЛГИ,14389,14846
2025-11-20 20:00,2025-11-20,20,600000,ОЭС СР. ВОЛГИ,13968,14721
2025-11-20 21:00,2025-11-20,21,600000,ОЭС СР. ВОЛГИ,13523,14312
2025-11-20 22:00,2025-11-20,22,600000,ОЭС СР. ВОЛГИ,13771,13926
2025-11-20 23:00,2025-11-20,23,600000,ОЭС СР. ВОЛГИ,13020,13228
2025-11-21 00:00,2025-11-21,0,600000,ОЭС СР. ВОЛГИ,12932,12841
2025-11-21 01:00,2025-11-21,1,600000,ОЭС СР. ВОЛГИ,12639,12592
2025-11-21 02:00,2025-11-21,2,600000,ОЭС СР. ВОЛГИ,12299,12311
2025-11-21 03:00,2025-11-21,3,600000,ОЭС СР. ВОЛГИ,12630,12497
2025-11-21 04:00,2025-11-21,4,600000,ОЭС СР. ВОЛГИ,12931,12516
2025-11-21 05:00,2025-11-21,5,600000,ОЭС СР. ВОЛГИ,12897,12847
2025-11-21 06:00,2025-11-21,6,600000,ОЭС СР. ВОЛГИ,13331,13695
2025-11-21 07:00,2025-11-21,7,600000,ОЭС СР. ВОЛГИ,13215,14555
2025-11-21 08:00,2025-11-21,8,600000,ОЭС СР. ВОЛГИ,14446,15215
2025-11-21 09:00,2025-11-21,9,600000,ОЭС СР. ВОЛГИ,14725,15734
2025-11-21 10:00,2025-11-21,10,600000,ОЭС СР. ВОЛГИ,15537,15708
2025-11-21 11:00,2025-11-21,11,600000,ОЭС СР. ВОЛГИ,15632,15700
2025-11-21 12:00,2025-11-21,12,600000,ОЭС СР. ВОЛГИ,15360,15503
2025-11-21 13:00,2025-11-21,13,600000,ОЭС СР. ВОЛГИ,15301,15683
2025-11-21 14:00,2025-11-21,14,600000,ОЭС СР. ВОЛГИ,15602,15590
2025-11-21 15:00,2025-11-21,15,600000,ОЭС СР. ВОЛГИ,15333,15576
2025-11-21 16:00,2025-11-21,16,600000,ОЭС СР. ВОЛГИ,15779,15801
2025-11-21 17:00,2025-11-21,17,600000,ОЭС СР. ВОЛГИ,15733,15543
2025-11-21 18:00,2025-11-21,18,600000,ОЭС СР. ВОЛГИ,15316,15349
2025-11-21 19:00,2025-11-21,19,600000,ОЭС СР. ВОЛГИ,14882,15062
2025-11-21 20:00,2025-11-21,20,600000,ОЭС СР. ВОЛГИ,14180,14708
2025-11-21 21:00,2025-11-21,21,600000,ОЭС СР. ВОЛГИ,13723,14467
2025-11-21 22:00,2025-11-21,22,600000,ОЭС СР. ВОЛГИ,13037,14056
2025-11-21 23:00,2025-11-21,23,600000,ОЭС СР. ВОЛГИ,12763,13490
2025-11-22 00:00,2025-11-22,0,600000,ОЭС СР. ВОЛГИ,12927,12926
2025-11-22 01:00,2025-11-22,1,600000,ОЭС СР. ВОЛГИ,12428,12729
2025-11-22 02:00,2025-11-22,2,600000,ОЭС СР. ВОЛГИ,11704,12659
2025-11-22 03:00,2025-11-22,3,600000,ОЭС СР. ВОЛГИ,11471,12340
2025-11-22 04:00,2025-11-22,4,600000,ОЭС СР. ВОЛГИ,11668,12399
2025-11-22 05:00,2025-11-22,5,600000,ОЭС СР. ВОЛГИ,11939,12638
2025-11-22 06:00,2025-11-22,6,600000,ОЭС СР. ВОЛГИ,11849,12841
2025-11-22 07:00,2025-11-22,7,600000,ОЭС СР. ВОЛГИ,11738,13408
2025-11-22 08:00,2025-11-22,8,600000,ОЭС СР. ВОЛГИ,12769,14000
2025-11-22 09:00,2025-11-22,9,600000,ОЭС СР. ВОЛГИ,13463,14355
2025-11-22 10:00,2025-11-22,10,600000,ОЭС СР. ВОЛГИ,13882,14660
2025-11-22 11:00,2025-11-22,11,600000,ОЭС СР. ВОЛГИ,14308,14875
2025-11-22 12:00,2025-11-22,12,600000,ОЭС СР. ВОЛГИ,14251,14849
2025-11-22 13:00,2025-11-22,13,600000,ОЭС СР. ВОЛГИ,14652,14740
2025-11-22 14:00,2025-11-22,14,600000,ОЭС СР. ВОЛГИ,14896,14818
2025-11-22 15:00,2025-11-22,15,600000,ОЭС СР. ВОЛГИ,15029,14881
2025-11-22 16:00,2025-11-22,16,600000,ОЭС СР. ВОЛГИ,15239,14964
2025-11-22 17:00,2025-11-22,17,600000,ОЭС СР. ВОЛГИ,15756,15108
2025-11-22 18:00,2025-11-22,18,600000,ОЭС СР. ВОЛГИ,15422,14837
2025-11-22 19:00,2025-11-22,19,600000,ОЭС СР. ВОЛГИ,14605,14560
2025-11-22 20:00,2025-11-22,20,600000,ОЭС СР. ВОЛГИ,13882,14310
2025-11-22 21:00,2025-11-22,21,600000,ОЭС СР. ВОЛГИ,13526,13822
2025-11-22 22:00,2025-11-22,22,600000,ОЭС СР. ВОЛГИ,12649,13633
2025-11-22 23:00,2025-11-22,23,600000,ОЭС СР. ВОЛГИ,12093,12848
2025-11-23 00:00,2025-11-23,0,600000,ОЭС СР. ВОЛГИ,12051,12787
2025-11-23 01:00,2025-11-23,1,600000,ОЭС СР. ВОЛГИ,12269,12518
2025-11-23 02:00,2025-11-23,2,600000,ОЭС СР. ВОЛГИ,11733,12383
2025-11-23 03:00,2025-11-23,3,600000,ОЭС СР. ВОЛГИ,11953,12232
2025-11-23 04:00,2025-11-23,4,600000,ОЭС СР. ВОЛГИ,12009,12200
2025-11-23 05:00,2025-11-23,5,600000,ОЭС СР. ВОЛГИ,11868,12271
2025-11-23 06:00,2025-11-23,6,600000,ОЭС СР. ВОЛГИ,12175,12544
2025-11-23 07:00,2025-11-23,7,600000,ОЭС СР. ВОЛГИ,12125,12818
2025-11-23 08:00,2025-11-23,8,600000,ОЭС СР. ВОЛГИ,12488,13307
2025-11-23 09:00,2025-11-23,9,600000,ОЭС СР. ВОЛГИ,13258,13717
2025-11-23 10:00,2025-11-23,10,600000,ОЭС СР. ВОЛГИ,13787,13940
2025-11-23 11:00,2025-11-23,11,600000,ОЭС СР. ВОЛГИ,14429,14294
2025-11-23 12:00,2025-11-23,12,600000,ОЭС СР. ВОЛГИ,14248,14262
2025-11-23 13:00,2025-11-23,13,600000,ОЭС СР. ВОЛГИ,14330,14238
2025-11-23 14:00,2025-11-23,14,600000,ОЭС СР. ВОЛГИ,14655,14243
2025-11-23 15:00,2025-11-23,15,600000,ОЭС СР. ВОЛГИ,14521,14288
2025-11-23 16:00,2025-11-23,16,600000,ОЭС СР. ВОЛГИ,15267,14582
2025-11-23 17:00,2025-11-23,17,600000,ОЭС СР. ВОЛГИ,16531,14790
2025-11-23 18:00,2025-11-23,18,600000,ОЭС СР. ВОЛГИ,15755,14717
2025-11-23 19:00,2025-11-23,19,600000,ОЭС СР. ВОЛГИ,15450,14347
2025-11-23 20:00,2025-11-23,20,600000,ОЭС СР. ВОЛГИ,14070,14171
2025-11-23 21:00,2025-11-23,21,600000,ОЭС СР. ВОЛГИ,13619,13986
2025-11-23 22:00,2025-11-23,22,600000,ОЭС СР. ВОЛГИ,12648,13377
2025-11-23 23:00,2025-11-23,23,600000,ОЭС СР. ВОЛГИ,12576,12846
2025-11-24 00:00,2025-11-24,0,600000,ОЭС СР. ВОЛГИ,12891,12490
2025-11-24 01:00,2025-11-24,1,600000,ОЭС СР. ВОЛГИ,12190,12283
2025-11-24 02:00,2025-11-24,2,600000,ОЭС СР. ВОЛГИ,11920,12217
2025-11-24 03:00,2025-11-24,3,600000,ОЭС СР. ВОЛГИ,11862,12293
2025-11-24 04:00,2025-11-24,4,600000,ОЭС СР. ВОЛГИ,12044,12294
2025-11-24 05:00,2025-11-24,5,600000,ОЭС СР. ВОЛГИ,12821,12689
2025-11-24 06:00,2025-11-24,6,600000,ОЭС СР. ВОЛГИ,12759,13416
2025-11-24 07:00,2025-11-24,7,600000,ОЭС СР. ВОЛГИ,13837,14432
2025-11-24 08:00,2025-11-24,8,600000,ОЭС СР. ВОЛГИ,15251,15106
2025-11-24 09:00,2025-11-24,9,600000,ОЭС СР. ВОЛГИ,16463,15628
2025-11-24 10:00,2025-11-24,10,600000,ОЭС СР. ВОЛГИ,16883,15735
2025-11-24 11:00,2025-11-24,11,600000,ОЭС СР. ВОЛГИ,16570,15512
2025-11-24 12:00,2025-11-24,12,600000,ОЭС СР. ВОЛГИ,16762,15551
2025-11-24 13:00,2025-11-24,13,600000,ОЭС СР. ВОЛГИ,16583,15704
2025-11-24 14:00,2025-11-24,14,600000,ОЭС СР. ВОЛГИ,17046,15630
2025-11-24 15:00,2025-11-24,15,600000,ОЭС СР. ВОЛГИ,16870,15635
2025-11-24 16:00,2025-11-24,16,600000,ОЭС СР. ВОЛГИ,16978,15678
2025-11-24 17:00,2025-11-24,17,600000,ОЭС СР. ВОЛГИ,16655,15490
2025-11-24 18:00,2025-11-24,18,600000,ОЭС СР. ВОЛГИ,16244,15282
2025-11-24 19:00,2025-11-24,19,600000,ОЭС СР. ВОЛГИ,15492,14790
2025-11-24 20:00,2025-11-24,20,600000,ОЭС СР. ВОЛГИ,14561,14681
2025-11-24 21:00,2025-11-24,21,600000,ОЭС СР. ВОЛГИ,14422,14288
2025-11-24 22:00,2025-11-24,22,600000,ОЭС СР. ВОЛГИ,14427,13832
2025-11-24 23:00,2025-11-24,23,600000,ОЭС СР. ВОЛГИ,14201,13147
2025-11-25 00:00,2025-11-25,0,600000,ОЭС СР. ВОЛГИ,13658,12678
2025-11-25 01:00,2025-11-25,1,600000,ОЭС СР. ВОЛГИ,12910,12610
2025-11-25 02:00,2025-11-25,2,600000,ОЭС СР. ВОЛГИ,12852,12292
2025-11-25 03:00,2025-11-25,3,600000,ОЭС СР. ВОЛГИ,12574,12427
2025-11-25 04:00,2025-11-25,4,600000,ОЭС СР. ВОЛГИ,13005,12346
2025-11-25 05:00,2025-11-25,5,600000,ОЭС СР. ВОЛГИ,13360,12560
2025-11-25 06:00,2025-11-25,6,600000,ОЭС СР. ВОЛГИ,13312,13364
2025-11-25 07:00,2025-11-25,7,600000,ОЭС СР. ВОЛГИ,14320,14486
2025-11-25 08:00,2025-11-25,8,600000,ОЭС СР. ВОЛГИ,15380,15061
2025-11-25 09:00,2025-11-25,9,600000,ОЭС СР. ВОЛГИ,15307,15605
2025-11-25 10:00,2025-11-25,10,600000,ОЭС СР. ВОЛГИ,15576,15540
2025-11-25 11:00,2025-11-25,11,600000,ОЭС СР. ВОЛГИ,15340,15405
2025-11-25 12:00,2025-11-25,12,600000,ОЭС СР. ВОЛГИ,15868,15302
2025-11-25 13:00,2025-11-25,13,600000,ОЭС СР. ВОЛГИ,15560,15388
2025-11-25 14:00,2025-11-25,14,600000,ОЭС СР. ВОЛГИ,16245,15341
2025-11-25 15:00,2025-11-25,15,600000,ОЭС СР. ВОЛГИ,15718,15366
2025-11-25 16:00,2025-11-25,16,600000,ОЭС СР. ВОЛГИ,16221,15485
2025-11-25 17:00,2025-11-25,17,600000,ОЭС СР. ВОЛГИ,15809,15313
2025-11-25 18:00,2025-11-25,18,600000,ОЭС СР. ВОЛГИ,16036,15130
2025-11-25 19:00,2025-11-25,19,600000,ОЭС СР. ВОЛГИ,15602,14842
2025-11-25 20:00,2025-11-25,20,600000,ОЭС СР. ВОЛГИ,14659,14575
2025-11-25 21:00,2025-11-25,21,600000,ОЭС СР. ВОЛГИ,15009,14434
2025-11-25 22:00,2025-11-25,22,600000,ОЭС СР. ВОЛГИ,13400,13876
2025-11-25 23:00,2025-11-25,23,600000,ОЭС СР. ВОЛГИ,13796,13305
2025-11-26 00:00,2025-11-26,0,600000,ОЭС СР. ВОЛГИ,13397,12693
2025-11-26 01:00,2025-11-26,1,600000,ОЭС СР. ВОЛГИ,13086,12523
2025-11-26 02:00,2025-11-26,2,600000,ОЭС СР. ВОЛГИ,13381,12286
2025-11-26 03:00,2025-11-26,3,600000,ОЭС СР. ВОЛГИ,13248,12423
2025-11-26 04:00,2025-11-26,4,600000,ОЭС СР. ВОЛГИ,13279,12456
2025-11-26 05:00,2025-11-26,5,600000,ОЭС СР. ВОЛГИ,13202,12885
2025-11-26 06:00,2025-11-26,6,600000,ОЭС СР. ВОЛГИ,13314,13635
2025-11-26 07:00,2025-11-26,7,600000,ОЭС СР. ВОЛГИ,14028,14398
2025-11-26 08:00,2025-11-26,8,600000,ОЭС СР. ВОЛГИ,14862,15258
2025-11-26 09:00,2025-11-26,9,600000,ОЭС СР. ВОЛГИ,15730,15709
2025-11-26 10:00,2025-11-26,10,600000,ОЭС СР. ВОЛГИ,15722,15647
2025-11-26 11:00,2025-11-26,11,600000,ОЭС СР. ВОЛГИ,15753,15528
2025-11-26 12:00,2025-11-26,12,600000,ОЭС СР. ВОЛГИ,16128,15477
2025-11-26 13:00,2025-11-26,13,600000,ОЭС СР. ВОЛГИ,16221,15572
2025-11-26 14:00,2025-11-26,14,600000,ОЭС СР. ВОЛГИ,16633,15452
2025-11-26 15:00,2025-11-26,15,600000,ОЭС СР. ВОЛГИ,16622,15388
2025-11-26 16:00,2025-11-26,16,600000,ОЭС СР. ВОЛГИ,16588,15614
2025-11-26 17:00,2025-11-26,17,600000,ОЭС СР. ВОЛГИ,16724,15612
2025-11-26 18:00,2025-11-26,18,600000,ОЭС СР. ВОЛГИ,16080,15303
2025-11-26 19:00,2025-11-26,19,600000,ОЭС СР. ВОЛГИ,15704,15033
2025-11-26 20:00,2025-11-26,20,600000,ОЭС СР. ВОЛГИ,15133,14784
2025-11-26 21:00,2025-11-26,21,600000,ОЭС СР. ВОЛГИ,14174,14416
2025-11-26 22:00,2025-11-26,22,600000,ОЭС СР. ВОЛГИ,13499,13715
2025-11-26 23:00,2025-11-26,23,600000,ОЭС СР. ВОЛГИ,13196,13144
2025-11-27 00:00,2025-11-27,0,600000,ОЭС СР. ВОЛГИ,13049,12700
2025-11-27 01:00,2025-11-27,1,600000,ОЭС СР. ВОЛГИ,12877,12505
2025-11-27 02:00,2025-11-27,2,600000,ОЭС СР. ВОЛГИ,13153,12538
2025-11-27 03:00,2025-11-27,3,600000,ОЭС СР. ВОЛГИ,13084,12391
2025-11-27 04:00,2025-11-27,4,600000,ОЭС СР. ВОЛГИ,12892,12476
2025-11-27 05:00,2025-11-27,5,600000,ОЭС СР. ВОЛГИ,12842,12806
2025-11-27 06:00,2025-11-27,6,600000,ОЭС СР. ВОЛГИ,13121,13525
2025-11-27 07:00,2025-11-27,7,600000,ОЭС СР. ВОЛГИ,14000,14393
2025-11-27 08:00,2025-11-27,8,600000,ОЭС СР. ВОЛГИ,14904,15221
2025-11-27 09:00,2025-11-27,9,600000,ОЭС СР. ВОЛГИ,15960,15457
2025-11-27 10:00,2025-11-27,10,600000,ОЭС СР. ВОЛГИ,16162,15696
2025-11-27 11:00,2025-11-27,11,600000,ОЭС СР. ВОЛГИ,15749,15530
2025-11-27 12:00,2025-11-27,12,600000,ОЭС СР. ВОЛГИ,16171,15460
2025-11-27 13:00,2025-11-27,13,600000,ОЭС СР. ВОЛГИ,16506,15474
2025-11-27 14:00,2025-11-27,14,600000,ОЭС СР. ВОЛГИ,16464,15253
2025-11-27 15:00,2025-11-27,15,600000,ОЭС СР. ВОЛГИ,16255,15327
2025-11-27 16:00,2025-11-27,16,600000,ОЭС СР. ВОЛГИ,16592,15512
2025-11-27 17:00,2025-11-27,17,600000,ОЭС СР. ВОЛГИ,16712,15359
2025-11-27 18:00,2025-11-27,18,600000,ОЭС СР. ВОЛГИ,16431,15153
2025-11-27 19:00,2025-11-27,19,600000,ОЭС СР. ВОЛГИ,15985,14840
2025-11-27 20:00,2025-11-27,20,600000,ОЭС СР. ВОЛГИ,15281,14844
2025-11-27 21:00,2025-11-27,21,600000,ОЭС СР. ВОЛГИ,14694,14442
2025-11-27 22:00,2025-11-27,22,600000,ОЭС СР. ВОЛГИ,13184,13913
2025-11-27 23:00,2025-11-27,23,600000,ОЭС СР. ВОЛГИ,13777,13305
2025-11-28 00:00,2025-11-28,0,600000,ОЭС СР. ВОЛГИ,13456,12763
2025-11-28 01:00,2025-11-28,1,600000,ОЭС СР. ВОЛГИ,13206,12566
2025-11-28 02:00,2025-11-28,2,600000,ОЭС СР. ВОЛГИ,13093,12361
2025-11-28 03:00,2025-11-28,3,600000,ОЭС СР. ВОЛГИ,12654,12196
2025-11-28 04:00,2025-11-28,4,600000,ОЭС СР. ВОЛГИ,12928,12399
2025-11-28 05:00,2025-11-28,5,600000,ОЭС СР. ВОЛГИ,12879,12895
2025-11-28 06:00,2025-11-28,6,600000,ОЭС СР. ВОЛГИ,13229,13584
2025-11-28 07:00,2025-11-28,7,600000,ОЭС СР. ВОЛГИ,13868,14593
2025-11-28 08:00,2025-11-28,8,600000,ОЭС СР. ВОЛГИ,15125,15292
2025-11-28 09:00,2025-11-28,9,600000,ОЭС СР. ВОЛГИ,16069,15698
2025-11-28 10:00,2025-11-28,10,600000,ОЭС СР. ВОЛГИ,16468,15635
2025-11-28 11:00,2025-11-28,11,600000,ОЭС СР. ВОЛГИ,16075,15701
2025-11-28 12:00,2025-11-28,12,600000,ОЭС СР. ВОЛГИ,16164,15478
2025-11-28 13:00,2025-11-28,13,600000,ОЭС СР. ВОЛГИ,16233,15635
2025-11-28 14:00,2025-11-28,14,600000,ОЭС СР. ВОЛГИ,16141,15391
2025-11-28 15:00,2025-11-28,15,600000,ОЭС СР. ВОЛГИ,15922,15229
2025-11-28 16:00,2025-11-28,16,600000,ОЭС СР. ВОЛГИ,16233,15415
2025-11-28 17:00,2025-11-28,17,600000,ОЭС СР. ВОЛГИ,16209,15362
2025-11-28 18:00,2025-11-28,18,600000,ОЭС СР. ВОЛГИ,15467,15101
2025-11-28 19:00,2025-11-28,19,600000,ОЭС СР. ВОЛГИ,15368,14957
2025-11-28 20:00,2025-11-28,20,600000,ОЭС СР. ВОЛГИ,14309,14689
2025-11-28 21:00,2025-11-28,21,600000,ОЭС СР. ВОЛГИ,13536,14304
2025-11-28 22:00,2025-11-28,22,600000,ОЭС СР. ВОЛГИ,13162,13770
2025-11-28 23:00,2025-11-28,23,600000,ОЭС СР. ВОЛГИ,13639,13358
2025-11-29 00:00,2025-11-29,0,600000,ОЭС СР. ВОЛГИ,12946,12915
2025-11-29 01:00,2025-11-29,1,600000,ОЭС СР. ВОЛГИ,12386,12407
2025-11-29 02:00,2025-11-29,2,600000,ОЭС СР. ВОЛГИ,12178,12425
2025-11-29 03:00,2025-11-29,3,600000,ОЭС СР. ВОЛГИ,12123,12332
2025-11-29 04:00,2025-11-29,4,600000,ОЭС СР. ВОЛГИ,12217,12250
2025-11-29 05:00,2025-11-29,5,600000,ОЭС СР. ВОЛГИ,12378,12524
2025-11-29 06:00,2025-11-29,6,600000,ОЭС СР. ВОЛГИ,12375,12906
2025-11-29 07:00,2025-11-29,7,600000,ОЭС СР. ВОЛГИ,12844,13312
2025-11-29 08:00,2025-11-29,8,600000,ОЭС СР. ВОЛГИ,12839,13818
2025-11-29 09:00,2025-11-29,9,600000,ОЭС СР. ВОЛГИ,13996,14457
2025-11-29 10:00,2025-11-29,10,600000,ОЭС СР. ВОЛГИ,14819,14471
2025-11-29 11:00,2025-11-29,11,600000,ОЭС СР. ВОЛГИ,15013,14700
2025-11-29 12:00,2025-11-29,12,600000,ОЭС СР. ВОЛГИ,14624,14498
2025-11-29 13:00,2025-11-29,13,600000,ОЭС СР. ВОЛГИ,14966,14744
2025-11-29 14:00,2025-11-29,14,600000,ОЭС СР. ВОЛГИ,14923,14714
2025-11-29 15:00,2025-11-29,15,600000,ОЭС СР. ВОЛГИ,15083,14476
2025-11-29 16:00,2025-11-29,16,600000,ОЭС СР. ВОЛГИ,15873,14863
2025-11-29 17:00,2025-11-29,17,600000,ОЭС СР. ВОЛГИ,16371,14834
2025-11-29 18:00,2025-11-29,18,600000,ОЭС СР. ВОЛГИ,15729,14785
2025-11-29 19:00,2025-11-29,19,600000,ОЭС СР. ВОЛГИ,15661,14479
2025-11-29 20:00,2025-11-29,20,600000,ОЭС СР. ВОЛГИ,14797,14208
2025-11-29 21:00,2025-11-29,21,600000,ОЭС СР. ВОЛГИ,14668,13828
2025-11-29 22:00,2025-11-29,22,600000,ОЭС СР. ВОЛГИ,13163,13362
2025-11-29 23:00,2025-11-29,23,600000,ОЭС СР. ВОЛГИ,13180,13057
2025-11-30 00:00,2025-11-30,0,600000,ОЭС СР. ВОЛГИ,12812,12596
2025-11-30 01:00,2025-11-30,1,600000,ОЭС СР. ВОЛГИ,12219,12158
2025-11-30 02:00,2025-11-30,2,600000,ОЭС СР. ВОЛГИ,12369,12147
2025-11-30 03:00,2025-11-30,3,600000,ОЭС СР. ВОЛГИ,12299,12098
2025-11-30 04:00,2025-11-30,4,600000,ОЭС СР. ВОЛГИ,12146,12132
2025-11-30 05:00,2025-11-30,5,600000,ОЭС СР. ВОЛГИ,12453,12236
2025-11-30 06:00,2025-11-30,6,600000,ОЭС СР. ВОЛГИ,12514,12286
2025-11-30 07:00,2025-11-30,7,600000,ОЭС СР. ВОЛГИ,12751,12661
2025-11-30 08:00,2025-11-30,8,600000,ОЭС СР. ВОЛГИ,12428,13181
2025-11-30 09:00,2025-11-30,9,600000,ОЭС СР. ВОЛГИ,12915,13648
2025-11-30 10:00,2025-11-30,10,600000,ОЭС СР. ВОЛГИ,13749,13838
2025-11-30 11:00,2025-11-30,11,600000,ОЭС СР. ВОЛГИ,13573,14142
2025-11-30 12:00,2025-11-30,12,600000,ОЭС СР. ВОЛГИ,13548,13997
2025-11-30 13:00,2025-11-30,13,600000,ОЭС СР. ВОЛГИ,13618,14062
2025-11-30 14:00,2025-11-30,14,600000,ОЭС СР. ВОЛГИ,13865,14146
2025-11-30 15:00,2025-11-30,15,600000,ОЭС СР. ВОЛГИ,14157,14087
2025-11-30 16:00,2025-11-30,16,600000,ОЭС СР. ВОЛГИ,14611,14438
2025-11-30 17:00,2025-11-30,17,600000,ОЭС СР. ВОЛГИ,15444,14712
2025-11-30 18:00,2025-11-30,18,600000,ОЭС СР. ВОЛГИ,15517,14548
2025-11-30 19:00,2025-11-30,19,600000,ОЭС СР. ВОЛГИ,15021,14110
2025-11-30 20:00,2025-11-30,20,600000,ОЭС СР. ВОЛГИ,14112,14010
2025-11-30 21:00,2025-11-30,21,600000,ОЭС СР. ВОЛГИ,13246,13731
2025-11-30 22:00,2025-11-30,22,600000,ОЭС СР. ВОЛГИ,12854,13320
2025-11-30 23:00,2025-11-30,23,600000,ОЭС СР. ВОЛГИ,12524,12797
2025-12-01 00:00,2025-12-01,0,600000,ОЭС СР. ВОЛГИ,12362,12198
2025-12-01 01:00,2025-12-01,1,600000,ОЭС СР. ВОЛГИ,12054,12126
2025-12-01 02:00,2025-12-01,2,600000,ОЭС СР. ВОЛГИ,12182,12000
2025-12-01 03:00,2025-12-01,3,600000,ОЭС СР. ВОЛГИ,12262,11938
2025-12-01 04:00,2025-12-01,4,600000,ОЭС СР. ВОЛГИ,12369,11995
2025-12-01 05:00,2025-12-01,5,600000,ОЭС СР. ВОЛГИ,12479,12472
2025-12-01 06:00,2025-12-01,6,600000,ОЭС СР. ВОЛГИ,12572,13212
2025-12-01 07:00,2025-12-01,7,600000,ОЭС СР. ВОЛГИ,12911,14288
2025-12-01 08:00,2025-12-01,8,600000,ОЭС СР. ВОЛГИ,13686,14915
2025-12-01 09:00,2025-12-01,9,600000,ОЭС СР. ВОЛГИ,15011,15384
2025-12-01 10:00,2025-12-01,10,600000,ОЭС СР. ВОЛГИ,15518,15451
2025-12-01 11:00,2025-12-01,11,600000,ОЭС СР. ВОЛГИ,15936,15431
2025-12-01 12:00,2025-12-01,12,600000,ОЭС СР. ВОЛГИ,15560,15440
2025-12-01 13:00,2025-12-01,13,600000,ОЭС СР. ВОЛГИ,15745,15529
2025-12-01 14:00,2025-12-01,14,600000,ОЭС СР. ВОЛГИ,15869,15449
2025-12-01 15:00,2025-12-01,15,600000,ОЭС СР. ВОЛГИ,15949,15299
2025-12-01 16:00,2025-12-01,16,600000,ОЭС СР. ВОЛГИ,16468,15536
2025-12-01 17:00,2025-12-01,17,600000,ОЭС СР. ВОЛГИ,16295,15382
2025-12-01 18:00,2025-12-01,18,600000,ОЭС СР. ВОЛГИ,15819,15195
2025-12-01 19:00,2025-12-01,19,600000,ОЭС СР. ВОЛГИ,15418,14827
2025-12-01 20:00,2025-12-01,20,600000,ОЭС СР. ВОЛГИ,14508,14661
2025-12-01 21:00,2025-12-01,21,600000,ОЭС СР. ВОЛГИ,14161,14331
2025-12-01 22:00,2025-12-01,22,600000,ОЭС СР. ВОЛГИ,13507,13680
2025-12-01 23:00,2025-12-01,23,600000,ОЭС СР. ВОЛГИ,13652,13092
2025-12-02 00:00,2025-12-02,0,600000,ОЭС СР. ВОЛГИ,12755,12777
2025-12-02 01:00,2025-12-02,1,600000,ОЭС СР. ВОЛГИ,12650,12385
2025-12-02 02:00,2025-12-02,2,600000,ОЭС СР. ВОЛГИ,12375,12377
2025-12-02 03:00,2025-12-02,3,600000,ОЭС СР. ВОЛГИ,12336,12321
2025-12-02 04:00,2025-12-02,4,600000,ОЭС СР. ВОЛГИ,12411,12377
2025-12-02 05:00,2025-12-02,5,600000,ОЭС СР. ВОЛГИ,12605,12552
2025-12-02 06:00,2025-12-02,6,600000,ОЭС СР. ВОЛГИ,12916,13408
2025-12-02 07:00,2025-12-02,7,600000,ОЭС СР. ВОЛГИ,13554,14304
2025-12-02 08:00,2025-12-02,8,600000,ОЭС СР. ВОЛГИ,14832,15060
2025-12-02 09:00,2025-12-02,9,600000,ОЭС СР. ВОЛГИ,16289,15569
2025-12-02 10:00,2025-12-02,10,600000,ОЭС СР. ВОЛГИ,16443,15567
2025-12-02 11:00,2025-12-02,11,600000,ОЭС СР. ВОЛГИ,16172,15486
2025-12-02 12:00,2025-12-02,12,600000,ОЭС СР. ВОЛГИ,16365,15460
2025-12-02 13:00,2025-12-02,13,600000,ОЭС СР. ВОЛГИ,16791,15548
2025-12-02 14:00,2025-12-02,14,600000,ОЭС СР. ВОЛГИ,16563,15347
2025-12-02 15:00,2025-12-02,15,600000,ОЭС СР. ВОЛГИ,16773,15619
2025-12-02 16:00,2025-12-02,16,600000,ОЭС СР. ВОЛГИ,16906,15704
2025-12-02 17:00,2025-12-02,17,600000,ОЭС СР. ВОЛГИ,16916,15579
2025-12-02 18:00,2025-12-02,18,600000,ОЭС СР. ВОЛГИ,16513,15254
2025-12-02 19:00,2025-12-02,19,600000,ОЭС СР. ВОЛГИ,15866,15017
2025-12-02 20:00,2025-12-02,20,600000,ОЭС СР. ВОЛГИ,15276,14819
2025-12-02 21:00,2025-12-02,21,600000,ОЭС СР. ВОЛГИ,14667,14370
2025-12-02 22:00,2025-12-02,22,600000,ОЭС СР. ВОЛГИ,13764,13904
2025-12-02 23:00,2025-12-02,23,600000,ОЭС СР. ВОЛГИ,12921,13277
2025-12-03 00:00,2025-12-03,0,600000,ОЭС СР. ВОЛГИ,12645,12945
2025-12-03 01:00,2025-12-03,1,600000,ОЭС СР. ВОЛГИ,12560,12518
2025-12-03 02:00,2025-12-03,2,600000,ОЭС СР. ВОЛГИ,12226,12333
2025-12-03 03:00,2025-12-03,3,600000,ОЭС СР. ВОЛГИ,12547,12486
2025-12-03 04:00,2025-12-03,4,600000,ОЭС СР. ВОЛГИ,12476,12505
2025-12-03 05:00,2025-12-03,5,600000,ОЭС СР. ВОЛГИ,12854,12930
2025-12-03 06:00,2025-12-03,6,600000,ОЭС СР. ВОЛГИ,12634,13558
2025-12-03 07:00,2025-12-03,7,600000,ОЭС СР. ВОЛГИ,13801,14606
2025-12-03 08:00,2025-12-03,8,600000,ОЭС СР. ВОЛГИ,15202,15256
2025-12-03 09:00,2025-12-03,9,600000,ОЭС СР. ВОЛГИ,16267,15727
2025-12-03 10:00,2025-12-03,10,600000,ОЭС СР. ВОЛГИ,16795,15806
2025-12-03 11:00,2025-12-03,11,600000,ОЭС СР. ВОЛГИ,16604,15679
2025-12-03 12:00,2025-12-03,12,600000,ОЭС СР. ВОЛГИ,16091,15624
2025-12-03 13:00,2025-12-03,13,600000,ОЭС СР. ВОЛГИ,16379,15664
2025-12-03 14:00,2025-12-03,14,600000,ОЭС СР. ВОЛГИ,16547,15622
2025-12-03 15:00,2025-12-03,15,600000,ОЭС СР. ВОЛГИ,16151,15548
2025-12-03 16:00,2025-12-03,16,600000,ОЭС СР. ВОЛГИ,16441,15674
2025-12-03 17:00,2025-12-03,17,600000,ОЭС СР. ВОЛГИ,16524,15553
2025-12-03 18:00,2025-12-03,18,600000,ОЭС СР. ВОЛГИ,16127,15456
2025-12-03 19:00,2025-12-03,19,600000,ОЭС СР. ВОЛГИ,15686,15136
2025-12-03 20:00,2025-12-03,20,600000,ОЭС СР. ВОЛГИ,15273,14738
2025-12-03 21:00,2025-12-03,21,600000,ОЭС СР. ВОЛГИ,14801,14488
2025-12-03 22:00,2025-12-03,22,600000,ОЭС СР. ВОЛГИ,13738,13844
2025-12-03 23:00,2025-12-03,23,600000,ОЭС СР. ВОЛГИ,12876,13235
2025-12-04 00:00,2025-12-04,0,600000,ОЭС СР. ВОЛГИ,12622,12889
2025-12-04 01:00,2025-12-04,1,600000,ОЭС СР. ВОЛГИ,12636,12659
2025-12-04 02:00,2025-12-04,2,600000,ОЭС СР. ВОЛГИ,12581,12456
2025-12-04 03:00,2025-12-04,3,600000,ОЭС СР. ВОЛГИ,12573,12300
2025-12-04 04:00,2025-12-04,4,600000,ОЭС СР. ВОЛГИ,12436,12474
2025-12-04 05:00,2025-12-04,5,600000,ОЭС СР. ВОЛГИ,12874,12831
2025-12-04 06:00,2025-12-04,6,600000,ОЭС СР. ВОЛГИ,13106,13555
2025-12-04 07:00,2025-12-04,7,600000,ОЭС СР. ВОЛГИ,14188,14476
2025-12-04 08:00,2025-12-04,8,600000,ОЭС СР. ВОЛГИ,15069,15311
2025-12-04 09:00,2025-12-04,9,600000,ОЭС СР. ВОЛГИ,16242,15800
2025-12-04 10:00,2025-12-04,10,600000,ОЭС СР. ВОЛГИ,16474,15718
2025-12-04 11:00,2025-12-04,11,600000,ОЭС СР. ВОЛГИ,16210,15538
2025-12-04 12:00,2025-12-04,12,600000,ОЭС СР. ВОЛГИ,16080,15591
2025-12-04 13:00,2025-12-04,13,600000,ОЭС СР. ВОЛГИ,16072,15541
2025-12-04 14:00,2025-12-04,14,600000,ОЭС СР. ВОЛГИ,16133,15516
2025-12-04 15:00,2025-12-04,15,600000,ОЭС СР. ВОЛГИ,16325,15544
2025-12-04 16:00,2025-12-04,16,600000,ОЭС СР. ВОЛГИ,16723,15728
2025-12-04 17:00,2025-12-04,17,600000,ОЭС СР. ВОЛГИ,16733,15579
2025-12-04 18:00,2025-12-04,18,600000,ОЭС СР. ВОЛГИ,16073,15577
2025-12-04 19:00,2025-12-04,19,600000,ОЭС СР. ВОЛГИ,15938,15189
2025-12-04 20:00,2025-12-04,20,600000,ОЭС СР. ВОЛГИ,15079,14811
2025-12-04 21:00,2025-12-04,21,600000,ОЭС СР. ВОЛГИ,14386,14268
2025-12-04 22:00,2025-12-04,22,600000,ОЭС СР. ВОЛГИ,13162,13912
2025-12-04 23:00,2025-12-04,23,600000,ОЭС СР. ВОЛГИ,12780,13370
2025-12-05 00:00,2025-12-05,0,600000,ОЭС СР. ВОЛГИ,12619,12806
2025-12-05 01:00,2025-12-05,1,600000,ОЭС СР. ВОЛГИ,12464,12640
2025-12-05 02:00,2025-12-05,2,600000,ОЭС СР. ВОЛГИ,12267,12439
2025-12-05 03:00,2025-12-05,3,600000,ОЭС СР. ВОЛГИ,12388,12485
2025-12-05 04:00,2025-12-05,4,600000,ОЭС СР. ВОЛГИ,12266,12441
2025-12-05 05:00,2025-12-05,5,600000,ОЭС СР. ВОЛГИ,12623,12811
2025-12-05 06:00,2025-12-05,6,600000,ОЭС СР. ВОЛГИ,12766,13544
2025-12-05 07:00,2025-12-05,7,600000,ОЭС СР. ВОЛГИ,13291,14530
2025-12-05 08:00,2025-12-05,8,600000,ОЭС СР. ВОЛГИ,14542,15313
2025-12-05 09:00,2025-12-05,9,600000,ОЭС СР. ВОЛГИ,16065,15744
2025-12-05 10:00,2025-12-05,10,600000,ОЭС СР. ВОЛГИ,16322,15743
2025-12-05 11:00,2025-12-05,11,600000,ОЭС СР. ВОЛГИ,16231,15516
2025-12-05 12:00,2025-12-05,12,600000,ОЭС СР. ВОЛГИ,16182,15611
2025-12-05 13:00,2025-12-05,13,600000,ОЭС СР. ВОЛГИ,16479,15752
2025-12-05 14:00,2025-12-05,14,600000,ОЭС СР. ВОЛГИ,16173,15578
2025-12-05 15:00,2025-12-05,15,600000,ОЭС СР. ВОЛГИ,16058,15374
2025-12-05 16:00,2025-12-05,16,600000,ОЭС СР. ВОЛГИ,16445,15754
2025-12-05 17:00,2025-12-05,17,600000,ОЭС СР. ВОЛГИ,16367,15591
2025-12-05 18:00,2025-12-05,18,600000,ОЭС СР. ВОЛГИ,16058,15321
2025-12-05 19:00,2025-12-05,19,600000,ОЭС СР. ВОЛГИ,15509,14969
2025-12-05 20:00,2025-12-05,20,600000,ОЭС СР. ВОЛГИ,14958,14724
2025-12-05 21:00,2025-12-05,21,600000,ОЭС СР. ВОЛГИ,14562,14549
2025-12-05 22:00,2025-12-05,22,600000,ОЭС СР. ВОЛГИ,13493,13846
2025-12-05 23:00,2025-12-05,23,600000,ОЭС СР. ВОЛГИ,13084,13396
2025-12-06 00:00,2025-12-06,0,600000,ОЭС СР. ВОЛГИ,12968,12931
2025-12-06 01:00,2025-12-06,1,600000,ОЭС СР. ВОЛГИ,12761,12578
2025-12-06 02:00,2025-12-06,2,600000,ОЭС СР. ВОЛГИ,12304,12504
2025-12-06 03:00,2025-12-06,3,600000,ОЭС СР. ВОЛГИ,11923,12515
2025-12-06 04:00,2025-12-06,4,600000,ОЭС СР. ВОЛГИ,12112,12405
2025-12-06 05:00,2025-12-06,5,600000,ОЭС СР. ВОЛГИ,12203,12565
2025-12-06 06:00,2025-12-06,6,600000,ОЭС СР. ВОЛГИ,12314,12916
2025-12-06 07:00,2025-12-06,7,600000,ОЭС СР. ВОЛГИ,12370,13423
2025-12-06 08:00,2025-12-06,8,600000,ОЭС СР. ВОЛГИ,13316,13920
2025-12-06 09:00,2025-12-06,9,600000,ОЭС СР. ВОЛГИ,14097,14399
2025-12-06 10:00,2025-12-06,10,600000,ОЭС СР. ВОЛГИ,14777,14819
2025-12-06 11:00,2025-12-06,11,600000,ОЭС СР. ВОЛГИ,15385,14871
2025-12-06 12:00,2025-12-06,12,600000,ОЭС СР. ВОЛГИ,15357,14867
2025-12-06 13:00,2025-12-06,13,600000,ОЭС СР. ВОЛГИ,15382,14900
2025-12-06 14:00,2025-12-06,14,600000,ОЭС СР. ВОЛГИ,15547,14922
2025-12-06 15:00,2025-12-06,15,600000,ОЭС СР. ВОЛГИ,15568,14780
2025-12-06 16:00,2025-12-06,16,600000,ОЭС СР. ВОЛГИ,15662,15063
2025-12-06 17:00,2025-12-06,17,600000,ОЭС СР. ВОЛГИ,15792,15053
2025-12-06 18:00,2025-12-06,18,600000,ОЭС СР. ВОЛГИ,15094,15043
2025-12-06 19:00,2025-12-06,19,600000,ОЭС СР. ВОЛГИ,14660,14696
2025-12-06 20:00,2025-12-06,20,600000,ОЭС СР. ВОЛГИ,14078,14266
2025-12-06 21:00,2025-12-06,21,600000,ОЭС СР. ВОЛГИ,13917,13990
2025-12-06 22:00,2025-12-06,22,600000,ОЭС СР. ВОЛГИ,12834,13586
2025-12-06 23:00,2025-12-06,23,600000,ОЭС СР. ВОЛГИ,12466,13165
2025-12-07 00:00,2025-12-07,0,600000,ОЭС СР. ВОЛГИ,12460,12716
2025-12-07 01:00,2025-12-07,1,600000,ОЭС СР. ВОЛГИ,12319,12305
2025-12-07 02:00,2025-12-07,2,600000,ОЭС СР. ВОЛГИ,12457,12292
2025-12-07 03:00,2025-12-07,3,600000,ОЭС СР. ВОЛГИ,12492,12310
2025-12-07 04:00,2025-12-07,4,600000,ОЭС СР. ВОЛГИ,12349,12078
2025-12-07 05:00,2025-12-07,5,600000,ОЭС СР. ВОЛГИ,12104,12167
2025-12-07 06:00,2025-12-07,6,600000,ОЭС СР. ВОЛГИ,12524,12521
2025-12-07 07:00,2025-12-07,7,600000,ОЭС СР. ВОЛГИ,12632,12826
2025-12-07 08:00,2025-12-07,8,600000,ОЭС СР. ВОЛГИ,12525,13455
2025-12-07 09:00,2025-12-07,9,600000,ОЭС СР. ВОЛГИ,13440,13730
2025-12-07 10:00,2025-12-07,10,600000,ОЭС СР. ВОЛГИ,14056,14052
2025-12-07 11:00,2025-12-07,11,600000,ОЭС СР. ВОЛГИ,14341,14186
2025-12-07 12:00,2025-12-07,12,600000,ОЭС СР. ВОЛГИ,14586,14390
2025-12-07 13:00,2025-12-07,13,600000,ОЭС СР. ВОЛГИ,14725,14391
2025-12-07 14:00,2025-12-07,14,600000,ОЭС СР. ВОЛГИ,14864,14495
2025-12-07 15:00,2025-12-07,15,600000,ОЭС СР. ВОЛГИ,15158,14645
2025-12-07 16:00,2025-12-07,16,600000,ОЭС СР. ВОЛГИ,15694,14773
2025-12-07 17:00,2025-12-07,17,600000,ОЭС СР. ВОЛГИ,16104,14955
2025-12-07 18:00,2025-12-07,18,600000,ОЭС СР. ВОЛГИ,15335,14790
2025-12-07 19:00,2025-12-07,19,600000,ОЭС СР. ВОЛГИ,15135,14599
2025-12-07 20:00,2025-12-07,20,600000,ОЭС СР. ВОЛГИ,14800,14442
2025-12-07 21:00,2025-12-07,21,600000,ОЭС СР. ВОЛГИ,14123,14237
2025-12-07 22:00,2025-12-07,22,600000,ОЭС СР. ВОЛГИ,13390,13576
2025-12-07 23:00,2025-12-07,23,600000,ОЭС СР. ВОЛГИ,12869,13142
2025-12-08 00:00,2025-12-08,0,600000,ОЭС СР. ВОЛГИ,12540,12685
2025-12-08 01:00,2025-12-08,1,600000,ОЭС СР. ВОЛГИ,12614,12439
2025-12-08 02:00,2025-12-08,2,600000,ОЭС СР. ВОЛГИ,12484,12282
2025-12-08 03:00,2025-12-08,3,600000,ОЭС СР. ВОЛГИ,12617,12363
2025-12-08 04:00,2025-12-08,4,600000,ОЭС СР. ВОЛГИ,12898,12406
2025-12-08 05:00,2025-12-08,5,600000,ОЭС СР. ВОЛГИ,13216,12984
2025-12-08 06:00,2025-12-08,6,600000,ОЭС СР. ВОЛГИ,12998,13501
2025-12-08 07:00,2025-12-08,7,600000,ОЭС СР. ВОЛГИ,13954,14703
2025-12-08 08:00,2025-12-08,8,600000,ОЭС СР. ВОЛГИ,15011,15554
2025-12-08 09:00,2025-12-08,9,600000,ОЭС СР. ВОЛГИ,16045,15780
2025-12-08 10:00,2025-12-08,10,600000,ОЭС СР. ВОЛГИ,16629,15978
2025-12-08 11:00,2025-12-08,11,600000,ОЭС СР. ВОЛГИ,16691,15905
2025-12-08 12:00,2025-12-08,12,600000,ОЭС СР. ВОЛГИ,16414,15940
2025-12-08 13:00,2025-12-08,13,600000,ОЭС СР. ВОЛГИ,16374,15946
2025-12-08 14:00,2025-12-08,14,600000,ОЭС СР. ВОЛГИ,17051,16068
2025-12-08 15:00,2025-12-08,15,600000,ОЭС СР. ВОЛГИ,16888,15998
2025-12-08 16:00,2025-12-08,16,600000,ОЭС СР. ВОЛГИ,17179,16092
2025-12-08 17:00,2025-12-08,17,600000,ОЭС СР. ВОЛГИ,16772,16070
2025-12-08 18:00,2025-12-08,18,600000,ОЭС СР. ВОЛГИ,15844,15568
2025-12-08 19:00,2025-12-08,19,600000,ОЭС СР. ВОЛГИ,15819,15310
2025-12-08 20:00,2025-12-08,20,600000,ОЭС СР. ВОЛГИ,15991,15323
2025-12-08 21:00,2025-12-08,21,600000,ОЭС СР. ВОЛГИ,15427,14940
2025-12-08 22:00,2025-12-08,22,600000,ОЭС СР. ВОЛГИ,14940,14250
2025-12-08 23:00,2025-12-08,23,600000,ОЭС СР. ВОЛГИ,14253,13723
2025-12-09 00:00,2025-12-09,0,600000,ОЭС СР. ВОЛГИ,14388,13378
2025-12-09 01:00,2025-12-09,1,600000,ОЭС СР. ВОЛГИ,13880,13046
2025-12-09 02:00,2025-12-09,2,600000,ОЭС СР. ВОЛГИ,13310,12846
2025-12-09 03:00,2025-12-09,3,600000,ОЭС СР. ВОЛГИ,13413,12819
2025-12-09 04:00,2025-12-09,4,600000,ОЭС СР. ВОЛГИ,13398,13065
2025-12-09 05:00,2025-12-09,5,600000,ОЭС СР. ВОЛГИ,13530,13227
2025-12-09 06:00,2025-12-09,6,600000,ОЭС СР. ВОЛГИ,13955,14044
2025-12-09 07:00,2025-12-09,7,600000,ОЭС СР. ВОЛГИ,14211,15098
2025-12-09 08:00,2025-12-09,8,600000,ОЭС СР. ВОЛГИ,15427,15885
2025-12-09 09:00,2025-12-09,9,600000,ОЭС СР. ВОЛГИ,16787,16368
2025-12-09 10:00,2025-12-09,10,600000,ОЭС СР. ВОЛГИ,16953,16300
2025-12-09 11:00,2025-12-09,11,600000,ОЭС СР. ВОЛГИ,16990,16169
2025-12-09 12:00,2025-12-09,12,600000,ОЭС СР. ВОЛГИ,16448,16038
2025-12-09 13:00,2025-12-09,13,600000,ОЭС СР. ВОЛГИ,16975,16274
2025-12-09 14:00,2025-12-09,14,600000,ОЭС СР. ВОЛГИ,16917,16387
2025-12-09 15:00,2025-12-09,15,600000,ОЭС СР. ВОЛГИ,16697,16181
2025-12-09 16:00,2025-12-09,16,600000,ОЭС СР. ВОЛГИ,16792,16458
2025-12-09 17:00,2025-12-09,17,600000,ОЭС СР. ВОЛГИ,16329,16259
2025-12-09 18:00,2025-12-09,18,600000,ОЭС СР. ВОЛГИ,15921,15996
2025-12-09 19:00,2025-12-09,19,600000,ОЭС СР. ВОЛГИ,16152,15575
2025-12-09 20:00,2025-12-09,20,600000,ОЭС СР. ВОЛГИ,15520,15369
2025-12-09 21:00,2025-12-09,21,600000,ОЭС СР. ВОЛГИ,15356,15042
2025-12-09 22:00,2025-12-09,22,600000,ОЭС СР. ВОЛГИ,14351,14291
2025-12-09 23:00,2025-12-09,23,600000,ОЭС СР. ВОЛГИ,14442,13887
2025-12-10 00:00,2025-12-10,0,600000,ОЭС СР. ВОЛГИ,13582,13220
2025-12-10 01:00,2025-12-10,1,600000,ОЭС СР. ВОЛГИ,13983,13120
2025-12-10 02:00,2025-12-10,2,600000,ОЭС СР. ВОЛГИ,13716,12999
2025-12-10 03:00,2025-12-10,3,600000,ОЭС СР. ВОЛГИ,13178,12893
2025-12-10 04:00,2025-12-10,4,600000,ОЭС СР. ВОЛГИ,13520,12997
2025-12-10 05:00,2025-12-10,5,600000,ОЭС СР. ВОЛГИ,13939,13412
2025-12-10 06:00,2025-12-10,6,600000,ОЭС СР. ВОЛГИ,13652,14187
2025-12-10 07:00,2025-12-10,7,600000,ОЭС СР. ВОЛГИ,14523,15307
2025-12-10 08:00,2025-12-10,8,600000,ОЭС СР. ВОЛГИ,15547,15975
2025-12-10 09:00,2025-12-10,9,600000,ОЭС СР. ВОЛГИ,16572,16418
2025-12-10 10:00,2025-12-10,10,600000,ОЭС СР. ВОЛГИ,17308,16512
2025-12-10 11:00,2025-12-10,11,600000,ОЭС СР. ВОЛГИ,17240,16287
2025-12-10 12:00,2025-12-10,12,600000,ОЭС СР. ВОЛГИ,17280,16270
2025-12-10 13:00,2025-12-10,13,600000,ОЭС СР. ВОЛГИ,17328,16358
2025-12-10 14:00,2025-12-10,14,600000,ОЭС СР. ВОЛГИ,17206,16213
2025-12-10 15:00,2025-12-10,15,600000,ОЭС СР. ВОЛГИ,17128,16268
2025-12-10 16:00,2025-12-10,16,600000,ОЭС СР. ВОЛГИ,17998,16372
2025-12-10 17:00,2025-12-10,17,600000,ОЭС СР. ВОЛГИ,17547,16329
2025-12-10 18:00,2025-12-10,18,600000,ОЭС СР. ВОЛГИ,16592,16099
2025-12-10 19:00,2025-12-10,19,600000,ОЭС СР. ВОЛГИ,16127,15657
2025-12-10 20:00,2025-12-10,20,600000,ОЭС СР. ВОЛГИ,16123,15498
2025-12-10 21:00,2025-12-10,21,600000,ОЭС СР. ВОЛГИ,15914,14966
2025-12-10 22:00,2025-12-10,22,600000,ОЭС СР. ВОЛГИ,14737,14639
2025-12-10 23:00,2025-12-10,23,600000,ОЭС СР. ВОЛГИ,13907,14081
2025-12-11 00:00,2025-12-11,0,600000,ОЭС СР. ВОЛГИ,13713,13454
2025-12-11 01:00,2025-12-11,1,600000,ОЭС СР. ВОЛГИ,13154,13106
2025-12-11 02:00,2025-12-11,2,600000,ОЭС СР. ВОЛГИ,13016,12973
2025-12-11 03:00,2025-12-11,3,600000,ОЭС СР. ВОЛГИ,12886,12929
2025-12-11 04:00,2025-12-11,4,600000,ОЭС СР. ВОЛГИ,13056,13111
2025-12-11 05:00,2025-12-11,5,600000,ОЭС СР. ВОЛГИ,13349,13555
2025-12-11 06:00,2025-12-11,6,600000,ОЭС СР. ВОЛГИ,13676,14162
2025-12-11 07:00,2025-12-11,7,600000,ОЭС СР. ВОЛГИ,15395,15301
2025-12-11 08:00,2025-12-11,8,600000,ОЭС СР. ВОЛГИ,16362,16121
2025-12-11 09:00,2025-12-11,9,600000,ОЭС СР. ВОЛГИ,17775,16397
2025-12-11 10:00,2025-12-11,10,600000,ОЭС СР. ВОЛГИ,17702,16563
2025-12-11 11:00,2025-12-11,11,600000,ОЭС СР. ВОЛГИ,17676,16315
2025-12-11 12:00,2025-12-11,12,600000,ОЭС СР. ВОЛГИ,17419,16205
2025-12-11 13:00,2025-12-11,13,600000,ОЭС СР. ВОЛГИ,17962,16253
2025-12-11 14:00,2025-12-11,14,600000,ОЭС СР. ВОЛГИ,17793,16324
2025-12-11 15:00,2025-12-11,15,600000,ОЭС СР. ВОЛГИ,17547,16158
2025-12-11 16:00,2025-12-11,16,600000,ОЭС СР. ВОЛГИ,17531,16468
2025-12-11 17:00,2025-12-11,17,600000,ОЭС СР. ВОЛГИ,17129,16214
2025-12-11 18:00,2025-12-11,18,600000,ОЭС СР. ВОЛГИ,16973,15932
2025-12-11 19:00,2025-12-11,19,600000,ОЭС СР. ВОЛГИ,16815,15684
2025-12-11 20:00,2025-12-11,20,600000,ОЭС СР. ВОЛГИ,15829,15473
2025-12-11 21:00,2025-12-11,21,600000,ОЭС СР. ВОЛГИ,15483,14812
2025-12-11 22:00,2025-12-11,22,600000,ОЭС СР. ВОЛГИ,14394,14369
2025-12-11 23:00,2025-12-11,23,600000,ОЭС СР. ВОЛГИ,13686,13831
2025-12-12 00:00,2025-12-12,0,600000,ОЭС СР. ВОЛГИ,12994,13308
2025-12-12 01:00,2025-12-12,1,600000,ОЭС СР. ВОЛГИ,13221,13003
2025-12-12 02:00,2025-12-12,2,600000,ОЭС СР. ВОЛГИ,12981,13015
2025-12-12 03:00,2025-12-12,3,600000,ОЭС СР. ВОЛГИ,13025,12934
2025-12-12 04:00,2025-12-12,4,600000,ОЭС СР. ВОЛГИ,13226,13018
2025-12-12 05:00,2025-12-12,5,600000,ОЭС СР. ВОЛГИ,13608,13504
2025-12-12 06:00,2025-12-12,6,600000,ОЭС СР. ВОЛГИ,13108,14189
2025-12-12 07:00,2025-12-12,7,600000,ОЭС СР. ВОЛГИ,14006,14975
2025-12-12 08:00,2025-12-12,8,600000,ОЭС СР. ВОЛГИ,15978,15752
2025-12-12 09:00,2025-12-12,9,600000,ОЭС СР. ВОЛГИ,16860,16028
2025-12-12 10:00,2025-12-12,10,600000,ОЭС СР. ВОЛГИ,17103,16130
2025-12-12 11:00,2025-12-12,11,600000,ОЭС СР. ВОЛГИ,16800,15963
2025-12-12 12:00,2025-12-12,12,600000,ОЭС СР. ВОЛГИ,16933,15941
2025-12-12 13:00,2025-12-12,13,600000,ОЭС СР. ВОЛГИ,17132,15864
2025-12-12 14:00,2025-12-12,14,600000,ОЭС СР. ВОЛГИ,17204,15859
2025-12-12 15:00,2025-12-12,15,600000,ОЭС СР. ВОЛГИ,17387,15834
2025-12-12 16:00,2025-12-12,16,600000,ОЭС СР. ВОЛГИ,17442,15992
2025-12-12 17:00,2025-12-12,17,600000,ОЭС СР. ВОЛГИ,16479,15659
2025-12-12 18:00,2025-12-12,18,600000,ОЭС СР. ВОЛГИ,16420,15471
2025-12-12 19:00,2025-12-12,19,600000,ОЭС СР. ВОЛГИ,15660,15272
2025-12-12 20:00,2025-12-12,20,600000,ОЭС СР. ВОЛГИ,15854,15098
2025-12-12 21:00,2025-12-12,21,600000,ОЭС СР. ВОЛГИ,14798,14629
2025-12-12 22:00,2025-12-12,22,600000,ОЭС СР. ВОЛГИ,14516,14292
2025-12-12 23:00,2025-12-12,23,600000,ОЭС СР. ВОЛГИ,14124,13659
2025-12-13 00:00,2025-12-13,0,600000,ОЭС СР. ВОЛГИ,13028,13416
2025-12-13 01:00,2025-12-13,1,600000,ОЭС СР. ВОЛГИ,13520,13055
2025-12-13 02:00,2025-12-13,2,600000,ОЭС СР. ВОЛГИ,13438,12843
2025-12-13 03:00,2025-12-13,3,600000,ОЭС СР. ВОЛГИ,13277,12763
2025-12-13 04:00,2025-12-13,4,600000,ОЭС СР. ВОЛГИ,13174,12813
2025-12-13 05:00,2025-12-13,5,600000,ОЭС СР. ВОЛГИ,13249,13024
2025-12-13 06:00,2025-12-13,6,600000,ОЭС СР. ВОЛГИ,13390,13355
2025-12-13 07:00,2025-12-13,7,600000,ОЭС СР. ВОЛГИ,13520,13668
2025-12-13 08:00,2025-12-13,8,600000,ОЭС СР. ВОЛГИ,13480,14482
2025-12-13 09:00,2025-12-13,9,600000,ОЭС СР. ВОЛГИ,14966,14954
2025-12-13 10:00,2025-12-13,10,600000,ОЭС СР. ВОЛГИ,15626,15322
2025-12-13 11:00,2025-12-13,11,600000,ОЭС СР. ВОЛГИ,15551,15293
2025-12-13 12:00,2025-12-13,12,600000,ОЭС СР. ВОЛГИ,15936,15284
2025-12-13 13:00,2025-12-13,13,600000,ОЭС СР. ВОЛГИ,16310,15185
2025-12-13 14:00,2025-12-13,14,600000,ОЭС СР. ВОЛГИ,16547,15297
2025-12-13 15:00,2025-12-13,15,600000,ОЭС СР. ВОЛГИ,16363,15083
2025-12-13 16:00,2025-12-13,16,600000,ОЭС СР. ВОЛГИ,17019,15597
2025-12-13 17:00,2025-12-13,17,600000,ОЭС СР. ВОЛГИ,17119,15660
2025-12-13 18:00,2025-12-13,18,600000,ОЭС СР. ВОЛГИ,16901,15331
2025-12-13 19:00,2025-12-13,19,600000,ОЭС СР. ВОЛГИ,16398,15076
2025-12-13 20:00,2025-12-13,20,600000,ОЭС СР. ВОЛГИ,15979,14709
2025-12-13 21:00,2025-12-13,21,600000,ОЭС СР. ВОЛГИ,16160,14539
2025-12-13 22:00,2025-12-13,22,600000,ОЭС СР. ВОЛГИ,15940,14268
2025-12-13 23:00,2025-12-13,23,600000,ОЭС СР. ВОЛГИ,15316,13654
2025-12-14 00:00,2025-12-14,0,600000,ОЭС СР. ВОЛГИ,14722,13326
2025-12-14 01:00,2025-12-14,1,600000,ОЭС СР. ВОЛГИ,14584,13055
2025-12-14 02:00,2025-12-14,2,600000,ОЭС СР. ВОЛГИ,14448,12903
2025-12-14 03:00,2025-12-14,3,600000,ОЭС СР. ВОЛГИ,14636,12723
2025-12-14 04:00,2025-12-14,4,600000,ОЭС СР. ВОЛГИ,14672,12870
2025-12-14 05:00,2025-12-14,5,600000,ОЭС СР. ВОЛГИ,14661,12866
2025-12-14 06:00,2025-12-14,6,600000,ОЭС СР. ВОЛГИ,14513,13035
2025-12-14 07:00,2025-12-14,7,600000,ОЭС СР. ВОЛГИ,14646,13419
2025-12-14 08:00,2025-12-14,8,600000,ОЭС СР. ВОЛГИ,14865,13947
2025-12-14 09:00,2025-12-14,9,600000,ОЭС СР. ВОЛГИ,15201,14544
2025-12-14 10:00,2025-12-14,10,600000,ОЭС СР. ВОЛГИ,15896,14960
2025-12-14 11:00,2025-12-14,11,600000,ОЭС СР. ВОЛГИ,16524,14860
2025-12-14 12:00,2025-12-14,12,600000,ОЭС СР. ВОЛГИ,16479,14966
2025-12-14 13:00,2025-12-14,13,600000,ОЭС СР. ВОЛГИ,16628,15153
2025-12-14 14:00,2025-12-14,14,600000,ОЭС СР. ВОЛГИ,17329,15249
2025-12-14 15:00,2025-12-14,15,600000,ОЭС СР. ВОЛГИ,17170,15237
2025-12-14 16:00,2025-12-14,16,600000,ОЭС СР. ВОЛГИ,17518,15647
2025-12-14 17:00,2025-12-14,17,600000,ОЭС СР. ВОЛГИ,17935,15843
2025-12-14 18:00,2025-12-14,18,600000,ОЭС СР. ВОЛГИ,17581,15741
2025-12-14 19:00,2025-12-14,19,600000,ОЭС СР. ВОЛГИ,17469,15494
2025-12-14 20:00,2025-12-14,20,600000,ОЭС СР. ВОЛГИ,17435,15221
2025-12-14 21:00,2025-12-14,21,600000,ОЭС СР. ВОЛГИ,16394,14878
2025-12-14 22:00,2025-12-14,22,600000,ОЭС СР. ВОЛГИ,15809,14392
2025-12-14 23:00,2025-12-14,23,600000,ОЭС СР. ВОЛГИ,15381,13771
2025-12-15 00:00,2025-12-15,0,600000,ОЭС СР. ВОЛГИ,15510,13512
2025-12-15 01:00,2025-12-15,1,600000,ОЭС СР. ВОЛГИ,15600,13343
2025-12-15 02:00,2025-12-15,2,600000,ОЭС СР. ВОЛГИ,15445,13179
2025-12-15 03:00,2025-12-15,3,600000,ОЭС СР. ВОЛГИ,15462,13139
2025-12-15 04:00,2025-12-15,4,600000,ОЭС СР. ВОЛГИ,15474,13191
2025-12-15 05:00,2025-12-15,5,600000,ОЭС СР. ВОЛГИ,15542,13682
2025-12-15 06:00,2025-12-15,6,600000,ОЭС СР. ВОЛГИ,15820,14449
2025-12-15 07:00,2025-12-15,7,600000,ОЭС СР. ВОЛГИ,16610,15535
2025-12-15 08:00,2025-12-15,8,600000,ОЭС СР. ВОЛГИ,17368,16209
2025-12-15 09:00,2025-12-15,9,600000,ОЭС СР. ВОЛГИ,18599,16867
2025-12-15 10:00,2025-12-15,10,600000,ОЭС СР. ВОЛГИ,18785,16909
2025-12-15 11:00,2025-12-15,11,600000,ОЭС СР. ВОЛГИ,18724,17050
2025-12-15 12:00,2025-12-15,12,600000,ОЭС СР. ВОЛГИ,18449,16953
2025-12-15 13:00,2025-12-15,13,600000,ОЭС СР. ВОЛГИ,18926,17002
2025-12-15 14:00,2025-12-15,14,600000,ОЭС СР. ВОЛГИ,18919,16941
2025-12-15 15:00,2025-12-15,15,600000,ОЭС СР. ВОЛГИ,18309,16723
2025-12-15 16:00,2025-12-15,16,600000,ОЭС СР. ВОЛГИ,18487,16890
2025-12-15 17:00,2025-12-15,17,600000,ОЭС СР. ВОЛГИ,18270,16864
2025-12-15 18:00,2025-12-15,18,600000,ОЭС СР. ВОЛГИ,17960,16598
2025-12-15 19:00,2025-12-15,19,600000,ОЭС СР. ВОЛГИ,17719,16274
2025-12-15 20:00,2025-12-15,20,600000,ОЭС СР. ВОЛГИ,17302,15860
2025-12-15 21:00,2025-12-15,21,600000,ОЭС СР. ВОЛГИ,17294,15515
2025-12-15 22:00,2025-12-15,22,600000,ОЭС СР. ВОЛГИ,17053,15066
2025-12-15 23:00,2025-12-15,23,600000,ОЭС СР. ВОЛГИ,16677,14491
2025-12-16 00:00,2025-12-16,0,600000,ОЭС СР. ВОЛГИ,16264,14092
2025-12-16 01:00,2025-12-16,1,600000,ОЭС СР. ВОЛГИ,15827,13671
2025-12-16 02:00,2025-12-16,2,600000,ОЭС СР. ВОЛГИ,14934,13580
2025-12-16 03:00,2025-12-16,3,600000,ОЭС СР. ВОЛГИ,15220,13444
2025-12-16 04:00,2025-12-16,4,600000,ОЭС СР. ВОЛГИ,15307,13680
2025-12-16 05:00,2025-12-16,5,600000,ОЭС СР. ВОЛГИ,15474,14043
2025-12-16 06:00,2025-12-16,6,600000,ОЭС СР. ВОЛГИ,15181,14660
2025-12-16 07:00,2025-12-16,7,600000,ОЭС СР. ВОЛГИ,16359,15692
2025-12-16 08:00,2025-12-16,8,600000,ОЭС СР. ВОЛГИ,17113,16526
2025-12-16 09:00,2025-12-16,9,600000,ОЭС СР. ВОЛГИ,18334,16994
2025-12-16 10:00,2025-12-16,10,600000,ОЭС СР. ВОЛГИ,18687,17030
2025-12-16 11:00,2025-12-16,11,600000,ОЭС СР. ВОЛГИ,18221,16896
2025-12-16 12:00,2025-12-16,12,600000,ОЭС СР. ВОЛГИ,17889,16613
2025-12-16 13:00,2025-12-16,13,600000,ОЭС СР. ВОЛГИ,18114,16774
2025-12-16 14:00,2025-12-16,14,600000,ОЭС СР. ВОЛГИ,18294,16700
2025-12-16 15:00,2025-12-16,15,600000,ОЭС СР. ВОЛГИ,18555,16695
2025-12-16 16:00,2025-12-16,16,600000,ОЭС СР. ВОЛГИ,18532,16778
2025-12-16 17:00,2025-12-16,17,600000,ОЭС СР. ВОЛГИ,18259,16688
2025-12-16 18:00,2025-12-16,18,600000,ОЭС СР. ВОЛГИ,18054,16475
2025-12-16 19:00,2025-12-16,19,600000,ОЭС СР. ВОЛГИ,17572,16235
2025-12-16 20:00,2025-12-16,20,600000,ОЭС СР. ВОЛГИ,17118,16022
2025-12-16 21:00,2025-12-16,21,600000,ОЭС СР. ВОЛГИ,16577,15650
2025-12-16 22:00,2025-12-16,22,600000,ОЭС СР. ВОЛГИ,16428,15338
2025-12-16 23:00,2025-12-16,23,600000,ОЭС СР. ВОЛГИ,15955,14431
2025-12-17 00:00,2025-12-17,0,600000,ОЭС СР. ВОЛГИ,15130,14079
2025-12-17 01:00,2025-12-17,1,600000,ОЭС СР. ВОЛГИ,14762,13729
2025-12-17 02:00,2025-12-17,2,600000,ОЭС СР. ВОЛГИ,14964,13646
2025-12-17 03:00,2025-12-17,3,600000,ОЭС СР. ВОЛГИ,15106,13502
2025-12-17 04:00,2025-12-17,4,600000,ОЭС СР. ВОЛГИ,14948,13649
2025-12-17 05:00,2025-12-17,5,600000,ОЭС СР. ВОЛГИ,15125,13840
2025-12-17 06:00,2025-12-17,6,600000,ОЭС СР. ВОЛГИ,15055,14615
2025-12-17 07:00,2025-12-17,7,600000,ОЭС СР. ВОЛГИ,15885,15683
2025-12-17 08:00,2025-12-17,8,600000,ОЭС СР. ВОЛГИ,16920,16372
2025-12-17 09:00,2025-12-17,9,600000,ОЭС СР. ВОЛГИ,18028,16704
2025-12-17 10:00,2025-12-17,10,600000,ОЭС СР. ВОЛГИ,18519,16771
2025-12-17 11:00,2025-12-17,11,600000,ОЭС СР. ВОЛГИ,18356,16706
2025-12-17 12:00,2025-12-17,12,600000,ОЭС СР. ВОЛГИ,18077,16753
2025-12-17 13:00,2025-12-17,13,600000,ОЭС СР. ВОЛГИ,17781,16699
2025-12-17 14:00,2025-12-17,14,600000,ОЭС СР. ВОЛГИ,18390,16565
2025-12-17 15:00,2025-12-17,15,600000,ОЭС СР. ВОЛГИ,18050,16459
2025-12-17 16:00,2025-12-17,16,600000,ОЭС СР. ВОЛГИ,17958,16649
2025-12-17 17:00,2025-12-17,17,600000,ОЭС СР. ВОЛГИ,17875,16523
2025-12-17 18:00,2025-12-17,18,600000,ОЭС СР. ВОЛГИ,17380,16255
2025-12-17 19:00,2025-12-17,19,600000,ОЭС СР. ВОЛГИ,16804,15862
2025-12-17 20:00,2025-12-17,20,600000,ОЭС СР. ВОЛГИ,16690,15749
2025-12-17 21:00,2025-12-17,21,600000,ОЭС СР. ВОЛГИ,15823,15376
2025-12-17 22:00,2025-12-17,22,600000,ОЭС СР. ВОЛГИ,15199,14717
2025-12-17 23:00,2025-12-17,23,600000,ОЭС СР. ВОЛГИ,14655,14162
2025-12-18 00:00,2025-12-18,0,600000,ОЭС СР. ВОЛГИ,14196,13676
2025-12-18 01:00,2025-12-18,1,600000,ОЭС СР. ВОЛГИ,14153,13185
2025-12-18 02:00,2025-12-18,2,600000,ОЭС СР. ВОЛГИ,13893,13205
2025-12-18 03:00,2025-12-18,3,600000,ОЭС СР. ВОЛГИ,13683,13211
2025-12-18 04:00,2025-12-18,4,600000,ОЭС СР. ВОЛГИ,13845,13400
2025-12-18 05:00,2025-12-18,5,600000,ОЭС СР. ВОЛГИ,14444,13607
2025-12-18 06:00,2025-12-18,6,600000,ОЭС СР. ВОЛГИ,14817,14421
2025-12-18 07:00,2025-12-18,7,600000,ОЭС СР. ВОЛГИ,16500,15385
2025-12-18 08:00,2025-12-18,8,600000,ОЭС СР. ВОЛГИ,17291,16159
2025-12-18 09:00,2025-12-18,9,600000,ОЭС СР. ВОЛГИ,18176,16790
2025-12-18 10:00,2025-12-18,10,600000,ОЭС СР. ВОЛГИ,17619,16684
2025-12-18 11:00,2025-12-18,11,600000,ОЭС СР. ВОЛГИ,17310,16556
2025-12-18 12:00,2025-12-18,12,600000,ОЭС СР. ВОЛГИ,17477,16438
2025-12-18 13:00,2025-12-18,13,600000,ОЭС СР. ВОЛГИ,18055,16399
2025-12-18 14:00,2025-12-18,14,600000,ОЭС СР. ВОЛГИ,18165,16578
2025-12-18 15:00,2025-12-18,15,600000,ОЭС СР. ВОЛГИ,17920,16431
2025-12-18 16:00,2025-12-18,16,600000,ОЭС СР. ВОЛГИ,18110,16689
2025-12-18 17:00,2025-12-18,17,600000,ОЭС СР. ВОЛГИ,18372,16401
2025-12-18 18:00,2025-12-18,18,600000,ОЭС СР. ВОЛГИ,17862,16132
2025-12-18 19:00,2025-12-18,19,600000,ОЭС СР. ВОЛГИ,16763,15739
2025-12-18 20:00,2025-12-18,20,600000,ОЭС СР. ВОЛГИ,16120,15724
2025-12-18 21:00,2025-12-18,21,600000,ОЭС СР. ВОЛГИ,15651,15340
2025-12-18 22:00,2025-12-18,22,600000,ОЭС СР. ВОЛГИ,14715,14689
2025-12-18 23:00,2025-12-18,23,600000,ОЭС СР. ВОЛГИ,14559,14021
2025-12-19 00:00,2025-12-19,0,600000,ОЭС СР. ВОЛГИ,14197,13618
2025-12-19 01:00,2025-12-19,1,600000,ОЭС СР. ВОЛГИ,13765,13254
2025-12-19 02:00,2025-12-19,2,600000,ОЭС СР. ВОЛГИ,13704,13171
2025-12-19 03:00,2025-12-19,3,600000,ОЭС СР. ВОЛГИ,13687,13150
2025-12-19 04:00,2025-12-19,4,600000,ОЭС СР. ВОЛГИ,13789,13091
2025-12-19 05:00,2025-12-19,5,600000,ОЭС СР. ВОЛГИ,13668,13489
2025-12-19 06:00,2025-12-19,6,600000,ОЭС СР. ВОЛГИ,14166,14148
2025-12-19 07:00,2025-12-19,7,600000,ОЭС СР. ВОЛГИ,15112,15072
2025-12-19 08:00,2025-12-19,8,600000,ОЭС СР. ВОЛГИ,16057,15770
2025-12-19 09:00,2025-12-19,9,600000,ОЭС СР. ВОЛГИ,17775,16210
2025-12-19 10:00,2025-12-19,10,600000,ОЭС СР. ВОЛГИ,18105,16153
2025-12-19 11:00,2025-12-19,11,600000,ОЭС СР. ВОЛГИ,18075,16040
2025-12-19 12:00,2025-12-19,12,600000,ОЭС СР. ВОЛГИ,17635,16073
2025-12-19 13:00,2025-12-19,13,600000,ОЭС СР. ВОЛГИ,17929,16055
2025-12-19 14:00,2025-12-19,14,600000,ОЭС СР. ВОЛГИ,18056,15903
2025-12-19 15:00,2025-12-19,15,600000,ОЭС СР. ВОЛГИ,17587,16010
2025-12-19 16:00,2025-12-19,16,600000,ОЭС СР. ВОЛГИ,17470,16186
2025-12-19 17:00,2025-12-19,17,600000,ОЭС СР. ВОЛГИ,17973,15941
2025-12-19 18:00,2025-12-19,18,600000,ОЭС СР. ВОЛГИ,17403,15641
2025-12-19 19:00,2025-12-19,19,600000,ОЭС СР. ВОЛГИ,17034,15377
2025-12-19 20:00,2025-12-19,20,600000,ОЭС СР. ВОЛГИ,16356,15274
2025-12-19 21:00,2025-12-19,21,600000,ОЭС СР. ВОЛГИ,15813,14976
2025-12-19 22:00,2025-12-19,22,600000,ОЭС СР. ВОЛГИ,15045,14468
2025-12-19 23:00,2025-12-19,23,600000,ОЭС СР. ВОЛГИ,14906,13834
2025-12-20 00:00,2025-12-20,0,600000,ОЭС СР. ВОЛГИ,14093,13451
2025-12-20 01:00,2025-12-20,1,600000,ОЭС СР. ВОЛГИ,13940,13228
2025-12-20 02:00,2025-12-20,2,600000,ОЭС СР. ВОЛГИ,13931,12967
2025-12-20 03:00,2025-12-20,3,600000,ОЭС СР. ВОЛГИ,14126,12970
2025-12-20 04:00,2025-12-20,4,600000,ОЭС СР. ВОЛГИ,14354,13004
2025-12-20 05:00,2025-12-20,5,600000,ОЭС СР. ВОЛГИ,14698,13133
2025-12-20 06:00,2025-12-20,6,600000,ОЭС СР. ВОЛГИ,14509,13507
2025-12-20 07:00,2025-12-20,7,600000,ОЭС СР. ВОЛГИ,14484,14023
2025-12-20 08:00,2025-12-20,8,600000,ОЭС СР. ВОЛГИ,14800,14657
2025-12-20 09:00,2025-12-20,9,600000,ОЭС СР. ВОЛГИ,16218,15170
2025-12-20 10:00,2025-12-20,10,600000,ОЭС СР. ВОЛГИ,17233,15445
2025-12-20 11:00,2025-12-20,11,600000,ОЭС СР. ВОЛГИ,17712,15538
2025-12-20 12:00,2025-12-20,12,600000,ОЭС СР. ВОЛГИ,17907,15600
2025-12-20 13:00,2025-12-20,13,600000,ОЭС СР. ВОЛГИ,18076,15634
2025-12-20 14:00,2025-12-20,14,600000,ОЭС СР. ВОЛГИ,17864,15396
2025-12-20 15:00,2025-12-20,15,600000,ОЭС СР. ВОЛГИ,18137,15492
2025-12-20 16:00,2025-12-20,16,600000,ОЭС СР. ВОЛГИ,18871,15807
2025-12-20 17:00,2025-12-20,17,600000,ОЭС СР. ВОЛГИ,19452,15831
2025-12-20 18:00,2025-12-20,18,600000,ОЭС СР. ВОЛГИ,18546,15656
2025-12-20 19:00,2025-12-20,19,600000,ОЭС СР. ВОЛГИ,17722,15164
2025-12-20 20:00,2025-12-20,20,600000,ОЭС СР. ВОЛГИ,17371,15079
2025-12-20 21:00,2025-12-20,21,600000,ОЭС СР. ВОЛГИ,16601,14720
2025-12-20 22:00,2025-12-20,22,600000,ОЭС СР. ВОЛГИ,14992,14266
2025-12-20 23:00,2025-12-20,23,600000,ОЭС СР. ВОЛГИ,14598,13842
2025-12-21 00:00,2025-12-21,0,600000,ОЭС СР. ВОЛГИ,14952,13358
2025-12-21 01:00,2025-12-21,1,600000,ОЭС СР. ВОЛГИ,14503,13098
2025-12-21 02:00,2025-12-21,2,600000,ОЭС СР. ВОЛГИ,14219,12922
2025-12-21 03:00,2025-12-21,3,600000,ОЭС СР. ВОЛГИ,14258,12865
2025-12-21 04:00,2025-12-21,4,600000,ОЭС СР. ВОЛГИ,14178,12974
2025-12-21 05:00,2025-12-21,5,600000,ОЭС СР. ВОЛГИ,14289,13080
2025-12-21 06:00,2025-12-21,6,600000,ОЭС СР. ВОЛГИ,14674,13184
2025-12-21 07:00,2025-12-21,7,600000,ОЭС СР. ВОЛГИ,14360,13718
2025-12-21 08:00,2025-12-21,8,600000,ОЭС СР. ВОЛГИ,14864,14011
2025-12-21 09:00,2025-12-21,9,600000,ОЭС СР. ВОЛГИ,16335,14547
2025-12-21 10:00,2025-12-21,10,600000,ОЭС СР. ВОЛГИ,17022,14917
2025-12-21 11:00,2025-12-21,11,600000,ОЭС СР. ВОЛГИ,17514,14981
2025-12-21 12:00,2025-12-21,12,600000,ОЭС СР. ВОЛГИ,18002,15003
2025-12-21 13:00,2025-12-21,13,600000,ОЭС СР. ВОЛГИ,18101,15224
2025-12-21 14:00,2025-12-21,14,600000,ОЭС СР. ВОЛГИ,18051,15117
2025-12-21 15:00,2025-12-21,15,600000,ОЭС СР. ВОЛГИ,18412,15260
2025-12-21 16:00,2025-12-21,16,600000,ОЭС СР. ВОЛГИ,18723,15752
2025-12-21 17:00,2025-12-21,17,600000,ОЭС СР. ВОЛГИ,18983,15548
2025-12-21 18:00,2025-12-21,18,600000,ОЭС СР. ВОЛГИ,18606,15594
2025-12-21 19:00,2025-12-21,19,600000,ОЭС СР. ВОЛГИ,18074,15353
2025-12-21 20:00,2025-12-21,20,600000,ОЭС СР. ВОЛГИ,17445,14961
2025-12-21 21:00,2025-12-21,21,600000,ОЭС СР. ВОЛГИ,16216,14684
2025-12-21 22:00,2025-12-21,22,600000,ОЭС СР. ВОЛГИ,15220,14186
2025-12-21 23:00,2025-12-21,23,600000,ОЭС СР. ВОЛГИ,14585,13698
2025-12-22 00:00,2025-12-22,0,600000,ОЭС СР. ВОЛГИ,14001,13238
2025-12-22 01:00,2025-12-22,1,600000,ОЭС СР. ВОЛГИ,14094,13054
2025-12-22 02:00,2025-12-22,2,600000,ОЭС СР. ВОЛГИ,14227,12967
2025-12-22 03:00,2025-12-22,3,600000,ОЭС СР. ВОЛГИ,14417,12897
2025-12-22 04:00,2025-12-22,4,600000,ОЭС СР. ВОЛГИ,14348,13064
2025-12-22 05:00,2025-12-22,5,600000,ОЭС СР. ВОЛГИ,14706,13457
2025-12-22 06:00,2025-12-22,6,600000,ОЭС СР. ВОЛГИ,14780,14098
2025-12-22 07:00,2025-12-22,7,600000,ОЭС СР. ВОЛГИ,15364,15096
2025-12-22 08:00,2025-12-22,8,600000,ОЭС СР. ВОЛГИ,17058,16005
2025-12-22 09:00,2025-12-22,9,600000,ОЭС СР. ВОЛГИ,18052,16358
2025-12-22 10:00,2025-12-22,10,600000,ОЭС СР. ВОЛГИ,17982,16456
2025-12-22 11:00,2025-12-22,11,600000,ОЭС СР. ВОЛГИ,18366,16488
2025-12-22 12:00,2025-12-22,12,600000,ОЭС СР. ВОЛГИ,18290,16412
2025-12-22 13:00,2025-12-22,13,600000,ОЭС СР. ВОЛГИ,18480,16539
2025-12-22 14:00,2025-12-22,14,600000,ОЭС СР. ВОЛГИ,18444,16267
2025-12-22 15:00,2025-12-22,15,600000,ОЭС СР. ВОЛГИ,18028,16288
2025-12-22 16:00,2025-12-22,16,600000,ОЭС СР. ВОЛГИ,18263,16379
2025-12-22 17:00,2025-12-22,17,600000,ОЭС СР. ВОЛГИ,18008,16346
2025-12-22 18:00,2025-12-22,18,600000,ОЭС СР. ВОЛГИ,17156,16099
2025-12-22 19:00,2025-12-22,19,600000,ОЭС СР. ВОЛГИ,16491,15669
2025-12-22 20:00,2025-12-22,20,600000,ОЭС СР. ВОЛГИ,16399,15448
2025-12-22 21:00,2025-12-22,21,600000,ОЭС СР. ВОЛГИ,16024,15173
2025-12-22 22:00,2025-12-22,22,600000,ОЭС СР. ВОЛГИ,15879,14732
2025-12-22 23:00,2025-12-22,23,600000,ОЭС СР. ВОЛГИ,14925,13990
2025-12-23 00:00,2025-12-23,0,600000,ОЭС СР. ВОЛГИ,14781,13667
2025-12-23 01:00,2025-12-23,1,600000,ОЭС СР. ВОЛГИ,14472,13400
2025-12-23 02:00,2025-12-23,2,600000,ОЭС СР. ВОЛГИ,14369,13298
2025-12-23 03:00,2025-12-23,3,600000,ОЭС СР. ВОЛГИ,14575,13338
2025-12-23 04:00,2025-12-23,4,600000,ОЭС СР. ВОЛГИ,14361,13294
2025-12-23 05:00,2025-12-23,5,600000,ОЭС СР. ВОЛГИ,14867,13662
2025-12-23 06:00,2025-12-23,6,600000,ОЭС СР. ВОЛГИ,14751,14241
2025-12-23 07:00,2025-12-23,7,600000,ОЭС СР. ВОЛГИ,15869,15233
2025-12-23 08:00,2025-12-23,8,600000,ОЭС СР. ВОЛГИ,16819,15858
2025-12-23 09:00,2025-12-23,9,600000,ОЭС СР. ВОЛГИ,17962,16365
2025-12-23 10:00,2025-12-23,10,600000,ОЭС СР. ВОЛГИ,18372,16385
2025-12-23 11:00,2025-12-23,11,600000,ОЭС СР. ВОЛГИ,18377,16226
2025-12-23 12:00,2025-12-23,12,600000,ОЭС СР. ВОЛГИ,18023,16067
2025-12-23 13:00,2025-12-23,13,600000,ОЭС СР. ВОЛГИ,18336,16423
2025-12-23 14:00,2025-12-23,14,600000,ОЭС СР. ВОЛГИ,18603,16249
2025-12-23 15:00,2025-12-23,15,600000,ОЭС СР. ВОЛГИ,18101,16416
2025-12-23 16:00,2025-12-23,16,600000,ОЭС СР. ВОЛГИ,18540,16594
2025-12-23 17:00,2025-12-23,17,600000,ОЭС СР. ВОЛГИ,18387,16462
2025-12-23 18:00,2025-12-23,18,600000,ОЭС СР. ВОЛГИ,18108,16469
2025-12-23 19:00,2025-12-23,19,600000,ОЭС СР. ВОЛГИ,18355,16162
2025-12-23 20:00,2025-12-23,20,600000,ОЭС СР. ВОЛГИ,17823,15870
2025-12-23 21:00,2025-12-23,21,600000,ОЭС СР. ВОЛГИ,17196,15598
2025-12-23 22:00,2025-12-23,22,600000,ОЭС СР. ВОЛГИ,16389,15194
2025-12-23 23:00,2025-12-23,23,600000,ОЭС СР. ВОЛГИ,15477,14427
2025-12-24 00:00,2025-12-24,0,600000,ОЭС СР. ВОЛГИ,15408,14061
2025-12-24 01:00,2025-12-24,1,600000,ОЭС СР. ВОЛГИ,15613,13891
2025-12-24 02:00,2025-12-24,2,600000,ОЭС СР. ВОЛГИ,15351,13599
2025-12-24 03:00,2025-12-24,3,600000,ОЭС СР. ВОЛГИ,15403,13571
2025-12-24 04:00,2025-12-24,4,600000,ОЭС СР. ВОЛГИ,15915,13711
2025-12-24 05:00,2025-12-24,5,600000,ОЭС СР. ВОЛГИ,15608,14176
2025-12-24 06:00,2025-12-24,6,600000,ОЭС СР. ВОЛГИ,15567,14948
2025-12-24 07:00,2025-12-24,7,600000,ОЭС СР. ВОЛГИ,16716,15977
2025-12-24 08:00,2025-12-24,8,600000,ОЭС СР. ВОЛГИ,17554,16824
2025-12-24 09:00,2025-12-24,9,600000,ОЭС СР. ВОЛГИ,19367,17206
2025-12-24 10:00,2025-12-24,10,600000,ОЭС СР. ВОЛГИ,19493,17440
2025-12-24 11:00,2025-12-24,11,600000,ОЭС СР. ВОЛГИ,18760,17337
2025-12-24 12:00,2025-12-24,12,600000,ОЭС СР. ВОЛГИ,18623,17092
2025-12-24 13:00,2025-12-24,13,600000,ОЭС СР. ВОЛГИ,18810,17244
2025-12-24 14:00,2025-12-24,14,600000,ОЭС СР. ВОЛГИ,18897,17211
2025-12-24 15:00,2025-12-24,15,600000,ОЭС СР. ВОЛГИ,18748,17131
2025-12-24 16:00,2025-12-24,16,600000,ОЭС СР. ВОЛГИ,18749,17334
2025-12-24 17:00,2025-12-24,17,600000,ОЭС СР. ВОЛГИ,19061,17293
2025-12-24 18:00,2025-12-24,18,600000,ОЭС СР. ВОЛГИ,18261,17067
2025-12-24 19:00,2025-12-24,19,600000,ОЭС СР. ВОЛГИ,17925,16608
2025-12-24 20:00,2025-12-24,20,600000,ОЭС СР. ВОЛГИ,17618,16523
2025-12-24 21:00,2025-12-24,21,600000,ОЭС СР. ВОЛГИ,17189,16053
2025-12-24 22:00,2025-12-24,22,600000,ОЭС СР. ВОЛГИ,17286,15363
2025-12-24 23:00,2025-12-24,23,600000,ОЭС СР. ВОЛГИ,15886,14774
2025-12-25 00:00,2025-12-25,0,600000,ОЭС СР. ВОЛГИ,15276,14319
2025-12-25 01:00,2025-12-25,1,600000,ОЭС СР. ВОЛГИ,15851,14110
2025-12-25 02:00,2025-12-25,2,600000,ОЭС СР. ВОЛГИ,16003,13925
2025-12-25 03:00,2025-12-25,3,600000,ОЭС СР. ВОЛГИ,15962,13894
2025-12-25 04:00,2025-12-25,4,600000,ОЭС СР. ВОЛГИ,15689,13924
2025-12-25 05:00,2025-12-25,5,600000,ОЭС СР. ВОЛГИ,16060,14207
2025-12-25 06:00,2025-12-25,6,600000,ОЭС СР. ВОЛГИ,16025,14965
2025-12-25 07:00,2025-12-25,7,600000,ОЭС СР. ВОЛГИ,16521,15983
2025-12-25 08:00,2025-12-25,8,600000,ОЭС СР. ВОЛГИ,16856,16869
2025-12-25 09:00,2025-12-25,9,600000,ОЭС СР. ВОЛГИ,18952,17265
2025-12-25 10:00,2025-12-25,10,600000,ОЭС СР. ВОЛГИ,19421,17367
2025-12-25 11:00,2025-12-25,11,600000,ОЭС СР. ВОЛГИ,19069,17218
2025-12-25 12:00,2025-12-25,12,600000,ОЭС СР. ВОЛГИ,19119,17070
2025-12-25 13:00,2025-12-25,13,600000,ОЭС СР. ВОЛГИ,19485,17110
2025-12-25 14:00,2025-12-25,14,600000,ОЭС СР. ВОЛГИ,19332,17007
2025-12-25 15:00,2025-12-25,15,600000,ОЭС СР. ВОЛГИ,19261,17029
2025-12-25 16:00,2025-12-25,16,600000,ОЭС СР. ВОЛГИ,19065,17230
2025-12-25 17:00,2025-12-25,17,600000,ОЭС СР. ВОЛГИ,18382,16936
2025-12-25 18:00,2025-12-25,18,600000,ОЭС СР. ВОЛГИ,18066,16733
2025-12-25 19:00,2025-12-25,19,600000,ОЭС СР. ВОЛГИ,17612,16497
2025-12-25 20:00,2025-12-25,20,600000,ОЭС СР. ВОЛГИ,17692,16203
2025-12-25 21:00,2025-12-25,21,600000,ОЭС СР. ВОЛГИ,17097,15919
2025-12-25 22:00,2025-12-25,22,600000,ОЭС СР. ВОЛГИ,16407,15356
2025-12-25 23:00,2025-12-25,23,600000,ОЭС СР. ВОЛГИ,15055,14698
2025-12-26 00:00,2025-12-26,0,600000,ОЭС СР. ВОЛГИ,15231,14040
2025-12-26 01:00,2025-12-26,1,600000,ОЭС СР. ВОЛГИ,15164,13860
2025-12-26 02:00,2025-12-26,2,600000,ОЭС СР. ВОЛГИ,14974,13694
2025-12-26 03:00,2025-12-26,3,600000,ОЭС СР. ВОЛГИ,14816,13741
2025-12-26 04:00,2025-12-26,4,600000,ОЭС СР. ВОЛГИ,15156,13713
2025-12-26 05:00,2025-12-26,5,600000,ОЭС СР. ВОЛГИ,15247,14178
2025-12-26 06:00,2025-12-26,6,600000,ОЭС СР. ВОЛГИ,15078,14866
2025-12-26 07:00,2025-12-26,7,600000,ОЭС СР. ВОЛГИ,15938,15691
2025-12-26 08:00,2025-12-26,8,600000,ОЭС СР. ВОЛГИ,18001,16428
2025-12-26 09:00,2025-12-26,9,600000,ОЭС СР. ВОЛГИ,19242,16875
2025-12-26 10:00,2025-12-26,10,600000,ОЭС СР. ВОЛГИ,19136,17073
2025-12-26 11:00,2025-12-26,11,600000,ОЭС СР. ВОЛГИ,18671,16837
2025-12-26 12:00,2025-12-26,12,600000,ОЭС СР. ВОЛГИ,18234,16677
2025-12-26 13:00,2025-12-26,13,600000,ОЭС СР. ВОЛГИ,18136,16542
2025-12-26 14:00,2025-12-26,14,600000,ОЭС СР. ВОЛГИ,18203,16562
2025-12-26 15:00,2025-12-26,15,600000,ОЭС СР. ВОЛГИ,17634,16315
2025-12-26 16:00,2025-12-26,16,600000,ОЭС СР. ВОЛГИ,17865,16395
2025-12-26 17:00,2025-12-26,17,600000,ОЭС СР. ВОЛГИ,18052,16371
2025-12-26 18:00,2025-12-26,18,600000,ОЭС СР. ВОЛГИ,17487,16254
2025-12-26 19:00,2025-12-26,19,600000,ОЭС СР. ВОЛГИ,17152,15887
2025-12-26 20:00,2025-12-26,20,600000,ОЭС СР. ВОЛГИ,16205,15566
2025-12-26 21:00,2025-12-26,21,600000,ОЭС СР. ВОЛГИ,15798,15321
2025-12-26 22:00,2025-12-26,22,600000,ОЭС СР. ВОЛГИ,15718,14998
2025-12-26 23:00,2025-12-26,23,600000,ОЭС СР. ВОЛГИ,15689,14449
2025-12-27 00:00,2025-12-27,0,600000,ОЭС СР. ВОЛГИ,15016,13920
2025-12-27 01:00,2025-12-27,1,600000,ОЭС СР. ВОЛГИ,14932,13638
2025-12-27 02:00,2025-12-27,2,600000,ОЭС СР. ВОЛГИ,14782,13636
2025-12-27 03:00,2025-12-27,3,600000,ОЭС СР. ВОЛГИ,14487,13482
2025-12-27 04:00,2025-12-27,4,600000,ОЭС СР. ВОЛГИ,14427,13365
2025-12-27 05:00,2025-12-27,5,600000,ОЭС СР. ВОЛГИ,14603,13389
2025-12-27 06:00,2025-12-27,6,600000,ОЭС СР. ВОЛГИ,15010,13804
2025-12-27 07:00,2025-12-27,7,600000,ОЭС СР. ВОЛГИ,14776,14333
2025-12-27 08:00,2025-12-27,8,600000,ОЭС СР. ВОЛГИ,14971,15021
2025-12-27 09:00,2025-12-27,9,600000,ОЭС СР. ВОЛГИ,16311,15459
2025-12-27 10:00,2025-12-27,10,600000,ОЭС СР. ВОЛГИ,17310,15717
2025-12-27 11:00,2025-12-27,11,600000,ОЭС СР. ВОЛГИ,17489,15575
2025-12-27 12:00,2025-12-27,12,600000,ОЭС СР. ВОЛГИ,17411,15593
2025-12-27 13:00,2025-12-27,13,600000,ОЭС СР. ВОЛГИ,17552,15587
2025-12-27 14:00,2025-12-27,14,600000,ОЭС СР. ВОЛГИ,17912,15599
2025-12-27 15:00,2025-12-27,15,600000,ОЭС СР. ВОЛГИ,17799,15620
2025-12-27 16:00,2025-12-27,16,600000,ОЭС СР. ВОЛГИ,18537,15949
2025-12-27 17:00,2025-12-27,17,600000,ОЭС СР. ВОЛГИ,18433,16092
2025-12-27 18:00,2025-12-27,18,600000,ОЭС СР. ВОЛГИ,17605,15786
2025-12-27 19:00,2025-12-27,19,600000,ОЭС СР. ВОЛГИ,17463,15520
2025-12-27 20:00,2025-12-27,20,600000,ОЭС СР. ВОЛГИ,17027,15334
2025-12-27 21:00,2025-12-27,21,600000,ОЭС СР. ВОЛГИ,16828,14973
2025-12-27 22:00,2025-12-27,22,600000,ОЭС СР. ВОЛГИ,15695,14523
2025-12-27 23:00,2025-12-27,23,600000,ОЭС СР. ВОЛГИ,15165,14125
2025-12-28 00:00,2025-12-28,0,600000,ОЭС СР. ВОЛГИ,14507,13664
2025-12-28 01:00,2025-12-28,1,600000,ОЭС СР. ВОЛГИ,14509,13237
2025-12-28 02:00,2025-12-28,2,600000,ОЭС СР. ВОЛГИ,14383,13004
2025-12-28 03:00,2025-12-28,3,600000,ОЭС СР. ВОЛГИ,14562,12913
2025-12-28 04:00,2025-12-28,4,600000,ОЭС СР. ВОЛГИ,14720,12906
2025-12-28 05:00,2025-12-28,5,600000,ОЭС СР. ВОЛГИ,14368,13199
2025-12-28 06:00,2025-12-28,6,600000,ОЭС СР. ВОЛГИ,14620,13492
2025-12-28 07:00,2025-12-28,7,600000,ОЭС СР. ВОЛГИ,14568,13813
2025-12-28 08:00,2025-12-28,8,600000,ОЭС СР. ВОЛГИ,14367,14385
2025-12-28 09:00,2025-12-28,9,600000,ОЭС СР. ВОЛГИ,15019,14712
2025-12-28 10:00,2025-12-28,10,600000,ОЭС СР. ВОЛГИ,15818,15006
2025-12-28 11:00,2025-12-28,11,600000,ОЭС СР. ВОЛГИ,16156,15016
2025-12-28 12:00,2025-12-28,12,600000,ОЭС СР. ВОЛГИ,16387,14954
2025-12-28 13:00,2025-12-28,13,600000,ОЭС СР. ВОЛГИ,16184,14879
2025-12-28 14:00,2025-12-28,14,600000,ОЭС СР. ВОЛГИ,16216,14996
2025-12-28 15:00,2025-12-28,15,600000,ОЭС СР. ВОЛГИ,16431,14946
2025-12-28 16:00,2025-12-28,16,600000,ОЭС СР. ВОЛГИ,16602,15454
2025-12-28 17:00,2025-12-28,17,600000,ОЭС СР. ВОЛГИ,17392,15684
2025-12-28 18:00,2025-12-28,18,600000,ОЭС СР. ВОЛГИ,17374,15601
2025-12-28 19:00,2025-12-28,19,600000,ОЭС СР. ВОЛГИ,17199,15245
2025-12-28 20:00,2025-12-28,20,600000,ОЭС СР. ВОЛГИ,17045,15223
2025-12-28 21:00,2025-12-28,21,600000,ОЭС СР. ВОЛГИ,16923,15017
2025-12-28 22:00,2025-12-28,22,600000,ОЭС СР. ВОЛГИ,15686,14515
2025-12-28 23:00,2025-12-28,23,600000,ОЭС СР. ВОЛГИ,14926,13728
2025-12-29 00:00,2025-12-29,0,600000,ОЭС СР. ВОЛГИ,15064,13468
2025-12-29 01:00,2025-12-29,1,600000,ОЭС СР. ВОЛГИ,14801,13048
2025-12-29 02:00,2025-12-29,2,600000,ОЭС СР. ВОЛГИ,14526,13077
2025-12-29 03:00,2025-12-29,3,600000,ОЭС СР. ВОЛГИ,14681,12871
2025-12-29 04:00,2025-12-29,4,600000,ОЭС СР. ВОЛГИ,15045,12877
2025-12-29 05:00,2025-12-29,5,600000,ОЭС СР. ВОЛГИ,14716,13252
2025-12-29 06:00,2025-12-29,6,600000,ОЭС СР. ВОЛГИ,15033,13915
2025-12-29 07:00,2025-12-29,7,600000,ОЭС СР. ВОЛГИ,15740,14820
2025-12-29 08:00,2025-12-29,8,600000,ОЭС СР. ВОЛГИ,16523,15517
2025-12-29 09:00,2025-12-29,9,600000,ОЭС СР. ВОЛГИ,17544,15913
2025-12-29 10:00,2025-12-29,10,600000,ОЭС СР. ВОЛГИ,17261,15850
2025-12-29 11:00,2025-12-29,11,600000,ОЭС СР. ВОЛГИ,17075,15769
2025-12-29 12:00,2025-12-29,12,600000,ОЭС СР. ВОЛГИ,17324,15613
2025-12-29 13:00,2025-12-29,13,600000,ОЭС СР. ВОЛГИ,17803,15690
2025-12-29 14:00,2025-12-29,14,600000,ОЭС СР. ВОЛГИ,17625,15696
2025-12-29 15:00,2025-12-29,15,600000,ОЭС СР. ВОЛГИ,17511,15704
2025-12-29 16:00,2025-12-29,16,600000,ОЭС СР. ВОЛГИ,17424,15788
2025-12-29 17:00,2025-12-29,17,600000,ОЭС СР. ВОЛГИ,17887,15772
2025-12-29 18:00,2025-12-29,18,600000,ОЭС СР. ВОЛГИ,17416,15778
2025-12-29 19:00,2025-12-29,19,600000,ОЭС СР. ВОЛГИ,17933,15572
2025-12-29 20:00,2025-12-29,20,600000,ОЭС СР. ВОЛГИ,17477,15332
2025-12-29 21:00,2025-12-29,21,600000,ОЭС СР. ВОЛГИ,17316,15078
2025-12-29 22:00,2025-12-29,22,600000,ОЭС СР. ВОЛГИ,16301,14708
2025-12-29 23:00,2025-12-29,23,600000,ОЭС СР. ВОЛГИ,15180,13849
2025-12-30 00:00,2025-12-30,0,600000,ОЭС СР. ВОЛГИ,14977,13387
2025-12-30 01:00,2025-12-30,1,600000,ОЭС СР. ВОЛГИ,14614,13036
2025-12-30 02:00,2025-12-30,2,600000,ОЭС СР. ВОЛГИ,14673,13063
2025-12-30 03:00,2025-12-30,3,600000,ОЭС СР. ВОЛГИ,14683,12971
2025-12-30 04:00,2025-12-30,4,600000,ОЭС СР. ВОЛГИ,14405,13044
2025-12-30 05:00,2025-12-30,5,600000,ОЭС СР. ВОЛГИ,14610,13316
2025-12-30 06:00,2025-12-30,6,600000,ОЭС СР. ВОЛГИ,14563,13855
2025-12-30 07:00,2025-12-30,7,600000,ОЭС СР. ВОЛГИ,14848,14590
2025-12-30 08:00,2025-12-30,8,600000,ОЭС СР. ВОЛГИ,15833,15275
2025-12-30 09:00,2025-12-30,9,600000,ОЭС СР. ВОЛГИ,17345,15525
2025-12-30 10:00,2025-12-30,10,600000,ОЭС СР. ВОЛГИ,17318,15607
2025-12-30 11:00,2025-12-30,11,600000,ОЭС СР. ВОЛГИ,16990,15534
2025-12-30 12:00,2025-12-30,12,600000,ОЭС СР. ВОЛГИ,17024,15477
2025-12-30 13:00,2025-12-30,13,600000,ОЭС СР. ВОЛГИ,16908,15419
2025-12-30 14:00,2025-12-30,14,600000,ОЭС СР. ВОЛГИ,16719,15200
2025-12-30 15:00,2025-12-30,15,600000,ОЭС СР. ВОЛГИ,17048,15263
2025-12-30 16:00,2025-12-30,16,600000,ОЭС СР. ВОЛГИ,17604,15517
2025-12-30 17:00,2025-12-30,17,600000,ОЭС СР. ВОЛГИ,17567,15471
2025-12-30 18:00,2025-12-30,18,600000,ОЭС СР. ВОЛГИ,17333,15347
2025-12-30 19:00,2025-12-30,19,600000,ОЭС СР. ВОЛГИ,17070,15028
2025-12-30 20:00,2025-12-30,20,600000,ОЭС СР. ВОЛГИ,17128,14998
2025-12-30 21:00,2025-12-30,21,600000,ОЭС СР. ВОЛГИ,16553,14742
2025-12-30 22:00,2025-12-30,22,600000,ОЭС СР. ВОЛГИ,16138,14301
2025-12-30 23:00,2025-12-30,23,600000,ОЭС СР. ВОЛГИ,14745,13659
2025-12-31 00:00,2025-12-31,0,600000,ОЭС СР. ВОЛГИ,14431,13238
2025-12-31 01:00,2025-12-31,1,600000,ОЭС СР. ВОЛГИ,14295,12777
2025-12-31 02:00,2025-12-31,2,600000,ОЭС СР. ВОЛГИ,13985,12643
2025-12-31 03:00,2025-12-31,3,600000,ОЭС СР. ВОЛГИ,14226,12522
2025-12-31 04:00,2025-12-31,4,600000,ОЭС СР. ВОЛГИ,14079,12404
2025-12-31 05:00,2025-12-31,5,600000,ОЭС СР. ВОЛГИ,14148,12707
2025-12-31 06:00,2025-12-31,6,600000,ОЭС СР. ВОЛГИ,14551,12846
2025-12-31 07:00,2025-12-31,7,600000,ОЭС СР. ВОЛГИ,14338,13062
2025-12-31 08:00,2025-12-31,8,600000,ОЭС СР. ВОЛГИ,14386,13619
2025-12-31 09:00,2025-12-31,9,600000,ОЭС СР. ВОЛГИ,15037,14080
2025-12-31 10:00,2025-12-31,10,600000,ОЭС СР. ВОЛГИ,15695,14333
2025-12-31 11:00,2025-12-31,11,600000,ОЭС СР. ВОЛГИ,15717,14531
2025-12-31 12:00,2025-12-31,12,600000,ОЭС СР. ВОЛГИ,16060,14596
2025-12-31 13:00,2025-12-31,13,600000,ОЭС СР. ВОЛГИ,16375,14287
2025-12-31 14:00,2025-12-31,14,600000,ОЭС СР. ВОЛГИ,16543,14324
2025-12-31 15:00,2025-12-31,15,600000,ОЭС СР. ВОЛГИ,16563,14509
2025-12-31 16:00,2025-12-31,16,600000,ОЭС СР. ВОЛГИ,17075,14979
2025-12-31 17:00,2025-12-31,17,600000,ОЭС СР. ВОЛГИ,18231,15202
2025-12-31 18:00,2025-12-31,18,600000,ОЭС СР. ВОЛГИ,18111,15038
2025-12-31 19:00,2025-12-31,19,600000,ОЭС СР. ВОЛГИ,17403,14662
2025-12-31 20:00,2025-12-31,20,600000,ОЭС СР. ВОЛГИ,17267,14627
2025-12-31 21:00,2025-12-31,21,600000,ОЭС СР. ВОЛГИ,16403,14335
2025-12-31 22:00,2025-12-31,22,600000,ОЭС СР. ВОЛГИ,15250,13733
2025-12-31 23:00,2025-12-31,23,600000,ОЭС СР. ВОЛГИ,15775,13560
2026-01-01 00:00,2026-01-01,0,600000,ОЭС СР. ВОЛГИ,14739,13137
2026-01-01 01:00,2026-01-01,1,600000,ОЭС СР. ВОЛГИ,14627,12924
2026-01-01 02:00,2026-01-01,2,600000,ОЭС СР. ВОЛГИ,14862,12752
2026-01-01 03:00,2026-01-01,3,600000,ОЭС СР. ВОЛГИ,14626,12660
2026-01-01 04:00,2026-01-01,4,600000,ОЭС СР. ВОЛГИ,14616,12477
2026-01-01 05:00,2026-01-01,5,600000,ОЭС СР. ВОЛГИ,14566,12362
2026-01-01 06:00,2026-01-01,6,600000,ОЭС СР. ВОЛГИ,14947,12498
2026-01-01 07:00,2026-01-01,7,600000,ОЭС СР. ВОЛГИ,14901,12481
2026-01-01 08:00,2026-01-01,8,600000,ОЭС СР. ВОЛГИ,14628,12585
2026-01-01 09:00,2026-01-01,9,600000,ОЭС СР. ВОЛГИ,14846,12671
2026-01-01 10:00,2026-01-01,10,600000,ОЭС СР. ВОЛГИ,14962,12897
2026-01-01 11:00,2026-01-01,11,600000,ОЭС СР. ВОЛГИ,14862,13222
2026-01-01 12:00,2026-01-01,12,600000,ОЭС СР. ВОЛГИ,14823,13341
2026-01-01 13:00,2026-01-01,13,600000,ОЭС СР. ВОЛГИ,14834,13263
2026-01-01 14:00,2026-01-01,14,600000,ОЭС СР. ВОЛГИ,14940,13413
2026-01-01 15:00,2026-01-01,15,600000,ОЭС СР. ВОЛГИ,14934,13488
2026-01-01 16:00,2026-01-01,16,600000,ОЭС СР. ВОЛГИ,15508,13862
2026-01-01 17:00,2026-01-01,17,600000,ОЭС СР. ВОЛГИ,16081,14049
2026-01-01 18:00,2026-01-01,18,600000,ОЭС СР. ВОЛГИ,15968,13964
2026-01-01 19:00,2026-01-01,19,600000,ОЭС СР. ВОЛГИ,16037,13827
2026-01-01 20:00,2026-01-01,20,600000,ОЭС СР. ВОЛГИ,15987,13895
2026-01-01 21:00,2026-01-01,21,600000,ОЭС СР. ВОЛГИ,15540,13867
2026-01-01 22:00,2026-01-01,22,600000,ОЭС СР. ВОЛГИ,15200,13598
2026-01-01 23:00,2026-01-01,23,600000,ОЭС СР. ВОЛГИ,14634,13044
2026-01-02 00:00,2026-01-02,0,600000,ОЭС СР. ВОЛГИ,14949,12940
2026-01-02 01:00,2026-01-02,1,600000,ОЭС СР. ВОЛГИ,15014,12641
2026-01-02 02:00,2026-01-02,2,600000,ОЭС СР. ВОЛГИ,14474,12428
2026-01-02 03:00,2026-01-02,3,600000,ОЭС СР. ВОЛГИ,14586,12249
2026-01-02 04:00,2026-01-02,4,600000,ОЭС СР. ВОЛГИ,14802,12267
2026-01-02 05:00,2026-01-02,5,600000,ОЭС СР. ВОЛГИ,15062,12526
2026-01-02 06:00,2026-01-02,6,600000,ОЭС СР. ВОЛГИ,14891,12670
2026-01-02 07:00,2026-01-02,7,600000,ОЭС СР. ВОЛГИ,14497,12972
2026-01-02 08:00,2026-01-02,8,600000,ОЭС СР. ВОЛГИ,14687,13323
2026-01-02 09:00,2026-01-02,9,600000,ОЭС СР. ВОЛГИ,14865,13538
2026-01-02 10:00,2026-01-02,10,600000,ОЭС СР. ВОЛГИ,14914,13925
2026-01-02 11:00,2026-01-02,11,600000,ОЭС СР. ВОЛГИ,15604,14056
2026-01-02 12:00,2026-01-02,12,600000,ОЭС СР. ВОЛГИ,15630,14113
2026-01-02 13:00,2026-01-02,13,600000,ОЭС СР. ВОЛГИ,15569,13986
2026-01-02 14:00,2026-01-02,14,600000,ОЭС СР. ВОЛГИ,15292,14048
2026-01-02 15:00,2026-01-02,15,600000,ОЭС СР. ВОЛГИ,15633,14143
2026-01-02 16:00,2026-01-02,16,600000,ОЭС СР. ВОЛГИ,16401,14488
2026-01-02 17:00,2026-01-02,17,600000,ОЭС СР. ВОЛГИ,16488,14704
2026-01-02 18:00,2026-01-02,18,600000,ОЭС СР. ВОЛГИ,16184,14686
2026-01-02 19:00,2026-01-02,19,600000,ОЭС СР. ВОЛГИ,15945,14536
2026-01-02 20:00,2026-01-02,20,600000,ОЭС СР. ВОЛГИ,15994,14314
2026-01-02 21:00,2026-01-02,21,600000,ОЭС СР. ВОЛГИ,15390,14136
2026-01-02 22:00,2026-01-02,22,600000,ОЭС СР. ВОЛГИ,15103,13886
2026-01-02 23:00,2026-01-02,23,600000,ОЭС СР. ВОЛГИ,15084,13534
2026-01-03 00:00,2026-01-03,0,600000,ОЭС СР. ВОЛГИ,15269,13065
2026-01-03 01:00,2026-01-03,1,600000,ОЭС СР. ВОЛГИ,14584,12697
2026-01-03 02:00,2026-01-03,2,600000,ОЭС СР. ВОЛГИ,14442,12688
2026-01-03 03:00,2026-01-03,3,600000,ОЭС СР. ВОЛГИ,14693,12572
2026-01-03 04:00,2026-01-03,4,600000,ОЭС СР. ВОЛГИ,14722,12556
2026-01-03 05:00,2026-01-03,5,600000,ОЭС СР. ВОЛГИ,14911,12754
2026-01-03 06:00,2026-01-03,6,600000,ОЭС СР. ВОЛГИ,15122,12867
2026-01-03 07:00,2026-01-03,7,600000,ОЭС СР. ВОЛГИ,15103,13341
2026-01-03 08:00,2026-01-03,8,600000,ОЭС СР. ВОЛГИ,14789,13673
2026-01-03 09:00,2026-01-03,9,600000,ОЭС СР. ВОЛГИ,15316,14137
2026-01-03 10:00,2026-01-03,10,600000,ОЭС СР. ВОЛГИ,15769,14447
2026-01-03 11:00,2026-01-03,11,600000,ОЭС СР. ВОЛГИ,16226,14553
2026-01-03 12:00,2026-01-03,12,600000,ОЭС СР. ВОЛГИ,16661,14672
2026-01-03 13:00,2026-01-03,13,600000,ОЭС СР. ВОЛГИ,16673,14408
2026-01-03 14:00,2026-01-03,14,600000,ОЭС СР. ВОЛГИ,16360,14570
2026-01-03 15:00,2026-01-03,15,600000,ОЭС СР. ВОЛГИ,16172,14589
2026-01-03 16:00,2026-01-03,16,600000,ОЭС СР. ВОЛГИ,16374,14855
2026-01-03 17:00,2026-01-03,17,600000,ОЭС СР. ВОЛГИ,16847,14939
2026-01-03 18:00,2026-01-03,18,600000,ОЭС СР. ВОЛГИ,17006,14899
2026-01-03 19:00,2026-01-03,19,600000,ОЭС СР. ВОЛГИ,16751,14649
2026-01-03 20:00,2026-01-03,20,600000,ОЭС СР. ВОЛГИ,16437,14466
2026-01-03 21:00,2026-01-03,21,600000,ОЭС СР. ВОЛГИ,15720,14178
2026-01-03 22:00,2026-01-03,22,600000,ОЭС СР. ВОЛГИ,15129,13967
2026-01-03 23:00,2026-01-03,23,600000,ОЭС СР. ВОЛГИ,14509,13436
2026-01-04 00:00,2026-01-04,0,600000,ОЭС СР. ВОЛГИ,14339,12992
2026-01-04 01:00,2026-01-04,1,600000,ОЭС СР. ВОЛГИ,14716,12849
2026-01-04 02:00,2026-01-04,2,600000,ОЭС СР. ВОЛГИ,14288,12561
2026-01-04 03:00,2026-01-04,3,600000,ОЭС СР. ВОЛГИ,14158,12534
2026-01-04 04:00,2026-01-04,4,600000,ОЭС СР. ВОЛГИ,14600,12574
2026-01-04 05:00,2026-01-04,5,600000,ОЭС СР. ВОЛГИ,14349,12654
2026-01-04 06:00,2026-01-04,6,600000,ОЭС СР. ВОЛГИ,14438,12732
2026-01-04 07:00,2026-01-04,7,600000,ОЭС СР. ВОЛГИ,14422,13083
2026-01-04 08:00,2026-01-04,8,600000,ОЭС СР. ВОЛГИ,14674,13503
2026-01-04 09:00,2026-01-04,9,600000,ОЭС СР. ВОЛГИ,15370,13780
2026-01-04 10:00,2026-01-04,10,600000,ОЭС СР. ВОЛГИ,15791,14156
2026-01-04 11:00,2026-01-04,11,600000,ОЭС СР. ВОЛГИ,16048,14318
2026-01-04 12:00,2026-01-04,12,600000,ОЭС СР. ВОЛГИ,15907,14382
2026-01-04 13:00,2026-01-04,13,600000,ОЭС СР. ВОЛГИ,15968,14370
2026-01-04 14:00,2026-01-04,14,600000,ОЭС СР. ВОЛГИ,16123,14253
2026-01-04 15:00,2026-01-04,15,600000,ОЭС СР. ВОЛГИ,15837,14296
2026-01-04 16:00,2026-01-04,16,600000,ОЭС СР. ВОЛГИ,16080,14658
2026-01-04 17:00,2026-01-04,17,600000,ОЭС СР. ВОЛГИ,17004,14922
2026-01-04 18:00,2026-01-04,18,600000,ОЭС СР. ВОЛГИ,16802,14628
2026-01-04 19:00,2026-01-04,19,600000,ОЭС СР. ВОЛГИ,16739,14529
2026-01-04 20:00,2026-01-04,20,600000,ОЭС СР. ВОЛГИ,16222,14414
2026-01-04 21:00,2026-01-04,21,600000,ОЭС СР. ВОЛГИ,15202,14216
2026-01-04 22:00,2026-01-04,22,600000,ОЭС СР. ВОЛГИ,14495,13793
2026-01-04 23:00,2026-01-04,23,600000,ОЭС СР. ВОЛГИ,14642,13292
2026-01-05 00:00,2026-01-05,0,600000,ОЭС СР. ВОЛГИ,14429,12768
2026-01-05 01:00,2026-01-05,1,600000,ОЭС СР. ВОЛГИ,13980,12600
2026-01-05 02:00,2026-01-05,2,600000,ОЭС СР. ВОЛГИ,13883,12444
2026-01-05 03:00,2026-01-05,3,600000,ОЭС СР. ВОЛГИ,14067,12260
2026-01-05 04:00,2026-01-05,4,600000,ОЭС СР. ВОЛГИ,14208,12263
2026-01-05 05:00,2026-01-05,5,600000,ОЭС СР. ВОЛГИ,14112,12391
2026-01-05 06:00,2026-01-05,6,600000,ОЭС СР. ВОЛГИ,14422,12731
2026-01-05 07:00,2026-01-05,7,600000,ОЭС СР. ВОЛГИ,14360,13139
2026-01-05 08:00,2026-01-05,8,600000,ОЭС СР. ВОЛГИ,14391,13652
2026-01-05 09:00,2026-01-05,9,600000,ОЭС СР. ВОЛГИ,14507,14172
2026-01-05 10:00,2026-01-05,10,600000,ОЭС СР. ВОЛГИ,15466,14575
2026-01-05 11:00,2026-01-05,11,600000,ОЭС СР. ВОЛГИ,15374,14687
2026-01-05 12:00,2026-01-05,12,600000,ОЭС СР. ВОЛГИ,15671,14599
2026-01-05 13:00,2026-01-05,13,600000,ОЭС СР. ВОЛГИ,16064,14670
2026-01-05 14:00,2026-01-05,14,600000,ОЭС СР. ВОЛГИ,16141,14612
2026-01-05 15:00,2026-01-05,15,600000,ОЭС СР. ВОЛГИ,16229,14626
2026-01-05 16:00,2026-01-05,16,600000,ОЭС СР. ВОЛГИ,16350,14817
2026-01-05 17:00,2026-01-05,17,600000,ОЭС СР. ВОЛГИ,16851,14870
2026-01-05 18:00,2026-01-05,18,600000,ОЭС СР. ВОЛГИ,16785,14844
2026-01-05 19:00,2026-01-05,19,600000,ОЭС СР. ВОЛГИ,16519,14650
2026-01-05 20:00,2026-01-05,20,600000,ОЭС СР. ВОЛГИ,16080,14512
2026-01-05 21:00,2026-01-05,21,600000,ОЭС СР. ВОЛГИ,15474,14182
2026-01-05 22:00,2026-01-05,22,600000,ОЭС СР. ВОЛГИ,14938,13852
2026-01-05 23:00,2026-01-05,23,600000,ОЭС СР. ВОЛГИ,14879,13383
2026-01-06 00:00,2026-01-06,0,600000,ОЭС СР. ВОЛГИ,14810,12980
2026-01-06 01:00,2026-01-06,1,600000,ОЭС СР. ВОЛГИ,14446,12817
2026-01-06 02:00,2026-01-06,2,600000,ОЭС СР. ВОЛГИ,14038,12599
2026-01-06 03:00,2026-01-06,3,600000,ОЭС СР. ВОЛГИ,14072,12409
2026-01-06 04:00,2026-01-06,4,600000,ОЭС СР. ВОЛГИ,14065,12324
2026-01-06 05:00,2026-01-06,5,600000,ОЭС СР. ВОЛГИ,14189,12542
2026-01-06 06:00,2026-01-06,6,600000,ОЭС СР. ВОЛГИ,14412,12799
2026-01-06 07:00,2026-01-06,7,600000,ОЭС СР. ВОЛГИ,14987,13229
2026-01-06 08:00,2026-01-06,8,600000,ОЭС СР. ВОЛГИ,14918,13608
2026-01-06 09:00,2026-01-06,9,600000,ОЭС СР. ВОЛГИ,14994,14037
2026-01-06 10:00,2026-01-06,10,600000,ОЭС СР. ВОЛГИ,15499,14434
2026-01-06 11:00,2026-01-06,11,600000,ОЭС СР. ВОЛГИ,16005,14559
2026-01-06 12:00,2026-01-06,12,600000,ОЭС СР. ВОЛГИ,16301,14521
2026-01-06 13:00,2026-01-06,13,600000,ОЭС СР. ВОЛГИ,16589,14581
2026-01-06 14:00,2026-01-06,14,600000,ОЭС СР. ВОЛГИ,16522,14527
2026-01-06 15:00,2026-01-06,15,600000,ОЭС СР. ВОЛГИ,16363,14726
2026-01-06 16:00,2026-01-06,16,600000,ОЭС СР. ВОЛГИ,16312,14986
2026-01-06 17:00,2026-01-06,17,600000,ОЭС СР. ВОЛГИ,16891,15125
2026-01-06 18:00,2026-01-06,18,600000,ОЭС СР. ВОЛГИ,16988,15055
2026-01-06 19:00,2026-01-06,19,600000,ОЭС СР. ВОЛГИ,16446,14834
2026-01-06 20:00,2026-01-06,20,600000,ОЭС СР. ВОЛГИ,15833,14562
2026-01-06 21:00,2026-01-06,21,600000,ОЭС СР. ВОЛГИ,15701,14404
2026-01-06 22:00,2026-01-06,22,600000,ОЭС СР. ВОЛГИ,15331,14012
2026-01-06 23:00,2026-01-06,23,600000,ОЭС СР. ВОЛГИ,14952,13549
2026-01-07 00:00,2026-01-07,0,600000,ОЭС СР. ВОЛГИ,14708,13178
2026-01-07 01:00,2026-01-07,1,600000,ОЭС СР. ВОЛГИ,14214,12847
2026-01-07 02:00,2026-01-07,2,600000,ОЭС СР. ВОЛГИ,13783,12627
2026-01-07 03:00,2026-01-07,3,600000,ОЭС СР. ВОЛГИ,14314,12503
2026-01-07 04:00,2026-01-07,4,600000,ОЭС СР. ВОЛГИ,13928,12378
2026-01-07 05:00,2026-01-07,5,600000,ОЭС СР. ВОЛГИ,14359,12711
2026-01-07 06:00,2026-01-07,6,600000,ОЭС СР. ВОЛГИ,14363,12862
2026-01-07 07:00,2026-01-07,7,600000,ОЭС СР. ВОЛГИ,14334,13262
2026-01-07 08:00,2026-01-07,8,600000,ОЭС СР. ВОЛГИ,14307,13517
2026-01-07 09:00,2026-01-07,9,600000,ОЭС СР. ВОЛГИ,14547,13737
2026-01-07 10:00,2026-01-07,10,600000,ОЭС СР. ВОЛГИ,15259,14036
2026-01-07 11:00,2026-01-07,11,600000,ОЭС СР. ВОЛГИ,15805,14381
2026-01-07 12:00,2026-01-07,12,600000,ОЭС СР. ВОЛГИ,15949,14311
2026-01-07 13:00,2026-01-07,13,600000,ОЭС СР. ВОЛГИ,16204,14315
2026-01-07 14:00,2026-01-07,14,600000,ОЭС СР. ВОЛГИ,16089,14456
2026-01-07 15:00,2026-01-07,15,600000,ОЭС СР. ВОЛГИ,16003,14327
2026-01-07 16:00,2026-01-07,16,600000,ОЭС СР. ВОЛГИ,16598,14692
2026-01-07 17:00,2026-01-07,17,600000,ОЭС СР. ВОЛГИ,17344,14925
2026-01-07 18:00,2026-01-07,18,600000,ОЭС СР. ВОЛГИ,17691,14807
2026-01-07 19:00,2026-01-07,19,600000,ОЭС СР. ВОЛГИ,17414,14629
2026-01-07 20:00,2026-01-07,20,600000,ОЭС СР. ВОЛГИ,16731,14476
2026-01-07 21:00,2026-01-07,21,600000,ОЭС СР. ВОЛГИ,15389,14132
2026-01-07 22:00,2026-01-07,22,600000,ОЭС СР. ВОЛГИ,14984,13846
2026-01-07 23:00,2026-01-07,23,600000,ОЭС СР. ВОЛГИ,14797,13356
2026-01-08 00:00,2026-01-08,0,600000,ОЭС СР. ВОЛГИ,14313,13083
2026-01-08 01:00,2026-01-08,1,600000,ОЭС СР. ВОЛГИ,14041,12821
2026-01-08 02:00,2026-01-08,2,600000,ОЭС СР. ВОЛГИ,14439,12618
2026-01-08 03:00,2026-01-08,3,600000,ОЭС СР. ВОЛГИ,14201,12583
2026-01-08 04:00,2026-01-08,4,600000,ОЭС СР. ВОЛГИ,14091,12414
2026-01-08 05:00,2026-01-08,5,600000,ОЭС СР. ВОЛГИ,14270,12577
2026-01-08 06:00,2026-01-08,6,600000,ОЭС СР. ВОЛГИ,14575,12927
2026-01-08 07:00,2026-01-08,7,600000,ОЭС СР. ВОЛГИ,14845,13330
2026-01-08 08:00,2026-01-08,8,600000,ОЭС СР. ВОЛГИ,14791,13725
2026-01-08 09:00,2026-01-08,9,600000,ОЭС СР. ВОЛГИ,15447,14301
2026-01-08 10:00,2026-01-08,10,600000,ОЭС СР. ВОЛГИ,15508,14411
2026-01-08 11:00,2026-01-08,11,600000,ОЭС СР. ВОЛГИ,16137,14550
2026-01-08 12:00,2026-01-08,12,600000,ОЭС СР. ВОЛГИ,16289,14588
2026-01-08 13:00,2026-01-08,13,600000,ОЭС СР. ВОЛГИ,16481,14808
2026-01-08 14:00,2026-01-08,14,600000,ОЭС СР. ВОЛГИ,16425,14776
2026-01-08 15:00,2026-01-08,15,600000,ОЭС СР. ВОЛГИ,16323,14769
2026-01-08 16:00,2026-01-08,16,600000,ОЭС СР. ВОЛГИ,16863,15133
2026-01-08 17:00,2026-01-08,17,600000,ОЭС СР. ВОЛГИ,17413,15245
2026-01-08 18:00,2026-01-08,18,600000,ОЭС СР. ВОЛГИ,17625,14984
2026-01-08 19:00,2026-01-08,19,600000,ОЭС СР. ВОЛГИ,17397,14886
2026-01-08 20:00,2026-01-08,20,600000,ОЭС СР. ВОЛГИ,16657,14781
2026-01-08 21:00,2026-01-08,21,600000,ОЭС СР. ВОЛГИ,16281,14533
2026-01-08 22:00,2026-01-08,22,600000,ОЭС СР. ВОЛГИ,15244,13965
2026-01-08 23:00,2026-01-08,23,600000,ОЭС СР. ВОЛГИ,14239,13437
2026-01-09 00:00,2026-01-09,0,600000,ОЭС СР. ВОЛГИ,14282,13157
2026-01-09 01:00,2026-01-09,1,600000,ОЭС СР. ВОЛГИ,13734,12810
2026-01-09 02:00,2026-01-09,2,600000,ОЭС СР. ВОЛГИ,13835,12693
2026-01-09 03:00,2026-01-09,3,600000,ОЭС СР. ВОЛГИ,13515,12502
2026-01-09 04:00,2026-01-09,4,600000,ОЭС СР. ВОЛГИ,13720,12647
2026-01-09 05:00,2026-01-09,5,600000,ОЭС СР. ВОЛГИ,13729,12560
2026-01-09 06:00,2026-01-09,6,600000,ОЭС СР. ВОЛГИ,13977,13038
2026-01-09 07:00,2026-01-09,7,600000,ОЭС СР. ВОЛГИ,13958,13426
2026-01-09 08:00,2026-01-09,8,600000,ОЭС СР. ВОЛГИ,14531,13978
2026-01-09 09:00,2026-01-09,9,600000,ОЭС СР. ВОЛГИ,14466,14325
2026-01-09 10:00,2026-01-09,10,600000,ОЭС СР. ВОЛГИ,15739,14682
2026-01-09 11:00,2026-01-09,11,600000,ОЭС СР. ВОЛГИ,16334,14956
2026-01-09 12:00,2026-01-09,12,600000,ОЭС СР. ВОЛГИ,16804,15045
2026-01-09 13:00,2026-01-09,13,600000,ОЭС СР. ВОЛГИ,16701,15029
2026-01-09 14:00,2026-01-09,14,600000,ОЭС СР. ВОЛГИ,16837,14895
2026-01-09 15:00,2026-01-09,15,600000,ОЭС СР. ВОЛГИ,16632,14774
2026-01-09 16:00,2026-01-09,16,600000,ОЭС СР. ВОЛГИ,17074,15069
2026-01-09 17:00,2026-01-09,17,600000,ОЭС СР. ВОЛГИ,17319,15273
2026-01-09 18:00,2026-01-09,18,600000,ОЭС СР. ВОЛГИ,17304,15075
2026-01-09 19:00,2026-01-09,19,600000,ОЭС СР. ВОЛГИ,16964,14797
2026-01-09 20:00,2026-01-09,20,600000,ОЭС СР. ВОЛГИ,16896,14609
2026-01-09 21:00,2026-01-09,21,600000,ОЭС СР. ВОЛГИ,15870,14431
2026-01-09 22:00,2026-01-09,22,600000,ОЭС СР. ВОЛГИ,15333,14074
2026-01-09 23:00,2026-01-09,23,600000,ОЭС СР. ВОЛГИ,15139,13608
2026-01-10 00:00,2026-01-10,0,600000,ОЭС СР. ВОЛГИ,14043,13154
2026-01-10 01:00,2026-01-10,1,600000,ОЭС СР. ВОЛГИ,14012,12992
2026-01-10 02:00,2026-01-10,2,600000,ОЭС СР. ВОЛГИ,13616,12829
2026-01-10 03:00,2026-01-10,3,600000,ОЭС СР. ВОЛГИ,13784,12744
2026-01-10 04:00,2026-01-10,4,600000,ОЭС СР. ВОЛГИ,13757,12705
2026-01-10 05:00,2026-01-10,5,600000,ОЭС СР. ВОЛГИ,13538,12824
2026-01-10 06:00,2026-01-10,6,600000,ОЭС СР. ВОЛГИ,13720,13153
2026-01-10 07:00,2026-01-10,7,600000,ОЭС СР. ВОЛГИ,14469,13440
2026-01-10 08:00,2026-01-10,8,600000,ОЭС СР. ВОЛГИ,14111,13718
2026-01-10 09:00,2026-01-10,9,600000,ОЭС СР. ВОЛГИ,14583,14250
2026-01-10 10:00,2026-01-10,10,600000,ОЭС СР. ВОЛГИ,15206,14580
2026-01-10 11:00,2026-01-10,11,600000,ОЭС СР. ВОЛГИ,16197,14733
2026-01-10 12:00,2026-01-10,12,600000,ОЭС СР. ВОЛГИ,16706,14780
2026-01-10 13:00,2026-01-10,13,600000,ОЭС СР. ВОЛГИ,16432,14875
2026-01-10 14:00,2026-01-10,14,600000,ОЭС СР. ВОЛГИ,16565,14818
2026-01-10 15:00,2026-01-10,15,600000,ОЭС СР. ВОЛГИ,16387,14751
2026-01-10 16:00,2026-01-10,16,600000,ОЭС СР. ВОЛГИ,16427,14958
2026-01-10 17:00,2026-01-10,17,600000,ОЭС СР. ВОЛГИ,17545,15351
2026-01-10 18:00,2026-01-10,18,600000,ОЭС СР. ВОЛГИ,17593,15065
2026-01-10 19:00,2026-01-10,19,600000,ОЭС СР. ВОЛГИ,17427,14947
2026-01-10 20:00,2026-01-10,20,600000,ОЭС СР. ВОЛГИ,16401,14723
2026-01-10 21:00,2026-01-10,21,600000,ОЭС СР. ВОЛГИ,15916,14394
2026-01-10 22:00,2026-01-10,22,600000,ОЭС СР. ВОЛГИ,15292,14103
2026-01-10 23:00,2026-01-10,23,600000,ОЭС СР. ВОЛГИ,14755,13627
2026-01-11 00:00,2026-01-11,0,600000,ОЭС СР. ВОЛГИ,14216,13157
2026-01-11 01:00,2026-01-11,1,600000,ОЭС СР. ВОЛГИ,13826,12933
2026-01-11 02:00,2026-01-11,2,600000,ОЭС СР. ВОЛГИ,13802,12714
2026-01-11 03:00,2026-01-11,3,600000,ОЭС СР. ВОЛГИ,13944,12664
2026-01-11 04:00,2026-01-11,4,600000,ОЭС СР. ВОЛГИ,14036,12684
2026-01-11 05:00,2026-01-11,5,600000,ОЭС СР. ВОЛГИ,14109,12798
2026-01-11 06:00,2026-01-11,6,600000,ОЭС СР. ВОЛГИ,14402,13051
2026-01-11 07:00,2026-01-11,7,600000,ОЭС СР. ВОЛГИ,14488,13417
2026-01-11 08:00,2026-01-11,8,600000,ОЭС СР. ВОЛГИ,14608,13754
2026-01-11 09:00,2026-01-11,9,600000,ОЭС СР. ВОЛГИ,14685,14262
2026-01-11 10:00,2026-01-11,10,600000,ОЭС СР. ВОЛГИ,15167,14555
2026-01-11 11:00,2026-01-11,11,600000,ОЭС СР. ВОЛГИ,15754,14697
2026-01-11 12:00,2026-01-11,12,600000,ОЭС СР. ВОЛГИ,16025,14682
2026-01-11 13:00,2026-01-11,13,600000,ОЭС СР. ВОЛГИ,16072,14699
2026-01-11 14:00,2026-01-11,14,600000,ОЭС СР. ВОЛГИ,16440,14719
2026-01-11 15:00,2026-01-11,15,600000,ОЭС СР. ВОЛГИ,16672,14661
2026-01-11 16:00,2026-01-11,16,600000,ОЭС СР. ВОЛГИ,17097,15045
2026-01-11 17:00,2026-01-11,17,600000,ОЭС СР. ВОЛГИ,17836,15417
2026-01-11 18:00,2026-01-11,18,600000,ОЭС СР. ВОЛГИ,17885,15351
2026-01-11 19:00,2026-01-11,19,600000,ОЭС СР. ВОЛГИ,17640,15181
2026-01-11 20:00,2026-01-11,20,600000,ОЭС СР. ВОЛГИ,16619,14884
2026-01-11 21:00,2026-01-11,21,600000,ОЭС СР. ВОЛГИ,16484,14735
2026-01-11 22:00,2026-01-11,22,600000,ОЭС СР. ВОЛГИ,15337,14096
2026-01-11 23:00,2026-01-11,23,600000,ОЭС СР. ВОЛГИ,14789,13536
2026-01-12 00:00,2026-01-12,0,600000,ОЭС СР. ВОЛГИ,14166,13062
2026-01-12 01:00,2026-01-12,1,600000,ОЭС СР. ВОЛГИ,13986,12773
2026-01-12 02:00,2026-01-12,2,600000,ОЭС СР. ВОЛГИ,14290,12714
2026-01-12 03:00,2026-01-12,3,600000,ОЭС СР. ВОЛГИ,14216,12720
2026-01-12 04:00,2026-01-12,4,600000,ОЭС СР. ВОЛГИ,14112,12730
2026-01-12 05:00,2026-01-12,5,600000,ОЭС СР. ВОЛГИ,14684,13090
2026-01-12 06:00,2026-01-12,6,600000,ОЭС СР. ВОЛГИ,14959,13928
2026-01-12 07:00,2026-01-12,7,600000,ОЭС СР. ВОЛГИ,14514,14834
2026-01-12 08:00,2026-01-12,8,600000,ОЭС СР. ВОЛГИ,15458,15546
2026-01-12 09:00,2026-01-12,9,600000,ОЭС СР. ВОЛГИ,16067,15835
2026-01-12 10:00,2026-01-12,10,600000,ОЭС СР. ВОЛГИ,16958,15993
2026-01-12 11:00,2026-01-12,11,600000,ОЭС СР. ВОЛГИ,17761,16194
2026-01-12 12:00,2026-01-12,12,600000,ОЭС СР. ВОЛГИ,17810,15965
2026-01-12 13:00,2026-01-12,13,600000,ОЭС СР. ВОЛГИ,18079,15954
2026-01-12 14:00,2026-01-12,14,600000,ОЭС СР. ВОЛГИ,18048,16014
2026-01-12 15:00,2026-01-12,15,600000,ОЭС СР. ВОЛГИ,17490,15922
2026-01-12 16:00,2026-01-12,16,600000,ОЭС СР. ВОЛГИ,17764,15787
2026-01-12 17:00,2026-01-12,17,600000,ОЭС СР. ВОЛГИ,17923,15889
2026-01-12 18:00,2026-01-12,18,600000,ОЭС СР. ВОЛГИ,17805,15763
2026-01-12 19:00,2026-01-12,19,600000,ОЭС СР. ВОЛГИ,17758,15605
2026-01-12 20:00,2026-01-12,20,600000,ОЭС СР. ВОЛГИ,17171,15205
2026-01-12 21:00,2026-01-12,21,600000,ОЭС СР. ВОЛГИ,16215,15066
2026-01-12 22:00,2026-01-12,22,600000,ОЭС СР. ВОЛГИ,15813,14546
2026-01-12 23:00,2026-01-12,23,600000,ОЭС СР. ВОЛГИ,15072,13881
2026-01-13 00:00,2026-01-13,0,600000,ОЭС СР. ВОЛГИ,14899,13452
2026-01-13 01:00,2026-01-13,1,600000,ОЭС СР. ВОЛГИ,14420,12998
2026-01-13 02:00,2026-01-13,2,600000,ОЭС СР. ВОЛГИ,14774,13026
2026-01-13 03:00,2026-01-13,3,600000,ОЭС СР. ВОЛГИ,14432,12910
2026-01-13 04:00,2026-01-13,4,600000,ОЭС СР. ВОЛГИ,14238,12954
2026-01-13 05:00,2026-01-13,5,600000,ОЭС СР. ВОЛГИ,14683,13486
2026-01-13 06:00,2026-01-13,6,600000,ОЭС СР. ВОЛГИ,15236,14105
2026-01-13 07:00,2026-01-13,7,600000,ОЭС СР. ВОЛГИ,15488,14912
2026-01-13 08:00,2026-01-13,8,600000,ОЭС СР. ВОЛГИ,16917,15623
2026-01-13 09:00,2026-01-13,9,600000,ОЭС СР. ВОЛГИ,17585,16045
2026-01-13 10:00,2026-01-13,10,600000,ОЭС СР. ВОЛГИ,18105,16123
2026-01-13 11:00,2026-01-13,11,600000,ОЭС СР. ВОЛГИ,17994,16062
2026-01-13 12:00,2026-01-13,12,600000,ОЭС СР. ВОЛГИ,18098,15866
2026-01-13 13:00,2026-01-13,13,600000,ОЭС СР. ВОЛГИ,18309,16053
2026-01-13 14:00,2026-01-13,14,600000,ОЭС СР. ВОЛГИ,18567,16049
2026-01-13 15:00,2026-01-13,15,600000,ОЭС СР. ВОЛГИ,17961,15877
2026-01-13 16:00,2026-01-13,16,600000,ОЭС СР. ВОЛГИ,18094,16005
2026-01-13 17:00,2026-01-13,17,600000,ОЭС СР. ВОЛГИ,17786,16052
2026-01-13 18:00,2026-01-13,18,600000,ОЭС СР. ВОЛГИ,17955,15903
2026-01-13 19:00,2026-01-13,19,600000,ОЭС СР. ВОЛГИ,18015,15559
2026-01-13 20:00,2026-01-13,20,600000,ОЭС СР. ВОЛГИ,17543,15456
2026-01-13 21:00,2026-01-13,21,600000,ОЭС СР. ВОЛГИ,16801,15127
2026-01-13 22:00,2026-01-13,22,600000,ОЭС СР. ВОЛГИ,15647,14738
2026-01-13 23:00,2026-01-13,23,600000,ОЭС СР. ВОЛГИ,14632,14045
2026-01-14 00:00,2026-01-14,0,600000,ОЭС СР. ВОЛГИ,14479,13666
2026-01-14 01:00,2026-01-14,1,600000,ОЭС СР. ВОЛГИ,14807,13206
2026-01-14 02:00,2026-01-14,2,600000,ОЭС СР. ВОЛГИ,14351,12951
2026-01-14 03:00,2026-01-14,3,600000,ОЭС СР. ВОЛГИ,14843,12893
2026-01-14 04:00,2026-01-14,4,600000,ОЭС СР. ВОЛГИ,15073,13073
2026-01-14 05:00,2026-01-14,5,600000,ОЭС СР. ВОЛГИ,15039,13381
2026-01-14 06:00,2026-01-14,6,600000,ОЭС СР. ВОЛГИ,15114,14035
2026-01-14 07:00,2026-01-14,7,600000,ОЭС СР. ВОЛГИ,15639,15054
2026-01-14 08:00,2026-01-14,8,600000,ОЭС СР. ВОЛГИ,17777,15860
2026-01-14 09:00,2026-01-14,9,600000,ОЭС СР. ВОЛГИ,18532,16322
2026-01-14 10:00,2026-01-14,10,600000,ОЭС СР. ВОЛГИ,18547,16445
2026-01-14 11:00,2026-01-14,11,600000,ОЭС СР. ВОЛГИ,18582,16422
2026-01-14 12:00,2026-01-14,12,600000,ОЭС СР. ВОЛГИ,18663,16198
2026-01-14 13:00,2026-01-14,13,600000,ОЭС СР. ВОЛГИ,18378,16184
2026-01-14 14:00,2026-01-14,14,600000,ОЭС СР. ВОЛГИ,19226,16233
2026-01-14 15:00,2026-01-14,15,600000,ОЭС СР. ВОЛГИ,18838,16245
2026-01-14 16:00,2026-01-14,16,600000,ОЭС СР. ВОЛГИ,18777,16198
2026-01-14 17:00,2026-01-14,17,600000,ОЭС СР. ВОЛГИ,18978,16447
2026-01-14 18:00,2026-01-14,18,600000,ОЭС СР. ВОЛГИ,18575,16061
2026-01-14 19:00,2026-01-14,19,600000,ОЭС СР. ВОЛГИ,18631,15836
2026-01-14 20:00,2026-01-14,20,600000,ОЭС СР. ВОЛГИ,17949,15725
2026-01-14 21:00,2026-01-14,21,600000,ОЭС СР. ВОЛГИ,17028,15395
2026-01-14 22:00,2026-01-14,22,600000,ОЭС СР. ВОЛГИ,16146,14900
2026-01-14 23:00,2026-01-14,23,600000,ОЭС СР. ВОЛГИ,15433,14027
2026-01-15 00:00,2026-01-15,0,600000,ОЭС СР. ВОЛГИ,14835,13608
2026-01-15 01:00,2026-01-15,1,600000,ОЭС СР. ВОЛГИ,15172,13469
2026-01-15 02:00,2026-01-15,2,600000,ОЭС СР. ВОЛГИ,15111,13332
2026-01-15 03:00,2026-01-15,3,600000,ОЭС СР. ВОЛГИ,15296,13397
2026-01-15 04:00,2026-01-15,4,600000,ОЭС СР. ВОЛГИ,15319,13397
2026-01-15 05:00,2026-01-15,5,600000,ОЭС СР. ВОЛГИ,15393,13842
2026-01-15 06:00,2026-01-15,6,600000,ОЭС СР. ВОЛГИ,15875,14498
2026-01-15 07:00,2026-01-15,7,600000,ОЭС СР. ВОЛГИ,16236,15423
2026-01-15 08:00,2026-01-15,8,600000,ОЭС СР. ВОЛГИ,17961,16214
2026-01-15 09:00,2026-01-15,9,600000,ОЭС СР. ВОЛГИ,19281,16644
2026-01-15 10:00,2026-01-15,10,600000,ОЭС СР. ВОЛГИ,18967,16615
2026-01-15 11:00,2026-01-15,11,600000,ОЭС СР. ВОЛГИ,18993,16611
2026-01-15 12:00,2026-01-15,12,600000,ОЭС СР. ВОЛГИ,19187,16427
2026-01-15 13:00,2026-01-15,13,600000,ОЭС СР. ВОЛГИ,19129,16486
2026-01-15 14:00,2026-01-15,14,600000,ОЭС СР. ВОЛГИ,19241,16224
2026-01-15 15:00,2026-01-15,15,600000,ОЭС СР. ВОЛГИ,18996,16257
2026-01-15 16:00,2026-01-15,16,600000,ОЭС СР. ВОЛГИ,19184,16504
2026-01-15 17:00,2026-01-15,17,600000,ОЭС СР. ВОЛГИ,19215,16542
2026-01-15 18:00,2026-01-15,18,600000,ОЭС СР. ВОЛГИ,18763,16225
2026-01-15 19:00,2026-01-15,19,600000,ОЭС СР. ВОЛГИ,18524,16104
2026-01-15 20:00,2026-01-15,20,600000,ОЭС СР. ВОЛГИ,17892,15960
2026-01-15 21:00,2026-01-15,21,600000,ОЭС СР. ВОЛГИ,17007,15652
2026-01-15 22:00,2026-01-15,22,600000,ОЭС СР. ВОЛГИ,16202,15014
2026-01-15 23:00,2026-01-15,23,600000,ОЭС СР. ВОЛГИ,15545,14298
2026-01-16 00:00,2026-01-16,0,600000,ОЭС СР. ВОЛГИ,15309,14030
2026-01-16 01:00,2026-01-16,1,600000,ОЭС СР. ВОЛГИ,15406,13762
2026-01-16 02:00,2026-01-16,2,600000,ОЭС СР. ВОЛГИ,14871,13611
2026-01-16 03:00,2026-01-16,3,600000,ОЭС СР. ВОЛГИ,15024,13534
2026-01-16 04:00,2026-01-16,4,600000,ОЭС СР. ВОЛГИ,15125,13684
2026-01-16 05:00,2026-01-16,5,600000,ОЭС СР. ВОЛГИ,15567,14141
2026-01-16 06:00,2026-01-16,6,600000,ОЭС СР. ВОЛГИ,15612,14793
2026-01-16 07:00,2026-01-16,7,600000,ОЭС СР. ВОЛГИ,16414,15822
2026-01-16 08:00,2026-01-16,8,600000,ОЭС СР. ВОЛГИ,18297,16574
2026-01-16 09:00,2026-01-16,9,600000,ОЭС СР. ВОЛГИ,18943,17078
2026-01-16 10:00,2026-01-16,10,600000,ОЭС СР. ВОЛГИ,19066,17157
2026-01-16 11:00,2026-01-16,11,600000,ОЭС СР. ВОЛГИ,19071,17018
2026-01-16 12:00,2026-01-16,12,600000,ОЭС СР. ВОЛГИ,19024,16636
2026-01-16 13:00,2026-01-16,13,600000,ОЭС СР. ВОЛГИ,18777,16783
2026-01-16 14:00,2026-01-16,14,600000,ОЭС СР. ВОЛГИ,19027,16822
2026-01-16 15:00,2026-01-16,15,600000,ОЭС СР. ВОЛГИ,18785,16617
2026-01-16 16:00,2026-01-16,16,600000,ОЭС СР. ВОЛГИ,18617,16566
2026-01-16 17:00,2026-01-16,17,600000,ОЭС СР. ВОЛГИ,18790,16818
2026-01-16 18:00,2026-01-16,18,600000,ОЭС СР. ВОЛГИ,18867,16664
2026-01-16 19:00,2026-01-16,19,600000,ОЭС СР. ВОЛГИ,18098,16316
2026-01-16 20:00,2026-01-16,20,600000,ОЭС СР. ВОЛГИ,17641,16090
2026-01-16 21:00,2026-01-16,21,600000,ОЭС СР. ВОЛГИ,16724,15567
2026-01-16 22:00,2026-01-16,22,600000,ОЭС СР. ВОЛГИ,16575,15357
2026-01-16 23:00,2026-01-16,23,600000,ОЭС СР. ВОЛГИ,16323,14757
2026-01-17 00:00,2026-01-17,0,600000,ОЭС СР. ВОЛГИ,15713,14209
2026-01-17 01:00,2026-01-17,1,600000,ОЭС СР. ВОЛГИ,15406,14015
2026-01-17 02:00,2026-01-17,2,600000,ОЭС СР. ВОЛГИ,14994,13788
2026-01-17 03:00,2026-01-17,3,600000,ОЭС СР. ВОЛГИ,14915,13776
2026-01-17 04:00,2026-01-17,4,600000,ОЭС СР. ВОЛГИ,15376,13747
2026-01-17 05:00,2026-01-17,5,600000,ОЭС СР. ВОЛГИ,15026,13850
2026-01-17 06:00,2026-01-17,6,600000,ОЭС СР. ВОЛГИ,15199,14178
2026-01-17 07:00,2026-01-17,7,600000,ОЭС СР. ВОЛГИ,15444,14824
2026-01-17 08:00,2026-01-17,8,600000,ОЭС СР. ВОЛГИ,16251,15438
2026-01-17 09:00,2026-01-17,9,600000,ОЭС СР. ВОЛГИ,16715,15997
2026-01-17 10:00,2026-01-17,10,600000,ОЭС СР. ВОЛГИ,17615,16287
2026-01-17 11:00,2026-01-17,11,600000,ОЭС СР. ВОЛГИ,18040,16403
2026-01-17 12:00,2026-01-17,12,600000,ОЭС СР. ВОЛГИ,17870,16104
2026-01-17 13:00,2026-01-17,13,600000,ОЭС СР. ВОЛГИ,17786,16106
2026-01-17 14:00,2026-01-17,14,600000,ОЭС СР. ВОЛГИ,17375,15971
2026-01-17 15:00,2026-01-17,15,600000,ОЭС СР. ВОЛГИ,17269,15921
2026-01-17 16:00,2026-01-17,16,600000,ОЭС СР. ВОЛГИ,17444,16071
2026-01-17 17:00,2026-01-17,17,600000,ОЭС СР. ВОЛГИ,17884,16500
2026-01-17 18:00,2026-01-17,18,600000,ОЭС СР. ВОЛГИ,17665,16380
2026-01-17 19:00,2026-01-17,19,600000,ОЭС СР. ВОЛГИ,17480,16069
2026-01-17 20:00,2026-01-17,20,600000,ОЭС СР. ВОЛГИ,17157,15703
2026-01-17 21:00,2026-01-17,21,600000,ОЭС СР. ВОЛГИ,16812,15575
2026-01-17 22:00,2026-01-17,22,600000,ОЭС СР. ВОЛГИ,16199,15010
2026-01-17 23:00,2026-01-17,23,600000,ОЭС СР. ВОЛГИ,15619,14479
2026-01-18 00:00,2026-01-18,0,600000,ОЭС СР. ВОЛГИ,15896,14136
2026-01-18 01:00,2026-01-18,1,600000,ОЭС СР. ВОЛГИ,15563,13844
2026-01-18 02:00,2026-01-18,2,600000,ОЭС СР. ВОЛГИ,14996,13555
2026-01-18 03:00,2026-01-18,3,600000,ОЭС СР. ВОЛГИ,15098,13412
2026-01-18 04:00,2026-01-18,4,600000,ОЭС СР. ВОЛГИ,14774,13521
2026-01-18 05:00,2026-01-18,5,600000,ОЭС СР. ВОЛГИ,14885,13775
2026-01-18 06:00,2026-01-18,6,600000,ОЭС СР. ВОЛГИ,15269,13968
2026-01-18 07:00,2026-01-18,7,600000,ОЭС СР. ВОЛГИ,15433,14314
2026-01-18 08:00,2026-01-18,8,600000,ОЭС СР. ВОЛГИ,15883,14828
2026-01-18 09:00,2026-01-18,9,600000,ОЭС СР. ВОЛГИ,16090,15412
2026-01-18 10:00,2026-01-18,10,600000,ОЭС СР. ВОЛГИ,17365,15610
2026-01-18 11:00,2026-01-18,11,600000,ОЭС СР. ВОЛГИ,17123,15850
2026-01-18 12:00,2026-01-18,12,600000,ОЭС СР. ВОЛГИ,17420,15869
2026-01-18 13:00,2026-01-18,13,600000,ОЭС СР. ВОЛГИ,17626,15917
2026-01-18 14:00,2026-01-18,14,600000,ОЭС СР. ВОЛГИ,17152,15784
2026-01-18 15:00,2026-01-18,15,600000,ОЭС СР. ВОЛГИ,16731,15661
2026-01-18 16:00,2026-01-18,16,600000,ОЭС СР. ВОЛГИ,17154,16013
2026-01-18 17:00,2026-01-18,17,600000,ОЭС СР. ВОЛГИ,17980,16389
2026-01-18 18:00,2026-01-18,18,600000,ОЭС СР. ВОЛГИ,17897,16296
2026-01-18 19:00,2026-01-18,19,600000,ОЭС СР. ВОЛГИ,17687,15912
2026-01-18 20:00,2026-01-18,20,600000,ОЭС СР. ВОЛГИ,16696,15608
2026-01-18 21:00,2026-01-18,21,600000,ОЭС СР. ВОЛГИ,16760,15418
2026-01-18 22:00,2026-01-18,22,600000,ОЭС СР. ВОЛГИ,15506,14807
2026-01-18 23:00,2026-01-18,23,600000,ОЭС СР. ВОЛГИ,15059,14245
2026-01-19 00:00,2026-01-19,0,600000,ОЭС СР. ВОЛГИ,14921,13876
2026-01-19 01:00,2026-01-19,1,600000,ОЭС СР. ВОЛГИ,14756,13542
2026-01-19 02:00,2026-01-19,2,600000,ОЭС СР. ВОЛГИ,14880,13559
2026-01-19 03:00,2026-01-19,3,600000,ОЭС СР. ВОЛГИ,15124,13435
2026-01-19 04:00,2026-01-19,4,600000,ОЭС СР. ВОЛГИ,14908,13505
2026-01-19 05:00,2026-01-19,5,600000,ОЭС СР. ВОЛГИ,15568,14017
2026-01-19 06:00,2026-01-19,6,600000,ОЭС СР. ВОЛГИ,15937,14734
2026-01-19 07:00,2026-01-19,7,600000,ОЭС СР. ВОЛГИ,16824,15775
2026-01-19 08:00,2026-01-19,8,600000,ОЭС СР. ВОЛГИ,17389,16601
2026-01-19 09:00,2026-01-19,9,600000,ОЭС СР. ВОЛГИ,18991,16918
2026-01-19 10:00,2026-01-19,10,600000,ОЭС СР. ВОЛГИ,19234,17122
2026-01-19 11:00,2026-01-19,11,600000,ОЭС СР. ВОЛГИ,19111,16909
2026-01-19 12:00,2026-01-19,12,600000,ОЭС СР. ВОЛГИ,19427,16978
2026-01-19 13:00,2026-01-19,13,600000,ОЭС СР. ВОЛГИ,19784,17045
2026-01-19 14:00,2026-01-19,14,600000,ОЭС СР. ВОЛГИ,19558,16745
2026-01-19 15:00,2026-01-19,15,600000,ОЭС СР. ВОЛГИ,18977,16686
2026-01-19 16:00,2026-01-19,16,600000,ОЭС СР. ВОЛГИ,18775,16626
2026-01-19 17:00,2026-01-19,17,600000,ОЭС СР. ВОЛГИ,18752,16849
2026-01-19 18:00,2026-01-19,18,600000,ОЭС СР. ВОЛГИ,18878,16523
2026-01-19 19:00,2026-01-19,19,600000,ОЭС СР. ВОЛГИ,18613,16272
2026-01-19 20:00,2026-01-19,20,600000,ОЭС СР. ВОЛГИ,17764,16151
2026-01-19 21:00,2026-01-19,21,600000,ОЭС СР. ВОЛГИ,16644,15700
2026-01-19 22:00,2026-01-19,22,600000,ОЭС СР. ВОЛГИ,15600,14990
2026-01-19 23:00,2026-01-19,23,600000,ОЭС СР. ВОЛГИ,15198,14449
2026-01-20 00:00,2026-01-20,0,600000,ОЭС СР. ВОЛГИ,15036,13984
2026-01-20 01:00,2026-01-20,1,600000,ОЭС СР. ВОЛГИ,15365,13782
2026-01-20 02:00,2026-01-20,2,600000,ОЭС СР. ВОЛГИ,14815,13586
2026-01-20 03:00,2026-01-20,3,600000,ОЭС СР. ВОЛГИ,14605,13604
2026-01-20 04:00,2026-01-20,4,600000,ОЭС СР. ВОЛГИ,14745,13499
2026-01-20 05:00,2026-01-20,5,600000,ОЭС СР. ВОЛГИ,15378,13839
2026-01-20 06:00,2026-01-20,6,600000,ОЭС СР. ВОЛГИ,15654,14597
2026-01-20 07:00,2026-01-20,7,600000,ОЭС СР. ВОЛГИ,16925,15649
2026-01-20 08:00,2026-01-20,8,600000,ОЭС СР. ВОЛГИ,18044,16404
2026-01-20 09:00,2026-01-20,9,600000,ОЭС СР. ВОЛГИ,19594,16957
2026-01-20 10:00,2026-01-20,10,600000,ОЭС СР. ВОЛГИ,19298,16985
2026-01-20 11:00,2026-01-20,11,600000,ОЭС СР. ВОЛГИ,19034,16802
2026-01-20 12:00,2026-01-20,12,600000,ОЭС СР. ВОЛГИ,19173,16582
2026-01-20 13:00,2026-01-20,13,600000,ОЭС СР. ВОЛГИ,19303,16645
2026-01-20 14:00,2026-01-20,14,600000,ОЭС СР. ВОЛГИ,19183,16506
2026-01-20 15:00,2026-01-20,15,600000,ОЭС СР. ВОЛГИ,18755,16410
2026-01-20 16:00,2026-01-20,16,600000,ОЭС СР. ВОЛГИ,18796,16335
2026-01-20 17:00,2026-01-20,17,600000,ОЭС СР. ВОЛГИ,18885,16414
2026-01-20 18:00,2026-01-20,18,600000,ОЭС СР. ВОЛГИ,18847,16376
2026-01-20 19:00,2026-01-20,19,600000,ОЭС СР. ВОЛГИ,18847,16033
2026-01-20 20:00,2026-01-20,20,600000,ОЭС СР. ВОЛГИ,17639,15781
2026-01-20 21:00,2026-01-20,21,600000,ОЭС СР. ВОЛГИ,17104,15517
2026-01-20 22:00,2026-01-20,22,600000,ОЭС СР. ВОЛГИ,16184,14944
2026-01-20 23:00,2026-01-20,23,600000,ОЭС СР. ВОЛГИ,15420,14309
2026-01-21 00:00,2026-01-21,0,600000,ОЭС СР. ВОЛГИ,14881,13834
2026-01-21 01:00,2026-01-21,1,600000,ОЭС СР. ВОЛГИ,15054,13589
2026-01-21 02:00,2026-01-21,2,600000,ОЭС СР. ВОЛГИ,14750,13596
2026-01-21 03:00,2026-01-21,3,600000,ОЭС СР. ВОЛГИ,15012,13506
2026-01-21 04:00,2026-01-21,4,600000,ОЭС СР. ВОЛГИ,14937,13548
2026-01-21 05:00,2026-01-21,5,600000,ОЭС СР. ВОЛГИ,15023,13988
2026-01-21 06:00,2026-01-21,6,600000,ОЭС СР. ВОЛГИ,15884,14804
2026-01-21 07:00,2026-01-21,7,600000,ОЭС СР. ВОЛГИ,17077,15806
2026-01-21 08:00,2026-01-21,8,600000,ОЭС СР. ВОЛГИ,18670,16546
2026-01-21 09:00,2026-01-21,9,600000,ОЭС СР. ВОЛГИ,19660,16868
2026-01-21 10:00,2026-01-21,10,600000,ОЭС СР. ВОЛГИ,20018,16848
2026-01-21 11:00,2026-01-21,11,600000,ОЭС СР. ВОЛГИ,19675,16752
2026-01-21 12:00,2026-01-21,12,600000,ОЭС СР. ВОЛГИ,19409,16572
2026-01-21 13:00,2026-01-21,13,600000,ОЭС СР. ВОЛГИ,18997,16641
2026-01-21 14:00,2026-01-21,14,600000,ОЭС СР. ВОЛГИ,19109,16531
2026-01-21 15:00,2026-01-21,15,600000,ОЭС СР. ВОЛГИ,18903,16529
2026-01-21 16:00,2026-01-21,16,600000,ОЭС СР. ВОЛГИ,18692,16248
2026-01-21 17:00,2026-01-21,17,600000,ОЭС СР. ВОЛГИ,18736,16706
2026-01-21 18:00,2026-01-21,18,600000,ОЭС СР. ВОЛГИ,18565,16479
2026-01-21 19:00,2026-01-21,19,600000,ОЭС СР. ВОЛГИ,18530,16137
2026-01-21 20:00,2026-01-21,20,600000,ОЭС СР. ВОЛГИ,18150,16122
2026-01-21 21:00,2026-01-21,21,600000,ОЭС СР. ВОЛГИ,17552,15625
2026-01-21 22:00,2026-01-21,22,600000,ОЭС СР. ВОЛГИ,16549,15298
2026-01-21 23:00,2026-01-21,23,600000,ОЭС СР. ВОЛГИ,16480,14624
2026-01-22 00:00,2026-01-22,0,600000,ОЭС СР. ВОЛГИ,15961,14057
2026-01-22 01:00,2026-01-22,1,600000,ОЭС СР. ВОЛГИ,15306,13899
2026-01-22 02:00,2026-01-22,2,600000,ОЭС СР. ВОЛГИ,15264,13783
2026-01-22 03:00,2026-01-22,3,600000,ОЭС СР. ВОЛГИ,15318,13683
2026-01-22 04:00,2026-01-22,4,600000,ОЭС СР. ВОЛГИ,15188,13829
2026-01-22 05:00,2026-01-22,5,600000,ОЭС СР. ВОЛГИ,15855,14108
2026-01-22 06:00,2026-01-22,6,600000,ОЭС СР. ВОЛГИ,16571,14850
2026-01-22 07:00,2026-01-22,7,600000,ОЭС СР. ВОЛГИ,17740,15981
2026-01-22 08:00,2026-01-22,8,600000,ОЭС СР. ВОЛГИ,18489,16643
2026-01-22 09:00,2026-01-22,9,600000,ОЭС СР. ВОЛГИ,19675,17255
2026-01-22 10:00,2026-01-22,10,600000,ОЭС СР. ВОЛГИ,19769,17388
2026-01-22 11:00,2026-01-22,11,600000,ОЭС СР. ВОЛГИ,19499,17041
2026-01-22 12:00,2026-01-22,12,600000,ОЭС СР. ВОЛГИ,19163,16948
2026-01-22 13:00,2026-01-22,13,600000,ОЭС СР. ВОЛГИ,19319,17043
2026-01-22 14:00,2026-01-22,14,600000,ОЭС СР. ВОЛГИ,19388,16872
2026-01-22 15:00,2026-01-22,15,600000,ОЭС СР. ВОЛГИ,19034,16549
2026-01-22 16:00,2026-01-22,16,600000,ОЭС СР. ВОЛГИ,18764,16625
2026-01-22 17:00,2026-01-22,17,600000,ОЭС СР. ВОЛГИ,19001,16785
2026-01-22 18:00,2026-01-22,18,600000,ОЭС СР. ВОЛГИ,19029,16786
2026-01-22 19:00,2026-01-22,19,600000,ОЭС СР. ВОЛГИ,18668,16512
2026-01-22 20:00,2026-01-22,20,600000,ОЭС СР. ВОЛГИ,18635,16198
2026-01-22 21:00,2026-01-22,21,600000,ОЭС СР. ВОЛГИ,18491,15945
2026-01-22 22:00,2026-01-22,22,600000,ОЭС СР. ВОЛГИ,17617,15412
2026-01-22 23:00,2026-01-22,23,600000,ОЭС СР. ВОЛГИ,17284,14728
2026-01-23 00:00,2026-01-23,0,600000,ОЭС СР. ВОЛГИ,16956,14348
2026-01-23 01:00,2026-01-23,1,600000,ОЭС СР. ВОЛГИ,16123,14081
2026-01-23 02:00,2026-01-23,2,600000,ОЭС СР. ВОЛГИ,15719,13947
2026-01-23 03:00,2026-01-23,3,600000,ОЭС СР. ВОЛГИ,15594,13984
2026-01-23 04:00,2026-01-23,4,600000,ОЭС СР. ВОЛГИ,15471,14140
2026-01-23 05:00,2026-01-23,5,600000,ОЭС СР. ВОЛГИ,15521,14395
2026-01-23 06:00,2026-01-23,6,600000,ОЭС СР. ВОЛГИ,16770,15223
2026-01-23 07:00,2026-01-23,7,600000,ОЭС СР. ВОЛГИ,18333,16290
2026-01-23 08:00,2026-01-23,8,600000,ОЭС СР. ВОЛГИ,18689,16990
2026-01-23 09:00,2026-01-23,9,600000,ОЭС СР. ВОЛГИ,19792,17672
2026-01-23 10:00,2026-01-23,10,600000,ОЭС СР. ВОЛГИ,20281,17841
2026-01-23 11:00,2026-01-23,11,600000,ОЭС СР. ВОЛГИ,19896,17653
2026-01-23 12:00,2026-01-23,12,600000,ОЭС СР. ВОЛГИ,19813,17335
2026-01-23 13:00,2026-01-23,13,600000,ОЭС СР. ВОЛГИ,19643,17239
2026-01-23 14:00,2026-01-23,14,600000,ОЭС СР. ВОЛГИ,19807,17210
2026-01-23 15:00,2026-01-23,15,600000,ОЭС СР. ВОЛГИ,19605,17078
2026-01-23 16:00,2026-01-23,16,600000,ОЭС СР. ВОЛГИ,18793,16795
2026-01-23 17:00,2026-01-23,17,600000,ОЭС СР. ВОЛГИ,19133,17146
2026-01-23 18:00,2026-01-23,18,600000,ОЭС СР. ВОЛГИ,19635,17019
2026-01-23 19:00,2026-01-23,19,600000,ОЭС СР. ВОЛГИ,19537,16746
2026-01-23 20:00,2026-01-23,20,600000,ОЭС СР. ВОЛГИ,18855,16408
2026-01-23 21:00,2026-01-23,21,600000,ОЭС СР. ВОЛГИ,18633,16282
2026-01-23 22:00,2026-01-23,22,600000,ОЭС СР. ВОЛГИ,17393,15779
2026-01-23 23:00,2026-01-23,23,600000,ОЭС СР. ВОЛГИ,17244,15213
2026-01-24 00:00,2026-01-24,0,600000,ОЭС СР. ВОЛГИ,17002,14705
2026-01-24 01:00,2026-01-24,1,600000,ОЭС СР. ВОЛГИ,15996,14464
2026-01-24 02:00,2026-01-24,2,600000,ОЭС СР. ВОЛГИ,15864,14361
2026-01-24 03:00,2026-01-24,3,600000,ОЭС СР. ВОЛГИ,15862,14216
2026-01-24 04:00,2026-01-24,4,600000,ОЭС СР. ВОЛГИ,16116,14132
2026-01-24 05:00,2026-01-24,5,600000,ОЭС СР. ВОЛГИ,16102,14488
2026-01-24 06:00,2026-01-24,6,600000,ОЭС СР. ВОЛГИ,16748,14862
2026-01-24 07:00,2026-01-24,7,600000,ОЭС СР. ВОЛГИ,17277,15193
2026-01-24 08:00,2026-01-24,8,600000,ОЭС СР. ВОЛГИ,18088,16107
2026-01-24 09:00,2026-01-24,9,600000,ОЭС СР. ВОЛГИ,18197,16718
2026-01-24 10:00,2026-01-24,10,600000,ОЭС СР. ВОЛГИ,18959,17002
2026-01-24 11:00,2026-01-24,11,600000,ОЭС СР. ВОЛГИ,18658,17072
2026-01-24 12:00,2026-01-24,12,600000,ОЭС СР. ВОЛГИ,18448,16771
2026-01-24 13:00,2026-01-24,13,600000,ОЭС СР. ВОЛГИ,18419,16624
2026-01-24 14:00,2026-01-24,14,600000,ОЭС СР. ВОЛГИ,18488,16583
2026-01-24 15:00,2026-01-24,15,600000,ОЭС СР. ВОЛГИ,18301,16305
2026-01-24 16:00,2026-01-24,16,600000,ОЭС СР. ВОЛГИ,18235,16457
2026-01-24 17:00,2026-01-24,17,600000,ОЭС СР. ВОЛГИ,18833,17017
2026-01-24 18:00,2026-01-24,18,600000,ОЭС СР. ВОЛГИ,18957,16728
2026-01-24 19:00,2026-01-24,19,600000,ОЭС СР. ВОЛГИ,18859,16508
2026-01-24 20:00,2026-01-24,20,600000,ОЭС СР. ВОЛГИ,19144,16366
2026-01-24 21:00,2026-01-24,21,600000,ОЭС СР. ВОЛГИ,18296,16089
2026-01-24 22:00,2026-01-24,22,600000,ОЭС СР. ВОЛГИ,17700,15543
2026-01-24 23:00,2026-01-24,23,600000,ОЭС СР. ВОЛГИ,17113,15054
2026-01-25 00:00,2026-01-25,0,600000,ОЭС СР. ВОЛГИ,16257,14573
2026-01-25 01:00,2026-01-25,1,600000,ОЭС СР. ВОЛГИ,15657,14316
2026-01-25 02:00,2026-01-25,2,600000,ОЭС СР. ВОЛГИ,15489,14022
2026-01-25 03:00,2026-01-25,3,600000,ОЭС СР. ВОЛГИ,15495,14125
2026-01-25 04:00,2026-01-25,4,600000,ОЭС СР. ВОЛГИ,15809,14097
2026-01-25 05:00,2026-01-25,5,600000,ОЭС СР. ВОЛГИ,15940,14301
2026-01-25 06:00,2026-01-25,6,600000,ОЭС СР. ВОЛГИ,16438,14392
2026-01-25 07:00,2026-01-25,7,600000,ОЭС СР. ВОЛГИ,16483,14899
2026-01-25 08:00,2026-01-25,8,600000,ОЭС СР. ВОЛГИ,16619,15314
2026-01-25 09:00,2026-01-25,9,600000,ОЭС СР. ВОЛГИ,18165,16147
2026-01-25 10:00,2026-01-25,10,600000,ОЭС СР. ВОЛГИ,18772,16413
2026-01-25 11:00,2026-01-25,11,600000,ОЭС СР. ВОЛГИ,18995,16548
2026-01-25 12:00,2026-01-25,12,600000,ОЭС СР. ВОЛГИ,19006,16339
2026-01-25 13:00,2026-01-25,13,600000,ОЭС СР. ВОЛГИ,19080,16283
2026-01-25 14:00,2026-01-25,14,600000,ОЭС СР. ВОЛГИ,19174,16295
2026-01-25 15:00,2026-01-25,15,600000,ОЭС СР. ВОЛГИ,18764,16237
2026-01-25 16:00,2026-01-25,16,600000,ОЭС СР. ВОЛГИ,19038,16330
2026-01-25 17:00,2026-01-25,17,600000,ОЭС СР. ВОЛГИ,19450,16865
2026-01-25 18:00,2026-01-25,18,600000,ОЭС СР. ВОЛГИ,19468,16846
2026-01-25 19:00,2026-01-25,19,600000,ОЭС СР. ВОЛГИ,19661,16581
2026-01-25 20:00,2026-01-25,20,600000,ОЭС СР. ВОЛГИ,19548,16498
2026-01-25 21:00,2026-01-25,21,600000,ОЭС СР. ВОЛГИ,18339,16103
2026-01-25 22:00,2026-01-25,22,600000,ОЭС СР. ВОЛГИ,16749,15549
2026-01-25 23:00,2026-01-25,23,600000,ОЭС СР. ВОЛГИ,16489,15018
2026-01-26 00:00,2026-01-26,0,600000,ОЭС СР. ВОЛГИ,16656,14662
2026-01-26 01:00,2026-01-26,1,600000,ОЭС СР. ВОЛГИ,16257,14387
2026-01-26 02:00,2026-01-26,2,600000,ОЭС СР. ВОЛГИ,15945,14168
2026-01-26 03:00,2026-01-26,3,600000,ОЭС СР. ВОЛГИ,16242,14293
2026-01-26 04:00,2026-01-26,4,600000,ОЭС СР. ВОЛГИ,16545,14481
2026-01-26 05:00,2026-01-26,5,600000,ОЭС СР. ВОЛГИ,16535,14789
2026-01-26 06:00,2026-01-26,6,600000,ОЭС СР. ВОЛГИ,18035,15512
2026-01-26 07:00,2026-01-26,7,600000,ОЭС СР. ВОЛГИ,18914,16721
2026-01-26 08:00,2026-01-26,8,600000,ОЭС СР. ВОЛГИ,20009,17721
2026-01-26 09:00,2026-01-26,9,600000,ОЭС СР. ВОЛГИ,20554,18344
2026-01-26 10:00,2026-01-26,10,600000,ОЭС СР. ВОЛГИ,20135,18242
2026-01-26 11:00,2026-01-26,11,600000,ОЭС СР. ВОЛГИ,19844,18099
2026-01-26 12:00,2026-01-26,12,600000,ОЭС СР. ВОЛГИ,20038,17932
2026-01-26 13:00,2026-01-26,13,600000,ОЭС СР. ВОЛГИ,20005,17833
2026-01-26 14:00,2026-01-26,14,600000,ОЭС СР. ВОЛГИ,20030,17753
2026-01-26 15:00,2026-01-26,15,600000,ОЭС СР. ВОЛГИ,19320,17510
2026-01-26 16:00,2026-01-26,16,600000,ОЭС СР. ВОЛГИ,19304,17501
2026-01-26 17:00,2026-01-26,17,600000,ОЭС СР. ВОЛГИ,19427,17688
2026-01-26 18:00,2026-01-26,18,600000,ОЭС СР. ВОЛГИ,19445,17479
2026-01-26 19:00,2026-01-26,19,600000,ОЭС СР. ВОЛГИ,19175,17132
2026-01-26 20:00,2026-01-26,20,600000,ОЭС СР. ВОЛГИ,18907,16951
2026-01-26 21:00,2026-01-26,21,600000,ОЭС СР. ВОЛГИ,19017,16638
2026-01-26 22:00,2026-01-26,22,600000,ОЭС СР. ВОЛГИ,18124,16008
2026-01-26 23:00,2026-01-26,23,600000,ОЭС СР. ВОЛГИ,17143,15248
2026-01-27 00:00,2026-01-27,0,600000,ОЭС СР. ВОЛГИ,17041,14810
2026-01-27 01:00,2026-01-27,1,600000,ОЭС СР. ВОЛГИ,16062,14474
2026-01-27 02:00,2026-01-27,2,600000,ОЭС СР. ВОЛГИ,15775,14384
2026-01-27 03:00,2026-01-27,3,600000,ОЭС СР. ВОЛГИ,15628,14361
2026-01-27 04:00,2026-01-27,4,600000,ОЭС СР. ВОЛГИ,16062,14397
2026-01-27 05:00,2026-01-27,5,600000,ОЭС СР. ВОЛГИ,16371,14797
2026-01-27 06:00,2026-01-27,6,600000,ОЭС СР. ВОЛГИ,16968,15655
2026-01-27 07:00,2026-01-27,7,600000,ОЭС СР. ВОЛГИ,17966,16634
2026-01-27 08:00,2026-01-27,8,600000,ОЭС СР. ВОЛГИ,19021,17513
2026-01-27 09:00,2026-01-27,9,600000,ОЭС СР. ВОЛГИ,19949,18071
2026-01-27 10:00,2026-01-27,10,600000,ОЭС СР. ВОЛГИ,19599,18054
2026-01-27 11:00,2026-01-27,11,600000,ОЭС СР. ВОЛГИ,19022,17774
2026-01-27 12:00,2026-01-27,12,600000,ОЭС СР. ВОЛГИ,19266,17646
2026-01-27 13:00,2026-01-27,13,600000,ОЭС СР. ВОЛГИ,19283,17591
2026-01-27 14:00,2026-01-27,14,600000,ОЭС СР. ВОЛГИ,19294,17585
2026-01-27 15:00,2026-01-27,15,600000,ОЭС СР. ВОЛГИ,19374,17533
2026-01-27 16:00,2026-01-27,16,600000,ОЭС СР. ВОЛГИ,18659,17445
2026-01-27 17:00,2026-01-27,17,600000,ОЭС СР. ВОЛГИ,18491,17514
2026-01-27 18:00,2026-01-27,18,600000,ОЭС СР. ВОЛГИ,18257,17385
2026-01-27 19:00,2026-01-27,19,600000,ОЭС СР. ВОЛГИ,18632,17084
2026-01-27 20:00,2026-01-27,20,600000,ОЭС СР. ВОЛГИ,18196,16822
2026-01-27 21:00,2026-01-27,21,600000,ОЭС СР. ВОЛГИ,18256,16396
2026-01-27 22:00,2026-01-27,22,600000,ОЭС СР. ВОЛГИ,16999,16029
2026-01-27 23:00,2026-01-27,23,600000,ОЭС СР. ВОЛГИ,16019,15349
2026-01-28 00:00,2026-01-28,0,600000,ОЭС СР. ВОЛГИ,15719,14852
2026-01-28 01:00,2026-01-28,1,600000,ОЭС СР. ВОЛГИ,15710,14331
2026-01-28 02:00,2026-01-28,2,600000,ОЭС СР. ВОЛГИ,15775,14208
2026-01-28 03:00,2026-01-28,3,600000,ОЭС СР. ВОЛГИ,15543,14145
2026-01-28 04:00,2026-01-28,4,600000,ОЭС СР. ВОЛГИ,15650,14370
2026-01-28 05:00,2026-01-28,5,600000,ОЭС СР. ВОЛГИ,15934,14682
2026-01-28 06:00,2026-01-28,6,600000,ОЭС СР. ВОЛГИ,16501,15414
2026-01-28 07:00,2026-01-28,7,600000,ОЭС СР. ВОЛГИ,16844,16579
2026-01-28 08:00,2026-01-28,8,600000,ОЭС СР. ВОЛГИ,18352,17422
2026-01-28 09:00,2026-01-28,9,600000,ОЭС СР. ВОЛГИ,19332,17873
2026-01-28 10:00,2026-01-28,10,600000,ОЭС СР. ВОЛГИ,19408,17816
2026-01-28 11:00,2026-01-28,11,600000,ОЭС СР. ВОЛГИ,19097,17628
2026-01-28 12:00,2026-01-28,12,600000,ОЭС СР. ВОЛГИ,19933,17634
2026-01-28 13:00,2026-01-28,13,600000,ОЭС СР. ВОЛГИ,19272,17644
2026-01-28 14:00,2026-01-28,14,600000,ОЭС СР. ВОЛГИ,18994,17543
2026-01-28 15:00,2026-01-28,15,600000,ОЭС СР. ВОЛГИ,19077,17399
2026-01-28 16:00,2026-01-28,16,600000,ОЭС СР. ВОЛГИ,18960,17256
2026-01-28 17:00,2026-01-28,17,600000,ОЭС СР. ВОЛГИ,19158,17524
2026-01-28 18:00,2026-01-28,18,600000,ОЭС СР. ВОЛГИ,19452,17261
2026-01-28 19:00,2026-01-28,19,600000,ОЭС СР. ВОЛГИ,19488,16970
2026-01-28 20:00,2026-01-28,20,600000,ОЭС СР. ВОЛГИ,19030,16777
2026-01-28 21:00,2026-01-28,21,600000,ОЭС СР. ВОЛГИ,18552,16398
2026-01-28 22:00,2026-01-28,22,600000,ОЭС СР. ВОЛГИ,17666,15618
2026-01-28 23:00,2026-01-28,23,600000,ОЭС СР. ВОЛГИ,16546,15049
2026-01-29 00:00,2026-01-29,0,600000,ОЭС СР. ВОЛГИ,15875,14685
2026-01-29 01:00,2026-01-29,1,600000,ОЭС СР. ВОЛГИ,15452,14187
2026-01-29 02:00,2026-01-29,2,600000,ОЭС СР. ВОЛГИ,15369,14077
2026-01-29 03:00,2026-01-29,3,600000,ОЭС СР. ВОЛГИ,15310,14040
2026-01-29 04:00,2026-01-29,4,600000,ОЭС СР. ВОЛГИ,15604,14222
2026-01-29 05:00,2026-01-29,5,600000,ОЭС СР. ВОЛГИ,16013,14555
2026-01-29 06:00,2026-01-29,6,600000,ОЭС СР. ВОЛГИ,17729,15392
2026-01-29 07:00,2026-01-29,7,600000,ОЭС СР. ВОЛГИ,18099,16292
2026-01-29 08:00,2026-01-29,8,600000,ОЭС СР. ВОЛГИ,18399,16821
2026-01-29 09:00,2026-01-29,9,600000,ОЭС СР. ВОЛГИ,19123,17391
2026-01-29 10:00,2026-01-29,10,600000,ОЭС СР. ВОЛГИ,19497,17487
2026-01-29 11:00,2026-01-29,11,600000,ОЭС СР. ВОЛГИ,18880,17275
2026-01-29 12:00,2026-01-29,12,600000,ОЭС СР. ВОЛГИ,18678,17228
2026-01-29 13:00,2026-01-29,13,600000,ОЭС СР. ВОЛГИ,18623,17247
2026-01-29 14:00,2026-01-29,14,600000,ОЭС СР. ВОЛГИ,18644,17199
2026-01-29 15:00,2026-01-29,15,600000,ОЭС СР. ВОЛГИ,18893,17186
2026-01-29 16:00,2026-01-29,16,600000,ОЭС СР. ВОЛГИ,18832,16847
2026-01-29 17:00,2026-01-29,17,600000,ОЭС СР. ВОЛГИ,18604,17065
2026-01-29 18:00,2026-01-29,18,600000,ОЭС СР. ВОЛГИ,18434,16947
2026-01-29 19:00,2026-01-29,19,600000,ОЭС СР. ВОЛГИ,17783,16660
2026-01-29 20:00,2026-01-29,20,600000,ОЭС СР. ВОЛГИ,18083,16445
2026-01-29 21:00,2026-01-29,21,600000,ОЭС СР. ВОЛГИ,17643,16015
2026-01-29 22:00,2026-01-29,22,600000,ОЭС СР. ВОЛГИ,17562,15604
2026-01-29 23:00,2026-01-29,23,600000,ОЭС СР. ВОЛГИ,16090,14884
2026-01-30 00:00,2026-01-30,0,600000,ОЭС СР. ВОЛГИ,15902,14504
2026-01-30 01:00,2026-01-30,1,600000,ОЭС СР. ВОЛГИ,15571,14130
2026-01-30 02:00,2026-01-30,2,600000,ОЭС СР. ВОЛГИ,15521,13961
2026-01-30 03:00,2026-01-30,3,600000,ОЭС СР. ВОЛГИ,15557,14077
2026-01-30 04:00,2026-01-30,4,600000,ОЭС СР. ВОЛГИ,16049,14138
2026-01-30 05:00,2026-01-30,5,600000,ОЭС СР. ВОЛГИ,15952,14417
2026-01-30 06:00,2026-01-30,6,600000,ОЭС СР. ВОЛГИ,16787,15066
2026-01-30 07:00,2026-01-30,7,600000,ОЭС СР. ВОЛГИ,16947,15983
2026-01-30 08:00,2026-01-30,8,600000,ОЭС СР. ВОЛГИ,17641,16829
2026-01-30 09:00,2026-01-30,9,600000,ОЭС СР. ВОЛГИ,18399,17226
2026-01-30 10:00,2026-01-30,10,600000,ОЭС СР. ВОЛГИ,18131,17248
2026-01-30 11:00,2026-01-30,11,600000,ОЭС СР. ВОЛГИ,18149,17183
2026-01-30 12:00,2026-01-30,12,600000,ОЭС СР. ВОЛГИ,18093,16990
2026-01-30 13:00,2026-01-30,13,600000,ОЭС СР. ВОЛГИ,17688,17200
2026-01-30 14:00,2026-01-30,14,600000,ОЭС СР. ВОЛГИ,17749,17116
2026-01-30 15:00,2026-01-30,15,600000,ОЭС СР. ВОЛГИ,17744,16835
2026-01-30 16:00,2026-01-30,16,600000,ОЭС СР. ВОЛГИ,17424,16707
2026-01-30 17:00,2026-01-30,17,600000,ОЭС СР. ВОЛГИ,17710,16882
2026-01-30 18:00,2026-01-30,18,600000,ОЭС СР. ВОЛГИ,18045,16788
2026-01-30 19:00,2026-01-30,19,600000,ОЭС СР. ВОЛГИ,17965,16458
2026-01-30 20:00,2026-01-30,20,600000,ОЭС СР. ВОЛГИ,18673,16239
2026-01-30 21:00,2026-01-30,21,600000,ОЭС СР. ВОЛГИ,17953,15983
2026-01-30 22:00,2026-01-30,22,600000,ОЭС СР. ВОЛГИ,16845,15559
2026-01-30 23:00,2026-01-30,23,600000,ОЭС СР. ВОЛГИ,15972,14709
2026-01-31 00:00,2026-01-31,0,600000,ОЭС СР. ВОЛГИ,14766,14218
2026-01-31 01:00,2026-01-31,1,600000,ОЭС СР. ВОЛГИ,14957,13963
2026-01-31 02:00,2026-01-31,2,600000,ОЭС СР. ВОЛГИ,14545,13729
2026-01-31 03:00,2026-01-31,3,600000,ОЭС СР. ВОЛГИ,14626,13684
2026-01-31 04:00,2026-01-31,4,600000,ОЭС СР. ВОЛГИ,14350,13853
2026-01-31 05:00,2026-01-31,5,600000,ОЭС СР. ВОЛГИ,14418,13743
2026-01-31 06:00,2026-01-31,6,600000,ОЭС СР. ВОЛГИ,15200,14342
2026-01-31 07:00,2026-01-31,7,600000,ОЭС СР. ВОЛГИ,15322,14950
2026-01-31 08:00,2026-01-31,8,600000,ОЭС СР. ВОЛГИ,15303,15371
2026-01-31 09:00,2026-01-31,9,600000,ОЭС СР. ВОЛГИ,15991,16063
2026-01-31 10:00,2026-01-31,10,600000,ОЭС СР. ВОЛГИ,16424,16362
2026-01-31 11:00,2026-01-31,11,600000,ОЭС СР. ВОЛГИ,16764,16303
2026-01-31 12:00,2026-01-31,12,600000,ОЭС СР. ВОЛГИ,16465,16273
2026-01-31 13:00,2026-01-31,13,600000,ОЭС СР. ВОЛГИ,16553,16261
2026-01-31 14:00,2026-01-31,14,600000,ОЭС СР. ВОЛГИ,15955,16081
2026-01-31 15:00,2026-01-31,15,600000,ОЭС СР. ВОЛГИ,15988,16091
2026-01-31 16:00,2026-01-31,16,600000,ОЭС СР. ВОЛГИ,16435,16190
2026-01-31 17:00,2026-01-31,17,600000,ОЭС СР. ВОЛГИ,16446,16225
2026-01-31 18:00,2026-01-31,18,600000,ОЭС СР. ВОЛГИ,16829,16197
2026-01-31 19:00,2026-01-31,19,600000,ОЭС СР. ВОЛГИ,16432,16043
2026-01-31 20:00,2026-01-31,20,600000,ОЭС СР. ВОЛГИ,16694,15764
2026-01-31 21:00,2026-01-31,21,600000,ОЭС СР. ВОЛГИ,16440,15579
2026-01-31 22:00,2026-01-31,22,600000,ОЭС СР. ВОЛГИ,15721,15000
2026-01-31 23:00,2026-01-31,23,600000,ОЭС СР. ВОЛГИ,15275,14560
2026-02-01 00:00,2026-02-01,0,600000,ОЭС СР. ВОЛГИ,14819,14107
2026-02-01 01:00,2026-02-01,1,600000,ОЭС СР. ВОЛГИ,13949,13796
2026-02-01 02:00,2026-02-01,2,600000,ОЭС СР. ВОЛГИ,14303,13701
2026-02-01 03:00,2026-02-01,3,600000,ОЭС СР. ВОЛГИ,14123,13456
2026-02-01 04:00,2026-02-01,4,600000,ОЭС СР. ВОЛГИ,14066,13527
2026-02-01 05:00,2026-02-01,5,600000,ОЭС СР. ВОЛГИ,13931,13686
2026-02-01 06:00,2026-02-01,6,600000,ОЭС СР. ВОЛГИ,14250,13839
2026-02-01 07:00,2026-02-01,7,600000,ОЭС СР. ВОЛГИ,14173,14014
2026-02-01 08:00,2026-02-01,8,600000,ОЭС СР. ВОЛГИ,14847,14464
2026-02-01 09:00,2026-02-01,9,600000,ОЭС СР. ВОЛГИ,15451,14967
2026-02-01 10:00,2026-02-01,10,600000,ОЭС СР. ВОЛГИ,16117,15466
2026-02-01 11:00,2026-02-01,11,600000,ОЭС СР. ВОЛГИ,16133,15378
2026-02-01 12:00,2026-02-01,12,600000,ОЭС СР. ВОЛГИ,16426,15595
2026-02-01 13:00,2026-02-01,13,600000,ОЭС СР. ВОЛГИ,16802,15549
2026-02-01 14:00,2026-02-01,14,600000,ОЭС СР. ВОЛГИ,16579,15434
2026-02-01 15:00,2026-02-01,15,600000,ОЭС СР. ВОЛГИ,16182,15554
2026-02-01 16:00,2026-02-01,16,600000,ОЭС СР. ВОЛГИ,16941,15456
2026-02-01 17:00,2026-02-01,17,600000,ОЭС СР. ВОЛГИ,17194,16036
2026-02-01 18:00,2026-02-01,18,600000,ОЭС СР. ВОЛГИ,18405,16184
2026-02-01 19:00,2026-02-01,19,600000,ОЭС СР. ВОЛГИ,17626,15800
2026-02-01 20:00,2026-02-01,20,600000,ОЭС СР. ВОЛГИ,17212,15804
2026-02-01 21:00,2026-02-01,21,600000,ОЭС СР. ВОЛГИ,16395,15238
2026-02-01 22:00,2026-02-01,22,600000,ОЭС СР. ВОЛГИ,15820,14858
2026-02-01 23:00,2026-02-01,23,600000,ОЭС СР. ВОЛГИ,15297,14209
2026-02-02 00:00,2026-02-02,0,600000,ОЭС СР. ВОЛГИ,14706,13847
2026-02-02 01:00,2026-02-02,1,600000,ОЭС СР. ВОЛГИ,14778,13514
2026-02-02 02:00,2026-02-02,2,600000,ОЭС СР. ВОЛГИ,14534,13416
2026-02-02 03:00,2026-02-02,3,600000,ОЭС СР. ВОЛГИ,14718,13415
2026-02-02 04:00,2026-02-02,4,600000,ОЭС СР. ВОЛГИ,15005,13632
2026-02-02 05:00,2026-02-02,5,600000,ОЭС СР. ВОЛГИ,14835,13871
2026-02-02 06:00,2026-02-02,6,600000,ОЭС СР. ВОЛГИ,15279,14736
2026-02-02 07:00,2026-02-02,7,600000,ОЭС СР. ВОЛГИ,15751,15687
2026-02-02 08:00,2026-02-02,8,600000,ОЭС СР. ВОЛГИ,16877,16405
2026-02-02 09:00,2026-02-02,9,600000,ОЭС СР. ВОЛГИ,18384,17127
2026-02-02 10:00,2026-02-02,10,600000,ОЭС СР. ВОЛГИ,17909,17119
2026-02-02 11:00,2026-02-02,11,600000,ОЭС СР. ВОЛГИ,17785,16893
2026-02-02 12:00,2026-02-02,12,600000,ОЭС СР. ВОЛГИ,17915,16941
2026-02-02 13:00,2026-02-02,13,600000,ОЭС СР. ВОЛГИ,17624,16786
2026-02-02 14:00,2026-02-02,14,600000,ОЭС СР. ВОЛГИ,18160,16864
2026-02-02 15:00,2026-02-02,15,600000,ОЭС СР. ВОЛГИ,17922,16809
2026-02-02 16:00,2026-02-02,16,600000,ОЭС СР. ВОЛГИ,18265,16609
2026-02-02 17:00,2026-02-02,17,600000,ОЭС СР. ВОЛГИ,17923,16887
2026-02-02 18:00,2026-02-02,18,600000,ОЭС СР. ВОЛГИ,17789,17024
2026-02-02 19:00,2026-02-02,19,600000,ОЭС СР. ВОЛГИ,17816,16577
2026-02-02 20:00,2026-02-02,20,600000,ОЭС СР. ВОЛГИ,17619,16360
2026-02-02 21:00,2026-02-02,21,600000,ОЭС СР. ВОЛГИ,16850,16063
2026-02-02 22:00,2026-02-02,22,600000,ОЭС СР. ВОЛГИ,16312,15608
2026-02-02 23:00,2026-02-02,23,600000,ОЭС СР. ВОЛГИ,15958,15050
2026-02-03 00:00,2026-02-03,0,600000,ОЭС СР. ВОЛГИ,15772,14337
2026-02-03 01:00,2026-02-03,1,600000,ОЭС СР. ВОЛГИ,15349,14110
2026-02-03 02:00,2026-02-03,2,600000,ОЭС СР. ВОЛГИ,15302,13810
2026-02-03 03:00,2026-02-03,3,600000,ОЭС СР. ВОЛГИ,15248,13831
2026-02-03 04:00,2026-02-03,4,600000,ОЭС СР. ВОЛГИ,15396,14017
2026-02-03 05:00,2026-02-03,5,600000,ОЭС СР. ВОЛГИ,15872,14465
2026-02-03 06:00,2026-02-03,6,600000,ОЭС СР. ВОЛГИ,15931,15221
2026-02-03 07:00,2026-02-03,7,600000,ОЭС СР. ВОЛГИ,16106,16053
2026-02-03 08:00,2026-02-03,8,600000,ОЭС СР. ВОЛГИ,17707,16832
2026-02-03 09:00,2026-02-03,9,600000,ОЭС СР. ВОЛГИ,19606,17456
2026-02-03 10:00,2026-02-03,10,600000,ОЭС СР. ВОЛГИ,19494,17665
2026-02-03 11:00,2026-02-03,11,600000,ОЭС СР. ВОЛГИ,18667,17391
2026-02-03 12:00,2026-02-03,12,600000,ОЭС СР. ВОЛГИ,19409,17268
2026-02-03 13:00,2026-02-03,13,600000,ОЭС СР. ВОЛГИ,19013,17165
2026-02-03 14:00,2026-02-03,14,600000,ОЭС СР. ВОЛГИ,18828,17113
2026-02-03 15:00,2026-02-03,15,600000,ОЭС СР. ВОЛГИ,18975,17145
2026-02-03 16:00,2026-02-03,16,600000,ОЭС СР. ВОЛГИ,19806,16947
2026-02-03 17:00,2026-02-03,17,600000,ОЭС СР. ВОЛГИ,18972,17172
2026-02-03 18:00,2026-02-03,18,600000,ОЭС СР. ВОЛГИ,18428,17111
2026-02-03 19:00,2026-02-03,19,600000,ОЭС СР. ВОЛГИ,18823,16797
2026-02-03 20:00,2026-02-03,20,600000,ОЭС СР. ВОЛГИ,18547,16645
2026-02-03 21:00,2026-02-03,21,600000,ОЭС СР. ВОЛГИ,16949,16129
2026-02-03 22:00,2026-02-03,22,600000,ОЭС СР. ВОЛГИ,16002,15651
2026-02-03 23:00,2026-02-03,23,600000,ОЭС СР. ВОЛГИ,15580,14882
2026-02-04 00:00,2026-02-04,0,600000,ОЭС СР. ВОЛГИ,15551,14532
2026-02-04 01:00,2026-02-04,1,600000,ОЭС СР. ВОЛГИ,16029,14255
2026-02-04 02:00,2026-02-04,2,600000,ОЭС СР. ВОЛГИ,15735,14158
2026-02-04 03:00,2026-02-04,3,600000,ОЭС СР. ВОЛГИ,15210,14041
2026-02-04 04:00,2026-02-04,4,600000,ОЭС СР. ВОЛГИ,15574,14199
2026-02-04 05:00,2026-02-04,5,600000,ОЭС СР. ВОЛГИ,15327,14573
2026-02-04 06:00,2026-02-04,6,600000,ОЭС СР. ВОЛГИ,15617,15315
2026-02-04 07:00,2026-02-04,7,600000,ОЭС СР. ВОЛГИ,15983,16276
2026-02-04 08:00,2026-02-04,8,600000,ОЭС СР. ВОЛГИ,18061,17196
2026-02-04 09:00,2026-02-04,9,600000,ОЭС СР. ВОЛГИ,19243,17823
2026-02-04 10:00,2026-02-04,10,600000,ОЭС СР. ВОЛГИ,18716,17892
2026-02-04 11:00,2026-02-04,11,600000,ОЭС СР. ВОЛГИ,18650,17632
2026-02-04 12:00,2026-02-04,12,600000,ОЭС СР. ВОЛГИ,19415,17653
2026-02-04 13:00,2026-02-04,13,600000,ОЭС СР. ВОЛГИ,18862,17480
2026-02-04 14:00,2026-02-04,14,600000,ОЭС СР. ВОЛГИ,18821,17367
2026-02-04 15:00,2026-02-04,15,600000,ОЭС СР. ВОЛГИ,18642,17171
2026-02-04 16:00,2026-02-04,16,600000,ОЭС СР. ВОЛГИ,17912,16921
2026-02-04 17:00,2026-02-04,17,600000,ОЭС СР. ВОЛГИ,18637,17328
2026-02-04 18:00,2026-02-04,18,600000,ОЭС СР. ВОЛГИ,18976,17397
2026-02-04 19:00,2026-02-04,19,600000,ОЭС СР. ВОЛГИ,19324,17073
2026-02-04 20:00,2026-02-04,20,600000,ОЭС СР. ВОЛГИ,18394,16810
2026-02-04 21:00,2026-02-04,21,600000,ОЭС СР. ВОЛГИ,17052,16419
2026-02-04 22:00,2026-02-04,22,600000,ОЭС СР. ВОЛГИ,15849,15932
2026-02-04 23:00,2026-02-04,23,600000,ОЭС СР. ВОЛГИ,15969,15126
2026-02-05 00:00,2026-02-05,0,600000,ОЭС СР. ВОЛГИ,16146,14578
2026-02-05 01:00,2026-02-05,1,600000,ОЭС СР. ВОЛГИ,15779,14486
2026-02-05 02:00,2026-02-05,2,600000,ОЭС СР. ВОЛГИ,15437,14459
2026-02-05 03:00,2026-02-05,3,600000,ОЭС СР. ВОЛГИ,15451,14300
2026-02-05 04:00,2026-02-05,4,600000,ОЭС СР. ВОЛГИ,15405,14418
2026-02-05 05:00,2026-02-05,5,600000,ОЭС СР. ВОЛГИ,15605,14806
2026-02-05 06:00,2026-02-05,6,600000,ОЭС СР. ВОЛГИ,16188,15640
2026-02-05 07:00,2026-02-05,7,600000,ОЭС СР. ВОЛГИ,16921,16668
2026-02-05 08:00,2026-02-05,8,600000,ОЭС СР. ВОЛГИ,18304,17610
2026-02-05 09:00,2026-02-05,9,600000,ОЭС СР. ВОЛГИ,19501,18036
2026-02-05 10:00,2026-02-05,10,600000,ОЭС СР. ВОЛГИ,18640,18163
2026-02-05 11:00,2026-02-05,11,600000,ОЭС СР. ВОЛГИ,18249,17874
2026-02-05 12:00,2026-02-05,12,600000,ОЭС СР. ВОЛГИ,18149,17758
2026-02-05 13:00,2026-02-05,13,600000,ОЭС СР. ВОЛГИ,17885,17556
2026-02-05 14:00,2026-02-05,14,600000,ОЭС СР. ВОЛГИ,17557,17456
2026-02-05 15:00,2026-02-05,15,600000,ОЭС СР. ВОЛГИ,17922,17331
2026-02-05 16:00,2026-02-05,16,600000,ОЭС СР. ВОЛГИ,17917,17027
2026-02-05 17:00,2026-02-05,17,600000,ОЭС СР. ВОЛГИ,17417,16970
2026-02-05 18:00,2026-02-05,18,600000,ОЭС СР. ВОЛГИ,18183,17224
2026-02-05 19:00,2026-02-05,19,600000,ОЭС СР. ВОЛГИ,17698,16781
2026-02-05 20:00,2026-02-05,20,600000,ОЭС СР. ВОЛГИ,17727,16655
2026-02-05 21:00,2026-02-05,21,600000,ОЭС СР. ВОЛГИ,16786,16357
2026-02-05 22:00,2026-02-05,22,600000,ОЭС СР. ВОЛГИ,15983,15737
2026-02-05 23:00,2026-02-05,23,600000,ОЭС СР. ВОЛГИ,16038,15230
2026-02-06 00:00,2026-02-06,0,600000,ОЭС СР. ВОЛГИ,15458,14739
2026-02-06 01:00,2026-02-06,1,600000,ОЭС СР. ВОЛГИ,15441,14461
2026-02-06 02:00,2026-02-06,2,600000,ОЭС СР. ВОЛГИ,15315,14240
2026-02-06 03:00,2026-02-06,3,600000,ОЭС СР. ВОЛГИ,15409,14410
2026-02-06 04:00,2026-02-06,4,600000,ОЭС СР. ВОЛГИ,15369,14439
2026-02-06 05:00,2026-02-06,5,600000,ОЭС СР. ВОЛГИ,15665,14956
2026-02-06 06:00,2026-02-06,6,600000,ОЭС СР. ВОЛГИ,16366,15601
2026-02-06 07:00,2026-02-06,7,600000,ОЭС СР. ВОЛГИ,16057,16532
2026-02-06 08:00,2026-02-06,8,600000,ОЭС СР. ВОЛГИ,17728,17487
2026-02-06 09:00,2026-02-06,9,600000,ОЭС СР. ВОЛГИ,19065,18039
2026-02-06 10:00,2026-02-06,10,600000,ОЭС СР. ВОЛГИ,18758,18035
2026-02-06 11:00,2026-02-06,11,600000,ОЭС СР. ВОЛГИ,18385,17803
2026-02-06 12:00,2026-02-06,12,600000,ОЭС СР. ВОЛГИ,18064,17450
2026-02-06 13:00,2026-02-06,13,600000,ОЭС СР. ВОЛГИ,18067,17483
2026-02-06 14:00,2026-02-06,14,600000,ОЭС СР. ВОЛГИ,17842,17356
2026-02-06 15:00,2026-02-06,15,600000,ОЭС СР. ВОЛГИ,17749,16897
2026-02-06 16:00,2026-02-06,16,600000,ОЭС СР. ВОЛГИ,17475,16669
2026-02-06 17:00,2026-02-06,17,600000,ОЭС СР. ВОЛГИ,17816,17111
2026-02-06 18:00,2026-02-06,18,600000,ОЭС СР. ВОЛГИ,17441,17070
2026-02-06 19:00,2026-02-06,19,600000,ОЭС СР. ВОЛГИ,16855,16795
2026-02-06 20:00,2026-02-06,20,600000,ОЭС СР. ВОЛГИ,16648,16376
2026-02-06 21:00,2026-02-06,21,600000,ОЭС СР. ВОЛГИ,16477,16069
2026-02-06 22:00,2026-02-06,22,600000,ОЭС СР. ВОЛГИ,15981,15576
2026-02-06 23:00,2026-02-06,23,600000,ОЭС СР. ВОЛГИ,15745,15039
2026-02-07 00:00,2026-02-07,0,600000,ОЭС СР. ВОЛГИ,14977,14482
2026-02-07 01:00,2026-02-07,1,600000,ОЭС СР. ВОЛГИ,14882,14104
2026-02-07 02:00,2026-02-07,2,600000,ОЭС СР. ВОЛГИ,14910,14037
2026-02-07 03:00,2026-02-07,3,600000,ОЭС СР. ВОЛГИ,14725,14026
2026-02-07 04:00,2026-02-07,4,600000,ОЭС СР. ВОЛГИ,14512,13951
2026-02-07 05:00,2026-02-07,5,600000,ОЭС СР. ВОЛГИ,14462,14184
2026-02-07 06:00,2026-02-07,6,600000,ОЭС СР. ВОЛГИ,14987,14461
2026-02-07 07:00,2026-02-07,7,600000,ОЭС СР. ВОЛГИ,14842,14868
2026-02-07 08:00,2026-02-07,8,600000,ОЭС СР. ВОЛГИ,15335,15415
2026-02-07 09:00,2026-02-07,9,600000,ОЭС СР. ВОЛГИ,16657,16044
2026-02-07 10:00,2026-02-07,10,600000,ОЭС СР. ВОЛГИ,17858,16482
2026-02-07 11:00,2026-02-07,11,600000,ОЭС СР. ВОЛГИ,17933,16415
2026-02-07 12:00,2026-02-07,12,600000,ОЭС СР. ВОЛГИ,17766,16436
2026-02-07 13:00,2026-02-07,13,600000,ОЭС СР. ВОЛГИ,17679,16252
2026-02-07 14:00,2026-02-07,14,600000,ОЭС СР. ВОЛГИ,17415,16159
2026-02-07 15:00,2026-02-07,15,600000,ОЭС СР. ВОЛГИ,16654,16109
2026-02-07 16:00,2026-02-07,16,600000,ОЭС СР. ВОЛГИ,16858,16100
2026-02-07 17:00,2026-02-07,17,600000,ОЭС СР. ВОЛГИ,17289,16538
2026-02-07 18:00,2026-02-07,18,600000,ОЭС СР. ВОЛГИ,17665,16580
2026-02-07 19:00,2026-02-07,19,600000,ОЭС СР. ВОЛГИ,17313,16102
2026-02-07 20:00,2026-02-07,20,600000,ОЭС СР. ВОЛГИ,16219,15877
2026-02-07 21:00,2026-02-07,21,600000,ОЭС СР. ВОЛГИ,15401,15504
2026-02-07 22:00,2026-02-07,22,600000,ОЭС СР. ВОЛГИ,14818,15118
2026-02-07 23:00,2026-02-07,23,600000,ОЭС СР. ВОЛГИ,14665,14547
2026-02-08 00:00,2026-02-08,0,600000,ОЭС СР. ВОЛГИ,14423,14158
2026-02-08 01:00,2026-02-08,1,600000,ОЭС СР. ВОЛГИ,14440,13956
2026-02-08 02:00,2026-02-08,2,600000,ОЭС СР. ВОЛГИ,14274,13650
2026-02-08 03:00,2026-02-08,3,600000,ОЭС СР. ВОЛГИ,14185,13494
2026-02-08 04:00,2026-02-08,4,600000,ОЭС СР. ВОЛГИ,14326,13657
2026-02-08 05:00,2026-02-08,5,600000,ОЭС СР. ВОЛГИ,14077,13650
2026-02-08 06:00,2026-02-08,6,600000,ОЭС СР. ВОЛГИ,14592,14077
2026-02-08 07:00,2026-02-08,7,600000,ОЭС СР. ВОЛГИ,14652,14330
2026-02-08 08:00,2026-02-08,8,600000,ОЭС СР. ВОЛГИ,14679,14657
2026-02-08 09:00,2026-02-08,9,600000,ОЭС СР. ВОЛГИ,14740,15255
2026-02-08 10:00,2026-02-08,10,600000,ОЭС СР. ВОЛГИ,15691,15690
2026-02-08 11:00,2026-02-08,11,600000,ОЭС СР. ВОЛГИ,16138,15764
2026-02-08 12:00,2026-02-08,12,600000,ОЭС СР. ВОЛГИ,15982,15847
2026-02-08 13:00,2026-02-08,13,600000,ОЭС СР. ВОЛГИ,15859,15887
2026-02-08 14:00,2026-02-08,14,600000,ОЭС СР. ВОЛГИ,15855,15784
2026-02-08 15:00,2026-02-08,15,600000,ОЭС СР. ВОЛГИ,15756,15541
2026-02-08 16:00,2026-02-08,16,600000,ОЭС СР. ВОЛГИ,15969,15732
2026-02-08 17:00,2026-02-08,17,600000,ОЭС СР. ВОЛГИ,16444,16109
2026-02-08 18:00,2026-02-08,18,600000,ОЭС СР. ВОЛГИ,17122,16316
2026-02-08 19:00,2026-02-08,19,600000,ОЭС СР. ВОЛГИ,16697,16150
2026-02-08 20:00,2026-02-08,20,600000,ОЭС СР. ВОЛГИ,15827,15934
2026-02-08 21:00,2026-02-08,21,600000,ОЭС СР. ВОЛГИ,15236,15680
2026-02-08 22:00,2026-02-08,22,600000,ОЭС СР. ВОЛГИ,14581,15051
2026-02-08 23:00,2026-02-08,23,600000,ОЭС СР. ВОЛГИ,14444,14510
2026-02-09 00:00,2026-02-09,0,600000,ОЭС СР. ВОЛГИ,15017,14071
2026-02-09 01:00,2026-02-09,1,600000,ОЭС СР. ВОЛГИ,14842,13682
2026-02-09 02:00,2026-02-09,2,600000,ОЭС СР. ВОЛГИ,14639,13679
2026-02-09 03:00,2026-02-09,3,600000,ОЭС СР. ВОЛГИ,14693,13671
2026-02-09 04:00,2026-02-09,4,600000,ОЭС СР. ВОЛГИ,14622,13660
2026-02-09 05:00,2026-02-09,5,600000,ОЭС СР. ВОЛГИ,15365,14212
2026-02-09 06:00,2026-02-09,6,600000,ОЭС СР. ВОЛГИ,15454,14756
2026-02-09 07:00,2026-02-09,7,600000,ОЭС СР. ВОЛГИ,15466,16004
2026-02-09 08:00,2026-02-09,8,600000,ОЭС СР. ВОЛГИ,16551,16681
2026-02-09 09:00,2026-02-09,9,600000,ОЭС СР. ВОЛГИ,17649,17278
2026-02-09 10:00,2026-02-09,10,600000,ОЭС СР. ВОЛГИ,17931,17412
2026-02-09 11:00,2026-02-09,11,600000,ОЭС СР. ВОЛГИ,18080,17236
2026-02-09 12:00,2026-02-09,12,600000,ОЭС СР. ВОЛГИ,18027,17010
2026-02-09 13:00,2026-02-09,13,600000,ОЭС СР. ВОЛГИ,17899,17104
2026-02-09 14:00,2026-02-09,14,600000,ОЭС СР. ВОЛГИ,17896,17166
2026-02-09 15:00,2026-02-09,15,600000,ОЭС СР. ВОЛГИ,17243,17002
2026-02-09 16:00,2026-02-09,16,600000,ОЭС СР. ВОЛГИ,16999,16727
2026-02-09 17:00,2026-02-09,17,600000,ОЭС СР. ВОЛГИ,17598,16939
2026-02-09 18:00,2026-02-09,18,600000,ОЭС СР. ВОЛГИ,17735,17064
2026-02-09 19:00,2026-02-09,19,600000,ОЭС СР. ВОЛГИ,17556,16605
2026-02-09 20:00,2026-02-09,20,600000,ОЭС СР. ВОЛГИ,16908,16340
2026-02-09 21:00,2026-02-09,21,600000,ОЭС СР. ВОЛГИ,16354,16120
2026-02-09 22:00,2026-02-09,22,600000,ОЭС СР. ВОЛГИ,15381,15402
2026-02-09 23:00,2026-02-09,23,600000,ОЭС СР. ВОЛГИ,15058,14863
2026-02-10 00:00,2026-02-10,0,600000,ОЭС СР. ВОЛГИ,15517,14274
2026-02-10 01:00,2026-02-10,1,600000,ОЭС СР. ВОЛГИ,15096,14133
2026-02-10 02:00,2026-02-10,2,600000,ОЭС СР. ВОЛГИ,14831,13960
2026-02-10 03:00,2026-02-10,3,600000,ОЭС СР. ВОЛГИ,14770,13935
2026-02-10 04:00,2026-02-10,4,600000,ОЭС СР. ВОЛГИ,14953,14004
2026-02-10 05:00,2026-02-10,5,600000,ОЭС СР. ВОЛГИ,14979,14189
2026-02-10 06:00,2026-02-10,6,600000,ОЭС СР. ВОЛГИ,15087,15037
2026-02-10 07:00,2026-02-10,7,600000,ОЭС СР. ВОЛГИ,16122,15954
2026-02-10 08:00,2026-02-10,8,600000,ОЭС СР. ВОЛГИ,17037,16638
2026-02-10 09:00,2026-02-10,9,600000,ОЭС СР. ВОЛГИ,18479,17206
2026-02-10 10:00,2026-02-10,10,600000,ОЭС СР. ВОЛГИ,18372,17181
2026-02-10 11:00,2026-02-10,11,600000,ОЭС СР. ВОЛГИ,17963,17008
2026-02-10 12:00,2026-02-10,12,600000,ОЭС СР. ВОЛГИ,17640,16823
2026-02-10 13:00,2026-02-10,13,600000,ОЭС СР. ВОЛГИ,17639,16868
2026-02-10 14:00,2026-02-10,14,600000,ОЭС СР. ВОЛГИ,17792,16830
2026-02-10 15:00,2026-02-10,15,600000,ОЭС СР. ВОЛГИ,17805,16718
2026-02-10 16:00,2026-02-10,16,600000,ОЭС СР. ВОЛГИ,17996,16477
2026-02-10 17:00,2026-02-10,17,600000,ОЭС СР. ВОЛГИ,18158,16650
2026-02-10 18:00,2026-02-10,18,600000,ОЭС СР. ВОЛГИ,18584,16928
2026-02-10 19:00,2026-02-10,19,600000,ОЭС СР. ВОЛГИ,18560,16606
2026-02-10 20:00,2026-02-10,20,600000,ОЭС СР. ВОЛГИ,16891,16214
2026-02-10 21:00,2026-02-10,21,600000,ОЭС СР. ВОЛГИ,16441,15815
2026-02-10 22:00,2026-02-10,22,600000,ОЭС СР. ВОЛГИ,16050,15305
2026-02-10 23:00,2026-02-10,23,600000,ОЭС СР. ВОЛГИ,15546,14598
2026-02-11 00:00,2026-02-11,0,600000,ОЭС СР. ВОЛГИ,15830,14384
2026-02-11 01:00,2026-02-11,1,600000,ОЭС СР. ВОЛГИ,15048,14058
2026-02-11 02:00,2026-02-11,2,600000,ОЭС СР. ВОЛГИ,14922,13908
2026-02-11 03:00,2026-02-11,3,600000,ОЭС СР. ВОЛГИ,15358,13983
2026-02-11 04:00,2026-02-11,4,600000,ОЭС СР. ВОЛГИ,14784,13987
2026-02-11 05:00,2026-02-11,5,600000,ОЭС СР. ВОЛГИ,15181,14317
2026-02-11 06:00,2026-02-11,6,600000,ОЭС СР. ВОЛГИ,16004,15226
2026-02-11 07:00,2026-02-11,7,600000,ОЭС СР. ВОЛГИ,16567,16189
2026-02-11 08:00,2026-02-11,8,600000,ОЭС СР. ВОЛГИ,17712,16850
2026-02-11 09:00,2026-02-11,9,600000,ОЭС СР. ВОЛГИ,18903,17353
2026-02-11 10:00,2026-02-11,10,600000,ОЭС СР. ВОЛГИ,18526,17353
2026-02-11 11:00,2026-02-11,11,600000,ОЭС СР. ВОЛГИ,17824,17077
2026-02-11 12:00,2026-02-11,12,600000,ОЭС СР. ВОЛГИ,17794,17006
2026-02-11 13:00,2026-02-11,13,600000,ОЭС СР. ВОЛГИ,17533,16871
2026-02-11 14:00,2026-02-11,14,600000,ОЭС СР. ВОЛГИ,17767,16826
2026-02-11 15:00,2026-02-11,15,600000,ОЭС СР. ВОЛГИ,17471,16649
2026-02-11 16:00,2026-02-11,16,600000,ОЭС СР. ВОЛГИ,17239,16298
2026-02-11 17:00,2026-02-11,17,600000,ОЭС СР. ВОЛГИ,17100,16621
2026-02-11 18:00,2026-02-11,18,600000,ОЭС СР. ВОЛГИ,17730,16748
2026-02-11 19:00,2026-02-11,19,600000,ОЭС СР. ВОЛГИ,17461,16448
2026-02-11 20:00,2026-02-11,20,600000,ОЭС СР. ВОЛГИ,16643,16139
2026-02-11 21:00,2026-02-11,21,600000,ОЭС СР. ВОЛГИ,15716,15813
2026-02-11 22:00,2026-02-11,22,600000,ОЭС СР. ВОЛГИ,15334,15237
2026-02-11 23:00,2026-02-11,23,600000,ОЭС СР. ВОЛГИ,15389,14623
2026-02-12 00:00,2026-02-12,0,600000,ОЭС СР. ВОЛГИ,15087,14117
2026-02-12 01:00,2026-02-12,1,600000,ОЭС СР. ВОЛГИ,14818,13840
2026-02-12 02:00,2026-02-12,2,600000,ОЭС СР. ВОЛГИ,14460,13740
2026-02-12 03:00,2026-02-12,3,600000,ОЭС СР. ВОЛГИ,14713,13810
2026-02-12 04:00,2026-02-12,4,600000,ОЭС СР. ВОЛГИ,14519,13963
2026-02-12 05:00,2026-02-12,5,600000,ОЭС СР. ВОЛГИ,14853,14327
2026-02-12 06:00,2026-02-12,6,600000,ОЭС СР. ВОЛГИ,16130,15182
2026-02-12 07:00,2026-02-12,7,600000,ОЭС СР. ВОЛГИ,16306,16068
2026-02-12 08:00,2026-02-12,8,600000,ОЭС СР. ВОЛГИ,17227,16821
2026-02-12 09:00,2026-02-12,9,600000,ОЭС СР. ВОЛГИ,18894,17389
2026-02-12 10:00,2026-02-12,10,600000,ОЭС СР. ВОЛГИ,18590,17515
2026-02-12 11:00,2026-02-12,11,600000,ОЭС СР. ВОЛГИ,18378,17342
2026-02-12 12:00,2026-02-12,12,600000,ОЭС СР. ВОЛГИ,18125,17042
2026-02-12 13:00,2026-02-12,13,600000,ОЭС СР. ВОЛГИ,18503,17169
2026-02-12 14:00,2026-02-12,14,600000,ОЭС СР. ВОЛГИ,18716,17195
2026-02-12 15:00,2026-02-12,15,600000,ОЭС СР. ВОЛГИ,18447,17006
2026-02-12 16:00,2026-02-12,16,600000,ОЭС СР. ВОЛГИ,17837,16778
2026-02-12 17:00,2026-02-12,17,600000,ОЭС СР. ВОЛГИ,17441,16855
2026-02-12 18:00,2026-02-12,18,600000,ОЭС СР. ВОЛГИ,18196,16903
2026-02-12 19:00,2026-02-12,19,600000,ОЭС СР. ВОЛГИ,17508,16641
2026-02-12 20:00,2026-02-12,20,600000,ОЭС СР. ВОЛГИ,17463,16494
2026-02-12 21:00,2026-02-12,21,600000,ОЭС СР. ВОЛГИ,16845,16130
2026-02-12 22:00,2026-02-12,22,600000,ОЭС СР. ВОЛГИ,15573,15378
2026-02-12 23:00,2026-02-12,23,600000,ОЭС СР. ВОЛГИ,14474,14746
2026-02-13 00:00,2026-02-13,0,600000,ОЭС СР. ВОЛГИ,14231,14241
2026-02-13 01:00,2026-02-13,1,600000,ОЭС СР. ВОЛГИ,14280,13983
2026-02-13 02:00,2026-02-13,2,600000,ОЭС СР. ВОЛГИ,14023,13896
2026-02-13 03:00,2026-02-13,3,600000,ОЭС СР. ВОЛГИ,14025,13931
2026-02-13 04:00,2026-02-13,4,600000,ОЭС СР. ВОЛГИ,14135,13997
2026-02-13 05:00,2026-02-13,5,600000,ОЭС СР. ВОЛГИ,14034,14408
2026-02-13 06:00,2026-02-13,6,600000,ОЭС СР. ВОЛГИ,14683,15200
2026-02-13 07:00,2026-02-13,7,600000,ОЭС СР. ВОЛГИ,16021,15975
2026-02-13 08:00,2026-02-13,8,600000,ОЭС СР. ВОЛГИ,17278,16746
2026-02-13 09:00,2026-02-13,9,600000,ОЭС СР. ВОЛГИ,17915,17185
2026-02-13 10:00,2026-02-13,10,600000,ОЭС СР. ВОЛГИ,17910,17089
2026-02-13 11:00,2026-02-13,11,600000,ОЭС СР. ВОЛГИ,17698,17164
2026-02-13 12:00,2026-02-13,12,600000,ОЭС СР. ВОЛГИ,17980,16987
2026-02-13 13:00,2026-02-13,13,600000,ОЭС СР. ВОЛГИ,17624,17094
2026-02-13 14:00,2026-02-13,14,600000,ОЭС СР. ВОЛГИ,18061,16945
2026-02-13 15:00,2026-02-13,15,600000,ОЭС СР. ВОЛГИ,17823,16763
2026-02-13 16:00,2026-02-13,16,600000,ОЭС СР. ВОЛГИ,17528,16536
2026-02-13 17:00,2026-02-13,17,600000,ОЭС СР. ВОЛГИ,17222,16560
2026-02-13 18:00,2026-02-13,18,600000,ОЭС СР. ВОЛГИ,17575,16728
2026-02-13 19:00,2026-02-13,19,600000,ОЭС СР. ВОЛГИ,17463,16245
2026-02-13 20:00,2026-02-13,20,600000,ОЭС СР. ВОЛГИ,16772,16137
2026-02-13 21:00,2026-02-13,21,600000,ОЭС СР. ВОЛГИ,15352,15843
2026-02-13 22:00,2026-02-13,22,600000,ОЭС СР. ВОЛГИ,14612,15257
2026-02-13 23:00,2026-02-13,23,600000,ОЭС СР. ВОЛГИ,14354,14651
2026-02-14 00:00,2026-02-14,0,600000,ОЭС СР. ВОЛГИ,13551,13980
2026-02-14 01:00,2026-02-14,1,600000,ОЭС СР. ВОЛГИ,13551,13854
2026-02-14 02:00,2026-02-14,2,600000,ОЭС СР. ВОЛГИ,13129,13694
2026-02-14 03:00,2026-02-14,3,600000,ОЭС СР. ВОЛГИ,13261,13459
2026-02-14 04:00,2026-02-14,4,600000,ОЭС СР. ВОЛГИ,13298,13588
2026-02-14 05:00,2026-02-14,5,600000,ОЭС СР. ВОЛГИ,13199,13636
2026-02-14 06:00,2026-02-14,6,600000,ОЭС СР. ВОЛГИ,13703,14096
2026-02-14 07:00,2026-02-14,7,600000,ОЭС СР. ВОЛГИ,14089,14487
2026-02-14 08:00,2026-02-14,8,600000,ОЭС СР. ВОЛГИ,14134,15062
2026-02-14 09:00,2026-02-14,9,600000,ОЭС СР. ВОЛГИ,15536,15659
2026-02-14 10:00,2026-02-14,10,600000,ОЭС СР. ВОЛГИ,16171,15872
2026-02-14 11:00,2026-02-14,11,600000,ОЭС СР. ВОЛГИ,16675,15969
2026-02-14 12:00,2026-02-14,12,600000,ОЭС СР. ВОЛГИ,16876,16036
2026-02-14 13:00,2026-02-14,13,600000,ОЭС СР. ВОЛГИ,17052,15886
2026-02-14 14:00,2026-02-14,14,600000,ОЭС СР. ВОЛГИ,16576,15794
2026-02-14 15:00,2026-02-14,15,600000,ОЭС СР. ВОЛГИ,16392,15656
2026-02-14 16:00,2026-02-14,16,600000,ОЭС СР. ВОЛГИ,16503,15609
2026-02-14 17:00,2026-02-14,17,600000,ОЭС СР. ВОЛГИ,16537,15892
2026-02-14 18:00,2026-02-14,18,600000,ОЭС СР. ВОЛГИ,16862,16127
2026-02-14 19:00,2026-02-14,19,600000,ОЭС СР. ВОЛГИ,16497,15817
2026-02-14 20:00,2026-02-14,20,600000,ОЭС СР. ВОЛГИ,15743,15446
2026-02-14 21:00,2026-02-14,21,600000,ОЭС СР. ВОЛГИ,15541,15288
2026-02-14 22:00,2026-02-14,22,600000,ОЭС СР. ВОЛГИ,14313,14832
2026-02-14 23:00,2026-02-14,23,600000,ОЭС СР. ВОЛГИ,13653,14219
2026-02-15 00:00,2026-02-15,0,600000,ОЭС СР. ВОЛГИ,13438,13879
2026-02-15 01:00,2026-02-15,1,600000,ОЭС СР. ВОЛГИ,13248,13512
2026-02-15 02:00,2026-02-15,2,600000,ОЭС СР. ВОЛГИ,12898,13391
2026-02-15 03:00,2026-02-15,3,600000,ОЭС СР. ВОЛГИ,13094,13440
2026-02-15 04:00,2026-02-15,4,600000,ОЭС СР. ВОЛГИ,13362,13249
2026-02-15 05:00,2026-02-15,5,600000,ОЭС СР. ВОЛГИ,12958,13419
2026-02-15 06:00,2026-02-15,6,600000,ОЭС СР. ВОЛГИ,13326,13848
2026-02-15 07:00,2026-02-15,7,600000,ОЭС СР. ВОЛГИ,13072,13946
2026-02-15 08:00,2026-02-15,8,600000,ОЭС СР. ВОЛГИ,14028,14597
2026-02-15 09:00,2026-02-15,9,600000,ОЭС СР. ВОЛГИ,14679,14972
2026-02-15 10:00,2026-02-15,10,600000,ОЭС СР. ВОЛГИ,14803,15195
2026-02-15 11:00,2026-02-15,11,600000,ОЭС СР. ВОЛГИ,14973,15286
2026-02-15 12:00,2026-02-15,12,600000,ОЭС СР. ВОЛГИ,14980,15392
2026-02-15 13:00,2026-02-15,13,600000,ОЭС СР. ВОЛГИ,14774,15288
2026-02-15 14:00,2026-02-15,14,600000,ОЭС СР. ВОЛГИ,14874,15185
2026-02-15 15:00,2026-02-15,15,600000,ОЭС СР. ВОЛГИ,14998,15072
2026-02-15 16:00,2026-02-15,16,600000,ОЭС СР. ВОЛГИ,14948,15281
2026-02-15 17:00,2026-02-15,17,600000,ОЭС СР. ВОЛГИ,15620,15574
2026-02-15 18:00,2026-02-15,18,600000,ОЭС СР. ВОЛГИ,16094,15638
2026-02-15 19:00,2026-02-15,19,600000,ОЭС СР. ВОЛГИ,16853,15512
2026-02-15 20:00,2026-02-15,20,600000,ОЭС СР. ВОЛГИ,15637,15262
2026-02-15 21:00,2026-02-15,21,600000,ОЭС СР. ВОЛГИ,15098,15044
2026-02-15 22:00,2026-02-15,22,600000,ОЭС СР. ВОЛГИ,14342,14341
2026-02-15 23:00,2026-02-15,23,600000,ОЭС СР. ВОЛГИ,13803,13842
2026-02-16 00:00,2026-02-16,0,600000,ОЭС СР. ВОЛГИ,13068,13548
2026-02-16 01:00,2026-02-16,1,600000,ОЭС СР. ВОЛГИ,13125,13335
2026-02-16 02:00,2026-02-16,2,600000,ОЭС СР. ВОЛГИ,13315,13286
2026-02-16 03:00,2026-02-16,3,600000,ОЭС СР. ВОЛГИ,13509,13108
2026-02-16 04:00,2026-02-16,4,600000,ОЭС СР. ВОЛГИ,13571,13295
2026-02-16 05:00,2026-02-16,5,600000,ОЭС СР. ВОЛГИ,13418,13746
2026-02-16 06:00,2026-02-16,6,600000,ОЭС СР. ВОЛГИ,14532,14449
2026-02-16 07:00,2026-02-16,7,600000,ОЭС СР. ВОЛГИ,14991,15431
2026-02-16 08:00,2026-02-16,8,600000,ОЭС СР. ВОЛГИ,16222,16197
2026-02-16 09:00,2026-02-16,9,600000,ОЭС СР. ВОЛГИ,17475,16698
2026-02-16 10:00,2026-02-16,10,600000,ОЭС СР. ВОЛГИ,17954,16794
2026-02-16 11:00,2026-02-16,11,600000,ОЭС СР. ВОЛГИ,17394,16695
2026-02-16 12:00,2026-02-16,12,600000,ОЭС СР. ВОЛГИ,17597,16762
2026-02-16 13:00,2026-02-16,13,600000,ОЭС СР. ВОЛГИ,17717,16597
2026-02-16 14:00,2026-02-16,14,600000,ОЭС СР. ВОЛГИ,17876,16559
2026-02-16 15:00,2026-02-16,15,600000,ОЭС СР. ВОЛГИ,17661,16419
2026-02-16 16:00,2026-02-16,16,600000,ОЭС СР. ВОЛГИ,17465,16266
2026-02-16 17:00,2026-02-16,17,600000,ОЭС СР. ВОЛГИ,16717,16375
2026-02-16 18:00,2026-02-16,18,600000,ОЭС СР. ВОЛГИ,16983,16452
2026-02-16 19:00,2026-02-16,19,600000,ОЭС СР. ВОЛГИ,17256,15937
2026-02-16 20:00,2026-02-16,20,600000,ОЭС СР. ВОЛГИ,16790,15926
2026-02-16 21:00,2026-02-16,21,600000,ОЭС СР. ВОЛГИ,15585,15489
2026-02-16 22:00,2026-02-16,22,600000,ОЭС СР. ВОЛГИ,15685,15106
2026-02-16 23:00,2026-02-16,23,600000,ОЭС СР. ВОЛГИ,15077,14278
2026-02-17 00:00,2026-02-17,0,600000,ОЭС СР. ВОЛГИ,15114,13861
2026-02-17 01:00,2026-02-17,1,600000,ОЭС СР. ВОЛГИ,14110,13500
2026-02-17 02:00,2026-02-17,2,600000,ОЭС СР. ВОЛГИ,14279,13475
2026-02-17 03:00,2026-02-17,3,600000,ОЭС СР. ВОЛГИ,14197,13485
2026-02-17 04:00,2026-02-17,4,600000,ОЭС СР. ВОЛГИ,14138,13632
2026-02-17 05:00,2026-02-17,5,600000,ОЭС СР. ВОЛГИ,14144,13766
2026-02-17 06:00,2026-02-17,6,600000,ОЭС СР. ВОЛГИ,15454,14427
2026-02-17 07:00,2026-02-17,7,600000,ОЭС СР. ВОЛГИ,15790,15204
2026-02-17 08:00,2026-02-17,8,600000,ОЭС СР. ВОЛГИ,16311,16035
2026-02-17 09:00,2026-02-17,9,600000,ОЭС СР. ВОЛГИ,18078,16525
2026-02-17 10:00,2026-02-17,10,600000,ОЭС СР. ВОЛГИ,17707,16540
2026-02-17 11:00,2026-02-17,11,600000,ОЭС СР. ВОЛГИ,17471,16466
2026-02-17 12:00,2026-02-17,12,600000,ОЭС СР. ВОЛГИ,17712,16618
2026-02-17 13:00,2026-02-17,13,600000,ОЭС СР. ВОЛГИ,18038,16376
2026-02-17 14:00,2026-02-17,14,600000,ОЭС СР. ВОЛГИ,18304,16434
2026-02-17 15:00,2026-02-17,15,600000,ОЭС СР. ВОЛГИ,18243,16474
2026-02-17 16:00,2026-02-17,16,600000,ОЭС СР. ВОЛГИ,18422,16288
2026-02-17 17:00,2026-02-17,17,600000,ОЭС СР. ВОЛГИ,17680,16210
2026-02-17 18:00,2026-02-17,18,600000,ОЭС СР. ВОЛГИ,17917,16553
2026-02-17 19:00,2026-02-17,19,600000,ОЭС СР. ВОЛГИ,17355,16207
2026-02-17 20:00,2026-02-17,20,600000,ОЭС СР. ВОЛГИ,17173,15988
2026-02-17 21:00,2026-02-17,21,600000,ОЭС СР. ВОЛГИ,16357,15657
2026-02-17 22:00,2026-02-17,22,600000,ОЭС СР. ВОЛГИ,15986,15132
2026-02-17 23:00,2026-02-17,23,600000,ОЭС СР. ВОЛГИ,14974,14441
2026-02-18 00:00,2026-02-18,0,600000,ОЭС СР. ВОЛГИ,14510,13988
2026-02-18 01:00,2026-02-18,1,600000,ОЭС СР. ВОЛГИ,14597,13775
2026-02-18 02:00,2026-02-18,2,600000,ОЭС СР. ВОЛГИ,14488,13509
2026-02-18 03:00,2026-02-18,3,600000,ОЭС СР. ВОЛГИ,14522,13521
2026-02-18 04:00,2026-02-18,4,600000,ОЭС СР. ВОЛГИ,14708,13624
2026-02-18 05:00,2026-02-18,5,600000,ОЭС СР. ВОЛГИ,15121,14050
2026-02-18 06:00,2026-02-18,6,600000,ОЭС СР. ВОЛГИ,15389,14951
2026-02-18 07:00,2026-02-18,7,600000,ОЭС СР. ВОЛГИ,15795,15831
2026-02-18 08:00,2026-02-18,8,600000,ОЭС СР. ВОЛГИ,16784,16610
2026-02-18 09:00,2026-02-18,9,600000,ОЭС СР. ВОЛГИ,18363,17143
2026-02-18 10:00,2026-02-18,10,600000,ОЭС СР. ВОЛГИ,17396,17062
2026-02-18 11:00,2026-02-18,11,600000,ОЭС СР. ВОЛГИ,17257,16740
2026-02-18 12:00,2026-02-18,12,600000,ОЭС СР. ВОЛГИ,18055,16683
2026-02-18 13:00,2026-02-18,13,600000,ОЭС СР. ВОЛГИ,18020,16633
2026-02-18 14:00,2026-02-18,14,600000,ОЭС СР. ВОЛГИ,18093,16606
2026-02-18 15:00,2026-02-18,15,600000,ОЭС СР. ВОЛГИ,17110,16360
2026-02-18 16:00,2026-02-18,16,600000,ОЭС СР. ВОЛГИ,17428,16161
2026-02-18 17:00,2026-02-18,17,600000,ОЭС СР. ВОЛГИ,17365,16116
2026-02-18 18:00,2026-02-18,18,600000,ОЭС СР. ВОЛГИ,17864,16665
2026-02-18 19:00,2026-02-18,19,600000,ОЭС СР. ВОЛГИ,17827,16317
2026-02-18 20:00,2026-02-18,20,600000,ОЭС СР. ВОЛГИ,17354,16162
2026-02-18 21:00,2026-02-18,21,600000,ОЭС СР. ВОЛГИ,17119,15831
2026-02-18 22:00,2026-02-18,22,600000,ОЭС СР. ВОЛГИ,16058,15131
2026-02-18 23:00,2026-02-18,23,600000,ОЭС СР. ВОЛГИ,15792,14646
2026-02-19 00:00,2026-02-19,0,600000,ОЭС СР. ВОЛГИ,15421,14021
2026-02-19 01:00,2026-02-19,1,600000,ОЭС СР. ВОЛГИ,15022,13807
2026-02-19 02:00,2026-02-19,2,600000,ОЭС СР. ВОЛГИ,14622,13711
2026-02-19 03:00,2026-02-19,3,600000,ОЭС СР. ВОЛГИ,14894,13749
2026-02-19 04:00,2026-02-19,4,600000,ОЭС СР. ВОЛГИ,14913,14098
2026-02-19 05:00,2026-02-19,5,600000,ОЭС СР. ВОЛГИ,15186,14272
2026-02-19 06:00,2026-02-19,6,600000,ОЭС СР. ВОЛГИ,15665,15118
2026-02-19 07:00,2026-02-19,7,600000,ОЭС СР. ВОЛГИ,16416,15840
2026-02-19 08:00,2026-02-19,8,600000,ОЭС СР. ВОЛГИ,17592,16860
2026-02-19 09:00,2026-02-19,9,600000,ОЭС СР. ВОЛГИ,18691,17251
2026-02-19 10:00,2026-02-19,10,600000,ОЭС СР. ВОЛГИ,18637,17381
2026-02-19 11:00,2026-02-19,11,600000,ОЭС СР. ВОЛГИ,18573,17153
2026-02-19 12:00,2026-02-19,12,600000,ОЭС СР. ВОЛГИ,18513,17111
2026-02-19 13:00,2026-02-19,13,600000,ОЭС СР. ВОЛГИ,18795,16966
2026-02-19 14:00,2026-02-19,14,600000,ОЭС СР. ВОЛГИ,18790,16845
2026-02-19 15:00,2026-02-19,15,600000,ОЭС СР. ВОЛГИ,18651,16834
2026-02-19 16:00,2026-02-19,16,600000,ОЭС СР. ВОЛГИ,18297,16411
2026-02-19 17:00,2026-02-19,17,600000,ОЭС СР. ВОЛГИ,17890,16320
2026-02-19 18:00,2026-02-19,18,600000,ОЭС СР. ВОЛГИ,18115,16676
2026-02-19 19:00,2026-02-19,19,600000,ОЭС СР. ВОЛГИ,17901,16500
2026-02-19 20:00,2026-02-19,20,600000,ОЭС СР. ВОЛГИ,17248,16251
2026-02-19 21:00,2026-02-19,21,600000,ОЭС СР. ВОЛГИ,16521,15795
2026-02-19 22:00,2026-02-19,22,600000,ОЭС СР. ВОЛГИ,16238,15418
2026-02-19 23:00,2026-02-19,23,600000,ОЭС СР. ВОЛГИ,15706,14423
2026-02-20 00:00,2026-02-20,0,600000,ОЭС СР. ВОЛГИ,15636,14265
2026-02-20 01:00,2026-02-20,1,600000,ОЭС СР. ВОЛГИ,14672,13949
2026-02-20 02:00,2026-02-20,2,600000,ОЭС СР. ВОЛГИ,14106,13851
2026-02-20 03:00,2026-02-20,3,600000,ОЭС СР. ВОЛГИ,14105,13752
2026-02-20 04:00,2026-02-20,4,600000,ОЭС СР. ВОЛГИ,14559,13888
2026-02-20 05:00,2026-02-20,5,600000,ОЭС СР. ВОЛГИ,14599,14247
2026-02-20 06:00,2026-02-20,6,600000,ОЭС СР. ВОЛГИ,15785,15020
2026-02-20 07:00,2026-02-20,7,600000,ОЭС СР. ВОЛГИ,15649,15737
2026-02-20 08:00,2026-02-20,8,600000,ОЭС СР. ВОЛГИ,17377,16574
2026-02-20 09:00,2026-02-20,9,600000,ОЭС СР. ВОЛГИ,18191,17118
2026-02-20 10:00,2026-02-20,10,600000,ОЭС СР. ВОЛГИ,17887,17084
2026-02-20 11:00,2026-02-20,11,600000,ОЭС СР. ВОЛГИ,17487,16854
2026-02-20 12:00,2026-02-20,12,600000,ОЭС СР. ВОЛГИ,17224,16791
2026-02-20 13:00,2026-02-20,13,600000,ОЭС СР. ВОЛГИ,17595,16803
2026-02-20 14:00,2026-02-20,14,600000,ОЭС СР. ВОЛГИ,17873,16795
2026-02-20 15:00,2026-02-20,15,600000,ОЭС СР. ВОЛГИ,17948,16514
2026-02-20 16:00,2026-02-20,16,600000,ОЭС СР. ВОЛГИ,17283,16394
2026-02-20 17:00,2026-02-20,17,600000,ОЭС СР. ВОЛГИ,17648,16338
2026-02-20 18:00,2026-02-20,18,600000,ОЭС СР. ВОЛГИ,18541,16529
2026-02-20 19:00,2026-02-20,19,600000,ОЭС СР. ВОЛГИ,18016,16097
2026-02-20 20:00,2026-02-20,20,600000,ОЭС СР. ВОЛГИ,17442,15982
2026-02-20 21:00,2026-02-20,21,600000,ОЭС СР. ВОЛГИ,16730,15707
2026-02-20 22:00,2026-02-20,22,600000,ОЭС СР. ВОЛГИ,16299,15248
2026-02-20 23:00,2026-02-20,23,600000,ОЭС СР. ВОЛГИ,15275,14585
2026-02-21 00:00,2026-02-21,0,600000,ОЭС СР. ВОЛГИ,15087,14143
2026-02-21 01:00,2026-02-21,1,600000,ОЭС СР. ВОЛГИ,14317,13922
2026-02-21 02:00,2026-02-21,2,600000,ОЭС СР. ВОЛГИ,14268,13618
2026-02-21 03:00,2026-02-21,3,600000,ОЭС СР. ВОЛГИ,14110,13579
2026-02-21 04:00,2026-02-21,4,600000,ОЭС СР. ВОЛГИ,14186,13684
2026-02-21 05:00,2026-02-21,5,600000,ОЭС СР. ВОЛГИ,14075,13721
2026-02-21 06:00,2026-02-21,6,600000,ОЭС СР. ВОЛГИ,14097,13991
2026-02-21 07:00,2026-02-21,7,600000,ОЭС СР. ВОЛГИ,14850,14274
2026-02-21 08:00,2026-02-21,8,600000,ОЭС СР. ВОЛГИ,15393,15003
2026-02-21 09:00,2026-02-21,9,600000,ОЭС СР. ВОЛГИ,16588,15484
2026-02-21 10:00,2026-02-21,10,600000,ОЭС СР. ВОЛГИ,16665,15556
2026-02-21 11:00,2026-02-21,11,600000,ОЭС СР. ВОЛГИ,17014,15704
2026-02-21 12:00,2026-02-21,12,600000,ОЭС СР. ВОЛГИ,16966,15668
2026-02-21 13:00,2026-02-21,13,600000,ОЭС СР. ВОЛГИ,16709,15604
2026-02-21 14:00,2026-02-21,14,600000,ОЭС СР. ВОЛГИ,16147,15418
2026-02-21 15:00,2026-02-21,15,600000,ОЭС СР. ВОЛГИ,16082,15358
2026-02-21 16:00,2026-02-21,16,600000,ОЭС СР. ВОЛГИ,15754,15300
2026-02-21 17:00,2026-02-21,17,600000,ОЭС СР. ВОЛГИ,16178,15511
2026-02-21 18:00,2026-02-21,18,600000,ОЭС СР. ВОЛГИ,16678,15881
2026-02-21 19:00,2026-02-21,19,600000,ОЭС СР. ВОЛГИ,16653,15812
2026-02-21 20:00,2026-02-21,20,600000,ОЭС СР. ВОЛГИ,16078,15590
2026-02-21 21:00,2026-02-21,21,600000,ОЭС СР. ВОЛГИ,15230,15201
2026-02-21 22:00,2026-02-21,22,600000,ОЭС СР. ВОЛГИ,14920,14672
2026-02-21 23:00,2026-02-21,23,600000,ОЭС СР. ВОЛГИ,14665,14265
2026-02-22 00:00,2026-02-22,0,600000,ОЭС СР. ВОЛГИ,14508,13929
2026-02-22 01:00,2026-02-22,1,600000,ОЭС СР. ВОЛГИ,13993,13615
2026-02-22 02:00,2026-02-22,2,600000,ОЭС СР. ВОЛГИ,13858,13461
2026-02-22 03:00,2026-02-22,3,600000,ОЭС СР. ВОЛГИ,14268,13621
2026-02-22 04:00,2026-02-22,4,600000,ОЭС СР. ВОЛГИ,14232,13597
2026-02-22 05:00,2026-02-22,5,600000,ОЭС СР. ВОЛГИ,14126,13855
2026-02-22 06:00,2026-02-22,6,600000,ОЭС СР. ВОЛГИ,14486,14121
2026-02-22 07:00,2026-02-22,7,600000,ОЭС СР. ВОЛГИ,14561,14273
2026-02-22 08:00,2026-02-22,8,600000,ОЭС СР. ВОЛГИ,14430,14729
2026-02-22 09:00,2026-02-22,9,600000,ОЭС СР. ВОЛГИ,15819,15180
2026-02-22 10:00,2026-02-22,10,600000,ОЭС СР. ВОЛГИ,15929,15318
2026-02-22 11:00,2026-02-22,11,600000,ОЭС СР. ВОЛГИ,16016,15063
2026-02-22 12:00,2026-02-22,12,600000,ОЭС СР. ВОЛГИ,15846,14932
2026-02-22 13:00,2026-02-22,13,600000,ОЭС СР. ВОЛГИ,15827,14901
2026-02-22 14:00,2026-02-22,14,600000,ОЭС СР. ВОЛГИ,15908,14837
2026-02-22 15:00,2026-02-22,15,600000,ОЭС СР. ВОЛГИ,15971,14989
2026-02-22 16:00,2026-02-22,16,600000,ОЭС СР. ВОЛГИ,15841,14908
2026-02-22 17:00,2026-02-22,17,600000,ОЭС СР. ВОЛГИ,16202,14912
2026-02-22 18:00,2026-02-22,18,600000,ОЭС СР. ВОЛГИ,16653,15449
2026-02-22 19:00,2026-02-22,19,600000,ОЭС СР. ВОЛГИ,16596,15343
2026-02-22 20:00,2026-02-22,20,600000,ОЭС СР. ВОЛГИ,15786,14981
2026-02-22 21:00,2026-02-22,21,600000,ОЭС СР. ВОЛГИ,15634,14887
2026-02-22 22:00,2026-02-22,22,600000,ОЭС СР. ВОЛГИ,14926,14517
2026-02-22 23:00,2026-02-22,23,600000,ОЭС СР. ВОЛГИ,14096,13935
2026-02-23 00:00,2026-02-23,0,600000,ОЭС СР. ВОЛГИ,13727,13535
2026-02-23 01:00,2026-02-23,1,600000,ОЭС СР. ВОЛГИ,13105,13293
2026-02-23 02:00,2026-02-23,2,600000,ОЭС СР. ВОЛГИ,13352,13241
2026-02-23 03:00,2026-02-23,3,600000,ОЭС СР. ВОЛГИ,13445,13126
2026-02-23 04:00,2026-02-23,4,600000,ОЭС СР. ВОЛГИ,13568,13101
2026-02-23 05:00,2026-02-23,5,600000,ОЭС СР. ВОЛГИ,13335,13265
2026-02-23 06:00,2026-02-23,6,600000,ОЭС СР. ВОЛГИ,13171,13520
2026-02-23 07:00,2026-02-23,7,600000,ОЭС СР. ВОЛГИ,13848,13811
2026-02-23 08:00,2026-02-23,8,600000,ОЭС СР. ВОЛГИ,13753,14301
2026-02-23 09:00,2026-02-23,9,600000,ОЭС СР. ВОЛГИ,14949,14785
2026-02-23 10:00,2026-02-23,10,600000,ОЭС СР. ВОЛГИ,15404,15103
2026-02-23 11:00,2026-02-23,11,600000,ОЭС СР. ВОЛГИ,15427,15118
2026-02-23 12:00,2026-02-23,12,600000,ОЭС СР. ВОЛГИ,15350,15194
2026-02-23 13:00,2026-02-23,13,600000,ОЭС СР. ВОЛГИ,15034,15136
2026-02-23 14:00,2026-02-23,14,600000,ОЭС СР. ВОЛГИ,14968,14929
2026-02-23 15:00,2026-02-23,15,600000,ОЭС СР. ВОЛГИ,15043,14863
2026-02-23 16:00,2026-02-23,16,600000,ОЭС СР. ВОЛГИ,15324,15030
2026-02-23 17:00,2026-02-23,17,600000,ОЭС СР. ВОЛГИ,15255,15323
2026-02-23 18:00,2026-02-23,18,600000,ОЭС СР. ВОЛГИ,16381,15650
2026-02-23 19:00,2026-02-23,19,600000,ОЭС СР. ВОЛГИ,16410,15451
2026-02-23 20:00,2026-02-23,20,600000,ОЭС СР. ВОЛГИ,16184,15152
2026-02-23 21:00,2026-02-23,21,600000,ОЭС СР. ВОЛГИ,16389,15002
2026-02-23 22:00,2026-02-23,22,600000,ОЭС СР. ВОЛГИ,14571,14401
2026-02-23 23:00,2026-02-23,23,600000,ОЭС СР. ВОЛГИ,13876,13709
2026-02-24 00:00,2026-02-24,0,600000,ОЭС СР. ВОЛГИ,13964,13490
2026-02-24 01:00,2026-02-24,1,600000,ОЭС СР. ВОЛГИ,13560,13228
2026-02-24 02:00,2026-02-24,2,600000,ОЭС СР. ВОЛГИ,13917,13086
2026-02-24 03:00,2026-02-24,3,600000,ОЭС СР. ВОЛГИ,14141,13131
2026-02-24 04:00,2026-02-24,4,600000,ОЭС СР. ВОЛГИ,13931,13247
2026-02-24 05:00,2026-02-24,5,600000,ОЭС СР. ВОЛГИ,14210,13783
2026-02-24 06:00,2026-02-24,6,600000,ОЭС СР. ВОЛГИ,14233,14402
2026-02-24 07:00,2026-02-24,7,600000,ОЭС СР. ВОЛГИ,15214,15142
2026-02-24 08:00,2026-02-24,8,600000,ОЭС СР. ВОЛГИ,16324,15973
2026-02-24 09:00,2026-02-24,9,600000,ОЭС СР. ВОЛГИ,16890,16467
2026-02-24 10:00,2026-02-24,10,600000,ОЭС СР. ВОЛГИ,16986,16439
2026-02-24 11:00,2026-02-24,11,600000,ОЭС СР. ВОЛГИ,16999,16302
2026-02-24 12:00,2026-02-24,12,600000,ОЭС СР. ВОЛГИ,16935,16291
2026-02-24 13:00,2026-02-24,13,600000,ОЭС СР. ВОЛГИ,17455,16279
2026-02-24 14:00,2026-02-24,14,600000,ОЭС СР. ВОЛГИ,17641,16263
2026-02-24 15:00,2026-02-24,15,600000,ОЭС СР. ВОЛГИ,17492,16253
2026-02-24 16:00,2026-02-24,16,600000,ОЭС СР. ВОЛГИ,17512,16087
2026-02-24 17:00,2026-02-24,17,600000,ОЭС СР. ВОЛГИ,17243,16098
2026-02-24 18:00,2026-02-24,18,600000,ОЭС СР. ВОЛГИ,17392,16290
2026-02-24 19:00,2026-02-24,19,600000,ОЭС СР. ВОЛГИ,17376,16208
2026-02-24 20:00,2026-02-24,20,600000,ОЭС СР. ВОЛГИ,17408,15950
2026-02-24 21:00,2026-02-24,21,600000,ОЭС СР. ВОЛГИ,16254,15392
2026-02-24 22:00,2026-02-24,22,600000,ОЭС СР. ВОЛГИ,15577,15043
2026-02-24 23:00,2026-02-24,23,600000,ОЭС СР. ВОЛГИ,15234,14327
2026-02-25 00:00,2026-02-25,0,600000,ОЭС СР. ВОЛГИ,14378,13731
2026-02-25 01:00,2026-02-25,1,600000,ОЭС СР. ВОЛГИ,14475,13557
2026-02-25 02:00,2026-02-25,2,600000,ОЭС СР. ВОЛГИ,14349,13419
2026-02-25 03:00,2026-02-25,3,600000,ОЭС СР. ВОЛГИ,14182,13487
2026-02-25 04:00,2026-02-25,4,600000,ОЭС СР. ВОЛГИ,13941,13535
2026-02-25 05:00,2026-02-25,5,600000,ОЭС СР. ВОЛГИ,14286,14083
2026-02-25 06:00,2026-02-25,6,600000,ОЭС СР. ВОЛГИ,15563,14874
2026-02-25 07:00,2026-02-25,7,600000,ОЭС СР. ВОЛГИ,15585,15480
2026-02-25 08:00,2026-02-25,8,600000,ОЭС СР. ВОЛГИ,16102,16338
2026-02-25 09:00,2026-02-25,9,600000,ОЭС СР. ВОЛГИ,17486,16862
2026-02-25 10:00,2026-02-25,10,600000,ОЭС СР. ВОЛГИ,17305,16783
2026-02-25 11:00,2026-02-25,11,600000,ОЭС СР. ВОЛГИ,17000,16655
2026-02-25 12:00,2026-02-25,12,600000,ОЭС СР. ВОЛГИ,16715,16587
2026-02-25 13:00,2026-02-25,13,600000,ОЭС СР. ВОЛГИ,17117,16650
2026-02-25 14:00,2026-02-25,14,600000,ОЭС СР. ВОЛГИ,17401,16403
2026-02-25 15:00,2026-02-25,15,600000,ОЭС СР. ВОЛГИ,17600,16341
2026-02-25 16:00,2026-02-25,16,600000,ОЭС СР. ВОЛГИ,17292,16012
2026-02-25 17:00,2026-02-25,17,600000,ОЭС СР. ВОЛГИ,17320,16126
2026-02-25 18:00,2026-02-25,18,600000,ОЭС СР. ВОЛГИ,17870,16355
2026-02-25 19:00,2026-02-25,19,600000,ОЭС СР. ВОЛГИ,18024,16087
2026-02-25 20:00,2026-02-25,20,600000,ОЭС СР. ВОЛГИ,16870,15823
2026-02-25 21:00,2026-02-25,21,600000,ОЭС СР. ВОЛГИ,16588,15407
2026-02-25 22:00,2026-02-25,22,600000,ОЭС СР. ВОЛГИ,15306,14867
2026-02-25 23:00,2026-02-25,23,600000,ОЭС СР. ВОЛГИ,14891,14161
2026-02-26 00:00,2026-02-26,0,600000,ОЭС СР. ВОЛГИ,13976,13879
2026-02-26 01:00,2026-02-26,1,600000,ОЭС СР. ВОЛГИ,13431,13621
2026-02-26 02:00,2026-02-26,2,600000,ОЭС СР. ВОЛГИ,13121,13456
2026-02-26 03:00,2026-02-26,3,600000,ОЭС СР. ВОЛГИ,13346,13455
2026-02-26 04:00,2026-02-26,4,600000,ОЭС СР. ВОЛГИ,13179,13625
2026-02-26 05:00,2026-02-26,5,600000,ОЭС СР. ВОЛГИ,13676,14046
2026-02-26 06:00,2026-02-26,6,600000,ОЭС СР. ВОЛГИ,14805,14659
2026-02-26 07:00,2026-02-26,7,600000,ОЭС СР. ВОЛГИ,14519,15480
2026-02-26 08:00,2026-02-26,8,600000,ОЭС СР. ВОЛГИ,15410,16402
2026-02-26 09:00,2026-02-26,9,600000,ОЭС СР. ВОЛГИ,17238,16552
2026-02-26 10:00,2026-02-26,10,600000,ОЭС СР. ВОЛГИ,17742,16756
2026-02-26 11:00,2026-02-26,11,600000,ОЭС СР. ВОЛГИ,17588,16573
2026-02-26 12:00,2026-02-26,12,600000,ОЭС СР. ВОЛГИ,16845,16334
2026-02-26 13:00,2026-02-26,13,600000,ОЭС СР. ВОЛГИ,17322,16307
2026-02-26 14:00,2026-02-26,14,600000,ОЭС СР. ВОЛГИ,17444,16115
2026-02-26 15:00,2026-02-26,15,600000,ОЭС СР. ВОЛГИ,17712,16181
2026-02-26 16:00,2026-02-26,16,600000,ОЭС СР. ВОЛГИ,17519,15906
2026-02-26 17:00,2026-02-26,17,600000,ОЭС СР. ВОЛГИ,17258,15892
2026-02-26 18:00,2026-02-26,18,600000,ОЭС СР. ВОЛГИ,17192,16093
2026-02-26 19:00,2026-02-26,19,600000,ОЭС СР. ВОЛГИ,17304,16081
2026-02-26 20:00,2026-02-26,20,600000,ОЭС СР. ВОЛГИ,17076,16010
2026-02-26 21:00,2026-02-26,21,600000,ОЭС СР. ВОЛГИ,16066,15548
2026-02-26 22:00,2026-02-26,22,600000,ОЭС СР. ВОЛГИ,15035,14987
2026-02-26 23:00,2026-02-26,23,600000,ОЭС СР. ВОЛГИ,14641,14201
2026-02-27 00:00,2026-02-27,0,600000,ОЭС СР. ВОЛГИ,13945,13792
2026-02-27 01:00,2026-02-27,1,600000,ОЭС СР. ВОЛГИ,13466,13583
2026-02-27 02:00,2026-02-27,2,600000,ОЭС СР. ВОЛГИ,12974,13490
2026-02-27 03:00,2026-02-27,3,600000,ОЭС СР. ВОЛГИ,13055,13273
2026-02-27 04:00,2026-02-27,4,600000,ОЭС СР. ВОЛГИ,13129,13463
2026-02-27 05:00,2026-02-27,5,600000,ОЭС СР. ВОЛГИ,13397,13763
2026-02-27 06:00,2026-02-27,6,600000,ОЭС СР. ВОЛГИ,14106,14533
2026-02-27 07:00,2026-02-27,7,600000,ОЭС СР. ВОЛГИ,14793,15461
2026-02-27 08:00,2026-02-27,8,600000,ОЭС СР. ВОЛГИ,15610,16148
2026-02-27 09:00,2026-02-27,9,600000,ОЭС СР. ВОЛГИ,16673,16568
2026-02-27 10:00,2026-02-27,10,600000,ОЭС СР. ВОЛГИ,16581,16644
2026-02-27 11:00,2026-02-27,11,600000,ОЭС СР. ВОЛГИ,16185,16499
2026-02-27 12:00,2026-02-27,12,600000,ОЭС СР. ВОЛГИ,15811,16170
2026-02-27 13:00,2026-02-27,13,600000,ОЭС СР. ВОЛГИ,16719,16203
2026-02-27 14:00,2026-02-27,14,600000,ОЭС СР. ВОЛГИ,16928,16153
2026-02-27 15:00,2026-02-27,15,600000,ОЭС СР. ВОЛГИ,16922,16015
2026-02-27 16:00,2026-02-27,16,600000,ОЭС СР. ВОЛГИ,16862,15860
2026-02-27 17:00,2026-02-27,17,600000,ОЭС СР. ВОЛГИ,16333,15614
2026-02-27 18:00,2026-02-27,18,600000,ОЭС СР. ВОЛГИ,16417,15949
2026-02-27 19:00,2026-02-27,19,600000,ОЭС СР. ВОЛГИ,16499,15724
2026-02-27 20:00,2026-02-27,20,600000,ОЭС СР. ВОЛГИ,15892,15483
2026-02-27 21:00,2026-02-27,21,600000,ОЭС СР. ВОЛГИ,15614,15129
2026-02-27 22:00,2026-02-27,22,600000,ОЭС СР. ВОЛГИ,14833,14662
2026-02-27 23:00,2026-02-27,23,600000,ОЭС СР. ВОЛГИ,13916,14014
2026-02-28 00:00,2026-02-28,0,600000,ОЭС СР. ВОЛГИ,13787,13734
2026-02-28 01:00,2026-02-28,1,600000,ОЭС СР. ВОЛГИ,13450,13228
2026-02-28 02:00,2026-02-28,2,600000,ОЭС СР. ВОЛГИ,12685,13184
2026-02-28 03:00,2026-02-28,3,600000,ОЭС СР. ВОЛГИ,12675,13244
2026-02-28 04:00,2026-02-28,4,600000,ОЭС СР. ВОЛГИ,12524,13285
2026-02-28 05:00,2026-02-28,5,600000,ОЭС СР. ВОЛГИ,12939,13378
2026-02-28 06:00,2026-02-28,6,600000,ОЭС СР. ВОЛГИ,12986,13677
2026-02-28 07:00,2026-02-28,7,600000,ОЭС СР. ВОЛГИ,13126,14061
2026-02-28 08:00,2026-02-28,8,600000,ОЭС СР. ВОЛГИ,13290,14728
2026-02-28 09:00,2026-02-28,9,600000,ОЭС СР. ВОЛГИ,14647,15118
2026-02-28 10:00,2026-02-28,10,600000,ОЭС СР. ВОЛГИ,15498,15485
2026-02-28 11:00,2026-02-28,11,600000,ОЭС СР. ВОЛГИ,15988,15497
2026-02-28 12:00,2026-02-28,12,600000,ОЭС СР. ВОЛГИ,15679,15367
2026-02-28 13:00,2026-02-28,13,600000,ОЭС СР. ВОЛГИ,15600,15192
2026-02-28 14:00,2026-02-28,14,600000,ОЭС СР. ВОЛГИ,15582,15170
2026-02-28 15:00,2026-02-28,15,600000,ОЭС СР. ВОЛГИ,15145,14955
2026-02-28 16:00,2026-02-28,16,600000,ОЭС СР. ВОЛГИ,15065,14950
2026-02-28 17:00,2026-02-28,17,600000,ОЭС СР. ВОЛГИ,15309,15077
2026-02-28 18:00,2026-02-28,18,600000,ОЭС СР. ВОЛГИ,15903,15374
2026-02-28 19:00,2026-02-28,19,600000,ОЭС СР. ВОЛГИ,16120,15287
2026-02-28 20:00,2026-02-28,20,600000,ОЭС СР. ВОЛГИ,15423,14987
2026-02-28 21:00,2026-02-28,21,600000,ОЭС СР. ВОЛГИ,14623,14613
2026-02-28 22:00,2026-02-28,22,600000,ОЭС СР. ВОЛГИ,13731,14138
2026-02-28 23:00,2026-02-28,23,600000,ОЭС СР. ВОЛГИ,13494,13754
2026-03-01 00:00,2026-03-01,0,600000,ОЭС СР. ВОЛГИ,12642,13271
2026-03-01 01:00,2026-03-01,1,600000,ОЭС СР. ВОЛГИ,12789,12779
2026-03-01 02:00,2026-03-01,2,600000,ОЭС СР. ВОЛГИ,12390,12660
2026-03-01 03:00,2026-03-01,3,600000,ОЭС СР. ВОЛГИ,12438,12732
2026-03-01 04:00,2026-03-01,4,600000,ОЭС СР. ВОЛГИ,12464,12693
2026-03-01 05:00,2026-03-01,5,600000,ОЭС СР. ВОЛГИ,12793,12650
2026-03-01 06:00,2026-03-01,6,600000,ОЭС СР. ВОЛГИ,12913,12819
2026-03-01 07:00,2026-03-01,7,600000,ОЭС СР. ВОЛГИ,12369,13047
2026-03-01 08:00,2026-03-01,8,600000,ОЭС СР. ВОЛГИ,12920,13778
2026-03-01 09:00,2026-03-01,9,600000,ОЭС СР. ВОЛГИ,13601,14257
2026-03-01 10:00,2026-03-01,10,600000,ОЭС СР. ВОЛГИ,13884,14440
2026-03-01 11:00,2026-03-01,11,600000,ОЭС СР. ВОЛГИ,14314,14387
2026-03-01 12:00,2026-03-01,12,600000,ОЭС СР. ВОЛГИ,14201,14299
2026-03-01 13:00,2026-03-01,13,600000,ОЭС СР. ВОЛГИ,14307,14523
2026-03-01 14:00,2026-03-01,14,600000,ОЭС СР. ВОЛГИ,14279,14494
2026-03-01 15:00,2026-03-01,15,600000,ОЭС СР. ВОЛГИ,14246,14292
2026-03-01 16:00,2026-03-01,16,600000,ОЭС СР. ВОЛГИ,14245,14485
2026-03-01 17:00,2026-03-01,17,600000,ОЭС СР. ВОЛГИ,14718,14622
2026-03-01 18:00,2026-03-01,18,600000,ОЭС СР. ВОЛГИ,15558,15039
2026-03-01 19:00,2026-03-01,19,600000,ОЭС СР. ВОЛГИ,16306,14916
2026-03-01 20:00,2026-03-01,20,600000,ОЭС СР. ВОЛГИ,15276,14788
2026-03-01 21:00,2026-03-01,21,600000,ОЭС СР. ВОЛГИ,14498,14351
2026-03-01 22:00,2026-03-01,22,600000,ОЭС СР. ВОЛГИ,13379,13836
2026-03-01 23:00,2026-03-01,23,600000,ОЭС СР. ВОЛГИ,12664,13209
2026-03-02 00:00,2026-03-02,0,600000,ОЭС СР. ВОЛГИ,12583,12971
2026-03-02 01:00,2026-03-02,1,600000,ОЭС СР. ВОЛГИ,12674,12713
2026-03-02 02:00,2026-03-02,2,600000,ОЭС СР. ВОЛГИ,12268,12674
2026-03-02 03:00,2026-03-02,3,600000,ОЭС СР. ВОЛГИ,12290,12534
2026-03-02 04:00,2026-03-02,4,600000,ОЭС СР. ВОЛГИ,12251,12730
2026-03-02 05:00,2026-03-02,5,600000,ОЭС СР. ВОЛГИ,12783,12954
2026-03-02 06:00,2026-03-02,6,600000,ОЭС СР. ВОЛГИ,12985,13836
2026-03-02 07:00,2026-03-02,7,600000,ОЭС СР. ВОЛГИ,14004,14382
2026-03-02 08:00,2026-03-02,8,600000,ОЭС СР. ВОЛГИ,14922,15300
2026-03-02 09:00,2026-03-02,9,600000,ОЭС СР. ВОЛГИ,15948,15876
2026-03-02 10:00,2026-03-02,10,600000,ОЭС СР. ВОЛГИ,15938,15974
2026-03-02 11:00,2026-03-02,11,600000,ОЭС СР. ВОЛГИ,15769,15580
2026-03-02 12:00,2026-03-02,12,600000,ОЭС СР. ВОЛГИ,15757,15684
2026-03-02 13:00,2026-03-02,13,600000,ОЭС СР. ВОЛГИ,16018,15749
2026-03-02 14:00,2026-03-02,14,600000,ОЭС СР. ВОЛГИ,15849,15606
2026-03-02 15:00,2026-03-02,15,600000,ОЭС СР. ВОЛГИ,16344,15418
2026-03-02 16:00,2026-03-02,16,600000,ОЭС СР. ВОЛГИ,15708,15202
2026-03-02 17:00,2026-03-02,17,600000,ОЭС СР. ВОЛГИ,16205,15298
2026-03-02 18:00,2026-03-02,18,600000,ОЭС СР. ВОЛГИ,16638,15538
2026-03-02 19:00,2026-03-02,19,600000,ОЭС СР. ВОЛГИ,16822,15397
2026-03-02 20:00,2026-03-02,20,600000,ОЭС СР. ВОЛГИ,16040,15172
2026-03-02 21:00,2026-03-02,21,600000,ОЭС СР. ВОЛГИ,15481,14838
2026-03-02 22:00,2026-03-02,22,600000,ОЭС СР. ВОЛГИ,13993,14170
2026-03-02 23:00,2026-03-02,23,600000,ОЭС СР. ВОЛГИ,13619,13604
2026-03-03 00:00,2026-03-03,0,600000,ОЭС СР. ВОЛГИ,12597,13325
2026-03-03 01:00,2026-03-03,1,600000,ОЭС СР. ВОЛГИ,13283,12981
2026-03-03 02:00,2026-03-03,2,600000,ОЭС СР. ВОЛГИ,12805,12974
2026-03-03 03:00,2026-03-03,3,600000,ОЭС СР. ВОЛГИ,12676,12895
2026-03-03 04:00,2026-03-03,4,600000,ОЭС СР. ВОЛГИ,12625,12877
2026-03-03 05:00,2026-03-03,5,600000,ОЭС СР. ВОЛГИ,13377,13165
2026-03-03 06:00,2026-03-03,6,600000,ОЭС СР. ВОЛГИ,13493,13937
2026-03-03 07:00,2026-03-03,7,600000,ОЭС СР. ВОЛГИ,14297,14645
2026-03-03 08:00,2026-03-03,8,600000,ОЭС СР. ВОЛГИ,15346,15444
2026-03-03 09:00,2026-03-03,9,600000,ОЭС СР. ВОЛГИ,16386,15886
2026-03-03 10:00,2026-03-03,10,600000,ОЭС СР. ВОЛГИ,16135,15855
2026-03-03 11:00,2026-03-03,11,600000,ОЭС СР. ВОЛГИ,16190,15589
2026-03-03 12:00,2026-03-03,12,600000,ОЭС СР. ВОЛГИ,15242,15695
2026-03-03 13:00,2026-03-03,13,600000,ОЭС СР. ВОЛГИ,15852,15633
2026-03-03 14:00,2026-03-03,14,600000,ОЭС СР. ВОЛГИ,16199,15674
2026-03-03 15:00,2026-03-03,15,600000,ОЭС СР. ВОЛГИ,16366,15617
2026-03-03 16:00,2026-03-03,16,600000,ОЭС СР. ВОЛГИ,16936,15505
2026-03-03 17:00,2026-03-03,17,600000,ОЭС СР. ВОЛГИ,16713,15362
2026-03-03 18:00,2026-03-03,18,600000,ОЭС СР. ВОЛГИ,16054,15541
2026-03-03 19:00,2026-03-03,19,600000,ОЭС СР. ВОЛГИ,16255,15406
2026-03-03 20:00,2026-03-03,20,600000,ОЭС СР. ВОЛГИ,16059,15251
2026-03-03 21:00,2026-03-03,21,600000,ОЭС СР. ВОЛГИ,15709,14787
2026-03-03 22:00,2026-03-03,22,600000,ОЭС СР. ВОЛГИ,14550,14354
2026-03-03 23:00,2026-03-03,23,600000,ОЭС СР. ВОЛГИ,14031,13638
2026-03-04 00:00,2026-03-04,0,600000,ОЭС СР. ВОЛГИ,13587,13137
2026-03-04 01:00,2026-03-04,1,600000,ОЭС СР. ВОЛГИ,12805,12948
2026-03-04 02:00,2026-03-04,2,600000,ОЭС СР. ВОЛГИ,12753,12673
2026-03-04 03:00,2026-03-04,3,600000,ОЭС СР. ВОЛГИ,12632,12693
2026-03-04 04:00,2026-03-04,4,600000,ОЭС СР. ВОЛГИ,12795,12985
2026-03-04 05:00,2026-03-04,5,600000,ОЭС СР. ВОЛГИ,13702,13354
2026-03-04 06:00,2026-03-04,6,600000,ОЭС СР. ВОЛГИ,13852,14016
2026-03-04 07:00,2026-03-04,7,600000,ОЭС СР. ВОЛГИ,14513,14686
2026-03-04 08:00,2026-03-04,8,600000,ОЭС СР. ВОЛГИ,15695,15593
2026-03-04 09:00,2026-03-04,9,600000,ОЭС СР. ВОЛГИ,17363,15916
2026-03-04 10:00,2026-03-04,10,600000,ОЭС СР. ВОЛГИ,16786,16002
2026-03-04 11:00,2026-03-04,11,600000,ОЭС СР. ВОЛГИ,16721,15976
2026-03-04 12:00,2026-03-04,12,600000,ОЭС СР. ВОЛГИ,16584,15676
2026-03-04 13:00,2026-03-04,13,600000,ОЭС СР. ВОЛГИ,17014,15773
2026-03-04 14:00,2026-03-04,14,600000,ОЭС СР. ВОЛГИ,17482,15786
2026-03-04 15:00,2026-03-04,15,600000,ОЭС СР. ВОЛГИ,16560,15594
2026-03-04 16:00,2026-03-04,16,600000,ОЭС СР. ВОЛГИ,16790,15549
2026-03-04 17:00,2026-03-04,17,600000,ОЭС СР. ВОЛГИ,16313,15278
2026-03-04 18:00,2026-03-04,18,600000,ОЭС СР. ВОЛГИ,16323,15764
2026-03-04 19:00,2026-03-04,19,600000,ОЭС СР. ВОЛГИ,16502,15494
2026-03-04 20:00,2026-03-04,20,600000,ОЭС СР. ВОЛГИ,16256,15315
2026-03-04 21:00,2026-03-04,21,600000,ОЭС СР. ВОЛГИ,15482,14909
2026-03-04 22:00,2026-03-04,22,600000,ОЭС СР. ВОЛГИ,14932,14547
2026-03-04 23:00,2026-03-04,23,600000,ОЭС СР. ВОЛГИ,14857,13963
2026-03-05 00:00,2026-03-05,0,600000,ОЭС СР. ВОЛГИ,14786,13503
2026-03-05 01:00,2026-03-05,1,600000,ОЭС СР. ВОЛГИ,13402,13220
2026-03-05 02:00,2026-03-05,2,600000,ОЭС СР. ВОЛГИ,13345,13029
2026-03-05 03:00,2026-03-05,3,600000,ОЭС СР. ВОЛГИ,13495,12990
2026-03-05 04:00,2026-03-05,4,600000,ОЭС СР. ВОЛГИ,13129,13187
2026-03-05 05:00,2026-03-05,5,600000,ОЭС СР. ВОЛГИ,13513,13542
2026-03-05 06:00,2026-03-05,6,600000,ОЭС СР. ВОЛГИ,14624,14262
2026-03-05 07:00,2026-03-05,7,600000,ОЭС СР. ВОЛГИ,15088,15025
2026-03-05 08:00,2026-03-05,8,600000,ОЭС СР. ВОЛГИ,15832,15856
2026-03-05 09:00,2026-03-05,9,600000,ОЭС СР. ВОЛГИ,17000,16230
2026-03-05 10:00,2026-03-05,10,600000,ОЭС СР. ВОЛГИ,17125,16231
2026-03-05 11:00,2026-03-05,11,600000,ОЭС СР. ВОЛГИ,17446,16111
2026-03-05 12:00,2026-03-05,12,600000,ОЭС СР. ВОЛГИ,16956,15915
2026-03-05 13:00,2026-03-05,13,600000,ОЭС СР. ВОЛГИ,16940,16005
2026-03-05 14:00,2026-03-05,14,600000,ОЭС СР. ВОЛГИ,17715,15992
2026-03-05 15:00,2026-03-05,15,600000,ОЭС СР. ВОЛГИ,17157,15842
2026-03-05 16:00,2026-03-05,16,600000,ОЭС СР. ВОЛГИ,17184,15590
2026-03-05 17:00,2026-03-05,17,600000,ОЭС СР. ВОЛГИ,17125,15622
2026-03-05 18:00,2026-03-05,18,600000,ОЭС СР. ВОЛГИ,17081,15854
2026-03-05 19:00,2026-03-05,19,600000,ОЭС СР. ВОЛГИ,17050,15764
2026-03-05 20:00,2026-03-05,20,600000,ОЭС СР. ВОЛГИ,16368,15492
2026-03-05 21:00,2026-03-05,21,600000,ОЭС СР. ВОЛГИ,16034,15135
2026-03-05 22:00,2026-03-05,22,600000,ОЭС СР. ВОЛГИ,14801,14625
2026-03-05 23:00,2026-03-05,23,600000,ОЭС СР. ВОЛГИ,13938,13725
2026-03-06 00:00,2026-03-06,0,600000,ОЭС СР. ВОЛГИ,13732,13396
2026-03-06 01:00,2026-03-06,1,600000,ОЭС СР. ВОЛГИ,13323,13201
2026-03-06 02:00,2026-03-06,2,600000,ОЭС СР. ВОЛГИ,12964,12888
2026-03-06 03:00,2026-03-06,3,600000,ОЭС СР. ВОЛГИ,13127,13086
2026-03-06 04:00,2026-03-06,4,600000,ОЭС СР. ВОЛГИ,12818,13207
2026-03-06 05:00,2026-03-06,5,600000,ОЭС СР. ВОЛГИ,13057,13434
2026-03-06 06:00,2026-03-06,6,600000,ОЭС СР. ВОЛГИ,14068,14225
2026-03-06 07:00,2026-03-06,7,600000,ОЭС СР. ВОЛГИ,15115,14898
2026-03-06 08:00,2026-03-06,8,600000,ОЭС СР. ВОЛГИ,16212,15594
2026-03-06 09:00,2026-03-06,9,600000,ОЭС СР. ВОЛГИ,17301,16008
2026-03-06 10:00,2026-03-06,10,600000,ОЭС СР. ВОЛГИ,17069,16215
2026-03-06 11:00,2026-03-06,11,600000,ОЭС СР. ВОЛГИ,16924,15981
2026-03-06 12:00,2026-03-06,12,600000,ОЭС СР. ВОЛГИ,16983,15842
2026-03-06 13:00,2026-03-06,13,600000,ОЭС СР. ВОЛГИ,16677,15686
2026-03-06 14:00,2026-03-06,14,600000,ОЭС СР. ВОЛГИ,17420,15742
2026-03-06 15:00,2026-03-06,15,600000,ОЭС СР. ВОЛГИ,17223,15607
2026-03-06 16:00,2026-03-06,16,600000,ОЭС СР. ВОЛГИ,17665,15517
2026-03-06 17:00,2026-03-06,17,600000,ОЭС СР. ВОЛГИ,17072,15411
2026-03-06 18:00,2026-03-06,18,600000,ОЭС СР. ВОЛГИ,17444,15838
2026-03-06 19:00,2026-03-06,19,600000,ОЭС СР. ВОЛГИ,17449,15691
2026-03-06 20:00,2026-03-06,20,600000,ОЭС СР. ВОЛГИ,16724,15468
2026-03-06 21:00,2026-03-06,21,600000,ОЭС СР. ВОЛГИ,16663,15056
2026-03-06 22:00,2026-03-06,22,600000,ОЭС СР. ВОЛГИ,14837,14591
2026-03-06 23:00,2026-03-06,23,600000,ОЭС СР. ВОЛГИ,14280,14003
2026-03-07 00:00,2026-03-07,0,600000,ОЭС СР. ВОЛГИ,13313,13446
2026-03-07 01:00,2026-03-07,1,600000,ОЭС СР. ВОЛГИ,13464,13202
2026-03-07 02:00,2026-03-07,2,600000,ОЭС СР. ВОЛГИ,13503,13212
2026-03-07 03:00,2026-03-07,3,600000,ОЭС СР. ВОЛГИ,13051,13223
2026-03-07 04:00,2026-03-07,4,600000,ОЭС СР. ВОЛГИ,13053,13239
2026-03-07 05:00,2026-03-07,5,600000,ОЭС СР. ВОЛГИ,13125,13408
2026-03-07 06:00,2026-03-07,6,600000,ОЭС СР. ВОЛГИ,13688,13340
2026-03-07 07:00,2026-03-07,7,600000,ОЭС СР. ВОЛГИ,13817,13870
2026-03-07 08:00,2026-03-07,8,600000,ОЭС СР. ВОЛГИ,14781,14542
2026-03-07 09:00,2026-03-07,9,600000,ОЭС СР. ВОЛГИ,15639,15090
2026-03-07 10:00,2026-03-07,10,600000,ОЭС СР. ВОЛГИ,16496,15341
2026-03-07 11:00,2026-03-07,11,600000,ОЭС СР. ВОЛГИ,17110,15262
2026-03-07 12:00,2026-03-07,12,600000,ОЭС СР. ВОЛГИ,17344,15120
2026-03-07 13:00,2026-03-07,13,600000,ОЭС СР. ВОЛГИ,17146,15077
2026-03-07 14:00,2026-03-07,14,600000,ОЭС СР. ВОЛГИ,16816,15006
2026-03-07 15:00,2026-03-07,15,600000,ОЭС СР. ВОЛГИ,16714,14886
2026-03-07 16:00,2026-03-07,16,600000,ОЭС СР. ВОЛГИ,16229,14985
2026-03-07 17:00,2026-03-07,17,600000,ОЭС СР. ВОЛГИ,16532,15055
2026-03-07 18:00,2026-03-07,18,600000,ОЭС СР. ВОЛГИ,17130,15247
2026-03-07 19:00,2026-03-07,19,600000,ОЭС СР. ВОЛГИ,17233,15165
2026-03-07 20:00,2026-03-07,20,600000,ОЭС СР. ВОЛГИ,16413,15026
2026-03-07 21:00,2026-03-07,21,600000,ОЭС СР. ВОЛГИ,15604,14802
2026-03-07 22:00,2026-03-07,22,600000,ОЭС СР. ВОЛГИ,14768,14155
2026-03-07 23:00,2026-03-07,23,600000,ОЭС СР. ВОЛГИ,14063,13723
2026-03-08 00:00,2026-03-08,0,600000,ОЭС СР. ВОЛГИ,13605,13267
2026-03-08 01:00,2026-03-08,1,600000,ОЭС СР. ВОЛГИ,13751,12874
2026-03-08 02:00,2026-03-08,2,600000,ОЭС СР. ВОЛГИ,13484,12627
2026-03-08 03:00,2026-03-08,3,600000,ОЭС СР. ВОЛГИ,13609,12865
2026-03-08 04:00,2026-03-08,4,600000,ОЭС СР. ВОЛГИ,13686,12729
2026-03-08 05:00,2026-03-08,5,600000,ОЭС СР. ВОЛГИ,13626,12828
2026-03-08 06:00,2026-03-08,6,600000,ОЭС СР. ВОЛГИ,13905,13018
2026-03-08 07:00,2026-03-08,7,600000,ОЭС СР. ВОЛГИ,13836,13354
2026-03-08 08:00,2026-03-08,8,600000,ОЭС СР. ВОЛГИ,14137,13888
2026-03-08 09:00,2026-03-08,9,600000,ОЭС СР. ВОЛГИ,14574,14356
2026-03-08 10:00,2026-03-08,10,600000,ОЭС СР. ВОЛГИ,15114,14581
2026-03-08 11:00,2026-03-08,11,600000,ОЭС СР. ВОЛГИ,15388,14533
2026-03-08 12:00,2026-03-08,12,600000,ОЭС СР. ВОЛГИ,15631,14590
2026-03-08 13:00,2026-03-08,13,600000,ОЭС СР. ВОЛГИ,15917,14706
2026-03-08 14:00,2026-03-08,14,600000,ОЭС СР. ВОЛГИ,15170,14518
2026-03-08 15:00,2026-03-08,15,600000,ОЭС СР. ВОЛГИ,15461,14293
2026-03-08 16:00,2026-03-08,16,600000,ОЭС СР. ВОЛГИ,15452,14387
2026-03-08 17:00,2026-03-08,17,600000,ОЭС СР. ВОЛГИ,15389,14627
2026-03-08 18:00,2026-03-08,18,600000,ОЭС СР. ВОЛГИ,15518,14931
2026-03-08 19:00,2026-03-08,19,600000,ОЭС СР. ВОЛГИ,16140,14873
2026-03-08 20:00,2026-03-08,20,600000,ОЭС СР. ВОЛГИ,16099,14819
2026-03-08 21:00,2026-03-08,21,600000,ОЭС СР. ВОЛГИ,16168,14830
2026-03-08 22:00,2026-03-08,22,600000,ОЭС СР. ВОЛГИ,15178,14307
2026-03-08 23:00,2026-03-08,23,600000,ОЭС СР. ВОЛГИ,15684,13897
2026-03-09 00:00,2026-03-09,0,600000,ОЭС СР. ВОЛГИ,14914,13499
2026-03-09 01:00,2026-03-09,1,600000,ОЭС СР. ВОЛГИ,13504,13145
2026-03-09 02:00,2026-03-09,2,600000,ОЭС СР. ВОЛГИ,13623,12977
2026-03-09 03:00,2026-03-09,3,600000,ОЭС СР. ВОЛГИ,13498,12883
2026-03-09 04:00,2026-03-09,4,600000,ОЭС СР. ВОЛГИ,13517,13138
2026-03-09 05:00,2026-03-09,5,600000,ОЭС СР. ВОЛГИ,13462,13189
2026-03-09 06:00,2026-03-09,6,600000,ОЭС СР. ВОЛГИ,13836,13464
2026-03-09 07:00,2026-03-09,7,600000,ОЭС СР. ВОЛГИ,14235,13883
2026-03-09 08:00,2026-03-09,8,600000,ОЭС СР. ВОЛГИ,14909,14480
2026-03-09 09:00,2026-03-09,9,600000,ОЭС СР. ВОЛГИ,15627,15088
2026-03-09 10:00,2026-03-09,10,600000,ОЭС СР. ВОЛГИ,16572,15280
2026-03-09 11:00,2026-03-09,11,600000,ОЭС СР. ВОЛГИ,17088,15408
2026-03-09 12:00,2026-03-09,12,600000,ОЭС СР. ВОЛГИ,17194,15412
2026-03-09 13:00,2026-03-09,13,600000,ОЭС СР. ВОЛГИ,17269,15389
2026-03-09 14:00,2026-03-09,14,600000,ОЭС СР. ВОЛГИ,17273,15351
2026-03-09 15:00,2026-03-09,15,600000,ОЭС СР. ВОЛГИ,16683,15376
2026-03-09 16:00,2026-03-09,16,600000,ОЭС СР. ВОЛГИ,16596,15402
2026-03-09 17:00,2026-03-09,17,600000,ОЭС СР. ВОЛГИ,16971,15371
2026-03-09 18:00,2026-03-09,18,600000,ОЭС СР. ВОЛГИ,17816,15761
2026-03-09 19:00,2026-03-09,19,600000,ОЭС СР. ВОЛГИ,18078,15772
2026-03-09 20:00,2026-03-09,20,600000,ОЭС СР. ВОЛГИ,17956,15637
2026-03-09 21:00,2026-03-09,21,600000,ОЭС СР. ВОЛГИ,17207,15439
2026-03-09 22:00,2026-03-09,22,600000,ОЭС СР. ВОЛГИ,15714,14771
2026-03-09 23:00,2026-03-09,23,600000,ОЭС СР. ВОЛГИ,15020,14124
2026-03-10 00:00,2026-03-10,0,600000,ОЭС СР. ВОЛГИ,14436,13597
2026-03-10 01:00,2026-03-10,1,600000,ОЭС СР. ВОЛГИ,13923,13418
2026-03-10 02:00,2026-03-10,2,600000,ОЭС СР. ВОЛГИ,14056,13314
2026-03-10 03:00,2026-03-10,3,600000,ОЭС СР. ВОЛГИ,13917,13295
2026-03-10 04:00,2026-03-10,4,600000,ОЭС СР. ВОЛГИ,14003,13493
2026-03-10 05:00,2026-03-10,5,600000,ОЭС СР. ВОЛГИ,14454,13898
2026-03-10 06:00,2026-03-10,6,600000,ОЭС СР. ВОЛГИ,15449,14380
2026-03-10 07:00,2026-03-10,7,600000,ОЭС СР. ВОЛГИ,15931,15290
2026-03-10 08:00,2026-03-10,8,600000,ОЭС СР. ВОЛГИ,17810,16300
2026-03-10 09:00,2026-03-10,9,600000,ОЭС СР. ВОЛГИ,18631,16735
2026-03-10 10:00,2026-03-10,10,600000,ОЭС СР. ВОЛГИ,18560,16838
2026-03-10 11:00,2026-03-10,11,600000,ОЭС СР. ВОЛГИ,17597,16748
2026-03-10 12:00,2026-03-10,12,600000,ОЭС СР. ВОЛГИ,17198,16542
2026-03-10 13:00,2026-03-10,13,600000,ОЭС СР. ВОЛГИ,16757,16443
2026-03-10 14:00,2026-03-10,14,600000,ОЭС СР. ВОЛГИ,17109,16476
2026-03-10 15:00,2026-03-10,15,600000,ОЭС СР. ВОЛГИ,16805,16333
2026-03-10 16:00,2026-03-10,16,600000,ОЭС СР. ВОЛГИ,17031,16087
2026-03-10 17:00,2026-03-10,17,600000,ОЭС СР. ВОЛГИ,16319,16001
2026-03-10 18:00,2026-03-10,18,600000,ОЭС СР. ВОЛГИ,16693,16118
2026-03-10 19:00,2026-03-10,19,600000,ОЭС СР. ВОЛГИ,17218,16152
2026-03-10 20:00,2026-03-10,20,600000,ОЭС СР. ВОЛГИ,17377,15903
2026-03-10 21:00,2026-03-10,21,600000,ОЭС СР. ВОЛГИ,16594,15312
2026-03-10 22:00,2026-03-10,22,600000,ОЭС СР. ВОЛГИ,15515,15049
2026-03-10 23:00,2026-03-10,23,600000,ОЭС СР. ВОЛГИ,15122,14214
2026-03-11 00:00,2026-03-11,0,600000,ОЭС СР. ВОЛГИ,14593,13861
2026-03-11 01:00,2026-03-11,1,600000,ОЭС СР. ВОЛГИ,13880,13556
2026-03-11 02:00,2026-03-11,2,600000,ОЭС СР. ВОЛГИ,13377,13421
2026-03-11 03:00,2026-03-11,3,600000,ОЭС СР. ВОЛГИ,13152,13486
2026-03-11 04:00,2026-03-11,4,600000,ОЭС СР. ВОЛГИ,13181,13487
2026-03-11 05:00,2026-03-11,5,600000,ОЭС СР. ВОЛГИ,13301,13866
2026-03-11 06:00,2026-03-11,6,600000,ОЭС СР. ВОЛГИ,14332,14436
2026-03-11 07:00,2026-03-11,7,600000,ОЭС СР. ВОЛГИ,15290,15327
2026-03-11 08:00,2026-03-11,8,600000,ОЭС СР. ВОЛГИ,16726,16138
2026-03-11 09:00,2026-03-11,9,600000,ОЭС СР. ВОЛГИ,17866,16505
2026-03-11 10:00,2026-03-11,10,600000,ОЭС СР. ВОЛГИ,17627,16424
2026-03-11 11:00,2026-03-11,11,600000,ОЭС СР. ВОЛГИ,16478,16089
2026-03-11 12:00,2026-03-11,12,600000,ОЭС СР. ВОЛГИ,15707,15908
2026-03-11 13:00,2026-03-11,13,600000,ОЭС СР. ВОЛГИ,16295,15728
2026-03-11 14:00,2026-03-11,14,600000,ОЭС СР. ВОЛГИ,16422,15494
2026-03-11 15:00,2026-03-11,15,600000,ОЭС СР. ВОЛГИ,16238,15369
2026-03-11 16:00,2026-03-11,16,600000,ОЭС СР. ВОЛГИ,16533,15233
2026-03-11 17:00,2026-03-11,17,600000,ОЭС СР. ВОЛГИ,16161,15142
2026-03-11 18:00,2026-03-11,18,600000,ОЭС СР. ВОЛГИ,16672,15471
2026-03-11 19:00,2026-03-11,19,600000,ОЭС СР. ВОЛГИ,16944,15399
2026-03-11 20:00,2026-03-11,20,600000,ОЭС СР. ВОЛГИ,16746,15202
2026-03-11 21:00,2026-03-11,21,600000,ОЭС СР. ВОЛГИ,15146,14844
2026-03-11 22:00,2026-03-11,22,600000,ОЭС СР. ВОЛГИ,14249,14469
2026-03-11 23:00,2026-03-11,23,600000,ОЭС СР. ВОЛГИ,13282,13760
2026-03-12 00:00,2026-03-12,0,600000,ОЭС СР. ВОЛГИ,13267,13406
2026-03-12 01:00,2026-03-12,1,600000,ОЭС СР. ВОЛГИ,12279,12970
2026-03-12 02:00,2026-03-12,2,600000,ОЭС СР. ВОЛГИ,11873,12871
2026-03-12 03:00,2026-03-12,3,600000,ОЭС СР. ВОЛГИ,11991,12953
2026-03-12 04:00,2026-03-12,4,600000,ОЭС СР. ВОЛГИ,11922,12974
2026-03-12 05:00,2026-03-12,5,600000,ОЭС СР. ВОЛГИ,12536,13457
2026-03-12 06:00,2026-03-12,6,600000,ОЭС СР. ВОЛГИ,13649,13915
2026-03-12 07:00,2026-03-12,7,600000,ОЭС СР. ВОЛГИ,14701,14676
2026-03-12 08:00,2026-03-12,8,600000,ОЭС СР. ВОЛГИ,15104,15653
2026-03-12 09:00,2026-03-12,9,600000,ОЭС СР. ВОЛГИ,16185,15903
2026-03-12 10:00,2026-03-12,10,600000,ОЭС СР. ВОЛГИ,16161,15833
2026-03-12 11:00,2026-03-12,11,600000,ОЭС СР. ВОЛГИ,15386,15554
2026-03-12 12:00,2026-03-12,12,600000,ОЭС СР. ВОЛГИ,14926,15327
2026-03-12 13:00,2026-03-12,13,600000,ОЭС СР. ВОЛГИ,15394,15411
2026-03-12 14:00,2026-03-12,14,600000,ОЭС СР. ВОЛГИ,15308,15424
2026-03-12 15:00,2026-03-12,15,600000,ОЭС СР. ВОЛГИ,15019,15153
2026-03-12 16:00,2026-03-12,16,600000,ОЭС СР. ВОЛГИ,15179,14910
2026-03-12 17:00,2026-03-12,17,600000,ОЭС СР. ВОЛГИ,14621,14867
2026-03-12 18:00,2026-03-12,18,600000,ОЭС СР. ВОЛГИ,14622,15203
2026-03-12 19:00,2026-03-12,19,600000,ОЭС СР. ВОЛГИ,15361,15112
2026-03-12 20:00,2026-03-12,20,600000,ОЭС СР. ВОЛГИ,14884,15030
2026-03-12 21:00,2026-03-12,21,600000,ОЭС СР. ВОЛГИ,13997,14698
2026-03-12 22:00,2026-03-12,22,600000,ОЭС СР. ВОЛГИ,13188,14065
2026-03-12 23:00,2026-03-12,23,600000,ОЭС СР. ВОЛГИ,12237,13423
2026-03-13 00:00,2026-03-13,0,600000,ОЭС СР. ВОЛГИ,12300,12969
2026-03-13 01:00,2026-03-13,1,600000,ОЭС СР. ВОЛГИ,11027,12894
2026-03-13 02:00,2026-03-13,2,600000,ОЭС СР. ВОЛГИ,11017,12684
2026-03-13 03:00,2026-03-13,3,600000,ОЭС СР. ВОЛГИ,11024,12531
2026-03-13 04:00,2026-03-13,4,600000,ОЭС СР. ВОЛГИ,10865,12646
2026-03-13 05:00,2026-03-13,5,600000,ОЭС СР. ВОЛГИ,10979,12951
2026-03-13 06:00,2026-03-13,6,600000,ОЭС СР. ВОЛГИ,12031,13750
2026-03-13 07:00,2026-03-13,7,600000,ОЭС СР. ВОЛГИ,12894,14602
2026-03-13 08:00,2026-03-13,8,600000,ОЭС СР. ВОЛГИ,13720,15185
2026-03-13 09:00,2026-03-13,9,600000,ОЭС СР. ВОЛГИ,15445,15556
2026-03-13 10:00,2026-03-13,10,600000,ОЭС СР. ВОЛГИ,14894,15455
2026-03-13 11:00,2026-03-13,11,600000,ОЭС СР. ВОЛГИ,14629,15396
2026-03-13 12:00,2026-03-13,12,600000,ОЭС СР. ВОЛГИ,14791,15308
2026-03-13 13:00,2026-03-13,13,600000,ОЭС СР. ВОЛГИ,14760,15151
2026-03-13 14:00,2026-03-13,14,600000,ОЭС СР. ВОЛГИ,14778,15178
2026-03-13 15:00,2026-03-13,15,600000,ОЭС СР. ВОЛГИ,14378,14918
2026-03-13 16:00,2026-03-13,16,600000,ОЭС СР. ВОЛГИ,14559,14672
2026-03-13 17:00,2026-03-13,17,600000,ОЭС СР. ВОЛГИ,13998,14505
2026-03-13 18:00,2026-03-13,18,600000,ОЭС СР. ВОЛГИ,14662,14928
2026-03-13 19:00,2026-03-13,19,600000,ОЭС СР. ВОЛГИ,14608,15012
2026-03-13 20:00,2026-03-13,20,600000,ОЭС СР. ВОЛГИ,14347,14754
2026-03-13 21:00,2026-03-13,21,600000,ОЭС СР. ВОЛГИ,13627,14326
2026-03-13 22:00,2026-03-13,22,600000,ОЭС СР. ВОЛГИ,12786,13864
2026-03-13 23:00,2026-03-13,23,600000,ОЭС СР. ВОЛГИ,12240,13228
2026-03-14 00:00,2026-03-14,0,600000,ОЭС СР. ВОЛГИ,12301,12944
2026-03-14 01:00,2026-03-14,1,600000,ОЭС СР. ВОЛГИ,11299,12722
2026-03-14 02:00,2026-03-14,2,600000,ОЭС СР. ВОЛГИ,11100,12370
2026-03-14 03:00,2026-03-14,3,600000,ОЭС СР. ВОЛГИ,11117,12480
2026-03-14 04:00,2026-03-14,4,600000,ОЭС СР. ВОЛГИ,11126,12447
2026-03-14 05:00,2026-03-14,5,600000,ОЭС СР. ВОЛГИ,10841,12678
2026-03-14 06:00,2026-03-14,6,600000,ОЭС СР. ВОЛГИ,11079,12796
2026-03-14 07:00,2026-03-14,7,600000,ОЭС СР. ВОЛГИ,11390,13309
2026-03-14 08:00,2026-03-14,8,600000,ОЭС СР. ВОЛГИ,12037,13875
2026-03-14 09:00,2026-03-14,9,600000,ОЭС СР. ВОЛГИ,13278,14321
2026-03-14 10:00,2026-03-14,10,600000,ОЭС СР. ВОЛГИ,13419,14497
2026-03-14 11:00,2026-03-14,11,600000,ОЭС СР. ВОЛГИ,13375,14412
2026-03-14 12:00,2026-03-14,12,600000,ОЭС СР. ВОЛГИ,13077,14330
2026-03-14 13:00,2026-03-14,13,600000,ОЭС СР. ВОЛГИ,13153,14303
2026-03-14 14:00,2026-03-14,14,600000,ОЭС СР. ВОЛГИ,13042,14132
2026-03-14 15:00,2026-03-14,15,600000,ОЭС СР. ВОЛГИ,13278,14090
2026-03-14 16:00,2026-03-14,16,600000,ОЭС СР. ВОЛГИ,12983,13977
2026-03-14 17:00,2026-03-14,17,600000,ОЭС СР. ВОЛГИ,13165,14131
2026-03-14 18:00,2026-03-14,18,600000,ОЭС СР. ВОЛГИ,13849,14288
2026-03-14 19:00,2026-03-14,19,600000,ОЭС СР. ВОЛГИ,14468,14558
2026-03-14 20:00,2026-03-14,20,600000,ОЭС СР. ВОЛГИ,14005,14408
2026-03-14 21:00,2026-03-14,21,600000,ОЭС СР. ВОЛГИ,13177,14037
2026-03-14 22:00,2026-03-14,22,600000,ОЭС СР. ВОЛГИ,12543,13492
2026-03-14 23:00,2026-03-14,23,600000,ОЭС СР. ВОЛГИ,12503,13038
2026-03-15 00:00,2026-03-15,0,600000,ОЭС СР. ВОЛГИ,11890,12542
2026-03-15 01:00,2026-03-15,1,600000,ОЭС СР. ВОЛГИ,10856,12252
2026-03-15 02:00,2026-03-15,2,600000,ОЭС СР. ВОЛГИ,10837,12147
2026-03-15 03:00,2026-03-15,3,600000,ОЭС СР. ВОЛГИ,10706,12048
2026-03-15 04:00,2026-03-15,4,600000,ОЭС СР. ВОЛГИ,10647,12166
2026-03-15 05:00,2026-03-15,5,600000,ОЭС СР. ВОЛГИ,10474,12140
2026-03-15 06:00,2026-03-15,6,600000,ОЭС СР. ВОЛГИ,10500,12304
2026-03-15 07:00,2026-03-15,7,600000,ОЭС СР. ВОЛГИ,10613,12743
2026-03-15 08:00,2026-03-15,8,600000,ОЭС СР. ВОЛГИ,11465,13286
2026-03-15 09:00,2026-03-15,9,600000,ОЭС СР. ВОЛГИ,12387,13786
2026-03-15 10:00,2026-03-15,10,600000,ОЭС СР. ВОЛГИ,12654,13982
2026-03-15 11:00,2026-03-15,11,600000,ОЭС СР. ВОЛГИ,13123,14011
2026-03-15 12:00,2026-03-15,12,600000,ОЭС СР. ВОЛГИ,12840,13734
2026-03-15 13:00,2026-03-15,13,600000,ОЭС СР. ВОЛГИ,12689,13747
2026-03-15 14:00,2026-03-15,14,600000,ОЭС СР. ВОЛГИ,12901,13757
2026-03-15 15:00,2026-03-15,15,600000,ОЭС СР. ВОЛГИ,12629,13609
2026-03-15 16:00,2026-03-15,16,600000,ОЭС СР. ВОЛГИ,12889,13795
2026-03-15 17:00,2026-03-15,17,600000,ОЭС СР. ВОЛГИ,13032,13751
2026-03-15 18:00,2026-03-15,18,600000,ОЭС СР. ВОЛГИ,13490,14079
2026-03-15 19:00,2026-03-15,19,600000,ОЭС СР. ВОЛГИ,14572,14470
2026-03-15 20:00,2026-03-15,20,600000,ОЭС СР. ВОЛГИ,14365,14235
2026-03-15 21:00,2026-03-15,21,600000,ОЭС СР. ВОЛГИ,13400,14008
2026-03-15 22:00,2026-03-15,22,600000,ОЭС СР. ВОЛГИ,11933,13308
2026-03-15 23:00,2026-03-15,23,600000,ОЭС СР. ВОЛГИ,11580,12756
2026-03-16 00:00,2026-03-16,0,600000,ОЭС СР. ВОЛГИ,11276,12417
2026-03-16 01:00,2026-03-16,1,600000,ОЭС СР. ВОЛГИ,10737,12075
2026-03-16 02:00,2026-03-16,2,600000,ОЭС СР. ВОЛГИ,10581,12178
2026-03-16 03:00,2026-03-16,3,600000,ОЭС СР. ВОЛГИ,10708,12091
2026-03-16 04:00,2026-03-16,4,600000,ОЭС СР. ВОЛГИ,10698,12114
2026-03-16 05:00,2026-03-16,5,600000,ОЭС СР. ВОЛГИ,11368,12589
2026-03-16 06:00,2026-03-16,6,600000,ОЭС СР. ВОЛГИ,12038,13172
2026-03-16 07:00,2026-03-16,7,600000,ОЭС СР. ВОЛГИ,12478,14014
2026-03-16 08:00,2026-03-16,8,600000,ОЭС СР. ВОЛГИ,14074,14910
2026-03-16 09:00,2026-03-16,9,600000,ОЭС СР. ВОЛГИ,14964,15324
2026-03-16 10:00,2026-03-16,10,600000,ОЭС СР. ВОЛГИ,14474,15269
2026-03-16 11:00,2026-03-16,11,600000,ОЭС СР. ВОЛГИ,14486,14853
2026-03-16 12:00,2026-03-16,12,600000,ОЭС СР. ВОЛГИ,14291,15023
2026-03-16 13:00,2026-03-16,13,600000,ОЭС СР. ВОЛГИ,14167,14992
2026-03-16 14:00,2026-03-16,14,600000,ОЭС СР. ВОЛГИ,14246,14764
2026-03-16 15:00,2026-03-16,15,600000,ОЭС СР. ВОЛГИ,14371,14749
2026-03-16 16:00,2026-03-16,16,600000,ОЭС СР. ВОЛГИ,14151,14759
2026-03-16 17:00,2026-03-16,17,600000,ОЭС СР. ВОЛГИ,13873,14496
2026-03-16 18:00,2026-03-16,18,600000,ОЭС СР. ВОЛГИ,14286,14814
2026-03-16 19:00,2026-03-16,19,600000,ОЭС СР. ВОЛГИ,14698,14795
2026-03-16 20:00,2026-03-16,20,600000,ОЭС СР. ВОЛГИ,15126,14765
2026-03-16 21:00,2026-03-16,21,600000,ОЭС СР. ВОЛГИ,14192,14411
2026-03-16 22:00,2026-03-16,22,600000,ОЭС СР. ВОЛГИ,12675,13856
2026-03-16 23:00,2026-03-16,23,600000,ОЭС СР. ВОЛГИ,11428,13204
2026-03-17 00:00,2026-03-17,0,600000,ОЭС СР. ВОЛГИ,11016,12598
2026-03-17 01:00,2026-03-17,1,600000,ОЭС СР. ВОЛГИ,10701,12472
2026-03-17 02:00,2026-03-17,2,600000,ОЭС СР. ВОЛГИ,10443,12409
2026-03-17 03:00,2026-03-17,3,600000,ОЭС СР. ВОЛГИ,10512,12460
2026-03-17 04:00,2026-03-17,4,600000,ОЭС СР. ВОЛГИ,10706,12559
2026-03-17 05:00,2026-03-17,5,600000,ОЭС СР. ВОЛГИ,11285,12782
2026-03-17 06:00,2026-03-17,6,600000,ОЭС СР. ВОЛГИ,12281,13356
2026-03-17 07:00,2026-03-17,7,600000,ОЭС СР. ВОЛГИ,12887,14140
2026-03-17 08:00,2026-03-17,8,600000,ОЭС СР. ВОЛГИ,13861,14894
2026-03-17 09:00,2026-03-17,9,600000,ОЭС СР. ВОЛГИ,15103,15272
2026-03-17 10:00,2026-03-17,10,600000,ОЭС СР. ВОЛГИ,14933,15178
2026-03-17 11:00,2026-03-17,11,600000,ОЭС СР. ВОЛГИ,14189,14903
2026-03-17 12:00,2026-03-17,12,600000,ОЭС СР. ВОЛГИ,14480,14892
2026-03-17 13:00,2026-03-17,13,600000,ОЭС СР. ВОЛГИ,14886,14820
2026-03-17 14:00,2026-03-17,14,600000,ОЭС СР. ВОЛГИ,14565,14773
2026-03-17 15:00,2026-03-17,15,600000,ОЭС СР. ВОЛГИ,14956,14638
2026-03-17 16:00,2026-03-17,16,600000,ОЭС СР. ВОЛГИ,15131,14411
2026-03-17 17:00,2026-03-17,17,600000,ОЭС СР. ВОЛГИ,14321,14392
2026-03-17 18:00,2026-03-17,18,600000,ОЭС СР. ВОЛГИ,14363,14445
2026-03-17 19:00,2026-03-17,19,600000,ОЭС СР. ВОЛГИ,14921,14723
2026-03-17 20:00,2026-03-17,20,600000,ОЭС СР. ВОЛГИ,15122,14617
2026-03-17 21:00,2026-03-17,21,600000,ОЭС СР. ВОЛГИ,13989,14225
2026-03-17 22:00,2026-03-17,22,600000,ОЭС СР. ВОЛГИ,13369,13758
2026-03-17 23:00,2026-03-17,23,600000,ОЭС СР. ВОЛГИ,12556,13089
2026-03-18 00:00,2026-03-18,0,600000,ОЭС СР. ВОЛГИ,11761,12561
2026-03-18 01:00,2026-03-18,1,600000,ОЭС СР. ВОЛГИ,11248,12374
2026-03-18 02:00,2026-03-18,2,600000,ОЭС СР. ВОЛГИ,10925,12351
2026-03-18 03:00,2026-03-18,3,600000,ОЭС СР. ВОЛГИ,10740,12247
2026-03-18 04:00,2026-03-18,4,600000,ОЭС СР. ВОЛГИ,10601,12439
2026-03-18 05:00,2026-03-18,5,600000,ОЭС СР. ВОЛГИ,11149,12769
2026-03-18 06:00,2026-03-18,6,600000,ОЭС СР. ВОЛГИ,12049,13334
2026-03-18 07:00,2026-03-18,7,600000,ОЭС СР. ВОЛГИ,12364,14080
2026-03-18 08:00,2026-03-18,8,600000,ОЭС СР. ВОЛГИ,14133,14948
2026-03-18 09:00,2026-03-18,9,600000,ОЭС СР. ВОЛГИ,15140,15156
2026-03-18 10:00,2026-03-18,10,600000,ОЭС СР. ВОЛГИ,15300,15242
2026-03-18 11:00,2026-03-18,11,600000,ОЭС СР. ВОЛГИ,14635,14839
2026-03-18 12:00,2026-03-18,12,600000,ОЭС СР. ВОЛГИ,14313,14899
2026-03-18 13:00,2026-03-18,13,600000,ОЭС СР. ВОЛГИ,15030,14872
2026-03-18 14:00,2026-03-18,14,600000,ОЭС СР. ВОЛГИ,14903,14810
2026-03-18 15:00,2026-03-18,15,600000,ОЭС СР. ВОЛГИ,14621,14781
2026-03-18 16:00,2026-03-18,16,600000,ОЭС СР. ВОЛГИ,14860,14534
2026-03-18 17:00,2026-03-18,17,600000,ОЭС СР. ВОЛГИ,14692,14299
2026-03-18 18:00,2026-03-18,18,600000,ОЭС СР. ВОЛГИ,14737,14655
2026-03-18 19:00,2026-03-18,19,600000,ОЭС СР. ВОЛГИ,15592,14799
2026-03-18 20:00,2026-03-18,20,600000,ОЭС СР. ВОЛГИ,15464,14720
2026-03-18 21:00,2026-03-18,21,600000,ОЭС СР. ВОЛГИ,14389,14325
2026-03-18 22:00,2026-03-18,22,600000,ОЭС СР. ВОЛГИ,13503,13748
2026-03-18 23:00,2026-03-18,23,600000,ОЭС СР. ВОЛГИ,11858,13122
2026-03-19 00:00,2026-03-19,0,600000,ОЭС СР. ВОЛГИ,11465,12711
2026-03-19 01:00,2026-03-19,1,600000,ОЭС СР. ВОЛГИ,10967,12475
2026-03-19 02:00,2026-03-19,2,600000,ОЭС СР. ВОЛГИ,10587,12101
2026-03-19 03:00,2026-03-19,3,600000,ОЭС СР. ВОЛГИ,10455,12109
2026-03-19 04:00,2026-03-19,4,600000,ОЭС СР. ВОЛГИ,10523,12276
2026-03-19 05:00,2026-03-19,5,600000,ОЭС СР. ВОЛГИ,10661,12578
2026-03-19 06:00,2026-03-19,6,600000,ОЭС СР. ВОЛГИ,12233,13320
2026-03-19 07:00,2026-03-19,7,600000,ОЭС СР. ВОЛГИ,12493,14196
2026-03-19 08:00,2026-03-19,8,600000,ОЭС СР. ВОЛГИ,14000,14935
2026-03-19 09:00,2026-03-19,9,600000,ОЭС СР. ВОЛГИ,15186,15234
2026-03-19 10:00,2026-03-19,10,600000,ОЭС СР. ВОЛГИ,15075,15282
2026-03-19 11:00,2026-03-19,11,600000,ОЭС СР. ВОЛГИ,14222,14844
2026-03-19 12:00,2026-03-19,12,600000,ОЭС СР. ВОЛГИ,14304,14855
2026-03-19 13:00,2026-03-19,13,600000,ОЭС СР. ВОЛГИ,14229,14939
2026-03-19 14:00,2026-03-19,14,600000,ОЭС СР. ВОЛГИ,14686,14800
2026-03-19 15:00,2026-03-19,15,600000,ОЭС СР. ВОЛГИ,14481,14772
2026-03-19 16:00,2026-03-19,16,600000,ОЭС СР. ВОЛГИ,14824,14560
2026-03-19 17:00,2026-03-19,17,600000,ОЭС СР. ВОЛГИ,14144,14418
2026-03-19 18:00,2026-03-19,18,600000,ОЭС СР. ВОЛГИ,14723,14624
2026-03-19 19:00,2026-03-19,19,600000,ОЭС СР. ВОЛГИ,14993,14805
2026-03-19 20:00,2026-03-19,20,600000,ОЭС СР. ВОЛГИ,15174,14606
2026-03-19 21:00,2026-03-19,21,600000,ОЭС СР. ВОЛГИ,14271,14072
2026-03-19 22:00,2026-03-19,22,600000,ОЭС СР. ВОЛГИ,13084,13609
2026-03-19 23:00,2026-03-19,23,600000,ОЭС СР. ВОЛГИ,12061,12952
2026-03-20 00:00,2026-03-20,0,600000,ОЭС СР. ВОЛГИ,11628,12528
2026-03-20 01:00,2026-03-20,1,600000,ОЭС СР. ВОЛГИ,11023,12340
2026-03-20 02:00,2026-03-20,2,600000,ОЭС СР. ВОЛГИ,10816,12114
2026-03-20 03:00,2026-03-20,3,600000,ОЭС СР. ВОЛГИ,10871,12244
2026-03-20 04:00,2026-03-20,4,600000,ОЭС СР. ВОЛГИ,10961,12393
2026-03-20 05:00,2026-03-20,5,600000,ОЭС СР. ВОЛГИ,11623,12598
2026-03-20 06:00,2026-03-20,6,600000,ОЭС СР. ВОЛГИ,12714,13230
2026-03-20 07:00,2026-03-20,7,600000,ОЭС СР. ВОЛГИ,12659,13960
2026-03-20 08:00,2026-03-20,8,600000,ОЭС СР. ВОЛГИ,14234,14605
2026-03-20 09:00,2026-03-20,9,600000,ОЭС СР. ВОЛГИ,14803,14941
2026-03-20 10:00,2026-03-20,10,600000,ОЭС СР. ВОЛГИ,14653,14928
2026-03-20 11:00,2026-03-20,11,600000,ОЭС СР. ВОЛГИ,14766,14877
2026-03-20 12:00,2026-03-20,12,600000,ОЭС СР. ВОЛГИ,14273,14769
2026-03-20 13:00,2026-03-20,13,600000,ОЭС СР. ВОЛГИ,14585,14739
2026-03-20 14:00,2026-03-20,14,600000,ОЭС СР. ВОЛГИ,14223,14620
2026-03-20 15:00,2026-03-20,15,600000,ОЭС СР. ВОЛГИ,14623,14554
2026-03-20 16:00,2026-03-20,16,600000,ОЭС СР. ВОЛГИ,14724,14401
2026-03-20 17:00,2026-03-20,17,600000,ОЭС СР. ВОЛГИ,14046,14298
2026-03-20 18:00,2026-03-20,18,600000,ОЭС СР. ВОЛГИ,14614,14403
2026-03-20 19:00,2026-03-20,19,600000,ОЭС СР. ВОЛГИ,14518,14727
2026-03-20 20:00,2026-03-20,20,600000,ОЭС СР. ВОЛГИ,14940,14552
2026-03-20 21:00,2026-03-20,21,600000,ОЭС СР. ВОЛГИ,13947,14180
2026-03-20 22:00,2026-03-20,22,600000,ОЭС СР. ВОЛГИ,13266,13715
2026-03-20 23:00,2026-03-20,23,600000,ОЭС СР. ВОЛГИ,12465,13065
2026-03-21 00:00,2026-03-21,0,600000,ОЭС СР. ВОЛГИ,12084,12686
2026-03-21 01:00,2026-03-21,1,600000,ОЭС СР. ВОЛГИ,11534,12357
2026-03-21 02:00,2026-03-21,2,600000,ОЭС СР. ВОЛГИ,11109,12342
2026-03-21 03:00,2026-03-21,3,600000,ОЭС СР. ВОЛГИ,10876,12114
2026-03-21 04:00,2026-03-21,4,600000,ОЭС СР. ВОЛГИ,10969,12075
2026-03-21 05:00,2026-03-21,5,600000,ОЭС СР. ВОЛГИ,11192,12172
2026-03-21 06:00,2026-03-21,6,600000,ОЭС СР. ВОЛГИ,12014,12327
2026-03-21 07:00,2026-03-21,7,600000,ОЭС СР. ВОЛГИ,11693,12877
2026-03-21 08:00,2026-03-21,8,600000,ОЭС СР. ВОЛГИ,12095,13598
2026-03-21 09:00,2026-03-21,9,600000,ОЭС СР. ВОЛГИ,13042,13988
2026-03-21 10:00,2026-03-21,10,600000,ОЭС СР. ВОЛГИ,13666,14067
2026-03-21 11:00,2026-03-21,11,600000,ОЭС СР. ВОЛГИ,14049,14121
2026-03-21 12:00,2026-03-21,12,600000,ОЭС СР. ВОЛГИ,13880,14108
2026-03-21 13:00,2026-03-21,13,600000,ОЭС СР. ВОЛГИ,14140,14010
2026-03-21 14:00,2026-03-21,14,600000,ОЭС СР. ВОЛГИ,13892,13925
2026-03-21 15:00,2026-03-21,15,600000,ОЭС СР. ВОЛГИ,13783,13813
2026-03-21 16:00,2026-03-21,16,600000,ОЭС СР. ВОЛГИ,13423,13746
2026-03-21 17:00,2026-03-21,17,600000,ОЭС СР. ВОЛГИ,12965,13727
2026-03-21 18:00,2026-03-21,18,600000,ОЭС СР. ВОЛГИ,13198,13915
2026-03-21 19:00,2026-03-21,19,600000,ОЭС СР. ВОЛГИ,13480,14048
2026-03-21 20:00,2026-03-21,20,600000,ОЭС СР. ВОЛГИ,14153,14040
2026-03-21 21:00,2026-03-21,21,600000,ОЭС СР. ВОЛГИ,13445,13664
2026-03-21 22:00,2026-03-21,22,600000,ОЭС СР. ВОЛГИ,13133,13315
2026-03-21 23:00,2026-03-21,23,600000,ОЭС СР. ВОЛГИ,12442,12768
2026-03-22 00:00,2026-03-22,0,600000,ОЭС СР. ВОЛГИ,11966,12464
2026-03-22 01:00,2026-03-22,1,600000,ОЭС СР. ВОЛГИ,11692,12151
2026-03-22 02:00,2026-03-22,2,600000,ОЭС СР. ВОЛГИ,11356,11888
2026-03-22 03:00,2026-03-22,3,600000,ОЭС СР. ВОЛГИ,11357,11892
2026-03-22 04:00,2026-03-22,4,600000,ОЭС СР. ВОЛГИ,11289,12038
2026-03-22 05:00,2026-03-22,5,600000,ОЭС СР. ВОЛГИ,10959,12246
2026-03-22 06:00,2026-03-22,6,600000,ОЭС СР. ВОЛГИ,11208,12229
2026-03-22 07:00,2026-03-22,7,600000,ОЭС СР. ВОЛГИ,11309,12596
2026-03-22 08:00,2026-03-22,8,600000,ОЭС СР. ВОЛГИ,12447,13198
2026-03-22 09:00,2026-03-22,9,600000,ОЭС СР. ВОЛГИ,12800,13433
2026-03-22 10:00,2026-03-22,10,600000,ОЭС СР. ВОЛГИ,13367,13673
2026-03-22 11:00,2026-03-22,11,600000,ОЭС СР. ВОЛГИ,13410,13591
2026-03-22 12:00,2026-03-22,12,600000,ОЭС СР. ВОЛГИ,13591,13727
2026-03-22 13:00,2026-03-22,13,600000,ОЭС СР. ВОЛГИ,13173,13381
2026-03-22 14:00,2026-03-22,14,600000,ОЭС СР. ВОЛГИ,13083,13528
2026-03-22 15:00,2026-03-22,15,600000,ОЭС СР. ВОЛГИ,13371,13494
2026-03-22 16:00,2026-03-22,16,600000,ОЭС СР. ВОЛГИ,12900,13551
2026-03-22 17:00,2026-03-22,17,600000,ОЭС СР. ВОЛГИ,13228,13662
2026-03-22 18:00,2026-03-22,18,600000,ОЭС СР. ВОЛГИ,13991,13798
2026-03-22 19:00,2026-03-22,19,600000,ОЭС СР. ВОЛГИ,13856,14151
2026-03-22 20:00,2026-03-22,20,600000,ОЭС СР. ВОЛГИ,13557,14042
2026-03-22 21:00,2026-03-22,21,600000,ОЭС СР. ВОЛГИ,12735,13539
2026-03-22 22:00,2026-03-22,22,600000,ОЭС СР. ВОЛГИ,11505,13071
2026-03-22 23:00,2026-03-22,23,600000,ОЭС СР. ВОЛГИ,11292,12495
2026-03-23 00:00,2026-03-23,0,600000,ОЭС СР. ВОЛГИ,11418,12121
2026-03-23 01:00,2026-03-23,1,600000,ОЭС СР. ВОЛГИ,10496,11825
2026-03-23 02:00,2026-03-23,2,600000,ОЭС СР. ВОЛГИ,10533,11808
2026-03-23 03:00,2026-03-23,3,600000,ОЭС СР. ВОЛГИ,10507,11883
2026-03-23 04:00,2026-03-23,4,600000,ОЭС СР. ВОЛГИ,10372,11885
2026-03-23 05:00,2026-03-23,5,600000,ОЭС СР. ВОЛГИ,10614,12145
2026-03-23 06:00,2026-03-23,6,600000,ОЭС СР. ВОЛГИ,11906,12945
2026-03-23 07:00,2026-03-23,7,600000,ОЭС СР. ВОЛГИ,11822,13733
2026-03-23 08:00,2026-03-23,8,600000,ОЭС СР. ВОЛГИ,12657,14513
2026-03-23 09:00,2026-03-23,9,600000,ОЭС СР. ВОЛГИ,13593,14796
2026-03-23 10:00,2026-03-23,10,600000,ОЭС СР. ВОЛГИ,13307,14795
2026-03-23 11:00,2026-03-23,11,600000,ОЭС СР. ВОЛГИ,13270,14501
2026-03-23 12:00,2026-03-23,12,600000,ОЭС СР. ВОЛГИ,13315,14582
2026-03-23 13:00,2026-03-23,13,600000,ОЭС СР. ВОЛГИ,13738,14594
2026-03-23 14:00,2026-03-23,14,600000,ОЭС СР. ВОЛГИ,13666,14410
2026-03-23 15:00,2026-03-23,15,600000,ОЭС СР. ВОЛГИ,13857,14275
2026-03-23 16:00,2026-03-23,16,600000,ОЭС СР. ВОЛГИ,13492,14019
2026-03-23 17:00,2026-03-23,17,600000,ОЭС СР. ВОЛГИ,13504,13833
2026-03-23 18:00,2026-03-23,18,600000,ОЭС СР. ВОЛГИ,13926,14054
2026-03-23 19:00,2026-03-23,19,600000,ОЭС СР. ВОЛГИ,14566,14143
2026-03-23 20:00,2026-03-23,20,600000,ОЭС СР. ВОЛГИ,14236,14022
2026-03-23 21:00,2026-03-23,21,600000,ОЭС СР. ВОЛГИ,13190,13662
2026-03-23 22:00,2026-03-23,22,600000,ОЭС СР. ВОЛГИ,12471,13242
2026-03-23 23:00,2026-03-23,23,600000,ОЭС СР. ВОЛГИ,11961,12633
2026-03-24 00:00,2026-03-24,0,600000,ОЭС СР. ВОЛГИ,11294,12199
2026-03-24 01:00,2026-03-24,1,600000,ОЭС СР. ВОЛГИ,10422,12012
2026-03-24 02:00,2026-03-24,2,600000,ОЭС СР. ВОЛГИ,10599,11870
2026-03-24 03:00,2026-03-24,3,600000,ОЭС СР. ВОЛГИ,10439,11845
2026-03-24 04:00,2026-03-24,4,600000,ОЭС СР. ВОЛГИ,10746,11869
2026-03-24 05:00,2026-03-24,5,600000,ОЭС СР. ВОЛГИ,10810,12193
2026-03-24 06:00,2026-03-24,6,600000,ОЭС СР. ВОЛГИ,11887,12700
2026-03-24 07:00,2026-03-24,7,600000,ОЭС СР. ВОЛГИ,12447,13599
2026-03-24 08:00,2026-03-24,8,600000,ОЭС СР. ВОЛГИ,13388,14337
2026-03-24 09:00,2026-03-24,9,600000,ОЭС СР. ВОЛГИ,14365,14518
2026-03-24 10:00,2026-03-24,10,600000,ОЭС СР. ВОЛГИ,13254,14371
2026-03-24 11:00,2026-03-24,11,600000,ОЭС СР. ВОЛГИ,13292,14246
2026-03-24 12:00,2026-03-24,12,600000,ОЭС СР. ВОЛГИ,13486,14166
2026-03-24 13:00,2026-03-24,13,600000,ОЭС СР. ВОЛГИ,13318,14290
2026-03-24 14:00,2026-03-24,14,600000,ОЭС СР. ВОЛГИ,13744,14198
2026-03-24 15:00,2026-03-24,15,600000,ОЭС СР. ВОЛГИ,13899,14085
2026-03-24 16:00,2026-03-24,16,600000,ОЭС СР. ВОЛГИ,13885,14223
2026-03-24 17:00,2026-03-24,17,600000,ОЭС СР. ВОЛГИ,13778,13875
2026-03-24 18:00,2026-03-24,18,600000,ОЭС СР. ВОЛГИ,13588,14011
2026-03-24 19:00,2026-03-24,19,600000,ОЭС СР. ВОЛГИ,13442,14359
2026-03-24 20:00,2026-03-24,20,600000,ОЭС СР. ВОЛГИ,13424,14176
2026-03-24 21:00,2026-03-24,21,600000,ОЭС СР. ВОЛГИ,13150,13702
2026-03-24 22:00,2026-03-24,22,600000,ОЭС СР. ВОЛГИ,11896,13266
2026-03-24 23:00,2026-03-24,23,600000,ОЭС СР. ВОЛГИ,11173,12577
2026-03-25 00:00,2026-03-25,0,600000,ОЭС СР. ВОЛГИ,10866,12181
2026-03-25 01:00,2026-03-25,1,600000,ОЭС СР. ВОЛГИ,10583,11970
2026-03-25 02:00,2026-03-25,2,600000,ОЭС СР. ВОЛГИ,10350,11768
2026-03-25 03:00,2026-03-25,3,600000,ОЭС СР. ВОЛГИ,10656,11884
2026-03-25 04:00,2026-03-25,4,600000,ОЭС СР. ВОЛГИ,10559,11901
2026-03-25 05:00,2026-03-25,5,600000,ОЭС СР. ВОЛГИ,10621,12268
2026-03-25 06:00,2026-03-25,6,600000,ОЭС СР. ВОЛГИ,11712,12841
2026-03-25 07:00,2026-03-25,7,600000,ОЭС СР. ВОЛГИ,12202,13585
2026-03-25 08:00,2026-03-25,8,600000,ОЭС СР. ВОЛГИ,13445,14391
2026-03-25 09:00,2026-03-25,9,600000,ОЭС СР. ВОЛГИ,13695,14654
2026-03-25 10:00,2026-03-25,10,600000,ОЭС СР. ВОЛГИ,14112,14751
2026-03-25 11:00,2026-03-25,11,600000,ОЭС СР. ВОЛГИ,13658,14494
2026-03-25 12:00,2026-03-25,12,600000,ОЭС СР. ВОЛГИ,13938,14320
2026-03-25 13:00,2026-03-25,13,600000,ОЭС СР. ВОЛГИ,13997,14285
2026-03-25 14:00,2026-03-25,14,600000,ОЭС СР. ВОЛГИ,13947,14248
2026-03-25 15:00,2026-03-25,15,600000,ОЭС СР. ВОЛГИ,13936,14161
2026-03-25 16:00,2026-03-25,16,600000,ОЭС СР. ВОЛГИ,13797,14113
2026-03-25 17:00,2026-03-25,17,600000,ОЭС СР. ВОЛГИ,13830,13845
2026-03-25 18:00,2026-03-25,18,600000,ОЭС СР. ВОЛГИ,13892,13905
2026-03-25 19:00,2026-03-25,19,600000,ОЭС СР. ВОЛГИ,13778,14230
2026-03-25 20:00,2026-03-25,20,600000,ОЭС СР. ВОЛГИ,14497,14253
2026-03-25 21:00,2026-03-25,21,600000,ОЭС СР. ВОЛГИ,13351,13719
2026-03-25 22:00,2026-03-25,22,600000,ОЭС СР. ВОЛГИ,11954,13138
2026-03-25 23:00,2026-03-25,23,600000,ОЭС СР. ВОЛГИ,11081,12526
2026-03-26 00:00,2026-03-26,0,600000,ОЭС СР. ВОЛГИ,10734,12083
2026-03-26 01:00,2026-03-26,1,600000,ОЭС СР. ВОЛГИ,10499,11880
2026-03-26 02:00,2026-03-26,2,600000,ОЭС СР. ВОЛГИ,10512,11607
2026-03-26 03:00,2026-03-26,3,600000,ОЭС СР. ВОЛГИ,10347,11683
2026-03-26 04:00,2026-03-26,4,600000,ОЭС СР. ВОЛГИ,10466,11760
2026-03-26 05:00,2026-03-26,5,600000,ОЭС СР. ВОЛГИ,10637,12075
2026-03-26 06:00,2026-03-26,6,600000,ОЭС СР. ВОЛГИ,11925,12711
2026-03-26 07:00,2026-03-26,7,600000,ОЭС СР. ВОЛГИ,11966,13499
2026-03-26 08:00,2026-03-26,8,600000,ОЭС СР. ВОЛГИ,13447,14232
2026-03-26 09:00,2026-03-26,9,600000,ОЭС СР. ВОЛГИ,14205,14644
2026-03-26 10:00,2026-03-26,10,600000,ОЭС СР. ВОЛГИ,14138,14457
2026-03-26 11:00,2026-03-26,11,600000,ОЭС СР. ВОЛГИ,13688,14405
2026-03-26 12:00,2026-03-26,12,600000,ОЭС СР. ВОЛГИ,13574,14368
2026-03-26 13:00,2026-03-26,13,600000,ОЭС СР. ВОЛГИ,14258,14435
2026-03-26 14:00,2026-03-26,14,600000,ОЭС СР. ВОЛГИ,14301,14386
2026-03-26 15:00,2026-03-26,15,600000,ОЭС СР. ВОЛГИ,14010,14224
2026-03-26 16:00,2026-03-26,16,600000,ОЭС СР. ВОЛГИ,14174,14134
2026-03-26 17:00,2026-03-26,17,600000,ОЭС СР. ВОЛГИ,14113,13991
2026-03-26 18:00,2026-03-26,18,600000,ОЭС СР. ВОЛГИ,13875,14132
2026-03-26 19:00,2026-03-26,19,600000,ОЭС СР. ВОЛГИ,14616,14293
2026-03-26 20:00,2026-03-26,20,600000,ОЭС СР. ВОЛГИ,14248,14145
2026-03-26 21:00,2026-03-26,21,600000,ОЭС СР. ВОЛГИ,13983,13624
2026-03-26 22:00,2026-03-26,22,600000,ОЭС СР. ВОЛГИ,12939,13131
2026-03-26 23:00,2026-03-26,23,600000,ОЭС СР. ВОЛГИ,11705,12595
2026-03-27 00:00,2026-03-27,0,600000,ОЭС СР. ВОЛГИ,11452,12139
2026-03-27 01:00,2026-03-27,1,600000,ОЭС СР. ВОЛГИ,10579,11987
2026-03-27 02:00,2026-03-27,2,600000,ОЭС СР. ВОЛГИ,10110,11697
2026-03-27 03:00,2026-03-27,3,600000,ОЭС СР. ВОЛГИ,10147,11606
2026-03-27 04:00,2026-03-27,4,600000,ОЭС СР. ВОЛГИ,10298,11686
2026-03-27 05:00,2026-03-27,5,600000,ОЭС СР. ВОЛГИ,10475,12204
2026-03-27 06:00,2026-03-27,6,600000,ОЭС СР. ВОЛГИ,11882,12733
2026-03-27 07:00,2026-03-27,7,600000,ОЭС СР. ВОЛГИ,12135,13506
2026-03-27 08:00,2026-03-27,8,600000,ОЭС СР. ВОЛГИ,12580,14112
2026-03-27 09:00,2026-03-27,9,600000,ОЭС СР. ВОЛГИ,14218,14602
2026-03-27 10:00,2026-03-27,10,600000,ОЭС СР. ВОЛГИ,14040,14337
2026-03-27 11:00,2026-03-27,11,600000,ОЭС СР. ВОЛГИ,14231,14305
2026-03-27 12:00,2026-03-27,12,600000,ОЭС СР. ВОЛГИ,13804,14266
2026-03-27 13:00,2026-03-27,13,600000,ОЭС СР. ВОЛГИ,14175,14229
2026-03-27 14:00,2026-03-27,14,600000,ОЭС СР. ВОЛГИ,14063,14142
2026-03-27 15:00,2026-03-27,15,600000,ОЭС СР. ВОЛГИ,13745,14007
2026-03-27 16:00,2026-03-27,16,600000,ОЭС СР. ВОЛГИ,13500,13873
2026-03-27 17:00,2026-03-27,17,600000,ОЭС СР. ВОЛГИ,13386,13718
2026-03-27 18:00,2026-03-27,18,600000,ОЭС СР. ВОЛГИ,13474,13787
2026-03-27 19:00,2026-03-27,19,600000,ОЭС СР. ВОЛГИ,13226,13934
2026-03-27 20:00,2026-03-27,20,600000,ОЭС СР. ВОЛГИ,13435,13834
2026-03-27 21:00,2026-03-27,21,600000,ОЭС СР. ВОЛГИ,12794,13424
2026-03-27 22:00,2026-03-27,22,600000,ОЭС СР. ВОЛГИ,12041,12939
2026-03-27 23:00,2026-03-27,23,600000,ОЭС СР. ВОЛГИ,12009,12391
2026-03-28 00:00,2026-03-28,0,600000,ОЭС СР. ВОЛГИ,11427,12098
2026-03-28 01:00,2026-03-28,1,600000,ОЭС СР. ВОЛГИ,10732,11728
2026-03-28 02:00,2026-03-28,2,600000,ОЭС СР. ВОЛГИ,10122,11532
2026-03-28 03:00,2026-03-28,3,600000,ОЭС СР. ВОЛГИ,10010,11412
2026-03-28 04:00,2026-03-28,4,600000,ОЭС СР. ВОЛГИ,9980,11427
2026-03-28 05:00,2026-03-28,5,600000,ОЭС СР. ВОЛГИ,9887,11508
2026-03-28 06:00,2026-03-28,6,600000,ОЭС СР. ВОЛГИ,10854,11597
2026-03-28 07:00,2026-03-28,7,600000,ОЭС СР. ВОЛГИ,11244,12370
2026-03-28 08:00,2026-03-28,8,600000,ОЭС СР. ВОЛГИ,12048,13047
2026-03-28 09:00,2026-03-28,9,600000,ОЭС СР. ВОЛГИ,12747,13241
2026-03-28 10:00,2026-03-28,10,600000,ОЭС СР. ВОЛГИ,13032,13475
2026-03-28 11:00,2026-03-28,11,600000,ОЭС СР. ВОЛГИ,12829,13530
2026-03-28 12:00,2026-03-28,12,600000,ОЭС СР. ВОЛГИ,12420,13342
2026-03-28 13:00,2026-03-28,13,600000,ОЭС СР. ВОЛГИ,12528,13362
2026-03-28 14:00,2026-03-28,14,600000,ОЭС СР. ВОЛГИ,12262,13247
2026-03-28 15:00,2026-03-28,15,600000,ОЭС СР. ВОЛГИ,12499,13015
2026-03-28 16:00,2026-03-28,16,600000,ОЭС СР. ВОЛГИ,12325,13158
2026-03-28 17:00,2026-03-28,17,600000,ОЭС СР. ВОЛГИ,12468,12961
2026-03-28 18:00,2026-03-28,18,600000,ОЭС СР. ВОЛГИ,12933,13200
2026-03-28 19:00,2026-03-28,19,600000,ОЭС СР. ВОЛГИ,13110,13512
2026-03-28 20:00,2026-03-28,20,600000,ОЭС СР. ВОЛГИ,13132,13468
2026-03-28 21:00,2026-03-28,21,600000,ОЭС СР. ВОЛГИ,12428,13023
2026-03-28 22:00,2026-03-28,22,600000,ОЭС СР. ВОЛГИ,11482,12457
2026-03-28 23:00,2026-03-28,23,600000,ОЭС СР. ВОЛГИ,10694,11852
2026-03-29 00:00,2026-03-29,0,600000,ОЭС СР. ВОЛГИ,10095,11538
2026-03-29 01:00,2026-03-29,1,600000,ОЭС СР. ВОЛГИ,9838,11363
2026-03-29 02:00,2026-03-29,2,600000,ОЭС СР. ВОЛГИ,9567,11169
2026-03-29 03:00,2026-03-29,3,600000,ОЭС СР. ВОЛГИ,9582,11067
2026-03-29 04:00,2026-03-29,4,600000,ОЭС СР. ВОЛГИ,9593,11049
2026-03-29 05:00,2026-03-29,5,600000,ОЭС СР. ВОЛГИ,9659,11131
2026-03-29 06:00,2026-03-29,6,600000,ОЭС СР. ВОЛГИ,10392,11230
2026-03-29 07:00,2026-03-29,7,600000,ОЭС СР. ВОЛГИ,11413,11651
2026-03-29 08:00,2026-03-29,8,600000,ОЭС СР. ВОЛГИ,11372,12254
2026-03-29 09:00,2026-03-29,9,600000,ОЭС СР. ВОЛГИ,11777,12673
2026-03-29 10:00,2026-03-29,10,600000,ОЭС СР. ВОЛГИ,11913,12855
2026-03-29 11:00,2026-03-29,11,600000,ОЭС СР. ВОЛГИ,11717,12857
2026-03-29 12:00,2026-03-29,12,600000,ОЭС СР. ВОЛГИ,12070,12944
2026-03-29 13:00,2026-03-29,13,600000,ОЭС СР. ВОЛГИ,12037,12917
2026-03-29 14:00,2026-03-29,14,600000,ОЭС СР. ВОЛГИ,11858,12848
2026-03-29 15:00,2026-03-29,15,600000,ОЭС СР. ВОЛГИ,11794,12851
2026-03-29 16:00,2026-03-29,16,600000,ОЭС СР. ВОЛГИ,11917,12791
2026-03-29 17:00,2026-03-29,17,600000,ОЭС СР. ВОЛГИ,12176,12882
2026-03-29 18:00,2026-03-29,18,600000,ОЭС СР. ВОЛГИ,12348,12900
2026-03-29 19:00,2026-03-29,19,600000,ОЭС СР. ВОЛГИ,12933,13395
2026-03-29 20:00,2026-03-29,20,600000,ОЭС СР. ВОЛГИ,12820,13339
2026-03-29 21:00,2026-03-29,21,600000,ОЭС СР. ВОЛГИ,12742,12991
2026-03-29 22:00,2026-03-29,22,600000,ОЭС СР. ВОЛГИ,11613,12444
2026-03-29 23:00,2026-03-29,23,600000,ОЭС СР. ВОЛГИ,11022,11920
2026-03-30 00:00,2026-03-30,0,600000,ОЭС СР. ВОЛГИ,10935,11414
2026-03-30 01:00,2026-03-30,1,600000,ОЭС СР. ВОЛГИ,10092,11094
2026-03-30 02:00,2026-03-30,2,600000,ОЭС СР. ВОЛГИ,10046,11078
2026-03-30 03:00,2026-03-30,3,600000,ОЭС СР. ВОЛГИ,9844,11127
2026-03-30 04:00,2026-03-30,4,600000,ОЭС СР. ВОЛГИ,9918,11274
2026-03-30 05:00,2026-03-30,5,600000,ОЭС СР. ВОЛГИ,10690,11561
2026-03-30 06:00,2026-03-30,6,600000,ОЭС СР. ВОЛГИ,11048,12087
2026-03-30 07:00,2026-03-30,7,600000,ОЭС СР. ВОЛГИ,12076,12945
2026-03-30 08:00,2026-03-30,8,600000,ОЭС СР. ВОЛГИ,12746,13553
2026-03-30 09:00,2026-03-30,9,600000,ОЭС СР. ВОЛГИ,13371,14125
2026-03-30 10:00,2026-03-30,10,600000,ОЭС СР. ВОЛГИ,13039,13960
2026-03-30 11:00,2026-03-30,11,600000,ОЭС СР. ВОЛГИ,12891,13838
2026-03-30 12:00,2026-03-30,12,600000,ОЭС СР. ВОЛГИ,12909,13787
2026-03-30 13:00,2026-03-30,13,600000,ОЭС СР. ВОЛГИ,13443,13850
2026-03-30 14:00,2026-03-30,14,600000,ОЭС СР. ВОЛГИ,13295,13789
2026-03-30 15:00,2026-03-30,15,600000,ОЭС СР. ВОЛГИ,12831,13703
2026-03-30 16:00,2026-03-30,16,600000,ОЭС СР. ВОЛГИ,13297,13479
2026-03-30 17:00,2026-03-30,17,600000,ОЭС СР. ВОЛГИ,13225,13339
2026-03-30 18:00,2026-03-30,18,600000,ОЭС СР. ВОЛГИ,13010,13355
2026-03-30 19:00,2026-03-30,19,600000,ОЭС СР. ВОЛГИ,13029,13659
2026-03-30 20:00,2026-03-30,20,600000,ОЭС СР. ВОЛГИ,13168,13636
2026-03-30 21:00,2026-03-30,21,600000,ОЭС СР. ВОЛГИ,12574,13292
2026-03-30 22:00,2026-03-30,22,600000,ОЭС СР. ВОЛГИ,11946,12724
2026-03-30 23:00,2026-03-30,23,600000,ОЭС СР. ВОЛГИ,11869,12223
2026-03-31 00:00,2026-03-31,0,600000,ОЭС СР. ВОЛГИ,11808,11592
2026-03-31 01:00,2026-03-31,1,600000,ОЭС СР. ВОЛГИ,10641,11379
2026-03-31 02:00,2026-03-31,2,600000,ОЭС СР. ВОЛГИ,10607,11316
2026-03-31 03:00,2026-03-31,3,600000,ОЭС СР. ВОЛГИ,10277,11268
2026-03-31 04:00,2026-03-31,4,600000,ОЭС СР. ВОЛГИ,10254,11377
2026-03-31 05:00,2026-03-31,5,600000,ОЭС СР. ВОЛГИ,10515,11623
2026-03-31 06:00,2026-03-31,6,600000,ОЭС СР. ВОЛГИ,11167,12229
2026-03-31 07:00,2026-03-31,7,600000,ОЭС СР. ВОЛГИ,11530,12884
2026-03-31 08:00,2026-03-31,8,600000,ОЭС СР. ВОЛГИ,12987,13778
2026-03-31 09:00,2026-03-31,9,600000,ОЭС СР. ВОЛГИ,13715,14017
2026-03-31 10:00,2026-03-31,10,600000,ОЭС СР. ВОЛГИ,13438,13858
2026-03-31 11:00,2026-03-31,11,600000,ОЭС СР. ВОЛГИ,12998,13770
2026-03-31 12:00,2026-03-31,12,600000,ОЭС СР. ВОЛГИ,12945,13656
2026-03-31 13:00,2026-03-31,13,600000,ОЭС СР. ВОЛГИ,13822,13800
2026-03-31 14:00,2026-03-31,14,600000,ОЭС СР. ВОЛГИ,14087,13648
2026-03-31 15:00,2026-03-31,15,600000,ОЭС СР. ВОЛГИ,13631,13500
2026-03-31 16:00,2026-03-31,16,600000,ОЭС СР. ВОЛГИ,13202,13338
2026-03-31 17:00,2026-03-31,17,600000,ОЭС СР. ВОЛГИ,12860,13213
2026-03-31 18:00,2026-03-31,18,600000,ОЭС СР. ВОЛГИ,12915,13256
2026-03-31 19:00,2026-03-31,19,600000,ОЭС СР. ВОЛГИ,13373,13485
2026-03-31 20:00,2026-03-31,20,600000,ОЭС СР. ВОЛГИ,13337,13482
2026-03-31 21:00,2026-03-31,21,600000,ОЭС СР. ВОЛГИ,13360,13237
2026-03-31 22:00,2026-03-31,22,600000,ОЭС СР. ВОЛГИ,12421,12638
2026-03-31 23:00,2026-03-31,23,600000,ОЭС СР. ВОЛГИ,11781,11975
2026-04-01 00:00,2026-04-01,0,600000,ОЭС СР. ВОЛГИ,11210,11449
2026-04-01 01:00,2026-04-01,1,600000,ОЭС СР. ВОЛГИ,11086,11261
2026-04-01 02:00,2026-04-01,2,600000,ОЭС СР. ВОЛГИ,10805,11140
2026-04-01 03:00,2026-04-01,3,600000,ОЭС СР. ВОЛГИ,10641,11087
2026-04-01 04:00,2026-04-01,4,600000,ОЭС СР. ВОЛГИ,10765,11196
2026-04-01 05:00,2026-04-01,5,600000,ОЭС СР. ВОЛГИ,10659,11444
2026-04-01 06:00,2026-04-01,6,600000,ОЭС СР. ВОЛГИ,10860,11974
2026-04-01 07:00,2026-04-01,7,600000,ОЭС СР. ВОЛГИ,11838,12780
2026-04-01 08:00,2026-04-01,8,600000,ОЭС СР. ВОЛГИ,12785,13565
2026-04-01 09:00,2026-04-01,9,600000,ОЭС СР. ВОЛГИ,13267,13887
2026-04-01 10:00,2026-04-01,10,600000,ОЭС СР. ВОЛГИ,12997,13741
2026-04-01 11:00,2026-04-01,11,600000,ОЭС СР. ВОЛГИ,12970,13673
2026-04-01 12:00,2026-04-01,12,600000,ОЭС СР. ВОЛГИ,13013,13623
2026-04-01 13:00,2026-04-01,13,600000,ОЭС СР. ВОЛГИ,12834,13744
2026-04-01 14:00,2026-04-01,14,600000,ОЭС СР. ВОЛГИ,12629,13652
2026-04-01 15:00,2026-04-01,15,600000,ОЭС СР. ВОЛГИ,12465,13600
2026-04-01 16:00,2026-04-01,16,600000,ОЭС СР. ВОЛГИ,12508,13409
2026-04-01 17:00,2026-04-01,17,600000,ОЭС СР. ВОЛГИ,12508,13298
2026-04-01 18:00,2026-04-01,18,600000,ОЭС СР. ВОЛГИ,12529,13337
2026-04-01 19:00,2026-04-01,19,600000,ОЭС СР. ВОЛГИ,12708,13627
2026-04-01 20:00,2026-04-01,20,600000,ОЭС СР. ВОЛГИ,12675,13571
2026-04-01 21:00,2026-04-01,21,600000,ОЭС СР. ВОЛГИ,12532,13202
2026-04-01 22:00,2026-04-01,22,600000,ОЭС СР. ВОЛГИ,11706,12699
2026-04-01 23:00,2026-04-01,23,600000,ОЭС СР. ВОЛГИ,10765,11904
2026-04-02 00:00,2026-04-02,0,600000,ОЭС СР. ВОЛГИ,10807,11601
2026-04-02 01:00,2026-04-02,1,600000,ОЭС СР. ВОЛГИ,10202,11301
2026-04-02 02:00,2026-04-02,2,600000,ОЭС СР. ВОЛГИ,10291,11173
2026-04-02 03:00,2026-04-02,3,600000,ОЭС СР. ВОЛГИ,10365,11163
2026-04-02 04:00,2026-04-02,4,600000,ОЭС СР. ВОЛГИ,10464,11383
2026-04-02 05:00,2026-04-02,5,600000,ОЭС СР. ВОЛГИ,10315,11499
2026-04-02 06:00,2026-04-02,6,600000,ОЭС СР. ВОЛГИ,10618,12032
2026-04-02 07:00,2026-04-02,7,600000,ОЭС СР. ВОЛГИ,11368,13011
2026-04-02 08:00,2026-04-02,8,600000,ОЭС СР. ВОЛГИ,12360,13782
2026-04-02 09:00,2026-04-02,9,600000,ОЭС СР. ВОЛГИ,13500,14242
2026-04-02 10:00,2026-04-02,10,600000,ОЭС СР. ВОЛГИ,13671,14269
2026-04-02 11:00,2026-04-02,11,600000,ОЭС СР. ВОЛГИ,13577,14094
2026-04-02 12:00,2026-04-02,12,600000,ОЭС СР. ВОЛГИ,13489,14049
2026-04-02 13:00,2026-04-02,13,600000,ОЭС СР. ВОЛГИ,13699,14157
2026-04-02 14:00,2026-04-02,14,600000,ОЭС СР. ВОЛГИ,13258,14082
2026-04-02 15:00,2026-04-02,15,600000,ОЭС СР. ВОЛГИ,13214,14016
2026-04-02 16:00,2026-04-02,16,600000,ОЭС СР. ВОЛГИ,13090,13813
2026-04-02 17:00,2026-04-02,17,600000,ОЭС СР. ВОЛГИ,12779,13652
2026-04-02 18:00,2026-04-02,18,600000,ОЭС СР. ВОЛГИ,12997,13556
2026-04-02 19:00,2026-04-02,19,600000,ОЭС СР. ВОЛГИ,13405,13846
2026-04-02 20:00,2026-04-02,20,600000,ОЭС СР. ВОЛГИ,13083,13584
2026-04-02 21:00,2026-04-02,21,600000,ОЭС СР. ВОЛГИ,12647,13288
2026-04-02 22:00,2026-04-02,22,600000,ОЭС СР. ВОЛГИ,12017,12650
2026-04-02 23:00,2026-04-02,23,600000,ОЭС СР. ВОЛГИ,11176,12001
2026-04-03 00:00,2026-04-03,0,600000,ОЭС СР. ВОЛГИ,10741,11537
2026-04-03 01:00,2026-04-03,1,600000,ОЭС СР. ВОЛГИ,10386,11263
2026-04-03 02:00,2026-04-03,2,600000,ОЭС СР. ВОЛГИ,10257,11134
2026-04-03 03:00,2026-04-03,3,600000,ОЭС СР. ВОЛГИ,10312,11154
2026-04-03 04:00,2026-04-03,4,600000,ОЭС СР. ВОЛГИ,10500,11241
2026-04-03 05:00,2026-04-03,5,600000,ОЭС СР. ВОЛГИ,10679,11511
2026-04-03 06:00,2026-04-03,6,600000,ОЭС СР. ВОЛГИ,10846,11989
2026-04-03 07:00,2026-04-03,7,600000,ОЭС СР. ВОЛГИ,11898,12915
2026-04-03 08:00,2026-04-03,8,600000,ОЭС СР. ВОЛГИ,12528,13578
2026-04-03 09:00,2026-04-03,9,600000,ОЭС СР. ВОЛГИ,13042,14089
2026-04-03 10:00,2026-04-03,10,600000,ОЭС СР. ВОЛГИ,13021,13951
2026-04-03 11:00,2026-04-03,11,600000,ОЭС СР. ВОЛГИ,12845,13859
2026-04-03 12:00,2026-04-03,12,600000,ОЭС СР. ВОЛГИ,12850,13776
2026-04-03 13:00,2026-04-03,13,600000,ОЭС СР. ВОЛГИ,13161,13936
2026-04-03 14:00,2026-04-03,14,600000,ОЭС СР. ВОЛГИ,13043,13919
2026-04-03 15:00,2026-04-03,15,600000,ОЭС СР. ВОЛГИ,13067,13761
2026-04-03 16:00,2026-04-03,16,600000,ОЭС СР. ВОЛГИ,13143,13515
2026-04-03 17:00,2026-04-03,17,600000,ОЭС СР. ВОЛГИ,13046,13402
2026-04-03 18:00,2026-04-03,18,600000,ОЭС СР. ВОЛГИ,12975,13490
2026-04-03 19:00,2026-04-03,19,600000,ОЭС СР. ВОЛГИ,13032,13560
2026-04-03 20:00,2026-04-03,20,600000,ОЭС СР. ВОЛГИ,13083,13585
2026-04-03 21:00,2026-04-03,21,600000,ОЭС СР. ВОЛГИ,12689,13206
2026-04-03 22:00,2026-04-03,22,600000,ОЭС СР. ВОЛГИ,12088,12658
2026-04-03 23:00,2026-04-03,23,600000,ОЭС СР. ВОЛГИ,11195,12178
2026-04-04 00:00,2026-04-04,0,600000,ОЭС СР. ВОЛГИ,10827,11633
2026-04-04 01:00,2026-04-04,1,600000,ОЭС СР. ВОЛГИ,10642,11260
2026-04-04 02:00,2026-04-04,2,600000,ОЭС СР. ВОЛГИ,9920,11052
2026-04-04 03:00,2026-04-04,3,600000,ОЭС СР. ВОЛГИ,10342,11275
2026-04-04 04:00,2026-04-04,4,600000,ОЭС СР. ВОЛГИ,10243,11264
2026-04-04 05:00,2026-04-04,5,600000,ОЭС СР. ВОЛГИ,10341,11089
2026-04-04 06:00,2026-04-04,6,600000,ОЭС СР. ВОЛГИ,10492,11331
2026-04-04 07:00,2026-04-04,7,600000,ОЭС СР. ВОЛГИ,11254,11963
2026-04-04 08:00,2026-04-04,8,600000,ОЭС СР. ВОЛГИ,11785,12663
2026-04-04 09:00,2026-04-04,9,600000,ОЭС СР. ВОЛГИ,12657,13005
2026-04-04 10:00,2026-04-04,10,600000,ОЭС СР. ВОЛГИ,12896,13128
2026-04-04 11:00,2026-04-04,11,600000,ОЭС СР. ВОЛГИ,13171,13159
2026-04-04 12:00,2026-04-04,12,600000,ОЭС СР. ВОЛГИ,12930,13040
2026-04-04 13:00,2026-04-04,13,600000,ОЭС СР. ВОЛГИ,12682,13057
2026-04-04 14:00,2026-04-04,14,600000,ОЭС СР. ВОЛГИ,12589,12991
2026-04-04 15:00,2026-04-04,15,600000,ОЭС СР. ВОЛГИ,12310,12829
2026-04-04 16:00,2026-04-04,16,600000,ОЭС СР. ВОЛГИ,12243,12859
2026-04-04 17:00,2026-04-04,17,600000,ОЭС СР. ВОЛГИ,11787,12662
2026-04-04 18:00,2026-04-04,18,600000,ОЭС СР. ВОЛГИ,12205,12749
2026-04-04 19:00,2026-04-04,19,600000,ОЭС СР. ВОЛГИ,12433,13193
2026-04-04 20:00,2026-04-04,20,600000,ОЭС СР. ВОЛГИ,12585,12993
2026-04-04 21:00,2026-04-04,21,600000,ОЭС СР. ВОЛГИ,11927,12713
2026-04-04 22:00,2026-04-04,22,600000,ОЭС СР. ВОЛГИ,11473,12285
2026-04-04 23:00,2026-04-04,23,600000,ОЭС СР. ВОЛГИ,10941,11857
2026-04-05 00:00,2026-04-05,0,600000,ОЭС СР. ВОЛГИ,10902,11420
2026-04-05 01:00,2026-04-05,1,600000,ОЭС СР. ВОЛГИ,9923,11085
2026-04-05 02:00,2026-04-05,2,600000,ОЭС СР. ВОЛГИ,9701,10710
2026-04-05 03:00,2026-04-05,3,600000,ОЭС СР. ВОЛГИ,9793,10760
2026-04-05 04:00,2026-04-05,4,600000,ОЭС СР. ВОЛГИ,9785,10797
2026-04-05 05:00,2026-04-05,5,600000,ОЭС СР. ВОЛГИ,9824,10742
2026-04-05 06:00,2026-04-05,6,600000,ОЭС СР. ВОЛГИ,10043,10951
2026-04-05 07:00,2026-04-05,7,600000,ОЭС СР. ВОЛГИ,10199,11446
2026-04-05 08:00,2026-04-05,8,600000,ОЭС СР. ВОЛГИ,10353,11821
2026-04-05 09:00,2026-04-05,9,600000,ОЭС СР. ВОЛГИ,11625,12344
2026-04-05 10:00,2026-04-05,10,600000,ОЭС СР. ВОЛГИ,12402,12593
2026-04-05 11:00,2026-04-05,11,600000,ОЭС СР. ВОЛГИ,12514,12343
2026-04-05 12:00,2026-04-05,12,600000,ОЭС СР. ВОЛГИ,12123,12496
2026-04-05 13:00,2026-04-05,13,600000,ОЭС СР. ВОЛГИ,12094,12533
2026-04-05 14:00,2026-04-05,14,600000,ОЭС СР. ВОЛГИ,12245,12505
2026-04-05 15:00,2026-04-05,15,600000,ОЭС СР. ВОЛГИ,12307,12575
2026-04-05 16:00,2026-04-05,16,600000,ОЭС СР. ВОЛГИ,12046,12569
2026-04-05 17:00,2026-04-05,17,600000,ОЭС СР. ВОЛГИ,12318,12772
2026-04-05 18:00,2026-04-05,18,600000,ОЭС СР. ВОЛГИ,12536,12825
2026-04-05 19:00,2026-04-05,19,600000,ОЭС СР. ВОЛГИ,12936,13167
2026-04-05 20:00,2026-04-05,20,600000,ОЭС СР. ВОЛГИ,12352,13141
2026-04-05 21:00,2026-04-05,21,600000,ОЭС СР. ВОЛГИ,12113,12811
2026-04-05 22:00,2026-04-05,22,600000,ОЭС СР. ВОЛГИ,11875,12084
2026-04-05 23:00,2026-04-05,23,600000,ОЭС СР. ВОЛГИ,11322,11693
2026-04-06 00:00,2026-04-06,0,600000,ОЭС СР. ВОЛГИ,11221,11216
2026-04-06 01:00,2026-04-06,1,600000,ОЭС СР. ВОЛГИ,10832,10971
2026-04-06 02:00,2026-04-06,2,600000,ОЭС СР. ВОЛГИ,10717,10850
2026-04-06 03:00,2026-04-06,3,600000,ОЭС СР. ВОЛГИ,10686,10968
2026-04-06 04:00,2026-04-06,4,600000,ОЭС СР. ВОЛГИ,11032,11023
2026-04-06 05:00,2026-04-06,5,600000,ОЭС СР. ВОЛГИ,11495,11324
2026-04-06 06:00,2026-04-06,6,600000,ОЭС СР. ВОЛГИ,11520,11862
2026-04-06 07:00,2026-04-06,7,600000,ОЭС СР. ВОЛГИ,11874,12984
2026-04-06 08:00,2026-04-06,8,600000,ОЭС СР. ВОЛГИ,13190,13677
2026-04-06 09:00,2026-04-06,9,600000,ОЭС СР. ВОЛГИ,13540,14221
2026-04-06 10:00,2026-04-06,10,600000,ОЭС СР. ВОЛГИ,13339,14182
2026-04-06 11:00,2026-04-06,11,600000,ОЭС СР. ВОЛГИ,12913,14173
2026-04-06 12:00,2026-04-06,12,600000,ОЭС СР. ВОЛГИ,13168,14041
2026-04-06 13:00,2026-04-06,13,600000,ОЭС СР. ВОЛГИ,13966,14309
2026-04-06 14:00,2026-04-06,14,600000,ОЭС СР. ВОЛГИ,13743,14215
2026-04-06 15:00,2026-04-06,15,600000,ОЭС СР. ВОЛГИ,13907,14045
2026-04-06 16:00,2026-04-06,16,600000,ОЭС СР. ВОЛГИ,13973,13842
2026-04-06 17:00,2026-04-06,17,600000,ОЭС СР. ВОЛГИ,13570,13645
2026-04-06 18:00,2026-04-06,18,600000,ОЭС СР. ВОЛГИ,13322,13531
2026-04-06 19:00,2026-04-06,19,600000,ОЭС СР. ВОЛГИ,13154,13690
2026-04-06 20:00,2026-04-06,20,600000,ОЭС СР. ВОЛГИ,13078,13717
2026-04-06 21:00,2026-04-06,21,600000,ОЭС СР. ВОЛГИ,12627,13280
2026-04-06 22:00,2026-04-06,22,600000,ОЭС СР. ВОЛГИ,11941,12637
2026-04-06 23:00,2026-04-06,23,600000,ОЭС СР. ВОЛГИ,11582,12053
2026-04-07 00:00,2026-04-07,0,600000,ОЭС СР. ВОЛГИ,11391,11624
2026-04-07 01:00,2026-04-07,1,600000,ОЭС СР. ВОЛГИ,11059,11353
2026-04-07 02:00,2026-04-07,2,600000,ОЭС СР. ВОЛГИ,11215,11191
2026-04-07 03:00,2026-04-07,3,600000,ОЭС СР. ВОЛГИ,11181,11105
2026-04-07 04:00,2026-04-07,4,600000,ОЭС СР. ВОЛГИ,11289,11449
2026-04-07 05:00,2026-04-07,5,600000,ОЭС СР. ВОЛГИ,11214,11502
2026-04-07 06:00,2026-04-07,6,600000,ОЭС СР. ВОЛГИ,11383,11968
2026-04-07 07:00,2026-04-07,7,600000,ОЭС СР. ВОЛГИ,11637,12938
2026-04-07 08:00,2026-04-07,8,600000,ОЭС СР. ВОЛГИ,12818,13761
2026-04-07 09:00,2026-04-07,9,600000,ОЭС СР. ВОЛГИ,13467,14111
2026-04-07 10:00,2026-04-07,10,600000,ОЭС СР. ВОЛГИ,13871,13968
2026-04-07 11:00,2026-04-07,11,600000,ОЭС СР. ВОЛГИ,13761,13974
2026-04-07 12:00,2026-04-07,12,600000,ОЭС СР. ВОЛГИ,13879,13837
2026-04-07 13:00,2026-04-07,13,600000,ОЭС СР. ВОЛГИ,13975,13921
2026-04-07 14:00,2026-04-07,14,600000,ОЭС СР. ВОЛГИ,13979,13754
2026-04-07 15:00,2026-04-07,15,600000,ОЭС СР. ВОЛГИ,13889,13614
2026-04-07 16:00,2026-04-07,16,600000,ОЭС СР. ВОЛГИ,13824,13495
2026-04-07 17:00,2026-04-07,17,600000,ОЭС СР. ВОЛГИ,13905,13421
2026-04-07 18:00,2026-04-07,18,600000,ОЭС СР. ВОЛГИ,13613,13412
2026-04-07 19:00,2026-04-07,19,600000,ОЭС СР. ВОЛГИ,13524,13622
2026-04-07 20:00,2026-04-07,20,600000,ОЭС СР. ВОЛГИ,13494,13497
2026-04-07 21:00,2026-04-07,21,600000,ОЭС СР. ВОЛГИ,13518,13239
2026-04-07 22:00,2026-04-07,22,600000,ОЭС СР. ВОЛГИ,12623,12667
2026-04-07 23:00,2026-04-07,23,600000,ОЭС СР. ВОЛГИ,12030,12026
2026-04-08 00:00,2026-04-08,0,600000,ОЭС СР. ВОЛГИ,11621,11622
2026-04-08 01:00,2026-04-08,1,600000,ОЭС СР. ВОЛГИ,11535,11343
2026-04-08 02:00,2026-04-08,2,600000,ОЭС СР. ВОЛГИ,11719,11246
2026-04-08 03:00,2026-04-08,3,600000,ОЭС СР. ВОЛГИ,11865,11266
2026-04-08 04:00,2026-04-08,4,600000,ОЭС СР. ВОЛГИ,11700,11281
2026-04-08 05:00,2026-04-08,5,600000,ОЭС СР. ВОЛГИ,11946,11503
2026-04-08 06:00,2026-04-08,6,600000,ОЭС СР. ВОЛГИ,12943,12250
2026-04-08 07:00,2026-04-08,7,600000,ОЭС СР. ВОЛГИ,12668,13017
2026-04-08 08:00,2026-04-08,8,600000,ОЭС СР. ВОЛГИ,13794,13737
2026-04-08 09:00,2026-04-08,9,600000,ОЭС СР. ВОЛГИ,14390,14188
2026-04-08 10:00,2026-04-08,10,600000,ОЭС СР. ВОЛГИ,14263,14187
2026-04-08 11:00,2026-04-08,11,600000,ОЭС СР. ВОЛГИ,14317,13986
2026-04-08 12:00,2026-04-08,12,600000,ОЭС СР. ВОЛГИ,14437,13939
2026-04-08 13:00,2026-04-08,13,600000,ОЭС СР. ВОЛГИ,14824,14065
2026-04-08 14:00,2026-04-08,14,600000,ОЭС СР. ВОЛГИ,14759,14040
2026-04-08 15:00,2026-04-08,15,600000,ОЭС СР. ВОЛГИ,14500,13955
2026-04-08 16:00,2026-04-08,16,600000,ОЭС СР. ВОЛГИ,14781,13900
2026-04-08 17:00,2026-04-08,17,600000,ОЭС СР. ВОЛГИ,14739,13708
2026-04-08 18:00,2026-04-08,18,600000,ОЭС СР. ВОЛГИ,14489,13651
2026-04-08 19:00,2026-04-08,19,600000,ОЭС СР. ВОЛГИ,14649,13936
2026-04-08 20:00,2026-04-08,20,600000,ОЭС СР. ВОЛГИ,14483,13852
2026-04-08 21:00,2026-04-08,21,600000,ОЭС СР. ВОЛГИ,13682,13215
2026-04-08 22:00,2026-04-08,22,600000,ОЭС СР. ВОЛГИ,12991,12853
2026-04-08 23:00,2026-04-08,23,600000,ОЭС СР. ВОЛГИ,12591,12184
2026-04-09 00:00,2026-04-09,0,600000,ОЭС СР. ВОЛГИ,12279,11643
2026-04-09 01:00,2026-04-09,1,600000,ОЭС СР. ВОЛГИ,12133,11317
2026-04-09 02:00,2026-04-09,2,600000,ОЭС СР. ВОЛГИ,11949,11323
2026-04-09 03:00,2026-04-09,3,600000,ОЭС СР. ВОЛГИ,11770,11210
2026-04-09 04:00,2026-04-09,4,600000,ОЭС СР. ВОЛГИ,12019,11520
2026-04-09 05:00,2026-04-09,5,600000,ОЭС СР. ВОЛГИ,12576,11702
2026-04-09 06:00,2026-04-09,6,600000,ОЭС СР. ВОЛГИ,12477,12366
2026-04-09 07:00,2026-04-09,7,600000,ОЭС СР. ВОЛГИ,12587,13091
2026-04-09 08:00,2026-04-09,8,600000,ОЭС СР. ВОЛГИ,14388,13978
2026-04-09 09:00,2026-04-09,9,600000,ОЭС СР. ВОЛГИ,14899,14511
2026-04-09 10:00,2026-04-09,10,600000,ОЭС СР. ВОЛГИ,14790,14679
2026-04-09 11:00,2026-04-09,11,600000,ОЭС СР. ВОЛГИ,15135,14561
2026-04-09 12:00,2026-04-09,12,600000,ОЭС СР. ВОЛГИ,15213,14729
2026-04-09 13:00,2026-04-09,13,600000,ОЭС СР. ВОЛГИ,15441,14704
2026-04-09 14:00,2026-04-09,14,600000,ОЭС СР. ВОЛГИ,15565,14666
2026-04-09 15:00,2026-04-09,15,600000,ОЭС СР. ВОЛГИ,15565,14552
2026-04-09 16:00,2026-04-09,16,600000,ОЭС СР. ВОЛГИ,15222,14424
2026-04-09 17:00,2026-04-09,17,600000,ОЭС СР. ВОЛГИ,14665,14131
2026-04-09 18:00,2026-04-09,18,600000,ОЭС СР. ВОЛГИ,14662,14123
2026-04-09 19:00,2026-04-09,19,600000,ОЭС СР. ВОЛГИ,14607,14252
2026-04-09 20:00,2026-04-09,20,600000,ОЭС СР. ВОЛГИ,14201,14059
2026-04-09 21:00,2026-04-09,21,600000,ОЭС СР. ВОЛГИ,14266,13714
2026-04-09 22:00,2026-04-09,22,600000,ОЭС СР. ВОЛГИ,13163,13117
2026-04-09 23:00,2026-04-09,23,600000,ОЭС СР. ВОЛГИ,12328,12271
2026-04-10 00:00,2026-04-10,0,600000,ОЭС СР. ВОЛГИ,11816,11875
2026-04-10 01:00,2026-04-10,1,600000,ОЭС СР. ВОЛГИ,11760,11455
2026-04-10 02:00,2026-04-10,2,600000,ОЭС СР. ВОЛГИ,11561,11500
2026-04-10 03:00,2026-04-10,3,600000,ОЭС СР. ВОЛГИ,11547,11347
2026-04-10 04:00,2026-04-10,4,600000,ОЭС СР. ВОЛГИ,11722,11565
2026-04-10 05:00,2026-04-10,5,600000,ОЭС СР. ВОЛГИ,12193,11731
2026-04-10 06:00,2026-04-10,6,600000,ОЭС СР. ВОЛГИ,12676,12473
2026-04-10 07:00,2026-04-10,7,600000,ОЭС СР. ВОЛГИ,13131,13362
2026-04-10 08:00,2026-04-10,8,600000,ОЭС СР. ВОЛГИ,15257,14187
2026-04-10 09:00,2026-04-10,9,600000,ОЭС СР. ВОЛГИ,15405,14607
2026-04-10 10:00,2026-04-10,10,600000,ОЭС СР. ВОЛГИ,15810,14760
2026-04-10 11:00,2026-04-10,11,600000,ОЭС СР. ВОЛГИ,16193,14712
2026-04-10 12:00,2026-04-10,12,600000,ОЭС СР. ВОЛГИ,15839,14567
2026-04-10 13:00,2026-04-10,13,600000,ОЭС СР. ВОЛГИ,16236,14649
2026-04-10 14:00,2026-04-10,14,600000,ОЭС СР. ВОЛГИ,15850,14587
2026-04-10 15:00,2026-04-10,15,600000,ОЭС СР. ВОЛГИ,15292,14404
2026-04-10 16:00,2026-04-10,16,600000,ОЭС СР. ВОЛГИ,15338,14248
2026-04-10 17:00,2026-04-10,17,600000,ОЭС СР. ВОЛГИ,14826,13959
2026-04-10 18:00,2026-04-10,18,600000,ОЭС СР. ВОЛГИ,14630,13908
2026-04-10 19:00,2026-04-10,19,600000,ОЭС СР. ВОЛГИ,14563,14112
2026-04-10 20:00,2026-04-10,20,600000,ОЭС СР. ВОЛГИ,14313,14049
2026-04-10 21:00,2026-04-10,21,600000,ОЭС СР. ВОЛГИ,13988,13726
2026-04-10 22:00,2026-04-10,22,600000,ОЭС СР. ВОЛГИ,13408,13261
2026-04-10 23:00,2026-04-10,23,600000,ОЭС СР. ВОЛГИ,12467,12458
2026-04-11 00:00,2026-04-11,0,600000,ОЭС СР. ВОЛГИ,11970,12031
2026-04-11 01:00,2026-04-11,1,600000,ОЭС СР. ВОЛГИ,13471,11870
2026-04-11 02:00,2026-04-11,2,600000,ОЭС СР. ВОЛГИ,12967,11688
2026-04-11 03:00,2026-04-11,3,600000,ОЭС СР. ВОЛГИ,12784,11565
2026-04-11 04:00,2026-04-11,4,600000,ОЭС СР. ВОЛГИ,12510,11505
2026-04-11 05:00,2026-04-11,5,600000,ОЭС СР. ВОЛГИ,12936,11584
2026-04-11 06:00,2026-04-11,6,600000,ОЭС СР. ВОЛГИ,12997,11629
2026-04-11 07:00,2026-04-11,7,600000,ОЭС СР. ВОЛГИ,13809,12210
2026-04-11 08:00,2026-04-11,8,600000,ОЭС СР. ВОЛГИ,13936,12977
2026-04-11 09:00,2026-04-11,9,600000,ОЭС СР. ВОЛГИ,15421,13517
2026-04-11 10:00,2026-04-11,10,600000,ОЭС СР. ВОЛГИ,15533,13796
2026-04-11 11:00,2026-04-11,11,600000,ОЭС СР. ВОЛГИ,15563,13737
2026-04-11 12:00,2026-04-11,12,600000,ОЭС СР. ВОЛГИ,15643,13730
2026-04-11 13:00,2026-04-11,13,600000,ОЭС СР. ВОЛГИ,15489,13878
2026-04-11 14:00,2026-04-11,14,600000,ОЭС СР. ВОЛГИ,15322,13657
2026-04-11 15:00,2026-04-11,15,600000,ОЭС СР. ВОЛГИ,15323,13419
2026-04-11 16:00,2026-04-11,16,600000,ОЭС СР. ВОЛГИ,14697,13317
2026-04-11 17:00,2026-04-11,17,600000,ОЭС СР. ВОЛГИ,14514,13368
2026-04-11 18:00,2026-04-11,18,600000,ОЭС СР. ВОЛГИ,14717,13443
2026-04-11 19:00,2026-04-11,19,600000,ОЭС СР. ВОЛГИ,14428,13615
2026-04-11 20:00,2026-04-11,20,600000,ОЭС СР. ВОЛГИ,14528,13704
2026-04-11 21:00,2026-04-11,21,600000,ОЭС СР. ВОЛГИ,14255,13149
2026-04-11 22:00,2026-04-11,22,600000,ОЭС СР. ВОЛГИ,14175,12857
2026-04-11 23:00,2026-04-11,23,600000,ОЭС СР. ВОЛГИ,13254,12266
2026-04-12 00:00,2026-04-12,0,600000,ОЭС СР. ВОЛГИ,12410,11713
2026-04-12 01:00,2026-04-12,1,600000,ОЭС СР. ВОЛГИ,13228,11534
2026-04-12 02:00,2026-04-12,2,600000,ОЭС СР. ВОЛГИ,13029,11282
2026-04-12 03:00,2026-04-12,3,600000,ОЭС СР. ВОЛГИ,12923,11232
2026-04-12 04:00,2026-04-12,4,600000,ОЭС СР. ВОЛГИ,12965,11241
2026-04-12 05:00,2026-04-12,5,600000,ОЭС СР. ВОЛГИ,12946,11133
2026-04-12 06:00,2026-04-12,6,600000,ОЭС СР. ВОЛГИ,13270,11378
2026-04-12 07:00,2026-04-12,7,600000,ОЭС СР. ВОЛГИ,13262,11826
2026-04-12 08:00,2026-04-12,8,600000,ОЭС СР. ВОЛГИ,13704,12349
2026-04-12 09:00,2026-04-12,9,600000,ОЭС СР. ВОЛГИ,14096,12635
2026-04-12 10:00,2026-04-12,10,600000,ОЭС СР. ВОЛГИ,14083,12742
2026-04-12 11:00,2026-04-12,11,600000,ОЭС СР. ВОЛГИ,14137,12893
2026-04-12 12:00,2026-04-12,12,600000,ОЭС СР. ВОЛГИ,13930,12784
2026-04-12 13:00,2026-04-12,13,600000,ОЭС СР. ВОЛГИ,14051,12682
2026-04-12 14:00,2026-04-12,14,600000,ОЭС СР. ВОЛГИ,14062,12628
2026-04-12 15:00,2026-04-12,15,600000,ОЭС СР. ВОЛГИ,13963,12606
2026-04-12 16:00,2026-04-12,16,600000,ОЭС СР. ВОЛГИ,14009,12593
2026-04-12 17:00,2026-04-12,17,600000,ОЭС СР. ВОЛГИ,14006,12767
2026-04-12 18:00,2026-04-12,18,600000,ОЭС СР. ВОЛГИ,13925,12771
2026-04-12 19:00,2026-04-12,19,600000,ОЭС СР. ВОЛГИ,14297,13107
2026-04-12 20:00,2026-04-12,20,600000,ОЭС СР. ВОЛГИ,14206,13092
2026-04-12 21:00,2026-04-12,21,600000,ОЭС СР. ВОЛГИ,14180,12890
2026-04-12 22:00,2026-04-12,22,600000,ОЭС СР. ВОЛГИ,13768,12407
2026-04-12 23:00,2026-04-12,23,600000,ОЭС СР. ВОЛГИ,13797,11864
2026-04-13 00:00,2026-04-13,0,600000,ОЭС СР. ВОЛГИ,13670,11531
2026-04-13 01:00,2026-04-13,1,600000,ОЭС СР. ВОЛГИ,13114,11324
2026-04-13 02:00,2026-04-13,2,600000,ОЭС СР. ВОЛГИ,12895,11088
2026-04-13 03:00,2026-04-13,3,600000,ОЭС СР. ВОЛГИ,13149,11174
2026-04-13 04:00,2026-04-13,4,600000,ОЭС СР. ВОЛГИ,12800,11207
2026-04-13 05:00,2026-04-13,5,600000,ОЭС СР. ВОЛГИ,13302,11529
2026-04-13 06:00,2026-04-13,6,600000,ОЭС СР. ВОЛГИ,13995,12195
2026-04-13 07:00,2026-04-13,7,600000,ОЭС СР. ВОЛГИ,14175,13158
2026-04-13 08:00,2026-04-13,8,600000,ОЭС СР. ВОЛГИ,14279,14042
2026-04-13 09:00,2026-04-13,9,600000,ОЭС СР. ВОЛГИ,14506,14493
2026-04-13 10:00,2026-04-13,10,600000,ОЭС СР. ВОЛГИ,14387,14571
2026-04-13 11:00,2026-04-13,11,600000,ОЭС СР. ВОЛГИ,14385,14354
2026-04-13 12:00,2026-04-13,12,600000,ОЭС СР. ВОЛГИ,14397,14224
2026-04-13 13:00,2026-04-13,13,600000,ОЭС СР. ВОЛГИ,14376,14262
2026-04-13 14:00,2026-04-13,14,600000,ОЭС СР. ВОЛГИ,14368,14158
2026-04-13 15:00,2026-04-13,15,600000,ОЭС СР. ВОЛГИ,14276,14209
2026-04-13 16:00,2026-04-13,16,600000,ОЭС СР. ВОЛГИ,14109,13959
2026-04-13 17:00,2026-04-13,17,600000,ОЭС СР. ВОЛГИ,14150,13899
2026-04-13 18:00,2026-04-13,18,600000,ОЭС СР. ВОЛГИ,14453,13710
2026-04-13 19:00,2026-04-13,19,600000,ОЭС СР. ВОЛГИ,14209,13867
2026-04-13 20:00,2026-04-13,20,600000,ОЭС СР. ВОЛГИ,14382,13868
2026-04-13 21:00,2026-04-13,21,600000,ОЭС СР. ВОЛГИ,14132,13301
2026-04-13 22:00,2026-04-13,22,600000,ОЭС СР. ВОЛГИ,13998,12936
2026-04-13 23:00,2026-04-13,23,600000,ОЭС СР. ВОЛГИ,13539,12351
2026-04-14 00:00,2026-04-14,0,600000,ОЭС СР. ВОЛГИ,13106,11800
2026-04-14 01:00,2026-04-14,1,600000,ОЭС СР. ВОЛГИ,12827,11625
2026-04-14 02:00,2026-04-14,2,600000,ОЭС СР. ВОЛГИ,12879,11560
2026-04-14 03:00,2026-04-14,3,600000,ОЭС СР. ВОЛГИ,12860,11629
2026-04-14 04:00,2026-04-14,4,600000,ОЭС СР. ВОЛГИ,13161,11531
2026-04-14 05:00,2026-04-14,5,600000,ОЭС СР. ВОЛГИ,12937,11706
2026-04-14 06:00,2026-04-14,6,600000,ОЭС СР. ВОЛГИ,13451,12363
2026-04-14 07:00,2026-04-14,7,600000,ОЭС СР. ВОЛГИ,14055,13208
2026-04-14 08:00,2026-04-14,8,600000,ОЭС СР. ВОЛГИ,14419,14066
2026-04-14 09:00,2026-04-14,9,600000,ОЭС СР. ВОЛГИ,14484,14597
2026-04-14 10:00,2026-04-14,10,600000,ОЭС СР. ВОЛГИ,14593,14387
2026-04-14 11:00,2026-04-14,11,600000,ОЭС СР. ВОЛГИ,14373,14425
2026-04-14 12:00,2026-04-14,12,600000,ОЭС СР. ВОЛГИ,14318,14252
2026-04-14 13:00,2026-04-14,13,600000,ОЭС СР. ВОЛГИ,14580,14323
2026-04-14 14:00,2026-04-14,14,600000,ОЭС СР. ВОЛГИ,14510,14263
2026-04-14 15:00,2026-04-14,15,600000,ОЭС СР. ВОЛГИ,14599,14155
2026-04-14 16:00,2026-04-14,16,600000,ОЭС СР. ВОЛГИ,14542,13968
2026-04-14 17:00,2026-04-14,17,600000,ОЭС СР. ВОЛГИ,14236,13859
2026-04-14 18:00,2026-04-14,18,600000,ОЭС СР. ВОЛГИ,14438,13584
2026-04-14 19:00,2026-04-14,19,600000,ОЭС СР. ВОЛГИ,14531,13840
2026-04-14 20:00,2026-04-14,20,600000,ОЭС СР. ВОЛГИ,14562,13854
2026-04-14 21:00,2026-04-14,21,600000,ОЭС СР. ВОЛГИ,14544,13650
2026-04-14 22:00,2026-04-14,22,600000,ОЭС СР. ВОЛГИ,13266,13106
2026-04-14 23:00,2026-04-14,23,600000,ОЭС СР. ВОЛГИ,12777,12185
2026-04-15 00:00,2026-04-15,0,600000,ОЭС СР. ВОЛГИ,12929,11893
2026-04-15 01:00,2026-04-15,1,600000,ОЭС СР. ВОЛГИ,13039,11581
2026-04-15 02:00,2026-04-15,2,600000,ОЭС СР. ВОЛГИ,13036,11440
2026-04-15 03:00,2026-04-15,3,600000,ОЭС СР. ВОЛГИ,13011,11511
2026-04-15 04:00,2026-04-15,4,600000,ОЭС СР. ВОЛГИ,13046,11557
2026-04-15 05:00,2026-04-15,5,600000,ОЭС СР. ВОЛГИ,13172,11658
2026-04-15 06:00,2026-04-15,6,600000,ОЭС СР. ВОЛГИ,13295,12474
2026-04-15 07:00,2026-04-15,7,600000,ОЭС СР. ВОЛГИ,13997,13174
2026-04-15 08:00,2026-04-15,8,600000,ОЭС СР. ВОЛГИ,14108,13960
2026-04-15 09:00,2026-04-15,9,600000,ОЭС СР. ВОЛГИ,14837,14155
2026-04-15 10:00,2026-04-15,10,600000,ОЭС СР. ВОЛГИ,14881,14270
2026-04-15 11:00,2026-04-15,11,600000,ОЭС СР. ВОЛГИ,14516,14041
2026-04-15 12:00,2026-04-15,12,600000,ОЭС СР. ВОЛГИ,14332,13777
2026-04-15 13:00,2026-04-15,13,600000,ОЭС СР. ВОЛГИ,14493,13971
2026-04-15 14:00,2026-04-15,14,600000,ОЭС СР. ВОЛГИ,14499,13874
2026-04-15 15:00,2026-04-15,15,600000,ОЭС СР. ВОЛГИ,14391,13803
2026-04-15 16:00,2026-04-15,16,600000,ОЭС СР. ВОЛГИ,14532,13565
2026-04-15 17:00,2026-04-15,17,600000,ОЭС СР. ВОЛГИ,14403,13368
2026-04-15 18:00,2026-04-15,18,600000,ОЭС СР. ВОЛГИ,14367,13363
2026-04-15 19:00,2026-04-15,19,600000,ОЭС СР. ВОЛГИ,14196,13416
2026-04-15 20:00,2026-04-15,20,600000,ОЭС СР. ВОЛГИ,13820,13757
2026-04-15 21:00,2026-04-15,21,600000,ОЭС СР. ВОЛГИ,13692,13364
2026-04-15 22:00,2026-04-15,22,600000,ОЭС СР. ВОЛГИ,13528,12883
2026-04-15 23:00,2026-04-15,23,600000,ОЭС СР. ВОЛГИ,13172,12238
2026-04-16 00:00,2026-04-16,0,600000,ОЭС СР. ВОЛГИ,13136,11672
2026-04-16 01:00,2026-04-16,1,600000,ОЭС СР. ВОЛГИ,12980,11455
2026-04-16 02:00,2026-04-16,2,600000,ОЭС СР. ВОЛГИ,12927,11405
2026-04-16 03:00,2026-04-16,3,600000,ОЭС СР. ВОЛГИ,12966,11315
2026-04-16 04:00,2026-04-16,4,600000,ОЭС СР. ВОЛГИ,13042,11542
2026-04-16 05:00,2026-04-16,5,600000,ОЭС СР. ВОЛГИ,12969,11570
2026-04-16 06:00,2026-04-16,6,600000,ОЭС СР. ВОЛГИ,12965,12223
2026-04-16 07:00,2026-04-16,7,600000,ОЭС СР. ВОЛГИ,13141,12936
2026-04-16 08:00,2026-04-16,8,600000,ОЭС СР. ВОЛГИ,13456,13698
2026-04-16 09:00,2026-04-16,9,600000,ОЭС СР. ВОЛГИ,14308,14091
2026-04-16 10:00,2026-04-16,10,600000,ОЭС СР. ВОЛГИ,14057,13951
2026-04-16 11:00,2026-04-16,11,600000,ОЭС СР. ВОЛГИ,14036,13859
2026-04-16 12:00,2026-04-16,12,600000,ОЭС СР. ВОЛГИ,13812,13785
2026-04-16 13:00,2026-04-16,13,600000,ОЭС СР. ВОЛГИ,14146,13903
2026-04-16 14:00,2026-04-16,14,600000,ОЭС СР. ВОЛГИ,13703,13603
2026-04-16 15:00,2026-04-16,15,600000,ОЭС СР. ВОЛГИ,14014,13534
2026-04-16 16:00,2026-04-16,16,600000,ОЭС СР. ВОЛГИ,13594,13252
2026-04-16 17:00,2026-04-16,17,600000,ОЭС СР. ВОЛГИ,13400,13365
2026-04-16 18:00,2026-04-16,18,600000,ОЭС СР. ВОЛГИ,13134,13159
2026-04-16 19:00,2026-04-16,19,600000,ОЭС СР. ВОЛГИ,13031,13189
2026-04-16 20:00,2026-04-16,20,600000,ОЭС СР. ВОЛГИ,13216,13623
2026-04-16 21:00,2026-04-16,21,600000,ОЭС СР. ВОЛГИ,12809,13306
2026-04-16 22:00,2026-04-16,22,600000,ОЭС СР. ВОЛГИ,12167,12522
2026-04-16 23:00,2026-04-16,23,600000,ОЭС СР. ВОЛГИ,11776,12067
2026-04-17 00:00,2026-04-17,0,600000,ОЭС СР. ВОЛГИ,11822,11581
2026-04-17 01:00,2026-04-17,1,600000,ОЭС СР. ВОЛГИ,11733,11304
2026-04-17 02:00,2026-04-17,2,600000,ОЭС СР. ВОЛГИ,11697,11286
2026-04-17 03:00,2026-04-17,3,600000,ОЭС СР. ВОЛГИ,11715,11201
2026-04-17 04:00,2026-04-17,4,600000,ОЭС СР. ВОЛГИ,11664,11234
2026-04-17 05:00,2026-04-17,5,600000,ОЭС СР. ВОЛГИ,11591,11391
2026-04-17 06:00,2026-04-17,6,600000,ОЭС СР. ВОЛГИ,11697,12034
2026-04-17 07:00,2026-04-17,7,600000,ОЭС СР. ВОЛГИ,11883,12980
2026-04-17 08:00,2026-04-17,8,600000,ОЭС СР. ВОЛГИ,12493,13585
2026-04-17 09:00,2026-04-17,9,600000,ОЭС СР. ВОЛГИ,13764,13915
2026-04-17 10:00,2026-04-17,10,600000,ОЭС СР. ВОЛГИ,13595,13913
2026-04-17 11:00,2026-04-17,11,600000,ОЭС СР. ВОЛГИ,13380,13809
2026-04-17 12:00,2026-04-17,12,600000,ОЭС СР. ВОЛГИ,13817,13791
2026-04-17 13:00,2026-04-17,13,600000,ОЭС СР. ВОЛГИ,14071,13650
2026-04-17 14:00,2026-04-17,14,600000,ОЭС СР. ВОЛГИ,14187,13731
2026-04-17 15:00,2026-04-17,15,600000,ОЭС СР. ВОЛГИ,14025,13629
2026-04-17 16:00,2026-04-17,16,600000,ОЭС СР. ВОЛГИ,14258,13388
2026-04-17 17:00,2026-04-17,17,600000,ОЭС СР. ВОЛГИ,13825,13222
2026-04-17 18:00,2026-04-17,18,600000,ОЭС СР. ВОЛГИ,12996,13184
2026-04-17 19:00,2026-04-17,19,600000,ОЭС СР. ВОЛГИ,13101,13365
2026-04-17 20:00,2026-04-17,20,600000,ОЭС СР. ВОЛГИ,13090,13404
2026-04-17 21:00,2026-04-17,21,600000,ОЭС СР. ВОЛГИ,13134,13070
2026-04-17 22:00,2026-04-17,22,600000,ОЭС СР. ВОЛГИ,12072,12573
2026-04-17 23:00,2026-04-17,23,600000,ОЭС СР. ВОЛГИ,11764,12132
2026-04-18 00:00,2026-04-18,0,600000,ОЭС СР. ВОЛГИ,11802,11655
2026-04-18 01:00,2026-04-18,1,600000,ОЭС СР. ВОЛГИ,11668,11160
2026-04-18 02:00,2026-04-18,2,600000,ОЭС СР. ВОЛГИ,11622,11293
2026-04-18 03:00,2026-04-18,3,600000,ОЭС СР. ВОЛГИ,11630,11097
2026-04-18 04:00,2026-04-18,4,600000,ОЭС СР. ВОЛГИ,11660,10948
2026-04-18 05:00,2026-04-18,5,600000,ОЭС СР. ВОЛГИ,11666,11134
2026-04-18 06:00,2026-04-18,6,600000,ОЭС СР. ВОЛГИ,11680,11353
2026-04-18 07:00,2026-04-18,7,600000,ОЭС СР. ВОЛГИ,11699,11923
2026-04-18 08:00,2026-04-18,8,600000,ОЭС СР. ВОЛГИ,11732,12436
2026-04-18 09:00,2026-04-18,9,600000,ОЭС СР. ВОЛГИ,12620,13001
2026-04-18 10:00,2026-04-18,10,600000,ОЭС СР. ВОЛГИ,13013,13140
2026-04-18 11:00,2026-04-18,11,600000,ОЭС СР. ВОЛГИ,12875,13026
2026-04-18 12:00,2026-04-18,12,600000,ОЭС СР. ВОЛГИ,12873,13054
2026-04-18 13:00,2026-04-18,13,600000,ОЭС СР. ВОЛГИ,12605,13019
2026-04-18 14:00,2026-04-18,14,600000,ОЭС СР. ВОЛГИ,12633,12892
2026-04-18 15:00,2026-04-18,15,600000,ОЭС СР. ВОЛГИ,12845,12874
2026-04-18 16:00,2026-04-18,16,600000,ОЭС СР. ВОЛГИ,12740,12889
2026-04-18 17:00,2026-04-18,17,600000,ОЭС СР. ВОЛГИ,12597,12865
2026-04-18 18:00,2026-04-18,18,600000,ОЭС СР. ВОЛГИ,12526,12872
2026-04-18 19:00,2026-04-18,19,600000,ОЭС СР. ВОЛГИ,12519,13004
2026-04-18 20:00,2026-04-18,20,600000,ОЭС СР. ВОЛГИ,12985,13108
2026-04-18 21:00,2026-04-18,21,600000,ОЭС СР. ВОЛГИ,12666,12710
2026-04-18 22:00,2026-04-18,22,600000,ОЭС СР. ВОЛГИ,11809,12171
2026-04-18 23:00,2026-04-18,23,600000,ОЭС СР. ВОЛГИ,11680,11854
2026-04-19 00:00,2026-04-19,0,600000,ОЭС СР. ВОЛГИ,11654,11412
2026-04-19 01:00,2026-04-19,1,600000,ОЭС СР. ВОЛГИ,11593,11053
2026-04-19 02:00,2026-04-19,2,600000,ОЭС СР. ВОЛГИ,11644,10994
2026-04-19 03:00,2026-04-19,3,600000,ОЭС СР. ВОЛГИ,11631,10881
2026-04-19 04:00,2026-04-19,4,600000,ОЭС СР. ВОЛГИ,11528,10828
2026-04-19 05:00,2026-04-19,5,600000,ОЭС СР. ВОЛГИ,11489,10814
2026-04-19 06:00,2026-04-19,6,600000,ОЭС СР. ВОЛГИ,11642,11144
2026-04-19 07:00,2026-04-19,7,600000,ОЭС СР. ВОЛГИ,11662,11265
2026-04-19 08:00,2026-04-19,8,600000,ОЭС СР. ВОЛГИ,11680,12049
2026-04-19 09:00,2026-04-19,9,600000,ОЭС СР. ВОЛГИ,11634,12388
2026-04-19 10:00,2026-04-19,10,600000,ОЭС СР. ВОЛГИ,12328,12703
2026-04-19 11:00,2026-04-19,11,600000,ОЭС СР. ВОЛГИ,12638,12718
2026-04-19 12:00,2026-04-19,12,600000,ОЭС СР. ВОЛГИ,12905,12897
2026-04-19 13:00,2026-04-19,13,600000,ОЭС СР. ВОЛГИ,12708,12811
2026-04-19 14:00,2026-04-19,14,600000,ОЭС СР. ВОЛГИ,12992,12746
2026-04-19 15:00,2026-04-19,15,600000,ОЭС СР. ВОЛГИ,12730,12703
2026-04-19 16:00,2026-04-19,16,600000,ОЭС СР. ВОЛГИ,12483,12895
2026-04-19 17:00,2026-04-19,17,600000,ОЭС СР. ВОЛГИ,12365,13008
2026-04-19 18:00,2026-04-19,18,600000,ОЭС СР. ВОЛГИ,12779,13042
2026-04-19 19:00,2026-04-19,19,600000,ОЭС СР. ВОЛГИ,13009,13263
2026-04-19 20:00,2026-04-19,20,600000,ОЭС СР. ВОЛГИ,13041,13324
2026-04-19 21:00,2026-04-19,21,600000,ОЭС СР. ВОЛГИ,12658,13007
2026-04-19 22:00,2026-04-19,22,600000,ОЭС СР. ВОЛГИ,12093,12334
2026-04-19 23:00,2026-04-19,23,600000,ОЭС СР. ВОЛГИ,11728,11759
2026-04-20 00:00,2026-04-20,0,600000,ОЭС СР. ВОЛГИ,12084,11415
2026-04-20 01:00,2026-04-20,1,600000,ОЭС СР. ВОЛГИ,12194,11066
2026-04-20 02:00,2026-04-20,2,600000,ОЭС СР. ВОЛГИ,12373,11081
2026-04-20 03:00,2026-04-20,3,600000,ОЭС СР. ВОЛГИ,12416,11088
2026-04-20 04:00,2026-04-20,4,600000,ОЭС СР. ВОЛГИ,12475,11211
2026-04-20 05:00,2026-04-20,5,600000,ОЭС СР. ВОЛГИ,12539,11314
2026-04-20 06:00,2026-04-20,6,600000,ОЭС СР. ВОЛГИ,12741,12183
2026-04-20 07:00,2026-04-20,7,600000,ОЭС СР. ВОЛГИ,13085,13277
2026-04-20 08:00,2026-04-20,8,600000,ОЭС СР. ВОЛГИ,13692,13930
2026-04-20 09:00,2026-04-20,9,600000,ОЭС СР. ВОЛГИ,14371,14434
2026-04-20 10:00,2026-04-20,10,600000,ОЭС СР. ВОЛГИ,14509,14469
2026-04-20 11:00,2026-04-20,11,600000,ОЭС СР. ВОЛГИ,14468,14237
2026-04-20 12:00,2026-04-20,12,600000,ОЭС СР. ВОЛГИ,14508,14404
2026-04-20 13:00,2026-04-20,13,600000,ОЭС СР. ВОЛГИ,14439,14394
2026-04-20 14:00,2026-04-20,14,600000,ОЭС СР. ВОЛГИ,14436,14317
2026-04-20 15:00,2026-04-20,15,600000,ОЭС СР. ВОЛГИ,14349,13938
2026-04-20 16:00,2026-04-20,16,600000,ОЭС СР. ВОЛГИ,14248,13919
2026-04-20 17:00,2026-04-20,17,600000,ОЭС СР. ВОЛГИ,13914,13750
2026-04-20 18:00,2026-04-20,18,600000,ОЭС СР. ВОЛГИ,13855,13682
2026-04-20 19:00,2026-04-20,19,600000,ОЭС СР. ВОЛГИ,13701,13726
2026-04-20 20:00,2026-04-20,20,600000,ОЭС СР. ВОЛГИ,13753,13766
2026-04-20 21:00,2026-04-20,21,600000,ОЭС СР. ВОЛГИ,13697,13533
2026-04-20 22:00,2026-04-20,22,600000,ОЭС СР. ВОЛГИ,13044,12777
2026-04-20 23:00,2026-04-20,23,600000,ОЭС СР. ВОЛГИ,12968,12245
2026-04-21 00:00,2026-04-21,0,600000,ОЭС СР. ВОЛГИ,12840,11829
2026-04-21 01:00,2026-04-21,1,600000,ОЭС СР. ВОЛГИ,12911,11604
2026-04-21 02:00,2026-04-21,2,600000,ОЭС СР. ВОЛГИ,12857,11281
2026-04-21 03:00,2026-04-21,3,600000,ОЭС СР. ВОЛГИ,12814,11413
2026-04-21 04:00,2026-04-21,4,600000,ОЭС СР. ВОЛГИ,12818,11449
2026-04-21 05:00,2026-04-21,5,600000,ОЭС СР. ВОЛГИ,12954,11562
2026-04-21 06:00,2026-04-21,6,600000,ОЭС СР. ВОЛГИ,12969,12140
2026-04-21 07:00,2026-04-21,7,600000,ОЭС СР. ВОЛГИ,13108,12926
2026-04-21 08:00,2026-04-21,8,600000,ОЭС СР. ВОЛГИ,13702,13786
2026-04-21 09:00,2026-04-21,9,600000,ОЭС СР. ВОЛГИ,14094,14142
2026-04-21 10:00,2026-04-21,10,600000,ОЭС СР. ВОЛГИ,14166,14147
2026-04-21 11:00,2026-04-21,11,600000,ОЭС СР. ВОЛГИ,14032,14103
2026-04-21 12:00,2026-04-21,12,600000,ОЭС СР. ВОЛГИ,13798,14009
2026-04-21 13:00,2026-04-21,13,600000,ОЭС СР. ВОЛГИ,13768,14125
2026-04-21 14:00,2026-04-21,14,600000,ОЭС СР. ВОЛГИ,14103,14116
2026-04-21 15:00,2026-04-21,15,600000,ОЭС СР. ВОЛГИ,14193,13956
2026-04-21 16:00,2026-04-21,16,600000,ОЭС СР. ВОЛГИ,14201,13731
2026-04-21 17:00,2026-04-21,17,600000,ОЭС СР. ВОЛГИ,14117,13730
2026-04-21 18:00,2026-04-21,18,600000,ОЭС СР. ВОЛГИ,14030,13669
2026-04-21 19:00,2026-04-21,19,600000,ОЭС СР. ВОЛГИ,14074,13569
2026-04-21 20:00,2026-04-21,20,600000,ОЭС СР. ВОЛГИ,14087,13840
2026-04-21 21:00,2026-04-21,21,600000,ОЭС СР. ВОЛГИ,13450,13507
2026-04-21 22:00,2026-04-21,22,600000,ОЭС СР. ВОЛГИ,13041,12972
2026-04-21 23:00,2026-04-21,23,600000,ОЭС СР. ВОЛГИ,12902,12288
2026-04-22 00:00,2026-04-22,0,600000,ОЭС СР. ВОЛГИ,12881,11843
2026-04-22 01:00,2026-04-22,1,600000,ОЭС СР. ВОЛГИ,12585,11591
2026-04-22 02:00,2026-04-22,2,600000,ОЭС СР. ВОЛГИ,12567,11508
2026-04-22 03:00,2026-04-22,3,600000,ОЭС СР. ВОЛГИ,12567,11303
2026-04-22 04:00,2026-04-22,4,600000,ОЭС СР. ВОЛГИ,12555,11575
2026-04-22 05:00,2026-04-22,5,600000,ОЭС СР. ВОЛГИ,12755,11724
2026-04-22 06:00,2026-04-22,6,600000,ОЭС СР. ВОЛГИ,12766,12490
2026-04-22 07:00,2026-04-22,7,600000,ОЭС СР. ВОЛГИ,13044,13282
2026-04-22 08:00,2026-04-22,8,600000,ОЭС СР. ВОЛГИ,13457,14117
2026-04-22 09:00,2026-04-22,9,600000,ОЭС СР. ВОЛГИ,14498,14347
2026-04-22 10:00,2026-04-22,10,600000,ОЭС СР. ВОЛГИ,14608,14429
2026-04-22 11:00,2026-04-22,11,600000,ОЭС СР. ВОЛГИ,14062,14385
2026-04-22 12:00,2026-04-22,12,600000,ОЭС СР. ВОЛГИ,13660,14238
2026-04-22 13:00,2026-04-22,13,600000,ОЭС СР. ВОЛГИ,13536,14162
2026-04-22 14:00,2026-04-22,14,600000,ОЭС СР. ВОЛГИ,13573,14232
2026-04-22 15:00,2026-04-22,15,600000,ОЭС СР. ВОЛГИ,13811,14158
2026-04-22 16:00,2026-04-22,16,600000,ОЭС СР. ВОЛГИ,14146,13832
2026-04-22 17:00,2026-04-22,17,600000,ОЭС СР. ВОЛГИ,13760,13746
2026-04-22 18:00,2026-04-22,18,600000,ОЭС СР. ВОЛГИ,13834,13507
2026-04-22 19:00,2026-04-22,19,600000,ОЭС СР. ВОЛГИ,13963,13577
2026-04-22 20:00,2026-04-22,20,600000,ОЭС СР. ВОЛГИ,14025,13838
2026-04-22 21:00,2026-04-22,21,600000,ОЭС СР. ВОЛГИ,13110,13426
2026-04-22 22:00,2026-04-22,22,600000,ОЭС СР. ВОЛГИ,12793,13022
2026-04-22 23:00,2026-04-22,23,600000,ОЭС СР. ВОЛГИ,12666,12356
2026-04-23 00:00,2026-04-23,0,600000,ОЭС СР. ВОЛГИ,12585,11763
2026-04-23 01:00,2026-04-23,1,600000,ОЭС СР. ВОЛГИ,12554,11676
2026-04-23 02:00,2026-04-23,2,600000,ОЭС СР. ВОЛГИ,12553,11409
2026-04-23 03:00,2026-04-23,3,600000,ОЭС СР. ВОЛГИ,12588,11395
2026-04-23 04:00,2026-04-23,4,600000,ОЭС СР. ВОЛГИ,12721,11401
2026-04-23 05:00,2026-04-23,5,600000,ОЭС СР. ВОЛГИ,12800,11672
2026-04-23 06:00,2026-04-23,6,600000,ОЭС СР. ВОЛГИ,12813,12374
2026-04-23 07:00,2026-04-23,7,600000,ОЭС СР. ВОЛГИ,12940,13056
2026-04-23 08:00,2026-04-23,8,600000,ОЭС СР. ВОЛГИ,13717,13793
2026-04-23 09:00,2026-04-23,9,600000,ОЭС СР. ВОЛГИ,14236,14174
2026-04-23 10:00,2026-04-23,10,600000,ОЭС СР. ВОЛГИ,14198,14224
2026-04-23 11:00,2026-04-23,11,600000,ОЭС СР. ВОЛГИ,14317,14115
2026-04-23 12:00,2026-04-23,12,600000,ОЭС СР. ВОЛГИ,14338,13970
2026-04-23 13:00,2026-04-23,13,600000,ОЭС СР. ВОЛГИ,14395,14062
2026-04-23 14:00,2026-04-23,14,600000,ОЭС СР. ВОЛГИ,14344,13908
2026-04-23 15:00,2026-04-23,15,600000,ОЭС СР. ВОЛГИ,14528,13708
2026-04-23 16:00,2026-04-23,16,600000,ОЭС СР. ВОЛГИ,14707,13533
2026-04-23 17:00,2026-04-23,17,600000,ОЭС СР. ВОЛГИ,13895,13527
2026-04-23 18:00,2026-04-23,18,600000,ОЭС СР. ВОЛГИ,14200,13401
2026-04-23 19:00,2026-04-23,19,600000,ОЭС СР. ВОЛГИ,14180,13447
2026-04-23 20:00,2026-04-23,20,600000,ОЭС СР. ВОЛГИ,14486,13732
2026-04-23 21:00,2026-04-23,21,600000,ОЭС СР. ВОЛГИ,13931,13376
2026-04-23 22:00,2026-04-23,22,600000,ОЭС СР. ВОЛГИ,13151,12931
2026-04-23 23:00,2026-04-23,23,600000,ОЭС СР. ВОЛГИ,13026,12218
2026-04-24 00:00,2026-04-24,0,600000,ОЭС СР. ВОЛГИ,13016,11645
2026-04-24 01:00,2026-04-24,1,600000,ОЭС СР. ВОЛГИ,12959,11406
2026-04-24 02:00,2026-04-24,2,600000,ОЭС СР. ВОЛГИ,12845,11415
2026-04-24 03:00,2026-04-24,3,600000,ОЭС СР. ВОЛГИ,12837,11335
2026-04-24 04:00,2026-04-24,4,600000,ОЭС СР. ВОЛГИ,12918,11381
2026-04-24 05:00,2026-04-24,5,600000,ОЭС СР. ВОЛГИ,12971,11547
2026-04-24 06:00,2026-04-24,6,600000,ОЭС СР. ВОЛГИ,13085,12331
2026-04-24 07:00,2026-04-24,7,600000,ОЭС СР. ВОЛГИ,13143,13232
2026-04-24 08:00,2026-04-24,8,600000,ОЭС СР. ВОЛГИ,13919,13988
2026-04-24 09:00,2026-04-24,9,600000,ОЭС СР. ВОЛГИ,14749,14298
2026-04-24 10:00,2026-04-24,10,600000,ОЭС СР. ВОЛГИ,14926,14361
2026-04-24 11:00,2026-04-24,11,600000,ОЭС СР. ВОЛГИ,14540,14249
2026-04-24 12:00,2026-04-24,12,600000,ОЭС СР. ВОЛГИ,14730,14169
2026-04-24 13:00,2026-04-24,13,600000,ОЭС СР. ВОЛГИ,14880,14237
2026-04-24 14:00,2026-04-24,14,600000,ОЭС СР. ВОЛГИ,14449,14094
2026-04-24 15:00,2026-04-24,15,600000,ОЭС СР. ВОЛГИ,14712,13959
2026-04-24 16:00,2026-04-24,16,600000,ОЭС СР. ВОЛГИ,14561,13733
2026-04-24 17:00,2026-04-24,17,600000,ОЭС СР. ВОЛГИ,14586,13598
2026-04-24 18:00,2026-04-24,18,600000,ОЭС СР. ВОЛГИ,14526,13747
2026-04-24 19:00,2026-04-24,19,600000,ОЭС СР. ВОЛГИ,14523,13659
2026-04-24 20:00,2026-04-24,20,600000,ОЭС СР. ВОЛГИ,14400,13880
2026-04-24 21:00,2026-04-24,21,600000,ОЭС СР. ВОЛГИ,14095,13651
2026-04-24 22:00,2026-04-24,22,600000,ОЭС СР. ВОЛГИ,13425,13232
2026-04-24 23:00,2026-04-24,23,600000,ОЭС СР. ВОЛГИ,13217,12620
2026-04-25 00:00,2026-04-25,0,600000,ОЭС СР. ВОЛГИ,13172,12067
2026-04-25 01:00,2026-04-25,1,600000,ОЭС СР. ВОЛГИ,13012,11694
2026-04-25 02:00,2026-04-25,2,600000,ОЭС СР. ВОЛГИ,12772,11436
2026-04-25 03:00,2026-04-25,3,600000,ОЭС СР. ВОЛГИ,12769,11443
2026-04-25 04:00,2026-04-25,4,600000,ОЭС СР. ВОЛГИ,12721,11466
2026-04-25 05:00,2026-04-25,5,600000,ОЭС СР. ВОЛГИ,12807,11377
2026-04-25 06:00,2026-04-25,6,600000,ОЭС СР. ВОЛГИ,12734,11882
2026-04-25 07:00,2026-04-25,7,600000,ОЭС СР. ВОЛГИ,12758,12403
2026-04-25 08:00,2026-04-25,8,600000,ОЭС СР. ВОЛГИ,12988,13256
2026-04-25 09:00,2026-04-25,9,600000,ОЭС СР. ВОЛГИ,13737,13650
2026-04-25 10:00,2026-04-25,10,600000,ОЭС СР. ВОЛГИ,13681,13948
2026-04-25 11:00,2026-04-25,11,600000,ОЭС СР. ВОЛГИ,13576,14070
2026-04-25 12:00,2026-04-25,12,600000,ОЭС СР. ВОЛГИ,13650,13919
2026-04-25 13:00,2026-04-25,13,600000,ОЭС СР. ВОЛГИ,13701,13801
2026-04-25 14:00,2026-04-25,14,600000,ОЭС СР. ВОЛГИ,13833,13692
2026-04-25 15:00,2026-04-25,15,600000,ОЭС СР. ВОЛГИ,13576,13615
2026-04-25 16:00,2026-04-25,16,600000,ОЭС СР. ВОЛГИ,13785,13747
2026-04-25 17:00,2026-04-25,17,600000,ОЭС СР. ВОЛГИ,13800,13559
2026-04-25 18:00,2026-04-25,18,600000,ОЭС СР. ВОЛГИ,13805,13554
2026-04-25 19:00,2026-04-25,19,600000,ОЭС СР. ВОЛГИ,14095,13526
2026-04-25 20:00,2026-04-25,20,600000,ОЭС СР. ВОЛГИ,13953,13686
2026-04-25 21:00,2026-04-25,21,600000,ОЭС СР. ВОЛГИ,13580,13340
2026-04-25 22:00,2026-04-25,22,600000,ОЭС СР. ВОЛГИ,13199,12935
2026-04-25 23:00,2026-04-25,23,600000,ОЭС СР. ВОЛГИ,12693,12327
2026-04-26 00:00,2026-04-26,0,600000,ОЭС СР. ВОЛГИ,12595,11863
2026-04-26 01:00,2026-04-26,1,600000,ОЭС СР. ВОЛГИ,12449,11554
2026-04-26 02:00,2026-04-26,2,600000,ОЭС СР. ВОЛГИ,12454,11469
2026-04-26 03:00,2026-04-26,3,600000,ОЭС СР. ВОЛГИ,12381,11227
2026-04-26 04:00,2026-04-26,4,600000,ОЭС СР. ВОЛГИ,12405,11301
2026-04-26 05:00,2026-04-26,5,600000,ОЭС СР. ВОЛГИ,12484,11327
2026-04-26 06:00,2026-04-26,6,600000,ОЭС СР. ВОЛГИ,12490,11562
2026-04-26 07:00,2026-04-26,7,600000,ОЭС СР. ВОЛГИ,12508,11850
2026-04-26 08:00,2026-04-26,8,600000,ОЭС СР. ВОЛГИ,12652,12309
2026-04-26 09:00,2026-04-26,9,600000,ОЭС СР. ВОЛГИ,12748,12946
2026-04-26 10:00,2026-04-26,10,600000,ОЭС СР. ВОЛГИ,13260,13189
2026-04-26 11:00,2026-04-26,11,600000,ОЭС СР. ВОЛГИ,13330,12966
2026-04-26 12:00,2026-04-26,12,600000,ОЭС СР. ВОЛГИ,13443,13082
2026-04-26 13:00,2026-04-26,13,600000,ОЭС СР. ВОЛГИ,13323,13116
2026-04-26 14:00,2026-04-26,14,600000,ОЭС СР. ВОЛГИ,13045,13019
2026-04-26 15:00,2026-04-26,15,600000,ОЭС СР. ВОЛГИ,12866,13089
2026-04-26 16:00,2026-04-26,16,600000,ОЭС СР. ВОЛГИ,12743,13148
2026-04-26 17:00,2026-04-26,17,600000,ОЭС СР. ВОЛГИ,12875,13173
2026-04-26 18:00,2026-04-26,18,600000,ОЭС СР. ВОЛГИ,13539,13272
2026-04-26 19:00,2026-04-26,19,600000,ОЭС СР. ВОЛГИ,13457,13237
2026-04-26 20:00,2026-04-26,20,600000,ОЭС СР. ВОЛГИ,13306,13625
2026-04-26 21:00,2026-04-26,21,600000,ОЭС СР. ВОЛГИ,13341,13331
2026-04-26 22:00,2026-04-26,22,600000,ОЭС СР. ВОЛГИ,13096,12705
2026-04-26 23:00,2026-04-26,23,600000,ОЭС СР. ВОЛГИ,12934,12145
2026-04-27 00:00,2026-04-27,0,600000,ОЭС СР. ВОЛГИ,13002,11689
2026-04-27 01:00,2026-04-27,1,600000,ОЭС СР. ВОЛГИ,12952,11356
2026-04-27 02:00,2026-04-27,2,600000,ОЭС СР. ВОЛГИ,12951,11232
2026-04-27 03:00,2026-04-27,3,600000,ОЭС СР. ВОЛГИ,12906,11257
2026-04-27 04:00,2026-04-27,4,600000,ОЭС СР. ВОЛГИ,12965,11338
2026-04-27 05:00,2026-04-27,5,600000,ОЭС СР. ВОЛГИ,12977,11329
2026-04-27 06:00,2026-04-27,6,600000,ОЭС СР. ВОЛГИ,13075,12123
2026-04-27 07:00,2026-04-27,7,600000,ОЭС СР. ВОЛГИ,13266,12993
2026-04-27 08:00,2026-04-27,8,600000,ОЭС СР. ВОЛГИ,13854,14126
2026-04-27 09:00,2026-04-27,9,600000,ОЭС СР. ВОЛГИ,14273,14568
2026-04-27 10:00,2026-04-27,10,600000,ОЭС СР. ВОЛГИ,14121,14715
2026-04-27 11:00,2026-04-27,11,600000,ОЭС СР. ВОЛГИ,13584,14272
2026-04-27 12:00,2026-04-27,12,600000,ОЭС СР. ВОЛГИ,13793,14308
2026-04-27 13:00,2026-04-27,13,600000,ОЭС СР. ВОЛГИ,14096,14460
2026-04-27 14:00,2026-04-27,14,600000,ОЭС СР. ВОЛГИ,13922,14379
2026-04-27 15:00,2026-04-27,15,600000,ОЭС СР. ВОЛГИ,14345,14274
2026-04-27 16:00,2026-04-27,16,600000,ОЭС СР. ВОЛГИ,14308,14073
2026-04-27 17:00,2026-04-27,17,600000,ОЭС СР. ВОЛГИ,14418,13847
2026-04-27 18:00,2026-04-27,18,600000,ОЭС СР. ВОЛГИ,14262,13910
2026-04-27 19:00,2026-04-27,19,600000,ОЭС СР. ВОЛГИ,14311,13766
2026-04-27 20:00,2026-04-27,20,600000,ОЭС СР. ВОЛГИ,14360,14123
2026-04-27 21:00,2026-04-27,21,600000,ОЭС СР. ВОЛГИ,14050,13595
2026-04-27 22:00,2026-04-27,22,600000,ОЭС СР. ВОЛГИ,13580,13132
2026-04-27 23:00,2026-04-27,23,600000,ОЭС СР. ВОЛГИ,13344,12588
2026-04-28 00:00,2026-04-28,0,600000,ОЭС СР. ВОЛГИ,13304,12086
2026-04-28 01:00,2026-04-28,1,600000,ОЭС СР. ВОЛГИ,13227,11798
2026-04-28 02:00,2026-04-28,2,600000,ОЭС СР. ВОЛГИ,13207,11765
2026-04-28 03:00,2026-04-28,3,600000,ОЭС СР. ВОЛГИ,13195,11757
2026-04-28 04:00,2026-04-28,4,600000,ОЭС СР. ВОЛГИ,13212,11590
2026-04-28 05:00,2026-04-28,5,600000,ОЭС СР. ВОЛГИ,13209,11854
2026-04-28 06:00,2026-04-28,6,600000,ОЭС СР. ВОЛГИ,13284,12503
2026-04-28 07:00,2026-04-28,7,600000,ОЭС СР. ВОЛГИ,13471,13377
2026-04-28 08:00,2026-04-28,8,600000,ОЭС СР. ВОЛГИ,14139,14137
2026-04-28 09:00,2026-04-28,9,600000,ОЭС СР. ВОЛГИ,14458,14504
2026-04-28 10:00,2026-04-28,10,600000,ОЭС СР. ВОЛГИ,14455,14573
2026-04-28 11:00,2026-04-28,11,600000,ОЭС СР. ВОЛГИ,14344,14523
2026-04-28 12:00,2026-04-28,12,600000,ОЭС СР. ВОЛГИ,14159,14379
2026-04-28 13:00,2026-04-28,13,600000,ОЭС СР. ВОЛГИ,14239,14540
2026-04-28 14:00,2026-04-28,14,600000,ОЭС СР. ВОЛГИ,14385,14421
2026-04-28 15:00,2026-04-28,15,600000,ОЭС СР. ВОЛГИ,14289,14262
2026-04-28 16:00,2026-04-28,16,600000,ОЭС СР. ВОЛГИ,14584,14045
2026-04-28 17:00,2026-04-28,17,600000,ОЭС СР. ВОЛГИ,14230,13972
2026-04-28 18:00,2026-04-28,18,600000,ОЭС СР. ВОЛГИ,14104,13889
2026-04-28 19:00,2026-04-28,19,600000,ОЭС СР. ВОЛГИ,14273,13620
2026-04-28 20:00,2026-04-28,20,600000,ОЭС СР. ВОЛГИ,14331,14074
2026-04-28 21:00,2026-04-28,21,600000,ОЭС СР. ВОЛГИ,14499,13636
2026-04-28 22:00,2026-04-28,22,600000,ОЭС СР. ВОЛГИ,13588,13303
2026-04-28 23:00,2026-04-28,23,600000,ОЭС СР. ВОЛГИ,13308,12473
2026-04-29 00:00,2026-04-29,0,600000,ОЭС СР. ВОЛГИ,13229,12062
2026-04-29 01:00,2026-04-29,1,600000,ОЭС СР. ВОЛГИ,13208,11792
2026-04-29 02:00,2026-04-29,2,600000,ОЭС СР. ВОЛГИ,13165,11610
2026-04-29 03:00,2026-04-29,3,600000,ОЭС СР. ВОЛГИ,13101,11522
2026-04-29 04:00,2026-04-29,4,600000,ОЭС СР. ВОЛГИ,13150,11582
2026-04-29 05:00,2026-04-29,5,600000,ОЭС СР. ВОЛГИ,13237,11936
2026-04-29 06:00,2026-04-29,6,600000,ОЭС СР. ВОЛГИ,13273,12485
2026-04-29 07:00,2026-04-29,7,600000,ОЭС СР. ВОЛГИ,13432,13214
2026-04-29 08:00,2026-04-29,8,600000,ОЭС СР. ВОЛГИ,14188,13940
2026-04-29 09:00,2026-04-29,9,600000,ОЭС СР. ВОЛГИ,14492,14305
2026-04-29 10:00,2026-04-29,10,600000,ОЭС СР. ВОЛГИ,14402,14277
2026-04-29 11:00,2026-04-29,11,600000,ОЭС СР. ВОЛГИ,14431,14132
2026-04-29 12:00,2026-04-29,12,600000,ОЭС СР. ВОЛГИ,14178,14119
2026-04-29 13:00,2026-04-29,13,600000,ОЭС СР. ВОЛГИ,14091,14199
2026-04-29 14:00,2026-04-29,14,600000,ОЭС СР. ВОЛГИ,14444,14130
2026-04-29 15:00,2026-04-29,15,600000,ОЭС СР. ВОЛГИ,14603,14031
2026-04-29 16:00,2026-04-29,16,600000,ОЭС СР. ВОЛГИ,14544,13855
2026-04-29 17:00,2026-04-29,17,600000,ОЭС СР. ВОЛГИ,14439,13611
2026-04-29 18:00,2026-04-29,18,600000,ОЭС СР. ВОЛГИ,14543,13420
2026-04-29 19:00,2026-04-29,19,600000,ОЭС СР. ВОЛГИ,14308,13522
2026-04-29 20:00,2026-04-29,20,600000,ОЭС СР. ВОЛГИ,14546,13873
2026-04-29 21:00,2026-04-29,21,600000,ОЭС СР. ВОЛГИ,14238,13476
2026-04-29 22:00,2026-04-29,22,600000,ОЭС СР. ВОЛГИ,13339,13009
2026-04-29 23:00,2026-04-29,23,600000,ОЭС СР. ВОЛГИ,13287,12274
2026-04-30 00:00,2026-04-30,0,600000,ОЭС СР. ВОЛГИ,13280,11931
2026-04-30 01:00,2026-04-30,1,600000,ОЭС СР. ВОЛГИ,13142,11688
2026-04-30 02:00,2026-04-30,2,600000,ОЭС СР. ВОЛГИ,13142,11407
2026-04-30 03:00,2026-04-30,3,600000,ОЭС СР. ВОЛГИ,13159,11441
2026-04-30 04:00,2026-04-30,4,600000,ОЭС СР. ВОЛГИ,13161,11453
2026-04-30 05:00,2026-04-30,5,600000,ОЭС СР. ВОЛГИ,13169,11710
2026-04-30 06:00,2026-04-30,6,600000,ОЭС СР. ВОЛГИ,13291,12280
2026-04-30 07:00,2026-04-30,7,600000,ОЭС СР. ВОЛГИ,13511,12999
2026-04-30 08:00,2026-04-30,8,600000,ОЭС СР. ВОЛГИ,13903,13601
2026-04-30 09:00,2026-04-30,9,600000,ОЭС СР. ВОЛГИ,14432,14100
2026-04-30 10:00,2026-04-30,10,600000,ОЭС СР. ВОЛГИ,14302,14112
2026-04-30 11:00,2026-04-30,11,600000,ОЭС СР. ВОЛГИ,13907,13985
2026-04-30 12:00,2026-04-30,12,600000,ОЭС СР. ВОЛГИ,13605,13865
2026-04-30 13:00,2026-04-30,13,600000,ОЭС СР. ВОЛГИ,13846,13763
2026-04-30 14:00,2026-04-30,14,600000,ОЭС СР. ВОЛГИ,13927,13548
2026-04-30 15:00,2026-04-30,15,600000,ОЭС СР. ВОЛГИ,13840,13430
2026-04-30 16:00,2026-04-30,16,600000,ОЭС СР. ВОЛГИ,13367,13362
2026-04-30 17:00,2026-04-30,17,600000,ОЭС СР. ВОЛГИ,13142,13246
2026-04-30 18:00,2026-04-30,18,600000,ОЭС СР. ВОЛГИ,13135,13095
2026-04-30 19:00,2026-04-30,19,600000,ОЭС СР. ВОЛГИ,13400,13157
2026-04-30 20:00,2026-04-30,20,600000,ОЭС СР. ВОЛГИ,13576,13449
2026-04-30 21:00,2026-04-30,21,600000,ОЭС СР. ВОЛГИ,13662,13121
2026-04-30 22:00,2026-04-30,22,600000,ОЭС СР. ВОЛГИ,13230,12856
2026-04-30 23:00,2026-04-30,23,600000,ОЭС СР. ВОЛГИ,12761,12156
2026-05-01 00:00,2026-05-01,0,600000,ОЭС СР. ВОЛГИ,12624,11731
2026-05-01 01:00,2026-05-01,1,600000,ОЭС СР. ВОЛГИ,12201,11430
2026-05-01 02:00,2026-05-01,2,600000,ОЭС СР. ВОЛГИ,12030,11342
2026-05-01 03:00,2026-05-01,3,600000,ОЭС СР. ВОЛГИ,12045,11214
2026-05-01 04:00,2026-05-01,4,600000,ОЭС СР. ВОЛГИ,12173,11012
2026-05-01 05:00,2026-05-01,5,600000,ОЭС СР. ВОЛГИ,12254,11173
2026-05-01 06:00,2026-05-01,6,600000,ОЭС СР. ВОЛГИ,12407,11465
2026-05-01 07:00,2026-05-01,7,600000,ОЭС СР. ВОЛГИ,12444,11805
2026-05-01 08:00,2026-05-01,8,600000,ОЭС СР. ВОЛГИ,12676,12425
2026-05-01 09:00,2026-05-01,9,600000,ОЭС СР. ВОЛГИ,12921,12794
2026-05-01 10:00,2026-05-01,10,600000,ОЭС СР. ВОЛГИ,13094,13078
2026-05-01 11:00,2026-05-01,11,600000,ОЭС СР. ВОЛГИ,13408,13199
2026-05-01 12:00,2026-05-01,12,600000,ОЭС СР. ВОЛГИ,13435,13306
2026-05-01 13:00,2026-05-01,13,600000,ОЭС СР. ВОЛГИ,13401,13287
2026-05-01 14:00,2026-05-01,14,600000,ОЭС СР. ВОЛГИ,13417,13110
2026-05-01 15:00,2026-05-01,15,600000,ОЭС СР. ВОЛГИ,13299,12971
2026-05-01 16:00,2026-05-01,16,600000,ОЭС СР. ВОЛГИ,12779,12959
2026-05-01 17:00,2026-05-01,17,600000,ОЭС СР. ВОЛГИ,12583,12830
2026-05-01 18:00,2026-05-01,18,600000,ОЭС СР. ВОЛГИ,12580,12915
2026-05-01 19:00,2026-05-01,19,600000,ОЭС СР. ВОЛГИ,13179,12932
2026-05-01 20:00,2026-05-01,20,600000,ОЭС СР. ВОЛГИ,12796,13105
2026-05-01 21:00,2026-05-01,21,600000,ОЭС СР. ВОЛГИ,12432,12975
2026-05-01 22:00,2026-05-01,22,600000,ОЭС СР. ВОЛГИ,12309,12436
2026-05-01 23:00,2026-05-01,23,600000,ОЭС СР. ВОЛГИ,12170,12057
2026-05-02 00:00,2026-05-02,0,600000,ОЭС СР. ВОЛГИ,11978,11511
2026-05-02 01:00,2026-05-02,1,600000,ОЭС СР. ВОЛГИ,11216,11135
2026-05-02 02:00,2026-05-02,2,600000,ОЭС СР. ВОЛГИ,11185,11118
2026-05-02 03:00,2026-05-02,3,600000,ОЭС СР. ВОЛГИ,11228,11119
2026-05-02 04:00,2026-05-02,4,600000,ОЭС СР. ВОЛГИ,11221,10833
2026-05-02 05:00,2026-05-02,5,600000,ОЭС СР. ВОЛГИ,11253,11043
2026-05-02 06:00,2026-05-02,6,600000,ОЭС СР. ВОЛГИ,11275,11347
2026-05-02 07:00,2026-05-02,7,600000,ОЭС СР. ВОЛГИ,11381,11634
2026-05-02 08:00,2026-05-02,8,600000,ОЭС СР. ВОЛГИ,11515,12013
2026-05-02 09:00,2026-05-02,9,600000,ОЭС СР. ВОЛГИ,11468,12538
2026-05-02 10:00,2026-05-02,10,600000,ОЭС СР. ВОЛГИ,11650,12552
2026-05-02 11:00,2026-05-02,11,600000,ОЭС СР. ВОЛГИ,11616,12765
2026-05-02 12:00,2026-05-02,12,600000,ОЭС СР. ВОЛГИ,11453,12615
2026-05-02 13:00,2026-05-02,13,600000,ОЭС СР. ВОЛГИ,11446,12470
2026-05-02 14:00,2026-05-02,14,600000,ОЭС СР. ВОЛГИ,11646,12537
2026-05-02 15:00,2026-05-02,15,600000,ОЭС СР. ВОЛГИ,11616,12501
2026-05-02 16:00,2026-05-02,16,600000,ОЭС СР. ВОЛГИ,11609,12355
2026-05-02 17:00,2026-05-02,17,600000,ОЭС СР. ВОЛГИ,11625,12320
2026-05-02 18:00,2026-05-02,18,600000,ОЭС СР. ВОЛГИ,11685,12409
2026-05-02 19:00,2026-05-02,19,600000,ОЭС СР. ВОЛГИ,11724,12460
2026-05-02 20:00,2026-05-02,20,600000,ОЭС СР. ВОЛГИ,11976,12896
2026-05-02 21:00,2026-05-02,21,600000,ОЭС СР. ВОЛГИ,12251,12771
2026-05-02 22:00,2026-05-02,22,600000,ОЭС СР. ВОЛГИ,12152,12267
2026-05-02 23:00,2026-05-02,23,600000,ОЭС СР. ВОЛГИ,11438,11873
2026-05-03 00:00,2026-05-03,0,600000,ОЭС СР. ВОЛГИ,11424,11307
2026-05-03 01:00,2026-05-03,1,600000,ОЭС СР. ВОЛГИ,11430,11089
2026-05-03 02:00,2026-05-03,2,600000,ОЭС СР. ВОЛГИ,11424,11084
2026-05-03 03:00,2026-05-03,3,600000,ОЭС СР. ВОЛГИ,11429,10901
2026-05-03 04:00,2026-05-03,4,600000,ОЭС СР. ВОЛГИ,11897,10801
2026-05-03 05:00,2026-05-03,5,600000,ОЭС СР. ВОЛГИ,12073,10891
2026-05-03 06:00,2026-05-03,6,600000,ОЭС СР. ВОЛГИ,12255,11101
2026-05-03 07:00,2026-05-03,7,600000,ОЭС СР. ВОЛГИ,12256,11469
2026-05-03 08:00,2026-05-03,8,600000,ОЭС СР. ВОЛГИ,12409,11775
2026-05-03 09:00,2026-05-03,9,600000,ОЭС СР. ВОЛГИ,12413,12187
2026-05-03 10:00,2026-05-03,10,600000,ОЭС СР. ВОЛГИ,12504,12274
2026-05-03 11:00,2026-05-03,11,600000,ОЭС СР. ВОЛГИ,12603,12282
2026-05-03 12:00,2026-05-03,12,600000,ОЭС СР. ВОЛГИ,11840,12182
2026-05-03 13:00,2026-05-03,13,600000,ОЭС СР. ВОЛГИ,11575,12287
2026-05-03 14:00,2026-05-03,14,600000,ОЭС СР. ВОЛГИ,11944,12205
2026-05-03 15:00,2026-05-03,15,600000,ОЭС СР. ВОЛГИ,12224,12257
2026-05-03 16:00,2026-05-03,16,600000,ОЭС СР. ВОЛГИ,12167,12231
2026-05-03 17:00,2026-05-03,17,600000,ОЭС СР. ВОЛГИ,12490,12326
2026-05-03 18:00,2026-05-03,18,600000,ОЭС СР. ВОЛГИ,12615,12236
2026-05-03 19:00,2026-05-03,19,600000,ОЭС СР. ВОЛГИ,12750,12432
2026-05-03 20:00,2026-05-03,20,600000,ОЭС СР. ВОЛГИ,12455,12872
2026-05-03 21:00,2026-05-03,21,600000,ОЭС СР. ВОЛГИ,13075,12669
2026-05-03 22:00,2026-05-03,22,600000,ОЭС СР. ВОЛГИ,12547,12199
2026-05-03 23:00,2026-05-03,23,600000,ОЭС СР. ВОЛГИ,12178,11582
2026-05-04 00:00,2026-05-04,0,600000,ОЭС СР. ВОЛГИ,12123,11122
2026-05-04 01:00,2026-05-04,1,600000,ОЭС СР. ВОЛГИ,12103,10769
2026-05-04 02:00,2026-05-04,2,600000,ОЭС СР. ВОЛГИ,12097,10640
2026-05-04 03:00,2026-05-04,3,600000,ОЭС СР. ВОЛГИ,12060,10691
2026-05-04 04:00,2026-05-04,4,600000,ОЭС СР. ВОЛГИ,12071,10587
2026-05-04 05:00,2026-05-04,5,600000,ОЭС СР. ВОЛГИ,12267,11049
2026-05-04 06:00,2026-05-04,6,600000,ОЭС СР. ВОЛГИ,12470,11623
2026-05-04 07:00,2026-05-04,7,600000,ОЭС СР. ВОЛГИ,12595,12388
2026-05-04 08:00,2026-05-04,8,600000,ОЭС СР. ВОЛГИ,12770,13044
2026-05-04 09:00,2026-05-04,9,600000,ОЭС СР. ВОЛГИ,13032,13235
2026-05-04 10:00,2026-05-04,10,600000,ОЭС СР. ВОЛГИ,13297,13345
2026-05-04 11:00,2026-05-04,11,600000,ОЭС СР. ВОЛГИ,13088,13176
2026-05-04 12:00,2026-05-04,12,600000,ОЭС СР. ВОЛГИ,12532,12981
2026-05-04 13:00,2026-05-04,13,600000,ОЭС СР. ВОЛГИ,12533,13258
2026-05-04 14:00,2026-05-04,14,600000,ОЭС СР. ВОЛГИ,12649,13168
2026-05-04 15:00,2026-05-04,15,600000,ОЭС СР. ВОЛГИ,12867,12965
2026-05-04 16:00,2026-05-04,16,600000,ОЭС СР. ВОЛГИ,12825,12777
2026-05-04 17:00,2026-05-04,17,600000,ОЭС СР. ВОЛГИ,12886,12611
2026-05-04 18:00,2026-05-04,18,600000,ОЭС СР. ВОЛГИ,12842,12536
2026-05-04 19:00,2026-05-04,19,600000,ОЭС СР. ВОЛГИ,12741,12290
2026-05-04 20:00,2026-05-04,20,600000,ОЭС СР. ВОЛГИ,12565,12864
2026-05-04 21:00,2026-05-04,21,600000,ОЭС СР. ВОЛГИ,12286,12775
2026-05-04 22:00,2026-05-04,22,600000,ОЭС СР. ВОЛГИ,12251,12217
2026-05-04 23:00,2026-05-04,23,600000,ОЭС СР. ВОЛГИ,12268,11452
2026-05-05 00:00,2026-05-05,0,600000,ОЭС СР. ВОЛГИ,12271,11018
2026-05-05 01:00,2026-05-05,1,600000,ОЭС СР. ВОЛГИ,12191,10710
2026-05-05 02:00,2026-05-05,2,600000,ОЭС СР. ВОЛГИ,12157,10794
2026-05-05 03:00,2026-05-05,3,600000,ОЭС СР. ВОЛГИ,12177,10856
2026-05-05 04:00,2026-05-05,4,600000,ОЭС СР. ВОЛГИ,12220,10812
2026-05-05 05:00,2026-05-05,5,600000,ОЭС СР. ВОЛГИ,12395,10948
2026-05-05 06:00,2026-05-05,6,600000,ОЭС СР. ВОЛГИ,12379,11416
2026-05-05 07:00,2026-05-05,7,600000,ОЭС СР. ВОЛГИ,12530,11991
2026-05-05 08:00,2026-05-05,8,600000,ОЭС СР. ВОЛГИ,12625,12666
2026-05-05 09:00,2026-05-05,9,600000,ОЭС СР. ВОЛГИ,12977,13008
2026-05-05 10:00,2026-05-05,10,600000,ОЭС СР. ВОЛГИ,13047,13065
2026-05-05 11:00,2026-05-05,11,600000,ОЭС СР. ВОЛГИ,12792,12825
2026-05-05 12:00,2026-05-05,12,600000,ОЭС СР. ВОЛГИ,12439,12690
2026-05-05 13:00,2026-05-05,13,600000,ОЭС СР. ВОЛГИ,12425,12798
2026-05-05 14:00,2026-05-05,14,600000,ОЭС СР. ВОЛГИ,12915,12885
2026-05-05 15:00,2026-05-05,15,600000,ОЭС СР. ВОЛГИ,12885,12769
2026-05-05 16:00,2026-05-05,16,600000,ОЭС СР. ВОЛГИ,12977,12770
2026-05-05 17:00,2026-05-05,17,600000,ОЭС СР. ВОЛГИ,12898,12468
2026-05-05 18:00,2026-05-05,18,600000,ОЭС СР. ВОЛГИ,13003,12278
2026-05-05 19:00,2026-05-05,19,600000,ОЭС СР. ВОЛГИ,12977,11989
2026-05-05 20:00,2026-05-05,20,600000,ОЭС СР. ВОЛГИ,12909,12592
2026-05-05 21:00,2026-05-05,21,600000,ОЭС СР. ВОЛГИ,12478,12432
2026-05-05 22:00,2026-05-05,22,600000,ОЭС СР. ВОЛГИ,12455,11992
2026-05-05 23:00,2026-05-05,23,600000,ОЭС СР. ВОЛГИ,12066,11180
2026-05-06 00:00,2026-05-06,0,600000,ОЭС СР. ВОЛГИ,12007,10554
2026-05-06 01:00,2026-05-06,1,600000,ОЭС СР. ВОЛГИ,11974,10479
2026-05-06 02:00,2026-05-06,2,600000,ОЭС СР. ВОЛГИ,11889,10493
2026-05-06 03:00,2026-05-06,3,600000,ОЭС СР. ВОЛГИ,12194,10566
2026-05-06 04:00,2026-05-06,4,600000,ОЭС СР. ВОЛГИ,12219,10451
2026-05-06 05:00,2026-05-06,5,600000,ОЭС СР. ВОЛГИ,12066,10603
2026-05-06 06:00,2026-05-06,6,600000,ОЭС СР. ВОЛГИ,12010,11295
2026-05-06 07:00,2026-05-06,7,600000,ОЭС СР. ВОЛГИ,12305,11879
2026-05-06 08:00,2026-05-06,8,600000,ОЭС СР. ВОЛГИ,12834,12581
2026-05-06 09:00,2026-05-06,9,600000,ОЭС СР. ВОЛГИ,13613,13084
2026-05-06 10:00,2026-05-06,10,600000,ОЭС СР. ВОЛГИ,13685,12906
2026-05-06 11:00,2026-05-06,11,600000,ОЭС СР. ВОЛГИ,13398,12922
2026-05-06 12:00,2026-05-06,12,600000,ОЭС СР. ВОЛГИ,13382,12917
2026-05-06 13:00,2026-05-06,13,600000,ОЭС СР. ВОЛГИ,13390,12766
2026-05-06 14:00,2026-05-06,14,600000,ОЭС СР. ВОЛГИ,13559,13010
2026-05-06 15:00,2026-05-06,15,600000,ОЭС СР. ВОЛГИ,13573,12843
2026-05-06 16:00,2026-05-06,16,600000,ОЭС СР. ВОЛГИ,13551,12760
2026-05-06 17:00,2026-05-06,17,600000,ОЭС СР. ВОЛГИ,13452,12550
2026-05-06 18:00,2026-05-06,18,600000,ОЭС СР. ВОЛГИ,13466,12431
2026-05-06 19:00,2026-05-06,19,600000,ОЭС СР. ВОЛГИ,13446,12080
2026-05-06 20:00,2026-05-06,20,600000,ОЭС СР. ВОЛГИ,13469,12526
2026-05-06 21:00,2026-05-06,21,600000,ОЭС СР. ВОЛГИ,13283,12522
2026-05-06 22:00,2026-05-06,22,600000,ОЭС СР. ВОЛГИ,12881,11975
2026-05-06 23:00,2026-05-06,23,600000,ОЭС СР. ВОЛГИ,12266,11171
2026-05-07 00:00,2026-05-07,0,600000,ОЭС СР. ВОЛГИ,12241,10775
2026-05-07 01:00,2026-05-07,1,600000,ОЭС СР. ВОЛГИ,12091,10568
2026-05-07 02:00,2026-05-07,2,600000,ОЭС СР. ВОЛГИ,11931,10458
2026-05-07 03:00,2026-05-07,3,600000,ОЭС СР. ВОЛГИ,11990,10318
2026-05-07 04:00,2026-05-07,4,600000,ОЭС СР. ВОЛГИ,11997,10277
2026-05-07 05:00,2026-05-07,5,600000,ОЭС СР. ВОЛГИ,12287,10568
2026-05-07 06:00,2026-05-07,6,600000,ОЭС СР. ВОЛГИ,12515,11227
2026-05-07 07:00,2026-05-07,7,600000,ОЭС СР. ВОЛГИ,12717,11884
2026-05-07 08:00,2026-05-07,8,600000,ОЭС СР. ВОЛГИ,12852,12610
2026-05-07 09:00,2026-05-07,9,600000,ОЭС СР. ВОЛГИ,13389,12970
2026-05-07 10:00,2026-05-07,10,600000,ОЭС СР. ВОЛГИ,13716,12976
2026-05-07 11:00,2026-05-07,11,600000,ОЭС СР. ВОЛГИ,13452,12924
2026-05-07 12:00,2026-05-07,12,600000,ОЭС СР. ВОЛГИ,13285,12976
2026-05-07 13:00,2026-05-07,13,600000,ОЭС СР. ВОЛГИ,13269,12981
2026-05-07 14:00,2026-05-07,14,600000,ОЭС СР. ВОЛГИ,13697,13102
2026-05-07 15:00,2026-05-07,15,600000,ОЭС СР. ВОЛГИ,13694,12828
2026-05-07 16:00,2026-05-07,16,600000,ОЭС СР. ВОЛГИ,13611,12668
2026-05-07 17:00,2026-05-07,17,600000,ОЭС СР. ВОЛГИ,13415,12653
2026-05-07 18:00,2026-05-07,18,600000,ОЭС СР. ВОЛГИ,13245,12351
2026-05-07 19:00,2026-05-07,19,600000,ОЭС СР. ВОЛГИ,13204,12166
2026-05-07 20:00,2026-05-07,20,600000,ОЭС СР. ВОЛГИ,13257,12383
2026-05-07 21:00,2026-05-07,21,600000,ОЭС СР. ВОЛГИ,13095,12421
2026-05-07 22:00,2026-05-07,22,600000,ОЭС СР. ВОЛГИ,12430,11736
2026-05-07 23:00,2026-05-07,23,600000,ОЭС СР. ВОЛГИ,12131,11219
2026-05-08 00:00,2026-05-08,0,600000,ОЭС СР. ВОЛГИ,12135,10566
2026-05-08 01:00,2026-05-08,1,600000,ОЭС СР. ВОЛГИ,11948,10493
2026-05-08 02:00,2026-05-08,2,600000,ОЭС СР. ВОЛГИ,11755,10337
2026-05-08 03:00,2026-05-08,3,600000,ОЭС СР. ВОЛГИ,11720,10323
2026-05-08 04:00,2026-05-08,4,600000,ОЭС СР. ВОЛГИ,11755,10168
2026-05-08 05:00,2026-05-08,5,600000,ОЭС СР. ВОЛГИ,11973,10354
2026-05-08 06:00,2026-05-08,6,600000,ОЭС СР. ВОЛГИ,12183,11135
2026-05-08 07:00,2026-05-08,7,600000,ОЭС СР. ВОЛГИ,12419,11592
2026-05-08 08:00,2026-05-08,8,600000,ОЭС СР. ВОЛГИ,12667,12469
2026-05-08 09:00,2026-05-08,9,600000,ОЭС СР. ВОЛГИ,12870,12805
2026-05-08 10:00,2026-05-08,10,600000,ОЭС СР. ВОЛГИ,12869,12867
2026-05-08 11:00,2026-05-08,11,600000,ОЭС СР. ВОЛГИ,12769,12642
2026-05-08 12:00,2026-05-08,12,600000,ОЭС СР. ВОЛГИ,12571,12864
2026-05-08 13:00,2026-05-08,13,600000,ОЭС СР. ВОЛГИ,12560,12913
2026-05-08 14:00,2026-05-08,14,600000,ОЭС СР. ВОЛГИ,12676,12854
2026-05-08 15:00,2026-05-08,15,600000,ОЭС СР. ВОЛГИ,13092,12635
2026-05-08 16:00,2026-05-08,16,600000,ОЭС СР. ВОЛГИ,12845,12551
2026-05-08 17:00,2026-05-08,17,600000,ОЭС СР. ВОЛГИ,12727,12315
2026-05-08 18:00,2026-05-08,18,600000,ОЭС СР. ВОЛГИ,12608,12129
2026-05-08 19:00,2026-05-08,19,600000,ОЭС СР. ВОЛГИ,12658,11969
2026-05-08 20:00,2026-05-08,20,600000,ОЭС СР. ВОЛГИ,12941,12226
2026-05-08 21:00,2026-05-08,21,600000,ОЭС СР. ВОЛГИ,12829,12124
2026-05-08 22:00,2026-05-08,22,600000,ОЭС СР. ВОЛГИ,12436,11681
2026-05-08 23:00,2026-05-08,23,600000,ОЭС СР. ВОЛГИ,12168,11255
2026-05-09 00:00,2026-05-09,0,600000,ОЭС СР. ВОЛГИ,12164,10648
2026-05-09 01:00,2026-05-09,1,600000,ОЭС СР. ВОЛГИ,11920,10396
2026-05-09 02:00,2026-05-09,2,600000,ОЭС СР. ВОЛГИ,11886,10246
2026-05-09 03:00,2026-05-09,3,600000,ОЭС СР. ВОЛГИ,11760,10125
2026-05-09 04:00,2026-05-09,4,600000,ОЭС СР. ВОЛГИ,11861,9889
2026-05-09 05:00,2026-05-09,5,600000,ОЭС СР. ВОЛГИ,11800,10023
2026-05-09 06:00,2026-05-09,6,600000,ОЭС СР. ВОЛГИ,11909,10260
2026-05-09 07:00,2026-05-09,7,600000,ОЭС СР. ВОЛГИ,11984,10693
2026-05-09 08:00,2026-05-09,8,600000,ОЭС СР. ВОЛГИ,12124,11215
2026-05-09 09:00,2026-05-09,9,600000,ОЭС СР. ВОЛГИ,12083,11586
2026-05-09 10:00,2026-05-09,10,600000,ОЭС СР. ВОЛГИ,12408,11813
2026-05-09 11:00,2026-05-09,11,600000,ОЭС СР. ВОЛГИ,12412,11570
2026-05-09 12:00,2026-05-09,12,600000,ОЭС СР. ВОЛГИ,12524,11595
2026-05-09 13:00,2026-05-09,13,600000,ОЭС СР. ВОЛГИ,12372,11609
2026-05-09 14:00,2026-05-09,14,600000,ОЭС СР. ВОЛГИ,12450,11615
2026-05-09 15:00,2026-05-09,15,600000,ОЭС СР. ВОЛГИ,12659,11595
2026-05-09 16:00,2026-05-09,16,600000,ОЭС СР. ВОЛГИ,12177,11510
2026-05-09 17:00,2026-05-09,17,600000,ОЭС СР. ВОЛГИ,12041,11322
2026-05-09 18:00,2026-05-09,18,600000,ОЭС СР. ВОЛГИ,12160,11430
2026-05-09 19:00,2026-05-09,19,600000,ОЭС СР. ВОЛГИ,12366,11415
2026-05-09 20:00,2026-05-09,20,600000,ОЭС СР. ВОЛГИ,12410,11834
2026-05-09 21:00,2026-05-09,21,600000,ОЭС СР. ВОЛГИ,12518,11751
2026-05-09 22:00,2026-05-09,22,600000,ОЭС СР. ВОЛГИ,12061,11393
2026-05-09 23:00,2026-05-09,23,600000,ОЭС СР. ВОЛГИ,11660,11002
2026-05-10 00:00,2026-05-10,0,600000,ОЭС СР. ВОЛГИ,11781,10633
2026-05-10 01:00,2026-05-10,1,600000,ОЭС СР. ВОЛГИ,11672,10140
2026-05-10 02:00,2026-05-10,2,600000,ОЭС СР. ВОЛГИ,11651,10013
2026-05-10 03:00,2026-05-10,3,600000,ОЭС СР. ВОЛГИ,11596,10011
2026-05-10 04:00,2026-05-10,4,600000,ОЭС СР. ВОЛГИ,11603,9856
2026-05-10 05:00,2026-05-10,5,600000,ОЭС СР. ВОЛГИ,11591,10139
2026-05-10 06:00,2026-05-10,6,600000,ОЭС СР. ВОЛГИ,11594,10214
2026-05-10 07:00,2026-05-10,7,600000,ОЭС СР. ВОЛГИ,11743,10658
2026-05-10 08:00,2026-05-10,8,600000,ОЭС СР. ВОЛГИ,11892,11165
2026-05-10 09:00,2026-05-10,9,600000,ОЭС СР. ВОЛГИ,11804,11662
2026-05-10 10:00,2026-05-10,10,600000,ОЭС СР. ВОЛГИ,11800,11728
2026-05-10 11:00,2026-05-10,11,600000,ОЭС СР. ВОЛГИ,11820,11635
2026-05-10 12:00,2026-05-10,12,600000,ОЭС СР. ВОЛГИ,11605,11626
2026-05-10 13:00,2026-05-10,13,600000,ОЭС СР. ВОЛГИ,11618,11655
2026-05-10 14:00,2026-05-10,14,600000,ОЭС СР. ВОЛГИ,11719,11729
2026-05-10 15:00,2026-05-10,15,600000,ОЭС СР. ВОЛГИ,12121,11711
2026-05-10 16:00,2026-05-10,16,600000,ОЭС СР. ВОЛГИ,11978,11668
2026-05-10 17:00,2026-05-10,17,600000,ОЭС СР. ВОЛГИ,12146,11714
2026-05-10 18:00,2026-05-10,18,600000,ОЭС СР. ВОЛГИ,12392,11656
2026-05-10 19:00,2026-05-10,19,600000,ОЭС СР. ВОЛГИ,12365,11667
2026-05-10 20:00,2026-05-10,20,600000,ОЭС СР. ВОЛГИ,12539,12085
2026-05-10 21:00,2026-05-10,21,600000,ОЭС СР. ВОЛГИ,12111,12081
2026-05-10 22:00,2026-05-10,22,600000,ОЭС СР. ВОЛГИ,11764,11588
2026-05-10 23:00,2026-05-10,23,600000,ОЭС СР. ВОЛГИ,11706,11057
2026-05-11 00:00,2026-05-11,0,600000,ОЭС СР. ВОЛГИ,11757,10698
2026-05-11 01:00,2026-05-11,1,600000,ОЭС СР. ВОЛГИ,11818,10377
2026-05-11 02:00,2026-05-11,2,600000,ОЭС СР. ВОЛГИ,11565,10397
2026-05-11 03:00,2026-05-11,3,600000,ОЭС СР. ВОЛГИ,11726,10111
2026-05-11 04:00,2026-05-11,4,600000,ОЭС СР. ВОЛГИ,11716,9988
2026-05-11 05:00,2026-05-11,5,600000,ОЭС СР. ВОЛГИ,11631,10199
2026-05-11 06:00,2026-05-11,6,600000,ОЭС СР. ВОЛГИ,11808,10539
2026-05-11 07:00,2026-05-11,7,600000,ОЭС СР. ВОЛГИ,11996,10990
2026-05-11 08:00,2026-05-11,8,600000,ОЭС СР. ВОЛГИ,12135,11715
2026-05-11 09:00,2026-05-11,9,600000,ОЭС СР. ВОЛГИ,12067,12266
2026-05-11 10:00,2026-05-11,10,600000,ОЭС СР. ВОЛГИ,12317,12461
2026-05-11 11:00,2026-05-11,11,600000,ОЭС СР. ВОЛГИ,12585,12418
2026-05-11 12:00,2026-05-11,12,600000,ОЭС СР. ВОЛГИ,12680,12411
2026-05-11 13:00,2026-05-11,13,600000,ОЭС СР. ВОЛГИ,12660,12333
2026-05-11 14:00,2026-05-11,14,600000,ОЭС СР. ВОЛГИ,12662,12283
2026-05-11 15:00,2026-05-11,15,600000,ОЭС СР. ВОЛГИ,12558,12284
2026-05-11 16:00,2026-05-11,16,600000,ОЭС СР. ВОЛГИ,12567,12294
2026-05-11 17:00,2026-05-11,17,600000,ОЭС СР. ВОЛГИ,12724,12331
2026-05-11 18:00,2026-05-11,18,600000,ОЭС СР. ВОЛГИ,12778,12289
2026-05-11 19:00,2026-05-11,19,600000,ОЭС СР. ВОЛГИ,12917,12276
2026-05-11 20:00,2026-05-11,20,600000,ОЭС СР. ВОЛГИ,12973,12585
2026-05-11 21:00,2026-05-11,21,600000,ОЭС СР. ВОЛГИ,12855,12409
2026-05-11 22:00,2026-05-11,22,600000,ОЭС СР. ВОЛГИ,12343,11707
2026-05-11 23:00,2026-05-11,23,600000,ОЭС СР. ВОЛГИ,11871,10943
2026-05-12 00:00,2026-05-12,0,600000,ОЭС СР. ВОЛГИ,11871,10692
2026-05-12 01:00,2026-05-12,1,600000,ОЭС СР. ВОЛГИ,11981,10569
2026-05-12 02:00,2026-05-12,2,600000,ОЭС СР. ВОЛГИ,11922,10457
2026-05-12 03:00,2026-05-12,3,600000,ОЭС СР. ВОЛГИ,11915,10293
2026-05-12 04:00,2026-05-12,4,600000,ОЭС СР. ВОЛГИ,11942,10301
2026-05-12 05:00,2026-05-12,5,600000,ОЭС СР. ВОЛГИ,12171,10514
2026-05-12 06:00,2026-05-12,6,600000,ОЭС СР. ВОЛГИ,12271,11217
2026-05-12 07:00,2026-05-12,7,600000,ОЭС СР. ВОЛГИ,12600,11976
2026-05-12 08:00,2026-05-12,8,600000,ОЭС СР. ВОЛГИ,12890,12770
2026-05-12 09:00,2026-05-12,9,600000,ОЭС СР. ВОЛГИ,13331,13066
2026-05-12 10:00,2026-05-12,10,600000,ОЭС СР. ВОЛГИ,13408,13136
2026-05-12 11:00,2026-05-12,11,600000,ОЭС СР. ВОЛГИ,13309,12928
2026-05-12 12:00,2026-05-12,12,600000,ОЭС СР. ВОЛГИ,13204,12937
2026-05-12 13:00,2026-05-12,13,600000,ОЭС СР. ВОЛГИ,13506,13036
2026-05-12 14:00,2026-05-12,14,600000,ОЭС СР. ВОЛГИ,13499,12969
2026-05-12 15:00,2026-05-12,15,600000,ОЭС СР. ВОЛГИ,13562,12942
2026-05-12 16:00,2026-05-12,16,600000,ОЭС СР. ВОЛГИ,13342,12673
2026-05-12 17:00,2026-05-12,17,600000,ОЭС СР. ВОЛГИ,13179,12812
2026-05-12 18:00,2026-05-12,18,600000,ОЭС СР. ВОЛГИ,13050,12784
2026-05-12 19:00,2026-05-12,19,600000,ОЭС СР. ВОЛГИ,13030,12478
2026-05-12 20:00,2026-05-12,20,600000,ОЭС СР. ВОЛГИ,13027,12630
2026-05-12 21:00,2026-05-12,21,600000,ОЭС СР. ВОЛГИ,13099,12570
2026-05-12 22:00,2026-05-12,22,600000,ОЭС СР. ВОЛГИ,12634,12061
2026-05-12 23:00,2026-05-12,23,600000,ОЭС СР. ВОЛГИ,12549,11323
2026-05-13 00:00,2026-05-13,0,600000,ОЭС СР. ВОЛГИ,12503,11012
2026-05-13 01:00,2026-05-13,1,600000,ОЭС СР. ВОЛГИ,12549,10756
2026-05-13 02:00,2026-05-13,2,600000,ОЭС СР. ВОЛГИ,12601,10627
2026-05-13 03:00,2026-05-13,3,600000,ОЭС СР. ВОЛГИ,12558,10569
2026-05-13 04:00,2026-05-13,4,600000,ОЭС СР. ВОЛГИ,12575,10479
2026-05-13 05:00,2026-05-13,5,600000,ОЭС СР. ВОЛГИ,12637,10756
2026-05-13 06:00,2026-05-13,6,600000,ОЭС СР. ВОЛГИ,12787,11403
2026-05-13 07:00,2026-05-13,7,600000,ОЭС СР. ВОЛГИ,13050,12277
2026-05-13 08:00,2026-05-13,8,600000,ОЭС СР. ВОЛГИ,13407,12869
2026-05-13 09:00,2026-05-13,9,600000,ОЭС СР. ВОЛГИ,13522,13136
2026-05-13 10:00,2026-05-13,10,600000,ОЭС СР. ВОЛГИ,13624,13271
2026-05-13 11:00,2026-05-13,11,600000,ОЭС СР. ВОЛГИ,13364,12939
2026-05-13 12:00,2026-05-13,12,600000,ОЭС СР. ВОЛГИ,13426,12989
2026-05-13 13:00,2026-05-13,13,600000,ОЭС СР. ВОЛГИ,13464,13206
2026-05-13 14:00,2026-05-13,14,600000,ОЭС СР. ВОЛГИ,13457,13019
2026-05-13 15:00,2026-05-13,15,600000,ОЭС СР. ВОЛГИ,13617,13088
2026-05-13 16:00,2026-05-13,16,600000,ОЭС СР. ВОЛГИ,13438,12873
2026-05-13 17:00,2026-05-13,17,600000,ОЭС СР. ВОЛГИ,13497,12628
2026-05-13 18:00,2026-05-13,18,600000,ОЭС СР. ВОЛГИ,13676,12600
2026-05-13 19:00,2026-05-13,19,600000,ОЭС СР. ВОЛГИ,13772,12584
2026-05-13 20:00,2026-05-13,20,600000,ОЭС СР. ВОЛГИ,13780,12726
2026-05-13 21:00,2026-05-13,21,600000,ОЭС СР. ВОЛГИ,13555,12524
2026-05-13 22:00,2026-05-13,22,600000,ОЭС СР. ВОЛГИ,12908,12077
2026-05-13 23:00,2026-05-13,23,600000,ОЭС СР. ВОЛГИ,12656,11434
2026-05-14 00:00,2026-05-14,0,600000,ОЭС СР. ВОЛГИ,12610,10797
2026-05-14 01:00,2026-05-14,1,600000,ОЭС СР. ВОЛГИ,12194,10536
2026-05-14 02:00,2026-05-14,2,600000,ОЭС СР. ВОЛГИ,12111,10361
2026-05-14 03:00,2026-05-14,3,600000,ОЭС СР. ВОЛГИ,12132,10479
2026-05-14 04:00,2026-05-14,4,600000,ОЭС СР. ВОЛГИ,11885,10536
2026-05-14 05:00,2026-05-14,5,600000,ОЭС СР. ВОЛГИ,12142,10626
2026-05-14 06:00,2026-05-14,6,600000,ОЭС СР. ВОЛГИ,12381,11460
2026-05-14 07:00,2026-05-14,7,600000,ОЭС СР. ВОЛГИ,12624,12149
2026-05-14 08:00,2026-05-14,8,600000,ОЭС СР. ВОЛГИ,12807,12947
2026-05-14 09:00,2026-05-14,9,600000,ОЭС СР. ВОЛГИ,13315,13210
2026-05-14 10:00,2026-05-14,10,600000,ОЭС СР. ВОЛГИ,13395,13081
2026-05-14 11:00,2026-05-14,11,600000,ОЭС СР. ВОЛГИ,13418,12982
2026-05-14 12:00,2026-05-14,12,600000,ОЭС СР. ВОЛГИ,13310,13238
2026-05-14 13:00,2026-05-14,13,600000,ОЭС СР. ВОЛГИ,13174,13221
2026-05-14 14:00,2026-05-14,14,600000,ОЭС СР. ВОЛГИ,13240,13066
2026-05-14 15:00,2026-05-14,15,600000,ОЭС СР. ВОЛГИ,13174,13082
2026-05-14 16:00,2026-05-14,16,600000,ОЭС СР. ВОЛГИ,13086,12804
2026-05-14 17:00,2026-05-14,17,600000,ОЭС СР. ВОЛГИ,13272,12675
2026-05-14 18:00,2026-05-14,18,600000,ОЭС СР. ВОЛГИ,13060,12586
2026-05-14 19:00,2026-05-14,19,600000,ОЭС СР. ВОЛГИ,12994,12175
2026-05-14 20:00,2026-05-14,20,600000,ОЭС СР. ВОЛГИ,12955,12648
2026-05-14 21:00,2026-05-14,21,600000,ОЭС СР. ВОЛГИ,13158,12637
2026-05-14 22:00,2026-05-14,22,600000,ОЭС СР. ВОЛГИ,12778,12236
2026-05-14 23:00,2026-05-14,23,600000,ОЭС СР. ВОЛГИ,12275,11410
2026-05-15 00:00,2026-05-15,0,600000,ОЭС СР. ВОЛГИ,12088,10857
2026-05-15 01:00,2026-05-15,1,600000,ОЭС СР. ВОЛГИ,11896,10562
2026-05-15 02:00,2026-05-15,2,600000,ОЭС СР. ВОЛГИ,11905,10443
2026-05-15 03:00,2026-05-15,3,600000,ОЭС СР. ВОЛГИ,11980,10351
2026-05-15 04:00,2026-05-15,4,600000,ОЭС СР. ВОЛГИ,12064,10214
2026-05-15 05:00,2026-05-15,5,600000,ОЭС СР. ВОЛГИ,12105,10576
2026-05-15 06:00,2026-05-15,6,600000,ОЭС СР. ВОЛГИ,12289,11307
2026-05-15 07:00,2026-05-15,7,600000,ОЭС СР. ВОЛГИ,12748,12107
2026-05-15 08:00,2026-05-15,8,600000,ОЭС СР. ВОЛГИ,13089,12870
2026-05-15 09:00,2026-05-15,9,600000,ОЭС СР. ВОЛГИ,13640,13289
2026-05-15 10:00,2026-05-15,10,600000,ОЭС СР. ВОЛГИ,13568,13204
2026-05-15 11:00,2026-05-15,11,600000,ОЭС СР. ВОЛГИ,13428,13220
2026-05-15 12:00,2026-05-15,12,600000,ОЭС СР. ВОЛГИ,13428,13131
2026-05-15 13:00,2026-05-15,13,600000,ОЭС СР. ВОЛГИ,13471,13268
2026-05-15 14:00,2026-05-15,14,600000,ОЭС СР. ВОЛГИ,13667,13187
2026-05-15 15:00,2026-05-15,15,600000,ОЭС СР. ВОЛГИ,13718,13180
2026-05-15 16:00,2026-05-15,16,600000,ОЭС СР. ВОЛГИ,13556,13080
2026-05-15 17:00,2026-05-15,17,600000,ОЭС СР. ВОЛГИ,13611,12886
2026-05-15 18:00,2026-05-15,18,600000,ОЭС СР. ВОЛГИ,13538,12742
2026-05-15 19:00,2026-05-15,19,600000,ОЭС СР. ВОЛГИ,13022,12465
2026-05-15 20:00,2026-05-15,20,600000,ОЭС СР. ВОЛГИ,13068,12497
2026-05-15 21:00,2026-05-15,21,600000,ОЭС СР. ВОЛГИ,13065,12504
2026-05-15 22:00,2026-05-15,22,600000,ОЭС СР. ВОЛГИ,12587,12082
2026-05-15 23:00,2026-05-15,23,600000,ОЭС СР. ВОЛГИ,12106,11498
2026-05-16 00:00,2026-05-16,0,600000,ОЭС СР. ВОЛГИ,12050,10903
2026-05-16 01:00,2026-05-16,1,600000,ОЭС СР. ВОЛГИ,11842,10580
2026-05-16 02:00,2026-05-16,2,600000,ОЭС СР. ВОЛГИ,11670,10432
2026-05-16 03:00,2026-05-16,3,600000,ОЭС СР. ВОЛГИ,11696,10329
2026-05-16 04:00,2026-05-16,4,600000,ОЭС СР. ВОЛГИ,11574,10197
2026-05-16 05:00,2026-05-16,5,600000,ОЭС СР. ВОЛГИ,11613,10403
2026-05-16 06:00,2026-05-16,6,600000,ОЭС СР. ВОЛГИ,11887,10713
2026-05-16 07:00,2026-05-16,7,600000,ОЭС СР. ВОЛГИ,12157,11246
2026-05-16 08:00,2026-05-16,8,600000,ОЭС СР. ВОЛГИ,12367,11998
2026-05-16 09:00,2026-05-16,9,600000,ОЭС СР. ВОЛГИ,12627,12441
2026-05-16 10:00,2026-05-16,10,600000,ОЭС СР. ВОЛГИ,12690,12594
2026-05-16 11:00,2026-05-16,11,600000,ОЭС СР. ВОЛГИ,12915,12671
2026-05-16 12:00,2026-05-16,12,600000,ОЭС СР. ВОЛГИ,13027,12572
2026-05-16 13:00,2026-05-16,13,600000,ОЭС СР. ВОЛГИ,12989,12626
2026-05-16 14:00,2026-05-16,14,600000,ОЭС СР. ВОЛГИ,13292,12633
2026-05-16 15:00,2026-05-16,15,600000,ОЭС СР. ВОЛГИ,13607,12588
2026-05-16 16:00,2026-05-16,16,600000,ОЭС СР. ВОЛГИ,13610,12477
2026-05-16 17:00,2026-05-16,17,600000,ОЭС СР. ВОЛГИ,13430,12333
2026-05-16 18:00,2026-05-16,18,600000,ОЭС СР. ВОЛГИ,13322,12114
2026-05-16 19:00,2026-05-16,19,600000,ОЭС СР. ВОЛГИ,13250,12129
2026-05-16 20:00,2026-05-16,20,600000,ОЭС СР. ВОЛГИ,13164,12269
2026-05-16 21:00,2026-05-16,21,600000,ОЭС СР. ВОЛГИ,12829,12186
2026-05-16 22:00,2026-05-16,22,600000,ОЭС СР. ВОЛГИ,12270,11826
2026-05-16 23:00,2026-05-16,23,600000,ОЭС СР. ВОЛГИ,12065,11273
2026-05-17 00:00,2026-05-17,0,600000,ОЭС СР. ВОЛГИ,12035,10729
2026-05-17 01:00,2026-05-17,1,600000,ОЭС СР. ВОЛГИ,11825,10442
2026-05-17 02:00,2026-05-17,2,600000,ОЭС СР. ВОЛГИ,11810,10206
2026-05-17 03:00,2026-05-17,3,600000,ОЭС СР. ВОЛГИ,11737,10089
2026-05-17 04:00,2026-05-17,4,600000,ОЭС СР. ВОЛГИ,11744,9869
2026-05-17 05:00,2026-05-17,5,600000,ОЭС СР. ВОЛГИ,11749,10106
2026-05-17 06:00,2026-05-17,6,600000,ОЭС СР. ВОЛГИ,11960,10405
2026-05-17 07:00,2026-05-17,7,600000,ОЭС СР. ВОЛГИ,12206,10774
2026-05-17 08:00,2026-05-17,8,600000,ОЭС СР. ВОЛГИ,12541,11555
2026-05-17 09:00,2026-05-17,9,600000,ОЭС СР. ВОЛГИ,12517,12155
2026-05-17 10:00,2026-05-17,10,600000,ОЭС СР. ВОЛГИ,12784,12218
2026-05-17 11:00,2026-05-17,11,600000,ОЭС СР. ВОЛГИ,12930,12422
2026-05-17 12:00,2026-05-17,12,600000,ОЭС СР. ВОЛГИ,13161,12431
2026-05-17 13:00,2026-05-17,13,600000,ОЭС СР. ВОЛГИ,13262,12393
2026-05-17 14:00,2026-05-17,14,600000,ОЭС СР. ВОЛГИ,13333,12486
2026-05-17 15:00,2026-05-17,15,600000,ОЭС СР. ВОЛГИ,13552,12453
2026-05-17 16:00,2026-05-17,16,600000,ОЭС СР. ВОЛГИ,13623,12402
2026-05-17 17:00,2026-05-17,17,600000,ОЭС СР. ВОЛГИ,13717,12301
2026-05-17 18:00,2026-05-17,18,600000,ОЭС СР. ВОЛГИ,13430,12228
2026-05-17 19:00,2026-05-17,19,600000,ОЭС СР. ВОЛГИ,13240,12121
2026-05-17 20:00,2026-05-17,20,600000,ОЭС СР. ВОЛГИ,13143,12373
2026-05-17 21:00,2026-05-17,21,600000,ОЭС СР. ВОЛГИ,13077,12556
2026-05-17 22:00,2026-05-17,22,600000,ОЭС СР. ВОЛГИ,12652,11866
2026-05-17 23:00,2026-05-17,23,600000,ОЭС СР. ВОЛГИ,11986,11208
2026-05-18 00:00,2026-05-18,0,600000,ОЭС СР. ВОЛГИ,12005,10628
2026-05-18 01:00,2026-05-18,1,600000,ОЭС СР. ВОЛГИ,11718,10348
2026-05-18 02:00,2026-05-18,2,600000,ОЭС СР. ВОЛГИ,11894,10280
2026-05-18 03:00,2026-05-18,3,600000,ОЭС СР. ВОЛГИ,11897,10325
2026-05-18 04:00,2026-05-18,4,600000,ОЭС СР. ВОЛГИ,11795,10228
2026-05-18 05:00,2026-05-18,5,600000,ОЭС СР. ВОЛГИ,12067,10615
2026-05-18 06:00,2026-05-18,6,600000,ОЭС СР. ВОЛГИ,12420,11267
2026-05-18 07:00,2026-05-18,7,600000,ОЭС СР. ВОЛГИ,12698,12126
2026-05-18 08:00,2026-05-18,8,600000,ОЭС СР. ВОЛГИ,13765,13072
2026-05-18 09:00,2026-05-18,9,600000,ОЭС СР. ВОЛГИ,13841,13459
2026-05-18 10:00,2026-05-18,10,600000,ОЭС СР. ВОЛГИ,14141,13452
2026-05-18 11:00,2026-05-18,11,600000,ОЭС СР. ВОЛГИ,14183,13440
2026-05-18 12:00,2026-05-18,12,600000,ОЭС СР. ВОЛГИ,14067,13466
2026-05-18 13:00,2026-05-18,13,600000,ОЭС СР. ВОЛГИ,14411,13745
2026-05-18 14:00,2026-05-18,14,600000,ОЭС СР. ВОЛГИ,14440,13729
2026-05-18 15:00,2026-05-18,15,600000,ОЭС СР. ВОЛГИ,14432,13584
2026-05-18 16:00,2026-05-18,16,600000,ОЭС СР. ВОЛГИ,14403,13550
2026-05-18 17:00,2026-05-18,17,600000,ОЭС СР. ВОЛГИ,14232,13308
2026-05-18 18:00,2026-05-18,18,600000,ОЭС СР. ВОЛГИ,13670,13060
2026-05-18 19:00,2026-05-18,19,600000,ОЭС СР. ВОЛГИ,13333,12686
2026-05-18 20:00,2026-05-18,20,600000,ОЭС СР. ВОЛГИ,13251,12768
2026-05-18 21:00,2026-05-18,21,600000,ОЭС СР. ВОЛГИ,13188,12854
2026-05-18 22:00,2026-05-18,22,600000,ОЭС СР. ВОЛГИ,12680,12401
2026-05-18 23:00,2026-05-18,23,600000,ОЭС СР. ВОЛГИ,12540,11363
2026-05-19 00:00,2026-05-19,0,600000,ОЭС СР. ВОЛГИ,12240,10879
2026-05-19 01:00,2026-05-19,1,600000,ОЭС СР. ВОЛГИ,12329,10640
2026-05-19 02:00,2026-05-19,2,600000,ОЭС СР. ВОЛГИ,12035,10388
2026-05-19 03:00,2026-05-19,3,600000,ОЭС СР. ВОЛГИ,12032,10306
2026-05-19 04:00,2026-05-19,4,600000,ОЭС СР. ВОЛГИ,12073,10277
2026-05-19 05:00,2026-05-19,5,600000,ОЭС СР. ВОЛГИ,12341,10531
2026-05-19 06:00,2026-05-19,6,600000,ОЭС СР. ВОЛГИ,12691,11302
2026-05-19 07:00,2026-05-19,7,600000,ОЭС СР. ВОЛГИ,12896,12064
2026-05-19 08:00,2026-05-19,8,600000,ОЭС СР. ВОЛГИ,13090,12910
2026-05-19 09:00,2026-05-19,9,600000,ОЭС СР. ВОЛГИ,13239,13381
2026-05-19 10:00,2026-05-19,10,600000,ОЭС СР. ВОЛГИ,13501,13485
2026-05-19 11:00,2026-05-19,11,600000,ОЭС СР. ВОЛГИ,13685,13415
2026-05-19 12:00,2026-05-19,12,600000,ОЭС СР. ВОЛГИ,13674,13438
2026-05-19 13:00,2026-05-19,13,600000,ОЭС СР. ВОЛГИ,14096,13678
2026-05-19 14:00,2026-05-19,14,600000,ОЭС СР. ВОЛГИ,14205,13683
2026-05-19 15:00,2026-05-19,15,600000,ОЭС СР. ВОЛГИ,14101,13446
2026-05-19 16:00,2026-05-19,16,600000,ОЭС СР. ВОЛГИ,13944,13314
2026-05-19 17:00,2026-05-19,17,600000,ОЭС СР. ВОЛГИ,13814,13231
2026-05-19 18:00,2026-05-19,18,600000,ОЭС СР. ВОЛГИ,13578,13043
2026-05-19 19:00,2026-05-19,19,600000,ОЭС СР. ВОЛГИ,13462,12729
2026-05-19 20:00,2026-05-19,20,600000,ОЭС СР. ВОЛГИ,13250,12549
2026-05-19 21:00,2026-05-19,21,600000,ОЭС СР. ВОЛГИ,13178,12704
2026-05-19 22:00,2026-05-19,22,600000,ОЭС СР. ВОЛГИ,12623,12132
2026-05-19 23:00,2026-05-19,23,600000,ОЭС СР. ВОЛГИ,12278,11432
2026-05-20 00:00,2026-05-20,0,600000,ОЭС СР. ВОЛГИ,12357,10971
2026-05-20 01:00,2026-05-20,1,600000,ОЭС СР. ВОЛГИ,12575,10580
2026-05-20 02:00,2026-05-20,2,600000,ОЭС СР. ВОЛГИ,12471,10395
2026-05-20 03:00,2026-05-20,3,600000,ОЭС СР. ВОЛГИ,12141,10276
2026-05-20 04:00,2026-05-20,4,600000,ОЭС СР. ВОЛГИ,12143,10146
2026-05-20 05:00,2026-05-20,5,600000,ОЭС СР. ВОЛГИ,12250,10541
2026-05-20 06:00,2026-05-20,6,600000,ОЭС СР. ВОЛГИ,12452,11190
2026-05-20 07:00,2026-05-20,7,600000,ОЭС СР. ВОЛГИ,12737,11864
2026-05-20 08:00,2026-05-20,8,600000,ОЭС СР. ВОЛГИ,13461,12989
2026-05-20 09:00,2026-05-20,9,600000,ОЭС СР. ВОЛГИ,14188,13401
2026-05-20 10:00,2026-05-20,10,600000,ОЭС СР. ВОЛГИ,14557,13690
2026-05-20 11:00,2026-05-20,11,600000,ОЭС СР. ВОЛГИ,14324,13731
2026-05-20 12:00,2026-05-20,12,600000,ОЭС СР. ВОЛГИ,14487,13736
2026-05-20 13:00,2026-05-20,13,600000,ОЭС СР. ВОЛГИ,14628,13847
2026-05-20 14:00,2026-05-20,14,600000,ОЭС СР. ВОЛГИ,14612,13662
2026-05-20 15:00,2026-05-20,15,600000,ОЭС СР. ВОЛГИ,14547,13690
2026-05-20 16:00,2026-05-20,16,600000,ОЭС СР. ВОЛГИ,14430,13629
2026-05-20 17:00,2026-05-20,17,600000,ОЭС СР. ВОЛГИ,14240,13408
2026-05-20 18:00,2026-05-20,18,600000,ОЭС СР. ВОЛГИ,14148,13241
2026-05-20 19:00,2026-05-20,19,600000,ОЭС СР. ВОЛГИ,13746,12815
2026-05-20 20:00,2026-05-20,20,600000,ОЭС СР. ВОЛГИ,13271,12713
2026-05-20 21:00,2026-05-20,21,600000,ОЭС СР. ВОЛГИ,12987,12904
2026-05-20 22:00,2026-05-20,22,600000,ОЭС СР. ВОЛГИ,12940,12334
2026-05-20 23:00,2026-05-20,23,600000,ОЭС СР. ВОЛГИ,12643,11513
2026-05-21 00:00,2026-05-21,0,600000,ОЭС СР. ВОЛГИ,12498,10931
2026-05-21 01:00,2026-05-21,1,600000,ОЭС СР. ВОЛГИ,12422,10505
2026-05-21 02:00,2026-05-21,2,600000,ОЭС СР. ВОЛГИ,12288,10467
2026-05-21 03:00,2026-05-21,3,600000,ОЭС СР. ВОЛГИ,12216,10312
2026-05-21 04:00,2026-05-21,4,600000,ОЭС СР. ВОЛГИ,12184,9997
2026-05-21 05:00,2026-05-21,5,600000,ОЭС СР. ВОЛГИ,12347,10665
2026-05-21 06:00,2026-05-21,6,600000,ОЭС СР. ВОЛГИ,12607,11099
2026-05-21 07:00,2026-05-21,7,600000,ОЭС СР. ВОЛГИ,12732,11912
2026-05-21 08:00,2026-05-21,8,600000,ОЭС СР. ВОЛГИ,13001,13003
2026-05-21 09:00,2026-05-21,9,600000,ОЭС СР. ВОЛГИ,13797,13260
2026-05-21 10:00,2026-05-21,10,600000,ОЭС СР. ВОЛГИ,13788,13333
2026-05-21 11:00,2026-05-21,11,600000,ОЭС СР. ВОЛГИ,14090,13325
2026-05-21 12:00,2026-05-21,12,600000,ОЭС СР. ВОЛГИ,14224,13497
2026-05-21 13:00,2026-05-21,13,600000,ОЭС СР. ВОЛГИ,14098,13635
2026-05-21 14:00,2026-05-21,14,600000,ОЭС СР. ВОЛГИ,14137,13466
2026-05-21 15:00,2026-05-21,15,600000,ОЭС СР. ВОЛГИ,14068,13580
2026-05-21 16:00,2026-05-21,16,600000,ОЭС СР. ВОЛГИ,14137,13522
2026-05-21 17:00,2026-05-21,17,600000,ОЭС СР. ВОЛГИ,14183,13219
2026-05-21 18:00,2026-05-21,18,600000,ОЭС СР. ВОЛГИ,13990,12969
2026-05-21 19:00,2026-05-21,19,600000,ОЭС СР. ВОЛГИ,13794,12620
2026-05-21 20:00,2026-05-21,20,600000,ОЭС СР. ВОЛГИ,13466,12695
2026-05-21 21:00,2026-05-21,21,600000,ОЭС СР. ВОЛГИ,13423,12615
2026-05-21 22:00,2026-05-21,22,600000,ОЭС СР. ВОЛГИ,12716,12228
2026-05-21 23:00,2026-05-21,23,600000,ОЭС СР. ВОЛГИ,12493,11427
2026-05-22 00:00,2026-05-22,0,600000,ОЭС СР. ВОЛГИ,12494,10896
2026-05-22 01:00,2026-05-22,1,600000,ОЭС СР. ВОЛГИ,12412,10416
2026-05-22 02:00,2026-05-22,2,600000,ОЭС СР. ВОЛГИ,12384,10402
2026-05-22 03:00,2026-05-22,3,600000,ОЭС СР. ВОЛГИ,12337,10231
2026-05-22 04:00,2026-05-22,4,600000,ОЭС СР. ВОЛГИ,12343,10162
2026-05-22 05:00,2026-05-22,5,600000,ОЭС СР. ВОЛГИ,12366,10516
2026-05-22 06:00,2026-05-22,6,600000,ОЭС СР. ВОЛГИ,12472,11108
2026-05-22 07:00,2026-05-22,7,600000,ОЭС СР. ВОЛГИ,12704,12083
2026-05-22 08:00,2026-05-22,8,600000,ОЭС СР. ВОЛГИ,12925,12855
2026-05-22 09:00,2026-05-22,9,600000,ОЭС СР. ВОЛГИ,13571,13354
2026-05-22 10:00,2026-05-22,10,600000,ОЭС СР. ВОЛГИ,14150,13561
2026-05-22 11:00,2026-05-22,11,600000,ОЭС СР. ВОЛГИ,14278,13412
2026-05-22 12:00,2026-05-22,12,600000,ОЭС СР. ВОЛГИ,14299,13394
2026-05-22 13:00,2026-05-22,13,600000,ОЭС СР. ВОЛГИ,14320,13616
2026-05-22 14:00,2026-05-22,14,600000,ОЭС СР. ВОЛГИ,14301,13374
2026-05-22 15:00,2026-05-22,15,600000,ОЭС СР. ВОЛГИ,14298,13282
2026-05-22 16:00,2026-05-22,16,600000,ОЭС СР. ВОЛГИ,14111,13294
2026-05-22 17:00,2026-05-22,17,600000,ОЭС СР. ВОЛГИ,13929,13060
2026-05-22 18:00,2026-05-22,18,600000,ОЭС СР. ВОЛГИ,13714,12862
2026-05-22 19:00,2026-05-22,19,600000,ОЭС СР. ВОЛГИ,13210,12326
2026-05-22 20:00,2026-05-22,20,600000,ОЭС СР. ВОЛГИ,13156,12353
2026-05-22 21:00,2026-05-22,21,600000,ОЭС СР. ВОЛГИ,12922,12650
2026-05-22 22:00,2026-05-22,22,600000,ОЭС СР. ВОЛГИ,12207,12173
2026-05-22 23:00,2026-05-22,23,600000,ОЭС СР. ВОЛГИ,12290,11194
2026-05-23 00:00,2026-05-23,0,600000,ОЭС СР. ВОЛГИ,12265,10684
2026-05-23 01:00,2026-05-23,1,600000,ОЭС СР. ВОЛГИ,11992,10281
2026-05-23 02:00,2026-05-23,2,600000,ОЭС СР. ВОЛГИ,12069,10249
2026-05-23 03:00,2026-05-23,3,600000,ОЭС СР. ВОЛГИ,12067,9991
2026-05-23 04:00,2026-05-23,4,600000,ОЭС СР. ВОЛГИ,12045,9887
2026-05-23 05:00,2026-05-23,5,600000,ОЭС СР. ВОЛГИ,11942,10142
2026-05-23 06:00,2026-05-23,6,600000,ОЭС СР. ВОЛГИ,12060,10468
2026-05-23 07:00,2026-05-23,7,600000,ОЭС СР. ВОЛГИ,12250,10915
2026-05-23 08:00,2026-05-23,8,600000,ОЭС СР. ВОЛГИ,12495,11790
2026-05-23 09:00,2026-05-23,9,600000,ОЭС СР. ВОЛГИ,12745,12272
2026-05-23 10:00,2026-05-23,10,600000,ОЭС СР. ВОЛГИ,13224,12640
2026-05-23 11:00,2026-05-23,11,600000,ОЭС СР. ВОЛГИ,13295,12557
2026-05-23 12:00,2026-05-23,12,600000,ОЭС СР. ВОЛГИ,13289,12701
2026-05-23 13:00,2026-05-23,13,600000,ОЭС СР. ВОЛГИ,13277,12754
2026-05-23 14:00,2026-05-23,14,600000,ОЭС СР. ВОЛГИ,13272,12551
2026-05-23 15:00,2026-05-23,15,600000,ОЭС СР. ВОЛГИ,12933,12421
2026-05-23 16:00,2026-05-23,16,600000,ОЭС СР. ВОЛГИ,12778,12513
2026-05-23 17:00,2026-05-23,17,600000,ОЭС СР. ВОЛГИ,12895,12333
2026-05-23 18:00,2026-05-23,18,600000,ОЭС СР. ВОЛГИ,13021,12168
2026-05-23 19:00,2026-05-23,19,600000,ОЭС СР. ВОЛГИ,12836,12028
2026-05-23 20:00,2026-05-23,20,600000,ОЭС СР. ВОЛГИ,12843,11934
2026-05-23 21:00,2026-05-23,21,600000,ОЭС СР. ВОЛГИ,12689,12199
2026-05-23 22:00,2026-05-23,22,600000,ОЭС СР. ВОЛГИ,12181,11588
2026-05-23 23:00,2026-05-23,23,600000,ОЭС СР. ВОЛГИ,11983,10962
2026-05-24 00:00,2026-05-24,0,600000,ОЭС СР. ВОЛГИ,12066,10598
2026-05-24 01:00,2026-05-24,1,600000,ОЭС СР. ВОЛГИ,11833,10211
2026-05-24 02:00,2026-05-24,2,600000,ОЭС СР. ВОЛГИ,11841,9945
2026-05-24 03:00,2026-05-24,3,600000,ОЭС СР. ВОЛГИ,11856,9811
2026-05-24 04:00,2026-05-24,4,600000,ОЭС СР. ВОЛГИ,11748,9614
2026-05-24 05:00,2026-05-24,5,600000,ОЭС СР. ВОЛГИ,11743,9864
2026-05-24 06:00,2026-05-24,6,600000,ОЭС СР. ВОЛГИ,11761,9948
2026-05-24 07:00,2026-05-24,7,600000,ОЭС СР. ВОЛГИ,11871,10627
2026-05-24 08:00,2026-05-24,8,600000,ОЭС СР. ВОЛГИ,12197,11322
2026-05-24 09:00,2026-05-24,9,600000,ОЭС СР. ВОЛГИ,12276,11840
2026-05-24 10:00,2026-05-24,10,600000,ОЭС СР. ВОЛГИ,12798,12071
2026-05-24 11:00,2026-05-24,11,600000,ОЭС СР. ВОЛГИ,12890,12381
2026-05-24 12:00,2026-05-24,12,600000,ОЭС СР. ВОЛГИ,12682,12253
2026-05-24 13:00,2026-05-24,13,600000,ОЭС СР. ВОЛГИ,12723,12223
2026-05-24 14:00,2026-05-24,14,600000,ОЭС СР. ВОЛГИ,12611,12055
2026-05-24 15:00,2026-05-24,15,600000,ОЭС СР. ВОЛГИ,12585,12195
2026-05-24 16:00,2026-05-24,16,600000,ОЭС СР. ВОЛГИ,12785,12313
2026-05-24 17:00,2026-05-24,17,600000,ОЭС СР. ВОЛГИ,12686,12227
2026-05-24 18:00,2026-05-24,18,600000,ОЭС СР. ВОЛГИ,12788,12085
2026-05-24 19:00,2026-05-24,19,600000,ОЭС СР. ВОЛГИ,12736,12072
2026-05-24 20:00,2026-05-24,20,600000,ОЭС СР. ВОЛГИ,12784,11983
2026-05-24 21:00,2026-05-24,21,600000,ОЭС СР. ВОЛГИ,12769,12294
2026-05-24 22:00,2026-05-24,22,600000,ОЭС СР. ВОЛГИ,12416,11689
2026-05-24 23:00,2026-05-24,23,600000,ОЭС СР. ВОЛГИ,12032,11025
2026-05-25 00:00,2026-05-25,0,600000,ОЭС СР. ВОЛГИ,12011,10554
2026-05-25 01:00,2026-05-25,1,600000,ОЭС СР. ВОЛГИ,11695,10274
2026-05-25 02:00,2026-05-25,2,600000,ОЭС СР. ВОЛГИ,11548,10041
2026-05-25 03:00,2026-05-25,3,600000,ОЭС СР. ВОЛГИ,11554,9846
2026-05-25 04:00,2026-05-25,4,600000,ОЭС СР. ВОЛГИ,11555,9883
2026-05-25 05:00,2026-05-25,5,600000,ОЭС СР. ВОЛГИ,11602,10174
2026-05-25 06:00,2026-05-25,6,600000,ОЭС СР. ВОЛГИ,11862,10980
2026-05-25 07:00,2026-05-25,7,600000,ОЭС СР. ВОЛГИ,12101,11822
2026-05-25 08:00,2026-05-25,8,600000,ОЭС СР. ВОЛГИ,12627,12883
2026-05-25 09:00,2026-05-25,9,600000,ОЭС СР. ВОЛГИ,13147,13232
2026-05-25 10:00,2026-05-25,10,600000,ОЭС СР. ВОЛГИ,13339,13505
2026-05-25 11:00,2026-05-25,11,600000,ОЭС СР. ВОЛГИ,13511,13187
2026-05-25 12:00,2026-05-25,12,600000,ОЭС СР. ВОЛГИ,13515,13239
2026-05-25 13:00,2026-05-25,13,600000,ОЭС СР. ВОЛГИ,13522,13366
2026-05-25 14:00,2026-05-25,14,600000,ОЭС СР. ВОЛГИ,13423,13338
2026-05-25 15:00,2026-05-25,15,600000,ОЭС СР. ВОЛГИ,13363,13301
2026-05-25 16:00,2026-05-25,16,600000,ОЭС СР. ВОЛГИ,13296,13063
2026-05-25 17:00,2026-05-25,17,600000,ОЭС СР. ВОЛГИ,13191,12985
2026-05-25 18:00,2026-05-25,18,600000,ОЭС СР. ВОЛГИ,13063,12784
2026-05-25 19:00,2026-05-25,19,600000,ОЭС СР. ВОЛГИ,12819,12456
2026-05-25 20:00,2026-05-25,20,600000,ОЭС СР. ВОЛГИ,12896,12503
2026-05-25 21:00,2026-05-25,21,600000,ОЭС СР. ВОЛГИ,12819,12609
2026-05-25 22:00,2026-05-25,22,600000,ОЭС СР. ВОЛГИ,12090,12036
2026-05-25 23:00,2026-05-25,23,600000,ОЭС СР. ВОЛГИ,11965,11215
2026-05-26 00:00,2026-05-26,0,600000,ОЭС СР. ВОЛГИ,11831,10677
2026-05-26 01:00,2026-05-26,1,600000,ОЭС СР. ВОЛГИ,11548,10357
2026-05-26 02:00,2026-05-26,2,600000,ОЭС СР. ВОЛГИ,11526,10325
2026-05-26 03:00,2026-05-26,3,600000,ОЭС СР. ВОЛГИ,11572,10193
2026-05-26 04:00,2026-05-26,4,600000,ОЭС СР. ВОЛГИ,11568,10088
2026-05-26 05:00,2026-05-26,5,600000,ОЭС СР. ВОЛГИ,11554,10225
2026-05-26 06:00,2026-05-26,6,600000,ОЭС СР. ВОЛГИ,11761,10938
2026-05-26 07:00,2026-05-26,7,600000,ОЭС СР. ВОЛГИ,12089,11673
2026-05-26 08:00,2026-05-26,8,600000,ОЭС СР. ВОЛГИ,12462,12532
2026-05-26 09:00,2026-05-26,9,600000,ОЭС СР. ВОЛГИ,12994,13029
2026-05-26 10:00,2026-05-26,10,600000,ОЭС СР. ВОЛГИ,13013,12900
2026-05-26 11:00,2026-05-26,11,600000,ОЭС СР. ВОЛГИ,13008,12808
2026-05-26 12:00,2026-05-26,12,600000,ОЭС СР. ВОЛГИ,12947,12786
2026-05-26 13:00,2026-05-26,13,600000,ОЭС СР. ВОЛГИ,12848,12920
2026-05-26 14:00,2026-05-26,14,600000,ОЭС СР. ВОЛГИ,12899,12760
2026-05-26 15:00,2026-05-26,15,600000,ОЭС СР. ВОЛГИ,12861,12566
2026-05-26 16:00,2026-05-26,16,600000,ОЭС СР. ВОЛГИ,12626,12666
2026-05-26 17:00,2026-05-26,17,600000,ОЭС СР. ВОЛГИ,12522,12558
2026-05-26 18:00,2026-05-26,18,600000,ОЭС СР. ВОЛГИ,12464,12418
2026-05-26 19:00,2026-05-26,19,600000,ОЭС СР. ВОЛГИ,12280,12011
2026-05-26 20:00,2026-05-26,20,600000,ОЭС СР. ВОЛГИ,12187,12156
2026-05-26 21:00,2026-05-26,21,600000,ОЭС СР. ВОЛГИ,12352,12199
2026-05-26 22:00,2026-05-26,22,600000,ОЭС СР. ВОЛГИ,11923,11886
2026-05-26 23:00,2026-05-26,23,600000,ОЭС СР. ВОЛГИ,11836,11115
2026-05-27 00:00,2026-05-27,0,600000,ОЭС СР. ВОЛГИ,11853,10526
2026-05-27 01:00,2026-05-27,1,600000,ОЭС СР. ВОЛГИ,11526,10352
2026-05-27 02:00,2026-05-27,2,600000,ОЭС СР. ВОЛГИ,11482,10169
2026-05-27 03:00,2026-05-27,3,600000,ОЭС СР. ВОЛГИ,11466,10080
2026-05-27 04:00,2026-05-27,4,600000,ОЭС СР. ВОЛГИ,11469,9861
2026-05-27 05:00,2026-05-27,5,600000,ОЭС СР. ВОЛГИ,11544,10285
2026-05-27 06:00,2026-05-27,6,600000,ОЭС СР. ВОЛГИ,11821,10849
2026-05-27 07:00,2026-05-27,7,600000,ОЭС СР. ВОЛГИ,11938,11458
2026-05-27 08:00,2026-05-27,8,600000,ОЭС СР. ВОЛГИ,12229,12333
2026-05-27 09:00,2026-05-27,9,600000,ОЭС СР. ВОЛГИ,12906,12788
2026-05-27 10:00,2026-05-27,10,600000,ОЭС СР. ВОЛГИ,12998,12819
2026-05-27 11:00,2026-05-27,11,600000,ОЭС СР. ВОЛГИ,13028,12803
2026-05-27 12:00,2026-05-27,12,600000,ОЭС СР. ВОЛГИ,12967,12629
2026-05-27 13:00,2026-05-27,13,600000,ОЭС СР. ВОЛГИ,12960,12822
2026-05-27 14:00,2026-05-27,14,600000,ОЭС СР. ВОЛГИ,12802,12741
2026-05-27 15:00,2026-05-27,15,600000,ОЭС СР. ВОЛГИ,12933,12551
2026-05-27 16:00,2026-05-27,16,600000,ОЭС СР. ВОЛГИ,12732,12549
2026-05-27 17:00,2026-05-27,17,600000,ОЭС СР. ВОЛГИ,12532,12320
2026-05-27 18:00,2026-05-27,18,600000,ОЭС СР. ВОЛГИ,12280,12317
2026-05-27 19:00,2026-05-27,19,600000,ОЭС СР. ВОЛГИ,12282,11991
2026-05-27 20:00,2026-05-27,20,600000,ОЭС СР. ВОЛГИ,12306,12078
2026-05-27 21:00,2026-05-27,21,600000,ОЭС СР. ВОЛГИ,12260,12264
2026-05-27 22:00,2026-05-27,22,600000,ОЭС СР. ВОЛГИ,11890,11732
2026-05-27 23:00,2026-05-27,23,600000,ОЭС СР. ВОЛГИ,11961,11268
2026-05-28 00:00,2026-05-28,0,600000,ОЭС СР. ВОЛГИ,11972,10700
2026-05-28 01:00,2026-05-28,1,600000,ОЭС СР. ВОЛГИ,11715,10576
2026-05-28 02:00,2026-05-28,2,600000,ОЭС СР. ВОЛГИ,11570,10497
2026-05-28 03:00,2026-05-28,3,600000,ОЭС СР. ВОЛГИ,11536,10240
2026-05-28 04:00,2026-05-28,4,600000,ОЭС СР. ВОЛГИ,11504,10182
2026-05-28 05:00,2026-05-28,5,600000,ОЭС СР. ВОЛГИ,11521,10500
2026-05-28 06:00,2026-05-28,6,600000,ОЭС СР. ВОЛГИ,11601,10985
2026-05-28 07:00,2026-05-28,7,600000,ОЭС СР. ВОЛГИ,11838,11758
2026-05-28 08:00,2026-05-28,8,600000,ОЭС СР. ВОЛГИ,12174,12550
2026-05-28 09:00,2026-05-28,9,600000,ОЭС СР. ВОЛГИ,12901,12822
2026-05-28 10:00,2026-05-28,10,600000,ОЭС СР. ВОЛГИ,12960,13050
2026-05-28 11:00,2026-05-28,11,600000,ОЭС СР. ВОЛГИ,12996,13011
2026-05-28 12:00,2026-05-28,12,600000,ОЭС СР. ВОЛГИ,13074,13035
2026-05-28 13:00,2026-05-28,13,600000,ОЭС СР. ВОЛГИ,13023,12978
2026-05-28 14:00,2026-05-28,14,600000,ОЭС СР. ВОЛГИ,12974,12931
2026-05-28 15:00,2026-05-28,15,600000,ОЭС СР. ВОЛГИ,12993,12574
2026-05-28 16:00,2026-05-28,16,600000,ОЭС СР. ВОЛГИ,12744,12839
2026-05-28 17:00,2026-05-28,17,600000,ОЭС СР. ВОЛГИ,12589,12672
2026-05-28 18:00,2026-05-28,18,600000,ОЭС СР. ВОЛГИ,12576,12395
2026-05-28 19:00,2026-05-28,19,600000,ОЭС СР. ВОЛГИ,12542,12245
2026-05-28 20:00,2026-05-28,20,600000,ОЭС СР. ВОЛГИ,12523,12358
2026-05-28 21:00,2026-05-28,21,600000,ОЭС СР. ВОЛГИ,12540,12322
2026-05-28 22:00,2026-05-28,22,600000,ОЭС СР. ВОЛГИ,12155,12178
2026-05-28 23:00,2026-05-28,23,600000,ОЭС СР. ВОЛГИ,11987,11443
2026-05-29 00:00,2026-05-29,0,600000,ОЭС СР. ВОЛГИ,11758,10757
2026-05-29 01:00,2026-05-29,1,600000,ОЭС СР. ВОЛГИ,11795,10606
2026-05-29 02:00,2026-05-29,2,600000,ОЭС СР. ВОЛГИ,11591,10481
2026-05-29 03:00,2026-05-29,3,600000,ОЭС СР. ВОЛГИ,11521,10247
2026-05-29 04:00,2026-05-29,4,600000,ОЭС СР. ВОЛГИ,11550,10137
2026-05-29 05:00,2026-05-29,5,600000,ОЭС СР. ВОЛГИ,11678,10547
2026-05-29 06:00,2026-05-29,6,600000,ОЭС СР. ВОЛГИ,11806,11073
2026-05-29 07:00,2026-05-29,7,600000,ОЭС СР. ВОЛГИ,12030,11813
2026-05-29 08:00,2026-05-29,8,600000,ОЭС СР. ВОЛГИ,12543,12548
2026-05-29 09:00,2026-05-29,9,600000,ОЭС СР. ВОЛГИ,13071,13000
2026-05-29 10:00,2026-05-29,10,600000,ОЭС СР. ВОЛГИ,13647,13136
2026-05-29 11:00,2026-05-29,11,600000,ОЭС СР. ВОЛГИ,13209,12975
2026-05-29 12:00,2026-05-29,12,600000,ОЭС СР. ВОЛГИ,13238,12962
2026-05-29 13:00,2026-05-29,13,600000,ОЭС СР. ВОЛГИ,13140,12750
2026-05-29 14:00,2026-05-29,14,600000,ОЭС СР. ВОЛГИ,13010,12766
2026-05-29 15:00,2026-05-29,15,600000,ОЭС СР. ВОЛГИ,12961,12619
2026-05-29 16:00,2026-05-29,16,600000,ОЭС СР. ВОЛГИ,12732,12403
2026-05-29 17:00,2026-05-29,17,600000,ОЭС СР. ВОЛГИ,12619,12380
2026-05-29 18:00,2026-05-29,18,600000,ОЭС СР. ВОЛГИ,12585,12430
2026-05-29 19:00,2026-05-29,19,600000,ОЭС СР. ВОЛГИ,12591,12083
2026-05-29 20:00,2026-05-29,20,600000,ОЭС СР. ВОЛГИ,12692,12004
2026-05-29 21:00,2026-05-29,21,600000,ОЭС СР. ВОЛГИ,12712,12393
2026-05-29 22:00,2026-05-29,22,600000,ОЭС СР. ВОЛГИ,12278,12122
2026-05-29 23:00,2026-05-29,23,600000,ОЭС СР. ВОЛГИ,12036,11555
2026-05-30 00:00,2026-05-30,0,600000,ОЭС СР. ВОЛГИ,11770,10923
2026-05-30 01:00,2026-05-30,1,600000,ОЭС СР. ВОЛГИ,11449,10576
2026-05-30 02:00,2026-05-30,2,600000,ОЭС СР. ВОЛГИ,11262,10584
2026-05-30 03:00,2026-05-30,3,600000,ОЭС СР. ВОЛГИ,11168,10385
2026-05-30 04:00,2026-05-30,4,600000,ОЭС СР. ВОЛГИ,10691,10166
2026-05-30 05:00,2026-05-30,5,600000,ОЭС СР. ВОЛГИ,10894,10289
2026-05-30 06:00,2026-05-30,6,600000,ОЭС СР. ВОЛГИ,11012,10556
2026-05-30 07:00,2026-05-30,7,600000,ОЭС СР. ВОЛГИ,11577,10871
2026-05-30 08:00,2026-05-30,8,600000,ОЭС СР. ВОЛГИ,11811,11722
2026-05-30 09:00,2026-05-30,9,600000,ОЭС СР. ВОЛГИ,12031,11925
2026-05-30 10:00,2026-05-30,10,600000,ОЭС СР. ВОЛГИ,12482,12046
2026-05-30 11:00,2026-05-30,11,600000,ОЭС СР. ВОЛГИ,12201,12178
2026-05-30 12:00,2026-05-30,12,600000,ОЭС СР. ВОЛГИ,12271,12113
2026-05-30 13:00,2026-05-30,13,600000,ОЭС СР. ВОЛГИ,12428,12143
2026-05-30 14:00,2026-05-30,14,600000,ОЭС СР. ВОЛГИ,12281,12061
2026-05-30 15:00,2026-05-30,15,600000,ОЭС СР. ВОЛГИ,12506,11985
2026-05-30 16:00,2026-05-30,16,600000,ОЭС СР. ВОЛГИ,12239,12020
2026-05-30 17:00,2026-05-30,17,600000,ОЭС СР. ВОЛГИ,12565,11979
2026-05-30 18:00,2026-05-30,18,600000,ОЭС СР. ВОЛГИ,12891,12047
2026-05-30 19:00,2026-05-30,19,600000,ОЭС СР. ВОЛГИ,12801,11915
2026-05-30 20:00,2026-05-30,20,600000,ОЭС СР. ВОЛГИ,12597,11682
2026-05-30 21:00,2026-05-30,21,600000,ОЭС СР. ВОЛГИ,12355,12058
2026-05-30 22:00,2026-05-30,22,600000,ОЭС СР. ВОЛГИ,12078,11626
2026-05-30 23:00,2026-05-30,23,600000,ОЭС СР. ВОЛГИ,11623,10963
2026-05-31 00:00,2026-05-31,0,600000,ОЭС СР. ВОЛГИ,11559,10689
2026-05-31 01:00,2026-05-31,1,600000,ОЭС СР. ВОЛГИ,11470,10303
2026-05-31 02:00,2026-05-31,2,600000,ОЭС СР. ВОЛГИ,11290,10149
2026-05-31 03:00,2026-05-31,3,600000,ОЭС СР. ВОЛГИ,11268,10030
2026-05-31 04:00,2026-05-31,4,600000,ОЭС СР. ВОЛГИ,11310,9944
2026-05-31 05:00,2026-05-31,5,600000,ОЭС СР. ВОЛГИ,11413,9952
2026-05-31 06:00,2026-05-31,6,600000,ОЭС СР. ВОЛГИ,11439,10080
2026-05-31 07:00,2026-05-31,7,600000,ОЭС СР. ВОЛГИ,11648,10524
2026-05-31 08:00,2026-05-31,8,600000,ОЭС СР. ВОЛГИ,11798,11023
2026-05-31 09:00,2026-05-31,9,600000,ОЭС СР. ВОЛГИ,12124,11499
2026-05-31 10:00,2026-05-31,10,600000,ОЭС СР. ВОЛГИ,12517,11776
2026-05-31 11:00,2026-05-31,11,600000,ОЭС СР. ВОЛГИ,12644,11717
2026-05-31 12:00,2026-05-31,12,600000,ОЭС СР. ВОЛГИ,12463,11741
2026-05-31 13:00,2026-05-31,13,600000,ОЭС СР. ВОЛГИ,12357,11699
2026-05-31 14:00,2026-05-31,14,600000,ОЭС СР. ВОЛГИ,12298,11606
2026-05-31 15:00,2026-05-31,15,600000,ОЭС СР. ВОЛГИ,12414,11751
2026-05-31 16:00,2026-05-31,16,600000,ОЭС СР. ВОЛГИ,12011,11781
2026-05-31 17:00,2026-05-31,17,600000,ОЭС СР. ВОЛГИ,12043,11673
2026-05-31 18:00,2026-05-31,18,600000,ОЭС СР. ВОЛГИ,12019,11726
2026-05-31 19:00,2026-05-31,19,600000,ОЭС СР. ВОЛГИ,12018,11590
2026-05-31 20:00,2026-05-31,20,600000,ОЭС СР. ВОЛГИ,12247,11529
2026-05-31 21:00,2026-05-31,21,600000,ОЭС СР. ВОЛГИ,12282,11805
2026-05-31 22:00,2026-05-31,22,600000,ОЭС СР. ВОЛГИ,12147,11469
2026-05-31 23:00,2026-05-31,23,600000,ОЭС СР. ВОЛГИ,11780,10966
2026-06-01 00:00,2026-06-01,0,600000,ОЭС СР. ВОЛГИ,11487,10461
2026-06-01 01:00,2026-06-01,1,600000,ОЭС СР. ВОЛГИ,11466,10258
2026-06-01 02:00,2026-06-01,2,600000,ОЭС СР. ВОЛГИ,11288,10056
2026-06-01 03:00,2026-06-01,3,600000,ОЭС СР. ВОЛГИ,11240,9915
2026-06-01 04:00,2026-06-01,4,600000,ОЭС СР. ВОЛГИ,11210,9793
2026-06-01 05:00,2026-06-01,5,600000,ОЭС СР. ВОЛГИ,11387,10279
2026-06-01 06:00,2026-06-01,6,600000,ОЭС СР. ВОЛГИ,11542,10959
2026-06-01 07:00,2026-06-01,7,600000,ОЭС СР. ВОЛГИ,11762,11614
2026-06-01 08:00,2026-06-01,8,600000,ОЭС СР. ВОЛГИ,12129,12399
2026-06-01 09:00,2026-06-01,9,600000,ОЭС СР. ВОЛГИ,12663,12891
2026-06-01 10:00,2026-06-01,10,600000,ОЭС СР. ВОЛГИ,12834,13098
2026-06-01 11:00,2026-06-01,11,600000,ОЭС СР. ВОЛГИ,12947,12909
2026-06-01 12:00,2026-06-01,12,600000,ОЭС СР. ВОЛГИ,13150,12811
2026-06-01 13:00,2026-06-01,13,600000,ОЭС СР. ВОЛГИ,12918,13042
2026-06-01 14:00,2026-06-01,14,600000,ОЭС СР. ВОЛГИ,12806,12817
2026-06-01 15:00,2026-06-01,15,600000,ОЭС СР. ВОЛГИ,12772,12687
2026-06-01 16:00,2026-06-01,16,600000,ОЭС СР. ВОЛГИ,12566,12534
2026-06-01 17:00,2026-06-01,17,600000,ОЭС СР. ВОЛГИ,12566,12444
2026-06-01 18:00,2026-06-01,18,600000,ОЭС СР. ВОЛГИ,12546,12328
2026-06-01 19:00,2026-06-01,19,600000,ОЭС СР. ВОЛГИ,12479,12210
2026-06-01 20:00,2026-06-01,20,600000,ОЭС СР. ВОЛГИ,12518,12227
2026-06-01 21:00,2026-06-01,21,600000,ОЭС СР. ВОЛГИ,12532,12235
2026-06-01 22:00,2026-06-01,22,600000,ОЭС СР. ВОЛГИ,12383,11974
2026-06-01 23:00,2026-06-01,23,600000,ОЭС СР. ВОЛГИ,11854,11201
2026-06-02 00:00,2026-06-02,0,600000,ОЭС СР. ВОЛГИ,11710,10601
2026-06-02 01:00,2026-06-02,1,600000,ОЭС СР. ВОЛГИ,11664,10600
2026-06-02 02:00,2026-06-02,2,600000,ОЭС СР. ВОЛГИ,11637,10387
2026-06-02 03:00,2026-06-02,3,600000,ОЭС СР. ВОЛГИ,11624,10172
2026-06-02 04:00,2026-06-02,4,600000,ОЭС СР. ВОЛГИ,11596,10154
2026-06-02 05:00,2026-06-02,5,600000,ОЭС СР. ВОЛГИ,11601,10418
2026-06-02 06:00,2026-06-02,6,600000,ОЭС СР. ВОЛГИ,11762,11043
2026-06-02 07:00,2026-06-02,7,600000,ОЭС СР. ВОЛГИ,11910,11746
2026-06-02 08:00,2026-06-02,8,600000,ОЭС СР. ВОЛГИ,12011,12610
2026-06-02 09:00,2026-06-02,9,600000,ОЭС СР. ВОЛГИ,12703,12993
2026-06-02 10:00,2026-06-02,10,600000,ОЭС СР. ВОЛГИ,12999,12959
2026-06-02 11:00,2026-06-02,11,600000,ОЭС СР. ВОЛГИ,12811,12859
2026-06-02 12:00,2026-06-02,12,600000,ОЭС СР. ВОЛГИ,12526,12856
2026-06-02 13:00,2026-06-02,13,600000,ОЭС СР. ВОЛГИ,12760,12965
2026-06-02 14:00,2026-06-02,14,600000,ОЭС СР. ВОЛГИ,12733,12809
2026-06-02 15:00,2026-06-02,15,600000,ОЭС СР. ВОЛГИ,12623,12672
2026-06-02 16:00,2026-06-02,16,600000,ОЭС СР. ВОЛГИ,12531,12511
2026-06-02 17:00,2026-06-02,17,600000,ОЭС СР. ВОЛГИ,12416,12388
2026-06-02 18:00,2026-06-02,18,600000,ОЭС СР. ВОЛГИ,12309,12375
2026-06-02 19:00,2026-06-02,19,600000,ОЭС СР. ВОЛГИ,12350,12072
2026-06-02 20:00,2026-06-02,20,600000,ОЭС СР. ВОЛГИ,12352,12162
2026-06-02 21:00,2026-06-02,21,600000,ОЭС СР. ВОЛГИ,12316,12291
2026-06-02 22:00,2026-06-02,22,600000,ОЭС СР. ВОЛГИ,11621,11870
2026-06-02 23:00,2026-06-02,23,600000,ОЭС СР. ВОЛГИ,11591,11284
2026-06-03 00:00,2026-06-03,0,600000,ОЭС СР. ВОЛГИ,11554,10816
2026-06-03 01:00,2026-06-03,1,600000,ОЭС СР. ВОЛГИ,11360,10564
2026-06-03 02:00,2026-06-03,2,600000,ОЭС СР. ВОЛГИ,11211,10321
2026-06-03 03:00,2026-06-03,3,600000,ОЭС СР. ВОЛГИ,11322,10095
2026-06-03 04:00,2026-06-03,4,600000,ОЭС СР. ВОЛГИ,11316,10209
2026-06-03 05:00,2026-06-03,5,600000,ОЭС СР. ВОЛГИ,11245,10462
2026-06-03 06:00,2026-06-03,6,600000,ОЭС СР. ВОЛГИ,11343,11123
2026-06-03 07:00,2026-06-03,7,600000,ОЭС СР. ВОЛГИ,11468,11644
2026-06-03 08:00,2026-06-03,8,600000,ОЭС СР. ВОЛГИ,11817,12591
2026-06-03 09:00,2026-06-03,9,600000,ОЭС СР. ВОЛГИ,12418,13021
2026-06-03 10:00,2026-06-03,10,600000,ОЭС СР. ВОЛГИ,12954,13063
2026-06-03 11:00,2026-06-03,11,600000,ОЭС СР. ВОЛГИ,12877,12858
2026-06-03 12:00,2026-06-03,12,600000,ОЭС СР. ВОЛГИ,12671,12778
2026-06-03 13:00,2026-06-03,13,600000,ОЭС СР. ВОЛГИ,12587,12885
2026-06-03 14:00,2026-06-03,14,600000,ОЭС СР. ВОЛГИ,12420,12865
2026-06-03 15:00,2026-06-03,15,600000,ОЭС СР. ВОЛГИ,12658,12887
2026-06-03 16:00,2026-06-03,16,600000,ОЭС СР. ВОЛГИ,12572,12582
2026-06-03 17:00,2026-06-03,17,600000,ОЭС СР. ВОЛГИ,12112,12523
2026-06-03 18:00,2026-06-03,18,600000,ОЭС СР. ВОЛГИ,12143,12425
2026-06-03 19:00,2026-06-03,19,600000,ОЭС СР. ВОЛГИ,11917,12136
2026-06-03 20:00,2026-06-03,20,600000,ОЭС СР. ВОЛГИ,11934,12044
2026-06-03 21:00,2026-06-03,21,600000,ОЭС СР. ВОЛГИ,11949,12346
2026-06-03 22:00,2026-06-03,22,600000,ОЭС СР. ВОЛГИ,11603,12009
2026-06-03 23:00,2026-06-03,23,600000,ОЭС СР. ВОЛГИ,11292,11245
2026-06-04 00:00,2026-06-04,0,600000,ОЭС СР. ВОЛГИ,11034,10655
2026-06-04 01:00,2026-06-04,1,600000,ОЭС СР. ВОЛГИ,11146,10451
2026-06-04 02:00,2026-06-04,2,600000,ОЭС СР. ВОЛГИ,11119,10325
2026-06-04 03:00,2026-06-04,3,600000,ОЭС СР. ВОЛГИ,11001,10147
2026-06-04 04:00,2026-06-04,4,600000,ОЭС СР. ВОЛГИ,10954,10037
2026-06-04 05:00,2026-06-04,5,600000,ОЭС СР. ВОЛГИ,11129,10525
2026-06-04 06:00,2026-06-04,6,600000,ОЭС СР. ВОЛГИ,11265,10983
2026-06-04 07:00,2026-06-04,7,600000,ОЭС СР. ВОЛГИ,11553,11882
2026-06-04 08:00,2026-06-04,8,600000,ОЭС СР. ВОЛГИ,11935,12672
2026-06-04 09:00,2026-06-04,9,600000,ОЭС СР. ВОЛГИ,12636,13092
2026-06-04 10:00,2026-06-04,10,600000,ОЭС СР. ВОЛГИ,13040,13019
2026-06-04 11:00,2026-06-04,11,600000,ОЭС СР. ВОЛГИ,12998,13005
2026-06-04 12:00,2026-06-04,12,600000,ОЭС СР. ВОЛГИ,12952,13019
2026-06-04 13:00,2026-06-04,13,600000,ОЭС СР. ВОЛГИ,12793,13042
2026-06-04 14:00,2026-06-04,14,600000,ОЭС СР. ВОЛГИ,12790,12835
2026-06-04 15:00,2026-06-04,15,600000,ОЭС СР. ВОЛГИ,12860,12849
2026-06-04 16:00,2026-06-04,16,600000,ОЭС СР. ВОЛГИ,12909,12902
2026-06-04 17:00,2026-06-04,17,600000,ОЭС СР. ВОЛГИ,12835,12682
2026-06-04 18:00,2026-06-04,18,600000,ОЭС СР. ВОЛГИ,12834,12524
2026-06-04 19:00,2026-06-04,19,600000,ОЭС СР. ВОЛГИ,12827,12173
2026-06-04 20:00,2026-06-04,20,600000,ОЭС СР. ВОЛГИ,12541,12234
2026-06-04 21:00,2026-06-04,21,600000,ОЭС СР. ВОЛГИ,12170,12253
2026-06-04 22:00,2026-06-04,22,600000,ОЭС СР. ВОЛГИ,11855,12025
2026-06-04 23:00,2026-06-04,23,600000,ОЭС СР. ВОЛГИ,11412,11135
2026-06-05 00:00,2026-06-05,0,600000,ОЭС СР. ВОЛГИ,11110,10761
2026-06-05 01:00,2026-06-05,1,600000,ОЭС СР. ВОЛГИ,11182,10414
2026-06-05 02:00,2026-06-05,2,600000,ОЭС СР. ВОЛГИ,11072,10354
2026-06-05 03:00,2026-06-05,3,600000,ОЭС СР. ВОЛГИ,10902,10145
2026-06-05 04:00,2026-06-05,4,600000,ОЭС СР. ВОЛГИ,10904,10086
2026-06-05 05:00,2026-06-05,5,600000,ОЭС СР. ВОЛГИ,11070,10409
2026-06-05 06:00,2026-06-05,6,600000,ОЭС СР. ВОЛГИ,11247,10983
2026-06-05 07:00,2026-06-05,7,600000,ОЭС СР. ВОЛГИ,11289,11762
2026-06-05 08:00,2026-06-05,8,600000,ОЭС СР. ВОЛГИ,11570,12666
2026-06-05 09:00,2026-06-05,9,600000,ОЭС СР. ВОЛГИ,12388,13170
2026-06-05 10:00,2026-06-05,10,600000,ОЭС СР. ВОЛГИ,12717,13220
2026-06-05 11:00,2026-06-05,11,600000,ОЭС СР. ВОЛГИ,13072,13103
2026-06-05 12:00,2026-06-05,12,600000,ОЭС СР. ВОЛГИ,12702,13091
2026-06-05 13:00,2026-06-05,13,600000,ОЭС СР. ВОЛГИ,12721,12993
2026-06-05 14:00,2026-06-05,14,600000,ОЭС СР. ВОЛГИ,12611,13011
2026-06-05 15:00,2026-06-05,15,600000,ОЭС СР. ВОЛГИ,12179,12868
2026-06-05 16:00,2026-06-05,16,600000,ОЭС СР. ВОЛГИ,12155,12616
2026-06-05 17:00,2026-06-05,17,600000,ОЭС СР. ВОЛГИ,12341,12648
2026-06-05 18:00,2026-06-05,18,600000,ОЭС СР. ВОЛГИ,12485,12351
2026-06-05 19:00,2026-06-05,19,600000,ОЭС СР. ВОЛГИ,12007,12065
2026-06-05 20:00,2026-06-05,20,600000,ОЭС СР. ВОЛГИ,11864,12101
2026-06-05 21:00,2026-06-05,21,600000,ОЭС СР. ВОЛГИ,11151,12107
2026-06-05 22:00,2026-06-05,22,600000,ОЭС СР. ВОЛГИ,11398,11984
2026-06-05 23:00,2026-06-05,23,600000,ОЭС СР. ВОЛГИ,10952,11167
2026-06-06 00:00,2026-06-06,0,600000,ОЭС СР. ВОЛГИ,10914,10815
2026-06-06 01:00,2026-06-06,1,600000,ОЭС СР. ВОЛГИ,11038,10394
2026-06-06 02:00,2026-06-06,2,600000,ОЭС СР. ВОЛГИ,10813,10286
2026-06-06 03:00,2026-06-06,3,600000,ОЭС СР. ВОЛГИ,10841,10064
2026-06-06 04:00,2026-06-06,4,600000,ОЭС СР. ВОЛГИ,10771,10043
2026-06-06 05:00,2026-06-06,5,600000,ОЭС СР. ВОЛГИ,10936,9957
2026-06-06 06:00,2026-06-06,6,600000,ОЭС СР. ВОЛГИ,10981,10519
2026-06-06 07:00,2026-06-06,7,600000,ОЭС СР. ВОЛГИ,10930,10899
2026-06-06 08:00,2026-06-06,8,600000,ОЭС СР. ВОЛГИ,11295,11548
2026-06-06 09:00,2026-06-06,9,600000,ОЭС СР. ВОЛГИ,12103,12111
2026-06-06 10:00,2026-06-06,10,600000,ОЭС СР. ВОЛГИ,12440,12203
2026-06-06 11:00,2026-06-06,11,600000,ОЭС СР. ВОЛГИ,12556,12170
2026-06-06 12:00,2026-06-06,12,600000,ОЭС СР. ВОЛГИ,13016,12245
2026-06-06 13:00,2026-06-06,13,600000,ОЭС СР. ВОЛГИ,12864,12172
2026-06-06 14:00,2026-06-06,14,600000,ОЭС СР. ВОЛГИ,12344,12013
2026-06-06 15:00,2026-06-06,15,600000,ОЭС СР. ВОЛГИ,12892,11878
2026-06-06 16:00,2026-06-06,16,600000,ОЭС СР. ВОЛГИ,13044,12034
2026-06-06 17:00,2026-06-06,17,600000,ОЭС СР. ВОЛГИ,12492,12012
2026-06-06 18:00,2026-06-06,18,600000,ОЭС СР. ВОЛГИ,12048,11927
2026-06-06 19:00,2026-06-06,19,600000,ОЭС СР. ВОЛГИ,12188,11728
2026-06-06 20:00,2026-06-06,20,600000,ОЭС СР. ВОЛГИ,12220,11566
2026-06-06 21:00,2026-06-06,21,600000,ОЭС СР. ВОЛГИ,12363,11803
2026-06-06 22:00,2026-06-06,22,600000,ОЭС СР. ВОЛГИ,12266,11534
2026-06-06 23:00,2026-06-06,23,600000,ОЭС СР. ВОЛГИ,11542,10988
2026-06-07 00:00,2026-06-07,0,600000,ОЭС СР. ВОЛГИ,11356,10461
2026-06-07 01:00,2026-06-07,1,600000,ОЭС СР. ВОЛГИ,10813,10102
2026-06-07 02:00,2026-06-07,2,600000,ОЭС СР. ВОЛГИ,10957,10126
2026-06-07 03:00,2026-06-07,3,600000,ОЭС СР. ВОЛГИ,10549,9845
2026-06-07 04:00,2026-06-07,4,600000,ОЭС СР. ВОЛГИ,10471,9875
2026-06-07 05:00,2026-06-07,5,600000,ОЭС СР. ВОЛГИ,10481,9855
2026-06-07 06:00,2026-06-07,6,600000,ОЭС СР. ВОЛГИ,11354,9990
2026-06-07 07:00,2026-06-07,7,600000,ОЭС СР. ВОЛГИ,11059,10484
2026-06-07 08:00,2026-06-07,8,600000,ОЭС СР. ВОЛГИ,12325,11153
2026-06-07 09:00,2026-06-07,9,600000,ОЭС СР. ВОЛГИ,12843,11801
2026-06-07 10:00,2026-06-07,10,600000,ОЭС СР. ВОЛГИ,12797,11944
2026-06-07 11:00,2026-06-07,11,600000,ОЭС СР. ВОЛГИ,12655,11795
2026-06-07 12:00,2026-06-07,12,600000,ОЭС СР. ВОЛГИ,13155,12031
2026-06-07 13:00,2026-06-07,13,600000,ОЭС СР. ВОЛГИ,13419,11964
2026-06-07 14:00,2026-06-07,14,600000,ОЭС СР. ВОЛГИ,13303,11966
2026-06-07 15:00,2026-06-07,15,600000,ОЭС СР. ВОЛГИ,13254,12026
2026-06-07 16:00,2026-06-07,16,600000,ОЭС СР. ВОЛГИ,12793,11866
2026-06-07 17:00,2026-06-07,17,600000,ОЭС СР. ВОЛГИ,13147,12052
2026-06-07 18:00,2026-06-07,18,600000,ОЭС СР. ВОЛГИ,13305,11880
2026-06-07 19:00,2026-06-07,19,600000,ОЭС СР. ВОЛГИ,12749,11741
2026-06-07 20:00,2026-06-07,20,600000,ОЭС СР. ВОЛГИ,12302,11851
2026-06-07 21:00,2026-06-07,21,600000,ОЭС СР. ВОЛГИ,12690,12038
2026-06-07 22:00,2026-06-07,22,600000,ОЭС СР. ВОЛГИ,12394,11619
2026-06-07 23:00,2026-06-07,23,600000,ОЭС СР. ВОЛГИ,12449,10916
2026-06-08 00:00,2026-06-08,0,600000,ОЭС СР. ВОЛГИ,12306,10616
2026-06-08 01:00,2026-06-08,1,600000,ОЭС СР. ВОЛГИ,11536,10124
2026-06-08 02:00,2026-06-08,2,600000,ОЭС СР. ВОЛГИ,11579,10175
2026-06-08 03:00,2026-06-08,3,600000,ОЭС СР. ВОЛГИ,11587,9948
2026-06-08 04:00,2026-06-08,4,600000,ОЭС СР. ВОЛГИ,11442,10050
2026-06-08 05:00,2026-06-08,5,600000,ОЭС СР. ВОЛГИ,11440,10425
2026-06-08 06:00,2026-06-08,6,600000,ОЭС СР. ВОЛГИ,11505,10882
2026-06-08 07:00,2026-06-08,7,600000,ОЭС СР. ВОЛГИ,12134,11771
2026-06-08 08:00,2026-06-08,8,600000,ОЭС СР. ВОЛГИ,12563,12750
2026-06-08 09:00,2026-06-08,9,600000,ОЭС СР. ВОЛГИ,13961,13259
2026-06-08 10:00,2026-06-08,10,600000,ОЭС СР. ВОЛГИ,14423,13450
2026-06-08 11:00,2026-06-08,11,600000,ОЭС СР. ВОЛГИ,14191,13268
2026-06-08 12:00,2026-06-08,12,600000,ОЭС СР. ВОЛГИ,14404,13236
2026-06-08 13:00,2026-06-08,13,600000,ОЭС СР. ВОЛГИ,14642,13322
2026-06-08 14:00,2026-06-08,14,600000,ОЭС СР. ВОЛГИ,14636,13372
2026-06-08 15:00,2026-06-08,15,600000,ОЭС СР. ВОЛГИ,14714,13299
2026-06-08 16:00,2026-06-08,16,600000,ОЭС СР. ВОЛГИ,14497,13105
2026-06-08 17:00,2026-06-08,17,600000,ОЭС СР. ВОЛГИ,14074,12999
2026-06-08 18:00,2026-06-08,18,600000,ОЭС СР. ВОЛГИ,14064,12744
2026-06-08 19:00,2026-06-08,19,600000,ОЭС СР. ВОЛГИ,13711,12460
2026-06-08 20:00,2026-06-08,20,600000,ОЭС СР. ВОЛГИ,13515,12353
2026-06-08 21:00,2026-06-08,21,600000,ОЭС СР. ВОЛГИ,12927,12551
2026-06-08 22:00,2026-06-08,22,600000,ОЭС СР. ВОЛГИ,12216,11874
2026-06-08 23:00,2026-06-08,23,600000,ОЭС СР. ВОЛГИ,12065,11440
2026-06-09 00:00,2026-06-09,0,600000,ОЭС СР. ВОЛГИ,12082,10847
2026-06-09 01:00,2026-06-09,1,600000,ОЭС СР. ВОЛГИ,10953,10658
2026-06-09 02:00,2026-06-09,2,600000,ОЭС СР. ВОЛГИ,10992,10353
2026-06-09 03:00,2026-06-09,3,600000,ОЭС СР. ВОЛГИ,10949,10269
2026-06-09 04:00,2026-06-09,4,600000,ОЭС СР. ВОЛГИ,11162,10297
2026-06-09 05:00,2026-06-09,5,600000,ОЭС СР. ВОЛГИ,11205,10441
2026-06-09 06:00,2026-06-09,6,600000,ОЭС СР. ВОЛГИ,11378,10985
2026-06-09 07:00,2026-06-09,7,600000,ОЭС СР. ВОЛГИ,11556,11915
2026-06-09 08:00,2026-06-09,8,600000,ОЭС СР. ВОЛГИ,11796,12851
2026-06-09 09:00,2026-06-09,9,600000,ОЭС СР. ВОЛГИ,13321,13397
2026-06-09 10:00,2026-06-09,10,600000,ОЭС СР. ВОЛГИ,14053,13586
2026-06-09 11:00,2026-06-09,11,600000,ОЭС СР. ВОЛГИ,13856,13449
2026-06-09 12:00,2026-06-09,12,600000,ОЭС СР. ВОЛГИ,13860,13501
2026-06-09 13:00,2026-06-09,13,600000,ОЭС СР. ВОЛГИ,14104,13509
2026-06-09 14:00,2026-06-09,14,600000,ОЭС СР. ВОЛГИ,14680,13596
2026-06-09 15:00,2026-06-09,15,600000,ОЭС СР. ВОЛГИ,14401,13596
2026-06-09 16:00,2026-06-09,16,600000,ОЭС СР. ВОЛГИ,14565,13097
2026-06-09 17:00,2026-06-09,17,600000,ОЭС СР. ВОЛГИ,13952,12985
2026-06-09 18:00,2026-06-09,18,600000,ОЭС СР. ВОЛГИ,13900,12962
2026-06-09 19:00,2026-06-09,19,600000,ОЭС СР. ВОЛГИ,13260,12430
2026-06-09 20:00,2026-06-09,20,600000,ОЭС СР. ВОЛГИ,12569,12513
2026-06-09 21:00,2026-06-09,21,600000,ОЭС СР. ВОЛГИ,12075,12560
2026-06-09 22:00,2026-06-09,22,600000,ОЭС СР. ВОЛГИ,11980,12262
2026-06-09 23:00,2026-06-09,23,600000,ОЭС СР. ВОЛГИ,11106,11531
2026-06-10 00:00,2026-06-10,0,600000,ОЭС СР. ВОЛГИ,11512,10899
2026-06-10 01:00,2026-06-10,1,600000,ОЭС СР. ВОЛГИ,10876,10668
2026-06-10 02:00,2026-06-10,2,600000,ОЭС СР. ВОЛГИ,10914,10663
2026-06-10 03:00,2026-06-10,3,600000,ОЭС СР. ВОЛГИ,10664,10280
2026-06-10 04:00,2026-06-10,4,600000,ОЭС СР. ВОЛГИ,10462,10318
2026-06-10 05:00,2026-06-10,5,600000,ОЭС СР. ВОЛГИ,10698,10588
2026-06-10 06:00,2026-06-10,6,600000,ОЭС СР. ВОЛГИ,11167,11129
2026-06-10 07:00,2026-06-10,7,600000,ОЭС СР. ВОЛГИ,11267,11988
2026-06-10 08:00,2026-06-10,8,600000,ОЭС СР. ВОЛГИ,11884,12844
2026-06-10 09:00,2026-06-10,9,600000,ОЭС СР. ВОЛГИ,13510,13520
2026-06-10 10:00,2026-06-10,10,600000,ОЭС СР. ВОЛГИ,13839,13580
2026-06-10 11:00,2026-06-10,11,600000,ОЭС СР. ВОЛГИ,14769,13545
2026-06-10 12:00,2026-06-10,12,600000,ОЭС СР. ВОЛГИ,14830,13655
2026-06-10 13:00,2026-06-10,13,600000,ОЭС СР. ВОЛГИ,14897,13764
2026-06-10 14:00,2026-06-10,14,600000,ОЭС СР. ВОЛГИ,15179,13838
2026-06-10 15:00,2026-06-10,15,600000,ОЭС СР. ВОЛГИ,15585,13853
2026-06-10 16:00,2026-06-10,16,600000,ОЭС СР. ВОЛГИ,15771,13709
2026-06-10 17:00,2026-06-10,17,600000,ОЭС СР. ВОЛГИ,15058,13364
2026-06-10 18:00,2026-06-10,18,600000,ОЭС СР. ВОЛГИ,14338,13137
2026-06-10 19:00,2026-06-10,19,600000,ОЭС СР. ВОЛГИ,14190,12781
2026-06-10 20:00,2026-06-10,20,600000,ОЭС СР. ВОЛГИ,12906,12579
2026-06-10 21:00,2026-06-10,21,600000,ОЭС СР. ВОЛГИ,12674,12565
2026-06-10 22:00,2026-06-10,22,600000,ОЭС СР. ВОЛГИ,12148,12237
2026-06-10 23:00,2026-06-10,23,600000,ОЭС СР. ВОЛГИ,10965,11592
2026-06-11 00:00,2026-06-11,0,600000,ОЭС СР. ВОЛГИ,10866,11025
2026-06-11 01:00,2026-06-11,1,600000,ОЭС СР. ВОЛГИ,11051,10716
2026-06-11 02:00,2026-06-11,2,600000,ОЭС СР. ВОЛГИ,10453,10490
2026-06-11 03:00,2026-06-11,3,600000,ОЭС СР. ВОЛГИ,10351,10284
2026-06-11 04:00,2026-06-11,4,600000,ОЭС СР. ВОЛГИ,10379,10336
2026-06-11 05:00,2026-06-11,5,600000,ОЭС СР. ВОЛГИ,10687,10506
2026-06-11 06:00,2026-06-11,6,600000,ОЭС СР. ВОЛГИ,10655,11237
2026-06-11 07:00,2026-06-11,7,600000,ОЭС СР. ВОЛГИ,10675,12165
2026-06-11 08:00,2026-06-11,8,600000,ОЭС СР. ВОЛГИ,12521,13145
2026-06-11 09:00,2026-06-11,9,600000,ОЭС СР. ВОЛГИ,14348,13781
2026-06-11 10:00,2026-06-11,10,600000,ОЭС СР. ВОЛГИ,14301,13795
2026-06-11 11:00,2026-06-11,11,600000,ОЭС СР. ВОЛГИ,14570,13778
2026-06-11 12:00,2026-06-11,12,600000,ОЭС СР. ВОЛГИ,14890,13847
2026-06-11 13:00,2026-06-11,13,600000,ОЭС СР. ВОЛГИ,14619,13848
2026-06-11 14:00,2026-06-11,14,600000,ОЭС СР. ВОЛГИ,14981,13863
2026-06-11 15:00,2026-06-11,15,600000,ОЭС СР. ВОЛГИ,15015,13698
2026-06-11 16:00,2026-06-11,16,600000,ОЭС СР. ВОЛГИ,14625,13490
2026-06-11 17:00,2026-06-11,17,600000,ОЭС СР. ВОЛГИ,14341,13305
2026-06-11 18:00,2026-06-11,18,600000,ОЭС СР. ВОЛГИ,14369,13126
2026-06-11 19:00,2026-06-11,19,600000,ОЭС СР. ВОЛГИ,13761,12668
2026-06-11 20:00,2026-06-11,20,600000,ОЭС СР. ВОЛГИ,12996,12514
2026-06-11 21:00,2026-06-11,21,600000,ОЭС СР. ВОЛГИ,13923,12652
2026-06-11 22:00,2026-06-11,22,600000,ОЭС СР. ВОЛГИ,13758,12295
2026-06-11 23:00,2026-06-11,23,600000,ОЭС СР. ВОЛГИ,11614,11562
2026-06-12 00:00,2026-06-12,0,600000,ОЭС СР. ВОЛГИ,11264,10981
2026-06-12 01:00,2026-06-12,1,600000,ОЭС СР. ВОЛГИ,10677,10767
2026-06-12 02:00,2026-06-12,2,600000,ОЭС СР. ВОЛГИ,10611,10572
2026-06-12 03:00,2026-06-12,3,600000,ОЭС СР. ВОЛГИ,9962,10067
2026-06-12 04:00,2026-06-12,4,600000,ОЭС СР. ВОЛГИ,10124,10119
2026-06-12 05:00,2026-06-12,5,600000,ОЭС СР. ВОЛГИ,10211,10211
2026-06-12 06:00,2026-06-12,6,600000,ОЭС СР. ВОЛГИ,10691,10389
2026-06-12 07:00,2026-06-12,7,600000,ОЭС СР. ВОЛГИ,10926,10793
2026-06-12 08:00,2026-06-12,8,600000,ОЭС СР. ВОЛГИ,11308,11709
2026-06-12 09:00,2026-06-12,9,600000,ОЭС СР. ВОЛГИ,12703,12200
2026-06-12 10:00,2026-06-12,10,600000,ОЭС СР. ВОЛГИ,13034,12540
2026-06-12 11:00,2026-06-12,11,600000,ОЭС СР. ВОЛГИ,12765,12563
2026-06-12 12:00,2026-06-12,12,600000,ОЭС СР. ВОЛГИ,12934,12525
2026-06-12 13:00,2026-06-12,13,600000,ОЭС СР. ВОЛГИ,13600,12551
2026-06-12 14:00,2026-06-12,14,600000,ОЭС СР. ВОЛГИ,13151,12422
2026-06-12 15:00,2026-06-12,15,600000,ОЭС СР. ВОЛГИ,13392,12264
2026-06-12 16:00,2026-06-12,16,600000,ОЭС СР. ВОЛГИ,13247,12255
2026-06-12 17:00,2026-06-12,17,600000,ОЭС СР. ВОЛГИ,13069,12097
2026-06-12 18:00,2026-06-12,18,600000,ОЭС СР. ВОЛГИ,13362,12007
2026-06-12 19:00,2026-06-12,19,600000,ОЭС СР. ВОЛГИ,13083,11847
2026-06-12 20:00,2026-06-12,20,600000,ОЭС СР. ВОЛГИ,12339,11515
2026-06-12 21:00,2026-06-12,21,600000,ОЭС СР. ВОЛГИ,12882,11700
2026-06-12 22:00,2026-06-12,22,600000,ОЭС СР. ВОЛГИ,11820,11465
2026-06-12 23:00,2026-06-12,23,600000,ОЭС СР. ВОЛГИ,10604,10783
2026-06-13 00:00,2026-06-13,0,600000,ОЭС СР. ВОЛГИ,10685,10328
2026-06-13 01:00,2026-06-13,1,600000,ОЭС СР. ВОЛГИ,10375,10054
2026-06-13 02:00,2026-06-13,2,600000,ОЭС СР. ВОЛГИ,10271,9879
2026-06-13 03:00,2026-06-13,3,600000,ОЭС СР. ВОЛГИ,10452,9652
2026-06-13 04:00,2026-06-13,4,600000,ОЭС СР. ВОЛГИ,10196,9404
2026-06-13 05:00,2026-06-13,5,600000,ОЭС СР. ВОЛГИ,10173,9567
2026-06-13 06:00,2026-06-13,6,600000,ОЭС СР. ВОЛГИ,10218,9878
2026-06-13 07:00,2026-06-13,7,600000,ОЭС СР. ВОЛГИ,10836,10489
2026-06-13 08:00,2026-06-13,8,600000,ОЭС СР. ВОЛГИ,11268,11320
2026-06-13 09:00,2026-06-13,9,600000,ОЭС СР. ВОЛГИ,11135,11667
2026-06-13 10:00,2026-06-13,10,600000,ОЭС СР. ВОЛГИ,12208,12097
2026-06-13 11:00,2026-06-13,11,600000,ОЭС СР. ВОЛГИ,12956,12174
2026-06-13 12:00,2026-06-13,12,600000,ОЭС СР. ВОЛГИ,13007,12206
2026-06-13 13:00,2026-06-13,13,600000,ОЭС СР. ВОЛГИ,12763,12315
2026-06-13 14:00,2026-06-13,14,600000,ОЭС СР. ВОЛГИ,12910,12250
2026-06-13 15:00,2026-06-13,15,600000,ОЭС СР. ВОЛГИ,12369,12002
2026-06-13 16:00,2026-06-13,16,600000,ОЭС СР. ВОЛГИ,12340,12143
2026-06-13 17:00,2026-06-13,17,600000,ОЭС СР. ВОЛГИ,12464,12113
2026-06-13 18:00,2026-06-13,18,600000,ОЭС СР. ВОЛГИ,12634,12011
2026-06-13 19:00,2026-06-13,19,600000,ОЭС СР. ВОЛГИ,12236,11599
2026-06-13 20:00,2026-06-13,20,600000,ОЭС СР. ВОЛГИ,12517,11618
2026-06-13 21:00,2026-06-13,21,600000,ОЭС СР. ВОЛГИ,12235,11860
2026-06-13 22:00,2026-06-13,22,600000,ОЭС СР. ВОЛГИ,11274,11569
2026-06-13 23:00,2026-06-13,23,600000,ОЭС СР. ВОЛГИ,10572,10871
2026-06-14 00:00,2026-06-14,0,600000,ОЭС СР. ВОЛГИ,11620,10481
2026-06-14 01:00,2026-06-14,1,600000,ОЭС СР. ВОЛГИ,10932,10096
2026-06-14 02:00,2026-06-14,2,600000,ОЭС СР. ВОЛГИ,10031,9968
2026-06-14 03:00,2026-06-14,3,600000,ОЭС СР. ВОЛГИ,10025,9737
2026-06-14 04:00,2026-06-14,4,600000,ОЭС СР. ВОЛГИ,10057,9644
2026-06-14 05:00,2026-06-14,5,600000,ОЭС СР. ВОЛГИ,10258,9741
2026-06-14 06:00,2026-06-14,6,600000,ОЭС СР. ВОЛГИ,10163,9860
2026-06-14 07:00,2026-06-14,7,600000,ОЭС СР. ВОЛГИ,10707,10367
2026-06-14 08:00,2026-06-14,8,600000,ОЭС СР. ВОЛГИ,10608,11130
2026-06-14 09:00,2026-06-14,9,600000,ОЭС СР. ВОЛГИ,10867,11694
2026-06-14 10:00,2026-06-14,10,600000,ОЭС СР. ВОЛГИ,11454,12075
2026-06-14 11:00,2026-06-14,11,600000,ОЭС СР. ВОЛГИ,12140,12116
2026-06-14 12:00,2026-06-14,12,600000,ОЭС СР. ВОЛГИ,11973,12150
2026-06-14 13:00,2026-06-14,13,600000,ОЭС СР. ВОЛГИ,12234,12131
2026-06-14 14:00,2026-06-14,14,600000,ОЭС СР. ВОЛГИ,11567,12105
2026-06-14 15:00,2026-06-14,15,600000,ОЭС СР. ВОЛГИ,11915,12243
2026-06-14 16:00,2026-06-14,16,600000,ОЭС СР. ВОЛГИ,12173,12075
2026-06-14 17:00,2026-06-14,17,600000,ОЭС СР. ВОЛГИ,12661,12151
2026-06-14 18:00,2026-06-14,18,600000,ОЭС СР. ВОЛГИ,12560,12171
2026-06-14 19:00,2026-06-14,19,600000,ОЭС СР. ВОЛГИ,12514,12063
2026-06-14 20:00,2026-06-14,20,600000,ОЭС СР. ВОЛГИ,12424,11897
2026-06-14 21:00,2026-06-14,21,600000,ОЭС СР. ВОЛГИ,12239,12216
2026-06-14 22:00,2026-06-14,22,600000,ОЭС СР. ВОЛГИ,11233,11768
2026-06-14 23:00,2026-06-14,23,600000,ОЭС СР. ВОЛГИ,9927,10886
2026-06-15 00:00,2026-06-15,0,600000,ОЭС СР. ВОЛГИ,9976,10465
2026-06-15 01:00,2026-06-15,1,600000,ОЭС СР. ВОЛГИ,10426,10227
2026-06-15 02:00,2026-06-15,2,600000,ОЭС СР. ВОЛГИ,9804,10135
2026-06-15 03:00,2026-06-15,3,600000,ОЭС СР. ВОЛГИ,9842,9925
2026-06-15 04:00,2026-06-15,4,600000,ОЭС СР. ВОЛГИ,9680,9919
2026-06-15 05:00,2026-06-15,5,600000,ОЭС СР. ВОЛГИ,9891,10291
2026-06-15 06:00,2026-06-15,6,600000,ОЭС СР. ВОЛГИ,11262,11027
2026-06-15 07:00,2026-06-15,7,600000,ОЭС СР. ВОЛГИ,11235,11919
2026-06-15 08:00,2026-06-15,8,600000,ОЭС СР. ВОЛГИ,11940,12911
2026-06-15 09:00,2026-06-15,9,600000,ОЭС СР. ВОЛГИ,13348,13605
2026-06-15 10:00,2026-06-15,10,600000,ОЭС СР. ВОЛГИ,13290,13707
2026-06-15 11:00,2026-06-15,11,600000,ОЭС СР. ВОЛГИ,12660,13394
2026-06-15 12:00,2026-06-15,12,600000,ОЭС СР. ВОЛГИ,13283,13569
2026-06-15 13:00,2026-06-15,13,600000,ОЭС СР. ВОЛГИ,13569,13646
2026-06-15 14:00,2026-06-15,14,600000,ОЭС СР. ВОЛГИ,13950,13711
2026-06-15 15:00,2026-06-15,15,600000,ОЭС СР. ВОЛГИ,13459,13593
2026-06-15 16:00,2026-06-15,16,600000,ОЭС СР. ВОЛГИ,13372,13347
2026-06-15 17:00,2026-06-15,17,600000,ОЭС СР. ВОЛГИ,13118,13127
2026-06-15 18:00,2026-06-15,18,600000,ОЭС СР. ВОЛГИ,12435,12770
2026-06-15 19:00,2026-06-15,19,600000,ОЭС СР. ВОЛГИ,12226,12542
2026-06-15 20:00,2026-06-15,20,600000,ОЭС СР. ВОЛГИ,11887,12608
2026-06-15 21:00,2026-06-15,21,600000,ОЭС СР. ВОЛГИ,11844,12687
2026-06-15 22:00,2026-06-15,22,600000,ОЭС СР. ВОЛГИ,11225,12145
2026-06-15 23:00,2026-06-15,23,600000,ОЭС СР. ВОЛГИ,10621,11555
2026-06-16 00:00,2026-06-16,0,600000,ОЭС СР. ВОЛГИ,11187,11037
2026-06-16 01:00,2026-06-16,1,600000,ОЭС СР. ВОЛГИ,9913,10688
2026-06-16 02:00,2026-06-16,2,600000,ОЭС СР. ВОЛГИ,9866,10283
2026-06-16 03:00,2026-06-16,3,600000,ОЭС СР. ВОЛГИ,10045,10181
2026-06-16 04:00,2026-06-16,4,600000,ОЭС СР. ВОЛГИ,10104,10174
2026-06-16 05:00,2026-06-16,5,600000,ОЭС СР. ВОЛГИ,10186,10473
2026-06-16 06:00,2026-06-16,6,600000,ОЭС СР. ВОЛГИ,10351,11007
2026-06-16 07:00,2026-06-16,7,600000,ОЭС СР. ВОЛГИ,11275,11979
2026-06-16 08:00,2026-06-16,8,600000,ОЭС СР. ВОЛГИ,11645,12854
2026-06-16 09:00,2026-06-16,9,600000,ОЭС СР. ВОЛГИ,13122,13380
2026-06-16 10:00,2026-06-16,10,600000,ОЭС СР. ВОЛГИ,14041,13511
2026-06-16 11:00,2026-06-16,11,600000,ОЭС СР. ВОЛГИ,13919,13279
2026-06-16 12:00,2026-06-16,12,600000,ОЭС СР. ВОЛГИ,13711,13392
2026-06-16 13:00,2026-06-16,13,600000,ОЭС СР. ВОЛГИ,14286,13674
2026-06-16 14:00,2026-06-16,14,600000,ОЭС СР. ВОЛГИ,14120,13505
2026-06-16 15:00,2026-06-16,15,600000,ОЭС СР. ВОЛГИ,13614,13420
2026-06-16 16:00,2026-06-16,16,600000,ОЭС СР. ВОЛГИ,13380,13228
2026-06-16 17:00,2026-06-16,17,600000,ОЭС СР. ВОЛГИ,13395,13154
2026-06-16 18:00,2026-06-16,18,600000,ОЭС СР. ВОЛГИ,13322,12946
2026-06-16 19:00,2026-06-16,19,600000,ОЭС СР. ВОЛГИ,12668,12490
2026-06-16 20:00,2026-06-16,20,600000,ОЭС СР. ВОЛГИ,12583,12492
2026-06-16 21:00,2026-06-16,21,600000,ОЭС СР. ВОЛГИ,12245,12481
2026-06-16 22:00,2026-06-16,22,600000,ОЭС СР. ВОЛГИ,11792,12322
2026-06-16 23:00,2026-06-16,23,600000,ОЭС СР. ВОЛГИ,11294,11457
2026-06-17 00:00,2026-06-17,0,600000,ОЭС СР. ВОЛГИ,10713,10931
2026-06-17 01:00,2026-06-17,1,600000,ОЭС СР. ВОЛГИ,9990,10552
2026-06-17 02:00,2026-06-17,2,600000,ОЭС СР. ВОЛГИ,10294,10432
2026-06-17 03:00,2026-06-17,3,600000,ОЭС СР. ВОЛГИ,9992,10191
2026-06-17 04:00,2026-06-17,4,600000,ОЭС СР. ВОЛГИ,10094,10303
2026-06-17 05:00,2026-06-17,5,600000,ОЭС СР. ВОЛГИ,10341,10540
2026-06-17 06:00,2026-06-17,6,600000,ОЭС СР. ВОЛГИ,10911,11106
2026-06-17 07:00,2026-06-17,7,600000,ОЭС СР. ВОЛГИ,11648,11996
2026-06-17 08:00,2026-06-17,8,600000,ОЭС СР. ВОЛГИ,12314,12912
2026-06-17 09:00,2026-06-17,9,600000,ОЭС СР. ВОЛГИ,13074,13337
2026-06-17 10:00,2026-06-17,10,600000,ОЭС СР. ВОЛГИ,13530,13336
2026-06-17 11:00,2026-06-17,11,600000,ОЭС СР. ВОЛГИ,13867,13098
2026-06-17 12:00,2026-06-17,12,600000,ОЭС СР. ВОЛГИ,13394,13027
2026-06-17 13:00,2026-06-17,13,600000,ОЭС СР. ВОЛГИ,13724,13214
2026-06-17 14:00,2026-06-17,14,600000,ОЭС СР. ВОЛГИ,13961,13252
2026-06-17 15:00,2026-06-17,15,600000,ОЭС СР. ВОЛГИ,14267,13029
2026-06-17 16:00,2026-06-17,16,600000,ОЭС СР. ВОЛГИ,13929,12851
2026-06-17 17:00,2026-06-17,17,600000,ОЭС СР. ВОЛГИ,13715,12703
2026-06-17 18:00,2026-06-17,18,600000,ОЭС СР. ВОЛГИ,13166,12628
2026-06-17 19:00,2026-06-17,19,600000,ОЭС СР. ВОЛГИ,12894,12398
2026-06-17 20:00,2026-06-17,20,600000,ОЭС СР. ВОЛГИ,12368,12302
2026-06-17 21:00,2026-06-17,21,600000,ОЭС СР. ВОЛГИ,12294,12422
2026-06-17 22:00,2026-06-17,22,600000,ОЭС СР. ВОЛГИ,11936,11971
2026-06-17 23:00,2026-06-17,23,600000,ОЭС СР. ВОЛГИ,11744,11255
2026-06-18 00:00,2026-06-18,0,600000,ОЭС СР. ВОЛГИ,12206,10718
2026-06-18 01:00,2026-06-18,1,600000,ОЭС СР. ВОЛГИ,10708,10356
2026-06-18 02:00,2026-06-18,2,600000,ОЭС СР. ВОЛГИ,10099,10182
2026-06-18 03:00,2026-06-18,3,600000,ОЭС СР. ВОЛГИ,9890,10104
2026-06-18 04:00,2026-06-18,4,600000,ОЭС СР. ВОЛГИ,9960,10053
2026-06-18 05:00,2026-06-18,5,600000,ОЭС СР. ВОЛГИ,10330,10471
2026-06-18 06:00,2026-06-18,6,600000,ОЭС СР. ВОЛГИ,10649,11005
2026-06-18 07:00,2026-06-18,7,600000,ОЭС СР. ВОЛГИ,10802,11837
2026-06-18 08:00,2026-06-18,8,600000,ОЭС СР. ВОЛГИ,11644,12679
2026-06-18 09:00,2026-06-18,9,600000,ОЭС СР. ВОЛГИ,12889,13323
2026-06-18 10:00,2026-06-18,10,600000,ОЭС СР. ВОЛГИ,13174,13339
2026-06-18 11:00,2026-06-18,11,600000,ОЭС СР. ВОЛГИ,13718,13260
2026-06-18 12:00,2026-06-18,12,600000,ОЭС СР. ВОЛГИ,13518,13151
2026-06-18 13:00,2026-06-18,13,600000,ОЭС СР. ВОЛГИ,14220,13354
2026-06-18 14:00,2026-06-18,14,600000,ОЭС СР. ВОЛГИ,14426,13116
2026-06-18 15:00,2026-06-18,15,600000,ОЭС СР. ВОЛГИ,13847,13044
2026-06-18 16:00,2026-06-18,16,600000,ОЭС СР. ВОЛГИ,14094,13003
2026-06-18 17:00,2026-06-18,17,600000,ОЭС СР. ВОЛГИ,13655,12780
2026-06-18 18:00,2026-06-18,18,600000,ОЭС СР. ВОЛГИ,13155,12691
2026-06-18 19:00,2026-06-18,19,600000,ОЭС СР. ВОЛГИ,12520,12134
2026-06-18 20:00,2026-06-18,20,600000,ОЭС СР. ВОЛГИ,12435,12279
2026-06-18 21:00,2026-06-18,21,600000,ОЭС СР. ВОЛГИ,12240,12376
2026-06-18 22:00,2026-06-18,22,600000,ОЭС СР. ВОЛГИ,12195,12022
2026-06-18 23:00,2026-06-18,23,600000,ОЭС СР. ВОЛГИ,11272,11246
2026-06-19 00:00,2026-06-19,0,600000,ОЭС СР. ВОЛГИ,10419,10674
2026-06-19 01:00,2026-06-19,1,600000,ОЭС СР. ВОЛГИ,9952,10553
2026-06-19 02:00,2026-06-19,2,600000,ОЭС СР. ВОЛГИ,10079,10311
2026-06-19 03:00,2026-06-19,3,600000,ОЭС СР. ВОЛГИ,9956,10201
2026-06-19 04:00,2026-06-19,4,600000,ОЭС СР. ВОЛГИ,9769,10104
2026-06-19 05:00,2026-06-19,5,600000,ОЭС СР. ВОЛГИ,9940,10381
2026-06-19 06:00,2026-06-19,6,600000,ОЭС СР. ВОЛГИ,10752,11065
2026-06-19 07:00,2026-06-19,7,600000,ОЭС СР. ВОЛГИ,11028,11786
2026-06-19 08:00,2026-06-19,8,600000,ОЭС СР. ВОЛГИ,11347,12640
2026-06-19 09:00,2026-06-19,9,600000,ОЭС СР. ВОЛГИ,12689,13074
2026-06-19 10:00,2026-06-19,10,600000,ОЭС СР. ВОЛГИ,13231,13255
2026-06-19 11:00,2026-06-19,11,600000,ОЭС СР. ВОЛГИ,13502,13200
2026-06-19 12:00,2026-06-19,12,600000,ОЭС СР. ВОЛГИ,13794,13232
2026-06-19 13:00,2026-06-19,13,600000,ОЭС СР. ВОЛГИ,13244,13352
2026-06-19 14:00,2026-06-19,14,600000,ОЭС СР. ВОЛГИ,12995,13049
2026-06-19 15:00,2026-06-19,15,600000,ОЭС СР. ВОЛГИ,13328,13201
2026-06-19 16:00,2026-06-19,16,600000,ОЭС СР. ВОЛГИ,12883,12821
2026-06-19 17:00,2026-06-19,17,600000,ОЭС СР. ВОЛГИ,12822,12727
2026-06-19 18:00,2026-06-19,18,600000,ОЭС СР. ВОЛГИ,12634,12709
2026-06-19 19:00,2026-06-19,19,600000,ОЭС СР. ВОЛГИ,12350,12265
2026-06-19 20:00,2026-06-19,20,600000,ОЭС СР. ВОЛГИ,12387,12165
2026-06-19 21:00,2026-06-19,21,600000,ОЭС СР. ВОЛГИ,12454,12245
2026-06-19 22:00,2026-06-19,22,600000,ОЭС СР. ВОЛГИ,12410,12110
2026-06-19 23:00,2026-06-19,23,600000,ОЭС СР. ВОЛГИ,12222,11333
2026-06-20 00:00,2026-06-20,0,600000,ОЭС СР. ВОЛГИ,10421,10767
2026-06-20 01:00,2026-06-20,1,600000,ОЭС СР. ВОЛГИ,10502,10555
2026-06-20 02:00,2026-06-20,2,600000,ОЭС СР. ВОЛГИ,9785,10439
2026-06-20 03:00,2026-06-20,3,600000,ОЭС СР. ВОЛГИ,9355,10275
2026-06-20 04:00,2026-06-20,4,600000,ОЭС СР. ВОЛГИ,9337,10062
2026-06-20 05:00,2026-06-20,5,600000,ОЭС СР. ВОЛГИ,9584,10143
2026-06-20 06:00,2026-06-20,6,600000,ОЭС СР. ВОЛГИ,10059,10408
2026-06-20 07:00,2026-06-20,7,600000,ОЭС СР. ВОЛГИ,10424,11005
2026-06-20 08:00,2026-06-20,8,600000,ОЭС СР. ВОЛГИ,11044,11668
2026-06-20 09:00,2026-06-20,9,600000,ОЭС СР. ВОЛГИ,11776,12288
2026-06-20 10:00,2026-06-20,10,600000,ОЭС СР. ВОЛГИ,13011,12515
2026-06-20 11:00,2026-06-20,11,600000,ОЭС СР. ВОЛГИ,13619,12593
2026-06-20 12:00,2026-06-20,12,600000,ОЭС СР. ВОЛГИ,13603,12366
2026-06-20 13:00,2026-06-20,13,600000,ОЭС СР. ВОЛГИ,13048,12341
2026-06-20 14:00,2026-06-20,14,600000,ОЭС СР. ВОЛГИ,12754,12216
2026-06-20 15:00,2026-06-20,15,600000,ОЭС СР. ВОЛГИ,13021,12317
2026-06-20 16:00,2026-06-20,16,600000,ОЭС СР. ВОЛГИ,13074,12282
2026-06-20 17:00,2026-06-20,17,600000,ОЭС СР. ВОЛГИ,12539,12220
2026-06-20 18:00,2026-06-20,18,600000,ОЭС СР. ВОЛГИ,12162,12066
2026-06-20 19:00,2026-06-20,19,600000,ОЭС СР. ВОЛГИ,12160,11896
2026-06-20 20:00,2026-06-20,20,600000,ОЭС СР. ВОЛГИ,11786,11668
2026-06-20 21:00,2026-06-20,21,600000,ОЭС СР. ВОЛГИ,11438,11900
2026-06-20 22:00,2026-06-20,22,600000,ОЭС СР. ВОЛГИ,11167,11736
2026-06-20 23:00,2026-06-20,23,600000,ОЭС СР. ВОЛГИ,11078,11031
2026-06-21 00:00,2026-06-21,0,600000,ОЭС СР. ВОЛГИ,10389,10578
2026-06-21 01:00,2026-06-21,1,600000,ОЭС СР. ВОЛГИ,10209,10241
2026-06-21 02:00,2026-06-21,2,600000,ОЭС СР. ВОЛГИ,10073,9943
2026-06-21 03:00,2026-06-21,3,600000,ОЭС СР. ВОЛГИ,10115,9827
2026-06-21 04:00,2026-06-21,4,600000,ОЭС СР. ВОЛГИ,9517,9806
2026-06-21 05:00,2026-06-21,5,600000,ОЭС СР. ВОЛГИ,9306,9847
2026-06-21 06:00,2026-06-21,6,600000,ОЭС СР. ВОЛГИ,9531,10209
2026-06-21 07:00,2026-06-21,7,600000,ОЭС СР. ВОЛГИ,10084,10551
2026-06-21 08:00,2026-06-21,8,600000,ОЭС СР. ВОЛГИ,10752,11239
2026-06-21 09:00,2026-06-21,9,600000,ОЭС СР. ВОЛГИ,11283,11682
2026-06-21 10:00,2026-06-21,10,600000,ОЭС СР. ВОЛГИ,11794,11882
2026-06-21 11:00,2026-06-21,11,600000,ОЭС СР. ВОЛГИ,11733,11916
2026-06-21 12:00,2026-06-21,12,600000,ОЭС СР. ВОЛГИ,12818,11943
2026-06-21 13:00,2026-06-21,13,600000,ОЭС СР. ВОЛГИ,13152,12105
2026-06-21 14:00,2026-06-21,14,600000,ОЭС СР. ВОЛГИ,12406,12042
2026-06-21 15:00,2026-06-21,15,600000,ОЭС СР. ВОЛГИ,12473,12101
2026-06-21 16:00,2026-06-21,16,600000,ОЭС СР. ВОЛГИ,12433,11870
2026-06-21 17:00,2026-06-21,17,600000,ОЭС СР. ВОЛГИ,12346,12115
2026-06-21 18:00,2026-06-21,18,600000,ОЭС СР. ВОЛГИ,12011,12025
2026-06-21 19:00,2026-06-21,19,600000,ОЭС СР. ВОЛГИ,12120,11847
2026-06-21 20:00,2026-06-21,20,600000,ОЭС СР. ВОЛГИ,12039,11918
2026-06-21 21:00,2026-06-21,21,600000,ОЭС СР. ВОЛГИ,11792,12043
2026-06-21 22:00,2026-06-21,22,600000,ОЭС СР. ВОЛГИ,10981,11589
2026-06-21 23:00,2026-06-21,23,600000,ОЭС СР. ВОЛГИ,10691,10958
2026-06-22 00:00,2026-06-22,0,600000,ОЭС СР. ВОЛГИ,10581,10662
2026-06-22 01:00,2026-06-22,1,600000,ОЭС СР. ВОЛГИ,10374,10371
2026-06-22 02:00,2026-06-22,2,600000,ОЭС СР. ВОЛГИ,9961,10350
2026-06-22 03:00,2026-06-22,3,600000,ОЭС СР. ВОЛГИ,9269,10116
2026-06-22 04:00,2026-06-22,4,600000,ОЭС СР. ВОЛГИ,8985,10009
2026-06-22 05:00,2026-06-22,5,600000,ОЭС СР. ВОЛГИ,8744,10330
2026-06-22 06:00,2026-06-22,6,600000,ОЭС СР. ВОЛГИ,9807,11111
2026-06-22 07:00,2026-06-22,7,600000,ОЭС СР. ВОЛГИ,10101,11774
2026-06-22 08:00,2026-06-22,8,600000,ОЭС СР. ВОЛГИ,12512,12847
2026-06-22 09:00,2026-06-22,9,600000,ОЭС СР. ВОЛГИ,13267,13280
2026-06-22 10:00,2026-06-22,10,600000,ОЭС СР. ВОЛГИ,13333,13350
2026-06-22 11:00,2026-06-22,11,600000,ОЭС СР. ВОЛГИ,13103,13236
2026-06-22 12:00,2026-06-22,12,600000,ОЭС СР. ВОЛГИ,13278,13323
2026-06-22 13:00,2026-06-22,13,600000,ОЭС СР. ВОЛГИ,13562,13282
2026-06-22 14:00,2026-06-22,14,600000,ОЭС СР. ВОЛГИ,13721,13181
2026-06-22 15:00,2026-06-22,15,600000,ОЭС СР. ВОЛГИ,13462,13152
2026-06-22 16:00,2026-06-22,16,600000,ОЭС СР. ВОЛГИ,13289,13096
2026-06-22 17:00,2026-06-22,17,600000,ОЭС СР. ВОЛГИ,13275,12937
2026-06-22 18:00,2026-06-22,18,600000,ОЭС СР. ВОЛГИ,13184,12774
2026-06-22 19:00,2026-06-22,19,600000,ОЭС СР. ВОЛГИ,12888,12537
2026-06-22 20:00,2026-06-22,20,600000,ОЭС СР. ВОЛГИ,12539,12433
2026-06-22 21:00,2026-06-22,21,600000,ОЭС СР. ВОЛГИ,12224,12505
2026-06-22 22:00,2026-06-22,22,600000,ОЭС СР. ВОЛГИ,12046,12147
2026-06-22 23:00,2026-06-22,23,600000,ОЭС СР. ВОЛГИ,11865,11512
2026-06-23 00:00,2026-06-23,0,600000,ОЭС СР. ВОЛГИ,11037,10969
2026-06-23 01:00,2026-06-23,1,600000,ОЭС СР. ВОЛГИ,9600,10643
2026-06-23 02:00,2026-06-23,2,600000,ОЭС СР. ВОЛГИ,9714,10607
2026-06-23 03:00,2026-06-23,3,600000,ОЭС СР. ВОЛГИ,9259,10314
2026-06-23 04:00,2026-06-23,4,600000,ОЭС СР. ВОЛГИ,9157,10334
2026-06-23 05:00,2026-06-23,5,600000,ОЭС СР. ВОЛГИ,9315,10713
2026-06-23 06:00,2026-06-23,6,600000,ОЭС СР. ВОЛГИ,10265,11108
2026-06-23 07:00,2026-06-23,7,600000,ОЭС СР. ВОЛГИ,11082,12021
2026-06-23 08:00,2026-06-23,8,600000,ОЭС СР. ВОЛГИ,12084,13009
2026-06-23 09:00,2026-06-23,9,600000,ОЭС СР. ВОЛГИ,12721,13530
2026-06-23 10:00,2026-06-23,10,600000,ОЭС СР. ВОЛГИ,13091,13471
2026-06-23 11:00,2026-06-23,11,600000,ОЭС СР. ВОЛГИ,13443,13334
2026-06-23 12:00,2026-06-23,12,600000,ОЭС СР. ВОЛГИ,13742,13389
2026-06-23 13:00,2026-06-23,13,600000,ОЭС СР. ВОЛГИ,13969,13446
2026-06-23 14:00,2026-06-23,14,600000,ОЭС СР. ВОЛГИ,13571,13397
2026-06-23 15:00,2026-06-23,15,600000,ОЭС СР. ВОЛГИ,13802,13354
2026-06-23 16:00,2026-06-23,16,600000,ОЭС СР. ВОЛГИ,13100,13118
2026-06-23 17:00,2026-06-23,17,600000,ОЭС СР. ВОЛГИ,12925,12935
2026-06-23 18:00,2026-06-23,18,600000,ОЭС СР. ВОЛГИ,13236,12832
2026-06-23 19:00,2026-06-23,19,600000,ОЭС СР. ВОЛГИ,12869,12454
2026-06-23 20:00,2026-06-23,20,600000,ОЭС СР. ВОЛГИ,12206,12392
2026-06-23 21:00,2026-06-23,21,600000,ОЭС СР. ВОЛГИ,11930,12510
2026-06-23 22:00,2026-06-23,22,600000,ОЭС СР. ВОЛГИ,11767,11991
2026-06-23 23:00,2026-06-23,23,600000,ОЭС СР. ВОЛГИ,11558,11369
2026-06-24 00:00,2026-06-24,0,600000,ОЭС СР. ВОЛГИ,10941,10863
2026-06-24 01:00,2026-06-24,1,600000,ОЭС СР. ВОЛГИ,10145,10492
2026-06-24 02:00,2026-06-24,2,600000,ОЭС СР. ВОЛГИ,9285,10301
2026-06-24 03:00,2026-06-24,3,600000,ОЭС СР. ВОЛГИ,9232,10226
2026-06-24 04:00,2026-06-24,4,600000,ОЭС СР. ВОЛГИ,9148,10267
2026-06-24 05:00,2026-06-24,5,600000,ОЭС СР. ВОЛГИ,8922,10312
2026-06-24 06:00,2026-06-24,6,600000,ОЭС СР. ВОЛГИ,9598,10859
2026-06-24 07:00,2026-06-24,7,600000,ОЭС СР. ВОЛГИ,10938,11683
2026-06-24 08:00,2026-06-24,8,600000,ОЭС СР. ВОЛГИ,11863,12502
2026-06-24 09:00,2026-06-24,9,600000,ОЭС СР. ВОЛГИ,12881,13054
2026-06-24 10:00,2026-06-24,10,600000,ОЭС СР. ВОЛГИ,13161,13211
2026-06-24 11:00,2026-06-24,11,600000,ОЭС СР. ВОЛГИ,13614,13076
2026-06-24 12:00,2026-06-24,12,600000,ОЭС СР. ВОЛГИ,13609,13086
2026-06-24 13:00,2026-06-24,13,600000,ОЭС СР. ВОЛГИ,13812,13101
2026-06-24 14:00,2026-06-24,14,600000,ОЭС СР. ВОЛГИ,13718,13259
2026-06-24 15:00,2026-06-24,15,600000,ОЭС СР. ВОЛГИ,14352,13161
2026-06-24 16:00,2026-06-24,16,600000,ОЭС СР. ВОЛГИ,14039,12953
2026-06-24 17:00,2026-06-24,17,600000,ОЭС СР. ВОЛГИ,13341,12624
2026-06-24 18:00,2026-06-24,18,600000,ОЭС СР. ВОЛГИ,13292,12650
2026-06-24 19:00,2026-06-24,19,600000,ОЭС СР. ВОЛГИ,12728,12290
2026-06-24 20:00,2026-06-24,20,600000,ОЭС СР. ВОЛГИ,12080,12127
2026-06-24 21:00,2026-06-24,21,600000,ОЭС СР. ВОЛГИ,12458,12326
2026-06-24 22:00,2026-06-24,22,600000,ОЭС СР. ВОЛГИ,11929,12076
2026-06-24 23:00,2026-06-24,23,600000,ОЭС СР. ВОЛГИ,11325,11410
2026-06-25 00:00,2026-06-25,0,600000,ОЭС СР. ВОЛГИ,10981,10892
2026-06-25 01:00,2026-06-25,1,600000,ОЭС СР. ВОЛГИ,9867,10440
2026-06-25 02:00,2026-06-25,2,600000,ОЭС СР. ВОЛГИ,9532,10229
2026-06-25 03:00,2026-06-25,3,600000,ОЭС СР. ВОЛГИ,8913,10138
2026-06-25 04:00,2026-06-25,4,600000,ОЭС СР. ВОЛГИ,8962,10055
2026-06-25 05:00,2026-06-25,5,600000,ОЭС СР. ВОЛГИ,9040,10433
2026-06-25 06:00,2026-06-25,6,600000,ОЭС СР. ВОЛГИ,9338,11048
2026-06-25 07:00,2026-06-25,7,600000,ОЭС СР. ВОЛГИ,9930,11798
2026-06-25 08:00,2026-06-25,8,600000,ОЭС СР. ВОЛГИ,11499,12641
2026-06-25 09:00,2026-06-25,9,600000,ОЭС СР. ВОЛГИ,12518,13068
2026-06-25 10:00,2026-06-25,10,600000,ОЭС СР. ВОЛГИ,12939,13252
2026-06-25 11:00,2026-06-25,11,600000,ОЭС СР. ВОЛГИ,13034,13133
2026-06-25 12:00,2026-06-25,12,600000,ОЭС СР. ВОЛГИ,13252,13061
2026-06-25 13:00,2026-06-25,13,600000,ОЭС СР. ВОЛГИ,13436,13047
2026-06-25 14:00,2026-06-25,14,600000,ОЭС СР. ВОЛГИ,13172,13106
2026-06-25 15:00,2026-06-25,15,600000,ОЭС СР. ВОЛГИ,13478,13003
2026-06-25 16:00,2026-06-25,16,600000,ОЭС СР. ВОЛГИ,13168,12850
2026-06-25 17:00,2026-06-25,17,600000,ОЭС СР. ВОЛГИ,12688,12603
2026-06-25 18:00,2026-06-25,18,600000,ОЭС СР. ВОЛГИ,12819,12387
2026-06-25 19:00,2026-06-25,19,600000,ОЭС СР. ВОЛГИ,12619,12095
2026-06-25 20:00,2026-06-25,20,600000,ОЭС СР. ВОЛГИ,12502,12111
2026-06-25 21:00,2026-06-25,21,600000,ОЭС СР. ВОЛГИ,12045,12213
2026-06-25 22:00,2026-06-25,22,600000,ОЭС СР. ВОЛГИ,11733,11807
2026-06-25 23:00,2026-06-25,23,600000,ОЭС СР. ВОЛГИ,11589,11263
2026-06-26 00:00,2026-06-26,0,600000,ОЭС СР. ВОЛГИ,11504,10854
2026-06-26 01:00,2026-06-26,1,600000,ОЭС СР. ВОЛГИ,9947,10402
2026-06-26 02:00,2026-06-26,2,600000,ОЭС СР. ВОЛГИ,9148,10273
2026-06-26 03:00,2026-06-26,3,600000,ОЭС СР. ВОЛГИ,9208,10145
2026-06-26 04:00,2026-06-26,4,600000,ОЭС СР. ВОЛГИ,8926,10158
2026-06-26 05:00,2026-06-26,5,600000,ОЭС СР. ВОЛГИ,9030,10284
2026-06-26 06:00,2026-06-26,6,600000,ОЭС СР. ВОЛГИ,10182,10948
2026-06-26 07:00,2026-06-26,7,600000,ОЭС СР. ВОЛГИ,10469,11557
2026-06-26 08:00,2026-06-26,8,600000,ОЭС СР. ВОЛГИ,10545,12481
2026-06-26 09:00,2026-06-26,9,600000,ОЭС СР. ВОЛГИ,12217,13058
2026-06-26 10:00,2026-06-26,10,600000,ОЭС СР. ВОЛГИ,13156,13193
2026-06-26 11:00,2026-06-26,11,600000,ОЭС СР. ВОЛГИ,13390,13052
2026-06-26 12:00,2026-06-26,12,600000,ОЭС СР. ВОЛГИ,13474,13040
2026-06-26 13:00,2026-06-26,13,600000,ОЭС СР. ВОЛГИ,12823,13058
2026-06-26 14:00,2026-06-26,14,600000,ОЭС СР. ВОЛГИ,13198,12925
2026-06-26 15:00,2026-06-26,15,600000,ОЭС СР. ВОЛГИ,13611,12873
2026-06-26 16:00,2026-06-26,16,600000,ОЭС СР. ВОЛГИ,12740,12712
2026-06-26 17:00,2026-06-26,17,600000,ОЭС СР. ВОЛГИ,12545,12625
2026-06-26 18:00,2026-06-26,18,600000,ОЭС СР. ВОЛГИ,12246,12412
2026-06-26 19:00,2026-06-26,19,600000,ОЭС СР. ВОЛГИ,12068,12173
2026-06-26 20:00,2026-06-26,20,600000,ОЭС СР. ВОЛГИ,11828,12161
2026-06-26 21:00,2026-06-26,21,600000,ОЭС СР. ВОЛГИ,12017,12249
2026-06-26 22:00,2026-06-26,22,600000,ОЭС СР. ВОЛГИ,12300,12073
2026-06-26 23:00,2026-06-26,23,600000,ОЭС СР. ВОЛГИ,11172,11297
2026-06-27 00:00,2026-06-27,0,600000,ОЭС СР. ВОЛГИ,10777,10853
2026-06-27 01:00,2026-06-27,1,600000,ОЭС СР. ВОЛГИ,9704,10455
2026-06-27 02:00,2026-06-27,2,600000,ОЭС СР. ВОЛГИ,9339,10359
2026-06-27 03:00,2026-06-27,3,600000,ОЭС СР. ВОЛГИ,9208,10152
2026-06-27 04:00,2026-06-27,4,600000,ОЭС СР. ВОЛГИ,9192,10113
2026-06-27 05:00,2026-06-27,5,600000,ОЭС СР. ВОЛГИ,9114,10286
2026-06-27 06:00,2026-06-27,6,600000,ОЭС СР. ВОЛГИ,9323,10492
2026-06-27 07:00,2026-06-27,7,600000,ОЭС СР. ВОЛГИ,10033,11069
2026-06-27 08:00,2026-06-27,8,600000,ОЭС СР. ВОЛГИ,10900,11770
2026-06-27 09:00,2026-06-27,9,600000,ОЭС СР. ВОЛГИ,11640,12195
2026-06-27 10:00,2026-06-27,10,600000,ОЭС СР. ВОЛГИ,11872,12280
2026-06-27 11:00,2026-06-27,11,600000,ОЭС СР. ВОЛГИ,12374,12405
2026-06-27 12:00,2026-06-27,12,600000,ОЭС СР. ВОЛГИ,11850,12410
2026-06-27 13:00,2026-06-27,13,600000,ОЭС СР. ВОЛГИ,12742,12376
2026-06-27 14:00,2026-06-27,14,600000,ОЭС СР. ВОЛГИ,11885,12346
2026-06-27 15:00,2026-06-27,15,600000,ОЭС СР. ВОЛГИ,11818,12323
2026-06-27 16:00,2026-06-27,16,600000,ОЭС СР. ВОЛГИ,11750,12118
2026-06-27 17:00,2026-06-27,17,600000,ОЭС СР. ВОЛГИ,12140,12118
2026-06-27 18:00,2026-06-27,18,600000,ОЭС СР. ВОЛГИ,12418,11987
2026-06-27 19:00,2026-06-27,19,600000,ОЭС СР. ВОЛГИ,11510,11651
2026-06-27 20:00,2026-06-27,20,600000,ОЭС СР. ВОЛГИ,11656,11513
2026-06-27 21:00,2026-06-27,21,600000,ОЭС СР. ВОЛГИ,10957,11767
2026-06-27 22:00,2026-06-27,22,600000,ОЭС СР. ВОЛГИ,10300,11664
2026-06-27 23:00,2026-06-27,23,600000,ОЭС СР. ВОЛГИ,10692,11094
2026-06-28 00:00,2026-06-28,0,600000,ОЭС СР. ВОЛГИ,10971,10586
2026-06-28 01:00,2026-06-28,1,600000,ОЭС СР. ВОЛГИ,9422,10274
2026-06-28 02:00,2026-06-28,2,600000,ОЭС СР. ВОЛГИ,9658,10149
2026-06-28 03:00,2026-06-28,3,600000,ОЭС СР. ВОЛГИ,9353,9766
2026-06-28 04:00,2026-06-28,4,600000,ОЭС СР. ВОЛГИ,9142,9759
2026-06-28 05:00,2026-06-28,5,600000,ОЭС СР. ВОЛГИ,9351,9976
2026-06-28 06:00,2026-06-28,6,600000,ОЭС СР. ВОЛГИ,9747,10051
2026-06-28 07:00,2026-06-28,7,600000,ОЭС СР. ВОЛГИ,9591,10414
2026-06-28 08:00,2026-06-28,8,600000,ОЭС СР. ВОЛГИ,10610,11162
2026-06-28 09:00,2026-06-28,9,600000,ОЭС СР. ВОЛГИ,11263,11649
2026-06-28 10:00,2026-06-28,10,600000,ОЭС СР. ВОЛГИ,12194,11863
2026-06-28 11:00,2026-06-28,11,600000,ОЭС СР. ВОЛГИ,12044,12105
2026-06-28 12:00,2026-06-28,12,600000,ОЭС СР. ВОЛГИ,11404,12000
2026-06-28 13:00,2026-06-28,13,600000,ОЭС СР. ВОЛГИ,11661,12179
2026-06-28 14:00,2026-06-28,14,600000,ОЭС СР. ВОЛГИ,12671,11985
2026-06-28 15:00,2026-06-28,15,600000,ОЭС СР. ВОЛГИ,12203,12099
2026-06-28 16:00,2026-06-28,16,600000,ОЭС СР. ВОЛГИ,12297,12039
2026-06-28 17:00,2026-06-28,17,600000,ОЭС СР. ВОЛГИ,12058,12145
2026-06-28 18:00,2026-06-28,18,600000,ОЭС СР. ВОЛГИ,12182,12056
2026-06-28 19:00,2026-06-28,19,600000,ОЭС СР. ВОЛГИ,12036,12032
2026-06-28 20:00,2026-06-28,20,600000,ОЭС СР. ВОЛГИ,11668,11963
2026-06-28 21:00,2026-06-28,21,600000,ОЭС СР. ВОЛГИ,11045,11977
2026-06-28 22:00,2026-06-28,22,600000,ОЭС СР. ВОЛГИ,10920,11595
2026-06-28 23:00,2026-06-28,23,600000,ОЭС СР. ВОЛГИ,10936,11013
2026-06-29 00:00,2026-06-29,0,600000,ОЭС СР. ВОЛГИ,10835,10443
2026-06-29 01:00,2026-06-29,1,600000,ОЭС СР. ВОЛГИ,10835,10277
2026-06-29 02:00,2026-06-29,2,600000,ОЭС СР. ВОЛГИ,10844,10232
2026-06-29 03:00,2026-06-29,3,600000,ОЭС СР. ВОЛГИ,9737,9992
2026-06-29 04:00,2026-06-29,4,600000,ОЭС СР. ВОЛГИ,9427,10102
2026-06-29 05:00,2026-06-29,5,600000,ОЭС СР. ВОЛГИ,9727,10369
2026-06-29 06:00,2026-06-29,6,600000,ОЭС СР. ВОЛГИ,10823,10975
2026-06-29 07:00,2026-06-29,7,600000,ОЭС СР. ВОЛГИ,11454,11812
2026-06-29 08:00,2026-06-29,8,600000,ОЭС СР. ВОЛГИ,12194,12719
2026-06-29 09:00,2026-06-29,9,600000,ОЭС СР. ВОЛГИ,12914,13339
2026-06-29 10:00,2026-06-29,10,600000,ОЭС СР. ВОЛГИ,12646,13563
2026-06-29 11:00,2026-06-29,11,600000,ОЭС СР. ВОЛГИ,13023,13282
2026-06-29 12:00,2026-06-29,12,600000,ОЭС СР. ВОЛГИ,13285,13165
2026-06-29 13:00,2026-06-29,13,600000,ОЭС СР. ВОЛГИ,12875,13014
2026-06-29 14:00,2026-06-29,14,600000,ОЭС СР. ВОЛГИ,13412,13048
2026-06-29 15:00,2026-06-29,15,600000,ОЭС СР. ВОЛГИ,13256,13112
2026-06-29 16:00,2026-06-29,16,600000,ОЭС СР. ВОЛГИ,13536,13037
2026-06-29 17:00,2026-06-29,17,600000,ОЭС СР. ВОЛГИ,13370,12765
2026-06-29 18:00,2026-06-29,18,600000,ОЭС СР. ВОЛГИ,13195,12658
2026-06-29 19:00,2026-06-29,19,600000,ОЭС СР. ВОЛГИ,12538,12182
2026-06-29 20:00,2026-06-29,20,600000,ОЭС СР. ВОЛГИ,11864,12284
2026-06-29 21:00,2026-06-29,21,600000,ОЭС СР. ВОЛГИ,12168,12521
2026-06-29 22:00,2026-06-29,22,600000,ОЭС СР. ВОЛГИ,11755,12238
2026-06-29 23:00,2026-06-29,23,600000,ОЭС СР. ВОЛГИ,11210,11529
2026-06-30 00:00,2026-06-30,0,600000,ОЭС СР. ВОЛГИ,11300,10919
2026-06-30 01:00,2026-06-30,1,600000,ОЭС СР. ВОЛГИ,10331,10641
2026-06-30 02:00,2026-06-30,2,600000,ОЭС СР. ВОЛГИ,10054,10449
2026-06-30 03:00,2026-06-30,3,600000,ОЭС СР. ВОЛГИ,9851,10344
2026-06-30 04:00,2026-06-30,4,600000,ОЭС СР. ВОЛГИ,9711,10314
2026-06-30 05:00,2026-06-30,5,600000,ОЭС СР. ВОЛГИ,10159,10447
2026-06-30 06:00,2026-06-30,6,600000,ОЭС СР. ВОЛГИ,10569,11222
2026-06-30 07:00,2026-06-30,7,600000,ОЭС СР. ВОЛГИ,10948,11947
2026-06-30 08:00,2026-06-30,8,600000,ОЭС СР. ВОЛГИ,11399,12699
2026-06-30 09:00,2026-06-30,9,600000,ОЭС СР. ВОЛГИ,13277,13320
2026-06-30 10:00,2026-06-30,10,600000,ОЭС СР. ВОЛГИ,13324,13351
2026-06-30 11:00,2026-06-30,11,600000,ОЭС СР. ВОЛГИ,13268,13255
2026-06-30 12:00,2026-06-30,12,600000,ОЭС СР. ВОЛГИ,13389,13171
2026-06-30 13:00,2026-06-30,13,600000,ОЭС СР. ВОЛГИ,13385,13358
2026-06-30 14:00,2026-06-30,14,600000,ОЭС СР. ВОЛГИ,12733,13131
2026-06-30 15:00,2026-06-30,15,600000,ОЭС СР. ВОЛГИ,13089,13188
2026-06-30 16:00,2026-06-30,16,600000,ОЭС СР. ВОЛГИ,13082,13145
2026-06-30 17:00,2026-06-30,17,600000,ОЭС СР. ВОЛГИ,13174,12921
2026-06-30 18:00,2026-06-30,18,600000,ОЭС СР. ВОЛГИ,12660,12704
2026-06-30 19:00,2026-06-30,19,600000,ОЭС СР. ВОЛГИ,12479,12462
2026-06-30 20:00,2026-06-30,20,600000,ОЭС СР. ВОЛГИ,12523,12475
2026-06-30 21:00,2026-06-30,21,600000,ОЭС СР. ВОЛГИ,12533,12568
2026-06-30 22:00,2026-06-30,22,600000,ОЭС СР. ВОЛГИ,11739,12114
2026-06-30 23:00,2026-06-30,23,600000,ОЭС СР. ВОЛГИ,11810,11456
2026-07-01 00:00,2026-07-01,0,600000,ОЭС СР. ВОЛГИ,11941,10942
2026-07-01 01:00,2026-07-01,1,600000,ОЭС СР. ВОЛГИ,10519,10549
2026-07-01 02:00,2026-07-01,2,600000,ОЭС СР. ВОЛГИ,10033,10371
2026-07-01 03:00,2026-07-01,3,600000,ОЭС СР. ВОЛГИ,9805,10042
2026-07-01 04:00,2026-07-01,4,600000,ОЭС СР. ВОЛГИ,9698,10089
2026-07-01 05:00,2026-07-01,5,600000,ОЭС СР. ВОЛГИ,10277,10398
2026-07-01 06:00,2026-07-01,6,600000,ОЭС СР. ВОЛГИ,11123,10894
2026-07-01 07:00,2026-07-01,7,600000,ОЭС СР. ВОЛГИ,11074,11628
2026-07-01 08:00,2026-07-01,8,600000,ОЭС СР. ВОЛГИ,12193,12444
2026-07-01 09:00,2026-07-01,9,600000,ОЭС СР. ВОЛГИ,12969,12938
2026-07-01 10:00,2026-07-01,10,600000,ОЭС СР. ВОЛГИ,13323,13187
2026-07-01 11:00,2026-07-01,11,600000,ОЭС СР. ВОЛГИ,12776,13146
2026-07-01 12:00,2026-07-01,12,600000,ОЭС СР. ВОЛГИ,13187,13107
2026-07-01 13:00,2026-07-01,13,600000,ОЭС СР. ВОЛГИ,13438,13223
2026-07-01 14:00,2026-07-01,14,600000,ОЭС СР. ВОЛГИ,13672,13190
2026-07-01 15:00,2026-07-01,15,600000,ОЭС СР. ВОЛГИ,13416,13184
2026-07-01 16:00,2026-07-01,16,600000,ОЭС СР. ВОЛГИ,13805,13040
2026-07-01 17:00,2026-07-01,17,600000,ОЭС СР. ВОЛГИ,13832,12758
2026-07-01 18:00,2026-07-01,18,600000,ОЭС СР. ВОЛГИ,13933,12801
2026-07-01 19:00,2026-07-01,19,600000,ОЭС СР. ВОЛГИ,13777,12519
2026-07-01 20:00,2026-07-01,20,600000,ОЭС СР. ВОЛГИ,13114,12577
2026-07-01 21:00,2026-07-01,21,600000,ОЭС СР. ВОЛГИ,13087,12468
2026-07-01 22:00,2026-07-01,22,600000,ОЭС СР. ВОЛГИ,12746,12177
2026-07-01 23:00,2026-07-01,23,600000,ОЭС СР. ВОЛГИ,12100,11408
2026-07-02 00:00,2026-07-02,0,600000,ОЭС СР. ВОЛГИ,11254,11039
2026-07-02 01:00,2026-07-02,1,600000,ОЭС СР. ВОЛГИ,10235,10632
2026-07-02 02:00,2026-07-02,2,600000,ОЭС СР. ВОЛГИ,9419,10390
2026-07-02 03:00,2026-07-02,3,600000,ОЭС СР. ВОЛГИ,9271,10084
2026-07-02 04:00,2026-07-02,4,600000,ОЭС СР. ВОЛГИ,9171,10150
2026-07-02 05:00,2026-07-02,5,600000,ОЭС СР. ВОЛГИ,9145,10389
2026-07-02 06:00,2026-07-02,6,600000,ОЭС СР. ВОЛГИ,9679,11095
2026-07-02 07:00,2026-07-02,7,600000,ОЭС СР. ВОЛГИ,11014,11851
2026-07-02 08:00,2026-07-02,8,600000,ОЭС СР. ВОЛГИ,12251,12787
2026-07-02 09:00,2026-07-02,9,600000,ОЭС СР. ВОЛГИ,13092,13542
2026-07-02 10:00,2026-07-02,10,600000,ОЭС СР. ВОЛГИ,12717,13519
2026-07-02 11:00,2026-07-02,11,600000,ОЭС СР. ВОЛГИ,13081,13438
2026-07-02 12:00,2026-07-02,12,600000,ОЭС СР. ВОЛГИ,13088,13475
2026-07-02 13:00,2026-07-02,13,600000,ОЭС СР. ВОЛГИ,13335,13669
2026-07-02 14:00,2026-07-02,14,600000,ОЭС СР. ВОЛГИ,13553,13722
2026-07-02 15:00,2026-07-02,15,600000,ОЭС СР. ВОЛГИ,13558,13498
2026-07-02 16:00,2026-07-02,16,600000,ОЭС СР. ВОЛГИ,13537,13388
2026-07-02 17:00,2026-07-02,17,600000,ОЭС СР. ВОЛГИ,13619,13082
2026-07-02 18:00,2026-07-02,18,600000,ОЭС СР. ВОЛГИ,13510,12984
2026-07-02 19:00,2026-07-02,19,600000,ОЭС СР. ВОЛГИ,13132,12511
2026-07-02 20:00,2026-07-02,20,600000,ОЭС СР. ВОЛГИ,12778,12570
2026-07-02 21:00,2026-07-02,21,600000,ОЭС СР. ВОЛГИ,12015,12428
2026-07-02 22:00,2026-07-02,22,600000,ОЭС СР. ВОЛГИ,12345,12321
2026-07-02 23:00,2026-07-02,23,600000,ОЭС СР. ВОЛГИ,11975,11549
2026-07-03 00:00,2026-07-03,0,600000,ОЭС СР. ВОЛГИ,11591,11039
2026-07-03 01:00,2026-07-03,1,600000,ОЭС СР. ВОЛГИ,10279,10709
2026-07-03 02:00,2026-07-03,2,600000,ОЭС СР. ВОЛГИ,9970,10496
2026-07-03 03:00,2026-07-03,3,600000,ОЭС СР. ВОЛГИ,9583,10327
2026-07-03 04:00,2026-07-03,4,600000,ОЭС СР. ВОЛГИ,9557,10290
2026-07-03 05:00,2026-07-03,5,600000,ОЭС СР. ВОЛГИ,9497,10614
2026-07-03 06:00,2026-07-03,6,600000,ОЭС СР. ВОЛГИ,10515,11007
2026-07-03 07:00,2026-07-03,7,600000,ОЭС СР. ВОЛГИ,10859,11911
2026-07-03 08:00,2026-07-03,8,600000,ОЭС СР. ВОЛГИ,12121,13003
2026-07-03 09:00,2026-07-03,9,600000,ОЭС СР. ВОЛГИ,13114,13593
2026-07-03 10:00,2026-07-03,10,600000,ОЭС СР. ВОЛГИ,13199,13772
2026-07-03 11:00,2026-07-03,11,600000,ОЭС СР. ВОЛГИ,13567,13726
2026-07-03 12:00,2026-07-03,12,600000,ОЭС СР. ВОЛГИ,13397,13852
2026-07-03 13:00,2026-07-03,13,600000,ОЭС СР. ВОЛГИ,13651,14065
2026-07-03 14:00,2026-07-03,14,600000,ОЭС СР. ВОЛГИ,13855,14000
2026-07-03 15:00,2026-07-03,15,600000,ОЭС СР. ВОЛГИ,13655,13726
2026-07-03 16:00,2026-07-03,16,600000,ОЭС СР. ВОЛГИ,13356,13410
2026-07-03 17:00,2026-07-03,17,600000,ОЭС СР. ВОЛГИ,12786,13317
2026-07-03 18:00,2026-07-03,18,600000,ОЭС СР. ВОЛГИ,12858,13236
2026-07-03 19:00,2026-07-03,19,600000,ОЭС СР. ВОЛГИ,12503,12811
2026-07-03 20:00,2026-07-03,20,600000,ОЭС СР. ВОЛГИ,12009,12556
2026-07-03 21:00,2026-07-03,21,600000,ОЭС СР. ВОЛГИ,11950,12612
2026-07-03 22:00,2026-07-03,22,600000,ОЭС СР. ВОЛГИ,12349,12527
2026-07-03 23:00,2026-07-03,23,600000,ОЭС СР. ВОЛГИ,11609,11847
2026-07-04 00:00,2026-07-04,0,600000,ОЭС СР. ВОЛГИ,11980,11273
2026-07-04 01:00,2026-07-04,1,600000,ОЭС СР. ВОЛГИ,11214,10987
2026-07-04 02:00,2026-07-04,2,600000,ОЭС СР. ВОЛГИ,10136,10603
2026-07-04 03:00,2026-07-04,3,600000,ОЭС СР. ВОЛГИ,9493,10247
2026-07-04 04:00,2026-07-04,4,600000,ОЭС СР. ВОЛГИ,9566,10273
2026-07-04 05:00,2026-07-04,5,600000,ОЭС СР. ВОЛГИ,9473,10485
2026-07-04 06:00,2026-07-04,6,600000,ОЭС СР. ВОЛГИ,9751,10731
2026-07-04 07:00,2026-07-04,7,600000,ОЭС СР. ВОЛГИ,10753,11345
2026-07-04 08:00,2026-07-04,8,600000,ОЭС СР. ВОЛГИ,11868,12285
2026-07-04 09:00,2026-07-04,9,600000,ОЭС СР. ВОЛГИ,12517,12834
2026-07-04 10:00,2026-07-04,10,600000,ОЭС СР. ВОЛГИ,12896,12944
2026-07-04 11:00,2026-07-04,11,600000,ОЭС СР. ВОЛГИ,13552,13052
2026-07-04 12:00,2026-07-04,12,600000,ОЭС СР. ВОЛГИ,13503,13214
2026-07-04 13:00,2026-07-04,13,600000,ОЭС СР. ВОЛГИ,13596,13267
2026-07-04 14:00,2026-07-04,14,600000,ОЭС СР. ВОЛГИ,13484,13089
2026-07-04 15:00,2026-07-04,15,600000,ОЭС СР. ВОЛГИ,13102,13033
2026-07-04 16:00,2026-07-04,16,600000,ОЭС СР. ВОЛГИ,13160,13059
2026-07-04 17:00,2026-07-04,17,600000,ОЭС СР. ВОЛГИ,13014,12772
2026-07-04 18:00,2026-07-04,18,600000,ОЭС СР. ВОЛГИ,12611,12601
2026-07-04 19:00,2026-07-04,19,600000,ОЭС СР. ВОЛГИ,12162,12570
2026-07-04 20:00,2026-07-04,20,600000,ОЭС СР. ВОЛГИ,12242,12380
2026-07-04 21:00,2026-07-04,21,600000,ОЭС СР. ВОЛГИ,12212,12442
2026-07-04 22:00,2026-07-04,22,600000,ОЭС СР. ВОЛГИ,11902,12114
2026-07-04 23:00,2026-07-04,23,600000,ОЭС СР. ВОЛГИ,11278,11423
2026-07-05 00:00,2026-07-05,0,600000,ОЭС СР. ВОЛГИ,11304,10869
2026-07-05 01:00,2026-07-05,1,600000,ОЭС СР. ВОЛГИ,10076,10595
2026-07-05 02:00,2026-07-05,2,600000,ОЭС СР. ВОЛГИ,10337,10362
2026-07-05 03:00,2026-07-05,3,600000,ОЭС СР. ВОЛГИ,10053,10306
2026-07-05 04:00,2026-07-05,4,600000,ОЭС СР. ВОЛГИ,9878,10240
2026-07-05 05:00,2026-07-05,5,600000,ОЭС СР. ВОЛГИ,9780,10375
2026-07-05 06:00,2026-07-05,6,600000,ОЭС СР. ВОЛГИ,10011,10521
2026-07-05 07:00,2026-07-05,7,600000,ОЭС СР. ВОЛГИ,10459,11121
2026-07-05 08:00,2026-07-05,8,600000,ОЭС СР. ВОЛГИ,10761,11808
2026-07-05 09:00,2026-07-05,9,600000,ОЭС СР. ВОЛГИ,11634,12397
2026-07-05 10:00,2026-07-05,10,600000,ОЭС СР. ВОЛГИ,12383,12676
2026-07-05 11:00,2026-07-05,11,600000,ОЭС СР. ВОЛГИ,13143,12841
2026-07-05 12:00,2026-07-05,12,600000,ОЭС СР. ВОЛГИ,12937,12937
2026-07-05 13:00,2026-07-05,13,600000,ОЭС СР. ВОЛГИ,13548,13078
2026-07-05 14:00,2026-07-05,14,600000,ОЭС СР. ВОЛГИ,13287,13028
2026-07-05 15:00,2026-07-05,15,600000,ОЭС СР. ВОЛГИ,12952,12896
2026-07-05 16:00,2026-07-05,16,600000,ОЭС СР. ВОЛГИ,13000,12952
2026-07-05 17:00,2026-07-05,17,600000,ОЭС СР. ВОЛГИ,13071,12805
2026-07-05 18:00,2026-07-05,18,600000,ОЭС СР. ВОЛГИ,13212,12628
2026-07-05 19:00,2026-07-05,19,600000,ОЭС СР. ВОЛГИ,13096,12559
2026-07-05 20:00,2026-07-05,20,600000,ОЭС СР. ВОЛГИ,12963,12494
2026-07-05 21:00,2026-07-05,21,600000,ОЭС СР. ВОЛГИ,12344,12551
2026-07-05 22:00,2026-07-05,22,600000,ОЭС СР. ВОЛГИ,11671,12148
2026-07-05 23:00,2026-07-05,23,600000,ОЭС СР. ВОЛГИ,11712,11621
2026-07-06 00:00,2026-07-06,0,600000,ОЭС СР. ВОЛГИ,10497,10997
2026-07-06 01:00,2026-07-06,1,600000,ОЭС СР. ВОЛГИ,10523,10638
2026-07-06 02:00,2026-07-06,2,600000,ОЭС СР. ВОЛГИ,10206,10548
2026-07-06 03:00,2026-07-06,3,600000,ОЭС СР. ВОЛГИ,10103,10415
2026-07-06 04:00,2026-07-06,4,600000,ОЭС СР. ВОЛГИ,9881,10267
2026-07-06 05:00,2026-07-06,5,600000,ОЭС СР. ВОЛГИ,10480,10610
2026-07-06 06:00,2026-07-06,6,600000,ОЭС СР. ВОЛГИ,11194,11164
2026-07-06 07:00,2026-07-06,7,600000,ОЭС СР. ВОЛГИ,11576,12141
2026-07-06 08:00,2026-07-06,8,600000,ОЭС СР. ВОЛГИ,11822,13102
2026-07-06 09:00,2026-07-06,9,600000,ОЭС СР. ВОЛГИ,13850,13719
2026-07-06 10:00,2026-07-06,10,600000,ОЭС СР. ВОЛГИ,14055,13967
2026-07-06 11:00,2026-07-06,11,600000,ОЭС СР. ВОЛГИ,13917,13897
2026-07-06 12:00,2026-07-06,12,600000,ОЭС СР. ВОЛГИ,14313,14026
2026-07-06 13:00,2026-07-06,13,600000,ОЭС СР. ВОЛГИ,14280,14227
2026-07-06 14:00,2026-07-06,14,600000,ОЭС СР. ВОЛГИ,14246,14062
2026-07-06 15:00,2026-07-06,15,600000,ОЭС СР. ВОЛГИ,13965,13838
2026-07-06 16:00,2026-07-06,16,600000,ОЭС СР. ВОЛГИ,13763,13757
2026-07-06 17:00,2026-07-06,17,600000,ОЭС СР. ВОЛГИ,13334,13521
2026-07-06 18:00,2026-07-06,18,600000,ОЭС СР. ВОЛГИ,13779,13191
2026-07-06 19:00,2026-07-06,19,600000,ОЭС СР. ВОЛГИ,13437,13008
2026-07-06 20:00,2026-07-06,20,600000,ОЭС СР. ВОЛГИ,11900,12692
2026-07-06 21:00,2026-07-06,21,600000,ОЭС СР. ВОЛГИ,12178,12785
2026-07-06 22:00,2026-07-06,22,600000,ОЭС СР. ВОЛГИ,12601,12574
2026-07-06 23:00,2026-07-06,23,600000,ОЭС СР. ВОЛГИ,11094,11668
2026-07-07 00:00,2026-07-07,0,600000,ОЭС СР. ВОЛГИ,10821,11068
2026-07-07 01:00,2026-07-07,1,600000,ОЭС СР. ВОЛГИ,10430,10769
2026-07-07 02:00,2026-07-07,2,600000,ОЭС СР. ВОЛГИ,10091,10603
2026-07-07 03:00,2026-07-07,3,600000,ОЭС СР. ВОЛГИ,9716,10511
2026-07-07 04:00,2026-07-07,4,600000,ОЭС СР. ВОЛГИ,9439,10297
2026-07-07 05:00,2026-07-07,5,600000,ОЭС СР. ВОЛГИ,9821,10607
2026-07-07 06:00,2026-07-07,6,600000,ОЭС СР. ВОЛГИ,10633,11233
2026-07-07 07:00,2026-07-07,7,600000,ОЭС СР. ВОЛГИ,11355,12117
2026-07-07 08:00,2026-07-07,8,600000,ОЭС СР. ВОЛГИ,11589,13150
2026-07-07 09:00,2026-07-07,9,600000,ОЭС СР. ВОЛГИ,13998,13827
2026-07-07 10:00,2026-07-07,10,600000,ОЭС СР. ВОЛГИ,13914,13863
2026-07-07 11:00,2026-07-07,11,600000,ОЭС СР. ВОЛГИ,13923,13803
2026-07-07 12:00,2026-07-07,12,600000,ОЭС СР. ВОЛГИ,14101,13764
2026-07-07 13:00,2026-07-07,13,600000,ОЭС СР. ВОЛГИ,14311,13798
2026-07-07 14:00,2026-07-07,14,600000,ОЭС СР. ВОЛГИ,13943,13703
2026-07-07 15:00,2026-07-07,15,600000,ОЭС СР. ВОЛГИ,13814,13887
2026-07-07 16:00,2026-07-07,16,600000,ОЭС СР. ВОЛГИ,13502,13392
2026-07-07 17:00,2026-07-07,17,600000,ОЭС СР. ВОЛГИ,13208,13355
2026-07-07 18:00,2026-07-07,18,600000,ОЭС СР. ВОЛГИ,13211,13241
2026-07-07 19:00,2026-07-07,19,600000,ОЭС СР. ВОЛГИ,12790,12921
2026-07-07 20:00,2026-07-07,20,600000,ОЭС СР. ВОЛГИ,12834,12706
2026-07-07 21:00,2026-07-07,21,600000,ОЭС СР. ВОЛГИ,12285,12927
2026-07-07 22:00,2026-07-07,22,600000,ОЭС СР. ВОЛГИ,11711,12442
2026-07-07 23:00,2026-07-07,23,600000,ОЭС СР. ВОЛГИ,10701,11534
2026-07-08 00:00,2026-07-08,0,600000,ОЭС СР. ВОЛГИ,10568,11140
2026-07-08 01:00,2026-07-08,1,600000,ОЭС СР. ВОЛГИ,10570,10816
2026-07-08 02:00,2026-07-08,2,600000,ОЭС СР. ВОЛГИ,10072,10544
2026-07-08 03:00,2026-07-08,3,600000,ОЭС СР. ВОЛГИ,10032,10421
2026-07-08 04:00,2026-07-08,4,600000,ОЭС СР. ВОЛГИ,9448,10400
2026-07-08 05:00,2026-07-08,5,600000,ОЭС СР. ВОЛГИ,10035,10597
2026-07-08 06:00,2026-07-08,6,600000,ОЭС СР. ВОЛГИ,10547,11102
2026-07-08 07:00,2026-07-08,7,600000,ОЭС СР. ВОЛГИ,11613,12166
2026-07-08 08:00,2026-07-08,8,600000,ОЭС СР. ВОЛГИ,11402,12892
2026-07-08 09:00,2026-07-08,9,600000,ОЭС СР. ВОЛГИ,13327,13550
2026-07-08 10:00,2026-07-08,10,600000,ОЭС СР. ВОЛГИ,13117,13647
2026-07-08 11:00,2026-07-08,11,600000,ОЭС СР. ВОЛГИ,13409,13593
2026-07-08 12:00,2026-07-08,12,600000,ОЭС СР. ВОЛГИ,13411,13645
2026-07-08 13:00,2026-07-08,13,600000,ОЭС СР. ВОЛГИ,13535,13855
2026-07-08 14:00,2026-07-08,14,600000,ОЭС СР. ВОЛГИ,13519,13834
2026-07-08 15:00,2026-07-08,15,600000,ОЭС СР. ВОЛГИ,13512,13713
2026-07-08 16:00,2026-07-08,16,600000,ОЭС СР. ВОЛГИ,13657,13384
2026-07-08 17:00,2026-07-08,17,600000,ОЭС СР. ВОЛГИ,13435,13238
2026-07-08 18:00,2026-07-08,18,600000,ОЭС СР. ВОЛГИ,13491,13227
2026-07-08 19:00,2026-07-08,19,600000,ОЭС СР. ВОЛГИ,12886,12684
2026-07-08 20:00,2026-07-08,20,600000,ОЭС СР. ВОЛГИ,12247,12553
2026-07-08 21:00,2026-07-08,21,600000,ОЭС СР. ВОЛГИ,12772,12741
2026-07-08 22:00,2026-07-08,22,600000,ОЭС СР. ВОЛГИ,12227,12273
2026-07-08 23:00,2026-07-08,23,600000,ОЭС СР. ВОЛГИ,11494,11634
2026-07-09 00:00,2026-07-09,0,600000,ОЭС СР. ВОЛГИ,10978,11143
2026-07-09 01:00,2026-07-09,1,600000,ОЭС СР. ВОЛГИ,12014,10862
2026-07-09 02:00,2026-07-09,2,600000,ОЭС СР. ВОЛГИ,11135,10653
2026-07-09 03:00,2026-07-09,3,600000,ОЭС СР. ВОЛГИ,10510,10341
2026-07-09 04:00,2026-07-09,4,600000,ОЭС СР. ВОЛГИ,10408,10385
2026-07-09 05:00,2026-07-09,5,600000,ОЭС СР. ВОЛГИ,9991,10520
2026-07-09 06:00,2026-07-09,6,600000,ОЭС СР. ВОЛГИ,10769,11115
2026-07-09 07:00,2026-07-09,7,600000,ОЭС СР. ВОЛГИ,12088,12057
2026-07-09 08:00,2026-07-09,8,600000,ОЭС СР. ВОЛГИ,13168,13117
2026-07-09 09:00,2026-07-09,9,600000,ОЭС СР. ВОЛГИ,14005,13635
2026-07-09 10:00,2026-07-09,10,600000,ОЭС СР. ВОЛГИ,13982,14018
2026-07-09 11:00,2026-07-09,11,600000,ОЭС СР. ВОЛГИ,14098,14026
2026-07-09 12:00,2026-07-09,12,600000,ОЭС СР. ВОЛГИ,14148,13892
2026-07-09 13:00,2026-07-09,13,600000,ОЭС СР. ВОЛГИ,14011,13965
2026-07-09 14:00,2026-07-09,14,600000,ОЭС СР. ВОЛГИ,13938,14142
2026-07-09 15:00,2026-07-09,15,600000,ОЭС СР. ВОЛГИ,14005,14117
2026-07-09 16:00,2026-07-09,16,600000,ОЭС СР. ВОЛГИ,13680,13774
2026-07-09 17:00,2026-07-09,17,600000,ОЭС СР. ВОЛГИ,13658,13644
2026-07-09 18:00,2026-07-09,18,600000,ОЭС СР. ВОЛГИ,13600,13564
2026-07-09 19:00,2026-07-09,19,600000,ОЭС СР. ВОЛГИ,12965,12962
2026-07-09 20:00,2026-07-09,20,600000,ОЭС СР. ВОЛГИ,12675,13007
2026-07-09 21:00,2026-07-09,21,600000,ОЭС СР. ВОЛГИ,12728,13134
2026-07-09 22:00,2026-07-09,22,600000,ОЭС СР. ВОЛГИ,12422,12582
2026-07-09 23:00,2026-07-09,23,600000,ОЭС СР. ВОЛГИ,12046,11843
2026-07-10 00:00,2026-07-10,0,600000,ОЭС СР. ВОЛГИ,12249,11343
2026-07-10 01:00,2026-07-10,1,600000,ОЭС СР. ВОЛГИ,12010,10817
2026-07-10 02:00,2026-07-10,2,600000,ОЭС СР. ВОЛГИ,11702,10729
2026-07-10 03:00,2026-07-10,3,600000,ОЭС СР. ВОЛГИ,11448,10613
2026-07-10 04:00,2026-07-10,4,600000,ОЭС СР. ВОЛГИ,11384,10556
2026-07-10 05:00,2026-07-10,5,600000,ОЭС СР. ВОЛГИ,11427,10857
2026-07-10 06:00,2026-07-10,6,600000,ОЭС СР. ВОЛГИ,12069,11269
2026-07-10 07:00,2026-07-10,7,600000,ОЭС СР. ВОЛГИ,12492,12204
2026-07-10 08:00,2026-07-10,8,600000,ОЭС СР. ВОЛГИ,13398,13198
2026-07-10 09:00,2026-07-10,9,600000,ОЭС СР. ВОЛГИ,14055,13804
2026-07-10 10:00,2026-07-10,10,600000,ОЭС СР. ВОЛГИ,14277,14211
2026-07-10 11:00,2026-07-10,11,600000,ОЭС СР. ВОЛГИ,14492,14270
2026-07-10 12:00,2026-07-10,12,600000,ОЭС СР. ВОЛГИ,14883,14329
2026-07-10 13:00,2026-07-10,13,600000,ОЭС СР. ВОЛГИ,15038,14503
2026-07-10 14:00,2026-07-10,14,600000,ОЭС СР. ВОЛГИ,15107,14431
2026-07-10 15:00,2026-07-10,15,600000,ОЭС СР. ВОЛГИ,15353,14148
2026-07-10 16:00,2026-07-10,16,600000,ОЭС СР. ВОЛГИ,15069,13795
2026-07-10 17:00,2026-07-10,17,600000,ОЭС СР. ВОЛГИ,15071,13879
2026-07-10 18:00,2026-07-10,18,600000,ОЭС СР. ВОЛГИ,14419,13527
2026-07-10 19:00,2026-07-10,19,600000,ОЭС СР. ВОЛГИ,14366,13343
2026-07-10 20:00,2026-07-10,20,600000,ОЭС СР. ВОЛГИ,13791,12887
2026-07-10 21:00,2026-07-10,21,600000,ОЭС СР. ВОЛГИ,13457,13149
2026-07-10 22:00,2026-07-10,22,600000,ОЭС СР. ВОЛГИ,13014,12764
2026-07-10 23:00,2026-07-10,23,600000,ОЭС СР. ВОЛГИ,11636,12079
2026-07-11 00:00,2026-07-11,0,600000,ОЭС СР. ВОЛГИ,11441,11525
2026-07-11 01:00,2026-07-11,1,600000,ОЭС СР. ВОЛГИ,11334,11067
2026-07-11 02:00,2026-07-11,2,600000,ОЭС СР. ВОЛГИ,10243,10764
2026-07-11 03:00,2026-07-11,3,600000,ОЭС СР. ВОЛГИ,10329,10596
2026-07-11 04:00,2026-07-11,4,600000,ОЭС СР. ВОЛГИ,9647,10405
2026-07-11 05:00,2026-07-11,5,600000,ОЭС СР. ВОЛГИ,10306,10570
2026-07-11 06:00,2026-07-11,6,600000,ОЭС СР. ВОЛГИ,10944,10981
2026-07-11 07:00,2026-07-11,7,600000,ОЭС СР. ВОЛГИ,11525,11505
2026-07-11 08:00,2026-07-11,8,600000,ОЭС СР. ВОЛГИ,12484,12326
2026-07-11 09:00,2026-07-11,9,600000,ОЭС СР. ВОЛГИ,12482,12962
2026-07-11 10:00,2026-07-11,10,600000,ОЭС СР. ВОЛГИ,12794,13237
2026-07-11 11:00,2026-07-11,11,600000,ОЭС СР. ВОЛГИ,13458,13371
2026-07-11 12:00,2026-07-11,12,600000,ОЭС СР. ВОЛГИ,13816,13478
2026-07-11 13:00,2026-07-11,13,600000,ОЭС СР. ВОЛГИ,13628,13445
2026-07-11 14:00,2026-07-11,14,600000,ОЭС СР. ВОЛГИ,13536,13353
2026-07-11 15:00,2026-07-11,15,600000,ОЭС СР. ВОЛГИ,13453,13268
2026-07-11 16:00,2026-07-11,16,600000,ОЭС СР. ВОЛГИ,13227,13065
2026-07-11 17:00,2026-07-11,17,600000,ОЭС СР. ВОЛГИ,12629,12883
2026-07-11 18:00,2026-07-11,18,600000,ОЭС СР. ВОЛГИ,13086,12836
2026-07-11 19:00,2026-07-11,19,600000,ОЭС СР. ВОЛГИ,12932,12678
2026-07-11 20:00,2026-07-11,20,600000,ОЭС СР. ВОЛГИ,12482,12384
2026-07-11 21:00,2026-07-11,21,600000,ОЭС СР. ВОЛГИ,12536,12569
2026-07-11 22:00,2026-07-11,22,600000,ОЭС СР. ВОЛГИ,11855,12149
2026-07-11 23:00,2026-07-11,23,600000,ОЭС СР. ВОЛГИ,11835,11611
2026-07-12 00:00,2026-07-12,0,600000,ОЭС СР. ВОЛГИ,11669,11159
2026-07-12 01:00,2026-07-12,1,600000,ОЭС СР. ВОЛГИ,11690,10667
2026-07-12 02:00,2026-07-12,2,600000,ОЭС СР. ВОЛГИ,11390,10544
2026-07-12 03:00,2026-07-12,3,600000,ОЭС СР. ВОЛГИ,10513,10350
2026-07-12 04:00,2026-07-12,4,600000,ОЭС СР. ВОЛГИ,9957,10291
2026-07-12 05:00,2026-07-12,5,600000,ОЭС СР. ВОЛГИ,10051,10206
2026-07-12 06:00,2026-07-12,6,600000,ОЭС СР. ВОЛГИ,10847,10580
2026-07-12 07:00,2026-07-12,7,600000,ОЭС СР. ВОЛГИ,11024,11051
2026-07-12 08:00,2026-07-12,8,600000,ОЭС СР. ВОЛГИ,11777,11610
2026-07-12 09:00,2026-07-12,9,600000,ОЭС СР. ВОЛГИ,12731,12130
2026-07-12 10:00,2026-07-12,10,600000,ОЭС СР. ВОЛГИ,12741,12474
2026-07-12 11:00,2026-07-12,11,600000,ОЭС СР. ВОЛГИ,12926,12611
2026-07-12 12:00,2026-07-12,12,600000,ОЭС СР. ВОЛГИ,12767,12569
2026-07-12 13:00,2026-07-12,13,600000,ОЭС СР. ВОЛГИ,13022,12740
2026-07-12 14:00,2026-07-12,14,600000,ОЭС СР. ВОЛГИ,13471,12724
2026-07-12 15:00,2026-07-12,15,600000,ОЭС СР. ВОЛГИ,13166,12819
2026-07-12 16:00,2026-07-12,16,600000,ОЭС СР. ВОЛГИ,13075,12757
2026-07-12 17:00,2026-07-12,17,600000,ОЭС СР. ВОЛГИ,12787,12632
2026-07-12 18:00,2026-07-12,18,600000,ОЭС СР. ВОЛГИ,13050,12639
2026-07-12 19:00,2026-07-12,19,600000,ОЭС СР. ВОЛГИ,12929,12403
2026-07-12 20:00,2026-07-12,20,600000,ОЭС СР. ВОЛГИ,12790,12380
2026-07-12 21:00,2026-07-12,21,600000,ОЭС СР. ВОЛГИ,12384,12378
2026-07-12 22:00,2026-07-12,22,600000,ОЭС СР. ВОЛГИ,11898,11958
2026-07-12 23:00,2026-07-12,23,600000,ОЭС СР. ВОЛГИ,11756,11401
2026-07-13 00:00,2026-07-13,0,600000,ОЭС СР. ВОЛГИ,11584,10910
2026-07-13 01:00,2026-07-13,1,600000,ОЭС СР. ВОЛГИ,11171,10712
2026-07-13 02:00,2026-07-13,2,600000,ОЭС СР. ВОЛГИ,11132,10512
2026-07-13 03:00,2026-07-13,3,600000,ОЭС СР. ВОЛГИ,11128,10229
2026-07-13 04:00,2026-07-13,4,600000,ОЭС СР. ВОЛГИ,10688,10165
2026-07-13 05:00,2026-07-13,5,600000,ОЭС СР. ВОЛГИ,10700,10525
2026-07-13 06:00,2026-07-13,6,600000,ОЭС СР. ВОЛГИ,11575,11065
2026-07-13 07:00,2026-07-13,7,600000,ОЭС СР. ВОЛГИ,11791,11970
2026-07-13 08:00,2026-07-13,8,600000,ОЭС СР. ВОЛГИ,12640,12883
2026-07-13 09:00,2026-07-13,9,600000,ОЭС СР. ВОЛГИ,13724,13628
2026-07-13 10:00,2026-07-13,10,600000,ОЭС СР. ВОЛГИ,13864,13632
2026-07-13 11:00,2026-07-13,11,600000,ОЭС СР. ВОЛГИ,14132,13772
2026-07-13 12:00,2026-07-13,12,600000,ОЭС СР. ВОЛГИ,14365,13888
2026-07-13 13:00,2026-07-13,13,600000,ОЭС СР. ВОЛГИ,14392,13964
2026-07-13 14:00,2026-07-13,14,600000,ОЭС СР. ВОЛГИ,14538,13855
2026-07-13 15:00,2026-07-13,15,600000,ОЭС СР. ВОЛГИ,14431,13857
2026-07-13 16:00,2026-07-13,16,600000,ОЭС СР. ВОЛГИ,14342,13506
2026-07-13 17:00,2026-07-13,17,600000,ОЭС СР. ВОЛГИ,13852,13321
2026-07-13 18:00,2026-07-13,18,600000,ОЭС СР. ВОЛГИ,13703,13164
2026-07-13 19:00,2026-07-13,19,600000,ОЭС СР. ВОЛГИ,13526,12839
2026-07-13 20:00,2026-07-13,20,600000,ОЭС СР. ВОЛГИ,12751,12803
2026-07-13 21:00,2026-07-13,21,600000,ОЭС СР. ВОЛГИ,12804,12912
2026-07-13 22:00,2026-07-13,22,600000,ОЭС СР. ВОЛГИ,12807,12333
2026-07-13 23:00,2026-07-13,23,600000,ОЭС СР. ВОЛГИ,12126,11547
2026-07-14 00:00,2026-07-14,0,600000,ОЭС СР. ВОЛГИ,11952,11209
2026-07-14 01:00,2026-07-14,1,600000,ОЭС СР. ВОЛГИ,11785,10911
2026-07-14 02:00,2026-07-14,2,600000,ОЭС СР. ВОЛГИ,11418,10715
2026-07-14 03:00,2026-07-14,3,600000,ОЭС СР. ВОЛГИ,11415,10553
2026-07-14 04:00,2026-07-14,4,600000,ОЭС СР. ВОЛГИ,11483,10535
2026-07-14 05:00,2026-07-14,5,600000,ОЭС СР. ВОЛГИ,11245,10687
2026-07-14 06:00,2026-07-14,6,600000,ОЭС СР. ВОЛГИ,12093,11270
2026-07-14 07:00,2026-07-14,7,600000,ОЭС СР. ВОЛГИ,12512,11982
2026-07-14 08:00,2026-07-14,8,600000,ОЭС СР. ВОЛГИ,13199,12893
2026-07-14 09:00,2026-07-14,9,600000,ОЭС СР. ВОЛГИ,13703,13427
2026-07-14 10:00,2026-07-14,10,600000,ОЭС СР. ВОЛГИ,14041,13736
2026-07-14 11:00,2026-07-14,11,600000,ОЭС СР. ВОЛГИ,14574,13585
2026-07-14 12:00,2026-07-14,12,600000,ОЭС СР. ВОЛГИ,14769,13666
2026-07-14 13:00,2026-07-14,13,600000,ОЭС СР. ВОЛГИ,15090,13752
2026-07-14 14:00,2026-07-14,14,600000,ОЭС СР. ВОЛГИ,14956,13788
2026-07-14 15:00,2026-07-14,15,600000,ОЭС СР. ВОЛГИ,14899,13684
2026-07-14 16:00,2026-07-14,16,600000,ОЭС СР. ВОЛГИ,14938,13411
2026-07-14 17:00,2026-07-14,17,600000,ОЭС СР. ВОЛГИ,14249,13148
2026-07-14 18:00,2026-07-14,18,600000,ОЭС СР. ВОЛГИ,14292,13149
2026-07-14 19:00,2026-07-14,19,600000,ОЭС СР. ВОЛГИ,13942,12878
2026-07-14 20:00,2026-07-14,20,600000,ОЭС СР. ВОЛГИ,13285,12582
2026-07-14 21:00,2026-07-14,21,600000,ОЭС СР. ВОЛГИ,13445,12879
2026-07-14 22:00,2026-07-14,22,600000,ОЭС СР. ВОЛГИ,13136,12359
2026-07-14 23:00,2026-07-14,23,600000,ОЭС СР. ВОЛГИ,12812,11619
2026-07-15 00:00,2026-07-15,0,600000,ОЭС СР. ВОЛГИ,12844,11193
2026-07-15 01:00,2026-07-15,1,600000,ОЭС СР. ВОЛГИ,11966,10826
2026-07-15 02:00,2026-07-15,2,600000,ОЭС СР. ВОЛГИ,11614,10575
2026-07-15 03:00,2026-07-15,3,600000,ОЭС СР. ВОЛГИ,10990,10405
2026-07-15 04:00,2026-07-15,4,600000,ОЭС СР. ВОЛГИ,10723,10352
2026-07-15 05:00,2026-07-15,5,600000,ОЭС СР. ВОЛГИ,11351,10636
2026-07-15 06:00,2026-07-15,6,600000,ОЭС СР. ВОЛГИ,12003,11376
2026-07-15 07:00,2026-07-15,7,600000,ОЭС СР. ВОЛГИ,12154,12207
2026-07-15 08:00,2026-07-15,8,600000,ОЭС СР. ВОЛГИ,13019,12922
2026-07-15 09:00,2026-07-15,9,600000,ОЭС СР. ВОЛГИ,13661,13534
2026-07-15 10:00,2026-07-15,10,600000,ОЭС СР. ВОЛГИ,13994,13847
2026-07-15 11:00,2026-07-15,11,600000,ОЭС СР. ВОЛГИ,14274,13895
2026-07-15 12:00,2026-07-15,12,600000,ОЭС СР. ВОЛГИ,14032,13844
2026-07-15 13:00,2026-07-15,13,600000,ОЭС СР. ВОЛГИ,14135,13929
2026-07-15 14:00,2026-07-15,14,600000,ОЭС СР. ВОЛГИ,14435,13845
2026-07-15 15:00,2026-07-15,15,600000,ОЭС СР. ВОЛГИ,14209,13651
2026-07-15 16:00,2026-07-15,16,600000,ОЭС СР. ВОЛГИ,14394,13436
2026-07-15 17:00,2026-07-15,17,600000,ОЭС СР. ВОЛГИ,13669,13347
2026-07-15 18:00,2026-07-15,18,600000,ОЭС СР. ВОЛГИ,13772,13055
2026-07-15 19:00,2026-07-15,19,600000,ОЭС СР. ВОЛГИ,13114,12683
2026-07-15 20:00,2026-07-15,20,600000,ОЭС СР. ВОЛГИ,12789,12721
2026-07-15 21:00,2026-07-15,21,600000,ОЭС СР. ВОЛГИ,13092,12772
2026-07-15 22:00,2026-07-15,22,600000,ОЭС СР. ВОЛГИ,13206,12538
2026-07-15 23:00,2026-07-15,23,600000,ОЭС СР. ВОЛГИ,12916,11775
2026-07-16 00:00,2026-07-16,0,600000,ОЭС СР. ВОЛГИ,12396,11130
2026-07-16 01:00,2026-07-16,1,600000,ОЭС СР. ВОЛГИ,11984,10878
2026-07-16 02:00,2026-07-16,2,600000,ОЭС СР. ВОЛГИ,11116,10783
2026-07-16 03:00,2026-07-16,3,600000,ОЭС СР. ВОЛГИ,10355,10443
2026-07-16 04:00,2026-07-16,4,600000,ОЭС СР. ВОЛГИ,10811,10301
2026-07-16 05:00,2026-07-16,5,600000,ОЭС СР. ВОЛГИ,11039,10635
2026-07-16 06:00,2026-07-16,6,600000,ОЭС СР. ВОЛГИ,11952,11274
2026-07-16 07:00,2026-07-16,7,600000,ОЭС СР. ВОЛГИ,12162,12155
2026-07-16 08:00,2026-07-16,8,600000,ОЭС СР. ВОЛГИ,13254,13219
2026-07-16 09:00,2026-07-16,9,600000,ОЭС СР. ВОЛГИ,13219,13756
2026-07-16 10:00,2026-07-16,10,600000,ОЭС СР. ВОЛГИ,13157,13604
2026-07-16 11:00,2026-07-16,11,600000,ОЭС СР. ВОЛГИ,13736,13640
2026-07-16 12:00,2026-07-16,12,600000,ОЭС СР. ВОЛГИ,13923,13592
2026-07-16 13:00,2026-07-16,13,600000,ОЭС СР. ВОЛГИ,13753,13604
2026-07-16 14:00,2026-07-16,14,600000,ОЭС СР. ВОЛГИ,13686,13650
2026-07-16 15:00,2026-07-16,15,600000,ОЭС СР. ВОЛГИ,13377,13434
2026-07-16 16:00,2026-07-16,16,600000,ОЭС СР. ВОЛГИ,13334,13255
2026-07-16 17:00,2026-07-16,17,600000,ОЭС СР. ВОЛГИ,13266,12864
2026-07-16 18:00,2026-07-16,18,600000,ОЭС СР. ВОЛГИ,13058,12922
2026-07-16 19:00,2026-07-16,19,600000,ОЭС СР. ВОЛГИ,12666,12562
2026-07-16 20:00,2026-07-16,20,600000,ОЭС СР. ВОЛГИ,12723,12664
2026-07-16 21:00,2026-07-16,21,600000,ОЭС СР. ВОЛГИ,12799,12544
2026-07-16 22:00,2026-07-16,22,600000,ОЭС СР. ВОЛГИ,12636,12238
2026-07-16 23:00,2026-07-16,23,600000,ОЭС СР. ВОЛГИ,12762,11632
2026-07-17 00:00,2026-07-17,0,600000,ОЭС СР. ВОЛГИ,12259,11153
2026-07-17 01:00,2026-07-17,1,600000,ОЭС СР. ВОЛГИ,11621,10717
2026-07-17 02:00,2026-07-17,2,600000,ОЭС СР. ВОЛГИ,11466,10687
2026-07-17 03:00,2026-07-17,3,600000,ОЭС СР. ВОЛГИ,10511,10607
2026-07-17 04:00,2026-07-17,4,600000,ОЭС СР. ВОЛГИ,10497,10528
2026-07-17 05:00,2026-07-17,5,600000,ОЭС СР. ВОЛГИ,10613,10711
2026-07-17 06:00,2026-07-17,6,600000,ОЭС СР. ВОЛГИ,11499,11222
2026-07-17 07:00,2026-07-17,7,600000,ОЭС СР. ВОЛГИ,12187,11769
2026-07-17 08:00,2026-07-17,8,600000,ОЭС СР. ВОЛГИ,12818,12655
2026-07-17 09:00,2026-07-17,9,600000,ОЭС СР. ВОЛГИ,12924,12940
2026-07-17 10:00,2026-07-17,10,600000,ОЭС СР. ВОЛГИ,13456,13338
2026-07-17 11:00,2026-07-17,11,600000,ОЭС СР. ВОЛГИ,13280,13083
2026-07-17 12:00,2026-07-17,12,600000,ОЭС СР. ВОЛГИ,13264,12975
2026-07-17 13:00,2026-07-17,13,600000,ОЭС СР. ВОЛГИ,13740,13250
2026-07-17 14:00,2026-07-17,14,600000,ОЭС СР. ВОЛГИ,13619,13112
2026-07-17 15:00,2026-07-17,15,600000,ОЭС СР. ВОЛГИ,13613,12933
2026-07-17 16:00,2026-07-17,16,600000,ОЭС СР. ВОЛГИ,13335,12804
2026-07-17 17:00,2026-07-17,17,600000,ОЭС СР. ВОЛГИ,13325,12647
2026-07-17 18:00,2026-07-17,18,600000,ОЭС СР. ВОЛГИ,13135,12595
2026-07-17 19:00,2026-07-17,19,600000,ОЭС СР. ВОЛГИ,13175,12425
2026-07-17 20:00,2026-07-17,20,600000,ОЭС СР. ВОЛГИ,12862,12282
2026-07-17 21:00,2026-07-17,21,600000,ОЭС СР. ВОЛГИ,12984,12311
2026-07-17 22:00,2026-07-17,22,600000,ОЭС СР. ВОЛГИ,12703,11861
2026-07-17 23:00,2026-07-17,23,600000,ОЭС СР. ВОЛГИ,12580,11307
2026-07-18 00:00,2026-07-18,0,600000,ОЭС СР. ВОЛГИ,11982,10797
2026-07-18 01:00,2026-07-18,1,600000,ОЭС СР. ВОЛГИ,11789,10518
2026-07-18 02:00,2026-07-18,2,600000,ОЭС СР. ВОЛГИ,11850,10281
2026-07-18 03:00,2026-07-18,3,600000,ОЭС СР. ВОЛГИ,11552,10216
2026-07-18 04:00,2026-07-18,4,600000,ОЭС СР. ВОЛГИ,11083,10061
2026-07-18 05:00,2026-07-18,5,600000,ОЭС СР. ВОЛГИ,10929,10196
2026-07-18 06:00,2026-07-18,6,600000,ОЭС СР. ВОЛГИ,11512,10448
2026-07-18 07:00,2026-07-18,7,600000,ОЭС СР. ВОЛГИ,12198,11007
2026-07-18 08:00,2026-07-18,8,600000,ОЭС СР. ВОЛГИ,12523,11612
2026-07-18 09:00,2026-07-18,9,600000,ОЭС СР. ВОЛГИ,12643,12212
2026-07-18 10:00,2026-07-18,10,600000,ОЭС СР. ВОЛГИ,13320,12308
2026-07-18 11:00,2026-07-18,11,600000,ОЭС СР. ВОЛГИ,13564,12558
2026-07-18 12:00,2026-07-18,12,600000,ОЭС СР. ВОЛГИ,13576,12447
2026-07-18 13:00,2026-07-18,13,600000,ОЭС СР. ВОЛГИ,13547,12532
2026-07-18 14:00,2026-07-18,14,600000,ОЭС СР. ВОЛГИ,13356,12479
2026-07-18 15:00,2026-07-18,15,600000,ОЭС СР. ВОЛГИ,13444,12315
2026-07-18 16:00,2026-07-18,16,600000,ОЭС СР. ВОЛГИ,13595,12315
2026-07-18 17:00,2026-07-18,17,600000,ОЭС СР. ВОЛГИ,13269,12062
2026-07-18 18:00,2026-07-18,18,600000,ОЭС СР. ВОЛГИ,13080,11926
2026-07-18 19:00,2026-07-18,19,600000,ОЭС СР. ВОЛГИ,12965,11835
2026-07-18 20:00,2026-07-18,20,600000,ОЭС СР. ВОЛГИ,12746,11751
2026-07-18 21:00,2026-07-18,21,600000,ОЭС СР. ВОЛГИ,12640,11961
2026-07-18 22:00,2026-07-18,22,600000,ОЭС СР. ВОЛГИ,12566,11518
2026-07-18 23:00,2026-07-18,23,600000,ОЭС СР. ВОЛГИ,12112,10904
2026-07-19 00:00,2026-07-19,0,600000,ОЭС СР. ВОЛГИ,12128,10578
2026-07-19 01:00,2026-07-19,1,600000,ОЭС СР. ВОЛГИ,11845,10395
2026-07-19 02:00,2026-07-19,2,600000,ОЭС СР. ВОЛГИ,11636,10145
2026-07-19 03:00,2026-07-19,3,600000,ОЭС СР. ВОЛГИ,11457,10034
2026-07-19 04:00,2026-07-19,4,600000,ОЭС СР. ВОЛГИ,11028,9833
2026-07-19 05:00,2026-07-19,5,600000,ОЭС СР. ВОЛГИ,10930,10052
2026-07-19 06:00,2026-07-19,6,600000,ОЭС СР. ВОЛГИ,11361,10347
2026-07-19 07:00,2026-07-19,7,600000,ОЭС СР. ВОЛГИ,11855,10649
2026-07-19 08:00,2026-07-19,8,600000,ОЭС СР. ВОЛГИ,12654,11181
2026-07-19 09:00,2026-07-19,9,600000,ОЭС СР. ВОЛГИ,13012,11722
2026-07-19 10:00,2026-07-19,10,600000,ОЭС СР. ВОЛГИ,13090,11975
2026-07-19 11:00,2026-07-19,11,600000,ОЭС СР. ВОЛГИ,13119,12074
2026-07-19 12:00,2026-07-19,12,600000,ОЭС СР. ВОЛГИ,13206,12143
2026-07-19 13:00,2026-07-19,13,600000,ОЭС СР. ВОЛГИ,13368,12238
2026-07-19 14:00,2026-07-19,14,600000,ОЭС СР. ВОЛГИ,13563,12178
2026-07-19 15:00,2026-07-19,15,600000,ОЭС СР. ВОЛГИ,13408,12173
2026-07-19 16:00,2026-07-19,16,600000,ОЭС СР. ВОЛГИ,13528,12226
2026-07-19 17:00,2026-07-19,17,600000,ОЭС СР. ВОЛГИ,13848,12398
2026-07-19 18:00,2026-07-19,18,600000,ОЭС СР. ВОЛГИ,13820,12267
2026-07-19 19:00,2026-07-19,19,600000,ОЭС СР. ВОЛГИ,13798,12067
2026-07-19 20:00,2026-07-19,20,600000,ОЭС СР. ВОЛГИ,13310,12114
2026-07-19 21:00,2026-07-19,21,600000,ОЭС СР. ВОЛГИ,13220,12256
2026-07-19 22:00,2026-07-19,22,600000,ОЭС СР. ВОЛГИ,12253,11843
2026-07-19 23:00,2026-07-19,23,600000,ОЭС СР. ВОЛГИ,11433,11297
2026-07-20 00:00,2026-07-20,0,600000,ОЭС СР. ВОЛГИ,11149,10676
2026-07-20 01:00,2026-07-20,1,600000,ОЭС СР. ВОЛГИ,12083,10589
2026-07-20 02:00,2026-07-20,2,600000,ОЭС СР. ВОЛГИ,11669,10381
2026-07-20 03:00,2026-07-20,3,600000,ОЭС СР. ВОЛГИ,11280,10209
2026-07-20 04:00,2026-07-20,4,600000,ОЭС СР. ВОЛГИ,11024,10172
2026-07-20 05:00,2026-07-20,5,600000,ОЭС СР. ВОЛГИ,11130,10485
2026-07-20 06:00,2026-07-20,6,600000,ОЭС СР. ВОЛГИ,11812,11095
2026-07-20 07:00,2026-07-20,7,600000,ОЭС СР. ВОЛГИ,12458,11882
2026-07-20 08:00,2026-07-20,8,600000,ОЭС СР. ВОЛГИ,12675,12889
2026-07-20 09:00,2026-07-20,9,600000,ОЭС СР. ВОЛГИ,14184,13724
2026-07-20 10:00,2026-07-20,10,600000,ОЭС СР. ВОЛГИ,14539,13826
2026-07-20 11:00,2026-07-20,11,600000,ОЭС СР. ВОЛГИ,14578,13954
2026-07-20 12:00,2026-07-20,12,600000,ОЭС СР. ВОЛГИ,14491,13980
2026-07-20 13:00,2026-07-20,13,600000,ОЭС СР. ВОЛГИ,14769,14038
2026-07-20 14:00,2026-07-20,14,600000,ОЭС СР. ВОЛГИ,14673,14176
2026-07-20 15:00,2026-07-20,15,600000,ОЭС СР. ВОЛГИ,14665,13870
2026-07-20 16:00,2026-07-20,16,600000,ОЭС СР. ВОЛГИ,14634,13760
2026-07-20 17:00,2026-07-20,17,600000,ОЭС СР. ВОЛГИ,14425,13618
2026-07-20 18:00,2026-07-20,18,600000,ОЭС СР. ВОЛГИ,14464,13349
2026-07-20 19:00,2026-07-20,19,600000,ОЭС СР. ВОЛГИ,14231,13028
2026-07-20 20:00,2026-07-20,20,600000,ОЭС СР. ВОЛГИ,13439,12869
2026-07-20 21:00,2026-07-20,21,600000,ОЭС СР. ВОЛГИ,13170,13116
2026-07-20 22:00,2026-07-20,22,600000,ОЭС СР. ВОЛГИ,12614,12596
2026-07-20 23:00,2026-07-20,23,600000,ОЭС СР. ВОЛГИ,12316,11818
2026-07-21 00:00,2026-07-21,0,600000,ОЭС СР. ВОЛГИ,12469,11255
2026-07-21 01:00,2026-07-21,1,600000,ОЭС СР. ВОЛГИ,12000,10871
2026-07-21 02:00,2026-07-21,2,600000,ОЭС СР. ВОЛГИ,11962,10618
2026-07-21 03:00,2026-07-21,3,600000,ОЭС СР. ВОЛГИ,11837,10553
2026-07-21 04:00,2026-07-21,4,600000,ОЭС СР. ВОЛГИ,11026,10411
2026-07-21 05:00,2026-07-21,5,600000,ОЭС СР. ВОЛГИ,11349,10719
2026-07-21 06:00,2026-07-21,6,600000,ОЭС СР. ВОЛГИ,11470,11253
2026-07-21 07:00,2026-07-21,7,600000,ОЭС СР. ВОЛГИ,12481,12252
2026-07-21 08:00,2026-07-21,8,600000,ОЭС СР. ВОЛГИ,12955,13122
2026-07-21 09:00,2026-07-21,9,600000,ОЭС СР. ВОЛГИ,13704,13802
2026-07-21 10:00,2026-07-21,10,600000,ОЭС СР. ВОЛГИ,14102,14113
2026-07-21 11:00,2026-07-21,11,600000,ОЭС СР. ВОЛГИ,14219,14023
2026-07-21 12:00,2026-07-21,12,600000,ОЭС СР. ВОЛГИ,14362,14099
2026-07-21 13:00,2026-07-21,13,600000,ОЭС СР. ВОЛГИ,14735,14301
2026-07-21 14:00,2026-07-21,14,600000,ОЭС СР. ВОЛГИ,14979,14361
2026-07-21 15:00,2026-07-21,15,600000,ОЭС СР. ВОЛГИ,14840,14073
2026-07-21 16:00,2026-07-21,16,600000,ОЭС СР. ВОЛГИ,14776,13786
2026-07-21 17:00,2026-07-21,17,600000,ОЭС СР. ВОЛГИ,14686,13602
2026-07-21 18:00,2026-07-21,18,600000,ОЭС СР. ВОЛГИ,14434,13584
2026-07-21 19:00,2026-07-21,19,600000,ОЭС СР. ВОЛГИ,13761,13296
2026-07-21 20:00,2026-07-21,20,600000,ОЭС СР. ВОЛГИ,13639,12991
2026-07-21 21:00,2026-07-21,21,600000,ОЭС СР. ВОЛГИ,13822,13295
2026-07-21 22:00,2026-07-21,22,600000,ОЭС СР. ВОЛГИ,13120,12632
2026-07-21 23:00,2026-07-21,23,600000,ОЭС СР. ВОЛГИ,12437,11775
2026-07-22 00:00,2026-07-22,0,600000,ОЭС СР. ВОЛГИ,11606,11413
2026-07-22 01:00,2026-07-22,1,600000,ОЭС СР. ВОЛГИ,12230,11073
2026-07-22 02:00,2026-07-22,2,600000,ОЭС СР. ВОЛГИ,12010,10970
2026-07-22 03:00,2026-07-22,3,600000,ОЭС СР. ВОЛГИ,11628,10705
2026-07-22 04:00,2026-07-22,4,600000,ОЭС СР. ВОЛГИ,11494,10568
2026-07-22 05:00,2026-07-22,5,600000,ОЭС СР. ВОЛГИ,11562,10870
2026-07-22 06:00,2026-07-22,6,600000,ОЭС СР. ВОЛГИ,12594,11596
2026-07-22 07:00,2026-07-22,7,600000,ОЭС СР. ВОЛГИ,13273,12447
2026-07-22 08:00,2026-07-22,8,600000,ОЭС СР. ВОЛГИ,13716,13405
2026-07-22 09:00,2026-07-22,9,600000,ОЭС СР. ВОЛГИ,14409,14030
2026-07-22 10:00,2026-07-22,10,600000,ОЭС СР. ВОЛГИ,14818,14366
2026-07-22 11:00,2026-07-22,11,600000,ОЭС СР. ВОЛГИ,15057,14304
2026-07-22 12:00,2026-07-22,12,600000,ОЭС СР. ВОЛГИ,14990,14431
2026-07-22 13:00,2026-07-22,13,600000,ОЭС СР. ВОЛГИ,15061,14627
2026-07-22 14:00,2026-07-22,14,600000,ОЭС СР. ВОЛГИ,15542,14460
2026-07-22 15:00,2026-07-22,15,600000,ОЭС СР. ВОЛГИ,15244,14269
2026-07-22 16:00,2026-07-22,16,600000,ОЭС СР. ВОЛГИ,15058,14215
2026-07-22 17:00,2026-07-22,17,600000,ОЭС СР. ВОЛГИ,14920,14011
2026-07-22 18:00,2026-07-22,18,600000,ОЭС СР. ВОЛГИ,14793,13700
2026-07-22 19:00,2026-07-22,19,600000,ОЭС СР. ВОЛГИ,14076,13273
2026-07-22 20:00,2026-07-22,20,600000,ОЭС СР. ВОЛГИ,13217,13133
2026-07-22 21:00,2026-07-22,21,600000,ОЭС СР. ВОЛГИ,13850,13274
2026-07-22 22:00,2026-07-22,22,600000,ОЭС СР. ВОЛГИ,13082,12754
2026-07-22 23:00,2026-07-22,23,600000,ОЭС СР. ВОЛГИ,12651,11969
2026-07-23 00:00,2026-07-23,0,600000,ОЭС СР. ВОЛГИ,12695,11366
2026-07-23 01:00,2026-07-23,1,600000,ОЭС СР. ВОЛГИ,12472,11214
2026-07-23 02:00,2026-07-23,2,600000,ОЭС СР. ВОЛГИ,11844,11048
2026-07-23 03:00,2026-07-23,3,600000,ОЭС СР. ВОЛГИ,11018,10741
2026-07-23 04:00,2026-07-23,4,600000,ОЭС СР. ВОЛГИ,11115,10753
2026-07-23 05:00,2026-07-23,5,600000,ОЭС СР. ВОЛГИ,10934,10842
2026-07-23 06:00,2026-07-23,6,600000,ОЭС СР. ВОЛГИ,11722,11267
2026-07-23 07:00,2026-07-23,7,600000,ОЭС СР. ВОЛГИ,13303,12224
2026-07-23 08:00,2026-07-23,8,600000,ОЭС СР. ВОЛГИ,13282,13163
2026-07-23 09:00,2026-07-23,9,600000,ОЭС СР. ВОЛГИ,13638,13834
2026-07-23 10:00,2026-07-23,10,600000,ОЭС СР. ВОЛГИ,14348,14128
2026-07-23 11:00,2026-07-23,11,600000,ОЭС СР. ВОЛГИ,14896,14061
2026-07-23 12:00,2026-07-23,12,600000,ОЭС СР. ВОЛГИ,14947,14157
2026-07-23 13:00,2026-07-23,13,600000,ОЭС СР. ВОЛГИ,15124,14400
2026-07-23 14:00,2026-07-23,14,600000,ОЭС СР. ВОЛГИ,15332,14248
2026-07-23 15:00,2026-07-23,15,600000,ОЭС СР. ВОЛГИ,15009,14273
2026-07-23 16:00,2026-07-23,16,600000,ОЭС СР. ВОЛГИ,14898,14071
2026-07-23 17:00,2026-07-23,17,600000,ОЭС СР. ВОЛГИ,14506,13701
2026-07-23 18:00,2026-07-23,18,600000,ОЭС СР. ВОЛГИ,14261,13577
2026-07-23 19:00,2026-07-23,19,600000,ОЭС СР. ВОЛГИ,13785,13195
2026-07-23 20:00,2026-07-23,20,600000,ОЭС СР. ВОЛГИ,13520,13150
2026-07-23 21:00,2026-07-23,21,600000,ОЭС СР. ВОЛГИ,13179,13147
2026-07-23 22:00,2026-07-23,22,600000,ОЭС СР. ВОЛГИ,13017,12595
2026-07-23 23:00,2026-07-23,23,600000,ОЭС СР. ВОЛГИ,12891,11837
2026-07-24 00:00,2026-07-24,0,600000,ОЭС СР. ВОЛГИ,11965,11372
2026-07-24 01:00,2026-07-24,1,600000,ОЭС СР. ВОЛГИ,12409,11059
2026-07-24 02:00,2026-07-24,2,600000,ОЭС СР. ВОЛГИ,11627,10921
2026-07-24 03:00,2026-07-24,3,600000,ОЭС СР. ВОЛГИ,10703,10692
2026-07-24 04:00,2026-07-24,4,600000,ОЭС СР. ВОЛГИ,10673,10777
2026-07-24 05:00,2026-07-24,5,600000,ОЭС СР. ВОЛГИ,10968,10989
2026-07-24 06:00,2026-07-24,6,600000,ОЭС СР. ВОЛГИ,11564,11470
2026-07-24 07:00,2026-07-24,7,600000,ОЭС СР. ВОЛГИ,12131,12190
2026-07-24 08:00,2026-07-24,8,600000,ОЭС СР. ВОЛГИ,12888,13106
2026-07-24 09:00,2026-07-24,9,600000,ОЭС СР. ВОЛГИ,13878,13878
2026-07-24 10:00,2026-07-24,10,600000,ОЭС СР. ВОЛГИ,14421,13961
2026-07-24 11:00,2026-07-24,11,600000,ОЭС СР. ВОЛГИ,14902,14089
2026-07-24 12:00,2026-07-24,12,600000,ОЭС СР. ВОЛГИ,15022,14260
2026-07-24 13:00,2026-07-24,13,600000,ОЭС СР. ВОЛГИ,14766,14273
2026-07-24 14:00,2026-07-24,14,600000,ОЭС СР. ВОЛГИ,14750,14267
2026-07-24 15:00,2026-07-24,15,600000,ОЭС СР. ВОЛГИ,14760,14086
2026-07-24 16:00,2026-07-24,16,600000,ОЭС СР. ВОЛГИ,15050,13913
2026-07-24 17:00,2026-07-24,17,600000,ОЭС СР. ВОЛГИ,14790,13708
2026-07-24 18:00,2026-07-24,18,600000,ОЭС СР. ВОЛГИ,14205,13442
2026-07-24 19:00,2026-07-24,19,600000,ОЭС СР. ВОЛГИ,13600,13139
2026-07-24 20:00,2026-07-24,20,600000,ОЭС СР. ВОЛГИ,13301,12935
2026-07-24 21:00,2026-07-24,21,600000,ОЭС СР. ВОЛГИ,13369,12999
2026-07-24 22:00,2026-07-24,22,600000,ОЭС СР. ВОЛГИ,12846,12528
2026-07-24 23:00,2026-07-24,23,600000,ОЭС СР. ВОЛГИ,12564,11884
2026-07-25 00:00,2026-07-25,0,600000,ОЭС СР. ВОЛГИ,12560,11255
2026-07-25 01:00,2026-07-25,1,600000,ОЭС СР. ВОЛГИ,11859,11013
2026-07-25 02:00,2026-07-25,2,600000,ОЭС СР. ВОЛГИ,12036,11053
2026-07-25 03:00,2026-07-25,3,600000,ОЭС СР. ВОЛГИ,11540,10693
2026-07-25 04:00,2026-07-25,4,600000,ОЭС СР. ВОЛГИ,11279,10570
2026-07-25 05:00,2026-07-25,5,600000,ОЭС СР. ВОЛГИ,11113,10491
2026-07-25 06:00,2026-07-25,6,600000,ОЭС СР. ВОЛГИ,11663,10921
2026-07-25 07:00,2026-07-25,7,600000,ОЭС СР. ВОЛГИ,12556,11509
2026-07-25 08:00,2026-07-25,8,600000,ОЭС СР. ВОЛГИ,12741,12276
2026-07-25 09:00,2026-07-25,9,600000,ОЭС СР. ВОЛГИ,13395,12815
2026-07-25 10:00,2026-07-25,10,600000,ОЭС СР. ВОЛГИ,13424,13160
2026-07-25 11:00,2026-07-25,11,600000,ОЭС СР. ВОЛГИ,13359,13440
2026-07-25 12:00,2026-07-25,12,600000,ОЭС СР. ВОЛГИ,13958,13505
2026-07-25 13:00,2026-07-25,13,600000,ОЭС СР. ВОЛГИ,13853,13564
2026-07-25 14:00,2026-07-25,14,600000,ОЭС СР. ВОЛГИ,13974,13574
2026-07-25 15:00,2026-07-25,15,600000,ОЭС СР. ВОЛГИ,14077,13548
2026-07-25 16:00,2026-07-25,16,600000,ОЭС СР. ВОЛГИ,14279,13525
2026-07-25 17:00,2026-07-25,17,600000,ОЭС СР. ВОЛГИ,13883,13409
2026-07-25 18:00,2026-07-25,18,600000,ОЭС СР. ВОЛГИ,13350,13230
2026-07-25 19:00,2026-07-25,19,600000,ОЭС СР. ВОЛГИ,13347,12977
2026-07-25 20:00,2026-07-25,20,600000,ОЭС СР. ВОЛГИ,13140,12941
2026-07-25 21:00,2026-07-25,21,600000,ОЭС СР. ВОЛГИ,12740,12883
2026-07-25 22:00,2026-07-25,22,600000,ОЭС СР. ВОЛГИ,12847,12596
2026-07-25 23:00,2026-07-25,23,600000,ОЭС СР. ВОЛГИ,12438,11869
2026-07-26 00:00,2026-07-26,0,600000,ОЭС СР. ВОЛГИ,12353,11366
2026-07-26 01:00,2026-07-26,1,600000,ОЭС СР. ВОЛГИ,12363,11065
2026-07-26 02:00,2026-07-26,2,600000,ОЭС СР. ВОЛГИ,11973,10807
2026-07-26 03:00,2026-07-26,3,600000,ОЭС СР. ВОЛГИ,11754,10625
2026-07-26 04:00,2026-07-26,4,600000,ОЭС СР. ВОЛГИ,11444,10497
2026-07-26 05:00,2026-07-26,5,600000,ОЭС СР. ВОЛГИ,11198,10604
2026-07-26 06:00,2026-07-26,6,600000,ОЭС СР. ВОЛГИ,11480,10730
2026-07-26 07:00,2026-07-26,7,600000,ОЭС СР. ВОЛГИ,11922,11174
2026-07-26 08:00,2026-07-26,8,600000,ОЭС СР. ВОЛГИ,12852,12118
2026-07-26 09:00,2026-07-26,9,600000,ОЭС СР. ВОЛГИ,13276,12604
2026-07-26 10:00,2026-07-26,10,600000,ОЭС СР. ВОЛГИ,13136,13026
2026-07-26 11:00,2026-07-26,11,600000,ОЭС СР. ВОЛГИ,13365,13365
2026-07-26 12:00,2026-07-26,12,600000,ОЭС СР. ВОЛГИ,13666,13512
2026-07-26 13:00,2026-07-26,13,600000,ОЭС СР. ВОЛГИ,13982,13654
2026-07-26 14:00,2026-07-26,14,600000,ОЭС СР. ВОЛГИ,14110,13516
2026-07-26 15:00,2026-07-26,15,600000,ОЭС СР. ВОЛГИ,14250,13434
2026-07-26 16:00,2026-07-26,16,600000,ОЭС СР. ВОЛГИ,13707,13494
2026-07-26 17:00,2026-07-26,17,600000,ОЭС СР. ВОЛГИ,13442,13594
2026-07-26 18:00,2026-07-26,18,600000,ОЭС СР. ВОЛГИ,13779,13400
2026-07-26 19:00,2026-07-26,19,600000,ОЭС СР. ВОЛГИ,13690,13323
2026-07-26 20:00,2026-07-26,20,600000,ОЭС СР. ВОЛГИ,13436,13401
2026-07-26 21:00,2026-07-26,21,600000,ОЭС СР. ВОЛГИ,13416,13481
2026-07-26 22:00,2026-07-26,22,600000,ОЭС СР. ВОЛГИ,12531,13001
2026-07-26 23:00,2026-07-26,23,600000,ОЭС СР. ВОЛГИ,12251,12035
2026-07-27 00:00,2026-07-27,0,600000,ОЭС СР. ВОЛГИ,12588,11486
2026-07-27 01:00,2026-07-27,1,600000,ОЭС СР. ВОЛГИ,11977,11228
2026-07-27 02:00,2026-07-27,2,600000,ОЭС СР. ВОЛГИ,11839,11210
2026-07-27 03:00,2026-07-27,3,600000,ОЭС СР. ВОЛГИ,11063,10886
2026-07-27 04:00,2026-07-27,4,600000,ОЭС СР. ВОЛГИ,10635,10818
2026-07-27 05:00,2026-07-27,5,600000,ОЭС СР. ВОЛГИ,10804,10951
2026-07-27 06:00,2026-07-27,6,600000,ОЭС СР. ВОЛГИ,11574,11545
2026-07-27 07:00,2026-07-27,7,600000,ОЭС СР. ВОЛГИ,12484,12388
2026-07-27 08:00,2026-07-27,8,600000,ОЭС СР. ВОЛГИ,13396,13470
2026-07-27 09:00,2026-07-27,9,600000,ОЭС СР. ВОЛГИ,13885,14179
2026-07-27 10:00,2026-07-27,10,600000,ОЭС СР. ВОЛГИ,14467,14495
2026-07-27 11:00,2026-07-27,11,600000,ОЭС СР. ВОЛГИ,14609,14607
2026-07-27 12:00,2026-07-27,12,600000,ОЭС СР. ВОЛГИ,14353,14516
2026-07-27 13:00,2026-07-27,13,600000,ОЭС СР. ВОЛГИ,14366,14577
2026-07-27 14:00,2026-07-27,14,600000,ОЭС СР. ВОЛГИ,14568,14614
2026-07-27 15:00,2026-07-27,15,600000,ОЭС СР. ВОЛГИ,14530,14456
2026-07-27 16:00,2026-07-27,16,600000,ОЭС СР. ВОЛГИ,14431,14216
2026-07-27 17:00,2026-07-27,17,600000,ОЭС СР. ВОЛГИ,14049,13896
2026-07-27 18:00,2026-07-27,18,600000,ОЭС СР. ВОЛГИ,13955,13674
2026-07-27 19:00,2026-07-27,19,600000,ОЭС СР. ВОЛГИ,13692,13223
2026-07-27 20:00,2026-07-27,20,600000,ОЭС СР. ВОЛГИ,13362,13363
2026-07-27 21:00,2026-07-27,21,600000,ОЭС СР. ВОЛГИ,13407,13317
2026-07-27 22:00,2026-07-27,22,600000,ОЭС СР. ВОЛГИ,12754,12709
2026-07-27 23:00,2026-07-27,23,600000,ОЭС СР. ВОЛГИ,12586,11920
2026-07-28 00:00,2026-07-28,0,600000,ОЭС СР. ВОЛГИ,12472,11464
2026-07-28 01:00,2026-07-28,1,600000,ОЭС СР. ВОЛГИ,12057,11196
2026-07-28 02:00,2026-07-28,2,600000,ОЭС СР. ВОЛГИ,11430,11001
2026-07-28 03:00,2026-07-28,3,600000,ОЭС СР. ВОЛГИ,11393,10924
2026-07-28 04:00,2026-07-28,4,600000,ОЭС СР. ВОЛГИ,11250,10781
2026-07-28 05:00,2026-07-28,5,600000,ОЭС СР. ВОЛГИ,11136,10937
2026-07-28 06:00,2026-07-28,6,600000,ОЭС СР. ВОЛГИ,11919,11262
2026-07-28 07:00,2026-07-28,7,600000,ОЭС СР. ВОЛГИ,12704,12152
2026-07-28 08:00,2026-07-28,8,600000,ОЭС СР. ВОЛГИ,12839,13042
2026-07-28 09:00,2026-07-28,9,600000,ОЭС СР. ВОЛГИ,14226,13684
2026-07-28 10:00,2026-07-28,10,600000,ОЭС СР. ВОЛГИ,14963,13897
2026-07-28 11:00,2026-07-28,11,600000,ОЭС СР. ВОЛГИ,14994,13889
2026-07-28 12:00,2026-07-28,12,600000,ОЭС СР. ВОЛГИ,15003,14119
2026-07-28 13:00,2026-07-28,13,600000,ОЭС СР. ВОЛГИ,15234,14146
2026-07-28 14:00,2026-07-28,14,600000,ОЭС СР. ВОЛГИ,15350,14364
2026-07-28 15:00,2026-07-28,15,600000,ОЭС СР. ВОЛГИ,15124,14287
2026-07-28 16:00,2026-07-28,16,600000,ОЭС СР. ВОЛГИ,14955,14127
2026-07-28 17:00,2026-07-28,17,600000,ОЭС СР. ВОЛГИ,14597,13906
2026-07-28 18:00,2026-07-28,18,600000,ОЭС СР. ВОЛГИ,14642,13629
2026-07-28 19:00,2026-07-28,19,600000,ОЭС СР. ВОЛГИ,13903,13261
2026-07-28 20:00,2026-07-28,20,600000,ОЭС СР. ВОЛГИ,13864,13317
2026-07-28 21:00,2026-07-28,21,600000,ОЭС СР. ВОЛГИ,13377,13335
2026-07-28 22:00,2026-07-28,22,600000,ОЭС СР. ВОЛГИ,12957,12760
2026-07-28 23:00,2026-07-28,23,600000,ОЭС СР. ВОЛГИ,12725,12037
2026-07-29 00:00,2026-07-29,0,600000,ОЭС СР. ВОЛГИ,12689,11416
2026-07-29 01:00,2026-07-29,1,600000,ОЭС СР. ВОЛГИ,11762,11091
2026-07-29 02:00,2026-07-29,2,600000,ОЭС СР. ВОЛГИ,11419,10906
2026-07-29 03:00,2026-07-29,3,600000,ОЭС СР. ВОЛГИ,10913,10884
2026-07-29 04:00,2026-07-29,4,600000,ОЭС СР. ВОЛГИ,10759,10576
2026-07-29 05:00,2026-07-29,5,600000,ОЭС СР. ВОЛГИ,10734,10904
2026-07-29 06:00,2026-07-29,6,600000,ОЭС СР. ВОЛГИ,11679,11341
2026-07-29 07:00,2026-07-29,7,600000,ОЭС СР. ВОЛГИ,12908,12322
2026-07-29 08:00,2026-07-29,8,600000,ОЭС СР. ВОЛГИ,13556,13514
2026-07-29 09:00,2026-07-29,9,600000,ОЭС СР. ВОЛГИ,13961,14160
2026-07-29 10:00,2026-07-29,10,600000,ОЭС СР. ВОЛГИ,13957,14415
2026-07-29 11:00,2026-07-29,11,600000,ОЭС СР. ВОЛГИ,14110,14213
2026-07-29 12:00,2026-07-29,12,600000,ОЭС СР. ВОЛГИ,13873,14209
2026-07-29 13:00,2026-07-29,13,600000,ОЭС СР. ВОЛГИ,13952,14262
2026-07-29 14:00,2026-07-29,14,600000,ОЭС СР. ВОЛГИ,14054,14198
2026-07-29 15:00,2026-07-29,15,600000,ОЭС СР. ВОЛГИ,13781,14244
2026-07-29 16:00,2026-07-29,16,600000,ОЭС СР. ВОЛГИ,13679,13968
2026-07-29 17:00,2026-07-29,17,600000,ОЭС СР. ВОЛГИ,13238,13668
2026-07-29 18:00,2026-07-29,18,600000,ОЭС СР. ВОЛГИ,13133,13385
2026-07-29 19:00,2026-07-29,19,600000,ОЭС СР. ВОЛГИ,13155,13139
2026-07-29 20:00,2026-07-29,20,600000,ОЭС СР. ВОЛГИ,12857,13173
2026-07-29 21:00,2026-07-29,21,600000,ОЭС СР. ВОЛГИ,12769,12948
2026-07-29 22:00,2026-07-29,22,600000,ОЭС СР. ВОЛГИ,12820,12531
2026-07-29 23:00,2026-07-29,23,600000,ОЭС СР. ВОЛГИ,12046,11788
2026-07-30 00:00,2026-07-30,0,600000,ОЭС СР. ВОЛГИ,12863,11303
2026-07-30 01:00,2026-07-30,1,600000,ОЭС СР. ВОЛГИ,11639,10854
2026-07-30 02:00,2026-07-30,2,600000,ОЭС СР. ВОЛГИ,10673,10859
2026-07-30 03:00,2026-07-30,3,600000,ОЭС СР. ВОЛГИ,10200,10639
2026-07-30 04:00,2026-07-30,4,600000,ОЭС СР. ВОЛГИ,10154,10500
2026-07-30 05:00,2026-07-30,5,600000,ОЭС СР. ВОЛГИ,10365,10819
2026-07-30 06:00,2026-07-30,6,600000,ОЭС СР. ВОЛГИ,11602,11357
2026-07-30 07:00,2026-07-30,7,600000,ОЭС СР. ВОЛГИ,12814,12021
2026-07-30 08:00,2026-07-30,8,600000,ОЭС СР. ВОЛГИ,13215,12710
2026-07-30 09:00,2026-07-30,9,600000,ОЭС СР. ВОЛГИ,13728,13258
2026-07-30 10:00,2026-07-30,10,600000,ОЭС СР. ВОЛГИ,13653,13471
2026-07-30 11:00,2026-07-30,11,600000,ОЭС СР. ВОЛГИ,14108,13474
2026-07-30 12:00,2026-07-30,12,600000,ОЭС СР. ВОЛГИ,14102,13447
2026-07-30 13:00,2026-07-30,13,600000,ОЭС СР. ВОЛГИ,14475,13704
2026-07-30 14:00,2026-07-30,14,600000,ОЭС СР. ВОЛГИ,14143,13592
2026-07-30 15:00,2026-07-30,15,600000,ОЭС СР. ВОЛГИ,13982,13526
2026-07-30 16:00,2026-07-30,16,600000,ОЭС СР. ВОЛГИ,14206,13352
2026-07-30 17:00,2026-07-30,17,600000,ОЭС СР. ВОЛГИ,13665,13156
2026-07-30 18:00,2026-07-30,18,600000,ОЭС СР. ВОЛГИ,13540,12820
2026-07-30 19:00,2026-07-30,19,600000,ОЭС СР. ВОЛГИ,13384,12738
2026-07-30 20:00,2026-07-30,20,600000,ОЭС СР. ВОЛГИ,13570,12760
2026-07-30 21:00,2026-07-30,21,600000,ОЭС СР. ВОЛГИ,12755,12702
2026-07-30 22:00,2026-07-30,22,600000,ОЭС СР. ВОЛГИ,13116,12361
2026-07-30 23:00,2026-07-30,23,600000,ОЭС СР. ВОЛГИ,12657,11586
2026-07-31 00:00,2026-07-31,0,600000,ОЭС СР. ВОЛГИ,12757,11102
2026-07-31 01:00,2026-07-31,1,600000,ОЭС СР. ВОЛГИ,12164,10635
2026-07-31 02:00,2026-07-31,2,600000,ОЭС СР. ВОЛГИ,10936,10487
2026-07-31 03:00,2026-07-31,3,600000,ОЭС СР. ВОЛГИ,10873,10460
2026-07-31 04:00,2026-07-31,4,600000,ОЭС СР. ВОЛГИ,10501,10332
2026-07-31 05:00,2026-07-31,5,600000,ОЭС СР. ВОЛГИ,10797,10525
2026-07-31 06:00,2026-07-31,6,600000,ОЭС СР. ВОЛГИ,11618,10910
2026-07-31 07:00,2026-07-31,7,600000,ОЭС СР. ВОЛГИ,13434,11691
2026-07-31 08:00,2026-07-31,8,600000,ОЭС СР. ВОЛГИ,13456,12494
2026-07-31 09:00,2026-07-31,9,600000,ОЭС СР. ВОЛГИ,14092,13189
2026-07-31 10:00,2026-07-31,10,600000,ОЭС СР. ВОЛГИ,14346,13249
2026-07-31 11:00,2026-07-31,11,600000,ОЭС СР. ВОЛГИ,14390,13181
2026-07-31 12:00,2026-07-31,12,600000,ОЭС СР. ВОЛГИ,14493,13227
2026-07-31 13:00,2026-07-31,13,600000,ОЭС СР. ВОЛГИ,14427,13275
2026-07-31 14:00,2026-07-31,14,600000,ОЭС СР. ВОЛГИ,14366,13192
2026-07-31 15:00,2026-07-31,15,600000,ОЭС СР. ВОЛГИ,13908,13127
2026-07-31 16:00,2026-07-31,16,600000,ОЭС СР. ВОЛГИ,14514,13064
2026-07-31 17:00,2026-07-31,17,600000,ОЭС СР. ВОЛГИ,13990,12878
2026-07-31 18:00,2026-07-31,18,600000,ОЭС СР. ВОЛГИ,13812,12741
2026-07-31 19:00,2026-07-31,19,600000,ОЭС СР. ВОЛГИ,13871,12422
2026-07-31 20:00,2026-07-31,20,600000,ОЭС СР. ВОЛГИ,13461,12425
2026-07-31 21:00,2026-07-31,21,600000,ОЭС СР. ВОЛГИ,13131,12554
2026-07-31 22:00,2026-07-31,22,600000,ОЭС СР. ВОЛГИ,12497,12021
2026-07-31 23:00,2026-07-31,23,600000,ОЭС СР. ВОЛГИ,12468,11454
2026-08-01 00:00,2026-08-01,0,600000,ОЭС СР. ВОЛГИ,12779,10930
2026-08-01 01:00,2026-08-01,1,600000,ОЭС СР. ВОЛГИ,12112,10698
2026-08-01 02:00,2026-08-01,2,600000,ОЭС СР. ВОЛГИ,11778,10383
2026-08-01 03:00,2026-08-01,3,600000,ОЭС СР. ВОЛГИ,11937,10414
2026-08-01 04:00,2026-08-01,4,600000,ОЭС СР. ВОЛГИ,11221,10221
2026-08-01 05:00,2026-08-01,5,600000,ОЭС СР. ВОЛГИ,10841,10281
2026-08-01 06:00,2026-08-01,6,600000,ОЭС СР. ВОЛГИ,11763,10533
2026-08-01 07:00,2026-08-01,7,600000,ОЭС СР. ВОЛГИ,12325,11067
2026-08-01 08:00,2026-08-01,8,600000,ОЭС СР. ВОЛГИ,13029,11795
2026-08-01 09:00,2026-08-01,9,600000,ОЭС СР. ВОЛГИ,13481,12369
2026-08-01 10:00,2026-08-01,10,600000,ОЭС СР. ВОЛГИ,13751,12700
2026-08-01 11:00,2026-08-01,11,600000,ОЭС СР. ВОЛГИ,13722,12629
2026-08-01 12:00,2026-08-01,12,600000,ОЭС СР. ВОЛГИ,12953,12671
2026-08-01 13:00,2026-08-01,13,600000,ОЭС СР. ВОЛГИ,13586,12666
2026-08-01 14:00,2026-08-01,14,600000,ОЭС СР. ВОЛГИ,13598,12644
2026-08-01 15:00,2026-08-01,15,600000,ОЭС СР. ВОЛГИ,13448,12537
2026-08-01 16:00,2026-08-01,16,600000,ОЭС СР. ВОЛГИ,14010,12564
2026-08-01 17:00,2026-08-01,17,600000,ОЭС СР. ВОЛГИ,13762,12513
2026-08-01 18:00,2026-08-01,18,600000,ОЭС СР. ВОЛГИ,13551,12308
2026-08-01 19:00,2026-08-01,19,600000,ОЭС СР. ВОЛГИ,13283,12157
2026-08-01 20:00,2026-08-01,20,600000,ОЭС СР. ВОЛГИ,13038,12220
2026-08-01 21:00,2026-08-01,21,600000,ОЭС СР. ВОЛГИ,12946,12309
2026-08-01 22:00,2026-08-01,22,600000,ОЭС СР. ВОЛГИ,12879,11761
2026-08-01 23:00,2026-08-01,23,600000,ОЭС СР. ВОЛГИ,11950,11068
2026-08-02 00:00,2026-08-02,0,600000,ОЭС СР. ВОЛГИ,11238,10719
2026-08-02 01:00,2026-08-02,1,600000,ОЭС СР. ВОЛГИ,11937,10536
2026-08-02 02:00,2026-08-02,2,600000,ОЭС СР. ВОЛГИ,11613,10280
2026-08-02 03:00,2026-08-02,3,600000,ОЭС СР. ВОЛГИ,11252,10297
2026-08-02 04:00,2026-08-02,4,600000,ОЭС СР. ВОЛГИ,10875,10127
2026-08-02 05:00,2026-08-02,5,600000,ОЭС СР. ВОЛГИ,10457,10032
2026-08-02 06:00,2026-08-02,6,600000,ОЭС СР. ВОЛГИ,11194,10321
2026-08-02 07:00,2026-08-02,7,600000,ОЭС СР. ВОЛГИ,11925,10723
2026-08-02 08:00,2026-08-02,8,600000,ОЭС СР. ВОЛГИ,12466,11387
2026-08-02 09:00,2026-08-02,9,600000,ОЭС СР. ВОЛГИ,13024,11918
2026-08-02 10:00,2026-08-02,10,600000,ОЭС СР. ВОЛГИ,12945,12264
2026-08-02 11:00,2026-08-02,11,600000,ОЭС СР. ВОЛГИ,12957,12298
2026-08-02 12:00,2026-08-02,12,600000,ОЭС СР. ВОЛГИ,12817,12307
2026-08-02 13:00,2026-08-02,13,600000,ОЭС СР. ВОЛГИ,12992,12539
2026-08-02 14:00,2026-08-02,14,600000,ОЭС СР. ВОЛГИ,13270,12442
2026-08-02 15:00,2026-08-02,15,600000,ОЭС СР. ВОЛГИ,13293,12428
2026-08-02 16:00,2026-08-02,16,600000,ОЭС СР. ВОЛГИ,13509,12599
2026-08-02 17:00,2026-08-02,17,600000,ОЭС СР. ВОЛГИ,13267,12602
2026-08-02 18:00,2026-08-02,18,600000,ОЭС СР. ВОЛГИ,13577,12491
2026-08-02 19:00,2026-08-02,19,600000,ОЭС СР. ВОЛГИ,13134,12219
2026-08-02 20:00,2026-08-02,20,600000,ОЭС СР. ВОЛГИ,12872,12339
2026-08-02 21:00,2026-08-02,21,600000,ОЭС СР. ВОЛГИ,12992,12562
2026-08-02 22:00,2026-08-02,22,600000,ОЭС СР. ВОЛГИ,12656,11891
2026-08-02 23:00,2026-08-02,23,600000,ОЭС СР. ВОЛГИ,12478,11264
2026-08-03 00:00,2026-08-03,0,600000,ОЭС СР. ВОЛГИ,12022,10854
2026-08-03 01:00,2026-08-03,1,600000,ОЭС СР. ВОЛГИ,12176,10679
2026-08-03 02:00,2026-08-03,2,600000,ОЭС СР. ВОЛГИ,10993,10379
2026-08-03 03:00,2026-08-03,3,600000,ОЭС СР. ВОЛГИ,10498,10400
2026-08-03 04:00,2026-08-03,4,600000,ОЭС СР. ВОЛГИ,10261,10248
2026-08-03 05:00,2026-08-03,5,600000,ОЭС СР. ВОЛГИ,10233,10583
2026-08-03 06:00,2026-08-03,6,600000,ОЭС СР. ВОЛГИ,11193,11143
2026-08-03 07:00,2026-08-03,7,600000,ОЭС СР. ВОЛГИ,12149,11920
2026-08-03 08:00,2026-08-03,8,600000,ОЭС СР. ВОЛГИ,12888,12924
2026-08-03 09:00,2026-08-03,9,600000,ОЭС СР. ВОЛГИ,14094,13516
2026-08-03 10:00,2026-08-03,10,600000,ОЭС СР. ВОЛГИ,14179,14003
2026-08-03 11:00,2026-08-03,11,600000,ОЭС СР. ВОЛГИ,14432,13945
2026-08-03 12:00,2026-08-03,12,600000,ОЭС СР. ВОЛГИ,14154,13940
2026-08-03 13:00,2026-08-03,13,600000,ОЭС СР. ВОЛГИ,14337,14049
2026-08-03 14:00,2026-08-03,14,600000,ОЭС СР. ВОЛГИ,14389,13983
2026-08-03 15:00,2026-08-03,15,600000,ОЭС СР. ВОЛГИ,14270,13939
2026-08-03 16:00,2026-08-03,16,600000,ОЭС СР. ВОЛГИ,14937,13854
2026-08-03 17:00,2026-08-03,17,600000,ОЭС СР. ВОЛГИ,14337,13511
2026-08-03 18:00,2026-08-03,18,600000,ОЭС СР. ВОЛГИ,14278,13320
2026-08-03 19:00,2026-08-03,19,600000,ОЭС СР. ВОЛГИ,13550,12933
2026-08-03 20:00,2026-08-03,20,600000,ОЭС СР. ВОЛГИ,13337,13002
2026-08-03 21:00,2026-08-03,21,600000,ОЭС СР. ВОЛГИ,13196,12936
2026-08-03 22:00,2026-08-03,22,600000,ОЭС СР. ВОЛГИ,12824,12277
2026-08-03 23:00,2026-08-03,23,600000,ОЭС СР. ВОЛГИ,12724,11446
2026-08-04 00:00,2026-08-04,0,600000,ОЭС СР. ВОЛГИ,12819,11117
2026-08-04 01:00,2026-08-04,1,600000,ОЭС СР. ВОЛГИ,12211,10808
2026-08-04 02:00,2026-08-04,2,600000,ОЭС СР. ВОЛГИ,11000,10546
2026-08-04 03:00,2026-08-04,3,600000,ОЭС СР. ВОЛГИ,10374,10532
2026-08-04 04:00,2026-08-04,4,600000,ОЭС СР. ВОЛГИ,10311,10472
2026-08-04 05:00,2026-08-04,5,600000,ОЭС СР. ВОЛГИ,10229,10639
2026-08-04 06:00,2026-08-04,6,600000,ОЭС СР. ВОЛГИ,12029,11050
2026-08-04 07:00,2026-08-04,7,600000,ОЭС СР. ВОЛГИ,13057,11932
2026-08-04 08:00,2026-08-04,8,600000,ОЭС СР. ВОЛГИ,13871,12975
2026-08-04 09:00,2026-08-04,9,600000,ОЭС СР. ВОЛГИ,15032,13562
2026-08-04 10:00,2026-08-04,10,600000,ОЭС СР. ВОЛГИ,14999,13900
2026-08-04 11:00,2026-08-04,11,600000,ОЭС СР. ВОЛГИ,15185,13765
2026-08-04 12:00,2026-08-04,12,600000,ОЭС СР. ВОЛГИ,14978,13809
2026-08-04 13:00,2026-08-04,13,600000,ОЭС СР. ВОЛГИ,15121,13849
2026-08-04 14:00,2026-08-04,14,600000,ОЭС СР. ВОЛГИ,15235,13884
2026-08-04 15:00,2026-08-04,15,600000,ОЭС СР. ВОЛГИ,15036,13841
2026-08-04 16:00,2026-08-04,16,600000,ОЭС СР. ВОЛГИ,15254,13689
2026-08-04 17:00,2026-08-04,17,600000,ОЭС СР. ВОЛГИ,15020,13505
2026-08-04 18:00,2026-08-04,18,600000,ОЭС СР. ВОЛГИ,14555,13246
2026-08-04 19:00,2026-08-04,19,600000,ОЭС СР. ВОЛГИ,14540,12829
2026-08-04 20:00,2026-08-04,20,600000,ОЭС СР. ВОЛГИ,13976,12954
2026-08-04 21:00,2026-08-04,21,600000,ОЭС СР. ВОЛГИ,13730,12869
2026-08-04 22:00,2026-08-04,22,600000,ОЭС СР. ВОЛГИ,13186,12326
2026-08-04 23:00,2026-08-04,23,600000,ОЭС СР. ВОЛГИ,13108,11622
2026-08-05 00:00,2026-08-05,0,600000,ОЭС СР. ВОЛГИ,12190,10900
2026-08-05 01:00,2026-08-05,1,600000,ОЭС СР. ВОЛГИ,11978,10827
2026-08-05 02:00,2026-08-05,2,600000,ОЭС СР. ВОЛГИ,10817,10490
2026-08-05 03:00,2026-08-05,3,600000,ОЭС СР. ВОЛГИ,10313,10654
2026-08-05 04:00,2026-08-05,4,600000,ОЭС СР. ВОЛГИ,10283,10352
2026-08-05 05:00,2026-08-05,5,600000,ОЭС СР. ВОЛГИ,10526,10609
2026-08-05 06:00,2026-08-05,6,600000,ОЭС СР. ВОЛГИ,11350,11160
2026-08-05 07:00,2026-08-05,7,600000,ОЭС СР. ВОЛГИ,12745,11882
2026-08-05 08:00,2026-08-05,8,600000,ОЭС СР. ВОЛГИ,13560,13000
2026-08-05 09:00,2026-08-05,9,600000,ОЭС СР. ВОЛГИ,14233,13635
2026-08-05 10:00,2026-08-05,10,600000,ОЭС СР. ВОЛГИ,14426,13763
2026-08-05 11:00,2026-08-05,11,600000,ОЭС СР. ВОЛГИ,14565,13816
2026-08-05 12:00,2026-08-05,12,600000,ОЭС СР. ВОЛГИ,14594,13787
2026-08-05 13:00,2026-08-05,13,600000,ОЭС СР. ВОЛГИ,14581,14102
2026-08-05 14:00,2026-08-05,14,600000,ОЭС СР. ВОЛГИ,15008,14008
2026-08-05 15:00,2026-08-05,15,600000,ОЭС СР. ВОЛГИ,14960,14013
2026-08-05 16:00,2026-08-05,16,600000,ОЭС СР. ВОЛГИ,15295,13741
2026-08-05 17:00,2026-08-05,17,600000,ОЭС СР. ВОЛГИ,14126,13493
2026-08-05 18:00,2026-08-05,18,600000,ОЭС СР. ВОЛГИ,13997,13292
2026-08-05 19:00,2026-08-05,19,600000,ОЭС СР. ВОЛГИ,13872,12988
2026-08-05 20:00,2026-08-05,20,600000,ОЭС СР. ВОЛГИ,13783,12997
2026-08-05 21:00,2026-08-05,21,600000,ОЭС СР. ВОЛГИ,13650,13075
2026-08-05 22:00,2026-08-05,22,600000,ОЭС СР. ВОЛГИ,12944,12360
2026-08-05 23:00,2026-08-05,23,600000,ОЭС СР. ВОЛГИ,12964,11733
2026-08-06 00:00,2026-08-06,0,600000,ОЭС СР. ВОЛГИ,12592,11011
2026-08-06 01:00,2026-08-06,1,600000,ОЭС СР. ВОЛГИ,12457,10736
2026-08-06 02:00,2026-08-06,2,600000,ОЭС СР. ВОЛГИ,11441,10558
2026-08-06 03:00,2026-08-06,3,600000,ОЭС СР. ВОЛГИ,11081,10559
2026-08-06 04:00,2026-08-06,4,600000,ОЭС СР. ВОЛГИ,10865,10324
2026-08-06 05:00,2026-08-06,5,600000,ОЭС СР. ВОЛГИ,10954,10496
2026-08-06 06:00,2026-08-06,6,600000,ОЭС СР. ВОЛГИ,11532,11017
2026-08-06 07:00,2026-08-06,7,600000,ОЭС СР. ВОЛГИ,13129,11905
2026-08-06 08:00,2026-08-06,8,600000,ОЭС СР. ВОЛГИ,13265,12761
2026-08-06 09:00,2026-08-06,9,600000,ОЭС СР. ВОЛГИ,14332,13357
2026-08-06 10:00,2026-08-06,10,600000,ОЭС СР. ВОЛГИ,14344,13540
2026-08-06 11:00,2026-08-06,11,600000,ОЭС СР. ВОЛГИ,14914,13604
2026-08-06 12:00,2026-08-06,12,600000,ОЭС СР. ВОЛГИ,14895,13794
2026-08-06 13:00,2026-08-06,13,600000,ОЭС СР. ВОЛГИ,14483,14018
2026-08-06 14:00,2026-08-06,14,600000,ОЭС СР. ВОЛГИ,15548,13830
2026-08-06 15:00,2026-08-06,15,600000,ОЭС СР. ВОЛГИ,15430,13850
2026-08-06 16:00,2026-08-06,16,600000,ОЭС СР. ВОЛГИ,14391,13629
2026-08-06 17:00,2026-08-06,17,600000,ОЭС СР. ВОЛГИ,13676,13478
2026-08-06 18:00,2026-08-06,18,600000,ОЭС СР. ВОЛГИ,13550,13165
2026-08-06 19:00,2026-08-06,19,600000,ОЭС СР. ВОЛГИ,13584,12886
2026-08-06 20:00,2026-08-06,20,600000,ОЭС СР. ВОЛГИ,13152,12939
2026-08-06 21:00,2026-08-06,21,600000,ОЭС СР. ВОЛГИ,13009,12825
2026-08-06 22:00,2026-08-06,22,600000,ОЭС СР. ВОЛГИ,12779,12173
2026-08-06 23:00,2026-08-06,23,600000,ОЭС СР. ВОЛГИ,12856,11638
2026-08-07 00:00,2026-08-07,0,600000,ОЭС СР. ВОЛГИ,12334,11214
2026-08-07 01:00,2026-08-07,1,600000,ОЭС СР. ВОЛГИ,12086,10732
2026-08-07 02:00,2026-08-07,2,600000,ОЭС СР. ВОЛГИ,11796,10727
2026-08-07 03:00,2026-08-07,3,600000,ОЭС СР. ВОЛГИ,10975,10634
2026-08-07 04:00,2026-08-07,4,600000,ОЭС СР. ВОЛГИ,11257,10374
2026-08-07 05:00,2026-08-07,5,600000,ОЭС СР. ВОЛГИ,11286,10631
2026-08-07 06:00,2026-08-07,6,600000,ОЭС СР. ВОЛГИ,11774,11043
2026-08-07 07:00,2026-08-07,7,600000,ОЭС СР. ВОЛГИ,12807,12043
2026-08-07 08:00,2026-08-07,8,600000,ОЭС СР. ВОЛГИ,13734,13064
2026-08-07 09:00,2026-08-07,9,600000,ОЭС СР. ВОЛГИ,14042,13780
2026-08-07 10:00,2026-08-07,10,600000,ОЭС СР. ВОЛГИ,15033,14145
2026-08-07 11:00,2026-08-07,11,600000,ОЭС СР. ВОЛГИ,14874,14294
2026-08-07 12:00,2026-08-07,12,600000,ОЭС СР. ВОЛГИ,15435,14252
2026-08-07 13:00,2026-08-07,13,600000,ОЭС СР. ВОЛГИ,15177,14352
2026-08-07 14:00,2026-08-07,14,600000,ОЭС СР. ВОЛГИ,14956,14426
2026-08-07 15:00,2026-08-07,15,600000,ОЭС СР. ВОЛГИ,14562,14327
2026-08-07 16:00,2026-08-07,16,600000,ОЭС СР. ВОЛГИ,15277,14150
2026-08-07 17:00,2026-08-07,17,600000,ОЭС СР. ВОЛГИ,14665,13821
2026-08-07 18:00,2026-08-07,18,600000,ОЭС СР. ВОЛГИ,14334,13615
2026-08-07 19:00,2026-08-07,19,600000,ОЭС СР. ВОЛГИ,13687,13163
2026-08-07 20:00,2026-08-07,20,600000,ОЭС СР. ВОЛГИ,13760,13340
2026-08-07 21:00,2026-08-07,21,600000,ОЭС СР. ВОЛГИ,13124,13117
2026-08-07 22:00,2026-08-07,22,600000,ОЭС СР. ВОЛГИ,12573,12649
2026-08-07 23:00,2026-08-07,23,600000,ОЭС СР. ВОЛГИ,12727,11931
2026-08-08 00:00,2026-08-08,0,600000,ОЭС СР. ВОЛГИ,12626,11424
2026-08-08 01:00,2026-08-08,1,600000,ОЭС СР. ВОЛГИ,12226,11095
2026-08-08 02:00,2026-08-08,2,600000,ОЭС СР. ВОЛГИ,11857,10731
2026-08-08 03:00,2026-08-08,3,600000,ОЭС СР. ВОЛГИ,11734,10637
2026-08-08 04:00,2026-08-08,4,600000,ОЭС СР. ВОЛГИ,11127,10484
2026-08-08 05:00,2026-08-08,5,600000,ОЭС СР. ВОЛГИ,10627,10550
2026-08-08 06:00,2026-08-08,6,600000,ОЭС СР. ВОЛГИ,11134,10809
2026-08-08 07:00,2026-08-08,7,600000,ОЭС СР. ВОЛГИ,11438,11320
2026-08-08 08:00,2026-08-08,8,600000,ОЭС СР. ВОЛГИ,11752,12189
2026-08-08 09:00,2026-08-08,9,600000,ОЭС СР. ВОЛГИ,13287,12810
2026-08-08 10:00,2026-08-08,10,600000,ОЭС СР. ВОЛГИ,13562,13321
2026-08-08 11:00,2026-08-08,11,600000,ОЭС СР. ВОЛГИ,14546,13331
2026-08-08 12:00,2026-08-08,12,600000,ОЭС СР. ВОЛГИ,14525,13451
2026-08-08 13:00,2026-08-08,13,600000,ОЭС СР. ВОЛГИ,14620,13405
2026-08-08 14:00,2026-08-08,14,600000,ОЭС СР. ВОЛГИ,14746,13433
2026-08-08 15:00,2026-08-08,15,600000,ОЭС СР. ВОЛГИ,14365,13176
2026-08-08 16:00,2026-08-08,16,600000,ОЭС СР. ВОЛГИ,14410,13084
2026-08-08 17:00,2026-08-08,17,600000,ОЭС СР. ВОЛГИ,14138,13123
2026-08-08 18:00,2026-08-08,18,600000,ОЭС СР. ВОЛГИ,13517,12808
2026-08-08 19:00,2026-08-08,19,600000,ОЭС СР. ВОЛГИ,13368,12544
2026-08-08 20:00,2026-08-08,20,600000,ОЭС СР. ВОЛГИ,13162,12608
2026-08-08 21:00,2026-08-08,21,600000,ОЭС СР. ВОЛГИ,13303,12666
2026-08-08 22:00,2026-08-08,22,600000,ОЭС СР. ВОЛГИ,12457,12125
2026-08-08 23:00,2026-08-08,23,600000,ОЭС СР. ВОЛГИ,12536,11558
2026-08-09 00:00,2026-08-09,0,600000,ОЭС СР. ВОЛГИ,12314,10891
2026-08-09 01:00,2026-08-09,1,600000,ОЭС СР. ВОЛГИ,12464,10669
2026-08-09 02:00,2026-08-09,2,600000,ОЭС СР. ВОЛГИ,11818,10568
2026-08-09 03:00,2026-08-09,3,600000,ОЭС СР. ВОЛГИ,11367,10451
2026-08-09 04:00,2026-08-09,4,600000,ОЭС СР. ВОЛГИ,10871,10151
2026-08-09 05:00,2026-08-09,5,600000,ОЭС СР. ВОЛГИ,10617,10097
2026-08-09 06:00,2026-08-09,6,600000,ОЭС СР. ВОЛГИ,11347,10500
2026-08-09 07:00,2026-08-09,7,600000,ОЭС СР. ВОЛГИ,11575,10981
2026-08-09 08:00,2026-08-09,8,600000,ОЭС СР. ВОЛГИ,13154,11610
2026-08-09 09:00,2026-08-09,9,600000,ОЭС СР. ВОЛГИ,13473,12283
2026-08-09 10:00,2026-08-09,10,600000,ОЭС СР. ВОЛГИ,13489,12382
2026-08-09 11:00,2026-08-09,11,600000,ОЭС СР. ВОЛГИ,13961,12433
2026-08-09 12:00,2026-08-09,12,600000,ОЭС СР. ВОЛГИ,13355,12602
2026-08-09 13:00,2026-08-09,13,600000,ОЭС СР. ВОЛГИ,14269,12678
2026-08-09 14:00,2026-08-09,14,600000,ОЭС СР. ВОЛГИ,14436,12605
2026-08-09 15:00,2026-08-09,15,600000,ОЭС СР. ВОЛГИ,13886,12542
2026-08-09 16:00,2026-08-09,16,600000,ОЭС СР. ВОЛГИ,14539,12542
2026-08-09 17:00,2026-08-09,17,600000,ОЭС СР. ВОЛГИ,14479,12451
2026-08-09 18:00,2026-08-09,18,600000,ОЭС СР. ВОЛГИ,14258,12316
2026-08-09 19:00,2026-08-09,19,600000,ОЭС СР. ВОЛГИ,13730,12134
2026-08-09 20:00,2026-08-09,20,600000,ОЭС СР. ВОЛГИ,13595,12272
2026-08-09 21:00,2026-08-09,21,600000,ОЭС СР. ВОЛГИ,13758,12091
2026-08-09 22:00,2026-08-09,22,600000,ОЭС СР. ВОЛГИ,12579,11548
2026-08-09 23:00,2026-08-09,23,600000,ОЭС СР. ВОЛГИ,12866,11061
2026-08-10 00:00,2026-08-10,0,600000,ОЭС СР. ВОЛГИ,12336,10558
2026-08-10 01:00,2026-08-10,1,600000,ОЭС СР. ВОЛГИ,12001,10412
2026-08-10 02:00,2026-08-10,2,600000,ОЭС СР. ВОЛГИ,11822,10253
2026-08-10 03:00,2026-08-10,3,600000,ОЭС СР. ВОЛГИ,11421,10031
2026-08-10 04:00,2026-08-10,4,600000,ОЭС СР. ВОЛГИ,11028,9887
2026-08-10 05:00,2026-08-10,5,600000,ОЭС СР. ВОЛГИ,10689,10040
2026-08-10 06:00,2026-08-10,6,600000,ОЭС СР. ВОЛГИ,11845,10876
2026-08-10 07:00,2026-08-10,7,600000,ОЭС СР. ВОЛГИ,12499,11626
2026-08-10 08:00,2026-08-10,8,600000,ОЭС СР. ВОЛГИ,13368,12464
2026-08-10 09:00,2026-08-10,9,600000,ОЭС СР. ВОЛГИ,13868,12969
2026-08-10 10:00,2026-08-10,10,600000,ОЭС СР. ВОЛГИ,14561,13429
2026-08-10 11:00,2026-08-10,11,600000,ОЭС СР. ВОЛГИ,14177,13287
2026-08-10 12:00,2026-08-10,12,600000,ОЭС СР. ВОЛГИ,14251,13340
2026-08-10 13:00,2026-08-10,13,600000,ОЭС СР. ВОЛГИ,14498,13386
2026-08-10 14:00,2026-08-10,14,600000,ОЭС СР. ВОЛГИ,14654,13536
2026-08-10 15:00,2026-08-10,15,600000,ОЭС СР. ВОЛГИ,14173,13331
2026-08-10 16:00,2026-08-10,16,600000,ОЭС СР. ВОЛГИ,14065,13076
2026-08-10 17:00,2026-08-10,17,600000,ОЭС СР. ВОЛГИ,13516,12907
2026-08-10 18:00,2026-08-10,18,600000,ОЭС СР. ВОЛГИ,13387,12793
2026-08-10 19:00,2026-08-10,19,600000,ОЭС СР. ВОЛГИ,13161,12374
2026-08-10 20:00,2026-08-10,20,600000,ОЭС СР. ВОЛГИ,13236,12525
2026-08-10 21:00,2026-08-10,21,600000,ОЭС СР. ВОЛГИ,13204,12497
2026-08-10 22:00,2026-08-10,22,600000,ОЭС СР. ВОЛГИ,12834,11828
2026-08-10 23:00,2026-08-10,23,600000,ОЭС СР. ВОЛГИ,12798,11148
2026-08-11 00:00,2026-08-11,0,600000,ОЭС СР. ВОЛГИ,12818,10870
2026-08-11 01:00,2026-08-11,1,600000,ОЭС СР. ВОЛГИ,11831,10573
2026-08-11 02:00,2026-08-11,2,600000,ОЭС СР. ВОЛГИ,11203,10427
2026-08-11 03:00,2026-08-11,3,600000,ОЭС СР. ВОЛГИ,11292,10314
2026-08-11 04:00,2026-08-11,4,600000,ОЭС СР. ВОЛГИ,10787,10203
2026-08-11 05:00,2026-08-11,5,600000,ОЭС СР. ВОЛГИ,10872,10250
2026-08-11 06:00,2026-08-11,6,600000,ОЭС СР. ВОЛГИ,11370,10878
2026-08-11 07:00,2026-08-11,7,600000,ОЭС СР. ВОЛГИ,12489,11667
2026-08-11 08:00,2026-08-11,8,600000,ОЭС СР. ВОЛГИ,13174,12682
2026-08-11 09:00,2026-08-11,9,600000,ОЭС СР. ВОЛГИ,13557,13321
2026-08-11 10:00,2026-08-11,10,600000,ОЭС СР. ВОЛГИ,13820,13335
2026-08-11 11:00,2026-08-11,11,600000,ОЭС СР. ВОЛГИ,14103,13348
2026-08-11 12:00,2026-08-11,12,600000,ОЭС СР. ВОЛГИ,14359,13425
2026-08-11 13:00,2026-08-11,13,600000,ОЭС СР. ВОЛГИ,14296,13537
2026-08-11 14:00,2026-08-11,14,600000,ОЭС СР. ВОЛГИ,14470,13584
2026-08-11 15:00,2026-08-11,15,600000,ОЭС СР. ВОЛГИ,14367,13364
2026-08-11 16:00,2026-08-11,16,600000,ОЭС СР. ВОЛГИ,14489,13346
2026-08-11 17:00,2026-08-11,17,600000,ОЭС СР. ВОЛГИ,14341,13109
2026-08-11 18:00,2026-08-11,18,600000,ОЭС СР. ВОЛГИ,14009,12870
2026-08-11 19:00,2026-08-11,19,600000,ОЭС СР. ВОЛГИ,13267,12366
2026-08-11 20:00,2026-08-11,20,600000,ОЭС СР. ВОЛГИ,13333,12654
2026-08-11 21:00,2026-08-11,21,600000,ОЭС СР. ВОЛГИ,13174,12543
2026-08-11 22:00,2026-08-11,22,600000,ОЭС СР. ВОЛГИ,12605,12012
2026-08-11 23:00,2026-08-11,23,600000,ОЭС СР. ВОЛГИ,13046,11402
2026-08-12 00:00,2026-08-12,0,600000,ОЭС СР. ВОЛГИ,12706,10748
2026-08-12 01:00,2026-08-12,1,600000,ОЭС СР. ВОЛГИ,12475,10585
2026-08-12 02:00,2026-08-12,2,600000,ОЭС СР. ВОЛГИ,12573,10472
2026-08-12 03:00,2026-08-12,3,600000,ОЭС СР. ВОЛГИ,11963,10187
2026-08-12 04:00,2026-08-12,4,600000,ОЭС СР. ВОЛГИ,11998,10186
2026-08-12 05:00,2026-08-12,5,600000,ОЭС СР. ВОЛГИ,11742,10474
2026-08-12 06:00,2026-08-12,6,600000,ОЭС СР. ВОЛГИ,12449,10950
2026-08-12 07:00,2026-08-12,7,600000,ОЭС СР. ВОЛГИ,13183,11760
2026-08-12 08:00,2026-08-12,8,600000,ОЭС СР. ВОЛГИ,12695,12567
2026-08-12 09:00,2026-08-12,9,600000,ОЭС СР. ВОЛГИ,13424,13243
2026-08-12 10:00,2026-08-12,10,600000,ОЭС СР. ВОЛГИ,13846,13435
2026-08-12 11:00,2026-08-12,11,600000,ОЭС СР. ВОЛГИ,14025,13366
2026-08-12 12:00,2026-08-12,12,600000,ОЭС СР. ВОЛГИ,14018,13447
2026-08-12 13:00,2026-08-12,13,600000,ОЭС СР. ВОЛГИ,13985,13678
2026-08-12 14:00,2026-08-12,14,600000,ОЭС СР. ВОЛГИ,14122,13765
2026-08-12 15:00,2026-08-12,15,600000,ОЭС СР. ВОЛГИ,13858,13651
2026-08-12 16:00,2026-08-12,16,600000,ОЭС СР. ВОЛГИ,13889,13271
2026-08-12 17:00,2026-08-12,17,600000,ОЭС СР. ВОЛГИ,13805,13236
2026-08-12 18:00,2026-08-12,18,600000,ОЭС СР. ВОЛГИ,13825,12978
2026-08-12 19:00,2026-08-12,19,600000,ОЭС СР. ВОЛГИ,13720,12564
2026-08-12 20:00,2026-08-12,20,600000,ОЭС СР. ВОЛГИ,13866,12737
2026-08-12 21:00,2026-08-12,21,600000,ОЭС СР. ВОЛГИ,13606,12604
2026-08-12 22:00,2026-08-12,22,600000,ОЭС СР. ВОЛГИ,12876,12083
2026-08-12 23:00,2026-08-12,23,600000,ОЭС СР. ВОЛГИ,12671,11401
2026-08-13 00:00,2026-08-13,0,600000,ОЭС СР. ВОЛГИ,12750,10820
2026-08-13 01:00,2026-08-13,1,600000,ОЭС СР. ВОЛГИ,12011,10648
2026-08-13 02:00,2026-08-13,2,600000,ОЭС СР. ВОЛГИ,11106,10379
2026-08-13 03:00,2026-08-13,3,600000,ОЭС СР. ВОЛГИ,10796,10309
2026-08-13 04:00,2026-08-13,4,600000,ОЭС СР. ВОЛГИ,10825,10284
2026-08-13 05:00,2026-08-13,5,600000,ОЭС СР. ВОЛГИ,10610,10481
2026-08-13 06:00,2026-08-13,6,600000,ОЭС СР. ВОЛГИ,11357,11050
2026-08-13 07:00,2026-08-13,7,600000,ОЭС СР. ВОЛГИ,12205,11864
2026-08-13 08:00,2026-08-13,8,600000,ОЭС СР. ВОЛГИ,12483,12624
2026-08-13 09:00,2026-08-13,9,600000,ОЭС СР. ВОЛГИ,13015,13231
2026-08-13 10:00,2026-08-13,10,600000,ОЭС СР. ВОЛГИ,13425,13376
2026-08-13 11:00,2026-08-13,11,600000,ОЭС СР. ВОЛГИ,13884,13314
2026-08-13 12:00,2026-08-13,12,600000,ОЭС СР. ВОЛГИ,13901,13136
2026-08-13 13:00,2026-08-13,13,600000,ОЭС СР. ВОЛГИ,14241,13392
2026-08-13 14:00,2026-08-13,14,600000,ОЭС СР. ВОЛГИ,14417,13270
2026-08-13 15:00,2026-08-13,15,600000,ОЭС СР. ВОЛГИ,14338,13199
2026-08-13 16:00,2026-08-13,16,600000,ОЭС СР. ВОЛГИ,13986,13000
2026-08-13 17:00,2026-08-13,17,600000,ОЭС СР. ВОЛГИ,13804,12918
2026-08-13 18:00,2026-08-13,18,600000,ОЭС СР. ВОЛГИ,14145,12548
2026-08-13 19:00,2026-08-13,19,600000,ОЭС СР. ВОЛГИ,13925,12525
2026-08-13 20:00,2026-08-13,20,600000,ОЭС СР. ВОЛГИ,13134,12602
2026-08-13 21:00,2026-08-13,21,600000,ОЭС СР. ВОЛГИ,13081,12544
2026-08-13 22:00,2026-08-13,22,600000,ОЭС СР. ВОЛГИ,12881,11904
2026-08-13 23:00,2026-08-13,23,600000,ОЭС СР. ВОЛГИ,11824,11080
2026-08-14 00:00,2026-08-14,0,600000,ОЭС СР. ВОЛГИ,11727,10636
2026-08-14 01:00,2026-08-14,1,600000,ОЭС СР. ВОЛГИ,10794,10510
2026-08-14 02:00,2026-08-14,2,600000,ОЭС СР. ВОЛГИ,10573,10213
2026-08-14 03:00,2026-08-14,3,600000,ОЭС СР. ВОЛГИ,10494,10181
2026-08-14 04:00,2026-08-14,4,600000,ОЭС СР. ВОЛГИ,10743,10332
2026-08-14 05:00,2026-08-14,5,600000,ОЭС СР. ВОЛГИ,10839,10397
2026-08-14 06:00,2026-08-14,6,600000,ОЭС СР. ВОЛГИ,11371,10904
2026-08-14 07:00,2026-08-14,7,600000,ОЭС СР. ВОЛГИ,12548,11608
2026-08-14 08:00,2026-08-14,8,600000,ОЭС СР. ВОЛГИ,12412,12578
2026-08-14 09:00,2026-08-14,9,600000,ОЭС СР. ВОЛГИ,13790,13080
2026-08-14 10:00,2026-08-14,10,600000,ОЭС СР. ВОЛГИ,13697,13192
2026-08-14 11:00,2026-08-14,11,600000,ОЭС СР. ВОЛГИ,13576,13294
2026-08-14 12:00,2026-08-14,12,600000,ОЭС СР. ВОЛГИ,14341,13111
2026-08-14 13:00,2026-08-14,13,600000,ОЭС СР. ВОЛГИ,14054,13305
2026-08-14 14:00,2026-08-14,14,600000,ОЭС СР. ВОЛГИ,14178,13280
2026-08-14 15:00,2026-08-14,15,600000,ОЭС СР. ВОЛГИ,13932,12942
2026-08-14 16:00,2026-08-14,16,600000,ОЭС СР. ВОЛГИ,13864,12806
2026-08-14 17:00,2026-08-14,17,600000,ОЭС СР. ВОЛГИ,13913,12788
2026-08-14 18:00,2026-08-14,18,600000,ОЭС СР. ВОЛГИ,14047,12620
2026-08-14 19:00,2026-08-14,19,600000,ОЭС СР. ВОЛГИ,13478,12392
2026-08-14 20:00,2026-08-14,20,600000,ОЭС СР. ВОЛГИ,13719,12652
2026-08-14 21:00,2026-08-14,21,600000,ОЭС СР. ВОЛГИ,13486,12474
2026-08-14 22:00,2026-08-14,22,600000,ОЭС СР. ВОЛГИ,12707,12001
2026-08-14 23:00,2026-08-14,23,600000,ОЭС СР. ВОЛГИ,12752,11273
2026-08-15 00:00,2026-08-15,0,600000,ОЭС СР. ВОЛГИ,12468,10979
2026-08-15 01:00,2026-08-15,1,600000,ОЭС СР. ВОЛГИ,11282,10594
2026-08-15 02:00,2026-08-15,2,600000,ОЭС СР. ВОЛГИ,10698,10205
2026-08-15 03:00,2026-08-15,3,600000,ОЭС СР. ВОЛГИ,10392,10307
2026-08-15 04:00,2026-08-15,4,600000,ОЭС СР. ВОЛГИ,10118,10066
2026-08-15 05:00,2026-08-15,5,600000,ОЭС СР. ВОЛГИ,10697,10178
2026-08-15 06:00,2026-08-15,6,600000,ОЭС СР. ВОЛГИ,10824,10389
2026-08-15 07:00,2026-08-15,7,600000,ОЭС СР. ВОЛГИ,11150,10962
2026-08-15 08:00,2026-08-15,8,600000,ОЭС СР. ВОЛГИ,12073,11805
2026-08-15 09:00,2026-08-15,9,600000,ОЭС СР. ВОЛГИ,12279,12240
2026-08-15 10:00,2026-08-15,10,600000,ОЭС СР. ВОЛГИ,12406,12452
2026-08-15 11:00,2026-08-15,11,600000,ОЭС СР. ВОЛГИ,12879,12691
2026-08-15 12:00,2026-08-15,12,600000,ОЭС СР. ВОЛГИ,13294,12403
2026-08-15 13:00,2026-08-15,13,600000,ОЭС СР. ВОЛГИ,13096,12556
2026-08-15 14:00,2026-08-15,14,600000,ОЭС СР. ВОЛГИ,13132,12396
2026-08-15 15:00,2026-08-15,15,600000,ОЭС СР. ВОЛГИ,12748,12193
2026-08-15 16:00,2026-08-15,16,600000,ОЭС СР. ВОЛГИ,13300,12081
2026-08-15 17:00,2026-08-15,17,600000,ОЭС СР. ВОЛГИ,13168,12206
2026-08-15 18:00,2026-08-15,18,600000,ОЭС СР. ВОЛГИ,13298,12220
2026-08-15 19:00,2026-08-15,19,600000,ОЭС СР. ВОЛГИ,13319,12137
2026-08-15 20:00,2026-08-15,20,600000,ОЭС СР. ВОЛГИ,12938,12258
2026-08-15 21:00,2026-08-15,21,600000,ОЭС СР. ВОЛГИ,12934,12160
2026-08-15 22:00,2026-08-15,22,600000,ОЭС СР. ВОЛГИ,11387,11618
2026-08-15 23:00,2026-08-15,23,600000,ОЭС СР. ВОЛГИ,11251,11128
2026-08-16 00:00,2026-08-16,0,600000,ОЭС СР. ВОЛГИ,11518,10651
2026-08-16 01:00,2026-08-16,1,600000,ОЭС СР. ВОЛГИ,10852,10295
2026-08-16 02:00,2026-08-16,2,600000,ОЭС СР. ВОЛГИ,10368,10260
2026-08-16 03:00,2026-08-16,3,600000,ОЭС СР. ВОЛГИ,10414,10089
2026-08-16 04:00,2026-08-16,4,600000,ОЭС СР. ВОЛГИ,10527,9991
2026-08-16 05:00,2026-08-16,5,600000,ОЭС СР. ВОЛГИ,10103,10051
2026-08-16 06:00,2026-08-16,6,600000,ОЭС СР. ВОЛГИ,10094,10172
2026-08-16 07:00,2026-08-16,7,600000,ОЭС СР. ВОЛГИ,10872,10604
2026-08-16 08:00,2026-08-16,8,600000,ОЭС СР. ВОЛГИ,11214,11205
2026-08-16 09:00,2026-08-16,9,600000,ОЭС СР. ВОЛГИ,12002,11812
2026-08-16 10:00,2026-08-16,10,600000,ОЭС СР. ВОЛГИ,12406,12090
2026-08-16 11:00,2026-08-16,11,600000,ОЭС СР. ВОЛГИ,12703,12181
2026-08-16 12:00,2026-08-16,12,600000,ОЭС СР. ВОЛГИ,12875,12142
2026-08-16 13:00,2026-08-16,13,600000,ОЭС СР. ВОЛГИ,12953,12064
2026-08-16 14:00,2026-08-16,14,600000,ОЭС СР. ВОЛГИ,13364,12240
2026-08-16 15:00,2026-08-16,15,600000,ОЭС СР. ВОЛГИ,13592,12196
2026-08-16 16:00,2026-08-16,16,600000,ОЭС СР. ВОЛГИ,13773,12105
2026-08-16 17:00,2026-08-16,17,600000,ОЭС СР. ВОЛГИ,13586,12191
2026-08-16 18:00,2026-08-16,18,600000,ОЭС СР. ВОЛГИ,13468,12177
2026-08-16 19:00,2026-08-16,19,600000,ОЭС СР. ВОЛГИ,12849,12014
2026-08-16 20:00,2026-08-16,20,600000,ОЭС СР. ВОЛГИ,12840,12483
2026-08-16 21:00,2026-08-16,21,600000,ОЭС СР. ВОЛГИ,12539,12187
2026-08-16 22:00,2026-08-16,22,600000,ОЭС СР. ВОЛГИ,11268,11661
2026-08-16 23:00,2026-08-16,23,600000,ОЭС СР. ВОЛГИ,11529,11171
2026-08-17 00:00,2026-08-17,0,600000,ОЭС СР. ВОЛГИ,10203,10632
2026-08-17 01:00,2026-08-17,1,600000,ОЭС СР. ВОЛГИ,10043,10415
2026-08-17 02:00,2026-08-17,2,600000,ОЭС СР. ВОЛГИ,9876,10175
2026-08-17 03:00,2026-08-17,3,600000,ОЭС СР. ВОЛГИ,10028,10289
2026-08-17 04:00,2026-08-17,4,600000,ОЭС СР. ВОЛГИ,10354,10338
2026-08-17 05:00,2026-08-17,5,600000,ОЭС СР. ВОЛГИ,10479,10428
2026-08-17 06:00,2026-08-17,6,600000,ОЭС СР. ВОЛГИ,10358,10860
2026-08-17 07:00,2026-08-17,7,600000,ОЭС СР. ВОЛГИ,11289,11907
2026-08-17 08:00,2026-08-17,8,600000,ОЭС СР. ВОЛГИ,11735,12802
2026-08-17 09:00,2026-08-17,9,600000,ОЭС СР. ВОЛГИ,13600,13262
2026-08-17 10:00,2026-08-17,10,600000,ОЭС СР. ВОЛГИ,13939,13544
2026-08-17 11:00,2026-08-17,11,600000,ОЭС СР. ВОЛГИ,14355,13393
2026-08-17 12:00,2026-08-17,12,600000,ОЭС СР. ВОЛГИ,14708,13525
2026-08-17 13:00,2026-08-17,13,600000,ОЭС СР. ВОЛГИ,14667,13584
2026-08-17 14:00,2026-08-17,14,600000,ОЭС СР. ВОЛГИ,14048,13467
2026-08-17 15:00,2026-08-17,15,600000,ОЭС СР. ВОЛГИ,14030,13407
2026-08-17 16:00,2026-08-17,16,600000,ОЭС СР. ВОЛГИ,14705,13341
2026-08-17 17:00,2026-08-17,17,600000,ОЭС СР. ВОЛГИ,13933,13168
2026-08-17 18:00,2026-08-17,18,600000,ОЭС СР. ВОЛГИ,13550,12874
2026-08-17 19:00,2026-08-17,19,600000,ОЭС СР. ВОЛГИ,13096,12733
2026-08-17 20:00,2026-08-17,20,600000,ОЭС СР. ВОЛГИ,13581,12953
2026-08-17 21:00,2026-08-17,21,600000,ОЭС СР. ВОЛГИ,12669,12592
2026-08-17 22:00,2026-08-17,22,600000,ОЭС СР. ВОЛГИ,12030,12062
2026-08-17 23:00,2026-08-17,23,600000,ОЭС СР. ВОЛГИ,11219,11457
2026-08-18 00:00,2026-08-18,0,600000,ОЭС СР. ВОЛГИ,10973,10829
2026-08-18 01:00,2026-08-18,1,600000,ОЭС СР. ВОЛГИ,11152,10747
2026-08-18 02:00,2026-08-18,2,600000,ОЭС СР. ВОЛГИ,10170,10437
2026-08-18 03:00,2026-08-18,3,600000,ОЭС СР. ВОЛГИ,10247,10420
2026-08-18 04:00,2026-08-18,4,600000,ОЭС СР. ВОЛГИ,10442,10366
2026-08-18 05:00,2026-08-18,5,600000,ОЭС СР. ВОЛГИ,10190,10619
2026-08-18 06:00,2026-08-18,6,600000,ОЭС СР. ВОЛГИ,11450,11179
2026-08-18 07:00,2026-08-18,7,600000,ОЭС СР. ВОЛГИ,11699,11983
2026-08-18 08:00,2026-08-18,8,600000,ОЭС СР. ВОЛГИ,12314,12865
2026-08-18 09:00,2026-08-18,9,600000,ОЭС СР. ВОЛГИ,13491,13480
2026-08-18 10:00,2026-08-18,10,600000,ОЭС СР. ВОЛГИ,13833,13324
2026-08-18 11:00,2026-08-18,11,600000,ОЭС СР. ВОЛГИ,13592,13341
2026-08-18 12:00,2026-08-18,12,600000,ОЭС СР. ВОЛГИ,14418,13403
2026-08-18 13:00,2026-08-18,13,600000,ОЭС СР. ВОЛГИ,14234,13579
2026-08-18 14:00,2026-08-18,14,600000,ОЭС СР. ВОЛГИ,14795,13488
2026-08-18 15:00,2026-08-18,15,600000,ОЭС СР. ВОЛГИ,14690,13420
2026-08-18 16:00,2026-08-18,16,600000,ОЭС СР. ВОЛГИ,14519,13180
2026-08-18 17:00,2026-08-18,17,600000,ОЭС СР. ВОЛГИ,13835,12990
2026-08-18 18:00,2026-08-18,18,600000,ОЭС СР. ВОЛГИ,14005,12903
2026-08-18 19:00,2026-08-18,19,600000,ОЭС СР. ВОЛГИ,13826,12677
2026-08-18 20:00,2026-08-18,20,600000,ОЭС СР. ВОЛГИ,13709,13001
2026-08-18 21:00,2026-08-18,21,600000,ОЭС СР. ВОЛГИ,13035,12797
2026-08-18 22:00,2026-08-18,22,600000,ОЭС СР. ВОЛГИ,11965,12017
2026-08-18 23:00,2026-08-18,23,600000,ОЭС СР. ВОЛГИ,11524,11385
2026-08-19 00:00,2026-08-19,0,600000,ОЭС СР. ВОЛГИ,11955,11078
2026-08-19 01:00,2026-08-19,1,600000,ОЭС СР. ВОЛГИ,11552,10595
2026-08-19 02:00,2026-08-19,2,600000,ОЭС СР. ВОЛГИ,10609,10448
2026-08-19 03:00,2026-08-19,3,600000,ОЭС СР. ВОЛГИ,10739,10368
2026-08-19 04:00,2026-08-19,4,600000,ОЭС СР. ВОЛГИ,10454,10384
2026-08-19 05:00,2026-08-19,5,600000,ОЭС СР. ВОЛГИ,10935,10583
2026-08-19 06:00,2026-08-19,6,600000,ОЭС СР. ВОЛГИ,11244,11334
2026-08-19 07:00,2026-08-19,7,600000,ОЭС СР. ВОЛГИ,11290,11946
2026-08-19 08:00,2026-08-19,8,600000,ОЭС СР. ВОЛГИ,11965,12870
2026-08-19 09:00,2026-08-19,9,600000,ОЭС СР. ВОЛГИ,13541,13517
2026-08-19 10:00,2026-08-19,10,600000,ОЭС СР. ВОЛГИ,14327,13835
2026-08-19 11:00,2026-08-19,11,600000,ОЭС СР. ВОЛГИ,13932,13642
2026-08-19 12:00,2026-08-19,12,600000,ОЭС СР. ВОЛГИ,13932,13703
2026-08-19 13:00,2026-08-19,13,600000,ОЭС СР. ВОЛГИ,13944,13812
2026-08-19 14:00,2026-08-19,14,600000,ОЭС СР. ВОЛГИ,14173,13907
2026-08-19 15:00,2026-08-19,15,600000,ОЭС СР. ВОЛГИ,14317,13874
2026-08-19 16:00,2026-08-19,16,600000,ОЭС СР. ВОЛГИ,14160,13822
2026-08-19 17:00,2026-08-19,17,600000,ОЭС СР. ВОЛГИ,13818,13497
2026-08-19 18:00,2026-08-19,18,600000,ОЭС СР. ВОЛГИ,13622,13255
2026-08-19 19:00,2026-08-19,19,600000,ОЭС СР. ВОЛГИ,13787,12888
2026-08-19 20:00,2026-08-19,20,600000,ОЭС СР. ВОЛГИ,13703,13189
2026-08-19 21:00,2026-08-19,21,600000,ОЭС СР. ВОЛГИ,13070,12931
2026-08-19 22:00,2026-08-19,22,600000,ОЭС СР. ВОЛГИ,12593,12139
2026-08-19 23:00,2026-08-19,23,600000,ОЭС СР. ВОЛГИ,11994,11512
2026-08-20 00:00,2026-08-20,0,600000,ОЭС СР. ВОЛГИ,11498,10948
2026-08-20 01:00,2026-08-20,1,600000,ОЭС СР. ВОЛГИ,11577,10734
2026-08-20 02:00,2026-08-20,2,600000,ОЭС СР. ВОЛГИ,10766,10489
2026-08-20 03:00,2026-08-20,3,600000,ОЭС СР. ВОЛГИ,10354,10606
2026-08-20 04:00,2026-08-20,4,600000,ОЭС СР. ВОЛГИ,10077,10482
2026-08-20 05:00,2026-08-20,5,600000,ОЭС СР. ВОЛГИ,10419,10487
2026-08-20 06:00,2026-08-20,6,600000,ОЭС СР. ВОЛГИ,10485,11016
2026-08-20 07:00,2026-08-20,7,600000,ОЭС СР. ВОЛГИ,11483,11876
2026-08-20 08:00,2026-08-20,8,600000,ОЭС СР. ВОЛГИ,12546,13071
2026-08-20 09:00,2026-08-20,9,600000,ОЭС СР. ВОЛГИ,13376,13450
2026-08-20 10:00,2026-08-20,10,600000,ОЭС СР. ВОЛГИ,13723,13708
2026-08-20 11:00,2026-08-20,11,600000,ОЭС СР. ВОЛГИ,13873,13552
2026-08-20 12:00,2026-08-20,12,600000,ОЭС СР. ВОЛГИ,13461,13593
2026-08-20 13:00,2026-08-20,13,600000,ОЭС СР. ВОЛГИ,13761,13691
2026-08-20 14:00,2026-08-20,14,600000,ОЭС СР. ВОЛГИ,13573,13621
2026-08-20 15:00,2026-08-20,15,600000,ОЭС СР. ВОЛГИ,13692,13598
2026-08-20 16:00,2026-08-20,16,600000,ОЭС СР. ВОЛГИ,13807,13476
2026-08-20 17:00,2026-08-20,17,600000,ОЭС СР. ВОЛГИ,13645,13247
2026-08-20 18:00,2026-08-20,18,600000,ОЭС СР. ВОЛГИ,13568,13019
2026-08-20 19:00,2026-08-20,19,600000,ОЭС СР. ВОЛГИ,13198,12604
2026-08-20 20:00,2026-08-20,20,600000,ОЭС СР. ВОЛГИ,12909,12887
2026-08-20 21:00,2026-08-20,21,600000,ОЭС СР. ВОЛГИ,12905,12707
2026-08-20 22:00,2026-08-20,22,600000,ОЭС СР. ВОЛГИ,11584,12040
2026-08-20 23:00,2026-08-20,23,600000,ОЭС СР. ВОЛГИ,11095,11443
2026-08-21 00:00,2026-08-21,0,600000,ОЭС СР. ВОЛГИ,11013,10938
2026-08-21 01:00,2026-08-21,1,600000,ОЭС СР. ВОЛГИ,11256,10860
2026-08-21 02:00,2026-08-21,2,600000,ОЭС СР. ВОЛГИ,10723,10626
2026-08-21 03:00,2026-08-21,3,600000,ОЭС СР. ВОЛГИ,10345,10381
2026-08-21 04:00,2026-08-21,4,600000,ОЭС СР. ВОЛГИ,10332,10471
2026-08-21 05:00,2026-08-21,5,600000,ОЭС СР. ВОЛГИ,10385,10463
2026-08-21 06:00,2026-08-21,6,600000,ОЭС СР. ВОЛГИ,10502,10958
2026-08-21 07:00,2026-08-21,7,600000,ОЭС СР. ВОЛГИ,10843,11847
2026-08-21 08:00,2026-08-21,8,600000,ОЭС СР. ВОЛГИ,11696,12787
2026-08-21 09:00,2026-08-21,9,600000,ОЭС СР. ВОЛГИ,13403,13210
2026-08-21 10:00,2026-08-21,10,600000,ОЭС СР. ВОЛГИ,13780,13519
2026-08-21 11:00,2026-08-21,11,600000,ОЭС СР. ВОЛГИ,14273,13498
2026-08-21 12:00,2026-08-21,12,600000,ОЭС СР. ВОЛГИ,14248,13363
2026-08-21 13:00,2026-08-21,13,600000,ОЭС СР. ВОЛГИ,14898,13653
2026-08-21 14:00,2026-08-21,14,600000,ОЭС СР. ВОЛГИ,14942,13762
2026-08-21 15:00,2026-08-21,15,600000,ОЭС СР. ВОЛГИ,14276,13396
2026-08-21 16:00,2026-08-21,16,600000,ОЭС СР. ВОЛГИ,14147,13307
2026-08-21 17:00,2026-08-21,17,600000,ОЭС СР. ВОЛГИ,14089,13151
2026-08-21 18:00,2026-08-21,18,600000,ОЭС СР. ВОЛГИ,14216,12999
2026-08-21 19:00,2026-08-21,19,600000,ОЭС СР. ВОЛГИ,13732,12850
2026-08-21 20:00,2026-08-21,20,600000,ОЭС СР. ВОЛГИ,13093,13091
2026-08-21 21:00,2026-08-21,21,600000,ОЭС СР. ВОЛГИ,12401,12709
2026-08-21 22:00,2026-08-21,22,600000,ОЭС СР. ВОЛГИ,12462,12293
2026-08-21 23:00,2026-08-21,23,600000,ОЭС СР. ВОЛГИ,10950,11542
2026-08-22 00:00,2026-08-22,0,600000,ОЭС СР. ВОЛГИ,10880,11056
2026-08-22 01:00,2026-08-22,1,600000,ОЭС СР. ВОЛГИ,10130,10782
2026-08-22 02:00,2026-08-22,2,600000,ОЭС СР. ВОЛГИ,9622,10538
2026-08-22 03:00,2026-08-22,3,600000,ОЭС СР. ВОЛГИ,9979,10531
2026-08-22 04:00,2026-08-22,4,600000,ОЭС СР. ВОЛГИ,10211,10531
2026-08-22 05:00,2026-08-22,5,600000,ОЭС СР. ВОЛГИ,9796,10401
2026-08-22 06:00,2026-08-22,6,600000,ОЭС СР. ВОЛГИ,10461,10706
2026-08-22 07:00,2026-08-22,7,600000,ОЭС СР. ВОЛГИ,10703,11359
2026-08-22 08:00,2026-08-22,8,600000,ОЭС СР. ВОЛГИ,11182,12032
2026-08-22 09:00,2026-08-22,9,600000,ОЭС СР. ВОЛГИ,12272,12535
2026-08-22 10:00,2026-08-22,10,600000,ОЭС СР. ВОЛГИ,12858,12900
2026-08-22 11:00,2026-08-22,11,600000,ОЭС СР. ВОЛГИ,13079,13031
2026-08-22 12:00,2026-08-22,12,600000,ОЭС СР. ВОЛГИ,12922,12931
2026-08-22 13:00,2026-08-22,13,600000,ОЭС СР. ВОЛГИ,13698,12849
2026-08-22 14:00,2026-08-22,14,600000,ОЭС СР. ВОЛГИ,13627,12775
2026-08-22 15:00,2026-08-22,15,600000,ОЭС СР. ВОЛГИ,13682,12612
2026-08-22 16:00,2026-08-22,16,600000,ОЭС СР. ВОЛГИ,13497,12667
2026-08-22 17:00,2026-08-22,17,600000,ОЭС СР. ВОЛГИ,13638,12353
2026-08-22 18:00,2026-08-22,18,600000,ОЭС СР. ВОЛГИ,13839,12423
2026-08-22 19:00,2026-08-22,19,600000,ОЭС СР. ВОЛГИ,13229,12280
2026-08-22 20:00,2026-08-22,20,600000,ОЭС СР. ВОЛГИ,13041,12531
2026-08-22 21:00,2026-08-22,21,600000,ОЭС СР. ВОЛГИ,12059,12208
2026-08-22 22:00,2026-08-22,22,600000,ОЭС СР. ВОЛГИ,11243,11692
2026-08-22 23:00,2026-08-22,23,600000,ОЭС СР. ВОЛГИ,10733,11111
2026-08-23 00:00,2026-08-23,0,600000,ОЭС СР. ВОЛГИ,11203,10677
2026-08-23 01:00,2026-08-23,1,600000,ОЭС СР. ВОЛГИ,10727,10484
2026-08-23 02:00,2026-08-23,2,600000,ОЭС СР. ВОЛГИ,10401,10215
2026-08-23 03:00,2026-08-23,3,600000,ОЭС СР. ВОЛГИ,9878,10065
2026-08-23 04:00,2026-08-23,4,600000,ОЭС СР. ВОЛГИ,9621,10030
2026-08-23 05:00,2026-08-23,5,600000,ОЭС СР. ВОЛГИ,9852,9989
2026-08-23 06:00,2026-08-23,6,600000,ОЭС СР. ВОЛГИ,10417,10362
2026-08-23 07:00,2026-08-23,7,600000,ОЭС СР. ВОЛГИ,10803,10877
2026-08-23 08:00,2026-08-23,8,600000,ОЭС СР. ВОЛГИ,11255,11490
2026-08-23 09:00,2026-08-23,9,600000,ОЭС СР. ВОЛГИ,11459,12035
2026-08-23 10:00,2026-08-23,10,600000,ОЭС СР. ВОЛГИ,12993,12453
2026-08-23 11:00,2026-08-23,11,600000,ОЭС СР. ВОЛГИ,13224,12440
2026-08-23 12:00,2026-08-23,12,600000,ОЭС СР. ВОЛГИ,13654,12638
2026-08-23 13:00,2026-08-23,13,600000,ОЭС СР. ВОЛГИ,13323,12543
2026-08-23 14:00,2026-08-23,14,600000,ОЭС СР. ВОЛГИ,13163,12525
2026-08-23 15:00,2026-08-23,15,600000,ОЭС СР. ВОЛГИ,12468,12623
2026-08-23 16:00,2026-08-23,16,600000,ОЭС СР. ВОЛГИ,12933,12627
2026-08-23 17:00,2026-08-23,17,600000,ОЭС СР. ВОЛГИ,13292,12775
2026-08-23 18:00,2026-08-23,18,600000,ОЭС СР. ВОЛГИ,12984,12597
2026-08-23 19:00,2026-08-23,19,600000,ОЭС СР. ВОЛГИ,13110,12564
2026-08-23 20:00,2026-08-23,20,600000,ОЭС СР. ВОЛГИ,13808,12730
2026-08-23 21:00,2026-08-23,21,600000,ОЭС СР. ВОЛГИ,12942,12433
2026-08-23 22:00,2026-08-23,22,600000,ОЭС СР. ВОЛГИ,11647,11813
2026-08-23 23:00,2026-08-23,23,600000,ОЭС СР. ВОЛГИ,10774,11192
2026-08-24 00:00,2026-08-24,0,600000,ОЭС СР. ВОЛГИ,10282,10637
2026-08-24 01:00,2026-08-24,1,600000,ОЭС СР. ВОЛГИ,10054,10379
2026-08-24 02:00,2026-08-24,2,600000,ОЭС СР. ВОЛГИ,10562,10530
2026-08-24 03:00,2026-08-24,3,600000,ОЭС СР. ВОЛГИ,10133,10270
2026-08-24 04:00,2026-08-24,4,600000,ОЭС СР. ВОЛГИ,10114,10357
2026-08-24 05:00,2026-08-24,5,600000,ОЭС СР. ВОЛГИ,10408,10609
2026-08-24 06:00,2026-08-24,6,600000,ОЭС СР. ВОЛГИ,10044,11031
2026-08-24 07:00,2026-08-24,7,600000,ОЭС СР. ВОЛГИ,11449,12064
2026-08-24 08:00,2026-08-24,8,600000,ОЭС СР. ВОЛГИ,11811,12857
2026-08-24 09:00,2026-08-24,9,600000,ОЭС СР. ВОЛГИ,13196,13402
2026-08-24 10:00,2026-08-24,10,600000,ОЭС СР. ВОЛГИ,13390,13574
2026-08-24 11:00,2026-08-24,11,600000,ОЭС СР. ВОЛГИ,13930,13633
2026-08-24 12:00,2026-08-24,12,600000,ОЭС СР. ВОЛГИ,13941,13648
2026-08-24 13:00,2026-08-24,13,600000,ОЭС СР. ВОЛГИ,14056,13810
2026-08-24 14:00,2026-08-24,14,600000,ОЭС СР. ВОЛГИ,13971,13772
2026-08-24 15:00,2026-08-24,15,600000,ОЭС СР. ВОЛГИ,14277,13788
2026-08-24 16:00,2026-08-24,16,600000,ОЭС СР. ВОЛГИ,13640,13472
2026-08-24 17:00,2026-08-24,17,600000,ОЭС СР. ВОЛГИ,13386,13364
2026-08-24 18:00,2026-08-24,18,600000,ОЭС СР. ВОЛГИ,13288,13098
2026-08-24 19:00,2026-08-24,19,600000,ОЭС СР. ВОЛГИ,13012,12856
2026-08-24 20:00,2026-08-24,20,600000,ОЭС СР. ВОЛГИ,13089,12991
2026-08-24 21:00,2026-08-24,21,600000,ОЭС СР. ВОЛГИ,12788,12784
2026-08-24 22:00,2026-08-24,22,600000,ОЭС СР. ВОЛГИ,12021,12124
2026-08-24 23:00,2026-08-24,23,600000,ОЭС СР. ВОЛГИ,11234,11406
2026-08-25 00:00,2026-08-25,0,600000,ОЭС СР. ВОЛГИ,12224,11032
2026-08-25 01:00,2026-08-25,1,600000,ОЭС СР. ВОЛГИ,10071,10712
2026-08-25 02:00,2026-08-25,2,600000,ОЭС СР. ВОЛГИ,10303,10694
2026-08-25 03:00,2026-08-25,3,600000,ОЭС СР. ВОЛГИ,9602,10499
2026-08-25 04:00,2026-08-25,4,600000,ОЭС СР. ВОЛГИ,9699,10504
2026-08-25 05:00,2026-08-25,5,600000,ОЭС СР. ВОЛГИ,10177,10648
2026-08-25 06:00,2026-08-25,6,600000,ОЭС СР. ВОЛГИ,10392,11117
2026-08-25 07:00,2026-08-25,7,600000,ОЭС СР. ВОЛГИ,10777,11850
2026-08-25 08:00,2026-08-25,8,600000,ОЭС СР. ВОЛГИ,11508,12987
2026-08-25 09:00,2026-08-25,9,600000,ОЭС СР. ВОЛГИ,13079,13424
2026-08-25 10:00,2026-08-25,10,600000,ОЭС СР. ВОЛГИ,13964,13514
2026-08-25 11:00,2026-08-25,11,600000,ОЭС СР. ВОЛГИ,13686,13538
2026-08-25 12:00,2026-08-25,12,600000,ОЭС СР. ВОЛГИ,13916,13442
2026-08-25 13:00,2026-08-25,13,600000,ОЭС СР. ВОЛГИ,14213,13512
2026-08-25 14:00,2026-08-25,14,600000,ОЭС СР. ВОЛГИ,14015,13665
2026-08-25 15:00,2026-08-25,15,600000,ОЭС СР. ВОЛГИ,13893,13518
2026-08-25 16:00,2026-08-25,16,600000,ОЭС СР. ВОЛГИ,14211,13343
2026-08-25 17:00,2026-08-25,17,600000,ОЭС СР. ВОЛГИ,13890,13000
2026-08-25 18:00,2026-08-25,18,600000,ОЭС СР. ВОЛГИ,13999,12961
2026-08-25 19:00,2026-08-25,19,600000,ОЭС СР. ВОЛГИ,13554,12891
2026-08-25 20:00,2026-08-25,20,600000,ОЭС СР. ВОЛГИ,13221,13169
2026-08-25 21:00,2026-08-25,21,600000,ОЭС СР. ВОЛГИ,12633,12738
2026-08-25 22:00,2026-08-25,22,600000,ОЭС СР. ВОЛГИ,11539,12109
2026-08-25 23:00,2026-08-25,23,600000,ОЭС СР. ВОЛГИ,10844,11471
2026-08-26 00:00,2026-08-26,0,600000,ОЭС СР. ВОЛГИ,11016,11137
2026-08-26 01:00,2026-08-26,1,600000,ОЭС СР. ВОЛГИ,10808,10900
2026-08-26 02:00,2026-08-26,2,600000,ОЭС СР. ВОЛГИ,10212,10576
2026-08-26 03:00,2026-08-26,3,600000,ОЭС СР. ВОЛГИ,9817,10438
2026-08-26 04:00,2026-08-26,4,600000,ОЭС СР. ВОЛГИ,9893,10413
2026-08-26 05:00,2026-08-26,5,600000,ОЭС СР. ВОЛГИ,9946,10548
2026-08-26 06:00,2026-08-26,6,600000,ОЭС СР. ВОЛГИ,10338,11056
2026-08-26 07:00,2026-08-26,7,600000,ОЭС СР. ВОЛГИ,10775,11933
2026-08-26 08:00,2026-08-26,8,600000,ОЭС СР. ВОЛГИ,11700,12879
2026-08-26 09:00,2026-08-26,9,600000,ОЭС СР. ВОЛГИ,13304,13133
2026-08-26 10:00,2026-08-26,10,600000,ОЭС СР. ВОЛГИ,13636,13263
2026-08-26 11:00,2026-08-26,11,600000,ОЭС СР. ВОЛГИ,14178,13327
2026-08-26 12:00,2026-08-26,12,600000,ОЭС СР. ВОЛГИ,14178,13188
2026-08-26 13:00,2026-08-26,13,600000,ОЭС СР. ВОЛГИ,14427,13281
2026-08-26 14:00,2026-08-26,14,600000,ОЭС СР. ВОЛГИ,14297,13333
2026-08-26 15:00,2026-08-26,15,600000,ОЭС СР. ВОЛГИ,13948,13287
2026-08-26 16:00,2026-08-26,16,600000,ОЭС СР. ВОЛГИ,13653,12918
2026-08-26 17:00,2026-08-26,17,600000,ОЭС СР. ВОЛГИ,13507,12744
2026-08-26 18:00,2026-08-26,18,600000,ОЭС СР. ВОЛГИ,13760,12671
2026-08-26 19:00,2026-08-26,19,600000,ОЭС СР. ВОЛГИ,13479,12687
2026-08-26 20:00,2026-08-26,20,600000,ОЭС СР. ВОЛГИ,13045,12791
2026-08-26 21:00,2026-08-26,21,600000,ОЭС СР. ВОЛГИ,12461,12496
2026-08-26 22:00,2026-08-26,22,600000,ОЭС СР. ВОЛГИ,11984,11967
2026-08-26 23:00,2026-08-26,23,600000,ОЭС СР. ВОЛГИ,11732,11266
2026-08-27 00:00,2026-08-27,0,600000,ОЭС СР. ВОЛГИ,11401,10810
2026-08-27 01:00,2026-08-27,1,600000,ОЭС СР. ВОЛГИ,10254,10507
2026-08-27 02:00,2026-08-27,2,600000,ОЭС СР. ВОЛГИ,10130,10511
2026-08-27 03:00,2026-08-27,3,600000,ОЭС СР. ВОЛГИ,10039,10375
2026-08-27 04:00,2026-08-27,4,600000,ОЭС СР. ВОЛГИ,9914,10424
2026-08-27 05:00,2026-08-27,5,600000,ОЭС СР. ВОЛГИ,10437,10445
2026-08-27 06:00,2026-08-27,6,600000,ОЭС СР. ВОЛГИ,10484,11134
2026-08-27 07:00,2026-08-27,7,600000,ОЭС СР. ВОЛГИ,10781,11856
2026-08-27 08:00,2026-08-27,8,600000,ОЭС СР. ВОЛГИ,12005,12627
2026-08-27 09:00,2026-08-27,9,600000,ОЭС СР. ВОЛГИ,13005,13149
2026-08-27 10:00,2026-08-27,10,600000,ОЭС СР. ВОЛГИ,12386,13418
2026-08-27 11:00,2026-08-27,11,600000,ОЭС СР. ВОЛГИ,12496,13179
2026-08-27 12:00,2026-08-27,12,600000,ОЭС СР. ВОЛГИ,12852,13314
2026-08-27 13:00,2026-08-27,13,600000,ОЭС СР. ВОЛГИ,12777,13159
2026-08-27 14:00,2026-08-27,14,600000,ОЭС СР. ВОЛГИ,12895,13185
2026-08-27 15:00,2026-08-27,15,600000,ОЭС СР. ВОЛГИ,12988,13218
2026-08-27 16:00,2026-08-27,16,600000,ОЭС СР. ВОЛГИ,13145,12935
2026-08-27 17:00,2026-08-27,17,600000,ОЭС СР. ВОЛГИ,12676,12720
2026-08-27 18:00,2026-08-27,18,600000,ОЭС СР. ВОЛГИ,12672,12636
2026-08-27 19:00,2026-08-27,19,600000,ОЭС СР. ВОЛГИ,12645,12637
2026-08-27 20:00,2026-08-27,20,600000,ОЭС СР. ВОЛГИ,12701,12744
2026-08-27 21:00,2026-08-27,21,600000,ОЭС СР. ВОЛГИ,12352,12666
2026-08-27 22:00,2026-08-27,22,600000,ОЭС СР. ВОЛГИ,11471,12039
2026-08-27 23:00,2026-08-27,23,600000,ОЭС СР. ВОЛГИ,10966,11342
2026-08-28 00:00,2026-08-28,0,600000,ОЭС СР. ВОЛГИ,10764,10931
2026-08-28 01:00,2026-08-28,1,600000,ОЭС СР. ВОЛГИ,10305,10519
2026-08-28 02:00,2026-08-28,2,600000,ОЭС СР. ВОЛГИ,10594,10514
2026-08-28 03:00,2026-08-28,3,600000,ОЭС СР. ВОЛГИ,10073,10360
2026-08-28 04:00,2026-08-28,4,600000,ОЭС СР. ВОЛГИ,10002,10343
2026-08-28 05:00,2026-08-28,5,600000,ОЭС СР. ВОЛГИ,10036,10511
2026-08-28 06:00,2026-08-28,6,600000,ОЭС СР. ВОЛГИ,10736,11071
2026-08-28 07:00,2026-08-28,7,600000,ОЭС СР. ВОЛГИ,10749,11827
2026-08-28 08:00,2026-08-28,8,600000,ОЭС СР. ВОЛГИ,11484,12490
2026-08-28 09:00,2026-08-28,9,600000,ОЭС СР. ВОЛГИ,13189,13339
2026-08-28 10:00,2026-08-28,10,600000,ОЭС СР. ВОЛГИ,13877,13195
2026-08-28 11:00,2026-08-28,11,600000,ОЭС СР. ВОЛГИ,13658,13184
2026-08-28 12:00,2026-08-28,12,600000,ОЭС СР. ВОЛГИ,13246,12965
2026-08-28 13:00,2026-08-28,13,600000,ОЭС СР. ВОЛГИ,13315,13197
2026-08-28 14:00,2026-08-28,14,600000,ОЭС СР. ВОЛГИ,13458,13093
2026-08-28 15:00,2026-08-28,15,600000,ОЭС СР. ВОЛГИ,13067,12893
2026-08-28 16:00,2026-08-28,16,600000,ОЭС СР. ВОЛГИ,13324,12678
2026-08-28 17:00,2026-08-28,17,600000,ОЭС СР. ВОЛГИ,13503,12783
2026-08-28 18:00,2026-08-28,18,600000,ОЭС СР. ВОЛГИ,12952,12565
2026-08-28 19:00,2026-08-28,19,600000,ОЭС СР. ВОЛГИ,12795,12493
2026-08-28 20:00,2026-08-28,20,600000,ОЭС СР. ВОЛГИ,12479,12727
2026-08-28 21:00,2026-08-28,21,600000,ОЭС СР. ВОЛГИ,12305,12559
2026-08-28 22:00,2026-08-28,22,600000,ОЭС СР. ВОЛГИ,12157,11982
2026-08-28 23:00,2026-08-28,23,600000,ОЭС СР. ВОЛГИ,11545,11321
2026-08-29 00:00,2026-08-29,0,600000,ОЭС СР. ВОЛГИ,10516,10863
2026-08-29 01:00,2026-08-29,1,600000,ОЭС СР. ВОЛГИ,10249,10574
2026-08-29 02:00,2026-08-29,2,600000,ОЭС СР. ВОЛГИ,9969,10489
2026-08-29 03:00,2026-08-29,3,600000,ОЭС СР. ВОЛГИ,9693,10273
2026-08-29 04:00,2026-08-29,4,600000,ОЭС СР. ВОЛГИ,9731,10391
2026-08-29 05:00,2026-08-29,5,600000,ОЭС СР. ВОЛГИ,9562,10244
2026-08-29 06:00,2026-08-29,6,600000,ОЭС СР. ВОЛГИ,10003,10513
2026-08-29 07:00,2026-08-29,7,600000,ОЭС СР. ВОЛГИ,10178,11159
2026-08-29 08:00,2026-08-29,8,600000,ОЭС СР. ВОЛГИ,10910,11996
2026-08-29 09:00,2026-08-29,9,600000,ОЭС СР. ВОЛГИ,11377,12337
2026-08-29 10:00,2026-08-29,10,600000,ОЭС СР. ВОЛГИ,12374,12547
2026-08-29 11:00,2026-08-29,11,600000,ОЭС СР. ВОЛГИ,12395,12708
2026-08-29 12:00,2026-08-29,12,600000,ОЭС СР. ВОЛГИ,12263,12421
2026-08-29 13:00,2026-08-29,13,600000,ОЭС СР. ВОЛГИ,12822,12349
2026-08-29 14:00,2026-08-29,14,600000,ОЭС СР. ВОЛГИ,12787,12312
2026-08-29 15:00,2026-08-29,15,600000,ОЭС СР. ВОЛГИ,12107,12047
2026-08-29 16:00,2026-08-29,16,600000,ОЭС СР. ВОЛГИ,12724,12205
2026-08-29 17:00,2026-08-29,17,600000,ОЭС СР. ВОЛГИ,12837,12126
2026-08-29 18:00,2026-08-29,18,600000,ОЭС СР. ВОЛГИ,12270,11970
2026-08-29 19:00,2026-08-29,19,600000,ОЭС СР. ВОЛГИ,12633,12109
2026-08-29 20:00,2026-08-29,20,600000,ОЭС СР. ВОЛГИ,12224,12433
2026-08-29 21:00,2026-08-29,21,600000,ОЭС СР. ВОЛГИ,11999,12116
2026-08-29 22:00,2026-08-29,22,600000,ОЭС СР. ВОЛГИ,11021,11502
2026-08-29 23:00,2026-08-29,23,600000,ОЭС СР. ВОЛГИ,10282,10896
2026-08-30 00:00,2026-08-30,0,600000,ОЭС СР. ВОЛГИ,10891,10689
2026-08-30 01:00,2026-08-30,1,600000,ОЭС СР. ВОЛГИ,10459,10337
2026-08-30 02:00,2026-08-30,2,600000,ОЭС СР. ВОЛГИ,9883,10280
2026-08-30 03:00,2026-08-30,3,600000,ОЭС СР. ВОЛГИ,9905,10298
2026-08-30 04:00,2026-08-30,4,600000,ОЭС СР. ВОЛГИ,9759,10090
2026-08-30 05:00,2026-08-30,5,600000,ОЭС СР. ВОЛГИ,9446,9976
2026-08-30 06:00,2026-08-30,6,600000,ОЭС СР. ВОЛГИ,10258,10397
2026-08-30 07:00,2026-08-30,7,600000,ОЭС СР. ВОЛГИ,10171,10645
2026-08-30 08:00,2026-08-30,8,600000,ОЭС СР. ВОЛГИ,10774,11373
2026-08-30 09:00,2026-08-30,9,600000,ОЭС СР. ВОЛГИ,10745,11716
2026-08-30 10:00,2026-08-30,10,600000,ОЭС СР. ВОЛГИ,11043,11913
2026-08-30 11:00,2026-08-30,11,600000,ОЭС СР. ВОЛГИ,11443,11949
2026-08-30 12:00,2026-08-30,12,600000,ОЭС СР. ВОЛГИ,11600,11985
2026-08-30 13:00,2026-08-30,13,600000,ОЭС СР. ВОЛГИ,11989,12039
2026-08-30 14:00,2026-08-30,14,600000,ОЭС СР. ВОЛГИ,12202,11990
2026-08-30 15:00,2026-08-30,15,600000,ОЭС СР. ВОЛГИ,12031,12073
2026-08-30 16:00,2026-08-30,16,600000,ОЭС СР. ВОЛГИ,12419,12074
2026-08-30 17:00,2026-08-30,17,600000,ОЭС СР. ВОЛГИ,12893,12023
2026-08-30 18:00,2026-08-30,18,600000,ОЭС СР. ВОЛГИ,13280,12071
2026-08-30 19:00,2026-08-30,19,600000,ОЭС СР. ВОЛГИ,13376,12112
2026-08-30 20:00,2026-08-30,20,600000,ОЭС СР. ВОЛГИ,13309,12271
2026-08-30 21:00,2026-08-30,21,600000,ОЭС СР. ВОЛГИ,12641,12074
2026-08-30 22:00,2026-08-30,22,600000,ОЭС СР. ВОЛГИ,11200,11502
2026-08-30 23:00,2026-08-30,23,600000,ОЭС СР. ВОЛГИ,10418,10847
2026-08-31 00:00,2026-08-31,0,600000,ОЭС СР. ВОЛГИ,10645,10528
2026-08-31 01:00,2026-08-31,1,600000,ОЭС СР. ВОЛГИ,10043,10188
2026-08-31 02:00,2026-08-31,2,600000,ОЭС СР. ВОЛГИ,9899,10054
2026-08-31 03:00,2026-08-31,3,600000,ОЭС СР. ВОЛГИ,10398,10109
2026-08-31 04:00,2026-08-31,4,600000,ОЭС СР. ВОЛГИ,9831,10134
2026-08-31 05:00,2026-08-31,5,600000,ОЭС СР. ВОЛГИ,9822,10195
2026-08-31 06:00,2026-08-31,6,600000,ОЭС СР. ВОЛГИ,10342,10973
2026-08-31 07:00,2026-08-31,7,600000,ОЭС СР. ВОЛГИ,10919,11752
2026-08-31 08:00,2026-08-31,8,600000,ОЭС СР. ВОЛГИ,11537,12560
2026-08-31 09:00,2026-08-31,9,600000,ОЭС СР. ВОЛГИ,13531,13193
2026-08-31 10:00,2026-08-31,10,600000,ОЭС СР. ВОЛГИ,13690,13356
2026-08-31 11:00,2026-08-31,11,600000,ОЭС СР. ВОЛГИ,14157,13189
2026-08-31 12:00,2026-08-31,12,600000,ОЭС СР. ВОЛГИ,14531,13247
2026-08-31 13:00,2026-08-31,13,600000,ОЭС СР. ВОЛГИ,14320,13311
2026-08-31 14:00,2026-08-31,14,600000,ОЭС СР. ВОЛГИ,14459,13254
2026-08-31 15:00,2026-08-31,15,600000,ОЭС СР. ВОЛГИ,14696,13276
2026-08-31 16:00,2026-08-31,16,600000,ОЭС СР. ВОЛГИ,13992,12880
2026-08-31 17:00,2026-08-31,17,600000,ОЭС СР. ВОЛГИ,13969,12858
2026-08-31 18:00,2026-08-31,18,600000,ОЭС СР. ВОЛГИ,13644,12820
2026-08-31 19:00,2026-08-31,19,600000,ОЭС СР. ВОЛГИ,13924,12970
2026-08-31 20:00,2026-08-31,20,600000,ОЭС СР. ВОЛГИ,13751,12977
2026-08-31 21:00,2026-08-31,21,600000,ОЭС СР. ВОЛГИ,13373,12749
2026-08-31 22:00,2026-08-31,22,600000,ОЭС СР. ВОЛГИ,11434,12037
2026-08-31 23:00,2026-08-31,23,600000,ОЭС СР. ВОЛГИ,10614,11208
2026-09-01 00:00,2026-09-01,0,600000,ОЭС СР. ВОЛГИ,10257,10828
2026-09-01 01:00,2026-09-01,1,600000,ОЭС СР. ВОЛГИ,10654,10540
2026-09-01 02:00,2026-09-01,2,600000,ОЭС СР. ВОЛГИ,10429,10428
2026-09-01 03:00,2026-09-01,3,600000,ОЭС СР. ВОЛГИ,10641,10517
2026-09-01 04:00,2026-09-01,4,600000,ОЭС СР. ВОЛГИ,10363,10331
2026-09-01 05:00,2026-09-01,5,600000,ОЭС СР. ВОЛГИ,11083,10477
2026-09-01 06:00,2026-09-01,6,600000,ОЭС СР. ВОЛГИ,11379,11053
2026-09-01 07:00,2026-09-01,7,600000,ОЭС СР. ВОЛГИ,11817,12064
2026-09-01 08:00,2026-09-01,8,600000,ОЭС СР. ВОЛГИ,12339,12787
2026-09-01 09:00,2026-09-01,9,600000,ОЭС СР. ВОЛГИ,12671,13086
2026-09-01 10:00,2026-09-01,10,600000,ОЭС СР. ВОЛГИ,13133,13236
2026-09-01 11:00,2026-09-01,11,600000,ОЭС СР. ВОЛГИ,13275,13145
2026-09-01 12:00,2026-09-01,12,600000,ОЭС СР. ВОЛГИ,13047,13077
2026-09-01 13:00,2026-09-01,13,600000,ОЭС СР. ВОЛГИ,13497,13162
2026-09-01 14:00,2026-09-01,14,600000,ОЭС СР. ВОЛГИ,13398,13200
2026-09-01 15:00,2026-09-01,15,600000,ОЭС СР. ВОЛГИ,13302,13080
2026-09-01 16:00,2026-09-01,16,600000,ОЭС СР. ВОЛГИ,13777,12823
2026-09-01 17:00,2026-09-01,17,600000,ОЭС СР. ВОЛГИ,13147,12739
2026-09-01 18:00,2026-09-01,18,600000,ОЭС СР. ВОЛГИ,13077,12577
2026-09-01 19:00,2026-09-01,19,600000,ОЭС СР. ВОЛГИ,13262,12761
2026-09-01 20:00,2026-09-01,20,600000,ОЭС СР. ВОЛГИ,12942,12947
2026-09-01 21:00,2026-09-01,21,600000,ОЭС СР. ВОЛГИ,11831,12382
2026-09-01 22:00,2026-09-01,22,600000,ОЭС СР. ВОЛГИ,12227,11982
2026-09-01 23:00,2026-09-01,23,600000,ОЭС СР. ВОЛГИ,11722,11413
2026-09-02 00:00,2026-09-02,0,600000,ОЭС СР. ВОЛГИ,11320,10922
2026-09-02 01:00,2026-09-02,1,600000,ОЭС СР. ВОЛГИ,10606,10451
2026-09-02 02:00,2026-09-02,2,600000,ОЭС СР. ВОЛГИ,11213,10409
2026-09-02 03:00,2026-09-02,3,600000,ОЭС СР. ВОЛГИ,11104,10422
2026-09-02 04:00,2026-09-02,4,600000,ОЭС СР. ВОЛГИ,10713,10604
2026-09-02 05:00,2026-09-02,5,600000,ОЭС СР. ВОЛГИ,10885,10770
2026-09-02 06:00,2026-09-02,6,600000,ОЭС СР. ВОЛГИ,10463,11262
2026-09-02 07:00,2026-09-02,7,600000,ОЭС СР. ВОЛГИ,11673,12272
2026-09-02 08:00,2026-09-02,8,600000,ОЭС СР. ВОЛГИ,12056,13068
2026-09-02 09:00,2026-09-02,9,600000,ОЭС СР. ВОЛГИ,12629,13315
2026-09-02 10:00,2026-09-02,10,600000,ОЭС СР. ВОЛГИ,13372,13636
2026-09-02 11:00,2026-09-02,11,600000,ОЭС СР. ВОЛГИ,13387,13472
2026-09-02 12:00,2026-09-02,12,600000,ОЭС СР. ВОЛГИ,13085,13306
2026-09-02 13:00,2026-09-02,13,600000,ОЭС СР. ВОЛГИ,13407,13326
2026-09-02 14:00,2026-09-02,14,600000,ОЭС СР. ВОЛГИ,13613,13444
2026-09-02 15:00,2026-09-02,15,600000,ОЭС СР. ВОЛГИ,13995,13413
2026-09-02 16:00,2026-09-02,16,600000,ОЭС СР. ВОЛГИ,14026,13131
2026-09-02 17:00,2026-09-02,17,600000,ОЭС СР. ВОЛГИ,12930,12902
2026-09-02 18:00,2026-09-02,18,600000,ОЭС СР. ВОЛГИ,12938,12744
2026-09-02 19:00,2026-09-02,19,600000,ОЭС СР. ВОЛГИ,13576,12937
2026-09-02 20:00,2026-09-02,20,600000,ОЭС СР. ВОЛГИ,12463,12964
2026-09-02 21:00,2026-09-02,21,600000,ОЭС СР. ВОЛГИ,12326,12566
2026-09-02 22:00,2026-09-02,22,600000,ОЭС СР. ВОЛГИ,10721,11810
2026-09-02 23:00,2026-09-02,23,600000,ОЭС СР. ВОЛГИ,10429,11118
2026-09-03 00:00,2026-09-03,0,600000,ОЭС СР. ВОЛГИ,10422,10705
2026-09-03 01:00,2026-09-03,1,600000,ОЭС СР. ВОЛГИ,9968,10463
2026-09-03 02:00,2026-09-03,2,600000,ОЭС СР. ВОЛГИ,10501,10444
2026-09-03 03:00,2026-09-03,3,600000,ОЭС СР. ВОЛГИ,10573,10323
2026-09-03 04:00,2026-09-03,4,600000,ОЭС СР. ВОЛГИ,10737,10567
2026-09-03 05:00,2026-09-03,5,600000,ОЭС СР. ВОЛГИ,10455,10552
2026-09-03 06:00,2026-09-03,6,600000,ОЭС СР. ВОЛГИ,11015,11326
2026-09-03 07:00,2026-09-03,7,600000,ОЭС СР. ВОЛГИ,11658,12237
2026-09-03 08:00,2026-09-03,8,600000,ОЭС СР. ВОЛГИ,12030,12987
2026-09-03 09:00,2026-09-03,9,600000,ОЭС СР. ВОЛГИ,13225,13189
2026-09-03 10:00,2026-09-03,10,600000,ОЭС СР. ВОЛГИ,13181,13474
2026-09-03 11:00,2026-09-03,11,600000,ОЭС СР. ВОЛГИ,13508,13271
2026-09-03 12:00,2026-09-03,12,600000,ОЭС СР. ВОЛГИ,13136,13354
2026-09-03 13:00,2026-09-03,13,600000,ОЭС СР. ВОЛГИ,13813,13419
2026-09-03 14:00,2026-09-03,14,600000,ОЭС СР. ВОЛГИ,13496,13398
2026-09-03 15:00,2026-09-03,15,600000,ОЭС СР. ВОЛГИ,13641,13196
2026-09-03 16:00,2026-09-03,16,600000,ОЭС СР. ВОЛГИ,13760,13072
2026-09-03 17:00,2026-09-03,17,600000,ОЭС СР. ВОЛГИ,13491,12881
2026-09-03 18:00,2026-09-03,18,600000,ОЭС СР. ВОЛГИ,13375,12922
2026-09-03 19:00,2026-09-03,19,600000,ОЭС СР. ВОЛГИ,13588,12949
2026-09-03 20:00,2026-09-03,20,600000,ОЭС СР. ВОЛГИ,13224,12954
2026-09-03 21:00,2026-09-03,21,600000,ОЭС СР. ВОЛГИ,11942,12577
2026-09-03 22:00,2026-09-03,22,600000,ОЭС СР. ВОЛГИ,11916,12020
2026-09-03 23:00,2026-09-03,23,600000,ОЭС СР. ВОЛГИ,10910,11124
2026-09-04 00:00,2026-09-04,0,600000,ОЭС СР. ВОЛГИ,10932,10817
2026-09-04 01:00,2026-09-04,1,600000,ОЭС СР. ВОЛГИ,10202,10403
2026-09-04 02:00,2026-09-04,2,600000,ОЭС СР. ВОЛГИ,10400,10297
2026-09-04 03:00,2026-09-04,3,600000,ОЭС СР. ВОЛГИ,10520,10309
2026-09-04 04:00,2026-09-04,4,600000,ОЭС СР. ВОЛГИ,10255,10556
2026-09-04 05:00,2026-09-04,5,600000,ОЭС СР. ВОЛГИ,10449,10627
2026-09-04 06:00,2026-09-04,6,600000,ОЭС СР. ВОЛГИ,10345,11147
2026-09-04 07:00,2026-09-04,7,600000,ОЭС СР. ВОЛГИ,10901,12255
2026-09-04 08:00,2026-09-04,8,600000,ОЭС СР. ВОЛГИ,11761,12863
2026-09-04 09:00,2026-09-04,9,600000,ОЭС СР. ВОЛГИ,13308,13370
2026-09-04 10:00,2026-09-04,10,600000,ОЭС СР. ВОЛГИ,13415,13458
2026-09-04 11:00,2026-09-04,11,600000,ОЭС СР. ВОЛГИ,13306,13211
2026-09-04 12:00,2026-09-04,12,600000,ОЭС СР. ВОЛГИ,13431,13085
2026-09-04 13:00,2026-09-04,13,600000,ОЭС СР. ВОЛГИ,14003,13394
2026-09-04 14:00,2026-09-04,14,600000,ОЭС СР. ВОЛГИ,13622,13310
2026-09-04 15:00,2026-09-04,15,600000,ОЭС СР. ВОЛГИ,13333,13198
2026-09-04 16:00,2026-09-04,16,600000,ОЭС СР. ВОЛГИ,13523,12956
2026-09-04 17:00,2026-09-04,17,600000,ОЭС СР. ВОЛГИ,13072,12851
2026-09-04 18:00,2026-09-04,18,600000,ОЭС СР. ВОЛГИ,13038,12722
2026-09-04 19:00,2026-09-04,19,600000,ОЭС СР. ВОЛГИ,13201,12787
2026-09-04 20:00,2026-09-04,20,600000,ОЭС СР. ВОЛГИ,13053,12802
2026-09-04 21:00,2026-09-04,21,600000,ОЭС СР. ВОЛГИ,12778,12536
2026-09-04 22:00,2026-09-04,22,600000,ОЭС СР. ВОЛГИ,11418,11929
2026-09-04 23:00,2026-09-04,23,600000,ОЭС СР. ВОЛГИ,11441,11378
2026-09-05 00:00,2026-09-05,0,600000,ОЭС СР. ВОЛГИ,10884,10896
2026-09-05 01:00,2026-09-05,1,600000,ОЭС СР. ВОЛГИ,10167,10551
2026-09-05 02:00,2026-09-05,2,600000,ОЭС СР. ВОЛГИ,9876,10329
2026-09-05 03:00,2026-09-05,3,600000,ОЭС СР. ВОЛГИ,9609,10173
2026-09-05 04:00,2026-09-05,4,600000,ОЭС СР. ВОЛГИ,9621,10140
2026-09-05 05:00,2026-09-05,5,600000,ОЭС СР. ВОЛГИ,9993,10394
2026-09-05 06:00,2026-09-05,6,600000,ОЭС СР. ВОЛГИ,10698,10495
2026-09-05 07:00,2026-09-05,7,600000,ОЭС СР. ВОЛГИ,10799,11139
2026-09-05 08:00,2026-09-05,8,600000,ОЭС СР. ВОЛГИ,11008,11748
2026-09-05 09:00,2026-09-05,9,600000,ОЭС СР. ВОЛГИ,12048,12339
2026-09-05 10:00,2026-09-05,10,600000,ОЭС СР. ВОЛГИ,12341,12642
2026-09-05 11:00,2026-09-05,11,600000,ОЭС СР. ВОЛГИ,12933,12668
2026-09-05 12:00,2026-09-05,12,600000,ОЭС СР. ВОЛГИ,12477,12655
2026-09-05 13:00,2026-09-05,13,600000,ОЭС СР. ВОЛГИ,12399,12591
2026-09-05 14:00,2026-09-05,14,600000,ОЭС СР. ВОЛГИ,12833,12618
2026-09-05 15:00,2026-09-05,15,600000,ОЭС СР. ВОЛГИ,12468,12482
2026-09-05 16:00,2026-09-05,16,600000,ОЭС СР. ВОЛГИ,12645,12531
2026-09-05 17:00,2026-09-05,17,600000,ОЭС СР. ВОЛГИ,12924,12341
2026-09-05 18:00,2026-09-05,18,600000,ОЭС СР. ВОЛГИ,13113,12406
2026-09-05 19:00,2026-09-05,19,600000,ОЭС СР. ВОЛГИ,12893,12554
2026-09-05 20:00,2026-09-05,20,600000,ОЭС СР. ВОЛГИ,12681,12533
2026-09-05 21:00,2026-09-05,21,600000,ОЭС СР. ВОЛГИ,11040,11944
2026-09-05 22:00,2026-09-05,22,600000,ОЭС СР. ВОЛГИ,10691,11474
2026-09-05 23:00,2026-09-05,23,600000,ОЭС СР. ВОЛГИ,10891,11021
2026-09-06 00:00,2026-09-06,0,600000,ОЭС СР. ВОЛГИ,11235,10673
2026-09-06 01:00,2026-09-06,1,600000,ОЭС СР. ВОЛГИ,10404,10353
2026-09-06 02:00,2026-09-06,2,600000,ОЭС СР. ВОЛГИ,10076,10024
2026-09-06 03:00,2026-09-06,3,600000,ОЭС СР. ВОЛГИ,9880,10055
2026-09-06 04:00,2026-09-06,4,600000,ОЭС СР. ВОЛГИ,10225,10190
2026-09-06 05:00,2026-09-06,5,600000,ОЭС СР. ВОЛГИ,9794,10152
2026-09-06 06:00,2026-09-06,6,600000,ОЭС СР. ВОЛГИ,9852,10097
2026-09-06 07:00,2026-09-06,7,600000,ОЭС СР. ВОЛГИ,10678,10561
2026-09-06 08:00,2026-09-06,8,600000,ОЭС СР. ВОЛГИ,11136,11126
2026-09-06 09:00,2026-09-06,9,600000,ОЭС СР. ВОЛГИ,11670,11801
2026-09-06 10:00,2026-09-06,10,600000,ОЭС СР. ВОЛГИ,11598,12009
2026-09-06 11:00,2026-09-06,11,600000,ОЭС СР. ВОЛГИ,11586,12157
2026-09-06 12:00,2026-09-06,12,600000,ОЭС СР. ВОЛГИ,11521,12133
2026-09-06 13:00,2026-09-06,13,600000,ОЭС СР. ВОЛГИ,12089,12122
2026-09-06 14:00,2026-09-06,14,600000,ОЭС СР. ВОЛГИ,12434,12069
2026-09-06 15:00,2026-09-06,15,600000,ОЭС СР. ВОЛГИ,12458,12266
2026-09-06 16:00,2026-09-06,16,600000,ОЭС СР. ВОЛГИ,12652,12278
2026-09-06 17:00,2026-09-06,17,600000,ОЭС СР. ВОЛГИ,12829,12319
2026-09-06 18:00,2026-09-06,18,600000,ОЭС СР. ВОЛГИ,12681,12365
2026-09-06 19:00,2026-09-06,19,600000,ОЭС СР. ВОЛГИ,12626,12488
2026-09-06 20:00,2026-09-06,20,600000,ОЭС СР. ВОЛГИ,12453,12548
2026-09-06 21:00,2026-09-06,21,600000,ОЭС СР. ВОЛГИ,11608,12228
2026-09-06 22:00,2026-09-06,22,600000,ОЭС СР. ВОЛГИ,10707,11431
2026-09-06 23:00,2026-09-06,23,600000,ОЭС СР. ВОЛГИ,10465,10849
2026-09-07 00:00,2026-09-07,0,600000,ОЭС СР. ВОЛГИ,10956,10415
2026-09-07 01:00,2026-09-07,1,600000,ОЭС СР. ВОЛГИ,9984,10254
2026-09-07 02:00,2026-09-07,2,600000,ОЭС СР. ВОЛГИ,9880,10219
2026-09-07 03:00,2026-09-07,3,600000,ОЭС СР. ВОЛГИ,9986,10086
2026-09-07 04:00,2026-09-07,4,600000,ОЭС СР. ВОЛГИ,10533,10333
2026-09-07 05:00,2026-09-07,5,600000,ОЭС СР. ВОЛГИ,10909,10443
2026-09-07 06:00,2026-09-07,6,600000,ОЭС СР. ВОЛГИ,10440,10988
2026-09-07 07:00,2026-09-07,7,600000,ОЭС СР. ВОЛГИ,11358,12145
2026-09-07 08:00,2026-09-07,8,600000,ОЭС СР. ВОЛГИ,12102,13111
2026-09-07 09:00,2026-09-07,9,600000,ОЭС СР. ВОЛГИ,13377,13539
2026-09-07 10:00,2026-09-07,10,600000,ОЭС СР. ВОЛГИ,13321,13371
2026-09-07 11:00,2026-09-07,11,600000,ОЭС СР. ВОЛГИ,12788,13467
2026-09-07 12:00,2026-09-07,12,600000,ОЭС СР. ВОЛГИ,12844,13427
2026-09-07 13:00,2026-09-07,13,600000,ОЭС СР. ВОЛГИ,12974,13428
2026-09-07 14:00,2026-09-07,14,600000,ОЭС СР. ВОЛГИ,13345,13388
2026-09-07 15:00,2026-09-07,15,600000,ОЭС СР. ВОЛГИ,12873,13092
2026-09-07 16:00,2026-09-07,16,600000,ОЭС СР. ВОЛГИ,12892,13071
2026-09-07 17:00,2026-09-07,17,600000,ОЭС СР. ВОЛГИ,12604,12965
2026-09-07 18:00,2026-09-07,18,600000,ОЭС СР. ВОЛГИ,12378,12822
2026-09-07 19:00,2026-09-07,19,600000,ОЭС СР. ВОЛГИ,12445,13019
2026-09-07 20:00,2026-09-07,20,600000,ОЭС СР. ВОЛГИ,12525,12926
2026-09-07 21:00,2026-09-07,21,600000,ОЭС СР. ВОЛГИ,11441,12544
2026-09-07 22:00,2026-09-07,22,600000,ОЭС СР. ВОЛГИ,10448,11939
2026-09-07 23:00,2026-09-07,23,600000,ОЭС СР. ВОЛГИ,9827,11114
2026-09-08 00:00,2026-09-08,0,600000,ОЭС СР. ВОЛГИ,10560,10950
2026-09-08 01:00,2026-09-08,1,600000,ОЭС СР. ВОЛГИ,10408,10623
2026-09-08 02:00,2026-09-08,2,600000,ОЭС СР. ВОЛГИ,9937,10482
2026-09-08 03:00,2026-09-08,3,600000,ОЭС СР. ВОЛГИ,9875,10360
2026-09-08 04:00,2026-09-08,4,600000,ОЭС СР. ВОЛГИ,10068,10516
2026-09-08 05:00,2026-09-08,5,600000,ОЭС СР. ВОЛГИ,10620,10820
2026-09-08 06:00,2026-09-08,6,600000,ОЭС СР. ВОЛГИ,10672,11205
2026-09-08 07:00,2026-09-08,7,600000,ОЭС СР. ВОЛГИ,10672,12271
2026-09-08 08:00,2026-09-08,8,600000,ОЭС СР. ВОЛГИ,11794,13167
2026-09-08 09:00,2026-09-08,9,600000,ОЭС СР. ВОЛГИ,12745,13547
2026-09-08 10:00,2026-09-08,10,600000,ОЭС СР. ВОЛГИ,13003,13485
2026-09-08 11:00,2026-09-08,11,600000,ОЭС СР. ВОЛГИ,12812,13425
2026-09-08 12:00,2026-09-08,12,600000,ОЭС СР. ВОЛГИ,12842,13332
2026-09-08 13:00,2026-09-08,13,600000,ОЭС СР. ВОЛГИ,13142,13513
2026-09-08 14:00,2026-09-08,14,600000,ОЭС СР. ВОЛГИ,13649,13561
2026-09-08 15:00,2026-09-08,15,600000,ОЭС СР. ВОЛГИ,13218,13284
2026-09-08 16:00,2026-09-08,16,600000,ОЭС СР. ВОЛГИ,13656,13235
2026-09-08 17:00,2026-09-08,17,600000,ОЭС СР. ВОЛГИ,12810,13200
2026-09-08 18:00,2026-09-08,18,600000,ОЭС СР. ВОЛГИ,13066,13176
2026-09-08 19:00,2026-09-08,19,600000,ОЭС СР. ВОЛГИ,12909,13101
2026-09-08 20:00,2026-09-08,20,600000,ОЭС СР. ВОЛГИ,13105,13054
2026-09-08 21:00,2026-09-08,21,600000,ОЭС СР. ВОЛГИ,12220,12575
2026-09-08 22:00,2026-09-08,22,600000,ОЭС СР. ВОЛГИ,11386,12100
2026-09-08 23:00,2026-09-08,23,600000,ОЭС СР. ВОЛГИ,10790,11422
2026-09-09 00:00,2026-09-09,0,600000,ОЭС СР. ВОЛГИ,10602,10735
2026-09-09 01:00,2026-09-09,1,600000,ОЭС СР. ВОЛГИ,10090,10562
2026-09-09 02:00,2026-09-09,2,600000,ОЭС СР. ВОЛГИ,10064,10563
2026-09-09 03:00,2026-09-09,3,600000,ОЭС СР. ВОЛГИ,10423,10558
2026-09-09 04:00,2026-09-09,4,600000,ОЭС СР. ВОЛГИ,10911,10576
2026-09-09 05:00,2026-09-09,5,600000,ОЭС СР. ВОЛГИ,10375,10689
2026-09-09 06:00,2026-09-09,6,600000,ОЭС СР. ВОЛГИ,11233,11409
2026-09-09 07:00,2026-09-09,7,600000,ОЭС СР. ВОЛГИ,11470,12437
2026-09-09 08:00,2026-09-09,8,600000,ОЭС СР. ВОЛГИ,12944,13239
2026-09-09 09:00,2026-09-09,9,600000,ОЭС СР. ВОЛГИ,13678,13554
2026-09-09 10:00,2026-09-09,10,600000,ОЭС СР. ВОЛГИ,14457,13752
2026-09-09 11:00,2026-09-09,11,600000,ОЭС СР. ВОЛГИ,13986,13534
2026-09-09 12:00,2026-09-09,12,600000,ОЭС СР. ВОЛГИ,13563,13453
2026-09-09 13:00,2026-09-09,13,600000,ОЭС СР. ВОЛГИ,13399,13384
2026-09-09 14:00,2026-09-09,14,600000,ОЭС СР. ВОЛГИ,13691,13489
2026-09-09 15:00,2026-09-09,15,600000,ОЭС СР. ВОЛГИ,12871,13347
2026-09-09 16:00,2026-09-09,16,600000,ОЭС СР. ВОЛГИ,12967,13228
2026-09-09 17:00,2026-09-09,17,600000,ОЭС СР. ВОЛГИ,12844,13039
2026-09-09 18:00,2026-09-09,18,600000,ОЭС СР. ВОЛГИ,12733,12939
2026-09-09 19:00,2026-09-09,19,600000,ОЭС СР. ВОЛГИ,12588,13009
2026-09-09 20:00,2026-09-09,20,600000,ОЭС СР. ВОЛГИ,12667,12933
2026-09-09 21:00,2026-09-09,21,600000,ОЭС СР. ВОЛГИ,12314,12645
2026-09-09 22:00,2026-09-09,22,600000,ОЭС СР. ВОЛГИ,11227,12155
2026-09-09 23:00,2026-09-09,23,600000,ОЭС СР. ВОЛГИ,11223,11320
2026-09-10 00:00,2026-09-10,0,600000,ОЭС СР. ВОЛГИ,10846,11055
2026-09-10 01:00,2026-09-10,1,600000,ОЭС СР. ВОЛГИ,10609,10595
2026-09-10 02:00,2026-09-10,2,600000,ОЭС СР. ВОЛГИ,9783,10555
2026-09-10 03:00,2026-09-10,3,600000,ОЭС СР. ВОЛГИ,10271,10530
2026-09-10 04:00,2026-09-10,4,600000,ОЭС СР. ВОЛГИ,10510,10568
2026-09-10 05:00,2026-09-10,5,600000,ОЭС СР. ВОЛГИ,10601,10796
2026-09-10 06:00,2026-09-10,6,600000,ОЭС СР. ВОЛГИ,10429,11549
2026-09-10 07:00,2026-09-10,7,600000,ОЭС СР. ВОЛГИ,10913,12079
2026-09-10 08:00,2026-09-10,8,600000,ОЭС СР. ВОЛГИ,11655,12920
2026-09-10 09:00,2026-09-10,9,600000,ОЭС СР. ВОЛГИ,12983,13619
2026-09-10 10:00,2026-09-10,10,600000,ОЭС СР. ВОЛГИ,13917,13506
2026-09-10 11:00,2026-09-10,11,600000,ОЭС СР. ВОЛГИ,13684,13563
2026-09-10 12:00,2026-09-10,12,600000,ОЭС СР. ВОЛГИ,13370,13162
2026-09-10 13:00,2026-09-10,13,600000,ОЭС СР. ВОЛГИ,13963,13301
2026-09-10 14:00,2026-09-10,14,600000,ОЭС СР. ВОЛГИ,13713,13443
2026-09-10 15:00,2026-09-10,15,600000,ОЭС СР. ВОЛГИ,13701,13195
2026-09-10 16:00,2026-09-10,16,600000,ОЭС СР. ВОЛГИ,13341,13134
2026-09-10 17:00,2026-09-10,17,600000,ОЭС СР. ВОЛГИ,13027,12865
2026-09-10 18:00,2026-09-10,18,600000,ОЭС СР. ВОЛГИ,12553,12975
2026-09-10 19:00,2026-09-10,19,600000,ОЭС СР. ВОЛГИ,12887,13115
2026-09-10 20:00,2026-09-10,20,600000,ОЭС СР. ВОЛГИ,12672,13034
2026-09-10 21:00,2026-09-10,21,600000,ОЭС СР. ВОЛГИ,12825,12783
2026-09-10 22:00,2026-09-10,22,600000,ОЭС СР. ВОЛГИ,11502,11978
2026-09-10 23:00,2026-09-10,23,600000,ОЭС СР. ВОЛГИ,10878,11397
2026-09-11 00:00,2026-09-11,0,600000,ОЭС СР. ВОЛГИ,10373,10848
2026-09-11 01:00,2026-09-11,1,600000,ОЭС СР. ВОЛГИ,10793,10772
2026-09-11 02:00,2026-09-11,2,600000,ОЭС СР. ВОЛГИ,10101,10482
2026-09-11 03:00,2026-09-11,3,600000,ОЭС СР. ВОЛГИ,9676,10389
2026-09-11 04:00,2026-09-11,4,600000,ОЭС СР. ВОЛГИ,10093,10496
2026-09-11 05:00,2026-09-11,5,600000,ОЭС СР. ВОЛГИ,10259,10936
2026-09-11 06:00,2026-09-11,6,600000,ОЭС СР. ВОЛГИ,10657,11362
2026-09-11 07:00,2026-09-11,7,600000,ОЭС СР. ВОЛГИ,11260,12304
2026-09-11 08:00,2026-09-11,8,600000,ОЭС СР. ВОЛГИ,11929,13104
2026-09-11 09:00,2026-09-11,9,600000,ОЭС СР. ВОЛГИ,12716,13485
2026-09-11 10:00,2026-09-11,10,600000,ОЭС СР. ВОЛГИ,13045,13368
2026-09-11 11:00,2026-09-11,11,600000,ОЭС СР. ВОЛГИ,13100,13245
2026-09-11 12:00,2026-09-11,12,600000,ОЭС СР. ВОЛГИ,13339,13410
2026-09-11 13:00,2026-09-11,13,600000,ОЭС СР. ВОЛГИ,13332,13285
2026-09-11 14:00,2026-09-11,14,600000,ОЭС СР. ВОЛГИ,13300,13063
2026-09-11 15:00,2026-09-11,15,600000,ОЭС СР. ВОЛГИ,13134,13132
2026-09-11 16:00,2026-09-11,16,600000,ОЭС СР. ВОЛГИ,12742,12953
2026-09-11 17:00,2026-09-11,17,600000,ОЭС СР. ВОЛГИ,12464,12812
2026-09-11 18:00,2026-09-11,18,600000,ОЭС СР. ВОЛГИ,12800,12821
2026-09-11 19:00,2026-09-11,19,600000,ОЭС СР. ВОЛГИ,13059,12933
2026-09-11 20:00,2026-09-11,20,600000,ОЭС СР. ВОЛГИ,12414,12918
2026-09-11 21:00,2026-09-11,21,600000,ОЭС СР. ВОЛГИ,12013,12601
2026-09-11 22:00,2026-09-11,22,600000,ОЭС СР. ВОЛГИ,11045,12066
2026-09-11 23:00,2026-09-11,23,600000,ОЭС СР. ВОЛГИ,11035,11410
2026-09-12 00:00,2026-09-12,0,600000,ОЭС СР. ВОЛГИ,10887,10878
2026-09-12 01:00,2026-09-12,1,600000,ОЭС СР. ВОЛГИ,10595,10649
2026-09-12 02:00,2026-09-12,2,600000,ОЭС СР. ВОЛГИ,10025,10530
2026-09-12 03:00,2026-09-12,3,600000,ОЭС СР. ВОЛГИ,10025,10403
2026-09-12 04:00,2026-09-12,4,600000,ОЭС СР. ВОЛГИ,9920,10460
2026-09-12 05:00,2026-09-12,5,600000,ОЭС СР. ВОЛГИ,9841,10377
2026-09-12 06:00,2026-09-12,6,600000,ОЭС СР. ВОЛГИ,9737,10536
2026-09-12 07:00,2026-09-12,7,600000,ОЭС СР. ВОЛГИ,10739,11228
2026-09-12 08:00,2026-09-12,8,600000,ОЭС СР. ВОЛГИ,11032,11834
2026-09-12 09:00,2026-09-12,9,600000,ОЭС СР. ВОЛГИ,11723,12488
2026-09-12 10:00,2026-09-12,10,600000,ОЭС СР. ВОЛГИ,11873,12482
2026-09-12 11:00,2026-09-12,11,600000,ОЭС СР. ВОЛГИ,11794,12735
2026-09-12 12:00,2026-09-12,12,600000,ОЭС СР. ВОЛГИ,12042,12617
2026-09-12 13:00,2026-09-12,13,600000,ОЭС СР. ВОЛГИ,11992,12533
2026-09-12 14:00,2026-09-12,14,600000,ОЭС СР. ВОЛГИ,11604,12466
2026-09-12 15:00,2026-09-12,15,600000,ОЭС СР. ВОЛГИ,11611,12301
2026-09-12 16:00,2026-09-12,16,600000,ОЭС СР. ВОЛГИ,11756,12129
2026-09-12 17:00,2026-09-12,17,600000,ОЭС СР. ВОЛГИ,11817,12241
2026-09-12 18:00,2026-09-12,18,600000,ОЭС СР. ВОЛГИ,11884,12407
2026-09-12 19:00,2026-09-12,19,600000,ОЭС СР. ВОЛГИ,11890,12614
2026-09-12 20:00,2026-09-12,20,600000,ОЭС СР. ВОЛГИ,12050,12462
2026-09-12 21:00,2026-09-12,21,600000,ОЭС СР. ВОЛГИ,11890,12111
2026-09-12 22:00,2026-09-12,22,600000,ОЭС СР. ВОЛГИ,11722,11650
2026-09-12 23:00,2026-09-12,23,600000,ОЭС СР. ВОЛГИ,11924,11130
2026-09-13 00:00,2026-09-13,0,600000,ОЭС СР. ВОЛГИ,11523,10584
2026-09-13 01:00,2026-09-13,1,600000,ОЭС СР. ВОЛГИ,10670,10338
2026-09-13 02:00,2026-09-13,2,600000,ОЭС СР. ВОЛГИ,10746,10366
2026-09-13 03:00,2026-09-13,3,600000,ОЭС СР. ВОЛГИ,10607,10253
2026-09-13 04:00,2026-09-13,4,600000,ОЭС СР. ВОЛГИ,10605,10252
2026-09-13 05:00,2026-09-13,5,600000,ОЭС СР. ВОЛГИ,10080,10185
2026-09-13 06:00,2026-09-13,6,600000,ОЭС СР. ВОЛГИ,10061,10182
2026-09-13 07:00,2026-09-13,7,600000,ОЭС СР. ВОЛГИ,10680,10488
2026-09-13 08:00,2026-09-13,8,600000,ОЭС СР. ВОЛГИ,10924,11187
2026-09-13 09:00,2026-09-13,9,600000,ОЭС СР. ВОЛГИ,11187,11723
2026-09-13 10:00,2026-09-13,10,600000,ОЭС СР. ВОЛГИ,11424,11820
2026-09-13 11:00,2026-09-13,11,600000,ОЭС СР. ВОЛГИ,11705,11916
2026-09-13 12:00,2026-09-13,12,600000,ОЭС СР. ВОЛГИ,11551,11923
2026-09-13 13:00,2026-09-13,13,600000,ОЭС СР. ВОЛГИ,11491,11964
2026-09-13 14:00,2026-09-13,14,600000,ОЭС СР. ВОЛГИ,11284,11839
2026-09-13 15:00,2026-09-13,15,600000,ОЭС СР. ВОЛГИ,11308,11761
2026-09-13 16:00,2026-09-13,16,600000,ОЭС СР. ВОЛГИ,11266,11835
2026-09-13 17:00,2026-09-13,17,600000,ОЭС СР. ВОЛГИ,11506,11970
2026-09-13 18:00,2026-09-13,18,600000,ОЭС СР. ВОЛГИ,12254,12170
2026-09-13 19:00,2026-09-13,19,600000,ОЭС СР. ВОЛГИ,12493,12379
2026-09-13 20:00,2026-09-13,20,600000,ОЭС СР. ВОЛГИ,12187,12375
2026-09-13 21:00,2026-09-13,21,600000,ОЭС СР. ВОЛГИ,11781,12118
2026-09-13 22:00,2026-09-13,22,600000,ОЭС СР. ВОЛГИ,11007,11528
2026-09-13 23:00,2026-09-13,23,600000,ОЭС СР. ВОЛГИ,10982,10919
2026-09-14 00:00,2026-09-14,0,600000,ОЭС СР. ВОЛГИ,10396,10535
2026-09-14 01:00,2026-09-14,1,600000,ОЭС СР. ВОЛГИ,10364,10103
2026-09-14 02:00,2026-09-14,2,600000,ОЭС СР. ВОЛГИ,10122,10080
2026-09-14 03:00,2026-09-14,3,600000,ОЭС СР. ВОЛГИ,10464,10272
2026-09-14 04:00,2026-09-14,4,600000,ОЭС СР. ВОЛГИ,10747,10159
2026-09-14 05:00,2026-09-14,5,600000,ОЭС СР. ВОЛГИ,10784,10519
2026-09-14 06:00,2026-09-14,6,600000,ОЭС СР. ВОЛГИ,10825,11266
2026-09-14 07:00,2026-09-14,7,600000,ОЭС СР. ВОЛГИ,11721,12036
2026-09-14 08:00,2026-09-14,8,600000,ОЭС СР. ВОЛГИ,11697,12666
2026-09-14 09:00,2026-09-14,9,600000,ОЭС СР. ВОЛГИ,12941,13176
2026-09-14 10:00,2026-09-14,10,600000,ОЭС СР. ВОЛГИ,12903,13103
2026-09-14 11:00,2026-09-14,11,600000,ОЭС СР. ВОЛГИ,12944,13119
2026-09-14 12:00,2026-09-14,12,600000,ОЭС СР. ВОЛГИ,12805,13082
2026-09-14 13:00,2026-09-14,13,600000,ОЭС СР. ВОЛГИ,12979,13023
2026-09-14 14:00,2026-09-14,14,600000,ОЭС СР. ВОЛГИ,13012,12865
2026-09-14 15:00,2026-09-14,15,600000,ОЭС СР. ВОЛГИ,13155,12876
2026-09-14 16:00,2026-09-14,16,600000,ОЭС СР. ВОЛГИ,13064,12783
2026-09-14 17:00,2026-09-14,17,600000,ОЭС СР. ВОЛГИ,12775,12491
2026-09-14 18:00,2026-09-14,18,600000,ОЭС СР. ВОЛГИ,12936,12751
2026-09-14 19:00,2026-09-14,19,600000,ОЭС СР. ВОЛГИ,13278,13190
2026-09-14 20:00,2026-09-14,20,600000,ОЭС СР. ВОЛГИ,12506,12823
2026-09-14 21:00,2026-09-14,21,600000,ОЭС СР. ВОЛГИ,12477,12431
2026-09-14 22:00,2026-09-14,22,600000,ОЭС СР. ВОЛГИ,10757,11866
2026-09-14 23:00,2026-09-14,23,600000,ОЭС СР. ВОЛГИ,11775,11381
2026-09-15 00:00,2026-09-15,0,600000,ОЭС СР. ВОЛГИ,11039,10893
2026-09-15 01:00,2026-09-15,1,600000,ОЭС СР. ВОЛГИ,10508,10509
2026-09-15 02:00,2026-09-15,2,600000,ОЭС СР. ВОЛГИ,9936,10576
2026-09-15 03:00,2026-09-15,3,600000,ОЭС СР. ВОЛГИ,9804,10408
2026-09-15 04:00,2026-09-15,4,600000,ОЭС СР. ВОЛГИ,10600,10473
2026-09-15 05:00,2026-09-15,5,600000,ОЭС СР. ВОЛГИ,10420,10604
2026-09-15 06:00,2026-09-15,6,600000,ОЭС СР. ВОЛГИ,10809,11175
2026-09-15 07:00,2026-09-15,7,600000,ОЭС СР. ВОЛГИ,11957,12112
2026-09-15 08:00,2026-09-15,8,600000,ОЭС СР. ВОЛГИ,12878,12884
2026-09-15 09:00,2026-09-15,9,600000,ОЭС СР. ВОЛГИ,13232,13300
2026-09-15 10:00,2026-09-15,10,600000,ОЭС СР. ВОЛГИ,13606,13439
2026-09-15 11:00,2026-09-15,11,600000,ОЭС СР. ВОЛГИ,13515,13148
2026-09-15 12:00,2026-09-15,12,600000,ОЭС СР. ВОЛГИ,13404,13075
2026-09-15 13:00,2026-09-15,13,600000,ОЭС СР. ВОЛГИ,14093,13183
2026-09-15 14:00,2026-09-15,14,600000,ОЭС СР. ВОЛГИ,14030,13273
2026-09-15 15:00,2026-09-15,15,600000,ОЭС СР. ВОЛГИ,13619,13133
2026-09-15 16:00,2026-09-15,16,600000,ОЭС СР. ВОЛГИ,13588,12957
2026-09-15 17:00,2026-09-15,17,600000,ОЭС СР. ВОЛГИ,13363,12760
2026-09-15 18:00,2026-09-15,18,600000,ОЭС СР. ВОЛГИ,13522,12765
2026-09-15 19:00,2026-09-15,19,600000,ОЭС СР. ВОЛГИ,13510,13109
2026-09-15 20:00,2026-09-15,20,600000,ОЭС СР. ВОЛГИ,13287,12831
2026-09-15 21:00,2026-09-15,21,600000,ОЭС СР. ВОЛГИ,12346,12532
2026-09-15 22:00,2026-09-15,22,600000,ОЭС СР. ВОЛГИ,12101,11996
2026-09-15 23:00,2026-09-15,23,600000,ОЭС СР. ВОЛГИ,11906,11462
2026-09-16 00:00,2026-09-16,0,600000,ОЭС СР. ВОЛГИ,11252,10873
2026-09-16 01:00,2026-09-16,1,600000,ОЭС СР. ВОЛГИ,10472,10529
2026-09-16 02:00,2026-09-16,2,600000,ОЭС СР. ВОЛГИ,10200,10594
2026-09-16 03:00,2026-09-16,3,600000,ОЭС СР. ВОЛГИ,10219,10525
2026-09-16 04:00,2026-09-16,4,600000,ОЭС СР. ВОЛГИ,10266,10529
2026-09-16 05:00,2026-09-16,5,600000,ОЭС СР. ВОЛГИ,10798,10790
2026-09-16 06:00,2026-09-16,6,600000,ОЭС СР. ВОЛГИ,11642,11385
2026-09-16 07:00,2026-09-16,7,600000,ОЭС СР. ВОЛГИ,11717,12371
2026-09-16 08:00,2026-09-16,8,600000,ОЭС СР. ВОЛГИ,12223,13092
2026-09-16 09:00,2026-09-16,9,600000,ОЭС СР. ВОЛГИ,12947,13532
2026-09-16 10:00,2026-09-16,10,600000,ОЭС СР. ВОЛГИ,12932,13584
2026-09-16 11:00,2026-09-16,11,600000,ОЭС СР. ВОЛГИ,13011,13377
2026-09-16 12:00,2026-09-16,12,600000,ОЭС СР. ВОЛГИ,13072,13357
2026-09-16 13:00,2026-09-16,13,600000,ОЭС СР. ВОЛГИ,13311,13455
2026-09-16 14:00,2026-09-16,14,600000,ОЭС СР. ВОЛГИ,13169,13398
2026-09-16 15:00,2026-09-16,15,600000,ОЭС СР. ВОЛГИ,12985,13347
2026-09-16 16:00,2026-09-16,16,600000,ОЭС СР. ВОЛГИ,13115,13162
2026-09-16 17:00,2026-09-16,17,600000,ОЭС СР. ВОЛГИ,12988,13018
2026-09-16 18:00,2026-09-16,18,600000,ОЭС СР. ВОЛГИ,12714,12888
2026-09-16 19:00,2026-09-16,19,600000,ОЭС СР. ВОЛГИ,13143,13076
2026-09-16 20:00,2026-09-16,20,600000,ОЭС СР. ВОЛГИ,13104,12924
2026-09-16 21:00,2026-09-16,21,600000,ОЭС СР. ВОЛГИ,12790,12535
2026-09-16 22:00,2026-09-16,22,600000,ОЭС СР. ВОЛГИ,12081,12075
2026-09-16 23:00,2026-09-16,23,600000,ОЭС СР. ВОЛГИ,11023,11263
2026-09-17 00:00,2026-09-17,0,600000,ОЭС СР. ВОЛГИ,11280,10885
2026-09-17 01:00,2026-09-17,1,600000,ОЭС СР. ВОЛГИ,10945,10588
2026-09-17 02:00,2026-09-17,2,600000,ОЭС СР. ВОЛГИ,10338,10470
2026-09-17 03:00,2026-09-17,3,600000,ОЭС СР. ВОЛГИ,10694,10361
2026-09-17 04:00,2026-09-17,4,600000,ОЭС СР. ВОЛГИ,10514,10617
2026-09-17 05:00,2026-09-17,5,600000,ОЭС СР. ВОЛГИ,10595,10902
2026-09-17 06:00,2026-09-17,6,600000,ОЭС СР. ВОЛГИ,11152,11421
2026-09-17 07:00,2026-09-17,7,600000,ОЭС СР. ВОЛГИ,11269,12354
2026-09-17 08:00,2026-09-17,8,600000,ОЭС СР. ВОЛГИ,12479,13159
2026-09-17 09:00,2026-09-17,9,600000,ОЭС СР. ВОЛГИ,12942,13325
2026-09-17 10:00,2026-09-17,10,600000,ОЭС СР. ВОЛГИ,13219,13545
2026-09-17 11:00,2026-09-17,11,600000,ОЭС СР. ВОЛГИ,13358,13217
2026-09-17 12:00,2026-09-17,12,600000,ОЭС СР. ВОЛГИ,13009,13065
2026-09-17 13:00,2026-09-17,13,600000,ОЭС СР. ВОЛГИ,13037,13319
2026-09-17 14:00,2026-09-17,14,600000,ОЭС СР. ВОЛГИ,12957,13176
2026-09-17 15:00,2026-09-17,15,600000,ОЭС СР. ВОЛГИ,12219,12885
2026-09-17 16:00,2026-09-17,16,600000,ОЭС СР. ВОЛГИ,12376,12692
2026-09-17 17:00,2026-09-17,17,600000,ОЭС СР. ВОЛГИ,12208,12546
2026-09-17 18:00,2026-09-17,18,600000,ОЭС СР. ВОЛГИ,12618,12801
2026-09-17 19:00,2026-09-17,19,600000,ОЭС СР. ВОЛГИ,12839,13142
2026-09-17 20:00,2026-09-17,20,600000,ОЭС СР. ВОЛГИ,12282,13019
2026-09-17 21:00,2026-09-17,21,600000,ОЭС СР. ВОЛГИ,12102,12560
2026-09-17 22:00,2026-09-17,22,600000,ОЭС СР. ВОЛГИ,11574,12007
2026-09-17 23:00,2026-09-17,23,600000,ОЭС СР. ВОЛГИ,11051,11386
2026-09-18 00:00,2026-09-18,0,600000,ОЭС СР. ВОЛГИ,10654,10853
2026-09-18 01:00,2026-09-18,1,600000,ОЭС СР. ВОЛГИ,10007,10621
2026-09-18 02:00,2026-09-18,2,600000,ОЭС СР. ВОЛГИ,9871,10499
2026-09-18 03:00,2026-09-18,3,600000,ОЭС СР. ВОЛГИ,9629,10438
2026-09-18 04:00,2026-09-18,4,600000,ОЭС СР. ВОЛГИ,9985,10446
2026-09-18 05:00,2026-09-18,5,600000,ОЭС СР. ВОЛГИ,9691,10772
2026-09-18 06:00,2026-09-18,6,600000,ОЭС СР. ВОЛГИ,10472,11164
2026-09-18 07:00,2026-09-18,7,600000,ОЭС СР. ВОЛГИ,10912,11992
2026-09-18 08:00,2026-09-18,8,600000,ОЭС СР. ВОЛГИ,11762,12838
2026-09-18 09:00,2026-09-18,9,600000,ОЭС СР. ВОЛГИ,13133,13157
2026-09-18 10:00,2026-09-18,10,600000,ОЭС СР. ВОЛГИ,13504,13249
2026-09-18 11:00,2026-09-18,11,600000,ОЭС СР. ВОЛГИ,13542,13085
2026-09-18 12:00,2026-09-18,12,600000,ОЭС СР. ВОЛГИ,13365,13087
2026-09-18 13:00,2026-09-18,13,600000,ОЭС СР. ВОЛГИ,13081,13082
2026-09-18 14:00,2026-09-18,14,600000,ОЭС СР. ВОЛГИ,12870,12860
2026-09-18 15:00,2026-09-18,15,600000,ОЭС СР. ВОЛГИ,12773,12938
2026-09-18 16:00,2026-09-18,16,600000,ОЭС СР. ВОЛГИ,13031,12741
2026-09-18 17:00,2026-09-18,17,600000,ОЭС СР. ВОЛГИ,12537,12624
2026-09-18 18:00,2026-09-18,18,600000,ОЭС СР. ВОЛГИ,12674,12591
2026-09-18 19:00,2026-09-18,19,600000,ОЭС СР. ВОЛГИ,12786,12903
2026-09-18 20:00,2026-09-18,20,600000,ОЭС СР. ВОЛГИ,12390,12752
2026-09-18 21:00,2026-09-18,21,600000,ОЭС СР. ВОЛГИ,12226,12504
2026-09-18 22:00,2026-09-18,22,600000,ОЭС СР. ВОЛГИ,11653,12103
2026-09-18 23:00,2026-09-18,23,600000,ОЭС СР. ВОЛГИ,11086,11271
2026-09-19 00:00,2026-09-19,0,600000,ОЭС СР. ВОЛГИ,11691,11070
2026-09-19 01:00,2026-09-19,1,600000,ОЭС СР. ВОЛГИ,9816,10633
2026-09-19 02:00,2026-09-19,2,600000,ОЭС СР. ВОЛГИ,9728,10523
2026-09-19 03:00,2026-09-19,3,600000,ОЭС СР. ВОЛГИ,9729,10514
2026-09-19 04:00,2026-09-19,4,600000,ОЭС СР. ВОЛГИ,9401,10499
2026-09-19 05:00,2026-09-19,5,600000,ОЭС СР. ВОЛГИ,9772,10594
2026-09-19 06:00,2026-09-19,6,600000,ОЭС СР. ВОЛГИ,9497,10657
2026-09-19 07:00,2026-09-19,7,600000,ОЭС СР. ВОЛГИ,9535,11265
2026-09-19 08:00,2026-09-19,8,600000,ОЭС СР. ВОЛГИ,10392,11769
2026-09-19 09:00,2026-09-19,9,600000,ОЭС СР. ВОЛГИ,11424,12383
2026-09-19 10:00,2026-09-19,10,600000,ОЭС СР. ВОЛГИ,11570,12417
2026-09-19 11:00,2026-09-19,11,600000,ОЭС СР. ВОЛГИ,11659,12371
2026-09-19 12:00,2026-09-19,12,600000,ОЭС СР. ВОЛГИ,11801,12483
2026-09-19 13:00,2026-09-19,13,600000,ОЭС СР. ВОЛГИ,11494,12255
2026-09-19 14:00,2026-09-19,14,600000,ОЭС СР. ВОЛГИ,11592,12254
2026-09-19 15:00,2026-09-19,15,600000,ОЭС СР. ВОЛГИ,12274,12200
2026-09-19 16:00,2026-09-19,16,600000,ОЭС СР. ВОЛГИ,12046,12242
2026-09-19 17:00,2026-09-19,17,600000,ОЭС СР. ВОЛГИ,12414,12197
2026-09-19 18:00,2026-09-19,18,600000,ОЭС СР. ВОЛГИ,13133,12297
2026-09-19 19:00,2026-09-19,19,600000,ОЭС СР. ВОЛГИ,13361,12642
2026-09-19 20:00,2026-09-19,20,600000,ОЭС СР. ВОЛГИ,13043,12586
2026-09-19 21:00,2026-09-19,21,600000,ОЭС СР. ВОЛГИ,12424,12244
2026-09-19 22:00,2026-09-19,22,600000,ОЭС СР. ВОЛГИ,11458,11776
2026-09-19 23:00,2026-09-19,23,600000,ОЭС СР. ВОЛГИ,10603,11045
2026-09-20 00:00,2026-09-20,0,600000,ОЭС СР. ВОЛГИ,9938,10578
2026-09-20 01:00,2026-09-20,1,600000,ОЭС СР. ВОЛГИ,9746,10240
2026-09-20 02:00,2026-09-20,2,600000,ОЭС СР. ВОЛГИ,9711,10263
2026-09-20 03:00,2026-09-20,3,600000,ОЭС СР. ВОЛГИ,9524,10136
2026-09-20 04:00,2026-09-20,4,600000,ОЭС СР. ВОЛГИ,9544,10241
2026-09-20 05:00,2026-09-20,5,600000,ОЭС СР. ВОЛГИ,9607,10339
2026-09-20 06:00,2026-09-20,6,600000,ОЭС СР. ВОЛГИ,9568,10246
2026-09-20 07:00,2026-09-20,7,600000,ОЭС СР. ВОЛГИ,9825,10757
2026-09-20 08:00,2026-09-20,8,600000,ОЭС СР. ВОЛГИ,10157,11376
2026-09-20 09:00,2026-09-20,9,600000,ОЭС СР. ВОЛГИ,11411,11835
2026-09-20 10:00,2026-09-20,10,600000,ОЭС СР. ВОЛГИ,12063,12067
2026-09-20 11:00,2026-09-20,11,600000,ОЭС СР. ВОЛГИ,12347,12057
2026-09-20 12:00,2026-09-20,12,600000,ОЭС СР. ВОЛГИ,12240,12148
2026-09-20 13:00,2026-09-20,13,600000,ОЭС СР. ВОЛГИ,12419,12172
2026-09-20 14:00,2026-09-20,14,600000,ОЭС СР. ВОЛГИ,12116,12074
2026-09-20 15:00,2026-09-20,15,600000,ОЭС СР. ВОЛГИ,12288,12003
2026-09-20 16:00,2026-09-20,16,600000,ОЭС СР. ВОЛГИ,12660,12099
2026-09-20 17:00,2026-09-20,17,600000,ОЭС СР. ВОЛГИ,12491,12202
2026-09-20 18:00,2026-09-20,18,600000,ОЭС СР. ВОЛГИ,13214,12398
2026-09-20 19:00,2026-09-20,19,600000,ОЭС СР. ВОЛГИ,13740,12615
2026-09-20 20:00,2026-09-20,20,600000,ОЭС СР. ВОЛГИ,13006,12525
2026-09-20 21:00,2026-09-20,21,600000,ОЭС СР. ВОЛГИ,12135,12015
2026-09-20 22:00,2026-09-20,22,600000,ОЭС СР. ВОЛГИ,11441,11463
2026-09-20 23:00,2026-09-20,23,600000,ОЭС СР. ВОЛГИ,10449,10970
2026-09-21 00:00,2026-09-21,0,600000,ОЭС СР. ВОЛГИ,10339,10513
2026-09-21 01:00,2026-09-21,1,600000,ОЭС СР. ВОЛГИ,10528,10425
2026-09-21 02:00,2026-09-21,2,600000,ОЭС СР. ВОЛГИ,9984,10308
2026-09-21 03:00,2026-09-21,3,600000,ОЭС СР. ВОЛГИ,10118,10183
2026-09-21 04:00,2026-09-21,4,600000,ОЭС СР. ВОЛГИ,10502,10425
2026-09-21 05:00,2026-09-21,5,600000,ОЭС СР. ВОЛГИ,10871,10725
2026-09-21 06:00,2026-09-21,6,600000,ОЭС СР. ВОЛГИ,10991,11125
2026-09-21 07:00,2026-09-21,7,600000,ОЭС СР. ВОЛГИ,11666,12048
2026-09-21 08:00,2026-09-21,8,600000,ОЭС СР. ВОЛГИ,12450,12955
2026-09-21 09:00,2026-09-21,9,600000,ОЭС СР. ВОЛГИ,13678,13366
2026-09-21 10:00,2026-09-21,10,600000,ОЭС СР. ВОЛГИ,13733,13380
2026-09-21 11:00,2026-09-21,11,600000,ОЭС СР. ВОЛГИ,13886,13082
2026-09-21 12:00,2026-09-21,12,600000,ОЭС СР. ВОЛГИ,14401,13317
2026-09-21 13:00,2026-09-21,13,600000,ОЭС СР. ВОЛГИ,13786,13073
2026-09-21 14:00,2026-09-21,14,600000,ОЭС СР. ВОЛГИ,14151,13069
2026-09-21 15:00,2026-09-21,15,600000,ОЭС СР. ВОЛГИ,13746,13012
2026-09-21 16:00,2026-09-21,16,600000,ОЭС СР. ВОЛГИ,14379,12761
2026-09-21 17:00,2026-09-21,17,600000,ОЭС СР. ВОЛГИ,13679,12694
2026-09-21 18:00,2026-09-21,18,600000,ОЭС СР. ВОЛГИ,13517,12802
2026-09-21 19:00,2026-09-21,19,600000,ОЭС СР. ВОЛГИ,14087,12950
2026-09-21 20:00,2026-09-21,20,600000,ОЭС СР. ВОЛГИ,13774,12891
2026-09-21 21:00,2026-09-21,21,600000,ОЭС СР. ВОЛГИ,12798,12415
2026-09-21 22:00,2026-09-21,22,600000,ОЭС СР. ВОЛГИ,12710,11920
2026-09-21 23:00,2026-09-21,23,600000,ОЭС СР. ВОЛГИ,12008,11195
2026-09-22 00:00,2026-09-22,0,600000,ОЭС СР. ВОЛГИ,10887,10805
2026-09-22 01:00,2026-09-22,1,600000,ОЭС СР. ВОЛГИ,10867,10613
2026-09-22 02:00,2026-09-22,2,600000,ОЭС СР. ВОЛГИ,10943,10463
2026-09-22 03:00,2026-09-22,3,600000,ОЭС СР. ВОЛГИ,10747,10420
2026-09-22 04:00,2026-09-22,4,600000,ОЭС СР. ВОЛГИ,10736,10489
2026-09-22 05:00,2026-09-22,5,600000,ОЭС СР. ВОЛГИ,10869,10669
2026-09-22 06:00,2026-09-22,6,600000,ОЭС СР. ВОЛГИ,11824,11207
2026-09-22 07:00,2026-09-22,7,600000,ОЭС СР. ВОЛГИ,12253,12038
2026-09-22 08:00,2026-09-22,8,600000,ОЭС СР. ВОЛГИ,13673,12886
2026-09-22 09:00,2026-09-22,9,600000,ОЭС СР. ВОЛГИ,14375,13178
2026-09-22 10:00,2026-09-22,10,600000,ОЭС СР. ВОЛГИ,14327,13288
2026-09-22 11:00,2026-09-22,11,600000,ОЭС СР. ВОЛГИ,14232,13229
2026-09-22 12:00,2026-09-22,12,600000,ОЭС СР. ВОЛГИ,14003,13072
2026-09-22 13:00,2026-09-22,13,600000,ОЭС СР. ВОЛГИ,14039,13159
2026-09-22 14:00,2026-09-22,14,600000,ОЭС СР. ВОЛГИ,14255,12955
2026-09-22 15:00,2026-09-22,15,600000,ОЭС СР. ВОЛГИ,14231,12881
2026-09-22 16:00,2026-09-22,16,600000,ОЭС СР. ВОЛГИ,14129,12803
2026-09-22 17:00,2026-09-22,17,600000,ОЭС СР. ВОЛГИ,13534,12621
2026-09-22 18:00,2026-09-22,18,600000,ОЭС СР. ВОЛГИ,13436,12893
2026-09-22 19:00,2026-09-22,19,600000,ОЭС СР. ВОЛГИ,14270,13126
2026-09-22 20:00,2026-09-22,20,600000,ОЭС СР. ВОЛГИ,13463,12836
2026-09-22 21:00,2026-09-22,21,600000,ОЭС СР. ВОЛГИ,13119,12423
2026-09-22 22:00,2026-09-22,22,600000,ОЭС СР. ВОЛГИ,12255,11812
2026-09-22 23:00,2026-09-22,23,600000,ОЭС СР. ВОЛГИ,12652,11357
2026-09-23 00:00,2026-09-23,0,600000,ОЭС СР. ВОЛГИ,12268,10799
2026-09-23 01:00,2026-09-23,1,600000,ОЭС СР. ВОЛГИ,10477,10301
2026-09-23 02:00,2026-09-23,2,600000,ОЭС СР. ВОЛГИ,10641,10236
2026-09-23 03:00,2026-09-23,3,600000,ОЭС СР. ВОЛГИ,10509,10361
2026-09-23 04:00,2026-09-23,4,600000,ОЭС СР. ВОЛГИ,10315,10374
2026-09-23 05:00,2026-09-23,5,600000,ОЭС СР. ВОЛГИ,11086,10758
2026-09-23 06:00,2026-09-23,6,600000,ОЭС СР. ВОЛГИ,11728,11345
2026-09-23 07:00,2026-09-23,7,600000,ОЭС СР. ВОЛГИ,11373,11838
2026-09-23 08:00,2026-09-23,8,600000,ОЭС СР. ВОЛГИ,12881,12780
2026-09-23 09:00,2026-09-23,9,600000,ОЭС СР. ВОЛГИ,14047,13162
2026-09-23 10:00,2026-09-23,10,600000,ОЭС СР. ВОЛГИ,13520,13331
2026-09-23 11:00,2026-09-23,11,600000,ОЭС СР. ВОЛГИ,13494,13167
2026-09-23 12:00,2026-09-23,12,600000,ОЭС СР. ВОЛГИ,13513,13025
2026-09-23 13:00,2026-09-23,13,600000,ОЭС СР. ВОЛГИ,13763,13073
2026-09-23 14:00,2026-09-23,14,600000,ОЭС СР. ВОЛГИ,13943,12996
2026-09-23 15:00,2026-09-23,15,600000,ОЭС СР. ВОЛГИ,13369,13002
2026-09-23 16:00,2026-09-23,16,600000,ОЭС СР. ВОЛГИ,13208,12623
2026-09-23 17:00,2026-09-23,17,600000,ОЭС СР. ВОЛГИ,13047,12455
2026-09-23 18:00,2026-09-23,18,600000,ОЭС СР. ВОЛГИ,13244,12723
2026-09-23 19:00,2026-09-23,19,600000,ОЭС СР. ВОЛГИ,13446,12904
2026-09-23 20:00,2026-09-23,20,600000,ОЭС СР. ВОЛГИ,12790,12586
2026-09-23 21:00,2026-09-23,21,600000,ОЭС СР. ВОЛГИ,12062,12178
2026-09-23 22:00,2026-09-23,22,600000,ОЭС СР. ВОЛГИ,12020,11770
2026-09-23 23:00,2026-09-23,23,600000,ОЭС СР. ВОЛГИ,11290,11071
2026-09-24 00:00,2026-09-24,0,600000,ОЭС СР. ВОЛГИ,12028,10773
2026-09-24 01:00,2026-09-24,1,600000,ОЭС СР. ВОЛГИ,11260,10519
2026-09-24 02:00,2026-09-24,2,600000,ОЭС СР. ВОЛГИ,10140,10189
2026-09-24 03:00,2026-09-24,3,600000,ОЭС СР. ВОЛГИ,10394,10183
2026-09-24 04:00,2026-09-24,4,600000,ОЭС СР. ВОЛГИ,10420,10284
2026-09-24 05:00,2026-09-24,5,600000,ОЭС СР. ВОЛГИ,11228,10800
2026-09-24 06:00,2026-09-24,6,600000,ОЭС СР. ВОЛГИ,11296,11039
2026-09-24 07:00,2026-09-24,7,600000,ОЭС СР. ВОЛГИ,11555,12050
2026-09-24 08:00,2026-09-24,8,600000,ОЭС СР. ВОЛГИ,12724,13080
2026-09-24 09:00,2026-09-24,9,600000,ОЭС СР. ВОЛГИ,13915,13141
2026-09-24 10:00,2026-09-24,10,600000,ОЭС СР. ВОЛГИ,13631,13360
2026-09-24 11:00,2026-09-24,11,600000,ОЭС СР. ВОЛГИ,13125,13112
2026-09-24 12:00,2026-09-24,12,600000,ОЭС СР. ВОЛГИ,13356,13213
2026-09-24 13:00,2026-09-24,13,600000,ОЭС СР. ВОЛГИ,13495,13240
2026-09-24 14:00,2026-09-24,14,600000,ОЭС СР. ВОЛГИ,13380,13159
2026-09-24 15:00,2026-09-24,15,600000,ОЭС СР. ВОЛГИ,13193,13132
2026-09-24 16:00,2026-09-24,16,600000,ОЭС СР. ВОЛГИ,13652,13005
2026-09-24 17:00,2026-09-24,17,600000,ОЭС СР. ВОЛГИ,13084,12833
2026-09-24 18:00,2026-09-24,18,600000,ОЭС СР. ВОЛГИ,13615,13110
2026-09-24 19:00,2026-09-24,19,600000,ОЭС СР. ВОЛГИ,13514,13133
2026-09-24 20:00,2026-09-24,20,600000,ОЭС СР. ВОЛГИ,13074,12707
2026-09-24 21:00,2026-09-24,21,600000,ОЭС СР. ВОЛГИ,12730,12360
2026-09-24 22:00,2026-09-24,22,600000,ОЭС СР. ВОЛГИ,12084,11706
2026-09-24 23:00,2026-09-24,23,600000,ОЭС СР. ВОЛГИ,11606,11099
2026-09-25 00:00,2026-09-25,0,600000,ОЭС СР. ВОЛГИ,11832,10848
2026-09-25 01:00,2026-09-25,1,600000,ОЭС СР. ВОЛГИ,10233,10443
2026-09-25 02:00,2026-09-25,2,600000,ОЭС СР. ВОЛГИ,9853,10235
2026-09-25 03:00,2026-09-25,3,600000,ОЭС СР. ВОЛГИ,10080,10266
2026-09-25 04:00,2026-09-25,4,600000,ОЭС СР. ВОЛГИ,10099,10378
2026-09-25 05:00,2026-09-25,5,600000,ОЭС СР. ВОЛГИ,11158,10660
2026-09-25 06:00,2026-09-25,6,600000,ОЭС СР. ВОЛГИ,11691,11189
2026-09-25 07:00,2026-09-25,7,600000,ОЭС СР. ВОЛГИ,12190,12064
2026-09-25 08:00,2026-09-25,8,600000,ОЭС СР. ВОЛГИ,12892,12987
2026-09-25 09:00,2026-09-25,9,600000,ОЭС СР. ВОЛГИ,13771,13358
2026-09-25 10:00,2026-09-25,10,600000,ОЭС СР. ВОЛГИ,13642,13525
2026-09-25 11:00,2026-09-25,11,600000,ОЭС СР. ВОЛГИ,13606,13167
2026-09-25 12:00,2026-09-25,12,600000,ОЭС СР. ВОЛГИ,13292,13298
2026-09-25 13:00,2026-09-25,13,600000,ОЭС СР. ВОЛГИ,13248,13228
2026-09-25 14:00,2026-09-25,14,600000,ОЭС СР. ВОЛГИ,13253,13321
2026-09-25 15:00,2026-09-25,15,600000,ОЭС СР. ВОЛГИ,12880,13073
2026-09-25 16:00,2026-09-25,16,600000,ОЭС СР. ВОЛГИ,13079,12879
2026-09-25 17:00,2026-09-25,17,600000,ОЭС СР. ВОЛГИ,12513,12599
2026-09-25 18:00,2026-09-25,18,600000,ОЭС СР. ВОЛГИ,12624,12884
2026-09-25 19:00,2026-09-25,19,600000,ОЭС СР. ВОЛГИ,12916,12986
2026-09-25 20:00,2026-09-25,20,600000,ОЭС СР. ВОЛГИ,12352,12659
2026-09-25 21:00,2026-09-25,21,600000,ОЭС СР. ВОЛГИ,11757,12291
2026-09-25 22:00,2026-09-25,22,600000,ОЭС СР. ВОЛГИ,11823,11950
2026-09-25 23:00,2026-09-25,23,600000,ОЭС СР. ВОЛГИ,11361,11126
2026-09-26 00:00,2026-09-26,0,600000,ОЭС СР. ВОЛГИ,10544,10830
2026-09-26 01:00,2026-09-26,1,600000,ОЭС СР. ВОЛГИ,9343,10451
2026-09-26 02:00,2026-09-26,2,600000,ОЭС СР. ВОЛГИ,9046,10342
2026-09-26 03:00,2026-09-26,3,600000,ОЭС СР. ВОЛГИ,9412,10405
2026-09-26 04:00,2026-09-26,4,600000,ОЭС СР. ВОЛГИ,8988,10253
2026-09-26 05:00,2026-09-26,5,600000,ОЭС СР. ВОЛГИ,9421,10460
2026-09-26 06:00,2026-09-26,6,600000,ОЭС СР. ВОЛГИ,9399,10484
2026-09-26 07:00,2026-09-26,7,600000,ОЭС СР. ВОЛГИ,9521,11152
2026-09-26 08:00,2026-09-26,8,600000,ОЭС СР. ВОЛГИ,10738,11926
2026-09-26 09:00,2026-09-26,9,600000,ОЭС СР. ВОЛГИ,12325,12359
2026-09-26 10:00,2026-09-26,10,600000,ОЭС СР. ВОЛГИ,11903,12392
2026-09-26 11:00,2026-09-26,11,600000,ОЭС СР. ВОЛГИ,12299,12572
2026-09-26 12:00,2026-09-26,12,600000,ОЭС СР. ВОЛГИ,12038,12461
2026-09-26 13:00,2026-09-26,13,600000,ОЭС СР. ВОЛГИ,11875,12281
2026-09-26 14:00,2026-09-26,14,600000,ОЭС СР. ВОЛГИ,11775,12353
2026-09-26 15:00,2026-09-26,15,600000,ОЭС СР. ВОЛГИ,11533,12306
2026-09-26 16:00,2026-09-26,16,600000,ОЭС СР. ВОЛГИ,10967,12214
2026-09-26 17:00,2026-09-26,17,600000,ОЭС СР. ВОЛГИ,11294,12084
2026-09-26 18:00,2026-09-26,18,600000,ОЭС СР. ВОЛГИ,11829,12465
2026-09-26 19:00,2026-09-26,19,600000,ОЭС СР. ВОЛГИ,11880,12505
2026-09-26 20:00,2026-09-26,20,600000,ОЭС СР. ВОЛГИ,11077,12248
2026-09-26 21:00,2026-09-26,21,600000,ОЭС СР. ВОЛГИ,10640,11993
2026-09-26 22:00,2026-09-26,22,600000,ОЭС СР. ВОЛГИ,9743,11525
2026-09-26 23:00,2026-09-26,23,600000,ОЭС СР. ВОЛГИ,10169,11031
2026-09-27 00:00,2026-09-27,0,600000,ОЭС СР. ВОЛГИ,9981,10631
2026-09-27 01:00,2026-09-27,1,600000,ОЭС СР. ВОЛГИ,9590,10331
2026-09-27 02:00,2026-09-27,2,600000,ОЭС СР. ВОЛГИ,9205,10154
2026-09-27 03:00,2026-09-27,3,600000,ОЭС СР. ВОЛГИ,9564,10194
2026-09-27 04:00,2026-09-27,4,600000,ОЭС СР. ВОЛГИ,9508,10117
2026-09-27 05:00,2026-09-27,5,600000,ОЭС СР. ВОЛГИ,9384,10199
2026-09-27 06:00,2026-09-27,6,600000,ОЭС СР. ВОЛГИ,9357,10324
2026-09-27 07:00,2026-09-27,7,600000,ОЭС СР. ВОЛГИ,9560,10524
2026-09-27 08:00,2026-09-27,8,600000,ОЭС СР. ВОЛГИ,10096,11314
2026-09-27 09:00,2026-09-27,9,600000,ОЭС СР. ВОЛГИ,10114,11727
2026-09-27 10:00,2026-09-27,10,600000,ОЭС СР. ВОЛГИ,10780,12006
2026-09-27 11:00,2026-09-27,11,600000,ОЭС СР. ВОЛГИ,10933,12007
2026-09-27 12:00,2026-09-27,12,600000,ОЭС СР. ВОЛГИ,11091,11879
2026-09-27 13:00,2026-09-27,13,600000,ОЭС СР. ВОЛГИ,10988,12018
2026-09-27 14:00,2026-09-27,14,600000,ОЭС СР. ВОЛГИ,11144,12021
2026-09-27 15:00,2026-09-27,15,600000,ОЭС СР. ВОЛГИ,11360,12047
2026-09-27 16:00,2026-09-27,16,600000,ОЭС СР. ВОЛГИ,11657,11808
2026-09-27 17:00,2026-09-27,17,600000,ОЭС СР. ВОЛГИ,11765,12047
2026-09-27 18:00,2026-09-27,18,600000,ОЭС СР. ВОЛГИ,12191,12530
2026-09-27 19:00,2026-09-27,19,600000,ОЭС СР. ВОЛГИ,12273,12551
2026-09-27 20:00,2026-09-27,20,600000,ОЭС СР. ВОЛГИ,11311,12328
2026-09-27 21:00,2026-09-27,21,600000,ОЭС СР. ВОЛГИ,11390,12048
2026-09-27 22:00,2026-09-27,22,600000,ОЭС СР. ВОЛГИ,10408,11430
2026-09-27 23:00,2026-09-27,23,600000,ОЭС СР. ВОЛГИ,9230,11048
